TIMESTAMP,Pyra1_Wm2_Avg,Pyra2_Wm2_Avg,RECORD,CR1000Temp_C_Avg,DoorOpen_Min,RefCell1_Wm2_Avg,AmbTemp_C_Avg,InvVDVoltage_V_Avg,InvVa_Avg,InvVb_Avg,InvVc_Avg,InvIa_Avg,InvIb_Avg,InvIc_Avg,InvVDCin_Avg,InvIDCin_Avg,InvFreq_Avg,InvPAC_kW_Avg,InvEtot_kWh_Max,InvVPVin_Avg,InvPDC_kW_Avg,InvOpStatus_Avg,InvMainFault_Max,InvDriveFault_Max,InvVoltageFault_Max,InvGridFault_Max,InvTempFault_Max,InvSystemFault_Max,InvSystemWarn_Max,InvPVMStatus_Max,SEWSAmbientTemp_C_Avg,SEWSModuleTemp_C_Avg,SEWSPOAIrrad_Wm2_Avg,PwrMtrIa_Avg,PwrMtrIb_Avg,PwrMtrIc_Avg,PwrMtrFreq_Avg,PwrMtrFreqMin_Min,PwrMtrFreqMax_Max,PwrMtrPhaseRev_Avg,PwrMtrVa_Avg,PwrMtrVb_Avg,PwrMtrVc_Avg,PwrMtrP_kW_Avg,PwrMtrP_kVAR_Avg,PwrMtrP_kVA_Avg,PwrMtrEdel_kWh_Max,PwrMtrErec_kWh_Max,PwrMtrEdel_kVARh_Max,PwrMtrErec_kVARh_Max,PwrMtrPF_Avg,PwrMtrVaTHDMax_Max,PwrMtrVbTHDMax_Max,PwrMtrVcTHDMax_Max,ShuntCurrent_A_Avg_1,ShuntCurrent_A_Avg_2,ShuntCurrent_A_Avg_3,ShuntCurrent_A_Avg_4,ShuntCurrent_A_Avg_5,ShuntCurrent_A_Avg_6,ShuntCurrent_A_Avg_7,ShuntPDC_kW_Avg_1,ShuntPDC_kW_Avg_2,ShuntPDC_kW_Avg_3,ShuntPDC_kW_Avg_4,ShuntPDC_kW_Avg_5,ShuntPDC_kW_Avg_6,ShuntPDC_kW_Avg_7,ShuntEtot_kWh_Max_1,ShuntEtot_kWh_Max_2,ShuntEtot_kWh_Max_3,ShuntEtot_kWh_Max_4,ShuntEtot_kWh_Max_5,ShuntEtot_kWh_Max_6,ShuntEtot_kWh_Max_7,WindSpeedAve_ms,WindDirAve_deg,WindDirStdDev_deg,WindSpeed_ms_Max,WindRef_V_Min,WindHeatStateID_Avg,WindValid_Avg,Battery_V_Min,Battery_A_Avg,Load_A_Avg,ChgState_Min,ChgSource_Min,CkBatt_Max,Qloss_Ah_Max,RTD_C_Avg_1,RTD_C_Avg_2,RTD_C_Avg_3,RTD_C_Avg_4,RTD_C_Avg_5,RTD_C_Avg_6,RTD_C_Avg_7,RTD_C_Avg_8,RTD_C_Avg_9,RTD_C_Avg_10
2016-06-07 00:00:00-05:00,-11.167608,-4.2028584,502034.0,22.52,0.0,0.407,22.51,0.49,274.4,274.0,271.3,0.0,0.0,0.0,1.557,0.0,60.22,0.0,1379347.0,21.78,0.0,0.0,0.0,0.0,0.0,0.0,0.0,0.0,0.0,0.0,21.88,19.61,-0.037,0.0,0.0,0.0,60.0,59.9,74.7,0.0,273.0,273.4,274.0,0.0,0.0,0.0,600.0,1369814.0,41157.0,126333.0,1.0,0.979,0.748,0.921,0.003,0.004,0.005,0.008,0.011,0.008,0.009,0.0,0.0,0.0,0.0,0.0,0.0,0.0,42796.0,43446.0,43023.0,42871.0,43747.0,41516.0,37634.0,0.792,200.0,28.76,1.5,3.528,2.0,-1.0,13.65,0.018,0.219,3.0,2.0,0.0,0.0,19.75,19.66,18.94,19.28,19.43,20.87,19.38,19.27,19.29,29.01
2016-06-07 00:01:00-05:00,-11.167608,-4.2028584,502035.0,22.5,0.0,0.407,22.43,0.471,274.3,273.9,271.2,0.0,0.0,0.0,1.555,0.0,60.16,0.0,1379347.0,21.78,0.0,0.0,0.0,0.0,0.0,0.0,0.0,0.0,0.0,0.0,21.82,19.53,-0.038,0.0,0.0,0.0,60.0,59.9,74.7,0.0,273.0,273.1,274.0,0.0,0.0,0.0,600.0,1369814.0,41157.0,126333.0,1.0,0.979,0.748,0.921,0.003,0.005,0.006,0.007,0.011,0.009,0.009,0.0,0.0,0.0,0.0,0.0,0.0,0.0,42796.0,43446.0,43023.0,42871.0,43747.0,41516.0,37634.0,1.202,208.8,24.61,2.1,3.53,2.0,-1.0,13.65,0.018,0.219,3.0,2.0,0.0,0.0,19.74,19.66,18.9,19.27,19.36,20.85,19.36,19.27,19.27,28.98
2016-06-07 00:02:00-05:00,-11.167608,-4.2028584,502036.0,22.48,0.0,0.407,22.43,0.467,274.7,273.7,271.1,0.0,0.0,0.0,1.466,0.0,60.14,0.0,1379347.0,21.79,0.0,0.0,0.0,0.0,0.0,0.0,0.0,0.0,0.0,0.0,21.82,19.53,-0.038,0.0,0.0,0.0,60.0,59.9,74.7,0.0,273.0,273.0,274.0,0.0,0.0,0.0,600.0,1369814.0,41157.0,126333.0,1.0,0.979,0.748,0.921,0.003,0.004,0.006,0.007,0.011,0.009,0.009,0.0,0.0,0.0,0.0,0.0,0.0,0.0,42796.0,43446.0,43023.0,42871.0,43747.0,41516.0,37634.0,1.115,199.0,12.54,1.8,3.531,2.0,-1.0,13.64,0.018,0.219,3.0,2.0,0.0,0.0,19.74,19.63,18.93,19.27,19.36,20.84,19.31,19.27,19.19,28.93
2016-06-07 00:03:00-05:00,-11.167608,-4.2028584,502037.0,22.47,0.0,0.407,22.37,0.456,274.4,273.9,271.2,0.0,0.0,0.0,1.475,0.0,60.13,0.0,1379347.0,21.79,0.0,0.0,0.0,0.0,0.0,0.0,0.0,0.0,0.0,0.0,21.89,19.57,-0.036,0.0,0.0,0.0,59.97,59.9,74.7,0.0,273.0,273.0,274.0,0.0,0.0,0.0,600.0,1369814.0,41157.0,126333.0,1.0,0.979,0.748,0.921,0.004,0.004,0.007,0.007,0.011,0.008,0.008,0.0,0.0,0.0,0.0,0.0,0.0,0.0,42796.0,43446.0,43023.0,42871.0,43747.0,41516.0,37634.0,1.12,197.0,12.16,1.9,3.53,2.0,-1.0,13.64,0.018,0.219,3.0,2.0,0.0,0.0,19.72,19.57,18.88,19.18,19.35,20.92,19.27,19.18,19.19,28.93
2016-06-07 00:04:00-05:00,-11.167608,-4.2028584,502038.0,22.45,0.0,0.407,22.33,0.427,274.3,273.9,271.3,0.0,0.0,0.0,1.486,0.0,60.14,0.0,1379347.0,21.79,0.0,0.0,0.0,0.0,0.0,0.0,0.0,0.0,0.0,0.0,21.78,19.5,-0.036,0.0,0.0,0.0,60.0,59.9,74.7,0.0,273.0,273.1,274.0,0.0,0.0,0.0,600.0,1369814.0,41157.0,126333.0,1.0,0.979,0.748,0.921,0.005,0.004,0.006,0.008,0.012,0.008,0.009,0.0,0.0,0.0,0.0,0.0,0.0,0.0,42796.0,43446.0,43023.0,42871.0,43747.0,41516.0,37634.0,0.98,188.8,22.3,2.0,3.531,2.0,-1.0,13.65,0.018,0.219,3.0,2.0,0.0,0.0,19.64,19.57,18.82,19.17,19.3,20.93,19.27,19.17,19.18,28.91
2016-06-07 00:05:00-05:00,-11.167608,-4.2028584,502039.0,22.45,0.0,0.407,22.33,0.412,275.1,274.9,271.9,0.0,0.0,0.0,1.48,0.0,60.14,0.0,1379347.0,21.79,0.0,0.0,0.0,0.0,0.0,0.0,0.0,0.0,0.0,0.0,21.79,19.54,-0.038,0.0,0.0,0.0,60.0,59.9,74.7,0.0,274.0,274.6,275.0,0.0,0.0,0.0,600.0,1369814.0,41157.0,126333.0,1.0,0.979,0.748,0.921,0.003,0.004,0.006,0.007,0.011,0.008,0.009,0.0,0.0,0.0,0.0,0.0,0.0,0.0,42796.0,43446.0,43023.0,42871.0,43747.0,41516.0,37634.0,1.063,179.5,27.66,2.0,3.53,2.0,-1.0,13.65,0.018,0.219,3.0,2.0,0.0,0.0,19.72,19.57,18.81,19.24,19.3,20.93,19.27,19.17,19.14,28.83
2016-06-07 00:06:00-05:00,-11.167608,-4.2028584,502040.0,22.42,0.0,0.407,22.25,0.415,275.0,274.5,271.5,0.0,0.0,0.0,1.531,0.0,60.15,0.0,1379347.0,21.78,0.0,0.0,0.0,0.0,0.0,0.0,0.0,0.0,0.0,0.0,21.75,19.5,-0.038,0.0,0.0,0.0,60.0,59.9,74.7,0.0,273.3,274.2,274.9,0.0,0.0,0.0,600.0,1369814.0,41157.0,126333.0,1.0,0.979,0.748,0.921,0.004,0.004,0.006,0.007,0.012,0.008,0.008,0.0,0.0,0.0,0.0,0.0,0.0,0.0,42796.0,43446.0,43023.0,42871.0,43747.0,41516.0,37634.0,1.045,178.4,16.57,1.8,3.53,2.0,-1.0,13.65,0.018,0.219,3.0,2.0,0.0,0.0,19.64,19.5,18.85,19.19,19.28,20.93,19.23,19.07,19.09,28.83
2016-06-07 00:07:00-05:00,-11.167608,-4.2028584,502041.0,22.42,0.0,0.407,22.26,0.415,274.7,274.4,271.3,0.0,0.0,0.0,1.564,0.0,60.14,0.0,1379347.0,21.79,0.0,0.0,0.0,0.0,0.0,0.0,0.0,0.0,0.0,0.0,21.71,19.45,-0.037,0.0,0.0,0.0,60.0,59.9,74.7,0.0,273.3,274.0,274.4,0.0,0.0,0.0,600.0,1369814.0,41157.0,126333.0,1.0,0.979,0.748,0.921,0.004,0.005,0.006,0.007,0.012,0.008,0.008,0.0,0.0,0.0,0.0,0.0,0.0,0.0,42796.0,43446.0,43023.0,42871.0,43747.0,41516.0,37634.0,1.137,192.0,23.16,2.0,3.53,2.0,-1.0,13.65,0.017,0.219,3.0,2.0,0.0,0.0,19.64,19.47,18.8,19.14,19.24,20.93,19.2,19.04,19.09,28.81
2016-06-07 00:08:00-05:00,-11.167608,-4.2028584,502042.0,22.4,0.0,0.407,22.29,0.417,274.7,274.7,271.6,0.0,0.0,0.0,1.581,0.0,60.15,0.0,1379347.0,21.78,0.0,0.0,0.0,0.0,0.0,0.0,0.0,0.0,0.0,0.0,21.73,19.42,-0.036,0.0,0.0,0.0,60.0,59.9,74.7,0.0,274.0,274.0,275.0,0.0,0.0,0.0,600.0,1369814.0,41157.0,126333.0,1.0,0.979,0.748,0.921,0.003,0.004,0.005,0.006,0.011,0.009,0.008,0.0,0.0,0.0,0.0,0.0,0.0,0.0,42796.0,43446.0,43023.0,42871.0,43747.0,41516.0,37634.0,1.198,204.0,14.1,1.7,3.531,2.0,-1.0,13.65,0.017,0.219,3.0,2.0,0.0,0.0,19.61,19.47,18.83,19.14,19.25,20.84,19.23,19.06,19.09,28.83
2016-06-07 00:09:00-05:00,-11.167608,-4.2028584,502043.0,22.39,0.0,0.407,22.36,0.414,274.9,274.6,271.5,0.0,0.0,0.0,1.549,0.0,60.2,0.0,1379347.0,21.78,0.0,0.0,0.0,0.0,0.0,0.0,0.0,0.0,0.0,0.0,21.79,19.4,-0.038,0.0,0.0,0.0,60.0,59.9,74.7,0.0,274.0,274.0,275.0,0.0,0.0,0.0,600.0,1369814.0,41157.0,126333.0,1.0,0.979,0.748,0.921,0.003,0.004,0.007,0.007,0.012,0.007,0.008,0.0,0.0,0.0,0.0,0.0,0.0,0.0,42796.0,43446.0,43023.0,42871.0,43747.0,41516.0,37634.0,0.947,203.6,12.25,1.6,3.53,2.0,-1.0,13.65,0.017,0.219,3.0,2.0,0.0,0.0,19.56,19.45,18.79,19.19,19.27,20.75,19.17,19.07,19.09,28.75
2016-06-07 00:10:00-05:00,-11.167608,-4.2028584,502044.0,22.36,0.0,0.407,22.27,0.418,275.0,274.5,271.5,0.0,0.0,0.0,1.56,0.0,60.2,0.0,1379347.0,21.78,0.0,0.0,0.0,0.0,0.0,0.0,0.0,0.0,0.0,0.0,21.77,19.35,-0.038,0.0,0.0,0.0,60.0,59.9,74.7,0.0,274.0,274.0,275.0,0.0,0.0,0.0,600.0,1369814.0,41157.0,126333.0,1.0,0.979,0.748,0.921,0.003,0.004,0.006,0.007,0.011,0.008,0.008,0.0,0.0,0.0,0.0,0.0,0.0,0.0,42796.0,43446.0,43023.0,42871.0,43747.0,41516.0,37634.0,1.208,199.2,12.49,2.2,3.53,2.0,-1.0,13.65,0.017,0.219,3.0,2.0,0.0,0.0,19.56,19.37,18.71,19.16,19.26,20.64,19.17,19.01,19.07,28.73
2016-06-07 00:11:00-05:00,-11.167608,-4.2028584,502045.0,22.36,0.0,0.407,22.18,0.418,275.2,274.5,271.5,0.0,0.0,0.0,1.571,0.0,60.15,0.0,1379347.0,21.78,0.0,0.0,0.0,0.0,0.0,0.0,0.0,0.0,0.0,0.0,21.66,19.28,-0.038,0.0,0.0,0.0,60.0,59.9,74.7,0.0,274.0,274.0,275.0,0.0,0.0,0.0,600.0,1369814.0,41157.0,126333.0,1.0,0.979,0.748,0.921,0.003,0.004,0.006,0.007,0.012,0.008,0.009,0.0,0.0,0.0,0.0,0.0,0.0,0.0,42796.0,43446.0,43023.0,42871.0,43747.0,41516.0,37634.0,1.523,197.0,18.97,2.9,3.531,2.0,-1.0,13.65,0.017,0.219,3.0,2.0,0.0,0.0,19.47,19.36,18.79,19.13,19.27,20.72,19.24,18.97,19.08,28.68
2016-06-07 00:12:00-05:00,-10.811195,-3.8666298,502046.0,22.34,0.0,0.407,22.25,0.417,274.7,274.8,271.7,0.0,0.0,0.0,1.574,0.0,60.15,0.0,1379347.0,21.79,0.0,0.0,0.0,0.0,0.0,0.0,0.0,0.0,0.0,0.0,21.7,19.31,-0.038,0.0,0.0,0.0,60.0,59.9,74.7,0.0,274.0,274.0,275.0,0.0,0.0,0.0,600.0,1369814.0,41157.0,126333.0,1.0,0.979,0.748,0.921,0.003,0.005,0.006,0.007,0.012,0.009,0.008,0.0,0.0,0.0,0.0,0.0,0.0,0.0,42796.0,43446.0,43023.0,42871.0,43747.0,41516.0,37634.0,1.165,197.2,18.5,2.0,3.53,2.0,-1.0,13.65,0.017,0.219,3.0,2.0,0.0,0.0,19.52,19.39,18.79,19.17,19.25,20.8,19.26,19.04,19.09,28.64
2016-06-07 00:13:00-05:00,-10.692391,-3.8666298,502047.0,22.33,0.0,0.407,22.14,0.402,274.9,274.5,271.5,0.0,0.0,0.0,1.555,0.0,60.14,0.0,1379347.0,21.79,0.0,0.0,0.0,0.0,0.0,0.0,0.0,0.0,0.0,0.0,21.61,19.26,-0.038,0.0,0.0,0.0,60.0,59.9,74.7,0.0,274.0,274.0,275.0,0.0,0.0,0.0,600.0,1369814.0,41157.0,126333.0,1.0,0.979,0.748,0.921,0.003,0.005,0.006,0.008,0.011,0.008,0.008,0.0,0.0,0.0,0.0,0.0,0.0,0.0,42796.0,43446.0,43023.0,42871.0,43747.0,41516.0,37634.0,1.262,186.6,17.91,2.3,3.527,2.0,-1.0,13.65,0.017,0.219,3.0,2.0,0.0,0.0,19.48,19.37,18.79,19.19,19.29,20.74,19.18,19.12,19.03,28.64
2016-06-07 00:14:00-05:00,-10.4547825,-3.8666298,502048.0,22.31,0.0,0.407,22.06,0.405,275.0,274.5,271.5,0.0,0.0,0.0,1.575,0.0,60.14,0.0,1379347.0,21.78,0.0,0.0,0.0,0.0,0.0,0.0,0.0,0.0,0.0,0.0,21.52,19.2,-0.038,0.0,0.0,0.0,60.0,59.9,74.7,0.0,274.0,274.0,275.0,0.0,0.0,0.0,600.0,1369814.0,41157.0,126333.0,1.0,0.979,0.748,0.921,0.003,0.004,0.006,0.006,0.012,0.008,0.008,0.0,0.0,0.0,0.0,0.0,0.0,0.0,42796.0,43446.0,43023.0,42871.0,43747.0,41516.0,37634.0,1.163,195.7,23.49,1.9,3.53,2.0,-1.0,13.64,0.017,0.219,3.0,2.0,0.0,0.0,19.52,19.37,18.79,19.21,19.32,20.67,19.27,19.09,19.01,28.64
2016-06-07 00:15:00-05:00,-10.3359785,-3.8666298,502049.0,22.3,0.0,0.407,22.01,0.413,274.0,273.4,270.6,0.0,0.0,0.0,1.562,0.0,60.15,0.0,1379347.0,21.79,0.0,0.0,0.0,0.0,0.0,0.0,0.0,0.0,0.0,0.0,21.48,19.17,-0.037,0.0,0.0,0.0,60.0,59.9,74.7,0.0,272.6,272.7,273.6,0.0,0.0,0.0,600.0,1369814.0,41157.0,126333.0,1.0,0.979,0.748,0.921,0.003,0.005,0.005,0.007,0.011,0.008,0.008,0.0,0.0,0.0,0.0,0.0,0.0,0.0,42796.0,43446.0,43023.0,42871.0,43747.0,41516.0,37634.0,1.013,188.2,24.73,1.7,3.53,2.0,-1.0,13.65,0.017,0.219,3.0,2.0,0.0,0.0,19.41,19.37,18.79,19.18,19.27,20.64,19.24,19.09,19.0,28.64
2016-06-07 00:16:00-05:00,-10.3359785,-3.8666298,502050.0,22.28,0.0,0.407,22.01,0.411,273.7,272.7,270.2,0.0,0.0,0.0,1.584,0.0,60.14,0.0,1379347.0,21.79,0.0,0.0,0.0,0.0,0.0,0.0,0.0,0.0,0.0,0.0,21.4,19.12,-0.037,0.0,0.0,0.0,60.0,59.9,74.7,0.0,272.0,272.0,273.0,0.0,0.0,0.0,600.0,1369814.0,41157.0,126333.0,1.0,0.979,0.748,0.921,0.003,0.005,0.006,0.007,0.011,0.008,0.009,0.0,0.0,0.0,0.0,0.0,0.0,0.0,42796.0,43446.0,43023.0,42871.0,43747.0,41516.0,37634.0,1.008,194.9,23.36,2.7,3.53,2.0,-1.0,13.65,0.017,0.219,3.0,2.0,0.0,0.0,19.42,19.29,18.79,19.16,19.27,20.61,19.25,19.09,19.0,28.57
2016-06-07 00:17:00-05:00,-10.573587,-3.8666298,502051.0,22.25,0.0,0.407,21.96,0.414,273.4,273.0,270.4,0.0,0.0,0.0,1.596,0.0,60.14,0.0,1379347.0,21.79,0.0,0.0,0.0,0.0,0.0,0.0,0.0,0.0,0.0,0.0,21.34,19.1,-0.038,0.0,0.0,0.0,60.0,59.9,74.7,0.0,272.0,272.3,273.0,0.0,0.0,0.0,600.0,1369814.0,41157.0,126333.0,1.0,0.979,0.748,0.921,0.003,0.004,0.006,0.007,0.011,0.007,0.009,0.0,0.0,0.0,0.0,0.0,0.0,0.0,42796.0,43446.0,43023.0,42871.0,43747.0,41516.0,37634.0,1.272,181.8,16.6,2.2,3.53,2.0,-1.0,13.65,0.017,0.219,3.0,2.0,0.0,0.0,19.41,19.31,18.79,19.18,19.27,20.54,19.24,19.07,19.0,28.54
2016-06-07 00:18:00-05:00,-10.692391,-3.8666298,502052.0,22.25,0.0,0.407,21.91,0.409,273.6,273.0,270.4,0.0,0.0,0.0,1.585,0.0,60.14,0.0,1379347.0,21.79,0.0,0.0,0.0,0.0,0.0,0.0,0.0,0.0,0.0,0.0,21.31,19.1,-0.038,0.0,0.0,0.0,60.0,59.9,74.7,0.0,272.1,273.0,273.3,0.0,0.0,0.0,600.0,1369814.0,41157.0,126333.0,1.0,0.979,0.748,0.921,0.004,0.005,0.005,0.007,0.012,0.008,0.008,0.0,0.0,0.0,0.0,0.0,0.0,0.0,42796.0,43446.0,43023.0,42871.0,43747.0,41516.0,37634.0,1.33,192.0,18.41,2.5,3.53,2.0,-1.0,13.65,0.017,0.219,3.0,2.0,0.0,0.0,19.36,19.27,18.79,19.18,19.27,20.53,19.26,19.1,19.0,28.54
2016-06-07 00:19:00-05:00,-10.3359785,-3.8666298,502053.0,22.23,0.0,0.407,21.88,0.407,273.8,273.0,270.4,0.0,0.0,0.0,1.588,0.0,60.23,0.0,1379347.0,21.79,0.0,0.0,0.0,0.0,0.0,0.0,0.0,0.0,0.0,0.0,21.3,19.13,-0.038,0.0,0.0,0.0,60.0,59.9,74.7,0.0,272.2,273.0,273.9,0.0,0.0,0.0,600.0,1369814.0,41157.0,126333.0,1.0,0.979,0.748,0.921,0.003,0.004,0.006,0.007,0.011,0.008,0.009,0.0,0.0,0.0,0.0,0.0,0.0,0.0,42796.0,43446.0,43023.0,42871.0,43747.0,41516.0,37634.0,1.173,197.0,15.21,1.9,3.528,2.0,-1.0,13.65,0.017,0.219,3.0,2.0,0.0,0.0,19.42,19.27,18.79,19.18,19.29,20.56,19.24,19.06,19.0,28.51
2016-06-07 00:20:00-05:00,-10.3359785,-3.8666298,502054.0,22.22,0.0,0.407,21.84,0.639,273.6,273.1,270.4,0.0,0.0,0.0,1.778,0.0,60.23,0.0,1379347.0,21.79,0.0,0.0,0.0,0.0,0.0,0.0,0.0,0.0,0.0,0.0,21.28,19.12,-0.038,0.0,0.0,0.0,60.0,59.9,74.7,0.0,272.0,273.0,273.8,0.0,0.0,0.0,600.0,1369814.0,41157.0,126333.0,1.0,0.979,0.748,0.921,0.003,0.004,0.006,0.007,0.011,0.008,0.009,0.0,0.0,0.0,0.0,0.0,0.0,0.0,42796.0,43446.0,43023.0,42871.0,43747.0,41516.0,37634.0,1.067,186.6,21.84,2.0,3.53,2.0,-1.0,13.65,0.017,0.219,3.0,2.0,0.0,0.0,19.36,19.27,18.75,19.18,19.27,20.64,19.21,19.06,18.93,28.44
2016-06-07 00:21:00-05:00,-10.692391,-3.8666298,502055.0,22.19,0.0,0.407,21.84,0.443,273.6,273.1,270.5,0.0,0.0,0.0,1.557,0.0,60.21,0.0,1379347.0,21.79,0.0,0.0,0.0,0.0,0.0,0.0,0.0,0.0,0.0,0.0,21.29,19.09,-0.038,0.0,0.0,0.0,60.0,59.9,74.7,0.0,272.4,273.0,274.0,0.0,0.0,0.0,600.0,1369814.0,41157.0,126333.0,1.0,0.979,0.748,0.921,0.003,0.005,0.006,0.007,0.012,0.008,0.008,0.0,0.0,0.0,0.0,0.0,0.0,0.0,42796.0,43446.0,43023.0,42871.0,43747.0,41516.0,37634.0,1.005,197.3,25.47,2.1,3.53,2.0,-1.0,13.64,0.017,0.219,3.0,2.0,0.0,0.0,19.36,19.27,18.69,19.16,19.21,20.64,19.21,19.08,18.9,28.44
2016-06-07 00:22:00-05:00,-10.692391,-3.8666298,502056.0,22.18,0.0,0.407,21.86,0.696,273.9,273.2,270.6,0.0,0.0,0.0,1.857,0.0,60.15,0.0,1379347.0,21.79,0.0,0.0,0.0,0.0,0.0,0.0,0.0,0.0,0.0,0.0,21.27,19.04,-0.038,0.0,0.0,0.0,60.0,59.9,74.7,0.0,273.0,273.0,274.0,0.0,0.0,0.0,600.0,1369814.0,41157.0,126333.0,1.0,0.979,0.748,0.921,0.003,0.005,0.006,0.008,0.011,0.009,0.008,0.0,0.0,0.0,0.0,0.0,0.0,0.0,42796.0,43446.0,43023.0,42871.0,43747.0,41516.0,37634.0,1.185,204.9,26.34,2.6,3.53,2.0,-1.0,13.65,0.017,0.219,3.0,2.0,0.0,0.0,19.31,19.27,18.69,19.1,19.23,20.59,19.21,19.08,18.9,28.44
2016-06-07 00:23:00-05:00,-10.3359785,-3.8666298,502057.0,22.17,0.0,0.407,21.96,0.408,274.3,273.2,270.6,0.0,0.0,0.0,1.594,0.0,60.15,0.0,1379347.0,21.79,0.0,0.0,0.0,0.0,0.0,0.0,0.0,0.0,0.0,0.0,21.32,19.01,-0.038,0.0,0.0,0.0,60.0,59.9,74.7,0.0,273.0,273.0,274.0,0.0,0.0,0.0,600.0,1369814.0,41157.0,126333.0,1.0,0.979,0.748,0.921,0.003,0.005,0.006,0.008,0.011,0.008,0.008,0.0,0.0,0.0,0.0,0.0,0.0,0.0,42796.0,43446.0,43023.0,42871.0,43747.0,41516.0,37634.0,1.175,198.1,16.95,1.9,3.53,2.0,-1.0,13.64,0.017,0.219,3.0,2.0,0.0,0.0,19.26,19.27,18.7,19.18,19.26,20.57,19.26,19.08,18.9,28.42
2016-06-07 00:24:00-05:00,-10.4547825,-3.8666298,502058.0,22.14,0.0,0.407,22.09,0.429,273.9,273.5,270.8,0.0,0.0,0.0,1.596,0.0,60.18,0.0,1379347.0,21.79,0.0,0.0,0.0,0.0,0.0,0.0,0.0,0.0,0.0,0.0,21.46,19.02,-0.038,0.0,0.0,0.0,60.0,59.9,74.7,0.0,273.0,273.0,274.0,0.0,0.0,0.0,600.0,1369814.0,41157.0,126333.0,1.0,0.979,0.748,0.921,0.003,0.004,0.006,0.007,0.011,0.008,0.008,0.0,0.0,0.0,0.0,0.0,0.0,0.0,42796.0,43446.0,43023.0,42871.0,43747.0,41516.0,37634.0,0.933,185.1,16.2,1.6,3.53,2.0,-1.0,13.65,0.017,0.219,3.0,2.0,0.0,0.0,19.29,19.26,18.69,19.11,19.19,20.54,19.16,19.08,18.9,28.34
2016-06-07 00:25:00-05:00,-10.692391,-3.8666298,502059.0,22.14,0.0,0.407,21.99,0.429,274.3,273.3,270.6,0.0,0.0,0.0,1.592,0.0,60.14,0.0,1379347.0,21.78,0.0,0.0,0.0,0.0,0.0,0.0,0.0,0.0,0.0,0.0,21.38,19.04,-0.038,0.0,0.0,0.0,60.0,59.9,74.7,0.0,273.0,273.0,274.0,0.0,0.0,0.0,600.0,1369814.0,41157.0,126333.0,1.0,0.979,0.748,0.921,0.003,0.004,0.006,0.007,0.011,0.008,0.009,0.0,0.0,0.0,0.0,0.0,0.0,0.0,42796.0,43446.0,43023.0,42871.0,43747.0,41516.0,37634.0,0.947,193.6,16.63,1.5,3.53,2.0,-1.0,13.65,0.017,0.219,3.0,2.0,0.0,0.0,19.27,19.23,18.69,19.08,19.13,20.53,19.08,19.0,18.9,28.34
2016-06-07 00:26:00-05:00,-10.93,-3.8666298,502060.0,22.12,0.0,0.407,21.95,0.441,273.4,272.6,269.9,0.0,0.0,0.0,1.605,0.0,60.14,0.0,1379347.0,21.79,0.0,0.0,0.0,0.0,0.0,0.0,0.0,0.0,0.0,0.0,21.29,18.98,-0.037,0.0,0.0,0.0,60.0,59.9,74.7,0.0,272.1,272.1,273.1,0.0,0.0,0.0,600.0,1369814.0,41157.0,126333.0,1.0,0.979,0.748,0.921,0.003,0.004,0.006,0.008,0.011,0.008,0.008,0.0,0.0,0.0,0.0,0.0,0.0,0.0,42796.0,43446.0,43023.0,42871.0,43747.0,41516.0,37634.0,1.055,187.3,15.64,1.6,3.531,2.0,-1.0,13.65,0.017,0.219,3.0,2.0,0.0,0.0,19.26,19.18,18.59,19.04,19.08,20.36,19.08,18.95,18.86,28.3
2016-06-07 00:27:00-05:00,-11.167608,-3.8666298,502061.0,22.1,0.0,0.407,21.81,0.474,272.3,272.3,269.5,0.0,0.0,0.0,1.607,0.0,60.15,0.0,1379347.0,21.79,0.0,0.0,0.0,0.0,0.0,0.0,0.0,0.0,0.0,0.0,21.22,18.99,-0.038,0.0,0.0,0.0,60.0,59.9,74.7,0.0,271.3,272.0,272.3,0.0,0.0,0.0,600.0,1369814.0,41157.0,126333.0,1.0,0.979,0.748,0.921,0.003,0.004,0.005,0.008,0.011,0.008,0.008,0.0,0.0,0.0,0.0,0.0,0.0,0.0,42796.0,43446.0,43023.0,42871.0,43747.0,41516.0,37634.0,1.122,185.7,16.72,1.8,3.528,2.0,-1.0,13.65,0.017,0.219,3.0,2.0,0.0,0.0,19.26,19.18,18.59,18.98,19.08,20.35,19.08,18.88,18.85,28.25
2016-06-07 00:28:00-05:00,-11.048804,-3.8666298,502062.0,22.08,0.0,0.407,21.76,0.522,272.3,272.0,269.3,0.0,0.0,0.0,1.608,0.0,60.19,0.0,1379347.0,21.79,0.0,0.0,0.0,0.0,0.0,0.0,0.0,0.0,0.0,0.0,21.14,18.92,-0.037,0.0,0.0,0.0,60.0,59.9,74.7,0.0,271.0,272.0,272.1,0.0,0.0,0.0,600.0,1369814.0,41157.0,126333.0,1.0,0.979,0.748,0.921,0.003,0.005,0.006,0.007,0.011,0.008,0.008,0.0,0.0,0.0,0.0,0.0,0.0,0.0,42796.0,43446.0,43023.0,42871.0,43747.0,41516.0,37634.0,1.06,185.0,20.15,1.7,3.531,2.0,-1.0,13.65,0.017,0.219,3.0,2.0,0.0,0.0,19.18,19.18,18.58,18.98,19.08,20.3,18.98,18.88,18.8,28.25
2016-06-07 00:29:00-05:00,-11.048804,-3.8666298,502063.0,22.07,0.0,0.407,21.8,0.537,272.3,272.1,269.3,0.0,0.0,0.0,1.608,0.0,60.18,0.0,1379347.0,21.79,0.0,0.0,0.0,0.0,0.0,0.0,0.0,0.0,0.0,0.0,21.15,18.96,-0.038,0.0,0.0,0.0,60.0,59.9,74.7,0.0,271.0,272.0,272.1,0.0,0.0,0.0,600.0,1369814.0,41157.0,126333.0,1.0,0.979,0.748,0.921,0.004,0.004,0.005,0.007,0.011,0.007,0.008,0.0,0.0,0.0,0.0,0.0,0.0,0.0,42796.0,43446.0,43023.0,42871.0,43747.0,41516.0,37634.0,1.157,198.4,8.41,1.6,3.53,2.0,-1.0,13.65,0.017,0.219,3.0,2.0,0.0,0.0,19.21,19.14,18.59,18.98,19.08,20.25,18.98,18.88,18.8,28.26
2016-06-07 00:30:00-05:00,-10.93,-3.8666298,502064.0,22.05,0.0,0.407,21.88,0.54,272.4,272.1,269.3,0.0,0.0,0.0,1.608,0.0,60.23,0.0,1379347.0,21.79,0.0,0.0,0.0,0.0,0.0,0.0,0.0,0.0,0.0,0.0,21.16,18.92,-0.038,0.0,0.0,0.0,60.0,59.9,74.7,0.0,271.0,272.0,272.3,0.0,0.0,0.0,600.0,1369814.0,41157.0,126333.0,1.0,0.979,0.748,0.921,0.003,0.003,0.005,0.007,0.012,0.008,0.008,0.0,0.0,0.0,0.0,0.0,0.0,0.0,42796.0,43446.0,43023.0,42871.0,43747.0,41516.0,37634.0,1.298,191.9,14.72,2.1,3.53,2.0,-1.0,13.64,0.017,0.219,3.0,2.0,0.0,0.0,19.23,19.08,18.59,18.98,19.08,20.25,18.98,18.9,18.8,28.3
2016-06-07 00:31:00-05:00,-10.692391,-3.8666298,502065.0,22.03,0.0,0.407,21.85,0.54,272.1,272.3,269.5,0.0,0.0,0.0,1.608,0.0,60.2,0.0,1379347.0,21.79,0.0,0.0,0.0,0.0,0.0,0.0,0.0,0.0,0.0,0.0,21.14,18.91,-0.038,0.0,0.0,0.0,60.0,59.9,74.7,0.0,271.0,272.0,272.5,0.0,0.0,0.0,600.0,1369814.0,41157.0,126333.0,1.0,0.979,0.748,0.921,0.003,0.004,0.006,0.007,0.011,0.008,0.007,0.0,0.0,0.0,0.0,0.0,0.0,0.0,42796.0,43446.0,43023.0,42871.0,43747.0,41516.0,37634.0,0.897,192.6,16.09,1.5,3.528,2.0,-1.0,13.65,0.017,0.219,3.0,2.0,0.0,0.0,19.16,19.08,18.59,18.98,19.06,20.25,19.01,18.88,18.8,28.18
2016-06-07 00:32:00-05:00,-10.692391,-3.8666298,502066.0,22.02,0.0,0.407,21.81,0.54,272.1,272.2,269.4,0.0,0.0,0.0,1.608,0.0,60.14,0.0,1379347.0,21.79,0.0,0.0,0.0,0.0,0.0,0.0,0.0,0.0,0.0,0.0,21.11,18.92,-0.038,0.0,0.0,0.0,60.0,59.9,74.7,0.0,271.0,272.0,272.2,0.0,0.0,0.0,600.0,1369814.0,41157.0,126333.0,1.0,0.979,0.748,0.921,0.003,0.004,0.006,0.007,0.011,0.008,0.008,0.0,0.0,0.0,0.0,0.0,0.0,0.0,42796.0,43446.0,43023.0,42871.0,43747.0,41516.0,37634.0,1.137,190.0,13.85,1.8,3.528,2.0,-1.0,13.65,0.017,0.219,3.0,2.0,0.0,0.0,19.18,19.08,18.51,18.92,18.98,20.28,18.98,18.88,18.8,28.18
2016-06-07 00:33:00-05:00,-10.692391,-3.8666298,502067.0,22.0,0.0,0.407,21.94,0.54,272.3,272.2,269.4,0.0,0.0,0.0,1.605,0.0,60.15,0.0,1379347.0,21.78,0.0,0.0,0.0,0.0,0.0,0.0,0.0,0.0,0.0,0.0,21.24,19.04,-0.038,0.0,0.0,0.0,60.0,59.9,74.7,0.0,271.0,272.0,272.7,0.0,0.0,0.0,600.0,1369814.0,41157.0,126333.0,1.0,0.979,0.748,0.921,0.003,0.005,0.005,0.007,0.01,0.008,0.008,0.0,0.0,0.0,0.0,0.0,0.0,0.0,42796.0,43446.0,43023.0,42871.0,43747.0,41516.0,37634.0,1.247,189.0,17.0,1.9,3.53,2.0,-1.0,13.65,0.017,0.219,3.0,2.0,0.0,0.0,19.26,19.08,18.49,18.88,18.98,20.25,19.01,18.88,18.8,28.2
2016-06-07 00:34:00-05:00,-10.692391,-3.8666298,502068.0,21.98,0.0,0.407,21.85,0.54,272.7,272.2,269.5,0.0,0.0,0.0,1.608,0.0,60.13,0.0,1379347.0,21.79,0.0,0.0,0.0,0.0,0.0,0.0,0.0,0.0,0.0,0.0,21.22,19.03,-0.038,0.0,0.0,0.0,60.0,59.9,74.7,0.0,271.0,272.0,273.0,0.0,0.0,0.0,600.0,1369814.0,41157.0,126333.0,1.0,0.979,0.748,0.921,0.002,0.004,0.006,0.007,0.011,0.008,0.008,0.0,0.0,0.0,0.0,0.0,0.0,0.0,42796.0,43446.0,43023.0,42871.0,43747.0,41516.0,37634.0,1.168,175.7,25.35,2.9,3.53,2.0,-1.0,13.64,0.017,0.219,3.0,2.0,0.0,0.0,19.26,19.08,18.54,18.88,19.03,20.25,19.03,18.88,18.8,28.2
2016-06-07 00:35:00-05:00,-10.3359785,-3.8666298,502069.0,21.97,0.0,0.407,21.82,0.54,272.5,272.5,269.8,0.0,0.0,0.0,1.614,0.0,60.18,0.0,1379347.0,21.79,0.0,0.0,0.0,0.0,0.0,0.0,0.0,0.0,0.0,0.0,21.17,18.99,-0.038,0.0,0.0,0.0,60.0,59.9,74.7,0.0,271.1,272.0,273.0,0.0,0.0,0.0,600.0,1369814.0,41157.0,126333.0,1.0,0.979,0.748,0.921,0.003,0.005,0.006,0.006,0.011,0.008,0.008,0.0,0.0,0.0,0.0,0.0,0.0,0.0,42796.0,43446.0,43023.0,42871.0,43747.0,41516.0,37634.0,1.045,193.6,16.5,1.6,3.53,2.0,-1.0,13.65,0.017,0.219,3.0,2.0,0.0,0.0,19.26,19.08,18.56,18.95,19.08,20.17,19.01,18.88,18.78,28.14
2016-06-07 00:36:00-05:00,-10.3359785,-3.8666298,502070.0,21.96,0.0,0.407,21.83,0.54,273.0,272.4,269.7,0.0,0.0,0.0,1.608,0.0,60.13,0.0,1379347.0,21.78,0.0,0.0,0.0,0.0,0.0,0.0,0.0,0.0,0.0,0.0,21.19,18.94,-0.037,0.0,0.0,0.0,60.0,59.9,74.7,0.0,271.6,272.0,273.0,0.0,0.0,0.0,600.0,1369814.0,41157.0,126333.0,1.0,0.979,0.748,0.921,0.003,0.005,0.005,0.006,0.011,0.008,0.007,0.0,0.0,0.0,0.0,0.0,0.0,0.0,42796.0,43446.0,43023.0,42871.0,43747.0,41516.0,37634.0,1.163,211.0,16.3,1.8,3.53,2.0,-1.0,13.65,0.017,0.219,3.0,2.0,0.0,0.0,19.21,19.08,18.57,18.96,19.08,20.2,18.98,18.95,18.82,28.1
2016-06-07 00:37:00-05:00,-10.3359785,-3.8666298,502071.0,21.94,0.0,0.407,21.92,0.54,273.0,272.5,269.8,0.0,0.0,0.0,1.608,0.0,60.14,0.0,1379347.0,21.79,0.0,0.0,0.0,0.0,0.0,0.0,0.0,0.0,0.0,0.0,21.34,18.93,-0.037,0.0,0.0,0.0,60.0,59.9,74.7,0.0,272.0,272.0,273.0,0.0,0.0,0.0,600.0,1369814.0,41157.0,126333.0,1.0,0.979,0.748,0.921,0.004,0.004,0.005,0.007,0.011,0.008,0.008,0.0,0.0,0.0,0.0,0.0,0.0,0.0,42796.0,43446.0,43023.0,42871.0,43747.0,41516.0,37634.0,1.113,210.2,16.06,1.9,3.53,2.0,-1.0,13.65,0.017,0.219,3.0,2.0,0.0,0.0,19.24,19.08,18.58,18.93,19.08,20.19,19.01,18.96,18.8,28.14
2016-06-07 00:38:00-05:00,-10.3359785,-3.8666298,502072.0,21.92,0.0,0.407,22.2,0.54,272.7,272.8,270.0,0.0,0.0,0.0,1.608,0.0,60.22,0.0,1379347.0,21.79,0.0,0.0,0.0,0.0,0.0,0.0,0.0,0.0,0.0,0.0,21.65,19.04,-0.038,0.0,0.0,0.0,60.0,59.9,74.7,0.0,272.0,272.0,273.0,0.0,0.0,0.0,600.0,1369814.0,41157.0,126333.0,1.0,0.979,0.748,0.921,0.003,0.004,0.006,0.007,0.011,0.007,0.008,0.0,0.0,0.0,0.0,0.0,0.0,0.0,42796.0,43446.0,43023.0,42871.0,43747.0,41516.0,37634.0,0.997,225.2,19.97,1.6,3.53,2.0,-1.0,13.65,0.017,0.219,3.0,2.0,0.0,0.0,19.26,19.08,18.53,18.88,19.08,20.18,18.95,18.92,18.8,28.16
2016-06-07 00:39:00-05:00,-10.3359785,-3.8666298,502073.0,21.92,0.0,0.407,22.15,0.54,273.6,273.0,270.3,0.0,0.0,0.0,1.608,0.0,60.23,0.0,1379347.0,21.79,0.0,0.0,0.0,0.0,0.0,0.0,0.0,0.0,0.0,0.0,21.6,19.02,-0.038,0.0,0.0,0.0,60.0,59.9,74.7,0.0,272.4,272.8,273.7,0.0,0.0,0.0,600.0,1369814.0,41157.0,126333.0,1.0,0.979,0.748,0.921,0.003,0.004,0.006,0.007,0.01,0.008,0.009,0.0,0.0,0.0,0.0,0.0,0.0,0.0,42796.0,43446.0,43023.0,42871.0,43747.0,41516.0,37634.0,0.987,194.0,11.79,1.4,3.53,2.0,-1.0,13.65,0.017,0.219,3.0,2.0,0.0,0.0,19.26,19.11,18.56,18.88,18.98,20.17,18.96,18.88,18.77,28.06
2016-06-07 00:40:00-05:00,-10.3359785,-3.8666298,502074.0,21.9,0.0,0.407,22.14,0.54,273.8,272.9,270.2,0.0,0.0,0.0,1.608,0.0,60.23,0.0,1379347.0,21.79,0.0,0.0,0.0,0.0,0.0,0.0,0.0,0.0,0.0,0.0,21.52,19.01,-0.036,0.0,0.0,0.0,60.0,59.9,74.7,0.0,272.0,272.9,273.0,0.0,0.0,0.0,600.0,1369814.0,41157.0,126333.0,1.0,0.979,0.748,0.921,0.003,0.004,0.006,0.006,0.01,0.007,0.008,0.0,0.0,0.0,0.0,0.0,0.0,0.0,42796.0,43446.0,43023.0,42871.0,43747.0,41516.0,37634.0,1.338,214.0,21.35,2.3,3.53,2.0,-1.0,13.65,0.017,0.219,3.0,2.0,0.0,0.0,19.26,19.08,18.56,18.92,19.0,20.15,18.95,18.88,18.8,28.02
2016-06-07 00:41:00-05:00,-10.3359785,-3.8666298,502075.0,21.89,0.0,0.407,22.1,0.54,273.4,272.9,270.2,0.0,0.0,0.0,1.607,0.0,60.16,0.0,1379347.0,21.79,0.0,0.0,0.0,0.0,0.0,0.0,0.0,0.0,0.0,0.0,21.49,18.99,-0.036,0.0,0.0,0.0,60.0,59.9,74.7,0.0,272.0,272.0,273.0,0.0,0.0,0.0,600.0,1369814.0,41157.0,126333.0,1.0,0.979,0.748,0.921,0.003,0.005,0.005,0.007,0.01,0.008,0.009,0.0,0.0,0.0,0.0,0.0,0.0,0.0,42796.0,43446.0,43023.0,42871.0,43747.0,41516.0,37634.0,1.273,203.0,12.9,2.0,3.53,2.0,-1.0,13.65,0.017,0.219,3.0,2.0,0.0,0.0,19.26,19.08,18.59,18.95,19.06,20.15,19.05,18.92,18.82,28.04
2016-06-07 00:42:00-05:00,-10.3359785,-3.7545533,502076.0,21.86,0.0,0.407,22.06,0.54,273.5,272.9,270.3,0.0,0.0,0.0,1.608,0.0,60.14,0.0,1379347.0,21.79,0.0,0.0,0.0,0.0,0.0,0.0,0.0,0.0,0.0,0.0,21.48,19.02,-0.038,0.0,0.0,0.0,60.0,59.9,74.7,0.0,272.0,272.5,273.0,0.0,0.0,0.0,600.0,1369814.0,41157.0,126333.0,1.0,0.979,0.748,0.921,0.003,0.004,0.005,0.008,0.011,0.008,0.008,0.0,0.0,0.0,0.0,0.0,0.0,0.0,42796.0,43446.0,43023.0,42871.0,43747.0,41516.0,37634.0,1.047,208.4,16.62,1.7,3.53,2.0,-1.0,13.65,0.017,0.219,3.0,2.0,0.0,0.0,19.26,19.08,18.59,18.98,19.08,20.15,19.06,18.95,18.83,28.01
2016-06-07 00:43:00-05:00,-10.3359785,-3.7545533,502077.0,21.86,0.0,0.407,22.06,0.54,273.3,273.1,270.5,0.0,0.0,0.0,1.608,0.0,60.15,0.0,1379347.0,21.79,0.0,0.0,0.0,0.0,0.0,0.0,0.0,0.0,0.0,0.0,21.43,18.97,-0.038,0.0,0.0,0.0,60.0,59.9,74.7,0.0,272.0,273.0,273.1,0.0,0.0,0.0,600.0,1369814.0,41157.0,126333.0,1.0,0.979,0.748,0.921,0.003,0.004,0.005,0.006,0.011,0.007,0.008,0.0,0.0,0.0,0.0,0.0,0.0,0.0,42796.0,43446.0,43023.0,42871.0,43747.0,41516.0,37634.0,0.878,199.6,20.75,1.7,3.528,2.0,-1.0,13.65,0.017,0.219,3.0,2.0,0.0,0.0,19.19,19.08,18.59,18.97,19.05,20.15,18.98,18.88,18.87,27.96
2016-06-07 00:44:00-05:00,-10.3359785,-3.6424768,502078.0,21.84,0.0,0.407,21.98,0.54,273.4,273.2,270.5,0.0,0.0,0.0,1.614,0.0,60.15,0.0,1379347.0,21.78,0.0,0.0,0.0,0.0,0.0,0.0,0.0,0.0,0.0,0.0,21.43,18.98,-0.038,0.0,0.0,0.0,60.0,59.9,74.7,0.0,272.3,273.0,273.5,0.0,0.0,0.0,600.0,1369814.0,41157.0,126333.0,1.0,0.979,0.748,0.921,0.003,0.004,0.005,0.007,0.011,0.007,0.008,0.0,0.0,0.0,0.0,0.0,0.0,0.0,42796.0,43446.0,43023.0,42871.0,43747.0,41516.0,37634.0,1.15,212.4,16.66,2.3,3.53,2.0,-1.0,13.65,0.017,0.219,3.0,2.0,0.0,0.0,19.16,19.11,18.59,18.98,19.08,20.13,19.03,18.92,18.89,27.96
2016-06-07 00:45:00-05:00,-10.3359785,-3.6424768,502079.0,21.83,0.0,0.407,21.96,0.54,273.8,273.0,270.4,0.0,0.0,0.0,1.608,0.0,60.22,0.0,1379347.0,21.79,0.0,0.0,0.0,0.0,0.0,0.0,0.0,0.0,0.0,0.0,21.41,18.97,-0.038,0.0,0.0,0.0,60.0,59.9,74.7,0.0,272.6,273.0,274.0,0.0,0.0,0.0,600.0,1369814.0,41157.0,126333.0,1.0,0.979,0.748,0.921,0.003,0.004,0.006,0.007,0.011,0.008,0.008,0.0,0.0,0.0,0.0,0.0,0.0,0.0,42796.0,43446.0,43023.0,42871.0,43747.0,41516.0,37634.0,0.982,204.4,21.01,2.1,3.53,2.0,-1.0,13.65,0.017,0.219,3.0,2.0,0.0,0.0,19.16,19.13,18.59,18.96,19.05,20.15,19.03,18.88,18.85,27.96
2016-06-07 00:46:00-05:00,-10.3359785,-3.7545533,502080.0,21.81,0.0,0.407,21.92,0.54,273.6,273.1,270.4,0.0,0.0,0.0,1.608,0.0,60.21,0.0,1379347.0,21.78,0.0,0.0,0.0,0.0,0.0,0.0,0.0,0.0,0.0,0.0,21.4,18.95,-0.038,0.0,0.0,0.0,60.0,59.9,74.7,0.0,272.4,273.0,273.8,0.0,0.0,0.0,600.0,1369814.0,41157.0,126333.0,1.0,0.979,0.748,0.921,0.003,0.004,0.006,0.007,0.01,0.008,0.007,0.0,0.0,0.0,0.0,0.0,0.0,0.0,42796.0,43446.0,43023.0,42871.0,43747.0,41516.0,37634.0,0.92,199.4,19.45,1.7,3.53,2.0,-1.0,13.65,0.017,0.219,3.0,2.0,0.0,0.0,19.16,19.11,18.62,18.93,19.05,20.13,19.06,18.88,18.89,27.96
2016-06-07 00:47:00-05:00,-10.3359785,-3.8666298,502081.0,21.81,0.0,0.407,21.88,0.54,273.9,273.1,270.4,0.0,0.0,0.0,1.616,0.0,60.22,0.0,1379347.0,21.79,0.0,0.0,0.0,0.0,0.0,0.0,0.0,0.0,0.0,0.0,21.32,18.9,-0.037,0.0,0.0,0.0,60.0,59.9,74.7,0.0,272.9,273.0,274.0,0.0,0.0,0.0,600.0,1369814.0,41157.0,126333.0,1.0,0.979,0.748,0.921,0.003,0.004,0.005,0.007,0.01,0.008,0.008,0.0,0.0,0.0,0.0,0.0,0.0,0.0,42796.0,43446.0,43023.0,42871.0,43747.0,41516.0,37634.0,0.91,188.5,22.66,1.8,3.53,2.0,-1.0,13.65,0.017,0.218,3.0,2.0,0.0,0.0,19.16,19.09,18.57,18.88,18.98,20.05,18.96,18.88,18.84,27.96
2016-06-07 00:48:00-05:00,-10.3359785,-3.8666298,502082.0,21.75,0.0,0.407,21.94,0.54,273.9,273.1,270.5,0.0,0.0,0.0,1.608,0.0,60.22,0.0,1379347.0,21.79,0.0,0.0,0.0,0.0,0.0,0.0,0.0,0.0,0.0,0.0,21.38,18.94,-0.038,0.0,0.0,0.0,60.0,59.9,74.7,0.0,273.0,273.0,274.0,0.0,0.0,0.0,600.0,1369814.0,41157.0,126333.0,1.0,0.979,0.748,0.921,0.003,0.003,0.006,0.007,0.011,0.007,0.008,0.0,0.0,0.0,0.0,0.0,0.0,0.0,42796.0,43446.0,43023.0,42871.0,43747.0,41516.0,37634.0,1.033,209.1,22.3,2.0,3.527,2.0,-1.0,13.65,0.017,0.219,3.0,2.0,0.0,0.0,19.19,19.09,18.51,18.88,18.98,20.05,18.96,18.88,18.81,27.88
2016-06-07 00:49:00-05:00,-10.4547825,-3.8666298,502083.0,21.75,0.0,0.407,22.13,0.54,274.0,273.2,270.5,0.0,0.0,0.0,1.608,0.0,60.22,0.0,1379347.0,21.79,0.0,0.0,0.0,0.0,0.0,0.0,0.0,0.0,0.0,0.0,21.63,19.11,-0.037,0.0,0.0,0.0,60.0,59.9,74.7,0.0,273.0,273.0,274.0,0.0,0.0,0.0,600.0,1369814.0,41157.0,126333.0,1.0,0.979,0.748,0.921,0.003,0.004,0.006,0.006,0.011,0.007,0.008,0.0,0.0,0.0,0.0,0.0,0.0,0.0,42796.0,43446.0,43023.0,42871.0,43747.0,41516.0,37634.0,0.857,198.8,35.9,1.5,3.528,2.0,-1.0,13.65,0.034,0.218,3.0,2.0,0.0,0.0,19.28,19.15,18.49,18.82,18.98,20.05,18.88,18.87,18.79,27.86
2016-06-07 00:50:00-05:00,-10.692391,-3.8666298,502084.0,21.72,0.0,0.407,22.15,0.54,273.7,273.3,270.5,0.0,0.0,0.0,1.608,0.0,60.22,0.0,1379347.0,21.79,0.0,0.0,0.0,0.0,0.0,0.0,0.0,0.0,0.0,0.0,21.66,19.15,-0.038,0.0,0.0,0.0,60.0,59.9,74.7,0.0,273.0,273.0,274.0,0.0,0.0,0.0,600.0,1369814.0,41157.0,126333.0,1.0,0.979,0.748,0.921,0.003,0.004,0.005,0.007,0.01,0.007,0.008,0.0,0.0,0.0,0.0,0.0,0.0,0.0,42796.0,43446.0,43023.0,42871.0,43747.0,41516.0,37634.0,1.247,202.2,15.48,2.4,3.53,2.0,-1.0,13.68,0.021,0.218,3.0,2.0,0.0,0.0,19.29,19.16,18.49,18.79,18.98,19.97,18.88,18.79,18.81,27.86
2016-06-07 00:51:00-05:00,-10.692391,-3.8666298,502085.0,21.72,0.0,0.407,21.97,0.54,273.7,273.3,270.6,0.0,0.0,0.0,1.608,0.0,60.21,0.0,1379347.0,21.79,0.0,0.0,0.0,0.0,0.0,0.0,0.0,0.0,0.0,0.0,21.46,18.99,-0.038,0.0,0.0,0.0,60.0,59.9,74.7,0.0,273.0,273.0,274.0,0.0,0.0,0.0,600.0,1369814.0,41157.0,126333.0,1.0,0.979,0.748,0.921,0.002,0.004,0.005,0.007,0.011,0.008,0.007,0.0,0.0,0.0,0.0,0.0,0.0,0.0,42796.0,43446.0,43023.0,42871.0,43747.0,41516.0,37634.0,1.162,202.5,12.79,2.5,3.53,2.0,-1.0,13.68,0.019,0.218,3.0,2.0,0.0,0.0,19.21,19.17,18.49,18.79,18.97,19.96,18.88,18.79,18.81,27.85
2016-06-07 00:52:00-05:00,-10.573587,-3.8666298,502086.0,21.7,0.0,0.407,21.89,0.54,274.1,273.2,270.5,0.0,0.0,0.0,1.608,0.0,60.22,0.0,1379347.0,21.79,0.0,0.0,0.0,0.0,0.0,0.0,0.0,0.0,0.0,0.0,21.34,18.94,-0.038,0.0,0.0,0.0,60.0,59.9,74.7,0.0,273.0,273.0,274.0,0.0,0.0,0.0,600.0,1369814.0,41157.0,126333.0,1.0,0.979,0.748,0.921,0.003,0.004,0.005,0.007,0.011,0.007,0.008,0.0,0.0,0.0,0.0,0.0,0.0,0.0,42796.0,43446.0,43023.0,42871.0,43747.0,41516.0,37634.0,1.352,212.7,16.21,2.2,3.53,2.0,-1.0,13.68,0.019,0.218,3.0,2.0,0.0,0.0,19.16,19.17,18.49,18.79,18.93,19.96,18.92,18.82,18.81,27.77
2016-06-07 00:53:00-05:00,-10.3359785,-3.8666298,502087.0,21.7,0.0,0.407,21.99,0.54,273.7,273.4,270.7,0.0,0.0,0.0,1.61,0.0,60.21,0.0,1379347.0,21.79,0.0,0.0,0.0,0.0,0.0,0.0,0.0,0.0,0.0,0.0,21.52,18.98,-0.037,0.0,0.0,0.0,60.0,59.9,74.7,0.0,273.0,273.0,274.0,0.0,0.0,0.0,600.0,1369814.0,41157.0,126333.0,1.0,0.979,0.748,0.921,0.003,0.003,0.005,0.007,0.011,0.008,0.009,0.0,0.0,0.0,0.0,0.0,0.0,0.0,42796.0,43446.0,43023.0,42871.0,43747.0,41516.0,37634.0,1.438,215.2,18.02,2.7,3.53,2.0,-1.0,13.68,0.019,0.218,3.0,2.0,0.0,0.0,19.23,19.18,18.49,18.8,18.98,20.01,18.88,18.83,18.81,27.77
2016-06-07 00:54:00-05:00,-10.3359785,-3.8666298,502088.0,21.67,0.0,0.407,22.2,0.54,274.0,273.4,270.7,0.0,0.0,0.0,1.608,0.0,60.21,0.0,1379347.0,21.79,0.0,0.0,0.0,0.0,0.0,0.0,0.0,0.0,0.0,0.0,21.73,19.13,-0.038,0.0,0.0,0.0,60.0,59.9,74.7,0.0,273.0,273.0,274.0,0.0,0.0,0.0,600.0,1369814.0,41157.0,126333.0,1.0,0.979,0.748,0.921,0.003,0.004,0.006,0.007,0.01,0.008,0.008,0.0,0.0,0.0,0.0,0.0,0.0,0.0,42796.0,43446.0,43023.0,42871.0,43747.0,41516.0,37634.0,1.542,205.4,12.17,2.7,3.53,2.0,-1.0,13.68,0.019,0.218,3.0,2.0,0.0,0.0,19.26,19.18,18.53,18.88,19.03,20.05,19.0,18.88,18.9,27.77
2016-06-07 00:55:00-05:00,-10.3359785,-3.8666298,502089.0,21.67,0.0,0.407,22.1,0.54,274.1,273.5,270.9,0.0,0.0,0.0,1.608,0.0,60.23,0.0,1379347.0,21.79,0.0,0.0,0.0,0.0,0.0,0.0,0.0,0.0,0.0,0.0,21.56,19.03,-0.037,0.0,0.0,0.0,60.0,59.9,74.7,0.0,273.0,273.0,274.0,0.0,0.0,0.0,600.0,1369814.0,41157.0,126333.0,1.0,0.979,0.748,0.921,0.003,0.004,0.005,0.006,0.01,0.008,0.008,0.0,0.0,0.0,0.0,0.0,0.0,0.0,42796.0,43446.0,43023.0,42871.0,43747.0,41516.0,37634.0,1.157,198.8,15.76,1.9,3.531,2.0,-1.0,13.68,0.018,0.218,3.0,2.0,0.0,0.0,19.26,19.18,18.59,18.88,18.98,20.05,19.06,18.85,18.9,27.75
2016-06-07 00:56:00-05:00,-10.3359785,-3.8666298,502090.0,21.67,0.0,0.407,22.02,0.54,274.4,273.5,270.8,0.0,0.0,0.0,1.608,0.0,60.21,0.0,1379347.0,21.79,0.0,0.0,0.0,0.0,0.0,0.0,0.0,0.0,0.0,0.0,21.49,18.96,-0.037,0.0,0.0,0.0,60.0,59.9,74.7,0.0,273.0,273.0,274.0,0.0,0.0,0.0,600.0,1369814.0,41157.0,126333.0,1.0,0.979,0.748,0.921,0.003,0.004,0.006,0.007,0.011,0.007,0.008,0.0,0.0,0.0,0.0,0.0,0.0,0.0,42796.0,43446.0,43023.0,42871.0,43747.0,41516.0,37634.0,1.102,207.1,13.01,1.9,3.53,2.0,-1.0,13.68,0.018,0.218,3.0,2.0,0.0,0.0,19.18,19.15,18.59,18.88,19.01,20.05,19.0,18.82,18.89,27.67
2016-06-07 00:57:00-05:00,-10.3359785,-3.8666298,502091.0,21.65,0.0,0.407,22.05,0.54,273.9,273.7,271.0,0.0,0.0,0.0,1.612,0.0,60.16,0.0,1379347.0,21.79,0.0,0.0,0.0,0.0,0.0,0.0,0.0,0.0,0.0,0.0,21.5,18.92,-0.038,0.0,0.0,0.0,60.0,59.9,74.7,0.0,273.0,273.0,274.0,0.0,0.0,0.0,600.0,1369814.0,41157.0,126333.0,1.0,0.979,0.748,0.921,0.003,0.004,0.005,0.007,0.011,0.007,0.008,0.0,0.0,0.0,0.0,0.0,0.0,0.0,42796.0,43446.0,43023.0,42871.0,43747.0,41516.0,37634.0,1.755,221.8,22.76,3.2,3.53,2.0,-1.0,13.68,0.018,0.218,3.0,2.0,0.0,0.0,19.16,19.14,18.59,18.88,19.05,20.07,18.93,18.88,18.89,27.67
2016-06-07 00:58:00-05:00,-10.3359785,-3.8666298,502092.0,21.64,0.0,0.407,22.03,0.535,274.3,273.5,270.8,0.0,0.0,0.0,1.608,0.0,60.19,0.0,1379347.0,21.79,0.0,0.0,0.0,0.0,0.0,0.0,0.0,0.0,0.0,0.0,21.53,18.91,-0.038,0.0,0.0,0.0,60.0,59.9,74.7,0.0,273.0,273.0,274.0,0.0,0.0,0.0,600.0,1369814.0,41157.0,126333.0,1.0,0.979,0.748,0.921,0.002,0.004,0.006,0.006,0.01,0.007,0.008,0.0,0.0,0.0,0.0,0.0,0.0,0.0,42796.0,43446.0,43023.0,42871.0,43747.0,41516.0,37634.0,1.555,200.9,11.28,2.2,3.53,2.0,-1.0,13.68,0.018,0.218,3.0,2.0,0.0,0.0,19.16,19.18,18.59,18.88,19.03,20.11,18.96,18.88,18.9,27.67
2016-06-07 00:59:00-05:00,-10.3359785,-3.8666298,502093.0,21.62,0.0,0.407,22.06,0.523,274.0,273.5,270.9,0.0,0.0,0.0,1.61,0.0,60.14,0.0,1379347.0,21.79,0.0,0.0,0.0,0.0,0.0,0.0,0.0,0.0,0.0,0.0,21.54,18.88,-0.038,0.0,0.0,0.0,60.0,59.9,74.7,0.0,273.0,273.0,274.0,0.0,0.0,0.0,600.0,1369814.0,41157.0,126333.0,1.0,0.979,0.748,0.921,0.002,0.005,0.006,0.006,0.011,0.007,0.007,0.0,0.0,0.0,0.0,0.0,0.0,0.0,42796.0,43446.0,43023.0,42871.0,43747.0,41516.0,37634.0,1.022,218.5,22.88,2.2,3.531,2.0,-1.0,13.68,0.018,0.218,3.0,2.0,0.0,0.0,19.11,19.1,18.59,18.88,19.03,20.07,18.98,18.88,18.9,27.62
2016-06-07 01:00:00-05:00,-10.3359785,-3.8666298,502094.0,21.62,0.0,0.407,22.15,0.508,273.9,273.5,270.8,0.0,0.0,0.0,1.608,0.0,60.15,0.0,1379347.0,21.79,0.0,0.0,0.0,0.0,0.0,0.0,0.0,0.0,0.0,0.0,21.64,18.98,-0.037,0.0,0.0,0.0,60.0,59.9,74.7,0.0,273.0,273.0,274.0,0.0,0.0,0.0,600.0,1369814.0,41157.0,126333.0,1.0,0.979,0.748,0.921,0.003,0.004,0.006,0.008,0.011,0.007,0.008,0.0,0.0,0.0,0.0,0.0,0.0,0.0,42796.0,43446.0,43023.0,42871.0,43747.0,41516.0,37634.0,1.208,204.9,16.43,2.9,3.53,2.0,-1.0,13.68,0.018,0.218,3.0,2.0,0.0,0.0,19.16,19.13,18.59,18.88,18.98,20.05,18.93,18.93,18.9,27.57
2016-06-07 01:01:00-05:00,-10.3359785,-3.8666298,502095.0,21.61,0.0,0.407,22.13,0.465,274.2,273.4,270.7,0.0,0.0,0.0,1.608,0.0,60.14,0.0,1379347.0,21.79,0.0,0.0,0.0,0.0,0.0,0.0,0.0,0.0,0.0,0.0,21.63,18.93,-0.038,0.0,0.0,0.0,60.0,59.9,74.7,0.0,273.0,273.0,274.0,0.0,0.0,0.0,600.0,1369814.0,41157.0,126333.0,1.0,0.979,0.748,0.921,0.003,0.003,0.004,0.007,0.011,0.008,0.008,0.0,0.0,0.0,0.0,0.0,0.0,0.0,42796.0,43446.0,43023.0,42871.0,43747.0,41516.0,37634.0,0.87,208.7,16.93,1.3,3.53,2.0,-1.0,13.68,0.018,0.218,3.0,2.0,0.0,0.0,19.16,19.09,18.54,18.83,18.91,20.02,18.92,18.82,18.84,27.57
2016-06-07 01:02:00-05:00,-10.3359785,-3.8666298,502096.0,21.59,0.0,0.407,22.13,0.436,274.1,273.4,270.8,0.0,0.0,0.0,1.607,0.0,60.18,0.0,1379347.0,21.79,0.0,0.0,0.0,0.0,0.0,0.0,0.0,0.0,0.0,0.0,21.58,18.88,-0.037,0.0,0.0,0.0,60.0,59.9,74.7,0.0,273.0,273.0,274.0,0.0,0.0,0.0,600.0,1369814.0,41157.0,126333.0,1.0,0.979,0.748,0.921,0.004,0.004,0.005,0.007,0.01,0.007,0.009,0.0,0.0,0.0,0.0,0.0,0.0,0.0,42796.0,43446.0,43023.0,42871.0,43747.0,41516.0,37634.0,0.873,214.8,17.14,1.8,3.53,2.0,-1.0,13.68,0.018,0.218,3.0,2.0,0.0,0.0,19.11,19.03,18.49,18.79,18.88,19.96,18.87,18.74,18.81,27.57
2016-06-07 01:03:00-05:00,-10.3359785,-3.8666298,502097.0,21.58,0.0,0.407,22.09,0.443,274.4,273.3,270.7,0.0,0.0,0.0,1.608,0.0,60.14,0.0,1379347.0,21.8,0.0,0.0,0.0,0.0,0.0,0.0,0.0,0.0,0.0,0.0,21.55,18.82,-0.038,0.0,0.0,0.0,60.0,59.9,74.7,0.0,273.0,273.0,274.0,0.0,0.0,0.0,600.0,1369814.0,41157.0,126333.0,1.0,0.979,0.748,0.921,0.003,0.003,0.005,0.006,0.011,0.007,0.007,0.0,0.0,0.0,0.0,0.0,0.0,0.0,42796.0,43446.0,43023.0,42871.0,43747.0,41516.0,37634.0,0.805,216.1,26.26,1.3,3.53,2.0,-1.0,13.68,0.018,0.218,3.0,2.0,0.0,0.0,19.06,19.04,18.44,18.74,18.87,19.87,18.8,18.77,18.76,27.57
2016-06-07 01:04:00-05:00,-10.692391,-3.8666298,502098.0,21.56,0.0,0.407,22.19,0.453,274.1,273.5,270.8,0.0,0.0,0.0,1.608,0.0,60.14,0.0,1379347.0,21.79,0.0,0.0,0.0,0.0,0.0,0.0,0.0,0.0,0.0,0.0,21.65,18.85,-0.038,0.0,0.0,0.0,60.0,59.9,74.7,0.0,273.0,273.0,274.0,0.0,0.0,0.0,600.0,1369814.0,41157.0,126333.0,1.0,0.979,0.748,0.921,0.003,0.004,0.005,0.006,0.01,0.007,0.007,0.0,0.0,0.0,0.0,0.0,0.0,0.0,42796.0,43446.0,43023.0,42871.0,43747.0,41516.0,37634.0,0.943,241.2,25.65,1.8,3.528,2.0,-1.0,13.68,0.018,0.218,3.0,2.0,0.0,0.0,19.06,18.99,18.41,18.69,18.82,19.86,18.74,18.69,18.71,27.57
2016-06-07 01:05:00-05:00,-10.573587,-3.8666298,502099.0,21.56,0.0,0.407,22.15,0.429,274.0,273.7,271.0,0.0,0.0,0.0,1.608,0.0,60.15,0.0,1379347.0,21.79,0.0,0.0,0.0,0.0,0.0,0.0,0.0,0.0,0.0,0.0,21.55,18.85,-0.038,0.0,0.0,0.0,60.0,59.9,74.7,0.0,273.0,273.0,274.0,0.0,0.0,0.0,600.0,1369814.0,41157.0,126333.0,1.0,0.979,0.748,0.921,0.003,0.004,0.006,0.007,0.01,0.008,0.008,0.0,0.0,0.0,0.0,0.0,0.0,0.0,42796.0,43446.0,43023.0,42871.0,43747.0,41516.0,37634.0,1.38,211.8,16.73,2.1,3.53,2.0,-1.0,13.68,0.018,0.218,3.0,2.0,0.0,0.0,19.06,19.09,18.46,18.71,18.87,19.88,18.85,18.72,18.71,27.57
2016-06-07 01:06:00-05:00,-10.3359785,-3.8666298,502100.0,21.54,0.0,0.407,22.13,0.431,274.1,273.7,271.1,0.0,0.0,0.0,1.608,0.0,60.15,0.0,1379347.0,21.78,0.0,0.0,0.0,0.0,0.0,0.0,0.0,0.0,0.0,0.0,21.58,18.75,-0.038,0.0,0.0,0.0,60.0,59.9,74.7,0.0,273.0,273.0,274.0,0.0,0.0,0.0,600.0,1369814.0,41157.0,126333.0,1.0,0.979,0.748,0.921,0.004,0.003,0.005,0.007,0.01,0.008,0.007,0.0,0.0,0.0,0.0,0.0,0.0,0.0,42796.0,43446.0,43023.0,42871.0,43747.0,41516.0,37634.0,0.577,244.4,39.54,1.1,3.53,2.0,-1.0,13.68,0.018,0.218,3.0,2.0,0.0,0.0,18.98,19.09,18.49,18.75,18.85,19.86,18.79,18.82,18.79,27.47
2016-06-07 01:07:00-05:00,-10.573587,-3.8666298,502101.0,21.53,0.0,0.407,22.1,0.434,274.4,273.7,271.1,0.0,0.0,0.0,1.608,0.0,60.14,0.0,1379347.0,21.79,0.0,0.0,0.0,0.0,0.0,0.0,0.0,0.0,0.0,0.0,21.6,18.69,-0.038,0.0,0.0,0.0,60.0,59.9,74.7,0.0,273.0,273.0,274.0,0.0,0.0,0.0,600.0,1369814.0,41157.0,126333.0,1.0,0.979,0.748,0.921,0.003,0.003,0.005,0.006,0.01,0.007,0.007,0.0,0.0,0.0,0.0,0.0,0.0,0.0,42796.0,43446.0,43023.0,42871.0,43747.0,41516.0,37634.0,0.403,245.6,28.6,0.9,3.53,2.0,-1.0,13.68,0.018,0.218,3.0,2.0,0.0,0.0,18.92,18.98,18.44,18.69,18.83,19.84,18.7,18.74,18.68,27.47
2016-06-07 01:08:00-05:00,-10.811195,-3.978706,502102.0,21.52,0.0,0.407,22.01,0.409,274.6,273.8,271.1,0.0,0.0,0.0,1.608,0.0,60.14,0.0,1379347.0,21.78,0.0,0.0,0.0,0.0,0.0,0.0,0.0,0.0,0.0,0.0,21.52,18.65,-0.038,0.0,0.0,0.0,60.0,59.9,74.7,0.0,273.0,273.0,274.0,0.0,0.0,0.0,600.0,1369814.0,41157.0,126333.0,1.0,0.979,0.748,0.921,0.002,0.004,0.005,0.007,0.01,0.007,0.008,0.0,0.0,0.0,0.0,0.0,0.0,0.0,42796.0,43446.0,43023.0,42871.0,43747.0,41516.0,37634.0,0.792,238.7,23.78,1.5,3.531,2.0,-1.0,13.68,0.018,0.218,3.0,2.0,0.0,0.0,18.87,18.89,18.34,18.65,18.69,19.76,18.59,18.64,18.61,27.47
2016-06-07 01:09:00-05:00,-11.167608,-4.2028584,502103.0,21.51,0.0,0.407,22.0,0.412,274.7,273.7,271.2,0.0,0.0,0.0,1.608,0.0,60.14,0.0,1379347.0,21.78,0.0,0.0,0.0,0.0,0.0,0.0,0.0,0.0,0.0,0.0,21.48,18.56,-0.037,0.0,0.0,0.0,60.0,59.9,74.7,0.0,273.0,273.0,274.0,0.0,0.0,0.0,600.0,1369814.0,41157.0,126333.0,1.0,0.979,0.748,0.921,0.003,0.004,0.005,0.006,0.011,0.007,0.008,0.0,0.0,0.0,0.0,0.0,0.0,0.0,42796.0,43446.0,43023.0,42871.0,43747.0,41516.0,37634.0,0.94,246.9,10.99,1.4,3.53,2.0,-1.0,13.68,0.018,0.218,3.0,2.0,0.0,0.0,18.85,18.83,18.3,18.56,18.64,19.73,18.51,18.58,18.6,27.47
2016-06-07 01:10:00-05:00,-11.167608,-4.4270105,502104.0,21.5,0.0,0.407,22.02,0.402,274.6,273.8,271.2,0.0,0.0,0.0,1.608,0.0,60.14,0.0,1379347.0,21.79,0.0,0.0,0.0,0.0,0.0,0.0,0.0,0.0,0.0,0.0,21.52,18.5,-0.036,0.0,0.0,0.0,60.0,59.9,74.7,0.0,273.0,273.1,274.0,0.0,0.0,0.0,600.0,1369814.0,41157.0,126333.0,1.0,0.979,0.748,0.921,0.003,0.004,0.005,0.006,0.01,0.007,0.008,0.0,0.0,0.0,0.0,0.0,0.0,0.0,42796.0,43446.0,43023.0,42871.0,43747.0,41516.0,37634.0,0.793,241.6,19.81,1.8,3.531,2.0,-1.0,13.68,0.018,0.218,3.0,2.0,0.0,0.0,18.77,18.83,18.3,18.49,18.59,19.73,18.49,18.58,18.56,27.44
2016-06-07 01:11:00-05:00,-11.048804,-4.539087,502105.0,21.48,0.0,0.407,21.97,0.425,274.7,273.9,271.3,0.0,0.0,0.0,1.608,0.0,60.15,0.0,1379347.0,21.79,0.0,0.0,0.0,0.0,0.0,0.0,0.0,0.0,0.0,0.0,21.5,18.5,-0.037,0.0,0.0,0.0,60.0,59.9,74.7,0.0,273.1,273.9,274.2,0.0,0.0,0.0,600.0,1369814.0,41157.0,126333.0,1.0,0.979,0.748,0.921,0.002,0.004,0.006,0.007,0.009,0.007,0.007,0.0,0.0,0.0,0.0,0.0,0.0,0.0,42796.0,43446.0,43023.0,42871.0,43747.0,41516.0,37634.0,1.053,226.9,18.48,1.6,3.531,2.0,-1.0,13.68,0.018,0.218,3.0,2.0,0.0,0.0,18.77,18.89,18.3,18.58,18.59,19.78,18.49,18.67,18.56,27.38
2016-06-07 01:12:00-05:00,-10.811195,-4.4270105,502106.0,21.46,0.0,0.407,22.04,0.423,274.8,273.9,271.3,0.0,0.0,0.0,1.608,0.0,60.15,0.0,1379347.0,21.79,0.0,0.0,0.0,0.0,0.0,0.0,0.0,0.0,0.0,0.0,21.54,18.49,-0.037,0.0,0.0,0.0,60.0,59.9,74.7,0.0,273.1,273.9,274.1,0.0,0.0,0.0,600.0,1369814.0,41157.0,126333.0,1.0,0.979,0.748,0.921,0.002,0.004,0.005,0.005,0.01,0.007,0.008,0.0,0.0,0.0,0.0,0.0,0.0,0.0,42796.0,43446.0,43023.0,42871.0,43747.0,41516.0,37634.0,0.865,257.0,22.33,1.3,3.53,2.0,-1.0,13.68,0.017,0.218,3.0,2.0,0.0,0.0,18.77,18.86,18.3,18.59,18.69,19.79,18.49,18.69,18.55,27.38
2016-06-07 01:13:00-05:00,-10.692391,-4.539087,502107.0,21.45,0.0,0.407,22.05,0.421,274.6,274.0,271.3,0.0,0.0,0.0,1.608,0.0,60.19,0.0,1379347.0,21.79,0.0,0.0,0.0,0.0,0.0,0.0,0.0,0.0,0.0,0.0,21.59,18.53,-0.036,0.0,0.0,0.0,60.0,59.9,74.7,0.0,273.2,273.9,274.1,0.0,0.0,0.0,600.0,1369814.0,41157.0,126333.0,1.0,0.979,0.748,0.921,0.002,0.004,0.006,0.007,0.01,0.007,0.008,0.0,0.0,0.0,0.0,0.0,0.0,0.0,42796.0,43446.0,43023.0,42871.0,43747.0,41516.0,37634.0,0.865,261.2,27.13,1.2,3.53,2.0,-1.0,13.68,0.017,0.218,3.0,2.0,0.0,0.0,18.77,18.88,18.3,18.59,18.69,19.86,18.44,18.77,18.51,27.38
2016-06-07 01:14:00-05:00,-10.93,-4.539087,502108.0,21.44,0.0,0.407,22.03,0.44,274.8,273.9,271.2,0.0,0.0,0.0,1.61,0.0,60.22,0.0,1379347.0,21.79,0.0,0.0,0.0,0.0,0.0,0.0,0.0,0.0,0.0,0.0,21.54,18.5,-0.037,0.0,0.0,0.0,60.0,59.9,74.7,0.0,273.3,273.9,274.0,0.0,0.0,0.0,600.0,1369814.0,41157.0,126333.0,1.0,0.979,0.748,0.921,0.003,0.004,0.005,0.006,0.01,0.007,0.007,0.0,0.0,0.0,0.0,0.0,0.0,0.0,42796.0,43446.0,43023.0,42871.0,43747.0,41516.0,37634.0,0.968,254.9,20.18,1.9,3.53,2.0,-1.0,13.68,0.017,0.218,3.0,2.0,0.0,0.0,18.74,18.84,18.25,18.49,18.67,19.76,18.36,18.69,18.51,27.38
2016-06-07 01:15:00-05:00,-11.048804,-4.539087,502109.0,21.42,0.0,0.407,22.14,0.43,274.8,274.0,271.2,0.0,0.0,0.0,1.608,0.0,60.15,0.0,1379347.0,21.79,0.0,0.0,0.0,0.0,0.0,0.0,0.0,0.0,0.0,0.0,21.73,18.66,-0.037,0.0,0.0,0.0,60.0,59.9,74.7,0.0,273.4,274.0,274.0,0.0,0.0,0.0,600.0,1369814.0,41157.0,126333.0,1.0,0.979,0.748,0.921,0.002,0.004,0.005,0.006,0.01,0.007,0.007,0.0,0.0,0.0,0.0,0.0,0.0,0.0,42796.0,43446.0,43023.0,42871.0,43747.0,41516.0,37634.0,2.277,248.9,21.76,20.9,,2.0,-1.0,13.68,0.017,0.218,3.0,2.0,0.0,0.0,18.85,18.83,18.17,18.51,18.64,19.78,18.3,18.76,18.58,27.36
2016-06-07 01:16:00-05:00,-10.573587,-4.539087,502110.0,21.4,0.0,0.407,22.15,0.415,274.9,274.0,271.3,0.0,0.0,0.0,1.608,0.0,60.17,0.0,1379347.0,21.79,0.0,0.0,0.0,0.0,0.0,0.0,0.0,0.0,0.0,0.0,21.74,18.85,-0.037,0.0,0.0,0.0,60.0,59.9,74.7,0.0,273.6,274.0,274.0,0.0,0.0,0.0,600.0,1369814.0,41157.0,126333.0,1.0,0.979,0.748,0.921,0.003,0.003,0.006,0.005,0.011,0.007,0.007,0.0,0.0,0.0,0.0,0.0,0.0,0.0,42796.0,43446.0,43023.0,42871.0,43747.0,41516.0,37634.0,1.76,241.5,12.18,2.4,3.53,2.0,-1.0,13.68,0.017,0.218,3.0,2.0,0.0,0.0,18.97,18.99,18.28,18.59,18.75,19.86,18.48,18.88,18.68,27.38
2016-06-07 01:17:00-05:00,-10.3359785,-4.4270105,502111.0,21.4,0.0,0.407,22.19,0.375,274.9,273.9,271.3,0.0,0.0,0.0,1.608,0.0,60.15,0.0,1379347.0,21.79,0.0,0.0,0.0,0.0,0.0,0.0,0.0,0.0,0.0,0.0,21.72,18.83,-0.038,0.0,0.0,0.0,60.0,59.9,74.7,0.0,273.8,274.0,274.1,0.0,0.0,0.0,600.0,1369814.0,41157.0,126333.0,1.0,0.979,0.748,0.921,0.003,0.004,0.005,0.006,0.011,0.007,0.008,0.0,0.0,0.0,0.0,0.0,0.0,0.0,42796.0,43446.0,43023.0,42871.0,43747.0,41516.0,37634.0,1.027,230.6,18.21,1.7,3.53,2.0,-1.0,13.68,0.017,0.218,3.0,2.0,0.0,0.0,18.97,18.99,18.4,18.59,18.83,19.86,18.51,18.85,18.71,27.31
2016-06-07 01:18:00-05:00,-10.3359785,-4.2028584,502112.0,21.38,0.0,0.407,22.14,0.389,274.7,274.1,271.5,0.0,0.0,0.0,1.608,0.0,60.18,0.0,1379347.0,21.79,0.0,0.0,0.0,0.0,0.0,0.0,0.0,0.0,0.0,0.0,21.62,18.79,-0.038,0.0,0.0,0.0,60.0,59.9,74.7,0.0,274.0,274.0,274.9,0.0,0.0,0.0,600.0,1369814.0,41157.0,126333.0,1.0,0.979,0.748,0.921,0.002,0.004,0.005,0.006,0.01,0.007,0.007,0.0,0.0,0.0,0.0,0.0,0.0,0.0,42796.0,43446.0,43023.0,42871.0,43747.0,41516.0,37634.0,0.795,238.7,15.85,1.2,3.53,2.0,-1.0,13.68,0.017,0.218,3.0,2.0,0.0,0.0,18.97,18.94,18.36,18.59,18.77,19.81,18.49,18.74,18.68,27.28
2016-06-07 01:19:00-05:00,-10.3359785,-4.2028584,502113.0,21.37,0.0,0.407,22.01,0.371,274.7,274.1,271.4,0.0,0.0,0.0,1.608,0.0,60.19,0.0,1379347.0,21.79,0.0,0.0,0.0,0.0,0.0,0.0,0.0,0.0,0.0,0.0,21.55,18.68,-0.037,0.0,0.0,0.0,60.0,59.9,74.7,0.0,273.9,274.0,274.4,0.0,0.0,0.0,600.0,1369814.0,41157.0,126333.0,1.0,0.979,0.748,0.921,0.003,0.005,0.005,0.005,0.011,0.007,0.008,0.0,0.0,0.0,0.0,0.0,0.0,0.0,42796.0,43446.0,43023.0,42871.0,43747.0,41516.0,37634.0,0.883,224.6,16.81,1.2,3.53,2.0,-1.0,13.68,0.017,0.218,3.0,2.0,0.0,0.0,18.87,18.89,18.3,18.59,18.69,19.81,18.49,18.69,18.61,27.28
2016-06-07 01:20:00-05:00,-10.692391,-4.2028584,502114.0,21.35,0.0,0.407,22.11,0.36,274.8,274.0,271.3,0.0,0.0,0.0,1.608,0.0,60.22,0.0,1379347.0,21.79,0.0,0.0,0.0,0.0,0.0,0.0,0.0,0.0,0.0,0.0,21.63,18.73,-0.037,0.0,0.0,0.0,60.0,59.9,74.7,0.0,273.4,274.0,274.2,0.0,0.0,0.0,600.0,1369814.0,41157.0,126333.0,1.0,0.979,0.748,0.921,0.002,0.004,0.004,0.006,0.011,0.007,0.008,0.0,0.0,0.0,0.0,0.0,0.0,0.0,42796.0,43446.0,43023.0,42871.0,43747.0,41516.0,37634.0,1.255,233.1,12.37,1.9,3.53,2.0,-1.0,13.68,0.017,0.218,3.0,2.0,0.0,0.0,18.87,18.96,18.3,18.59,18.7,19.88,18.49,18.67,18.61,27.28
2016-06-07 01:21:00-05:00,-10.692391,-4.2028584,502115.0,21.34,0.0,0.407,22.09,0.376,274.6,274.0,271.3,0.0,0.0,0.0,1.608,0.0,60.18,0.0,1379347.0,21.79,0.0,0.0,0.0,0.0,0.0,0.0,0.0,0.0,0.0,0.0,21.58,18.71,-0.038,0.0,0.0,0.0,60.0,59.9,74.7,0.0,273.2,273.9,274.0,0.0,0.0,0.0,600.0,1369814.0,41157.0,126333.0,1.0,0.979,0.748,0.921,0.002,0.004,0.006,0.006,0.01,0.007,0.007,0.0,0.0,0.0,0.0,0.0,0.0,0.0,42796.0,43446.0,43023.0,42871.0,43747.0,41516.0,37634.0,0.932,244.0,16.63,1.6,3.53,2.0,-1.0,13.68,0.017,0.218,3.0,2.0,0.0,0.0,18.87,18.92,18.3,18.59,18.69,19.88,18.49,18.67,18.61,27.23
2016-06-07 01:22:00-05:00,-10.692391,-4.2028584,502116.0,21.34,0.0,0.407,22.02,0.394,274.8,274.1,271.4,0.0,0.0,0.0,1.608,0.0,60.23,0.0,1379347.0,21.78,0.0,0.0,0.0,0.0,0.0,0.0,0.0,0.0,0.0,0.0,21.49,18.67,-0.038,0.0,0.0,0.0,60.0,59.9,74.7,0.0,273.9,274.0,274.7,0.0,0.0,0.0,600.0,1369814.0,41157.0,126333.0,1.0,0.979,0.748,0.921,0.003,0.004,0.004,0.006,0.011,0.007,0.007,0.0,0.0,0.0,0.0,0.0,0.0,0.0,42796.0,43446.0,43023.0,42871.0,43747.0,41516.0,37634.0,1.035,228.0,35.41,2.0,3.53,2.0,-1.0,13.68,0.017,0.218,3.0,2.0,0.0,0.0,18.84,18.89,18.3,18.53,18.7,19.93,18.49,18.59,18.61,27.18
2016-06-07 01:23:00-05:00,-10.692391,-4.2028584,502117.0,21.31,0.0,0.407,21.99,0.375,274.9,274.1,271.5,0.0,0.0,0.0,1.608,0.0,60.23,0.0,1379347.0,21.8,0.0,0.0,0.0,0.0,0.0,0.0,0.0,0.0,0.0,0.0,21.45,18.59,-0.038,0.0,0.0,0.0,60.0,59.9,74.7,0.0,274.0,274.0,275.0,0.0,0.0,0.0,600.0,1369814.0,41157.0,126333.0,1.0,0.979,0.748,0.921,0.003,0.003,0.005,0.006,0.01,0.007,0.007,0.0,0.0,0.0,0.0,0.0,0.0,0.0,42796.0,43446.0,43023.0,42871.0,43747.0,41516.0,37634.0,0.587,256.0,14.92,0.9,3.53,2.0,-1.0,13.68,0.017,0.218,3.0,2.0,0.0,0.0,18.77,18.83,18.3,18.49,18.69,19.84,18.49,18.59,18.61,27.18
2016-06-07 01:24:00-05:00,-10.692391,-4.2028584,502118.0,21.31,0.0,0.407,22.0,0.414,274.8,274.2,271.5,0.0,0.0,0.0,1.608,0.0,60.15,0.0,1379347.0,21.79,0.0,0.0,0.0,0.0,0.0,0.0,0.0,0.0,0.0,0.0,21.49,18.6,-0.038,0.0,0.0,0.0,60.0,59.9,74.7,0.0,274.0,274.0,275.0,0.0,0.0,0.0,600.0,1369814.0,41157.0,126333.0,1.0,0.979,0.748,0.921,0.003,0.004,0.005,0.006,0.011,0.008,0.007,0.0,0.0,0.0,0.0,0.0,0.0,0.0,42796.0,43446.0,43023.0,42871.0,43747.0,41516.0,37634.0,0.977,254.7,16.0,1.5,3.53,2.0,-1.0,13.68,0.017,0.218,3.0,2.0,0.0,0.0,18.77,18.79,18.3,18.49,18.64,19.87,18.49,18.61,18.53,27.18
2016-06-07 01:25:00-05:00,-10.692391,-4.2028584,502119.0,21.29,0.0,0.407,21.94,0.402,275.1,274.2,271.5,0.0,0.0,0.0,1.608,0.0,60.21,0.0,1379347.0,21.79,0.0,0.0,0.0,0.0,0.0,0.0,0.0,0.0,0.0,0.0,21.45,18.57,-0.037,0.0,0.0,0.0,60.0,59.9,74.7,0.0,274.0,274.0,275.0,0.0,0.0,0.0,600.0,1369814.0,41157.0,126333.0,1.0,0.979,0.748,0.921,0.002,0.003,0.005,0.006,0.011,0.006,0.007,0.0,0.0,0.0,0.0,0.0,0.0,0.0,42796.0,43446.0,43023.0,42871.0,43747.0,41516.0,37634.0,0.552,233.4,8.7,0.8,3.53,2.0,-1.0,13.68,0.017,0.218,3.0,2.0,0.0,0.0,18.77,18.71,18.3,18.53,18.59,19.88,18.49,18.69,18.45,27.18
2016-06-07 01:26:00-05:00,-10.811195,-4.3149343,502120.0,21.29,0.0,0.407,21.91,0.388,274.9,274.4,271.8,0.0,0.0,0.0,1.61,0.0,60.21,0.0,1379347.0,21.79,0.0,0.0,0.0,0.0,0.0,0.0,0.0,0.0,0.0,0.0,21.46,18.56,-0.038,0.0,0.0,0.0,60.0,59.9,74.7,0.0,274.0,274.0,275.0,0.0,0.0,0.0,600.0,1369814.0,41157.0,126333.0,1.0,0.979,0.748,0.921,0.003,0.004,0.005,0.006,0.009,0.007,0.007,0.0,0.0,0.0,0.0,0.0,0.0,0.0,42796.0,43446.0,43023.0,42871.0,43747.0,41516.0,37634.0,0.667,224.8,23.24,1.1,3.528,2.0,-1.0,13.68,0.017,0.218,3.0,2.0,0.0,0.0,18.76,18.69,18.25,18.48,18.59,19.75,18.44,18.69,18.42,27.18
2016-06-07 01:27:00-05:00,-11.167608,-4.539087,502121.0,21.27,0.0,0.407,22.05,0.399,275.1,274.3,271.7,0.0,0.0,0.0,1.608,0.0,60.2,0.0,1379347.0,21.79,0.0,0.0,0.0,0.0,0.0,0.0,0.0,0.0,0.0,0.0,21.56,18.62,-0.038,0.0,0.0,0.0,60.0,59.9,74.7,0.0,274.0,274.0,275.0,0.0,0.0,0.0,600.0,1369814.0,41157.0,126333.0,1.0,0.979,0.748,0.921,0.002,0.005,0.005,0.006,0.01,0.007,0.007,0.0,0.0,0.0,0.0,0.0,0.0,0.0,42796.0,43446.0,43023.0,42871.0,43747.0,41516.0,37634.0,1.09,247.0,19.77,2.1,3.53,2.0,-1.0,13.68,0.017,0.218,3.0,2.0,0.0,0.0,18.79,18.69,18.15,18.4,18.59,19.74,18.34,18.66,18.4,27.18
2016-06-07 01:28:00-05:00,-11.048804,-4.539087,502122.0,21.26,0.0,0.407,22.07,0.42,274.9,274.4,271.8,0.0,0.0,0.0,1.608,0.0,60.22,0.0,1379347.0,21.78,0.0,0.0,0.0,0.0,0.0,0.0,0.0,0.0,0.0,0.0,21.62,18.66,-0.037,0.0,0.0,0.0,60.0,59.9,74.7,0.0,274.0,274.0,275.0,0.0,0.0,0.0,600.0,1369814.0,41157.0,126333.0,1.0,0.979,0.748,0.921,0.002,0.004,0.005,0.006,0.01,0.007,0.007,0.0,0.0,0.0,0.0,0.0,0.0,0.0,42796.0,43446.0,43023.0,42871.0,43747.0,41516.0,37634.0,1.142,243.7,13.7,1.8,3.531,2.0,-1.0,13.68,0.017,0.218,3.0,2.0,0.0,0.0,18.85,18.69,18.18,18.4,18.56,19.81,18.34,18.62,18.42,27.18
2016-06-07 01:29:00-05:00,-10.811195,-4.539087,502123.0,21.23,0.0,0.407,22.09,0.431,275.2,274.3,271.6,0.0,0.0,0.0,1.608,0.0,60.15,0.0,1379347.0,21.79,0.0,0.0,0.0,0.0,0.0,0.0,0.0,0.0,0.0,0.0,21.59,18.68,-0.038,0.0,0.0,0.0,60.0,59.9,74.7,0.0,274.0,274.0,275.0,0.0,0.0,0.0,600.0,1369814.0,41157.0,126333.0,1.0,0.979,0.748,0.921,0.002,0.004,0.004,0.006,0.01,0.008,0.007,0.0,0.0,0.0,0.0,0.0,0.0,0.0,42796.0,43446.0,43023.0,42871.0,43747.0,41516.0,37634.0,0.917,232.8,19.19,1.2,3.53,2.0,-1.0,13.68,0.017,0.218,3.0,2.0,0.0,0.0,18.87,18.69,18.1,18.4,18.51,19.75,18.3,18.59,18.42,27.1
2016-06-07 01:30:00-05:00,-10.93,-4.539087,502124.0,21.23,0.0,0.407,22.06,0.423,275.1,274.4,271.7,0.0,0.0,0.0,1.608,0.0,60.14,0.0,1379347.0,21.78,0.0,0.0,0.0,0.0,0.0,0.0,0.0,0.0,0.0,0.0,21.52,18.6,-0.038,0.0,0.0,0.0,60.0,59.9,74.7,0.0,274.0,274.0,275.0,0.0,0.0,0.0,600.0,1369814.0,41157.0,126333.0,1.0,0.979,0.748,0.921,0.002,0.003,0.004,0.005,0.01,0.007,0.007,0.0,0.0,0.0,0.0,0.0,0.0,0.0,42796.0,43446.0,43023.0,42871.0,43747.0,41516.0,37634.0,0.6,223.5,41.5,1.3,3.53,2.0,-1.0,13.68,0.017,0.218,3.0,2.0,0.0,0.0,18.75,18.69,18.1,18.36,18.53,19.77,18.33,18.51,18.38,27.08
2016-06-07 01:31:00-05:00,-11.167608,-4.539087,502125.0,21.22,0.0,0.407,21.99,0.406,275.2,274.4,271.6,0.0,0.0,0.0,1.608,0.0,60.13,0.0,1379347.0,21.79,0.0,0.0,0.0,0.0,0.0,0.0,0.0,0.0,0.0,0.0,21.49,18.55,-0.038,0.0,0.0,0.0,60.0,59.9,74.7,0.0,274.0,274.0,275.0,0.0,0.0,0.0,600.0,1369814.0,41157.0,126333.0,1.0,0.979,0.748,0.921,0.002,0.004,0.005,0.006,0.01,0.006,0.008,0.0,0.0,0.0,0.0,0.0,0.0,0.0,42796.0,43446.0,43023.0,42871.0,43747.0,41516.0,37634.0,0.862,235.4,30.01,1.6,3.53,2.0,-1.0,13.68,0.017,0.218,3.0,2.0,0.0,0.0,18.75,18.62,18.1,18.31,18.46,19.72,18.3,18.42,18.42,27.08
2016-06-07 01:32:00-05:00,-11.167608,-4.539087,502126.0,21.21,0.0,0.407,21.85,0.447,275.0,274.5,271.7,0.0,0.0,0.0,1.608,0.0,60.15,0.0,1379347.0,21.78,0.0,0.0,0.0,0.0,0.0,0.0,0.0,0.0,0.0,0.0,21.39,18.51,-0.037,0.0,0.0,0.0,60.0,59.9,74.7,0.0,274.0,274.0,275.0,0.0,0.0,0.0,600.0,1369814.0,41157.0,126333.0,1.0,0.979,0.748,0.921,0.002,0.004,0.005,0.006,0.01,0.007,0.008,0.0,0.0,0.0,0.0,0.0,0.0,0.0,42796.0,43446.0,43023.0,42871.0,43747.0,41516.0,37634.0,0.843,208.0,21.89,1.6,3.53,2.0,-1.0,13.68,0.017,0.218,3.0,2.0,0.0,0.0,18.69,18.6,18.12,18.33,18.49,19.71,18.43,18.36,18.38,27.08
2016-06-07 01:33:00-05:00,-10.811195,-4.2028584,502127.0,21.2,0.0,0.408,21.77,0.45,275.2,274.4,271.7,0.0,0.0,0.0,1.608,0.0,60.14,0.0,1379347.0,21.79,0.0,0.0,0.0,0.0,0.0,0.0,0.0,0.0,0.0,0.0,21.31,18.47,-0.038,0.0,0.0,0.0,60.0,59.9,74.7,0.0,274.0,274.0,275.0,0.0,0.0,0.0,600.0,1369814.0,41157.0,126333.0,1.0,0.979,0.748,0.921,0.003,0.004,0.005,0.006,0.01,0.007,0.007,0.0,0.0,0.0,0.0,0.0,0.0,0.0,42796.0,43446.0,43023.0,42871.0,43747.0,41516.0,37634.0,1.307,197.3,18.41,2.1,3.528,2.0,-1.0,13.68,0.017,0.218,3.0,2.0,0.0,0.0,18.67,18.63,18.2,18.4,18.51,19.75,18.53,18.4,18.37,27.06
2016-06-07 01:34:00-05:00,-10.692391,-4.2028584,502128.0,21.18,0.0,0.412,21.75,0.412,275.0,274.5,271.8,0.0,0.0,0.0,1.608,0.0,60.14,0.0,1379347.0,21.79,0.0,0.0,0.0,0.0,0.0,0.0,0.0,0.0,0.0,0.0,21.29,18.55,-0.038,0.0,0.0,0.0,60.0,59.9,74.7,0.0,274.0,274.0,275.0,0.0,0.0,0.0,600.0,1369814.0,41157.0,126333.0,1.0,0.979,0.748,0.921,0.003,0.004,0.005,0.007,0.01,0.006,0.007,0.0,0.0,0.0,0.0,0.0,0.0,0.0,42796.0,43446.0,43023.0,42871.0,43747.0,41516.0,37634.0,0.952,194.7,9.94,1.5,3.528,2.0,-1.0,13.68,0.017,0.218,3.0,2.0,0.0,0.0,18.75,18.69,18.21,18.4,18.51,19.7,18.59,18.36,18.42,27.08
2016-06-07 01:35:00-05:00,-10.811195,-4.2028584,502129.0,21.17,0.0,0.411,21.69,0.445,275.3,274.4,271.7,0.0,0.0,0.0,1.608,0.0,60.18,0.0,1379347.0,21.79,0.0,0.0,0.0,0.0,0.0,0.0,0.0,0.0,0.0,0.0,21.16,18.47,-0.038,0.0,0.0,0.0,60.0,59.9,74.7,0.0,274.0,274.0,275.0,0.0,0.0,0.0,600.0,1369814.0,41157.0,126333.0,1.0,0.979,0.748,0.921,0.002,0.004,0.004,0.006,0.01,0.007,0.007,0.0,0.0,0.0,0.0,0.0,0.0,0.0,42796.0,43446.0,43023.0,42871.0,43747.0,41516.0,37634.0,0.518,202.7,30.65,1.1,3.53,2.0,-1.0,13.68,0.017,0.218,3.0,2.0,0.0,0.0,18.69,18.6,18.18,18.4,18.49,19.67,18.49,18.38,18.42,27.02
2016-06-07 01:36:00-05:00,-11.167608,-4.2028584,502130.0,21.16,0.0,0.411,21.67,0.444,275.1,274.5,271.8,0.0,0.0,0.0,1.608,0.0,60.22,0.0,1379347.0,21.79,0.0,0.0,0.0,0.0,0.0,0.0,0.0,0.0,0.0,0.0,21.13,18.47,-0.038,0.0,0.0,0.0,60.0,59.9,74.7,0.0,274.0,274.0,275.0,0.0,0.0,0.0,600.0,1369814.0,41157.0,126333.0,1.0,0.979,0.748,0.921,0.003,0.004,0.005,0.005,0.01,0.006,0.007,0.0,0.0,0.0,0.0,0.0,0.0,0.0,42796.0,43446.0,43023.0,42871.0,43747.0,41516.0,37634.0,0.968,197.0,13.01,2.1,3.531,2.0,-1.0,13.68,0.017,0.218,3.0,2.0,0.0,0.0,18.69,18.6,18.1,18.36,18.49,19.66,18.45,18.33,18.32,26.98
2016-06-07 01:37:00-05:00,-11.167608,-4.2028584,502131.0,21.15,0.0,0.41,21.5,0.449,275.0,274.6,271.9,0.0,0.0,0.0,1.608,0.0,60.22,0.0,1379347.0,21.79,0.0,0.0,0.0,0.0,0.0,0.0,0.0,0.0,0.0,0.0,20.94,18.41,-0.038,0.0,0.0,0.0,60.0,59.9,74.7,0.0,274.0,274.0,275.0,0.0,0.0,0.0,600.0,1369814.0,41157.0,126333.0,1.0,0.979,0.748,0.921,0.002,0.003,0.004,0.006,0.01,0.007,0.006,0.0,0.0,0.0,0.0,0.0,0.0,0.0,42796.0,43446.0,43023.0,42871.0,43747.0,41516.0,37634.0,0.915,176.4,23.74,2.2,3.531,2.0,-1.0,13.68,0.017,0.218,3.0,2.0,0.0,0.0,18.61,18.6,18.14,18.34,18.53,19.65,18.49,18.33,18.38,26.98
2016-06-07 01:38:00-05:00,-11.167608,-4.2028584,502132.0,21.12,0.0,0.41,21.37,0.451,275.3,274.5,271.9,0.0,0.0,0.0,1.608,0.0,60.16,0.0,1379347.0,21.79,0.0,0.0,0.0,0.0,0.0,0.0,0.0,0.0,0.0,0.0,20.79,18.35,-0.038,0.0,0.0,0.0,60.0,59.9,74.7,0.0,274.0,274.0,275.0,0.0,0.0,0.0,600.0,1369814.0,41157.0,126333.0,1.0,0.979,0.748,0.921,0.003,0.004,0.004,0.006,0.01,0.007,0.007,0.0,0.0,0.0,0.0,0.0,0.0,0.0,42796.0,43446.0,43023.0,42871.0,43747.0,41516.0,37634.0,0.825,171.3,15.14,1.2,3.53,2.0,-1.0,13.68,0.017,0.218,3.0,2.0,0.0,0.0,18.57,18.51,18.12,18.3,18.41,19.57,18.38,18.26,18.32,26.98
2016-06-07 01:39:00-05:00,-11.167608,-4.539087,502133.0,21.12,0.0,0.409,21.33,0.436,275.1,274.6,271.9,0.0,0.0,0.0,1.608,0.0,60.18,0.0,1379347.0,21.78,0.0,0.0,0.0,0.0,0.0,0.0,0.0,0.0,0.0,0.0,20.72,18.32,-0.038,0.0,0.0,0.0,60.0,59.9,74.7,0.0,274.0,274.0,275.0,0.0,0.0,0.0,600.0,1369814.0,41157.0,126333.0,1.0,0.979,0.748,0.921,0.002,0.003,0.004,0.005,0.011,0.007,0.006,0.0,0.0,0.0,0.0,0.0,0.0,0.0,42796.0,43446.0,43023.0,42871.0,43747.0,41516.0,37634.0,0.748,184.2,14.44,1.1,3.53,2.0,-1.0,13.68,0.017,0.218,3.0,2.0,0.0,0.0,18.51,18.47,17.97,18.25,18.34,19.49,18.28,18.22,18.25,26.98
2016-06-07 01:40:00-05:00,-11.642826,-4.539087,502134.0,21.11,0.0,0.409,21.25,0.452,275.4,274.6,271.9,0.0,0.0,0.0,1.608,0.0,60.22,0.0,1379347.0,21.79,0.0,0.0,0.0,0.0,0.0,0.0,0.0,0.0,0.0,0.0,20.71,18.22,-0.038,0.0,0.0,0.0,60.0,59.9,74.7,0.0,274.0,274.0,275.0,0.0,0.0,0.0,600.0,1369814.0,41157.0,126333.0,1.0,0.979,0.748,0.921,0.003,0.003,0.005,0.006,0.01,0.007,0.007,0.0,0.0,0.0,0.0,0.0,0.0,0.0,42796.0,43446.0,43023.0,42871.0,43747.0,41516.0,37634.0,0.503,225.9,13.23,0.7,3.53,2.0,-1.0,13.68,0.017,0.218,3.0,2.0,0.0,0.0,18.46,18.4,17.92,18.15,18.28,19.43,18.15,18.2,18.22,26.95
2016-06-07 01:41:00-05:00,-11.999239,-4.539087,502135.0,21.1,0.0,0.409,21.35,0.463,275.3,274.6,271.9,0.0,0.0,0.0,1.615,0.0,60.18,0.0,1379347.0,21.79,0.0,0.0,0.0,0.0,0.0,0.0,0.0,0.0,0.0,0.0,20.69,18.21,-0.038,0.0,0.0,0.0,60.0,59.9,74.7,0.0,274.0,274.0,275.0,0.0,0.0,0.0,600.0,1369814.0,41157.0,126333.0,1.0,0.979,0.748,0.921,0.003,0.003,0.004,0.006,0.01,0.007,0.007,0.0,0.0,0.0,0.0,0.0,0.0,0.0,42796.0,43446.0,43023.0,42871.0,43747.0,41516.0,37634.0,0.455,203.9,11.79,0.8,3.53,2.0,-1.0,13.68,0.017,0.218,3.0,2.0,0.0,0.0,18.4,18.4,17.84,18.14,18.2,19.28,18.04,18.12,18.16,26.95
2016-06-07 01:42:00-05:00,-11.999239,-4.875315,502136.0,21.08,0.0,0.408,21.26,0.434,275.1,274.7,272.0,0.0,0.0,0.0,1.608,0.0,60.17,0.0,1379347.0,21.78,0.0,0.0,0.0,0.0,0.0,0.0,0.0,0.0,0.0,0.0,20.68,18.16,-0.038,0.0,0.0,0.0,60.0,59.9,74.7,0.0,274.0,274.0,275.0,0.0,0.0,0.0,600.0,1369814.0,41157.0,126333.0,1.0,0.979,0.748,0.921,0.002,0.003,0.005,0.006,0.01,0.006,0.007,0.0,0.0,0.0,0.0,0.0,0.0,0.0,42796.0,43446.0,43023.0,42871.0,43747.0,41516.0,37634.0,0.44,214.6,20.32,0.7,3.53,2.0,-1.0,13.68,0.017,0.218,3.0,2.0,0.0,0.0,18.43,18.3,17.78,18.07,18.15,19.25,17.97,18.1,18.07,26.89
2016-06-07 01:43:00-05:00,-11.999239,-4.987392,502137.0,21.07,0.0,0.408,21.25,0.458,275.4,274.6,272.0,0.0,0.0,0.0,1.62,0.0,60.2,0.0,1379347.0,21.78,0.0,0.0,0.0,0.0,0.0,0.0,0.0,0.0,0.0,0.0,20.68,18.06,-0.037,0.0,0.0,0.0,60.0,59.9,74.7,0.0,274.0,274.0,275.0,0.0,0.0,0.0,600.0,1369814.0,41157.0,126333.0,1.0,0.979,0.748,0.921,0.003,0.004,0.005,0.006,0.009,0.006,0.007,0.0,0.0,0.0,0.0,0.0,0.0,0.0,42796.0,43446.0,43023.0,42871.0,43747.0,41516.0,37634.0,0.6,209.8,14.14,0.9,3.53,2.0,-1.0,13.68,0.017,0.218,3.0,2.0,0.0,0.0,18.37,18.29,17.76,18.0,18.1,19.26,17.91,18.03,18.03,26.89
2016-06-07 01:44:00-05:00,-11.999239,-4.7632394,502138.0,21.06,0.0,0.408,21.2,0.462,275.3,274.7,272.1,0.0,0.0,0.0,1.614,0.0,60.23,0.0,1379347.0,21.79,0.0,0.0,0.0,0.0,0.0,0.0,0.0,0.0,0.0,0.0,20.62,17.99,-0.038,0.0,0.0,0.0,60.0,59.9,74.7,0.0,274.0,274.0,275.0,0.0,0.0,0.0,600.0,1369814.0,41157.0,126333.0,1.0,0.979,0.748,0.921,0.002,0.003,0.005,0.006,0.009,0.007,0.007,0.0,0.0,0.0,0.0,0.0,0.0,0.0,42796.0,43446.0,43023.0,42871.0,43747.0,41516.0,37634.0,0.735,199.3,9.74,0.9,3.53,2.0,-1.0,13.68,0.017,0.218,3.0,2.0,0.0,0.0,18.3,18.22,17.76,18.02,18.12,19.18,18.0,18.0,17.96,26.89
2016-06-07 01:45:00-05:00,-11.999239,-4.539087,502139.0,21.04,0.0,0.409,21.21,0.445,275.5,274.6,271.9,0.0,0.0,0.0,1.614,0.0,60.2,0.0,1379347.0,21.79,0.0,0.0,0.0,0.0,0.0,0.0,0.0,0.0,0.0,0.0,20.63,17.95,-0.038,0.0,0.0,0.0,60.0,59.9,74.7,0.0,274.0,274.0,275.0,0.0,0.0,0.0,600.0,1369814.0,41157.0,126333.0,1.0,0.979,0.748,0.921,0.002,0.003,0.005,0.006,0.01,0.006,0.007,0.0,0.0,0.0,0.0,0.0,0.0,0.0,42796.0,43446.0,43023.0,42871.0,43747.0,41516.0,37634.0,0.605,214.0,13.95,0.9,3.528,2.0,-1.0,13.68,0.017,0.218,3.0,2.0,0.0,0.0,18.26,18.21,17.77,18.02,18.18,19.15,17.89,17.94,17.93,26.79
2016-06-07 01:46:00-05:00,-11.880434,-4.539087,502140.0,21.02,0.0,0.413,21.24,0.468,275.4,274.7,272.0,0.0,0.0,0.0,1.608,0.0,60.22,0.0,1379347.0,21.79,0.0,0.0,0.0,0.0,0.0,0.0,0.0,0.0,0.0,0.0,20.66,17.93,-0.037,0.0,0.0,0.0,60.0,59.9,74.7,0.0,274.0,274.0,275.0,0.0,0.0,0.0,600.0,1369814.0,41157.0,126333.0,1.0,0.979,0.748,0.921,0.002,0.004,0.004,0.005,0.009,0.006,0.007,0.0,0.0,0.0,0.0,0.0,0.0,0.0,42796.0,43446.0,43023.0,42871.0,43747.0,41516.0,37634.0,0.55,219.4,16.74,0.8,3.53,2.0,-1.0,13.68,0.017,0.218,3.0,2.0,0.0,0.0,18.26,18.21,17.7,17.93,18.14,19.13,17.91,17.96,17.93,26.79
2016-06-07 01:47:00-05:00,-11.524022,-4.539087,502141.0,21.01,0.0,0.412,21.25,0.803,275.4,274.8,272.1,0.0,0.0,0.0,2.024,0.0,60.22,0.0,1379347.0,21.78,0.0,0.0,0.0,0.0,0.0,0.0,0.0,0.0,0.0,0.0,20.68,17.9,-0.038,0.0,0.0,0.0,60.0,59.9,74.7,0.0,274.0,274.0,275.0,0.0,0.0,0.0,600.0,1369814.0,41157.0,126333.0,1.0,0.979,0.748,0.921,0.002,0.003,0.004,0.006,0.01,0.007,0.006,0.0,0.0,0.0,0.0,0.0,0.0,0.0,42796.0,43446.0,43023.0,42871.0,43747.0,41516.0,37634.0,0.687,201.0,12.79,1.0,3.528,2.0,-1.0,13.68,0.017,0.218,3.0,2.0,0.0,0.0,18.21,18.16,17.75,17.98,18.16,19.18,17.93,17.94,17.93,26.79
2016-06-07 01:48:00-05:00,-11.167608,-4.539087,502142.0,20.99,0.0,0.414,21.18,0.675,275.5,274.8,272.1,0.0,0.0,0.0,1.874,0.0,60.22,0.0,1379347.0,21.79,0.0,0.0,0.0,0.0,0.0,0.0,0.0,0.0,0.0,0.0,20.57,17.82,-0.037,0.0,0.0,0.0,60.0,59.9,74.7,0.0,274.0,274.0,275.0,0.0,0.0,0.0,600.0,1369814.0,41157.0,126333.0,1.0,0.979,0.748,0.921,0.002,0.003,0.005,0.006,0.01,0.006,0.008,0.0,0.0,0.0,0.0,0.0,0.0,0.0,42796.0,43446.0,43023.0,42871.0,43747.0,41516.0,37634.0,0.59,201.8,29.65,1.2,3.528,2.0,-1.0,13.68,0.017,0.218,3.0,2.0,0.0,0.0,18.19,18.17,17.76,18.01,18.24,19.1,17.92,17.91,17.93,26.79
2016-06-07 01:49:00-05:00,-11.167608,-4.2028584,502143.0,20.98,0.0,0.415,21.22,0.62,275.3,274.9,272.2,0.0,0.0,0.0,1.87,0.0,60.22,0.0,1379347.0,21.79,0.0,0.0,0.0,0.0,0.0,0.0,0.0,0.0,0.0,0.0,20.66,17.87,-0.038,0.0,0.0,0.0,60.0,59.9,74.7,0.0,274.0,274.0,275.0,0.0,0.0,0.0,600.0,1369814.0,41157.0,126333.0,1.0,0.979,0.748,0.921,0.002,0.003,0.005,0.005,0.01,0.006,0.007,0.0,0.0,0.0,0.0,0.0,0.0,0.0,42796.0,43446.0,43023.0,42871.0,43747.0,41516.0,37634.0,0.885,204.3,14.38,1.5,3.53,2.0,-1.0,13.68,0.017,0.218,3.0,2.0,0.0,0.0,18.17,18.21,17.77,18.09,18.27,19.17,18.07,17.93,17.91,26.79
2016-06-07 01:50:00-05:00,-11.048804,-4.2028584,502144.0,20.96,0.0,0.414,21.23,0.483,275.7,274.8,272.1,0.0,0.0,0.0,1.608,0.0,60.22,0.0,1379347.0,21.79,0.0,0.0,0.0,0.0,0.0,0.0,0.0,0.0,0.0,0.0,20.62,17.88,-0.038,0.0,0.0,0.0,60.0,59.9,74.7,0.0,274.0,274.3,275.0,0.0,0.0,0.0,600.0,1369814.0,41157.0,126333.0,1.0,0.979,0.748,0.921,0.002,0.003,0.004,0.006,0.01,0.007,0.007,0.0,0.0,0.0,0.0,0.0,0.0,0.0,42796.0,43446.0,43023.0,42871.0,43747.0,41516.0,37634.0,0.687,197.3,13.89,1.3,3.53,2.0,-1.0,13.68,0.017,0.218,3.0,2.0,0.0,0.0,18.19,18.23,17.82,18.11,18.27,19.18,18.1,18.07,17.93,26.79
2016-06-07 01:51:00-05:00,-11.048804,-3.8666298,502145.0,20.95,0.0,0.413,21.16,0.468,275.6,274.9,272.2,0.0,0.0,0.0,1.61,0.0,60.22,0.0,1379347.0,21.79,0.0,0.0,0.0,0.0,0.0,0.0,0.0,0.0,0.0,0.0,20.54,17.87,-0.038,0.0,0.0,0.0,60.0,59.9,74.7,0.0,274.0,274.4,275.0,0.0,0.0,0.0,600.0,1369814.0,41157.0,126333.0,1.0,0.979,0.748,0.921,0.002,0.003,0.005,0.006,0.01,0.006,0.006,0.0,0.0,0.0,0.0,0.0,0.0,0.0,42796.0,43446.0,43023.0,42871.0,43747.0,41516.0,37634.0,0.997,204.9,21.72,1.7,3.53,2.0,-1.0,13.68,0.017,0.218,3.0,2.0,0.0,0.0,18.19,18.21,17.82,18.07,18.26,19.18,18.1,18.04,17.95,26.74
2016-06-07 01:52:00-05:00,-10.93,-3.8666298,502146.0,20.93,0.0,0.415,21.15,0.474,276.3,275.8,273.0,0.0,0.0,0.0,1.62,0.0,60.23,0.0,1379347.0,21.79,0.0,0.0,0.0,0.0,0.0,0.0,0.0,0.0,0.0,0.0,20.51,17.97,-0.037,0.0,0.0,0.0,60.0,59.9,74.7,0.0,274.9,274.9,275.9,0.0,0.0,0.0,600.0,1369814.0,41157.0,126333.0,1.0,0.979,0.748,0.921,0.002,0.004,0.004,0.006,0.009,0.006,0.006,0.0,0.0,0.0,0.0,0.0,0.0,0.0,42796.0,43446.0,43023.0,42871.0,43747.0,41516.0,37634.0,0.865,195.1,23.96,1.4,3.53,2.0,-1.0,13.68,0.017,0.218,3.0,2.0,0.0,0.0,18.19,18.26,17.88,18.16,18.27,19.18,18.2,18.04,17.94,26.69
2016-06-07 01:53:00-05:00,-10.811195,-3.8666298,502147.0,20.91,0.0,0.417,21.09,0.474,276.5,275.8,273.0,0.0,0.0,0.0,1.61,0.0,60.23,0.0,1379347.0,21.79,0.0,0.0,0.0,0.0,0.0,0.0,0.0,0.0,0.0,0.0,20.47,17.94,-0.037,0.0,0.0,0.0,60.0,59.9,74.7,0.0,275.0,275.0,276.0,0.0,0.0,0.0,600.0,1369814.0,41157.0,126333.0,1.0,0.979,0.748,0.921,0.003,0.003,0.005,0.007,0.01,0.007,0.007,0.0,0.0,0.0,0.0,0.0,0.0,0.0,42796.0,43446.0,43023.0,42871.0,43747.0,41516.0,37634.0,0.815,199.2,13.4,1.3,3.53,2.0,-1.0,13.68,0.017,0.218,3.0,2.0,0.0,0.0,18.19,18.34,17.82,18.16,18.29,19.13,18.29,18.09,18.03,26.74
2016-06-07 01:54:00-05:00,-11.048804,-3.8666298,502148.0,20.91,0.0,0.42,21.09,0.46,277.0,275.7,272.9,0.0,0.0,0.0,1.618,0.0,60.22,0.0,1379347.0,21.79,0.0,0.0,0.0,0.0,0.0,0.0,0.0,0.0,0.0,0.0,20.47,17.95,-0.038,0.0,0.0,0.0,60.0,59.9,74.7,0.0,275.0,275.0,276.0,0.0,0.0,0.0,600.0,1369814.0,41157.0,126333.0,1.0,0.979,0.748,0.921,0.003,0.003,0.004,0.006,0.011,0.006,0.007,0.0,0.0,0.0,0.0,0.0,0.0,0.0,42796.0,43446.0,43023.0,42871.0,43747.0,41516.0,37634.0,0.577,190.3,13.97,1.0,3.53,2.0,-1.0,13.68,0.017,0.218,3.0,2.0,0.0,0.0,18.23,18.3,17.82,18.16,18.21,19.18,18.19,18.02,18.03,26.71
2016-06-07 01:55:00-05:00,-11.167608,-3.978706,502149.0,20.88,0.0,0.417,21.12,0.476,276.4,276.0,273.2,0.0,0.0,0.0,1.615,0.0,60.22,0.0,1379347.0,21.79,0.0,0.0,0.0,0.0,0.0,0.0,0.0,0.0,0.0,0.0,20.49,17.98,-0.037,0.0,0.0,0.0,60.0,59.9,74.7,0.0,275.0,275.1,276.0,0.0,0.0,0.0,600.0,1369814.0,41157.0,126333.0,1.0,0.979,0.748,0.921,0.002,0.003,0.004,0.006,0.009,0.006,0.006,0.0,0.0,0.0,0.0,0.0,0.0,0.0,42796.0,43446.0,43023.0,42871.0,43747.0,41516.0,37634.0,0.647,196.9,17.45,1.7,3.53,2.0,-1.0,13.68,0.017,0.218,3.0,2.0,0.0,0.0,18.23,18.21,17.78,18.06,18.21,19.13,18.11,17.98,17.94,26.73
2016-06-07 01:56:00-05:00,-11.167608,-4.2028584,502150.0,20.87,0.0,0.416,21.28,0.476,276.8,276.0,273.2,0.0,0.0,0.0,1.617,0.0,60.17,0.0,1379347.0,21.78,0.0,0.0,0.0,0.0,0.0,0.0,0.0,0.0,0.0,0.0,20.67,18.05,-0.037,0.0,0.0,0.0,60.0,59.9,74.7,0.0,275.0,275.9,276.0,0.0,0.0,0.0,600.0,1369814.0,41157.0,126333.0,1.0,0.979,0.748,0.921,0.002,0.003,0.004,0.006,0.01,0.007,0.006,0.0,0.0,0.0,0.0,0.0,0.0,0.0,42796.0,43446.0,43023.0,42871.0,43747.0,41516.0,37634.0,0.665,209.5,15.14,1.1,3.53,2.0,-1.0,13.68,0.017,0.218,3.0,2.0,0.0,0.0,18.29,18.21,17.8,18.04,18.19,19.09,18.16,18.01,17.93,26.67
2016-06-07 01:57:00-05:00,-11.167608,-4.2028584,502151.0,20.85,0.0,0.415,21.2,0.487,277.0,275.9,273.2,0.0,0.0,0.0,1.616,0.0,60.16,0.0,1379347.0,21.79,0.0,0.0,0.0,0.0,0.0,0.0,0.0,0.0,0.0,0.0,20.58,18.01,-0.037,0.0,0.0,0.0,60.0,59.9,74.7,0.0,275.6,276.0,276.1,0.0,0.0,0.0,600.0,1369814.0,41157.0,126333.0,1.0,0.979,0.748,0.921,0.001,0.003,0.005,0.007,0.01,0.007,0.007,0.0,0.0,0.0,0.0,0.0,0.0,0.0,42796.0,43446.0,43023.0,42871.0,43747.0,41516.0,37634.0,0.705,197.3,12.03,1.5,3.53,2.0,-1.0,13.68,0.017,0.218,3.0,2.0,0.0,0.0,18.24,18.21,17.75,18.01,18.14,19.09,18.14,17.91,17.93,26.63
2016-06-07 01:58:00-05:00,-11.167608,-4.0907817,502152.0,20.84,0.0,0.414,21.2,0.479,276.9,276.1,273.4,0.0,0.0,0.0,1.617,0.0,60.21,0.0,1379347.0,21.79,0.0,0.0,0.0,0.0,0.0,0.0,0.0,0.0,0.0,0.0,20.62,18.07,-0.037,0.0,0.0,0.0,60.0,59.9,74.7,0.0,276.0,276.0,276.7,0.0,0.0,0.0,600.0,1369814.0,41157.0,126333.0,1.0,0.979,0.748,0.921,0.002,0.003,0.005,0.006,0.009,0.007,0.007,0.0,0.0,0.0,0.0,0.0,0.0,0.0,42796.0,43446.0,43023.0,42871.0,43747.0,41516.0,37634.0,0.987,190.9,29.36,1.5,3.53,2.0,-1.0,13.68,0.017,0.218,3.0,2.0,0.0,0.0,18.28,18.23,17.82,18.01,18.21,19.17,18.16,17.98,17.89,26.65
2016-06-07 01:59:00-05:00,-11.048804,-3.8666298,502153.0,20.83,0.0,0.417,21.27,0.463,276.7,276.2,273.4,0.0,0.0,0.0,1.613,0.0,60.22,0.0,1379347.0,21.79,0.0,0.0,0.0,0.0,0.0,0.0,0.0,0.0,0.0,0.0,20.63,18.08,-0.036,0.0,0.0,0.0,60.0,59.9,74.7,0.0,276.0,276.0,277.0,0.0,0.0,0.0,600.0,1369814.0,41157.0,126333.0,1.0,0.979,0.748,0.921,0.003,0.004,0.004,0.006,0.01,0.007,0.006,0.0,0.0,0.0,0.0,0.0,0.0,0.0,42796.0,43446.0,43023.0,42871.0,43747.0,41516.0,37634.0,0.675,205.5,17.69,1.3,3.53,2.0,-1.0,13.68,0.017,0.218,3.0,2.0,0.0,0.0,18.31,18.27,17.82,18.04,18.21,19.18,18.11,18.01,17.93,26.65
2016-06-07 02:00:00-05:00,-10.811195,-3.8666298,502154.0,20.8,0.0,0.416,21.23,0.466,276.8,276.1,273.3,0.0,0.0,0.0,1.61,0.0,60.22,0.0,1379347.0,21.78,0.0,0.0,0.0,0.0,0.0,0.0,0.0,0.0,0.0,0.0,20.6,18.15,-0.037,0.0,0.0,0.0,60.0,59.9,74.7,0.0,276.0,276.0,276.3,0.0,0.0,0.0,600.0,1369814.0,41157.0,126333.0,1.0,0.979,0.748,0.921,0.002,0.003,0.004,0.006,0.01,0.006,0.006,0.0,0.0,0.0,0.0,0.0,0.0,0.0,42796.0,43446.0,43023.0,42871.0,43747.0,41516.0,37634.0,1.182,202.7,32.68,1.8,3.53,2.0,-1.0,13.68,0.017,0.218,3.0,2.0,0.0,0.0,18.39,18.3,17.87,18.09,18.21,19.18,18.19,18.03,17.95,26.7
2016-06-07 02:01:00-05:00,-10.692391,-3.8666298,502155.0,20.8,0.0,0.416,21.25,0.452,276.8,276.0,273.2,0.0,0.0,0.0,1.61,0.0,60.22,0.0,1379347.0,21.78,0.0,0.0,0.0,0.0,0.0,0.0,0.0,0.0,0.0,0.0,20.68,18.17,-0.038,0.0,0.0,0.0,60.0,59.9,74.7,0.0,275.5,276.0,276.0,0.0,0.0,0.0,600.0,1369814.0,41157.0,126333.0,1.0,0.979,0.748,0.921,0.002,0.003,0.005,0.005,0.009,0.006,0.006,0.0,0.0,0.0,0.0,0.0,0.0,0.0,42796.0,43446.0,43023.0,42871.0,43747.0,41516.0,37634.0,0.763,205.5,25.67,1.2,3.528,2.0,-1.0,13.68,0.017,0.218,3.0,2.0,0.0,0.0,18.39,18.34,17.88,18.11,18.21,19.18,18.22,18.04,18.03,26.65
2016-06-07 02:02:00-05:00,-10.692391,-3.8666298,502156.0,20.79,0.0,0.419,21.26,0.48,277.1,275.9,273.1,0.0,0.0,0.0,1.614,0.0,60.21,0.0,1379347.0,21.78,0.0,0.0,0.0,0.0,0.0,0.0,0.0,0.0,0.0,0.0,20.68,18.19,-0.038,0.0,0.0,0.0,60.0,59.9,74.7,0.0,275.9,276.0,276.0,0.0,0.0,0.0,600.0,1369814.0,41157.0,126333.0,1.0,0.979,0.748,0.921,0.002,0.004,0.005,0.006,0.01,0.007,0.006,0.0,0.0,0.0,0.0,0.0,0.0,0.0,42796.0,43446.0,43023.0,42871.0,43747.0,41516.0,37634.0,0.645,207.1,18.87,1.3,3.53,2.0,-1.0,13.68,0.017,0.218,3.0,2.0,0.0,0.0,18.39,18.36,17.82,18.09,18.19,19.12,18.17,18.03,18.01,26.57
2016-06-07 02:03:00-05:00,-10.692391,-3.8666298,502157.0,20.77,0.0,0.417,21.19,0.445,276.5,276.1,273.3,0.0,0.0,0.0,1.616,0.0,60.21,0.0,1379347.0,21.79,0.0,0.0,0.0,0.0,0.0,0.0,0.0,0.0,0.0,0.0,20.59,18.15,-0.038,0.0,0.0,0.0,60.0,59.9,74.7,0.0,275.4,276.0,276.0,0.0,0.0,0.0,600.0,1369814.0,41157.0,126333.0,1.0,0.979,0.748,0.921,0.002,0.003,0.005,0.006,0.01,0.006,0.007,0.0,0.0,0.0,0.0,0.0,0.0,0.0,42796.0,43446.0,43023.0,42871.0,43747.0,41516.0,37634.0,0.63,194.9,27.3,1.1,3.53,2.0,-1.0,13.68,0.017,0.218,3.0,2.0,0.0,0.0,18.39,18.27,17.82,18.06,18.21,19.14,18.21,18.03,17.95,26.59
2016-06-07 02:04:00-05:00,-10.692391,-3.8666298,502158.0,20.76,0.0,0.421,21.02,0.442,276.8,276.0,273.1,0.0,0.0,0.0,1.611,0.0,60.22,0.0,1379347.0,21.79,0.0,0.0,0.0,0.0,0.0,0.0,0.0,0.0,0.0,0.0,20.46,18.04,-0.038,0.0,0.0,0.0,60.0,59.9,74.7,0.0,275.2,276.0,276.0,0.0,0.0,0.0,600.0,1369814.0,41157.0,126333.0,1.0,0.979,0.748,0.921,0.003,0.003,0.005,0.006,0.009,0.006,0.006,0.0,0.0,0.0,0.0,0.0,0.0,0.0,42796.0,43446.0,43023.0,42871.0,43747.0,41516.0,37634.0,0.527,175.4,27.69,0.9,3.528,2.0,-1.0,13.68,0.017,0.218,3.0,2.0,0.0,0.0,18.31,18.22,17.77,18.01,18.22,19.1,18.21,18.01,17.88,26.6
2016-06-07 02:05:00-05:00,-10.93,-3.8666298,502159.0,20.74,0.0,0.425,20.94,0.44,276.9,276.0,273.2,0.0,0.0,0.0,1.617,0.0,60.23,0.0,1379347.0,21.78,0.0,0.0,0.0,0.0,0.0,0.0,0.0,0.0,0.0,0.0,20.32,17.99,-0.038,0.0,0.0,0.0,60.0,59.9,74.7,0.0,275.8,276.0,276.0,0.0,0.0,0.0,600.0,1369814.0,41157.0,126333.0,1.0,0.979,0.748,0.921,0.002,0.002,0.005,0.006,0.01,0.006,0.006,0.0,0.0,0.0,0.0,0.0,0.0,0.0,42796.0,43446.0,43023.0,42871.0,43747.0,41516.0,37634.0,0.837,187.8,14.32,1.2,3.53,2.0,-1.0,13.68,0.017,0.218,3.0,2.0,0.0,0.0,18.19,18.21,17.72,18.01,18.17,19.01,18.19,17.99,17.85,26.55
2016-06-07 02:06:00-05:00,-11.167608,-3.8666298,502160.0,20.74,0.0,0.426,20.91,0.432,276.8,276.0,273.2,0.0,0.0,0.0,1.61,0.0,60.22,0.0,1379347.0,21.79,0.0,0.0,0.0,0.0,0.0,0.0,0.0,0.0,0.0,0.0,20.32,17.95,-0.037,0.0,0.0,0.0,60.0,59.9,74.7,0.0,275.9,276.0,276.0,0.0,0.0,0.0,600.0,1369814.0,41157.0,126333.0,1.0,0.979,0.748,0.921,0.002,0.003,0.003,0.006,0.01,0.007,0.007,0.0,0.0,0.0,0.0,0.0,0.0,0.0,42796.0,43446.0,43023.0,42871.0,43747.0,41516.0,37634.0,0.743,179.6,21.89,1.4,3.53,2.0,-1.0,13.68,0.017,0.218,3.0,2.0,0.0,0.0,18.19,18.23,17.72,18.01,18.11,18.99,18.14,17.91,17.85,26.51
2016-06-07 02:07:00-05:00,-11.167608,-3.8666298,502161.0,20.72,0.0,0.427,20.89,0.452,276.8,276.0,273.3,0.0,0.0,0.0,1.623,0.0,60.24,0.0,1379347.0,21.79,0.0,0.0,0.0,0.0,0.0,0.0,0.0,0.0,0.0,0.0,20.26,17.91,-0.037,0.0,0.0,0.0,60.0,59.9,74.7,0.0,275.8,276.0,276.0,0.0,0.0,0.0,600.0,1369814.0,41157.0,126333.0,1.0,0.979,0.748,0.921,0.002,0.003,0.006,0.006,0.01,0.007,0.005,0.0,0.0,0.0,0.0,0.0,0.0,0.0,42796.0,43446.0,43023.0,42871.0,43747.0,41516.0,37634.0,0.707,182.8,16.73,1.1,3.531,2.0,-1.0,13.68,0.017,0.218,3.0,2.0,0.0,0.0,18.19,18.19,17.62,17.95,18.07,18.99,18.11,17.91,17.83,26.51
2016-06-07 02:08:00-05:00,-11.167608,-4.0907817,502162.0,20.7,0.0,0.431,20.94,0.474,276.7,276.1,273.3,0.0,0.0,0.0,1.627,0.0,60.23,0.0,1379347.0,21.79,0.0,0.0,0.0,0.0,0.0,0.0,0.0,0.0,0.0,0.0,20.34,17.93,-0.038,0.0,0.0,0.0,60.0,59.9,74.7,0.0,275.9,276.0,276.1,0.0,0.0,0.0,600.0,1369814.0,41157.0,126333.0,1.0,0.979,0.748,0.921,0.001,0.003,0.004,0.005,0.009,0.007,0.007,0.0,0.0,0.0,0.0,0.0,0.0,0.0,42796.0,43446.0,43023.0,42871.0,43747.0,41516.0,37634.0,0.89,192.4,16.3,1.3,3.528,2.0,-1.0,13.68,0.017,0.218,3.0,2.0,0.0,0.0,18.19,18.08,17.62,17.91,18.04,18.94,18.04,17.83,17.85,26.51
2016-06-07 02:09:00-05:00,-11.167608,-3.978706,502163.0,20.69,0.0,0.434,20.88,0.467,276.8,276.1,273.4,0.0,0.0,0.0,1.869,0.0,60.23,0.0,1379347.0,21.79,0.0,0.0,0.0,0.0,0.0,0.0,0.0,0.0,0.0,0.0,20.26,17.84,-0.038,0.0,0.0,0.0,60.0,59.9,74.7,0.0,276.0,276.0,276.2,0.0,0.0,0.0,600.0,1369814.0,41157.0,126333.0,1.0,0.979,0.748,0.921,0.002,0.003,0.004,0.006,0.01,0.006,0.006,0.0,0.0,0.0,0.0,0.0,0.0,0.0,42796.0,43446.0,43023.0,42871.0,43747.0,41516.0,37634.0,0.725,195.5,20.66,1.5,3.528,2.0,-1.0,13.68,0.017,0.218,3.0,2.0,0.0,0.0,18.09,18.01,17.59,17.91,18.01,18.99,18.01,17.85,17.86,26.51
2016-06-07 02:10:00-05:00,-11.167608,-3.978706,502164.0,20.68,0.0,0.433,20.8,0.485,276.9,276.0,273.2,0.0,0.0,0.0,1.909,0.0,60.2,0.0,1379347.0,21.79,0.0,0.0,0.0,0.0,0.0,0.0,0.0,0.0,0.0,0.0,20.21,17.75,-0.038,0.0,0.0,0.0,60.0,59.9,74.7,0.0,276.0,276.0,276.0,0.0,0.0,0.0,600.0,1369814.0,41157.0,126333.0,1.0,0.979,0.748,0.921,0.001,0.003,0.005,0.006,0.011,0.006,0.007,0.0,0.0,0.0,0.0,0.0,0.0,0.0,42796.0,43446.0,43023.0,42871.0,43747.0,41516.0,37634.0,0.718,187.4,18.45,1.1,3.528,2.0,-1.0,13.68,0.017,0.218,3.0,2.0,0.0,0.0,18.05,18.06,17.54,17.91,18.01,18.9,17.96,17.88,17.87,26.51
2016-06-07 02:11:00-05:00,-11.167608,-3.978706,502165.0,20.66,0.0,0.438,20.74,0.481,276.8,276.0,273.3,0.0,0.0,0.0,1.863,0.0,60.17,0.0,1379347.0,21.78,0.0,0.0,0.0,0.0,0.0,0.0,0.0,0.0,0.0,0.0,20.15,17.71,-0.038,0.0,0.0,0.0,60.0,59.9,74.7,0.0,275.9,276.0,276.0,0.0,0.0,0.0,600.0,1369814.0,41157.0,126333.0,1.0,0.979,0.748,0.921,0.002,0.003,0.004,0.006,0.01,0.007,0.007,0.0,0.0,0.0,0.0,0.0,0.0,0.0,42796.0,43446.0,43023.0,42871.0,43747.0,41516.0,37634.0,0.737,181.0,15.97,1.0,3.53,2.0,-1.0,13.68,0.017,0.218,3.0,2.0,0.0,0.0,18.0,18.03,17.52,17.86,18.04,18.81,17.96,17.82,17.87,26.44
2016-06-07 02:12:00-05:00,-11.167608,-4.0907817,502166.0,20.65,0.0,0.441,20.72,0.453,276.9,276.0,273.3,0.0,0.0,0.0,1.96,0.0,60.13,0.0,1379347.0,21.78,0.0,0.0,0.0,0.0,0.0,0.0,0.0,0.0,0.0,0.0,20.15,17.7,-0.038,0.0,0.0,0.0,60.0,59.9,74.7,0.0,276.0,276.0,276.0,0.0,0.0,0.0,600.0,1369814.0,41157.0,126333.0,1.0,0.979,0.748,0.921,0.002,0.004,0.004,0.007,0.009,0.007,0.007,0.0,0.0,0.0,0.0,0.0,0.0,0.0,42796.0,43446.0,43023.0,42871.0,43747.0,41516.0,37634.0,0.623,198.1,23.05,1.4,3.53,2.0,-1.0,13.68,0.017,0.218,3.0,2.0,0.0,0.0,18.0,17.93,17.52,17.82,18.01,18.79,17.91,17.78,17.79,26.41
2016-06-07 02:13:00-05:00,-11.167608,-4.2028584,502167.0,20.64,0.0,0.442,20.69,0.47,276.7,276.1,273.4,0.0,0.0,0.0,1.871,0.0,60.14,0.0,1379347.0,21.79,0.0,0.0,0.0,0.0,0.0,0.0,0.0,0.0,0.0,0.0,20.08,17.64,-0.038,0.0,0.0,0.0,60.0,59.9,74.7,0.0,276.0,276.0,276.0,0.0,0.0,0.0,600.0,1369814.0,41157.0,126333.0,1.0,0.979,0.748,0.921,0.002,0.003,0.005,0.006,0.009,0.006,0.007,0.0,0.0,0.0,0.0,0.0,0.0,0.0,42796.0,43446.0,43023.0,42871.0,43747.0,41516.0,37634.0,0.7,193.5,19.39,1.2,3.531,2.0,-1.0,13.68,0.017,0.218,3.0,2.0,0.0,0.0,17.92,18.01,17.52,17.82,18.01,18.79,17.9,17.82,17.77,26.41
2016-06-07 02:14:00-05:00,-11.167608,-4.2028584,502168.0,20.62,0.0,0.44,20.73,0.479,276.8,276.0,273.3,0.0,0.0,0.0,1.945,0.0,60.14,0.0,1379347.0,21.79,0.0,0.0,0.0,0.0,0.0,0.0,0.0,0.0,0.0,0.0,20.07,17.61,-0.037,0.0,0.0,0.0,60.0,59.9,74.7,0.0,276.0,276.0,276.1,0.0,0.0,0.0,600.0,1369814.0,41157.0,126333.0,1.0,0.979,0.748,0.921,0.002,0.003,0.004,0.006,0.01,0.006,0.006,0.0,0.0,0.0,0.0,0.0,0.0,0.0,42796.0,43446.0,43023.0,42871.0,43747.0,41516.0,37634.0,0.558,199.8,21.42,1.0,3.531,2.0,-1.0,13.68,0.016,0.218,3.0,2.0,0.0,0.0,17.9,18.01,17.52,17.82,17.95,18.79,17.98,17.8,17.8,26.41
2016-06-07 02:15:00-05:00,-11.167608,-4.0907817,502169.0,20.6,0.0,0.439,20.67,0.49,276.9,276.1,273.4,0.0,0.0,0.0,1.889,0.0,60.2,0.0,1379347.0,21.79,0.0,0.0,0.0,0.0,0.0,0.0,0.0,0.0,0.0,0.0,20.03,17.55,-0.037,0.0,0.0,0.0,60.0,59.9,74.7,0.0,276.0,276.0,276.2,0.0,0.0,0.0,600.0,1369814.0,41157.0,126333.0,1.0,0.979,0.748,0.921,0.002,0.003,0.005,0.006,0.01,0.005,0.007,0.0,0.0,0.0,0.0,0.0,0.0,0.0,42796.0,43446.0,43023.0,42871.0,43747.0,41516.0,37634.0,0.793,195.4,20.24,1.3,3.531,2.0,-1.0,13.68,0.016,0.218,3.0,2.0,0.0,0.0,17.82,18.03,17.44,17.8,17.91,18.76,17.85,17.8,17.84,26.37
2016-06-07 02:16:00-05:00,-11.167608,-4.2028584,502170.0,20.58,0.0,0.441,20.64,0.479,276.2,274.9,272.2,0.0,0.0,0.0,1.963,0.0,60.23,0.0,1379347.0,21.79,0.0,0.0,0.0,0.0,0.0,0.0,0.0,0.0,0.0,0.0,19.99,17.56,-0.038,0.0,0.0,0.0,60.0,59.9,74.7,0.0,274.5,274.5,275.3,0.0,0.0,0.0,600.0,1369814.0,41157.0,126333.0,1.0,0.979,0.748,0.921,0.002,0.003,0.005,0.006,0.01,0.006,0.007,0.0,0.0,0.0,0.0,0.0,0.0,0.0,42796.0,43446.0,43023.0,42871.0,43747.0,41516.0,37634.0,0.537,197.8,11.76,1.1,3.53,2.0,-1.0,13.68,0.016,0.218,3.0,2.0,0.0,0.0,17.8,17.95,17.43,17.75,17.85,18.78,17.82,17.8,17.77,26.31
2016-06-07 02:17:00-05:00,-11.167608,-4.2028584,502171.0,20.58,0.0,0.442,20.76,0.475,275.6,274.6,271.9,0.0,0.0,0.0,1.924,0.0,60.18,0.0,1379347.0,21.8,0.0,0.0,0.0,0.0,0.0,0.0,0.0,0.0,0.0,0.0,20.12,17.6,-0.037,0.0,0.0,0.0,60.0,59.9,74.7,0.0,274.0,274.0,275.0,0.0,0.0,0.0,600.0,1369814.0,41157.0,126333.0,1.0,0.979,0.748,0.921,0.002,0.003,0.004,0.006,0.01,0.007,0.006,0.0,0.0,0.0,0.0,0.0,0.0,0.0,42796.0,43446.0,43023.0,42871.0,43747.0,41516.0,37634.0,0.552,180.2,13.69,0.8,3.53,2.0,-1.0,13.68,0.016,0.218,3.0,2.0,0.0,0.0,17.88,17.95,17.39,17.73,17.91,18.78,17.82,17.72,17.72,26.31
2016-06-07 02:18:00-05:00,-11.167608,-4.2028584,502172.0,20.56,0.0,0.441,20.68,0.481,275.9,274.6,271.9,0.0,0.0,0.0,1.974,0.0,60.14,0.0,1379347.0,21.79,0.0,0.0,0.0,0.0,0.0,0.0,0.0,0.0,0.0,0.0,20.05,17.6,-0.033,0.0,0.0,0.0,60.0,59.9,74.7,0.0,274.0,274.0,275.0,0.0,0.0,0.0,600.0,1369814.0,41157.0,126333.0,1.0,0.979,0.748,0.921,0.001,0.003,0.004,0.006,0.01,0.005,0.007,0.0,0.0,0.0,0.0,0.0,0.0,0.0,42796.0,43446.0,43023.0,42871.0,43747.0,41516.0,37634.0,0.457,197.5,14.41,0.6,3.53,2.0,-1.0,13.68,0.016,0.218,3.0,2.0,0.0,0.0,17.84,17.9,17.33,17.64,17.9,18.69,17.77,17.7,17.66,26.31
2016-06-07 02:19:00-05:00,-11.167608,-4.2028584,502173.0,20.54,0.0,0.444,20.7,0.494,275.5,274.8,272.1,0.0,0.0,0.0,1.981,0.0,60.14,0.0,1379347.0,21.79,0.0,0.0,0.0,0.0,0.0,0.0,0.0,0.0,0.0,0.0,20.08,17.58,-0.014,0.0,0.0,0.0,60.0,59.9,74.7,0.0,274.0,274.1,275.0,0.0,0.0,0.0,600.0,1369814.0,41157.0,126333.0,1.0,0.979,0.748,0.921,0.002,0.002,0.005,0.006,0.009,0.006,0.007,0.0,0.0,0.0,0.0,0.0,0.0,0.0,42796.0,43446.0,43023.0,42871.0,43747.0,41516.0,37634.0,0.612,193.2,17.27,0.9,3.53,2.0,-1.0,13.68,0.016,0.218,3.0,2.0,0.0,0.0,17.82,17.92,17.23,17.62,17.82,18.66,17.62,17.72,17.64,26.31
2016-06-07 02:20:00-05:00,-11.167608,-4.0907817,502174.0,20.53,0.0,0.446,20.69,0.507,275.5,275.0,272.2,0.0,0.0,0.0,2.051,0.0,60.19,0.0,1379347.0,21.79,0.0,0.0,0.0,0.0,0.0,0.0,0.0,0.0,0.0,0.0,20.08,17.61,0.006,0.0,0.0,0.0,60.0,59.9,74.7,0.0,274.0,274.8,275.0,0.0,0.0,0.0,600.0,1369814.0,41157.0,126333.0,1.0,0.979,0.748,0.921,0.002,0.003,0.005,0.006,0.01,0.006,0.006,0.0,0.0,0.0,0.0,0.0,0.0,0.0,42796.0,43446.0,43023.0,42871.0,43747.0,41516.0,37634.0,1.055,194.4,18.49,1.6,3.53,2.0,-1.0,13.68,0.016,0.218,3.0,2.0,0.0,0.0,17.82,17.87,17.31,17.65,17.85,18.66,17.69,17.62,17.66,26.29
2016-06-07 02:21:00-05:00,-10.811195,-3.8666298,502175.0,20.51,0.0,0.447,20.71,0.513,275.8,275.0,272.2,0.0,0.0,0.0,2.028,0.0,60.18,0.0,1379347.0,21.79,0.0,0.0,0.0,0.0,0.0,0.0,0.0,0.0,0.0,0.0,20.06,17.61,0.01,0.0,0.0,0.0,60.0,59.9,74.7,0.0,274.1,275.0,275.0,0.0,0.0,0.0,600.0,1369814.0,41157.0,126333.0,1.0,0.979,0.748,0.921,0.002,0.004,0.004,0.006,0.009,0.006,0.008,0.0,0.0,0.0,0.0,0.0,0.0,0.0,42796.0,43446.0,43023.0,42871.0,43747.0,41516.0,37634.0,0.732,209.5,22.05,1.3,3.53,2.0,-1.0,13.68,0.016,0.218,3.0,2.0,0.0,0.0,17.88,17.92,17.33,17.72,17.86,18.69,17.72,17.69,17.74,26.21
2016-06-07 02:22:00-05:00,-10.692391,-3.8666298,502176.0,20.5,0.0,0.449,20.65,0.526,275.5,275.1,272.3,0.0,0.0,0.0,2.092,0.0,60.18,0.0,1379347.0,21.79,0.0,0.0,0.0,0.0,0.0,0.0,0.0,0.0,0.0,0.0,20.01,17.6,-0.01,0.0,0.0,0.0,60.0,59.9,74.7,0.0,274.3,275.0,275.0,0.0,0.0,0.0,600.0,1369814.0,41157.0,126333.0,1.0,0.979,0.748,0.921,0.002,0.004,0.004,0.005,0.01,0.007,0.006,0.0,0.0,0.0,0.0,0.0,0.0,0.0,42796.0,43446.0,43023.0,42871.0,43747.0,41516.0,37634.0,0.74,191.6,16.29,1.3,3.53,2.0,-1.0,13.68,0.016,0.218,3.0,2.0,0.0,0.0,17.87,17.91,17.33,17.67,17.91,18.68,17.74,17.68,17.74,26.21
2016-06-07 02:23:00-05:00,-10.3359785,-3.8666298,502177.0,20.48,0.0,0.451,20.55,0.538,275.5,275.1,272.3,0.0,0.0,0.0,2.109,0.0,60.16,0.0,1379347.0,21.79,0.0,0.0,0.0,0.0,0.0,0.0,0.0,0.0,0.0,0.0,19.95,17.58,-0.004,0.0,0.0,0.0,60.0,59.9,74.7,0.0,274.3,275.0,275.0,0.0,0.0,0.0,600.0,1369814.0,41157.0,126333.0,1.0,0.979,0.748,0.921,0.002,0.003,0.005,0.006,0.009,0.007,0.007,0.0,0.0,0.0,0.0,0.0,0.0,0.0,42796.0,43446.0,43023.0,42871.0,43747.0,41516.0,37634.0,0.755,181.0,16.0,1.2,3.53,2.0,-1.0,13.68,0.016,0.218,3.0,2.0,0.0,0.0,17.8,17.92,17.39,17.72,17.96,18.69,17.77,17.72,17.74,26.21
2016-06-07 02:24:00-05:00,-10.3359785,-3.8666298,502178.0,20.48,0.0,0.452,20.56,0.539,275.7,275.0,272.2,0.0,0.0,0.0,2.111,0.0,60.17,0.0,1379347.0,21.8,0.0,0.0,0.0,0.0,0.0,0.0,0.0,0.0,0.0,0.0,19.97,17.62,-0.015,0.0,0.0,0.0,60.0,59.9,74.7,0.0,274.1,275.0,275.0,0.0,0.0,0.0,600.0,1369814.0,41157.0,126333.0,1.0,0.979,0.748,0.921,0.001,0.002,0.004,0.006,0.009,0.007,0.007,0.0,0.0,0.0,0.0,0.0,0.0,0.0,42796.0,43446.0,43023.0,42871.0,43747.0,41516.0,37634.0,0.547,206.8,27.44,1.3,3.531,2.0,-1.0,13.68,0.016,0.218,3.0,2.0,0.0,0.0,17.9,17.91,17.43,17.72,17.99,18.69,17.77,17.72,17.74,26.2
2016-06-07 02:25:00-05:00,-10.3359785,-3.8666298,502179.0,20.45,0.0,0.453,20.61,0.54,275.8,275.0,272.2,0.0,0.0,0.0,2.098,0.0,60.22,0.0,1379347.0,21.79,0.0,0.0,0.0,0.0,0.0,0.0,0.0,0.0,0.0,0.0,20.0,17.65,0.01,0.0,0.0,0.0,60.0,59.9,74.7,0.0,274.5,275.0,275.0,0.0,0.0,0.0,600.0,1369814.0,41157.0,126333.0,1.0,0.979,0.748,0.921,0.002,0.003,0.004,0.005,0.01,0.006,0.007,0.0,0.0,0.0,0.0,0.0,0.0,0.0,42796.0,43446.0,43023.0,42871.0,43747.0,41516.0,37634.0,0.652,200.9,13.89,0.9,3.53,2.0,-1.0,13.68,0.016,0.218,3.0,2.0,0.0,0.0,17.93,17.92,17.39,17.72,17.91,18.68,17.72,17.75,17.66,26.11
2016-06-07 02:26:00-05:00,-10.3359785,-3.8666298,502180.0,20.45,0.0,0.453,20.65,0.54,275.7,274.9,272.2,0.0,0.0,0.0,2.04,0.0,60.19,0.0,1379347.0,21.79,0.0,0.0,0.0,0.0,0.0,0.0,0.0,0.0,0.0,0.0,20.0,17.68,-0.015,0.0,0.0,0.0,60.0,59.9,74.7,0.0,274.1,274.2,275.0,0.0,0.0,0.0,600.0,1369814.0,41157.0,126333.0,1.0,0.979,0.748,0.921,0.002,0.003,0.004,0.006,0.01,0.007,0.006,0.0,0.0,0.0,0.0,0.0,0.0,0.0,42796.0,43446.0,43023.0,42871.0,43747.0,41516.0,37634.0,0.87,200.8,13.89,1.2,3.528,2.0,-1.0,13.68,0.016,0.218,3.0,2.0,0.0,0.0,17.93,17.92,17.34,17.75,17.91,18.69,17.75,17.77,17.69,26.11
2016-06-07 02:27:00-05:00,-10.3359785,-3.8666298,502181.0,20.43,0.0,0.449,20.67,0.54,275.6,275.0,272.3,0.0,0.0,0.0,2.086,0.0,60.22,0.0,1379347.0,21.79,0.0,0.0,0.0,0.0,0.0,0.0,0.0,0.0,0.0,0.0,20.07,17.69,-0.02,0.0,0.0,0.0,60.0,59.9,74.7,0.0,274.7,274.9,275.0,0.0,0.0,0.0,600.0,1369814.0,41157.0,126333.0,1.0,0.979,0.748,0.921,0.002,0.003,0.005,0.007,0.01,0.006,0.007,0.0,0.0,0.0,0.0,0.0,0.0,0.0,42796.0,43446.0,43023.0,42871.0,43747.0,41516.0,37634.0,0.665,218.3,24.05,1.2,3.53,2.0,-1.0,13.68,0.016,0.218,3.0,2.0,0.0,0.0,17.97,17.95,17.41,17.74,17.93,18.68,17.74,17.8,17.74,26.11
2016-06-07 02:28:00-05:00,-10.3359785,-3.8666298,502182.0,20.42,0.0,0.45,20.7,0.54,276.0,275.0,272.3,0.0,0.0,0.0,2.124,0.0,60.21,0.0,1379347.0,21.79,0.0,0.0,0.0,0.0,0.0,0.0,0.0,0.0,0.0,0.0,20.11,17.75,-0.029,0.0,0.0,0.0,60.0,59.9,74.7,0.0,275.0,275.0,275.6,0.0,0.0,0.0,600.0,1369814.0,41157.0,126333.0,1.0,0.979,0.748,0.921,0.002,0.003,0.004,0.006,0.01,0.006,0.006,0.0,0.0,0.0,0.0,0.0,0.0,0.0,42796.0,43446.0,43023.0,42871.0,43747.0,41516.0,37634.0,0.928,195.9,12.81,1.4,3.531,2.0,-1.0,13.68,0.016,0.218,3.0,2.0,0.0,0.0,18.0,18.02,17.43,17.72,17.95,18.75,17.72,17.74,17.74,26.11
2016-06-07 02:29:00-05:00,-10.3359785,-3.8666298,502183.0,20.4,0.0,0.451,20.68,0.54,276.1,274.9,272.2,0.0,0.0,0.0,2.147,0.0,60.22,0.0,1379347.0,21.78,0.0,0.0,0.0,0.0,0.0,0.0,0.0,0.0,0.0,0.0,20.14,17.73,-0.037,0.0,0.0,0.0,60.0,59.9,74.7,0.0,275.0,275.0,275.2,0.0,0.0,0.0,600.0,1369814.0,41157.0,126333.0,1.0,0.979,0.748,0.921,0.001,0.003,0.004,0.005,0.009,0.006,0.006,0.0,0.0,0.0,0.0,0.0,0.0,0.0,42796.0,43446.0,43023.0,42871.0,43747.0,41516.0,37634.0,0.533,208.8,20.96,0.9,3.53,2.0,-1.0,13.68,0.016,0.218,3.0,2.0,0.0,0.0,18.0,18.02,17.43,17.73,17.87,18.69,17.72,17.73,17.74,26.11
2016-06-07 02:30:00-05:00,-10.3359785,-3.8666298,502184.0,20.4,0.0,0.452,20.63,0.54,276.0,275.0,272.2,0.0,0.0,0.0,2.154,0.0,60.22,0.0,1379347.0,21.79,0.0,0.0,0.0,0.0,0.0,0.0,0.0,0.0,0.0,0.0,20.01,17.73,-0.037,0.0,0.0,0.0,60.0,59.9,74.7,0.0,275.0,275.0,275.1,0.0,0.0,0.0,600.0,1369814.0,41157.0,126333.0,1.0,0.979,0.748,0.921,0.002,0.003,0.005,0.005,0.009,0.006,0.006,0.0,0.0,0.0,0.0,0.0,0.0,0.0,42796.0,43446.0,43023.0,42871.0,43747.0,41516.0,37634.0,0.62,197.0,25.45,1.4,3.53,2.0,-1.0,13.68,0.016,0.218,3.0,2.0,0.0,0.0,18.0,18.0,17.43,17.72,17.82,18.69,17.78,17.72,17.74,26.11
2016-06-07 02:31:00-05:00,-10.3359785,-3.8666298,502185.0,20.37,0.0,0.458,20.6,0.54,275.8,274.9,272.2,0.0,0.0,0.0,2.134,0.0,60.13,0.0,1379347.0,21.81,0.0,0.0,0.0,0.0,0.0,0.0,0.0,0.0,0.0,0.0,19.95,17.7,-0.036,0.0,0.0,0.0,60.0,59.9,74.7,0.0,274.2,275.0,275.0,0.0,0.0,0.0,600.0,1369814.0,41157.0,126333.0,1.0,0.979,0.748,0.921,0.002,0.003,0.004,0.006,0.01,0.006,0.007,0.0,0.0,0.0,0.0,0.0,0.0,0.0,42796.0,43446.0,43023.0,42871.0,43747.0,41516.0,37634.0,1.077,204.4,8.32,1.5,3.53,2.0,-1.0,13.68,0.016,0.218,3.0,2.0,0.0,0.0,17.98,18.02,17.43,17.78,17.88,18.71,17.82,17.75,17.74,26.02
2016-06-07 02:32:00-05:00,-10.3359785,-3.7545533,502186.0,20.37,0.0,0.458,20.61,0.54,275.8,274.7,272.1,0.0,0.0,0.0,2.152,0.0,60.14,0.0,1379347.0,21.79,0.0,0.0,0.0,0.0,0.0,0.0,0.0,0.0,0.0,0.0,19.98,17.65,-0.037,0.0,0.0,0.0,60.0,59.9,74.7,0.0,274.0,274.3,275.0,0.0,0.0,0.0,600.0,1369814.0,41157.0,126333.0,1.0,0.979,0.748,0.921,0.003,0.003,0.005,0.006,0.009,0.007,0.007,0.0,0.0,0.0,0.0,0.0,0.0,0.0,42796.0,43446.0,43023.0,42871.0,43747.0,41516.0,37634.0,0.6,206.5,15.16,1.0,3.53,2.0,-1.0,13.68,0.016,0.218,3.0,2.0,0.0,0.0,17.91,17.94,17.43,17.82,17.93,18.69,17.82,17.79,17.74,26.02
2016-06-07 02:33:00-05:00,-10.3359785,-3.7545533,502187.0,20.36,0.0,0.46,20.55,0.54,275.6,274.8,272.2,0.0,0.0,0.0,2.19,0.0,60.18,0.0,1379347.0,21.79,0.0,0.0,0.0,0.0,0.0,0.0,0.0,0.0,0.0,0.0,19.94,17.63,-0.037,0.0,0.0,0.0,60.0,59.9,74.7,0.0,274.1,274.0,275.0,0.0,0.0,0.0,600.0,1369814.0,41157.0,126333.0,1.0,0.979,0.748,0.921,0.002,0.003,0.004,0.006,0.009,0.006,0.007,0.0,0.0,0.0,0.0,0.0,0.0,0.0,42796.0,43446.0,43023.0,42871.0,43747.0,41516.0,37634.0,0.747,196.7,13.43,1.1,3.531,2.0,-1.0,13.68,0.016,0.218,3.0,2.0,0.0,0.0,17.9,17.92,17.43,17.77,17.91,18.69,17.78,17.75,17.74,26.02
2016-06-07 02:34:00-05:00,-10.3359785,-3.8666298,502188.0,20.34,0.0,0.463,20.57,0.54,275.6,274.9,272.2,0.0,0.0,0.0,2.193,0.0,60.16,0.0,1379347.0,21.79,0.0,0.0,0.0,0.0,0.0,0.0,0.0,0.0,0.0,0.0,19.95,17.62,-0.038,0.0,0.0,0.0,60.0,59.9,74.7,0.0,274.2,274.2,275.0,0.0,0.0,0.0,600.0,1369814.0,41157.0,126333.0,1.0,0.979,0.748,0.921,0.002,0.003,0.004,0.005,0.009,0.007,0.006,0.0,0.0,0.0,0.0,0.0,0.0,0.0,42796.0,43446.0,43023.0,42871.0,43747.0,41516.0,37634.0,0.7,197.8,13.29,1.1,3.53,2.0,-1.0,13.68,0.016,0.218,3.0,2.0,0.0,0.0,17.89,17.92,17.43,17.75,17.85,18.71,17.73,17.72,17.74,26.02
2016-06-07 02:35:00-05:00,-10.3359785,-3.8666298,502189.0,20.33,0.0,0.462,20.52,0.54,275.7,274.9,272.2,0.0,0.0,0.0,2.182,0.0,60.14,0.0,1379347.0,21.79,0.0,0.0,0.0,0.0,0.0,0.0,0.0,0.0,0.0,0.0,19.93,17.6,-0.037,0.0,0.0,0.0,60.0,59.9,74.7,0.0,274.5,274.4,275.0,0.0,0.0,0.0,600.0,1369814.0,41157.0,126333.0,1.0,0.979,0.748,0.921,0.002,0.004,0.004,0.006,0.01,0.007,0.006,0.0,0.0,0.0,0.0,0.0,0.0,0.0,42796.0,43446.0,43023.0,42871.0,43747.0,41516.0,37634.0,0.86,204.0,23.68,1.3,3.53,2.0,-1.0,13.68,0.016,0.218,3.0,2.0,0.0,0.0,17.82,17.92,17.39,17.72,17.83,18.71,17.73,17.7,17.74,25.97
2016-06-07 02:36:00-05:00,-10.3359785,-3.8666298,502190.0,20.31,0.0,0.462,20.5,0.54,275.7,275.0,272.2,0.0,0.0,0.0,2.188,0.0,60.14,0.0,1379347.0,21.79,0.0,0.0,0.0,0.0,0.0,0.0,0.0,0.0,0.0,0.0,19.91,17.55,-0.038,0.0,0.0,0.0,60.0,59.9,74.7,0.0,275.0,274.9,275.0,0.0,0.0,0.0,600.0,1369814.0,41157.0,126333.0,1.0,0.979,0.748,0.921,0.002,0.003,0.005,0.005,0.01,0.006,0.007,0.0,0.0,0.0,0.0,0.0,0.0,0.0,42796.0,43446.0,43023.0,42871.0,43747.0,41516.0,37634.0,0.602,206.8,16.87,0.9,3.531,2.0,-1.0,13.68,0.016,0.218,3.0,2.0,0.0,0.0,17.8,17.92,17.43,17.75,17.88,18.69,17.82,17.7,17.74,25.92
2016-06-07 02:37:00-05:00,-10.3359785,-3.8666298,502191.0,20.31,0.0,0.461,20.54,2.214,275.7,275.0,272.3,0.0,0.0,0.0,3.803,0.0,60.14,0.0,1379347.0,21.79,0.0,0.0,0.0,0.0,0.0,0.0,0.0,0.0,0.0,0.0,19.96,17.62,-0.037,0.0,0.0,0.0,60.0,59.9,74.7,0.0,275.0,275.0,275.0,0.0,0.0,0.0,600.0,1369814.0,41157.0,126333.0,1.0,0.979,0.748,0.921,0.002,0.003,0.004,0.005,0.01,0.006,0.007,0.0,0.0,0.0,0.0,0.0,0.0,0.0,42796.0,43446.0,43023.0,42871.0,43747.0,41516.0,37634.0,0.648,210.6,21.57,1.1,3.531,2.0,-1.0,13.68,0.016,0.218,3.0,2.0,0.0,0.0,17.85,17.87,17.43,17.75,17.85,18.68,17.82,17.64,17.74,25.92
2016-06-07 02:38:00-05:00,-10.3359785,-3.7545533,502192.0,20.29,0.0,0.461,20.55,0.54,275.8,275.0,272.2,0.0,0.0,0.0,2.143,0.0,60.16,0.0,1379347.0,21.78,0.0,0.0,0.0,0.0,0.0,0.0,0.0,0.0,0.0,0.0,19.97,17.66,-0.038,0.0,0.0,0.0,60.0,59.9,74.7,0.0,275.0,275.0,275.0,0.0,0.0,0.0,600.0,1369814.0,41157.0,126333.0,1.0,0.979,0.748,0.921,0.001,0.003,0.004,0.006,0.01,0.006,0.006,0.0,0.0,0.0,0.0,0.0,0.0,0.0,42796.0,43446.0,43023.0,42871.0,43747.0,41516.0,37634.0,0.725,201.4,21.02,1.3,3.531,2.0,-1.0,13.68,0.016,0.218,3.0,2.0,0.0,0.0,17.86,17.87,17.43,17.77,17.83,18.71,17.82,17.75,17.64,25.92
2016-06-07 02:39:00-05:00,-10.3359785,-3.6424768,502193.0,20.28,0.0,0.465,20.59,0.54,276.0,275.1,272.3,0.0,0.0,0.0,2.096,0.0,60.21,0.0,1379347.0,21.8,0.0,0.0,0.0,0.0,0.0,0.0,0.0,0.0,0.0,0.0,20.01,17.69,-0.038,0.0,0.0,0.0,60.0,59.9,74.7,0.0,275.0,275.0,275.0,0.0,0.0,0.0,600.0,1369814.0,41157.0,126333.0,1.0,0.979,0.748,0.921,0.001,0.002,0.005,0.005,0.01,0.006,0.006,0.0,0.0,0.0,0.0,0.0,0.0,0.0,42796.0,43446.0,43023.0,42871.0,43747.0,41516.0,37634.0,0.713,207.7,16.42,1.0,3.53,2.0,-1.0,13.68,0.016,0.218,3.0,2.0,0.0,0.0,17.95,17.92,17.43,17.73,17.95,18.71,17.85,17.69,17.64,25.92
2016-06-07 02:40:00-05:00,-10.3359785,-3.4183247,502194.0,20.26,0.0,0.464,20.66,0.53,275.8,275.1,272.3,0.0,0.0,0.0,2.129,0.0,60.21,0.0,1379347.0,21.78,0.0,0.0,0.0,0.0,0.0,0.0,0.0,0.0,0.0,0.0,20.09,17.81,-0.038,0.0,0.0,0.0,60.0,59.9,74.7,0.0,275.0,275.0,275.0,0.0,0.0,0.0,600.0,1369814.0,41157.0,126333.0,1.0,0.979,0.748,0.921,0.002,0.003,0.004,0.006,0.01,0.006,0.007,0.0,0.0,0.0,0.0,0.0,0.0,0.0,42796.0,43446.0,43023.0,42871.0,43747.0,41516.0,37634.0,1.033,202.7,15.59,1.6,3.528,2.0,-1.0,13.68,0.016,0.218,3.0,2.0,0.0,0.0,18.0,17.97,17.43,17.77,17.91,18.71,17.85,17.69,17.69,25.9
2016-06-07 02:41:00-05:00,-9.979566,-3.4183247,502195.0,20.26,0.0,0.463,20.69,0.521,275.8,275.0,272.3,0.0,0.0,0.0,2.12,0.0,60.13,0.0,1379347.0,21.78,0.0,0.0,0.0,0.0,0.0,0.0,0.0,0.0,0.0,0.0,20.09,17.8,-0.033,0.0,0.0,0.0,60.0,59.9,74.7,0.0,275.0,275.0,275.0,0.0,0.0,0.0,600.0,1369814.0,41157.0,126333.0,1.0,0.979,0.748,0.921,0.002,0.003,0.004,0.006,0.008,0.006,0.006,0.0,0.0,0.0,0.0,0.0,0.0,0.0,42796.0,43446.0,43023.0,42871.0,43747.0,41516.0,37634.0,0.717,213.2,16.78,1.1,3.531,2.0,-1.0,13.68,0.016,0.218,3.0,2.0,0.0,0.0,18.0,18.02,17.49,17.82,17.96,18.83,17.95,17.78,17.74,25.9
2016-06-07 02:42:00-05:00,-9.860761,-3.4183247,502196.0,20.25,0.0,0.463,20.6,0.524,275.9,275.0,272.3,0.0,0.0,0.0,2.12,0.0,60.15,0.0,1379347.0,21.79,0.0,0.0,0.0,0.0,0.0,0.0,0.0,0.0,0.0,0.0,20.02,17.79,-0.038,0.0,0.0,0.0,60.0,59.9,74.7,0.0,275.0,275.0,275.2,0.0,0.0,0.0,600.0,1369814.0,41157.0,126333.0,1.0,0.979,0.748,0.921,0.002,0.003,0.004,0.006,0.009,0.007,0.006,0.0,0.0,0.0,0.0,0.0,0.0,0.0,42796.0,43446.0,43023.0,42871.0,43747.0,41516.0,37634.0,0.787,201.3,22.06,1.5,3.53,2.0,-1.0,13.68,0.016,0.218,3.0,2.0,0.0,0.0,18.0,18.02,17.54,17.82,18.01,18.81,17.93,17.83,17.74,25.82
2016-06-07 02:43:00-05:00,-9.623153,-3.4183247,502197.0,20.24,0.0,0.462,20.6,0.516,276.0,275.0,272.4,0.0,0.0,0.0,2.142,0.0,60.14,0.0,1379347.0,21.79,0.0,0.0,0.0,0.0,0.0,0.0,0.0,0.0,0.0,0.0,19.98,17.77,-0.038,0.0,0.0,0.0,60.0,59.9,74.7,0.0,275.0,275.0,275.8,0.0,0.0,0.0,600.0,1369814.0,41157.0,126333.0,1.0,0.979,0.748,0.921,0.003,0.004,0.004,0.006,0.009,0.006,0.006,0.0,0.0,0.0,0.0,0.0,0.0,0.0,42796.0,43446.0,43023.0,42871.0,43747.0,41516.0,37634.0,0.885,208.5,21.54,1.4,3.53,2.0,-1.0,13.68,0.016,0.218,3.0,2.0,0.0,0.0,18.0,18.03,17.54,17.82,17.96,18.83,18.01,17.85,17.74,25.82
2016-06-07 02:44:00-05:00,-9.860761,-3.4183247,502198.0,20.22,0.0,0.461,20.61,0.818,275.8,275.1,272.4,0.0,0.0,0.0,2.446,0.0,60.18,0.0,1379347.0,21.79,0.0,0.0,0.0,0.0,0.0,0.0,0.0,0.0,0.0,0.0,20.06,17.82,-0.037,0.0,0.0,0.0,60.0,59.9,74.7,0.0,275.0,275.0,275.8,0.0,0.0,0.0,600.0,1369814.0,41157.0,126333.0,1.0,0.979,0.748,0.921,0.002,0.003,0.005,0.006,0.009,0.005,0.007,0.0,0.0,0.0,0.0,0.0,0.0,0.0,42796.0,43446.0,43023.0,42871.0,43747.0,41516.0,37634.0,1.022,206.2,12.25,1.9,3.53,2.0,-1.0,13.68,0.016,0.218,3.0,2.0,0.0,0.0,18.03,18.07,17.52,17.82,17.95,18.79,18.01,17.82,17.74,25.82
2016-06-07 02:45:00-05:00,-9.979566,-3.4183247,502199.0,20.21,0.0,0.461,20.6,0.677,276.0,275.0,272.3,0.0,0.0,0.0,2.326,0.0,60.18,0.0,1379347.0,21.78,0.0,0.0,0.0,0.0,0.0,0.0,0.0,0.0,0.0,0.0,20.04,17.84,-0.037,0.0,0.0,0.0,60.0,59.9,74.7,0.0,275.0,275.0,275.5,0.0,0.0,0.0,600.0,1369814.0,41157.0,126333.0,1.0,0.979,0.748,0.921,0.001,0.002,0.004,0.006,0.01,0.006,0.006,0.0,0.0,0.0,0.0,0.0,0.0,0.0,42796.0,43446.0,43023.0,42871.0,43747.0,41516.0,37634.0,0.853,204.3,22.34,1.7,3.53,2.0,-1.0,13.68,0.016,0.218,3.0,2.0,0.0,0.0,18.05,18.1,17.56,17.85,17.98,18.83,17.95,17.82,17.84,25.77
2016-06-07 02:46:00-05:00,-9.741957,-3.4183247,502200.0,20.21,0.0,0.46,20.58,1.953,275.6,274.7,271.9,0.0,0.0,0.0,3.583,0.0,60.22,0.0,1379347.0,21.79,0.0,0.0,0.0,0.0,0.0,0.0,0.0,0.0,0.0,0.0,20.01,17.85,-0.037,0.0,0.0,0.0,60.0,59.9,74.7,0.0,274.3,274.3,275.2,0.0,0.0,0.0,600.0,1369814.0,41157.0,126333.0,1.0,0.979,0.748,0.921,0.002,0.003,0.005,0.005,0.01,0.006,0.007,0.0,0.0,0.0,0.0,0.0,0.0,0.0,42796.0,43446.0,43023.0,42871.0,43747.0,41516.0,37634.0,1.297,200.1,17.27,2.7,3.528,2.0,-1.0,13.68,0.016,0.218,3.0,2.0,0.0,0.0,18.05,18.1,17.62,17.82,18.05,18.91,17.98,17.82,17.84,25.72
2016-06-07 02:47:00-05:00,-9.504348,-3.4183247,502201.0,20.19,0.0,0.46,20.57,0.529,275.4,274.6,271.9,0.0,0.0,0.0,2.057,0.0,60.2,0.0,1379347.0,21.78,0.0,0.0,0.0,0.0,0.0,0.0,0.0,0.0,0.0,0.0,20.04,17.92,-0.038,0.0,0.0,0.0,60.0,59.9,74.7,0.0,274.0,274.0,275.0,0.0,0.0,0.0,600.0,1369814.0,41157.0,126333.0,1.0,0.979,0.748,0.921,0.001,0.003,0.004,0.006,0.009,0.006,0.006,0.0,0.0,0.0,0.0,0.0,0.0,0.0,42796.0,43446.0,43023.0,42871.0,43747.0,41516.0,37634.0,1.085,210.2,15.64,1.8,3.53,2.0,-1.0,13.68,0.016,0.218,3.0,2.0,0.0,0.0,18.1,18.15,17.66,17.85,18.04,18.87,18.03,17.86,17.9,25.72
2016-06-07 02:48:00-05:00,-9.860761,-3.4183247,502202.0,20.18,0.0,0.46,20.54,0.529,275.9,274.3,271.6,0.0,0.0,0.0,2.118,0.0,60.14,0.0,1379347.0,21.79,0.0,0.0,0.0,0.0,0.0,0.0,0.0,0.0,0.0,0.0,19.98,17.87,-0.038,0.0,0.0,0.0,60.0,59.9,74.7,0.0,274.0,274.0,275.0,0.0,0.0,0.0,600.0,1369814.0,41157.0,126333.0,1.0,0.979,0.748,0.921,0.003,0.003,0.005,0.005,0.009,0.005,0.006,0.0,0.0,0.0,0.0,0.0,0.0,0.0,42796.0,43446.0,43023.0,42871.0,43747.0,41516.0,37634.0,0.698,196.3,13.07,1.2,3.531,2.0,-1.0,13.68,0.016,0.218,3.0,2.0,0.0,0.0,18.1,18.12,17.56,17.82,18.01,18.79,17.96,17.8,17.92,25.72
2016-06-07 02:49:00-05:00,-9.979566,-3.4183247,502203.0,20.16,0.0,0.459,20.5,0.538,275.4,274.5,271.9,0.0,0.0,0.0,2.141,0.0,60.14,0.0,1379347.0,21.79,0.0,0.0,0.0,0.0,0.0,0.0,0.0,0.0,0.0,0.0,19.96,17.82,-0.038,0.0,0.0,0.0,60.0,59.9,74.7,0.0,274.0,274.0,275.0,0.0,0.0,0.0,600.0,1369814.0,41157.0,126333.0,1.0,0.979,0.748,0.921,0.002,0.004,0.004,0.006,0.009,0.006,0.006,0.0,0.0,0.0,0.0,0.0,0.0,0.0,42796.0,43446.0,43023.0,42871.0,43747.0,41516.0,37634.0,1.013,215.5,12.18,1.8,3.53,2.0,-1.0,13.68,0.016,0.218,3.0,2.0,0.0,0.0,18.06,18.1,17.51,17.82,17.93,18.81,17.88,17.8,17.84,25.72
2016-06-07 02:50:00-05:00,-10.3359785,-3.530401,502204.0,20.15,0.0,0.459,20.56,0.579,275.5,274.6,271.9,0.0,0.0,0.0,2.251,0.0,60.14,0.0,1379347.0,21.78,0.0,0.0,0.0,0.0,0.0,0.0,0.0,0.0,0.0,0.0,20.02,17.84,-0.037,0.0,0.0,0.0,60.0,59.9,74.7,0.0,274.0,274.0,275.0,0.0,0.0,0.0,600.0,1369814.0,41157.0,126333.0,1.0,0.979,0.748,0.921,0.001,0.003,0.004,0.005,0.009,0.007,0.005,0.0,0.0,0.0,0.0,0.0,0.0,0.0,42796.0,43446.0,43023.0,42871.0,43747.0,41516.0,37634.0,0.555,207.7,12.8,1.0,3.531,2.0,-1.0,13.68,0.016,0.218,3.0,2.0,0.0,0.0,18.1,18.08,17.43,17.77,17.86,18.81,17.83,17.69,17.84,25.72
2016-06-07 02:51:00-05:00,-10.3359785,-3.6424768,502205.0,20.15,0.0,0.459,20.58,0.785,275.7,274.4,271.7,0.0,0.0,0.0,2.478,0.0,60.17,0.0,1379347.0,21.78,0.0,0.0,0.0,0.0,0.0,0.0,0.0,0.0,0.0,0.0,20.09,17.86,-0.037,0.0,0.0,0.0,60.0,59.9,74.7,0.0,274.0,274.0,275.0,0.0,0.0,0.0,600.0,1369814.0,41157.0,126333.0,1.0,0.979,0.748,0.921,0.002,0.002,0.004,0.006,0.01,0.006,0.007,0.0,0.0,0.0,0.0,0.0,0.0,0.0,42796.0,43446.0,43023.0,42871.0,43747.0,41516.0,37634.0,0.685,218.7,16.42,1.2,3.531,2.0,-1.0,13.68,0.016,0.218,3.0,2.0,0.0,0.0,18.13,18.02,17.48,17.75,17.85,18.83,17.83,17.69,17.76,25.7
2016-06-07 02:52:00-05:00,-10.3359785,-3.530401,502206.0,20.14,0.0,0.462,20.59,0.54,275.5,274.5,271.8,0.0,0.0,0.0,2.178,0.0,60.15,0.0,1379347.0,21.79,0.0,0.0,0.0,0.0,0.0,0.0,0.0,0.0,0.0,0.0,20.06,17.85,-0.038,0.0,0.0,0.0,60.0,59.9,74.7,0.0,274.0,274.0,275.0,0.0,0.0,0.0,600.0,1369814.0,41157.0,126333.0,1.0,0.979,0.748,0.921,0.002,0.003,0.004,0.006,0.009,0.006,0.006,0.0,0.0,0.0,0.0,0.0,0.0,0.0,42796.0,43446.0,43023.0,42871.0,43747.0,41516.0,37634.0,0.857,197.2,16.26,1.5,3.53,2.0,-1.0,13.68,0.016,0.218,3.0,2.0,0.0,0.0,18.11,18.02,17.46,17.75,17.88,18.86,17.8,17.69,17.74,25.66
2016-06-07 02:53:00-05:00,-10.3359785,-3.530401,502207.0,20.13,0.0,0.464,20.58,0.742,275.2,274.7,271.9,0.0,0.0,0.0,2.415,0.0,60.14,0.0,1379347.0,21.78,0.0,0.0,0.0,0.0,0.0,0.0,0.0,0.0,0.0,0.0,20.08,17.84,-0.037,0.0,0.0,0.0,60.0,59.9,74.7,0.0,274.0,274.0,275.0,0.0,0.0,0.0,600.0,1369814.0,41157.0,126333.0,1.0,0.979,0.748,0.921,0.002,0.003,0.004,0.006,0.01,0.005,0.006,0.0,0.0,0.0,0.0,0.0,0.0,0.0,42796.0,43446.0,43023.0,42871.0,43747.0,41516.0,37634.0,0.422,205.2,20.56,0.8,3.53,2.0,-1.0,13.68,0.016,0.218,3.0,2.0,0.0,0.0,18.1,18.02,17.44,17.67,17.78,18.91,17.72,17.62,17.74,25.63
2016-06-07 02:54:00-05:00,-10.3359785,-3.6424768,502208.0,20.12,0.0,0.463,20.61,0.54,275.4,274.6,271.9,0.0,0.0,0.0,2.176,0.0,60.16,0.0,1379347.0,21.78,0.0,0.0,0.0,0.0,0.0,0.0,0.0,0.0,0.0,0.0,20.03,17.84,-0.038,0.0,0.0,0.0,60.0,59.9,74.7,0.0,274.0,274.0,275.0,0.0,0.0,0.0,600.0,1369814.0,41157.0,126333.0,1.0,0.979,0.748,0.921,0.002,0.003,0.004,0.006,0.009,0.006,0.006,0.0,0.0,0.0,0.0,0.0,0.0,0.0,42796.0,43446.0,43023.0,42871.0,43747.0,41516.0,37634.0,0.345,204.6,26.04,0.7,3.531,2.0,-1.0,13.68,0.016,0.218,3.0,2.0,0.0,0.0,18.03,17.94,17.34,17.64,17.8,18.85,17.62,17.6,17.69,25.63
2016-06-07 02:55:00-05:00,-10.3359785,-3.7545533,502209.0,20.1,0.0,0.462,20.56,0.54,275.4,274.7,272.0,0.0,0.0,0.0,2.199,0.0,60.19,0.0,1379347.0,21.78,0.0,0.0,0.0,0.0,0.0,0.0,0.0,0.0,0.0,0.0,20.04,17.84,-0.038,0.0,0.0,0.0,60.0,59.9,74.7,0.0,274.0,274.0,275.0,0.0,0.0,0.0,600.0,1369814.0,41157.0,126333.0,1.0,0.979,0.748,0.921,0.002,0.003,0.004,0.005,0.009,0.006,0.006,0.0,0.0,0.0,0.0,0.0,0.0,0.0,42796.0,43446.0,43023.0,42871.0,43747.0,41516.0,37634.0,0.605,218.0,13.65,1.0,3.53,2.0,-1.0,13.68,0.016,0.217,3.0,2.0,0.0,0.0,18.06,17.92,17.33,17.59,17.77,18.81,17.57,17.57,17.64,25.63
2016-06-07 02:56:00-05:00,-10.3359785,-3.7545533,502210.0,20.1,0.0,0.467,20.52,0.54,275.6,274.7,271.9,0.0,0.0,0.0,2.18,0.0,60.19,0.0,1379347.0,21.79,0.0,0.0,0.0,0.0,0.0,0.0,0.0,0.0,0.0,0.0,20.04,17.79,-0.036,0.0,0.0,0.0,60.0,59.9,74.7,0.0,274.0,274.0,275.0,0.0,0.0,0.0,600.0,1369814.0,41157.0,126333.0,1.0,0.979,0.748,0.921,0.002,0.003,0.004,0.005,0.009,0.006,0.005,0.0,0.0,0.0,0.0,0.0,0.0,0.0,42796.0,43446.0,43023.0,42871.0,43747.0,41516.0,37634.0,0.64,199.7,21.52,1.0,3.531,2.0,-1.0,13.68,0.016,0.218,3.0,2.0,0.0,0.0,18.1,17.9,17.26,17.61,17.8,18.81,17.62,17.56,17.56,25.63
2016-06-07 02:57:00-05:00,-10.3359785,-3.530401,502211.0,20.09,0.0,0.47,20.55,0.54,275.5,274.7,272.0,0.0,0.0,0.0,2.191,0.0,60.23,0.0,1379347.0,21.8,0.0,0.0,0.0,0.0,0.0,0.0,0.0,0.0,0.0,0.0,20.07,17.82,-0.038,0.0,0.0,0.0,60.0,59.9,74.7,0.0,274.0,274.0,275.0,0.0,0.0,0.0,600.0,1369814.0,41157.0,126333.0,1.0,0.979,0.748,0.921,0.001,0.003,0.004,0.006,0.009,0.006,0.006,0.0,0.0,0.0,0.0,0.0,0.0,0.0,42796.0,43446.0,43023.0,42871.0,43747.0,41516.0,37634.0,0.56,224.5,13.28,0.9,3.528,2.0,-1.0,13.68,0.016,0.218,3.0,2.0,0.0,0.0,18.07,17.84,17.29,17.59,17.73,18.83,17.62,17.6,17.54,25.56
2016-06-07 02:58:00-05:00,-10.3359785,-3.6424768,502212.0,20.08,0.0,0.469,20.61,0.54,275.4,274.8,272.0,0.0,0.0,0.0,2.191,0.0,60.22,0.0,1379347.0,21.79,0.0,0.0,0.0,0.0,0.0,0.0,0.0,0.0,0.0,0.0,20.1,17.82,-0.038,0.0,0.0,0.0,60.0,59.9,74.7,0.0,274.0,274.0,275.0,0.0,0.0,0.0,600.0,1369814.0,41157.0,126333.0,1.0,0.979,0.748,0.921,0.002,0.003,0.004,0.005,0.009,0.006,0.007,0.0,0.0,0.0,0.0,0.0,0.0,0.0,42796.0,43446.0,43023.0,42871.0,43747.0,41516.0,37634.0,0.522,193.3,38.05,1.0,3.53,2.0,-1.0,13.68,0.016,0.218,3.0,2.0,0.0,0.0,18.07,17.82,17.23,17.52,17.73,18.78,17.57,17.59,17.54,25.53
2016-06-07 02:59:00-05:00,-10.3359785,-3.7545533,502213.0,20.07,0.0,0.467,20.56,0.54,275.6,274.7,271.9,0.0,0.0,0.0,2.207,0.0,60.23,0.0,1379347.0,21.79,0.0,0.0,0.0,0.0,0.0,0.0,0.0,0.0,0.0,0.0,20.04,17.77,-0.038,0.0,0.0,0.0,60.0,59.9,74.7,0.0,274.0,274.0,275.0,0.0,0.0,0.0,600.0,1369814.0,41157.0,126333.0,1.0,0.979,0.748,0.921,0.002,0.003,0.005,0.006,0.01,0.006,0.006,0.0,0.0,0.0,0.0,0.0,0.0,0.0,42796.0,43446.0,43023.0,42871.0,43747.0,41516.0,37634.0,0.413,191.4,13.52,0.6,3.53,2.0,-1.0,13.68,0.016,0.217,3.0,2.0,0.0,0.0,18.05,17.76,17.25,17.51,17.72,18.73,17.48,17.52,17.54,25.53
2016-06-07 03:00:00-05:00,-10.3359785,-3.8666298,502214.0,20.05,0.0,0.465,20.49,0.54,275.3,274.7,272.0,0.0,0.0,0.0,2.204,0.0,60.16,0.0,1379347.0,21.79,0.0,0.0,0.0,0.0,0.0,0.0,0.0,0.0,0.0,0.0,19.95,17.69,-0.038,0.0,0.0,0.0,60.0,59.9,74.7,0.0,274.0,274.0,275.0,0.0,0.0,0.0,600.0,1369814.0,41157.0,126333.0,1.0,0.979,0.748,0.921,0.001,0.002,0.004,0.006,0.01,0.006,0.006,0.0,0.0,0.0,0.0,0.0,0.0,0.0,42796.0,43446.0,43023.0,42871.0,43747.0,41516.0,37634.0,0.267,212.8,28.4,0.5,3.53,2.0,-1.0,13.68,0.016,0.218,3.0,2.0,0.0,0.0,17.9,17.73,17.16,17.47,17.65,18.57,17.39,17.49,17.49,25.53
2016-06-07 03:01:00-05:00,-10.3359785,-3.8666298,502215.0,20.05,0.0,0.464,20.43,0.54,275.3,274.6,271.8,0.0,0.0,0.0,2.206,0.0,60.17,0.0,1379347.0,21.78,0.0,0.0,0.0,0.0,0.0,0.0,0.0,0.0,0.0,0.0,19.86,17.54,-0.038,0.0,0.0,0.0,60.0,59.9,74.7,0.0,274.0,274.0,275.0,0.0,0.0,0.0,600.0,1369814.0,41157.0,126333.0,1.0,0.979,0.748,0.921,0.001,0.003,0.003,0.005,0.01,0.006,0.006,0.0,0.0,0.0,0.0,0.0,0.0,0.0,42796.0,43446.0,43023.0,42871.0,43747.0,41516.0,37634.0,0.533,187.0,11.76,0.7,3.531,2.0,-1.0,13.68,0.016,0.218,3.0,2.0,0.0,0.0,17.77,17.69,17.15,17.49,17.67,18.7,17.38,17.47,17.43,25.53
2016-06-07 03:02:00-05:00,-10.3359785,-3.8666298,502216.0,20.04,0.0,0.463,20.33,0.54,275.3,274.6,271.9,0.0,0.0,0.0,2.212,0.0,60.15,0.0,1379347.0,21.79,0.0,0.0,0.0,0.0,0.0,0.0,0.0,0.0,0.0,0.0,19.77,17.45,-0.038,0.0,0.0,0.0,60.0,59.9,74.7,0.0,274.0,274.0,275.0,0.0,0.0,0.0,600.0,1369814.0,41157.0,126333.0,1.0,0.979,0.748,0.921,0.002,0.003,0.003,0.006,0.01,0.006,0.007,0.0,0.0,0.0,0.0,0.0,0.0,0.0,42796.0,43446.0,43023.0,42871.0,43747.0,41516.0,37634.0,0.503,187.6,17.84,0.8,3.53,2.0,-1.0,13.68,0.016,0.218,3.0,2.0,0.0,0.0,17.71,17.61,17.18,17.43,17.7,18.63,17.33,17.45,17.43,25.51
2016-06-07 03:03:00-05:00,-10.3359785,-3.7545533,502217.0,20.02,0.0,0.467,20.25,0.54,275.3,274.6,271.8,0.0,0.0,0.0,2.196,0.0,60.14,0.0,1379347.0,21.79,0.0,0.0,0.0,0.0,0.0,0.0,0.0,0.0,0.0,0.0,19.71,17.34,-0.038,0.0,0.0,0.0,60.0,59.9,74.7,0.0,274.0,274.0,275.0,0.0,0.0,0.0,600.0,1369814.0,41157.0,126333.0,1.0,0.979,0.748,0.921,0.002,0.003,0.004,0.005,0.009,0.005,0.006,0.0,0.0,0.0,0.0,0.0,0.0,0.0,42796.0,43446.0,43023.0,42871.0,43747.0,41516.0,37634.0,0.455,200.2,17.62,0.7,3.53,2.0,-1.0,13.68,0.016,0.218,3.0,2.0,0.0,0.0,17.61,17.54,17.16,17.43,17.68,18.67,17.43,17.44,17.41,25.43
2016-06-07 03:04:00-05:00,-10.3359785,-3.7545533,502218.0,20.02,0.0,0.469,20.15,0.54,275.7,274.5,271.8,0.0,0.0,0.0,2.208,0.0,60.14,0.0,1379347.0,21.79,0.0,0.0,0.0,0.0,0.0,0.0,0.0,0.0,0.0,0.0,19.68,17.27,-0.038,0.0,0.0,0.0,60.0,59.9,74.7,0.0,274.0,274.0,275.0,0.0,0.0,0.0,600.0,1369814.0,41157.0,126333.0,1.0,0.979,0.748,0.921,0.002,0.003,0.004,0.006,0.01,0.006,0.005,0.0,0.0,0.0,0.0,0.0,0.0,0.0,42796.0,43446.0,43023.0,42871.0,43747.0,41516.0,37634.0,0.685,200.0,14.88,1.1,3.531,2.0,-1.0,13.68,0.016,0.218,3.0,2.0,0.0,0.0,17.55,17.55,17.04,17.39,17.68,18.62,17.33,17.43,17.35,25.43
2016-06-07 03:05:00-05:00,-10.3359785,-3.8666298,502219.0,20.0,0.0,0.47,20.23,0.54,275.5,274.6,271.9,0.0,0.0,0.0,2.212,0.0,60.14,0.0,1379347.0,21.79,0.0,0.0,0.0,0.0,0.0,0.0,0.0,0.0,0.0,0.0,19.69,17.31,-0.038,0.0,0.0,0.0,60.0,59.9,74.7,0.0,274.0,274.0,275.0,0.0,0.0,0.0,600.0,1369814.0,41157.0,126333.0,1.0,0.979,0.748,0.921,0.003,0.003,0.004,0.005,0.01,0.006,0.006,0.0,0.0,0.0,0.0,0.0,0.0,0.0,42796.0,43446.0,43023.0,42871.0,43747.0,41516.0,37634.0,0.497,186.7,17.61,1.1,3.53,2.0,-1.0,13.68,0.016,0.217,3.0,2.0,0.0,0.0,17.61,17.63,17.13,17.43,17.64,18.65,17.38,17.38,17.43,25.43
2016-06-07 03:06:00-05:00,-10.3359785,-3.8666298,502220.0,20.0,0.0,0.468,20.24,0.54,275.5,274.8,272.0,0.0,0.0,0.0,2.214,0.0,60.14,0.0,1379347.0,21.79,0.0,0.0,0.0,0.0,0.0,0.0,0.0,0.0,0.0,0.0,19.74,17.36,-0.038,0.0,0.0,0.0,60.0,59.9,74.7,0.0,274.0,274.0,275.0,0.0,0.0,0.0,600.0,1369814.0,41157.0,126333.0,1.0,0.979,0.748,0.921,0.002,0.003,0.004,0.006,0.01,0.006,0.005,0.0,0.0,0.0,0.0,0.0,0.0,0.0,42796.0,43446.0,43023.0,42871.0,43747.0,41516.0,37634.0,0.535,186.7,16.2,1.1,3.53,2.0,-1.0,13.68,0.016,0.217,3.0,2.0,0.0,0.0,17.61,17.59,17.07,17.42,17.62,18.6,17.4,17.41,17.43,25.43
2016-06-07 03:07:00-05:00,-10.09837,-3.6424768,502221.0,19.97,0.0,0.466,20.18,0.54,275.6,274.8,272.0,0.0,0.0,0.0,2.213,0.0,60.14,0.0,1379347.0,21.8,0.0,0.0,0.0,0.0,0.0,0.0,0.0,0.0,0.0,0.0,19.69,17.36,-0.038,0.0,0.0,0.0,60.0,59.9,74.7,0.0,274.0,274.0,275.0,0.0,0.0,0.0,600.0,1369814.0,41157.0,126333.0,1.0,0.979,0.748,0.921,0.001,0.003,0.004,0.006,0.009,0.005,0.006,0.0,0.0,0.0,0.0,0.0,0.0,0.0,42796.0,43446.0,43023.0,42871.0,43747.0,41516.0,37634.0,0.615,196.3,13.48,1.2,3.53,2.0,-1.0,13.68,0.016,0.217,3.0,2.0,0.0,0.0,17.63,17.63,17.1,17.43,17.62,18.62,17.51,17.41,17.4,25.33
2016-06-07 03:08:00-05:00,-9.979566,-3.530401,502222.0,19.97,0.0,0.465,20.15,0.54,275.7,274.8,272.0,0.0,0.0,0.0,2.206,0.0,60.22,0.0,1379347.0,21.79,0.0,0.0,0.0,0.0,0.0,0.0,0.0,0.0,0.0,0.0,19.58,17.31,-0.037,0.0,0.0,0.0,60.0,59.9,74.7,0.0,274.0,274.0,275.0,0.0,0.0,0.0,600.0,1369814.0,41157.0,126333.0,1.0,0.979,0.748,0.921,0.002,0.002,0.004,0.004,0.009,0.006,0.006,0.0,0.0,0.0,0.0,0.0,0.0,0.0,42796.0,43446.0,43023.0,42871.0,43747.0,41516.0,37634.0,0.552,206.7,14.09,0.9,3.53,2.0,-1.0,13.68,0.016,0.218,3.0,2.0,0.0,0.0,17.55,17.58,17.05,17.41,17.57,18.67,17.34,17.44,17.38,25.33
2016-06-07 03:09:00-05:00,-9.979566,-3.530401,502223.0,19.94,0.0,0.464,20.14,0.54,275.7,274.7,271.9,0.0,0.0,0.0,2.212,0.0,60.22,0.0,1379347.0,21.79,0.0,0.0,0.0,0.0,0.0,0.0,0.0,0.0,0.0,0.0,19.51,17.3,-0.038,0.0,0.0,0.0,60.0,59.9,74.7,0.0,274.0,274.0,275.0,0.0,0.0,0.0,600.0,1369814.0,41157.0,126333.0,1.0,0.979,0.748,0.921,0.001,0.003,0.004,0.006,0.009,0.006,0.005,0.0,0.0,0.0,0.0,0.0,0.0,0.0,42796.0,43446.0,43023.0,42871.0,43747.0,41516.0,37634.0,0.498,199.1,7.807,0.7,3.531,2.0,-1.0,13.68,0.016,0.217,3.0,2.0,0.0,0.0,17.61,17.58,17.0,17.41,17.56,18.62,17.23,17.48,17.35,25.33
2016-06-07 03:10:00-05:00,-10.09837,-3.6424768,502224.0,19.94,0.0,0.463,20.15,0.54,275.6,274.7,271.9,0.0,0.0,0.0,2.213,0.0,60.22,0.0,1379347.0,21.79,0.0,0.0,0.0,0.0,0.0,0.0,0.0,0.0,0.0,0.0,19.56,17.26,-0.038,0.0,0.0,0.0,60.0,59.9,74.7,0.0,274.0,274.0,275.0,0.0,0.0,0.0,600.0,1369814.0,41157.0,126333.0,1.0,0.979,0.748,0.921,0.001,0.003,0.004,0.006,0.008,0.006,0.006,0.0,0.0,0.0,0.0,0.0,0.0,0.0,42796.0,43446.0,43023.0,42871.0,43747.0,41516.0,37634.0,0.515,194.4,16.55,1.1,3.531,2.0,-1.0,13.68,0.016,0.217,3.0,2.0,0.0,0.0,17.6,17.53,16.96,17.35,17.54,18.65,17.25,17.44,17.3,25.33
2016-06-07 03:11:00-05:00,-10.09837,-3.4183247,502225.0,19.93,0.0,0.467,20.11,0.54,275.6,274.8,272.1,0.0,0.0,0.0,2.2,0.0,60.22,0.0,1379347.0,21.79,0.0,0.0,0.0,0.0,0.0,0.0,0.0,0.0,0.0,0.0,19.48,17.19,-0.038,0.0,0.0,0.0,60.0,59.9,74.7,0.0,274.0,274.0,275.0,0.0,0.0,0.0,600.0,1369814.0,41157.0,126333.0,1.0,0.979,0.748,0.921,0.002,0.003,0.005,0.005,0.009,0.006,0.006,0.0,0.0,0.0,0.0,0.0,0.0,0.0,42796.0,43446.0,43023.0,42871.0,43747.0,41516.0,37634.0,0.495,190.7,8.64,0.8,3.53,2.0,-1.0,13.68,0.016,0.217,3.0,2.0,0.0,0.0,17.5,17.53,16.99,17.34,17.5,18.65,17.26,17.35,17.27,25.33
2016-06-07 03:12:00-05:00,-10.217174,-3.4183247,502226.0,19.92,0.0,0.466,20.04,0.54,275.2,274.5,271.7,0.0,0.0,0.0,2.206,0.0,60.22,0.0,1379347.0,21.8,0.0,0.0,0.0,0.0,0.0,0.0,0.0,0.0,0.0,0.0,19.39,17.14,-0.038,0.0,0.0,0.0,60.0,59.9,74.7,0.0,274.0,274.0,275.0,0.0,0.0,0.0,600.0,1369814.0,41157.0,126333.0,1.0,0.979,0.748,0.921,0.001,0.004,0.004,0.005,0.01,0.005,0.006,0.0,0.0,0.0,0.0,0.0,0.0,0.0,42796.0,43446.0,43023.0,42871.0,43747.0,41516.0,37634.0,0.402,168.4,16.33,0.6,3.528,2.0,-1.0,13.68,0.015,0.217,3.0,2.0,0.0,0.0,17.42,17.51,16.91,17.29,17.52,18.59,17.25,17.33,17.25,25.33
2016-06-07 03:13:00-05:00,-10.217174,-3.4183247,502227.0,19.9,0.0,0.466,20.01,0.54,275.4,274.3,271.5,0.0,0.0,0.0,2.213,0.0,60.15,0.0,1379347.0,21.79,0.0,0.0,0.0,0.0,0.0,0.0,0.0,0.0,0.0,0.0,19.35,17.05,-0.036,0.0,0.0,0.0,60.0,59.9,74.7,0.0,274.0,274.0,275.0,0.0,0.0,0.0,600.0,1369814.0,41157.0,126333.0,1.0,0.979,0.748,0.921,0.002,0.003,0.004,0.005,0.01,0.005,0.006,0.0,0.0,0.0,0.0,0.0,0.0,0.0,42796.0,43446.0,43023.0,42871.0,43747.0,41516.0,37634.0,0.38,185.0,28.62,0.8,3.53,2.0,-1.0,13.68,0.015,0.217,3.0,2.0,0.0,0.0,17.39,17.48,16.92,17.36,17.58,18.57,17.23,17.37,17.25,25.33
2016-06-07 03:14:00-05:00,-10.3359785,-3.530401,502228.0,19.89,0.0,0.469,20.0,0.54,275.4,274.2,271.5,0.0,0.0,0.0,2.214,0.0,60.16,0.0,1379347.0,21.79,0.0,0.0,0.0,0.0,0.0,0.0,0.0,0.0,0.0,0.0,19.32,16.98,-0.037,0.0,0.0,0.0,60.0,59.9,74.7,0.0,274.0,274.0,275.0,0.0,0.0,0.0,600.0,1369814.0,41157.0,126333.0,1.0,0.979,0.748,0.921,0.002,0.003,0.004,0.005,0.009,0.006,0.006,0.0,0.0,0.0,0.0,0.0,0.0,0.0,42796.0,43446.0,43023.0,42871.0,43747.0,41516.0,37634.0,0.262,183.4,12.49,0.4,3.53,2.0,-1.0,13.68,0.015,0.217,3.0,2.0,0.0,0.0,17.32,17.43,16.91,17.3,17.54,18.54,17.12,17.28,17.17,25.3
2016-06-07 03:15:00-05:00,-10.3359785,-3.7545533,502229.0,19.88,0.0,0.467,19.89,0.54,275.2,274.3,271.5,0.0,0.0,0.0,2.21,0.0,60.18,0.0,1379347.0,21.79,0.0,0.0,0.0,0.0,0.0,0.0,0.0,0.0,0.0,0.0,19.27,16.95,-0.038,0.0,0.0,0.0,60.0,59.9,74.7,0.0,274.0,274.0,275.0,0.0,0.0,0.0,600.0,1369814.0,41157.0,126333.0,1.0,0.979,0.748,0.921,0.002,0.004,0.004,0.006,0.009,0.005,0.005,0.0,0.0,0.0,0.0,0.0,0.0,0.0,42796.0,43446.0,43023.0,42871.0,43747.0,41516.0,37634.0,0.293,189.8,14.68,0.5,3.53,2.0,-1.0,13.68,0.015,0.217,3.0,2.0,0.0,0.0,17.27,17.4,16.87,17.33,17.56,18.51,17.0,17.23,17.15,25.25
2016-06-07 03:16:00-05:00,-10.3359785,-3.7545533,502230.0,19.86,0.0,0.466,19.93,0.54,275.2,274.4,271.6,0.0,0.0,0.0,2.209,0.0,60.22,0.0,1379347.0,21.79,0.0,0.0,0.0,0.0,0.0,0.0,0.0,0.0,0.0,0.0,19.26,16.89,-0.038,0.0,0.0,0.0,60.0,59.9,74.7,0.0,274.0,274.0,275.0,0.0,0.0,0.0,600.0,1369814.0,41157.0,126333.0,1.0,0.979,0.748,0.921,0.001,0.003,0.004,0.005,0.009,0.006,0.006,0.0,0.0,0.0,0.0,0.0,0.0,0.0,42796.0,43446.0,43023.0,42871.0,43747.0,41516.0,37634.0,0.508,186.4,11.11,0.9,3.531,2.0,-1.0,13.68,0.015,0.218,3.0,2.0,0.0,0.0,17.21,17.33,16.81,17.28,17.48,18.51,16.94,17.25,17.15,25.23
2016-06-07 03:17:00-05:00,-10.3359785,-3.530401,502231.0,19.84,0.0,0.465,19.91,0.54,275.1,274.5,271.7,0.0,0.0,0.0,2.209,0.0,60.19,0.0,1379347.0,21.79,0.0,0.0,0.0,0.0,0.0,0.0,0.0,0.0,0.0,0.0,19.22,16.85,-0.038,0.0,0.0,0.0,60.0,59.9,74.7,0.0,274.0,274.0,275.0,0.0,0.0,0.0,600.0,1369814.0,41157.0,126333.0,1.0,0.979,0.748,0.921,0.001,0.003,0.004,0.005,0.009,0.005,0.006,0.0,0.0,0.0,0.0,0.0,0.0,0.0,42796.0,43446.0,43023.0,42871.0,43747.0,41516.0,37634.0,0.563,176.9,13.28,0.9,3.53,2.0,-1.0,13.68,0.015,0.218,3.0,2.0,0.0,0.0,17.14,17.33,16.84,17.3,17.59,18.49,16.94,17.22,17.15,25.22
2016-06-07 03:18:00-05:00,-10.3359785,-3.530401,502232.0,19.84,0.0,0.464,19.84,0.54,275.3,274.3,271.6,0.0,0.0,0.0,2.2,0.0,60.21,0.0,1379347.0,21.8,0.0,0.0,0.0,0.0,0.0,0.0,0.0,0.0,0.0,0.0,19.15,16.84,-0.038,0.0,0.0,0.0,60.0,59.9,74.7,0.0,274.0,274.0,275.0,0.0,0.0,0.0,600.0,1369814.0,41157.0,126333.0,1.0,0.979,0.748,0.921,0.002,0.002,0.004,0.005,0.01,0.006,0.006,0.0,0.0,0.0,0.0,0.0,0.0,0.0,42796.0,43446.0,43023.0,42871.0,43747.0,41516.0,37634.0,0.337,167.3,15.65,0.6,3.531,2.0,-1.0,13.68,0.015,0.217,3.0,2.0,0.0,0.0,17.13,17.33,16.88,17.18,17.6,18.42,16.95,17.25,17.15,25.22
2016-06-07 03:19:00-05:00,-10.3359785,-3.7545533,502233.0,19.81,0.0,0.463,19.85,0.54,275.0,274.5,271.7,0.0,0.0,0.0,2.212,0.0,60.22,0.0,1379347.0,21.78,0.0,0.0,0.0,0.0,0.0,0.0,0.0,0.0,0.0,0.0,19.11,16.81,-0.038,0.0,0.0,0.0,60.0,59.9,74.7,0.0,274.0,274.0,275.0,0.0,0.0,0.0,600.0,1369814.0,41157.0,126333.0,1.0,0.979,0.748,0.921,0.002,0.002,0.004,0.005,0.01,0.005,0.006,0.0,0.0,0.0,0.0,0.0,0.0,0.0,42796.0,43446.0,43023.0,42871.0,43747.0,41516.0,37634.0,0.235,158.3,19.43,0.4,3.528,2.0,-1.0,13.68,0.015,0.217,3.0,2.0,0.0,0.0,17.13,17.24,16.83,17.2,17.54,18.41,16.87,17.25,17.07,25.2
2016-06-07 03:20:00-05:00,-10.3359785,-3.8666298,502234.0,19.8,0.0,0.462,19.85,0.54,275.1,274.5,271.8,0.0,0.0,0.0,2.215,0.0,60.15,0.0,1379347.0,21.78,0.0,0.0,0.0,0.0,0.0,0.0,0.0,0.0,0.0,0.0,19.11,16.78,-0.038,0.0,0.0,0.0,60.0,59.9,74.7,0.0,274.0,274.0,275.0,0.0,0.0,0.0,600.0,1369814.0,41157.0,126333.0,1.0,0.979,0.748,0.921,0.002,0.003,0.004,0.005,0.009,0.005,0.006,0.0,0.0,0.0,0.0,0.0,0.0,0.0,42796.0,43446.0,43023.0,42871.0,43747.0,41516.0,37634.0,0.21,157.6,18.56,0.3,3.531,2.0,-1.0,13.68,0.015,0.217,3.0,2.0,0.0,0.0,17.13,17.24,16.81,17.14,17.5,18.33,16.82,17.27,17.04,25.14
2016-06-07 03:21:00-05:00,-10.3359785,-3.8666298,502235.0,19.78,0.0,0.463,19.91,0.54,275.2,274.4,271.7,0.0,0.0,0.0,2.213,0.0,60.14,0.0,1379347.0,21.79,0.0,0.0,0.0,0.0,0.0,0.0,0.0,0.0,0.0,0.0,19.11,16.75,-0.037,0.0,0.0,0.0,60.0,59.9,74.7,0.0,274.0,274.0,275.0,0.0,0.0,0.0,600.0,1369814.0,41157.0,126333.0,1.0,0.979,0.748,0.921,0.001,0.002,0.004,0.005,0.008,0.005,0.006,0.0,0.0,0.0,0.0,0.0,0.0,0.0,42796.0,43446.0,43023.0,42871.0,43747.0,41516.0,37634.0,0.173,152.5,23.17,0.3,3.53,2.0,-1.0,13.68,0.015,0.217,3.0,2.0,0.0,0.0,17.13,17.24,16.73,17.12,17.47,18.26,16.74,17.15,16.96,25.14
2016-06-07 03:22:00-05:00,-10.3359785,-3.8666298,502236.0,19.77,0.0,0.466,19.89,0.54,275.3,274.4,271.7,0.0,0.0,0.0,2.22,0.0,60.15,0.0,1379347.0,21.79,0.0,0.0,0.0,0.0,0.0,0.0,0.0,0.0,0.0,0.0,19.15,16.75,-0.038,0.0,0.0,0.0,60.0,59.9,74.7,0.0,274.0,274.0,275.0,0.0,0.0,0.0,600.0,1369814.0,41157.0,126333.0,1.0,0.979,0.748,0.921,0.002,0.002,0.004,0.006,0.009,0.005,0.006,0.0,0.0,0.0,0.0,0.0,0.0,0.0,42796.0,43446.0,43023.0,42871.0,43747.0,41516.0,37634.0,0.24,185.4,23.71,0.3,3.53,2.0,-1.0,13.68,0.015,0.217,3.0,2.0,0.0,0.0,17.13,17.19,16.75,17.09,17.43,18.3,16.65,17.17,16.96,25.14
2016-06-07 03:23:00-05:00,-10.3359785,-3.8666298,502237.0,19.75,0.0,0.469,19.97,0.54,275.3,274.5,271.8,0.0,0.0,0.0,2.215,0.0,60.13,0.0,1379347.0,21.79,0.0,0.0,0.0,0.0,0.0,0.0,0.0,0.0,0.0,0.0,19.27,16.76,-0.038,0.0,0.0,0.0,60.0,59.9,74.7,0.0,274.0,274.0,275.0,0.0,0.0,0.0,600.0,1369814.0,41157.0,126333.0,1.0,0.979,0.748,0.921,0.002,0.003,0.004,0.005,0.009,0.006,0.005,0.0,0.0,0.0,0.0,0.0,0.0,0.0,42796.0,43446.0,43023.0,42871.0,43747.0,41516.0,37634.0,0.208,186.3,16.38,0.4,3.53,2.0,-1.0,13.68,0.03,0.217,3.0,2.0,0.0,0.0,17.13,17.24,16.68,17.06,17.5,18.12,16.65,17.12,16.94,25.14
2016-06-07 03:24:00-05:00,-10.3359785,-3.8666298,502238.0,19.73,0.0,0.468,19.97,0.54,275.3,274.5,271.8,0.0,0.0,0.0,2.221,0.0,60.21,0.0,1379347.0,21.79,0.0,0.0,0.0,0.0,0.0,0.0,0.0,0.0,0.0,0.0,19.26,16.73,-0.038,0.0,0.0,0.0,60.0,59.9,74.7,0.0,274.0,274.0,275.0,0.0,0.0,0.0,600.0,1369814.0,41157.0,126333.0,1.0,0.979,0.748,0.921,0.001,0.003,0.004,0.005,0.009,0.006,0.006,0.0,0.0,0.0,0.0,0.0,0.0,0.0,42796.0,43446.0,43023.0,42871.0,43747.0,41516.0,37634.0,0.198,225.6,13.17,0.3,3.53,2.0,-1.0,13.72,0.018,0.217,3.0,2.0,0.0,0.0,17.13,17.15,16.65,17.04,17.37,18.13,16.65,17.1,16.87,25.14
2016-06-07 03:25:00-05:00,-10.3359785,-3.7545533,502239.0,19.72,0.0,0.467,20.0,0.54,275.2,274.6,271.9,0.0,0.0,0.0,2.217,0.0,60.22,0.0,1379347.0,21.79,0.0,0.0,0.0,0.0,0.0,0.0,0.0,0.0,0.0,0.0,19.25,16.71,-0.036,0.0,0.0,0.0,60.0,59.9,74.7,0.0,274.0,274.0,275.0,0.0,0.0,0.0,600.0,1369814.0,41157.0,126333.0,1.0,0.979,0.748,0.921,0.002,0.002,0.004,0.006,0.009,0.005,0.006,0.0,0.0,0.0,0.0,0.0,0.0,0.0,42796.0,43446.0,43023.0,42871.0,43747.0,41516.0,37634.0,0.262,240.5,14.75,0.3,3.53,2.0,-1.0,13.72,0.017,0.217,3.0,2.0,0.0,0.0,17.04,17.15,16.62,17.04,17.35,18.12,16.56,17.27,16.82,25.04
2016-06-07 03:26:00-05:00,-10.3359785,-3.8666298,502240.0,19.7,0.0,0.465,20.01,0.54,275.1,274.6,271.9,0.0,0.0,0.0,2.226,0.0,60.21,0.0,1379347.0,21.79,0.0,0.0,0.0,0.0,0.0,0.0,0.0,0.0,0.0,0.0,19.29,16.7,-0.038,0.0,0.0,0.0,60.0,59.9,74.7,0.0,274.0,274.0,275.0,0.0,0.0,0.0,600.0,1369814.0,41157.0,126333.0,1.0,0.979,0.748,0.921,0.002,0.003,0.004,0.006,0.009,0.006,0.005,0.0,0.0,0.0,0.0,0.0,0.0,0.0,42796.0,43446.0,43023.0,42871.0,43747.0,41516.0,37634.0,0.197,258.8,14.38,0.3,3.53,2.0,-1.0,13.72,0.017,0.217,3.0,2.0,0.0,0.0,17.11,17.14,16.57,17.04,17.28,18.05,16.58,17.24,16.76,25.04
2016-06-07 03:27:00-05:00,-10.3359785,-3.7545533,502241.0,19.68,0.0,0.464,19.98,0.54,275.4,274.5,271.7,0.0,0.0,0.0,2.227,0.0,60.22,0.0,1379347.0,21.79,0.0,0.0,0.0,0.0,0.0,0.0,0.0,0.0,0.0,0.0,19.29,16.7,-0.038,0.0,0.0,0.0,60.0,59.9,74.7,0.0,274.0,274.0,275.0,0.0,0.0,0.0,600.0,1369814.0,41157.0,126333.0,1.0,0.979,0.748,0.921,0.002,0.003,0.004,0.004,0.009,0.006,0.006,0.0,0.0,0.0,0.0,0.0,0.0,0.0,42796.0,43446.0,43023.0,42871.0,43747.0,41516.0,37634.0,0.148,288.7,20.11,0.3,3.53,2.0,-1.0,13.72,0.017,0.217,3.0,2.0,0.0,0.0,17.13,17.14,16.55,17.04,17.33,18.07,16.6,17.28,16.76,25.04
2016-06-07 03:28:00-05:00,-10.3359785,-3.6424768,502242.0,19.67,0.0,0.463,19.98,0.54,275.6,274.4,271.6,0.0,0.0,0.0,2.23,0.0,60.23,0.0,1379347.0,21.79,0.0,0.0,0.0,0.0,0.0,0.0,0.0,0.0,0.0,0.0,19.38,16.72,-0.037,0.0,0.0,0.0,60.0,59.9,74.7,0.0,274.0,274.0,275.0,0.0,0.0,0.0,600.0,1369814.0,41157.0,126333.0,1.0,0.979,0.748,0.921,0.002,0.003,0.004,0.005,0.01,0.006,0.006,0.0,0.0,0.0,0.0,0.0,0.0,0.0,42796.0,43446.0,43023.0,42871.0,43747.0,41516.0,37634.0,0.28,258.9,16.27,0.5,3.531,2.0,-1.0,13.72,0.017,0.217,3.0,2.0,0.0,0.0,17.13,17.16,16.55,17.04,17.24,18.05,16.55,17.28,16.76,25.04
2016-06-07 03:29:00-05:00,-10.3359785,-3.7545533,502243.0,19.65,0.0,0.462,19.99,0.54,275.3,274.4,271.7,0.0,0.0,0.0,2.233,0.0,60.19,0.0,1379347.0,21.8,0.0,0.0,0.0,0.0,0.0,0.0,0.0,0.0,0.0,0.0,19.46,16.77,-0.037,0.0,0.0,0.0,60.0,59.9,74.7,0.0,274.0,274.0,275.0,0.0,0.0,0.0,600.0,1369814.0,41157.0,126333.0,1.0,0.979,0.748,0.921,0.002,0.002,0.004,0.005,0.009,0.005,0.005,0.0,0.0,0.0,0.0,0.0,0.0,0.0,42796.0,43446.0,43023.0,42871.0,43747.0,41516.0,37634.0,0.665,268.9,17.24,1.3,3.531,2.0,-1.0,13.72,0.017,0.217,3.0,2.0,0.0,0.0,17.24,17.14,16.55,17.01,17.29,18.12,16.52,17.27,16.86,25.01
2016-06-07 03:30:00-05:00,-10.09837,-3.8666298,502244.0,19.63,0.0,0.462,20.15,0.54,275.1,274.6,271.7,0.0,0.0,0.0,2.279,0.0,60.16,0.0,1379347.0,21.78,0.0,0.0,0.0,0.0,0.0,0.0,0.0,0.0,0.0,0.0,19.54,16.91,-0.038,0.0,0.0,0.0,60.0,59.9,74.7,0.0,274.0,274.0,275.0,0.0,0.0,0.0,600.0,1369814.0,41157.0,126333.0,1.0,0.979,0.748,0.921,0.002,0.003,0.004,0.006,0.01,0.005,0.005,0.0,0.0,0.0,0.0,0.0,0.0,0.0,42796.0,43446.0,43023.0,42871.0,43747.0,41516.0,37634.0,0.558,232.0,17.39,1.0,3.53,2.0,-1.0,13.72,0.017,0.217,3.0,2.0,0.0,0.0,17.34,17.14,16.62,17.04,17.29,18.02,16.64,17.2,16.94,24.94
2016-06-07 03:31:00-05:00,-9.623153,-3.6424768,502245.0,19.62,0.0,0.461,20.03,0.54,275.3,274.3,271.5,0.0,0.0,0.0,2.277,0.0,60.14,0.0,1379347.0,21.79,0.0,0.0,0.0,0.0,0.0,0.0,0.0,0.0,0.0,0.0,19.44,16.88,-0.038,0.0,0.0,0.0,60.0,59.9,74.7,0.0,274.0,274.0,275.0,0.0,0.0,0.0,600.0,1369814.0,41157.0,126333.0,1.0,0.979,0.748,0.921,0.002,0.003,0.004,0.005,0.009,0.005,0.005,0.0,0.0,0.0,0.0,0.0,0.0,0.0,42796.0,43446.0,43023.0,42871.0,43747.0,41516.0,37634.0,0.458,204.5,11.76,0.6,3.53,2.0,-1.0,13.72,0.016,0.217,3.0,2.0,0.0,0.0,17.26,17.13,16.67,17.04,17.58,18.08,16.76,17.2,16.96,24.94
2016-06-07 03:32:00-05:00,-9.504348,-3.4183247,502246.0,19.6,0.0,0.461,20.01,0.54,275.2,274.4,271.6,0.0,0.0,0.0,2.292,0.0,60.13,0.0,1379347.0,21.78,0.0,0.0,0.0,0.0,0.0,0.0,0.0,0.0,0.0,0.0,19.41,16.85,-0.038,0.0,0.0,0.0,60.0,59.9,74.7,0.0,274.0,274.0,275.0,0.0,0.0,0.0,600.0,1369814.0,41157.0,126333.0,1.0,0.979,0.748,0.921,0.001,0.003,0.004,0.006,0.009,0.005,0.006,0.0,0.0,0.0,0.0,0.0,0.0,0.0,42796.0,43446.0,43023.0,42871.0,43747.0,41516.0,37634.0,0.345,237.1,23.18,0.5,3.53,2.0,-1.0,13.72,0.016,0.217,3.0,2.0,0.0,0.0,17.21,17.14,16.69,17.07,17.38,18.07,16.73,17.24,16.96,24.94
2016-06-07 03:33:00-05:00,-9.504348,-3.4183247,502247.0,19.58,0.0,0.46,20.05,0.542,275.2,274.5,271.8,0.0,0.0,0.0,2.437,0.0,60.16,0.0,1379347.0,21.78,0.0,0.0,0.0,0.0,0.0,0.0,0.0,0.0,0.0,0.0,19.38,16.86,-0.038,0.0,0.0,0.0,60.0,59.9,74.7,0.0,274.0,274.0,275.0,0.0,0.0,0.0,600.0,1369814.0,41157.0,126333.0,1.0,0.979,0.748,0.921,0.002,0.003,0.003,0.006,0.009,0.004,0.006,0.0,0.0,0.0,0.0,0.0,0.0,0.0,42796.0,43446.0,43023.0,42871.0,43747.0,41516.0,37634.0,0.317,274.4,26.94,0.7,3.53,2.0,-1.0,13.72,0.016,0.217,3.0,2.0,0.0,0.0,17.18,17.16,16.71,17.04,17.37,18.12,16.75,17.19,16.96,24.94
2016-06-07 03:34:00-05:00,-9.623153,-3.7545533,502248.0,19.57,0.0,0.46,20.08,0.578,275.5,274.3,271.5,0.0,0.0,0.0,2.466,0.0,60.13,0.0,1379347.0,21.79,0.0,0.0,0.0,0.0,0.0,0.0,0.0,0.0,0.0,0.0,19.46,16.97,-0.038,0.0,0.0,0.0,60.0,59.9,74.7,0.0,274.0,274.0,275.0,0.0,0.0,0.0,600.0,1369814.0,41157.0,126333.0,1.0,0.979,0.748,0.921,0.002,0.002,0.004,0.005,0.009,0.005,0.006,0.0,0.0,0.0,0.0,0.0,0.0,0.0,42796.0,43446.0,43023.0,42871.0,43747.0,41516.0,37634.0,0.71,284.7,14.17,1.1,3.53,2.0,-1.0,13.72,0.016,0.217,3.0,2.0,0.0,0.0,17.34,17.15,16.65,17.03,17.27,18.18,16.75,17.26,16.96,24.94
2016-06-07 03:35:00-05:00,-9.623153,-3.8666298,502249.0,19.55,0.0,0.464,20.26,0.712,275.3,274.4,271.6,0.0,0.0,0.0,2.584,0.0,60.2,0.0,1379347.0,21.8,0.0,0.0,0.0,0.0,0.0,0.0,0.0,0.0,0.0,0.0,19.7,17.28,-0.038,0.0,0.0,0.0,60.0,59.9,74.7,0.0,274.0,274.0,275.0,0.0,0.0,0.0,600.0,1369814.0,41157.0,126333.0,1.0,0.979,0.748,0.921,0.002,0.003,0.004,0.005,0.009,0.005,0.005,0.0,0.0,0.0,0.0,0.0,0.0,0.0,42796.0,43446.0,43023.0,42871.0,43747.0,41516.0,37634.0,0.888,286.6,10.53,1.2,3.53,2.0,-1.0,13.72,0.016,0.217,3.0,2.0,0.0,0.0,17.85,17.33,16.67,17.03,17.24,18.2,16.67,17.35,17.04,24.94
2016-06-07 03:36:00-05:00,-9.504348,-3.8666298,502250.0,19.54,0.0,0.464,20.38,0.807,275.2,274.4,271.6,0.0,0.0,0.0,2.647,0.0,60.13,0.0,1379347.0,21.79,0.0,0.0,0.0,0.0,0.0,0.0,0.0,0.0,0.0,0.0,19.78,17.51,-0.038,0.0,0.0,0.0,60.0,59.9,74.7,0.0,274.0,274.0,275.0,0.0,0.0,0.0,600.0,1369814.0,41157.0,126333.0,1.0,0.979,0.748,0.921,0.001,0.002,0.004,0.005,0.009,0.005,0.006,0.0,0.0,0.0,0.0,0.0,0.0,0.0,42796.0,43446.0,43023.0,42871.0,43747.0,41516.0,37634.0,0.753,284.8,15.71,1.0,3.531,2.0,-1.0,13.72,0.016,0.217,3.0,2.0,0.0,0.0,17.99,17.4,16.75,17.11,17.31,18.39,16.77,17.58,17.05,24.94
2016-06-07 03:37:00-05:00,-9.504348,-3.8666298,502251.0,19.52,0.0,0.464,20.35,0.81,275.3,274.4,271.6,0.0,0.0,0.0,2.764,0.0,60.15,0.0,1379347.0,21.79,0.0,0.0,0.0,0.0,0.0,0.0,0.0,0.0,0.0,0.0,19.82,17.57,-0.038,0.0,0.0,0.0,60.0,59.9,74.7,0.0,274.0,274.0,275.0,0.0,0.0,0.0,600.0,1369814.0,41157.0,126333.0,1.0,0.979,0.748,0.921,0.001,0.003,0.003,0.005,0.009,0.006,0.006,0.0,0.0,0.0,0.0,0.0,0.0,0.0,42796.0,43446.0,43023.0,42871.0,43747.0,41516.0,37634.0,0.877,291.6,8.65,1.1,3.53,2.0,-1.0,13.72,0.016,0.217,3.0,2.0,0.0,0.0,17.92,17.42,16.8,17.22,17.33,18.46,16.85,17.69,17.11,24.93
2016-06-07 03:38:00-05:00,-9.504348,-3.8666298,502252.0,19.52,0.0,0.467,20.41,0.92,275.7,274.2,271.5,0.0,0.0,0.0,2.848,0.0,60.19,0.0,1379347.0,21.79,0.0,0.0,0.0,0.0,0.0,0.0,0.0,0.0,0.0,0.0,19.8,17.62,-0.038,0.0,0.0,0.0,60.0,59.9,74.7,0.0,274.0,274.0,275.0,0.0,0.0,0.0,600.0,1369814.0,41157.0,126333.0,1.0,0.979,0.748,0.921,0.001,0.003,0.004,0.006,0.009,0.005,0.006,0.0,0.0,0.0,0.0,0.0,0.0,0.0,42796.0,43446.0,43023.0,42871.0,43747.0,41516.0,37634.0,0.632,285.7,12.29,0.9,3.53,2.0,-1.0,13.72,0.016,0.217,3.0,2.0,0.0,0.0,17.93,17.52,16.85,17.27,17.4,18.46,16.85,17.69,17.17,24.86
2016-06-07 03:39:00-05:00,-9.504348,-3.8666298,502253.0,19.52,0.0,0.466,20.38,0.81,275.1,274.4,271.6,0.0,0.0,0.0,2.799,0.0,60.19,0.0,1379347.0,21.79,0.0,0.0,0.0,0.0,0.0,0.0,0.0,0.0,0.0,0.0,19.76,17.59,-0.038,0.0,0.0,0.0,60.0,59.9,74.7,0.0,274.0,274.0,275.0,0.0,0.0,0.0,600.0,1369814.0,41157.0,126333.0,1.0,0.979,0.748,0.921,0.001,0.002,0.004,0.006,0.01,0.006,0.006,0.0,0.0,0.0,0.0,0.0,0.0,0.0,42796.0,43446.0,43023.0,42871.0,43747.0,41516.0,37634.0,0.727,282.6,16.96,1.1,3.53,2.0,-1.0,13.72,0.016,0.217,3.0,2.0,0.0,0.0,17.91,17.45,16.83,17.24,17.39,18.44,16.85,17.71,17.22,24.84
2016-06-07 03:40:00-05:00,-9.504348,-3.8666298,502254.0,19.48,0.0,0.468,20.36,0.828,275.2,274.4,271.6,0.0,0.0,0.0,2.818,0.0,60.13,0.0,1379347.0,21.79,0.0,0.0,0.0,0.0,0.0,0.0,0.0,0.0,0.0,0.0,19.86,17.58,-0.038,0.0,0.0,0.0,60.0,59.9,74.7,0.0,274.0,274.0,275.0,0.0,0.0,0.0,600.0,1369814.0,41157.0,126333.0,1.0,0.979,0.748,0.921,0.002,0.003,0.004,0.004,0.009,0.006,0.006,0.0,0.0,0.0,0.0,0.0,0.0,0.0,42796.0,43446.0,43023.0,42871.0,43747.0,41516.0,37634.0,0.848,275.1,16.44,1.3,3.53,2.0,-1.0,13.72,0.016,0.217,3.0,2.0,0.0,0.0,17.91,17.51,16.86,17.29,17.41,18.52,16.85,17.71,17.3,24.84
2016-06-07 03:41:00-05:00,-9.266739,-3.8666298,502255.0,19.47,0.0,0.468,20.43,1.011,275.1,274.4,271.6,0.0,0.0,0.0,2.818,0.0,60.16,0.0,1379347.0,21.78,0.0,0.0,0.0,0.0,0.0,0.0,0.0,0.0,0.0,0.0,19.89,17.58,-0.038,0.0,0.0,0.0,60.0,59.9,74.7,0.0,274.0,274.0,275.0,0.0,0.0,0.0,600.0,1369814.0,41157.0,126333.0,1.0,0.979,0.748,0.921,0.001,0.003,0.003,0.005,0.009,0.005,0.006,0.0,0.0,0.0,0.0,0.0,0.0,0.0,42796.0,43446.0,43023.0,42871.0,43747.0,41516.0,37634.0,0.657,256.7,18.0,1.1,3.531,2.0,-1.0,13.72,0.016,0.217,3.0,2.0,0.0,0.0,17.91,17.54,16.85,17.33,17.47,18.54,16.92,17.77,17.29,24.84
2016-06-07 03:42:00-05:00,-9.147935,-3.8666298,502256.0,19.48,0.0,0.467,20.39,1.151,275.3,274.2,271.5,0.0,0.0,0.0,2.921,0.0,60.23,0.0,1379347.0,21.8,0.0,0.0,0.0,0.0,0.0,0.0,0.0,0.0,0.0,0.0,19.83,17.52,-0.038,0.0,0.0,0.0,60.0,59.9,74.7,0.0,274.0,274.0,275.0,0.0,0.0,0.0,600.0,1369814.0,41157.0,126333.0,1.0,0.979,0.748,0.921,0.001,0.003,0.003,0.005,0.01,0.005,0.006,0.0,0.0,0.0,0.0,0.0,0.0,0.0,42796.0,43446.0,43023.0,42871.0,43747.0,41516.0,37634.0,0.808,236.3,11.62,1.1,3.53,2.0,-1.0,13.72,0.016,0.217,3.0,2.0,0.0,0.0,17.91,17.55,16.86,17.33,17.5,18.52,16.98,17.74,17.27,24.84
2016-06-07 03:43:00-05:00,-9.147935,-3.8666298,502257.0,19.47,0.0,0.47,20.43,1.103,275.0,274.3,271.6,0.0,0.0,0.0,2.857,0.0,60.22,0.0,1379347.0,21.78,0.0,0.0,0.0,0.0,0.0,0.0,0.0,0.0,0.0,0.0,19.8,17.52,-0.037,0.0,0.0,0.0,60.0,59.9,74.7,0.0,274.0,274.0,275.0,0.0,0.0,0.0,600.0,1369814.0,41157.0,126333.0,1.0,0.979,0.748,0.921,0.001,0.002,0.003,0.006,0.01,0.006,0.006,0.0,0.0,0.0,0.0,0.0,0.0,0.0,42796.0,43446.0,43023.0,42871.0,43747.0,41516.0,37634.0,0.79,211.3,12.61,1.2,3.531,2.0,-1.0,13.72,0.016,0.217,3.0,2.0,0.0,0.0,17.81,17.54,16.94,17.35,17.54,18.49,17.16,17.68,17.36,24.86
2016-06-07 03:44:00-05:00,-9.147935,-3.6424768,502258.0,19.47,0.0,0.472,20.42,1.299,275.1,274.3,271.5,0.0,0.0,0.0,3.018,0.0,60.16,0.0,1379347.0,21.79,0.0,0.0,0.0,0.0,0.0,0.0,0.0,0.0,0.0,0.0,19.81,17.51,-0.038,0.0,0.0,0.0,60.0,59.9,74.7,0.0,274.0,274.0,275.0,0.0,0.0,0.0,600.0,1369814.0,41157.0,126333.0,1.0,0.979,0.748,0.921,0.001,0.002,0.004,0.005,0.009,0.005,0.005,0.0,0.0,0.0,0.0,0.0,0.0,0.0,42796.0,43446.0,43023.0,42871.0,43747.0,41516.0,37634.0,0.67,230.6,26.68,1.2,3.53,2.0,-1.0,13.72,0.016,0.217,3.0,2.0,0.0,0.0,17.81,17.68,17.04,17.43,17.61,18.52,17.3,17.64,17.37,24.84
2016-06-07 03:45:00-05:00,-9.266739,-3.4183247,502259.0,19.47,0.0,0.472,20.31,1.35,275.4,274.2,271.4,0.0,0.0,0.0,3.307,0.0,60.13,0.0,1379347.0,21.8,0.0,0.0,0.0,0.0,0.0,0.0,0.0,0.0,0.0,0.0,19.79,17.5,-0.038,0.0,0.0,0.0,60.0,59.9,74.7,0.0,274.0,274.0,275.0,0.0,0.0,0.0,600.0,1369814.0,41157.0,126333.0,1.0,0.979,0.748,0.921,0.001,0.003,0.004,0.005,0.009,0.005,0.006,0.0,0.0,0.0,0.0,0.0,0.0,0.0,42796.0,43446.0,43023.0,42871.0,43747.0,41516.0,37634.0,0.74,276.6,14.82,1.1,3.531,2.0,-1.0,13.72,0.016,0.217,3.0,2.0,0.0,0.0,17.86,17.68,17.12,17.48,17.63,18.65,17.33,17.69,17.4,24.82
2016-06-07 03:46:00-05:00,-9.266739,-3.7545533,502260.0,19.46,0.0,0.47,20.41,1.571,275.4,274.1,271.4,0.0,0.0,0.0,3.422,0.0,60.15,0.0,1379347.0,21.8,0.0,0.0,0.0,0.0,0.0,0.0,0.0,0.0,0.0,0.0,19.85,17.63,-0.038,0.0,0.0,0.0,60.0,59.9,74.7,0.0,274.0,274.0,275.0,0.0,0.0,0.0,600.0,1369814.0,41157.0,126333.0,1.0,0.979,0.748,0.921,0.001,0.003,0.003,0.005,0.009,0.004,0.006,0.0,0.0,0.0,0.0,0.0,0.0,0.0,42796.0,43446.0,43023.0,42871.0,43747.0,41516.0,37634.0,0.85,298.8,14.93,1.5,3.53,2.0,-1.0,13.72,0.016,0.217,3.0,2.0,0.0,0.0,18.07,17.78,17.17,17.55,17.66,18.82,17.33,17.78,17.45,24.79
2016-06-07 03:47:00-05:00,-9.147935,-3.8666298,502261.0,19.44,0.0,0.472,20.44,1.661,275.1,274.4,271.6,0.0,0.0,0.0,3.538,0.0,60.15,0.0,1379347.0,21.79,0.0,0.0,0.0,0.0,0.0,0.0,0.0,0.0,0.0,0.0,19.98,17.79,-0.037,0.0,0.0,0.0,60.0,59.9,74.7,0.0,274.0,274.0,275.0,0.0,0.0,0.0,600.0,1369814.0,41157.0,126333.0,1.0,0.979,0.748,0.921,0.002,0.002,0.003,0.005,0.009,0.005,0.005,0.0,0.0,0.0,0.0,0.0,0.0,0.0,42796.0,43446.0,43023.0,42871.0,43747.0,41516.0,37634.0,0.865,270.2,16.93,1.2,3.53,2.0,-1.0,13.72,0.016,0.217,3.0,2.0,0.0,0.0,18.18,17.83,17.24,17.63,17.73,18.94,17.42,17.92,17.45,24.76
2016-06-07 03:48:00-05:00,-8.910326,-3.8666298,502262.0,19.44,0.0,0.477,20.56,1.787,275.2,274.4,271.7,0.0,0.0,0.0,3.888,0.0,60.14,0.0,1379347.0,21.79,0.0,0.0,0.0,0.0,0.0,0.0,0.0,0.0,0.0,0.0,20.16,17.92,-0.038,0.0,0.0,0.0,60.0,59.9,74.7,0.0,274.0,274.0,275.0,0.0,0.0,0.0,600.0,1369814.0,41157.0,126333.0,1.0,0.979,0.748,0.921,0.002,0.003,0.004,0.005,0.009,0.006,0.005,0.0,0.0,0.0,0.0,0.0,0.0,0.0,42796.0,43446.0,43023.0,42871.0,43747.0,41516.0,37634.0,0.802,258.3,23.45,1.1,3.53,2.0,-1.0,13.72,0.016,0.217,3.0,2.0,0.0,0.0,18.28,17.86,17.32,17.63,17.76,18.8,17.43,17.95,17.45,24.74
2016-06-07 03:49:00-05:00,-8.791522,-3.8666298,502263.0,19.44,0.0,0.48,20.61,2.048,275.3,274.4,271.7,0.0,0.0,0.0,4.015,0.0,60.18,0.0,1379347.0,21.78,0.0,0.0,0.0,0.0,0.0,0.0,0.0,0.0,0.0,0.0,20.19,17.92,-0.038,0.0,0.0,0.0,60.0,59.9,74.7,0.0,274.0,274.0,275.0,0.0,0.0,0.0,600.0,1369814.0,41157.0,126333.0,1.0,0.979,0.748,0.921,0.002,0.002,0.003,0.005,0.009,0.005,0.006,0.0,0.0,0.0,0.0,0.0,0.0,0.0,42796.0,43446.0,43023.0,42871.0,43747.0,41516.0,37634.0,0.76,262.0,17.3,1.3,3.53,2.0,-1.0,13.72,0.016,0.217,3.0,2.0,0.0,0.0,18.28,17.93,17.37,17.73,17.77,18.93,17.43,18.0,17.37,24.78
2016-06-07 03:50:00-05:00,-8.791522,-3.8666298,502264.0,19.44,0.0,0.481,20.64,2.374,275.4,274.4,271.7,0.0,0.0,0.0,4.295,0.0,60.21,0.0,1379347.0,21.79,0.0,0.0,0.0,0.0,0.0,0.0,0.0,0.0,0.0,0.0,20.23,18.06,-0.038,0.0,0.0,0.0,60.0,59.9,74.7,0.0,274.0,274.0,275.0,0.0,0.0,0.0,600.0,1369814.0,41157.0,126333.0,1.0,0.979,0.748,0.921,0.001,0.002,0.004,0.005,0.009,0.005,0.006,0.0,0.0,0.0,0.0,0.0,0.0,0.0,42796.0,43446.0,43023.0,42871.0,43747.0,41516.0,37634.0,1.232,279.2,17.89,1.8,3.53,2.0,-1.0,13.72,0.016,0.217,3.0,2.0,0.0,0.0,18.32,18.01,17.37,17.74,17.81,19.06,17.52,18.12,17.45,24.74
2016-06-07 03:51:00-05:00,-8.791522,-3.8666298,502265.0,19.42,0.0,0.481,20.58,2.716,275.4,274.4,271.7,0.0,0.0,0.0,4.625,0.0,60.22,0.0,1379347.0,21.79,0.0,0.0,0.0,0.0,0.0,0.0,0.0,0.0,0.0,0.0,20.21,18.16,-0.036,0.0,0.0,0.0,60.0,59.9,74.7,0.0,274.0,274.0,275.0,0.0,0.0,0.0,600.0,1369814.0,41157.0,126333.0,1.0,0.979,0.748,0.921,0.001,0.003,0.005,0.005,0.009,0.006,0.006,0.0,0.0,0.0,0.0,0.0,0.0,0.0,42796.0,43446.0,43023.0,42871.0,43747.0,41516.0,37634.0,1.073,282.8,10.45,1.6,3.531,2.0,-1.0,13.72,0.016,0.217,3.0,2.0,0.0,0.0,18.46,18.03,17.43,17.82,17.86,19.13,17.53,18.16,17.49,24.76
2016-06-07 03:52:00-05:00,-8.910326,-3.8666298,502266.0,19.42,0.0,0.484,20.66,3.158,275.4,274.3,271.6,0.0,0.0,0.0,5.044,0.0,60.18,0.0,1379347.0,21.78,0.0,0.0,0.0,0.0,0.0,0.0,0.0,0.0,0.0,0.0,20.22,18.14,-0.034,0.0,0.0,0.0,60.0,59.9,74.7,0.0,274.0,274.0,275.0,0.0,0.0,0.0,600.0,1369814.0,41157.0,126333.0,1.0,0.979,0.748,0.921,0.001,0.002,0.004,0.005,0.009,0.006,0.006,0.0,0.0,0.0,0.0,0.0,0.0,0.0,42796.0,43446.0,43023.0,42871.0,43747.0,41516.0,37634.0,0.94,283.9,6.613,1.3,3.528,2.0,-1.0,13.72,0.016,0.217,3.0,2.0,0.0,0.0,18.51,18.03,17.43,17.77,17.84,19.06,17.48,18.12,17.51,24.73
2016-06-07 03:53:00-05:00,-9.147935,-3.8666298,502267.0,19.42,0.0,0.485,20.59,3.68,275.4,274.4,271.6,0.0,0.0,0.0,5.444,0.0,60.15,0.0,1379347.0,21.79,0.0,0.0,0.0,0.0,0.0,0.0,0.0,0.0,0.0,0.0,20.22,18.13,-0.038,0.0,0.0,0.0,60.0,59.9,74.7,0.0,274.0,274.0,275.0,0.0,0.0,0.0,600.0,1369814.0,41157.0,126333.0,1.0,0.979,0.748,0.921,0.001,0.003,0.004,0.005,0.008,0.005,0.005,0.0,0.0,0.0,0.0,0.0,0.0,0.0,42796.0,43446.0,43023.0,42871.0,43747.0,41516.0,37634.0,1.458,292.6,8.89,2.1,3.531,2.0,-1.0,13.72,0.016,0.217,3.0,2.0,0.0,0.0,18.49,18.03,17.48,17.82,17.82,19.13,17.53,18.21,17.49,24.68
2016-06-07 03:54:00-05:00,-9.266739,-3.8666298,502268.0,19.42,0.0,0.481,20.57,4.311,275.2,274.4,271.6,0.0,0.0,0.0,6.046,0.0,60.16,0.0,1379347.0,21.78,0.0,0.0,0.0,0.0,0.0,0.0,0.0,0.0,0.0,0.0,20.13,18.04,-0.038,0.0,0.0,0.0,60.0,59.9,74.7,0.0,274.0,274.0,275.0,0.0,0.0,0.0,600.0,1369814.0,41157.0,126333.0,1.0,0.979,0.748,0.921,0.001,0.002,0.004,0.005,0.01,0.005,0.006,0.0,0.0,0.0,0.0,0.0,0.0,0.0,42796.0,43446.0,43023.0,42871.0,43747.0,41516.0,37634.0,0.948,288.0,19.71,1.8,3.53,2.0,-1.0,13.72,0.016,0.217,3.0,2.0,0.0,0.0,18.34,18.03,17.43,17.74,17.82,19.0,17.51,18.07,17.56,24.68
2016-06-07 03:55:00-05:00,-9.504348,-3.8666298,502269.0,19.42,0.0,0.486,20.54,5.062,275.2,274.4,271.6,0.0,0.0,0.0,6.696,0.0,60.23,0.0,1379347.0,21.78,0.0,0.0,0.0,0.0,0.0,0.0,0.0,0.0,0.0,0.0,20.05,17.93,-0.038,0.0,0.0,0.0,60.0,59.9,74.7,0.0,274.0,274.0,275.0,0.0,0.0,0.0,600.0,1369814.0,41157.0,126333.0,1.0,0.979,0.748,0.921,0.001,0.002,0.004,0.005,0.008,0.005,0.005,0.0,0.0,0.0,0.0,0.0,0.0,0.0,42796.0,43446.0,43023.0,42871.0,43747.0,41516.0,37634.0,0.842,276.4,25.36,1.9,3.53,2.0,-1.0,13.72,0.016,0.217,3.0,2.0,0.0,0.0,18.23,17.99,17.42,17.73,17.82,19.01,17.43,18.08,17.5,24.66
2016-06-07 03:56:00-05:00,-9.504348,-3.8666298,502270.0,19.42,0.0,0.489,20.48,5.958,275.3,274.4,271.7,0.0,0.0,0.0,7.535,0.0,60.19,0.0,1379347.0,21.78,0.0,0.0,0.0,0.0,0.0,0.0,0.0,0.0,0.0,0.0,20.11,17.95,-0.038,0.0,0.0,0.0,60.0,59.9,74.7,0.0,274.0,274.0,275.0,0.0,0.0,0.0,600.0,1369814.0,41157.0,126333.0,1.0,0.979,0.748,0.921,0.002,0.002,0.003,0.005,0.009,0.005,0.006,0.0,0.0,0.0,0.0,0.0,0.0,0.0,42796.0,43446.0,43023.0,42871.0,43747.0,41516.0,37634.0,1.393,274.2,12.12,2.1,3.53,2.0,-1.0,13.72,0.016,0.217,3.0,2.0,0.0,0.0,18.28,18.01,17.43,17.73,17.82,19.01,17.45,18.07,17.48,24.65
2016-06-07 03:57:00-05:00,-9.504348,-3.8666298,502271.0,19.42,0.0,0.489,20.52,7.211,275.4,274.4,271.6,0.0,0.0,0.0,8.62,0.0,60.13,0.0,1379347.0,21.78,0.0,0.0,0.0,0.0,0.0,0.0,0.0,0.0,0.0,0.0,20.13,17.95,-0.037,0.0,0.0,0.0,60.0,59.9,74.7,0.0,274.0,274.0,275.0,0.0,0.0,0.0,600.0,1369814.0,41157.0,126333.0,1.0,0.979,0.748,0.921,0.002,0.003,0.004,0.005,0.008,0.005,0.006,0.0,0.0,0.0,0.0,0.0,0.0,0.0,42796.0,43446.0,43023.0,42871.0,43747.0,41516.0,37634.0,1.447,280.2,17.39,2.4,3.53,2.0,-1.0,13.72,0.016,0.217,3.0,2.0,0.0,0.0,18.21,18.03,17.52,17.73,17.86,19.09,17.53,18.12,17.55,24.65
2016-06-07 03:58:00-05:00,-9.504348,-3.8666298,502272.0,19.42,0.0,0.484,20.46,8.3,275.3,274.3,271.5,0.0,0.0,0.0,9.58,0.0,60.14,0.0,1379347.0,21.8,0.0,0.0,0.0,0.0,0.0,0.0,0.0,0.0,0.0,0.0,20.1,18.04,-0.036,0.0,0.0,0.0,60.0,59.9,74.7,0.0,274.0,274.0,275.0,0.0,0.0,0.0,600.0,1369814.0,41157.0,126333.0,1.0,0.979,0.748,0.921,0.002,0.003,0.004,0.006,0.009,0.005,0.006,0.0,0.0,0.0,0.0,0.0,0.0,0.0,42796.0,43446.0,43023.0,42871.0,43747.0,41516.0,37634.0,1.318,294.3,26.44,2.2,3.53,2.0,-1.0,13.72,0.016,0.217,3.0,2.0,0.0,0.0,18.3,18.08,17.55,17.79,17.92,19.18,17.56,18.15,17.61,24.65
2016-06-07 03:59:00-05:00,-9.504348,-3.8666298,502273.0,19.42,0.0,0.484,20.47,9.79,275.1,274.3,271.5,0.0,0.0,0.0,10.89,0.0,60.19,0.0,1379347.0,21.79,0.0,0.0,0.0,0.0,0.0,0.0,0.0,0.0,0.0,0.0,20.07,18.15,-0.037,0.0,0.0,0.0,60.0,59.9,74.7,0.0,274.0,274.0,275.0,0.0,0.0,0.0,600.0,1369814.0,41157.0,126333.0,1.0,0.979,0.748,0.921,0.001,0.003,0.003,0.005,0.009,0.005,0.005,0.0,0.0,0.0,0.0,0.0,0.0,0.0,42796.0,43446.0,43023.0,42871.0,43747.0,41516.0,37634.0,1.34,292.6,11.86,2.3,3.531,2.0,-1.0,13.72,0.016,0.217,3.0,2.0,0.0,0.0,18.44,18.12,17.61,17.84,17.95,19.26,17.66,18.21,17.74,24.67
2016-06-07 04:00:00-05:00,-9.504348,-3.8666298,502274.0,19.42,0.0,0.484,20.39,11.48,275.0,274.2,271.5,0.0,0.0,0.0,12.52,0.0,60.23,0.0,1379347.0,21.79,0.0,0.0,0.0,0.0,0.0,0.0,0.0,0.0,0.0,0.0,20.0,18.08,-0.037,0.0,0.0,0.0,60.0,59.9,74.7,0.0,274.0,274.0,275.0,0.0,0.0,0.0,600.0,1369814.0,41157.0,126333.0,1.0,0.979,0.748,0.921,0.002,0.002,0.004,0.005,0.008,0.005,0.005,0.0,0.0,0.0,0.0,0.0,0.0,0.0,42796.0,43446.0,43023.0,42871.0,43747.0,41516.0,37634.0,1.163,300.4,16.36,1.8,3.53,2.0,-1.0,13.72,0.016,0.217,3.0,2.0,0.0,0.0,18.34,18.19,17.63,17.92,17.99,19.27,17.71,18.28,17.76,24.65
2016-06-07 04:01:00-05:00,-9.504348,-3.8666298,502275.0,19.42,0.0,0.484,20.36,13.55,274.7,274.0,271.3,0.0,0.0,0.0,14.45,0.0,60.21,0.0,1379347.0,21.79,0.0,0.0,0.0,0.0,0.0,0.0,0.0,0.0,0.0,0.0,19.92,17.96,-0.037,0.0,0.0,0.0,60.0,59.9,74.7,0.0,273.9,274.0,274.2,0.0,0.0,0.0,600.0,1369814.0,41157.0,126333.0,1.0,0.979,0.748,0.921,0.001,0.002,0.004,0.005,0.009,0.005,0.005,0.0,0.0,0.0,0.0,0.0,0.0,0.0,42796.0,43446.0,43023.0,42871.0,43747.0,41516.0,37634.0,1.203,298.9,18.25,1.7,3.531,2.0,-1.0,13.72,0.016,0.217,3.0,2.0,0.0,0.0,18.22,18.09,17.58,17.84,17.94,19.19,17.64,18.18,17.77,24.68
2016-06-07 04:02:00-05:00,-9.504348,-3.8666298,502276.0,19.42,0.0,0.484,20.35,16.03,274.6,273.9,271.2,0.0,0.0,0.0,16.83,0.0,60.15,0.0,1379347.0,21.79,0.0,0.0,0.0,0.0,0.0,0.0,0.0,0.0,0.0,0.0,19.87,17.84,-0.034,0.0,0.0,0.0,60.0,59.9,74.7,0.0,273.2,273.5,274.0,0.0,0.0,0.0,600.0,1369814.0,41157.0,126333.0,1.0,0.979,0.748,0.921,0.001,0.002,0.003,0.004,0.008,0.005,0.005,0.0,0.0,0.0,0.0,0.0,0.0,0.0,42796.0,43446.0,43023.0,42871.0,43747.0,41516.0,37634.0,0.837,283.5,19.79,1.2,3.531,2.0,-1.0,13.72,0.016,0.217,3.0,2.0,0.0,0.0,18.1,18.03,17.51,17.76,17.85,19.16,17.54,18.12,17.69,24.65
2016-06-07 04:03:00-05:00,-9.623153,-3.8666298,502277.0,19.42,0.0,0.479,20.26,18.91,274.6,273.7,271.0,0.0,0.0,0.0,19.62,0.0,60.15,0.0,1379347.0,21.79,0.0,0.0,0.0,0.0,0.0,0.0,0.0,0.0,0.0,0.0,19.86,17.83,-0.037,0.0,0.0,0.0,60.0,59.9,74.7,0.0,273.0,273.0,274.0,0.0,0.0,0.0,600.0,1369814.0,41157.0,126333.0,1.0,0.979,0.748,0.921,0.0,0.003,0.005,0.005,0.009,0.005,0.006,0.0,0.0,0.0,0.0,0.0,0.0,0.0,42796.0,43446.0,43023.0,42871.0,43747.0,41516.0,37634.0,1.397,305.7,13.75,2.1,3.531,2.0,-1.0,13.72,0.016,0.217,3.0,2.0,0.0,0.0,18.13,18.03,17.48,17.73,17.92,19.22,17.53,18.1,17.71,24.58
2016-06-07 04:04:00-05:00,-9.860761,-3.8666298,502278.0,19.42,0.0,0.476,20.3,22.23,274.8,273.6,270.8,0.0,0.0,0.0,22.93,0.0,60.14,0.0,1379347.0,21.79,0.0,0.0,0.0,0.0,0.0,0.0,0.0,0.0,0.0,0.0,19.9,17.99,-0.037,0.0,0.0,0.0,60.0,59.9,74.7,0.0,273.0,273.0,274.0,0.0,0.0,0.0,600.0,1369814.0,41157.0,126333.0,1.0,0.979,0.748,0.921,0.001,0.002,0.003,0.005,0.009,0.005,0.005,0.0,0.0,0.0,0.0,0.0,0.0,0.0,42796.0,43446.0,43023.0,42871.0,43747.0,41516.0,37634.0,1.493,299.5,9.55,2.0,3.531,2.0,-1.0,13.72,0.016,0.217,3.0,2.0,0.0,0.0,18.35,18.14,17.53,17.82,17.91,19.37,17.61,18.2,17.82,24.55
2016-06-07 04:05:00-05:00,-9.504348,-3.8666298,502279.0,19.42,0.0,0.476,20.25,25.98,274.5,273.6,270.9,0.0,0.0,0.0,26.62,0.0,60.15,0.0,1379347.0,21.79,0.0,0.0,0.0,0.0,0.0,0.0,0.0,0.0,0.0,0.0,19.86,18.11,-0.038,0.0,0.0,0.0,60.0,59.9,74.7,0.0,273.0,273.0,274.0,0.0,0.0,0.0,600.0,1369814.0,41157.0,126333.0,1.0,0.979,0.748,0.921,0.002,0.002,0.004,0.005,0.009,0.005,0.006,0.0,0.0,0.0,0.0,0.0,0.0,0.0,42796.0,43446.0,43023.0,42871.0,43747.0,41516.0,37634.0,1.615,305.4,10.04,2.8,3.531,2.0,-1.0,13.72,0.016,0.217,3.0,2.0,0.0,0.0,18.47,18.22,17.63,17.92,17.92,19.55,17.71,18.3,17.92,24.58
2016-06-07 04:06:00-05:00,-9.504348,-3.8666298,502280.0,19.41,0.0,0.481,20.19,30.3,274.5,273.5,270.8,0.0,0.0,0.0,30.95,0.0,60.15,0.0,1379347.0,21.79,0.0,0.0,0.0,0.0,0.0,0.0,0.0,0.0,0.0,0.0,19.88,18.18,-0.036,0.0,0.0,0.0,60.0,59.9,74.7,0.0,273.0,273.0,274.0,0.0,0.0,0.0,600.0,1369814.0,41157.0,126333.0,1.0,0.979,0.748,0.921,0.002,0.003,0.004,0.005,0.009,0.005,0.005,0.0,0.0,0.0,0.0,0.0,0.0,0.0,42796.0,43446.0,43023.0,42871.0,43747.0,41516.0,37634.0,1.288,305.7,13.49,1.7,3.531,2.0,-1.0,13.72,0.016,0.217,3.0,2.0,0.0,0.0,18.49,18.22,17.69,17.92,18.02,19.59,17.79,18.31,18.02,24.55
2016-06-07 04:07:00-05:00,-9.504348,-3.8666298,502281.0,19.4,0.0,0.482,20.25,35.27,274.3,273.5,270.8,0.0,0.0,0.0,35.76,0.0,60.14,0.0,1379347.0,21.79,0.0,0.0,0.0,0.0,0.0,0.0,0.0,0.0,0.0,0.0,19.88,18.22,-0.034,0.0,0.0,0.0,60.0,59.9,74.7,0.0,273.0,273.0,274.0,0.0,0.0,0.0,600.0,1369814.0,41157.0,126333.0,1.0,0.979,0.748,0.921,0.001,0.003,0.004,0.005,0.009,0.004,0.006,0.0,0.0,0.0,0.0,0.0,0.0,0.0,42796.0,43446.0,43023.0,42871.0,43747.0,41516.0,37634.0,1.485,302.8,8.14,2.0,3.53,2.0,-1.0,13.72,0.016,0.217,3.0,2.0,0.0,0.0,18.58,18.24,17.73,18.0,18.02,19.71,17.86,18.33,18.05,24.55
2016-06-07 04:08:00-05:00,-9.504348,-3.8666298,502282.0,19.39,0.0,0.482,20.23,40.88,274.6,273.4,270.8,0.0,0.0,0.0,41.14,0.0,60.13,0.0,1379347.0,21.79,0.0,0.0,0.0,0.0,0.0,0.0,0.0,0.0,0.0,0.0,19.88,18.27,-0.032,0.0,0.0,0.0,60.0,59.9,74.7,0.0,273.0,273.0,274.0,0.0,0.0,0.0,600.0,1369814.0,41157.0,126333.0,1.0,0.979,0.748,0.921,0.001,0.003,0.003,0.005,0.009,0.005,0.005,0.0,0.0,0.0,0.0,0.0,0.0,0.0,42796.0,43446.0,43023.0,42871.0,43747.0,41516.0,37634.0,1.043,321.3,13.06,1.6,3.531,2.0,-1.0,13.72,0.016,0.217,3.0,2.0,0.0,0.0,18.59,18.22,17.73,18.07,18.05,19.79,17.92,18.38,18.06,24.55
2016-06-07 04:09:00-05:00,-9.504348,-3.8666298,502283.0,19.39,0.0,0.482,20.21,47.04,274.4,273.4,270.8,0.0,0.0,0.0,47.32,0.0,60.15,0.0,1379347.0,21.79,0.0,0.0,0.0,0.0,0.0,0.0,0.0,0.0,0.0,0.0,19.85,18.24,-0.032,0.0,0.0,0.0,60.0,59.9,74.7,0.0,273.0,273.0,274.0,0.0,0.0,0.0,600.0,1369814.0,41157.0,126333.0,1.0,0.979,0.748,0.921,0.001,0.002,0.004,0.005,0.009,0.005,0.006,0.0,0.0,0.0,0.0,0.0,0.0,0.0,42796.0,43446.0,43023.0,42871.0,43747.0,41516.0,37634.0,0.64,319.4,10.98,1.0,3.531,2.0,-1.0,13.72,0.016,0.217,3.0,2.0,0.0,0.0,18.56,18.22,17.73,18.08,18.02,19.81,17.89,18.36,18.05,24.55
2016-06-07 04:10:00-05:00,-9.504348,-3.8666298,502284.0,19.39,0.0,0.482,20.2,54.09,274.5,273.4,270.8,0.0,0.0,0.0,54.39,0.0,60.14,0.0,1379347.0,21.79,0.0,0.0,0.0,0.0,0.0,0.0,0.0,0.0,0.0,0.0,19.88,18.26,-0.028,0.0,0.0,0.0,60.0,59.9,74.7,0.0,273.0,273.0,274.0,0.0,0.0,0.0,600.0,1369814.0,41157.0,126333.0,1.0,0.979,0.748,0.921,0.002,0.003,0.004,0.005,0.008,0.005,0.005,0.0,0.0,0.0,0.0,0.0,0.0,0.0,42796.0,43446.0,43023.0,42871.0,43747.0,41516.0,37634.0,0.873,316.4,14.06,1.2,3.528,2.0,-1.0,13.72,0.016,0.217,3.0,2.0,0.0,0.0,18.56,18.32,17.63,17.99,18.02,19.86,17.77,18.3,17.98,24.55
2016-06-07 04:11:00-05:00,-9.504348,-3.8666298,502285.0,19.39,0.0,0.483,20.19,61.84,274.4,273.6,271.0,0.0,0.0,0.0,62.19,0.0,60.14,0.0,1379347.0,21.78,0.0,0.0,0.0,0.0,0.0,0.0,0.0,0.0,0.0,0.0,19.83,18.21,-0.019,0.0,0.0,0.0,60.0,59.9,74.7,0.0,273.0,273.0,274.0,0.0,0.0,0.0,600.0,1369814.0,41157.0,126333.0,1.0,0.979,0.748,0.921,0.001,0.003,0.004,0.005,0.007,0.005,0.006,0.0,0.0,0.0,0.0,0.0,0.0,0.0,42796.0,43446.0,43023.0,42871.0,43747.0,41516.0,37634.0,1.16,307.9,10.09,1.6,3.531,2.0,-1.0,13.72,0.016,0.217,3.0,2.0,0.0,0.0,18.49,18.24,17.6,17.94,17.99,19.84,17.73,18.29,17.93,24.55
2016-06-07 04:12:00-05:00,-9.741957,-4.2028584,502286.0,19.39,0.0,0.486,20.18,70.33,274.5,273.6,270.9,0.0,0.0,0.0,70.69,0.0,60.2,0.0,1379347.0,21.8,0.0,0.0,0.0,0.0,0.0,0.0,0.0,0.0,0.0,0.0,19.84,18.18,-0.004,0.0,0.0,0.0,60.0,59.9,74.7,0.0,273.0,273.0,274.0,0.0,0.0,0.0,600.0,1369814.0,41157.0,126333.0,1.0,0.979,0.748,0.921,0.002,0.002,0.003,0.005,0.01,0.004,0.006,0.0,0.0,0.0,0.0,0.001,0.0,0.0,42796.0,43446.0,43023.0,42871.0,43747.0,41516.0,37634.0,1.592,312.8,8.86,2.3,3.53,2.0,-1.0,13.72,0.016,0.217,3.0,2.0,0.0,0.0,18.47,18.22,17.63,17.92,17.97,19.94,17.73,18.28,17.97,24.57
2016-06-07 04:13:00-05:00,-9.504348,-4.2028584,502287.0,19.39,0.0,0.489,20.26,79.61,274.3,273.6,270.9,0.0,0.0,0.0,79.83,0.0,60.22,0.0,1379347.0,21.78,0.0,0.0,0.0,0.0,0.0,0.0,0.0,0.0,0.0,0.0,19.9,18.3,0.003,0.0,0.0,0.0,60.0,59.9,74.7,0.0,273.0,273.0,274.0,0.0,0.0,0.0,600.0,1369814.0,41157.0,126333.0,1.0,0.979,0.748,0.921,0.002,0.002,0.003,0.004,0.009,0.004,0.005,0.0,0.0,0.0,0.0,0.001,0.0,0.0,42796.0,43446.0,43023.0,42871.0,43747.0,41516.0,37634.0,1.69,307.6,9.01,2.4,3.53,2.0,-1.0,13.72,0.016,0.217,3.0,2.0,0.0,0.0,18.61,18.32,17.63,17.95,18.02,20.06,17.77,18.34,18.05,24.48
2016-06-07 04:14:00-05:00,-9.504348,-4.0907817,502288.0,19.39,0.0,0.492,20.28,89.5,274.4,273.6,270.9,0.0,0.0,0.0,89.8,0.0,60.21,0.0,1379347.0,21.78,0.0,0.0,0.0,0.0,0.0,0.0,0.0,0.0,0.0,0.0,19.92,18.39,0.02,0.0,0.0,0.0,60.0,59.9,74.7,0.0,273.0,273.0,274.0,0.0,0.0,0.0,600.0,1369814.0,41157.0,126333.0,1.0,0.979,0.748,0.921,0.001,0.003,0.004,0.005,0.009,0.005,0.007,0.0,0.0,0.0,0.0,0.001,0.0,0.001,42796.0,43446.0,43023.0,42871.0,43747.0,41516.0,37634.0,1.215,306.7,12.69,1.7,3.528,2.0,-1.0,13.72,0.016,0.217,3.0,2.0,0.0,0.0,18.74,18.4,17.64,17.94,17.94,20.17,17.73,18.31,18.06,24.45
2016-06-07 04:15:00-05:00,-9.623153,-4.2028584,502289.0,19.39,0.0,0.49,20.24,100.1,274.3,273.5,270.8,0.0,0.0,0.0,100.4,0.0,60.22,0.0,1379347.0,21.79,0.0,0.0,0.0,0.0,0.0,0.0,0.0,0.0,0.0,0.0,19.9,18.4,0.034,0.0,0.0,0.0,60.0,59.9,74.7,0.0,273.0,273.0,274.0,0.0,0.0,0.0,600.0,1369814.0,41157.0,126333.0,1.0,0.979,0.748,0.921,0.001,0.002,0.003,0.006,0.008,0.004,0.005,0.0,0.0,0.0,0.001,0.001,0.0,0.001,42796.0,43446.0,43023.0,42871.0,43747.0,41516.0,37634.0,0.685,318.0,15.78,1.2,3.53,2.0,-1.0,13.72,0.016,0.217,3.0,2.0,0.0,0.0,18.74,18.33,17.63,17.92,17.92,20.17,17.73,18.26,17.93,24.45
2016-06-07 04:16:00-05:00,-10.217174,-4.3149343,502290.0,19.39,0.0,0.49,20.23,111.5,274.2,273.5,270.7,0.0,0.0,0.0,111.7,0.0,60.23,0.0,1379347.0,21.79,0.0,0.0,0.0,0.0,0.0,0.0,0.0,0.0,0.0,0.0,19.86,18.34,0.038,0.0,0.0,0.0,60.0,59.9,74.7,0.0,273.0,273.0,274.0,0.0,0.0,0.0,600.0,1369814.0,41157.0,126333.0,1.0,0.979,0.748,0.921,0.001,0.002,0.004,0.006,0.008,0.004,0.006,0.0,0.0,0.0,0.001,0.001,0.0,0.001,42796.0,43446.0,43023.0,42871.0,43747.0,41516.0,37634.0,0.735,310.1,15.55,1.4,3.53,2.0,-1.0,13.72,0.016,0.217,3.0,2.0,0.0,0.0,18.69,18.31,17.6,17.89,17.92,20.23,17.73,18.21,17.9,24.47
2016-06-07 04:17:00-05:00,-10.3359785,-4.539087,502291.0,19.39,0.0,0.489,20.15,123.1,274.4,273.5,270.7,0.0,0.0,0.0,123.2,0.0,60.22,0.0,1379347.0,21.78,0.0,0.0,0.0,0.0,0.0,0.0,0.0,0.0,0.0,0.0,19.78,18.22,0.038,0.0,0.0,0.0,60.0,59.9,74.7,0.0,273.0,273.0,274.0,0.0,0.0,0.0,600.0,1369814.0,41157.0,126333.0,1.0,0.979,0.748,0.921,0.001,0.002,0.005,0.006,0.008,0.004,0.006,0.0,0.0,0.001,0.001,0.001,0.001,0.001,42796.0,43446.0,43023.0,42871.0,43747.0,41516.0,37634.0,1.342,292.8,6.038,1.8,3.531,2.0,-1.0,13.72,0.016,0.217,3.0,2.0,0.0,0.0,18.62,18.31,17.56,17.87,17.89,20.23,17.71,18.23,17.85,24.43
2016-06-07 04:18:00-05:00,-10.217174,-4.539087,502292.0,19.39,0.0,0.488,20.09,134.9,274.4,273.3,270.6,0.0,0.0,0.0,135.1,0.0,60.15,0.0,1379347.0,21.8,0.0,0.0,0.0,0.0,0.0,0.0,0.0,0.0,0.0,0.0,19.71,18.04,0.038,0.0,0.0,0.0,60.0,59.9,74.7,0.0,273.0,273.0,274.0,0.0,0.0,0.0,600.0,1369814.0,41157.0,126333.0,1.0,0.979,0.748,0.921,0.001,0.002,0.004,0.005,0.009,0.005,0.006,0.0,0.0,0.001,0.001,0.001,0.001,0.001,42796.0,43446.0,43023.0,42871.0,43747.0,41516.0,37634.0,1.025,310.1,9.16,1.4,3.53,2.0,-1.0,13.72,0.016,0.217,3.0,2.0,0.0,0.0,18.4,18.2,17.53,17.82,17.82,20.29,17.71,18.18,17.79,24.47
2016-06-07 04:19:00-05:00,-10.3359785,-4.539087,502293.0,19.38,0.0,0.487,20.1,146.9,274.3,273.3,270.6,0.0,0.0,0.0,147.1,0.0,60.14,0.0,1379347.0,21.79,0.0,0.0,0.0,0.0,0.0,0.0,0.0,0.0,0.0,0.0,19.73,17.91,0.038,0.0,0.0,0.0,60.0,59.9,74.7,0.0,273.0,273.0,274.0,0.0,0.0,0.0,600.0,1369814.0,41157.0,126333.0,1.0,0.979,0.748,0.921,0.0,0.002,0.004,0.006,0.008,0.005,0.006,0.0,0.0,0.001,0.001,0.001,0.001,0.001,42796.0,43446.0,43023.0,42871.0,43747.0,41516.0,37634.0,0.392,324.1,14.33,0.8,3.53,2.0,-1.0,13.72,0.016,0.217,3.0,2.0,0.0,0.0,18.3,18.07,17.41,17.71,17.87,20.16,17.58,17.99,17.81,24.37
2016-06-07 04:20:00-05:00,-10.811195,-4.539087,502294.0,19.36,0.0,0.487,20.07,160.2,274.4,273.3,270.6,0.0,0.0,0.0,160.2,0.0,60.14,0.0,1379347.0,21.81,0.0,0.0,0.0,0.0,0.0,0.0,0.0,0.0,0.0,0.0,19.72,17.82,0.038,0.0,0.0,0.0,60.0,59.9,74.7,0.0,273.0,273.0,274.0,0.0,0.0,0.0,600.0,1369814.0,41157.0,126333.0,1.0,0.979,0.748,0.921,0.001,0.003,0.004,0.005,0.008,0.003,0.006,0.0,0.0,0.001,0.001,0.001,0.0,0.001,42796.0,43446.0,43023.0,42871.0,43747.0,41516.0,37634.0,0.382,293.6,31.3,0.6,3.53,2.0,-1.0,13.72,0.016,0.217,3.0,2.0,0.0,0.0,18.25,17.94,17.32,17.63,17.68,20.0,17.4,17.84,17.62,24.35
2016-06-07 04:21:00-05:00,-11.167608,-4.539087,502295.0,19.36,0.0,0.486,20.08,175.1,274.5,273.4,270.6,0.0,0.0,0.0,175.3,0.0,60.14,0.0,1379347.0,21.78,0.0,0.0,0.0,0.0,0.0,0.0,0.0,0.0,0.0,0.0,19.73,17.71,0.097,0.0,0.0,0.0,60.0,59.9,74.7,0.0,273.0,273.0,274.0,0.0,0.0,0.0,600.0,1369814.0,41157.0,126333.0,1.0,0.979,0.748,0.921,0.0,0.002,0.005,0.006,0.008,0.003,0.005,0.0,0.0,0.001,0.001,0.001,0.001,0.001,42796.0,43446.0,43023.0,42871.0,43747.0,41516.0,37634.0,0.347,306.3,21.03,0.6,3.53,2.0,-1.0,13.72,0.016,0.217,3.0,2.0,0.0,0.0,18.08,17.79,17.19,17.48,17.54,19.89,17.24,17.73,17.51,24.39
2016-06-07 04:22:00-05:00,-11.167608,-4.539087,502296.0,19.36,0.0,0.486,20.08,188.1,274.3,273.4,270.7,0.0,0.0,0.0,188.3,0.0,60.14,0.0,1379347.0,21.77,0.0,0.0,0.0,0.0,0.0,0.0,0.0,0.0,0.0,0.0,19.69,17.58,0.186,0.0,0.0,0.0,60.0,59.9,74.7,0.0,273.0,273.0,274.0,0.0,0.0,0.0,600.0,1369814.0,41157.0,126333.0,1.0,0.979,0.748,0.921,0.0,0.003,0.005,0.005,0.01,0.004,0.007,0.0,0.001,0.001,0.001,0.002,0.001,0.001,42796.0,43446.0,43023.0,42871.0,43747.0,41516.0,37634.0,0.242,174.3,36.85,0.5,3.53,2.0,-1.0,13.72,0.016,0.217,3.0,2.0,0.0,0.0,17.92,17.66,17.01,17.33,17.58,19.77,17.11,17.58,17.35,24.35
2016-06-07 04:23:00-05:00,-11.167608,-4.539087,502297.0,19.36,0.0,0.49,20.0,200.6,274.3,273.5,270.8,0.0,0.0,0.0,200.6,0.0,60.17,0.0,1379347.0,21.79,0.0,0.0,0.0,0.0,0.0,0.0,0.0,0.0,0.0,0.0,19.55,17.44,0.192,0.0,0.0,0.0,60.0,59.9,74.7,0.0,273.0,273.0,274.0,0.0,0.0,0.0,600.0,1369814.0,41157.0,126333.0,1.0,0.979,0.748,0.921,0.0,0.003,0.005,0.005,0.009,0.003,0.006,0.0,0.001,0.001,0.001,0.002,0.001,0.001,42796.0,43446.0,43023.0,42871.0,43747.0,41516.0,37634.0,0.505,161.7,7.878,0.7,3.53,2.0,-1.0,13.72,0.016,0.217,3.0,2.0,0.0,0.0,17.71,17.47,16.91,17.2,17.41,19.56,17.01,17.41,17.23,24.35
2016-06-07 04:24:00-05:00,-11.167608,-4.539087,502298.0,19.35,0.0,0.493,19.86,212.8,274.5,273.5,270.8,0.0,0.0,0.0,212.9,0.0,60.22,0.0,1379347.0,21.78,0.0,0.0,0.0,0.0,0.0,0.0,0.0,0.0,0.0,0.0,19.36,17.27,0.231,0.0,0.0,0.0,60.0,59.9,74.7,0.0,273.0,273.0,274.0,0.0,0.0,0.0,600.0,1369814.0,41157.0,126333.0,1.0,0.979,0.748,0.921,0.0,0.003,0.005,0.005,0.009,0.003,0.007,0.0,0.001,0.001,0.001,0.002,0.001,0.001,42796.0,43446.0,43023.0,42871.0,43747.0,41516.0,37634.0,0.892,144.3,6.011,1.3,3.53,2.0,-1.0,13.72,0.016,0.217,3.0,2.0,0.0,0.0,17.55,17.4,16.85,17.14,17.42,19.53,17.09,17.33,17.17,24.34
2016-06-07 04:25:00-05:00,-11.167608,-4.539087,502299.0,19.34,0.0,0.494,19.72,224.5,274.2,273.7,270.9,0.0,0.0,0.0,224.6,0.0,60.19,0.0,1379347.0,21.79,0.0,0.0,0.0,0.0,0.0,0.0,0.0,0.0,0.0,0.0,19.26,17.11,0.267,0.0,0.0,0.0,60.0,59.9,74.7,0.0,273.0,273.0,274.0,0.0,0.0,0.0,600.0,1369814.0,41157.0,126333.0,1.0,0.979,0.748,0.921,-0.001,0.003,0.006,0.006,0.009,0.002,0.007,0.0,0.001,0.001,0.001,0.002,0.0,0.002,42796.0,43446.0,43023.0,42871.0,43747.0,41516.0,37634.0,0.632,164.7,14.15,1.0,3.531,2.0,-1.0,13.72,0.016,0.217,3.0,2.0,0.0,0.0,17.43,17.26,16.81,17.11,17.33,19.34,17.15,17.33,17.15,24.34
2016-06-07 04:26:00-05:00,-11.167608,-4.539087,502300.0,19.33,0.0,0.575,19.65,235.6,274.5,273.4,270.6,0.0,0.0,0.0,235.6,0.0,60.14,0.0,1379347.0,21.79,0.0,0.0,0.0,0.0,0.0,0.0,0.0,0.0,0.0,0.0,19.22,16.99,0.329,0.0,0.0,0.0,60.0,59.9,74.7,0.0,273.0,273.0,274.0,0.0,0.0,0.0,600.0,1369814.0,41157.0,126333.0,1.0,0.979,0.748,0.921,-0.001,0.002,0.005,0.005,0.009,0.001,0.007,0.0,0.001,0.001,0.001,0.002,0.0,0.002,42796.0,43446.0,43023.0,42871.0,43747.0,41516.0,37634.0,0.283,196.1,37.21,0.5,3.53,2.0,-1.0,13.72,0.016,0.217,3.0,2.0,0.0,0.0,17.3,17.3,16.75,17.04,17.27,19.35,17.04,17.27,17.19,24.29
2016-06-07 04:27:00-05:00,-11.167608,-4.539087,502301.0,19.31,0.0,0.883,19.6,245.6,274.6,273.4,270.6,0.0,0.0,0.0,245.7,0.0,60.14,0.0,1379347.0,21.79,0.0,0.0,0.0,0.0,0.0,0.0,0.0,0.0,0.0,0.0,19.15,16.86,0.378,0.0,0.0,0.0,60.0,59.9,74.7,0.0,273.0,273.0,274.0,0.0,0.0,0.0,600.0,1369814.0,41157.0,126333.0,1.0,0.979,0.748,0.921,-0.001,0.003,0.006,0.006,0.008,0.001,0.006,0.0,0.001,0.001,0.001,0.002,0.0,0.002,42796.0,43446.0,43023.0,42871.0,43747.0,41516.0,37634.0,0.465,182.4,18.17,0.7,3.531,2.0,-1.0,13.72,0.016,0.217,3.0,2.0,0.0,0.0,17.16,17.18,16.7,16.98,17.19,19.33,16.93,17.17,17.07,24.31
2016-06-07 04:28:00-05:00,-11.167608,-4.3149343,502302.0,19.31,0.0,0.998,19.46,254.7,274.3,273.5,270.7,0.0,0.0,0.0,254.8,0.0,60.15,0.0,1379347.0,21.79,0.0,0.0,0.0,0.0,0.0,0.0,0.0,0.0,0.0,0.0,19.07,16.75,0.47,0.0,0.0,0.0,60.0,59.9,74.7,0.0,273.0,273.0,274.0,0.0,0.0,0.0,600.0,1369814.0,41157.0,126333.0,1.0,0.979,0.748,0.921,-0.001,0.003,0.006,0.006,0.009,0.001,0.009,0.0,0.001,0.002,0.002,0.002,0.0,0.002,42796.0,43446.0,43023.0,42871.0,43747.0,41516.0,37634.0,0.555,163.5,8.56,0.8,3.53,2.0,-1.0,13.72,0.016,0.217,3.0,2.0,0.0,0.0,17.04,17.14,16.65,16.91,17.17,19.13,16.93,17.07,16.97,24.35
2016-06-07 04:29:00-05:00,-11.167608,-4.0907817,502303.0,19.3,0.0,0.997,19.49,263.2,274.4,273.4,270.7,0.0,0.0,0.0,263.4,0.0,60.15,0.0,1379347.0,21.79,0.0,0.0,0.0,0.0,0.0,0.0,0.0,0.0,0.0,0.0,19.01,16.64,0.599,0.0,0.0,0.0,60.0,59.9,74.7,0.0,273.0,273.0,274.0,0.0,0.0,0.0,600.0,1369814.0,41157.0,126333.0,1.0,0.979,0.748,0.921,-0.001,0.003,0.005,0.007,0.01,0.002,0.007,0.0,0.001,0.001,0.002,0.003,0.0,0.002,42796.0,43446.0,43023.0,42871.0,43747.0,41516.0,37634.0,0.503,163.1,7.646,0.7,3.53,2.0,-1.0,13.72,0.016,0.217,3.0,2.0,0.0,0.0,16.95,17.02,16.57,16.85,17.16,18.98,16.94,16.99,16.91,24.3
2016-06-07 04:30:00-05:00,-11.048804,-3.8666298,502304.0,19.28,0.0,0.997,19.41,271.0,274.3,273.4,270.6,0.0,0.0,0.0,270.8,0.0,60.16,0.0,1379347.0,21.8,0.0,0.0,0.0,0.0,0.0,0.0,0.0,0.0,0.0,0.0,18.97,16.53,0.688,0.0,0.0,0.0,60.0,59.9,74.7,0.0,273.0,273.0,274.0,0.0,0.0,0.0,600.0,1369814.0,41157.0,126333.0,1.0,0.979,0.748,0.921,-0.001,0.003,0.005,0.005,0.01,0.0,0.007,0.0,0.001,0.001,0.001,0.003,0.0,0.002,42796.0,43446.0,43023.0,42871.0,43747.0,41516.0,37634.0,0.387,175.0,13.23,0.5,3.528,2.0,-1.0,13.72,0.016,0.217,3.0,2.0,0.0,0.0,16.85,16.99,16.55,16.83,17.04,19.0,16.84,16.94,16.86,24.26
2016-06-07 04:31:00-05:00,-10.4547825,-3.8666298,502305.0,19.26,0.0,1.165,19.34,277.9,274.3,273.2,270.5,0.0,0.0,0.0,277.7,0.0,60.14,0.0,1379347.0,21.79,0.0,0.0,0.0,0.0,0.0,0.0,0.0,0.0,0.0,0.0,18.9,16.46,0.797,0.0,0.0,0.0,60.0,59.9,74.7,0.0,273.0,273.0,274.0,0.0,0.0,0.0,600.0,1369814.0,41157.0,126333.0,1.0,0.979,0.748,0.921,-0.001,0.003,0.005,0.005,0.01,0.0,0.007,0.0,0.001,0.001,0.001,0.003,0.0,0.002,42796.0,43446.0,43023.0,42871.0,43747.0,41516.0,37634.0,0.418,170.9,15.51,0.6,3.528,2.0,-1.0,13.72,0.015,0.217,3.0,2.0,0.0,0.0,16.75,16.93,16.5,16.76,17.11,19.05,16.75,16.85,16.78,24.27
2016-06-07 04:32:00-05:00,-10.3359785,-3.8666298,502306.0,19.26,0.0,1.504,19.45,284.4,274.3,273.4,270.7,0.0,0.0,0.0,284.3,0.0,60.19,0.0,1379347.0,21.79,0.0,0.0,0.0,0.0,0.0,0.0,0.0,0.0,0.0,0.0,19.04,16.47,0.996,0.0,0.0,0.0,60.0,59.9,74.7,0.0,273.0,273.0,274.0,0.0,0.0,0.0,600.0,1369814.0,41157.0,126333.0,1.0,0.979,0.748,0.921,-0.001,0.002,0.005,0.005,0.01,0.001,0.008,0.0,0.001,0.001,0.002,0.003,0.0,0.002,42796.0,43446.0,43023.0,42871.0,43747.0,41516.0,37634.0,0.445,199.5,36.55,1.2,3.53,2.0,-1.0,13.72,0.015,0.217,3.0,2.0,0.0,0.0,16.74,16.91,16.46,16.75,17.09,19.06,16.75,16.81,16.76,24.27
2016-06-07 04:33:00-05:00,-10.3359785,-3.7545533,502307.0,19.23,0.0,1.507,19.49,290.0,274.2,273.5,270.7,0.0,0.0,0.0,289.9,0.0,60.21,0.0,1379347.0,21.78,0.0,0.0,0.0,0.0,0.0,0.0,0.0,0.0,0.0,0.0,19.11,16.58,1.132,0.0,0.0,0.0,60.0,59.9,74.7,0.0,273.0,273.0,274.0,0.0,0.0,0.0,600.0,1369814.0,41157.0,126333.0,1.0,0.979,0.748,0.921,-0.001,0.004,0.004,0.005,0.01,0.002,0.007,0.0,0.001,0.001,0.001,0.003,0.0,0.002,42796.0,43446.0,43023.0,42871.0,43747.0,41516.0,37634.0,0.432,198.3,46.69,1.0,3.527,2.0,-1.0,13.72,0.015,0.217,3.0,2.0,0.0,0.0,16.87,16.9,16.46,16.75,17.09,19.11,16.75,16.82,16.71,24.27
2016-06-07 04:34:00-05:00,-9.979566,-3.0820959,502308.0,19.22,0.0,1.831,19.55,294.7,274.0,273.4,270.7,0.0,0.0,0.0,294.7,0.0,60.21,0.0,1379347.0,21.79,0.0,0.0,0.0,0.0,0.0,0.0,0.0,0.0,0.0,0.0,19.14,16.65,1.352,0.0,0.0,0.0,60.0,59.9,74.7,0.0,273.0,273.0,274.0,0.0,0.0,0.0,600.0,1369814.0,41157.0,126333.0,1.0,0.979,0.748,0.921,-0.002,0.003,0.002,0.007,0.01,0.003,0.007,-0.001,0.001,0.001,0.002,0.003,0.001,0.002,42796.0,43446.0,43023.0,42871.0,43747.0,41516.0,37634.0,0.352,226.7,34.5,0.9,3.53,2.0,-1.0,13.72,0.015,0.217,3.0,2.0,0.0,0.0,16.91,16.94,16.46,16.75,16.99,19.09,16.72,16.87,16.73,24.27
2016-06-07 04:35:00-05:00,-9.504348,-3.0820959,502309.0,19.21,0.0,2.016,19.58,298.7,274.4,273.3,270.6,0.0,0.0,0.0,298.7,0.0,60.13,0.0,1379347.0,21.79,0.0,0.0,0.0,0.0,0.0,0.0,0.0,0.0,0.0,0.0,19.09,16.58,1.531,0.0,0.0,0.0,60.0,59.9,74.7,0.0,273.0,273.0,274.0,0.0,0.0,0.0,600.0,1369814.0,41157.0,126333.0,1.0,0.979,0.748,0.921,-0.003,0.001,0.004,0.006,0.012,0.003,0.007,-0.001,0.0,0.001,0.002,0.003,0.001,0.002,42796.0,43446.0,43023.0,42871.0,43747.0,41516.0,37634.0,0.642,240.2,15.07,0.9,3.531,2.0,-1.0,13.72,0.015,0.217,3.0,2.0,0.0,0.0,16.83,16.94,16.42,16.75,17.02,19.14,16.7,16.9,16.66,24.25
2016-06-07 04:36:00-05:00,-9.504348,-2.9700198,502310.0,19.2,0.0,2.135,19.51,302.8,274.1,273.5,270.7,0.0,0.0,0.0,302.7,0.0,60.14,0.0,1379347.0,21.78,0.0,0.0,0.0,0.0,0.0,0.0,0.0,0.0,0.0,0.0,19.09,16.54,1.775,0.0,0.0,0.0,60.0,59.9,74.7,0.0,273.0,273.0,274.0,0.0,0.0,0.0,600.0,1369814.0,41157.0,126333.0,1.0,0.979,0.748,0.921,-0.004,0.001,0.004,0.006,0.013,0.003,0.009,-0.001,0.0,0.001,0.002,0.004,0.001,0.003,42796.0,43446.0,43023.0,42871.0,43747.0,41516.0,37634.0,0.808,259.0,13.49,1.2,3.531,2.0,-1.0,13.72,0.015,0.217,3.0,2.0,0.0,0.0,16.83,16.93,16.36,16.73,16.93,19.19,16.62,16.91,16.62,24.18
2016-06-07 04:37:00-05:00,-9.266739,-2.4096386,502311.0,19.18,0.0,2.53,19.56,306.4,274.4,273.4,270.7,0.0,0.0,0.0,306.4,0.0,60.14,0.0,1379347.0,21.79,0.0,0.0,0.0,0.0,0.0,0.0,0.0,0.0,0.0,0.0,19.12,16.51,1.98,0.0,0.0,0.0,60.0,59.9,74.7,0.0,273.0,273.0,274.0,0.0,0.0,0.0,600.0,1369814.0,41157.0,126333.0,1.0,0.979,0.748,0.921,-0.005,0.001,0.003,0.006,0.014,0.004,0.007,-0.002,0.0,0.001,0.002,0.004,0.001,0.002,42796.0,43446.0,43023.0,42871.0,43747.0,41516.0,37634.0,0.593,262.2,12.8,0.8,3.531,2.0,-1.0,13.72,0.015,0.217,3.0,2.0,0.0,0.0,16.79,16.83,16.36,16.62,16.88,19.14,16.55,16.85,16.58,24.17
2016-06-07 04:38:00-05:00,-8.791522,-2.2975626,502312.0,19.16,0.0,2.653,19.55,308.9,274.3,273.2,270.5,0.0,0.0,0.0,308.9,0.0,60.2,0.0,1379347.0,21.78,0.0,0.0,0.0,0.0,0.0,0.0,0.0,0.0,0.0,0.0,19.11,16.53,2.235,0.0,0.0,0.0,60.0,59.9,74.7,0.0,273.0,273.0,274.0,0.0,0.0,0.0,600.0,1369814.0,41157.0,126333.0,1.0,0.979,0.748,0.921,-0.004,0.002,0.004,0.008,0.01,0.005,0.006,-0.001,0.001,0.001,0.002,0.003,0.002,0.002,42796.0,43446.0,43023.0,42871.0,43747.0,41516.0,37634.0,0.715,266.1,16.74,1.1,3.53,2.0,-1.0,13.72,0.015,0.217,3.0,2.0,0.0,0.0,16.74,16.89,16.26,16.59,16.78,19.16,16.44,16.83,16.57,24.17
2016-06-07 04:39:00-05:00,-8.672717,-2.1854863,502313.0,19.15,0.0,3.043,19.51,311.8,274.2,273.2,270.5,0.0,0.0,0.0,311.9,0.0,60.19,0.0,1379347.0,21.79,0.0,0.4,0.0,0.0,0.0,0.0,0.0,0.0,0.0,0.0,19.05,16.47,2.499,0.0,0.0,0.0,60.0,59.9,74.7,0.0,273.0,273.0,274.0,0.0,0.0,0.0,600.0,1369814.0,41157.0,126333.0,1.0,0.979,0.748,0.921,-0.007,0.001,0.003,0.009,0.013,0.001,0.01,-0.002,0.0,0.001,0.003,0.004,0.0,0.003,42796.0,43446.0,43023.0,42871.0,43747.0,41516.0,37634.0,0.41,239.4,34.86,0.6,3.531,2.0,-1.0,13.72,0.015,0.217,3.0,2.0,0.0,0.0,16.72,16.85,16.21,16.55,16.81,19.19,16.39,16.78,16.54,24.17
2016-06-07 04:40:00-05:00,-7.959892,-1.513029,502314.0,19.13,0.0,3.301,19.44,314.0,274.2,273.3,270.6,0.0,0.0,0.0,314.1,0.0,60.22,0.0,1379347.0,21.78,0.0,1.0,0.0,0.0,0.0,0.0,0.0,0.0,0.0,0.0,18.94,16.38,2.766,0.0,0.0,0.0,60.0,59.9,74.7,0.0,273.0,273.0,274.0,0.0,0.0,0.0,600.0,1369814.0,41157.0,126333.0,1.0,0.979,0.748,0.921,-0.006,0.0,0.005,0.007,0.016,-0.005,0.013,-0.002,0.0,0.002,0.002,0.005,-0.001,0.004,42796.0,43446.0,43023.0,42871.0,43747.0,41516.0,37634.0,0.482,208.5,11.13,0.7,3.531,2.0,-1.0,13.72,0.015,0.217,3.0,2.0,0.0,0.0,16.62,16.8,16.16,16.55,16.75,19.19,16.44,16.7,16.52,24.17
2016-06-07 04:41:00-05:00,-7.959892,-1.513029,502315.0,19.12,0.0,3.572,19.37,316.1,274.3,273.4,270.6,0.0,0.0,0.0,316.2,0.0,60.21,0.0,1379347.0,21.78,0.0,1.0,0.0,0.0,0.0,0.0,0.0,0.0,0.0,0.0,18.85,16.32,3.056,0.0,0.0,0.0,60.0,59.9,74.7,0.0,273.0,273.0,274.0,0.0,0.0,0.0,600.0,1369814.0,41157.0,126333.0,1.0,0.979,0.748,0.921,-0.006,0.002,0.004,0.008,0.012,0.002,0.008,-0.002,0.0,0.001,0.002,0.004,0.001,0.003,42796.0,43446.0,43023.0,42871.0,43747.0,41516.0,37634.0,0.365,202.7,13.32,0.7,3.53,2.0,-1.0,13.72,0.015,0.217,3.0,2.0,0.0,0.0,16.54,16.76,16.16,16.52,16.76,19.1,16.41,16.65,16.54,24.12
2016-06-07 04:42:00-05:00,-7.959892,-1.2888767,502316.0,19.1,0.0,4.018,19.31,318.6,274.3,273.3,270.6,0.0,0.0,0.0,318.7,0.0,60.23,0.0,1379347.0,21.79,0.0,1.0,0.0,0.0,0.0,0.0,0.0,0.0,0.0,0.0,18.81,16.3,3.37,0.0,0.0,0.0,60.0,59.9,74.7,0.0,273.0,273.0,274.0,0.0,0.0,0.0,600.0,1369814.0,41157.0,126333.0,1.0,0.979,0.748,0.921,-0.009,0.001,0.003,0.014,0.011,0.001,0.008,-0.003,0.0,0.001,0.005,0.004,0.0,0.002,42796.0,43446.0,43023.0,42871.0,43747.0,41516.0,37634.0,0.528,209.8,24.08,0.9,3.531,2.0,-1.0,13.72,0.015,0.217,3.0,2.0,0.0,0.0,16.54,16.73,16.16,16.42,16.76,19.04,16.36,16.57,16.46,24.07
2016-06-07 04:43:00-05:00,-7.7222824,-0.7284954,502317.0,19.1,0.0,4.278,19.32,320.8,274.0,273.4,270.6,0.0,0.0,0.0,320.9,0.0,60.21,0.0,1379347.0,21.78,0.0,1.0,0.0,0.0,0.0,0.0,0.0,0.0,0.0,0.0,18.85,16.32,3.709,0.0,0.0,0.0,60.0,59.9,74.7,0.0,273.0,273.0,274.0,0.0,0.0,0.0,600.0,1369814.0,41157.0,126333.0,1.0,0.979,0.748,0.921,-0.012,0.006,0.003,0.018,0.01,-0.003,0.007,-0.004,0.002,0.001,0.006,0.003,-0.001,0.002,42796.0,43446.0,43023.0,42871.0,43747.0,41516.0,37634.0,0.348,211.7,41.7,0.8,3.531,2.0,-1.0,13.72,0.015,0.217,3.0,2.0,0.0,0.0,16.54,16.75,16.13,16.44,16.73,19.09,16.34,16.57,16.42,24.07
2016-06-07 04:44:00-05:00,-7.1282606,-0.6164193,502318.0,19.08,0.0,4.646,19.25,322.2,274.3,273.1,270.4,0.0,0.0,0.0,322.4,0.0,60.15,0.0,1379347.0,130.0,0.0,2.067,0.0,0.0,0.0,0.0,0.0,0.0,0.0,0.0,18.74,16.25,4.056,3.1,3.166,3.102,60.0,59.9,74.7,0.0,273.0,273.0,274.0,-0.111,-2.308,2.312,600.0,1369814.0,41157.0,126333.0,0.745,0.979,0.748,0.921,-0.01,0.015,0.003,0.019,0.014,-0.008,0.013,-0.003,0.005,0.001,0.006,0.004,-0.003,0.004,42796.0,43446.0,43023.0,42871.0,43747.0,41516.0,37634.0,0.283,202.6,26.6,0.5,3.53,2.0,-1.0,13.72,0.015,0.217,3.0,2.0,0.0,0.0,16.54,16.67,16.07,16.39,16.72,19.09,16.28,16.55,16.46,24.07
2016-06-07 04:45:00-05:00,-6.6530433,-0.056038223,502319.0,19.06,0.0,5.085,19.21,308.3,274.4,273.3,270.6,0.086,0.0,0.085,308.3,1.227,60.14,0.0,1379347.0,310.0,0.363,4.567,0.0,0.0,0.0,0.0,0.0,0.0,0.0,0.0,18.71,16.21,4.428,10.56,11.48,11.38,60.0,59.9,74.7,0.0,273.0,273.0,274.0,-0.298,-8.27,8.28,600.0,1369814.0,41157.0,126333.0,0.035,0.979,0.748,0.921,0.162,0.19,0.184,0.193,0.198,0.168,0.176,0.048,0.056,0.054,0.057,0.059,0.049,0.052,42796.0,43446.0,43023.0,42871.0,43747.0,41516.0,37634.0,0.228,214.7,34.85,0.5,3.528,2.0,-0.967,13.72,0.015,0.217,3.0,2.0,0.0,0.0,16.48,16.67,16.15,16.44,16.59,18.91,16.28,16.54,16.46,24.07
2016-06-07 04:46:00-05:00,-6.2966304,0.6164192,502320.0,19.05,0.0,5.567,19.19,306.5,274.1,273.3,270.6,0.946,0.0,0.847,306.4,1.459,60.14,0.0,1379347.0,308.1,0.431,4.65,0.0,0.0,0.0,0.0,0.0,0.0,0.0,0.0,18.63,16.17,4.829,10.35,11.4,11.27,60.0,59.9,74.7,0.0,273.0,273.0,274.0,-0.218,-8.15,8.15,600.0,1369814.0,41157.0,126333.0,0.026,0.979,0.748,0.921,0.222,0.247,0.248,0.256,0.264,0.224,0.225,0.066,0.073,0.073,0.076,0.078,0.066,0.067,42796.0,43446.0,43023.0,42871.0,43747.0,41516.0,37634.0,0.353,200.1,18.7,0.6,3.526,2.0,-1.0,13.72,0.015,0.217,3.0,2.0,0.0,0.0,16.38,16.65,16.13,16.4,16.6,18.88,16.24,16.5,16.38,24.04
2016-06-07 04:47:00-05:00,-5.583804,1.064724,502321.0,19.03,0.0,6.032,19.14,307.7,274.3,273.3,270.6,1.549,0.0,1.778,307.4,1.459,60.17,0.0,1379347.0,309.3,0.432,4.65,0.0,0.0,0.0,0.0,0.0,0.0,0.0,0.0,18.57,16.14,5.285,10.33,11.39,11.24,60.0,59.9,74.7,0.0,273.0,273.0,274.0,-0.151,-8.14,8.14,600.0,1369814.0,41157.0,126333.0,0.017,0.979,0.748,0.921,0.25,0.276,0.276,0.285,0.293,0.256,0.247,0.074,0.082,0.082,0.085,0.087,0.076,0.073,42796.0,43446.0,43023.0,42871.0,43747.0,41516.0,37634.0,0.307,212.5,21.63,0.5,3.53,2.0,-1.0,13.72,0.015,0.217,3.0,2.0,0.0,0.0,16.36,16.63,16.07,16.39,16.57,18.98,16.23,16.46,16.36,24.03
2016-06-07 04:48:00-05:00,-5.4649997,1.5130291,502322.0,19.0,0.0,6.493,19.18,308.7,274.2,273.4,270.7,2.151,0.589,3.217,308.4,1.471,60.14,0.121,1379347.0,310.7,0.437,4.65,0.0,0.0,0.0,0.0,0.0,0.0,0.0,0.0,18.55,16.09,5.74,10.34,11.37,11.22,60.0,59.9,74.7,0.0,273.0,273.0,274.0,-0.075,-8.12,8.13,600.0,1369814.0,41158.0,126333.0,0.007,0.979,0.748,0.921,0.292,0.318,0.32,0.329,0.343,0.293,0.288,0.087,0.095,0.095,0.098,0.102,0.087,0.086,42796.0,43446.0,43023.0,42871.0,43747.0,41516.0,37634.0,0.358,204.8,13.38,0.5,3.53,2.0,-1.0,13.72,0.015,0.217,3.0,2.0,0.0,0.0,16.35,16.59,16.02,16.36,16.55,18.8,16.15,16.45,16.31,23.97
2016-06-07 04:49:00-05:00,-4.752174,2.185486,502323.0,18.99,0.0,6.983,19.14,313.4,274.1,273.6,270.8,2.323,1.768,2.963,313.2,1.356,60.18,0.312,1379347.0,315.0,0.405,4.583,0.0,0.0,0.0,0.0,0.0,0.0,0.0,0.0,18.53,16.06,6.205,10.45,11.4,11.23,60.0,59.9,74.7,0.0,273.0,273.0,274.0,-0.021,-8.18,8.18,600.0,1369814.0,41158.0,126333.0,0.0,0.979,0.748,0.921,0.282,0.329,0.327,0.344,0.352,0.27,0.302,0.084,0.098,0.098,0.104,0.105,0.08,0.091,42796.0,43446.0,43023.0,42871.0,43747.0,41516.0,37634.0,0.555,193.4,12.7,0.8,3.53,2.0,-1.0,13.72,0.015,0.217,3.0,2.0,0.0,0.0,16.35,16.55,15.97,16.34,16.54,18.78,16.13,16.39,16.28,23.97
2016-06-07 04:50:00-05:00,-4.0393476,2.633791,502324.0,18.97,0.0,7.513,19.08,318.8,274.5,273.2,270.5,2.581,2.61,2.624,319.0,1.472,60.17,0.521,1379347.0,320.5,0.443,4.517,0.0,0.0,0.0,0.0,0.0,0.0,0.0,0.0,18.42,16.04,6.662,10.58,11.44,11.28,60.0,59.9,74.7,0.0,273.0,273.0,274.0,0.002,-8.25,8.26,601.0,1369814.0,41158.0,126333.0,-0.004,0.979,0.748,0.921,0.274,0.331,0.335,0.345,0.342,0.27,0.305,0.082,0.1,0.101,0.105,0.104,0.081,0.092,42796.0,43446.0,43023.0,42871.0,43747.0,41516.0,37634.0,0.535,192.1,10.83,0.7,3.527,2.0,-1.0,13.72,0.015,0.217,3.0,2.0,0.0,0.0,16.35,16.55,16.03,16.31,16.67,18.75,16.16,16.36,16.33,23.97
2016-06-07 04:51:00-05:00,-3.5641303,3.0820959,502325.0,18.93,0.0,7.993,19.04,323.2,274.2,273.3,270.6,2.323,2.61,2.624,323.3,1.764,60.15,0.469,1379347.0,324.8,0.535,4.517,0.0,0.0,0.0,0.0,0.0,0.0,0.0,0.0,18.42,16.08,7.153,10.57,11.43,11.24,60.0,59.9,74.7,0.0,273.0,273.0,274.0,0.056,-8.23,8.24,601.0,1369814.0,41158.0,126333.0,-0.011,0.979,0.748,0.921,0.301,0.348,0.346,0.362,0.369,0.302,0.32,0.091,0.106,0.105,0.111,0.112,0.091,0.098,42796.0,43446.0,43023.0,42871.0,43747.0,41516.0,37634.0,0.363,157.6,32.12,0.7,3.53,2.0,-1.0,13.72,0.015,0.217,3.0,2.0,0.0,0.0,16.35,16.55,16.05,16.29,16.72,18.84,16.16,16.38,16.33,23.91
2016-06-07 04:52:00-05:00,-2.8513043,3.7545533,502326.0,18.91,0.0,8.61,19.0,328.1,274.1,273.3,270.6,3.011,3.031,3.132,328.0,2.485,60.15,0.59,1379348.0,329.9,0.765,4.617,0.0,0.0,0.0,0.0,0.0,0.0,0.0,0.0,18.44,16.04,7.702,10.36,11.38,11.21,60.0,59.9,74.7,0.0,273.0,273.0,274.0,0.159,-8.11,8.12,601.0,1369814.0,41158.0,126333.0,-0.024,0.979,0.748,0.921,0.383,0.425,0.42,0.425,0.456,0.371,0.378,0.118,0.132,0.13,0.132,0.142,0.114,0.117,42796.0,43446.0,43023.0,42871.0,43747.0,41516.0,37634.0,0.58,181.4,9.5,0.7,3.53,2.0,-1.0,13.72,0.015,0.217,3.0,2.0,0.0,0.0,16.35,16.55,16.05,16.26,16.7,18.85,16.26,16.37,16.38,23.87
2016-06-07 04:53:00-05:00,-2.0196736,4.539087,502327.0,18.89,0.0,9.29,19.02,337.6,274.0,273.5,270.7,3.356,3.199,3.302,337.9,2.206,60.17,0.659,1379348.0,339.3,0.716,4.65,0.0,0.0,0.0,0.0,0.0,0.0,0.0,0.0,18.41,16.05,8.3,10.27,11.39,11.21,60.0,59.9,74.7,0.0,273.0,273.0,274.0,0.137,-8.08,8.09,601.0,1369814.0,41158.0,126333.0,-0.02,0.979,0.748,0.921,0.362,0.414,0.418,0.412,0.442,0.351,0.383,0.117,0.135,0.136,0.134,0.144,0.113,0.125,42796.0,43446.0,43023.0,42871.0,43747.0,41516.0,37634.0,0.537,203.6,11.01,0.8,3.53,2.0,-1.0,13.72,0.015,0.217,3.0,2.0,0.0,0.0,16.35,16.55,16.15,16.33,16.64,18.96,16.33,16.44,16.38,23.87
2016-06-07 04:54:00-05:00,-1.425652,5.211544,502328.0,18.87,0.0,9.86,18.96,340.2,274.4,273.3,270.6,3.184,2.947,3.048,340.2,2.506,60.23,0.607,1379348.0,342.0,0.816,4.617,0.0,0.0,0.0,0.0,0.0,0.0,0.0,0.0,18.39,16.05,8.88,10.35,11.4,11.22,60.0,59.9,74.7,0.0,273.0,273.0,274.0,0.168,-8.11,8.13,601.0,1369814.0,41158.0,126333.0,-0.025,0.979,0.748,0.921,0.357,0.417,0.426,0.432,0.458,0.338,0.391,0.115,0.136,0.139,0.141,0.15,0.109,0.128,42796.0,43446.0,43023.0,42871.0,43747.0,41516.0,37634.0,0.353,217.3,13.36,0.5,3.528,2.0,-1.0,13.72,0.015,0.217,3.0,2.0,0.0,0.0,16.35,16.55,16.16,16.41,16.73,18.93,16.28,16.46,16.39,23.87
2016-06-07 04:55:00-05:00,-0.7128258,5.8840013,502329.0,18.86,0.0,10.46,18.93,340.5,274.2,273.4,270.6,3.356,3.031,3.048,340.7,3.197,60.22,0.625,1379348.0,342.1,1.046,4.65,0.0,0.0,0.0,0.0,0.0,0.0,0.0,0.0,18.36,16.01,9.45,10.29,11.39,11.2,60.0,59.9,74.7,0.0,273.0,273.0,274.0,0.248,-8.06,8.08,601.0,1369814.0,41159.0,126333.0,-0.035,0.979,0.748,0.921,0.399,0.474,0.468,0.457,0.491,0.389,0.423,0.13,0.155,0.154,0.15,0.162,0.126,0.139,42796.0,43446.0,43023.0,42871.0,43747.0,41516.0,37634.0,0.322,176.7,12.54,0.5,3.528,2.0,-1.0,13.72,0.015,0.217,3.0,2.0,0.0,0.0,16.31,16.5,16.1,16.39,16.9,18.9,16.16,16.46,16.34,23.87
2016-06-07 04:56:00-05:00,-0.23760873,6.2202296,502330.0,18.84,0.0,11.05,18.96,345.2,274.1,273.3,270.6,2.925,2.442,2.624,345.3,2.866,60.19,0.503,1379348.0,346.7,0.943,4.567,0.0,0.0,0.0,0.0,0.0,0.0,0.0,0.0,18.34,16.02,10.02,10.44,11.45,11.25,60.0,59.9,74.7,0.0,273.0,273.0,273.9,0.2,-8.15,8.17,601.0,1369814.0,41159.0,126333.0,-0.029,0.979,0.748,0.921,0.352,0.44,0.426,0.419,0.45,0.35,0.396,0.115,0.145,0.141,0.138,0.149,0.114,0.131,42796.0,43446.0,43023.0,42871.0,43747.0,41516.0,37634.0,,0.0,0.0,,,2.0,-1.0,13.72,0.015,0.217,3.0,2.0,0.0,0.0,16.25,16.46,16.07,16.33,16.76,18.87,16.12,16.48,16.28,23.87
2016-06-07 04:57:00-05:00,0.23760873,6.4443827,502331.0,18.82,0.0,11.66,18.91,348.6,273.9,273.2,270.5,2.667,2.105,2.455,348.7,2.55,60.17,0.433,1379348.0,350.3,0.844,4.517,0.0,0.0,0.0,0.0,0.0,0.0,0.0,0.0,18.37,15.98,10.57,10.59,11.49,11.29,60.0,59.9,74.7,0.0,273.0,273.0,273.7,0.155,-8.22,8.24,601.0,1369814.0,41159.0,126333.0,-0.024,0.979,0.748,0.921,0.324,0.405,0.404,0.391,0.437,0.3,0.377,0.106,0.134,0.134,0.13,0.146,0.098,0.126,42796.0,43446.0,43023.0,42871.0,43747.0,41516.0,37634.0,0.42,176.4,9.39,0.6,3.53,2.0,-1.0,13.72,0.015,0.217,3.0,2.0,0.0,0.0,16.25,16.46,16.02,16.26,16.67,18.8,16.07,16.41,16.28,23.87
2016-06-07 04:58:00-05:00,0.9504354,7.11684,502332.0,18.81,0.0,12.27,18.96,349.6,273.7,273.2,270.5,2.667,2.442,2.54,349.6,2.527,60.21,0.501,1379348.0,351.2,0.837,4.517,0.0,0.0,0.0,0.0,0.0,0.0,0.0,0.0,18.35,15.92,11.12,10.57,11.49,11.29,60.0,59.9,74.7,0.0,272.8,273.0,273.3,0.192,-8.21,8.24,601.0,1369814.0,41159.0,126333.0,-0.029,0.979,0.748,0.921,0.333,0.433,0.414,0.416,0.449,0.317,0.393,0.109,0.144,0.138,0.139,0.15,0.104,0.131,42796.0,43446.0,43023.0,42871.0,43747.0,41516.0,37634.0,0.437,146.9,11.7,0.6,3.53,2.0,-1.0,13.72,0.015,0.217,3.0,2.0,0.0,0.0,16.22,16.46,16.07,16.33,16.79,18.7,16.07,16.39,16.29,23.87
2016-06-07 04:59:00-05:00,1.6632612,7.6772203,502333.0,18.79,0.0,12.83,18.83,348.3,273.9,272.8,270.1,3.098,2.863,2.963,348.3,2.945,60.2,0.584,1379348.0,349.9,0.982,4.6,0.0,0.0,0.0,0.0,0.0,0.0,0.0,0.0,18.38,15.92,11.65,10.44,11.45,11.23,60.0,59.9,74.7,0.0,272.0,272.2,273.0,0.284,-8.09,8.12,601.0,1369814.0,41159.0,126333.0,-0.041,0.979,0.748,0.921,0.391,0.495,0.483,0.484,0.51,0.366,0.447,0.129,0.166,0.162,0.162,0.171,0.121,0.15,42796.0,43446.0,43023.0,42871.0,43747.0,41516.0,37634.0,0.61,157.7,7.295,0.8,3.53,2.0,-1.0,13.72,0.015,0.217,3.0,2.0,0.0,0.0,16.15,16.44,16.03,16.31,16.79,18.78,16.08,16.42,16.34,23.87
2016-06-07 05:00:00-05:00,2.019674,8.349677,502334.0,18.77,0.0,13.42,18.77,350.6,273.6,272.8,270.1,3.356,3.199,3.302,350.5,3.11,60.15,0.651,1379348.0,352.0,1.057,4.65,0.0,0.0,0.0,0.0,0.0,0.0,0.0,0.0,18.27,15.88,12.22,10.27,11.41,11.18,60.0,59.9,74.7,0.0,272.0,272.0,273.0,0.22,-8.04,8.05,601.0,1369814.0,41159.0,126333.0,-0.031,0.979,0.748,0.921,0.418,0.487,0.455,0.461,0.44,0.327,0.438,0.141,0.166,0.155,0.157,0.15,0.11,0.15,42796.0,43446.0,43023.0,42871.0,43747.0,41516.0,37634.0,,0.0,0.0,,,2.5,-1.0,13.72,0.015,0.217,3.0,2.0,0.0,0.0,16.15,16.46,16.07,16.32,16.82,18.67,16.08,16.41,16.38,23.87
2016-06-07 05:01:00-05:00,2.4948914,9.022136,502335.0,18.76,0.0,14.04,18.72,352.1,273.3,272.7,270.0,3.356,3.115,3.302,352.1,3.525,60.15,0.634,1379348.0,353.5,1.205,4.65,0.0,0.0,0.0,0.0,0.0,0.0,0.0,0.0,18.22,15.89,12.76,10.27,11.4,11.16,60.0,59.9,74.7,0.0,272.0,272.0,273.0,0.304,-8.01,8.03,601.0,1369814.0,41159.0,126333.0,-0.043,0.979,0.748,0.921,0.478,0.545,0.491,0.469,0.452,0.412,0.463,0.162,0.187,0.168,0.161,0.155,0.14,0.159,42796.0,43446.0,43023.0,42871.0,43747.0,41516.0,37634.0,0.522,160.2,11.44,0.8,3.53,2.0,-1.0,13.72,0.015,0.217,3.0,2.0,0.0,0.0,16.15,16.47,16.07,16.35,16.9,18.75,16.16,16.42,16.47,23.87
2016-06-07 05:02:00-05:00,3.3265219,9.694593,502336.0,18.74,0.0,14.59,18.77,352.4,273.0,272.2,269.5,3.356,3.199,3.302,352.4,3.725,60.14,0.649,1379348.0,354.2,1.273,4.65,0.0,0.0,0.0,0.0,0.0,0.0,0.0,0.0,18.21,15.9,13.34,10.26,11.36,11.14,60.0,59.9,74.7,0.0,272.0,272.0,273.0,0.398,-7.975,8.01,601.0,1369814.0,41159.0,126333.0,-0.055,0.979,0.748,0.921,0.527,0.579,0.54,0.527,0.533,0.459,0.48,0.179,0.198,0.185,0.181,0.183,0.156,0.165,42796.0,43446.0,43023.0,42871.0,43747.0,41516.0,37634.0,0.512,178.5,9.35,0.7,3.526,2.0,-1.0,13.72,0.015,0.217,3.0,2.0,0.0,0.0,16.15,16.5,16.07,16.36,16.93,18.73,16.16,16.46,16.47,23.92
2016-06-07 05:03:00-05:00,3.920544,10.479127,502337.0,18.73,0.0,15.15,18.74,355.9,272.8,272.0,269.3,2.839,2.778,2.794,355.9,3.232,60.15,0.56,1379348.0,357.3,1.105,4.55,0.0,0.0,0.0,0.0,0.0,0.0,0.0,0.0,18.22,15.94,13.89,10.46,11.45,11.18,60.0,59.9,74.7,0.0,271.4,271.6,272.2,0.368,-8.08,8.12,601.0,1369814.0,41160.0,126333.0,-0.052,0.979,0.748,0.921,0.44,0.551,0.494,0.524,0.559,0.411,0.468,0.149,0.189,0.169,0.18,0.192,0.139,0.161,42796.0,43446.0,43023.0,42871.0,43747.0,41516.0,37634.0,0.568,167.9,16.53,0.8,3.528,2.0,-1.0,13.72,0.015,0.217,3.0,2.0,0.0,0.0,16.19,16.55,16.07,16.36,16.87,18.72,16.23,16.49,16.47,23.94
2016-06-07 05:04:00-05:00,4.63337,11.039507,502338.0,18.71,0.0,15.72,18.74,357.3,272.8,272.0,269.3,2.667,2.61,2.624,357.4,3.113,60.15,0.525,1379348.0,358.9,1.066,4.517,0.0,0.0,0.0,0.0,0.0,0.0,0.0,0.0,18.21,15.97,14.45,10.53,11.47,11.21,60.0,59.9,74.7,0.0,271.6,271.5,272.1,0.387,-8.12,8.17,601.0,1369814.0,41160.0,126333.0,-0.055,0.979,0.748,0.921,0.411,0.542,0.532,0.528,0.538,0.356,0.482,0.139,0.186,0.183,0.181,0.185,0.12,0.166,42796.0,43446.0,43023.0,42871.0,43747.0,41516.0,37634.0,0.402,175.7,28.34,0.8,3.527,2.0,-1.0,13.72,0.015,0.217,3.0,2.0,0.0,0.0,16.29,16.55,16.13,16.46,16.93,18.71,16.33,16.51,16.54,23.97
2016-06-07 05:05:00-05:00,5.2273917,11.711965,502339.0,18.7,0.0,16.31,18.7,357.5,272.7,271.8,269.2,2.753,2.694,2.709,357.4,3.23,60.13,0.541,1379348.0,358.7,1.105,4.533,0.0,0.0,0.0,0.0,0.0,0.0,0.0,0.0,18.18,15.95,15.01,10.52,11.47,11.2,60.0,59.9,74.7,0.0,271.0,271.0,272.0,0.455,-8.08,8.14,601.0,1369814.0,41160.0,126333.0,-0.064,0.979,0.748,0.921,0.449,0.595,0.584,0.561,0.596,0.353,0.509,0.152,0.204,0.201,0.192,0.205,0.119,0.175,42796.0,43446.0,43023.0,42871.0,43747.0,41516.0,37634.0,0.173,207.3,52.6,0.3,3.53,2.0,-1.0,13.72,0.015,0.217,3.0,2.0,0.0,0.0,16.29,16.54,16.17,16.46,16.89,18.67,16.28,16.64,16.55,23.99
2016-06-07 05:06:00-05:00,5.5838046,12.160268,502340.0,18.69,0.0,16.92,18.78,354.4,273.0,272.2,269.6,3.356,3.283,3.302,354.4,4.498,60.15,0.666,1379348.0,355.9,1.543,4.65,0.0,0.0,0.0,0.0,0.0,0.0,0.0,0.0,18.16,15.91,15.6,10.24,11.4,11.05,60.0,59.9,74.7,0.0,271.8,271.8,272.8,0.739,-7.903,7.987,601.0,1369814.0,41160.0,126333.0,-0.101,0.979,0.748,0.921,0.589,0.755,0.742,0.763,0.773,0.486,0.566,0.201,0.259,0.255,0.262,0.266,0.165,0.195,42796.0,43446.0,43023.0,42871.0,43747.0,41516.0,37634.0,0.208,212.9,33.53,0.5,3.528,2.0,-1.0,13.72,0.015,0.217,3.0,2.0,0.0,0.0,16.19,16.55,16.17,16.44,16.8,18.75,16.18,16.51,16.51,24.04
2016-06-07 05:07:00-05:00,6.059022,12.720651,502341.0,18.66,0.0,17.5,18.86,354.8,273.0,272.2,269.5,3.356,3.283,3.302,355.0,5.119,60.14,0.665,1379348.0,356.5,1.758,4.65,0.0,0.0,0.0,0.0,0.0,0.0,0.0,0.0,18.19,15.92,16.21,10.26,11.41,11.03,60.0,59.9,74.7,0.0,271.8,272.0,272.8,0.84,-7.885,7.989,601.0,1369814.0,41160.0,126333.0,-0.114,0.979,0.748,0.921,0.656,0.84,0.787,0.777,0.841,0.516,0.57,0.224,0.289,0.271,0.267,0.289,0.175,0.197,42796.0,43446.0,43023.0,42871.0,43747.0,41516.0,37634.0,0.272,217.0,39.86,0.4,3.53,2.0,-1.0,13.72,0.015,0.217,3.0,2.0,0.0,0.0,16.22,16.52,16.15,16.46,16.74,18.77,16.2,16.66,16.47,24.07
2016-06-07 05:08:00-05:00,6.6530433,13.281031,502342.0,18.66,0.0,18.06,18.88,354.9,272.7,271.9,269.3,3.356,3.283,3.302,354.7,5.327,60.14,0.66,1379348.0,356.2,1.825,4.65,0.0,0.0,0.0,0.0,0.0,0.0,0.0,0.0,18.28,15.99,16.76,10.25,11.4,11.04,60.0,59.9,74.7,0.0,271.2,271.4,272.0,0.927,-7.855,7.977,601.0,1369814.0,41160.0,126333.0,-0.126,0.979,0.748,0.921,0.676,0.852,0.802,0.808,0.877,0.553,0.623,0.23,0.293,0.276,0.278,0.302,0.188,0.214,42796.0,43446.0,43023.0,42871.0,43747.0,41516.0,37634.0,0.303,201.4,20.66,0.4,3.53,2.0,-1.0,13.72,0.015,0.217,3.0,2.0,0.0,0.0,16.3,16.49,16.09,16.46,16.76,18.78,16.22,16.52,16.47,24.07
2016-06-07 05:09:00-05:00,7.2470655,13.953488,502343.0,18.65,0.0,18.6,18.92,356.5,272.5,271.6,269.0,3.184,3.115,3.132,356.6,5.478,60.14,0.626,1379348.0,357.8,1.881,4.617,0.0,0.0,0.0,0.0,0.0,0.0,0.0,0.0,18.31,16.0,17.33,10.33,11.44,11.03,60.0,59.9,74.7,0.0,271.0,271.0,272.0,0.973,-7.87,8.01,601.0,1369814.0,41160.0,126333.0,-0.132,0.979,0.748,0.921,0.689,0.857,0.807,0.823,0.91,0.568,0.624,0.235,0.295,0.278,0.283,0.314,0.193,0.215,42796.0,43446.0,43023.0,42871.0,43747.0,41516.0,37634.0,0.34,255.0,39.66,0.5,3.53,2.0,-1.0,13.72,0.015,0.217,3.0,2.0,0.0,0.0,16.38,16.51,16.07,16.46,16.79,18.63,16.18,16.61,16.47,24.11
2016-06-07 05:10:00-05:00,7.959892,14.625945,502344.0,18.64,0.0,19.16,18.94,360.4,272.6,271.7,269.1,2.843,2.61,2.694,360.2,4.709,60.19,0.592,1379348.0,361.9,1.616,4.517,0.0,0.0,0.0,0.0,0.0,0.0,0.0,0.0,18.37,16.05,17.93,10.55,11.51,11.14,60.0,59.9,74.7,0.0,271.0,271.0,272.0,0.781,-8.03,8.16,601.0,1369814.0,41161.0,126333.0,-0.107,0.979,0.748,0.921,0.555,0.736,0.683,0.697,0.79,0.468,0.577,0.188,0.254,0.235,0.241,0.273,0.159,0.2,42796.0,43446.0,43023.0,42871.0,43747.0,41516.0,37634.0,0.337,214.2,14.91,0.7,3.53,2.0,-1.0,13.72,0.015,0.217,3.0,2.0,0.0,0.0,16.4,16.55,16.07,16.46,16.69,18.73,16.2,16.64,16.47,24.17
2016-06-07 05:11:00-05:00,8.672717,15.298404,502345.0,18.62,0.0,19.75,19.01,361.3,272.6,271.6,269.0,2.667,2.61,2.624,360.9,4.673,60.13,0.524,1379348.0,362.8,1.607,4.517,0.0,0.0,0.0,0.0,0.0,0.0,0.0,0.0,18.45,16.13,18.52,10.58,11.49,11.14,60.0,59.9,74.7,0.0,271.0,271.0,272.0,0.824,-8.02,8.16,601.0,1369814.0,41161.0,126333.0,-0.113,0.979,0.748,0.921,0.58,0.742,0.726,0.699,0.809,0.502,0.614,0.198,0.257,0.251,0.242,0.28,0.171,0.213,42796.0,43446.0,43023.0,42871.0,43747.0,41516.0,37634.0,0.405,221.0,11.86,0.5,3.53,2.0,-1.0,13.72,0.015,0.217,3.0,2.0,0.0,0.0,16.5,16.64,16.11,16.46,16.71,18.79,16.2,16.62,16.47,24.2
2016-06-07 05:12:00-05:00,9.266739,15.9708605,502346.0,18.61,0.0,20.35,19.01,359.9,272.5,271.6,268.9,3.222,2.947,2.998,359.8,5.336,60.14,0.66,1379348.0,361.3,1.844,4.583,0.0,0.0,0.0,0.0,0.0,0.0,0.0,0.0,18.41,16.16,19.12,10.45,11.48,11.09,60.0,59.9,74.7,0.0,271.0,271.0,272.0,0.998,-7.911,8.08,601.0,1369814.0,41161.0,126333.0,-0.135,0.979,0.748,0.921,0.647,0.842,0.816,0.815,0.9,0.596,0.7,0.221,0.292,0.283,0.282,0.312,0.204,0.243,42796.0,43446.0,43023.0,42871.0,43747.0,41516.0,37634.0,0.332,213.1,10.1,0.5,3.53,2.0,-1.0,13.72,0.015,0.217,3.0,2.0,0.0,0.0,16.51,16.6,16.15,16.46,16.66,18.83,16.2,16.66,16.46,24.27
2016-06-07 05:13:00-05:00,9.979565,16.53124,502347.0,18.6,0.0,20.94,19.07,358.5,272.1,271.5,268.8,3.867,3.407,3.841,358.5,6.006,60.16,1.034,1379348.0,359.8,2.077,4.633,0.0,0.0,0.0,0.0,0.0,0.0,0.0,0.0,18.4,16.15,19.76,10.33,11.44,11.01,60.0,59.9,74.7,0.0,271.0,271.0,272.0,1.21,-7.799,8.0,601.0,1369814.0,41161.0,126333.0,-0.163,0.979,0.748,0.921,0.635,0.956,0.947,0.943,0.959,0.706,0.858,0.218,0.331,0.328,0.327,0.333,0.242,0.298,42796.0,43446.0,43023.0,42871.0,43747.0,41516.0,37634.0,0.255,202.0,34.66,0.5,3.53,2.0,-1.0,13.72,0.015,0.217,3.0,2.0,0.0,0.0,16.51,16.57,16.17,16.46,16.72,18.85,16.23,16.64,16.41,24.27
2016-06-07 05:14:00-05:00,10.573587,16.979548,502348.0,18.58,0.0,21.54,19.04,358.1,272.3,271.2,268.6,4.129,3.943,4.1,357.8,6.453,60.17,1.271,1379348.0,360.0,2.23,4.65,0.0,0.0,0.0,0.0,0.0,0.0,0.0,0.0,18.44,16.14,20.49,10.32,11.46,11.0,60.0,59.9,74.7,0.0,271.0,271.0,272.0,1.373,-7.751,7.996,601.0,1369814.0,41161.0,126333.0,-0.184,0.979,0.748,0.921,0.716,1.034,1.013,1.015,1.06,0.762,0.907,0.246,0.358,0.351,0.351,0.368,0.261,0.314,42796.0,43446.0,43023.0,42871.0,43747.0,41516.0,37634.0,0.107,185.9,36.14,0.2,3.53,2.0,-0.95,13.72,0.015,0.217,3.0,2.0,0.0,0.0,16.55,16.59,16.13,16.46,16.82,18.87,16.2,16.64,16.4,24.35
2016-06-07 05:15:00-05:00,11.286413,17.76408,502349.0,18.58,0.0,22.15,19.07,358.0,276.1,275.5,272.7,4.27,4.047,4.273,357.8,6.955,60.18,1.431,1379348.0,359.4,2.4,4.65,0.0,0.0,0.0,0.0,0.0,0.0,0.0,0.0,18.44,16.19,21.46,10.38,11.54,11.0,60.0,59.9,74.7,0.0,274.5,274.7,275.5,1.497,-7.89,8.17,601.0,1369814.0,41161.0,126333.0,-0.196,0.979,0.748,0.921,0.769,1.086,1.047,1.075,1.116,0.797,0.94,0.264,0.376,0.362,0.372,0.387,0.272,0.325,42796.0,43446.0,43023.0,42871.0,43747.0,41516.0,37634.0,0.277,146.5,21.6,0.4,3.53,2.0,-1.0,13.72,0.015,0.217,3.0,2.0,0.0,0.0,16.61,16.55,16.14,16.46,16.85,18.85,16.13,16.66,16.38,24.43
2016-06-07 05:16:00-05:00,12.59326,18.548615,502350.0,18.56,0.0,22.71,19.2,361.0,275.7,274.8,272.0,4.066,3.779,4.004,360.8,6.605,60.15,1.431,1379349.0,362.3,2.282,4.583,0.0,0.0,0.0,0.0,0.0,0.0,0.0,0.0,18.58,16.26,22.77,10.52,11.57,11.06,60.0,59.9,74.7,0.0,274.2,274.2,275.2,1.393,-7.958,8.24,601.0,1369814.0,41161.0,126333.0,-0.183,0.979,0.748,0.921,0.681,1.025,0.983,0.982,1.044,0.742,0.901,0.233,0.356,0.341,0.341,0.363,0.255,0.313,42796.0,43446.0,43023.0,42871.0,43747.0,41516.0,37634.0,0.18,102.1,41.55,0.3,3.53,2.0,-1.0,13.72,0.015,0.217,3.0,2.0,0.0,0.0,16.7,16.55,16.09,16.48,16.87,18.92,16.23,16.69,16.31,24.46
2016-06-07 05:17:00-05:00,14.49413,19.669374,502351.0,18.56,0.0,23.3,19.27,364.8,274.9,274.1,271.4,3.546,3.408,3.63,364.5,5.894,60.14,1.287,1379349.0,366.1,2.05,4.517,0.0,0.0,0.0,0.0,0.0,0.0,0.0,0.0,18.72,16.27,23.75,10.66,11.61,11.11,60.0,59.9,74.7,0.0,273.6,273.9,274.4,1.201,-8.05,8.3,601.0,1369814.0,41161.0,126333.0,-0.159,0.979,0.748,0.921,0.576,0.588,0.636,0.722,0.926,0.328,0.695,0.198,0.197,0.218,0.249,0.324,0.102,0.24,42796.0,43446.0,43023.0,42871.0,43747.0,41516.0,37634.0,0.417,75.14,17.73,0.6,3.528,2.0,-1.0,13.72,0.015,0.218,3.0,2.0,0.0,0.0,16.85,16.64,16.15,16.48,16.95,18.95,16.25,16.64,16.35,24.48
2016-06-07 05:18:00-05:00,16.751413,20.565985,502352.0,18.56,0.0,23.93,19.39,365.6,274.9,274.2,271.4,3.531,3.428,3.511,365.8,5.739,60.2,1.309,1379349.0,367.5,2.001,4.517,0.0,0.0,0.0,0.0,0.0,0.0,0.0,0.0,18.86,16.33,24.14,10.7,11.61,11.13,60.0,59.9,74.7,0.0,273.5,274.0,274.4,1.214,-8.06,8.32,601.0,1369814.0,41162.0,126333.0,-0.16,0.979,0.748,0.921,0.579,0.857,0.773,0.847,0.923,0.617,0.823,0.2,0.3,0.271,0.297,0.324,0.213,0.289,42796.0,43446.0,43023.0,42871.0,43747.0,41516.0,37634.0,0.383,95.2,19.01,0.6,3.528,2.0,-1.0,13.72,0.015,0.218,3.0,2.0,0.0,0.0,16.84,16.62,16.09,16.46,16.85,18.85,16.21,16.72,16.36,24.57
2016-06-07 05:19:00-05:00,16.513803,20.790138,502353.0,18.54,0.0,24.54,19.43,366.0,274.7,274.2,271.4,4.414,4.329,4.416,365.7,7.518,60.21,1.684,1379349.0,367.2,2.668,4.617,0.0,0.0,0.0,0.0,0.0,0.0,0.0,0.0,18.93,16.31,24.49,10.54,11.6,11.06,60.0,59.9,74.7,0.0,273.5,273.6,274.4,1.589,-7.869,8.2,601.0,1369814.0,41162.0,126333.0,-0.208,0.979,0.748,0.921,0.833,1.022,0.977,0.796,1.128,0.809,0.945,0.295,0.363,0.347,0.277,0.402,0.285,0.337,42796.0,43446.0,43023.0,42871.0,43747.0,41516.0,37634.0,0.23,131.5,25.78,0.5,3.53,2.0,-1.0,13.72,0.015,0.218,3.0,2.0,0.0,0.0,16.82,16.55,16.09,16.46,16.9,18.95,16.25,16.76,16.36,24.66
2016-06-07 05:20:00-05:00,15.682174,21.35052,502354.0,18.53,0.0,25.11,19.53,365.6,274.7,273.9,271.1,4.727,4.602,4.655,365.0,8.31,60.16,1.804,1379349.0,367.1,2.951,4.65,0.0,0.0,0.0,0.0,0.0,0.0,0.0,0.0,19.01,16.35,25.22,10.44,11.59,11.02,60.0,59.9,74.7,0.0,273.0,273.0,274.0,1.798,-7.777,8.17,601.0,1369814.0,41162.0,126333.0,-0.234,0.979,0.748,0.921,0.908,1.103,1.065,1.079,1.207,0.907,1.018,0.322,0.393,0.38,0.385,0.431,0.321,0.363,42796.0,43446.0,43023.0,42871.0,43747.0,41516.0,37634.0,0.185,152.6,19.98,0.3,3.528,2.0,-1.0,13.72,0.015,0.217,3.0,2.0,0.0,0.0,16.84,16.59,16.14,16.5,16.87,18.87,16.24,16.76,16.35,24.67
2016-06-07 05:21:00-05:00,16.276196,22.135052,502355.0,18.54,0.0,25.68,19.59,366.4,274.3,273.8,271.1,4.692,4.602,4.655,365.6,8.68,60.21,1.794,1379349.0,367.7,3.089,4.65,0.0,0.0,0.0,0.0,0.0,0.0,0.0,0.0,19.09,16.37,25.84,10.5,11.63,11.04,60.0,59.9,74.7,0.0,273.0,273.0,274.0,1.906,-7.757,8.19,601.0,1369814.0,41162.0,126333.0,-0.247,0.979,0.748,0.921,0.998,1.165,1.109,0.863,1.242,0.944,1.037,0.355,0.416,0.396,0.301,0.444,0.335,0.371,42796.0,43446.0,43023.0,42871.0,43747.0,41516.0,37634.0,0.112,354.9,74.36,0.3,3.531,2.0,-1.0,13.72,0.015,0.217,3.0,2.0,0.0,0.0,16.84,16.65,16.15,16.56,16.82,19.0,16.27,16.77,16.38,24.75
2016-06-07 05:22:00-05:00,17.345434,23.143738,502356.0,18.56,0.0,26.16,19.69,366.2,274.6,273.9,271.2,4.755,4.602,4.682,365.5,8.96,60.22,1.819,1379349.0,367.4,3.185,4.65,0.0,0.0,0.0,0.0,0.0,0.0,0.0,0.0,19.18,16.46,26.67,10.52,11.69,11.03,60.0,59.9,74.7,0.0,273.0,273.0,274.0,2.032,-7.739,8.22,601.0,1369814.0,41162.0,126333.0,-0.261,0.979,0.748,0.921,1.026,1.197,1.137,1.142,1.25,0.958,1.071,0.363,0.427,0.406,0.407,0.446,0.339,0.382,42796.0,43446.0,43023.0,42871.0,43747.0,41516.0,37634.0,0.14,99.8,61.55,0.3,3.53,2.0,-0.983,13.72,0.015,0.218,3.0,2.0,0.0,0.0,16.84,16.67,16.17,16.56,16.85,18.99,16.2,16.82,16.36,24.79
2016-06-07 05:23:00-05:00,19.602716,23.816195,502357.0,18.56,0.0,26.68,19.73,369.8,274.5,273.8,271.1,3.906,3.804,3.874,369.1,7.59,60.2,1.51,1379349.0,371.1,2.7,4.533,0.0,0.0,0.0,0.0,0.0,0.0,0.0,0.0,19.22,16.46,27.84,10.76,11.73,11.15,60.0,59.9,74.7,0.0,273.0,273.0,274.0,1.679,-7.931,8.36,601.0,1369814.0,41162.0,126333.0,-0.216,0.979,0.748,0.921,0.757,0.947,0.889,0.946,1.022,0.713,0.878,0.267,0.338,0.316,0.338,0.364,0.251,0.314,42796.0,43446.0,43023.0,42871.0,43747.0,41516.0,37634.0,0.442,64.47,10.65,0.6,3.53,2.0,-1.0,13.72,0.015,0.218,3.0,2.0,0.0,0.0,16.87,16.69,16.17,16.55,16.95,18.91,16.23,16.84,16.38,24.88
2016-06-07 05:24:00-05:00,19.483913,23.928272,502358.0,18.56,0.0,27.16,19.89,370.6,274.6,273.7,271.1,3.813,3.713,4.137,369.7,7.75,60.19,1.582,1379349.0,371.7,2.756,4.517,0.0,0.0,0.0,0.0,0.0,0.0,0.0,0.0,19.36,16.47,28.63,10.8,11.76,11.17,60.0,59.9,74.7,0.0,273.0,273.0,274.0,1.672,-7.952,8.4,601.0,1369814.0,41162.0,126333.0,-0.214,0.979,0.748,0.921,0.81,1.014,0.965,1.007,1.088,0.753,0.933,0.286,0.363,0.345,0.361,0.389,0.266,0.334,42796.0,43446.0,43023.0,42871.0,43747.0,41516.0,37634.0,,0.0,0.0,,,2.0,-1.0,13.72,0.015,0.218,3.0,2.0,0.0,0.0,16.94,16.73,16.14,16.56,16.92,18.87,16.25,16.78,16.38,24.94
2016-06-07 05:25:00-05:00,20.19674,23.816195,502359.0,18.58,0.0,27.69,19.96,370.4,274.3,273.7,271.0,3.989,3.914,4.474,369.9,8.39,60.22,1.725,1379349.0,371.8,2.991,4.533,0.0,0.0,0.0,0.0,0.0,0.0,0.0,0.0,19.48,16.53,29.24,10.81,11.77,11.19,60.0,59.9,74.7,0.0,273.0,273.0,274.0,1.783,-7.91,8.39,601.0,1369814.0,41162.0,126333.0,-0.227,0.979,0.748,0.921,0.941,1.145,1.069,1.104,1.227,0.867,1.024,0.336,0.412,0.384,0.396,0.441,0.309,0.368,42796.0,43446.0,43023.0,42871.0,43747.0,41516.0,37634.0,,0.0,0.0,,,2.0,-1.0,13.72,0.015,0.218,3.0,2.0,0.0,0.0,16.94,16.75,16.17,16.59,16.87,18.9,16.21,16.84,16.4,25.03
2016-06-07 05:26:00-05:00,23.879675,24.600729,502360.0,18.61,0.0,28.16,20.11,367.1,274.8,273.9,271.3,5.337,5.073,5.583,366.7,10.82,60.13,2.358,1379349.0,368.6,3.856,4.65,0.0,0.0,0.0,0.0,0.0,0.0,0.0,0.0,19.64,16.58,29.93,10.65,11.8,11.09,60.0,59.9,74.7,0.0,273.2,273.5,274.4,2.351,-7.686,8.32,601.0,1369814.0,41163.0,126333.0,-0.296,0.979,0.748,0.921,1.184,1.357,1.296,1.292,1.448,1.092,1.186,0.422,0.486,0.464,0.463,0.519,0.388,0.425,42796.0,43446.0,43023.0,42871.0,43747.0,41516.0,37634.0,0.368,65.01,10.25,0.5,3.53,2.0,-1.0,13.72,0.015,0.218,3.0,2.0,0.0,0.0,16.94,16.75,16.17,16.56,16.93,18.82,16.25,16.82,16.43,25.08
2016-06-07 05:27:00-05:00,29.81989,26.281872,502361.0,18.62,0.0,28.69,20.27,367.6,274.3,274.0,271.3,5.476,5.428,5.664,366.8,11.18,60.2,2.518,1379349.0,368.7,3.988,4.65,0.0,0.0,0.0,0.0,0.0,0.0,0.0,0.0,19.86,16.58,30.6,10.69,11.84,11.11,60.0,59.9,74.7,0.0,273.0,273.0,274.0,2.448,-7.67,8.35,601.0,1369814.0,41163.0,126333.0,-0.306,0.979,0.748,0.921,1.205,1.406,1.332,1.339,1.468,1.125,1.24,0.43,0.504,0.478,0.48,0.526,0.401,0.445,42796.0,43446.0,43023.0,42871.0,43747.0,41516.0,37634.0,0.385,63.23,8.07,0.5,3.53,2.0,-1.0,13.72,0.015,0.218,3.0,2.0,0.0,0.0,16.97,16.75,16.2,16.66,16.99,18.8,16.26,16.82,16.47,25.18
2016-06-07 05:28:00-05:00,37.77978,28.41132,502362.0,18.65,0.0,29.13,20.43,367.5,274.6,273.6,271.0,5.698,5.592,5.637,366.9,11.37,60.17,2.614,1379349.0,368.8,4.056,4.65,0.0,0.0,0.0,0.0,0.0,0.0,0.0,0.0,20.05,16.57,31.23,10.72,11.88,11.11,60.0,59.9,74.7,0.0,273.0,273.0,274.0,2.52,-7.65,8.37,601.0,1369814.0,41163.0,126333.0,-0.313,0.979,0.748,0.921,1.247,1.445,1.346,1.354,1.525,1.152,1.227,0.444,0.518,0.482,0.485,0.547,0.41,0.44,42796.0,43446.0,43023.0,42871.0,43747.0,41516.0,37634.0,0.35,80.1,14.66,0.5,3.531,2.0,-1.0,13.72,0.015,0.218,3.0,2.0,0.0,0.0,16.98,16.81,16.27,16.66,17.02,18.82,16.26,16.78,16.47,25.24
2016-06-07 05:29:00-05:00,36.472935,28.859625,502363.0,18.67,0.0,29.66,20.65,368.7,274.3,273.5,270.8,5.456,5.381,5.426,368.0,10.96,60.15,2.534,1379349.0,369.5,3.908,4.617,0.0,0.0,0.0,0.0,0.0,0.0,0.0,0.0,20.33,16.63,31.89,10.82,11.92,11.16,60.0,59.9,74.7,0.0,273.0,273.0,274.0,2.491,-7.687,8.43,601.0,1369814.0,41163.0,126333.0,-0.307,0.979,0.748,0.921,1.156,1.403,1.321,1.296,1.459,1.095,1.207,0.412,0.503,0.474,0.465,0.524,0.39,0.432,42796.0,43446.0,43023.0,42871.0,43747.0,41516.0,37634.0,0.172,97.9,11.81,0.3,3.53,2.0,-1.0,13.72,0.015,0.218,3.0,2.0,0.0,0.0,16.95,16.81,16.25,16.66,16.96,18.85,16.26,16.8,16.47,25.34
2016-06-07 05:30:00-05:00,32.433586,28.971703,502364.0,18.71,0.0,30.14,20.87,371.9,274.4,273.6,270.9,4.618,4.532,4.546,371.2,9.2,60.15,2.144,1379349.0,373.1,3.282,4.517,0.0,0.0,0.0,0.0,0.0,0.0,0.0,0.0,20.61,16.63,32.54,11.01,11.94,11.27,60.0,59.9,74.7,0.0,273.0,273.0,274.0,2.074,-7.889,8.54,601.0,1369814.0,41163.0,126333.0,-0.255,0.979,0.748,0.921,1.002,1.225,1.149,1.144,1.317,0.894,1.074,0.356,0.44,0.413,0.41,0.474,0.317,0.386,42796.0,43446.0,43023.0,42871.0,43747.0,41516.0,37634.0,0.217,128.1,23.97,0.3,3.53,2.0,-1.0,13.72,0.015,0.218,3.0,2.0,0.0,0.0,17.0,16.83,16.23,16.6,16.92,18.82,16.26,16.83,16.47,25.44
2016-06-07 05:31:00-05:00,29.582281,29.083778,502365.0,18.75,0.0,30.66,20.96,371.8,273.9,273.6,270.9,4.618,4.532,4.546,371.1,9.22,60.15,2.142,1379349.0,372.7,3.284,4.517,0.0,0.0,0.0,0.0,0.0,0.0,0.0,0.0,20.79,16.66,33.18,11.03,11.96,11.29,60.0,59.9,74.7,0.0,273.0,273.0,274.0,2.134,-7.874,8.56,601.0,1369815.0,41163.0,126333.0,-0.261,0.979,0.748,0.921,1.047,1.263,1.172,1.178,1.346,0.923,1.107,0.372,0.453,0.42,0.422,0.484,0.326,0.398,42796.0,43446.0,43023.0,42871.0,43747.0,41516.0,37634.0,,0.0,0.0,,,2.0,-1.0,13.72,0.015,0.218,3.0,2.0,0.0,0.0,17.03,16.83,16.2,16.59,16.94,18.8,16.26,16.86,16.47,25.5
2016-06-07 05:32:00-05:00,25.780544,28.859625,502366.0,18.78,0.0,31.13,20.83,371.0,274.2,273.3,270.5,4.916,4.824,4.839,370.4,9.85,60.14,2.277,1379350.0,372.4,3.509,4.55,0.0,0.0,0.0,0.0,0.0,0.0,0.0,0.0,21.16,16.68,33.76,11.03,12.02,11.31,60.0,59.9,74.7,0.0,273.0,273.0,274.0,2.339,-7.799,8.56,601.0,1369815.0,41163.0,126333.0,-0.284,0.979,0.748,0.921,1.152,1.398,1.298,1.308,1.483,1.084,1.219,0.41,0.502,0.466,0.47,0.534,0.386,0.438,42796.0,43446.0,43023.0,42871.0,43747.0,41516.0,37634.0,0.463,173.8,14.71,0.7,3.531,2.0,-1.0,13.72,0.015,0.218,3.0,2.0,0.0,0.0,17.03,16.85,16.18,16.59,16.88,18.81,16.31,16.88,16.49,25.62
2016-06-07 05:33:00-05:00,24.711306,29.64416,502367.0,18.83,0.0,31.65,20.93,367.9,273.8,273.4,270.6,5.809,5.701,5.812,367.3,11.92,60.13,2.716,1379350.0,369.0,4.247,4.65,0.0,0.0,0.0,0.0,0.0,0.0,0.0,0.0,21.22,16.69,34.33,10.96,12.08,11.25,60.0,59.9,74.7,0.0,272.9,273.0,273.8,2.955,-7.577,8.54,601.0,1369815.0,41164.0,126333.0,-0.355,0.979,0.748,0.921,1.41,1.632,1.542,1.555,1.71,1.314,1.438,0.502,0.585,0.552,0.556,0.612,0.468,0.515,42796.0,43446.0,43023.0,42871.0,43747.0,41516.0,37634.0,0.355,172.5,19.53,0.6,3.528,2.0,-1.0,13.72,0.015,0.218,3.0,2.0,0.0,0.0,17.11,16.85,16.26,16.6,16.94,18.83,16.34,16.85,16.56,25.72
2016-06-07 05:34:00-05:00,26.018154,30.092464,502368.0,18.87,0.0,32.09,20.96,368.4,274.0,273.1,270.4,5.66,5.555,5.966,367.9,11.91,60.14,2.727,1379350.0,369.7,4.243,4.633,0.0,0.0,0.0,0.0,0.0,0.0,0.0,0.0,21.38,16.72,34.86,11.02,12.11,11.27,60.0,59.9,74.7,0.0,272.6,273.0,273.4,2.943,-7.595,8.58,601.0,1369815.0,41164.0,126333.0,-0.351,0.979,0.748,0.921,1.401,1.635,1.523,1.513,1.706,1.305,1.411,0.499,0.586,0.545,0.541,0.611,0.464,0.505,42796.0,43446.0,43023.0,42871.0,43747.0,41516.0,37634.0,0.37,190.3,22.24,0.5,3.531,2.0,-1.0,13.72,0.015,0.218,3.0,2.0,0.0,0.0,17.13,16.86,16.26,16.62,16.94,18.81,16.37,16.94,16.62,25.83
2016-06-07 05:35:00-05:00,29.938696,31.213224,502369.0,18.92,0.0,32.58,20.97,357.3,274.1,273.4,270.6,9.05,8.97,9.77,356.8,19.71,60.2,4.498,1379350.0,358.5,7.034,5.0,0.0,0.0,0.0,0.0,0.0,0.0,0.0,0.0,21.47,16.79,35.42,10.72,12.34,11.09,60.0,59.9,74.7,0.0,272.9,273.0,273.9,5.015,-6.834,8.48,601.0,1369815.0,41164.0,126333.0,-0.591,0.979,0.748,0.921,2.385,2.573,2.419,2.478,2.664,2.245,2.228,0.852,0.919,0.864,0.885,0.952,0.802,0.796,42796.0,43446.0,43023.0,42871.0,43747.0,41516.0,37634.0,0.248,226.2,17.93,0.6,3.53,2.0,-1.0,13.72,0.015,0.218,3.0,2.0,0.0,0.0,17.18,16.9,16.26,16.68,16.94,18.69,16.44,16.94,16.61,25.98
2016-06-07 05:36:00-05:00,34.45326,33.2306,502370.0,18.99,0.0,33.06,21.05,357.4,274.7,274.0,271.2,9.03,9.38,10.05,356.8,20.7,60.19,4.698,1379350.0,358.6,7.384,5.0,0.0,0.0,0.0,0.0,0.0,0.0,0.0,0.0,21.6,16.83,36.0,10.79,12.42,11.16,60.0,59.9,74.7,0.0,273.0,273.4,274.0,5.17,-6.83,8.57,601.0,1369815.0,41164.0,126333.0,-0.603,0.979,0.748,0.921,2.46,2.644,2.475,2.563,2.762,2.279,2.303,0.879,0.945,0.884,0.916,0.987,0.814,0.823,42796.0,43446.0,43023.0,42871.0,43747.0,41516.0,37634.0,0.212,269.0,18.88,0.5,3.53,2.0,-1.0,13.72,0.015,0.218,3.0,2.0,0.0,0.0,17.24,16.94,16.36,16.75,16.94,18.86,16.46,16.94,16.58,26.06
2016-06-07 05:37:00-05:00,33.502827,33.342674,502371.0,19.05,0.0,33.54,21.11,357.2,274.6,274.1,271.3,9.26,9.84,10.07,356.7,21.34,60.2,4.898,1379350.0,358.3,7.611,5.0,0.0,0.0,0.0,0.0,0.0,0.0,0.0,0.0,21.74,16.92,36.59,10.87,12.52,11.21,60.0,59.9,74.7,0.0,273.0,273.4,274.0,5.325,-6.811,8.65,601.0,1369815.0,41164.0,126333.0,-0.616,0.979,0.748,0.921,2.511,2.734,2.556,2.613,2.843,2.336,2.379,0.897,0.976,0.913,0.933,1.015,0.834,0.85,42796.0,43446.0,43023.0,42871.0,43747.0,41516.0,37634.0,,0.0,0.0,,,2.0,-1.0,13.72,0.015,0.218,3.0,2.0,0.0,0.0,17.32,16.91,16.36,16.75,17.06,18.84,16.46,16.98,16.57,26.17
2016-06-07 05:38:00-05:00,28.869457,32.33399,502372.0,19.1,0.0,34.02,21.1,357.2,274.6,273.8,271.0,9.72,10.09,10.19,356.5,21.62,60.15,5.123,1379350.0,358.2,7.707,5.0,0.0,0.0,0.0,0.0,0.0,0.0,0.0,0.0,21.83,16.96,37.19,10.99,12.63,11.33,60.0,59.9,74.7,0.0,273.0,273.0,274.0,5.5,-6.797,8.74,601.0,1369815.0,41164.0,126333.0,-0.629,0.979,0.748,0.921,2.587,2.821,2.624,2.666,2.921,2.363,2.429,0.924,1.007,0.937,0.952,1.043,0.844,0.868,42796.0,43446.0,43023.0,42871.0,43747.0,41516.0,37634.0,0.19,185.9,30.76,0.3,3.53,2.0,-1.0,13.72,0.015,0.218,3.0,2.0,0.0,0.0,17.35,16.84,16.36,16.76,17.04,18.92,16.46,17.04,16.62,26.29
2016-06-07 05:39:00-05:00,26.018154,31.661531,502373.0,19.15,0.0,34.51,21.25,357.3,274.5,273.8,271.0,10.0,10.06,10.19,356.5,21.68,60.15,5.191,1379350.0,358.5,7.728,5.0,0.0,0.0,0.0,0.0,0.0,0.0,0.0,0.0,21.8,17.06,37.76,11.09,12.73,11.41,60.0,59.9,74.7,0.0,273.0,273.0,274.0,5.658,-6.778,8.83,601.0,1369815.0,41164.0,126333.0,-0.641,0.979,0.748,0.921,2.668,2.916,2.653,2.726,2.988,2.427,2.494,0.953,1.042,0.948,0.974,1.067,0.867,0.891,42796.0,43446.0,43023.0,42871.0,43747.0,41516.0,37634.0,0.205,282.7,41.01,0.4,3.53,2.0,-1.0,13.72,0.015,0.218,3.0,2.0,0.0,0.0,17.5,16.89,16.36,16.81,17.02,18.93,16.47,17.09,16.68,26.45
2016-06-07 05:40:00-05:00,26.730978,32.221912,502374.0,19.21,0.0,34.96,21.39,357.4,274.5,273.9,271.2,10.21,10.13,10.21,356.7,21.92,60.14,5.277,1379350.0,357.8,7.816,5.0,0.0,0.0,0.0,0.0,0.0,0.0,0.0,0.0,21.92,17.21,38.32,11.19,12.86,11.51,60.0,59.9,74.7,0.0,273.0,273.0,274.0,5.821,-6.773,8.93,601.0,1369815.0,41164.0,126333.0,-0.652,0.979,0.748,0.921,2.728,2.968,2.723,2.791,3.039,2.463,2.581,0.975,1.06,0.973,0.997,1.086,0.88,0.922,42796.0,43446.0,43023.0,42871.0,43747.0,41516.0,37634.0,0.105,319.6,31.17,0.2,3.53,2.0,-1.0,13.72,0.015,0.218,3.0,2.0,0.0,0.0,17.63,17.02,16.36,16.85,17.12,18.91,16.5,17.14,16.73,26.56
2016-06-07 05:41:00-05:00,27.681414,32.89437,502375.0,19.27,0.0,35.42,21.36,357.6,274.2,273.6,271.0,10.26,10.25,10.36,356.9,22.75,60.14,5.36,1379351.0,358.9,8.12,5.0,0.0,0.0,0.0,0.0,0.0,0.0,0.0,0.0,21.79,17.37,38.88,11.29,12.99,11.62,60.0,59.9,74.7,0.0,273.0,273.0,274.0,6.0,-6.734,9.02,601.0,1369815.0,41164.0,126333.0,-0.665,0.979,0.748,0.921,2.833,3.065,2.758,2.841,3.148,2.522,2.636,1.013,1.096,0.986,1.016,1.125,0.902,0.943,42796.0,43446.0,43023.0,42871.0,43747.0,41516.0,37634.0,0.28,306.5,30.74,0.6,3.53,2.0,-1.0,13.72,0.015,0.218,3.0,2.0,0.0,0.0,17.83,17.12,16.44,16.86,17.15,18.97,16.53,17.19,16.76,26.71
2016-06-07 05:42:00-05:00,27.800217,33.342674,502376.0,19.33,0.0,35.89,21.3,357.3,274.4,273.7,271.0,10.33,10.71,11.02,356.6,24.02,60.2,5.692,1379351.0,358.6,8.57,5.0,0.0,0.0,0.0,0.0,0.0,0.0,0.0,0.0,21.73,17.52,39.38,11.42,13.15,11.75,60.0,59.9,74.7,0.0,273.0,273.0,274.0,6.186,-6.728,9.14,601.0,1369815.0,41165.0,126333.0,-0.677,0.979,0.748,0.921,2.93,3.149,2.812,2.906,3.249,2.564,2.706,1.047,1.125,1.005,1.038,1.161,0.916,0.967,42796.0,43446.0,43023.0,42871.0,43747.0,41516.0,37634.0,0.508,310.5,24.44,0.9,3.53,2.0,-1.0,13.72,0.015,0.218,3.0,2.0,0.0,0.0,17.96,17.13,16.46,16.93,17.19,18.97,16.51,17.22,16.78,26.73
2016-06-07 05:43:00-05:00,27.800217,33.903057,502377.0,19.39,0.0,36.31,21.23,357.0,274.3,273.6,270.9,10.37,11.09,11.18,356.2,25.0,60.21,5.851,1379351.0,358.3,8.91,5.0,0.0,0.0,0.0,0.0,0.0,0.0,0.0,0.0,21.62,17.68,39.85,11.51,13.26,11.84,60.0,59.9,74.7,0.0,273.0,273.0,274.0,6.358,-6.688,9.23,601.0,1369816.0,41165.0,126333.0,-0.689,0.979,0.748,0.921,3.005,3.246,2.862,2.943,3.35,2.609,2.805,1.073,1.159,1.022,1.051,1.196,0.931,1.001,42796.0,43446.0,43023.0,42871.0,43747.0,41516.0,37634.0,0.822,310.9,3.313,1.0,3.528,2.0,-1.0,13.72,0.015,0.218,3.0,2.0,0.0,0.0,18.11,17.22,16.52,16.93,17.22,19.08,16.55,17.27,16.91,26.93
2016-06-07 05:44:00-05:00,28.037827,34.575512,502378.0,19.44,0.0,36.72,21.26,357.0,274.6,274.4,271.6,10.39,11.19,11.27,356.2,25.42,60.22,5.929,1379351.0,358.6,9.05,5.0,0.0,0.0,0.0,0.0,0.0,0.0,0.0,0.0,21.57,17.83,40.34,11.61,13.38,11.94,60.0,59.9,74.7,0.0,273.4,273.9,274.5,6.534,-6.671,9.34,601.0,1369816.0,41165.0,126333.0,-0.7,0.979,0.748,0.921,3.105,3.326,2.896,3.002,3.449,2.654,2.874,1.109,1.187,1.034,1.072,1.231,0.948,1.026,42796.0,43446.0,43023.0,42871.0,43747.0,41516.0,37634.0,,0.0,0.0,,,2.0,-1.0,13.72,0.015,0.218,3.0,2.0,0.0,0.0,18.27,17.31,16.55,16.93,17.16,19.02,16.65,17.3,17.09,27.05
2016-06-07 05:45:00-05:00,28.75065,35.13589,502379.0,19.51,0.0,37.17,21.23,356.9,275.2,274.5,271.7,10.71,11.24,11.31,355.9,25.56,60.18,6.053,1379351.0,358.1,9.1,5.0,0.0,0.0,0.0,0.0,0.0,0.0,0.0,0.0,21.51,17.94,40.79,11.76,13.52,12.07,60.0,59.9,74.7,0.0,273.9,274.0,274.9,6.721,-6.666,9.47,601.0,1369816.0,41165.0,126333.0,-0.698,0.979,0.748,0.921,3.214,3.443,2.969,3.051,3.551,2.691,2.949,1.147,1.229,1.059,1.089,1.267,0.96,1.052,42796.0,43446.0,43023.0,42871.0,43747.0,41516.0,37634.0,1.235,302.6,8.08,1.6,3.531,2.0,-1.0,13.68,-0.01,0.219,3.0,2.0,0.0,0.0,18.38,17.46,16.54,16.97,17.22,19.09,16.7,17.38,17.24,27.22
2016-06-07 05:46:00-05:00,29.344675,35.13589,502380.0,19.57,0.0,37.64,21.19,357.1,274.7,274.5,271.7,11.22,11.45,11.39,356.3,25.73,60.14,6.264,1379351.0,358.3,9.17,5.0,0.0,0.0,0.0,0.0,0.0,0.0,0.0,0.0,21.41,18.09,41.21,11.92,13.66,12.19,60.0,59.9,74.7,0.0,273.7,274.0,274.9,6.903,-6.644,9.58,601.0,1369816.0,41165.0,126333.0,-0.72,0.979,0.748,0.921,3.264,3.57,3.01,3.096,3.655,2.735,3.018,1.166,1.275,1.075,1.105,1.305,0.977,1.078,42796.0,43446.0,43023.0,42871.0,43747.0,41516.0,37634.0,1.258,301.9,6.958,1.6,3.53,2.0,-1.0,13.68,0.01,0.219,3.0,2.0,0.0,0.0,18.53,17.59,16.67,17.09,17.28,19.26,16.81,17.48,17.41,27.35
2016-06-07 05:47:00-05:00,30.057499,35.80835,502381.0,19.64,0.0,37.95,21.16,356.8,274.9,274.2,271.5,11.46,12.06,11.96,356.2,26.86,60.2,6.653,1379351.0,358.3,9.57,5.0,0.0,0.0,0.0,0.0,0.0,0.0,0.0,0.0,21.34,18.22,41.51,12.08,13.86,12.34,60.0,59.9,74.7,0.0,273.3,274.0,274.6,7.132,-6.593,9.71,601.0,1369816.0,41165.0,126333.0,-0.734,0.979,0.748,0.921,3.375,3.765,3.073,3.136,3.799,2.771,3.122,1.204,1.343,1.096,1.119,1.355,0.989,1.114,42796.0,43446.0,43023.0,42871.0,43747.0,41516.0,37634.0,1.235,303.3,7.282,1.7,3.53,2.0,-1.0,13.68,0.012,0.218,3.0,2.0,0.0,0.0,18.62,17.69,16.81,17.2,17.31,19.28,16.91,17.58,17.51,27.55
2016-06-07 05:48:00-05:00,31.007936,36.368732,502382.0,19.71,0.0,38.34,21.18,356.8,274.9,274.4,271.7,11.56,12.37,12.39,355.9,28.64,60.22,6.889,1379352.0,358.1,10.19,5.0,0.0,0.0,0.0,0.0,0.0,0.0,0.0,0.0,21.3,18.32,41.73,12.27,14.07,12.52,60.0,59.9,74.7,0.0,273.8,274.0,275.0,7.41,-6.546,9.89,601.0,1369816.0,41165.0,126333.0,-0.749,0.979,0.748,0.921,3.463,3.91,3.137,3.23,4.025,2.818,3.233,1.235,1.395,1.119,1.153,1.436,1.005,1.154,42796.0,43446.0,43023.0,42871.0,43747.0,41516.0,37634.0,1.017,298.1,8.18,1.3,3.53,2.0,-1.0,13.68,0.013,0.219,3.0,2.0,0.0,0.0,18.69,17.83,16.91,17.33,17.41,19.32,17.07,17.7,17.61,27.71
2016-06-07 05:49:00-05:00,33.265217,37.937798,502383.0,19.78,0.0,38.81,21.3,356.7,275.3,274.3,271.6,11.75,12.55,12.54,355.6,29.4,60.22,7.035,1379352.0,358.0,10.46,5.0,0.0,0.0,0.0,0.0,0.0,0.0,0.0,0.0,21.38,18.35,42.03,12.53,14.33,12.75,60.0,59.9,74.7,0.0,274.0,274.0,275.0,7.728,-6.496,10.1,601.0,1369816.0,41165.0,126333.0,-0.765,0.979,0.748,0.921,3.589,4.065,3.188,3.322,4.309,2.898,3.363,1.28,1.45,1.137,1.185,1.537,1.034,1.2,42796.0,43446.0,43023.0,42871.0,43747.0,41516.0,37634.0,0.947,305.1,10.75,1.4,3.528,2.0,-1.0,13.68,0.014,0.219,3.0,2.0,0.0,0.0,18.74,17.93,17.04,17.43,17.45,19.24,17.2,17.82,17.69,27.89
2016-06-07 05:50:00-05:00,35.28489,38.946484,502384.0,19.85,0.0,39.19,21.37,357.0,275.1,274.4,271.8,12.43,13.22,13.11,355.5,29.7,60.2,7.58,1379352.0,357.9,10.56,5.0,0.0,0.0,0.0,0.0,0.0,0.0,0.0,0.0,21.4,18.41,42.35,12.79,14.58,12.99,60.0,59.9,74.7,0.0,274.0,274.0,275.0,8.05,-6.451,10.31,601.0,1369816.0,41165.0,126333.0,-0.78,0.979,0.748,0.921,3.712,4.219,3.242,3.415,4.537,2.961,3.508,1.325,1.506,1.157,1.219,1.62,1.057,1.252,42796.0,43446.0,43023.0,42871.0,43747.0,41516.0,37634.0,,0.0,0.0,,,2.0,-1.0,13.68,0.014,0.219,3.0,2.0,0.0,0.0,18.71,18.04,17.1,17.49,17.51,19.39,17.23,17.82,17.76,28.06
2016-06-07 05:51:00-05:00,33.740437,38.610256,502385.0,19.92,0.0,39.61,21.42,357.2,275.1,274.4,271.8,12.63,13.42,13.42,356.3,30.93,60.22,7.781,1379352.0,358.6,11.02,5.0,0.0,0.0,0.0,0.0,0.0,0.0,0.0,0.0,21.39,18.45,42.6,13.06,14.86,13.25,60.0,59.9,74.7,0.0,274.0,274.0,275.0,8.34,-6.406,10.52,601.0,1369816.0,41166.0,126333.0,-0.793,0.979,0.748,0.921,3.83,4.358,3.295,3.532,4.725,3.038,3.653,1.368,1.557,1.177,1.262,1.688,1.085,1.305,42796.0,43446.0,43023.0,42871.0,43747.0,41516.0,37634.0,1.2,282.7,16.19,1.6,3.53,2.0,-1.0,13.68,0.014,0.219,3.0,2.0,0.0,0.0,18.71,18.17,17.18,17.57,17.6,19.33,17.3,17.91,17.82,28.25
2016-06-07 05:52:00-05:00,33.859238,38.610256,502386.0,20.0,0.0,40.05,21.46,357.1,275.2,274.4,271.8,12.86,14.01,13.62,356.4,32.73,60.21,8.06,1379352.0,358.5,11.66,5.0,0.0,0.0,0.0,0.0,0.0,0.0,0.0,0.0,21.4,18.47,42.8,13.3,15.1,13.46,60.0,59.9,74.7,0.0,274.0,274.0,275.0,8.63,-6.358,10.72,601.0,1369817.0,41166.0,126333.0,-0.805,0.979,0.748,0.921,3.94,4.51,3.338,3.641,4.901,3.092,3.79,1.407,1.611,1.192,1.3,1.75,1.104,1.354,42796.0,43446.0,43023.0,42871.0,43747.0,41516.0,37634.0,1.495,288.5,7.421,1.9,3.528,2.0,-1.0,13.68,0.014,0.219,3.0,2.0,0.0,0.0,18.78,18.21,17.23,17.62,17.62,19.18,17.39,17.93,17.9,28.43
2016-06-07 05:53:00-05:00,37.54217,39.843094,502387.0,20.07,0.0,41.04,21.44,356.7,275.0,274.3,271.7,13.51,14.29,14.28,356.0,33.27,60.22,8.49,1379353.0,357.9,11.84,5.0,0.0,0.0,0.0,0.0,0.0,0.0,0.0,0.0,21.41,18.52,42.89,13.56,15.35,13.68,60.0,59.9,74.7,0.0,273.9,273.9,274.9,8.9,-6.311,10.91,601.0,1369817.0,41166.0,126333.0,-0.816,0.979,0.748,0.921,4.031,4.636,3.415,3.793,5.082,3.145,3.897,1.438,1.654,1.218,1.353,1.813,1.122,1.39,42796.0,43446.0,43023.0,42871.0,43747.0,41516.0,37634.0,1.598,283.6,13.74,2.2,3.528,2.0,-1.0,13.68,0.014,0.219,3.0,2.0,0.0,0.0,18.78,18.26,17.35,17.65,17.65,19.14,17.43,18.01,17.97,28.63
2016-06-07 05:54:00-05:00,55.362827,44.326145,502388.0,20.15,0.0,44.37,21.45,356.5,274.7,274.2,271.5,13.69,14.53,14.45,355.8,33.43,60.22,8.65,1379353.0,358.0,11.89,5.0,0.0,0.0,0.0,0.0,0.0,0.0,0.0,0.0,21.39,18.54,43.02,13.82,15.6,13.92,60.0,59.9,74.7,0.0,273.1,273.3,274.3,9.18,-6.257,11.11,601.0,1369817.0,41166.0,126333.0,-0.826,0.979,0.748,0.921,4.115,4.781,3.528,3.916,5.242,3.187,4.009,1.467,1.704,1.258,1.396,1.868,1.136,1.429,42796.0,43446.0,43023.0,42871.0,43747.0,41516.0,37634.0,1.163,287.6,12.68,1.7,3.53,2.0,-1.0,13.68,0.014,0.219,3.0,2.0,0.0,0.0,18.8,18.33,17.43,17.72,17.75,19.17,17.52,18.01,18.03,28.79
2016-06-07 05:55:00-05:00,55.83804,43.653687,502389.0,20.23,0.0,45.27,21.44,356.7,274.8,273.9,271.3,14.03,15.12,14.98,355.6,34.61,60.16,9.05,1379353.0,357.6,12.31,5.0,0.0,0.0,0.0,0.0,0.0,0.0,0.0,0.0,21.4,18.57,43.25,14.14,15.89,14.21,60.0,59.9,74.7,0.0,273.0,273.0,274.0,9.49,-6.207,11.34,601.0,1369817.0,41166.0,126333.0,-0.837,0.979,0.748,0.921,4.198,4.975,3.609,4.026,5.475,3.22,4.147,1.497,1.774,1.287,1.436,1.953,1.148,1.479,42796.0,43446.0,43023.0,42871.0,43747.0,41516.0,37634.0,1.623,287.4,16.75,19.7,,2.0,-1.0,13.68,0.014,0.219,3.0,2.0,0.0,0.0,18.84,18.35,17.43,17.78,17.78,19.17,17.56,18.03,18.01,28.99
2016-06-07 05:56:00-05:00,41.81913,41.74839,502390.0,20.3,0.0,43.55,21.44,356.5,274.2,273.7,271.1,14.54,15.52,15.31,355.9,36.66,60.13,9.38,1379353.0,357.2,13.05,5.0,0.0,0.0,0.0,0.0,0.0,0.0,0.0,0.0,21.41,18.61,43.56,14.5,16.21,14.54,60.0,59.9,74.7,0.0,273.0,273.0,274.0,9.84,-6.159,11.61,601.0,1369817.0,41166.0,126333.0,-0.848,0.979,0.748,0.921,4.312,5.166,3.691,4.11,5.782,3.309,4.292,1.537,1.841,1.316,1.465,2.061,1.179,1.53,42796.0,43446.0,43023.0,42871.0,43747.0,41516.0,37634.0,1.4,284.8,8.06,1.8,3.527,2.0,-1.0,13.68,0.014,0.219,3.0,2.0,0.0,0.0,18.91,18.45,17.51,17.82,17.82,19.09,17.62,18.11,18.06,29.13
2016-06-07 05:57:00-05:00,58.57054,51.274868,502391.0,20.38,0.0,46.91,21.54,356.7,274.3,273.6,270.9,14.95,15.96,15.96,355.7,37.22,60.14,9.79,1379353.0,357.9,13.24,5.0,0.0,0.0,0.0,0.0,0.0,0.0,0.0,0.0,21.51,18.62,43.96,14.86,16.56,14.89,60.0,59.9,74.7,0.0,273.0,273.0,274.0,10.22,-6.096,11.9,601.0,1369817.0,41166.0,126333.0,-0.859,0.979,0.748,0.921,4.441,5.376,3.778,4.234,6.033,3.384,4.452,1.584,1.918,1.348,1.51,2.152,1.207,1.588,42796.0,43446.0,43023.0,42871.0,43747.0,41516.0,37634.0,1.252,278.4,12.9,1.8,3.528,2.0,-1.0,13.68,0.014,0.219,3.0,2.0,0.0,0.0,18.97,18.56,17.56,17.9,17.9,19.08,17.65,18.17,18.03,29.33
2016-06-07 05:58:00-05:00,85.42033,59.008125,502392.0,20.46,0.0,52.89,21.61,356.4,274.2,273.4,270.8,15.53,16.48,16.33,355.8,37.74,60.19,10.19,1379354.0,357.8,13.43,5.0,0.0,0.0,0.0,0.0,0.0,0.0,0.0,0.0,21.62,18.67,44.36,15.21,16.96,15.22,60.0,59.9,74.7,0.0,273.0,273.0,274.0,10.61,-6.003,12.19,601.0,1369818.0,41166.0,126333.0,-0.87,0.979,0.748,0.921,4.595,5.626,3.852,4.413,6.329,3.455,4.586,1.638,2.005,1.373,1.573,2.256,1.231,1.634,42796.0,43446.0,43023.0,42871.0,43747.0,41516.0,37634.0,1.538,288.9,21.66,2.6,3.527,2.0,-1.0,13.68,0.014,0.219,3.0,2.0,0.0,0.0,18.99,18.66,17.62,17.91,17.91,19.11,17.73,18.17,18.11,29.56
2016-06-07 05:59:00-05:00,,,,,,,,,,,,,,,,,,,,,,,,,,,,,,,,,,,,,,,,,,,,,,,,,,,,,,,,,,,,,,,,,,,,,,,,,,,,,,,,,,,,,,,,,,,,,,,,,,,
2016-06-07 06:00:00-05:00,94.211845,71.33651,502393.0,20.63,0.0,56.89,21.87,356.5,273.8,273.1,270.5,16.48,17.63,17.46,355.9,41.13,60.13,11.07,1379354.0,358.0,14.64,5.0,0.0,0.0,0.0,0.0,0.0,0.0,0.0,0.0,21.78,18.71,45.32,16.07,17.84,16.07,60.0,59.9,74.7,0.0,272.3,272.4,273.4,11.47,-5.874,12.89,601.0,1369818.0,41166.0,126333.0,-0.89,0.979,0.748,0.921,4.809,6.341,4.038,4.734,6.893,3.635,4.942,1.715,2.261,1.44,1.688,2.457,1.296,1.762,42796.0,43446.0,43023.0,42871.0,43747.0,41516.0,37634.0,1.664,291.2,8.51,3.8,3.53,2.0,-1.0,13.68,0.014,0.22,3.0,2.0,0.0,0.0,19.2,18.8,17.65,17.94,17.92,19.17,17.71,18.19,18.22,29.92
2016-06-07 06:01:00-05:00,120.70522,80.302605,502394.0,20.72,0.0,64.09,21.95,354.5,273.7,273.1,270.5,17.07,18.19,18.02,353.6,42.47,60.16,11.53,1379354.0,355.4,15.02,5.0,0.0,0.0,0.0,0.0,0.0,0.0,0.0,0.0,21.87,18.8,45.75,16.48,18.3,16.5,60.0,59.9,74.7,0.0,272.0,272.1,273.0,11.88,-5.798,13.22,601.0,1369818.0,41167.0,126333.0,-0.899,0.979,0.748,0.921,4.915,6.664,4.163,4.972,7.168,3.695,5.114,1.742,2.362,1.476,1.763,2.541,1.31,1.813,42796.0,43446.0,43023.0,42871.0,43747.0,41516.0,37634.0,1.02,294.1,13.55,1.7,3.53,2.0,-1.0,13.68,0.014,0.22,3.0,2.0,0.0,0.0,19.3,18.88,17.7,17.91,17.91,19.14,17.74,18.2,18.22,30.08
2016-06-07 06:02:00-05:00,102.88457,67.638,502395.0,20.81,0.0,61.7,22.0,354.6,273.7,272.7,270.2,17.81,18.98,18.73,354.0,44.8,60.22,12.15,1379354.0,355.9,15.86,5.0,0.0,0.0,0.0,0.0,0.0,0.0,0.0,0.0,21.96,18.88,46.21,17.03,18.88,17.04,60.0,59.9,74.7,0.0,272.0,272.0,273.0,12.44,-5.681,13.67,601.0,1369818.0,41167.0,126333.0,-0.91,0.979,0.748,0.921,5.071,7.035,4.329,5.296,7.501,3.782,5.248,1.798,2.494,1.535,1.877,2.659,1.341,1.86,42796.0,43446.0,43023.0,42871.0,43747.0,41516.0,37634.0,1.09,294.5,21.75,2.1,3.528,2.0,-1.0,13.68,0.014,0.22,3.0,2.0,0.0,0.0,19.31,18.98,17.83,17.94,18.0,19.21,17.81,18.2,18.27,30.25
2016-06-07 06:03:00-05:00,72.589455,63.491177,502396.0,20.91,0.0,55.14,22.1,354.3,273.5,272.5,269.9,18.43,19.74,19.46,353.6,46.02,60.22,12.71,1379355.0,355.7,16.27,5.0,0.0,0.0,0.0,0.0,0.0,0.0,0.0,0.0,22.16,18.94,46.66,17.62,19.48,17.62,60.0,59.9,74.7,0.0,272.0,272.0,273.0,13.01,-5.565,14.15,601.0,1369819.0,41167.0,126333.0,-0.919,0.979,0.748,0.921,5.316,7.342,4.495,5.785,7.799,3.891,5.447,1.883,2.602,1.593,2.05,2.763,1.378,1.93,42796.0,43446.0,43023.0,42871.0,43747.0,41516.0,37634.0,0.783,271.7,36.91,1.2,3.53,2.0,-1.0,13.68,0.014,0.22,3.0,2.0,0.0,0.0,19.37,19.08,17.86,17.97,18.02,19.23,17.83,18.28,18.34,30.41
2016-06-07 06:04:00-05:00,99.91446,84.113205,502397.0,21.02,0.0,63.16,22.26,355.0,273.1,272.4,269.8,19.12,20.41,20.06,354.1,48.52,60.22,13.24,1379355.0,355.9,17.18,5.0,0.0,0.0,0.0,0.0,0.0,0.0,0.0,0.0,22.32,19.03,47.15,18.23,20.11,18.19,60.0,59.9,74.7,0.0,272.0,272.0,273.0,13.59,-5.455,14.64,601.0,1369819.0,41167.0,126333.0,-0.928,0.979,0.748,0.921,5.47,7.557,4.698,6.332,8.07,3.919,5.568,1.942,2.683,1.668,2.248,2.866,1.391,1.977,42796.0,43446.0,43023.0,42871.0,43747.0,41516.0,37634.0,1.125,306.5,16.33,1.6,3.528,2.0,-1.0,13.64,-0.03,0.22,3.0,2.0,0.0,0.001,19.47,19.14,17.91,18.1,18.1,19.31,17.91,18.3,18.42,30.59
2016-06-07 06:05:00-05:00,131.63522,96.21743,502398.0,21.12,0.0,74.07,22.35,355.3,272.7,272.0,269.5,19.97,21.18,20.85,355.0,49.34,60.18,13.88,1379355.0,356.1,17.51,5.0,0.0,0.0,0.0,0.0,0.0,0.0,0.0,0.0,22.51,19.12,47.66,18.91,20.79,18.85,60.0,59.9,74.7,0.0,271.1,271.1,272.2,14.21,-5.354,15.18,601.0,1369819.0,41167.0,126333.0,-0.936,0.979,0.748,0.921,5.586,7.776,4.861,6.989,8.38,4.011,5.713,1.984,2.762,1.727,2.483,2.977,1.425,2.03,42796.0,43446.0,43023.0,42871.0,43747.0,41516.0,37634.0,1.135,306.4,9.17,1.5,3.53,2.0,-1.0,13.64,0.002,0.22,3.0,2.0,0.0,0.001,19.58,19.27,17.91,18.2,18.2,19.44,17.97,18.41,18.42,30.79
2016-06-07 06:06:00-05:00,132.46684,102.94201,502399.0,21.22,0.0,76.48,22.2,355.0,272.4,271.7,269.2,20.75,21.92,21.63,354.3,52.29,60.14,14.5,1379356.0,356.7,18.53,5.0,0.0,0.0,0.0,0.0,0.0,0.0,0.0,0.0,22.38,19.18,48.18,19.6,21.46,19.49,60.0,59.9,74.7,0.0,271.0,271.0,272.0,14.81,-5.266,15.72,601.0,1369819.0,41167.0,126333.0,-0.942,0.979,0.748,0.921,5.695,8.02,4.987,7.701,8.67,4.115,5.863,2.022,2.848,1.77,2.734,3.077,1.461,2.082,42796.0,43446.0,43023.0,42871.0,43747.0,41516.0,37634.0,1.073,309.1,5.843,1.5,3.528,2.0,-1.0,13.64,0.009,0.221,3.0,2.0,0.0,0.001,19.62,19.34,17.96,18.33,18.3,19.62,18.1,18.56,18.46,31.0
2016-06-07 06:07:00-05:00,148.14903,128.27122,502400.0,21.32,0.0,81.6,22.09,355.2,273.0,272.2,269.6,21.41,22.72,22.37,354.3,53.13,60.14,15.13,1379356.0,356.4,18.82,5.0,0.0,0.0,0.0,0.0,0.0,0.0,0.0,0.0,22.19,19.23,48.71,20.19,22.02,20.05,60.0,59.9,74.7,0.0,271.6,271.6,272.6,15.38,-5.202,16.23,601.0,1369820.0,41167.0,126333.0,-0.947,0.979,0.748,0.921,5.84,8.3,5.076,8.26,8.93,4.264,6.007,2.074,2.949,1.803,2.934,3.173,1.515,2.134,42796.0,43446.0,43023.0,42871.0,43747.0,41516.0,37634.0,0.997,279.6,20.79,1.5,3.528,2.0,-1.0,13.64,0.011,0.221,3.0,2.0,0.0,0.0,19.65,19.43,18.0,18.41,18.38,19.7,18.13,18.64,18.46,31.21
2016-06-07 06:08:00-05:00,163.23718,143.62569,502401.0,21.43,0.0,86.5,22.12,355.6,273.4,272.9,270.4,22.13,23.36,23.01,354.2,55.82,60.15,15.73,1379356.0,357.0,19.77,5.0,0.0,0.0,0.0,0.0,0.0,0.0,0.0,0.0,22.32,19.29,49.33,20.8,22.7,20.69,60.0,59.9,74.7,0.0,272.0,272.0,273.0,16.02,-5.089,16.81,601.0,1369820.0,41167.0,126333.0,-0.953,0.979,0.748,0.921,6.073,8.57,5.17,8.77,9.26,4.478,6.161,2.16,3.048,1.839,3.117,3.293,1.593,2.191,42796.0,43446.0,43023.0,42871.0,43747.0,41516.0,37634.0,0.813,291.3,24.68,1.2,3.528,2.0,-1.0,13.65,0.012,0.221,3.0,2.0,0.0,0.0,19.75,19.43,18.0,18.45,18.4,19.62,18.15,18.69,18.51,31.42
2016-06-07 06:09:00-05:00,167.27654,148.44496,502402.0,21.53,0.0,89.7,22.09,355.8,273.8,272.9,270.5,22.97,24.2,23.92,355.5,56.86,60.18,16.46,1379356.0,356.8,20.21,5.0,0.0,0.0,0.0,0.0,0.0,0.0,0.0,0.0,22.33,19.31,49.92,21.53,23.44,21.38,60.0,59.9,74.7,0.0,272.0,272.0,273.0,16.7,-4.985,17.42,601.0,1369820.0,41167.0,126333.0,-0.958,0.979,0.748,0.921,6.321,8.89,5.318,9.27,9.56,4.682,6.392,2.249,3.165,1.892,3.299,3.401,1.666,2.274,42796.0,43446.0,43023.0,42871.0,43747.0,41516.0,37634.0,1.06,309.7,10.7,1.3,3.528,2.0,-1.0,13.65,0.012,0.221,3.0,2.0,0.0,0.0,19.75,19.48,18.0,18.49,18.49,19.61,18.2,18.84,18.51,31.62
2016-06-07 06:10:00-05:00,170.95946,151.47101,502403.0,21.64,0.0,92.8,22.01,355.9,273.5,272.7,270.2,23.69,24.96,24.66,354.9,59.65,60.22,17.05,1379357.0,357.6,21.17,5.0,0.0,0.0,0.0,0.0,0.0,0.0,0.0,0.0,22.27,19.28,50.58,22.2,24.13,22.01,60.0,59.9,74.7,0.0,272.0,272.0,273.0,17.29,-4.855,17.96,601.0,1369820.0,41167.0,126333.0,-0.963,0.979,0.748,0.921,6.432,9.27,5.371,9.7,9.87,4.866,6.598,2.289,3.301,1.911,3.453,3.513,1.731,2.348,42796.0,43446.0,43023.0,42871.0,43747.0,41516.0,37634.0,1.093,296.7,16.43,1.7,3.53,2.0,-1.0,13.65,0.012,0.221,3.0,2.0,0.0,0.0,19.65,19.56,18.09,18.49,18.82,19.63,18.19,18.85,18.56,31.85
2016-06-07 06:11:00-05:00,174.40479,154.04877,502404.0,21.75,0.0,95.6,22.07,356.6,273.5,272.6,270.1,24.31,25.64,25.28,356.0,60.52,60.12,17.58,1379357.0,359.3,21.55,5.0,0.0,0.0,0.0,0.0,0.0,0.0,0.0,0.0,22.36,19.3,51.24,22.78,24.66,22.57,60.0,59.9,74.7,0.0,272.0,272.0,273.0,17.78,-4.818,18.42,601.0,1369821.0,41167.0,126333.0,-0.965,0.979,0.748,0.921,6.468,9.61,5.422,10.03,10.15,4.928,6.77,2.306,3.428,1.933,3.577,3.62,1.757,2.414,42796.0,43446.0,43023.0,42871.0,43747.0,41516.0,37634.0,1.295,296.1,9.6,1.8,3.528,2.0,-1.0,13.65,0.013,0.221,3.0,2.0,0.0,0.0,19.75,19.59,18.07,18.49,18.88,19.54,18.19,18.89,18.6,32.05
2016-06-07 06:12:00-05:00,178.44414,156.96275,502405.0,21.87,0.0,98.4,22.07,356.1,273.2,272.4,269.9,25.04,26.31,25.94,355.4,62.11,60.15,18.13,1379357.0,357.8,22.08,5.0,0.0,0.0,0.0,0.0,0.0,0.0,0.0,0.0,22.26,19.35,51.82,23.36,25.26,23.18,60.0,59.9,74.7,0.0,272.0,272.0,273.0,18.3,-4.707,18.89,601.0,1369821.0,41168.0,126333.0,-0.968,0.979,0.748,0.921,6.573,9.92,5.533,10.34,10.46,5.05,6.932,2.341,3.534,1.971,3.683,3.726,1.799,2.469,42796.0,43446.0,43023.0,42871.0,43747.0,41516.0,37634.0,0.763,296.7,16.88,1.3,3.53,2.0,-1.0,13.65,0.013,0.221,3.0,2.0,0.0,0.0,19.71,19.66,17.98,18.49,18.78,19.46,18.26,18.97,18.6,32.18
2016-06-07 06:13:00-05:00,180.345,158.53181,502406.0,21.98,0.0,100.3,22.09,356.1,273.2,272.2,269.7,25.56,26.87,26.54,355.2,64.1,60.14,18.58,1379358.0,357.4,22.77,5.0,0.0,0.0,0.0,0.0,0.0,0.0,0.0,0.0,22.35,19.43,52.21,23.89,25.81,23.68,60.0,59.9,74.7,0.0,271.6,271.7,272.7,18.76,-4.61,19.32,601.0,1369821.0,41168.0,126333.0,-0.971,0.979,0.748,0.921,6.758,10.13,5.781,10.59,10.7,5.106,7.09,2.407,3.607,2.059,3.773,3.81,1.818,2.525,42796.0,43446.0,43023.0,42871.0,43747.0,41516.0,37634.0,1.227,291.3,11.57,1.8,3.528,2.0,-1.0,13.65,0.013,0.221,3.0,2.0,0.0,0.0,19.81,19.74,18.03,18.57,18.78,19.57,18.28,19.09,18.62,32.4
2016-06-07 06:14:00-05:00,183.0775,160.66127,502407.0,22.09,0.0,102.5,22.26,355.8,272.9,272.2,269.7,26.28,27.53,27.24,355.0,65.29,60.15,19.15,1379358.0,357.3,23.17,5.0,0.0,0.0,0.0,0.0,0.0,0.0,0.0,0.0,22.53,19.51,52.59,24.48,26.45,24.26,60.0,59.9,74.7,0.0,271.2,271.4,272.6,19.3,-4.49,19.82,601.0,1369822.0,41168.0,126333.0,-0.974,0.979,0.748,0.921,6.936,10.42,6.067,10.86,10.96,5.242,7.256,2.468,3.706,2.158,3.865,3.899,1.865,2.582,42796.0,43446.0,43023.0,42871.0,43747.0,41516.0,37634.0,0.778,282.2,18.3,1.8,3.528,2.0,-1.0,13.65,0.013,0.221,3.0,2.0,0.0,0.0,19.89,19.84,18.19,18.65,18.81,19.63,18.42,19.2,18.66,32.62
2016-06-07 06:15:00-05:00,186.28523,162.67863,502408.0,22.2,0.0,104.8,22.36,355.2,273.5,272.7,270.2,26.91,28.19,27.88,354.6,67.92,60.14,19.72,1379359.0,356.1,24.09,5.0,0.0,0.0,0.0,0.0,0.0,0.0,0.0,0.0,22.72,19.62,52.99,25.07,27.05,24.84,60.0,59.9,74.7,0.0,271.9,271.9,273.0,19.85,-4.432,20.34,601.0,1369822.0,41168.0,126333.0,-0.976,0.979,0.748,0.921,7.121,10.71,6.347,11.16,11.28,5.359,7.413,2.529,3.803,2.254,3.965,4.008,1.904,2.633,42796.0,43446.0,43023.0,42871.0,43747.0,41516.0,37634.0,0.593,307.2,19.41,1.0,3.526,2.0,-1.0,13.65,0.014,0.221,3.0,2.0,0.0,0.0,19.94,19.92,18.19,18.75,18.93,19.76,18.54,19.25,18.53,32.85
2016-06-07 06:16:00-05:00,187.59209,164.13562,502409.0,22.31,0.0,106.7,22.35,353.7,273.8,273.1,270.6,27.4,28.72,28.44,353.3,68.62,60.14,20.19,1379359.0,357.0,24.24,5.0,0.0,0.0,0.0,0.0,0.0,0.0,0.0,0.0,22.72,19.72,53.27,25.57,27.52,25.34,60.0,59.9,74.7,0.0,272.1,272.1,273.2,20.3,-4.398,20.77,601.0,1369822.0,41168.0,126333.0,-0.977,0.979,0.748,0.921,7.397,11.02,6.554,11.41,11.5,5.428,7.609,2.616,3.897,2.318,4.036,4.068,1.92,2.691,42796.0,43446.0,43023.0,42871.0,43747.0,41516.0,37634.0,0.943,283.6,12.13,1.3,3.528,2.0,-1.0,13.65,0.014,0.221,3.0,2.0,0.0,0.0,20.03,19.93,18.21,18.93,19.02,19.87,18.68,19.38,18.53,33.06
2016-06-07 06:17:00-05:00,190.79979,165.92885,502410.0,22.43,0.0,109.0,22.35,353.5,274.0,273.1,270.5,28.19,29.46,29.19,352.0,71.36,60.21,20.83,1379359.0,354.2,25.12,5.0,0.0,0.0,0.0,0.0,0.0,0.0,0.0,0.0,22.78,19.85,53.79,26.21,28.22,25.99,60.0,59.9,74.7,0.0,272.1,272.2,273.3,20.89,-4.236,21.32,601.0,1369823.0,41168.0,126333.0,-0.98,0.979,0.748,0.921,7.804,11.39,6.81,11.65,11.68,5.474,7.812,2.759,4.027,2.408,4.12,4.131,1.935,2.762,42796.0,43446.0,43023.0,42871.0,43747.0,41516.0,37634.0,0.768,296.2,16.43,1.5,3.528,2.0,-1.0,13.65,0.014,0.221,3.0,2.0,0.0,0.0,20.18,19.94,18.34,19.04,19.14,19.99,18.84,19.41,18.61,33.29
2016-06-07 06:18:00-05:00,199.4725,171.42058,502411.0,22.54,0.0,113.3,22.45,352.1,273.6,273.1,270.5,29.3,30.65,30.36,351.1,74.41,60.19,21.77,1379360.0,353.2,26.12,5.0,0.0,0.0,0.0,0.0,0.0,0.0,0.0,0.0,22.98,19.97,54.72,27.32,29.34,27.08,60.0,59.9,74.7,0.0,272.0,272.0,273.0,21.85,-4.08,22.23,601.0,1369823.0,41168.0,126333.0,-0.983,0.979,0.748,0.921,8.41,12.01,7.134,12.19,12.17,5.638,8.16,2.96,4.228,2.512,4.291,4.286,1.985,2.874,42796.0,43446.0,43023.0,42871.0,43747.0,41516.0,37634.0,1.107,295.6,9.04,1.6,3.528,2.0,-1.0,13.65,0.014,0.222,3.0,2.0,0.0,0.0,20.24,20.04,18.5,19.19,19.25,20.02,18.93,19.47,18.68,33.52
2016-06-07 06:19:00-05:00,204.34349,174.89494,502412.0,22.65,0.0,116.3,22.57,352.6,273.6,273.0,270.4,30.18,31.5,31.23,351.6,76.37,60.14,22.48,1379360.0,353.5,26.85,5.0,0.0,0.0,0.0,0.0,0.0,0.0,0.0,0.0,23.13,20.14,55.38,28.16,30.16,27.91,60.0,59.9,74.7,0.0,272.0,272.0,273.0,22.56,-3.957,22.91,601.0,1369823.0,41168.0,126333.0,-0.985,0.979,0.748,0.921,8.83,12.36,7.372,12.54,12.47,5.743,8.36,3.112,4.358,2.599,4.422,4.398,2.025,2.949,42796.0,43446.0,43023.0,42871.0,43747.0,41516.0,37634.0,1.065,310.2,12.47,1.5,3.528,2.0,-1.0,13.62,0.011,0.222,3.0,2.0,0.0,0.0,20.41,20.15,18.68,19.32,19.31,20.17,19.07,19.49,18.83,33.69
2016-06-07 06:20:00-05:00,204.58109,175.1191,502413.0,22.77,0.0,117.5,22.4,352.8,273.6,273.2,270.6,30.65,31.91,31.59,351.7,77.89,60.15,22.84,1379361.0,353.2,27.39,5.0,0.0,0.0,0.0,0.0,0.0,0.0,0.0,0.0,22.94,20.22,55.58,28.51,30.55,28.25,60.0,59.9,74.7,0.0,272.0,272.0,273.0,22.89,-3.883,23.22,601.0,1369824.0,41168.0,126333.0,-0.986,0.979,0.748,0.921,9.12,12.49,7.56,12.63,12.55,5.786,8.44,3.217,4.405,2.667,4.454,4.427,2.041,2.976,42796.0,43446.0,43023.0,42871.0,43747.0,41516.0,37634.0,1.255,300.1,15.69,1.8,3.527,2.0,-1.0,13.61,-0.057,0.222,3.0,2.0,0.0,0.001,20.44,20.23,18.79,19.39,19.38,20.28,19.23,19.62,18.99,33.92
2016-06-07 06:21:00-05:00,210.6401,178.03307,502414.0,22.88,0.0,120.7,22.33,353.1,273.8,273.1,270.5,31.47,32.76,32.46,352.2,79.88,60.24,23.54,1379361.0,354.3,28.13,5.0,0.0,0.0,0.0,0.0,0.0,0.0,0.0,0.0,22.86,20.3,56.0,29.28,31.38,29.0,60.0,59.9,74.7,0.0,272.0,272.0,273.0,23.57,-3.716,23.87,601.0,1369824.0,41168.0,126333.0,-0.988,0.979,0.748,0.921,9.49,12.84,7.772,12.97,12.94,5.857,8.63,3.352,4.532,2.744,4.578,4.568,2.068,3.048,42796.0,43446.0,43023.0,42871.0,43747.0,41516.0,37634.0,1.182,297.8,11.71,1.5,3.53,2.0,-1.0,13.61,-0.005,0.222,3.0,2.0,0.0,0.001,20.4,20.27,18.9,19.5,19.37,20.38,19.34,19.66,19.14,34.12
2016-06-07 06:22:00-05:00,214.67946,179.93839,502415.0,22.99,0.0,123.1,22.47,355.8,274.0,273.2,270.5,32.13,33.4,33.21,355.0,80.6,60.22,24.12,1379361.0,356.3,28.6,5.0,0.0,0.0,0.0,0.0,0.0,0.0,0.0,0.0,22.85,20.46,56.19,29.92,32.04,29.66,60.0,59.9,74.7,0.0,272.0,272.1,273.0,24.15,-3.627,24.42,601.0,1369825.0,41168.0,126333.0,-0.989,0.979,0.748,0.921,9.67,13.1,7.919,13.16,13.18,5.966,8.69,3.44,4.66,2.817,4.683,4.688,2.123,3.093,42796.0,43446.0,43023.0,42871.0,43747.0,41516.0,37634.0,1.007,300.6,12.48,1.5,3.528,2.0,-1.0,13.61,0.004,0.222,3.0,2.0,0.0,0.001,20.51,20.4,19.03,19.6,19.5,20.47,19.45,19.75,19.27,34.33
2016-06-07 06:23:00-05:00,216.81795,181.61952,502416.0,23.1,0.0,125.4,22.59,355.9,273.9,273.3,270.7,32.7,34.02,33.73,354.8,83.0,60.22,24.6,1379362.0,357.5,29.46,5.0,0.0,0.0,0.0,0.0,0.0,0.0,0.0,0.0,23.06,20.58,56.43,30.44,32.58,30.16,60.0,59.9,74.7,0.0,272.2,272.1,273.5,24.6,-3.565,24.86,601.0,1369825.0,41168.0,126333.0,-0.99,0.979,0.748,0.921,9.83,13.28,8.15,13.37,13.35,6.062,8.84,3.5,4.727,2.901,4.757,4.752,2.157,3.147,42796.0,43446.0,43023.0,42871.0,43747.0,41516.0,37634.0,0.748,305.6,25.31,1.6,3.528,2.0,-1.0,13.61,0.008,0.222,3.0,2.0,0.0,0.001,20.64,20.49,19.19,19.73,19.6,20.59,19.62,19.89,19.45,34.45
2016-06-07 06:24:00-05:00,219.31284,183.41273,502417.0,23.2,0.0,127.8,22.96,355.3,273.7,273.0,270.5,33.39,34.73,34.43,354.7,84.0,60.15,25.15,1379362.0,357.1,29.8,5.0,0.0,0.0,0.0,0.0,0.0,0.0,0.0,0.0,23.61,20.83,56.68,31.09,33.27,30.82,60.0,59.9,74.7,0.0,272.0,272.0,273.0,25.14,-3.466,25.38,601.0,1369825.0,41168.0,126333.0,-0.991,0.979,0.748,0.921,10.13,13.57,8.49,13.58,13.65,6.155,9.02,3.599,4.821,3.017,4.823,4.851,2.187,3.206,42796.0,43446.0,43023.0,42871.0,43747.0,41516.0,37634.0,0.34,304.5,34.85,0.7,3.527,2.0,-1.0,13.61,0.009,0.223,3.0,2.0,0.0,0.001,20.92,20.61,19.29,19.86,19.71,20.74,19.7,20.06,19.57,34.63
2016-06-07 06:25:00-05:00,225.01544,187.7837,502418.0,23.33,0.0,131.9,23.04,354.2,273.9,273.0,270.5,34.57,35.89,35.58,353.2,87.4,60.13,26.13,1379363.0,356.6,30.87,5.0,0.0,0.0,0.0,0.0,0.0,0.0,0.0,0.0,23.68,21.02,57.52,32.22,34.4,31.95,60.0,59.9,74.7,0.0,272.0,272.0,273.0,26.1,-3.329,26.32,601.0,1369826.0,41168.0,126333.0,-0.992,0.979,0.748,0.921,10.71,14.07,8.96,14.09,14.24,6.305,9.31,3.793,4.982,3.174,4.99,5.044,2.233,3.298,42796.0,43446.0,43023.0,42871.0,43747.0,41516.0,37634.0,0.675,304.5,17.64,1.2,3.527,2.0,-1.0,13.61,0.01,0.223,3.0,2.0,0.0,0.001,21.1,20.67,19.42,19.97,19.81,20.79,19.83,20.19,19.67,34.81
2016-06-07 06:26:00-05:00,229.88643,191.25807,502419.0,23.45,0.0,135.3,23.1,355.1,273.4,272.7,270.3,35.77,37.08,36.73,353.8,90.0,60.14,27.07,1379363.0,357.7,31.83,5.0,0.0,0.0,0.0,0.0,0.0,0.0,0.0,0.0,23.62,21.16,58.88,33.28,35.5,33.04,60.0,59.9,74.7,0.0,272.0,272.0,273.0,26.99,-3.157,27.18,601.0,1369826.0,41168.0,126333.0,-0.993,0.979,0.748,0.921,11.07,14.39,9.41,14.44,14.56,6.571,9.51,3.931,5.109,3.34,5.127,5.168,2.333,3.376,42796.0,43446.0,43023.0,42871.0,43747.0,41516.0,37634.0,0.903,295.2,9.43,1.3,3.53,2.0,-1.0,13.61,0.011,0.223,3.0,2.0,0.0,0.001,21.26,20.72,19.52,20.1,19.88,20.82,19.94,20.25,19.83,34.99
2016-06-07 06:27:00-05:00,236.30186,196.3015,502420.0,23.56,0.0,139.7,23.06,354.4,273.5,272.9,270.4,37.08,38.37,38.11,353.3,94.6,60.22,28.18,1379364.0,355.4,33.41,5.0,0.0,0.0,0.0,0.0,0.0,0.0,0.0,0.0,23.54,21.27,61.0,34.58,36.82,34.32,60.0,59.9,74.7,0.0,272.0,272.0,273.0,28.11,-2.975,28.26,601.0,1369827.0,41168.0,126333.0,-0.994,0.979,0.748,0.921,11.52,14.95,10.06,14.96,15.08,6.952,9.84,4.081,5.298,3.566,5.3,5.343,2.464,3.487,42796.0,43446.0,43023.0,42871.0,43747.0,41516.0,37634.0,1.052,297.3,18.12,1.8,3.526,2.0,-1.0,13.61,0.011,0.223,3.0,2.0,0.0,0.0,21.34,20.83,19.67,20.27,19.99,20.96,20.06,20.38,19.94,35.2
2016-06-07 06:28:00-05:00,243.19252,199.10341,502421.0,23.66,0.0,143.0,22.98,353.9,273.3,272.8,270.3,38.24,39.52,39.26,353.2,97.4,60.22,29.12,1379364.0,354.9,34.42,5.0,0.0,0.0,0.0,0.0,0.0,0.0,0.0,0.0,23.36,21.27,62.8,35.72,37.9,35.43,60.0,59.9,74.7,0.0,272.0,272.0,273.0,29.02,-2.872,29.16,601.0,1369827.0,41169.0,126333.0,-0.995,0.979,0.748,0.921,11.89,15.38,10.78,15.35,15.48,7.218,10.08,4.206,5.442,3.814,5.434,5.479,2.555,3.569,42796.0,43446.0,43023.0,42871.0,43747.0,41516.0,37634.0,0.965,276.0,18.59,1.4,3.528,2.0,-1.0,13.61,0.012,0.223,3.0,2.0,0.0,0.0,21.19,20.9,19.75,20.32,20.04,20.83,20.1,20.36,20.05,35.4
2016-06-07 06:29:00-05:00,251.1524,202.80193,502422.0,23.76,0.0,146.5,22.93,353.1,273.7,272.9,270.4,39.61,40.86,40.61,352.1,100.6,60.22,30.27,1379365.0,354.2,35.41,5.0,0.0,0.0,0.0,0.0,0.0,0.0,0.0,0.0,23.3,21.33,65.1,36.97,39.14,36.69,60.0,59.9,74.7,0.0,272.0,272.0,273.0,30.1,-2.731,30.22,601.0,1369828.0,41169.0,126333.0,-0.996,0.979,0.748,0.921,12.26,15.83,11.69,15.82,15.97,7.424,10.41,4.33,5.591,4.126,5.587,5.64,2.621,3.675,42796.0,43446.0,43023.0,42871.0,43747.0,41516.0,37634.0,1.135,285.4,9.77,1.6,3.528,2.0,-1.0,13.61,0.012,0.223,3.0,2.0,0.0,0.0,21.26,20.99,19.81,20.38,20.09,20.89,20.17,20.44,20.18,35.66
2016-06-07 06:30:00-05:00,257.21143,204.93137,502423.0,23.86,0.0,149.4,22.98,352.8,273.4,272.9,270.5,40.63,41.86,41.61,351.6,103.1,60.23,31.1,1379365.0,353.9,36.25,5.0,0.0,0.0,0.0,0.0,0.0,0.0,0.0,0.0,23.37,21.46,68.14,37.99,40.13,37.68,60.0,59.9,74.7,0.0,272.0,272.0,273.0,30.92,-2.616,31.03,601.0,1369828.0,41169.0,126333.0,-0.996,0.979,0.748,0.921,12.38,16.19,12.47,16.16,16.32,7.452,10.84,4.367,5.712,4.399,5.703,5.756,2.629,3.825,42796.0,43446.0,43023.0,42871.0,43747.0,41516.0,37634.0,0.952,285.2,21.56,1.3,3.528,2.0,-1.0,13.61,0.012,0.223,3.0,2.0,0.0,0.0,21.41,21.09,19.86,20.45,20.2,20.97,20.21,20.54,20.3,35.91
2016-06-07 06:31:00-05:00,261.36957,207.06082,502424.0,23.96,0.0,152.0,23.17,352.3,273.4,272.9,270.4,41.66,42.9,42.66,351.2,105.5,60.23,31.95,1379366.0,353.5,37.05,5.0,0.0,0.0,0.0,0.0,0.0,0.0,0.0,0.0,23.62,21.62,71.95,39.02,41.15,38.69,60.0,59.9,74.7,0.0,272.0,272.0,273.0,31.77,-2.495,31.86,601.0,1369829.0,41169.0,126333.0,-0.997,0.979,0.748,0.921,12.58,16.5,13.25,16.5,16.65,7.637,11.33,4.431,5.811,4.667,5.814,5.866,2.69,3.992,42796.0,43446.0,43023.0,42871.0,43747.0,41516.0,37634.0,1.095,295.5,16.39,1.6,3.528,2.0,-1.0,13.61,0.012,0.223,3.0,2.0,0.0,0.0,21.58,21.25,19.95,20.5,20.25,21.13,20.36,20.69,20.4,36.16
2016-06-07 06:32:00-05:00,265.17133,209.52649,502425.0,24.05,0.0,154.7,23.24,352.1,273.7,272.7,270.3,42.81,44.03,43.78,350.5,107.7,60.12,32.9,1379367.0,352.7,37.73,5.0,0.0,0.0,0.0,0.0,0.0,0.0,0.0,0.0,23.68,21.83,77.17,40.15,42.16,39.84,60.0,59.9,74.7,0.0,272.0,272.0,273.0,32.67,-2.459,32.76,601.0,1369829.0,41169.0,126333.0,-0.997,0.979,0.748,0.921,12.89,16.83,13.81,16.81,17.0,7.883,11.76,4.539,5.926,4.86,5.917,5.984,2.775,4.141,42796.0,43446.0,43023.0,42871.0,43747.0,41516.0,37634.0,1.04,287.4,24.43,1.9,3.528,2.0,-1.0,13.61,0.012,0.223,3.0,2.0,0.0,0.0,21.8,21.45,20.08,20.62,20.29,21.26,20.45,20.85,20.56,36.44
2016-06-07 06:33:00-05:00,268.73544,210.19896,502426.0,24.15,0.0,157.0,23.17,351.6,273.8,272.8,270.4,43.77,45.11,44.83,350.5,110.5,60.23,33.76,1379367.0,352.7,38.71,5.0,0.0,0.0,0.0,0.0,0.0,0.0,0.0,0.0,23.49,21.88,87.2,41.12,43.19,40.81,60.0,59.9,74.7,0.0,272.0,272.0,273.0,33.5,-2.318,33.58,601.0,1369830.0,41169.0,126333.0,-0.998,0.979,0.748,0.921,13.13,17.15,14.46,17.1,17.23,8.19,12.37,4.616,6.03,5.085,6.013,6.06,2.878,4.348,42796.0,43446.0,43023.0,42871.0,43747.0,41516.0,37634.0,0.77,284.9,37.2,1.5,3.528,2.0,-1.0,13.61,0.012,0.223,3.0,2.0,0.0,0.0,21.81,21.61,20.13,20.65,20.34,21.28,20.45,20.88,20.64,36.69
2016-06-07 06:34:00-05:00,277.7646,215.13031,502427.0,24.24,0.0,162.0,23.38,348.8,273.6,273.0,270.6,45.56,46.78,46.56,348.2,115.2,60.19,35.2,1379368.0,350.2,40.12,5.0,0.0,0.0,0.0,0.0,0.0,0.0,0.0,0.0,23.66,22.12,108.7,42.82,44.92,42.49,60.0,59.9,74.7,0.0,272.0,272.0,273.0,34.92,-2.117,34.98,601.0,1369830.0,41169.0,126333.0,-0.998,0.979,0.748,0.921,13.79,17.83,15.4,17.76,17.94,8.57,13.33,4.808,6.217,5.37,6.194,6.256,2.989,4.65,42796.0,43446.0,43023.0,42871.0,43747.0,41516.0,37634.0,0.412,305.1,25.75,0.9,3.528,2.0,-1.0,13.61,0.013,0.223,3.0,2.0,0.0,0.0,22.09,21.74,20.23,20.73,20.49,21.43,20.49,21.09,20.77,36.95
2016-06-07 06:35:00-05:00,283.22958,219.27713,502428.0,24.34,0.0,165.9,23.65,350.0,273.7,272.8,270.4,47.16,48.37,48.14,348.9,118.8,60.17,36.51,1379368.0,350.2,41.46,5.0,0.0,0.0,0.0,0.0,0.0,0.0,0.0,0.0,24.0,22.34,137.0,44.37,46.47,44.07,60.0,59.9,74.7,0.0,272.0,272.0,273.0,36.2,-1.933,36.25,601.0,1369831.0,41169.0,126333.0,-0.999,0.979,0.748,0.921,14.22,18.26,16.0,18.13,18.36,8.74,14.15,4.976,6.39,5.599,6.346,6.425,3.057,4.952,42796.0,43446.0,43023.0,42871.0,43747.0,41516.0,37634.0,0.783,300.8,21.08,1.6,3.528,2.0,-1.0,13.61,0.013,0.223,3.0,2.0,0.0,0.0,22.36,21.9,20.36,20.96,20.62,21.56,20.65,21.35,20.92,37.16
2016-06-07 06:36:00-05:00,287.98175,222.41527,502429.0,24.43,0.0,169.5,23.72,348.8,274.2,273.2,270.9,48.5,49.77,49.55,347.9,122.4,60.14,37.73,1379369.0,349.6,42.58,5.0,0.0,0.0,0.0,0.0,0.0,0.0,0.0,0.0,24.07,22.45,164.0,45.72,47.8,45.43,60.0,59.9,74.7,0.0,272.7,272.1,273.8,37.38,-1.821,37.43,601.0,1369832.0,41169.0,126333.0,-0.999,0.979,0.748,0.921,14.85,18.73,16.77,18.57,18.78,9.04,14.98,5.181,6.531,5.851,6.476,6.549,3.154,5.226,42796.0,43446.0,43023.0,42871.0,43747.0,41516.0,37634.0,1.023,303.0,14.52,1.6,3.528,2.0,-1.0,13.61,0.013,0.224,3.0,2.0,0.0,0.0,22.54,22.08,20.54,21.12,20.79,21.73,20.88,21.6,21.01,37.33
2016-06-07 06:37:00-05:00,290.71423,223.87224,502430.0,24.53,0.0,171.9,23.96,348.5,274.2,273.2,270.9,49.75,50.99,50.74,347.7,125.6,60.14,38.73,1379370.0,349.9,43.67,5.0,0.0,0.0,0.0,0.0,0.0,0.0,0.0,0.0,24.72,22.71,184.6,46.93,49.02,46.66,60.0,59.9,74.7,0.0,272.3,272.0,273.7,38.38,-1.676,38.42,601.0,1369832.0,41169.0,126333.0,-0.999,0.979,0.748,0.921,15.48,19.0,17.43,18.89,19.07,9.19,15.61,5.393,6.622,6.074,6.583,6.643,3.202,5.439,42796.0,43446.0,43023.0,42871.0,43747.0,41516.0,37634.0,1.217,308.6,14.33,1.7,3.528,2.0,-1.0,13.61,0.013,0.224,3.0,2.0,0.0,0.0,22.9,22.19,20.7,21.3,20.93,22.05,21.07,21.77,21.05,37.54
2016-06-07 06:38:00-05:00,294.9912,226.78622,502431.0,24.62,0.0,175.5,24.26,348.8,274.0,273.1,270.9,51.06,52.33,52.1,347.8,128.7,60.23,39.83,1379370.0,349.6,44.74,5.0,0.0,0.0,0.0,0.0,0.0,0.0,0.0,0.0,25.13,22.91,200.8,48.26,50.43,47.98,60.0,59.9,74.7,0.0,272.2,272.0,273.3,39.49,-1.449,39.52,601.0,1369833.0,41169.0,126333.0,-0.999,0.979,0.748,0.921,16.18,19.44,18.03,19.32,19.51,9.23,16.25,5.641,6.78,6.288,6.739,6.804,3.22,5.667,42796.0,43446.0,43023.0,42871.0,43747.0,41516.0,37634.0,0.997,313.5,10.24,1.3,3.528,2.0,-1.0,13.61,0.013,0.224,3.0,2.0,0.0,0.0,23.22,22.37,20.88,21.55,21.08,22.26,21.23,22.07,21.14,37.78
2016-06-07 06:39:00-05:00,299.03055,228.8036,502432.0,24.72,0.0,178.7,24.33,348.5,274.0,272.9,270.6,52.49,53.7,53.48,347.5,131.7,60.15,40.95,1379371.0,348.7,45.78,5.0,0.0,0.0,0.0,0.0,0.0,0.0,0.0,0.0,24.98,23.01,211.2,49.63,51.74,49.37,60.0,59.9,74.7,0.0,272.0,272.0,273.0,40.58,-1.339,40.6,601.0,1369834.0,41169.0,126333.0,-0.999,0.979,0.748,0.921,16.91,19.81,18.6,19.7,19.92,9.44,16.66,5.893,6.902,6.482,6.866,6.94,3.289,5.806,42796.0,43446.0,43023.0,42871.0,43747.0,41516.0,37634.0,1.022,314.3,14.99,1.6,3.528,2.0,-1.0,13.57,-0.055,0.224,3.0,2.0,0.0,0.001,23.45,22.53,21.09,21.76,21.36,22.46,21.36,22.18,21.18,37.98
2016-06-07 06:40:00-05:00,301.52545,228.91568,502433.0,24.82,0.0,180.8,23.96,349.5,274.1,272.8,270.5,53.42,54.65,54.48,348.7,133.8,60.15,41.75,1379372.0,350.9,46.66,5.0,0.0,0.0,0.0,0.0,0.0,0.0,0.0,0.0,24.59,22.94,215.2,50.58,52.69,50.31,60.0,59.9,74.7,0.0,272.0,272.0,273.0,41.36,-1.202,41.37,601.0,1369834.0,41169.0,126333.0,-1.0,0.979,0.748,0.921,17.31,20.02,19.05,19.91,20.12,9.57,17.07,6.051,6.996,6.657,6.959,7.031,3.346,5.967,42796.0,43446.0,43023.0,42871.0,43747.0,41516.0,37634.0,1.442,295.0,9.99,2.0,3.528,2.0,-1.0,13.57,-0.014,0.225,3.0,2.0,0.0,0.001,23.33,22.58,21.17,21.89,21.5,22.54,21.49,22.28,21.25,38.17
2016-06-07 06:41:00-05:00,307.58447,231.71759,502434.0,24.9,0.0,184.9,23.84,349.1,274.0,272.7,270.4,54.83,56.01,55.82,348.3,137.2,60.15,42.86,1379373.0,350.5,47.78,5.0,0.0,0.0,0.0,0.0,0.0,0.0,0.0,0.0,24.22,23.01,219.6,51.94,54.1,51.69,60.0,59.9,74.7,0.0,272.0,272.0,273.0,42.48,-1.015,42.5,601.0,1369835.0,41169.0,126333.0,-1.0,0.979,0.748,0.921,18.0,20.5,19.77,20.38,20.47,9.76,17.63,6.283,7.158,6.903,7.113,7.146,3.406,6.156,42796.0,43447.0,43023.0,42871.0,43747.0,41516.0,37634.0,1.182,302.1,13.54,1.6,3.528,2.0,-1.0,13.57,0.001,0.225,3.0,2.0,0.0,0.001,23.48,22.64,21.27,22.03,21.69,22.64,21.49,22.39,21.35,38.39
2016-06-07 06:42:00-05:00,313.16827,234.74364,502435.0,24.99,0.0,189.0,23.66,350.4,274.1,273.0,270.6,56.28,57.39,57.29,349.5,139.7,60.13,44.1,1379373.0,351.3,48.84,5.0,0.0,0.0,0.0,0.0,0.0,0.0,0.0,0.0,24.13,22.94,223.6,53.35,55.48,53.13,60.0,59.9,74.7,0.0,272.1,271.9,273.1,43.68,-0.855,43.69,601.0,1369836.0,41169.0,126333.0,-1.0,0.979,0.748,0.921,18.55,20.8,20.29,20.76,21.04,9.94,18.12,6.5,7.287,7.11,7.274,7.37,3.484,6.35,42796.0,43447.0,43023.0,42871.0,43748.0,41516.0,37634.0,1.422,305.0,16.72,2.1,3.528,2.0,-1.0,13.57,0.006,0.225,3.0,2.0,0.0,0.001,23.45,22.76,21.34,22.08,21.76,22.62,21.5,22.57,21.41,38.57
2016-06-07 06:43:00-05:00,316.0196,235.4161,502436.0,25.08,0.0,191.7,23.54,349.9,274.2,273.3,271.0,57.33,58.28,58.23,349.2,142.6,60.14,44.93,1379374.0,349.6,49.81,5.0,0.0,0.0,0.0,0.0,0.0,0.0,0.0,0.0,24.06,22.99,226.0,54.37,56.41,54.12,60.0,59.9,74.7,0.0,272.2,272.0,273.5,44.53,-0.757,44.54,601.0,1369837.0,41169.0,126333.0,-1.0,0.979,0.748,0.921,18.88,21.28,20.78,20.99,21.45,10.27,18.51,6.607,7.445,7.271,7.345,7.506,3.592,6.478,42796.0,43447.0,43023.0,42872.0,43748.0,41516.0,37634.0,1.167,304.9,17.56,2.1,3.528,2.0,-1.0,13.57,0.008,0.225,3.0,2.0,0.0,0.001,23.53,22.89,21.39,22.13,21.89,22.63,21.65,22.78,21.51,38.76
2016-06-07 06:44:00-05:00,319.4649,236.761,502437.0,25.19,0.0,194.7,23.46,349.6,274.1,273.2,270.8,58.39,59.32,59.27,348.6,145.4,60.19,45.78,1379375.0,350.0,50.7,5.0,0.0,0.0,0.0,0.0,0.0,0.0,0.0,0.0,23.93,23.02,228.5,55.43,57.46,55.16,60.0,59.9,74.7,0.0,272.1,272.0,273.1,45.38,-0.624,45.38,601.0,1369837.0,41169.0,126333.0,-1.0,0.979,0.748,0.921,19.24,21.67,21.26,21.35,21.83,10.67,18.82,6.725,7.577,7.433,7.464,7.63,3.73,6.58,42796.0,43447.0,43023.0,42872.0,43748.0,41516.0,37634.0,1.413,302.6,12.78,1.8,3.527,2.0,-1.0,13.57,0.009,0.225,3.0,2.0,0.0,0.001,23.62,22.95,21.51,22.3,22.0,22.75,21.8,22.91,21.61,38.93
2016-06-07 06:45:00-05:00,320.53412,237.7697,502438.0,25.27,0.0,197.0,23.6,350.2,273.9,273.2,270.8,59.29,60.18,60.15,349.5,147.2,60.21,46.5,1379376.0,351.6,51.45,5.0,0.0,0.0,0.0,0.0,0.0,0.0,0.0,0.0,23.81,23.26,230.1,56.29,58.34,56.02,60.0,59.9,74.7,0.0,272.0,272.0,273.0,46.08,-0.496,46.08,601.0,1369838.0,41169.0,126333.0,-1.0,0.979,0.748,0.921,19.45,21.89,21.61,21.52,22.08,11.03,19.01,6.812,7.666,7.568,7.534,7.731,3.861,6.656,42796.0,43447.0,43023.0,42872.0,43748.0,41516.0,37634.0,0.978,293.6,13.84,1.2,3.527,2.0,-1.0,13.57,0.01,0.225,3.0,2.0,0.0,0.001,23.94,23.1,21.59,22.45,22.2,22.85,21.84,22.97,21.76,39.11
2016-06-07 06:46:00-05:00,318.63327,238.44215,502439.0,25.35,0.0,199.0,23.71,349.2,274.2,273.2,270.8,60.15,61.07,61.03,349.4,149.8,60.17,47.24,1379377.0,349.8,52.34,5.0,0.0,0.0,0.0,0.0,0.0,0.0,0.0,0.0,23.92,23.46,231.2,57.14,59.16,56.89,60.0,59.9,74.7,0.0,272.0,272.0,273.1,46.78,-0.401,46.78,601.0,1369839.0,41169.0,126333.0,-1.0,0.979,0.748,0.921,19.72,22.17,21.95,21.69,22.37,11.87,19.21,6.886,7.742,7.666,7.573,7.811,4.146,6.707,42796.0,43448.0,43024.0,42872.0,43749.0,41516.0,37634.0,0.913,278.8,21.38,1.5,3.528,2.0,-1.0,13.58,0.01,0.225,3.0,2.0,0.0,0.001,24.23,23.21,21.7,22.55,22.39,22.95,22.04,23.19,22.0,39.25
2016-06-07 06:47:00-05:00,315.66318,238.66632,502440.0,25.42,0.0,200.2,23.67,349.1,273.9,273.1,270.7,60.73,61.66,61.62,348.2,151.3,60.14,47.69,1379377.0,349.9,52.68,5.0,0.0,0.0,0.0,0.0,0.0,0.0,0.0,0.0,23.99,23.63,231.6,57.8,59.76,57.53,60.0,59.9,74.7,0.0,272.0,272.0,273.0,47.27,-0.369,47.27,601.0,1369840.0,41169.0,126333.0,-1.0,0.979,0.748,0.921,19.81,22.31,22.18,21.9,22.52,12.38,19.4,6.916,7.787,7.741,7.645,7.86,4.32,6.771,42796.0,43448.0,43024.0,42873.0,43749.0,41516.0,37634.0,1.233,287.6,24.49,2.0,3.528,2.0,-1.0,13.57,0.011,0.225,3.0,2.0,0.0,0.001,24.59,23.36,21.81,22.69,22.53,23.0,22.19,23.29,22.16,39.4
2016-06-07 06:48:00-05:00,317.56403,241.80444,502441.0,25.49,0.0,203.8,23.61,348.4,274.1,273.1,270.8,61.84,62.76,62.78,347.7,154.5,60.14,48.65,1379378.0,350.0,53.7,5.0,0.0,0.0,0.0,0.0,0.0,0.0,0.0,0.0,23.84,23.78,234.3,58.93,60.87,58.67,60.0,59.9,74.7,0.0,272.0,272.0,273.0,48.22,-0.255,48.22,601.0,1369840.0,41169.0,126333.0,-1.0,0.979,0.748,0.921,20.15,22.7,22.65,22.24,22.94,13.03,19.71,7.018,7.909,7.89,7.748,7.991,4.539,6.866,42796.0,43448.0,43024.0,42873.0,43749.0,41516.0,37634.0,1.165,280.9,11.6,3.5,3.528,2.0,-1.0,13.58,0.011,0.225,3.0,2.0,0.0,0.0,24.86,23.44,21.93,22.8,22.61,23.09,22.33,23.37,22.31,39.55
2016-06-07 06:49:00-05:00,287.38773,223.31187,502442.0,25.58,0.0,191.1,23.74,351.0,273.9,273.0,270.6,58.49,59.46,59.42,349.9,145.4,60.16,45.86,1379379.0,352.0,50.86,5.0,0.0,0.0,0.0,0.0,0.0,0.0,0.0,0.0,23.89,24.1,213.9,55.59,57.54,55.32,60.0,59.9,74.7,0.0,272.0,272.0,273.0,45.45,-0.675,45.46,601.0,1369841.0,41169.0,126333.0,-0.833,0.979,0.748,0.921,18.3,20.83,21.17,20.93,21.65,12.78,18.86,6.418,7.307,7.428,7.343,7.598,4.485,6.618,42796.0,43448.0,43024.0,42873.0,43749.0,41516.0,37634.0,1.093,291.3,20.05,1.6,3.528,2.0,-1.0,13.58,0.011,0.225,3.0,2.0,0.0,0.0,25.13,23.52,21.97,22.87,22.71,23.23,22.37,23.5,22.39,39.7
2016-06-07 06:50:00-05:00,301.52545,234.74364,502443.0,25.66,0.0,200.1,23.84,351.3,273.8,272.9,270.6,61.63,62.52,62.52,350.2,152.9,60.14,48.42,1379380.0,352.1,53.53,5.0,0.0,0.0,0.0,0.0,0.0,0.0,0.0,0.0,23.89,24.22,222.5,58.61,60.59,58.35,60.0,59.9,74.7,0.0,272.0,272.0,273.0,47.92,-0.3,47.92,601.0,1369842.0,41169.0,126333.0,-0.167,0.979,0.748,0.921,19.38,21.81,22.21,21.88,22.31,13.66,19.69,6.805,7.658,7.8,7.682,7.835,4.797,6.914,42796.0,43449.0,43024.0,42873.0,43749.0,41516.0,37634.0,1.017,267.2,15.02,1.7,3.527,2.0,-1.0,13.57,0.011,0.225,3.0,2.0,0.0,0.0,25.46,23.57,22.06,22.95,22.79,23.34,22.48,23.6,22.46,39.79
2016-06-07 06:51:00-05:00,112.388916,105.85598,502444.0,25.73,0.0,99.4,23.49,360.5,273.5,272.6,270.3,29.5,30.77,30.51,359.7,75.52,60.13,21.88,1379380.0,361.6,27.12,5.0,0.0,0.0,0.0,0.0,0.0,0.0,0.0,0.0,23.64,24.16,96.3,27.54,29.39,27.34,60.0,59.9,74.7,0.0,272.0,272.0,273.0,21.77,-4.328,22.32,601.0,1369842.0,41169.0,126333.0,-0.969,0.979,0.748,0.921,8.5,9.18,9.68,9.65,9.58,7.607,8.71,3.058,3.302,3.484,3.472,3.445,2.739,3.133,42796.0,43449.0,43024.0,42873.0,43749.0,41516.0,37634.0,1.043,279.8,12.31,1.6,3.528,2.0,-1.0,13.57,0.011,0.224,3.0,2.0,0.0,0.0,25.24,23.42,21.92,22.83,22.74,23.24,22.33,23.36,22.47,39.91
2016-06-07 06:52:00-05:00,68.668915,75.1471,502445.0,25.77,0.0,76.26,23.34,352.3,273.3,272.6,270.4,22.32,23.65,23.3,351.9,59.87,60.15,15.93,1379380.0,354.1,21.06,5.0,0.0,0.0,0.0,0.0,0.0,0.0,0.0,0.0,23.34,23.89,71.7,20.96,22.83,20.87,60.0,59.9,74.7,0.0,272.0,272.0,273.0,16.1,-5.214,16.92,601.0,1369843.0,41169.0,126333.0,-0.951,0.979,0.748,0.921,6.755,7.275,7.26,7.273,7.496,6.523,6.434,2.379,2.562,2.557,2.562,2.64,2.297,2.266,42796.0,43449.0,43024.0,42873.0,43749.0,41516.0,37634.0,1.16,297.9,9.55,2.0,3.526,2.0,-1.0,13.57,0.011,0.223,3.0,2.0,0.0,0.0,24.93,23.09,21.5,22.43,22.41,22.77,21.91,22.87,22.09,40.02
2016-06-07 06:53:00-05:00,67.48087,74.13841,502446.0,25.81,0.0,75.02,23.22,348.1,273.3,272.5,270.3,22.09,23.43,23.06,347.1,60.13,60.14,15.74,1379381.0,348.9,20.87,5.0,0.0,0.0,0.0,0.0,0.0,0.0,0.0,0.0,23.06,23.65,71.04,20.78,22.68,20.7,60.0,59.9,74.7,0.0,272.0,271.9,273.0,15.94,-5.22,16.77,601.0,1369843.0,41169.0,126333.0,-0.95,0.979,0.748,0.921,6.823,7.351,7.265,7.299,7.533,6.464,6.364,2.375,2.559,2.529,2.541,2.622,2.25,2.215,42796.0,43449.0,43024.0,42873.0,43749.0,41516.0,37634.0,0.977,270.4,28.59,1.6,3.528,2.0,-1.0,13.57,0.012,0.223,3.0,2.0,0.0,0.0,24.66,22.76,21.19,22.12,22.07,22.49,21.53,22.56,21.71,40.09
2016-06-07 06:54:00-05:00,64.98598,71.8969,502447.0,25.84,0.0,72.8,23.0,348.3,273.1,272.7,270.4,21.36,22.69,22.31,347.8,58.02,60.13,15.13,1379381.0,348.9,20.18,5.0,0.0,0.0,0.0,0.0,0.0,0.0,0.0,0.0,22.81,23.34,68.32,20.11,22.03,20.06,60.0,59.9,74.7,0.0,272.0,272.0,273.0,15.35,-5.302,16.24,601.0,1369843.0,41169.0,126333.0,-0.945,0.979,0.748,0.921,6.57,7.118,6.972,7.025,7.257,6.266,6.13,2.288,2.479,2.428,2.447,2.528,2.182,2.135,42796.0,43449.0,43024.0,42873.0,43749.0,41516.0,37634.0,0.548,269.7,18.0,0.8,3.528,2.0,-1.0,13.57,0.012,0.223,3.0,2.0,0.0,0.0,24.36,22.49,20.9,21.81,21.78,22.31,21.23,22.28,21.43,40.17
2016-06-07 06:55:00-05:00,68.668915,74.92295,502448.0,25.85,0.0,75.27,22.87,347.6,273.3,272.4,270.1,22.2,23.5,23.13,346.5,60.46,60.13,15.8,1379381.0,349.1,20.95,5.0,0.0,0.0,0.0,0.0,0.0,0.0,0.0,0.0,22.67,23.13,70.72,20.83,22.73,20.73,60.0,59.9,74.7,0.0,271.9,271.8,273.0,15.99,-5.181,16.81,601.0,1369843.0,41169.0,126333.0,-0.951,0.979,0.748,0.921,6.877,7.403,7.294,7.353,7.591,6.462,6.369,2.39,2.574,2.536,2.556,2.639,2.246,2.214,42796.0,43449.0,43024.0,42873.0,43749.0,41516.0,37634.0,0.868,276.3,12.6,1.2,3.528,2.0,-1.0,13.57,0.012,0.223,3.0,2.0,0.0,0.0,24.12,22.2,20.64,21.55,21.49,22.15,21.0,21.99,21.27,40.17
2016-06-07 06:56:00-05:00,114.646194,109.1062,502449.0,25.85,0.0,105.9,22.77,342.9,273.4,272.5,270.1,30.98,32.25,31.95,342.1,82.9,60.17,23.08,1379382.0,345.5,28.25,5.0,0.0,0.0,0.0,0.0,0.0,0.0,0.0,0.0,22.64,22.95,110.9,29.28,31.25,29.07,60.0,59.9,74.7,0.0,271.8,271.9,273.0,23.33,-4.001,23.79,601.0,1369844.0,41170.0,126333.0,-0.976,0.979,0.748,0.921,10.26,11.42,10.94,10.97,11.6,8.76,9.45,3.502,3.894,3.731,3.742,3.956,2.994,3.225,42796.0,43449.0,43024.0,42873.0,43749.0,41516.0,37634.0,0.978,292.8,15.93,1.8,3.53,2.0,-1.0,13.57,0.012,0.223,3.0,2.0,0.0,0.0,23.94,21.99,20.51,21.36,21.26,22.11,20.82,21.81,21.15,40.17
2016-06-07 06:57:00-05:00,318.98965,260.96948,502450.0,25.85,0.0,229.2,22.73,326.0,273.7,272.9,270.5,67.22,68.19,68.21,325.1,179.3,60.13,53.08,1379383.0,330.0,58.23,5.0,0.0,0.0,0.0,0.0,0.0,0.0,0.0,0.0,22.63,23.19,257.2,64.46,66.67,64.38,60.0,59.9,74.7,0.0,271.9,272.0,273.0,52.77,0.532,52.78,601.0,1369845.0,41170.0,126333.0,0.667,0.979,0.748,0.921,23.46,26.44,26.22,26.16,26.46,17.12,22.58,7.641,8.61,8.54,8.52,8.62,5.576,7.356,42797.0,43449.0,43025.0,42873.0,43750.0,41516.0,37634.0,1.133,306.7,13.22,1.7,3.528,2.0,-1.0,13.57,0.012,0.225,3.0,2.0,0.0,0.0,24.33,22.07,20.78,21.51,21.36,22.38,21.08,22.03,21.38,40.17
2016-06-07 06:58:00-05:00,351.30447,286.97116,502451.0,25.84,0.0,252.2,22.76,331.2,273.6,273.0,270.5,74.67,75.66,75.7,329.9,196.1,60.22,59.29,1379384.0,331.9,64.7,5.0,0.0,0.0,0.0,0.0,0.0,0.0,0.0,0.0,22.78,23.65,283.8,71.9,74.31,71.87,60.0,59.9,74.7,0.0,272.0,272.0,273.0,58.91,1.574,58.94,601.0,1369846.0,41170.0,126333.0,1.0,0.979,0.748,0.921,25.72,28.99,28.68,28.64,29.12,18.49,24.77,8.52,9.6,9.5,9.48,9.64,6.124,8.2,42797.0,43449.0,43025.0,42874.0,43750.0,41516.0,37635.0,1.385,301.8,10.72,1.8,3.528,2.0,-1.0,13.57,0.012,0.226,3.0,2.0,0.0,0.0,24.88,22.48,21.25,21.96,21.82,22.99,21.57,22.61,21.78,40.15
2016-06-07 06:59:00-05:00,364.84818,298.62708,502452.0,25.83,0.0,262.7,22.79,346.2,273.7,272.9,270.4,80.3,81.3,81.3,345.0,201.8,60.22,63.95,1379385.0,347.2,69.63,5.0,0.0,0.0,0.0,0.0,0.0,0.0,0.0,0.0,22.98,24.16,292.6,77.42,79.87,77.33,60.0,59.9,74.7,0.0,271.8,271.8,273.0,63.38,2.299,63.42,601.0,1369847.0,41170.0,126333.0,0.999,0.979,0.748,0.921,26.32,29.63,29.57,29.56,29.84,18.85,25.57,9.11,10.25,10.23,10.23,10.33,6.523,8.85,42797.0,43449.0,43025.0,42874.0,43750.0,41516.0,37635.0,0.785,296.2,17.98,1.3,3.528,2.0,-1.0,13.57,0.012,0.226,3.0,2.0,0.0,0.0,25.38,22.91,21.73,22.42,22.28,23.57,22.09,23.2,22.18,40.07
2016-06-07 07:00:00-05:00,367.46188,302.66183,502453.0,25.85,0.0,267.3,23.08,352.1,273.7,272.8,270.4,82.2,83.0,83.2,350.5,203.2,60.18,65.43,1379386.0,352.3,71.22,5.0,0.0,0.0,0.0,0.0,0.0,0.0,0.0,0.0,23.24,24.89,296.4,79.19,81.6,79.1,60.0,59.9,74.7,0.0,271.5,271.3,273.0,64.78,2.494,64.83,601.0,1369848.0,41170.0,126333.0,0.999,0.979,0.748,0.921,26.42,29.76,29.77,29.75,29.93,18.97,25.77,9.3,10.48,10.48,10.48,10.54,6.68,9.07,42797.0,43449.0,43025.0,42874.0,43750.0,41516.0,37635.0,0.363,259.9,69.39,0.8,3.528,2.0,-1.0,13.57,0.012,0.226,3.0,2.0,0.0,0.0,26.05,23.42,22.22,22.89,22.69,24.17,22.48,23.78,22.74,40.07
2016-06-07 07:01:00-05:00,366.5114,304.6792,502454.0,25.86,0.0,270.0,23.29,352.6,273.4,272.7,270.2,82.9,83.7,83.8,351.5,205.0,60.16,65.98,1379387.0,352.6,72.03,5.0,0.0,0.0,0.0,0.0,0.0,0.0,0.0,0.0,23.38,25.47,298.3,79.88,82.3,79.77,60.0,59.9,74.7,0.0,271.1,271.0,272.9,65.31,2.568,65.36,601.0,1369849.0,41170.0,126334.0,0.999,0.979,0.748,0.921,26.57,29.99,29.95,29.97,30.11,19.26,25.89,9.37,10.57,10.56,10.56,10.62,6.789,9.13,42798.0,43450.0,43026.0,42874.0,43751.0,41516.0,37635.0,0.202,249.7,53.09,0.4,3.528,2.0,-1.0,13.57,0.012,0.226,3.0,2.0,0.0,0.0,26.7,23.98,22.81,23.39,23.13,24.77,23.01,24.48,23.32,40.07
2016-06-07 07:02:00-05:00,361.28403,303.44635,502455.0,25.89,0.0,269.4,23.59,352.7,273.3,272.6,270.2,82.5,83.3,83.4,352.1,204.0,60.21,65.59,1379388.0,354.1,71.8,5.0,0.0,0.0,0.0,0.0,0.0,0.0,0.0,0.0,23.8,26.04,297.5,79.49,81.9,79.38,60.0,59.9,74.7,0.0,271.0,271.0,272.6,64.98,2.558,65.03,601.0,1369850.0,41170.0,126334.0,0.999,0.979,0.748,0.921,26.48,29.81,29.71,29.77,29.95,19.27,25.71,9.34,10.51,10.48,10.5,10.56,6.796,9.07,42798.0,43450.0,43026.0,42875.0,43751.0,41516.0,37636.0,0.628,245.3,12.29,0.8,3.528,2.0,-1.0,13.57,0.012,0.226,3.0,2.0,0.0,0.0,27.29,24.53,23.33,23.85,23.66,25.24,23.44,25.0,23.91,40.07
2016-06-07 07:03:00-05:00,372.21405,313.53323,502456.0,25.92,0.0,279.1,23.6,349.0,273.4,272.6,270.2,85.3,86.2,86.2,348.1,213.0,60.21,67.94,1379389.0,350.0,74.14,5.0,0.0,0.0,0.0,0.0,0.0,0.0,0.0,0.0,23.65,26.55,307.3,82.2,84.8,82.2,60.0,59.9,74.7,0.0,271.0,271.0,272.5,67.24,2.973,67.31,601.0,1369851.0,41170.0,126334.0,0.999,0.979,0.748,0.921,27.68,31.14,31.07,31.12,31.36,20.06,26.92,9.66,10.87,10.84,10.86,10.94,7.001,9.39,42798.0,43450.0,43026.0,42875.0,43751.0,41516.0,37636.0,0.653,242.1,13.13,1.0,3.528,2.0,-1.0,13.57,0.012,0.226,3.0,2.0,0.0,0.0,27.84,25.02,23.62,24.2,24.06,25.65,23.9,25.47,24.45,40.09
2016-06-07 07:04:00-05:00,376.13458,317.45587,502457.0,25.96,0.0,282.6,23.54,351.3,273.4,272.3,270.0,86.4,87.2,87.3,349.8,214.8,60.22,68.79,1379390.0,352.2,75.14,5.0,0.0,0.0,0.0,0.0,0.0,0.0,0.0,0.0,23.49,27.01,310.1,83.2,85.8,83.1,60.0,59.9,74.7,0.0,271.0,271.0,272.1,68.0,3.113,68.07,601.0,1369852.0,41170.0,126334.0,0.999,0.979,0.748,0.921,27.7,31.28,31.25,31.29,31.45,20.16,27.07,9.73,10.99,10.98,10.99,11.05,7.08,9.51,42798.0,43450.0,43026.0,42875.0,43751.0,41516.0,37636.0,0.67,258.1,18.36,1.0,3.528,2.0,-1.0,13.57,0.012,0.226,3.0,2.0,0.0,0.0,28.35,25.42,23.93,24.63,24.46,26.17,24.17,26.05,24.95,40.17
2016-06-07 07:05:00-05:00,372.68924,315.66266,502458.0,26.01,0.0,281.6,23.5,352.4,273.8,272.9,270.5,85.7,86.5,86.6,351.5,213.3,60.22,68.34,1379392.0,353.8,74.99,5.0,0.0,0.0,0.0,0.0,0.0,0.0,0.0,0.0,23.46,27.34,308.8,82.6,85.1,82.5,60.0,59.9,74.7,0.0,271.9,271.4,273.0,67.58,2.959,67.65,601.0,1369853.0,41170.0,126334.0,0.999,0.979,0.748,0.921,27.38,31.03,31.01,31.04,31.24,20.03,26.87,9.65,10.93,10.92,10.94,11.01,7.056,9.47,42798.0,43451.0,43027.0,42875.0,43752.0,41516.0,37636.0,0.607,254.0,16.43,0.9,3.526,2.0,-1.0,13.58,0.012,0.226,3.0,2.0,0.0,0.0,28.77,25.92,24.35,25.02,24.87,26.62,24.51,26.55,25.41,40.19
2016-06-07 07:06:00-05:00,327.306,281.81567,502459.0,26.06,0.0,253.1,23.42,352.6,273.9,272.9,270.5,77.02,77.84,77.97,351.3,192.9,60.23,61.18,1379393.0,353.2,67.73,5.0,0.0,0.0,0.0,0.0,0.0,0.0,0.0,0.0,23.42,27.64,276.1,74.01,76.37,73.85,60.0,59.9,74.7,0.0,272.0,271.7,273.0,60.58,1.874,60.62,601.0,1369854.0,41170.0,126334.0,0.799,0.979,0.748,0.921,24.57,27.65,27.62,27.71,27.83,18.24,24.14,8.66,9.75,9.73,9.76,9.81,6.428,8.51,42799.0,43451.0,43027.0,42875.0,43752.0,41516.0,37637.0,0.607,260.7,14.66,1.0,3.528,2.0,-1.0,13.58,0.012,0.226,3.0,2.0,0.0,0.0,29.1,26.26,24.68,25.3,25.16,26.86,24.82,26.98,25.83,40.27
2016-06-07 07:07:00-05:00,382.1936,325.63748,502460.0,26.12,0.0,292.9,23.33,347.6,273.8,273.2,270.7,88.6,89.4,89.5,347.0,223.1,60.19,70.78,1379394.0,348.3,77.43,5.0,0.0,0.0,0.0,0.0,0.0,0.0,0.0,0.0,23.47,27.85,320.7,85.6,88.1,85.5,60.0,59.9,74.7,0.0,272.0,272.0,273.0,70.07,3.283,70.15,601.0,1369856.0,41170.0,126334.0,0.999,0.979,0.748,0.921,28.89,32.76,32.59,32.6,32.9,20.93,28.24,10.04,11.38,11.33,11.33,11.43,7.274,9.82,42799.0,43451.0,43027.0,42876.0,43752.0,41516.0,37637.0,1.067,236.5,12.5,1.8,3.526,2.0,-1.0,13.58,0.013,0.226,3.0,2.0,0.0,0.0,29.34,26.61,24.96,25.62,25.29,27.22,25.13,27.35,26.15,40.36
2016-06-07 07:08:00-05:00,385.99533,330.34464,502461.0,26.17,0.0,296.8,23.39,347.9,273.7,272.9,270.5,89.8,90.6,90.8,347.1,225.7,60.13,71.79,1379395.0,351.0,78.33,5.0,0.0,0.0,0.0,0.0,0.0,0.0,0.0,0.0,24.03,28.24,323.5,86.8,89.2,86.8,60.0,59.9,74.7,0.0,271.7,271.5,273.0,70.99,3.351,71.07,601.0,1369857.0,41170.0,126334.0,0.999,0.979,0.748,0.921,29.16,33.07,32.97,33.05,33.25,21.13,28.53,10.14,11.51,11.47,11.5,11.57,7.352,9.92,42799.0,43451.0,43027.0,42876.0,43752.0,41516.0,37637.0,0.953,213.1,15.72,1.7,3.528,2.0,-1.0,13.57,0.013,0.226,3.0,2.0,0.0,0.0,29.68,26.99,25.33,25.98,25.52,27.62,25.51,27.8,26.55,40.48
2016-06-07 07:09:00-05:00,388.96545,333.59485,502462.0,26.22,0.0,300.6,23.51,347.4,273.4,273.1,270.7,90.9,91.5,91.7,346.6,228.6,60.15,72.58,1379396.0,350.6,79.21,5.0,0.0,0.0,0.0,0.0,0.0,0.0,0.0,0.0,24.46,28.55,327.0,87.8,90.2,87.8,60.0,59.9,74.7,0.0,271.6,271.4,273.0,71.81,3.457,71.89,601.0,1369858.0,41170.0,126334.0,0.999,0.979,0.748,0.921,29.58,33.54,33.47,33.53,33.69,21.39,28.94,10.28,11.65,11.63,11.65,11.71,7.432,10.05,42799.0,43452.0,43027.0,42876.0,43753.0,41517.0,37637.0,,0.0,0.0,,,2.0,-1.0,13.57,0.013,0.226,3.0,2.0,0.0,0.0,30.03,27.33,25.72,26.27,25.62,27.95,25.78,28.3,26.92,40.58
2016-06-07 07:10:00-05:00,391.34155,336.06055,502463.0,26.28,0.0,303.7,23.58,347.3,274.0,272.9,270.5,91.6,92.5,92.6,346.1,230.4,60.14,73.31,1379397.0,348.6,79.73,5.0,0.0,0.0,0.0,0.0,0.0,0.0,0.0,0.0,24.63,28.97,329.4,88.6,91.0,88.5,60.0,59.9,74.7,0.0,271.9,271.7,273.0,72.45,3.553,72.53,601.0,1369859.0,41170.0,126334.0,0.999,0.979,0.748,0.921,29.78,33.75,33.73,33.75,33.94,21.56,29.19,10.34,11.72,11.72,11.72,11.79,7.487,10.14,42800.0,43452.0,43028.0,42876.0,43753.0,41517.0,37637.0,0.985,220.5,8.87,1.5,3.528,2.0,-1.0,13.57,0.013,0.227,3.0,2.0,0.0,0.0,30.43,27.71,26.09,26.56,25.77,28.28,26.13,28.75,27.28,40.69
2016-06-07 07:11:00-05:00,390.8663,336.50885,502464.0,26.34,0.0,304.8,23.68,347.2,273.7,273.0,270.5,91.8,92.6,92.7,346.6,230.9,60.14,73.42,1379399.0,348.3,80.0,5.0,0.0,0.0,0.0,0.0,0.0,0.0,0.0,0.0,24.46,29.29,329.9,88.7,91.1,88.7,60.0,59.9,74.7,0.0,271.7,271.4,273.0,72.58,3.575,72.67,601.0,1369860.0,41170.0,126334.0,0.999,0.979,0.748,0.921,29.82,33.81,33.79,33.82,34.01,21.57,29.27,10.35,11.74,11.73,11.74,11.81,7.488,10.16,42800.0,43452.0,43028.0,42877.0,43753.0,41517.0,37638.0,0.905,230.0,22.49,1.8,3.528,2.0,-1.0,13.57,0.013,0.227,3.0,2.0,0.0,0.0,30.79,28.1,26.4,26.86,26.06,28.62,26.52,29.14,27.67,40.8
2016-06-07 07:12:00-05:00,389.55948,336.50885,502465.0,26.39,0.0,305.4,23.57,347.0,273.7,272.8,270.4,91.9,92.6,92.8,346.2,231.1,60.15,73.4,1379400.0,347.9,80.0,5.0,0.0,0.0,0.0,0.0,0.0,0.0,0.0,0.0,24.1,29.38,329.9,88.8,91.2,88.8,60.0,59.9,74.7,0.0,271.4,271.0,272.8,72.61,3.567,72.69,601.0,1369862.0,41170.0,126334.0,0.999,0.979,0.748,0.921,29.83,33.82,33.87,33.89,34.04,21.58,29.31,10.35,11.73,11.75,11.76,11.81,7.487,10.17,42800.0,43452.0,43028.0,42877.0,43753.0,41517.0,37638.0,1.143,231.0,11.94,1.7,3.526,2.0,-1.0,13.57,0.013,0.227,3.0,2.0,0.0,0.0,30.79,28.42,26.78,27.23,26.29,28.91,26.91,29.53,28.0,40.89
2016-06-07 07:13:00-05:00,390.5099,338.30206,502466.0,26.46,0.0,308.1,23.58,345.8,273.9,272.5,270.1,92.5,93.3,93.4,345.2,233.2,60.15,73.92,1379401.0,347.0,80.5,5.0,0.0,0.0,0.0,0.0,0.0,0.0,0.0,0.0,23.94,29.53,331.8,89.4,91.8,89.4,60.0,59.9,74.7,0.0,271.0,271.0,272.5,73.07,3.638,73.16,601.0,1369863.0,41170.0,126334.0,0.999,0.979,0.748,0.921,30.0,34.22,34.22,34.17,34.35,21.98,29.56,10.37,11.83,11.83,11.81,11.88,7.598,10.22,42800.0,43452.0,43028.0,42877.0,43753.0,41517.0,37638.0,0.932,250.9,16.23,1.3,3.527,2.0,-1.0,13.57,0.013,0.227,3.0,2.0,0.0,0.0,30.87,28.61,27.12,27.44,26.63,29.01,27.18,29.79,28.32,41.04
2016-06-07 07:14:00-05:00,394.54926,342.8972,502467.0,26.52,0.0,313.3,23.8,345.1,273.9,272.6,270.3,93.8,94.6,94.8,344.4,237.2,60.15,75.05,1379402.0,346.1,81.7,5.0,0.0,0.0,0.0,0.0,0.0,0.0,0.0,0.0,24.25,29.93,335.9,90.7,93.2,90.7,60.0,59.9,74.7,0.0,271.2,271.0,272.8,74.18,3.802,74.27,601.0,1369864.0,41170.0,126334.0,0.999,0.979,0.748,0.921,30.54,34.76,34.78,34.68,34.91,22.56,30.05,10.54,12.0,12.0,11.97,12.05,7.786,10.37,42801.0,43453.0,43029.0,42877.0,43754.0,41518.0,37638.0,0.55,228.2,19.76,1.1,3.527,2.0,-1.0,13.57,0.013,0.227,3.0,2.0,0.0,0.0,31.23,28.91,27.48,27.74,27.05,29.22,27.64,30.09,28.65,41.15
2016-06-07 07:15:00-05:00,397.9946,347.1561,502468.0,26.58,0.0,317.3,24.27,344.6,273.6,272.9,270.5,95.1,95.9,96.0,343.8,240.8,60.15,76.12,1379404.0,346.0,82.8,5.0,0.0,0.0,0.0,0.0,0.0,0.0,0.0,0.0,25.16,30.3,340.2,92.0,94.5,92.0,60.0,59.9,74.7,0.0,271.5,271.0,272.8,75.22,3.925,75.32,601.0,1369865.0,41170.0,126334.0,0.999,0.979,0.748,0.921,30.95,35.29,35.29,35.14,35.43,23.14,30.44,10.67,12.16,12.16,12.11,12.21,7.973,10.49,42801.0,43453.0,43029.0,42878.0,43754.0,41518.0,37639.0,0.735,181.2,20.48,1.2,3.528,2.0,-1.0,13.57,0.013,0.227,3.0,2.0,0.0,0.0,31.67,29.32,27.87,28.13,27.54,29.76,28.01,30.66,29.02,41.3
2016-06-07 07:16:00-05:00,400.01425,350.07007,502469.0,26.65,0.0,320.9,24.92,344.7,273.8,272.9,270.5,96.3,97.0,97.2,343.8,243.5,60.15,77.08,1379405.0,345.7,83.7,5.0,0.0,0.0,0.0,0.0,0.0,0.0,0.0,0.0,26.06,30.71,343.2,93.1,95.5,93.1,60.0,59.9,74.7,0.0,271.6,271.1,273.0,76.13,4.034,76.23,601.0,1369866.0,41170.0,126334.0,0.999,0.979,0.748,0.921,31.24,35.64,35.66,35.51,35.66,23.89,30.77,10.77,12.29,12.29,12.24,12.29,8.24,10.61,42801.0,43453.0,43029.0,42878.0,43754.0,41518.0,37639.0,0.475,180.6,43.82,1.0,3.526,2.0,-1.0,13.57,0.013,0.227,3.0,2.0,0.0,0.0,32.11,29.68,28.27,28.54,28.03,30.16,28.42,31.1,29.34,41.48
2016-06-07 07:17:00-05:00,401.43988,352.98407,502470.0,26.75,0.0,324.5,25.48,343.7,274.5,273.5,271.0,97.0,97.8,98.0,342.5,246.8,60.19,77.95,1379406.0,344.4,84.5,5.0,0.0,0.0,0.0,0.0,0.0,0.0,0.0,0.0,26.48,31.01,345.6,93.9,96.4,94.0,60.0,59.9,74.7,0.0,272.0,272.0,273.0,76.98,4.184,77.1,601.0,1369868.0,41170.0,126334.0,0.999,0.979,0.748,0.921,31.61,36.01,36.06,36.0,36.08,24.58,31.17,10.86,12.38,12.4,12.37,12.4,8.45,10.71,42801.0,43453.0,43029.0,42878.0,43754.0,41518.0,37639.0,0.627,164.3,15.32,0.8,3.527,2.0,-1.0,13.57,0.013,0.228,3.0,2.0,0.0,0.0,32.47,30.02,28.65,28.89,28.44,30.51,28.78,31.5,29.74,41.63
2016-06-07 07:18:00-05:00,402.39035,355.33765,502471.0,26.83,0.0,327.6,25.86,343.2,274.2,273.7,271.2,97.9,98.6,98.8,342.8,249.1,60.14,78.61,1379408.0,344.0,85.4,5.0,0.0,0.0,0.0,0.0,0.0,0.0,0.0,0.0,26.84,31.39,347.8,94.8,97.2,94.8,60.0,59.9,74.7,0.0,272.0,272.0,273.0,77.64,4.222,77.75,601.0,1369869.0,41170.0,126334.0,0.999,0.979,0.748,0.921,31.92,36.34,36.37,36.3,36.47,25.05,31.43,10.95,12.47,12.48,12.46,12.52,8.59,10.79,42802.0,43454.0,43030.0,42878.0,43755.0,41519.0,37639.0,0.668,192.7,13.77,1.3,3.527,2.0,-1.0,13.57,0.013,0.228,3.0,2.0,0.0,0.0,32.86,30.35,29.04,29.22,28.86,30.8,29.04,31.77,30.1,41.82
2016-06-07 07:19:00-05:00,404.76642,358.4758,502472.0,26.91,0.0,331.6,25.37,342.3,274.3,273.4,271.0,98.9,99.7,99.9,341.2,252.4,60.15,79.5,1379409.0,342.8,86.1,5.0,0.0,0.0,0.0,0.0,0.0,0.0,0.0,0.0,26.58,31.58,350.8,95.8,98.2,95.8,60.0,59.9,74.7,0.0,272.0,272.0,273.0,78.47,4.349,78.59,601.0,1369870.0,41170.0,126335.0,0.998,0.979,0.748,0.921,32.32,36.7,36.8,36.74,36.95,25.48,31.83,11.06,12.56,12.6,12.58,12.65,8.72,10.89,42802.0,43454.0,43030.0,42878.0,43755.0,41519.0,37640.0,1.15,187.0,19.43,1.6,3.526,2.0,-1.0,13.57,0.014,0.228,3.0,2.0,0.0,0.0,33.02,30.65,29.38,29.48,29.1,30.95,29.09,31.92,30.26,41.97
2016-06-07 07:20:00-05:00,406.07327,360.71732,502473.0,26.99,0.0,334.3,24.73,343.2,274.2,273.3,271.0,99.8,100.4,100.7,342.7,253.9,60.19,80.1,1379410.0,344.3,87.0,5.0,0.0,0.0,0.0,0.0,0.0,0.0,0.0,0.0,25.41,31.57,352.7,96.6,99.2,96.7,60.0,59.9,74.7,0.0,272.0,272.0,273.0,79.13,4.507,79.26,601.0,1369872.0,41170.0,126335.0,0.998,0.979,0.748,0.921,32.43,36.83,36.97,36.94,37.07,26.09,31.98,11.13,12.64,12.69,12.68,12.72,8.95,10.97,42802.0,43454.0,43030.0,42879.0,43755.0,41519.0,37640.0,1.312,236.9,29.37,1.9,3.527,2.0,-1.0,13.58,0.014,0.228,3.0,2.0,0.0,0.0,32.99,30.76,29.63,29.76,29.41,31.11,29.41,32.15,30.47,42.16
2016-06-07 07:21:00-05:00,407.0237,362.95883,502474.0,27.06,0.0,336.5,24.37,341.8,274.2,273.4,271.0,100.7,101.3,101.5,341.5,257.1,60.2,80.8,1379412.0,343.0,87.8,5.0,0.0,0.0,0.0,0.0,0.0,0.0,0.0,0.0,25.13,31.82,354.8,97.5,100.0,97.5,60.0,59.9,74.7,0.0,272.0,272.0,273.0,79.85,4.595,79.99,601.0,1369873.0,41170.0,126335.0,0.998,0.979,0.748,0.921,32.82,37.27,37.32,37.29,37.52,27.08,32.28,11.22,12.74,12.76,12.75,12.82,9.25,11.03,42802.0,43454.0,43030.0,42879.0,43755.0,41519.0,37640.0,0.918,229.2,21.5,1.5,3.525,2.0,-1.0,13.57,0.014,0.228,3.0,2.0,0.0,0.0,33.24,30.97,29.82,30.03,29.71,31.32,29.59,32.44,30.69,42.33
2016-06-07 07:22:00-05:00,410.35022,366.65735,502475.0,27.14,0.0,340.7,24.05,340.2,274.2,273.4,271.0,102.0,102.7,102.9,339.9,261.6,60.23,82.0,1379413.0,341.4,88.9,5.0,0.0,0.0,0.0,0.0,0.0,0.0,0.0,0.0,24.44,31.59,358.5,98.9,101.4,98.9,60.0,59.9,74.7,0.0,272.0,272.0,273.0,81.0,4.803,81.1,601.0,1369874.0,41170.0,126335.0,0.998,0.979,0.748,0.921,33.43,37.89,37.91,37.87,38.13,28.09,32.8,11.37,12.89,12.9,12.88,12.97,9.55,11.16,42802.0,43455.0,43031.0,42879.0,43756.0,41520.0,37640.0,1.142,243.7,20.72,1.6,3.528,2.0,-1.0,13.57,0.014,0.228,3.0,2.0,0.0,0.0,33.25,31.22,30.1,30.35,30.04,31.52,29.71,32.64,31.02,42.48
2016-06-07 07:23:00-05:00,413.43915,370.35587,502476.0,27.21,0.0,344.7,23.97,341.7,274.2,273.4,271.0,103.4,104.1,104.3,340.7,264.2,60.23,83.1,1379414.0,343.1,90.0,5.0,0.0,0.0,0.0,0.0,0.0,0.0,0.0,0.0,24.23,31.79,361.8,100.2,102.8,100.3,60.0,59.9,74.7,0.0,272.0,272.0,273.0,82.1,4.982,82.2,601.0,1369876.0,41170.0,126335.0,0.998,0.979,0.748,0.921,33.66,38.17,38.19,38.1,38.3,28.85,33.02,11.5,13.04,13.05,13.02,13.08,9.86,11.28,42803.0,43455.0,43031.0,42879.0,43756.0,41520.0,37640.0,1.068,261.1,21.91,1.8,3.528,2.0,-1.0,13.57,0.014,0.228,3.0,2.0,0.0,0.0,33.4,31.39,30.28,30.62,30.3,31.68,29.96,32.72,31.23,42.64
2016-06-07 07:24:00-05:00,414.62717,372.82153,502477.0,27.27,0.0,347.4,23.91,341.3,274.6,273.5,271.2,104.3,105.1,105.2,340.5,266.0,60.16,84.0,1379416.0,342.0,90.6,5.0,0.0,0.0,0.0,0.0,0.0,0.0,0.0,0.0,24.18,31.95,364.3,101.1,103.7,101.2,60.0,59.9,74.7,0.0,272.0,272.0,273.0,82.9,5.047,83.0,601.0,1369877.0,41170.0,126335.0,0.998,0.979,0.748,0.921,33.98,38.52,38.5,38.41,38.63,29.64,33.3,11.6,13.15,13.14,13.11,13.18,10.11,11.36,42803.0,43455.0,43031.0,42880.0,43756.0,41520.0,37641.0,1.218,238.7,9.0,2.0,3.527,2.0,-1.0,13.57,0.014,0.228,3.0,2.0,0.0,0.0,33.49,31.51,30.57,30.9,30.64,31.83,30.33,32.87,31.49,42.79
2016-06-07 07:25:00-05:00,417.35968,376.18384,502478.0,27.33,0.0,351.1,23.85,339.2,274.5,273.4,271.0,105.6,106.3,106.5,338.6,269.6,60.19,85.0,1379417.0,340.9,91.3,5.0,0.0,0.0,0.0,0.0,0.0,0.0,0.0,0.0,24.04,32.09,367.7,102.4,105.0,102.5,60.0,59.9,74.7,0.0,272.0,272.0,273.0,83.9,5.214,84.0,601.0,1369879.0,41170.0,126335.0,0.998,0.979,0.748,0.921,34.5,39.11,39.08,39.02,39.24,30.71,33.82,11.7,13.26,13.26,13.24,13.31,10.42,11.47,42803.0,43455.0,43031.0,42880.0,43756.0,41520.0,37641.0,1.43,259.4,15.08,2.0,3.528,2.0,-1.0,13.54,-0.062,0.228,3.0,2.0,0.0,0.001,33.69,31.63,30.83,31.19,30.85,31.97,30.52,33.02,31.67,42.95
2016-06-07 07:26:00-05:00,422.82468,382.12387,502479.0,27.39,0.0,357.1,23.75,338.1,274.3,273.3,270.9,107.5,108.2,108.4,338.1,274.8,60.19,86.5,1379419.0,338.7,92.9,5.0,0.0,0.0,0.0,0.0,0.0,0.0,0.0,0.0,23.97,32.19,373.6,104.3,106.9,104.4,60.0,59.9,74.7,0.0,272.0,271.9,273.0,85.4,5.454,85.5,601.0,1369880.0,41170.0,126335.0,0.998,0.979,0.748,0.921,35.09,39.94,39.8,39.76,39.93,31.93,34.43,11.86,13.5,13.46,13.44,13.5,10.79,11.64,42803.0,43456.0,43031.0,42880.0,43756.0,41520.0,37641.0,1.652,238.3,12.12,2.2,3.527,2.0,-1.0,13.54,-0.009,0.228,3.0,2.0,0.0,0.001,33.76,31.65,31.04,31.41,30.98,32.07,30.77,33.1,31.79,43.1
2016-06-07 07:27:00-05:00,428.40848,388.62427,502480.0,27.43,0.0,363.4,23.95,338.7,274.3,273.5,271.1,109.6,110.2,110.4,338.4,279.7,60.17,88.2,1379420.0,340.7,94.7,5.0,0.0,0.0,0.0,0.0,0.0,0.0,0.0,0.0,24.04,32.2,379.0,106.2,108.9,106.4,60.0,59.9,74.7,0.0,272.0,272.0,273.0,87.0,5.707,87.2,601.0,1369881.0,41170.0,126335.0,0.998,0.979,0.748,0.921,35.7,40.51,40.39,40.35,40.58,32.85,34.94,12.09,13.72,13.68,13.66,13.74,11.12,11.83,42804.0,43456.0,43032.0,42880.0,43757.0,41521.0,37641.0,0.83,264.4,40.19,1.4,3.527,2.0,-1.0,13.54,0.003,0.229,3.0,2.0,0.0,0.001,33.85,31.88,31.25,31.68,31.32,32.36,31.06,33.51,32.08,43.24
2016-06-07 07:28:00-05:00,431.85382,392.99527,502481.0,27.48,0.0,367.9,23.99,339.2,274.4,273.4,271.0,111.2,111.7,111.9,339.0,283.4,60.22,89.5,1379422.0,340.5,96.1,5.0,0.0,0.0,0.0,0.0,0.0,0.0,0.0,0.0,23.99,32.2,383.3,107.8,110.5,108.0,60.0,59.9,74.7,0.0,272.0,272.0,273.0,88.3,5.956,88.5,601.0,1369883.0,41170.0,126335.0,0.998,0.979,0.748,0.921,36.23,41.0,40.81,40.81,41.07,33.92,35.3,12.29,13.91,13.84,13.84,13.93,11.5,11.97,42804.0,43456.0,43032.0,42881.0,43757.0,41521.0,37642.0,0.728,268.5,20.55,1.5,3.527,2.0,-1.0,13.54,0.007,0.229,3.0,2.0,0.0,0.001,33.82,31.95,31.42,31.73,31.47,31.99,31.18,33.26,32.24,43.36
2016-06-07 07:29:00-05:00,436.9624,398.59906,502482.0,27.53,0.0,373.5,23.99,339.1,274.1,273.4,271.0,113.0,113.5,113.8,338.1,288.2,60.17,91.0,1379423.0,340.3,97.4,5.0,0.0,0.0,0.0,0.0,0.0,0.0,0.0,0.0,23.99,32.33,388.3,109.7,112.4,109.9,60.0,59.9,74.7,0.0,272.0,271.8,273.0,89.8,6.19,90.0,601.0,1369884.0,41170.0,126335.0,0.998,0.979,0.748,0.921,36.88,41.63,41.4,41.37,41.66,34.92,35.76,12.51,14.12,14.04,14.03,14.13,11.84,12.13,42804.0,43456.0,43032.0,42881.0,43757.0,41521.0,37642.0,1.26,234.2,24.69,2.0,3.528,2.0,-1.0,13.54,0.009,0.229,3.0,2.0,0.0,0.001,33.99,31.99,31.57,31.86,31.58,32.16,31.4,33.3,32.47,43.52
2016-06-07 07:30:00-05:00,440.17014,402.40967,502483.0,27.58,0.0,377.4,24.14,339.5,274.1,273.4,271.0,114.3,114.7,115.0,338.6,291.0,60.13,92.1,1379425.0,339.7,98.5,5.0,0.0,0.0,0.0,0.0,0.0,0.0,0.0,0.0,24.25,32.53,391.6,110.9,113.5,111.1,60.0,59.9,74.7,0.0,272.0,271.5,273.0,90.7,6.29,90.9,601.0,1369886.0,41170.0,126336.0,0.998,0.979,0.748,0.921,37.15,41.99,41.87,41.73,41.94,35.31,36.16,12.61,14.26,14.21,14.17,14.24,11.99,12.28,42804.0,43456.0,43032.0,42881.0,43757.0,41521.0,37642.0,1.435,276.2,23.72,1.9,3.528,2.0,-1.0,13.54,0.01,0.229,3.0,2.0,0.0,0.001,34.23,32.31,31.74,32.15,31.78,32.46,31.36,33.67,32.57,43.57
2016-06-07 07:31:00-05:00,441.83337,404.31497,502484.0,27.63,0.0,379.7,24.3,339.6,273.9,273.2,270.8,115.0,115.4,115.7,339.2,292.9,60.14,92.6,1379426.0,341.6,99.3,5.0,0.0,0.0,0.0,0.0,0.0,0.0,0.0,0.0,24.45,32.75,393.4,111.7,114.3,111.8,60.0,59.9,74.7,0.0,271.8,271.0,273.0,91.3,6.384,91.5,601.0,1369887.0,41170.0,126336.0,0.998,0.979,0.748,0.921,37.56,42.21,41.93,41.91,42.34,35.7,36.24,12.76,14.34,14.24,14.23,14.38,12.13,12.31,42805.0,43457.0,43033.0,42881.0,43758.0,41522.0,37642.0,1.328,287.1,19.89,1.9,3.527,2.0,-1.0,13.54,0.011,0.229,3.0,2.0,0.0,0.001,34.46,32.59,32.04,32.36,32.22,32.69,31.6,33.84,32.65,43.72
2016-06-07 07:32:00-05:00,445.27872,407.9014,502485.0,27.68,0.0,383.7,24.28,339.1,273.9,273.1,270.7,116.4,116.8,117.1,338.5,296.5,60.14,93.7,1379428.0,340.3,100.4,5.0,0.0,0.0,0.0,0.0,0.0,0.0,0.0,0.0,24.46,33.13,397.0,113.0,115.6,113.2,60.0,59.9,74.7,0.0,271.7,271.0,272.9,92.3,6.534,92.6,601.0,1369889.0,41170.0,126336.0,0.998,0.979,0.748,0.921,37.94,42.66,42.38,42.35,42.73,36.61,36.63,12.87,14.47,14.37,14.36,14.49,12.42,12.42,42805.0,43457.0,43033.0,42882.0,43758.0,41522.0,37643.0,0.642,231.3,54.96,1.2,3.526,2.0,-1.0,13.54,0.011,0.229,3.0,2.0,0.0,0.001,34.79,32.86,32.37,32.64,32.56,33.05,31.86,34.18,32.9,43.85
2016-06-07 07:33:00-05:00,449.43686,412.27237,502486.0,27.74,0.0,388.2,24.09,339.1,273.8,272.9,270.6,117.8,118.3,118.6,338.6,300.4,60.14,94.9,1379429.0,340.1,101.7,5.0,0.0,0.0,0.0,0.0,0.0,0.0,0.0,0.0,24.35,33.2,400.9,114.5,117.1,114.7,60.0,59.9,74.7,0.0,271.1,271.0,272.6,93.5,6.734,93.7,601.0,1369890.0,41170.0,126336.0,0.997,0.979,0.748,0.921,38.4,43.04,42.94,42.89,43.08,37.39,37.09,13.02,14.59,14.56,14.54,14.61,12.68,12.58,42805.0,43457.0,43033.0,42882.0,43758.0,41522.0,37643.0,0.813,222.9,30.18,1.7,3.528,2.0,-1.0,13.54,0.011,0.229,3.0,2.0,0.0,0.0,34.84,33.07,32.63,33.05,32.66,33.38,32.01,34.65,33.29,44.01
2016-06-07 07:34:00-05:00,450.98132,414.51392,502487.0,27.79,0.0,390.6,24.06,339.3,273.9,272.9,270.7,118.5,118.9,119.2,338.9,302.0,60.15,95.4,1379431.0,340.6,102.3,5.0,0.0,0.0,0.0,0.0,0.0,0.0,0.0,0.0,24.18,33.15,402.7,115.1,117.7,115.2,60.0,59.9,74.7,0.0,271.5,271.0,272.8,94.0,6.813,94.2,601.0,1369892.0,41170.0,126336.0,0.997,0.979,0.748,0.921,38.58,43.31,43.09,43.05,43.32,37.66,37.22,13.09,14.7,14.62,14.61,14.7,12.78,12.63,42805.0,43457.0,43033.0,42882.0,43758.0,41522.0,37643.0,1.83,287.2,9.32,3.5,3.528,2.0,-1.0,13.54,0.011,0.229,3.0,2.0,0.0,0.0,34.78,32.97,32.67,33.13,32.79,33.16,32.13,34.58,33.35,44.14
2016-06-07 07:35:00-05:00,452.28818,416.97955,502488.0,27.85,0.0,393.2,23.93,339.5,273.9,272.6,270.3,119.3,119.7,120.0,338.9,303.8,60.14,96.0,1379432.0,340.6,103.0,5.0,0.0,0.0,0.0,0.0,0.0,0.0,0.0,0.0,24.13,32.81,404.5,115.9,118.6,116.1,60.0,59.9,74.7,0.0,271.0,271.0,272.1,94.6,6.928,94.9,601.0,1369894.0,41170.0,126336.0,0.997,0.979,0.748,0.921,38.89,43.54,43.39,43.29,43.55,37.93,37.41,13.2,14.78,14.73,14.7,14.78,12.87,12.7,42805.0,43458.0,43034.0,42882.0,43759.0,41523.0,37643.0,1.825,292.2,6.322,3.7,3.528,2.0,-1.0,13.54,0.012,0.229,3.0,2.0,0.0,0.0,34.08,32.84,32.6,32.91,32.81,32.39,32.25,34.05,33.26,44.29
2016-06-07 07:36:00-05:00,451.57535,417.53995,502489.0,27.9,0.0,393.8,23.99,338.8,274.1,273.3,271.0,119.4,119.8,120.1,338.2,305.4,60.16,96.3,1379434.0,339.4,103.3,5.0,0.0,0.0,0.0,0.0,0.0,0.0,0.0,0.0,24.17,32.92,405.1,116.1,118.7,116.3,60.0,59.9,74.7,0.0,271.9,271.2,272.9,94.9,6.934,95.1,601.0,1369895.0,41170.0,126336.0,0.997,0.979,0.748,0.921,39.33,43.72,43.51,43.46,43.68,38.3,37.58,13.32,14.81,14.74,14.72,14.8,12.97,12.73,42806.0,43458.0,43034.0,42882.0,43759.0,41523.0,37644.0,1.61,298.1,14.46,3.8,3.528,2.0,-1.0,13.54,0.012,0.229,3.0,2.0,0.0,0.0,34.19,33.07,32.71,33.02,33.07,32.62,32.38,34.25,33.22,44.42
2016-06-07 07:37:00-05:00,453.83264,420.34186,502490.0,27.95,0.0,396.8,23.94,337.9,274.1,273.5,271.1,120.3,120.8,121.1,337.5,308.4,60.17,97.1,1379436.0,338.4,104.1,5.0,0.0,0.0,0.0,0.0,0.0,0.0,0.0,0.0,24.15,33.18,407.7,117.0,119.6,117.2,60.0,59.9,74.7,0.0,272.0,271.4,273.0,95.7,7.043,95.9,601.0,1369897.0,41170.0,126336.0,0.997,0.979,0.748,0.921,40.02,44.07,43.83,43.84,44.14,38.68,37.95,13.52,14.89,14.81,14.81,14.91,13.07,12.82,42806.0,43458.0,43034.0,42883.0,43759.0,41523.0,37644.0,1.207,281.5,24.65,1.8,3.527,2.0,-1.0,13.54,0.012,0.229,3.0,2.0,0.0,0.0,34.52,33.33,32.92,33.38,33.2,33.18,32.56,34.71,33.48,44.58
2016-06-07 07:38:00-05:00,457.04034,423.70416,502491.0,28.0,0.0,400.4,23.96,338.2,274.2,273.2,270.8,121.4,121.8,122.2,337.6,311.2,60.23,97.9,1379437.0,339.5,105.0,5.0,0.0,0.0,0.0,0.0,0.0,0.0,0.0,0.0,24.19,32.96,411.2,118.2,120.9,118.3,60.0,59.9,74.7,0.0,271.8,271.0,273.0,96.6,7.258,96.8,601.0,1369898.0,41170.0,126336.0,0.997,0.979,0.748,0.921,40.58,44.45,44.19,44.24,44.56,39.03,38.18,13.72,15.03,14.94,14.96,15.07,13.2,12.91,42806.0,43458.0,43034.0,42883.0,43759.0,41523.0,37644.0,1.725,288.8,11.98,3.4,3.528,2.0,-1.0,13.54,0.012,0.229,3.0,2.0,0.0,0.0,34.34,33.38,33.02,33.41,33.44,32.9,32.84,34.65,33.55,44.7
2016-06-07 07:39:00-05:00,460.4857,427.40268,502492.0,28.05,0.0,404.0,23.75,337.9,274.1,273.4,271.0,122.7,123.0,123.4,337.2,314.5,60.21,99.0,1379439.0,339.0,106.0,5.0,0.0,0.0,0.0,0.0,0.0,0.0,0.0,0.0,23.92,32.61,414.2,119.3,122.0,119.4,60.0,59.9,74.7,0.0,271.9,271.3,273.0,97.5,7.406,97.8,601.0,1369900.0,41170.0,126337.0,0.997,0.979,0.748,0.921,41.21,44.92,44.71,44.65,44.9,39.29,38.63,13.92,15.18,15.11,15.09,15.17,13.28,13.05,42806.0,43459.0,43035.0,42883.0,43760.0,41524.0,37644.0,1.318,286.3,16.27,2.6,3.527,2.0,-1.0,13.54,0.012,0.23,3.0,2.0,0.0,0.0,33.89,32.94,33.13,33.45,33.48,32.68,32.96,34.57,33.78,44.85
2016-06-07 07:40:00-05:00,466.18826,433.00647,502493.0,28.1,0.0,409.7,23.66,336.5,273.9,273.1,270.8,124.4,124.7,125.0,336.4,319.7,60.16,100.3,1379441.0,338.2,107.6,5.0,0.0,0.0,0.0,0.0,0.0,0.0,0.0,0.0,23.95,32.31,420.1,121.0,123.7,121.2,60.0,59.9,74.7,0.0,271.1,271.0,272.9,98.8,7.552,99.1,601.0,1369902.0,41170.0,126337.0,0.997,0.979,0.748,0.921,42.08,45.77,45.48,45.31,45.72,39.96,39.29,14.16,15.4,15.3,15.25,15.39,13.45,13.22,42807.0,43459.0,43035.0,42883.0,43760.0,41524.0,37644.0,1.35,308.2,11.71,3.8,3.526,2.0,-1.0,13.54,0.012,0.23,3.0,2.0,0.0,0.0,33.5,32.89,33.15,33.39,33.64,32.45,33.15,34.44,33.71,44.99
2016-06-07 07:41:00-05:00,473.91052,440.62766,502494.0,28.15,0.0,416.9,23.69,337.4,274.1,273.0,270.7,126.3,126.6,127.0,337.1,324.7,60.14,101.9,1379442.0,340.2,109.4,5.0,0.0,0.0,0.0,0.0,0.0,0.0,0.0,0.0,23.98,32.4,426.5,123.0,125.6,123.2,60.0,59.9,74.7,0.0,271.2,271.0,273.0,100.4,7.778,100.7,601.0,1369903.0,41170.0,126337.0,0.997,0.979,0.748,0.921,42.39,46.37,46.25,46.11,46.46,40.52,39.97,14.3,15.64,15.6,15.55,15.67,13.67,13.48,42807.0,43459.0,43035.0,42884.0,43760.0,41524.0,37645.0,0.792,336.9,22.39,1.7,3.528,2.0,-1.0,13.54,0.012,0.23,3.0,2.0,0.0,0.0,33.6,32.97,33.25,33.48,33.76,32.65,33.25,34.39,33.75,45.09
2016-06-07 07:42:00-05:00,477.3559,444.43826,502495.0,28.19,0.0,421.0,23.7,337.9,274.0,273.0,270.6,127.7,127.9,128.3,337.4,327.8,60.12,103.0,1379444.0,340.1,110.6,5.0,0.0,0.0,0.0,0.0,0.0,0.0,0.0,0.0,23.93,32.33,429.9,124.3,126.9,124.5,60.0,59.9,74.7,0.0,271.0,271.0,272.7,101.4,7.921,101.8,601.0,1369905.0,41170.0,126337.0,0.997,0.979,0.748,0.921,43.01,46.68,46.44,46.45,46.81,40.84,40.13,14.53,15.77,15.69,15.69,15.82,13.8,13.56,42807.0,43459.0,43035.0,42884.0,43760.0,41524.0,37645.0,0.863,291.5,28.72,1.7,3.528,2.0,-1.0,13.54,0.012,0.23,3.0,2.0,0.0,0.0,33.62,33.18,33.59,33.82,33.93,33.15,33.46,34.76,34.04,45.26
2016-06-07 07:43:00-05:00,480.91998,448.47293,502496.0,28.23,0.0,425.4,23.75,336.9,273.8,272.9,270.6,129.0,129.2,129.6,336.5,331.6,60.14,104.0,1379446.0,339.1,111.6,5.0,0.0,0.0,0.0,0.0,0.0,0.0,0.0,0.0,23.93,32.7,433.7,125.6,128.3,125.8,60.0,59.9,74.7,0.0,271.0,271.0,272.5,102.4,8.11,102.8,601.0,1369907.0,41170.0,126337.0,0.997,0.979,0.748,0.921,43.53,47.32,47.11,47.03,47.25,41.35,40.69,14.66,15.94,15.87,15.84,15.92,13.93,13.71,42807.0,43460.0,43035.0,42884.0,43760.0,41524.0,37645.0,0.76,321.0,24.88,1.2,3.528,2.0,-1.0,13.54,0.012,0.23,3.0,2.0,0.0,0.0,33.66,33.58,33.85,33.92,34.0,33.19,33.66,34.85,34.23,45.37
2016-06-07 07:44:00-05:00,485.19696,453.0681,502497.0,28.28,0.0,430.2,23.97,336.1,273.5,273.0,270.6,130.2,130.3,130.8,335.6,335.4,60.15,104.9,1379447.0,337.8,112.5,5.0,0.0,0.0,0.0,0.0,0.0,0.0,0.0,0.0,24.14,33.05,437.9,126.8,129.5,127.0,60.0,59.9,74.7,0.0,271.0,271.0,272.1,103.4,8.29,103.7,601.0,1369908.0,41170.0,126337.0,0.997,0.979,0.748,0.921,44.03,47.87,47.57,47.57,47.99,41.79,41.1,14.8,16.09,15.99,15.99,16.13,14.05,13.81,42808.0,43460.0,43036.0,42884.0,43761.0,41525.0,37645.0,0.532,350.4,28.54,1.0,3.526,2.0,-1.0,13.54,0.012,0.23,3.0,2.0,0.0,0.0,34.1,34.03,34.3,34.36,34.31,33.92,34.05,35.57,34.41,45.49
2016-06-07 07:45:00-05:00,487.69186,456.09415,502498.0,28.32,0.0,433.6,24.0,333.4,273.9,272.9,270.5,131.0,131.3,131.7,332.6,340.3,60.15,105.7,1379449.0,334.5,113.2,5.0,0.0,0.0,0.0,0.0,0.0,0.0,0.0,0.0,24.19,32.7,440.8,127.7,130.4,127.9,60.0,59.9,74.7,0.0,271.0,271.0,272.2,104.1,8.4,104.5,601.0,1369910.0,41170.0,126337.0,0.997,0.979,0.748,0.921,44.87,48.55,48.23,48.3,48.68,42.58,41.7,14.96,16.18,16.08,16.1,16.23,14.19,13.9,42808.0,43460.0,43036.0,42885.0,43761.0,41525.0,37646.0,1.227,302.6,14.38,1.8,3.527,2.0,-1.0,13.54,0.013,0.23,3.0,2.0,0.0,0.0,33.89,33.93,34.5,34.54,34.49,33.91,34.31,35.56,34.72,45.63
2016-06-07 07:46:00-05:00,488.64227,457.88736,502499.0,28.38,0.0,435.2,23.97,335.0,273.9,272.8,270.4,131.6,131.6,132.1,334.1,340.5,60.15,106.1,1379451.0,336.0,113.7,5.0,0.0,0.0,0.0,0.0,0.0,0.0,0.0,0.0,24.11,32.73,442.3,128.2,130.9,128.5,60.0,59.9,74.7,0.0,271.0,271.0,272.1,104.5,8.47,104.9,601.0,1369912.0,41170.0,126338.0,0.997,0.979,0.748,0.921,44.57,48.52,48.15,48.35,48.68,42.56,41.63,14.93,16.25,16.13,16.2,16.31,14.25,13.94,42808.0,43460.0,43036.0,42885.0,43761.0,41525.0,37646.0,1.18,267.3,32.1,1.8,3.528,2.0,-1.0,13.54,0.013,0.23,3.0,2.0,0.0,0.0,34.06,33.81,34.31,34.16,34.41,33.05,34.28,35.06,34.78,45.75
2016-06-07 07:47:00-05:00,489.3551,459.34436,502500.0,28.42,0.0,436.4,24.42,335.9,273.7,272.9,270.5,131.9,132.0,132.5,335.3,340.8,60.14,106.4,1379453.0,337.1,114.3,5.0,0.0,0.0,0.0,0.0,0.0,0.0,0.0,0.0,24.64,33.36,443.4,128.5,131.3,128.8,60.0,59.9,74.7,0.0,271.0,271.0,272.0,104.8,8.5,105.2,601.0,1369914.0,41170.0,126338.0,0.997,0.979,0.748,0.921,44.48,48.62,48.34,48.36,48.63,42.71,41.76,14.94,16.33,16.24,16.24,16.33,14.34,14.03,42808.0,43460.0,43036.0,42885.0,43761.0,41525.0,37646.0,0.632,268.6,25.92,1.1,3.527,2.0,-1.0,13.54,0.013,0.231,3.0,2.0,0.0,0.0,34.73,34.2,34.62,34.41,34.51,33.81,34.57,35.45,35.12,45.86
2016-06-07 07:48:00-05:00,491.6124,462.14627,502501.0,28.48,0.0,439.8,24.77,334.1,273.5,272.7,270.3,132.9,133.2,133.6,333.4,344.9,60.15,107.2,1379455.0,334.4,115.0,5.0,0.0,0.0,0.0,0.0,0.0,0.0,0.0,0.0,25.12,34.03,446.4,129.6,132.4,130.0,60.0,59.9,74.7,0.0,271.0,270.6,272.0,105.6,8.63,106.0,601.0,1369915.0,41170.0,126338.0,0.997,0.979,0.748,0.921,45.51,49.08,48.83,48.85,49.18,43.27,42.13,15.2,16.4,16.31,16.32,16.43,14.46,14.07,42809.0,43461.0,43037.0,42885.0,43762.0,41526.0,37646.0,0.86,321.6,15.05,1.2,3.527,2.0,-1.0,13.54,0.013,0.231,3.0,2.0,0.0,0.0,35.39,34.62,34.96,34.87,34.9,34.39,34.82,36.04,35.25,45.98
2016-06-07 07:49:00-05:00,494.34494,465.17233,502502.0,28.53,0.0,443.1,24.47,333.8,273.7,272.8,270.4,134.1,134.3,134.8,333.1,348.4,60.14,108.2,1379456.0,335.0,116.1,5.0,0.0,0.0,0.0,0.0,0.0,0.0,0.0,0.0,24.81,33.83,449.2,130.8,133.5,131.1,60.0,59.9,74.7,0.0,271.0,271.0,272.0,106.6,8.77,107.0,601.0,1369917.0,41170.0,126338.0,0.997,0.979,0.748,0.921,46.62,49.49,49.19,49.22,49.6,43.75,42.41,15.56,16.52,16.42,16.43,16.55,14.6,14.15,42809.0,43461.0,43037.0,42886.0,43762.0,41526.0,37647.0,0.81,305.1,18.55,1.6,3.528,2.0,-1.0,13.54,0.013,0.231,3.0,2.0,0.0,0.0,35.14,34.64,35.01,34.86,34.99,34.26,34.96,35.92,35.45,46.14
2016-06-07 07:50:00-05:00,499.69107,470.55197,502503.0,28.58,0.0,448.6,24.33,332.1,273.7,272.8,270.4,135.7,136.0,136.4,331.4,354.0,60.15,109.6,1379458.0,332.9,117.3,5.0,0.0,0.0,0.0,0.0,0.0,0.0,0.0,0.0,24.65,33.64,454.6,132.5,135.2,132.8,60.0,59.9,74.7,0.0,271.0,271.0,272.0,107.9,8.97,108.3,601.0,1369919.0,41170.0,126338.0,0.997,0.979,0.748,0.921,47.81,50.34,49.91,50.01,50.47,44.7,43.07,15.88,16.72,16.57,16.61,16.76,14.84,14.3,42809.0,43461.0,43037.0,42886.0,43762.0,41526.0,37647.0,1.3,307.8,10.36,1.9,3.527,2.0,-1.0,13.54,0.013,0.231,3.0,2.0,0.0,0.0,34.84,34.62,35.16,34.96,35.26,34.36,35.09,35.96,35.46,46.27
2016-06-07 07:51:00-05:00,507.41336,478.06107,502504.0,28.64,0.0,456.0,24.44,331.9,273.8,272.7,270.2,137.9,138.0,138.5,330.8,360.0,60.11,111.3,1379460.0,333.1,119.1,5.0,0.0,0.0,0.0,0.0,0.0,0.0,0.0,0.0,24.7,33.91,461.2,134.7,137.4,135.0,60.0,59.9,74.7,0.0,271.0,270.9,272.0,109.7,9.23,110.0,601.0,1369921.0,41170.0,126338.0,0.996,0.979,0.748,0.921,48.47,51.12,50.7,50.8,51.22,45.48,43.75,16.09,16.97,16.83,16.86,17.0,15.09,14.52,42809.0,43461.0,43037.0,42886.0,43762.0,41526.0,37647.0,0.798,298.4,29.01,1.9,3.528,2.0,-1.0,13.54,0.013,0.231,3.0,2.0,0.0,0.0,35.18,34.61,35.29,35.06,35.37,34.43,35.13,35.88,35.5,46.38
2016-06-07 07:52:00-05:00,512.1655,482.88037,502505.0,28.7,0.0,461.0,24.39,332.4,273.7,272.8,270.3,139.4,139.4,140.0,331.2,363.7,60.2,112.5,1379462.0,333.4,120.5,5.0,0.0,0.0,0.0,0.0,0.0,0.0,0.0,0.0,24.72,33.82,465.4,136.1,138.8,136.4,60.0,59.9,74.7,0.0,271.0,270.9,272.0,110.9,9.46,111.3,601.0,1369923.0,41170.0,126338.0,0.996,0.979,0.748,0.921,48.71,51.56,51.3,51.24,51.54,46.14,44.27,16.19,17.14,17.05,17.03,17.13,15.33,14.71,42809.0,43462.0,43038.0,42886.0,43763.0,41527.0,37647.0,1.628,313.3,10.73,2.3,3.527,2.0,-1.0,13.54,0.013,0.231,3.0,2.0,0.0,0.0,34.95,34.89,35.45,35.39,35.5,34.55,35.35,36.34,35.44,46.53
2016-06-07 07:53:00-05:00,515.9673,486.91507,502506.0,28.76,0.0,464.9,24.26,332.5,273.7,272.8,270.3,140.7,140.8,141.3,331.8,367.3,60.22,113.6,1379464.0,333.5,121.9,5.0,0.0,0.0,0.0,0.0,0.0,0.0,0.0,0.0,24.54,33.8,469.0,137.5,140.2,137.7,60.0,59.9,74.7,0.0,271.0,271.0,272.0,111.9,9.65,112.3,601.0,1369925.0,41170.0,126339.0,0.996,0.979,0.748,0.921,49.18,51.93,51.58,51.67,52.02,47.08,44.49,16.35,17.26,17.15,17.18,17.29,15.65,14.79,42810.0,43462.0,43038.0,42886.0,43763.0,41527.0,37648.0,1.023,293.1,18.86,1.7,3.527,2.0,-1.0,13.54,0.013,0.231,3.0,2.0,0.0,0.0,34.97,34.8,35.63,35.39,35.7,34.36,35.37,36.0,35.55,46.65
2016-06-07 07:54:00-05:00,520.4819,491.6223,502507.0,28.81,0.0,469.6,24.29,333.4,273.8,272.6,270.2,142.2,142.3,142.7,332.7,370.2,60.21,114.8,1379466.0,334.6,123.2,5.0,0.0,0.0,0.0,0.0,0.0,0.0,0.0,0.0,24.53,33.6,473.5,138.9,141.7,139.2,60.0,59.9,74.7,0.0,271.0,270.7,272.0,113.1,9.84,113.5,601.0,1369926.0,41170.0,126339.0,0.996,0.979,0.748,0.921,49.34,52.39,51.97,52.07,52.35,47.82,44.82,16.45,17.46,17.32,17.36,17.45,15.94,14.94,42810.0,43462.0,43038.0,42887.0,43763.0,41527.0,37648.0,1.467,303.1,17.96,3.8,3.528,2.0,-1.0,13.54,0.013,0.231,3.0,2.0,0.0,0.0,34.8,34.62,35.74,35.57,35.83,34.44,35.6,36.07,35.74,46.79
2016-06-07 07:55:00-05:00,523.45197,494.98456,502508.0,28.87,0.0,472.9,24.3,334.1,273.6,272.8,270.4,143.3,143.3,143.8,333.3,372.9,60.22,115.8,1379468.0,335.0,124.3,5.0,0.0,0.0,0.0,0.0,0.0,0.0,0.0,0.0,24.42,33.47,476.4,140.0,142.8,140.3,60.0,59.9,74.7,0.0,271.0,271.0,272.0,114.0,9.99,114.4,601.0,1369928.0,41170.0,126339.0,0.996,0.979,0.748,0.921,49.81,52.64,52.24,52.29,52.69,48.29,45.0,16.64,17.59,17.45,17.47,17.6,16.13,15.03,42810.0,43462.0,43038.0,42887.0,43763.0,41527.0,37648.0,1.475,293.4,12.71,2.3,3.526,2.0,-1.0,13.54,0.013,0.231,3.0,2.0,0.0,0.0,34.53,34.61,35.73,35.55,35.94,34.37,35.66,36.12,35.79,46.92
2016-06-07 07:56:00-05:00,526.7785,498.7952,502509.0,28.93,0.0,476.9,24.36,334.1,273.5,272.5,270.0,145.0,144.9,145.4,333.9,376.4,60.22,116.9,1379469.0,335.7,125.7,5.0,0.0,0.0,0.0,0.0,0.0,0.0,0.0,0.0,24.44,34.17,479.7,141.5,144.3,141.8,60.0,59.9,74.7,0.0,270.9,270.1,272.0,115.1,10.2,115.5,601.0,1369930.0,41170.0,126339.0,0.996,0.979,0.748,0.921,50.71,53.04,52.73,52.63,52.92,48.63,45.47,16.94,17.72,17.62,17.58,17.68,16.25,15.19,42810.0,43463.0,43039.0,42887.0,43764.0,41528.0,37648.0,1.058,287.0,9.66,1.6,3.527,2.0,-1.0,13.54,0.014,0.231,3.0,2.0,0.0,0.0,35.22,35.03,35.96,35.86,36.3,34.8,35.87,36.55,35.99,46.98
2016-06-07 07:57:00-05:00,529.8674,502.26953,502510.0,28.97,0.0,480.8,24.68,333.7,273.6,272.5,270.1,146.1,146.0,146.5,333.0,380.5,60.13,117.9,1379471.0,334.4,126.7,5.0,0.0,0.0,0.0,0.0,0.0,0.0,0.0,0.0,24.97,34.95,482.9,142.8,145.5,143.0,60.0,59.9,74.7,0.0,270.9,270.2,272.0,116.1,10.28,116.5,601.0,1369932.0,41170.0,126339.0,0.996,0.979,0.748,0.921,51.7,53.36,53.15,53.09,53.35,49.27,45.81,17.25,17.81,17.74,17.72,17.8,16.44,15.29,42811.0,43463.0,43039.0,42887.0,43764.0,41528.0,37648.0,0.787,281.3,32.87,1.8,3.527,2.0,-1.0,13.54,0.014,0.231,3.0,2.0,0.0,0.0,36.09,35.27,36.14,36.07,36.63,34.86,35.96,36.72,36.41,47.07
2016-06-07 07:58:00-05:00,533.55035,506.52844,502511.0,29.03,0.0,485.3,24.74,333.2,273.4,272.5,270.1,147.4,147.4,147.9,332.7,384.8,60.15,119.0,1379473.0,334.8,128.0,5.0,0.0,0.0,0.0,0.0,0.0,0.0,0.0,0.0,25.0,34.88,486.8,144.3,146.9,144.5,60.0,59.9,74.7,0.0,270.9,270.0,272.0,117.3,10.48,117.7,601.0,1369934.0,41170.0,126339.0,0.996,0.979,0.748,0.921,52.67,54.0,53.63,53.63,53.93,50.21,46.2,17.55,17.99,17.87,17.87,17.97,16.73,15.39,42811.0,43463.0,43039.0,42888.0,43764.0,41528.0,37649.0,1.865,276.6,17.78,2.5,3.526,2.0,-1.0,13.54,0.014,0.231,3.0,2.0,0.0,0.0,36.14,35.44,36.45,36.09,36.57,34.84,36.06,36.71,36.58,47.2
2016-06-07 07:59:00-05:00,535.57,509.10623,502512.0,29.09,0.0,487.9,25.03,333.1,273.3,272.3,269.9,148.4,148.3,148.7,332.8,386.7,60.14,119.7,1379475.0,335.1,128.7,5.0,0.0,0.0,0.0,0.0,0.0,0.0,0.0,0.0,25.28,35.48,488.8,145.1,147.8,145.3,60.0,59.9,74.7,0.0,270.3,270.0,271.9,117.8,10.57,118.3,601.0,1369936.0,41170.0,126340.0,0.996,0.979,0.748,0.921,52.84,54.16,53.61,53.87,54.3,50.68,46.2,17.6,18.04,17.86,17.94,18.08,16.88,15.39,42811.0,43463.0,43039.0,42888.0,43764.0,41528.0,37649.0,1.15,292.7,10.45,1.8,3.528,2.0,-1.0,13.54,0.014,0.232,3.0,2.0,0.0,0.0,36.63,35.88,36.58,36.32,36.87,35.34,36.3,37.16,36.67,47.27
2016-06-07 08:00:00-05:00,537.58966,511.57187,502513.0,29.14,0.0,490.6,25.1,331.1,273.5,272.7,270.3,148.8,148.7,149.2,330.1,390.6,60.14,120.2,1379477.0,334.0,129.0,5.0,0.0,0.0,0.0,0.0,0.0,0.0,0.0,0.0,25.37,36.1,491.2,145.6,148.2,145.8,60.0,59.9,74.7,0.0,271.0,270.4,272.0,118.4,10.63,118.9,601.0,1369938.0,41170.0,126340.0,0.996,0.979,0.748,0.921,53.46,54.77,54.27,54.35,54.78,51.68,46.78,17.7,18.14,17.97,18.0,18.14,17.11,15.49,42811.0,43463.0,43039.0,42888.0,43764.0,41528.0,37649.0,1.127,285.3,30.78,2.0,3.527,2.0,-1.0,13.54,0.014,0.232,3.0,2.0,0.0,0.0,37.14,36.14,36.77,36.4,37.15,35.44,36.52,37.38,36.91,47.43
2016-06-07 08:01:00-05:00,540.7974,515.2704,502514.0,29.2,0.0,494.5,24.66,331.3,273.5,272.5,270.2,150.0,150.0,150.4,330.5,393.8,60.15,121.2,1379479.0,334.1,130.1,5.0,0.0,0.0,0.0,0.0,0.0,0.0,0.0,0.0,25.02,35.26,494.7,146.9,149.5,147.1,60.0,59.9,74.7,0.0,270.9,270.1,272.0,119.4,10.8,119.8,601.0,1369940.0,41170.0,126340.0,0.996,0.979,0.748,0.921,53.85,55.16,54.72,54.72,55.04,52.14,47.12,17.84,18.27,18.13,18.13,18.24,17.27,15.61,42812.0,43464.0,43040.0,42888.0,43765.0,41529.0,37649.0,1.502,301.7,14.12,2.3,3.528,2.0,-1.0,13.54,0.014,0.232,3.0,2.0,0.0,0.0,36.53,36.02,36.9,36.47,37.06,35.19,36.56,37.4,36.97,47.54
2016-06-07 08:02:00-05:00,544.71796,519.7534,502515.0,29.26,0.0,499.1,24.36,331.6,273.6,272.5,270.1,151.5,151.4,151.8,330.7,397.7,60.15,122.4,1379481.0,332.5,131.5,5.0,0.0,0.0,0.0,0.0,0.0,0.0,0.0,0.0,24.62,35.0,498.7,148.3,151.0,148.5,60.0,59.9,74.7,0.0,270.8,270.2,272.0,120.5,11.01,121.0,601.0,1369942.0,41170.0,126340.0,0.996,0.979,0.748,0.921,54.56,55.47,55.23,55.21,55.56,52.8,47.54,18.09,18.39,18.31,18.31,18.42,17.51,15.76,42812.0,43464.0,43040.0,42889.0,43765.0,41529.0,37650.0,1.405,311.1,13.64,2.3,3.527,2.0,-1.0,13.54,0.014,0.232,3.0,2.0,0.0,0.0,35.87,35.96,36.86,36.58,37.05,35.25,36.76,37.27,36.98,47.69
2016-06-07 08:03:00-05:00,548.75726,524.0123,502516.0,29.31,0.0,503.3,24.38,331.6,273.4,272.5,270.1,153.1,153.0,153.4,331.2,401.6,60.14,123.7,1379483.0,332.5,133.0,5.0,0.0,0.0,0.0,0.0,0.0,0.0,0.0,0.0,24.6,34.51,502.6,149.9,152.5,150.0,60.0,59.9,74.7,0.0,270.8,270.0,272.0,121.7,11.21,122.2,601.0,1369944.0,41170.0,126340.0,0.996,0.979,0.748,0.921,55.07,56.16,55.58,55.6,56.04,53.65,47.91,18.26,18.62,18.43,18.44,18.58,17.79,15.89,42812.0,43464.0,43040.0,42889.0,43765.0,41529.0,37650.0,,0.0,0.0,,,2.0,-1.0,13.54,0.014,0.232,3.0,2.0,0.0,0.0,35.32,35.75,36.94,36.68,37.13,35.24,36.83,37.13,36.85,47.81
2016-06-07 08:04:00-05:00,553.03424,528.6075,502517.0,29.36,0.0,507.8,24.22,332.1,273.9,272.4,270.0,154.6,154.5,154.9,331.5,405.3,60.13,124.9,1379485.0,332.9,134.4,5.0,0.0,0.0,0.0,0.0,0.0,0.0,0.0,0.0,24.43,33.82,507.0,151.4,154.0,151.6,60.0,59.9,74.7,0.0,270.6,270.1,272.0,122.9,11.4,123.5,601.0,1369946.0,41170.0,126341.0,0.996,0.979,0.748,0.921,55.61,56.57,56.25,56.11,56.59,54.16,48.49,18.47,18.79,18.68,18.63,18.79,17.99,16.1,42812.0,43464.0,43040.0,42889.0,43765.0,41529.0,37650.0,2.082,295.7,7.886,4.0,3.528,2.0,-1.0,13.54,0.014,0.232,3.0,2.0,0.0,0.0,34.66,35.5,36.92,36.6,37.09,35.16,36.71,36.71,36.64,47.94
2016-06-07 08:05:00-05:00,486.62265,519.3051,502518.0,29.41,0.0,496.3,24.32,333.7,273.6,272.7,270.3,155.7,155.6,156.0,332.5,407.7,60.15,125.9,1379487.0,334.1,135.6,5.0,0.0,0.0,0.0,0.0,0.0,0.0,0.0,0.0,24.45,33.98,509.9,152.7,155.2,152.8,60.0,59.9,74.7,0.0,271.0,270.1,272.0,124.0,11.54,124.5,601.0,1369948.0,41170.0,126341.0,0.996,0.979,0.748,0.921,56.06,56.66,56.41,56.22,56.73,54.52,48.6,18.7,18.9,18.82,18.76,18.93,18.19,16.22,42813.0,43465.0,43041.0,42889.0,43766.0,41530.0,37650.0,2.357,306.4,15.04,3.3,3.526,2.0,-1.0,13.54,0.014,0.232,3.0,2.0,0.0,0.0,34.51,35.39,36.89,36.63,37.1,34.96,36.7,36.8,36.57,48.04
2016-06-07 08:06:00-05:00,557.3112,533.875,502519.0,29.47,0.0,516.3,24.39,333.9,273.6,272.5,270.1,156.6,156.4,156.9,332.7,409.0,60.14,126.5,1379490.0,334.5,136.1,5.0,0.0,0.0,0.0,0.0,0.0,0.0,0.0,0.0,24.44,33.62,511.2,153.4,156.0,153.6,60.0,59.9,74.7,0.0,270.4,270.1,272.0,124.5,11.62,125.1,601.0,1369950.0,41170.0,126341.0,0.996,0.979,0.748,0.921,56.33,56.54,56.41,56.49,56.76,54.7,48.57,18.81,18.88,18.84,18.86,18.95,18.26,16.22,42813.0,43465.0,43041.0,42890.0,43766.0,41530.0,37651.0,1.358,325.6,10.18,3.5,3.528,2.0,-1.0,13.54,0.014,0.232,3.0,2.0,0.0,0.0,34.23,34.96,36.82,36.53,37.03,34.72,36.68,36.46,36.2,48.13
2016-06-07 08:07:00-05:00,557.3112,534.5475,502520.0,29.53,0.0,515.0,24.34,333.5,273.3,272.7,270.3,156.9,156.8,157.2,333.5,410.2,60.18,126.8,1379492.0,334.7,136.8,5.0,0.0,0.0,0.0,0.0,0.0,0.0,0.0,0.0,24.42,33.53,512.3,153.7,156.3,153.9,60.0,59.9,74.7,0.0,270.7,270.0,272.0,124.8,11.69,125.4,601.0,1369952.0,41170.0,126341.0,0.996,0.979,0.748,0.921,56.57,57.04,56.69,56.57,56.83,55.2,48.82,18.87,19.02,18.9,18.87,18.95,18.41,16.28,42813.0,43465.0,43041.0,42890.0,43766.0,41530.0,37651.0,1.918,299.4,12.42,3.7,3.528,2.0,-1.0,13.54,0.014,0.232,3.0,2.0,0.0,0.0,34.22,35.05,37.01,36.63,37.1,34.92,36.68,36.51,36.48,48.23
2016-06-07 08:08:00-05:00,560.4001,538.02185,502521.0,29.57,0.0,518.5,24.35,332.7,273.3,272.4,270.1,158.0,157.9,158.3,332.1,413.5,60.22,127.7,1379494.0,334.0,137.3,5.0,0.0,0.0,0.0,0.0,0.0,0.0,0.0,0.0,24.39,33.53,515.5,154.8,157.5,154.9,60.0,59.9,74.7,0.0,270.3,270.0,271.9,125.6,11.88,126.2,601.0,1369955.0,41170.0,126341.0,0.996,0.979,0.748,0.921,56.99,57.55,57.08,57.08,57.32,55.59,49.18,18.96,19.15,18.99,18.99,19.07,18.49,16.36,42813.0,43465.0,43041.0,42890.0,43766.0,41530.0,37651.0,2.053,300.9,18.28,3.0,3.526,2.0,-1.0,13.54,0.014,0.232,3.0,2.0,0.0,0.0,34.09,35.08,37.17,36.78,37.22,35.03,36.81,36.73,36.7,48.32
2016-06-07 08:09:00-05:00,566.1027,543.84985,502522.0,29.6,0.0,524.2,24.45,333.3,273.3,272.4,270.1,159.7,159.5,159.8,333.1,417.6,60.16,129.0,1379496.0,334.0,139.1,5.0,0.0,0.0,0.0,0.0,0.0,0.0,0.0,0.0,24.47,33.72,521.0,156.5,159.1,156.6,60.0,59.9,74.7,0.0,270.1,270.0,271.9,126.9,12.04,127.5,601.0,1369957.0,41170.0,126341.0,0.996,0.979,0.748,0.921,57.66,58.1,57.56,57.59,57.98,56.24,49.58,19.21,19.36,19.18,19.19,19.32,18.74,16.52,42813.0,43466.0,43042.0,42890.0,43767.0,41531.0,37651.0,1.987,300.7,13.56,2.7,3.528,2.0,-1.0,13.54,0.014,0.232,3.0,2.0,0.0,0.0,34.01,35.4,37.21,36.97,37.44,35.24,36.99,37.26,36.61,48.41
2016-06-07 08:10:00-05:00,568.8352,546.988,502523.0,29.64,0.0,527.5,24.63,333.1,273.2,272.1,269.9,161.0,160.7,161.1,333.0,420.3,60.14,129.9,1379498.0,334.2,140.0,5.0,0.0,0.0,0.0,0.0,0.0,0.0,0.0,0.0,24.64,33.73,523.7,157.7,160.2,157.8,60.0,59.9,74.7,0.0,270.0,270.0,271.4,127.8,12.16,128.4,601.0,1369959.0,41170.0,126342.0,0.996,0.979,0.748,0.921,57.98,58.49,57.94,57.79,58.28,56.96,49.93,19.31,19.48,19.3,19.25,19.41,18.97,16.63,42814.0,43466.0,43042.0,42890.0,43767.0,41531.0,37652.0,2.135,285.8,12.43,4.6,3.528,2.0,-1.0,13.54,0.014,0.233,3.0,2.0,0.0,0.0,34.13,35.41,37.43,37.17,37.67,35.37,37.1,37.45,36.95,48.46
2016-06-07 08:11:00-05:00,572.04297,550.68646,502524.0,29.64,0.0,531.1,24.45,332.9,273.1,272.2,269.8,161.9,161.8,162.1,331.8,423.8,60.13,130.7,1379500.0,333.5,140.6,5.0,0.0,0.0,0.0,0.0,0.0,0.0,0.0,0.0,24.58,33.45,527.3,158.8,161.3,158.9,60.0,59.9,74.7,0.0,270.0,270.0,271.2,128.6,12.31,129.2,601.0,1369961.0,41170.0,126342.0,0.995,0.979,0.748,0.921,58.38,58.93,58.25,58.2,58.7,57.51,50.25,19.43,19.62,19.39,19.37,19.54,19.14,16.73,42814.0,43466.0,43042.0,42891.0,43767.0,41531.0,37652.0,2.103,312.5,11.49,2.7,3.528,2.0,-1.0,13.54,0.014,0.233,3.0,2.0,0.0,0.0,33.99,35.33,37.51,37.05,37.51,35.08,37.07,37.2,36.91,48.54
2016-06-07 08:12:00-05:00,576.7951,555.842,502525.0,29.7,0.0,536.1,24.5,333.0,272.9,272.1,269.7,163.5,163.2,163.6,332.5,427.7,60.15,131.9,1379502.0,334.2,142.2,5.0,0.0,0.0,0.0,0.0,0.0,0.0,0.0,0.0,24.58,33.86,531.7,160.3,162.8,160.5,60.0,59.9,74.7,0.0,270.0,270.0,271.0,129.8,12.51,130.4,601.0,1369963.0,41170.0,126342.0,0.995,0.979,0.748,0.921,58.92,59.44,58.89,58.89,59.21,58.01,50.75,19.62,19.79,19.61,19.61,19.71,19.31,16.9,42814.0,43466.0,43042.0,42891.0,43767.0,41531.0,37652.0,1.613,304.7,12.23,2.6,3.527,2.0,-1.0,13.54,0.014,0.233,3.0,2.0,0.0,0.0,34.34,35.46,37.58,37.22,37.75,35.38,37.23,37.43,36.81,48.64
2016-06-07 08:13:00-05:00,580.12164,559.4284,502526.0,29.74,0.0,539.9,24.49,332.8,273.0,271.8,269.5,164.5,164.4,164.8,332.0,431.0,60.15,132.8,1379505.0,333.9,143.1,5.0,0.0,0.0,0.0,0.0,0.0,0.0,0.0,0.0,24.53,34.01,535.2,161.5,164.1,161.7,60.0,59.9,74.7,0.0,270.0,269.7,271.0,130.7,12.7,131.3,601.0,1369965.0,41170.0,126342.0,0.995,0.979,0.748,0.921,59.34,59.8,59.29,59.3,59.66,58.58,51.04,19.75,19.9,19.73,19.73,19.85,19.49,16.98,42814.0,43467.0,43042.0,42891.0,43768.0,41532.0,37652.0,1.473,289.3,12.01,3.9,3.528,2.0,-1.0,13.54,0.014,0.233,3.0,2.0,0.0,0.0,34.44,35.46,37.64,37.23,37.79,35.29,37.45,37.28,37.08,48.69
2016-06-07 08:14:00-05:00,583.56696,563.46313,502527.0,29.78,0.0,543.9,24.18,333.0,272.8,272.0,269.6,166.0,165.5,165.9,332.3,434.0,60.14,133.8,1379507.0,334.3,144.2,5.0,0.0,0.0,0.0,0.0,0.0,0.0,0.0,0.0,24.24,33.43,538.8,162.8,165.2,162.9,60.0,59.9,74.7,0.0,270.0,269.8,271.0,131.7,12.84,132.3,601.0,1369967.0,41170.0,126343.0,0.995,0.979,0.748,0.921,59.57,60.21,59.7,59.66,59.98,59.19,51.42,19.84,20.05,19.88,19.87,19.97,19.71,17.12,42815.0,43467.0,43043.0,42891.0,43768.0,41532.0,37652.0,1.628,273.0,16.18,2.7,3.527,2.0,-1.0,13.54,0.014,0.233,3.0,2.0,0.0,0.0,33.83,35.18,37.62,37.05,37.75,35.09,37.44,36.94,37.46,48.74
2016-06-07 08:15:00-05:00,585.5866,566.0409,502528.0,29.8,0.0,546.8,24.29,333.4,272.6,272.1,269.7,166.6,166.3,166.6,332.6,435.9,60.14,134.4,1379509.0,333.6,145.0,5.0,0.0,0.0,0.0,0.0,0.0,0.0,0.0,0.0,24.31,33.65,541.3,163.5,166.0,163.6,60.0,59.9,74.7,0.0,270.0,269.9,271.0,132.3,12.92,132.9,601.0,1369970.0,41170.0,126343.0,0.995,0.979,0.748,0.921,59.96,60.4,59.72,59.86,60.44,59.4,51.41,19.99,20.14,19.91,19.96,20.15,19.8,17.14,42815.0,43467.0,43043.0,42892.0,43768.0,41532.0,37653.0,1.858,281.1,11.26,3.8,3.527,2.0,-1.0,13.54,0.014,0.233,3.0,2.0,0.0,0.0,33.82,35.44,37.71,37.15,37.95,35.15,37.61,37.23,37.83,48.82
2016-06-07 08:16:00-05:00,588.9132,569.6274,502529.0,29.83,0.0,550.6,24.55,332.7,273.0,272.1,269.7,167.3,167.0,167.4,331.7,439.0,60.15,135.1,1379511.0,334.2,145.6,5.0,0.0,0.0,0.0,0.0,0.0,0.0,0.0,0.0,24.64,34.25,544.8,164.3,166.8,164.4,60.0,59.9,74.7,0.0,270.0,269.8,271.2,133.0,13.03,133.6,601.0,1369972.0,41170.0,126343.0,0.995,0.979,0.748,0.921,60.27,60.79,60.29,60.25,60.71,59.85,51.88,20.05,20.22,20.06,20.04,20.2,19.91,17.26,42815.0,43467.0,43043.0,42892.0,43768.0,41532.0,37653.0,2.45,281.3,5.476,4.5,3.527,2.0,-1.0,13.54,0.014,0.233,3.0,2.0,0.0,0.0,34.53,35.95,37.94,37.49,38.2,35.57,37.85,37.62,38.01,48.85
2016-06-07 08:17:00-05:00,592.59607,573.4379,502530.0,29.86,0.0,554.5,24.81,332.9,273.1,272.2,269.8,168.3,167.9,168.3,331.8,441.5,60.14,135.9,1379513.0,333.0,146.5,5.0,0.0,0.0,0.0,0.0,0.0,0.0,0.0,0.0,24.85,34.85,548.0,165.3,167.7,165.4,60.0,59.9,74.7,0.0,270.0,270.0,271.1,133.8,13.12,134.4,601.0,1369974.0,41170.0,126343.0,0.995,0.979,0.748,0.921,60.78,61.16,60.48,60.59,61.17,60.14,52.08,20.23,20.36,20.13,20.17,20.36,20.02,17.33,42815.0,43467.0,43043.0,42892.0,43768.0,41532.0,37653.0,2.26,274.9,12.84,4.8,3.526,2.0,-1.0,13.54,0.014,0.233,3.0,2.0,0.0,0.0,35.09,36.32,38.3,37.94,38.57,36.32,38.0,38.02,38.13,48.92
2016-06-07 08:18:00-05:00,595.5662,576.57605,502531.0,29.89,0.0,557.9,25.21,331.9,273.3,272.3,269.9,169.2,168.8,169.2,331.2,444.5,60.15,136.7,1379516.0,334.9,147.2,5.0,0.0,0.0,0.0,0.0,0.0,0.0,0.0,0.0,25.31,35.72,551.0,166.1,168.4,166.1,60.0,59.9,74.7,0.0,270.0,270.0,271.5,134.5,13.25,135.1,601.0,1369976.0,41170.0,126343.0,0.995,0.979,0.748,0.921,61.18,61.77,61.08,60.92,61.48,60.77,52.62,20.3,20.5,20.27,20.22,20.4,20.17,17.46,42816.0,43468.0,43044.0,42892.0,43769.0,41533.0,37653.0,2.39,285.1,9.14,4.0,3.528,2.0,-1.0,13.54,0.014,0.233,3.0,2.0,0.0,0.0,36.1,36.79,38.5,38.19,38.73,36.57,38.29,38.28,38.34,48.95
2016-06-07 08:19:00-05:00,599.8432,581.28326,502532.0,29.92,0.0,562.6,25.15,332.0,273.4,272.4,269.9,170.3,169.8,170.2,331.3,447.8,60.13,137.6,1379518.0,333.3,148.4,5.0,0.0,0.0,0.0,0.0,0.0,0.0,0.0,0.0,25.17,36.18,554.8,167.2,169.6,167.3,60.0,59.9,74.7,0.0,270.0,270.0,271.5,135.4,13.41,136.1,601.0,1369979.0,41170.0,126344.0,0.995,0.979,0.748,0.921,61.68,62.15,61.5,61.39,61.82,61.2,52.92,20.48,20.63,20.42,20.38,20.52,20.32,17.57,42816.0,43468.0,43044.0,42893.0,43769.0,41533.0,37654.0,2.418,292.8,7.34,4.2,3.528,2.0,-1.0,13.54,0.014,0.233,3.0,2.0,0.0,0.0,36.66,37.01,38.64,38.13,38.67,36.42,38.34,38.26,38.21,49.02
2016-06-07 08:20:00-05:00,602.45685,584.42145,502533.0,29.96,0.0,565.7,25.26,331.5,273.4,272.6,270.2,170.9,170.4,170.8,330.6,450.4,60.15,138.2,1379520.0,332.5,148.9,5.0,0.0,0.0,0.0,0.0,0.0,0.0,0.0,0.0,25.36,36.96,557.5,167.8,170.2,167.9,60.0,59.9,74.7,0.0,270.4,270.0,271.9,136.0,13.51,136.6,601.0,1369981.0,41170.0,126344.0,0.995,0.979,0.748,0.921,62.02,62.41,61.74,61.83,62.17,61.54,53.11,20.56,20.69,20.47,20.49,20.61,20.4,17.6,42816.0,43468.0,43044.0,42893.0,43769.0,41533.0,37654.0,1.168,262.6,19.84,2.8,3.527,2.0,-1.0,13.54,0.014,0.234,3.0,2.0,0.0,0.0,37.47,37.47,38.93,38.51,39.08,36.92,38.67,38.74,38.5,49.07
2016-06-07 08:21:00-05:00,606.3774,588.56824,502534.0,29.99,0.0,569.9,25.29,331.1,273.1,272.3,269.8,172.1,171.5,171.9,330.4,453.9,60.15,138.9,1379522.0,332.5,150.0,5.0,0.0,0.0,0.0,0.0,0.0,0.0,0.0,0.0,25.49,37.2,561.3,169.1,171.3,169.1,60.0,59.9,74.7,0.0,270.0,270.0,271.1,136.8,13.63,137.5,601.0,1369983.0,41170.0,126344.0,0.995,0.979,0.748,0.921,62.53,62.97,62.36,62.21,62.65,62.13,53.59,20.7,20.85,20.65,20.6,20.74,20.57,17.74,42816.0,43468.0,43044.0,42893.0,43769.0,41533.0,37654.0,1.762,277.7,41.07,2.6,3.528,2.0,-1.0,13.54,0.014,0.234,3.0,2.0,0.0,0.0,37.97,37.69,39.03,38.83,39.19,37.4,38.9,38.86,38.79,49.15
2016-06-07 08:22:00-05:00,609.10986,591.4822,502535.0,30.03,0.0,572.8,25.6,330.7,273.1,272.3,269.8,172.7,172.2,172.6,330.4,456.4,60.17,139.5,1379525.0,332.6,150.8,5.0,0.0,0.0,0.0,0.0,0.0,0.0,0.0,0.0,25.89,38.01,563.8,169.8,172.0,169.8,60.0,59.9,74.7,0.0,270.0,270.0,271.1,137.3,13.7,138.0,601.0,1369985.0,41170.0,126344.0,0.995,0.979,0.748,0.921,62.64,63.07,62.64,62.62,62.89,62.26,53.75,20.71,20.86,20.71,20.71,20.8,20.59,17.78,42817.0,43469.0,43045.0,42893.0,43770.0,41534.0,37654.0,0.852,256.3,36.49,1.8,3.528,2.0,-1.0,13.54,0.014,0.234,3.0,2.0,0.0,0.0,38.66,38.15,39.26,39.16,39.52,38.04,38.98,39.64,38.82,49.2
2016-06-07 08:23:00-05:00,609.8227,592.37885,502536.0,30.07,0.0,574.5,25.83,330.3,272.9,272.2,269.7,173.0,172.4,172.9,330.1,457.5,60.13,139.6,1379527.0,330.7,151.0,5.0,0.0,0.0,0.0,0.0,0.0,0.0,0.0,0.0,26.19,38.46,565.1,170.0,172.2,170.1,60.0,59.9,74.7,0.0,270.0,270.0,271.0,137.4,13.71,138.1,601.0,1369988.0,41170.0,126345.0,0.995,0.979,0.748,0.921,63.05,63.46,62.88,62.73,63.26,62.63,54.04,20.82,20.96,20.76,20.71,20.89,20.68,17.85,42817.0,43469.0,43045.0,42893.0,43770.0,41534.0,37655.0,0.993,259.9,27.61,1.7,3.528,2.0,-1.0,13.54,0.015,0.234,3.0,2.0,0.0,0.0,39.29,38.45,39.59,39.5,39.89,38.38,39.26,40.16,39.53,49.25
2016-06-07 08:24:00-05:00,614.2185,596.8619,502537.0,30.11,0.0,579.0,25.59,329.7,272.9,271.9,269.4,174.4,173.7,174.2,329.3,461.2,60.13,140.6,1379529.0,330.1,151.9,5.0,0.0,0.0,0.0,0.0,0.0,0.0,0.0,0.0,25.85,38.55,569.2,171.4,173.5,171.4,60.0,59.9,74.7,0.0,270.0,269.3,271.0,138.3,13.87,139.0,601.0,1369990.0,41170.0,126345.0,0.995,0.979,0.748,0.921,63.38,63.87,63.08,62.96,63.61,62.97,54.26,20.89,21.06,20.8,20.76,20.97,20.76,17.89,42817.0,43469.0,43045.0,42894.0,43770.0,41534.0,37655.0,1.61,294.4,17.66,2.5,3.527,2.0,-1.0,13.54,0.015,0.234,3.0,2.0,0.0,0.0,39.42,38.52,39.76,39.71,40.04,38.61,39.47,40.31,39.87,49.34
2016-06-07 08:25:00-05:00,618.4954,601.45703,502538.0,30.15,0.0,584.4,25.56,329.0,272.4,272.0,269.4,175.5,174.7,175.2,328.4,465.5,60.14,141.4,1379532.0,329.6,152.9,5.0,0.0,0.0,0.0,0.0,0.0,0.0,0.0,0.0,25.86,38.84,573.3,172.6,174.7,172.6,60.0,59.9,74.7,0.0,269.8,269.2,271.0,139.3,14.03,140.0,601.0,1369992.0,41170.0,126345.0,0.995,0.979,0.748,0.921,64.0,64.42,63.83,63.75,64.27,63.52,54.91,21.05,21.19,21.0,20.97,21.14,20.9,18.06,42817.0,43470.0,43045.0,42894.0,43770.0,41534.0,37655.0,0.728,305.0,20.64,1.4,3.528,2.0,-1.0,13.54,0.015,0.234,3.0,2.0,0.0,0.0,39.79,38.71,39.76,39.73,40.01,38.02,39.6,39.97,39.91,49.44
2016-06-07 08:26:00-05:00,621.58435,605.04346,502539.0,30.2,0.0,590.0,25.57,329.3,273.3,272.1,269.6,176.0,175.4,175.9,328.5,467.7,60.15,142.1,1379534.0,330.8,153.6,5.0,0.0,0.0,0.0,0.0,0.0,0.0,0.0,0.0,25.69,39.56,576.4,173.1,175.2,173.2,60.0,59.9,74.7,0.0,269.9,269.9,271.0,140.0,14.14,140.7,601.0,1369995.0,41170.0,126345.0,0.995,0.979,0.748,0.921,64.33,64.68,64.14,64.1,64.54,63.73,55.2,21.18,21.29,21.12,21.1,21.25,20.98,18.17,42818.0,43470.0,43046.0,42894.0,43771.0,41535.0,37655.0,0.988,326.9,31.8,1.8,3.527,2.0,-1.0,13.54,0.015,0.234,3.0,2.0,0.0,0.0,40.28,39.06,39.99,40.11,40.48,38.61,39.89,40.65,40.17,49.51
2016-06-07 08:27:00-05:00,624.19806,608.1816,502540.0,30.24,0.0,593.6,25.09,329.0,273.0,272.4,269.8,176.8,176.1,176.6,328.5,470.3,60.15,142.8,1379536.0,329.7,154.5,5.0,0.0,0.0,0.0,0.0,0.0,0.0,0.0,0.0,25.17,38.59,579.7,174.0,176.0,174.0,60.0,59.9,74.7,0.0,270.0,270.0,271.0,140.6,14.24,141.4,601.0,1369997.0,41170.0,126345.0,0.995,0.979,0.748,0.921,64.57,65.06,64.5,64.44,64.72,64.1,55.53,21.24,21.4,21.22,21.2,21.29,21.09,18.27,42818.0,43471.0,43046.0,42895.0,43771.0,41535.0,37655.0,0.895,284.7,30.99,1.7,3.528,2.0,-1.0,13.54,0.015,0.234,3.0,2.0,0.0,0.0,39.03,38.99,40.32,40.4,40.54,38.86,40.34,40.91,40.34,49.61
2016-06-07 08:28:00-05:00,627.40576,611.768,502541.0,30.29,0.0,598.0,24.93,328.4,273.3,272.2,269.7,177.8,177.0,177.5,327.9,473.6,60.14,143.6,1379539.0,330.4,155.3,5.0,0.0,0.0,0.0,0.0,0.0,0.0,0.0,0.0,25.01,37.94,583.5,175.0,177.0,175.0,60.0,59.9,74.7,0.0,270.0,270.0,271.0,141.4,14.35,142.2,601.0,1369999.0,41170.0,126346.0,0.995,0.979,0.748,0.921,65.05,65.58,64.94,64.93,65.38,64.58,55.84,21.36,21.54,21.33,21.32,21.47,21.21,18.34,42819.0,43471.0,43047.0,42895.0,43772.0,41535.0,37656.0,1.687,302.0,16.79,2.8,3.527,2.0,-1.0,13.54,0.015,0.234,3.0,2.0,0.0,0.0,38.72,38.69,40.43,40.35,40.74,38.5,40.3,40.74,40.53,49.67
2016-06-07 08:29:00-05:00,630.4947,615.6907,502542.0,30.33,0.0,600.6,24.9,328.8,272.9,272.2,269.7,179.0,178.3,178.7,328.3,476.1,60.14,144.5,1379541.0,329.1,156.3,5.0,0.0,0.0,0.0,0.0,0.0,0.0,0.0,0.0,25.08,37.65,586.6,176.2,178.2,176.2,60.0,59.9,74.7,0.0,270.0,269.9,271.0,142.3,14.53,143.0,601.0,1370002.0,41170.0,126346.0,0.995,0.979,0.748,0.921,65.52,66.05,65.34,65.19,65.64,65.13,56.15,21.54,21.72,21.48,21.43,21.58,21.41,18.46,42819.0,43472.0,43047.0,42896.0,43772.0,41536.0,37656.0,2.022,293.5,10.14,2.9,3.528,2.0,-1.0,13.54,0.015,0.234,3.0,2.0,0.0,0.0,38.61,38.37,40.38,40.17,40.7,38.19,40.29,40.39,40.22,49.77
2016-06-07 08:30:00-05:00,631.5639,617.596,502543.0,30.38,0.0,603.0,24.87,328.5,273.4,272.4,270.0,179.3,178.8,179.1,328.0,478.2,60.15,145.0,1379543.0,329.6,156.8,5.0,0.0,0.0,0.0,0.0,0.0,0.0,0.0,0.0,25.0,37.05,588.7,176.6,178.6,176.5,60.0,59.9,74.7,0.0,270.0,270.0,271.1,142.8,14.62,143.5,601.0,1370004.0,41170.0,126346.0,0.995,0.979,0.748,0.921,65.72,66.27,65.67,65.59,65.77,65.22,56.45,21.59,21.77,21.57,21.55,21.61,21.42,18.54,42820.0,43472.0,43048.0,42896.0,43773.0,41536.0,37656.0,2.25,296.6,15.82,4.0,3.527,2.0,-1.0,13.53,0.014,0.234,3.0,2.0,0.0,0.0,37.86,38.28,40.38,39.99,40.69,37.73,40.37,40.04,40.35,49.85
2016-06-07 08:31:00-05:00,634.89044,621.5186,502544.0,30.42,0.0,607.3,25.09,327.5,273.9,273.2,270.8,180.0,179.2,179.7,326.9,482.3,60.15,145.9,1379546.0,328.4,157.7,5.0,0.0,0.0,0.0,0.0,0.0,0.0,0.0,0.0,25.17,37.22,592.9,177.2,179.2,177.2,60.0,59.9,74.7,0.0,270.8,270.7,272.0,143.7,14.71,144.4,601.0,1370007.0,41170.0,126346.0,0.995,0.979,0.748,0.921,66.5,66.9,66.24,66.15,66.44,65.87,56.93,21.78,21.91,21.69,21.66,21.76,21.57,18.64,42820.0,43472.0,43048.0,42897.0,43773.0,41537.0,37656.0,2.422,315.0,10.1,3.6,3.526,2.0,-1.0,13.5,-0.064,0.235,3.0,2.0,0.0,0.001,37.83,38.35,40.63,40.21,40.93,38.3,40.5,40.39,39.64,49.91
2016-06-07 08:32:00-05:00,570.85486,560.325,502545.0,30.46,0.0,546.7,25.29,332.1,274.0,273.0,270.6,163.3,162.9,163.3,331.5,433.1,60.14,132.2,1379548.0,333.1,143.5,5.0,0.0,0.0,0.0,0.0,0.0,0.0,0.0,0.0,25.36,37.76,525.7,160.3,162.5,160.3,60.0,59.9,74.7,0.0,271.0,270.9,272.0,130.1,12.48,130.7,601.0,1370009.0,41170.0,126347.0,0.995,0.979,0.748,0.921,58.16,58.44,59.34,60.1,59.38,58.23,52.42,19.3,19.4,19.69,19.95,19.71,19.32,17.4,42820.0,43473.0,43048.0,42897.0,43774.0,41537.0,37657.0,,0.0,0.0,,,2.0,-1.0,13.5,-0.004,0.234,3.0,2.0,0.0,0.001,38.24,38.55,40.62,40.29,40.79,38.12,40.54,40.33,39.54,49.95
2016-06-07 08:33:00-05:00,635.48444,623.3118,502546.0,30.51,0.0,608.8,25.16,329.0,273.9,273.2,270.7,180.7,179.8,180.3,328.2,482.6,60.14,146.4,1379550.0,329.3,158.4,5.0,0.0,0.0,0.0,0.0,0.0,0.0,0.0,0.0,25.22,36.86,594.3,178.0,179.9,178.0,60.0,59.9,74.7,0.0,271.0,270.9,272.0,144.2,14.76,145.0,601.0,1370011.0,41170.0,126347.0,0.995,0.979,0.748,0.921,66.47,66.92,66.33,66.15,66.1,65.89,56.87,21.86,22.01,21.82,21.76,21.75,21.68,18.71,42821.0,43473.0,43049.0,42897.0,43774.0,41538.0,37657.0,2.575,311.1,15.39,4.2,3.526,2.0,-1.0,13.5,0.006,0.235,3.0,2.0,0.0,0.001,37.59,38.1,40.17,39.78,40.22,37.26,40.09,39.4,39.07,50.05
2016-06-07 08:34:00-05:00,635.48444,623.87225,502547.0,30.54,0.0,608.8,25.27,329.5,273.8,273.3,270.7,180.7,180.0,180.5,329.2,482.2,60.14,146.5,1379553.0,330.2,158.7,5.0,0.0,0.0,0.0,0.0,0.0,0.0,0.0,0.0,25.3,37.04,594.5,178.2,180.0,178.1,60.0,59.9,74.7,0.0,271.0,270.9,272.0,144.3,14.79,145.1,601.0,1370014.0,41170.0,126347.0,0.995,0.979,0.748,0.921,66.42,66.73,66.24,66.05,65.96,65.7,56.79,21.88,21.99,21.82,21.76,21.73,21.64,18.71,42821.0,43474.0,43049.0,42898.0,43775.0,41538.0,37657.0,2.127,298.5,16.74,4.6,3.528,2.0,-1.0,13.5,0.009,0.235,3.0,2.0,0.0,0.001,37.57,37.94,39.99,39.48,40.17,37.1,39.69,39.1,38.81,50.13
2016-06-07 08:35:00-05:00,641.8999,630.3727,502548.0,30.58,0.0,615.2,25.43,327.7,274.0,272.9,270.4,182.5,181.6,182.1,326.9,489.0,60.14,147.8,1379555.0,329.8,159.9,5.0,0.0,0.0,0.0,0.0,0.0,0.0,0.0,0.0,25.41,37.92,600.6,179.9,181.7,179.9,60.0,59.9,74.7,0.0,270.9,270.4,272.0,145.6,15.03,146.4,601.0,1370016.0,41170.0,126347.0,0.995,0.979,0.748,0.921,67.54,67.87,67.25,67.09,67.25,66.91,57.7,22.13,22.24,22.03,21.98,22.03,21.92,18.9,42822.0,43474.0,43050.0,42898.0,43775.0,41538.0,37657.0,1.393,294.4,16.53,2.9,3.528,2.0,-1.0,13.5,0.011,0.235,3.0,2.0,0.0,0.001,38.42,38.66,40.34,39.88,40.6,37.87,39.98,39.68,39.25,50.18
2016-06-07 08:36:00-05:00,649.147,637.6576,502549.0,30.61,0.0,622.7,25.64,328.5,274.2,272.8,270.4,184.3,183.5,184.0,328.0,493.5,60.18,149.4,1379558.0,329.4,161.9,5.0,0.0,0.0,0.0,0.0,0.0,0.0,0.0,0.0,25.7,38.53,606.7,181.9,183.7,181.8,60.0,59.9,74.7,0.0,270.9,270.5,272.0,147.2,15.29,148.0,601.0,1370018.0,41170.0,126348.0,0.995,0.979,0.748,0.921,68.03,68.26,67.67,67.49,67.8,67.31,58.12,22.35,22.42,22.23,22.17,22.27,22.11,19.09,42822.0,43475.0,43050.0,42899.0,43775.0,41539.0,37658.0,,0.0,0.0,,,2.5,-1.0,13.5,0.011,0.235,3.0,2.0,0.0,0.001,39.21,39.1,40.69,40.42,40.96,38.53,40.52,40.45,39.63,50.21
2016-06-07 08:37:00-05:00,651.4043,640.0112,502550.0,30.65,0.0,625.6,25.44,327.8,274.1,273.2,270.7,185.0,184.2,184.7,327.7,496.1,60.17,150.1,1379560.0,328.4,162.6,5.0,0.0,0.0,0.0,0.0,0.0,0.0,0.0,0.0,25.45,37.88,609.2,182.5,184.3,182.4,60.0,59.9,74.7,0.0,271.0,270.9,272.0,147.8,15.38,148.6,601.0,1370021.0,41170.0,126348.0,0.995,0.979,0.748,0.921,68.38,68.68,68.03,67.94,68.19,67.67,58.51,22.41,22.51,22.3,22.27,22.35,22.18,19.18,42823.0,43475.0,43051.0,42899.0,43776.0,41539.0,37658.0,1.903,302.4,12.18,3.1,3.528,2.0,-1.0,13.5,0.012,0.235,3.0,2.0,0.0,0.001,38.55,38.72,40.87,40.38,40.9,38.2,40.56,40.18,39.77,50.29
2016-06-07 08:38:00-05:00,655.08716,644.158,502551.0,30.68,0.0,629.9,25.39,327.1,274.0,272.8,270.4,186.1,185.3,185.8,326.3,500.0,60.13,150.9,1379563.0,329.4,163.1,5.0,0.0,0.0,0.0,0.0,0.0,0.0,0.0,0.0,25.47,37.68,613.0,183.7,185.4,183.7,60.0,59.9,74.7,0.0,271.0,270.2,272.0,148.7,15.46,149.5,601.0,1370023.0,41170.0,126348.0,0.995,0.979,0.748,0.921,69.02,69.26,68.48,68.55,68.82,68.21,58.91,22.58,22.66,22.4,22.42,22.51,22.31,19.27,42823.0,43476.0,43051.0,42900.0,43776.0,41540.0,37658.0,1.913,313.7,21.06,4.0,3.526,2.0,-1.0,13.51,0.012,0.235,3.0,2.0,0.0,0.0,38.31,38.51,40.84,40.19,40.91,37.9,40.45,39.94,39.97,50.34
2016-06-07 08:39:00-05:00,658.53253,647.85657,502552.0,30.72,0.0,633.4,25.39,327.9,273.7,272.7,270.2,187.3,186.4,186.9,327.0,502.0,60.15,151.6,1379565.0,328.8,164.1,5.0,0.0,0.0,0.0,0.0,0.0,0.0,0.0,0.0,25.48,37.7,616.3,185.0,186.6,184.9,60.0,59.9,74.7,0.0,270.2,270.0,271.8,149.5,15.65,150.3,601.0,1370026.0,41170.0,126348.0,0.995,0.979,0.748,0.921,69.29,69.48,68.76,68.7,69.04,68.53,59.08,22.72,22.78,22.55,22.53,22.64,22.47,19.37,42824.0,43476.0,43052.0,42900.0,43777.0,41540.0,37658.0,2.702,308.0,12.29,5.4,3.528,2.0,-1.0,13.51,0.013,0.236,3.0,2.0,0.0,0.0,38.29,38.57,40.91,40.18,41.0,37.94,40.52,40.13,39.87,50.44
2016-06-07 08:40:00-05:00,662.0966,651.8913,502553.0,30.75,0.0,637.3,25.3,327.8,273.7,272.9,270.4,188.2,187.4,187.9,327.0,505.0,60.14,152.5,1379568.0,329.0,165.1,5.0,0.0,0.0,0.0,0.0,0.0,0.0,0.0,0.0,25.36,37.45,620.0,186.0,187.6,185.9,60.0,59.9,74.7,0.0,270.6,270.0,272.0,150.4,15.78,151.2,601.0,1370028.0,41170.0,126349.0,0.995,0.979,0.748,0.921,69.65,69.84,69.29,69.26,69.28,68.87,59.5,22.83,22.89,22.71,22.7,22.71,22.58,19.5,42824.0,43477.0,43052.0,42901.0,43777.0,41541.0,37659.0,2.352,309.5,10.63,4.2,3.527,2.0,-1.0,13.5,0.013,0.236,3.0,2.0,0.0,0.0,37.71,38.52,40.92,40.31,40.97,37.87,40.69,39.97,39.79,50.5
2016-06-07 08:41:00-05:00,664.35394,654.6932,502554.0,30.79,0.0,640.2,25.15,328.1,273.8,272.5,270.0,189.2,188.3,188.8,327.3,506.8,60.13,153.1,1379570.0,329.3,165.9,5.0,0.0,0.0,0.0,0.0,0.0,0.0,0.0,0.0,25.19,36.67,622.4,186.9,188.5,186.8,60.0,59.9,74.7,0.0,270.0,270.0,271.4,151.0,15.89,151.8,601.0,1370031.0,41170.0,126349.0,0.995,0.979,0.748,0.921,69.85,69.98,69.47,69.45,69.52,68.97,59.66,22.92,22.96,22.79,22.79,22.81,22.63,19.58,42825.0,43477.0,43053.0,42901.0,43778.0,41541.0,37659.0,2.073,307.5,12.5,4.0,3.527,2.0,-1.0,13.5,0.013,0.236,3.0,2.0,0.0,0.0,36.97,38.28,40.93,40.14,40.75,37.7,40.61,39.71,40.01,50.57
2016-06-07 08:42:00-05:00,666.73,657.271,502555.0,30.82,0.0,643.2,25.24,328.1,274.3,273.1,270.5,189.5,188.6,189.1,327.4,508.8,60.13,153.7,1379573.0,328.4,166.6,5.0,0.0,0.0,0.0,0.0,0.0,0.0,0.0,0.0,25.22,37.32,625.0,187.3,188.8,187.2,60.0,59.9,74.7,0.0,270.9,270.7,272.0,151.5,15.92,152.4,601.0,1370033.0,41170.0,126349.0,0.995,0.979,0.748,0.921,70.18,70.44,69.75,69.73,69.85,69.35,59.9,23.02,23.11,22.88,22.88,22.92,22.75,19.65,42825.0,43477.0,43053.0,42902.0,43778.0,41542.0,37659.0,2.23,292.0,10.34,3.2,3.528,2.0,-1.0,13.5,0.014,0.236,3.0,2.0,0.0,0.0,37.36,38.67,41.12,40.34,41.12,38.25,40.73,39.98,40.07,50.62
2016-06-07 08:43:00-05:00,668.9873,659.73663,502556.0,30.85,0.0,645.9,25.39,327.5,275.0,274.5,271.9,189.2,188.4,188.9,326.8,511.1,60.14,154.2,1379575.0,327.6,167.0,5.0,0.0,0.0,0.0,0.0,0.0,0.0,0.0,0.0,25.42,37.88,627.5,187.1,188.6,187.0,60.0,59.9,74.7,0.0,272.0,271.9,273.0,152.0,15.92,152.8,601.0,1370036.0,41170.0,126349.0,0.995,0.979,0.748,0.921,70.53,70.83,70.11,69.85,70.18,69.74,60.16,23.1,23.19,22.96,22.87,22.98,22.84,19.7,42825.0,43478.0,43053.0,42902.0,43779.0,41542.0,37659.0,2.105,298.5,13.6,3.3,3.527,2.0,-1.0,13.5,0.014,0.236,3.0,2.0,0.0,0.0,38.14,38.95,41.55,40.81,41.54,38.48,41.09,40.53,40.12,50.7
2016-06-07 08:44:00-05:00,673.8583,664.7801,502557.0,30.88,0.0,651.2,25.29,326.9,275.3,274.6,272.1,190.6,189.6,190.2,326.6,514.8,60.19,155.4,1379578.0,328.5,168.2,5.0,0.0,0.0,0.0,0.0,0.0,0.0,0.0,0.0,25.31,37.52,632.3,188.2,189.8,188.0,60.0,59.9,74.7,0.0,272.0,272.0,273.0,153.1,16.16,153.9,601.0,1370038.0,41170.0,126350.0,0.994,0.979,0.748,0.921,71.23,71.49,70.61,70.43,70.87,70.4,60.56,23.28,23.37,23.08,23.02,23.16,23.01,19.79,42826.0,43478.0,43054.0,42903.0,43779.0,41543.0,37659.0,2.217,295.8,8.86,4.6,3.525,2.0,-1.0,13.5,0.014,0.236,3.0,2.0,0.0,0.0,38.21,39.03,41.64,40.95,41.84,38.67,41.27,40.58,40.09,50.73
2016-06-07 08:45:00-05:00,678.13525,669.15106,502558.0,30.91,0.0,655.9,25.48,326.7,275.8,274.7,272.1,191.3,190.3,190.9,325.4,518.3,60.13,156.1,1379580.0,328.8,168.6,5.0,0.0,0.0,0.0,0.0,0.0,0.0,0.0,0.0,25.55,38.34,636.3,189.2,190.6,189.1,60.0,59.9,74.7,0.0,272.2,272.0,273.5,153.9,16.23,154.8,601.0,1370041.0,41170.0,126350.0,0.994,0.979,0.748,0.921,71.69,71.99,71.16,70.82,71.39,70.96,61.02,23.42,23.52,23.24,23.13,23.32,23.18,19.93,42826.0,43479.0,43054.0,42903.0,43780.0,41543.0,37660.0,2.408,298.3,18.95,3.6,3.528,2.0,-1.0,13.5,0.014,0.236,3.0,2.0,0.0,0.0,38.7,39.6,41.91,41.36,42.14,39.21,41.58,41.08,40.46,50.82
2016-06-07 08:46:00-05:00,679.9173,671.1684,502559.0,30.96,0.0,657.8,25.66,326.7,275.3,274.2,271.6,192.2,191.1,191.7,326.7,519.5,60.18,156.5,1379583.0,328.2,169.7,5.0,0.0,0.0,0.0,0.0,0.0,0.0,0.0,0.0,25.67,38.8,638.4,190.0,191.4,189.9,60.0,59.9,74.7,0.0,272.1,271.7,273.1,154.3,16.33,155.2,601.0,1370044.0,41170.0,126350.0,0.994,0.979,0.748,0.921,71.77,71.96,71.26,71.26,71.43,70.9,61.15,23.44,23.5,23.28,23.27,23.33,23.16,19.97,42827.0,43479.0,43055.0,42904.0,43780.0,41544.0,37660.0,2.615,281.1,26.4,4.7,3.528,2.0,-1.0,13.5,0.014,0.236,3.0,2.0,0.0,0.0,39.3,39.82,42.07,41.36,42.16,39.26,41.67,41.14,40.55,50.9
2016-06-07 08:47:00-05:00,683.3626,674.7548,502560.0,30.99,0.0,661.0,25.66,325.3,274.6,273.9,271.4,193.2,192.1,192.7,324.6,523.6,60.13,157.1,1379585.0,325.4,169.9,5.0,0.0,0.0,0.0,0.0,0.0,0.0,0.0,0.0,25.66,39.25,641.7,191.1,192.5,191.0,60.0,59.9,74.7,0.0,271.1,271.0,272.8,155.0,16.43,155.8,601.0,1370046.0,41170.0,126351.0,0.994,0.979,0.748,0.921,72.42,72.67,71.93,71.89,72.14,71.63,61.77,23.56,23.64,23.39,23.38,23.46,23.3,20.09,42827.0,43480.0,43055.0,42904.0,43781.0,41544.0,37660.0,,0.0,0.0,,,2.0,-1.0,13.5,0.014,0.236,3.0,2.0,0.0,0.0,39.85,40.16,41.98,41.53,42.11,39.55,41.77,41.55,40.69,50.98
2016-06-07 08:48:00-05:00,687.996,679.6862,502561.0,31.02,0.0,665.8,25.65,325.6,274.4,274.0,271.4,194.5,193.4,194.0,325.0,526.5,60.13,158.2,1379588.0,325.7,171.1,5.0,0.0,0.0,0.0,0.0,0.0,0.0,0.0,0.0,25.6,39.37,646.1,192.4,193.7,192.3,60.0,59.9,74.7,0.0,271.2,271.0,272.6,156.0,16.6,156.8,601.0,1370049.0,41170.0,126351.0,0.994,0.979,0.748,0.921,72.77,73.12,72.4,72.07,72.57,72.16,62.06,23.7,23.81,23.57,23.47,23.63,23.5,20.21,42828.0,43480.0,43056.0,42904.0,43781.0,41545.0,37660.0,2.187,274.5,20.73,3.6,3.528,2.0,-1.0,13.5,0.014,0.236,3.0,2.0,0.0,0.0,40.23,40.27,42.18,41.69,42.41,39.64,41.89,41.76,41.04,51.03
2016-06-07 08:49:00-05:00,690.6097,682.82434,502562.0,31.07,0.0,669.0,25.61,325.3,274.5,273.7,271.0,195.5,194.4,194.9,324.5,529.7,60.15,158.8,1379591.0,326.5,171.9,5.0,0.0,0.0,0.0,0.0,0.0,0.0,0.0,0.0,25.58,39.38,649.0,193.5,194.7,193.4,60.0,59.9,74.7,0.0,271.0,271.0,272.0,156.7,16.74,157.6,601.0,1370051.0,41170.0,126351.0,0.994,0.979,0.748,0.921,73.19,73.43,72.78,72.74,73.17,72.35,62.49,23.81,23.89,23.67,23.66,23.8,23.53,20.33,42828.0,43481.0,43056.0,42905.0,43782.0,41545.0,37661.0,,0.0,0.0,,,2.0,-1.0,13.5,0.014,0.236,3.0,2.0,0.0,0.0,40.24,40.47,42.29,41.72,42.17,39.58,41.95,41.79,41.28,51.09
2016-06-07 08:50:00-05:00,695.3619,687.9798,502563.0,31.1,0.0,674.2,25.18,326.0,274.8,273.6,271.0,197.1,196.0,196.6,325.3,533.2,60.14,160.2,1379593.0,327.7,173.5,5.0,0.0,0.0,0.0,0.0,0.0,0.0,0.0,0.0,25.11,37.69,653.9,195.3,196.4,195.1,60.0,59.9,74.7,0.0,271.0,271.0,272.1,158.1,16.97,159.0,601.0,1370054.0,41170.0,126351.0,0.994,0.979,0.748,0.921,73.47,74.07,73.25,73.15,73.53,72.88,63.01,23.95,24.15,23.88,23.85,23.97,23.76,20.54,42829.0,43481.0,43057.0,42905.0,43782.0,41546.0,37661.0,2.667,292.5,18.85,5.6,3.526,2.0,-1.0,13.5,0.014,0.236,3.0,2.0,0.0,0.0,38.98,39.23,41.56,40.82,41.28,38.16,41.53,40.13,41.13,51.11
2016-06-07 08:51:00-05:00,707.3611,699.4116,502564.0,31.12,0.0,685.7,25.04,325.6,274.4,273.5,270.9,200.4,199.4,199.9,324.8,542.5,60.21,162.9,1379596.0,326.7,176.2,5.0,0.0,0.0,0.0,0.0,0.0,0.0,0.0,0.0,25.0,37.0,665.1,198.7,199.8,198.6,60.0,59.9,74.7,0.0,271.0,271.0,272.0,160.8,17.43,161.7,601.0,1370057.0,41170.0,126352.0,0.994,0.979,0.748,0.921,74.84,75.4,74.57,74.57,75.07,74.0,64.21,24.36,24.55,24.28,24.28,24.44,24.09,20.91,42829.0,43482.0,43057.0,42906.0,43783.0,41546.0,37661.0,2.862,295.5,22.0,5.5,3.527,2.0,-1.0,13.5,0.014,0.236,3.0,2.0,0.0,0.0,37.99,38.61,41.41,40.65,41.23,38.37,41.32,40.47,40.92,51.19
2016-06-07 08:52:00-05:00,719.95435,710.95544,502565.0,31.15,0.0,697.3,25.34,324.8,274.4,273.6,271.0,203.6,202.3,202.9,324.4,551.7,60.2,165.4,1379599.0,325.8,178.9,5.0,0.0,0.0,0.0,0.0,0.0,0.0,0.0,0.0,25.31,37.59,676.0,201.9,202.9,201.7,60.0,59.9,74.7,0.0,271.0,271.0,272.0,163.2,17.86,164.2,601.0,1370059.0,41170.0,126352.0,0.994,0.979,0.748,0.921,76.2,76.62,75.77,75.87,76.39,75.37,65.26,24.75,24.89,24.61,24.64,24.81,24.48,21.2,42830.0,43482.0,43058.0,42906.0,43783.0,41546.0,37662.0,2.537,289.0,16.18,4.9,3.526,2.0,-1.0,13.5,0.014,0.237,3.0,2.0,0.0,0.0,38.41,39.23,41.68,40.99,41.48,38.85,41.56,40.78,40.71,51.21
2016-06-07 08:53:00-05:00,730.1715,720.7061,502566.0,31.16,0.0,706.8,25.48,325.4,274.4,273.3,270.8,205.8,204.6,205.2,324.1,557.7,60.16,167.2,1379601.0,326.8,180.7,5.0,0.0,0.0,0.0,0.0,0.0,0.0,0.0,0.0,25.42,38.12,685.4,204.5,205.2,204.3,60.0,59.9,74.7,0.0,271.0,270.9,272.0,165.2,18.07,166.2,601.0,1370062.0,41170.0,126352.0,0.994,0.979,0.748,0.921,77.1,77.54,76.69,76.55,77.18,76.32,65.94,25.09,25.23,24.95,24.91,25.11,24.83,21.45,42830.0,43483.0,43058.0,42907.0,43783.0,41547.0,37662.0,,0.0,0.0,,,2.0,-1.0,13.5,0.014,0.237,3.0,2.0,0.0,0.0,38.92,39.67,42.02,41.23,42.04,39.03,41.89,41.0,40.95,51.29
2016-06-07 08:54:00-05:00,736.94336,727.5427,502567.0,31.19,0.0,713.4,25.44,325.6,274.3,273.4,270.8,207.5,206.3,206.8,324.8,562.3,60.18,168.6,1379604.0,326.5,182.6,5.0,0.0,0.0,0.0,0.0,0.0,0.0,0.0,0.0,25.45,37.91,691.6,206.2,206.9,206.0,60.0,59.9,74.7,0.0,271.0,270.7,272.0,166.6,18.34,167.6,601.0,1370065.0,41170.0,126353.0,0.994,0.979,0.748,0.921,77.65,78.05,77.2,77.1,77.55,76.82,66.41,25.28,25.41,25.14,25.1,25.25,25.01,21.62,42831.0,43483.0,43059.0,42907.0,43784.0,41547.0,37662.0,,0.0,0.0,,,2.0,-1.0,13.5,0.014,0.237,3.0,2.0,0.0,0.0,38.83,39.77,42.4,41.52,42.31,39.23,42.12,41.33,41.02,51.29
2016-06-07 08:55:00-05:00,729.69635,721.9389,502568.0,31.22,0.0,707.9,25.45,327.2,274.1,273.2,270.7,205.8,204.5,205.1,326.1,554.9,60.14,167.1,1379607.0,328.4,181.0,5.0,0.0,0.0,0.0,0.0,0.0,0.0,0.0,0.0,25.45,38.36,685.5,204.3,205.1,204.1,60.0,59.9,74.7,0.0,271.0,270.4,272.0,165.0,18.05,166.0,601.0,1370068.0,41170.0,126353.0,0.994,0.979,0.748,0.921,76.68,77.09,76.1,76.01,76.69,75.83,65.42,25.09,25.22,24.9,24.87,25.09,24.81,21.4,42831.0,43484.0,43059.0,42908.0,43784.0,41548.0,37663.0,1.652,284.7,33.59,3.0,3.527,2.0,-1.0,13.5,0.014,0.237,3.0,2.0,0.0,0.0,39.1,40.03,42.64,41.94,42.38,39.83,42.48,41.75,41.77,51.37
2016-06-07 08:56:00-05:00,711.16284,705.68787,502569.0,31.24,0.0,690.0,25.8,328.4,273.8,273.0,270.4,201.2,200.1,200.6,327.8,540.3,60.13,163.2,1379610.0,330.4,177.1,5.0,0.0,0.0,0.0,0.0,0.0,0.0,0.0,0.0,25.92,39.42,664.1,199.3,200.3,199.1,60.0,59.9,74.7,0.0,270.6,270.0,271.8,160.9,17.36,161.8,601.0,1370070.0,41170.0,126353.0,0.994,0.979,0.748,0.921,74.16,74.08,73.79,73.82,74.02,73.34,63.51,24.35,24.32,24.23,24.24,24.3,24.08,20.86,42832.0,43484.0,43060.0,42908.0,43785.0,41548.0,37663.0,1.7,267.2,25.28,2.5,3.527,2.0,-1.0,13.5,0.014,0.237,3.0,2.0,0.0,0.0,40.02,40.83,43.04,42.48,42.96,40.54,42.75,42.54,41.83,51.39
2016-06-07 08:57:00-05:00,700.114,694.14404,502570.0,31.27,0.0,683.4,25.81,327.5,274.2,272.7,270.2,197.5,196.7,197.1,326.4,532.9,60.16,160.2,1379612.0,330.0,173.9,5.0,0.0,0.0,0.0,0.0,0.0,0.0,0.0,0.0,25.84,39.75,664.5,196.2,197.3,196.0,60.0,59.9,74.7,0.0,270.5,270.0,271.6,158.4,16.97,159.3,601.0,1370073.0,41170.0,126353.0,0.994,0.979,0.748,0.921,73.63,74.26,73.13,73.06,73.98,72.78,62.74,24.1,24.31,23.94,23.91,24.22,23.82,20.53,42832.0,43485.0,43060.0,42909.0,43785.0,41549.0,37664.0,1.732,268.6,16.15,3.4,3.527,2.0,-1.0,13.51,0.014,0.237,3.0,2.0,0.0,0.0,40.4,41.19,43.21,42.82,43.25,40.41,42.79,42.77,42.49,51.42
2016-06-07 08:58:00-05:00,716.0338,711.6279,502571.0,31.3,0.0,697.9,25.48,323.7,273.8,273.0,270.4,202.6,201.4,201.9,322.8,550.9,60.22,164.3,1379615.0,324.4,177.8,5.0,0.0,0.0,0.0,0.0,0.0,0.0,0.0,0.0,25.43,38.75,677.6,201.0,202.0,200.8,60.0,59.9,74.7,0.0,270.7,270.0,271.8,162.2,17.66,163.2,601.0,1370076.0,41170.0,126354.0,0.994,0.979,0.748,0.921,76.28,76.82,75.77,75.43,76.1,75.55,64.86,24.68,24.86,24.52,24.41,24.63,24.45,20.99,42832.0,43485.0,43060.0,42909.0,43786.0,41549.0,37664.0,2.608,293.3,14.94,4.9,3.527,2.0,-1.0,13.5,0.014,0.237,3.0,2.0,0.0,0.0,39.65,40.54,43.08,42.42,42.96,39.78,42.9,42.09,42.59,51.49
2016-06-07 08:59:00-05:00,690.4909,687.7557,502572.0,31.34,0.0,673.5,25.54,326.5,273.8,272.9,270.4,196.8,195.6,196.2,325.9,531.5,60.22,159.5,1379618.0,327.5,173.1,5.0,0.0,0.0,0.0,0.0,0.0,0.0,0.0,0.0,25.48,39.06,657.1,194.8,196.1,194.6,60.0,59.9,74.7,0.0,270.9,270.0,271.9,157.4,16.86,158.3,601.0,1370078.0,41170.0,126354.0,0.994,0.979,0.748,0.921,73.57,73.81,72.66,72.61,72.97,72.28,62.67,24.01,24.09,23.71,23.69,23.82,23.59,20.45,42833.0,43485.0,43061.0,42910.0,43786.0,41550.0,37664.0,1.862,277.9,26.24,3.2,3.528,2.0,-1.0,13.5,0.014,0.236,3.0,2.0,0.0,0.0,39.6,40.13,42.9,42.26,42.86,39.56,42.74,41.82,42.43,51.49
2016-06-07 09:00:00-05:00,719.4792,717.23175,502573.0,31.38,0.0,702.8,25.42,323.5,273.9,272.8,270.3,204.4,203.3,203.8,322.7,556.3,60.21,165.7,1379620.0,324.5,179.5,5.0,0.0,0.0,0.0,0.0,0.0,0.0,0.0,0.0,25.42,38.79,681.4,202.9,203.8,202.7,60.0,59.9,74.7,0.0,270.4,270.0,271.4,163.7,17.89,164.7,601.0,1370081.0,41170.0,126354.0,0.994,0.979,0.748,0.921,76.68,77.2,76.39,76.37,76.91,75.85,65.78,24.81,24.97,24.71,24.71,24.88,24.54,21.28,42833.0,43486.0,43061.0,42910.0,43787.0,41550.0,37665.0,2.495,278.8,21.35,3.9,3.526,2.0,-1.0,13.5,0.014,0.237,3.0,2.0,0.0,0.0,39.43,39.84,42.84,42.25,42.88,39.66,42.62,41.74,42.67,51.49
2016-06-07 09:01:00-05:00,730.52795,728.3273,502574.0,31.41,0.0,714.1,25.66,322.5,273.9,272.8,270.3,207.1,205.9,206.4,321.7,565.7,60.22,167.9,1379623.0,323.3,182.0,5.0,0.0,0.0,0.0,0.0,0.0,0.0,0.0,0.0,25.63,39.54,690.8,205.8,206.6,205.6,60.0,59.9,74.7,0.0,270.1,270.0,271.1,166.0,18.26,167.0,601.0,1370084.0,41170.0,126355.0,0.994,0.979,0.748,0.921,78.0,78.64,77.85,77.81,78.27,77.33,66.99,25.15,25.36,25.1,25.09,25.24,24.94,21.6,42834.0,43486.0,43062.0,42911.0,43787.0,41551.0,37665.0,2.475,274.5,14.05,4.0,3.528,2.0,-1.0,13.5,0.014,0.237,3.0,2.0,0.0,0.0,40.13,40.5,42.92,42.39,42.98,39.63,42.85,41.97,42.77,51.59
2016-06-07 09:02:00-05:00,733.4981,731.57745,502575.0,31.44,0.0,717.0,25.85,325.1,273.8,272.8,270.3,207.8,206.7,207.2,323.9,564.3,60.23,168.6,1379626.0,326.1,182.7,5.0,0.0,0.0,0.0,0.0,0.0,0.0,0.0,0.0,25.9,39.88,693.2,206.7,207.5,206.4,60.0,59.9,74.7,0.0,270.1,270.0,271.1,166.6,18.39,167.6,601.0,1370087.0,41170.0,126355.0,0.994,0.979,0.748,0.921,77.56,78.26,77.45,77.44,77.93,76.87,66.66,25.21,25.44,25.17,25.17,25.33,24.99,21.67,42834.0,43487.0,43062.0,42911.0,43788.0,41551.0,37666.0,,0.0,0.0,,,2.0,-1.0,13.5,0.014,0.237,3.0,2.0,0.0,0.0,40.64,40.98,43.03,42.44,43.21,39.86,42.99,42.06,43.15,51.59
2016-06-07 09:03:00-05:00,735.993,734.3794,502576.0,31.47,0.0,720.3,25.52,324.1,273.8,272.7,270.2,208.7,207.5,207.9,323.2,568.0,60.22,169.2,1379629.0,325.4,183.6,5.0,0.0,0.0,0.0,0.0,0.0,0.0,0.0,0.0,25.49,39.08,696.2,207.5,208.2,207.3,60.0,59.9,74.7,0.0,270.0,270.0,271.0,167.2,18.47,168.3,601.0,1370089.0,41170.0,126355.0,0.994,0.979,0.748,0.921,78.13,78.86,77.94,78.03,78.56,77.4,67.21,25.32,25.56,25.26,25.29,25.46,25.09,21.78,42835.0,43487.0,43063.0,42911.0,43788.0,41552.0,37666.0,2.325,284.3,10.27,3.9,3.528,2.0,-1.0,13.5,0.014,0.237,3.0,2.0,0.0,0.0,40.17,40.4,43.13,42.23,43.03,39.65,42.95,41.71,43.29,51.65
2016-06-07 09:04:00-05:00,737.41864,736.0605,502577.0,31.5,0.0,722.3,25.65,324.0,273.9,272.6,270.1,209.2,208.1,208.5,323.4,569.3,60.21,169.6,1379631.0,324.6,184.1,5.0,0.0,0.0,0.0,0.0,0.0,0.0,0.0,0.0,25.61,39.19,697.8,208.0,208.7,207.8,60.0,59.9,74.7,0.0,270.0,270.0,271.0,167.6,18.54,168.6,601.0,1370092.0,41170.0,126356.0,0.994,0.979,0.748,0.921,78.37,79.11,78.02,78.21,78.73,77.62,67.37,25.39,25.63,25.27,25.33,25.5,25.14,21.83,42835.0,43488.0,43063.0,42912.0,43789.0,41552.0,37667.0,2.917,291.5,7.705,4.0,3.528,2.0,-1.0,13.5,0.015,0.237,3.0,2.0,0.0,0.0,40.1,40.62,43.1,42.18,43.13,39.53,43.11,41.56,43.16,51.68
2016-06-07 09:05:00-05:00,738.6066,737.1813,502578.0,31.53,0.0,723.3,26.03,323.7,273.7,272.5,270.0,209.5,208.5,208.9,323.8,570.1,60.22,169.9,1379634.0,325.3,184.5,5.0,0.0,0.0,0.0,0.0,0.0,0.0,0.0,0.0,26.12,39.52,698.8,208.3,209.0,208.1,60.0,59.9,74.7,0.0,270.0,270.0,271.0,167.8,18.59,168.8,601.0,1370095.0,41170.0,126356.0,0.994,0.979,0.748,0.921,78.41,79.05,78.27,78.44,78.96,77.53,67.58,25.38,25.58,25.33,25.39,25.56,25.09,21.87,42836.0,43488.0,43064.0,42912.0,43789.0,41552.0,37667.0,,0.0,0.0,,,2.0,-1.0,13.5,0.015,0.237,3.0,2.0,0.0,0.0,40.51,41.16,43.32,42.69,43.17,40.4,43.26,42.47,43.3,51.68
2016-06-07 09:06:00-05:00,742.2896,740.6557,502579.0,31.55,0.0,726.6,26.39,323.3,273.5,272.5,270.0,210.3,209.1,209.6,322.2,573.3,60.21,170.4,1379637.0,324.2,184.7,5.0,0.0,0.0,0.0,0.0,0.0,0.0,0.0,0.0,26.51,40.23,701.8,209.2,209.9,209.0,60.0,59.9,74.7,0.0,270.0,270.0,271.0,168.5,18.67,169.5,601.0,1370098.0,41170.0,126356.0,0.977,0.979,0.748,0.921,78.85,79.6,78.65,78.75,79.47,78.08,67.91,25.5,25.74,25.43,25.46,25.69,25.24,21.96,42836.0,43489.0,43064.0,42913.0,43789.0,41553.0,37668.0,2.69,265.2,15.51,3.8,3.528,2.0,-1.0,13.5,0.015,0.237,3.0,2.0,0.0,0.0,41.18,41.7,43.37,42.93,43.24,40.74,43.23,42.45,43.64,51.7
2016-06-07 09:07:00-05:00,745.02203,743.6817,502580.0,31.58,0.0,729.8,26.25,323.9,273.6,272.4,269.9,211.0,209.9,210.3,323.4,574.5,60.23,171.0,1379640.0,325.0,185.8,5.0,0.0,0.0,0.0,0.0,0.0,0.0,0.0,0.0,26.16,40.17,704.1,210.0,210.6,209.8,60.0,59.9,74.7,0.0,270.0,270.0,271.0,169.0,18.78,170.0,601.0,1370101.0,41170.0,126357.0,0.994,0.979,0.748,0.921,79.0,79.68,78.88,79.05,79.55,78.2,68.11,25.59,25.81,25.55,25.6,25.76,25.33,22.06,42837.0,43489.0,43065.0,42913.0,43790.0,41553.0,37668.0,3.035,278.6,17.0,4.9,3.527,2.0,-1.0,13.5,0.015,0.237,3.0,2.0,0.0,0.0,41.27,41.81,43.42,42.78,43.18,40.44,43.36,42.13,43.7,51.76
2016-06-07 09:08:00-05:00,745.2597,744.24207,502581.0,31.6,0.0,730.7,26.17,323.7,273.4,272.3,269.9,211.2,210.1,210.5,322.6,575.8,60.22,171.1,1379642.0,324.7,185.8,5.0,0.0,0.0,0.0,0.0,0.0,0.0,0.0,0.0,26.07,40.37,705.0,210.3,210.9,210.1,60.0,59.9,74.7,0.0,270.0,269.6,271.0,169.2,18.81,170.2,601.0,1370103.0,41170.0,126357.0,0.994,0.979,0.748,0.921,79.3,79.79,78.88,79.02,79.77,78.36,68.07,25.67,25.82,25.53,25.57,25.82,25.36,22.03,42837.0,43490.0,43065.0,42914.0,43790.0,41554.0,37668.0,,0.0,0.0,,,2.0,-1.0,13.5,0.015,0.237,3.0,2.0,0.0,0.0,41.48,41.69,43.52,42.78,43.31,40.25,43.4,41.97,43.34,51.78
2016-06-07 09:09:00-05:00,747.39813,746.8198,502582.0,31.64,0.0,733.0,25.89,323.7,273.2,272.4,269.9,212.1,211.0,211.4,323.1,577.9,60.21,171.8,1379645.0,324.8,186.7,5.0,0.0,0.0,0.0,0.0,0.0,0.0,0.0,0.0,25.67,39.7,707.4,211.1,211.6,211.0,60.0,59.9,74.7,0.0,270.0,269.6,271.0,169.9,18.88,170.9,601.0,1370106.0,41170.0,126357.0,0.994,0.979,0.748,0.921,79.63,80.1,79.14,79.32,80.0,78.69,68.31,25.78,25.92,25.62,25.68,25.9,25.47,22.11,42838.0,43490.0,43066.0,42914.0,43791.0,41554.0,37669.0,3.438,288.2,19.88,5.3,3.528,2.0,-1.0,13.5,0.015,0.237,3.0,2.0,0.0,0.0,40.98,41.42,43.47,42.52,43.19,39.84,43.26,41.77,43.03,51.78
2016-06-07 09:10:00-05:00,749.0614,748.61304,502583.0,31.65,0.0,735.0,25.62,323.6,273.4,272.1,269.6,212.8,211.7,212.1,323.1,579.8,60.21,172.3,1379648.0,324.9,187.3,5.0,0.0,0.0,0.0,0.0,0.0,0.0,0.0,0.0,25.53,38.78,709.3,211.9,212.4,211.7,60.0,59.9,74.7,0.0,270.0,269.0,271.0,170.4,18.96,171.4,601.0,1370109.0,41170.0,126357.0,0.994,0.979,0.748,0.921,79.87,80.4,79.48,79.58,80.2,78.98,68.5,25.85,26.02,25.72,25.75,25.94,25.56,22.17,42838.0,43491.0,43066.0,42915.0,43791.0,41555.0,37669.0,2.318,306.4,11.69,4.1,3.528,2.0,-1.0,13.5,0.015,0.237,3.0,2.0,0.0,0.0,39.91,40.69,43.35,42.34,42.98,39.5,43.18,41.7,42.62,51.78
2016-06-07 09:11:00-05:00,750.24945,750.07007,502584.0,31.68,0.0,736.8,25.86,324.0,273.3,272.2,269.7,213.0,211.9,212.3,323.2,580.3,60.21,172.5,1379651.0,324.9,187.5,5.0,0.0,0.0,0.0,0.0,0.0,0.0,0.0,0.0,25.88,39.19,710.8,212.2,212.6,212.0,60.0,59.9,74.7,0.0,270.0,269.1,271.0,170.6,19.02,171.6,601.0,1370112.0,41170.0,126358.0,0.994,0.979,0.748,0.921,80.0,80.5,79.61,79.59,80.2,79.1,68.61,25.92,26.09,25.79,25.78,25.98,25.62,22.22,42839.0,43491.0,43067.0,42915.0,43792.0,41555.0,37670.0,2.0,314.7,15.99,4.1,3.528,2.0,-1.0,13.5,0.015,0.237,3.0,2.0,0.0,0.0,40.0,40.75,43.35,42.4,43.12,39.58,43.15,42.14,42.92,51.83
2016-06-07 09:12:00-05:00,752.98193,752.7599,502585.0,31.71,0.0,740.1,26.27,323.1,273.1,272.1,269.7,213.6,212.3,212.8,322.2,582.9,60.21,172.9,1379654.0,324.2,187.8,5.0,0.0,0.0,0.0,0.0,0.0,0.0,0.0,0.0,26.33,40.57,713.7,212.7,213.1,212.5,60.0,59.9,74.7,0.0,270.0,269.0,271.0,170.9,19.06,172.0,601.0,1370115.0,41170.0,126358.0,0.994,0.979,0.748,0.921,80.3,80.8,79.92,80.0,80.6,79.39,68.91,25.95,26.11,25.82,25.85,26.04,25.65,22.27,42839.0,43492.0,43067.0,42916.0,43792.0,41556.0,37670.0,,0.0,0.0,,,2.0,-1.0,13.5,0.015,0.238,3.0,2.0,0.0,0.0,41.21,41.81,44.08,43.23,43.8,40.56,43.72,42.98,43.25,51.87
2016-06-07 09:13:00-05:00,756.07086,756.1222,502586.0,31.72,0.0,743.5,26.3,322.8,273.3,272.0,269.5,214.5,213.1,213.6,322.5,584.8,60.21,173.5,1379657.0,324.2,188.6,5.0,0.0,0.0,0.0,0.0,0.0,0.0,0.0,0.0,26.2,40.91,716.7,213.4,213.8,213.2,60.0,59.9,74.7,0.0,269.9,269.0,271.0,171.4,19.18,172.5,601.0,1370118.0,41170.0,126358.0,0.994,0.979,0.748,0.921,80.6,81.0,80.2,80.2,80.9,79.69,69.2,26.01,26.16,25.89,25.9,26.11,25.73,22.34,42840.0,43492.0,43067.0,42916.0,43793.0,41556.0,37671.0,1.993,283.6,20.34,4.0,3.526,2.0,-1.0,13.5,0.015,0.238,3.0,2.0,0.0,0.0,41.76,42.1,44.34,43.49,43.97,40.61,43.83,43.43,43.75,51.88
2016-06-07 09:14:00-05:00,756.7837,757.355,502587.0,31.76,0.0,744.3,26.17,322.9,272.8,272.0,269.6,214.5,213.4,213.8,322.1,585.5,60.22,173.5,1379659.0,323.8,188.6,5.0,0.0,0.0,0.0,0.0,0.0,0.0,0.0,0.0,26.15,40.77,717.8,213.7,214.1,213.4,60.0,59.9,74.7,0.0,269.6,269.0,270.7,171.6,19.18,172.7,601.0,1370120.0,41170.0,126359.0,0.994,0.979,0.748,0.921,80.7,81.2,80.3,80.2,80.9,79.8,69.33,26.05,26.21,25.91,25.9,26.12,25.77,22.38,42840.0,43492.0,43068.0,42917.0,43793.0,41557.0,37671.0,2.257,274.9,28.98,4.0,3.528,2.0,-1.0,13.5,0.015,0.238,3.0,2.0,0.0,0.0,41.85,42.28,44.41,43.64,44.28,40.95,44.03,43.52,43.92,51.88
2016-06-07 09:15:00-05:00,757.4965,758.2516,502588.0,31.79,0.0,745.6,26.36,321.4,273.2,271.9,269.5,214.3,213.1,213.5,320.6,588.0,60.22,173.4,1379662.0,322.5,188.5,5.0,0.0,0.0,0.0,0.0,0.0,0.0,0.0,0.0,26.6,41.75,719.1,213.6,214.0,213.3,60.0,59.9,74.7,0.0,269.9,269.0,271.0,171.5,19.19,172.6,601.0,1370123.0,41170.0,126359.0,0.994,0.979,0.748,0.921,80.9,81.5,80.6,80.7,81.4,80.1,69.53,26.0,26.18,25.9,25.94,26.16,25.74,22.35,42840.0,43493.0,43068.0,42917.0,43794.0,41557.0,37672.0,1.165,300.7,30.54,2.2,3.526,2.0,-1.0,13.51,0.015,0.238,3.0,2.0,0.0,0.0,42.7,43.08,44.91,44.44,44.98,42.38,44.32,44.73,44.21,51.88
2016-06-07 09:16:00-05:00,760.9419,761.50183,502589.0,31.83,0.0,749.9,26.27,321.2,273.1,271.7,269.3,215.0,214.0,214.3,319.9,590.8,60.23,173.9,1379665.0,321.8,189.0,5.0,0.0,0.0,0.0,0.0,0.0,0.0,0.0,0.0,26.24,41.34,722.4,214.5,214.9,214.3,60.0,59.9,74.7,0.0,269.1,269.0,270.2,172.1,19.32,173.2,601.0,1370126.0,41170.0,126359.0,0.994,0.979,0.748,0.921,81.3,81.8,80.9,81.1,81.9,80.2,69.92,26.1,26.27,25.99,26.05,26.29,25.76,22.46,42841.0,43493.0,43069.0,42918.0,43794.0,41558.0,37672.0,1.488,286.6,24.93,4.2,3.528,2.0,-1.0,13.5,0.015,0.238,3.0,2.0,0.0,0.0,42.55,42.85,44.94,44.48,45.09,41.88,44.52,44.12,44.65,51.88
2016-06-07 09:17:00-05:00,763.9119,765.08826,502590.0,31.86,0.0,753.0,26.18,321.1,272.7,271.7,269.3,215.8,214.7,215.2,319.6,593.3,60.21,174.6,1379668.0,322.1,189.6,5.0,0.0,0.0,0.0,0.0,0.0,0.0,0.0,0.0,26.15,40.69,725.4,215.4,215.7,215.2,60.0,59.9,74.7,0.0,269.0,269.0,270.0,172.7,19.42,173.8,601.0,1370129.0,41170.0,126360.0,0.994,0.979,0.748,0.921,81.5,82.1,81.2,81.4,82.1,80.5,70.2,26.17,26.35,26.08,26.14,26.36,25.84,22.54,42841.0,43494.0,43069.0,42918.0,43795.0,41558.0,37673.0,2.682,285.6,17.69,4.3,3.528,2.0,-1.0,13.5,0.015,0.238,3.0,2.0,0.0,0.0,41.88,42.65,44.96,44.11,44.93,41.39,44.57,43.91,44.63,51.91
2016-06-07 09:18:00-05:00,767.3573,769.0109,502591.0,31.89,0.0,757.0,26.01,320.9,272.3,271.5,269.1,217.3,216.0,216.5,320.2,596.0,60.16,175.5,1379671.0,323.2,190.8,5.0,0.0,0.0,0.0,0.0,0.0,0.0,0.0,0.0,25.93,40.06,728.9,216.6,216.8,216.4,60.0,59.9,74.7,0.0,269.0,268.7,270.0,173.5,19.53,174.6,601.0,1370132.0,41170.0,126360.0,0.994,0.979,0.748,0.921,82.0,82.7,81.7,81.8,82.7,81.0,70.56,26.33,26.54,26.22,26.26,26.53,26.0,22.64,42842.0,43494.0,43070.0,42918.0,43795.0,41559.0,37673.0,2.868,285.4,19.87,5.0,3.527,2.0,-1.0,13.5,0.015,0.238,3.0,2.0,0.0,0.0,41.15,42.32,44.81,44.06,44.76,41.26,44.52,43.76,44.73,51.94
2016-06-07 09:19:00-05:00,769.971,772.037,502592.0,31.93,0.0,759.8,25.68,320.8,272.7,271.5,269.0,218.1,217.0,217.4,320.6,599.1,60.12,176.2,1379674.0,322.4,192.1,5.0,0.0,0.0,0.0,0.0,0.0,0.0,0.0,0.0,25.68,39.07,731.6,217.6,217.7,217.5,60.0,59.9,74.7,0.0,269.0,268.9,270.0,174.4,19.6,175.5,601.0,1370135.0,41170.0,126360.0,0.994,0.979,0.748,0.921,82.6,83.1,82.0,82.1,83.1,81.6,70.73,26.5,26.65,26.3,26.34,26.66,26.17,22.69,42842.0,43495.0,43070.0,42919.0,43796.0,41559.0,37674.0,2.715,314.2,17.24,5.0,3.528,2.0,-1.0,13.5,0.016,0.238,3.0,2.0,0.0,0.0,40.0,41.89,44.65,43.81,44.45,40.82,44.45,43.35,44.0,51.94
2016-06-07 09:20:00-05:00,772.9411,775.06305,502593.0,31.96,0.0,763.0,25.78,321.8,272.6,271.4,268.9,218.9,218.0,218.3,320.9,600.1,60.14,176.9,1379677.0,323.5,192.6,5.0,0.0,0.0,0.0,0.0,0.0,0.0,0.0,0.0,25.77,39.21,734.6,218.6,218.6,218.5,60.0,59.9,74.7,0.0,269.0,268.7,270.0,175.1,19.73,176.2,601.0,1370138.0,41170.0,126361.0,0.994,0.979,0.748,0.921,82.7,83.3,82.2,82.2,83.1,81.7,70.9,26.61,26.79,26.45,26.45,26.75,26.3,22.81,42843.0,43495.0,43071.0,42919.0,43796.0,41560.0,37674.0,2.26,290.9,20.16,4.4,3.527,2.0,-1.0,13.5,0.016,0.238,3.0,2.0,0.0,0.0,39.86,42.05,44.77,43.91,44.52,40.98,44.67,43.75,43.79,51.95
2016-06-07 09:21:00-05:00,774.0103,776.40796,502594.0,31.99,0.0,764.1,25.95,321.5,272.4,271.5,269.0,219.2,218.3,218.6,320.5,601.5,60.15,177.2,1379680.0,320.9,192.8,5.0,0.0,0.0,0.0,0.0,0.0,0.0,0.0,0.0,25.92,39.65,736.1,218.9,219.0,218.8,60.0,59.9,74.7,0.0,269.0,268.6,270.0,175.3,19.77,176.4,601.0,1370141.0,41170.0,126361.0,0.994,0.979,0.748,0.921,82.9,83.6,82.4,82.3,83.2,82.1,71.11,26.64,26.86,26.49,26.47,26.75,26.39,22.86,42843.0,43496.0,43071.0,42920.0,43797.0,41560.0,37675.0,,0.0,0.0,,,2.0,-1.0,13.5,0.016,0.238,3.0,2.0,0.0,0.0,40.35,42.07,44.9,44.07,44.81,41.23,44.95,43.9,43.95,52.0
2016-06-07 09:22:00-05:00,775.436,778.3133,502595.0,32.01,0.0,765.9,25.83,321.9,272.5,271.2,268.7,220.0,218.8,219.3,321.1,602.5,60.15,177.6,1379682.0,323.1,193.4,5.0,0.0,0.0,0.0,0.0,0.0,0.0,0.0,0.0,25.77,38.85,738.1,219.7,219.7,219.6,60.0,59.9,74.7,0.0,269.0,268.1,270.0,175.8,19.9,177.0,601.0,1370144.0,41170.0,126361.0,0.994,0.979,0.748,0.921,82.9,83.5,82.5,82.6,83.3,82.0,71.06,26.7,26.88,26.57,26.6,26.82,26.39,22.87,42844.0,43496.0,43072.0,42920.0,43797.0,41560.0,37675.0,2.763,299.3,18.64,4.9,3.528,2.0,-1.0,13.5,0.016,0.238,3.0,2.0,0.0,0.0,39.89,41.82,44.97,43.94,44.73,41.25,44.97,43.66,43.74,51.96
2016-06-07 09:23:00-05:00,776.3864,779.77026,502596.0,32.04,0.0,767.7,25.59,321.9,272.6,271.1,268.6,220.4,219.5,219.8,320.8,604.1,60.14,178.1,1379685.0,323.8,193.8,5.0,0.0,0.0,0.0,0.0,0.0,0.0,0.0,0.0,25.5,38.01,740.0,220.4,220.3,220.3,60.0,59.9,74.7,0.0,269.0,268.1,270.0,176.3,19.94,177.5,601.0,1370147.0,41170.0,126362.0,0.994,0.979,0.748,0.921,83.0,83.7,82.7,82.6,83.7,82.0,71.3,26.72,26.93,26.62,26.59,26.93,26.38,22.95,42844.0,43497.0,43072.0,42921.0,43797.0,41561.0,37676.0,2.602,299.6,14.28,3.5,3.528,2.0,-1.0,13.5,0.016,0.238,3.0,2.0,0.0,0.0,38.63,41.53,44.8,43.67,44.57,40.79,44.64,43.42,43.69,51.98
2016-06-07 09:24:00-05:00,780.6634,784.14124,502597.0,32.07,0.0,772.2,25.68,321.7,272.6,271.3,268.8,221.5,220.4,220.8,321.3,607.9,60.14,179.0,1379688.0,323.8,195.3,5.0,0.0,0.0,0.0,0.0,0.0,0.0,0.0,0.0,25.59,37.83,743.9,221.6,221.3,221.4,60.0,59.9,74.7,0.0,269.0,268.2,270.0,177.3,20.07,178.5,601.0,1370150.0,41170.0,126362.0,0.994,0.979,0.748,0.921,84.0,84.4,83.0,83.1,84.5,82.6,71.6,27.02,27.15,26.72,26.75,27.2,26.58,23.04,42845.0,43497.0,43073.0,42921.0,43798.0,41561.0,37676.0,,0.0,0.0,,,2.0,-1.0,13.5,0.016,0.238,3.0,2.0,0.0,0.0,38.17,41.42,44.83,43.82,44.65,40.69,44.68,43.18,43.37,51.96
2016-06-07 09:25:00-05:00,784.1087,787.72766,502598.0,32.08,0.0,776.1,25.9,321.3,272.8,271.4,269.0,222.3,221.2,221.6,320.1,610.7,60.12,179.8,1379691.0,322.8,195.5,5.0,0.0,0.0,0.0,0.0,0.0,0.0,0.0,0.0,25.8,38.46,747.2,222.2,221.9,222.1,60.0,59.9,74.7,0.0,269.0,268.7,270.0,177.9,20.15,179.1,601.0,1370153.0,41170.0,126362.0,0.994,0.979,0.748,0.921,84.1,84.6,83.6,83.5,84.5,82.9,72.09,27.0,27.19,26.86,26.84,27.15,26.65,23.16,42845.0,43498.0,43073.0,42922.0,43798.0,41562.0,37676.0,3.182,301.1,10.87,5.0,3.528,2.0,-1.0,13.5,0.016,0.238,3.0,2.0,0.0,0.0,38.67,41.77,45.16,44.09,45.01,41.12,44.77,43.92,43.49,51.96
2016-06-07 09:26:00-05:00,785.05914,788.84845,502599.0,32.1,0.0,777.2,25.76,321.6,272.8,271.5,269.1,222.5,221.4,221.8,320.2,611.4,60.17,180.0,1379694.0,321.9,195.8,5.0,0.0,0.0,0.0,0.0,0.0,0.0,0.0,0.0,25.69,37.97,748.3,222.5,222.3,222.3,60.0,59.9,74.7,0.0,269.0,269.0,270.0,178.2,20.2,179.3,601.0,1370156.0,41170.0,126363.0,0.994,0.979,0.748,0.921,84.2,84.8,83.6,83.7,84.7,83.2,72.0,27.09,27.25,26.87,26.92,27.23,26.76,23.15,42846.0,43498.0,43074.0,42922.0,43799.0,41562.0,37677.0,2.668,306.3,18.87,5.0,3.528,2.0,-1.0,13.5,0.016,0.238,3.0,2.0,0.0,0.0,38.33,41.41,44.91,43.78,44.92,40.52,44.98,43.64,43.25,51.96
2016-06-07 09:27:00-05:00,787.5541,791.7624,502600.0,32.12,0.0,779.9,25.52,321.3,272.7,271.4,269.0,223.3,222.3,222.7,320.9,614.3,60.2,180.6,1379697.0,322.9,197.1,5.0,0.0,0.0,0.0,0.0,0.0,0.0,0.0,0.0,25.37,37.65,751.2,223.5,223.3,223.3,60.0,59.9,74.7,0.0,269.0,268.6,270.0,178.9,20.36,180.1,601.0,1370159.0,41170.0,126363.0,0.994,0.979,0.748,0.921,84.7,85.3,84.1,84.2,85.2,83.8,72.44,27.23,27.42,27.03,27.05,27.37,26.91,23.28,42846.0,43499.0,43074.0,42923.0,43799.0,41563.0,37677.0,2.182,286.5,17.04,3.9,3.528,2.0,-1.0,13.5,0.016,0.238,3.0,2.0,0.0,0.0,37.97,41.04,44.52,43.31,44.45,40.02,44.51,42.67,43.41,51.96
2016-06-07 09:28:00-05:00,791.831,796.4696,502601.0,32.14,0.0,784.6,25.88,321.8,272.8,271.8,269.3,224.3,223.2,223.6,321.0,616.5,60.14,181.5,1379700.0,321.0,197.9,5.0,0.0,0.0,0.0,0.0,0.0,0.0,0.0,0.0,25.78,38.57,755.2,224.4,224.0,224.3,60.0,59.9,74.7,0.0,269.3,268.9,270.3,179.8,20.45,180.9,601.0,1370162.0,41170.0,126363.0,0.994,0.979,0.748,0.921,84.9,85.5,84.5,84.5,85.4,83.8,72.72,27.32,27.51,27.19,27.19,27.48,26.97,23.4,42847.0,43499.0,43075.0,42923.0,43800.0,41563.0,37678.0,2.458,276.4,12.93,3.3,3.527,2.0,-1.0,13.5,0.016,0.238,3.0,2.0,0.0,0.0,38.88,41.67,44.72,43.56,44.6,40.64,44.56,43.38,44.02,51.96
2016-06-07 09:29:00-05:00,794.08826,798.8232,502602.0,32.15,0.0,786.9,26.32,321.0,273.2,272.0,269.5,224.1,223.0,223.4,320.3,618.1,60.15,181.5,1379703.0,322.2,198.0,5.0,0.0,0.0,0.0,0.0,0.0,0.0,0.0,0.0,26.36,39.82,757.3,224.2,223.9,224.0,60.0,59.9,74.7,0.0,269.7,269.0,270.8,179.8,20.47,181.0,601.0,1370164.0,41170.0,126364.0,0.994,0.979,0.748,0.921,85.2,85.8,84.7,84.6,85.7,84.3,72.98,27.33,27.54,27.18,27.16,27.51,27.05,23.43,42847.0,43499.0,43075.0,42924.0,43800.0,41564.0,37678.0,1.177,279.6,32.13,2.4,3.526,2.0,-1.0,13.5,0.016,0.238,3.0,2.0,0.0,0.0,40.27,42.81,45.47,44.64,45.31,42.43,44.86,45.07,44.73,51.96
2016-06-07 09:30:00-05:00,797.4148,801.8493,502603.0,32.16,0.0,790.1,26.39,319.9,272.8,272.0,269.5,224.7,223.5,223.9,319.0,621.2,60.15,181.9,1379706.0,321.3,198.2,5.0,0.0,0.0,0.0,0.0,0.0,0.0,0.0,0.0,26.36,40.39,760.5,224.7,224.3,224.6,60.0,59.9,74.7,0.0,269.4,269.0,270.4,180.2,20.51,181.3,601.0,1370167.0,41170.0,126364.0,0.994,0.979,0.748,0.921,85.5,86.1,85.0,85.2,86.1,84.5,73.46,27.35,27.53,27.19,27.24,27.55,27.04,23.5,42847.0,43500.0,43075.0,42924.0,43801.0,41564.0,37679.0,2.325,282.5,24.3,5.0,3.528,2.0,-1.0,13.51,0.016,0.239,3.0,2.0,0.0,0.0,40.96,43.16,45.97,45.23,45.95,42.81,45.57,45.36,44.99,51.96
2016-06-07 09:31:00-05:00,800.0285,804.53906,502604.0,32.19,0.0,792.6,26.34,320.0,273.0,271.8,269.3,225.3,224.3,224.6,319.3,623.0,60.14,182.4,1379709.0,320.4,198.9,5.0,0.0,0.0,0.0,0.0,0.0,0.0,0.0,0.0,26.29,40.79,763.1,225.5,225.1,225.4,60.0,59.9,74.7,0.0,269.0,269.0,270.0,180.7,20.61,181.8,601.0,1370170.0,41170.0,126364.0,0.994,0.979,0.748,0.921,85.6,86.1,85.2,85.2,86.3,84.5,73.59,27.39,27.56,27.25,27.26,27.6,27.05,23.55,42848.0,43500.0,43076.0,42925.0,43801.0,41565.0,37679.0,2.852,239.9,10.55,4.9,3.528,2.0,-1.0,13.5,0.016,0.239,3.0,2.0,0.0,0.0,41.75,43.25,46.01,45.11,45.56,42.88,45.42,45.13,45.15,51.96
2016-06-07 09:32:00-05:00,801.6918,806.33234,502605.0,32.22,0.0,794.8,26.23,319.8,273.0,272.0,269.6,225.5,224.4,224.8,318.8,624.5,60.15,182.7,1379712.0,320.5,199.1,5.0,0.0,0.0,0.0,0.0,0.0,0.0,0.0,0.0,26.34,41.28,764.7,225.8,225.2,225.6,60.0,59.9,74.7,0.0,269.2,269.0,270.6,181.0,20.63,182.1,601.0,1370174.0,41170.0,126365.0,0.994,0.979,0.748,0.921,85.8,86.4,85.6,85.5,86.5,84.8,73.91,27.42,27.64,27.38,27.36,27.65,27.11,23.64,42848.0,43501.0,43076.0,42925.0,43802.0,41565.0,37680.0,2.745,269.9,37.96,4.5,3.526,2.0,-1.0,13.51,0.016,0.239,3.0,2.0,0.0,0.0,42.49,43.7,46.01,45.6,45.58,43.62,45.44,45.73,45.62,51.96
2016-06-07 09:33:00-05:00,802.5234,807.45306,502606.0,32.22,0.0,796.4,26.42,319.7,272.8,272.0,269.5,225.7,224.7,225.0,319.0,624.9,60.14,182.8,1379715.0,321.0,199.3,5.0,0.0,0.0,0.0,0.0,0.0,0.0,0.0,0.0,26.52,41.74,765.9,225.9,225.4,225.7,60.0,59.9,74.7,0.0,269.1,269.0,270.3,181.0,20.68,182.2,601.0,1370177.0,41170.0,126365.0,0.994,0.979,0.748,0.921,86.1,86.8,85.6,85.6,86.6,85.1,73.98,27.53,27.74,27.38,27.35,27.69,27.21,23.65,42849.0,43501.0,43077.0,42926.0,43802.0,41566.0,37680.0,2.303,309.9,20.52,4.6,3.527,2.0,-1.0,13.5,0.016,0.239,3.0,2.0,0.0,0.0,43.02,43.64,46.1,45.53,45.83,43.3,45.8,46.08,45.22,51.96
2016-06-07 09:34:00-05:00,804.0679,809.47046,502607.0,32.24,0.0,798.6,26.13,319.5,273.1,271.9,269.4,226.3,225.3,225.7,318.5,627.8,60.14,183.4,1379718.0,320.4,199.9,5.0,0.0,0.0,0.0,0.0,0.0,0.0,0.0,0.0,26.03,40.16,768.2,226.8,226.2,226.6,60.0,59.9,74.7,0.0,269.1,269.0,270.1,181.7,20.75,182.9,601.0,1370180.0,41170.0,126365.0,0.994,0.979,0.748,0.921,86.6,87.4,85.9,85.6,87.1,85.9,74.12,27.66,27.91,27.44,27.36,27.81,27.43,23.68,42849.0,43502.0,43077.0,42926.0,43803.0,41566.0,37681.0,3.23,296.5,25.47,5.1,3.526,2.0,-1.0,13.5,0.016,0.239,3.0,2.0,0.0,0.0,41.73,42.71,45.99,45.11,45.36,42.38,45.67,44.86,44.95,51.96
2016-06-07 09:35:00-05:00,806.08746,812.72064,502608.0,32.26,0.0,801.0,26.2,319.6,273.1,271.9,269.4,227.4,226.3,226.7,318.4,630.8,60.15,184.2,1379721.0,318.8,200.9,5.0,0.0,0.0,0.0,0.0,0.0,0.0,0.0,0.0,26.02,40.15,771.1,228.0,227.2,227.8,60.0,59.9,74.7,0.0,269.0,269.0,270.1,182.6,20.88,183.8,601.0,1370183.0,41170.0,126366.0,0.994,0.979,0.748,0.921,86.9,87.2,86.3,86.4,87.3,85.8,74.39,27.78,27.88,27.6,27.61,27.9,27.42,23.77,42850.0,43502.0,43078.0,42926.0,43803.0,41567.0,37681.0,2.958,314.0,11.89,5.6,3.526,2.0,-1.0,13.5,0.016,0.239,3.0,2.0,0.0,0.0,41.46,42.23,45.76,44.51,44.84,41.81,45.43,44.18,44.17,51.96
2016-06-07 09:36:00-05:00,809.8892,817.0916,502609.0,32.28,0.0,806.0,26.22,319.7,273.5,272.3,269.9,228.2,227.1,227.5,318.2,634.2,60.16,185.2,1379724.0,321.2,201.8,5.0,0.0,0.0,0.0,0.0,0.0,0.0,0.0,0.0,26.02,40.31,774.8,228.9,228.1,228.7,60.0,59.9,74.7,0.0,269.9,269.4,270.9,183.7,21.03,184.9,601.0,1370186.0,41170.0,126366.0,0.994,0.979,0.748,0.921,87.4,87.8,86.9,87.1,87.5,86.4,74.78,27.95,28.07,27.76,27.83,27.98,27.63,23.9,42850.0,43503.0,43078.0,42927.0,43804.0,41567.0,37682.0,,0.0,0.0,,,2.0,-1.0,13.5,0.016,0.239,3.0,2.0,0.0,0.0,41.38,42.26,45.75,44.63,45.11,41.73,45.5,44.19,43.73,51.96
2016-06-07 09:37:00-05:00,810.00806,817.65204,502610.0,32.29,0.0,806.0,26.1,321.1,273.5,272.4,270.0,228.4,227.4,227.7,321.0,631.8,60.17,185.4,1379727.0,322.4,202.8,5.0,0.0,0.0,0.0,0.0,0.0,0.0,0.0,0.0,25.9,39.82,775.2,229.1,228.3,228.9,60.0,59.9,74.7,0.0,270.0,269.0,271.0,183.8,21.05,185.0,601.0,1370189.0,41170.0,126366.0,0.994,0.979,0.748,0.921,87.3,87.7,86.6,86.6,87.4,86.3,74.61,28.04,28.16,27.81,27.81,28.05,27.7,23.96,42851.0,43503.0,43079.0,42927.0,43804.0,41567.0,37682.0,2.892,301.1,16.75,5.0,3.527,2.0,-1.0,13.5,0.016,0.239,3.0,2.0,0.0,0.0,41.08,42.01,45.63,44.59,45.37,41.65,45.39,43.74,43.95,51.96
2016-06-07 09:38:00-05:00,814.1662,822.3592,502611.0,32.3,0.0,810.0,26.12,319.3,273.7,272.2,269.8,230.0,229.0,229.3,317.9,640.0,60.16,186.7,1379730.0,320.7,203.4,5.0,0.0,0.0,0.0,0.0,0.0,0.0,0.0,0.0,25.99,38.66,780.3,230.9,229.9,230.7,60.0,59.9,74.7,0.0,270.0,269.0,271.0,185.2,21.31,186.4,601.0,1370192.0,41170.0,126367.0,0.993,0.979,0.748,0.921,88.2,89.0,87.8,87.8,88.5,87.5,75.67,28.17,28.41,28.03,28.04,28.27,27.93,24.16,42851.0,43504.0,43079.0,42928.0,43804.0,41568.0,37683.0,4.332,309.4,10.09,6.3,3.527,2.0,-1.0,13.5,0.017,0.239,3.0,2.0,0.0,0.0,40.04,40.98,44.99,43.94,44.69,40.55,45.07,42.68,43.23,51.96
2016-06-07 09:39:00-05:00,824.38336,833.4547,502612.0,32.3,0.0,821.0,26.04,320.4,273.6,272.1,269.7,233.3,232.2,232.6,319.6,647.2,60.15,189.3,1379733.0,321.8,206.8,5.0,0.0,0.0,0.0,0.0,0.0,0.0,0.0,0.0,25.92,37.89,790.3,234.6,233.2,234.4,60.0,59.9,74.7,0.0,270.0,269.0,271.0,187.9,21.73,189.2,601.0,1370195.0,41170.0,126367.0,0.993,0.979,0.748,0.921,89.2,89.9,88.8,88.7,89.6,88.3,76.52,28.59,28.8,28.43,28.42,28.72,28.29,24.51,42852.0,43504.0,43080.0,42928.0,43805.0,41568.0,37683.0,3.568,310.0,12.47,4.7,3.527,2.0,-1.0,13.5,0.017,0.239,3.0,2.0,0.0,0.0,39.06,40.45,44.57,43.63,44.5,40.39,44.66,42.33,42.82,51.96
2016-06-07 09:40:00-05:00,829.0168,838.94653,502613.0,32.33,0.0,827.0,26.04,321.5,273.6,272.3,269.9,234.7,233.6,234.0,320.5,649.8,60.15,190.6,1379736.0,322.8,208.2,5.0,0.0,0.0,0.0,0.0,0.0,0.0,0.0,0.0,25.99,37.66,796.0,236.1,234.8,236.1,60.0,59.9,74.7,0.0,270.0,269.0,271.0,189.3,21.97,190.5,601.0,1370198.0,41170.0,126368.0,0.993,0.979,0.748,0.921,89.6,90.3,89.1,89.2,90.0,88.6,76.73,28.79,29.02,28.64,28.67,28.93,28.48,24.66,42852.0,43505.0,43080.0,42929.0,43805.0,41569.0,37683.0,3.362,303.4,9.93,5.1,3.528,2.0,-1.0,13.5,0.017,0.239,3.0,2.0,0.0,0.0,38.75,40.15,44.45,43.32,44.03,40.18,44.23,41.94,42.85,51.93
2016-06-07 09:41:00-05:00,835.6698,846.23145,502614.0,32.33,0.0,834.0,26.25,321.2,273.5,272.6,270.1,236.4,235.2,235.6,320.3,655.3,60.14,192.0,1379739.0,321.9,209.9,5.0,0.0,0.0,0.0,0.0,0.0,0.0,0.0,0.0,26.17,38.37,803.0,237.8,236.3,237.8,60.0,59.9,74.7,0.0,270.0,269.2,271.0,190.7,22.2,192.0,601.0,1370201.0,41170.0,126368.0,0.993,0.979,0.748,0.921,90.4,91.1,89.9,89.8,90.6,89.3,77.48,29.03,29.25,28.86,28.84,29.1,28.67,24.88,42853.0,43505.0,43081.0,42929.0,43806.0,41569.0,37684.0,2.413,291.0,11.92,3.6,3.528,2.0,-1.0,13.5,0.017,0.239,3.0,2.0,0.0,0.0,39.04,40.38,44.53,43.52,44.54,40.53,44.41,42.2,43.3,51.86
2016-06-07 09:42:00-05:00,840.1844,850.93866,502615.0,32.33,0.0,839.0,26.54,321.1,274.3,273.2,270.6,236.6,235.2,235.7,320.4,657.2,60.13,192.6,1379743.0,322.2,210.5,5.0,0.0,0.0,0.0,0.0,0.0,0.0,0.0,0.0,26.6,39.91,808.0,238.0,236.5,238.0,60.0,59.9,74.7,0.0,270.7,270.0,271.8,191.3,22.25,192.6,601.0,1370204.0,41170.0,126368.0,0.993,0.979,0.748,0.921,90.6,91.3,90.1,90.2,91.1,89.4,77.66,29.1,29.33,28.94,28.95,29.26,28.72,24.94,42853.0,43506.0,43081.0,42930.0,43806.0,41570.0,37684.0,,0.0,0.0,,,2.0,-1.0,13.5,0.017,0.239,3.0,2.0,0.0,0.0,40.56,41.47,45.39,44.43,45.34,42.01,44.83,43.43,44.29,51.86
2016-06-07 09:43:00-05:00,833.1749,843.0933,502616.0,32.35,0.0,831.0,26.82,322.2,274.2,273.1,270.6,234.2,233.0,233.4,321.4,647.8,60.12,190.6,1379746.0,323.3,208.2,5.0,0.0,0.0,0.0,0.0,0.0,0.0,0.0,0.0,26.8,41.3,798.5,235.3,234.0,235.2,60.0,59.9,74.7,0.0,270.3,270.0,271.8,189.1,21.9,190.4,601.0,1370208.0,41170.0,126369.0,0.993,0.979,0.748,0.921,89.1,89.8,88.7,88.9,89.8,88.0,76.63,28.7,28.92,28.6,28.65,28.93,28.35,24.69,42854.0,43506.0,43082.0,42930.0,43807.0,41570.0,37685.0,1.985,265.1,27.18,3.4,3.526,2.0,-1.0,13.5,0.017,0.239,3.0,2.0,0.0,0.0,41.82,42.37,45.73,44.73,45.43,42.28,45.15,43.85,45.1,51.86
2016-06-07 09:44:00-05:00,836.02625,844.6624,502617.0,32.37,0.0,833.0,26.78,320.4,274.3,272.8,270.3,234.2,233.3,233.6,319.7,651.7,60.14,190.7,1379749.0,321.5,208.3,5.0,0.0,0.0,0.0,0.0,0.0,0.0,0.0,0.0,26.64,41.76,800.0,235.6,234.3,235.4,60.0,59.9,74.7,0.0,270.0,270.0,271.3,189.2,21.92,190.5,601.0,1370211.0,41170.0,126369.0,0.993,0.979,0.748,0.921,89.6,90.4,89.5,89.6,90.3,88.7,77.25,28.72,28.96,28.67,28.7,28.95,28.42,24.75,42854.0,43507.0,43082.0,42931.0,43807.0,41571.0,37685.0,2.88,282.3,13.99,4.0,3.527,2.0,-1.0,13.5,0.017,0.239,3.0,2.0,0.0,0.0,42.46,42.79,46.04,45.04,45.62,42.54,45.32,44.44,45.58,51.86
2016-06-07 09:45:00-05:00,825.09625,832.10986,502618.0,32.4,0.0,819.0,26.71,322.3,274.1,272.9,270.5,230.1,229.1,229.4,321.3,636.7,60.15,187.2,1379752.0,323.1,204.5,5.0,0.0,0.0,0.0,0.0,0.0,0.0,0.0,0.0,26.65,42.21,787.4,231.0,230.1,230.8,60.0,59.9,74.7,0.0,270.1,270.0,271.4,185.7,21.35,186.9,601.0,1370214.0,41170.0,126369.0,0.993,0.979,0.748,0.921,87.5,88.2,87.2,87.3,88.2,86.5,75.41,28.18,28.43,28.11,28.14,28.43,27.85,24.3,42855.0,43507.0,43082.0,42931.0,43808.0,41571.0,37686.0,,0.0,0.0,,,2.0,-1.0,13.5,0.017,0.239,3.0,2.0,0.0,0.0,43.18,43.33,46.37,45.41,45.82,43.4,45.62,45.06,45.8,51.86
2016-06-07 09:46:00-05:00,860.7375,865.3965,502619.0,32.42,0.0,853.0,26.63,315.6,274.1,273.3,270.9,238.2,236.9,237.3,315.7,672.1,60.15,193.9,1379755.0,316.3,212.1,5.0,0.0,0.0,0.0,0.0,0.0,0.0,0.0,0.0,26.55,41.82,822.0,239.8,238.0,239.7,60.0,59.9,74.7,0.0,270.5,270.0,271.9,192.6,22.4,193.9,601.0,1370217.0,41170.0,126370.0,0.993,0.979,0.748,0.921,93.2,93.6,92.0,92.1,93.7,91.9,79.42,29.42,29.53,29.04,29.06,29.56,29.01,25.06,42855.0,43507.0,43083.0,42932.0,43808.0,41572.0,37686.0,3.2,292.3,11.26,5.4,3.528,2.0,-1.0,13.5,0.017,0.239,3.0,2.0,0.0,0.0,42.83,43.22,46.71,45.73,46.2,43.05,45.95,45.06,45.48,51.86
2016-06-07 09:47:00-05:00,868.57855,873.35394,502620.0,32.44,0.0,858.0,26.28,313.0,274.3,273.1,270.7,239.3,238.1,238.5,311.8,682.5,60.2,195.0,1379758.0,314.9,212.8,5.0,0.0,0.0,0.0,0.0,0.0,0.0,0.0,0.0,26.21,41.16,821.0,241.0,239.2,241.0,60.0,59.9,74.7,0.0,270.5,270.0,272.0,193.6,22.62,194.9,601.0,1370220.0,41170.0,126370.0,0.993,0.979,0.748,0.921,93.7,94.1,93.6,93.9,94.0,93.2,80.9,29.33,29.46,29.29,29.4,29.42,29.16,25.32,42855.0,43508.0,43083.0,42932.0,43809.0,41572.0,37687.0,2.555,287.2,14.93,4.9,3.526,2.0,-1.0,13.5,0.017,0.24,3.0,2.0,0.0,0.0,42.28,42.79,46.51,45.24,45.97,42.09,45.94,44.13,45.57,51.86
2016-06-07 09:48:00-05:00,809.6517,813.9535,502621.0,32.48,0.0,805.0,26.58,312.5,274.3,273.2,270.9,224.9,223.8,224.1,311.8,639.4,60.21,183.1,1379761.0,313.4,199.3,5.0,0.0,0.0,0.0,0.0,0.0,0.0,0.0,0.0,26.83,43.05,776.4,225.4,224.7,225.2,60.0,59.9,74.7,0.0,271.0,270.0,272.0,181.5,20.67,182.6,601.0,1370223.0,41170.0,126370.0,0.994,0.979,0.748,0.921,87.9,88.8,87.9,88.3,89.3,87.1,76.27,27.46,27.74,27.45,27.58,27.89,27.2,23.82,42856.0,43508.0,43084.0,42933.0,43809.0,41573.0,37687.0,1.157,271.6,28.12,2.3,3.527,2.0,-1.0,13.5,0.017,0.239,3.0,2.0,0.0,0.0,43.73,44.16,47.04,46.04,46.86,43.44,46.45,45.73,46.19,51.89
2016-06-07 09:49:00-05:00,903.2695,908.8821,502622.0,32.51,0.0,892.0,26.9,307.6,274.9,273.4,270.9,245.4,244.1,244.7,306.5,712.7,60.21,200.2,1379765.0,308.4,218.4,5.0,0.0,0.0,0.0,0.0,0.0,0.0,0.0,0.0,26.99,43.48,859.0,247.9,245.4,248.1,60.0,59.9,74.7,0.0,271.0,270.1,272.0,199.2,23.46,200.6,601.0,1370227.0,41170.0,126371.0,0.993,0.979,0.748,0.921,98.2,98.9,98.3,98.5,99.2,97.4,85.1,30.2,30.41,30.23,30.29,30.52,29.95,26.16,42856.0,43509.0,43084.0,42933.0,43810.0,41573.0,37688.0,1.317,314.9,34.15,2.7,3.526,2.0,-1.0,13.5,0.017,0.24,3.0,2.0,0.0,0.0,44.55,44.65,47.61,46.32,46.82,43.8,47.06,46.13,46.83,51.96
2016-06-07 09:50:00-05:00,666.49243,673.1858,502623.0,32.55,0.0,660.9,26.93,314.4,273.5,272.9,270.6,188.5,187.8,188.2,313.2,535.0,60.21,152.9,1379767.0,315.1,167.0,5.0,0.0,0.0,0.0,0.0,0.0,0.0,0.0,0.0,26.94,43.63,616.7,186.2,187.2,186.2,60.0,59.9,74.7,0.0,270.8,270.0,272.0,150.4,15.67,151.3,601.0,1370229.0,41170.0,126371.0,0.995,0.979,0.748,0.921,71.28,71.05,71.78,71.88,71.33,71.41,62.44,22.33,22.26,22.49,22.52,22.35,22.37,19.57,42857.0,43509.0,43085.0,42933.0,43810.0,41573.0,37688.0,1.982,277.7,16.36,5.6,3.527,2.0,-1.0,13.5,0.017,0.238,3.0,2.0,0.0,0.0,44.51,44.75,47.67,46.68,47.39,43.93,47.0,46.43,47.0,51.96
2016-06-07 09:51:00-05:00,372.68924,383.13254,502624.0,32.59,0.0,375.8,26.5,329.7,272.9,272.0,269.9,108.8,109.0,109.3,328.9,299.8,60.21,87.0,1379768.0,330.4,98.5,5.0,0.0,0.0,0.0,0.0,0.0,0.0,0.0,0.0,26.42,40.92,353.7,105.3,107.7,105.1,60.0,59.9,74.7,0.0,270.2,270.0,272.0,85.6,5.377,85.8,601.0,1370231.0,41170.0,126371.0,0.998,0.979,0.748,0.921,38.31,38.94,38.76,39.15,39.59,37.95,34.18,12.62,12.82,12.77,12.89,13.04,12.5,11.26,42857.0,43509.0,43085.0,42934.0,43810.0,41574.0,37688.0,3.983,296.1,14.72,5.7,3.526,2.0,-1.0,13.5,0.017,0.233,3.0,2.0,0.0,0.0,41.96,43.12,45.8,45.13,45.66,42.11,45.4,44.37,45.43,52.01
2016-06-07 09:52:00-05:00,331.93936,346.93192,502625.0,32.61,0.0,342.7,26.46,319.9,272.8,271.8,269.8,99.5,100.1,100.2,319.8,281.5,60.22,79.36,1379770.0,320.9,90.0,5.0,0.0,0.0,0.0,0.0,0.0,0.0,0.0,0.0,26.34,39.31,327.1,96.3,98.8,96.2,60.0,59.9,74.7,0.0,270.3,270.0,271.9,78.39,4.242,78.5,601.0,1370232.0,41170.0,126371.0,0.999,0.979,0.748,0.921,36.9,37.39,36.84,36.95,37.56,36.33,31.93,11.8,11.96,11.78,11.81,12.01,11.62,10.21,42857.0,43510.0,43085.0,42934.0,43810.0,41574.0,37688.0,4.138,290.9,7.682,5.4,3.528,2.0,-1.0,13.5,0.017,0.232,3.0,2.0,0.0,0.0,40.03,41.21,43.42,42.83,43.51,39.46,43.44,41.81,42.86,52.06
2016-06-07 09:53:00-05:00,379.2235,397.4783,502626.0,32.62,0.0,394.7,26.4,305.2,272.5,271.8,269.7,112.8,113.4,113.5,304.9,329.2,60.19,90.3,1379771.0,306.2,100.3,5.0,0.0,0.0,0.0,0.0,0.0,0.0,0.0,0.0,26.28,38.41,378.6,109.4,112.2,109.6,60.0,59.9,74.7,0.0,270.0,270.0,271.2,89.1,5.932,89.3,601.0,1370233.0,41170.0,126371.0,0.998,0.979,0.748,0.921,43.82,44.48,43.95,44.11,44.75,43.41,38.1,13.36,13.56,13.4,13.45,13.64,13.24,11.62,42857.0,43510.0,43085.0,42934.0,43811.0,41574.0,37689.0,2.97,279.7,12.61,4.4,3.528,2.0,-1.0,13.5,0.017,0.233,3.0,2.0,0.0,0.0,39.1,40.18,42.01,41.42,42.32,38.48,42.04,40.39,41.53,52.06
2016-06-07 09:54:00-05:00,360.9276,382.68423,502627.0,32.61,0.0,376.3,26.44,311.3,272.3,271.5,269.5,109.8,110.4,110.5,310.4,316.0,60.22,87.8,1379773.0,311.9,98.0,5.0,0.0,0.0,0.0,0.0,0.0,0.0,0.0,0.0,26.29,38.28,356.8,106.4,109.1,106.5,60.0,59.9,74.7,0.0,270.0,269.9,271.0,86.5,5.599,86.7,601.0,1370235.0,41170.0,126371.0,0.998,0.979,0.748,0.921,41.48,41.77,41.68,41.78,41.91,41.28,36.13,12.89,12.98,12.96,12.99,13.03,12.83,11.23,42858.0,43510.0,43086.0,42934.0,43811.0,41574.0,37689.0,2.167,268.0,18.37,3.8,3.526,2.0,-1.0,13.5,0.017,0.233,3.0,2.0,0.0,0.0,38.85,39.69,41.16,40.59,41.26,38.03,41.18,39.67,40.74,52.04
2016-06-07 09:55:00-05:00,310.7922,334.3794,502628.0,32.59,0.0,330.1,26.21,325.3,272.2,271.3,269.3,97.8,98.4,98.5,324.4,273.5,60.18,77.81,1379774.0,325.8,88.7,5.0,0.0,0.0,0.0,0.0,0.0,0.0,0.0,0.0,26.09,37.06,316.2,94.6,97.0,94.5,60.0,59.9,74.7,0.0,270.0,269.6,271.0,76.84,4.026,76.95,601.0,1370236.0,41170.0,126372.0,0.999,0.979,0.748,0.921,35.39,36.06,35.5,35.65,36.49,34.88,30.86,11.51,11.73,11.54,11.59,11.87,11.34,10.03,42858.0,43510.0,43086.0,42935.0,43811.0,41575.0,37689.0,2.488,279.7,14.82,3.7,3.528,2.0,-1.0,13.5,0.017,0.232,3.0,2.0,0.0,0.0,37.64,38.74,40.07,39.71,40.46,37.2,40.2,38.96,39.92,52.04
2016-06-07 09:56:00-05:00,719.71674,745.0267,502629.0,32.57,0.0,753.5,26.1,318.0,273.6,272.1,269.8,209.5,209.1,209.6,316.9,590.0,60.22,170.3,1379777.0,319.3,186.2,5.0,0.0,0.0,0.0,0.0,0.0,0.0,0.0,0.0,26.02,36.3,768.2,211.4,210.3,212.0,60.0,59.9,74.7,0.0,270.0,269.1,271.0,169.8,18.81,170.8,601.0,1370239.0,41170.0,126372.0,0.994,0.979,0.748,0.921,80.8,86.2,81.7,82.5,86.5,79.05,70.43,25.64,27.32,25.9,26.11,27.4,25.05,22.3,42858.0,43511.0,43086.0,42935.0,43812.0,41575.0,37690.0,2.562,291.9,13.83,4.9,3.527,2.0,-1.0,13.5,0.017,0.237,3.0,2.0,0.0,0.0,37.19,38.28,39.79,39.21,39.87,37.02,39.9,38.78,39.47,51.96
2016-06-07 09:57:00-05:00,416.7657,446.00732,502630.0,32.54,0.0,431.4,26.06,321.4,272.4,271.6,269.5,129.6,129.7,130.0,320.6,360.6,60.22,103.9,1379779.0,322.9,115.3,5.0,0.0,0.0,0.0,0.0,0.0,0.0,0.0,0.0,26.01,36.8,397.8,125.9,128.5,126.2,60.0,59.9,74.7,0.0,270.0,269.5,271.0,102.1,8.14,102.5,601.0,1370241.0,41170.0,126372.0,0.997,0.979,0.748,0.921,45.72,46.08,47.38,47.78,46.56,46.47,41.63,14.67,14.79,15.19,15.32,14.94,14.9,13.34,42859.0,43511.0,43087.0,42935.0,43812.0,41575.0,37690.0,2.213,297.3,19.18,3.4,3.527,2.0,-1.0,13.5,0.017,0.235,3.0,2.0,0.0,0.0,37.49,38.62,40.53,39.91,40.64,37.73,40.51,39.31,39.65,51.96
2016-06-07 09:58:00-05:00,378.39185,403.53043,502631.0,32.51,0.0,402.4,26.01,321.0,272.2,271.5,269.5,119.4,119.8,120.0,320.1,332.2,60.22,95.6,1379780.0,321.7,106.3,5.0,0.0,0.0,0.0,0.0,0.0,0.0,0.0,0.0,25.99,36.11,386.9,115.9,118.6,116.0,60.0,59.9,74.7,0.0,270.0,269.7,271.0,94.1,6.818,94.4,601.0,1370242.0,41170.0,126372.0,0.997,0.979,0.748,0.921,44.15,44.72,44.0,44.0,44.68,43.47,37.93,14.17,14.35,14.12,14.12,14.34,13.95,12.17,42859.0,43511.0,43087.0,42935.0,43812.0,41576.0,37690.0,2.028,278.6,20.96,3.1,3.528,2.0,-1.0,13.5,0.017,0.233,3.0,2.0,0.0,0.0,36.64,37.92,39.96,39.31,39.99,37.12,39.64,38.61,39.22,51.96
2016-06-07 09:59:00-05:00,372.21405,397.25415,502632.0,32.48,0.0,398.1,26.09,324.7,272.3,271.4,269.3,117.6,118.1,118.3,324.1,324.4,60.21,94.1,1379782.0,326.0,105.0,5.0,0.0,0.0,0.0,0.0,0.0,0.0,0.0,0.0,26.08,35.61,385.5,114.3,117.0,114.4,60.0,59.9,74.7,0.0,270.0,269.2,271.0,92.8,6.599,93.0,601.0,1370244.0,41170.0,126372.0,0.997,0.979,0.748,0.921,43.86,44.37,43.09,42.97,44.02,42.73,36.89,14.23,14.4,13.98,13.94,14.28,13.86,11.97,42859.0,43512.0,43087.0,42936.0,43812.0,41576.0,37690.0,1.922,287.2,18.13,2.8,3.527,2.0,-1.0,13.5,0.017,0.233,3.0,2.0,0.0,0.0,36.17,37.54,39.28,38.83,39.45,36.66,39.14,38.34,38.66,51.96
2016-06-07 10:00:00-05:00,612.79285,642.0286,502633.0,32.45,0.0,644.1,26.25,312.1,272.8,271.8,269.6,186.6,185.9,186.3,311.3,524.2,60.21,150.7,1379784.0,312.7,163.0,5.0,0.0,0.0,0.0,0.0,0.0,0.0,0.0,0.0,26.26,35.97,634.4,184.3,186.0,184.5,60.0,59.9,74.7,0.0,269.8,269.0,271.0,148.6,15.62,149.4,601.0,1370246.0,41170.0,126372.0,0.995,0.979,0.748,0.921,72.58,73.62,71.46,71.77,73.65,70.8,61.61,22.63,22.96,22.28,22.38,22.96,22.07,19.21,42859.0,43512.0,43087.0,42936.0,43813.0,41576.0,37691.0,2.07,266.2,31.21,4.9,3.528,2.0,-1.0,13.5,0.017,0.236,3.0,2.0,0.0,0.0,36.63,37.46,39.48,38.68,39.28,36.74,39.25,38.45,38.85,51.88
2016-06-07 10:01:00-05:00,545.4308,571.6447,502634.0,32.42,0.0,579.2,26.23,322.5,272.5,271.7,269.5,169.9,169.7,170.0,321.1,465.8,60.22,137.1,1379786.0,323.1,149.7,5.0,0.0,0.0,0.0,0.0,0.0,0.0,0.0,0.0,26.17,36.38,585.9,167.5,169.6,167.6,60.0,59.9,74.7,0.0,269.9,269.0,271.0,135.2,13.39,135.9,601.0,1370249.0,41170.0,126373.0,0.995,0.979,0.748,0.921,64.44,66.24,62.65,63.11,67.22,61.75,54.48,20.8,21.39,20.22,20.37,21.7,19.92,17.58,42860.0,43512.0,43088.0,42936.0,43813.0,41576.0,37691.0,2.58,290.0,21.12,4.6,3.527,2.0,-1.0,13.51,0.017,0.235,3.0,2.0,0.0,0.0,37.22,37.97,39.71,38.96,39.47,36.97,39.47,38.59,39.12,51.86
2016-06-07 10:02:00-05:00,934.63385,966.04095,502635.0,32.4,0.0,957.0,26.08,320.2,273.7,272.5,270.1,269.6,269.0,269.4,318.9,757.0,60.21,219.9,1379790.0,322.2,241.3,5.0,0.0,0.0,0.0,0.0,0.0,0.0,0.0,0.0,25.99,36.38,933.0,274.6,271.2,275.5,60.0,59.9,74.7,0.0,269.6,269.0,271.0,219.6,26.83,221.2,601.0,1370252.0,41170.0,126373.0,0.993,0.979,0.748,0.921,104.7,106.0,104.7,104.4,105.3,103.8,89.9,33.5,33.91,33.52,33.4,33.69,33.21,28.78,42860.0,43513.0,43088.0,42937.0,43814.0,41577.0,37691.0,,0.0,0.0,,,2.0,-1.0,13.5,0.018,0.241,3.0,2.0,0.0,0.0,37.55,38.06,40.43,39.13,39.71,36.93,40.15,38.75,39.46,51.84
2016-06-07 10:03:00-05:00,928.57477,958.19556,502636.0,32.37,0.0,949.0,26.0,323.0,273.5,272.3,269.9,267.2,266.8,267.1,322.1,744.0,60.15,217.8,1379794.0,324.1,239.6,5.0,0.0,0.0,0.0,0.0,0.0,0.0,0.0,0.0,25.86,37.56,928.0,271.9,268.7,272.8,60.0,59.9,74.7,0.0,269.0,269.0,270.9,217.4,26.41,219.0,601.0,1370256.0,41170.0,126374.0,0.993,0.979,0.748,0.921,102.8,104.3,102.5,102.3,104.4,101.5,88.8,33.19,33.67,33.08,33.03,33.7,32.76,28.68,42861.0,43513.0,43089.0,42937.0,43814.0,41577.0,37692.0,1.952,312.2,28.44,4.4,3.528,2.0,-1.0,13.5,0.018,0.241,3.0,2.0,0.0,0.0,38.84,38.85,41.76,40.18,41.0,38.34,41.29,40.11,40.44,51.84
2016-06-07 10:04:00-05:00,961.1271,994.06,502637.0,32.37,0.0,973.0,26.19,319.7,273.5,272.4,269.9,273.5,273.1,273.4,317.9,768.5,60.17,223.1,1379797.0,322.9,244.3,5.0,0.0,0.0,0.0,0.0,0.0,0.0,0.0,0.0,26.08,37.36,934.0,278.2,274.8,279.3,60.0,59.9,74.7,0.0,269.1,269.0,271.0,222.5,27.21,224.1,601.0,1370260.0,41170.0,126374.0,0.993,0.979,0.748,0.921,104.9,105.3,105.8,106.0,106.6,104.6,91.9,33.54,33.65,33.82,33.9,34.08,33.43,29.38,42861.0,43514.0,43089.0,42938.0,43815.0,41578.0,37692.0,3.677,292.6,17.26,5.7,3.527,2.0,-1.0,13.5,0.017,0.242,3.0,2.0,0.0,0.0,38.7,39.13,42.78,41.03,41.81,38.73,42.44,40.34,41.75,51.76
2016-06-07 10:05:00-05:00,591.6456,622.07904,502638.0,32.37,0.0,613.6,26.18,325.1,272.7,271.4,269.1,181.6,180.9,181.3,324.9,496.8,60.23,146.4,1379800.0,325.4,161.2,5.0,0.0,0.0,0.0,0.0,0.0,0.0,0.0,0.0,26.11,37.37,589.5,179.4,181.0,179.4,60.0,59.9,74.7,0.0,269.0,269.0,270.7,144.3,14.92,145.0,601.0,1370262.0,41170.0,126374.0,0.995,0.979,0.748,0.921,66.02,66.69,65.83,66.98,67.75,65.16,58.85,21.43,21.65,21.37,21.73,21.99,21.15,19.09,42862.0,43514.0,43089.0,42938.0,43815.0,41578.0,37693.0,3.165,291.4,16.21,4.7,3.527,2.0,-1.0,13.5,0.017,0.237,3.0,2.0,0.0,0.0,38.18,39.11,43.07,41.36,42.25,38.78,42.51,40.41,41.96,51.76
2016-06-07 10:06:00-05:00,847.9067,877.1645,502639.0,32.37,0.0,881.0,26.44,325.2,273.1,272.1,269.6,245.9,245.4,245.6,325.0,675.7,60.23,199.9,1379803.0,327.0,219.4,5.0,0.0,0.0,0.0,0.0,0.0,0.0,0.0,0.0,26.36,38.17,894.0,248.6,246.8,248.9,60.0,59.9,74.7,0.0,269.0,269.0,270.7,199.2,23.56,200.6,601.0,1370265.0,41170.0,126375.0,0.993,0.979,0.748,0.921,94.2,98.2,92.7,93.0,98.6,91.1,80.2,30.61,31.91,30.1,30.2,32.05,29.61,26.06,42862.0,43515.0,43090.0,42939.0,43815.0,41579.0,37693.0,2.807,274.2,13.87,4.4,3.526,2.0,-1.0,13.5,0.018,0.239,3.0,2.0,0.0,0.0,38.76,39.53,42.96,41.35,42.31,38.83,42.45,40.49,42.04,51.76
2016-06-07 10:07:00-05:00,973.00757,1006.38837,502640.0,32.37,0.0,993.0,26.32,319.5,273.4,272.4,269.8,275.2,274.8,275.1,318.8,773.0,60.23,224.4,1379807.0,319.8,246.4,5.0,0.0,0.0,0.0,0.0,0.0,0.0,0.0,0.0,26.23,39.38,973.0,280.3,276.9,281.3,60.0,59.9,74.7,0.0,269.0,269.0,270.4,223.9,27.45,225.6,601.0,1370269.0,41170.0,126375.0,0.993,0.979,0.748,0.921,106.9,108.8,106.3,106.3,108.0,105.3,91.4,34.14,34.75,33.95,33.94,34.5,33.64,29.18,42863.0,43515.0,43090.0,42939.0,43816.0,41579.0,37693.0,2.615,296.8,16.22,4.3,3.524,2.0,-1.0,13.51,0.018,0.242,3.0,2.0,0.0,0.0,40.45,40.29,44.07,42.4,43.47,39.71,43.67,41.42,43.33,51.76
2016-06-07 10:08:00-05:00,996.76843,1028.8036,502641.0,32.38,0.0,1016.0,26.49,318.7,273.8,272.5,270.0,278.9,279.0,279.1,318.6,786.6,60.18,227.9,1379810.0,320.6,250.6,5.0,0.0,0.0,0.0,0.0,0.0,0.0,0.0,0.0,26.49,40.77,982.0,284.4,280.9,285.6,60.0,59.9,74.7,0.0,269.1,269.0,271.0,227.5,27.97,229.2,601.0,1370273.0,41170.0,126376.0,0.993,0.979,0.748,0.921,109.1,109.8,108.3,108.5,109.2,107.8,93.0,34.77,34.98,34.52,34.58,34.78,34.37,29.65,42863.0,43516.0,43091.0,42940.0,43816.0,41580.0,37694.0,,0.0,0.0,,,2.0,-1.0,13.51,0.018,0.242,3.0,2.0,0.0,0.0,41.98,41.6,45.17,43.46,44.5,40.97,44.92,42.72,44.48,51.68
2016-06-07 10:09:00-05:00,977.75977,1008.62994,502642.0,32.41,0.0,995.0,26.94,318.0,273.6,272.3,269.8,272.6,272.5,272.7,317.5,769.1,60.14,222.4,1379814.0,319.1,244.1,5.0,0.0,0.0,0.0,0.0,0.0,0.0,0.0,0.0,26.93,42.65,961.0,277.6,274.3,278.7,60.0,59.9,74.7,0.0,269.0,269.0,270.6,221.9,27.08,223.6,601.0,1370276.0,41170.0,126376.0,0.993,0.979,0.748,0.921,106.3,107.5,106.0,105.8,106.7,105.4,91.0,33.81,34.18,33.7,33.65,33.92,33.53,28.95,42863.0,43516.0,43091.0,42940.0,43817.0,41580.0,37694.0,2.46,290.6,14.45,5.7,3.527,2.0,-1.0,13.5,0.018,0.242,3.0,2.0,0.0,0.0,43.82,43.25,46.31,44.87,45.8,42.45,46.08,44.19,45.87,51.66
2016-06-07 10:10:00-05:00,968.2554,996.3015,502643.0,32.45,0.0,983.0,26.71,316.6,273.2,272.4,269.9,268.9,268.4,268.6,315.9,761.8,60.15,219.1,1379817.0,317.8,240.6,5.0,0.0,0.0,0.0,0.0,0.0,0.0,0.0,0.0,26.64,42.57,949.0,273.6,270.4,274.5,60.0,59.9,74.7,0.0,269.0,269.0,270.4,218.7,26.57,220.3,601.0,1370280.0,41170.0,126377.0,0.993,0.979,0.748,0.921,105.3,106.0,104.9,105.0,105.7,103.9,90.4,33.32,33.55,33.2,33.25,33.45,32.9,28.6,42864.0,43517.0,43092.0,42941.0,43817.0,41581.0,37695.0,,0.0,0.0,,,2.5,-1.0,13.51,0.018,0.242,3.0,2.0,0.0,0.0,44.07,43.85,47.32,45.74,46.83,42.94,47.06,45.19,46.46,51.66
2016-06-07 10:11:00-05:00,958.75104,985.09393,502644.0,32.49,0.0,972.0,26.23,315.6,273.6,272.2,269.7,265.5,264.8,265.1,314.7,754.4,60.16,216.2,1379821.0,317.2,237.4,5.0,0.0,0.0,0.0,0.0,0.0,0.0,0.0,0.0,26.25,42.14,937.0,269.9,266.8,270.6,60.0,59.9,74.7,0.0,269.1,269.0,270.6,215.8,26.08,217.3,601.0,1370284.0,41170.0,126377.0,0.993,0.979,0.748,0.921,104.5,105.2,103.7,103.7,104.9,103.1,89.3,32.96,33.19,32.74,32.74,33.1,32.55,28.18,42864.0,43517.0,43092.0,42941.0,43818.0,41581.0,37695.0,2.537,309.9,9.0,4.4,3.527,2.0,-1.0,13.51,0.018,0.241,3.0,2.0,0.0,0.0,43.32,44.11,47.98,46.1,47.25,43.38,47.35,45.53,46.7,51.66
2016-06-07 10:12:00-05:00,953.9989,978.3693,502645.0,32.54,0.0,965.0,26.52,315.1,273.5,272.3,269.7,262.8,262.2,262.5,314.4,747.6,60.14,214.0,1379824.0,315.9,235.1,5.0,0.0,0.0,0.0,0.0,0.0,0.0,0.0,0.0,26.47,43.04,930.0,267.0,264.0,267.7,60.0,59.9,74.7,0.0,269.0,269.0,270.5,213.5,25.69,215.0,601.0,1370287.0,41170.0,126377.0,0.993,0.979,0.748,0.921,103.3,104.1,103.0,102.7,103.5,102.1,88.7,32.55,32.81,32.46,32.35,32.62,32.18,27.95,42865.0,43518.0,43093.0,42942.0,43818.0,41582.0,37696.0,2.557,296.9,12.28,3.6,3.526,2.0,-1.0,13.5,0.018,0.241,3.0,2.0,0.0,0.0,43.71,44.8,48.57,46.82,48.19,44.05,47.91,46.21,47.06,51.66
2016-06-07 10:13:00-05:00,957.563,978.3693,502646.0,32.6,0.0,963.0,26.72,312.0,273.5,272.4,269.9,261.6,260.9,261.2,310.0,750.9,60.16,213.1,1379828.0,314.8,232.8,5.0,0.0,0.0,0.0,0.0,0.0,0.0,0.0,0.0,26.67,44.65,930.0,265.7,262.7,266.3,60.0,59.9,74.7,0.0,269.6,269.0,270.8,212.5,25.51,214.0,601.0,1370291.0,41170.0,126378.0,0.993,0.979,0.748,0.921,104.1,104.4,103.3,103.2,103.9,102.5,88.9,32.46,32.57,32.23,32.2,32.42,31.98,27.72,42865.0,43518.0,43093.0,42942.0,43819.0,41582.0,37696.0,2.625,296.8,16.05,4.8,3.526,2.0,-1.0,13.5,0.018,0.241,3.0,2.0,0.0,0.0,45.23,45.73,49.45,47.86,49.01,45.2,48.65,47.32,47.99,51.75
2016-06-07 10:14:00-05:00,964.6913,981.73157,502647.0,32.69,0.0,964.0,26.8,311.3,273.9,272.3,269.9,261.3,260.8,261.0,311.4,752.2,60.18,213.0,1379831.0,312.2,234.2,5.0,0.0,0.0,0.0,0.0,0.0,0.0,0.0,0.0,26.84,44.9,932.0,265.5,262.5,266.1,60.0,59.9,74.7,0.0,270.0,269.0,271.0,212.4,25.55,214.0,601.0,1370294.0,41170.0,126378.0,0.993,0.979,0.748,0.921,104.5,104.8,103.6,103.4,104.0,102.8,89.0,32.51,32.62,32.26,32.19,32.37,32.01,27.71,42866.0,43518.0,43094.0,42942.0,43819.0,41582.0,37697.0,2.675,309.7,8.83,4.8,3.528,2.0,-1.0,13.5,0.018,0.241,3.0,2.0,0.0,0.0,45.7,45.81,49.77,47.95,48.95,45.25,48.76,47.45,47.9,51.74
2016-06-07 10:15:00-05:00,988.45215,1001.90533,502648.0,32.76,0.0,982.0,26.69,307.4,273.4,272.3,269.9,265.5,264.8,265.2,307.6,771.8,60.19,216.3,1379835.0,309.5,237.4,5.0,0.0,0.0,0.0,0.0,0.0,0.0,0.0,0.0,26.68,45.19,951.0,270.0,266.6,270.6,60.0,59.9,74.7,0.0,269.3,269.0,270.7,215.8,26.03,217.3,601.0,1370298.0,41170.0,126379.0,0.993,0.979,0.748,0.921,107.4,108.3,106.8,106.3,106.8,106.4,91.7,33.01,33.27,32.83,32.68,32.82,32.72,28.19,42866.0,43519.0,43094.0,42943.0,43820.0,41583.0,37697.0,3.038,298.9,9.71,4.9,3.527,2.0,-1.0,13.5,0.018,0.241,3.0,2.0,0.0,0.0,45.79,46.34,50.2,48.43,49.58,45.55,48.94,47.89,47.98,51.72
2016-06-07 10:16:00-05:00,1024.0935,1034.4075,502649.0,32.83,0.0,1012.0,26.55,306.5,273.2,272.3,269.8,272.0,271.6,271.9,305.5,795.5,60.16,221.6,1379839.0,307.6,243.0,5.0,0.0,0.0,0.0,0.0,0.0,0.0,0.0,0.0,26.56,44.75,982.0,277.4,273.7,278.3,60.0,59.9,74.7,0.0,269.0,269.0,270.1,221.5,26.95,223.1,601.0,1370302.0,41170.0,126379.0,0.993,0.979,0.748,0.921,111.0,111.9,109.9,109.2,110.2,110.1,94.2,34.02,34.29,33.67,33.46,33.78,33.75,28.88,42867.0,43519.0,43095.0,42943.0,43820.0,41583.0,37698.0,1.99,298.7,13.6,4.8,3.527,2.0,-1.0,13.5,0.018,0.242,3.0,2.0,0.0,0.0,45.82,46.69,50.69,48.7,49.67,45.22,49.31,48.06,48.47,51.76
2016-06-07 10:17:00-05:00,1051.4185,1056.8226,502650.0,32.91,0.0,1036.0,26.56,305.9,273.3,272.4,269.8,276.7,276.6,276.8,307.5,809.0,60.13,225.8,1379842.0,307.6,248.9,5.0,0.0,0.0,0.0,0.0,0.0,0.0,0.0,0.0,26.64,45.74,1006.0,282.2,278.3,283.3,60.0,59.9,74.7,0.0,269.0,269.0,270.3,225.4,27.51,227.1,601.0,1370305.0,41170.0,126380.0,0.993,0.979,0.748,0.921,113.0,113.5,111.9,111.8,112.1,111.5,95.8,34.57,34.72,34.21,34.18,34.3,34.09,29.29,42867.0,43520.0,43095.0,42944.0,43821.0,41584.0,37698.0,1.837,307.4,17.86,3.9,3.527,2.0,-1.0,13.5,0.019,0.242,3.0,2.0,0.0,0.0,46.36,47.63,51.25,49.25,50.54,45.88,49.92,48.93,49.27,51.84
2016-06-07 10:18:00-05:00,1070.4271,1074.7549,502651.0,32.99,0.0,1054.0,26.72,305.2,274.1,272.7,270.2,279.5,279.1,279.4,304.7,821.0,60.18,228.4,1379846.0,305.2,250.2,5.0,0.0,0.0,0.0,0.0,0.0,0.0,0.0,0.0,26.9,46.78,1024.0,285.0,281.2,286.2,60.0,59.9,74.7,0.0,269.8,269.0,271.0,228.0,27.96,229.7,601.0,1370309.0,41170.0,126380.0,0.993,0.979,0.748,0.921,114.9,115.1,113.7,113.4,114.0,112.9,97.5,35.06,35.12,34.71,34.6,34.8,34.44,29.77,42868.0,43520.0,43096.0,42944.0,43821.0,41584.0,37699.0,2.27,254.7,24.85,3.8,3.528,2.0,-1.0,13.5,0.019,0.242,3.0,2.0,0.0,0.0,47.67,48.59,51.84,49.94,50.92,47.51,50.71,49.67,50.15,51.92
2016-06-07 10:19:00-05:00,1089.4358,1092.6871,502652.0,33.08,0.0,1073.0,26.46,304.1,274.0,272.8,270.2,282.3,282.2,282.3,302.6,834.0,60.15,230.8,1379850.0,304.4,252.3,5.0,0.0,0.0,0.0,0.0,0.0,0.0,0.0,0.0,26.55,46.41,1040.0,288.2,284.3,289.5,60.0,59.9,74.7,0.0,269.8,269.0,271.0,230.5,28.38,232.3,601.0,1370313.0,41170.0,126381.0,0.993,0.979,0.748,0.921,116.6,116.6,115.1,114.8,115.7,114.3,98.8,35.46,35.47,35.01,34.9,35.19,34.75,30.04,42868.0,43521.0,43096.0,42945.0,43822.0,41585.0,37699.0,2.26,291.6,14.84,4.3,3.527,2.0,-1.0,13.5,0.019,0.243,3.0,2.0,0.0,0.0,47.69,48.61,52.51,50.71,51.76,47.55,51.24,50.25,50.91,52.0
2016-06-07 10:20:00-05:00,1070.4271,1076.9963,502653.0,33.17,0.0,1063.0,26.56,307.8,274.0,272.8,270.3,278.1,278.0,278.1,306.6,811.0,60.15,227.4,1379853.0,308.7,248.7,5.0,0.0,0.0,0.0,0.0,0.0,0.0,0.0,0.0,26.7,46.62,1025.0,283.5,280.0,284.7,60.0,59.9,74.7,0.0,269.8,269.0,271.0,226.9,27.78,228.6,601.0,1370317.0,41170.0,126381.0,0.993,0.979,0.748,0.921,113.3,113.9,112.0,112.0,113.2,111.4,96.2,34.85,35.04,34.45,34.46,34.82,34.27,29.61,42869.0,43522.0,43097.0,42945.0,43822.0,41585.0,37700.0,2.013,302.7,13.62,3.7,3.527,2.0,-1.0,13.5,0.019,0.243,3.0,2.0,0.0,0.0,47.47,48.7,52.96,50.94,52.11,47.56,51.51,50.46,51.19,52.09
2016-06-07 10:21:00-05:00,953.9989,970.524,502654.0,33.26,0.0,948.0,26.81,307.3,273.4,272.3,269.9,254.4,253.5,253.8,306.5,739.8,60.14,206.9,1379857.0,308.3,226.7,5.0,0.0,0.0,0.0,0.0,0.0,0.0,0.0,0.0,26.96,46.89,901.0,257.6,255.0,257.9,60.0,59.9,74.7,0.0,269.0,269.0,271.0,206.0,24.6,207.5,601.0,1370320.0,41170.0,126381.0,0.993,0.979,0.748,0.921,101.6,101.3,101.4,101.1,100.4,101.0,87.6,31.21,31.12,31.16,31.04,30.83,31.02,26.92,42869.0,43522.0,43097.0,42946.0,43823.0,41586.0,37700.0,1.872,268.4,14.62,3.0,3.527,2.0,-1.0,13.5,0.019,0.242,3.0,2.0,0.0,0.0,47.58,49.3,53.57,51.76,52.82,48.83,51.98,51.25,51.82,52.2
2016-06-07 10:22:00-05:00,611.6048,630.821,502655.0,33.35,0.0,623.3,27.04,315.8,272.6,271.7,269.5,171.0,170.4,170.8,314.3,484.2,60.15,137.8,1379859.0,316.3,151.8,5.0,0.0,0.0,0.0,0.0,0.0,0.0,0.0,0.0,27.3,47.1,600.3,169.3,170.4,169.2,60.0,59.9,74.7,0.0,269.5,269.0,271.0,136.3,13.49,137.0,601.0,1370322.0,41170.0,126382.0,0.996,0.979,0.748,0.921,65.36,66.22,65.19,65.79,66.89,64.34,57.29,20.6,20.88,20.55,20.73,21.09,20.28,18.06,42870.0,43523.0,43098.0,42946.0,43823.0,41586.0,37700.0,1.208,240.1,20.29,3.1,3.527,2.0,-1.0,13.5,0.019,0.236,3.0,2.0,0.0,0.0,47.87,49.86,53.28,52.11,53.18,49.41,51.24,51.6,51.98,52.3
2016-06-07 10:23:00-05:00,837.4519,863.3791,502656.0,33.44,0.0,850.0,27.27,312.6,273.3,272.3,270.0,228.6,228.0,228.2,311.6,653.0,60.13,185.7,1379862.0,314.1,203.0,5.0,0.0,0.0,0.0,0.0,0.0,0.0,0.0,0.0,27.74,47.0,821.0,229.9,229.0,230.2,60.0,59.9,74.7,0.0,269.5,269.0,271.0,184.4,21.0,185.6,601.0,1370326.0,41170.0,126382.0,0.994,0.979,0.748,0.921,92.3,91.4,89.9,88.4,88.7,89.9,76.17,28.8,28.51,28.02,27.55,27.68,28.05,23.75,42870.0,43523.0,43098.0,42947.0,43824.0,41587.0,37701.0,1.213,202.7,51.19,2.4,3.527,2.0,-1.0,13.46,-0.043,0.239,3.0,2.0,0.0,0.001,48.12,49.66,52.6,51.5,52.05,49.27,50.52,51.21,51.65,52.42
2016-06-07 10:24:00-05:00,996.76843,1027.6829,502657.0,33.51,0.0,1006.0,27.18,310.3,274.0,272.7,270.2,268.0,267.6,267.7,309.2,776.0,60.14,218.7,1379866.0,311.0,239.8,5.0,0.0,0.0,0.0,0.0,0.0,0.0,0.0,0.0,27.54,46.8,975.0,272.7,269.4,273.5,60.0,59.9,74.7,0.0,269.7,269.0,271.0,218.2,26.33,219.8,601.0,1370329.0,41170.0,126382.0,0.993,0.979,0.748,0.921,106.9,108.6,106.9,105.2,106.7,106.3,92.5,33.16,33.7,33.16,32.64,33.1,32.99,28.71,42871.0,43523.0,43098.0,42947.0,43824.0,41587.0,37701.0,2.435,281.5,16.87,4.8,3.527,2.0,-1.0,13.46,-0.017,0.243,3.0,2.0,0.0,0.001,48.39,49.69,52.63,51.25,52.14,48.84,50.74,51.16,51.87,52.45
2016-06-07 10:25:00-05:00,996.76843,1027.6829,502658.0,33.57,0.0,1007.0,26.48,311.3,273.7,272.6,270.1,268.7,268.5,268.5,310.8,774.7,60.17,219.4,1379869.0,313.4,240.8,5.0,0.0,0.0,0.0,0.0,0.0,0.0,0.0,0.0,26.57,43.18,978.0,273.4,270.4,274.2,60.0,59.9,74.7,0.0,269.3,269.0,271.0,218.8,26.53,220.4,601.0,1370333.0,41170.0,126383.0,0.993,0.979,0.748,0.921,107.3,108.9,106.8,106.1,107.4,106.3,92.1,33.4,33.9,33.24,33.02,33.41,33.1,28.67,42871.0,43524.0,43099.0,42948.0,43824.0,41588.0,37702.0,3.668,283.8,11.29,5.1,3.528,2.0,-1.0,13.47,0.007,0.242,3.0,2.0,0.0,0.001,44.94,47.03,51.59,49.79,50.66,46.01,50.32,48.76,51.12,52.56
2016-06-07 10:26:00-05:00,996.76843,1027.6829,502659.0,33.63,0.0,1008.0,26.68,308.0,273.5,272.4,270.0,269.1,268.7,268.8,307.3,782.9,60.12,219.4,1379873.0,312.5,240.5,5.0,0.0,0.0,0.0,0.0,0.0,0.0,0.0,0.0,26.77,44.36,977.0,273.8,270.4,274.6,60.0,59.9,74.7,0.0,269.0,269.0,271.0,218.8,26.51,220.4,601.0,1370337.0,41170.0,126383.0,0.993,0.979,0.748,0.921,108.1,110.7,108.2,106.5,108.0,108.5,93.3,33.3,34.1,33.33,32.79,33.27,33.4,28.72,42872.0,43524.0,43099.0,42948.0,43825.0,41588.0,37702.0,,0.0,0.0,,,2.0,-1.0,13.47,0.012,0.242,3.0,2.0,0.0,0.001,45.34,47.34,51.82,50.01,51.33,47.11,50.38,49.81,51.34,52.64
2016-06-07 10:27:00-05:00,983.69995,1014.23364,502660.0,33.68,0.0,994.0,26.9,308.8,273.4,272.2,269.8,265.4,264.9,265.0,308.3,769.4,60.13,216.2,1379876.0,310.8,237.1,5.0,0.0,0.0,0.0,0.0,0.0,0.0,0.0,0.0,27.0,45.1,963.0,269.8,266.6,270.5,60.0,59.9,74.7,0.0,269.0,269.0,270.7,215.6,25.97,217.1,601.0,1370340.0,41170.0,126384.0,0.993,0.979,0.748,0.921,107.5,108.0,105.9,105.9,107.2,105.6,90.9,33.2,33.36,32.7,32.7,33.08,32.59,28.06,42872.0,43525.0,43100.0,42948.0,43825.0,41588.0,37703.0,2.268,280.8,22.72,3.6,3.527,2.0,-1.0,13.47,0.014,0.242,3.0,2.0,0.0,0.001,46.01,47.71,52.03,50.36,51.64,47.04,50.67,49.61,51.61,52.74
2016-06-07 10:28:00-05:00,974.1956,1004.1468,502661.0,33.74,0.0,984.0,27.12,307.6,273.5,272.2,269.8,262.4,261.8,262.0,306.2,763.7,60.14,213.7,1379880.0,308.9,233.8,5.0,0.0,0.0,0.0,0.0,0.0,0.0,0.0,0.0,27.38,46.56,953.0,266.6,263.5,267.2,60.0,59.9,74.7,0.0,269.0,269.0,271.0,213.1,25.59,214.6,601.0,1370344.0,41170.0,126384.0,0.993,0.979,0.748,0.921,105.9,106.7,106.2,105.4,105.5,104.3,91.2,32.57,32.8,32.65,32.4,32.44,32.07,28.06,42873.0,43525.0,43100.0,42949.0,43826.0,41589.0,37703.0,2.21,251.7,31.08,3.5,3.528,2.0,-1.0,13.47,0.014,0.242,3.0,2.0,0.0,0.001,47.57,48.96,52.37,51.18,52.16,48.09,51.1,51.03,52.06,52.82
2016-06-07 10:29:00-05:00,964.6913,995.1807,502662.0,33.79,0.0,975.0,26.97,307.3,273.2,272.1,269.7,260.0,259.4,259.6,307.9,757.0,60.19,211.5,1379883.0,308.7,233.1,5.0,0.0,0.0,0.0,0.0,0.0,0.0,0.0,0.0,27.46,47.69,945.0,264.0,261.1,264.4,60.0,59.9,74.7,0.0,269.0,269.0,270.4,210.9,25.3,212.4,601.0,1370347.0,41170.0,126385.0,0.993,0.979,0.748,0.921,104.7,105.7,104.2,103.5,104.7,103.4,89.8,32.17,32.49,32.04,31.81,32.16,31.77,27.6,42873.0,43526.0,43101.0,42949.0,43826.0,41589.0,37703.0,1.698,223.4,28.43,2.9,3.528,2.0,-1.0,13.47,0.015,0.242,3.0,2.0,0.0,0.0,48.71,50.09,53.03,52.08,52.84,50.2,51.11,52.52,52.89,52.87
2016-06-07 10:30:00-05:00,964.6913,992.9392,502663.0,33.84,0.0,973.0,27.07,305.1,273.4,272.0,269.6,259.1,258.2,258.5,303.9,759.4,60.13,210.7,1379887.0,302.2,230.7,5.0,0.0,0.0,0.0,0.0,0.0,0.0,0.0,0.0,27.72,48.67,944.0,263.1,260.1,263.5,60.0,59.9,74.7,0.0,269.0,269.0,270.3,210.1,25.15,211.6,601.0,1370351.0,41170.0,126385.0,0.993,0.979,0.748,0.921,104.8,106.4,104.7,103.4,104.8,104.0,90.6,31.96,32.45,31.94,31.55,31.97,31.75,27.63,42874.0,43526.0,43101.0,42950.0,43827.0,41590.0,37704.0,1.273,221.0,30.95,2.4,3.528,2.0,-1.0,13.47,0.015,0.242,3.0,2.0,0.0,0.0,49.82,50.89,53.65,52.93,53.62,51.06,51.29,52.94,53.47,52.97
2016-06-07 10:31:00-05:00,967.0673,995.1807,502664.0,33.9,0.0,982.0,27.24,304.2,273.4,272.0,269.6,259.4,258.5,258.8,303.0,762.6,60.15,210.9,1379890.0,304.4,231.0,5.0,0.0,0.0,0.0,0.0,0.0,0.0,0.0,0.0,27.97,49.13,948.0,263.4,260.4,263.8,60.0,59.9,74.7,0.0,269.0,269.0,270.2,210.3,25.23,211.9,601.0,1370354.0,41170.0,126385.0,0.993,0.979,0.748,0.921,105.4,106.5,105.2,104.4,105.7,104.1,91.2,32.06,32.38,32.0,31.77,32.16,31.67,27.75,42874.0,43527.0,43102.0,42950.0,43827.0,41590.0,37704.0,2.167,260.6,26.72,4.9,3.527,2.0,-1.0,13.47,0.016,0.242,3.0,2.0,0.0,0.0,50.37,51.06,53.72,53.0,53.35,51.0,51.56,53.28,53.74,53.02
2016-06-07 10:32:00-05:00,976.57166,1006.38837,502665.0,33.95,0.0,986.0,27.51,303.5,273.0,272.1,269.6,261.8,260.8,261.1,302.2,770.7,60.14,212.8,1379894.0,304.2,232.9,5.0,0.0,0.0,0.0,0.0,0.0,0.0,0.0,0.0,28.14,49.29,957.0,265.9,262.8,266.4,60.0,59.9,74.7,0.0,269.0,269.0,270.0,212.2,25.55,213.8,601.0,1370358.0,41170.0,126386.0,0.993,0.979,0.748,0.921,106.7,107.9,106.3,105.5,107.0,105.8,92.0,32.38,32.75,32.26,32.01,32.46,32.12,27.91,42874.0,43527.0,43102.0,42951.0,43828.0,41591.0,37705.0,2.35,242.6,17.97,3.6,3.528,2.0,-1.0,13.47,0.016,0.242,3.0,2.0,0.0,0.0,50.8,51.06,53.73,53.03,53.4,50.98,51.85,53.04,53.25,53.08
2016-06-07 10:33:00-05:00,996.76843,1028.8036,502666.0,34.0,0.0,1007.0,27.15,301.5,273.2,272.1,269.6,266.5,265.7,266.0,300.3,790.0,60.15,216.8,1379897.0,302.4,237.2,5.0,0.0,0.0,0.0,0.0,0.0,0.0,0.0,0.0,27.81,50.09,980.0,271.1,267.7,271.7,60.0,59.9,74.7,0.0,269.0,268.9,270.0,216.3,26.18,217.9,601.0,1370361.0,41170.0,126386.0,0.993,0.979,0.748,0.921,109.4,110.5,109.1,108.6,109.8,108.1,94.3,32.98,33.32,32.9,32.74,33.11,32.6,28.44,42875.0,43528.0,43103.0,42951.0,43828.0,41591.0,37705.0,2.258,229.4,16.57,3.7,3.526,2.0,-1.0,13.47,0.016,0.243,3.0,2.0,0.0,0.0,51.34,51.54,54.05,53.51,53.38,51.84,51.57,54.1,53.73,53.18
2016-06-07 10:34:00-05:00,1013.40106,1048.9773,502667.0,34.05,0.0,1029.0,27.15,302.4,273.3,272.0,269.6,270.8,270.3,270.5,301.6,801.0,60.15,220.5,1379901.0,302.9,241.6,5.0,0.0,0.0,0.0,0.0,0.0,0.0,0.0,0.0,27.96,50.09,999.0,275.7,272.2,276.5,60.0,59.9,74.7,0.0,269.0,268.9,270.0,220.0,26.76,221.6,601.0,1370365.0,41170.0,126387.0,0.993,0.979,0.748,0.921,110.9,112.2,110.5,110.0,111.5,109.9,95.8,33.54,33.93,33.4,33.26,33.71,33.23,28.96,42875.0,43528.0,43103.0,42952.0,43829.0,41592.0,37706.0,2.137,230.1,16.24,3.5,3.528,2.0,-1.0,13.47,0.016,0.243,3.0,2.0,0.0,0.0,51.69,52.0,54.48,53.98,53.76,52.4,51.87,54.77,54.24,53.16
2016-06-07 10:35:00-05:00,1016.96515,1054.5812,502668.0,34.1,0.0,1038.0,27.12,303.2,273.4,272.2,269.7,271.6,271.3,271.5,302.5,802.0,60.14,221.4,1379904.0,304.5,242.6,5.0,0.0,0.0,0.0,0.0,0.0,0.0,0.0,0.0,27.9,50.11,1004.0,276.6,273.1,277.4,60.0,59.9,74.7,0.0,269.0,269.0,270.1,220.9,26.89,222.5,601.0,1370369.0,41170.0,126387.0,0.993,0.979,0.748,0.921,110.9,112.2,110.4,110.2,111.9,109.9,95.9,33.63,34.01,33.47,33.4,33.92,33.32,29.07,42876.0,43529.0,43104.0,42952.0,43829.0,41592.0,37706.0,1.782,247.5,19.6,2.4,3.528,2.0,-1.0,13.47,0.016,0.243,3.0,2.0,0.0,0.0,51.97,52.18,54.62,54.27,53.94,52.73,52.03,54.91,54.46,53.26
2016-06-07 10:36:00-05:00,1018.15326,1056.8226,502669.0,34.14,0.0,1040.0,27.07,302.1,273.4,272.3,269.8,271.7,271.4,271.5,301.1,805.0,60.14,221.5,1379908.0,302.8,242.5,5.0,0.0,0.0,0.0,0.0,0.0,0.0,0.0,0.0,27.95,50.94,1007.0,276.8,273.3,277.6,60.0,59.9,74.7,0.0,269.0,269.0,270.2,221.0,26.92,222.7,601.0,1370372.0,41170.0,126388.0,0.993,0.979,0.748,0.921,111.2,112.5,111.1,110.9,112.3,110.2,96.5,33.6,34.0,33.57,33.5,33.94,33.28,29.16,42876.0,43529.0,43104.0,42953.0,43830.0,41593.0,37707.0,1.64,256.0,24.91,2.8,3.527,2.0,-1.0,13.47,0.017,0.243,3.0,2.0,0.0,0.0,52.47,52.85,55.22,54.9,55.0,53.29,52.92,55.74,54.79,53.3
2016-06-07 10:37:00-05:00,1021.71735,1061.3057,502670.0,34.2,0.0,1047.0,26.96,302.2,273.4,272.4,269.9,272.0,271.5,271.7,301.3,806.0,60.14,221.7,1379912.0,303.0,242.9,5.0,0.0,0.0,0.0,0.0,0.0,0.0,0.0,0.0,27.84,51.7,1011.0,277.1,273.6,277.9,60.0,59.9,74.7,0.0,269.0,269.0,270.2,221.3,26.93,222.9,601.0,1370376.0,41170.0,126388.0,0.993,0.979,0.748,0.921,111.4,112.7,111.1,110.9,112.6,110.4,96.7,33.67,34.05,33.58,33.52,34.01,33.35,29.21,42877.0,43530.0,43105.0,42953.0,43830.0,41593.0,37707.0,2.355,236.7,14.85,3.6,3.527,2.0,-1.0,13.47,0.017,0.243,3.0,2.0,0.0,0.0,53.31,53.14,55.8,55.36,55.16,53.44,53.14,56.14,55.42,53.35
2016-06-07 10:38:00-05:00,1025.2814,1065.7887,502671.0,34.24,0.0,1054.0,27.26,300.2,273.5,272.3,269.8,272.7,272.3,272.5,300.2,813.0,60.17,222.3,1379915.0,300.6,244.2,5.0,0.0,0.0,0.0,0.0,0.0,0.0,0.0,0.0,27.99,52.0,1018.0,277.9,274.3,278.8,60.0,59.9,74.7,0.0,269.0,269.0,270.4,221.9,26.99,223.6,601.0,1370380.0,41170.0,126389.0,0.993,0.979,0.748,0.921,112.8,114.1,112.2,111.9,114.1,111.6,97.6,33.85,34.24,33.68,33.59,34.23,33.5,29.3,42877.0,43530.0,43105.0,42954.0,43831.0,41594.0,37708.0,2.367,242.9,17.22,3.3,3.527,2.0,-1.0,13.47,0.017,0.244,3.0,2.0,0.0,0.0,53.84,53.41,55.81,55.43,55.28,53.48,53.52,56.13,55.61,53.39
2016-06-07 10:39:00-05:00,1040.726,1078.1172,502672.0,34.28,0.0,1059.0,27.13,299.4,273.4,272.3,269.8,274.7,274.4,274.6,299.2,822.0,60.17,224.1,1379919.0,300.8,245.9,5.0,0.0,0.0,0.0,0.0,0.0,0.0,0.0,0.0,27.97,52.97,1030.0,280.0,276.3,280.9,60.0,59.9,74.7,0.0,269.0,269.0,270.3,223.6,27.29,225.2,601.0,1370383.0,41170.0,126389.0,0.993,0.979,0.748,0.921,113.4,115.2,113.7,112.9,114.5,112.4,98.6,33.93,34.47,34.04,33.79,34.28,33.66,29.52,42878.0,43530.0,43105.0,42954.0,43831.0,41594.0,37708.0,1.203,212.9,20.83,2.6,3.527,2.0,-1.0,13.47,0.017,0.244,3.0,2.0,0.0,0.0,54.75,53.77,56.12,55.72,55.27,54.33,53.69,57.04,56.14,53.48
2016-06-07 10:40:00-05:00,1079.9314,1111.74,502673.0,34.34,0.0,1097.0,27.01,295.9,273.2,272.3,269.8,280.6,280.5,280.6,295.7,848.0,60.21,228.9,1379923.0,295.7,250.9,5.0,0.0,0.0,0.0,0.0,0.0,0.0,0.0,0.0,27.69,53.93,1062.0,286.5,282.7,287.6,60.0,59.9,74.7,0.0,269.0,268.9,270.1,228.6,28.15,230.4,601.0,1370387.0,41170.0,126389.0,0.993,0.979,0.748,0.921,117.9,119.2,117.3,117.0,118.7,116.6,101.8,34.88,35.29,34.72,34.62,35.13,34.52,30.11,42878.0,43531.0,43106.0,42955.0,43832.0,41595.0,37709.0,1.657,224.0,34.36,2.6,3.527,2.0,-1.0,13.47,0.017,0.244,3.0,2.0,0.0,0.0,55.69,54.55,57.03,56.45,56.52,54.98,54.67,57.68,56.85,53.51
2016-06-07 10:41:00-05:00,988.45215,1016.4752,502674.0,34.39,0.0,1001.0,27.31,297.2,273.3,271.9,269.4,259.3,258.7,258.9,295.3,778.9,60.21,210.9,1379926.0,298.2,229.9,5.0,0.0,0.0,0.0,0.0,0.0,0.0,0.0,0.0,27.91,54.12,964.0,262.6,260.2,263.3,60.0,59.9,74.7,0.0,269.0,268.9,270.0,209.8,25.25,211.3,601.0,1370391.0,41170.0,126390.0,0.993,0.979,0.748,0.921,107.5,108.1,106.3,106.1,107.6,106.3,91.7,31.92,32.12,31.57,31.51,31.97,31.57,27.24,42879.0,43532.0,43107.0,42955.0,43832.0,41595.0,37709.0,1.54,274.7,17.62,2.5,3.527,2.0,-1.0,13.47,0.017,0.243,3.0,2.0,0.0,0.0,56.03,53.94,56.81,56.19,56.76,53.49,54.91,56.51,56.94,53.62
2016-06-07 10:42:00-05:00,813.45337,830.09247,502675.0,34.45,0.0,832.0,27.65,300.4,272.6,271.4,269.1,218.5,217.6,217.9,299.7,644.1,60.22,176.7,1379929.0,301.5,193.1,5.0,0.0,0.0,0.0,0.0,0.0,0.0,0.0,0.0,28.2,53.31,815.0,218.9,218.7,218.8,60.0,59.9,74.7,0.0,269.0,268.7,270.0,175.2,19.77,176.3,601.0,1370394.0,41170.0,126390.0,0.994,0.979,0.748,0.921,90.1,91.0,88.6,88.0,89.6,88.3,76.05,27.07,27.36,26.61,26.44,26.93,26.5,22.84,42879.0,43532.0,43107.0,42956.0,43833.0,41596.0,37709.0,1.592,245.5,21.78,3.1,3.527,2.0,-1.0,13.47,0.017,0.24,3.0,2.0,0.0,0.0,55.2,53.68,55.86,55.53,55.86,53.19,54.23,55.76,56.31,53.74
2016-06-07 10:43:00-05:00,937.60394,957.0749,502676.0,34.52,0.0,941.0,27.58,357.3,271.7,270.7,268.5,135.0,134.6,134.7,355.1,373.7,60.23,109.0,1379931.0,357.2,120.5,4.667,0.0,0.0,0.0,0.0,0.0,0.0,0.0,0.0,28.06,52.5,896.0,138.1,138.0,138.0,60.0,59.9,74.7,0.0,268.9,268.3,270.0,106.6,8.68,110.0,601.0,1370395.0,41170.0,126390.0,0.663,0.979,0.748,0.921,46.02,48.73,47.67,46.92,49.81,45.94,43.53,15.02,16.02,15.53,15.22,16.35,14.91,14.26,42880.0,43532.0,43107.0,42956.0,43833.0,41596.0,37710.0,2.292,248.3,25.17,3.7,3.527,2.0,-1.0,13.47,0.017,0.242,3.0,2.0,0.0,0.0,54.55,53.27,55.32,55.2,55.13,52.78,53.71,55.44,56.19,53.84
2016-06-07 10:44:00-05:00,769.61456,778.3133,502677.0,34.57,0.0,780.9,27.16,359.5,271.7,270.8,268.7,148.4,148.0,148.1,358.6,373.1,60.16,118.8,1379933.0,360.7,133.8,5.0,0.0,0.0,0.0,0.0,0.0,0.0,0.0,0.0,27.48,49.92,745.5,145.5,147.7,144.8,60.0,59.9,74.7,0.0,269.0,268.8,270.0,117.1,10.48,117.6,601.0,1370397.0,41170.0,126391.0,0.996,0.979,0.748,0.921,48.34,52.01,49.61,48.56,52.17,47.52,43.69,17.38,18.7,17.83,17.45,18.76,17.08,15.7,42880.0,43533.0,43108.0,42956.0,43833.0,41596.0,37710.0,2.79,290.1,9.92,4.5,3.528,2.0,-1.0,13.47,0.017,0.24,3.0,2.0,0.0,0.0,51.36,51.97,54.59,53.91,54.42,50.32,53.2,53.91,55.23,53.88
2016-06-07 10:45:00-05:00,579.29,587.2233,502678.0,34.63,0.0,571.7,26.87,350.8,271.5,270.6,268.5,127.7,127.5,127.6,350.0,332.0,60.15,101.8,1379934.0,351.7,116.3,5.0,0.0,0.0,0.0,0.0,0.0,0.0,0.0,0.0,27.01,47.15,546.0,124.4,126.5,123.8,60.0,59.9,74.7,0.0,269.0,268.8,270.0,100.2,7.821,100.5,601.0,1370399.0,41170.0,126391.0,0.997,0.979,0.748,0.921,42.76,44.32,42.58,41.29,43.27,41.78,36.17,15.01,15.57,14.94,14.49,15.19,14.66,12.7,42880.0,43533.0,43108.0,42956.0,43833.0,41596.0,37710.0,2.658,298.2,22.61,5.1,3.528,2.0,-1.0,13.47,0.017,0.237,3.0,2.0,0.0,0.0,48.09,49.69,53.16,52.43,53.2,48.65,52.05,51.56,53.44,53.97
2016-06-07 10:46:00-05:00,447.65482,453.18018,502679.0,34.67,0.0,448.3,27.05,337.1,271.0,270.4,268.3,118.3,118.3,118.5,336.8,319.9,60.14,94.0,1379936.0,338.5,107.7,5.0,0.0,0.0,0.0,0.0,0.0,0.0,0.0,0.0,27.16,45.96,435.9,114.9,117.2,114.5,60.0,59.9,74.7,0.0,268.6,268.1,270.0,92.6,6.59,92.9,601.0,1370401.0,41170.0,126391.0,0.997,0.979,0.748,0.921,41.65,42.7,41.24,40.77,42.21,40.53,35.49,14.04,14.39,13.9,13.74,14.23,13.66,11.96,42880.0,43533.0,43108.0,42957.0,43834.0,41597.0,37710.0,2.687,281.9,13.11,5.0,3.526,2.0,-1.0,13.47,0.017,0.235,3.0,2.0,0.0,0.0,46.47,48.65,51.23,51.39,51.7,48.02,50.36,50.64,51.04,54.06
2016-06-07 10:47:00-05:00,415.1024,425.27322,502680.0,34.7,0.0,422.1,26.72,320.8,271.7,270.9,268.7,118.7,119.0,119.3,320.1,335.6,60.13,94.7,1379938.0,321.4,107.3,5.0,0.0,0.0,0.0,0.0,0.0,0.0,0.0,0.0,26.83,43.51,414.0,115.3,117.8,115.3,60.0,59.9,74.7,0.0,269.0,269.0,270.2,93.3,6.669,93.5,601.0,1370402.0,41170.0,126391.0,0.997,0.979,0.748,0.921,44.24,45.09,43.78,43.53,44.7,43.19,37.8,14.18,14.45,14.03,13.95,14.32,13.84,12.11,42881.0,43533.0,43108.0,42957.0,43834.0,41597.0,37711.0,2.9,291.6,10.84,3.7,3.528,2.0,-1.0,13.47,0.017,0.234,3.0,2.0,0.0,0.0,43.75,46.88,49.24,49.25,50.06,45.35,48.56,48.16,49.09,54.13
2016-06-07 10:48:00-05:00,506.46295,523.0036,502681.0,34.72,0.0,523.8,26.65,310.3,272.0,271.0,268.9,148.1,148.1,148.5,308.8,424.9,60.16,118.9,1379939.0,310.7,131.1,5.0,0.0,0.0,0.0,0.0,0.0,0.0,0.0,0.0,26.67,41.67,523.8,144.8,147.4,145.0,60.0,59.9,74.7,0.0,269.0,269.0,270.1,117.0,10.4,117.4,601.0,1370404.0,41170.0,126391.0,0.996,0.979,0.748,0.921,58.6,59.12,56.28,55.47,57.45,56.17,47.61,18.18,18.34,17.46,17.21,17.82,17.42,14.77,42881.0,43534.0,43108.0,42957.0,43834.0,41597.0,37711.0,2.325,321.8,17.74,3.4,3.527,2.0,-1.0,13.47,0.017,0.236,3.0,2.0,0.0,0.0,41.88,44.91,47.72,47.62,48.47,43.97,47.09,46.8,46.98,54.18
2016-06-07 10:49:00-05:00,552.91547,566.37714,502682.0,34.72,0.0,579.2,26.76,313.4,271.9,271.1,268.9,158.6,158.3,158.8,313.2,452.8,60.14,127.5,1379942.0,313.7,141.4,5.0,0.0,0.0,0.0,0.0,0.0,0.0,0.0,0.0,26.81,41.01,606.1,157.0,158.6,157.2,60.0,59.9,74.7,0.0,269.0,269.0,270.0,126.4,11.93,127.0,601.0,1370406.0,41170.0,126391.0,0.996,0.979,0.748,0.921,65.62,66.91,61.23,59.88,64.02,61.23,50.55,20.49,20.89,19.13,18.71,19.99,19.12,15.8,42881.0,43534.0,43109.0,42957.0,43834.0,41597.0,37711.0,2.265,258.4,34.39,4.1,3.525,2.0,-1.0,13.47,0.017,0.236,3.0,2.0,0.0,0.0,41.24,44.33,46.96,46.87,47.72,44.0,46.17,46.12,45.81,54.24
2016-06-07 10:50:00-05:00,1112.0087,1139.759,502683.0,34.69,0.0,1135.0,27.07,309.7,273.4,272.6,270.0,297.9,298.2,298.7,308.2,871.0,60.22,243.8,1379946.0,310.0,268.5,5.0,0.0,0.0,0.0,0.0,0.0,0.0,0.0,0.0,27.17,42.56,1126.0,305.1,301.1,307.5,60.0,59.9,74.7,0.0,269.0,268.9,270.2,243.8,30.66,245.8,601.0,1370410.0,41170.0,126392.0,0.992,0.979,0.748,0.921,122.7,123.8,119.4,118.4,122.2,119.7,101.3,37.96,38.32,36.97,36.66,37.81,37.05,31.37,42882.0,43535.0,43109.0,42958.0,43835.0,41598.0,37712.0,2.145,272.3,22.8,4.6,3.527,2.0,-1.0,13.47,0.018,0.244,3.0,2.0,0.0,0.0,43.25,45.12,47.66,47.15,48.04,44.64,47.1,47.1,46.98,54.28
2016-06-07 10:51:00-05:00,1173.7869,1200.2802,502684.0,34.69,0.0,1192.0,27.49,321.6,273.2,272.3,269.8,305.8,308.5,308.3,322.9,863.0,60.13,251.2,1379950.0,323.6,278.7,5.0,0.0,0.0,0.0,0.0,0.0,0.0,0.0,0.0,27.85,45.07,1163.0,313.8,311.3,317.4,60.0,59.9,74.7,0.0,269.0,268.2,270.0,251.2,31.59,253.2,601.0,1370414.0,41170.0,126392.0,0.992,0.979,0.748,0.921,120.9,121.5,120.1,118.8,120.0,118.0,102.6,38.85,39.05,38.62,38.21,38.58,37.93,33.01,42882.0,43535.0,43110.0,42959.0,43836.0,41599.0,37712.0,2.282,238.5,26.85,4.3,3.527,2.0,-1.0,13.47,0.018,0.246,3.0,2.0,0.0,0.0,46.04,46.67,49.42,48.82,49.56,46.68,48.58,48.85,48.87,54.3
2016-06-07 10:52:00-05:00,1164.2825,1190.1934,502685.0,34.7,0.0,1177.0,27.22,314.2,273.5,272.2,269.8,304.5,306.8,306.6,312.2,879.0,60.14,249.9,1379954.0,317.9,274.5,5.0,0.0,0.0,0.0,0.0,0.0,0.0,0.0,0.0,27.73,46.18,1144.0,312.3,309.4,315.5,60.0,59.9,74.7,0.0,268.9,268.0,270.0,249.8,31.38,251.8,601.0,1370419.0,41170.0,126393.0,0.992,0.979,0.748,0.921,122.4,124.1,120.5,119.6,121.9,121.6,103.9,38.45,38.98,37.86,37.58,38.32,38.2,32.66,42883.0,43536.0,43111.0,42959.0,43836.0,41599.0,37713.0,1.935,211.7,33.7,3.2,3.527,2.0,-1.0,13.47,0.018,0.246,3.0,2.0,0.0,0.0,47.69,48.6,51.26,50.55,50.58,48.62,49.52,51.06,50.85,54.28
2016-06-07 10:53:00-05:00,1158.3424,1184.5896,502686.0,34.73,0.0,1173.0,27.01,318.2,273.3,272.1,269.7,297.4,299.5,299.3,317.9,846.0,60.13,243.8,1379958.0,318.0,269.1,5.0,0.0,0.0,0.0,0.0,0.0,0.0,0.0,0.0,27.91,48.45,1148.0,304.6,302.0,307.6,60.0,59.9,74.7,0.0,268.8,268.0,270.0,243.6,30.41,245.5,601.0,1370423.0,41170.0,126393.0,0.992,0.979,0.748,0.921,118.2,119.2,116.9,115.8,118.0,115.6,100.4,37.62,37.95,37.23,36.87,37.56,36.79,31.97,42884.0,43537.0,43111.0,42960.0,43837.0,41600.0,37713.0,2.035,207.0,25.03,3.4,3.528,2.0,-1.0,13.47,0.018,0.246,3.0,2.0,0.0,0.0,49.71,50.02,52.32,52.0,51.75,50.29,50.12,53.16,52.52,54.28
2016-06-07 10:54:00-05:00,1154.7782,1181.2273,502687.0,34.75,0.0,1173.0,27.36,320.3,273.0,271.9,269.4,287.9,289.9,289.9,320.3,810.0,60.14,235.9,1379962.0,319.0,259.9,5.0,0.0,0.0,0.0,0.0,0.0,0.0,0.0,0.0,28.63,50.81,1146.0,294.3,292.3,297.3,60.0,59.9,74.7,0.0,268.5,268.0,270.0,235.5,29.14,237.3,601.0,1370427.0,41170.0,126394.0,0.993,0.979,0.748,0.921,114.1,116.2,111.4,109.1,112.4,112.5,94.6,36.59,37.27,35.73,34.99,36.08,36.07,30.38,42884.0,43537.0,43112.0,42961.0,43838.0,41601.0,37713.0,,0.0,0.0,,,2.0,-1.0,13.47,0.018,0.246,3.0,2.0,0.0,0.0,52.19,51.12,53.82,53.12,53.52,50.47,52.05,53.65,53.86,54.28
2016-06-07 10:55:00-05:00,1001.52057,1023.19977,502688.0,34.82,0.0,1010.0,27.6,314.1,272.5,271.5,269.0,263.2,263.4,263.5,312.9,750.4,60.22,214.1,1379965.0,314.9,235.2,5.0,0.0,0.0,0.0,0.0,0.0,0.0,0.0,0.0,28.92,52.35,955.0,266.9,265.1,268.0,60.0,59.9,74.7,0.0,268.0,268.0,270.0,213.1,25.85,214.6,601.0,1370430.0,41170.0,126394.0,0.993,0.979,0.748,0.921,99.5,100.6,102.2,102.9,103.6,99.9,91.7,31.31,31.66,32.16,32.37,32.61,31.42,28.84,42885.0,43538.0,43113.0,42961.0,43838.0,41601.0,37714.0,1.898,236.0,20.62,4.6,3.527,2.0,-1.0,13.47,0.018,0.243,3.0,2.0,0.0,0.0,53.38,52.37,55.04,54.31,55.07,52.03,53.05,54.77,54.93,54.28
2016-06-07 10:56:00-05:00,1060.9227,1076.9963,502689.0,34.87,0.0,1067.0,27.8,323.5,272.5,271.2,268.8,265.6,266.5,266.5,321.7,738.6,60.15,216.3,1379969.0,324.5,237.6,5.0,0.0,0.0,0.0,0.0,0.0,0.0,0.0,0.0,28.87,51.4,1048.0,269.9,268.3,271.6,60.0,59.9,74.7,0.0,268.0,268.0,269.3,215.5,26.1,217.1,601.0,1370434.0,41170.0,126395.0,0.993,0.979,0.748,0.921,103.2,104.7,100.5,99.6,102.0,101.0,86.1,33.4,33.91,32.52,32.23,33.02,32.66,27.86,42886.0,43538.0,43113.0,42962.0,43839.0,41602.0,37714.0,2.558,208.9,23.31,4.6,3.528,2.0,-1.0,13.47,0.018,0.244,3.0,2.0,0.0,0.0,53.25,52.44,55.06,54.3,53.83,52.21,52.46,55.22,55.21,54.28
2016-06-07 10:57:00-05:00,778.7625,784.4775,502690.0,34.95,0.0,782.9,27.9,330.3,271.6,270.8,268.5,200.3,199.7,199.9,329.7,541.3,60.13,161.4,1379971.0,330.5,178.4,5.0,0.0,0.0,0.0,0.0,0.0,0.0,0.0,0.0,29.07,50.95,756.2,199.5,200.3,199.5,60.0,59.9,74.7,0.0,268.0,268.0,269.7,159.7,17.3,160.6,601.0,1370436.0,41170.0,126395.0,0.994,0.979,0.748,0.921,74.18,75.48,73.47,71.78,73.94,73.11,62.38,24.49,24.93,24.26,23.7,24.43,24.13,20.6,42886.0,43539.0,43114.0,42962.0,43839.0,41602.0,37715.0,2.272,211.3,15.17,3.9,3.525,2.0,-1.0,13.47,0.018,0.24,3.0,2.0,0.0,0.0,52.35,52.23,54.28,53.95,53.72,52.43,50.94,55.52,54.95,54.29
2016-06-07 10:58:00-05:00,733.26044,738.8624,502691.0,35.01,0.0,734.0,27.57,334.6,271.4,270.4,268.1,189.4,188.9,189.1,334.1,505.6,60.19,152.3,1379974.0,335.9,168.8,5.0,0.0,0.0,0.0,0.0,0.0,0.0,0.0,0.0,28.56,49.98,712.9,188.2,189.4,188.1,60.0,59.9,74.7,0.0,268.0,268.0,269.0,150.6,15.9,151.5,601.0,1370439.0,41170.0,126395.0,0.995,0.979,0.748,0.921,67.47,69.31,67.97,67.45,69.75,66.94,61.21,22.57,23.2,22.73,22.56,23.35,22.38,20.47,42886.0,43539.0,43114.0,42963.0,43840.0,41603.0,37715.0,2.667,229.0,11.94,3.8,3.528,2.0,-1.0,13.47,0.018,0.239,3.0,2.0,0.0,0.0,51.11,51.54,53.58,53.36,53.28,51.89,50.43,54.25,54.31,54.34
2016-06-07 10:59:00-05:00,858.59906,871.56067,502692.0,35.06,0.0,862.0,27.08,331.4,271.8,270.8,268.5,222.0,222.2,222.4,330.9,602.2,60.22,179.7,1379977.0,332.3,199.1,5.0,0.0,0.0,0.0,0.0,0.0,0.0,0.0,0.0,27.97,49.49,836.0,223.2,223.4,223.8,60.0,59.9,74.7,0.0,268.0,268.0,269.1,178.4,20.36,179.6,601.0,1370442.0,41170.0,126396.0,0.994,0.979,0.748,0.921,79.8,82.3,81.2,81.7,84.4,79.17,74.63,26.42,27.27,26.89,27.03,27.96,26.2,24.71,42887.0,43540.0,43115.0,42963.0,43840.0,41603.0,37715.0,2.203,228.6,16.63,3.5,3.528,2.0,-1.0,13.47,0.018,0.242,3.0,2.0,0.0,0.0,50.76,51.13,53.43,53.21,52.55,51.78,50.22,53.97,53.82,54.29
2016-06-07 11:00:00-05:00,1079.9314,1093.8077,502693.0,35.1,0.0,1087.0,27.56,324.0,272.2,271.0,268.7,274.4,275.4,275.4,323.6,762.5,60.22,223.4,1379980.0,325.6,246.7,5.0,0.0,0.0,0.0,0.0,0.0,0.0,0.0,0.0,28.67,50.1,1065.0,279.8,277.9,281.6,60.0,59.9,74.7,0.0,268.0,267.5,269.0,223.1,27.38,224.8,601.0,1370446.0,41170.0,126396.0,0.993,0.979,0.748,0.921,106.2,108.8,105.1,103.4,106.4,104.7,91.9,34.38,35.24,34.05,33.48,34.49,33.9,29.76,42887.0,43540.0,43115.0,42964.0,43841.0,41604.0,37716.0,1.763,208.9,21.27,2.5,3.527,2.0,-1.0,13.47,0.018,0.243,3.0,2.0,0.0,0.0,51.31,51.44,53.95,53.52,53.06,52.31,50.49,54.77,54.27,54.28
2016-06-07 11:01:00-05:00,1188.0435,1205.884,502694.0,35.14,0.0,1190.0,27.81,319.4,272.5,271.3,268.8,298.1,299.8,299.7,318.1,844.0,60.18,243.5,1379984.0,318.8,268.6,5.0,0.0,0.0,0.0,0.0,0.0,0.0,0.0,0.0,29.14,51.43,1149.0,305.3,302.7,308.0,60.0,59.9,74.7,0.0,268.0,267.4,269.0,243.4,30.59,245.3,601.0,1370450.0,41170.0,126397.0,0.992,0.979,0.748,0.921,115.5,117.6,116.2,114.3,116.8,114.3,102.1,36.89,37.57,37.1,36.5,37.31,36.5,32.59,42888.0,43541.0,43116.0,42964.0,43841.0,41604.0,37716.0,1.153,211.3,42.58,2.6,3.527,2.0,-1.0,13.47,0.019,0.246,3.0,2.0,0.0,0.0,52.57,52.84,55.54,54.75,54.44,53.85,51.79,56.39,55.62,54.29
2016-06-07 11:02:00-05:00,1108.4446,1117.3438,502695.0,35.18,0.0,1111.0,27.79,320.1,272.0,271.0,268.6,278.4,279.2,279.1,320.3,782.0,60.16,226.5,1379988.0,319.2,250.5,5.0,0.0,0.0,0.0,0.0,0.0,0.0,0.0,0.0,28.79,52.42,1092.0,283.8,281.5,285.7,60.0,59.9,74.7,0.0,268.0,267.0,269.0,226.1,27.87,227.8,601.0,1370453.0,41170.0,126397.0,0.993,0.979,0.748,0.921,108.5,110.7,107.1,105.3,109.3,106.1,94.3,34.74,35.46,34.29,33.72,35.0,33.96,30.18,42889.0,43542.0,43116.0,42965.0,43842.0,41605.0,37717.0,1.542,243.0,31.09,2.5,3.526,2.0,-1.0,13.47,0.019,0.245,3.0,2.0,0.0,0.0,53.44,53.7,56.33,55.62,55.55,54.9,52.53,57.32,56.37,54.37
2016-06-07 11:03:00-05:00,1182.1033,1192.4348,502696.0,35.24,0.0,1179.0,28.0,318.3,272.4,271.1,268.6,291.1,292.9,292.7,318.0,824.0,60.17,237.7,1379992.0,320.6,262.2,5.0,0.0,0.0,0.0,0.0,0.0,0.0,0.0,0.0,28.7,54.11,1203.0,297.9,295.4,300.3,60.0,59.9,74.7,0.0,268.0,267.3,269.0,237.4,29.58,239.3,601.0,1370457.0,41170.0,126398.0,0.992,0.979,0.748,0.921,108.7,119.1,111.6,113.5,121.0,106.3,103.6,34.64,37.92,35.54,36.12,38.51,33.85,32.96,42889.0,43542.0,43117.0,42965.0,43843.0,41605.0,37717.0,1.538,260.8,35.74,3.9,3.528,2.0,-1.0,13.47,0.019,0.246,3.0,2.0,0.0,0.0,55.15,54.11,57.07,55.68,55.88,53.32,54.24,56.74,57.14,54.35
2016-06-07 11:04:00-05:00,1245.0696,1263.0428,502697.0,35.3,0.0,1241.0,28.07,318.6,272.2,271.2,268.7,300.8,303.6,303.4,317.9,854.0,60.19,246.2,1379996.0,319.8,271.5,5.0,0.0,0.0,0.0,0.0,0.0,0.0,0.0,0.0,28.76,54.52,1193.0,308.4,306.2,311.9,60.0,59.9,74.7,0.0,268.0,267.0,269.0,246.1,30.9,248.0,601.0,1370461.0,41170.0,126398.0,0.992,0.979,0.748,0.921,117.3,117.8,116.6,116.1,118.6,115.3,103.9,37.4,37.57,37.15,37.02,37.81,36.74,33.1,42890.0,43543.0,43118.0,42966.0,43843.0,41606.0,37718.0,2.287,252.9,26.73,3.9,3.525,2.0,-1.0,13.47,0.019,0.247,3.0,2.0,0.0,0.0,56.14,55.29,57.89,56.69,57.02,54.89,55.24,57.64,58.0,54.26
2016-06-07 11:05:00-05:00,891.0326,898.79517,502698.0,35.37,0.0,887.0,28.01,314.2,271.7,270.5,268.2,232.7,232.1,232.3,313.0,658.9,60.22,187.9,1379999.0,315.2,206.2,5.0,0.0,0.0,0.0,0.0,0.0,0.0,0.0,0.0,28.76,55.06,839.0,233.9,233.5,234.0,60.0,59.9,74.7,0.0,268.0,267.4,269.0,186.5,21.71,187.7,601.0,1370465.0,41170.0,126398.0,0.993,0.979,0.748,0.921,86.6,88.5,90.1,90.8,91.6,88.0,81.6,27.22,27.83,28.3,28.54,28.8,27.63,25.64,42890.0,43543.0,43118.0,42967.0,43844.0,41607.0,37718.0,1.607,241.1,25.65,3.4,3.527,2.0,-1.0,13.47,0.019,0.242,3.0,2.0,0.0,0.0,56.45,55.79,57.66,57.33,57.27,55.49,54.81,58.22,57.73,54.29
2016-06-07 11:06:00-05:00,923.46625,932.4181,502699.0,35.45,0.0,928.0,28.4,314.8,272.1,271.3,268.8,237.8,237.5,237.7,313.8,673.3,60.22,192.7,1380002.0,315.3,211.7,5.0,0.0,0.0,0.0,0.0,0.0,0.0,0.0,0.0,29.09,54.31,919.0,239.6,239.0,240.2,60.0,59.9,74.7,0.0,268.1,267.9,269.9,191.4,22.37,192.7,601.0,1370468.0,41170.0,126399.0,0.993,0.979,0.748,0.921,91.9,94.8,92.5,91.7,95.0,91.3,82.4,28.98,29.94,29.17,28.91,29.97,28.78,25.99,42891.0,43544.0,43119.0,42967.0,43844.0,41607.0,37719.0,3.662,287.8,8.76,6.2,3.521,2.0,-1.0,13.47,0.019,0.241,3.0,2.0,0.0,0.0,55.65,55.02,56.89,56.24,56.76,53.06,54.49,56.64,56.51,54.34
2016-06-07 11:07:00-05:00,1045.4781,1062.4265,502700.0,35.53,0.0,1043.0,28.14,320.3,272.6,271.4,269.0,261.3,262.1,262.1,319.6,733.5,60.19,212.9,1380005.0,321.4,234.7,5.0,0.0,0.0,0.0,0.0,0.0,0.0,0.0,0.0,28.42,51.11,996.0,264.4,262.9,265.9,60.0,59.9,74.7,0.0,268.0,268.0,270.0,211.2,25.45,212.8,601.0,1370471.0,41170.0,126399.0,0.993,0.979,0.748,0.921,100.4,100.5,100.2,99.8,100.7,99.1,88.6,32.21,32.24,32.11,31.98,32.32,31.76,28.38,42891.0,43544.0,43119.0,42968.0,43845.0,41608.0,37719.0,3.7,300.9,10.97,4.9,3.526,2.0,-1.0,13.47,0.019,0.244,3.0,2.0,0.0,0.0,52.9,52.95,56.33,54.86,55.68,50.94,54.42,54.85,54.89,54.35
2016-06-07 11:08:00-05:00,729.5775,745.2508,502701.0,35.61,0.0,724.9,28.25,320.9,271.7,270.7,268.4,195.3,194.5,194.8,320.0,543.3,60.19,157.2,1380008.0,321.8,173.7,5.0,0.0,0.0,0.0,0.0,0.0,0.0,0.0,0.0,28.48,50.58,690.2,193.6,194.7,193.3,60.0,59.9,74.7,0.0,268.0,268.0,270.0,154.9,16.61,155.7,601.0,1370474.0,41170.0,126399.0,0.994,0.979,0.748,0.921,72.46,72.74,72.72,71.78,71.76,72.0,62.59,23.24,23.33,23.32,23.01,23.02,23.08,20.07,42892.0,43545.0,43120.0,42968.0,43845.0,41608.0,37719.0,2.868,294.6,12.09,4.5,3.526,2.0,-1.0,13.47,0.019,0.241,3.0,2.0,0.0,0.0,51.69,52.0,55.55,54.28,55.17,50.7,53.73,54.06,53.83,54.4
2016-06-07 11:09:00-05:00,707.0047,722.05096,502702.0,35.68,0.0,714.7,28.39,323.1,272.0,271.1,268.8,192.0,191.2,191.5,322.3,529.8,60.14,154.6,1380011.0,323.9,170.7,5.0,0.0,0.0,0.0,0.0,0.0,0.0,0.0,0.0,28.58,49.9,703.9,190.4,191.7,190.1,60.0,59.9,74.7,0.0,268.5,268.4,270.0,152.7,16.18,153.6,601.0,1370477.0,41170.0,126400.0,0.994,0.979,0.748,0.921,73.47,74.03,71.45,69.96,72.02,71.18,60.72,23.73,23.92,23.08,22.6,23.27,22.99,19.61,42892.0,43545.0,43120.0,42968.0,43846.0,41608.0,37720.0,2.53,309.5,18.42,3.8,3.527,2.0,-1.0,13.43,-0.062,0.239,3.0,2.0,0.0,0.001,51.0,51.18,54.31,53.53,54.35,50.35,52.8,53.53,51.94,54.45
2016-06-07 11:10:00-05:00,754.8829,775.6234,502703.0,35.74,0.0,771.5,28.09,322.1,272.6,271.3,269.0,207.8,206.9,207.2,321.3,575.7,60.14,167.8,1380013.0,323.7,184.9,5.0,0.0,0.0,0.0,0.0,0.0,0.0,0.0,0.0,28.2,50.12,752.4,207.0,207.6,206.7,60.0,59.9,74.7,0.0,269.0,268.7,270.0,166.0,18.28,167.0,601.0,1370479.0,41170.0,126400.0,0.994,0.979,0.748,0.921,79.35,79.72,78.15,77.79,79.15,77.43,67.75,25.55,25.67,25.16,25.04,25.49,24.92,21.81,42893.0,43546.0,43120.0,42969.0,43846.0,41609.0,37720.0,1.703,247.1,31.27,3.1,3.528,2.0,-1.0,13.43,-0.004,0.24,3.0,2.0,0.0,0.001,51.23,50.7,53.75,53.25,54.03,49.99,52.3,53.17,51.5,54.45
2016-06-07 11:11:00-05:00,758.20935,787.3914,502704.0,35.79,0.0,774.4,27.84,321.6,272.6,271.9,269.6,209.5,208.4,208.8,320.6,582.7,60.17,169.4,1380016.0,322.8,186.7,5.0,0.0,0.0,0.0,0.0,0.0,0.0,0.0,0.0,28.11,49.26,710.8,208.9,209.3,208.6,60.0,59.9,74.7,0.0,269.0,269.0,270.8,167.1,18.48,168.1,601.0,1370482.0,41170.0,126400.0,0.994,0.979,0.748,0.921,78.8,77.4,78.87,78.29,76.4,78.9,68.57,25.33,24.88,25.35,25.16,24.56,25.35,22.04,42893.0,43546.0,43121.0,42969.0,43847.0,41609.0,37720.0,1.912,310.5,40.25,3.8,3.528,2.0,-1.0,13.44,0.01,0.241,3.0,2.0,0.0,0.001,50.68,50.92,53.22,52.96,53.51,50.3,51.88,53.0,51.41,54.45
2016-06-07 11:12:00-05:00,627.1682,657.71924,502705.0,35.84,0.0,653.8,27.85,321.1,272.4,271.4,269.2,178.6,177.8,178.2,320.0,496.9,60.16,143.9,1380019.0,322.6,159.0,5.0,0.0,0.0,0.0,0.0,0.0,0.0,0.0,0.0,28.09,46.35,609.2,175.9,177.8,175.6,60.0,59.9,74.7,0.0,269.0,269.0,270.4,141.6,14.38,142.3,601.0,1370484.0,41170.0,126401.0,0.995,0.979,0.748,0.921,67.43,66.93,66.92,65.88,65.02,67.0,56.83,21.65,21.5,21.48,21.15,20.89,21.5,18.25,42893.0,43546.0,43121.0,42970.0,43847.0,41610.0,37721.0,3.605,309.9,13.52,5.4,3.526,2.0,-1.0,13.44,0.013,0.239,3.0,2.0,0.0,0.001,48.0,48.97,51.84,51.6,52.14,48.27,50.99,50.65,49.35,54.45
2016-06-07 11:13:00-05:00,478.4251,507.7613,502706.0,35.85,0.0,501.3,27.28,317.6,271.7,271.1,268.9,142.0,142.0,142.4,316.7,402.5,60.14,113.9,1380020.0,318.3,127.3,5.0,0.0,0.0,0.0,0.0,0.0,0.0,0.0,0.0,27.35,42.34,487.1,138.7,141.4,138.9,60.0,59.9,74.7,0.0,269.0,269.0,270.1,112.1,9.65,112.5,601.0,1370486.0,41170.0,126401.0,0.996,0.979,0.748,0.921,54.0,54.33,53.15,52.96,54.02,52.75,45.7,17.13,17.24,16.86,16.8,17.13,16.73,14.49,42894.0,43547.0,43121.0,42970.0,43847.0,41610.0,37721.0,4.022,308.4,9.16,5.3,3.527,2.0,-1.0,13.44,0.014,0.236,3.0,2.0,0.0,0.001,43.51,45.82,49.6,48.93,49.93,45.41,49.06,47.64,46.95,54.45
2016-06-07 11:14:00-05:00,924.0602,961.5579,502707.0,35.87,0.0,968.0,27.01,318.0,273.1,271.8,269.4,249.0,249.5,249.8,316.5,701.8,60.14,203.0,1380024.0,319.7,223.2,5.0,0.0,0.0,0.0,0.0,0.0,0.0,0.0,0.0,27.1,40.75,978.0,252.1,251.0,253.7,60.0,59.9,74.7,0.0,269.0,268.5,270.0,202.2,23.93,203.7,601.0,1370490.0,41170.0,126401.0,0.993,0.979,0.748,0.921,102.6,103.2,96.9,94.0,97.9,97.0,80.0,32.77,32.96,30.98,30.08,31.27,31.0,25.62,42894.0,43547.0,43122.0,42970.0,43848.0,41610.0,37721.0,3.387,300.8,8.03,5.1,3.527,2.0,-1.0,13.44,0.015,0.241,3.0,2.0,0.0,0.001,41.68,43.81,48.18,47.32,48.37,43.98,47.77,45.95,45.58,54.45
2016-06-07 11:15:00-05:00,1109.6326,1156.5706,502708.0,35.87,0.0,1143.0,27.14,327.6,273.3,272.0,269.6,269.1,270.3,270.5,325.8,760.4,60.14,220.5,1380027.0,326.2,243.4,4.917,0.0,0.0,0.0,0.0,0.0,0.0,0.0,0.0,27.22,42.44,1099.0,279.0,276.3,281.4,60.0,59.9,74.7,0.0,269.0,268.8,270.0,221.9,27.06,224.0,601.0,1370493.0,41170.0,126402.0,0.945,0.979,0.748,0.921,103.7,104.8,102.5,102.5,104.7,101.7,88.4,33.21,33.58,32.82,32.83,33.56,32.53,28.34,42895.0,43548.0,43123.0,42971.0,43848.0,41611.0,37722.0,2.427,313.8,10.61,3.5,3.528,2.0,-1.0,13.44,0.016,0.246,3.0,2.0,0.0,0.0,42.84,44.65,49.4,48.25,49.4,45.6,48.79,47.42,46.83,54.42
2016-06-07 11:16:00-05:00,790.1677,828.9717,502709.0,35.86,0.0,816.0,27.63,375.4,271.7,270.6,268.5,118.5,118.1,118.2,375.2,294.9,60.14,95.2,1380029.0,377.2,107.0,4.75,0.0,0.0,0.0,0.0,0.0,0.0,0.0,0.0,27.67,43.35,780.5,120.3,121.7,119.9,60.0,59.9,74.7,0.0,269.0,269.0,270.0,94.2,6.754,97.1,601.0,1370495.0,41170.0,126402.0,0.711,0.979,0.748,0.921,43.69,44.01,39.48,38.53,41.4,38.52,33.73,15.96,16.07,14.36,14.0,15.07,14.02,12.26,42895.0,43548.0,43123.0,42971.0,43849.0,41611.0,37722.0,2.602,275.3,15.54,4.3,3.526,2.0,-1.0,13.44,0.016,0.242,3.0,2.0,0.0,0.0,43.67,45.73,50.46,49.07,50.38,46.06,49.77,48.06,48.22,54.35
2016-06-07 11:17:00-05:00,1033.5978,1074.7549,502710.0,35.87,0.0,1071.0,28.26,354.7,272.8,271.6,269.2,235.6,235.5,235.7,353.9,601.0,60.2,191.4,1380032.0,355.8,212.2,5.0,0.0,0.0,0.0,0.0,0.0,0.0,0.0,0.0,28.39,45.27,1056.0,237.3,237.1,237.8,60.0,59.9,74.7,0.0,269.0,268.9,270.0,190.2,22.18,191.4,601.0,1370498.0,41170.0,126402.0,0.993,0.979,0.748,0.921,86.2,87.6,81.6,79.57,84.0,80.5,69.27,30.49,30.99,28.86,28.15,29.73,28.49,24.51,42896.0,43549.0,43123.0,42972.0,43849.0,41612.0,37722.0,3.005,266.8,16.06,4.7,3.527,2.0,-1.0,13.44,0.016,0.244,3.0,2.0,0.0,0.0,45.49,46.66,50.7,49.32,50.83,46.25,49.99,48.5,49.16,54.35
2016-06-07 11:18:00-05:00,1230.813,1280.9751,502711.0,35.87,0.0,1266.0,28.31,337.9,273.4,272.4,269.8,297.0,299.1,299.0,337.4,799.9,60.21,243.8,1380036.0,339.0,269.8,5.0,0.0,0.0,0.0,0.0,0.0,0.0,0.0,0.0,28.45,47.14,1221.0,304.4,302.0,307.3,60.0,59.9,74.7,0.0,269.0,268.9,270.0,244.0,30.62,246.0,601.0,1370502.0,41170.0,126403.0,0.992,0.979,0.748,0.921,112.4,113.4,109.5,108.4,111.9,108.2,94.8,37.96,38.32,36.99,36.62,37.81,36.53,32.01,42896.0,43549.0,43124.0,42972.0,43850.0,41612.0,37723.0,2.755,270.1,19.98,4.6,3.528,2.0,-1.0,13.44,0.016,0.247,3.0,2.0,0.0,0.0,47.87,48.17,52.3,50.55,51.99,47.81,51.53,49.92,50.72,54.32
2016-06-07 11:19:00-05:00,1252.1979,1302.2697,502712.0,35.9,0.0,1284.0,28.6,329.7,273.6,272.4,269.8,305.6,308.3,308.3,328.9,845.0,60.21,251.3,1380040.0,330.9,277.8,5.0,0.0,0.0,0.0,0.0,0.0,0.0,0.0,0.0,28.76,49.37,1232.0,313.2,310.9,316.8,60.0,59.9,74.7,0.0,269.0,268.9,270.0,251.0,31.74,253.0,601.0,1370506.0,41170.0,126403.0,0.992,0.979,0.748,0.921,118.4,118.8,115.8,114.4,116.7,114.5,99.6,39.03,39.16,38.2,37.72,38.47,37.75,32.83,42897.0,43550.0,43125.0,42973.0,43850.0,41613.0,37723.0,2.755,283.4,12.77,3.9,3.528,2.0,-1.0,13.44,0.016,0.248,3.0,2.0,0.0,0.0,50.38,50.48,54.16,52.6,53.64,49.76,53.29,52.01,52.5,54.26
2016-06-07 11:20:00-05:00,1050.2303,1091.5663,502713.0,35.92,0.0,1088.0,28.11,331.1,273.2,271.9,269.3,264.8,265.3,265.2,330.2,722.9,60.23,215.9,1380044.0,331.8,238.6,5.0,0.0,0.0,0.0,0.0,0.0,0.0,0.0,0.0,28.13,47.77,1051.0,269.7,267.9,270.8,60.0,59.9,74.7,0.0,269.0,268.3,270.0,215.7,26.3,217.3,601.0,1370510.0,41170.0,126404.0,0.993,0.979,0.748,0.921,100.9,102.4,98.7,97.8,100.2,97.8,85.3,33.4,33.92,32.69,32.36,33.2,32.37,28.23,42898.0,43551.0,43125.0,42974.0,43851.0,41613.0,37724.0,3.622,292.9,9.88,6.2,3.528,2.0,-1.0,13.44,0.016,0.245,3.0,2.0,0.0,0.0,49.17,49.91,54.38,52.7,53.8,48.61,53.61,51.43,52.92,54.26
2016-06-07 11:21:00-05:00,967.0673,1013.113,502714.0,35.97,0.0,992.0,27.73,330.4,272.8,271.7,269.3,247.5,247.9,247.9,329.4,675.6,60.21,201.5,1380047.0,331.4,222.4,5.0,0.0,0.0,0.0,0.0,0.0,0.0,0.0,0.0,27.75,47.45,923.0,248.2,247.6,249.0,60.0,59.9,74.7,0.0,269.0,268.3,270.0,198.7,23.65,200.1,601.0,1370513.0,41170.0,126404.0,0.993,0.979,0.748,0.921,91.2,91.6,91.2,90.3,90.9,89.6,79.15,30.12,30.25,30.12,29.84,30.05,29.59,26.15,42898.0,43551.0,43126.0,42974.0,43851.0,41614.0,37724.0,2.75,302.6,14.47,5.2,3.526,2.0,-1.0,13.44,0.016,0.245,3.0,2.0,0.0,0.0,47.92,50.06,54.82,52.87,54.15,49.19,53.61,51.87,52.78,54.26
2016-06-07 11:22:00-05:00,594.97217,631.9417,502715.0,36.01,0.0,628.5,27.1,325.7,271.7,270.9,268.6,170.0,169.3,169.8,325.2,466.1,60.15,136.5,1380049.0,326.7,151.5,5.0,0.0,0.0,0.0,0.0,0.0,0.0,0.0,0.0,27.13,44.13,604.9,167.2,169.3,166.9,60.0,59.9,74.7,0.0,268.9,268.0,270.0,134.4,13.29,135.1,601.0,1370516.0,41170.0,126404.0,0.995,0.979,0.748,0.921,63.47,64.17,61.92,61.36,63.12,61.48,53.06,20.67,20.89,20.16,19.98,20.55,20.02,17.28,42898.0,43551.0,43126.0,42974.0,43852.0,41614.0,37724.0,3.735,308.7,9.67,5.0,3.527,2.0,-1.0,13.44,0.017,0.238,3.0,2.0,0.0,0.0,44.39,48.2,53.27,51.53,52.86,47.52,51.79,49.61,51.14,54.26
2016-06-07 11:23:00-05:00,727.7954,770.2438,502716.0,36.05,0.0,775.1,27.26,312.0,271.9,271.1,268.7,210.5,209.4,209.8,311.2,599.2,60.14,169.7,1380052.0,313.0,186.3,5.0,0.0,0.0,0.0,0.0,0.0,0.0,0.0,0.0,27.27,42.43,767.5,211.4,211.6,211.2,60.0,59.9,74.7,0.0,268.1,268.0,270.0,169.0,18.83,170.1,601.0,1370518.0,41170.0,126405.0,0.994,0.979,0.748,0.921,84.5,85.8,81.7,80.8,83.3,81.7,68.96,26.33,26.73,25.48,25.18,25.98,25.47,21.5,42899.0,43552.0,43126.0,42975.0,43852.0,41615.0,37725.0,3.598,296.1,9.09,5.0,3.527,2.0,-1.0,13.44,0.017,0.24,3.0,2.0,0.0,0.0,42.49,45.75,50.87,49.42,50.85,45.42,50.0,47.43,48.83,54.17
2016-06-07 11:24:00-05:00,1127.4532,1185.7103,502717.0,36.08,0.0,1177.0,27.6,312.7,273.1,272.0,269.4,299.6,301.3,301.3,311.6,868.0,60.15,245.4,1380056.0,313.0,270.4,5.0,0.0,0.0,0.0,0.0,0.0,0.0,0.0,0.0,27.61,44.42,1147.0,307.2,303.8,310.1,60.0,59.9,74.7,0.0,268.6,268.1,269.9,245.8,30.83,247.7,601.0,1370522.0,41170.0,126405.0,0.992,0.979,0.748,0.921,121.8,123.2,120.1,118.7,120.7,118.9,102.7,38.08,38.52,37.52,37.09,37.71,37.14,32.1,42900.0,43553.0,43127.0,42976.0,43853.0,41615.0,37725.0,2.298,301.6,9.82,3.8,3.527,2.0,-1.0,13.44,0.017,0.245,3.0,2.0,0.0,0.0,44.25,46.38,51.08,49.15,50.66,46.21,49.87,48.1,49.09,54.16
2016-06-07 11:25:00-05:00,1150.026,1208.1256,502718.0,36.08,0.0,1185.0,27.71,335.0,272.8,271.8,269.3,235.5,237.7,237.5,333.0,687.0,60.14,193.6,1380059.0,335.4,213.4,4.75,0.0,0.0,0.0,0.0,0.0,0.0,0.0,0.0,27.8,45.05,1156.0,243.7,241.7,246.4,60.0,59.9,74.7,0.0,269.0,268.4,270.0,192.4,22.26,196.0,601.0,1370526.0,41170.0,126405.0,0.771,0.979,0.748,0.921,93.5,93.6,89.8,88.8,91.6,88.8,77.18,29.21,29.23,27.89,27.54,28.53,27.55,23.96,42900.0,43553.0,43128.0,42976.0,43853.0,41616.0,37726.0,3.578,308.5,13.65,5.2,3.526,2.0,-1.0,13.44,0.017,0.247,3.0,2.0,0.0,0.0,45.63,47.91,52.7,50.89,52.29,47.34,51.8,49.75,50.18,54.09
2016-06-07 11:26:00-05:00,1135.7695,1191.3141,502719.0,36.09,0.0,1169.0,27.22,372.3,272.3,271.0,268.7,176.3,175.8,175.9,372.1,432.7,60.14,142.3,1380061.0,374.0,158.7,4.917,0.0,0.0,0.0,0.0,0.0,0.0,0.0,0.0,27.19,44.42,1141.0,176.4,177.4,176.0,60.0,59.9,74.7,0.0,269.0,268.3,270.0,140.5,14.32,142.3,601.0,1370528.0,41170.0,126406.0,0.867,0.979,0.748,0.921,63.66,64.76,58.04,56.91,61.74,56.44,50.0,23.43,23.83,21.33,20.91,22.7,20.74,18.37,42900.0,43554.0,43128.0,42976.0,43854.0,41616.0,37726.0,3.26,285.6,18.82,4.7,3.528,2.0,-1.0,13.44,0.017,0.246,3.0,2.0,0.0,0.0,45.07,47.74,53.58,51.16,52.25,47.52,52.42,49.97,51.34,54.06
2016-06-07 11:27:00-05:00,1120.325,1174.5027,502720.0,36.12,0.0,1150.0,27.56,346.6,273.3,272.0,269.5,254.0,254.2,254.3,345.6,664.5,60.17,207.0,1380065.0,347.8,229.4,5.0,0.0,0.0,0.0,0.0,0.0,0.0,0.0,0.0,27.55,45.61,1142.0,257.4,256.1,258.4,60.0,59.9,74.7,0.0,269.0,269.0,270.0,206.1,24.77,207.6,601.0,1370531.0,41170.0,126406.0,0.993,0.979,0.748,0.921,89.0,94.8,89.6,90.1,94.9,85.8,78.61,30.87,32.82,31.01,31.18,32.85,29.73,27.2,42901.0,43554.0,43129.0,42977.0,43854.0,41617.0,37726.0,3.008,292.3,11.65,4.7,3.527,2.0,-1.0,13.44,0.017,0.246,3.0,2.0,0.0,0.0,45.64,48.86,54.29,52.06,53.26,48.2,53.22,50.75,52.05,54.06
2016-06-07 11:28:00-05:00,1123.8892,1174.5027,502721.0,36.13,0.0,1162.0,27.66,333.6,273.3,272.3,269.8,274.1,275.2,275.0,332.3,745.3,60.18,224.2,1380068.0,334.8,247.4,5.0,0.0,0.0,0.0,0.0,0.0,0.0,0.0,0.0,27.67,46.57,1142.0,279.3,277.3,281.0,60.0,59.9,74.7,0.0,269.0,269.0,270.0,223.7,27.42,225.4,601.0,1370535.0,41170.0,126407.0,0.993,0.979,0.748,0.921,102.7,107.7,102.6,103.3,105.9,98.0,89.6,34.23,35.91,34.21,34.45,35.31,32.64,29.88,42902.0,43555.0,43129.0,42977.0,43855.0,41617.0,37727.0,2.243,268.0,15.98,3.3,3.524,2.0,-1.0,13.44,0.017,0.246,3.0,2.0,0.0,0.0,46.69,49.38,54.46,52.22,53.55,47.95,53.4,50.77,52.86,54.04
2016-06-07 11:29:00-05:00,1047.8544,1098.2908,502722.0,36.16,0.0,1083.0,27.72,321.9,273.3,272.3,269.8,270.1,270.9,270.7,320.6,759.3,60.14,220.7,1380072.0,320.3,243.3,5.0,0.0,0.0,0.0,0.0,0.0,0.0,0.0,0.0,27.73,47.64,1036.0,275.2,273.2,276.8,60.0,59.9,74.7,0.0,269.0,269.0,270.0,220.3,26.76,221.9,601.0,1370539.0,41170.0,126407.0,0.993,0.979,0.748,0.921,101.7,105.8,105.7,105.3,105.6,100.6,92.5,32.74,34.06,34.01,33.87,34.0,32.35,29.75,42902.0,43555.0,43130.0,42978.0,43856.0,41618.0,37727.0,2.162,283.1,15.23,4.2,3.527,2.0,-1.0,13.44,0.017,0.245,3.0,2.0,0.0,0.0,47.91,50.44,55.09,53.16,54.48,49.11,54.14,51.7,53.86,54.02
2016-06-07 11:30:00-05:00,630.7323,675.31525,502723.0,36.19,0.0,641.7,27.49,318.0,272.1,271.1,268.9,166.5,167.1,167.1,317.1,481.6,60.15,134.6,1380074.0,317.5,152.1,5.0,0.0,0.0,0.0,0.0,0.0,0.0,0.0,0.0,27.43,46.75,551.0,167.2,167.3,167.9,60.0,59.9,74.7,0.0,269.0,268.9,270.0,134.1,13.29,134.9,601.0,1370541.0,41170.0,126407.0,0.463,0.979,0.748,0.921,60.31,59.11,64.17,64.7,57.67,62.28,56.96,19.1,18.74,20.32,20.48,18.28,19.72,18.03,42903.0,43556.0,43130.0,42978.0,43856.0,41618.0,37727.0,1.33,300.3,11.31,2.7,3.522,2.0,-1.0,13.44,0.017,0.241,3.0,2.0,0.0,0.0,47.15,50.39,55.14,53.11,54.8,49.01,53.83,52.03,53.86,53.96
2016-06-07 11:31:00-05:00,311.86142,337.06924,502724.0,36.23,0.0,338.4,27.12,307.9,271.0,270.3,268.3,86.5,87.1,87.2,307.8,261.7,60.14,68.27,1380075.0,307.1,80.1,5.0,0.0,0.0,0.0,0.0,0.0,0.0,0.0,0.0,27.13,43.95,351.1,83.8,86.0,83.7,60.0,59.9,74.7,0.0,269.0,268.8,270.0,67.87,2.816,67.98,601.0,1370542.0,41170.0,126407.0,0.566,0.979,0.748,0.921,37.95,36.7,34.28,32.85,35.67,34.93,27.21,11.6,11.22,10.49,10.06,10.91,10.68,8.33,42903.0,43556.0,43130.0,42979.0,43856.0,41618.0,37728.0,1.797,277.8,13.25,3.7,3.525,2.0,-1.0,13.44,0.017,0.233,3.0,2.0,0.0,0.0,43.55,48.25,52.36,51.3,52.64,46.62,51.27,49.91,51.54,53.96
2016-06-07 11:32:00-05:00,1079.9314,1124.0684,502725.0,36.24,0.0,1116.0,27.13,363.7,271.5,270.9,268.8,145.3,144.8,145.1,361.5,402.9,60.22,117.7,1380077.0,361.9,130.4,4.667,0.0,0.0,0.0,0.0,0.0,0.0,0.0,0.0,27.17,45.07,1084.0,150.0,149.3,150.1,60.0,59.9,74.7,0.0,269.0,268.8,270.0,117.4,10.36,121.1,601.0,1370544.0,41170.0,126408.0,0.661,0.979,0.748,0.921,57.31,59.39,53.05,52.53,58.68,52.28,46.1,18.73,19.51,17.23,17.06,19.26,16.84,15.05,42903.0,43556.0,43131.0,42979.0,43857.0,41619.0,37728.0,1.097,292.9,24.19,3.3,3.527,2.0,-1.0,13.44,0.018,0.244,3.0,2.0,0.0,0.0,44.65,48.03,52.41,50.93,52.33,47.04,51.42,50.03,51.94,53.91
2016-06-07 11:33:00-05:00,1062.1108,1106.1362,502726.0,36.24,0.0,1088.0,27.6,357.5,272.6,271.6,269.2,218.3,217.6,217.8,356.7,550.7,60.21,176.7,1380080.0,359.0,196.1,5.0,0.0,0.0,0.0,0.0,0.0,0.0,0.0,0.0,27.83,46.59,1052.0,218.3,218.8,218.0,60.0,59.9,74.7,0.0,269.0,268.9,270.0,175.5,20.01,176.6,601.0,1370547.0,41170.0,126408.0,0.994,0.979,0.748,0.921,76.22,78.68,73.59,73.07,77.96,71.33,64.44,27.21,28.08,26.26,26.08,27.83,25.45,23.0,42904.0,43557.0,43131.0,42979.0,43857.0,41619.0,37728.0,1.857,270.7,28.17,3.2,3.527,2.0,-1.0,13.44,0.018,0.245,3.0,2.0,0.0,0.0,47.07,49.4,53.66,52.07,52.98,49.18,52.57,51.51,53.23,53.86
2016-06-07 11:34:00-05:00,1051.4185,1090.4456,502727.0,36.24,0.0,1073.0,27.75,334.7,273.2,272.0,269.5,257.4,257.7,257.7,334.4,695.9,60.15,209.8,1380084.0,336.2,232.5,5.0,0.0,0.0,0.0,0.0,0.0,0.0,0.0,0.0,28.12,48.25,1036.0,261.5,259.8,262.4,60.0,59.9,74.7,0.0,269.0,268.8,270.0,209.4,25.27,210.9,601.0,1370551.0,41170.0,126408.0,0.993,0.979,0.748,0.921,96.4,98.4,94.5,93.9,97.5,93.0,82.4,32.25,32.91,31.6,31.39,32.6,31.11,27.56,42904.0,43557.0,43132.0,42980.0,43858.0,41620.0,37729.0,1.797,245.9,19.64,4.5,3.528,2.0,-1.0,13.44,0.017,0.245,3.0,2.0,0.0,0.0,49.15,51.01,54.98,53.65,54.6,51.14,53.47,53.24,54.45,53.86
2016-06-07 11:35:00-05:00,1046.6663,1082.6002,502728.0,36.27,0.0,1066.0,27.61,312.5,273.0,272.0,269.5,273.5,273.9,273.8,311.8,789.7,60.14,223.1,1380087.0,313.9,246.1,5.0,0.0,0.0,0.0,0.0,0.0,0.0,0.0,0.0,28.15,49.9,1032.0,278.9,276.1,279.9,60.0,59.9,74.7,0.0,269.0,268.2,270.0,222.7,27.27,224.3,601.0,1370554.0,41170.0,126409.0,0.993,0.979,0.748,0.921,109.2,110.6,108.0,108.2,110.3,107.2,93.7,34.09,34.54,33.73,33.79,34.44,33.47,29.26,42905.0,43558.0,43132.0,42980.0,43858.0,41620.0,37729.0,1.737,230.3,12.74,2.9,3.527,2.0,-1.0,13.44,0.017,0.245,3.0,2.0,0.0,0.0,50.81,51.96,55.6,54.32,55.3,51.63,54.02,54.23,55.47,53.86
2016-06-07 11:36:00-05:00,1051.4185,1087.0833,502729.0,36.28,0.0,1069.0,27.58,301.2,273.3,272.1,269.6,275.7,275.8,275.8,300.2,825.0,60.15,224.8,1380091.0,302.2,247.5,5.0,0.0,0.0,0.0,0.0,0.0,0.0,0.0,0.0,28.32,50.98,1034.0,281.3,277.9,282.3,60.0,59.9,74.7,0.0,269.0,268.6,270.0,224.5,27.52,226.2,601.0,1370558.0,41170.0,126409.0,0.993,0.979,0.748,0.921,113.7,114.9,112.9,113.1,114.6,112.1,97.7,34.23,34.6,34.01,34.07,34.51,33.75,29.44,42905.0,43558.0,43132.0,42981.0,43858.0,41621.0,37730.0,,0.0,0.0,,,2.0,-1.0,13.44,0.018,0.245,3.0,2.0,0.0,0.0,52.03,52.65,56.54,55.42,56.25,53.29,54.41,55.21,56.23,53.86
2016-06-07 11:37:00-05:00,1056.1705,1091.5663,502730.0,36.29,0.0,1073.0,27.81,298.8,273.1,272.0,269.6,276.1,276.1,276.1,298.3,830.0,60.14,225.0,1380095.0,298.4,247.6,5.0,0.0,0.0,0.0,0.0,0.0,0.0,0.0,0.0,28.47,51.99,1038.0,281.5,277.9,282.5,60.0,59.9,74.7,0.0,269.0,268.4,270.0,224.6,27.5,226.2,601.0,1370562.0,41170.0,126410.0,0.993,0.979,0.748,0.921,115.1,116.3,113.8,113.6,115.9,113.4,98.7,34.39,34.74,34.01,33.96,34.63,33.9,29.48,42905.0,43559.0,43133.0,42981.0,43859.0,41621.0,37730.0,2.035,253.5,22.25,3.1,3.526,2.0,-1.0,13.44,0.018,0.245,3.0,2.0,0.0,0.0,53.0,53.24,57.11,56.02,57.15,53.99,54.89,55.76,56.81,53.86
2016-06-07 11:38:00-05:00,1053.7946,1089.3247,502731.0,36.32,0.0,1073.0,27.82,299.4,272.9,271.9,269.5,275.2,274.9,275.1,298.8,825.0,60.15,224.1,1380098.0,300.2,246.4,5.0,0.0,0.0,0.0,0.0,0.0,0.0,0.0,0.0,28.39,52.46,1035.0,280.5,277.0,281.5,60.0,59.9,74.7,0.0,269.0,268.0,270.0,223.7,27.38,225.3,601.0,1370565.0,41170.0,126410.0,0.993,0.979,0.748,0.921,114.0,115.2,113.5,113.4,114.8,112.5,98.3,34.13,34.5,33.98,33.94,34.37,33.68,29.43,42906.0,43559.0,43133.0,42982.0,43859.0,41622.0,37731.0,2.273,246.4,25.43,3.5,3.528,2.0,-1.0,13.44,0.018,0.245,3.0,2.0,0.0,0.0,53.83,53.89,57.43,56.3,57.14,54.06,55.29,55.91,57.07,53.86
2016-06-07 11:39:00-05:00,1054.9825,1090.4456,502732.0,36.32,0.0,1076.0,27.66,296.9,273.0,271.8,269.4,276.0,275.6,275.8,295.9,833.0,60.14,224.6,1380102.0,297.5,246.5,5.0,0.0,0.0,0.0,0.0,0.0,0.0,0.0,0.0,28.22,50.79,1038.0,281.3,277.7,282.3,60.0,59.9,74.7,0.0,269.0,268.1,270.0,224.3,27.48,226.0,601.0,1370569.0,41170.0,126411.0,0.993,0.979,0.748,0.921,115.1,116.5,114.5,114.3,116.1,113.6,99.3,34.18,34.58,33.99,33.93,34.48,33.73,29.49,42906.0,43560.0,43134.0,42982.0,43860.0,41622.0,37731.0,2.638,284.9,30.76,3.7,3.528,2.0,-1.0,13.44,0.018,0.245,3.0,2.0,0.0,0.0,52.46,53.51,57.43,56.3,56.7,53.65,55.25,55.72,57.1,53.86
2016-06-07 11:40:00-05:00,1059.7347,1094.9286,502733.0,36.32,0.0,1081.0,27.51,299.6,273.0,271.7,269.3,277.8,277.6,277.7,298.8,832.0,60.15,226.2,1380106.0,300.4,248.5,5.0,0.0,0.0,0.0,0.0,0.0,0.0,0.0,0.0,27.77,49.2,1042.0,283.2,279.7,284.4,60.0,59.9,74.7,0.0,268.8,268.0,270.0,225.8,27.73,227.5,601.0,1370573.0,41170.0,126411.0,0.993,0.979,0.748,0.921,115.2,116.6,114.1,114.1,116.2,113.6,98.8,34.51,34.92,34.19,34.18,34.79,34.03,29.6,42907.0,43560.0,43134.0,42983.0,43860.0,41623.0,37731.0,2.258,281.2,21.33,4.7,3.528,2.0,-1.0,13.44,0.018,0.245,3.0,2.0,0.0,0.0,50.26,51.59,56.33,54.64,55.71,50.79,54.65,53.78,55.74,53.86
2016-06-07 11:41:00-05:00,1045.4781,1081.4795,502734.0,36.32,0.0,1068.0,27.76,301.1,273.0,271.8,269.3,274.4,274.1,274.2,300.2,817.0,60.14,223.3,1380109.0,302.6,245.2,5.0,0.0,0.0,0.0,0.0,0.0,0.0,0.0,0.0,27.97,50.64,1028.0,279.5,276.1,280.4,60.0,59.9,74.7,0.0,268.9,268.0,270.0,222.9,27.26,224.5,601.0,1370577.0,41170.0,126411.0,0.993,0.979,0.748,0.921,112.9,114.3,111.9,112.0,113.8,111.2,97.0,34.0,34.42,33.7,33.71,34.26,33.47,29.21,42907.0,43561.0,43135.0,42983.0,43861.0,41623.0,37732.0,,0.0,0.0,,,2.0,-1.0,13.44,0.018,0.245,3.0,2.0,0.0,0.0,50.5,51.93,56.63,55.04,56.92,51.87,54.81,54.82,56.46,53.86
2016-06-07 11:42:00-05:00,1035.9739,1070.2717,502735.0,36.35,0.0,1057.0,28.05,300.1,273.1,271.9,269.4,271.0,270.8,270.8,299.0,810.0,60.15,220.6,1380113.0,301.0,242.1,5.0,0.0,0.0,0.0,0.0,0.0,0.0,0.0,0.0,28.48,51.96,1018.0,275.9,272.6,276.8,60.0,59.9,74.7,0.0,268.9,268.5,270.0,220.2,26.79,221.8,601.0,1370580.0,41170.0,126412.0,0.993,0.979,0.748,0.921,111.9,113.3,111.2,110.8,112.9,110.3,96.4,33.58,33.99,33.36,33.26,33.87,33.1,28.93,42908.0,43561.0,43135.0,42984.0,43861.0,41623.0,37732.0,1.593,236.7,17.1,2.2,3.528,2.0,-1.0,13.44,0.018,0.245,3.0,2.0,0.0,0.0,52.2,53.59,57.1,55.86,57.59,52.96,54.9,56.04,56.99,53.83
2016-06-07 11:43:00-05:00,1034.7859,1069.1511,502736.0,36.36,0.0,1055.0,27.91,298.1,273.2,271.7,269.3,270.2,269.8,269.9,296.6,812.0,60.13,219.8,1380116.0,297.1,240.8,5.0,0.0,0.0,0.0,0.0,0.0,0.0,0.0,0.0,28.68,53.09,1017.0,275.1,271.7,275.9,60.0,59.9,74.7,0.0,269.0,268.0,270.0,219.3,26.68,221.0,601.0,1370584.0,41170.0,126412.0,0.993,0.979,0.748,0.921,111.7,113.7,111.4,111.1,112.5,111.0,96.5,33.3,33.89,33.21,33.11,33.52,33.07,28.78,42908.0,43562.0,43136.0,42984.0,43862.0,41624.0,37733.0,1.74,215.3,18.66,2.7,3.527,2.0,-1.0,13.44,0.018,0.244,3.0,2.0,0.0,0.0,53.53,54.58,57.79,56.89,57.91,54.7,55.29,57.13,57.58,53.76
2016-06-07 11:44:00-05:00,1034.7859,1069.1511,502737.0,36.4,0.0,1055.0,28.15,297.5,273.0,272.0,269.5,269.5,269.0,269.2,296.8,811.0,60.14,219.3,1380120.0,298.4,240.8,5.0,0.0,0.0,0.0,0.0,0.0,0.0,0.0,0.0,29.44,54.5,1016.0,274.3,271.0,275.1,60.0,59.9,74.7,0.0,269.0,268.5,270.0,218.9,26.6,220.5,601.0,1370588.0,41170.0,126413.0,0.993,0.979,0.748,0.921,112.3,113.4,111.1,111.2,113.1,110.7,96.3,33.41,33.74,33.06,33.09,33.64,32.94,28.66,42909.0,43562.0,43136.0,42985.0,43862.0,41624.0,37733.0,0.8,217.9,62.52,1.6,3.528,2.0,-1.0,13.44,0.018,0.244,3.0,2.0,0.0,0.0,54.96,55.3,58.02,57.3,58.15,55.87,55.03,58.23,58.22,53.76
2016-06-07 11:45:00-05:00,1034.7859,1069.1511,502738.0,36.41,0.0,1054.0,28.3,297.3,273.1,271.8,269.3,268.6,268.5,268.5,296.3,809.0,60.14,218.7,1380124.0,298.5,239.8,5.0,0.0,0.0,0.0,0.0,0.0,0.0,0.0,0.0,29.52,55.59,1014.0,273.5,270.3,274.3,60.0,59.9,74.7,0.0,269.0,268.0,270.0,218.2,26.49,219.8,601.0,1370591.0,41170.0,126413.0,0.993,0.979,0.748,0.921,111.7,113.0,111.8,111.4,112.3,110.3,96.7,33.21,33.59,33.22,33.11,33.38,32.78,28.74,42909.0,43562.0,43137.0,42985.0,43863.0,41625.0,37734.0,,0.0,0.0,,,2.0,-1.0,13.44,0.018,0.244,3.0,2.0,0.0,0.0,56.07,55.65,58.64,57.82,58.86,56.23,55.58,58.45,58.48,53.76
2016-06-07 11:46:00-05:00,1028.8457,1063.5472,502739.0,36.45,0.0,1046.0,28.04,297.6,272.8,271.9,269.4,268.1,267.5,267.7,296.3,807.0,60.14,218.0,1380127.0,298.3,239.1,5.0,0.0,0.0,0.0,0.0,0.0,0.0,0.0,0.0,28.51,52.78,1008.0,272.8,269.6,273.5,60.0,59.9,74.7,0.0,268.9,268.1,270.0,217.6,26.42,219.2,601.0,1370595.0,41170.0,126414.0,0.993,0.979,0.748,0.921,111.7,112.6,111.0,110.7,112.0,110.1,95.8,33.23,33.5,33.02,32.94,33.32,32.76,28.51,42910.0,43563.0,43137.0,42986.0,43863.0,41625.0,37734.0,2.855,294.7,10.21,3.9,3.528,2.0,-1.0,13.44,0.018,0.244,3.0,2.0,0.0,0.0,54.16,54.07,57.82,56.36,57.69,53.02,55.57,55.78,56.89,53.76
2016-06-07 11:47:00-05:00,1028.8457,1063.5472,502740.0,36.48,0.0,1048.0,27.8,297.1,272.9,271.9,269.5,268.9,268.2,268.4,296.1,810.0,60.14,218.7,1380131.0,297.6,239.9,5.0,0.0,0.0,0.0,0.0,0.0,0.0,0.0,0.0,27.99,51.12,1009.0,273.5,270.2,274.3,60.0,59.9,74.7,0.0,269.0,268.1,270.0,218.2,26.5,219.8,601.0,1370598.0,41170.0,126414.0,0.993,0.979,0.748,0.921,112.4,113.3,111.6,111.2,112.8,110.9,96.5,33.4,33.65,33.16,33.04,33.52,32.94,28.67,42910.0,43563.0,43138.0,42986.0,43864.0,41626.0,37735.0,2.557,312.4,9.5,3.6,3.528,2.0,-1.0,13.44,0.018,0.244,3.0,2.0,0.0,0.0,51.69,53.01,57.12,55.42,56.99,52.18,55.68,55.21,55.99,53.76
2016-06-07 11:48:00-05:00,1030.0336,1064.6681,502741.0,36.51,0.0,1049.0,28.13,299.5,272.8,271.7,269.3,270.1,269.8,269.9,298.4,809.0,60.15,219.7,1380134.0,300.8,241.3,5.0,0.0,0.0,0.0,0.0,0.0,0.0,0.0,0.0,28.31,50.52,1009.0,275.1,271.7,275.9,60.0,59.9,74.7,0.0,268.6,268.0,270.0,219.3,26.66,220.9,601.0,1370602.0,41170.0,126415.0,0.993,0.979,0.748,0.921,112.1,113.1,111.0,110.9,112.4,110.5,96.0,33.59,33.86,33.24,33.21,33.65,33.08,28.76,42911.0,43564.0,43138.0,42986.0,43864.0,41626.0,37735.0,2.412,304.0,10.05,3.4,3.526,2.0,-1.0,13.44,0.019,0.245,3.0,2.0,0.0,0.0,51.67,51.74,56.58,54.98,56.63,51.46,55.54,54.04,54.56,53.76
2016-06-07 11:49:00-05:00,1027.6576,1062.4265,502742.0,36.54,0.0,1047.0,27.71,300.7,273.0,271.7,269.3,270.4,270.1,270.2,299.7,807.0,60.15,220.0,1380138.0,301.7,241.7,5.0,0.0,0.0,0.0,0.0,0.0,0.0,0.0,0.0,27.85,48.17,1008.0,275.4,272.0,276.3,60.0,59.9,74.7,0.0,268.7,268.0,270.0,219.6,26.71,221.2,601.0,1370606.0,41170.0,126415.0,0.993,0.979,0.748,0.921,111.9,112.9,110.6,110.6,112.2,110.2,95.6,33.64,33.96,33.26,33.27,33.75,33.15,28.73,42911.0,43564.0,43139.0,42987.0,43865.0,41627.0,37736.0,2.627,295.4,9.84,3.9,3.528,2.0,-1.0,13.44,0.019,0.244,3.0,2.0,0.0,0.0,49.61,51.03,56.01,54.36,56.11,50.59,55.29,53.04,54.35,53.76
2016-06-07 11:50:00-05:00,1024.0935,1059.0642,502743.0,36.56,0.0,1045.0,27.78,300.2,272.9,271.7,269.1,270.1,269.7,269.9,299.2,806.0,60.14,219.7,1380141.0,300.3,241.3,5.0,0.0,0.0,0.0,0.0,0.0,0.0,0.0,0.0,27.85,49.14,1007.0,275.1,271.6,275.9,60.0,59.9,74.7,0.0,268.5,268.0,270.0,219.2,26.67,220.8,601.0,1370609.0,41170.0,126415.0,0.993,0.979,0.748,0.921,111.5,112.6,110.8,110.5,112.2,109.8,95.7,33.48,33.79,33.25,33.18,33.68,32.96,28.72,42912.0,43565.0,43139.0,42987.0,43865.0,41627.0,37736.0,1.352,314.4,30.32,2.7,3.527,2.0,-1.0,13.44,0.019,0.244,3.0,2.0,0.0,0.0,49.82,51.87,55.89,54.37,56.36,51.02,55.07,53.37,54.36,53.76
2016-06-07 11:51:00-05:00,1027.6576,1063.5472,502744.0,36.58,0.0,1049.0,27.93,300.0,272.5,271.5,268.9,270.7,270.5,270.6,299.3,808.0,60.14,220.0,1380145.0,302.0,241.8,5.0,0.0,0.0,0.0,0.0,0.0,0.0,0.0,0.0,28.08,49.67,1010.0,275.7,272.2,276.5,60.0,59.9,74.7,0.0,268.0,268.0,269.9,219.5,26.72,221.1,601.0,1370613.0,41170.0,126416.0,0.993,0.979,0.748,0.921,111.9,112.5,111.0,111.1,112.5,109.7,95.9,33.58,33.76,33.3,33.34,33.76,32.92,28.76,42912.0,43565.0,43140.0,42988.0,43866.0,41628.0,37737.0,1.405,308.4,23.33,3.1,3.528,2.0,-1.0,13.44,0.019,0.244,3.0,2.0,0.0,0.0,50.22,52.95,56.56,55.33,56.79,52.07,55.78,54.29,55.1,53.72
2016-06-07 11:52:00-05:00,1027.6576,1062.4265,502745.0,36.61,0.0,1048.0,27.91,300.0,272.5,271.5,268.9,270.3,269.9,270.1,299.1,806.0,60.14,219.6,1380149.0,300.8,241.2,5.0,0.0,0.0,0.0,0.0,0.0,0.0,0.0,0.0,28.04,50.85,1009.0,275.2,271.7,276.0,60.0,59.9,74.7,0.0,268.0,268.0,269.7,219.1,26.61,220.7,601.0,1370617.0,41170.0,126416.0,0.993,0.979,0.748,0.921,111.9,112.6,110.8,111.3,112.3,110.1,95.5,33.57,33.78,33.22,33.4,33.69,33.01,28.65,42912.0,43566.0,43140.0,42988.0,43866.0,41628.0,37737.0,1.292,287.0,26.58,2.4,3.525,2.0,-1.0,13.44,0.019,0.244,3.0,2.0,0.0,0.0,51.12,52.88,56.64,55.64,57.26,51.86,56.13,54.81,55.48,53.67
2016-06-07 11:53:00-05:00,1031.2217,1063.5472,502746.0,36.64,0.0,1049.0,28.08,299.1,272.3,271.5,268.9,270.9,270.4,270.6,299.1,810.0,60.13,219.9,1380152.0,299.2,242.2,5.0,0.0,0.0,0.0,0.0,0.0,0.0,0.0,0.0,28.15,49.78,1011.0,275.7,272.1,276.6,60.0,59.9,74.7,0.0,268.0,268.0,269.1,219.4,26.7,221.0,601.0,1370620.0,41170.0,126417.0,0.993,0.979,0.748,0.921,111.6,113.6,112.0,110.9,112.0,111.0,96.6,33.38,33.98,33.49,33.18,33.49,33.19,28.88,42913.0,43566.0,43140.0,42989.0,43866.0,41629.0,37738.0,2.723,291.4,21.0,4.5,3.527,2.0,-1.0,13.44,0.019,0.244,3.0,2.0,0.0,0.0,50.59,52.47,56.56,55.37,57.17,51.53,55.93,54.48,55.5,53.7
2016-06-07 11:54:00-05:00,1035.9739,1068.0303,502747.0,36.66,0.0,1053.0,28.47,299.5,272.6,271.4,268.8,271.5,271.3,271.4,299.1,812.0,60.13,220.7,1380156.0,299.9,242.9,5.0,0.0,0.0,0.0,0.0,0.0,0.0,0.0,0.0,28.64,50.71,1014.0,276.6,273.0,277.5,60.0,59.9,74.7,0.0,268.0,268.0,269.3,220.1,26.81,221.8,601.0,1370624.0,41170.0,126417.0,0.993,0.979,0.748,0.921,112.4,113.9,111.8,110.8,112.7,111.3,96.3,33.65,34.1,33.46,33.18,33.73,33.31,28.84,42913.0,43567.0,43141.0,42989.0,43867.0,41629.0,37738.0,2.075,287.6,11.73,3.4,3.528,2.0,-1.0,13.44,0.019,0.244,3.0,2.0,0.0,0.0,51.34,52.56,56.49,55.4,56.88,52.53,55.78,54.6,55.51,53.63
2016-06-07 11:55:00-05:00,1035.9739,1068.0303,502748.0,36.7,0.0,1053.0,28.39,300.0,272.6,271.6,269.0,271.5,270.7,271.0,299.3,810.0,60.19,220.4,1380159.0,300.9,242.5,5.0,0.0,0.0,0.0,0.0,0.0,0.0,0.0,0.0,28.54,50.39,1014.0,276.3,272.8,277.1,60.0,59.9,74.7,0.0,268.0,268.0,269.7,220.0,26.83,221.6,601.0,1370628.0,41170.0,126418.0,0.993,0.979,0.748,0.921,112.0,113.1,111.7,111.4,112.5,110.2,96.5,33.61,33.92,33.51,33.4,33.75,33.04,28.94,42914.0,43567.0,43141.0,42990.0,43867.0,41630.0,37739.0,2.37,277.6,14.71,4.0,3.527,2.0,-1.0,13.44,0.019,0.245,3.0,2.0,0.0,0.0,50.95,52.96,56.55,55.69,57.2,52.42,55.63,54.71,55.88,53.57
2016-06-07 11:56:00-05:00,1041.9141,1073.6342,502749.0,36.73,0.0,1058.0,28.21,340.4,271.2,270.4,268.1,168.4,168.2,168.3,337.1,499.1,60.14,136.6,1380162.0,341.8,149.6,4.667,0.0,0.0,0.0,0.0,0.0,0.0,0.0,0.0,28.27,49.2,1020.0,175.5,173.6,176.0,60.0,59.9,74.7,0.0,268.0,268.0,269.3,136.3,13.41,140.3,601.0,1370630.0,41170.0,126418.0,0.676,0.979,0.748,0.921,69.65,71.16,66.91,66.23,69.2,66.03,57.97,21.28,21.77,20.27,20.02,21.09,19.9,17.57,42914.0,43567.0,43142.0,42990.0,43868.0,41630.0,37739.0,3.413,294.0,21.47,5.6,3.528,2.0,-1.0,13.44,0.019,0.245,3.0,2.0,0.0,0.0,50.04,52.05,56.13,54.85,56.06,50.89,55.31,53.17,55.68,53.55
2016-06-07 11:57:00-05:00,1047.8544,1081.4795,502750.0,36.76,0.0,1064.0,28.39,357.6,271.7,270.7,268.3,198.2,197.5,197.6,356.9,498.5,60.14,159.5,1380164.0,357.9,177.5,5.0,0.0,0.0,0.0,0.0,0.0,0.0,0.0,0.0,28.43,49.79,1024.0,197.3,198.4,196.8,60.0,59.9,74.7,0.0,268.0,268.0,269.1,157.8,17.11,158.7,601.0,1370633.0,41170.0,126418.0,0.994,0.979,0.748,0.921,70.82,71.69,66.36,65.18,67.98,64.35,56.63,25.27,25.58,23.67,23.25,24.26,22.95,20.2,42915.0,43568.0,43142.0,42990.0,43868.0,41630.0,37739.0,3.097,295.1,16.16,4.8,3.528,2.0,-1.0,13.44,0.019,0.245,3.0,2.0,0.0,0.0,50.23,51.72,56.21,54.9,55.99,50.71,55.17,53.1,54.45,53.55
2016-06-07 11:58:00-05:00,1047.8544,1081.4795,502751.0,36.79,0.0,1064.0,28.16,335.0,272.0,271.1,268.5,250.1,249.9,250.0,334.6,672.3,60.15,202.7,1380167.0,336.6,224.6,5.0,0.0,0.0,0.0,0.0,0.0,0.0,0.0,0.0,28.18,48.91,1024.0,253.4,251.8,254.0,60.0,59.9,74.7,0.0,268.0,268.0,269.0,201.9,24.14,203.4,601.0,1370636.0,41170.0,126419.0,0.993,0.979,0.748,0.921,94.4,95.6,91.7,90.5,92.0,89.9,78.32,31.6,31.99,30.68,30.27,30.78,30.09,26.2,42915.0,43568.0,43143.0,42991.0,43869.0,41631.0,37740.0,3.257,294.1,12.66,4.7,3.528,2.0,-1.0,13.44,0.019,0.245,3.0,2.0,0.0,0.0,49.67,51.06,55.76,54.1,55.55,49.58,54.67,52.27,54.19,53.55
2016-06-07 11:59:00-05:00,1044.2902,1080.3586,502752.0,36.81,0.0,1064.0,27.9,312.8,272.2,271.3,268.7,271.9,272.0,272.0,313.5,781.3,60.15,221.0,1380171.0,315.2,244.8,5.0,0.0,0.0,0.0,0.0,0.0,0.0,0.0,0.0,28.02,47.62,1024.0,277.0,274.1,278.1,60.0,59.9,74.7,0.0,268.0,268.0,269.0,220.6,26.89,222.2,601.0,1370640.0,41170.0,126419.0,0.993,0.979,0.748,0.921,109.3,110.6,107.3,106.4,108.6,106.8,92.1,34.17,34.58,33.56,33.26,33.96,33.39,28.8,42916.0,43569.0,43143.0,42991.0,43869.0,41631.0,37740.0,,0.0,0.0,,,2.5,-1.0,13.44,0.019,0.245,3.0,2.0,0.0,0.0,48.23,50.37,55.15,53.59,55.38,49.07,54.23,52.18,54.07,53.55
2016-06-07 12:00:00-05:00,1044.2902,1081.4795,502753.0,36.85,0.0,1065.0,27.92,301.1,272.1,271.3,268.7,275.2,274.9,275.1,300.0,819.0,60.14,223.4,1380175.0,301.2,245.6,5.0,0.0,0.0,0.0,0.0,0.0,0.0,0.0,0.0,28.06,47.49,1025.0,280.3,276.7,281.3,60.0,59.9,74.7,0.0,268.0,268.0,269.0,222.9,27.27,224.6,601.0,1370643.0,41170.0,126420.0,0.993,0.979,0.748,0.921,113.1,114.3,112.7,111.8,112.8,111.3,96.9,34.06,34.4,33.93,33.65,33.97,33.49,29.17,42916.0,43569.0,43144.0,42992.0,43870.0,41632.0,37741.0,2.643,294.2,14.91,4.8,3.528,2.0,-1.0,13.44,0.019,0.245,3.0,2.0,0.0,0.0,47.66,50.57,55.25,54.09,56.02,49.75,54.79,52.5,54.83,53.55
2016-06-07 12:01:00-05:00,1045.4781,1082.6002,502754.0,36.87,0.0,1066.0,28.21,300.9,272.2,271.3,268.7,276.1,275.8,276.0,300.7,823.0,60.11,224.3,1380178.0,301.0,247.4,5.0,0.0,0.0,0.0,0.0,0.0,0.0,0.0,0.0,28.27,46.19,1027.0,281.5,277.7,282.5,60.0,59.9,74.7,0.0,268.0,268.0,269.1,223.9,27.42,225.5,601.0,1370647.0,41170.0,126420.0,0.993,0.979,0.748,0.921,114.1,115.3,114.0,112.5,113.6,112.4,98.1,34.32,34.7,34.31,33.86,34.18,33.83,29.52,42917.0,43570.0,43144.0,42992.0,43870.0,41632.0,37741.0,,0.0,0.0,,,2.0,-1.0,13.44,0.019,0.245,3.0,2.0,0.0,0.0,46.59,49.62,54.98,53.35,55.15,48.95,54.27,51.3,53.64,53.55
2016-06-07 12:02:00-05:00,1045.4781,1083.721,502755.0,36.9,0.0,1063.0,27.95,302.1,272.4,271.3,268.7,277.3,277.0,277.2,300.7,823.0,60.13,225.3,1380182.0,302.3,247.4,5.0,0.0,0.0,0.0,0.0,0.0,0.0,0.0,0.0,27.96,45.25,1028.0,282.6,278.8,283.6,60.0,59.9,74.7,0.0,268.0,268.0,269.0,224.8,27.55,226.5,601.0,1370651.0,41170.0,126420.0,0.993,0.979,0.748,0.921,113.7,115.7,113.4,112.4,113.5,112.9,97.5,34.36,34.96,34.26,33.97,34.28,34.11,29.46,42917.0,43570.0,43144.0,42993.0,43870.0,41633.0,37741.0,2.325,311.7,12.8,5.0,3.527,2.0,-1.0,13.44,0.019,0.245,3.0,2.0,0.0,0.0,45.37,48.8,54.23,52.42,54.26,48.43,53.64,50.05,52.88,53.55
2016-06-07 12:03:00-05:00,1041.9141,1080.3586,502756.0,36.9,0.0,1064.0,27.97,302.6,272.2,271.2,268.6,276.5,276.0,276.2,301.6,819.0,60.15,224.4,1380186.0,302.6,247.0,5.0,0.0,0.0,0.0,0.0,0.0,0.0,0.0,0.0,28.09,45.96,1026.0,281.8,278.2,282.8,60.0,59.9,74.7,0.0,268.0,268.0,269.0,224.1,27.46,225.8,601.0,1370655.0,41170.0,126421.0,0.993,0.979,0.748,0.921,114.0,114.7,112.7,112.4,113.7,111.7,96.9,34.5,34.72,34.11,34.02,34.41,33.79,29.32,42917.0,43571.0,43145.0,42993.0,43871.0,41633.0,37742.0,2.295,299.2,9.96,3.5,3.527,2.0,-1.0,13.44,0.019,0.245,3.0,2.0,0.0,0.0,45.77,49.57,54.66,53.25,55.15,49.16,54.01,51.32,53.21,53.55
2016-06-07 12:04:00-05:00,1039.5381,1076.9963,502757.0,36.9,0.0,1062.0,27.97,302.1,272.4,271.5,268.9,275.8,275.7,275.8,301.1,819.0,60.15,224.2,1380189.0,303.8,246.5,5.0,0.0,0.0,0.0,0.0,0.0,0.0,0.0,0.0,28.05,45.73,1025.0,281.3,277.6,282.3,60.0,59.9,74.7,0.0,268.0,268.0,269.3,223.8,27.39,225.5,601.0,1370658.0,41170.0,126421.0,0.993,0.979,0.748,0.921,113.6,114.6,113.2,112.6,113.3,111.6,97.4,34.32,34.62,34.18,34.01,34.23,33.71,29.42,42918.0,43571.0,43145.0,42994.0,43871.0,41634.0,37742.0,2.672,306.9,14.03,4.3,3.526,2.0,-1.0,13.44,0.019,0.245,3.0,2.0,0.0,0.0,45.51,49.53,54.9,53.03,55.07,49.1,54.13,51.08,53.42,53.55
2016-06-07 12:05:00-05:00,1043.1022,1081.4795,502758.0,36.93,0.0,1070.0,27.92,302.5,272.3,271.5,269.0,277.3,276.9,277.1,301.7,822.0,60.14,225.4,1380193.0,303.9,247.8,5.0,0.0,0.0,0.0,0.0,0.0,0.0,0.0,0.0,27.98,44.66,1036.0,282.8,279.0,283.8,60.0,59.9,74.7,0.0,268.0,268.0,269.7,225.1,27.59,226.7,601.0,1370662.0,41170.0,126422.0,0.993,0.979,0.748,0.921,113.3,115.7,113.4,113.0,114.7,111.6,97.5,34.27,35.0,34.31,34.18,34.69,33.74,29.48,42918.0,43572.0,43146.0,42994.0,43872.0,41634.0,37743.0,3.345,311.9,10.61,5.1,3.526,2.0,-1.0,13.44,0.019,0.245,3.0,2.0,0.0,0.0,44.64,48.86,54.39,52.77,54.69,48.33,54.03,50.87,52.95,53.5
2016-06-07 12:06:00-05:00,1038.35,1076.9963,502759.0,36.94,0.0,1064.0,27.66,299.7,272.4,271.3,268.8,275.1,274.9,275.1,298.8,823.0,60.14,223.6,1380197.0,296.3,246.1,5.0,0.0,0.0,0.0,0.0,0.0,0.0,0.0,0.0,27.7,44.19,1026.0,280.6,277.0,281.8,60.0,59.9,74.7,0.0,268.0,268.0,269.0,223.2,27.3,224.8,601.0,1370666.0,41170.0,126422.0,0.993,0.979,0.748,0.921,113.8,115.1,112.9,112.9,113.8,113.0,97.5,34.12,34.53,33.85,33.85,34.13,33.87,29.22,42919.0,43573.0,43146.0,42995.0,43873.0,41635.0,37743.0,2.993,309.2,16.96,4.0,3.528,2.0,-1.0,13.44,0.019,0.245,3.0,2.0,0.0,0.0,43.97,48.42,54.51,52.59,54.35,48.52,53.7,50.55,52.29,53.45
2016-06-07 12:07:00-05:00,1093.0,1134.1553,502760.0,36.94,0.0,1121.0,27.7,371.2,270.9,270.0,267.8,135.8,135.4,135.5,369.1,357.9,60.14,109.4,1380198.0,371.3,121.8,4.667,0.0,0.0,0.0,0.0,0.0,0.0,0.0,0.0,27.78,44.04,1086.0,139.2,139.4,139.1,60.0,59.9,74.7,0.0,268.0,268.0,269.1,107.1,8.81,110.6,601.0,1370668.0,41170.0,126422.0,0.668,0.979,0.748,0.921,49.05,51.04,44.3,43.23,48.07,41.95,37.84,17.08,17.79,15.23,14.84,16.67,14.37,12.99,42919.0,43573.0,43147.0,42995.0,43873.0,41635.0,37744.0,2.717,310.4,13.09,4.2,3.528,2.0,-1.0,13.44,0.019,0.245,3.0,2.0,0.0,0.0,43.95,48.21,54.63,52.65,54.13,48.42,53.82,50.97,52.54,53.42
2016-06-07 12:08:00-05:00,1090.6239,1131.9137,502761.0,36.94,0.0,1120.0,28.31,352.1,271.6,270.6,268.2,232.7,232.3,232.4,351.5,594.5,60.14,188.0,1380202.0,352.7,208.6,5.0,0.0,0.0,0.0,0.0,0.0,0.0,0.0,0.0,28.37,45.0,1084.0,234.6,234.1,234.7,60.0,59.9,74.7,0.0,268.0,267.6,269.0,187.0,21.78,188.3,601.0,1370671.0,41170.0,126423.0,0.993,0.979,0.748,0.921,84.4,86.2,79.72,78.78,83.3,77.89,68.43,29.67,30.29,28.02,27.68,29.27,27.37,24.05,42920.0,43573.0,43147.0,42996.0,43873.0,41635.0,37744.0,2.958,303.7,18.59,5.2,3.528,2.0,-1.0,13.44,0.02,0.245,3.0,2.0,0.0,0.0,44.83,48.46,54.85,52.73,54.84,48.63,54.4,51.11,52.7,53.35
2016-06-07 12:09:00-05:00,882.00354,922.3312,502762.0,36.94,0.0,897.0,28.35,333.6,271.6,270.7,268.4,218.2,218.6,218.6,333.1,594.7,60.15,176.7,1380204.0,334.8,198.0,5.0,0.0,0.0,0.0,0.0,0.0,0.0,0.0,0.0,28.31,45.46,824.0,219.4,218.6,220.2,60.0,59.9,74.7,0.0,268.0,267.9,269.0,175.1,19.78,176.2,601.0,1370674.0,41170.0,126423.0,0.994,0.979,0.748,0.921,82.3,80.5,79.16,77.27,75.85,79.6,66.49,27.46,26.86,26.39,25.76,25.31,26.53,22.17,42920.0,43574.0,43148.0,42996.0,43874.0,41636.0,37744.0,2.45,290.5,16.93,4.0,3.526,2.0,-1.0,13.44,0.019,0.244,3.0,2.0,0.0,0.0,45.52,49.0,54.88,52.96,55.1,48.6,54.47,51.08,53.22,53.35
2016-06-07 12:10:00-05:00,579.1712,603.2502,502763.0,36.93,0.0,613.2,28.3,333.0,270.6,269.8,267.7,146.2,146.3,146.4,332.3,401.2,60.13,116.9,1380206.0,333.9,133.2,5.0,0.0,0.0,0.0,0.0,0.0,0.0,0.0,0.0,28.28,44.71,621.9,146.4,147.4,146.4,60.0,59.9,74.7,0.0,268.0,267.4,269.0,117.1,10.56,117.6,601.0,1370676.0,41170.0,126423.0,0.997,0.979,0.748,0.921,58.5,59.02,54.39,51.28,53.8,55.44,42.15,19.5,19.71,18.09,17.06,17.96,18.43,14.01,42921.0,43574.0,43148.0,42996.0,43874.0,41636.0,37745.0,2.463,268.5,24.44,3.9,3.528,2.0,-1.0,13.44,0.02,0.237,3.0,2.0,0.0,0.0,44.37,48.57,53.28,52.09,53.84,47.96,52.69,50.29,52.12,53.3
2016-06-07 12:11:00-05:00,821.17566,863.0429,502764.0,36.9,0.0,839.0,28.2,326.0,271.4,270.7,268.3,219.1,219.1,219.2,325.3,605.5,60.14,177.1,1380209.0,327.6,196.9,5.0,0.0,0.0,0.0,0.0,0.0,0.0,0.0,0.0,28.33,44.96,785.9,219.3,219.0,220.0,60.0,59.9,74.7,0.0,268.0,267.8,269.0,175.1,19.69,176.2,601.0,1370679.0,41170.0,126424.0,0.994,0.979,0.748,0.921,84.7,81.3,80.4,79.65,77.24,82.6,69.03,27.62,26.56,26.19,25.96,25.25,26.91,22.48,42921.0,43575.0,43148.0,42997.0,43875.0,41636.0,37745.0,2.843,242.9,21.71,5.1,3.526,2.0,-1.0,13.44,0.02,0.242,3.0,2.0,0.0,0.0,45.12,48.75,53.01,51.93,53.09,48.28,52.07,50.54,52.05,53.25
2016-06-07 12:12:00-05:00,969.4435,1007.50916,502765.0,36.9,0.0,1014.0,27.77,318.2,272.1,271.2,268.8,259.3,259.7,259.7,317.8,736.8,60.15,210.8,1380213.0,320.0,233.4,5.0,0.0,0.0,0.0,0.0,0.0,0.0,0.0,0.0,28.27,45.48,997.0,264.9,262.9,266.3,60.0,59.9,74.7,0.0,268.0,268.0,269.3,211.3,25.37,212.8,601.0,1370682.0,41170.0,126424.0,0.993,0.979,0.748,0.921,105.1,106.0,101.9,100.7,103.5,100.8,87.1,33.35,33.65,32.32,31.95,32.87,31.96,27.63,42922.0,43575.0,43149.0,42997.0,43875.0,41637.0,37745.0,,0.0,0.0,,,2.0,-1.0,13.44,0.02,0.242,3.0,2.0,0.0,0.0,45.89,48.76,52.31,51.49,52.27,48.26,51.06,50.77,51.98,53.27
2016-06-07 12:13:00-05:00,1082.3076,1129.6722,502766.0,36.87,0.0,1116.0,27.87,307.9,272.7,271.6,269.1,289.5,289.7,289.6,307.3,848.0,60.14,235.8,1380217.0,308.2,260.4,5.0,0.0,0.0,0.0,0.0,0.0,0.0,0.0,0.0,28.42,47.5,1078.0,295.8,292.1,297.4,60.0,59.9,74.7,0.0,268.0,268.0,269.4,235.5,29.25,237.3,601.0,1370686.0,41170.0,126425.0,0.992,0.979,0.748,0.921,117.9,118.3,115.8,116.3,118.4,115.2,100.0,36.28,36.43,35.63,35.8,36.45,35.47,30.77,42922.0,43576.0,43150.0,42998.0,43876.0,41638.0,37746.0,1.757,233.1,21.18,3.0,3.527,2.0,-1.0,13.44,0.02,0.245,3.0,2.0,0.0,0.0,48.15,49.85,53.67,52.48,53.68,49.62,51.99,52.47,53.2,53.18
2016-06-07 12:14:00-05:00,1066.863,1111.74,502767.0,36.85,0.0,1098.0,28.11,304.4,272.6,271.5,269.0,284.2,284.3,284.3,304.3,841.0,60.15,231.3,1380220.0,306.5,255.8,5.0,0.0,0.0,0.0,0.0,0.0,0.0,0.0,0.0,28.63,48.65,1061.0,290.3,286.6,291.7,60.0,59.9,74.7,0.0,268.0,268.0,269.0,231.0,28.52,232.8,601.0,1370690.0,41170.0,126425.0,0.992,0.979,0.748,0.921,116.5,117.0,114.8,115.4,117.3,113.9,99.3,35.45,35.63,34.96,35.12,35.7,34.67,30.23,42923.0,43577.0,43150.0,42999.0,43877.0,41638.0,37746.0,1.77,235.3,19.17,3.3,3.527,2.0,-1.0,13.44,0.02,0.245,3.0,2.0,0.0,0.0,49.79,50.72,54.6,53.57,54.55,51.22,52.69,53.58,54.52,53.21
2016-06-07 12:15:00-05:00,1064.4869,1106.1362,502768.0,36.82,0.0,1092.0,27.84,302.9,272.4,271.2,268.7,282.3,282.5,282.5,302.4,838.0,60.13,229.6,1380224.0,300.7,253.3,5.0,0.0,0.0,0.0,0.0,0.0,0.0,0.0,0.0,28.39,49.66,1054.0,288.2,284.6,289.6,60.0,59.9,74.7,0.0,268.0,267.6,269.0,229.2,28.25,231.0,601.0,1370694.0,41170.0,126426.0,0.992,0.979,0.748,0.921,115.4,117.1,115.3,114.6,116.2,114.3,99.7,34.94,35.47,34.91,34.72,35.18,34.62,30.18,42924.0,43577.0,43151.0,42999.0,43877.0,41639.0,37747.0,2.195,237.1,11.08,3.6,3.527,2.0,-1.0,13.44,0.02,0.245,3.0,2.0,0.0,0.0,51.06,51.74,55.12,54.46,54.96,52.37,53.53,54.61,55.39,53.19
2016-06-07 12:16:00-05:00,1065.6749,1103.8947,502769.0,36.81,0.0,1089.0,27.85,301.3,272.1,270.9,268.5,280.7,281.1,281.0,300.3,836.0,60.14,228.2,1380228.0,301.3,250.9,5.0,0.0,0.0,0.0,0.0,0.0,0.0,0.0,0.0,28.46,51.38,1051.0,286.6,283.0,287.9,60.0,59.9,74.7,0.0,268.0,267.2,269.0,227.8,28.05,229.5,601.0,1370697.0,41170.0,126426.0,0.993,0.979,0.748,0.921,115.8,116.7,115.1,115.0,116.6,114.0,99.2,34.88,35.15,34.68,34.64,35.11,34.35,29.89,42924.0,43578.0,43151.0,43000.0,43878.0,41639.0,37747.0,1.763,253.1,17.59,2.8,3.526,2.0,-1.0,13.44,0.02,0.245,3.0,2.0,0.0,0.0,52.73,52.47,55.51,54.77,55.76,52.26,54.17,54.98,56.07,53.24
2016-06-07 12:17:00-05:00,1066.863,1100.5323,502770.0,36.81,0.0,1087.0,28.15,301.2,272.1,270.8,268.4,278.9,279.1,279.0,300.0,830.0,60.15,226.5,1380231.0,303.2,249.1,5.0,0.0,0.0,0.0,0.0,0.0,0.0,0.0,0.0,29.24,53.05,1048.0,284.7,281.2,285.9,60.0,59.9,74.7,0.0,267.9,267.1,269.0,226.2,27.77,227.9,601.0,1370701.0,41170.0,126426.0,0.993,0.979,0.748,0.921,115.0,115.8,114.2,113.9,115.5,113.5,98.6,34.62,34.88,34.4,34.3,34.78,34.18,29.68,42925.0,43578.0,43152.0,43000.0,43878.0,41640.0,37748.0,0.99,231.0,17.33,2.0,3.528,2.0,-1.0,13.44,0.02,0.245,3.0,2.0,0.0,0.0,54.33,53.7,56.29,55.62,56.7,53.45,54.61,55.97,56.75,53.21
2016-06-07 12:18:00-05:00,1052.6064,1085.9625,502771.0,36.81,0.0,1073.0,28.56,300.3,271.7,270.7,268.3,275.3,274.9,275.0,299.0,819.0,60.13,223.2,1380235.0,301.0,244.9,5.0,0.0,0.0,0.0,0.0,0.0,0.0,0.0,0.0,30.09,55.02,1035.0,280.3,276.8,281.3,60.0,59.9,74.7,0.0,267.7,267.0,269.0,222.6,27.16,224.3,601.0,1370705.0,41170.0,126427.0,0.993,0.979,0.748,0.921,113.7,114.3,112.6,112.6,114.1,112.0,97.1,34.14,34.32,33.81,33.8,34.26,33.63,29.17,42925.0,43579.0,43152.0,43000.0,43879.0,41640.0,37748.0,1.417,220.9,15.23,2.6,3.528,2.0,-1.0,13.44,0.02,0.245,3.0,2.0,0.0,0.0,55.95,54.65,57.32,56.63,57.7,54.51,55.16,57.43,57.79,53.18
2016-06-07 12:19:00-05:00,1050.2303,1083.721,502772.0,36.82,0.0,1072.0,29.19,296.7,271.9,270.7,268.3,273.9,273.8,273.8,295.0,826.0,60.14,222.2,1380239.0,297.8,243.7,5.0,0.0,0.0,0.0,0.0,0.0,0.0,0.0,0.0,30.44,55.92,1034.0,279.3,275.7,280.3,60.0,59.9,74.7,0.0,267.8,267.0,269.0,221.8,27.07,223.5,601.0,1370709.0,41170.0,126427.0,0.993,0.979,0.748,0.921,115.1,114.5,113.3,113.6,115.4,112.3,97.6,34.15,33.96,33.61,33.71,34.23,33.32,28.97,42926.0,43579.0,43153.0,43001.0,43879.0,41641.0,37749.0,1.035,250.6,35.95,2.3,3.526,2.0,-1.0,13.44,0.02,0.245,3.0,2.0,0.0,0.0,57.19,55.74,57.98,57.37,57.46,55.46,55.91,58.18,58.02,53.16
2016-06-07 12:20:00-05:00,1054.9825,1089.3247,502773.0,36.85,0.0,1078.0,28.85,296.1,271.9,270.8,268.3,274.6,274.2,274.3,295.0,829.0,60.15,222.6,1380242.0,295.7,244.6,5.0,0.0,0.0,0.0,0.0,0.0,0.0,0.0,0.0,29.17,55.84,1039.0,279.9,276.4,280.9,60.0,59.9,74.7,0.0,267.5,267.1,269.0,222.3,27.16,223.9,601.0,1370712.0,41170.0,126428.0,0.993,0.979,0.748,0.921,115.0,115.6,114.2,113.6,115.1,113.7,98.4,34.05,34.25,33.83,33.65,34.08,33.68,29.14,42926.0,43580.0,43153.0,43001.0,43880.0,41641.0,37749.0,1.14,177.7,42.27,1.7,3.526,2.0,-1.0,13.44,0.02,0.245,3.0,2.0,0.0,0.0,57.52,56.42,58.81,57.91,58.45,56.6,56.39,58.58,58.39,53.16
2016-06-07 12:21:00-05:00,1051.4185,1087.0833,502774.0,36.89,0.0,1075.0,28.53,296.7,272.0,271.3,268.8,273.2,272.7,272.9,295.9,823.0,60.13,221.7,1380246.0,297.4,243.6,5.0,0.0,0.0,0.0,0.0,0.0,0.0,0.0,0.0,29.08,56.7,1035.0,278.1,274.7,279.0,60.0,59.9,74.7,0.0,268.0,268.0,269.0,221.3,27.0,222.9,601.0,1370716.0,41170.0,126428.0,0.993,0.979,0.748,0.921,113.7,114.5,113.5,113.1,113.8,112.6,98.1,33.73,33.98,33.67,33.56,33.76,33.41,29.1,42926.0,43580.0,43154.0,43002.0,43880.0,41642.0,37750.0,0.88,20.76,35.24,1.7,3.526,2.0,-1.0,13.44,0.02,0.245,3.0,2.0,0.0,0.0,58.13,56.69,59.13,58.39,59.23,56.88,56.64,59.43,58.93,53.16
2016-06-07 12:22:00-05:00,1044.2902,1080.3586,502775.0,36.92,0.0,1068.0,28.58,296.4,272.2,271.0,268.6,271.7,271.6,271.6,295.5,820.0,60.14,220.6,1380250.0,297.1,242.4,5.0,0.0,0.0,0.0,0.0,0.0,0.0,0.0,0.0,28.95,54.5,1029.0,276.8,273.4,277.6,60.0,59.9,74.7,0.0,268.0,268.0,269.0,220.2,26.81,221.8,601.0,1370720.0,41170.0,126429.0,0.993,0.979,0.748,0.921,113.3,114.6,112.9,112.3,113.5,112.4,97.3,33.57,33.95,33.46,33.27,33.65,33.31,28.84,42927.0,43581.0,43154.0,43002.0,43881.0,41642.0,37750.0,1.593,317.9,35.19,3.5,3.526,2.0,-1.0,13.44,0.02,0.245,3.0,2.0,0.0,0.0,56.04,55.37,58.8,57.65,58.55,54.23,56.75,57.64,58.24,53.21
2016-06-07 12:23:00-05:00,1044.2902,1082.6002,502776.0,36.96,0.0,1069.0,28.83,296.3,272.0,271.1,268.6,272.4,271.8,272.0,295.2,823.0,60.14,220.9,1380253.0,296.8,242.8,5.0,0.0,0.0,0.0,0.0,0.0,0.0,0.0,0.0,29.24,53.81,1031.0,277.5,274.0,278.3,60.0,59.9,74.7,0.0,268.0,267.9,269.0,220.6,26.91,222.3,601.0,1370723.0,41170.0,126429.0,0.993,0.979,0.748,0.921,113.9,115.0,112.7,112.5,114.3,112.6,97.3,33.73,34.06,33.39,33.33,33.86,33.36,28.83,42927.0,43581.0,43155.0,43003.0,43881.0,41642.0,37751.0,2.792,282.8,28.33,4.4,3.527,2.0,-1.0,13.44,0.02,0.245,3.0,2.0,0.0,0.0,55.13,55.05,58.36,57.16,57.83,54.41,56.81,57.39,57.91,53.25
2016-06-07 12:24:00-05:00,1058.5468,1098.2908,502777.0,36.99,0.0,1082.0,28.97,296.0,271.9,271.0,268.4,275.9,275.4,275.6,295.1,834.0,60.13,223.7,1380257.0,296.7,246.0,5.0,0.0,0.0,0.0,0.0,0.0,0.0,0.0,0.0,29.38,53.96,1043.0,281.1,277.5,282.1,60.0,59.9,74.7,0.0,267.9,267.5,269.0,223.4,27.34,225.0,601.0,1370727.0,41170.0,126430.0,0.993,0.979,0.748,0.921,115.1,116.0,114.7,114.5,115.7,113.5,99.1,34.07,34.34,33.95,33.89,34.23,33.59,29.34,42928.0,43582.0,43155.0,43003.0,43881.0,41643.0,37751.0,2.03,243.2,18.53,4.1,3.528,2.0,-1.0,13.44,0.02,0.245,3.0,2.0,0.0,0.0,55.19,53.91,57.87,56.66,57.93,53.16,56.61,56.7,57.86,53.25
2016-06-07 12:25:00-05:00,1020.52924,1061.3057,502778.0,37.03,0.0,1043.0,29.11,299.6,271.8,271.0,268.4,267.6,267.0,267.2,298.6,798.6,60.13,216.8,1380260.0,300.1,238.4,5.0,0.0,0.0,0.0,0.0,0.0,0.0,0.0,0.0,29.36,54.47,1014.0,271.7,268.6,272.4,60.0,59.9,74.7,0.0,268.0,267.8,269.0,216.0,26.2,217.6,601.0,1370731.0,41170.0,126430.0,0.993,0.979,0.748,0.921,110.9,111.5,108.9,108.4,110.2,108.5,93.7,33.22,33.4,32.62,32.47,32.99,32.5,28.05,42928.0,43582.0,43155.0,43004.0,43882.0,41643.0,37751.0,2.178,261.3,16.67,3.5,3.526,2.0,-1.0,13.44,0.02,0.245,3.0,2.0,0.0,0.0,55.44,54.2,57.82,56.61,57.84,52.92,56.72,57.15,58.17,53.25
2016-06-07 12:26:00-05:00,997.9565,1035.5282,502779.0,37.07,0.0,1025.0,28.93,303.2,271.5,270.7,268.1,262.2,261.9,262.0,302.4,773.2,60.13,212.3,1380264.0,304.2,233.8,5.0,0.0,0.0,0.0,0.0,0.0,0.0,0.0,0.0,29.03,54.32,988.0,266.6,264.1,267.4,60.0,59.9,74.7,0.0,267.4,267.0,269.0,211.9,25.56,213.5,601.0,1370734.0,41170.0,126430.0,0.993,0.979,0.748,0.921,106.7,107.6,106.2,106.1,107.4,105.3,92.4,32.35,32.65,32.19,32.17,32.56,31.9,28.01,42929.0,43583.0,43156.0,43004.0,43882.0,41644.0,37752.0,2.168,267.4,19.44,3.0,3.527,2.0,-1.0,13.44,0.02,0.244,3.0,2.0,0.0,0.0,55.3,54.44,58.02,56.75,58.0,53.13,56.81,56.57,58.04,53.25
2016-06-07 12:27:00-05:00,1039.5381,1078.1172,502780.0,37.1,0.0,1063.0,28.8,298.5,272.0,270.9,268.3,271.9,271.7,271.8,297.5,815.0,60.13,220.5,1380267.0,299.5,242.5,5.0,0.0,0.0,0.0,0.0,0.0,0.0,0.0,0.0,28.98,52.94,1024.0,276.9,273.5,277.7,60.0,59.9,74.7,0.0,268.0,267.5,269.0,220.1,26.8,221.7,601.0,1370738.0,41170.0,126431.0,0.993,0.979,0.748,0.921,112.6,113.6,112.1,111.8,113.0,111.2,96.9,33.6,33.89,33.47,33.35,33.74,33.18,28.91,42929.0,43583.0,43156.0,43005.0,43883.0,41644.0,37752.0,,0.0,0.0,,,2.0,-1.0,13.44,0.02,0.245,3.0,2.0,0.0,0.0,53.69,53.81,57.99,56.51,57.84,52.83,56.41,56.22,57.9,53.25
2016-06-07 12:28:00-05:00,1038.35,1074.7549,502781.0,37.14,0.0,1059.0,29.19,297.3,271.7,271.0,268.5,271.3,270.5,270.8,296.3,816.0,60.14,219.8,1380271.0,298.0,241.7,5.0,0.0,0.0,0.0,0.0,0.0,0.0,0.0,0.0,29.64,54.18,1020.0,276.1,272.7,276.9,60.0,59.9,74.7,0.0,268.0,267.3,269.0,219.4,26.69,221.0,601.0,1370742.0,41170.0,126431.0,0.993,0.979,0.748,0.921,112.5,113.5,112.1,112.0,113.2,111.2,97.0,33.44,33.76,33.33,33.28,33.64,33.06,28.83,42930.0,43584.0,43157.0,43005.0,43883.0,41645.0,37753.0,1.427,270.4,24.36,2.9,3.528,2.0,-1.0,13.44,0.02,0.245,3.0,2.0,0.0,0.0,54.81,54.79,58.18,57.22,58.0,54.29,56.36,57.47,58.21,53.25
2016-06-07 12:29:00-05:00,1037.1619,1072.5133,502782.0,37.17,0.0,1057.0,29.43,296.8,272.1,270.9,268.5,270.2,270.0,270.0,295.8,814.0,60.13,219.2,1380275.0,297.4,240.8,5.0,0.0,0.0,0.0,0.0,0.0,0.0,0.0,0.0,29.96,55.01,1018.0,275.1,271.7,275.9,60.0,59.9,74.7,0.0,268.0,267.6,269.0,218.7,26.61,220.3,601.0,1370745.0,41170.0,126432.0,0.993,0.979,0.748,0.921,112.3,113.7,111.8,111.5,113.1,111.5,96.7,33.34,33.73,33.17,33.09,33.57,33.08,28.7,42930.0,43584.0,43157.0,43006.0,43884.0,41645.0,37753.0,,0.0,0.0,,,2.0,-1.0,13.44,0.021,0.245,3.0,2.0,0.0,0.0,55.61,55.21,58.58,57.66,58.67,54.48,56.58,58.08,58.47,53.25
2016-06-07 12:30:00-05:00,1039.5381,1073.6342,502783.0,37.21,0.0,1057.0,29.43,296.6,272.2,271.1,268.6,270.5,270.1,270.2,295.9,815.0,60.13,219.4,1380278.0,297.5,241.2,5.0,0.0,0.0,0.0,0.0,0.0,0.0,0.0,0.0,29.8,53.94,1018.0,275.4,271.9,276.1,60.0,59.9,74.7,0.0,268.0,268.0,269.0,219.0,26.63,220.6,601.0,1370749.0,41170.0,126432.0,0.993,0.979,0.748,0.921,112.6,113.4,112.1,112.0,113.3,111.2,97.0,33.39,33.65,33.25,33.22,33.61,33.0,28.78,42931.0,43584.0,43158.0,43006.0,43884.0,41646.0,37754.0,2.46,293.3,11.18,3.5,3.528,2.0,-1.0,13.44,0.021,0.245,3.0,2.0,0.0,0.0,55.31,54.83,58.13,56.86,58.17,52.93,56.69,56.91,57.99,53.27
2016-06-07 12:31:00-05:00,1041.9141,1075.8756,502784.0,37.25,0.0,1060.0,28.61,297.0,272.1,271.1,268.7,271.5,271.3,271.4,295.9,819.0,60.14,220.4,1380282.0,297.7,242.2,5.0,0.0,0.0,0.0,0.0,0.0,0.0,0.0,0.0,28.73,51.25,1022.0,276.7,273.2,277.5,60.0,59.9,74.7,0.0,268.0,267.8,269.0,220.0,26.8,221.6,601.0,1370753.0,41170.0,126433.0,0.993,0.979,0.748,0.921,113.1,114.0,112.3,112.2,113.5,111.5,97.0,33.59,33.86,33.34,33.32,33.71,33.11,28.81,42931.0,43585.0,43158.0,43007.0,43885.0,41646.0,37754.0,,0.0,0.0,,,2.0,-1.0,13.44,0.021,0.245,3.0,2.0,0.0,0.0,52.46,53.12,57.21,55.73,57.09,51.25,56.15,54.55,57.6,53.32
2016-06-07 12:32:00-05:00,1044.2902,1076.9963,502785.0,37.28,0.0,1062.0,28.19,297.7,272.2,271.2,268.7,272.3,271.9,272.1,297.0,819.0,60.14,221.0,1380285.0,298.8,243.2,5.0,0.0,0.0,0.0,0.0,0.0,0.0,0.0,0.0,28.29,50.55,1026.0,277.5,274.0,278.3,60.0,59.9,74.7,0.0,268.0,268.0,269.0,220.7,26.89,222.3,601.0,1370756.0,41170.0,126433.0,0.993,0.979,0.748,0.921,112.5,114.5,113.0,112.3,113.2,112.0,97.7,33.5,34.09,33.63,33.43,33.7,33.34,29.09,42932.0,43585.0,43159.0,43007.0,43885.0,41647.0,37755.0,1.272,297.3,33.67,2.7,3.528,2.0,-1.0,13.44,0.021,0.245,3.0,2.0,0.0,0.0,50.88,52.51,56.78,55.39,57.11,51.13,56.05,54.7,57.54,53.35
2016-06-07 12:33:00-05:00,1054.9825,1085.9625,502786.0,37.31,0.0,1072.0,28.5,296.3,272.4,271.5,269.1,273.9,273.8,273.8,293.8,830.0,60.16,222.7,1380289.0,296.5,243.8,5.0,0.0,0.0,0.0,0.0,0.0,0.0,0.0,0.0,28.85,52.83,1039.0,279.3,275.7,280.2,60.0,59.9,74.7,0.0,268.0,268.0,269.9,222.4,27.09,224.0,601.0,1370760.0,41170.0,126434.0,0.993,0.979,0.748,0.921,114.8,116.0,114.1,113.7,115.6,113.6,98.7,34.01,34.37,33.81,33.68,34.24,33.67,29.23,42932.0,43586.0,43159.0,43008.0,43886.0,41647.0,37755.0,1.23,216.3,45.61,2.1,3.528,2.0,-1.0,13.44,0.021,0.245,3.0,2.0,0.0,0.0,52.37,53.49,57.65,56.28,58.07,52.55,56.41,56.28,58.36,53.35
2016-06-07 12:34:00-05:00,897.44806,929.05585,502787.0,37.34,0.0,902.0,29.63,311.4,272.1,271.1,268.8,216.9,216.6,216.7,310.2,656.6,60.17,176.2,1380292.0,312.4,194.4,4.817,0.0,0.0,0.0,0.0,0.0,0.0,0.0,0.0,30.63,54.76,838.0,218.7,216.3,219.2,60.0,59.9,74.7,0.0,268.2,268.0,270.0,172.2,19.12,175.1,601.0,1370763.0,41170.0,126434.0,0.791,0.979,0.748,0.921,85.8,85.4,87.9,87.8,85.8,87.1,77.05,25.47,25.23,26.0,25.95,25.28,25.82,22.8,42932.0,43586.0,43160.0,43008.0,43886.0,41648.0,37756.0,1.358,103.7,49.26,2.2,3.528,2.0,-1.0,13.44,0.021,0.245,3.0,2.0,0.0,0.0,54.45,55.05,58.51,57.38,57.21,54.61,57.08,57.43,58.99,53.35
2016-06-07 12:35:00-05:00,272.1808,285.40207,502788.0,37.41,0.0,281.5,29.38,349.9,270.0,269.7,267.8,40.42,41.02,40.88,349.5,123.0,60.22,30.77,1380292.0,351.3,42.31,4.85,0.0,0.0,0.0,0.0,0.0,0.0,0.0,0.0,29.72,51.78,260.7,40.55,42.05,39.98,60.0,59.9,74.7,0.0,268.8,268.0,270.0,30.84,-2.917,32.38,601.0,1370763.0,41170.0,126434.0,-0.434,0.979,0.748,0.921,11.86,14.01,13.65,13.58,15.65,11.93,13.85,4.107,4.844,4.718,4.678,5.41,4.135,4.769,42932.0,43586.0,43160.0,43008.0,43886.0,41648.0,37756.0,1.912,306.9,16.25,3.5,3.528,2.0,-1.0,13.44,0.02,0.234,3.0,2.0,0.0,0.0,51.8,53.64,56.16,55.59,55.97,52.42,55.17,55.34,56.13,53.37
2016-06-07 12:36:00-05:00,176.18686,187.67163,502789.0,37.46,0.0,188.1,28.27,327.3,270.1,269.7,267.9,46.45,47.44,47.23,327.1,148.7,60.21,35.36,1380293.0,328.7,48.53,5.0,0.0,0.0,0.0,0.0,0.0,0.0,0.0,0.0,28.5,46.11,183.1,43.81,45.73,43.32,60.0,59.9,74.7,0.0,268.9,268.0,270.0,35.22,-2.091,35.29,601.0,1370764.0,41170.0,126434.0,-0.998,0.979,0.748,0.921,16.28,16.94,16.4,16.35,17.12,15.64,14.45,5.315,5.532,5.357,5.337,5.591,5.106,4.717,42932.0,43586.0,43160.0,43008.0,43886.0,41648.0,37756.0,1.898,315.7,9.5,2.9,3.526,2.0,-1.0,13.44,0.021,0.232,3.0,2.0,0.0,0.0,46.6,50.14,52.71,52.21,52.98,48.54,51.9,51.13,51.93,53.45
2016-06-07 12:37:00-05:00,181.65186,196.3015,502790.0,37.47,0.0,196.8,27.63,307.3,270.6,269.6,267.8,54.73,55.83,55.59,306.8,177.3,60.21,42.22,1380294.0,308.5,54.38,5.0,0.0,0.0,0.0,0.0,0.0,0.0,0.0,0.0,27.84,43.46,193.0,51.61,53.84,51.33,60.0,59.9,74.7,0.0,268.8,268.1,270.0,41.75,-1.084,41.76,601.0,1370765.0,41170.0,126434.0,-1.0,0.979,0.748,0.921,20.19,20.76,20.56,20.64,21.12,19.92,18.11,6.204,6.379,6.317,6.341,6.488,6.118,5.562,42932.0,43586.0,43160.0,43008.0,43886.0,41648.0,37756.0,1.207,294.2,35.81,1.9,3.528,2.0,-1.0,13.44,0.021,0.232,3.0,2.0,0.0,0.0,43.24,47.08,49.66,49.18,50.16,45.76,49.31,48.46,48.95,53.45
2016-06-07 12:38:00-05:00,272.1808,287.97983,502791.0,37.44,0.0,293.7,27.81,300.1,270.5,269.9,268.0,78.32,79.02,78.96,299.1,246.7,60.18,61.48,1380295.0,302.5,73.58,5.0,0.0,0.0,0.0,0.0,0.0,0.0,0.0,0.0,28.18,43.3,311.2,76.06,78.18,75.88,60.0,59.9,74.7,0.0,268.8,268.0,270.0,61.38,1.929,61.49,601.0,1370766.0,41170.0,126434.0,-0.301,0.979,0.748,0.921,29.56,32.67,31.09,31.95,32.4,28.98,27.34,8.85,9.79,9.29,9.54,9.7,8.67,8.16,42933.0,43586.0,43160.0,43008.0,43886.0,41648.0,37756.0,0.998,226.9,11.66,1.7,3.528,2.0,-1.0,13.44,0.021,0.232,3.0,2.0,0.0,0.0,42.58,45.89,47.74,47.45,48.53,44.79,47.12,47.06,47.48,53.45
2016-06-07 12:39:00-05:00,779.8318,805.3236,502792.0,37.36,0.0,814.0,28.64,329.3,271.6,270.6,268.5,147.2,147.7,147.9,324.7,431.9,60.14,119.2,1380297.0,327.3,132.4,4.783,0.0,0.0,0.0,0.0,0.0,0.0,0.0,0.0,29.3,44.25,795.1,147.0,147.1,147.8,60.0,59.9,74.7,0.0,268.9,268.0,270.0,115.3,10.13,117.9,601.0,1370768.0,41170.0,126434.0,0.789,0.979,0.748,0.921,62.51,60.3,56.69,53.44,53.08,57.73,42.98,19.32,18.67,17.51,16.49,16.45,17.77,13.32,42933.0,43587.0,43160.0,43008.0,43887.0,41648.0,37756.0,1.057,189.6,27.22,1.7,3.527,2.0,-1.0,13.44,0.021,0.24,3.0,2.0,0.0,0.0,43.75,46.04,47.76,47.46,48.1,45.5,46.46,47.56,47.56,53.42
2016-06-07 12:40:00-05:00,1135.7695,1172.2611,502793.0,37.32,0.0,1158.0,29.05,378.3,271.3,270.6,268.4,168.4,167.6,167.8,378.1,409.1,60.15,135.4,1380299.0,379.9,152.1,4.867,0.0,0.0,0.0,0.0,0.0,0.0,0.0,0.0,30.3,47.19,1129.0,171.6,172.8,171.1,60.0,59.9,74.7,0.0,268.1,268.0,270.0,136.2,13.63,138.1,601.0,1370770.0,41170.0,126434.0,0.85,0.979,0.748,0.921,56.76,58.98,55.19,54.82,58.78,53.07,49.14,21.16,22.0,20.57,20.43,21.93,19.76,18.32,42933.0,43587.0,43161.0,43009.0,43887.0,41648.0,37756.0,1.643,184.5,15.26,2.3,3.527,2.0,-1.0,13.44,0.022,0.246,3.0,2.0,0.0,0.0,47.39,48.16,50.3,49.48,50.19,48.2,48.51,50.51,50.21,53.4
2016-06-07 12:41:00-05:00,1147.65,1182.348,502794.0,37.29,0.0,1165.0,28.93,352.1,272.5,271.3,268.9,251.4,251.6,251.6,351.5,647.5,60.12,204.2,1380302.0,352.1,227.2,5.0,0.0,0.0,0.0,0.0,0.0,0.0,0.0,0.0,30.26,48.59,1137.0,255.2,254.0,256.1,60.0,59.9,74.7,0.0,268.3,268.0,270.0,203.9,24.42,205.3,601.0,1370773.0,41170.0,126435.0,0.993,0.979,0.748,0.921,88.9,91.0,87.5,86.8,90.7,85.4,77.39,31.26,32.01,30.75,30.51,31.88,30.01,27.21,42934.0,43588.0,43161.0,43009.0,43887.0,41649.0,37757.0,2.097,192.6,18.14,3.2,3.526,2.0,-1.0,13.44,0.021,0.246,3.0,2.0,0.0,0.0,49.54,49.83,52.46,51.49,51.9,50.51,50.14,52.82,52.47,53.43
2016-06-07 12:42:00-05:00,1167.8467,1198.0387,502795.0,37.27,0.0,1181.0,28.95,329.6,272.9,271.7,269.3,288.7,290.1,289.8,329.1,796.2,60.14,236.0,1380306.0,330.4,261.8,5.0,0.0,0.0,0.0,0.0,0.0,0.0,0.0,0.0,30.44,49.76,1155.0,295.7,293.1,297.8,60.0,59.9,74.7,0.0,268.7,268.0,270.0,236.2,29.46,238.0,601.0,1370777.0,41170.0,126435.0,0.992,0.979,0.748,0.921,110.5,111.4,108.8,108.7,112.2,107.3,95.2,36.39,36.67,35.81,35.77,36.96,35.32,31.34,42934.0,43588.0,43162.0,43010.0,43888.0,41649.0,37757.0,1.653,188.5,41.64,3.2,3.528,2.0,-1.0,13.44,0.021,0.246,3.0,2.0,0.0,0.0,51.06,51.18,53.66,52.46,52.73,51.8,50.5,54.42,53.84,53.45
2016-06-07 12:43:00-05:00,1169.0347,1198.0387,502796.0,37.23,0.0,1182.0,28.89,310.2,273.3,272.0,269.6,299.5,300.7,300.4,309.5,876.0,60.15,245.1,1380310.0,310.7,270.9,5.0,0.0,0.0,0.0,0.0,0.0,0.0,0.0,0.0,30.0,51.21,1144.0,306.9,303.6,309.0,60.0,59.9,74.7,0.0,269.0,268.0,270.0,245.1,30.82,247.0,601.0,1370781.0,41170.0,126436.0,0.992,0.979,0.748,0.921,122.1,122.6,121.4,119.8,120.5,120.4,104.1,37.87,38.04,37.66,37.16,37.37,37.35,32.28,42935.0,43589.0,43162.0,43011.0,43889.0,41650.0,37758.0,2.318,274.3,19.47,3.4,3.525,2.0,-1.0,13.44,0.021,0.247,3.0,2.0,0.0,0.0,52.46,52.15,54.71,53.09,53.72,51.61,51.74,54.57,54.98,53.48
2016-06-07 12:44:00-05:00,952.8108,977.24854,502797.0,37.23,0.0,964.0,28.75,303.9,272.4,271.5,269.2,248.4,248.0,248.2,302.2,734.4,60.15,201.7,1380313.0,305.5,221.7,5.0,0.0,0.0,0.0,0.0,0.0,0.0,0.0,0.0,29.34,51.03,959.0,250.9,249.2,251.6,60.0,59.9,74.7,0.0,268.9,268.0,270.0,200.4,23.84,201.8,601.0,1370785.0,41170.0,126436.0,0.993,0.979,0.748,0.921,92.1,100.8,99.7,103.2,107.9,93.5,92.2,27.98,30.62,30.25,31.31,32.78,28.37,27.97,42936.0,43590.0,43163.0,43011.0,43889.0,41651.0,37758.0,1.985,286.2,17.36,3.0,3.527,2.0,-1.0,13.44,0.021,0.244,3.0,2.0,0.0,0.0,52.48,51.68,55.01,53.33,54.41,50.92,52.73,53.96,55.01,53.55
2016-06-07 12:45:00-05:00,1140.5217,1172.2611,502798.0,37.24,0.0,1157.0,28.74,373.3,271.4,270.8,268.7,128.1,127.9,127.9,371.4,334.9,60.14,103.5,1380315.0,372.5,115.8,4.65,0.0,0.0,0.0,0.0,0.0,0.0,0.0,0.0,29.43,52.88,1130.0,133.3,133.8,133.1,60.0,59.9,74.7,0.0,269.0,268.5,270.0,102.9,8.16,106.4,601.0,1370786.0,41170.0,126436.0,0.68,0.979,0.748,0.921,45.81,47.22,43.67,41.8,46.32,42.47,39.73,16.01,16.53,15.19,14.52,16.23,14.73,13.92,42936.0,43590.0,43163.0,43011.0,43890.0,41651.0,37758.0,2.16,239.2,24.56,3.4,3.527,2.0,-1.0,13.44,0.021,0.246,3.0,2.0,0.0,0.0,53.95,53.09,56.06,54.42,55.1,52.57,53.63,55.61,55.81,53.55
2016-06-07 12:46:00-05:00,1021.71735,1053.4603,502799.0,37.27,0.0,1038.0,28.26,354.7,272.5,271.1,268.8,198.6,198.0,198.1,353.9,505.6,60.14,160.2,1380318.0,355.9,178.7,5.0,0.0,0.0,0.0,0.0,0.0,0.0,0.0,0.0,29.35,54.68,1016.0,198.0,199.1,197.5,60.0,59.9,74.7,0.0,269.0,268.5,270.0,158.8,17.3,159.7,601.0,1370789.0,41170.0,126437.0,0.994,0.979,0.748,0.921,67.29,70.86,67.4,66.49,69.8,65.16,61.51,23.84,25.09,23.86,23.53,24.72,23.08,21.78,42936.0,43590.0,43164.0,43012.0,43890.0,41651.0,37759.0,,0.0,0.0,,,2.0,-1.0,13.44,0.021,0.244,3.0,2.0,0.0,0.0,55.72,54.66,57.03,56.21,56.22,54.65,54.11,57.68,57.26,53.55
2016-06-07 12:47:00-05:00,854.7973,886.01855,502800.0,37.28,0.0,869.0,28.47,341.0,271.8,271.1,268.9,192.7,192.4,192.5,340.5,513.1,60.13,155.5,1380320.0,341.5,174.5,5.0,0.0,0.0,0.0,0.0,0.0,0.0,0.0,0.0,29.52,55.41,809.0,191.8,192.3,191.8,60.0,59.9,74.7,0.0,269.0,268.0,270.0,153.7,16.42,154.6,601.0,1370791.0,41170.0,126437.0,0.995,0.979,0.748,0.921,70.62,67.3,68.52,66.73,64.9,70.81,58.06,24.08,22.98,23.32,22.7,22.15,24.1,19.75,42937.0,43591.0,43164.0,43012.0,43891.0,41652.0,37759.0,2.157,242.7,33.11,3.6,3.527,2.0,-1.0,13.44,0.021,0.242,3.0,2.0,0.0,0.0,56.39,55.08,57.33,56.46,57.09,54.4,54.57,57.43,57.53,53.55
2016-06-07 12:48:00-05:00,898.7549,934.65955,502801.0,37.31,0.0,931.0,28.64,341.9,271.9,271.2,268.9,207.4,206.9,207.1,340.7,548.0,60.13,167.5,1380323.0,341.8,186.6,5.0,0.0,0.0,0.0,0.0,0.0,0.0,0.0,0.0,29.39,54.93,898.0,207.8,208.2,207.8,60.0,59.9,74.7,0.0,268.8,268.0,270.0,166.4,18.4,167.4,601.0,1370794.0,41170.0,126437.0,0.994,0.979,0.748,0.921,76.66,75.5,72.86,71.55,72.55,72.73,64.46,26.19,25.84,24.88,24.44,24.84,24.84,22.02,42937.0,43591.0,43164.0,43013.0,43891.0,41652.0,37759.0,1.657,296.4,15.84,3.4,3.527,2.0,-1.0,13.44,0.021,0.242,3.0,2.0,0.0,0.0,55.86,54.39,56.73,55.4,56.29,52.58,54.35,56.46,56.17,53.55
2016-06-07 12:49:00-05:00,620.03986,653.34827,502802.0,37.32,0.0,631.2,29.28,337.5,271.2,270.2,268.0,142.7,143.0,143.0,336.6,392.1,60.2,114.4,1380325.0,338.8,132.1,5.0,0.0,0.0,0.0,0.0,0.0,0.0,0.0,0.0,30.24,55.54,591.5,139.6,140.4,139.3,60.0,59.9,74.7,0.0,268.2,268.0,270.0,111.6,10.06,112.3,601.0,1370796.0,41170.0,126437.0,0.03,0.979,0.748,0.921,52.29,50.63,49.9,48.36,46.93,51.61,42.02,17.68,17.13,16.85,16.32,15.87,17.43,14.18,42937.0,43591.0,43164.0,43013.0,43891.0,41652.0,37760.0,0.738,284.4,57.62,2.3,3.528,2.0,-1.0,13.44,0.021,0.241,3.0,2.0,0.0,0.0,56.59,55.0,57.01,55.95,56.85,53.81,54.63,57.1,56.85,53.5
2016-06-07 12:50:00-05:00,223.82741,240.34744,502803.0,37.35,0.0,237.2,28.69,321.6,270.2,269.4,267.6,61.55,62.28,62.27,320.9,190.8,60.18,47.61,1380326.0,322.7,61.12,5.0,0.0,0.0,0.0,0.0,0.0,0.0,0.0,0.0,28.95,48.97,227.7,58.71,60.72,58.29,60.0,59.9,74.7,0.0,268.0,268.0,269.9,47.35,-0.179,47.35,601.0,1370797.0,41170.0,126437.0,-0.133,0.979,0.748,0.921,22.19,22.87,22.28,21.98,22.75,21.87,19.47,7.123,7.342,7.153,7.057,7.304,7.02,6.25,42937.0,43591.0,43165.0,43013.0,43891.0,41652.0,37760.0,2.858,314.9,17.16,5.2,3.527,2.0,-1.0,13.44,0.021,0.233,3.0,2.0,0.0,0.0,50.42,52.03,53.93,53.45,53.89,50.8,52.1,53.77,53.73,53.45
2016-06-07 12:51:00-05:00,227.51033,244.49426,502804.0,37.35,0.0,240.8,28.47,308.0,270.1,269.3,267.5,67.04,67.81,67.81,307.3,211.3,60.15,52.1,1380327.0,307.4,64.94,5.0,0.0,0.0,0.0,0.0,0.0,0.0,0.0,0.0,28.51,44.88,231.8,64.04,66.17,63.85,60.0,59.9,74.7,0.0,268.0,268.0,269.1,51.71,0.406,51.72,601.0,1370798.0,41170.0,126437.0,1.0,0.979,0.748,0.921,25.06,25.62,25.39,25.19,25.75,24.86,22.19,7.719,7.889,7.818,7.756,7.93,7.657,6.832,42938.0,43592.0,43165.0,43013.0,43892.0,41653.0,37760.0,3.6,303.6,18.68,5.1,3.526,2.0,-1.0,13.44,0.022,0.233,3.0,2.0,0.0,0.0,45.69,47.91,50.45,50.01,50.57,46.32,48.99,49.1,49.22,53.45
2016-06-07 12:52:00-05:00,234.7574,252.33961,502805.0,37.35,0.0,249.0,28.23,308.0,269.9,269.2,267.3,69.75,70.59,70.56,307.3,218.5,60.13,54.32,1380327.0,309.5,67.1,5.0,0.0,0.0,0.0,0.0,0.0,0.0,0.0,0.0,28.35,43.05,244.3,67.05,69.27,66.91,60.0,59.9,74.7,0.0,268.0,268.0,269.0,54.14,0.793,54.15,601.0,1370799.0,41170.0,126438.0,1.0,0.979,0.748,0.921,26.59,27.19,26.55,26.46,27.38,25.87,23.14,8.18,8.37,8.17,8.14,8.42,7.963,7.122,42938.0,43592.0,43165.0,43013.0,43892.0,41653.0,37760.0,2.973,306.4,15.28,4.5,3.526,2.0,-1.0,13.44,0.022,0.233,3.0,2.0,0.0,0.0,43.15,45.68,47.99,47.6,48.31,44.55,46.74,46.95,46.4,53.46
2016-06-07 12:53:00-05:00,1032.4098,1064.6681,502806.0,37.31,0.0,1071.0,28.22,378.5,270.4,269.8,267.7,119.9,119.4,119.6,376.2,304.8,60.22,96.1,1380329.0,378.1,108.0,4.65,0.0,0.0,0.0,0.0,0.0,0.0,0.0,0.0,28.28,42.98,1091.0,123.2,124.2,122.9,60.0,59.9,74.7,0.0,268.0,267.9,269.0,95.0,7.001,98.4,601.0,1370800.0,41170.0,126438.0,0.677,0.979,0.748,0.921,46.64,46.81,38.65,35.41,40.64,39.33,30.63,16.65,16.69,13.89,12.76,14.51,14.08,11.14,42938.0,43592.0,43165.0,43014.0,43892.0,41653.0,37760.0,2.442,293.5,13.62,4.0,3.526,2.0,-1.0,13.44,0.022,0.243,3.0,2.0,0.0,0.0,43.12,45.7,48.05,46.99,47.91,44.32,46.79,47.04,46.19,53.45
2016-06-07 12:54:00-05:00,1082.3076,1119.5853,502807.0,37.26,0.0,1099.0,28.58,364.6,271.4,270.5,268.2,218.3,217.6,217.8,363.8,540.9,60.21,176.0,1380332.0,365.5,196.6,5.0,0.0,0.0,0.0,0.0,0.0,0.0,0.0,0.0,28.78,46.08,1049.0,218.8,219.3,218.4,60.0,59.9,74.7,0.0,268.0,268.0,269.0,174.7,20.02,175.8,601.0,1370803.0,41170.0,126438.0,0.994,0.979,0.748,0.921,76.57,75.71,72.62,70.59,71.66,72.62,62.05,27.9,27.59,26.46,25.72,26.11,26.46,22.6,42939.0,43593.0,43166.0,43014.0,43892.0,41654.0,37760.0,2.483,266.3,21.42,4.2,3.526,2.0,-1.0,13.44,0.022,0.245,3.0,2.0,0.0,0.0,46.44,47.93,50.49,49.25,50.3,46.94,49.15,49.9,48.57,53.45
2016-06-07 12:55:00-05:00,1063.299,1100.5323,502808.0,37.23,0.0,1077.0,28.83,344.9,271.7,271.0,268.6,253.1,252.9,253.0,344.4,664.1,60.21,205.1,1380335.0,346.1,228.5,5.0,0.0,0.0,0.0,0.0,0.0,0.0,0.0,0.0,29.15,48.08,1052.0,256.9,255.5,257.5,60.0,59.9,74.7,0.0,268.0,268.0,269.0,204.8,24.75,206.3,601.0,1370807.0,41170.0,126438.0,0.993,0.979,0.748,0.921,93.5,93.6,90.4,88.7,89.9,89.9,77.4,32.23,32.27,31.16,30.55,30.99,30.97,26.67,42939.0,43593.0,43166.0,43015.0,43893.0,41654.0,37761.0,2.857,281.0,15.12,4.1,3.527,2.0,-1.0,13.44,0.022,0.245,3.0,2.0,0.0,0.0,48.73,49.52,52.15,50.96,51.61,48.53,50.67,51.15,50.13,53.51
2016-06-07 12:56:00-05:00,1045.4781,1082.6002,502809.0,37.2,0.0,1061.0,28.92,322.4,271.8,271.1,268.6,274.7,275.2,275.1,321.9,770.0,60.21,223.2,1380339.0,323.9,247.7,5.0,0.0,0.0,0.0,0.0,0.0,0.0,0.0,0.0,29.21,48.91,1036.0,280.2,277.7,281.3,60.0,59.9,74.7,0.0,268.0,267.6,269.0,223.0,27.48,224.7,601.0,1370810.0,41170.0,126439.0,0.992,0.979,0.748,0.921,107.2,107.4,105.2,104.7,105.7,104.9,90.4,34.55,34.62,33.89,33.73,34.07,33.8,29.13,42940.0,43594.0,43167.0,43015.0,43893.0,41655.0,37761.0,2.207,254.4,29.3,3.6,3.528,2.0,-1.0,13.44,0.022,0.245,3.0,2.0,0.0,0.0,50.14,49.64,52.57,51.12,51.98,48.22,51.43,51.17,51.32,53.55
2016-06-07 12:57:00-05:00,1043.1022,1079.2379,502810.0,37.18,0.0,1058.0,28.96,305.5,272.1,270.9,268.5,279.5,279.5,279.5,304.5,824.0,60.21,227.0,1380343.0,306.1,250.8,5.0,0.0,0.0,0.0,0.0,0.0,0.0,0.0,0.0,29.08,49.94,1034.0,285.1,281.7,286.2,60.0,59.9,74.7,0.0,268.0,267.2,269.0,226.6,28.01,228.4,601.0,1370814.0,41170.0,126439.0,0.992,0.979,0.748,0.921,114.1,114.5,112.9,112.5,113.6,112.6,97.3,34.86,34.97,34.5,34.36,34.7,34.39,29.73,42940.0,43594.0,43167.0,43015.0,43894.0,41655.0,37762.0,3.395,266.4,23.82,5.2,3.526,2.0,-1.0,13.44,0.022,0.245,3.0,2.0,0.0,0.0,51.33,50.25,53.52,52.17,53.04,49.17,52.32,52.41,51.9,53.55
2016-06-07 12:58:00-05:00,1044.2902,1079.2379,502811.0,37.15,0.0,1058.0,28.77,304.0,272.4,271.0,268.7,278.8,278.8,278.8,303.4,825.0,60.22,226.5,1380346.0,305.2,250.3,5.0,0.0,0.0,0.0,0.0,0.0,0.0,0.0,0.0,29.05,50.4,1035.0,284.4,281.0,285.6,60.0,59.9,74.7,0.0,268.0,267.7,269.2,226.3,27.93,228.0,601.0,1370818.0,41170.0,126440.0,0.992,0.979,0.748,0.921,114.2,114.6,113.1,112.8,113.6,112.9,97.6,34.7,34.84,34.38,34.27,34.54,34.3,29.66,42941.0,43595.0,43168.0,43016.0,43894.0,41656.0,37762.0,2.712,235.2,21.11,4.3,3.525,2.0,-1.0,13.44,0.022,0.245,3.0,2.0,0.0,0.0,52.05,50.96,54.07,52.89,53.16,50.26,52.71,52.73,52.52,53.55
2016-06-07 12:59:00-05:00,1049.0424,1083.721,502812.0,37.14,0.0,1062.0,28.91,302.8,272.3,271.3,268.9,279.5,279.3,279.4,302.4,830.0,60.21,227.1,1380350.0,304.0,250.9,5.0,0.0,0.0,0.0,0.0,0.0,0.0,0.0,0.0,29.19,50.58,1039.0,285.1,281.6,286.2,60.0,59.9,74.7,0.0,268.0,268.0,269.2,226.9,28.04,228.6,601.0,1370822.0,41170.0,126440.0,0.992,0.979,0.748,0.921,114.8,115.2,114.1,113.7,114.6,113.4,98.6,34.75,34.89,34.53,34.41,34.68,34.32,29.84,42941.0,43595.0,43168.0,43016.0,43895.0,41656.0,37763.0,3.125,271.6,20.46,5.2,3.527,2.0,-1.0,13.44,0.022,0.245,3.0,2.0,0.0,0.0,52.43,51.6,54.2,53.33,53.69,50.22,53.05,53.25,52.88,53.55
2016-06-07 13:00:00-05:00,1049.0424,1082.6002,502813.0,37.14,0.0,1060.0,29.11,303.8,272.2,271.2,268.8,278.7,278.6,278.6,303.4,823.0,60.21,226.5,1380354.0,304.6,249.7,5.0,0.0,0.0,0.0,0.0,0.0,0.0,0.0,0.0,29.58,50.87,1036.0,284.0,280.7,285.1,60.0,59.9,74.7,0.0,268.0,268.0,269.1,226.0,27.9,227.7,601.0,1370825.0,41170.0,126441.0,0.992,0.979,0.748,0.921,114.0,114.7,112.8,112.7,113.9,112.8,97.4,34.63,34.83,34.27,34.24,34.6,34.27,29.6,42942.0,43596.0,43169.0,43017.0,43895.0,41656.0,37763.0,1.775,252.1,30.38,4.0,3.525,2.0,-1.0,13.44,0.022,0.245,3.0,2.0,0.0,0.0,52.62,51.9,54.49,53.25,53.82,50.49,53.36,53.08,53.22,53.55
2016-06-07 13:01:00-05:00,1050.2303,1081.4795,502814.0,37.15,0.0,1060.0,29.38,302.3,272.1,270.9,268.5,277.6,277.4,277.5,301.6,823.0,60.21,225.3,1380357.0,303.3,248.2,5.0,0.0,0.0,0.0,0.0,0.0,0.0,0.0,0.0,29.86,52.18,1035.0,282.9,279.5,284.0,60.0,59.9,74.7,0.0,268.0,267.5,269.0,224.9,27.67,226.6,601.0,1370829.0,41170.0,126441.0,0.993,0.979,0.748,0.921,114.2,114.6,112.9,112.6,113.9,112.6,97.7,34.51,34.65,34.13,34.03,34.44,34.03,29.55,42942.0,43596.0,43169.0,43017.0,43896.0,41657.0,37764.0,2.147,292.0,16.2,3.8,3.528,2.0,-1.0,13.44,0.022,0.245,3.0,2.0,0.0,0.0,53.66,53.02,55.65,54.55,55.41,51.71,54.17,55.02,53.74,53.55
2016-06-07 13:02:00-05:00,1050.2303,1080.3586,502815.0,37.18,0.0,1058.0,29.12,300.6,272.1,270.9,268.4,276.2,276.0,276.1,298.5,824.0,60.22,224.2,1380361.0,301.4,246.1,5.0,0.0,0.0,0.0,0.0,0.0,0.0,0.0,0.0,29.49,51.71,1032.0,281.7,278.4,282.7,60.0,59.9,74.7,0.0,268.0,267.2,269.0,223.9,27.58,225.6,601.0,1370833.0,41170.0,126442.0,0.993,0.979,0.748,0.921,114.3,114.7,112.9,112.8,114.1,112.6,97.5,34.36,34.48,33.94,33.9,34.31,33.85,29.32,42943.0,43597.0,43170.0,43018.0,43896.0,41657.0,37764.0,2.418,296.1,11.53,3.8,3.527,2.0,-1.0,13.44,0.022,0.245,3.0,2.0,0.0,0.0,53.1,52.81,55.92,54.91,55.7,51.44,54.84,55.05,53.78,53.55
2016-06-07 13:03:00-05:00,1049.0424,1078.1172,502816.0,37.2,0.0,1057.0,28.46,301.3,271.9,270.8,268.4,276.0,275.8,275.9,300.5,821.0,60.22,223.9,1380365.0,302.2,246.7,5.0,0.0,0.0,0.0,0.0,0.0,0.0,0.0,0.0,28.56,49.62,1029.0,281.2,277.9,282.2,60.0,59.9,74.7,0.0,268.0,267.0,269.0,223.4,27.53,225.1,601.0,1370837.0,41170.0,126442.0,0.992,0.979,0.748,0.921,113.5,114.2,112.7,112.6,113.6,112.1,97.2,34.21,34.42,33.95,33.93,34.23,33.77,29.28,42943.0,43597.0,43170.0,43018.0,43897.0,41658.0,37764.0,2.318,290.0,11.44,3.4,3.528,2.0,-1.0,13.44,0.022,0.244,3.0,2.0,0.0,0.0,50.6,51.66,55.84,54.22,55.31,50.29,54.87,54.12,53.75,53.49
2016-06-07 13:04:00-05:00,1045.4781,1074.7549,502817.0,37.23,0.0,1057.0,28.7,300.7,271.7,270.6,268.2,274.9,274.4,274.6,299.3,818.0,60.21,222.7,1380368.0,301.3,244.7,5.0,0.0,0.0,0.0,0.0,0.0,0.0,0.0,0.0,28.77,51.29,1024.0,279.7,276.5,280.7,60.0,59.9,74.7,0.0,267.8,267.0,269.0,222.1,27.33,223.8,601.0,1370840.0,41170.0,126443.0,0.993,0.979,0.748,0.921,113.4,114.0,112.3,111.6,113.1,112.0,96.9,34.08,34.28,33.77,33.55,34.02,33.66,29.13,42944.0,43598.0,43171.0,43019.0,43897.0,41658.0,37765.0,2.985,284.2,10.56,4.2,3.526,2.0,-1.0,13.44,0.022,0.245,3.0,2.0,0.0,0.0,51.51,52.29,56.45,54.72,56.06,51.18,55.25,54.68,54.21,53.45
2016-06-07 13:05:00-05:00,1039.5381,1066.9095,502818.0,37.25,0.0,1049.0,28.93,300.7,271.9,270.6,268.3,272.6,272.3,272.4,299.7,812.0,60.23,220.9,1380372.0,301.0,243.2,5.0,0.0,0.0,0.0,0.0,0.0,0.0,0.0,0.0,29.05,51.24,1017.0,277.8,274.6,278.6,60.0,59.9,74.7,0.0,267.9,267.0,269.0,220.6,27.09,222.3,601.0,1370844.0,41170.0,126443.0,0.993,0.979,0.748,0.921,112.4,112.6,111.1,110.9,112.2,110.5,95.9,33.81,33.87,33.39,33.33,33.74,33.22,28.83,42944.0,43598.0,43171.0,43019.0,43898.0,41659.0,37765.0,3.23,289.5,18.61,5.3,3.527,2.0,-1.0,13.44,0.022,0.244,3.0,2.0,0.0,0.0,51.7,52.85,56.46,54.73,55.9,50.73,55.6,54.23,54.45,53.45
2016-06-07 13:06:00-05:00,1032.4098,1059.0642,502819.0,37.29,0.0,1042.0,29.04,301.6,272.4,271.3,268.9,271.4,271.0,271.1,300.7,807.0,60.22,220.4,1380376.0,303.0,242.6,5.0,0.0,0.0,0.0,0.0,0.0,0.0,0.0,0.0,29.15,49.8,1011.0,276.3,273.1,277.1,60.0,59.9,74.7,0.0,268.0,267.9,269.5,220.0,26.89,221.6,601.0,1370848.0,41170.0,126443.0,0.993,0.979,0.748,0.921,111.7,112.3,110.8,110.6,111.6,109.9,95.8,33.68,33.86,33.43,33.34,33.66,33.14,28.89,42944.0,43599.0,43171.0,43020.0,43898.0,41659.0,37766.0,,0.0,0.0,,,2.0,-1.0,13.44,0.022,0.244,3.0,2.0,0.0,0.0,50.72,51.76,55.59,53.85,54.89,49.85,55.04,52.6,53.63,53.45
2016-06-07 13:07:00-05:00,1024.0935,1048.9773,502820.0,37.31,0.0,1031.0,28.66,304.3,272.9,271.2,268.8,269.4,269.3,269.3,302.9,796.0,60.23,218.9,1380379.0,303.6,241.1,5.0,0.0,0.0,0.0,0.0,0.0,0.0,0.0,0.0,28.7,48.36,1000.0,274.3,271.2,275.0,60.0,59.9,74.7,0.0,268.0,268.0,269.6,218.4,26.63,220.1,601.0,1370851.0,41170.0,126444.0,0.993,0.979,0.748,0.921,110.1,110.8,109.2,108.8,109.8,108.2,94.3,33.49,33.72,33.24,33.11,33.39,32.92,28.68,42945.0,43599.0,43172.0,43020.0,43899.0,41660.0,37766.0,3.567,288.3,6.358,6.9,3.527,2.0,-1.0,13.44,0.022,0.244,3.0,2.0,0.0,0.0,49.09,50.52,55.02,53.16,54.14,48.84,54.21,51.45,53.7,53.45
2016-06-07 13:08:00-05:00,1031.2217,1054.5812,502821.0,37.34,0.0,1037.0,28.71,300.0,272.7,271.4,269.0,270.4,270.1,270.2,299.4,808.0,60.21,219.8,1380383.0,301.6,241.9,5.0,0.0,0.0,0.0,0.0,0.0,0.0,0.0,0.0,28.81,48.61,1008.0,275.3,271.9,276.1,60.0,59.9,74.7,0.0,268.1,268.0,270.0,219.3,26.74,220.9,601.0,1370855.0,41170.0,126444.0,0.993,0.979,0.748,0.921,112.1,112.7,111.2,110.9,111.5,110.5,95.7,33.64,33.82,33.35,33.26,33.46,33.16,28.71,42945.0,43600.0,43172.0,43021.0,43899.0,41660.0,37767.0,,0.0,0.0,,,2.0,-1.0,13.44,0.022,0.244,3.0,2.0,0.0,0.0,48.89,50.86,54.87,53.08,54.48,48.89,54.06,51.62,53.53,53.45
2016-06-07 13:09:00-05:00,930.3568,950.3503,502822.0,37.38,0.0,934.0,29.13,344.9,271.4,270.2,268.1,158.9,158.7,158.8,342.3,464.6,60.22,128.8,1380385.0,344.4,142.2,4.667,0.0,0.0,0.0,0.0,0.0,0.0,0.0,0.0,29.28,48.89,895.0,164.7,163.4,165.1,60.0,59.9,74.7,0.0,268.0,268.0,269.4,127.3,12.02,131.1,601.0,1370857.0,41170.0,126445.0,0.645,0.979,0.748,0.921,64.56,63.4,61.46,59.91,59.63,60.06,52.17,20.2,19.72,18.99,18.43,18.39,18.51,16.09,42946.0,43600.0,43173.0,43021.0,43899.0,41660.0,37767.0,2.522,304.6,13.73,3.9,3.528,2.0,-1.0,13.44,0.022,0.243,3.0,2.0,0.0,0.0,49.2,51.1,54.48,52.77,54.5,48.75,53.92,51.51,52.99,53.38
2016-06-07 13:10:00-05:00,992.01624,1014.23364,502823.0,37.44,0.0,995.0,29.09,358.1,271.3,270.5,268.3,194.6,193.9,194.0,357.3,489.6,60.22,156.5,1380387.0,359.2,174.7,5.0,0.0,0.0,0.0,0.0,0.0,0.0,0.0,0.0,29.21,48.56,988.0,193.3,194.8,192.6,60.0,59.9,74.7,0.0,268.0,268.0,269.2,154.7,16.72,155.6,601.0,1370860.0,41170.0,126445.0,0.994,0.979,0.748,0.921,67.05,69.24,65.58,65.31,66.29,61.75,57.26,24.0,24.77,23.46,23.35,23.7,22.09,20.47,42946.0,43600.0,43173.0,43021.0,43900.0,41661.0,37767.0,2.835,310.1,18.72,4.4,3.527,2.0,-1.0,13.44,0.022,0.244,3.0,2.0,0.0,0.0,49.25,50.9,54.7,52.99,54.52,49.23,53.89,51.46,53.01,53.35
2016-06-07 13:11:00-05:00,1034.7859,1054.5812,502824.0,37.48,0.0,1037.0,29.2,340.3,272.2,270.9,268.6,241.9,241.5,241.6,340.1,640.4,60.22,195.8,1380391.0,341.8,217.5,5.0,0.0,0.0,0.0,0.0,0.0,0.0,0.0,0.0,29.33,48.94,1006.0,244.4,243.5,244.6,60.0,59.9,74.7,0.0,268.0,268.0,269.9,195.0,23.16,196.4,601.0,1370863.0,41170.0,126445.0,0.993,0.979,0.748,0.921,90.6,90.5,87.8,86.6,86.4,86.1,74.81,30.78,30.74,29.82,29.43,29.34,29.25,25.42,42947.0,43601.0,43174.0,43022.0,43900.0,41661.0,37768.0,2.61,322.5,15.48,4.4,3.525,2.0,-1.0,13.44,0.022,0.244,3.0,2.0,0.0,0.0,49.89,51.01,54.81,53.61,54.47,49.73,54.46,52.22,52.19,53.33
2016-06-07 13:12:00-05:00,731.122,748.9493,502825.0,37.5,0.0,715.3,29.21,324.8,271.1,270.2,268.1,181.7,181.8,181.8,324.1,510.6,60.21,146.3,1380393.0,325.7,165.3,5.0,0.0,0.0,0.0,0.0,0.0,0.0,0.0,0.0,29.34,47.42,648.7,180.8,180.8,180.8,60.0,59.9,74.7,0.0,268.0,268.0,269.0,144.3,15.16,145.2,601.0,1370865.0,41170.0,126446.0,0.596,0.979,0.748,0.921,67.46,66.41,68.63,66.55,61.0,68.23,55.45,21.91,21.58,22.28,21.59,19.81,22.15,17.98,42947.0,43601.0,43174.0,43022.0,43901.0,41662.0,37768.0,2.632,309.4,11.85,3.8,3.527,2.0,-1.0,13.44,0.022,0.242,3.0,2.0,0.0,0.0,48.37,50.66,55.02,53.4,53.81,50.29,54.3,51.93,51.42,53.25
2016-06-07 13:13:00-05:00,293.92197,294.2561,502826.0,37.52,0.0,295.9,29.12,320.5,270.0,269.4,267.5,79.74,80.4,80.4,319.6,238.1,60.23,62.48,1380394.0,321.4,75.91,5.0,0.0,0.0,0.0,0.0,0.0,0.0,0.0,0.0,29.23,45.72,345.8,77.67,79.83,77.33,60.0,59.9,74.7,0.0,268.0,268.0,269.2,62.58,2.155,62.66,601.0,1370866.0,41170.0,126446.0,0.333,0.979,0.748,0.921,30.35,34.02,28.99,29.32,34.7,27.52,25.48,9.7,10.86,9.27,9.37,11.08,8.8,8.14,42947.0,43601.0,43174.0,43022.0,43901.0,41662.0,37768.0,2.043,287.1,28.16,3.2,3.528,2.0,-1.0,13.44,0.022,0.233,3.0,2.0,0.0,0.0,45.79,48.57,52.24,51.07,52.36,47.47,51.33,49.09,49.18,53.25
2016-06-07 13:14:00-05:00,1053.7946,1071.3926,502827.0,37.52,0.0,1067.0,29.11,309.8,272.5,271.1,268.8,279.0,279.1,279.2,308.9,812.0,60.22,226.9,1380398.0,310.6,250.8,5.0,0.0,0.0,0.0,0.0,0.0,0.0,0.0,0.0,29.15,45.51,1043.0,285.3,281.9,286.5,60.0,59.9,74.7,0.0,268.0,268.0,269.3,227.1,27.97,228.8,601.0,1370870.0,41170.0,126446.0,0.993,0.979,0.748,0.921,112.2,114.6,111.8,112.2,114.7,109.4,96.8,34.76,35.52,34.64,34.76,35.53,33.88,29.99,42948.0,43602.0,43175.0,43023.0,43901.0,41662.0,37769.0,3.077,293.1,14.3,5.7,3.528,2.0,-1.0,13.44,0.023,0.243,3.0,2.0,0.0,0.0,45.9,47.97,51.47,50.15,51.32,46.57,50.68,48.38,48.59,53.25
2016-06-07 13:15:00-05:00,1058.5468,1081.4795,502828.0,37.52,0.0,1063.0,29.01,310.2,272.2,271.2,268.8,281.2,281.4,281.3,308.9,818.0,60.22,228.7,1380401.0,311.3,252.6,5.0,0.0,0.0,0.0,0.0,0.0,0.0,0.0,0.0,29.03,45.86,1028.0,287.0,283.7,288.1,60.0,59.9,74.7,0.0,268.0,267.9,269.0,228.3,28.26,230.1,601.0,1370874.0,41170.0,126447.0,0.992,0.979,0.748,0.921,113.7,113.3,112.1,111.6,111.8,111.6,96.3,35.26,35.13,34.78,34.63,34.67,34.61,29.86,42948.0,43603.0,43175.0,43023.0,43902.0,41663.0,37769.0,,0.0,0.0,,,2.0,-1.0,13.44,0.022,0.245,3.0,2.0,0.0,0.0,46.39,48.68,52.12,50.5,51.71,47.02,51.38,48.75,49.15,53.25
2016-06-07 13:16:00-05:00,1045.4781,1069.1511,502829.0,37.52,0.0,1050.0,29.02,307.6,272.2,271.1,268.8,277.3,277.3,277.3,306.6,811.0,60.22,225.3,1380405.0,308.1,248.6,5.0,0.0,0.0,0.0,0.0,0.0,0.0,0.0,0.0,29.03,46.49,1016.0,282.8,279.5,283.7,60.0,59.9,74.7,0.0,268.0,267.8,269.0,224.9,27.71,226.6,601.0,1370878.0,41170.0,126447.0,0.993,0.979,0.748,0.921,112.8,112.6,111.3,110.9,111.3,110.9,95.4,34.7,34.64,34.24,34.11,34.24,34.12,29.36,42949.0,43603.0,43176.0,43024.0,43902.0,41663.0,37770.0,,0.0,0.0,,,2.5,-1.0,13.44,0.022,0.245,3.0,2.0,0.0,0.0,46.99,49.35,53.02,51.29,52.5,48.21,52.34,50.09,50.36,53.27
2016-06-07 13:17:00-05:00,1039.5381,1064.6681,502830.0,37.52,0.0,1041.0,29.11,303.5,272.1,271.2,268.9,274.8,274.4,274.6,303.7,812.0,60.22,223.1,1380409.0,304.5,246.7,5.0,0.0,0.0,0.0,0.0,0.0,0.0,0.0,0.0,29.15,47.99,1004.0,279.4,276.1,280.2,60.0,59.9,74.7,0.0,268.0,268.0,269.2,222.3,27.34,223.9,601.0,1370881.0,41170.0,126447.0,0.993,0.979,0.748,0.921,113.0,112.3,111.5,110.4,109.4,111.5,95.1,34.31,34.09,33.84,33.51,33.21,33.83,28.86,42949.0,43603.0,43176.0,43024.0,43903.0,41664.0,37770.0,,0.0,0.0,,,2.0,-1.0,13.44,0.022,0.245,3.0,2.0,0.0,0.0,48.54,50.13,53.84,52.25,53.63,49.14,53.18,51.43,51.95,53.25
2016-06-07 13:18:00-05:00,992.01624,1015.35443,502831.0,37.53,0.0,1004.0,29.12,299.0,272.2,270.8,268.6,263.5,262.9,263.2,298.7,789.1,60.22,213.5,1380412.0,299.6,235.5,5.0,0.0,0.0,0.0,0.0,0.0,0.0,0.0,0.0,29.3,48.02,981.0,267.9,265.0,268.7,60.0,59.9,74.7,0.0,268.0,267.4,269.2,213.1,25.93,214.7,601.0,1370885.0,41170.0,126448.0,0.993,0.979,0.748,0.921,108.6,109.9,108.7,109.2,110.9,107.1,94.5,32.43,32.83,32.46,32.6,33.13,31.99,28.22,42950.0,43604.0,43177.0,43025.0,43903.0,41664.0,37771.0,,0.0,0.0,,,2.0,-1.0,13.44,0.023,0.244,3.0,2.0,0.0,0.0,48.71,50.89,53.92,52.34,53.98,48.82,53.47,51.53,51.96,53.25
2016-06-07 13:19:00-05:00,1013.40106,1040.0112,502832.0,37.56,0.0,1020.0,28.95,306.1,272.0,270.8,268.6,269.5,269.2,269.2,305.4,790.0,60.2,218.5,1380416.0,307.8,241.2,5.0,0.0,0.0,0.0,0.0,0.0,0.0,0.0,0.0,29.03,47.32,987.0,274.1,271.1,274.9,60.0,59.9,74.7,0.0,268.0,267.3,269.0,218.0,26.62,219.6,601.0,1370889.0,41170.0,126448.0,0.993,0.979,0.748,0.921,109.8,109.7,108.1,108.1,108.8,107.8,92.9,33.61,33.58,33.1,33.09,33.3,33.01,28.45,42950.0,43604.0,43177.0,43025.0,43904.0,41665.0,37771.0,2.378,316.1,17.83,4.2,3.526,2.0,-1.0,13.44,0.022,0.244,3.0,2.0,0.0,0.0,48.23,50.53,53.98,52.14,53.62,48.2,53.33,50.9,51.8,53.25
2016-06-07 13:20:00-05:00,992.01624,1017.596,502833.0,37.57,0.0,999.0,29.08,305.5,272.0,270.9,268.6,265.0,264.5,264.6,304.7,777.1,60.22,214.8,1380419.0,306.3,236.8,5.0,0.0,0.0,0.0,0.0,0.0,0.0,0.0,0.0,29.15,47.21,967.0,269.4,266.4,270.0,60.0,59.9,74.7,0.0,268.0,267.2,269.0,214.2,26.01,215.8,601.0,1370892.0,41170.0,126449.0,0.993,0.979,0.748,0.921,107.5,107.9,106.6,106.2,106.7,106.1,91.7,32.85,32.96,32.57,32.45,32.6,32.4,28.0,42951.0,43605.0,43177.0,43026.0,43904.0,41665.0,37772.0,,0.0,0.0,,,2.0,-1.0,13.44,0.023,0.244,3.0,2.0,0.0,0.0,48.31,50.32,53.65,51.2,52.71,47.77,52.81,49.76,51.57,53.25
2016-06-07 13:21:00-05:00,898.6361,921.2104,502834.0,37.58,0.0,906.0,28.94,370.4,270.4,269.3,267.5,107.0,106.8,106.8,368.4,292.3,60.22,85.7,1380421.0,369.9,97.4,4.65,0.0,0.0,0.0,0.0,0.0,0.0,0.0,0.0,28.94,45.94,842.0,110.0,110.3,109.7,60.0,59.9,74.7,0.0,268.0,267.3,269.0,83.7,5.171,87.1,601.0,1370894.0,41170.0,126449.0,0.647,0.979,0.748,0.921,41.55,38.75,37.28,35.27,33.07,37.2,29.36,14.22,13.17,12.63,11.85,11.04,12.57,9.84,42951.0,43605.0,43178.0,43026.0,43904.0,41665.0,37772.0,3.148,327.7,27.54,4.6,3.528,2.0,-1.0,13.44,0.022,0.243,3.0,2.0,0.0,0.0,47.01,50.09,53.25,50.58,52.34,47.43,52.32,48.97,50.81,53.25
2016-06-07 13:22:00-05:00,986.076,1009.7506,502835.0,37.61,0.0,990.0,28.19,359.7,271.3,270.3,268.2,202.2,201.4,201.5,358.9,506.8,60.22,162.5,1380423.0,360.9,181.6,5.0,0.0,0.0,0.0,0.0,0.0,0.0,0.0,0.0,28.18,43.85,958.0,201.1,202.3,200.5,60.0,59.9,74.7,0.0,268.0,267.8,269.0,160.7,17.71,161.7,601.0,1370896.0,41170.0,126449.0,0.994,0.979,0.748,0.921,70.94,71.09,67.72,67.06,68.61,65.6,57.93,25.47,25.52,24.31,24.07,24.62,23.54,20.79,42951.0,43606.0,43178.0,43026.0,43905.0,41666.0,37772.0,,0.0,0.0,,,2.5,-1.0,13.44,0.023,0.243,3.0,2.0,0.0,0.0,44.24,48.66,52.65,50.27,51.83,46.47,51.95,48.43,51.04,53.25
2016-06-07 13:23:00-05:00,981.32385,1004.1468,502836.0,37.6,0.0,984.0,28.48,337.0,271.6,270.6,268.4,244.7,244.3,244.3,336.0,654.1,60.16,197.9,1380427.0,337.7,219.5,5.0,0.0,0.0,0.0,0.0,0.0,0.0,0.0,0.0,28.55,44.73,952.0,247.3,246.1,247.5,60.0,59.9,74.7,0.0,268.0,267.2,269.0,197.0,23.43,198.4,601.0,1370899.0,41170.0,126450.0,0.993,0.979,0.748,0.921,90.7,90.9,88.9,88.5,89.7,86.6,76.58,30.54,30.59,29.94,29.8,30.21,29.17,25.78,42952.0,43606.0,43179.0,43027.0,43905.0,41666.0,37773.0,1.85,305.5,22.89,3.4,3.527,2.0,-1.0,13.44,0.023,0.243,3.0,2.0,0.0,0.0,44.82,48.92,52.86,50.65,52.16,47.07,51.96,49.21,51.26,53.25
2016-06-07 13:24:00-05:00,964.6913,983.97314,502837.0,37.57,0.0,966.0,28.74,318.0,272.0,270.6,268.3,256.5,256.2,256.2,317.3,725.8,60.14,207.7,1380430.0,319.1,230.2,5.0,0.0,0.0,0.0,0.0,0.0,0.0,0.0,0.0,28.75,45.2,939.0,260.2,258.0,260.7,60.0,59.9,74.7,0.0,268.0,267.1,269.0,207.0,24.9,208.5,601.0,1370903.0,41170.0,126450.0,0.993,0.979,0.748,0.921,100.1,101.0,98.8,98.9,100.0,97.7,85.5,31.82,32.1,31.4,31.43,31.8,31.06,27.17,42952.0,43606.0,43179.0,43027.0,43906.0,41667.0,37773.0,3.698,299.9,11.46,6.3,3.527,2.0,-1.0,13.44,0.023,0.243,3.0,2.0,0.0,0.0,45.35,49.28,53.17,51.11,52.38,47.15,52.19,49.11,51.4,53.25
2016-06-07 13:25:00-05:00,983.69995,1003.0261,502838.0,37.57,0.0,983.0,29.06,307.3,272.0,270.7,268.4,263.2,262.7,262.9,306.5,769.1,60.15,213.2,1380433.0,308.0,235.7,5.0,0.0,0.0,0.0,0.0,0.0,0.0,0.0,0.0,29.21,44.93,952.0,267.5,264.5,268.1,60.0,59.9,74.7,0.0,268.0,267.2,269.0,212.7,25.77,214.2,601.0,1370906.0,41170.0,126450.0,0.993,0.979,0.748,0.921,105.8,106.6,105.1,104.9,105.6,104.5,90.3,32.52,32.74,32.29,32.24,32.45,32.12,27.76,42953.0,43607.0,43180.0,43028.0,43906.0,41667.0,37773.0,,0.0,0.0,,,2.0,-1.0,13.44,0.023,0.244,3.0,2.0,0.0,0.0,45.19,48.21,52.31,50.38,51.53,46.28,51.66,48.29,50.65,53.25
2016-06-07 13:26:00-05:00,980.13586,997.4223,502839.0,37.57,0.0,978.0,29.56,309.1,272.1,270.9,268.6,261.7,260.9,261.2,307.6,761.0,60.15,212.0,1380437.0,309.5,234.1,5.0,0.0,0.0,0.0,0.0,0.0,0.0,0.0,0.0,29.8,46.78,947.0,265.7,262.9,266.3,60.0,59.9,74.7,0.0,268.0,267.7,269.0,211.4,25.57,213.0,601.0,1370910.0,41170.0,126451.0,0.993,0.979,0.748,0.921,104.8,105.2,104.0,103.8,104.7,103.2,89.6,32.39,32.5,32.14,32.09,32.37,31.89,27.68,42953.0,43607.0,43180.0,43028.0,43907.0,41668.0,37774.0,,0.0,0.0,,,2.0,-1.0,13.44,0.023,0.244,3.0,2.0,0.0,0.0,46.95,49.25,52.74,51.3,52.75,47.76,52.05,49.69,51.38,53.24
2016-06-07 13:27:00-05:00,976.57166,994.06,502840.0,37.57,0.0,974.0,29.46,307.9,272.2,270.8,268.4,260.9,260.2,260.4,307.6,760.2,60.12,211.3,1380440.0,308.9,233.8,5.0,0.0,0.0,0.0,0.0,0.0,0.0,0.0,0.0,29.57,45.93,943.0,264.8,261.9,265.4,60.0,59.9,74.7,0.0,268.0,267.8,269.0,210.7,25.4,212.2,601.0,1370914.0,41170.0,126451.0,0.993,0.979,0.748,0.921,104.9,105.0,103.9,104.2,104.8,102.9,89.5,32.31,32.33,31.98,32.08,32.26,31.66,27.57,42954.0,43608.0,43180.0,43029.0,43907.0,41668.0,37774.0,,0.0,0.0,,,2.5,-1.0,13.44,0.023,0.243,3.0,2.0,0.0,0.0,46.62,49.06,52.72,51.0,52.46,46.85,52.15,49.36,51.2,53.16
2016-06-07 13:28:00-05:00,975.3837,991.8184,502841.0,37.57,0.0,973.0,29.04,307.9,272.2,271.1,268.8,260.2,259.7,259.9,307.3,760.0,60.21,211.0,1380444.0,308.1,233.5,5.0,0.0,0.0,0.0,0.0,0.0,0.0,0.0,0.0,29.13,45.17,942.0,264.5,261.7,265.0,60.0,59.9,74.7,0.0,268.0,268.0,269.2,210.5,25.45,212.1,601.0,1370917.0,41170.0,126452.0,0.993,0.979,0.748,0.921,104.6,105.1,103.7,103.5,104.3,102.9,89.3,32.2,32.35,31.93,31.88,32.12,31.7,27.48,42954.0,43608.0,43181.0,43029.0,43908.0,41669.0,37775.0,2.413,318.9,15.85,4.3,3.527,2.0,-1.0,13.44,0.023,0.243,3.0,2.0,0.0,0.0,46.2,47.97,52.45,50.64,52.17,46.51,52.16,49.28,50.35,53.16
2016-06-07 13:29:00-05:00,974.1956,990.69763,502842.0,37.57,0.0,971.0,28.8,308.4,272.2,270.8,268.5,260.8,260.1,260.3,307.7,759.4,60.23,211.2,1380447.0,309.5,233.7,5.0,0.0,0.0,0.0,0.0,0.0,0.0,0.0,0.0,28.88,44.71,942.0,264.8,262.0,265.3,60.0,59.9,74.7,0.0,268.0,267.7,269.0,210.6,25.51,212.2,601.0,1370921.0,41170.0,126452.0,0.993,0.979,0.748,0.921,104.5,105.2,103.9,103.8,104.5,102.9,89.4,32.24,32.46,32.04,32.0,32.23,31.74,27.57,42955.0,43609.0,43181.0,43030.0,43908.0,41669.0,37775.0,,0.0,0.0,,,2.0,-1.0,13.44,0.023,0.243,3.0,2.0,0.0,0.0,46.16,46.97,52.21,50.36,51.75,45.99,51.95,48.71,50.3,53.16
2016-06-07 13:30:00-05:00,977.75977,992.9392,502843.0,37.57,0.0,973.0,28.82,308.2,272.4,271.0,268.7,261.6,260.8,261.0,307.8,761.9,60.15,212.0,1380451.0,306.3,234.5,5.0,0.0,0.0,0.0,0.0,0.0,0.0,0.0,0.0,28.88,44.21,945.0,265.5,262.5,266.1,60.0,59.9,74.7,0.0,268.0,268.0,269.4,211.3,25.48,212.8,601.0,1370924.0,41170.0,126453.0,0.993,0.979,0.748,0.921,104.8,106.4,105.0,103.7,105.0,104.2,90.5,32.29,32.8,32.37,31.95,32.35,32.12,27.9,42955.0,43609.0,43182.0,43030.0,43909.0,41670.0,37776.0,3.285,294.8,9.55,4.8,3.527,2.0,-1.0,13.44,0.023,0.243,3.0,2.0,0.0,0.0,45.34,46.52,51.93,50.17,51.78,45.98,51.87,48.78,49.85,53.16
2016-06-07 13:31:00-05:00,905.2891,923.45197,502844.0,37.57,0.0,888.0,28.68,304.7,271.9,270.9,268.6,246.3,245.6,245.9,305.2,724.5,60.19,199.3,1380454.0,305.5,221.3,5.0,0.0,0.0,0.0,0.0,0.0,0.0,0.0,0.0,28.68,43.88,812.0,248.8,246.4,249.3,60.0,59.9,74.7,0.0,268.0,267.9,269.1,198.1,23.44,199.5,601.0,1370927.0,41170.0,126453.0,0.993,0.979,0.748,0.921,95.0,92.2,97.4,100.6,97.3,95.9,89.3,28.98,28.12,29.68,30.64,29.66,29.23,27.22,42956.0,43610.0,43182.0,43031.0,43909.0,41670.0,37776.0,3.007,296.9,15.51,4.5,3.527,2.0,-1.0,13.44,0.023,0.243,3.0,2.0,0.0,0.0,44.74,46.51,51.92,50.04,51.41,45.99,51.56,48.14,50.36,53.09
2016-06-07 13:32:00-05:00,324.8111,324.0684,502845.0,37.53,0.0,311.7,28.68,309.4,270.3,269.1,267.3,83.6,84.3,84.3,308.4,254.0,60.22,65.63,1380455.0,310.2,78.16,5.0,0.0,0.0,0.0,0.0,0.0,0.0,0.0,0.0,28.58,42.89,302.8,80.4,82.8,80.3,60.0,59.9,74.7,0.0,268.0,267.9,269.0,64.86,2.532,64.95,601.0,1370928.0,41170.0,126453.0,0.632,0.979,0.748,0.921,37.52,33.11,30.55,29.38,28.97,32.39,24.55,11.59,10.24,9.42,9.07,8.97,9.98,7.581,42956.0,43610.0,43182.0,43031.0,43909.0,41670.0,37776.0,2.68,284.0,16.74,4.8,3.527,2.0,-1.0,13.44,0.022,0.233,3.0,2.0,0.0,0.0,43.16,45.63,49.95,48.59,49.89,44.31,49.39,46.47,48.97,53.06
2016-06-07 13:33:00-05:00,788.3857,792.09863,502846.0,37.52,0.0,795.2,28.63,335.8,270.5,269.8,267.8,134.1,134.0,134.2,333.4,397.4,60.17,108.0,1380457.0,335.6,120.8,4.733,0.0,0.0,0.0,0.0,0.0,0.0,0.0,0.0,28.64,42.08,838.0,138.6,137.9,138.8,60.0,59.9,74.7,0.0,268.0,268.0,269.0,107.9,9.1,110.9,601.0,1370930.0,41170.0,126453.0,0.375,0.979,0.748,0.921,55.72,60.45,52.14,51.72,59.42,49.53,42.57,16.99,18.55,15.86,15.71,18.13,14.95,12.92,42956.0,43610.0,43183.0,43031.0,43910.0,41670.0,37777.0,,0.0,0.0,,,2.0,-1.0,13.44,0.023,0.239,3.0,2.0,0.0,0.0,42.69,44.79,48.33,47.31,48.52,43.29,47.97,45.5,47.69,52.97
2016-06-07 13:34:00-05:00,1040.726,1052.3396,502847.0,37.5,0.0,1033.0,28.7,373.8,271.0,270.0,268.0,174.7,173.9,174.0,373.6,426.8,60.14,140.2,1380459.0,375.5,157.6,4.933,0.0,0.0,0.0,0.0,0.0,0.0,0.0,0.0,28.7,42.47,1005.0,175.0,176.3,174.4,60.0,59.9,74.7,0.0,268.0,267.7,269.0,139.1,14.13,140.5,601.0,1370933.0,41170.0,126453.0,0.898,0.979,0.748,0.921,60.0,62.74,58.38,57.69,59.13,54.98,49.78,22.23,23.25,21.62,21.36,21.9,20.35,18.43,42956.0,43611.0,43183.0,43031.0,43910.0,41671.0,37777.0,2.412,319.0,21.31,4.3,3.527,2.0,-1.0,13.44,0.023,0.244,3.0,2.0,0.0,0.0,43.41,45.22,49.75,47.98,49.31,44.14,49.06,46.57,48.84,52.93
2016-06-07 13:35:00-05:00,1060.9227,1069.1511,502848.0,37.48,0.0,1045.0,28.84,348.9,271.9,270.7,268.4,246.3,245.9,246.0,348.3,637.7,60.14,199.3,1380462.0,350.0,221.8,5.0,0.0,0.0,0.0,0.0,0.0,0.0,0.0,0.0,28.84,43.31,1020.0,249.0,248.0,249.5,60.0,59.9,74.7,0.0,268.0,267.8,269.0,198.5,23.71,199.9,601.0,1370936.0,41170.0,126454.0,0.993,0.979,0.748,0.921,88.2,90.7,86.7,86.0,88.1,84.0,74.56,30.74,31.6,30.22,29.97,30.7,29.27,25.98,42957.0,43611.0,43184.0,43032.0,43910.0,41671.0,37777.0,2.818,297.4,16.68,4.5,3.528,2.0,-1.0,13.44,0.023,0.244,3.0,2.0,0.0,0.0,44.42,46.01,50.71,48.96,50.0,45.19,49.99,47.49,49.74,52.86
2016-06-07 13:36:00-05:00,1066.863,1071.3926,502849.0,37.44,0.0,1048.0,28.72,326.3,272.3,271.0,268.7,274.4,274.9,274.7,325.8,760.4,60.14,223.1,1380466.0,327.6,247.6,5.0,0.0,0.0,0.0,0.0,0.0,0.0,0.0,0.0,28.78,43.21,1025.0,279.7,277.2,280.9,60.0,59.9,74.7,0.0,268.0,267.8,269.0,222.8,27.38,224.5,601.0,1370940.0,41170.0,126454.0,0.993,0.979,0.748,0.921,104.9,106.7,103.8,103.7,105.0,102.2,89.3,34.2,34.79,33.86,33.82,34.25,33.34,29.13,42957.0,43612.0,43184.0,43032.0,43911.0,41672.0,37778.0,2.87,305.4,18.49,4.1,3.528,2.0,-1.0,13.44,0.023,0.244,3.0,2.0,0.0,0.0,44.44,46.11,50.91,49.06,50.27,45.22,50.2,47.57,49.97,52.86
2016-06-07 13:37:00-05:00,1065.6749,1068.0303,502850.0,37.44,0.0,1045.0,29.01,309.9,272.2,271.0,268.7,279.9,279.8,279.8,308.8,813.0,60.14,227.4,1380470.0,308.3,251.1,5.0,0.0,0.0,0.0,0.0,0.0,0.0,0.0,0.0,29.07,43.99,1022.0,285.4,281.9,286.6,60.0,59.9,74.7,0.0,268.0,267.5,269.0,227.0,27.95,228.7,601.0,1370943.0,41170.0,126455.0,0.993,0.979,0.748,0.921,111.8,113.0,112.1,111.6,112.0,110.4,96.6,34.64,35.02,34.72,34.56,34.69,34.21,29.93,42958.0,43612.0,43185.0,43033.0,43911.0,41672.0,37778.0,,0.0,0.0,,,2.0,-1.0,13.44,0.023,0.244,3.0,2.0,0.0,0.0,45.03,46.32,51.54,49.5,50.66,46.07,50.55,48.24,50.21,52.78
2016-06-07 13:38:00-05:00,1057.3586,1056.8226,502851.0,37.38,0.0,1030.0,29.45,307.5,272.4,271.2,268.8,276.5,276.4,276.4,306.4,809.0,60.14,224.7,1380473.0,308.0,247.8,5.0,0.0,0.0,0.0,0.0,0.0,0.0,0.0,0.0,29.59,45.08,1007.0,281.8,278.3,282.8,60.0,59.9,74.7,0.0,268.0,268.0,269.3,224.2,27.5,225.9,601.0,1370947.0,41170.0,126455.0,0.993,0.979,0.748,0.921,111.0,111.7,110.9,110.7,111.3,109.7,95.7,34.13,34.36,34.11,34.04,34.21,33.73,29.44,42958.0,43613.0,43185.0,43033.0,43912.0,41673.0,37779.0,,0.0,0.0,,,2.0,-1.0,13.44,0.023,0.244,3.0,2.0,0.0,0.0,46.1,47.39,52.22,50.01,51.17,46.82,51.12,48.8,50.72,52.76
2016-06-07 13:39:00-05:00,1060.9227,1054.5812,502852.0,37.36,0.0,1036.0,28.57,305.6,272.4,271.0,268.8,276.1,276.0,276.0,303.8,813.0,60.14,224.3,1380477.0,306.4,246.9,5.0,0.0,0.0,0.0,0.0,0.0,0.0,0.0,0.0,28.58,43.42,1022.0,281.6,278.0,282.6,60.0,59.9,74.7,0.0,268.0,267.9,269.2,224.0,27.48,225.7,601.0,1370951.0,41170.0,126456.0,0.993,0.979,0.748,0.921,112.7,114.3,111.9,111.1,112.7,110.9,96.0,34.44,34.93,34.18,33.94,34.44,33.88,29.34,42959.0,43613.0,43185.0,43034.0,43912.0,41673.0,37779.0,,0.0,0.0,,,2.0,-1.0,13.44,0.023,0.244,3.0,2.0,0.0,0.0,44.94,47.35,52.29,50.35,51.1,46.55,51.46,48.81,50.65,52.76
2016-06-07 13:40:00-05:00,1071.6151,1066.9095,502853.0,37.35,0.0,1043.0,27.52,307.5,272.5,271.4,269.1,279.5,279.4,279.5,305.6,819.0,60.13,227.4,1380481.0,308.3,250.2,5.0,0.0,0.0,0.0,0.0,0.0,0.0,0.0,0.0,27.37,42.12,1024.0,285.0,281.3,286.2,60.0,59.9,74.7,0.0,268.0,268.0,270.0,226.9,27.92,228.7,601.0,1370955.0,41170.0,126456.0,0.993,0.979,0.748,0.921,112.9,114.5,112.7,111.9,113.1,111.9,96.9,34.71,35.2,34.64,34.41,34.77,34.41,29.8,42959.0,43614.0,43186.0,43034.0,43913.0,41674.0,37780.0,,0.0,0.0,,,2.0,-1.0,13.44,0.023,0.244,3.0,2.0,0.0,0.0,43.59,45.92,51.51,49.75,50.83,46.07,51.25,47.94,49.77,52.76
2016-06-07 13:41:00-05:00,1072.8032,1066.9095,502854.0,37.35,0.0,1043.0,27.79,307.9,272.7,271.5,269.1,279.6,279.5,279.6,306.1,818.0,60.15,227.5,1380484.0,311.0,250.3,5.0,0.0,0.0,0.0,0.0,0.0,0.0,0.0,0.0,27.73,43.42,1024.0,285.3,281.6,286.4,60.0,59.9,74.7,0.0,268.0,268.0,270.0,227.2,27.96,228.9,601.0,1370958.0,41170.0,126457.0,0.993,0.979,0.748,0.921,113.7,113.7,111.8,112.5,113.8,111.3,96.3,34.99,35.01,34.43,34.62,35.04,34.26,29.63,42960.0,43614.0,43186.0,43035.0,43913.0,41674.0,37780.0,,0.0,0.0,,,2.5,-1.0,13.44,0.023,0.244,3.0,2.0,0.0,0.0,44.71,46.73,51.92,50.21,50.4,47.44,51.53,48.54,49.38,52.76
2016-06-07 13:42:00-05:00,1069.2391,1063.5472,502855.0,37.35,0.0,1040.0,27.84,309.2,272.7,271.7,269.4,278.9,278.7,278.8,306.9,812.0,60.18,227.0,1380488.0,311.8,249.3,5.0,0.0,0.0,0.0,0.0,0.0,0.0,0.0,0.0,27.78,43.86,1020.0,284.3,280.8,285.5,60.0,59.9,74.7,0.0,268.7,268.0,270.0,226.7,27.86,228.4,601.0,1370962.0,41170.0,126457.0,0.993,0.979,0.748,0.921,112.4,112.7,111.6,111.5,112.5,110.5,96.2,34.74,34.84,34.51,34.46,34.76,34.16,29.73,42960.0,43615.0,43187.0,43035.0,43914.0,41674.0,37781.0,,0.0,0.0,,,2.0,-1.0,13.44,0.023,0.244,3.0,2.0,0.0,0.0,45.4,46.93,52.05,50.48,50.89,47.27,51.74,48.81,49.26,52.66
2016-06-07 13:43:00-05:00,1053.7946,1048.9773,502856.0,37.35,0.0,1023.0,28.03,309.9,272.8,271.7,269.4,274.8,274.7,274.7,308.7,797.7,60.13,223.8,1380492.0,307.8,246.2,5.0,0.0,0.0,0.0,0.0,0.0,0.0,0.0,0.0,28.06,44.64,1004.0,280.0,276.6,281.0,60.0,59.9,74.7,0.0,268.9,268.0,270.0,223.2,27.28,224.9,601.0,1370966.0,41170.0,126457.0,0.993,0.979,0.748,0.921,110.3,110.6,109.3,109.9,110.4,108.3,94.3,34.18,34.27,33.88,34.06,34.22,33.57,29.22,42961.0,43615.0,43187.0,43036.0,43914.0,41675.0,37781.0,,0.0,0.0,,,2.5,-1.0,13.44,0.023,0.244,3.0,2.0,0.0,0.0,45.87,47.53,52.16,50.73,51.37,47.26,51.64,49.01,49.58,52.66
2016-06-07 13:44:00-05:00,1046.6663,1043.3735,502857.0,37.33,0.0,1018.0,27.95,307.5,272.8,271.5,269.2,272.6,272.3,272.4,305.6,797.7,60.13,221.7,1380495.0,307.7,243.8,5.0,0.0,0.0,0.0,0.0,0.0,0.0,0.0,0.0,27.99,45.95,998.0,277.7,274.2,278.6,60.0,59.9,74.7,0.0,268.3,268.0,270.0,221.3,26.94,222.9,601.0,1370970.0,41170.0,126458.0,0.993,0.979,0.748,0.921,110.0,110.3,109.6,109.6,110.3,108.5,94.5,33.84,33.93,33.71,33.7,33.91,33.35,29.06,42961.0,43616.0,43188.0,43036.0,43915.0,41675.0,37782.0,,0.0,0.0,,,2.0,-1.0,13.44,0.023,0.243,3.0,2.0,0.0,0.0,47.01,49.07,53.12,51.8,52.29,49.2,52.38,50.88,51.04,52.57
2016-06-07 13:45:00-05:00,1043.1022,1041.1321,502858.0,37.31,0.0,1015.0,27.93,307.4,272.7,271.5,269.2,271.0,270.9,270.9,306.5,793.4,60.14,220.5,1380499.0,306.8,243.2,5.0,0.0,0.0,0.0,0.0,0.0,0.0,0.0,0.0,28.04,45.43,994.0,276.0,272.7,276.9,60.0,59.9,74.7,0.0,268.3,268.0,270.0,220.0,26.78,221.6,601.0,1370973.0,41170.0,126458.0,0.993,0.979,0.748,0.921,109.5,109.8,108.6,108.7,109.8,107.8,93.6,33.65,33.74,33.39,33.41,33.74,33.14,28.76,42962.0,43616.0,43188.0,43037.0,43915.0,41676.0,37782.0,,0.0,0.0,,,2.5,-1.0,13.44,0.023,0.243,3.0,2.0,0.0,0.0,46.6,49.35,53.82,52.48,53.19,49.12,53.0,51.31,51.7,52.52
2016-06-07 13:46:00-05:00,1026.4695,1026.5621,502859.0,37.31,0.0,1004.0,27.81,307.8,272.6,271.5,269.2,267.7,267.1,267.2,306.8,781.6,60.14,217.4,1380503.0,307.9,239.8,5.0,0.0,0.0,0.0,0.0,0.0,0.0,0.0,0.0,27.81,44.92,973.0,272.1,269.0,272.8,60.0,59.9,74.7,0.0,268.3,268.0,270.0,216.9,26.32,218.5,601.0,1370977.0,41170.0,126459.0,0.993,0.979,0.748,0.921,107.3,107.5,107.1,107.1,107.8,106.0,92.5,33.03,33.09,32.97,32.95,33.19,32.64,28.47,42962.0,43617.0,43189.0,43037.0,43916.0,41676.0,37782.0,,0.0,0.0,,,2.0,-1.0,13.44,0.023,0.243,3.0,2.0,0.0,0.0,46.08,48.87,53.87,52.26,53.38,48.65,53.1,51.23,51.65,52.47
2016-06-07 13:47:00-05:00,963.50323,966.04095,502860.0,37.31,0.0,947.0,28.32,306.8,272.4,271.3,269.0,253.7,252.9,253.1,305.5,741.5,60.16,205.7,1380506.0,306.8,226.4,5.0,0.0,0.0,0.0,0.0,0.0,0.0,0.0,0.0,28.44,45.22,929.0,256.9,254.5,257.5,60.0,59.9,74.7,0.0,268.2,268.0,270.0,204.8,24.46,206.3,601.0,1370980.0,41170.0,126459.0,0.993,0.979,0.748,0.921,102.1,102.6,101.4,101.9,102.8,100.2,87.6,31.31,31.49,31.09,31.24,31.55,30.72,26.87,42963.0,43617.0,43189.0,43037.0,43916.0,41677.0,37783.0,,0.0,0.0,,,2.0,-1.0,13.44,0.023,0.242,3.0,2.0,0.0,0.0,46.35,48.63,53.14,51.53,52.33,47.88,52.74,50.1,50.68,52.47
2016-06-07 13:48:00-05:00,1007.4608,1013.113,502861.0,37.31,0.0,992.0,27.92,307.8,272.7,271.1,268.9,265.2,264.8,264.9,306.8,774.0,60.14,215.3,1380509.0,309.0,237.5,5.0,0.0,0.0,0.0,0.0,0.0,0.0,0.0,0.0,27.84,45.41,966.0,269.6,266.5,270.3,60.0,59.9,74.7,0.0,268.0,268.0,270.0,214.8,25.97,216.3,601.0,1370984.0,41170.0,126460.0,0.993,0.979,0.748,0.921,106.8,107.2,106.3,105.8,106.8,105.5,91.5,32.86,32.99,32.72,32.56,32.88,32.47,28.16,42963.0,43618.0,43190.0,43038.0,43917.0,41677.0,37783.0,,0.0,0.0,,,2.0,-1.0,13.44,0.023,0.243,3.0,2.0,0.0,0.0,46.8,48.47,52.84,50.78,52.32,47.37,52.27,49.53,50.64,52.39
2016-06-07 13:49:00-05:00,1007.4608,1013.113,502862.0,37.31,0.0,993.0,27.41,306.5,272.4,271.0,268.8,265.6,265.0,265.1,305.4,777.4,60.14,215.4,1380513.0,307.6,237.4,5.0,0.0,0.0,0.0,0.0,0.0,0.0,0.0,0.0,27.51,44.44,968.0,270.0,266.8,270.6,60.0,59.9,74.7,0.0,268.0,267.8,269.7,214.9,26.03,216.4,601.0,1370987.0,41170.0,126460.0,0.993,0.979,0.748,0.921,107.2,107.8,106.6,106.5,107.3,106.1,91.5,32.85,33.03,32.67,32.62,32.89,32.5,28.05,42964.0,43618.0,43190.0,43038.0,43917.0,41678.0,37784.0,,0.0,0.0,,,2.0,-1.0,13.44,0.023,0.243,3.0,2.0,0.0,0.0,45.49,48.53,52.89,51.18,52.59,47.85,52.59,50.2,50.77,52.37
2016-06-07 13:50:00-05:00,808.82,812.6086,502863.0,37.31,0.0,795.8,27.14,304.6,271.5,270.6,268.5,211.1,210.8,211.0,304.8,623.1,60.14,170.5,1380516.0,304.9,189.8,5.0,0.0,0.0,0.0,0.0,0.0,0.0,0.0,0.0,27.2,42.91,767.1,212.9,211.4,213.2,60.0,59.9,74.7,0.0,268.0,267.9,269.3,169.6,18.9,170.7,601.0,1370990.0,41170.0,126460.0,0.995,0.979,0.748,0.921,83.5,84.7,85.2,85.0,84.6,84.3,73.01,25.45,25.84,25.91,25.84,25.8,25.64,22.19,42964.0,43618.0,43191.0,43039.0,43918.0,41678.0,37784.0,2.088,344.0,21.56,3.5,3.528,2.0,-1.0,13.44,0.023,0.239,3.0,2.0,0.0,0.0,43.48,47.8,52.47,51.24,52.47,48.04,52.44,50.13,50.32,52.37
2016-06-07 13:51:00-05:00,995.5803,1004.1468,502864.0,37.31,0.0,987.0,27.59,350.4,271.2,270.0,268.0,156.9,156.4,156.6,348.1,452.9,60.14,126.8,1380518.0,351.0,139.9,4.667,0.0,0.0,0.0,0.0,0.0,0.0,0.0,0.0,27.58,43.64,963.0,163.0,161.5,163.2,60.0,59.9,74.7,0.0,268.0,267.8,269.1,126.3,11.87,130.1,601.0,1370992.0,41170.0,126461.0,0.645,0.979,0.748,0.921,62.84,62.57,61.3,61.0,62.44,60.08,52.04,19.66,19.56,19.1,18.95,19.5,18.62,16.16,42964.0,43619.0,43191.0,43039.0,43918.0,41678.0,37784.0,,0.0,0.0,,,2.0,-1.0,13.44,0.024,0.242,3.0,2.0,0.0,0.0,44.26,48.22,52.23,50.64,52.07,47.47,52.18,49.2,50.04,52.35
2016-06-07 13:52:00-05:00,1016.96515,1027.6829,502865.0,37.31,0.0,1009.0,27.59,362.7,271.3,270.7,268.5,201.9,200.9,201.0,362.0,502.3,60.15,162.3,1380520.0,363.2,181.5,5.0,0.0,0.0,0.0,0.0,0.0,0.0,0.0,0.0,27.59,44.6,983.0,200.9,202.0,200.5,60.0,59.9,74.7,0.0,268.0,268.0,269.9,160.8,17.54,161.7,601.0,1370995.0,41170.0,126461.0,0.994,0.979,0.748,0.921,69.62,69.62,67.46,66.94,68.98,65.81,57.77,25.2,25.2,24.41,24.23,24.97,23.81,20.91,42965.0,43619.0,43191.0,43040.0,43918.0,41679.0,37785.0,1.95,353.7,15.77,3.8,3.53,2.0,-1.0,13.44,0.024,0.242,3.0,2.0,0.0,0.0,45.48,48.65,52.79,51.26,53.01,48.06,52.56,50.22,51.05,52.27
2016-06-07 13:53:00-05:00,1035.9739,1046.7357,502866.0,37.31,0.0,1029.0,28.05,340.0,272.2,270.8,268.6,252.7,252.6,252.6,339.6,671.9,60.14,204.8,1380524.0,339.8,227.9,5.0,0.0,0.0,0.0,0.0,0.0,0.0,0.0,0.0,28.24,45.36,1004.0,256.2,254.6,256.9,60.0,59.9,74.7,0.0,268.0,267.8,269.2,204.2,24.41,205.7,601.0,1370998.0,41170.0,126461.0,0.993,0.979,0.748,0.921,93.5,93.5,91.4,90.9,92.6,90.9,78.56,31.75,31.76,31.04,30.85,31.45,30.88,26.67,42965.0,43620.0,43192.0,43040.0,43919.0,41679.0,37785.0,,0.0,0.0,,,2.0,-1.0,13.44,0.023,0.243,3.0,2.0,0.0,0.0,46.57,49.39,53.3,51.73,52.66,49.09,52.82,50.08,50.8,52.27
2016-06-07 13:54:00-05:00,1012.213,1025.4413,502867.0,37.31,0.0,996.0,28.07,317.8,272.4,271.1,268.8,268.8,268.9,268.8,317.5,762.5,60.14,218.4,1380527.0,319.2,242.2,5.0,0.0,0.0,0.0,0.0,0.0,0.0,0.0,0.0,28.2,44.92,950.0,272.7,270.2,273.7,60.0,59.9,74.7,0.0,268.0,268.0,269.6,217.3,26.43,218.9,601.0,1371002.0,41170.0,126462.0,0.993,0.979,0.748,0.921,102.5,101.1,102.8,104.7,103.8,102.1,91.4,32.6,32.2,32.7,33.27,33.0,32.49,29.05,42966.0,43620.0,43192.0,43040.0,43919.0,41680.0,37786.0,2.928,337.6,13.28,4.1,3.528,2.0,-1.0,13.44,0.024,0.243,3.0,2.0,0.0,0.0,45.96,49.02,53.31,51.85,51.98,48.82,52.92,50.27,50.4,52.19
2016-06-07 13:55:00-05:00,828.66034,829.7562,502868.0,37.3,0.0,835.0,28.05,314.8,271.8,270.7,268.5,222.3,222.1,222.3,314.4,635.3,60.14,179.8,1380530.0,316.1,199.4,5.0,0.0,0.0,0.0,0.0,0.0,0.0,0.0,0.0,28.12,44.03,843.0,224.6,223.8,225.1,60.0,59.9,74.7,0.0,268.0,268.0,269.7,179.3,20.41,180.5,601.0,1371005.0,41170.0,126462.0,0.994,0.979,0.748,0.921,82.0,88.5,87.0,89.9,94.9,82.4,79.63,25.72,27.83,27.31,28.26,29.86,25.84,25.04,42966.0,43621.0,43193.0,43041.0,43920.0,41680.0,37786.0,3.13,342.4,15.21,4.5,3.53,2.0,-1.0,13.44,0.024,0.239,3.0,2.0,0.0,0.0,44.82,48.35,51.88,50.35,51.45,47.53,51.28,48.8,48.68,52.17
2016-06-07 13:56:00-05:00,1079.9314,1090.4456,502869.0,37.27,0.0,1078.0,27.61,307.5,272.5,271.4,269.1,287.1,287.1,287.2,306.6,842.0,60.15,233.7,1380534.0,308.6,258.2,5.0,0.0,0.0,0.0,0.0,0.0,0.0,0.0,0.0,27.52,43.31,1051.0,293.3,289.4,294.6,60.0,59.9,74.7,0.0,268.0,268.0,269.9,233.5,28.98,235.3,601.0,1371009.0,41170.0,126463.0,0.992,0.979,0.748,0.921,116.3,116.6,115.9,115.8,116.0,115.0,99.6,35.77,35.86,35.65,35.6,35.66,35.35,30.62,42967.0,43621.0,43193.0,43042.0,43920.0,41681.0,37787.0,2.808,321.8,30.76,6.5,3.528,2.0,-1.0,13.44,0.024,0.244,3.0,2.0,0.0,0.0,44.52,47.72,51.49,49.52,50.69,46.57,50.98,47.74,48.25,52.17
2016-06-07 13:57:00-05:00,645.46405,658.3917,502870.0,37.27,0.0,633.4,27.14,308.0,271.3,270.5,268.4,176.3,176.6,176.7,307.0,521.3,60.13,142.2,1380536.0,308.8,159.6,5.0,0.0,0.0,0.0,0.0,0.0,0.0,0.0,0.0,27.11,41.63,589.6,175.4,175.4,175.9,60.0,59.9,74.7,0.0,268.0,268.0,270.0,140.3,14.33,141.1,601.0,1371011.0,41170.0,126463.0,0.996,0.979,0.748,0.921,63.56,65.31,68.48,70.5,69.38,66.23,62.7,19.53,20.08,21.03,21.65,21.33,20.34,19.25,42967.0,43622.0,43194.0,43042.0,43921.0,41681.0,37787.0,3.435,328.4,24.01,5.7,3.53,2.0,-1.0,13.44,0.023,0.239,3.0,2.0,0.0,0.0,42.51,46.71,50.94,49.08,50.7,45.94,50.51,47.5,48.18,52.17
2016-06-07 13:58:00-05:00,931.6637,943.6256,502871.0,37.25,0.0,956.0,27.51,309.2,272.1,271.1,268.9,254.2,253.5,253.8,308.3,737.8,60.14,206.1,1380540.0,309.9,227.2,5.0,0.0,0.0,0.0,0.0,0.0,0.0,0.0,0.0,27.46,41.67,971.0,259.4,256.5,260.0,60.0,59.9,74.7,0.0,268.0,268.0,269.9,206.5,24.72,208.0,601.0,1371015.0,41170.0,126463.0,0.993,0.979,0.748,0.921,94.0,104.8,103.4,106.3,111.3,96.9,92.9,29.05,32.41,31.92,32.81,34.38,29.94,28.67,42968.0,43622.0,43194.0,43043.0,43921.0,41682.0,37787.0,2.475,346.5,17.4,3.7,3.528,2.0,-1.0,13.44,0.024,0.24,3.0,2.0,0.0,0.0,42.33,45.74,49.38,47.81,48.59,45.26,48.79,45.75,46.07,52.17
2016-06-07 13:59:00-05:00,614.5749,636.42474,502872.0,37.23,0.0,623.9,27.36,306.7,271.5,270.2,268.3,170.4,170.4,170.6,305.8,496.9,60.14,136.9,1380542.0,307.0,151.8,5.0,0.0,0.0,0.0,0.0,0.0,0.0,0.0,0.0,27.32,40.9,591.6,167.5,169.0,167.8,60.0,59.9,74.7,0.0,268.0,268.0,270.0,134.4,13.39,135.1,601.0,1371017.0,41170.0,126463.0,0.995,0.979,0.748,0.921,65.91,64.65,65.48,65.59,63.89,66.34,56.4,20.22,19.86,20.04,20.07,19.6,20.3,17.25,42968.0,43623.0,43195.0,43043.0,43922.0,41682.0,37788.0,3.172,336.4,24.49,5.5,3.528,2.0,-1.0,13.44,0.023,0.238,3.0,2.0,0.0,0.0,41.79,45.9,49.35,47.68,48.0,45.64,48.61,45.76,45.72,52.17
2016-06-07 14:00:00-05:00,424.13153,447.8005,502873.0,37.19,0.0,445.9,27.57,311.7,270.8,269.9,268.1,123.4,123.8,123.9,311.0,359.1,60.15,98.4,1380544.0,311.9,111.5,5.0,0.0,0.0,0.0,0.0,0.0,0.0,0.0,0.0,27.5,39.4,430.4,120.1,122.4,120.1,60.0,59.9,74.7,0.0,268.0,268.0,270.0,96.8,7.366,97.1,601.0,1371019.0,41170.0,126464.0,0.997,0.979,0.748,0.921,51.24,48.47,47.07,43.96,42.91,49.81,36.23,15.92,15.08,14.64,13.69,13.37,15.47,11.29,42968.0,43623.0,43195.0,43043.0,43922.0,41682.0,37788.0,4.378,341.8,20.73,7.4,3.53,2.0,-1.0,13.44,0.023,0.235,3.0,2.0,0.0,0.0,40.35,43.98,47.37,45.96,45.69,43.17,46.75,43.12,43.74,52.14
2016-06-07 14:01:00-05:00,252.45924,280.80698,502874.0,37.14,0.0,288.0,27.5,320.4,270.3,269.5,267.8,84.8,85.6,85.5,319.7,249.6,60.22,66.73,1380545.0,321.4,79.72,5.0,0.0,0.0,0.0,0.0,0.0,0.0,0.0,0.0,27.38,37.56,303.3,82.4,84.7,82.2,60.0,59.9,74.7,0.0,268.0,268.0,270.0,66.56,2.617,66.62,601.0,1371020.0,41170.0,126464.0,0.999,0.979,0.748,0.921,30.83,32.5,31.2,32.22,34.3,30.01,28.68,9.87,10.4,9.99,10.31,10.97,9.6,9.17,42969.0,43623.0,43195.0,43043.0,43922.0,41683.0,37788.0,4.27,306.5,19.94,6.7,3.528,2.0,-1.0,13.44,0.023,0.232,3.0,2.0,0.0,0.0,38.18,42.13,44.32,43.01,43.43,40.53,43.65,40.52,41.46,52.08
2016-06-07 14:02:00-05:00,333.95905,368.33847,502875.0,37.08,0.0,367.0,26.63,315.3,270.8,269.7,268.0,108.8,109.4,109.4,314.0,317.5,60.15,86.4,1380546.0,316.8,99.4,5.0,0.0,0.0,0.0,0.0,0.0,0.0,0.0,0.0,26.45,34.92,327.9,105.0,107.5,105.0,60.0,59.9,74.7,0.0,268.2,268.0,270.0,84.8,5.503,85.0,601.0,1371021.0,41170.0,126464.0,0.998,0.979,0.748,0.921,39.24,37.63,40.7,41.39,38.35,40.59,36.47,12.33,11.82,12.78,13.0,12.05,12.75,11.46,42969.0,43623.0,43195.0,43044.0,43923.0,41683.0,37788.0,6.02,299.0,12.89,9.1,3.528,2.0,-1.0,13.44,0.023,0.233,3.0,2.0,0.0,0.0,35.8,39.24,41.93,40.54,40.86,38.26,41.37,38.1,39.66,52.08
2016-06-07 14:03:00-05:00,191.63142,220.50996,502876.0,36.99,0.0,224.9,25.42,330.6,270.5,269.8,268.1,67.58,68.4,68.3,329.9,200.3,60.14,52.67,1380547.0,331.6,66.05,5.0,0.0,0.0,0.0,0.0,0.0,0.0,0.0,0.0,25.33,32.11,222.1,64.54,66.66,64.29,60.0,59.9,74.7,0.0,269.0,268.0,270.0,52.21,0.439,52.21,601.0,1371022.0,41170.0,126464.0,1.0,0.979,0.748,0.921,23.48,23.91,23.88,23.94,24.2,23.32,20.87,7.757,7.901,7.888,7.91,7.995,7.704,6.894,42969.0,43624.0,43196.0,43044.0,43923.0,41683.0,37789.0,6.913,303.7,12.07,12.3,3.528,2.0,-1.0,13.44,0.024,0.231,3.0,2.0,0.0,0.0,32.9,36.15,38.94,37.82,38.1,36.23,38.41,35.31,37.1,52.07
2016-06-07 14:04:00-05:00,174.88,199.88794,502877.0,36.89,0.0,204.8,24.63,336.3,270.7,269.8,268.0,61.95,62.89,62.77,335.4,183.5,60.15,48.12,1380548.0,337.1,61.55,5.0,0.0,0.0,0.0,0.0,0.0,0.0,0.0,0.0,24.49,30.01,203.0,58.89,61.01,58.6,60.0,59.9,74.7,0.0,269.0,268.0,270.0,47.65,-0.183,47.66,601.0,1371023.0,41170.0,126464.0,-0.533,0.979,0.748,0.921,21.12,21.5,21.45,21.56,21.79,20.88,18.78,7.101,7.229,7.213,7.248,7.325,7.02,6.313,42969.0,43624.0,43196.0,43044.0,43923.0,41683.0,37789.0,4.193,340.1,25.53,9.3,3.528,2.0,-1.0,13.44,0.024,0.23,3.0,2.0,0.0,0.0,30.67,33.88,36.3,35.35,35.87,34.63,35.91,33.58,34.96,52.04
2016-06-07 14:05:00-05:00,163.7124,184.19727,502878.0,36.76,0.0,189.5,24.02,337.0,270.6,269.9,268.1,57.79,58.81,58.6,336.4,172.6,60.15,44.73,1380549.0,338.2,58.04,5.0,0.0,0.0,0.0,0.0,0.0,0.0,0.0,0.0,23.92,28.32,188.7,54.68,56.86,54.38,60.0,59.9,74.7,0.0,269.0,268.3,270.0,44.26,-0.683,44.26,601.0,1371024.0,41170.0,126464.0,-1.0,0.979,0.748,0.921,19.59,19.94,19.85,19.99,20.28,19.36,17.38,6.604,6.721,6.69,6.737,6.834,6.525,5.856,42969.0,43624.0,43196.0,43044.0,43923.0,41683.0,37789.0,3.208,325.1,28.48,5.9,3.53,2.0,-1.0,13.44,0.023,0.23,3.0,2.0,0.0,0.0,28.85,32.23,34.62,34.06,34.65,33.44,34.38,32.4,33.82,51.96
2016-06-07 14:06:00-05:00,146.36697,167.27376,502879.0,36.61,0.0,172.3,23.77,341.1,270.2,269.4,267.6,52.42,53.64,53.33,340.1,157.9,60.13,40.32,1380549.0,341.9,53.69,5.0,0.0,0.0,0.0,0.0,0.0,0.0,0.0,0.0,23.66,27.19,171.8,49.38,51.55,49.05,60.0,59.9,74.7,0.0,268.2,268.1,270.0,39.86,-1.342,39.88,601.0,1371024.0,41170.0,126464.0,-0.999,0.979,0.748,0.921,17.43,17.83,17.6,17.72,18.13,17.27,15.47,5.946,6.082,6.002,6.044,6.184,5.89,5.275,42969.0,43624.0,43196.0,43044.0,43923.0,41683.0,37789.0,2.913,331.1,33.95,5.7,3.528,2.0,-1.0,13.44,0.023,0.23,3.0,2.0,0.0,0.0,27.57,30.85,33.08,32.67,33.25,32.13,32.97,31.25,32.64,51.83
2016-06-07 14:07:00-05:00,127.35827,149.34157,502880.0,36.45,0.0,153.9,23.63,341.2,270.4,269.1,267.4,46.74,47.94,47.61,340.7,143.8,60.14,35.64,1380550.0,341.8,49.0,5.0,0.0,0.0,0.0,0.0,0.0,0.0,0.0,0.0,23.48,26.46,155.2,43.85,45.97,43.49,60.0,59.9,74.7,0.0,268.3,268.0,269.8,35.32,-2.033,35.37,601.0,1371025.0,41170.0,126464.0,-0.998,0.979,0.748,0.921,15.4,15.91,15.76,15.8,16.13,15.3,13.91,5.254,5.427,5.377,5.389,5.501,5.219,4.746,42969.0,43624.0,43196.0,43044.0,43923.0,41683.0,37789.0,6.278,310.1,16.6,11.7,3.528,2.0,-1.0,13.44,0.023,0.229,3.0,2.0,0.0,0.0,26.82,29.88,31.72,31.3,31.77,31.31,31.61,29.98,31.35,51.69
2016-06-07 14:08:00-05:00,134.36772,157.63521,502881.0,36.27,0.0,162.1,23.43,331.0,270.1,269.4,267.6,49.22,50.52,50.13,330.4,153.3,60.13,37.72,1380551.0,332.1,50.65,5.0,0.0,0.0,0.0,0.0,0.0,0.0,0.0,0.0,23.29,25.9,166.2,46.4,48.59,46.1,60.0,59.9,74.7,0.0,268.3,268.0,270.0,37.45,-1.693,37.49,601.0,1371025.0,41170.0,126464.0,-0.999,0.979,0.748,0.921,16.79,17.41,17.23,17.34,17.76,16.66,15.18,5.556,5.759,5.699,5.735,5.875,5.512,5.022,42969.0,43624.0,43196.0,43044.0,43923.0,41683.0,37789.0,3.785,319.8,23.36,6.5,3.53,2.0,-1.0,13.44,0.023,0.229,3.0,2.0,0.0,0.0,26.29,28.8,30.52,30.16,30.52,30.76,30.32,28.97,30.18,51.51
2016-06-07 14:09:00-05:00,198.16566,222.07904,502882.0,36.09,0.0,227.9,23.5,316.0,270.8,269.6,267.8,67.49,68.53,68.36,315.3,207.4,60.22,52.68,1380552.0,316.9,65.34,5.0,0.0,0.0,0.0,0.0,0.0,0.0,0.0,0.0,23.38,25.83,232.0,64.6,66.89,64.45,60.0,59.9,74.7,0.0,268.8,268.0,269.9,52.31,0.517,52.32,601.0,1371026.0,41170.0,126464.0,0.433,0.979,0.748,0.921,24.86,25.37,25.04,25.16,25.79,24.53,21.93,7.843,8.01,7.901,7.94,8.14,7.741,6.919,42969.0,43624.0,43196.0,43044.0,43923.0,41683.0,37789.0,2.702,313.8,19.04,5.1,3.53,2.0,-1.0,13.44,0.023,0.23,3.0,2.0,0.0,0.0,26.27,28.27,30.0,29.66,29.99,30.33,29.74,28.56,29.53,51.3
2016-06-07 14:10:00-05:00,457.63434,475.48334,502883.0,35.91,0.0,492.3,23.65,327.0,271.2,270.1,268.2,91.9,92.5,92.5,323.9,276.3,60.23,73.2,1380553.0,325.1,83.6,4.85,0.0,0.0,0.0,0.0,0.0,0.0,0.0,0.0,23.54,26.25,536.4,91.9,93.7,92.0,60.0,59.9,74.7,0.0,269.0,268.2,270.0,72.18,3.509,73.69,601.0,1371027.0,41170.0,126464.0,0.855,0.979,0.748,0.921,35.46,38.51,34.41,35.07,40.97,32.83,31.13,10.76,11.72,10.44,10.63,12.44,9.9,9.43,42970.0,43624.0,43196.0,43044.0,43923.0,41684.0,37789.0,,0.0,0.0,,,2.0,-1.0,13.44,0.023,0.232,3.0,2.0,0.0,0.0,26.82,28.29,30.01,29.63,29.95,30.51,29.98,28.8,29.46,51.15
2016-06-07 14:11:00-05:00,1112.0087,1135.276,502884.0,35.72,0.0,1124.0,23.39,406.8,271.9,270.7,268.5,170.2,169.8,169.8,406.4,388.8,60.16,137.4,1380555.0,408.1,154.8,4.817,0.0,0.0,0.0,0.0,0.0,0.0,0.0,0.0,23.37,28.34,1119.0,173.6,174.1,173.4,60.0,59.9,74.7,0.0,268.9,268.0,270.0,137.2,13.8,139.6,601.0,1371030.0,41170.0,126464.0,0.812,0.979,0.748,0.921,54.11,55.74,53.1,52.43,54.27,50.6,45.19,21.6,22.27,21.2,20.93,21.68,20.19,18.04,42970.0,43625.0,43197.0,43045.0,43924.0,41684.0,37789.0,3.563,312.5,13.66,6.0,3.53,2.0,-1.0,13.44,0.023,0.243,3.0,2.0,0.0,0.0,29.75,30.16,32.77,31.5,31.7,32.4,32.76,31.06,31.95,50.85
2016-06-07 14:12:00-05:00,526.3032,541.27203,502885.0,35.55,0.0,517.8,23.28,389.5,271.0,270.3,268.3,114.0,114.1,114.0,388.4,278.8,60.15,90.5,1380557.0,389.7,108.2,5.0,0.0,0.0,0.0,0.0,0.0,0.0,0.0,0.0,23.25,29.45,474.1,110.1,112.0,109.4,60.0,59.9,74.7,0.0,269.0,268.1,270.0,88.6,6.193,88.8,601.0,1371031.0,41170.0,126464.0,0.998,0.979,0.748,0.921,35.89,33.21,33.87,33.35,32.28,33.68,28.22,13.98,12.93,13.18,12.98,12.57,13.1,10.98,42970.0,43625.0,43197.0,43045.0,43924.0,41684.0,37789.0,3.602,338.0,19.58,6.8,3.528,2.0,-1.0,13.44,0.023,0.236,3.0,2.0,0.0,0.0,30.72,31.76,34.44,33.11,33.35,33.89,34.18,32.64,33.72,50.56
2016-06-07 14:13:00-05:00,345.00784,349.06137,502886.0,35.39,0.0,340.4,23.25,373.0,270.8,270.1,268.2,90.5,90.9,90.9,372.4,236.0,60.14,71.34,1380558.0,374.2,87.7,5.0,0.0,0.0,0.0,0.0,0.0,0.0,0.0,0.0,23.18,28.94,336.5,87.7,89.7,87.0,60.0,59.9,74.7,0.0,269.0,268.2,270.0,70.72,3.298,70.8,601.0,1371032.0,41170.0,126464.0,0.999,0.979,0.748,0.921,28.61,29.65,28.89,28.86,29.63,27.84,24.89,10.65,11.03,10.75,10.74,11.03,10.36,9.26,42970.0,43625.0,43197.0,43045.0,43924.0,41684.0,37790.0,,0.0,0.0,,,2.0,-1.0,13.44,0.115,0.231,3.0,2.0,0.0,0.0,29.86,31.15,33.64,32.71,32.58,32.79,33.54,31.85,33.42,50.35
2016-06-07 14:14:00-05:00,601.15,598.6551,502887.0,35.23,0.0,601.5,23.39,356.3,271.9,270.9,268.8,173.8,173.7,173.9,355.3,445.4,60.15,140.1,1380560.0,356.8,158.0,5.0,0.0,0.0,0.0,0.0,0.0,0.0,0.0,0.0,23.22,28.98,627.5,174.0,175.0,174.2,60.0,59.9,74.7,0.0,269.0,268.2,270.0,139.7,14.17,140.5,601.0,1371035.0,41170.0,126464.0,0.995,0.979,0.748,0.921,65.38,63.34,58.46,57.75,60.43,59.19,49.63,23.28,22.6,20.8,20.54,21.56,21.05,17.64,42971.0,43625.0,43197.0,43046.0,43925.0,41685.0,37790.0,,0.0,0.0,,,2.0,-1.0,13.47,0.049,0.234,3.0,2.0,0.0,0.0,30.15,31.03,33.6,32.72,32.36,33.08,33.58,31.91,33.02,50.17
2016-06-07 14:15:00-05:00,1051.4185,1055.7019,502888.0,35.07,0.0,1036.0,23.51,353.2,273.3,272.2,269.8,289.7,291.2,291.2,352.4,749.7,60.15,237.3,1380564.0,354.0,264.0,5.0,0.0,0.0,0.0,0.0,0.0,0.0,0.0,0.0,23.36,30.2,1055.0,296.7,294.4,299.3,60.0,59.9,74.7,0.0,269.0,268.5,270.0,237.6,29.73,239.4,601.0,1371039.0,41170.0,126465.0,0.992,0.979,0.748,0.921,100.9,105.4,103.6,103.7,106.5,100.4,89.6,35.62,37.22,36.58,36.59,37.6,35.41,31.63,42971.0,43626.0,43198.0,43046.0,43925.0,41685.0,37790.0,,0.0,0.0,,,2.0,-1.0,13.47,0.033,0.241,3.0,2.0,0.0,0.0,31.92,32.25,35.19,33.95,33.66,34.11,35.07,33.34,34.34,49.95
2016-06-07 14:16:00-05:00,1020.52924,1025.4413,502889.0,34.91,0.0,989.0,23.69,343.4,272.9,272.0,269.6,283.7,285.7,285.6,342.9,755.0,60.14,232.4,1380568.0,345.1,258.9,5.0,0.0,0.0,0.0,0.0,0.0,0.0,0.0,0.0,23.67,32.43,952.0,288.4,286.5,290.9,60.0,59.9,74.7,0.0,268.8,268.3,270.0,230.8,28.74,232.6,601.0,1371043.0,41170.0,126465.0,0.992,0.979,0.748,0.921,100.3,100.3,102.4,103.1,101.6,100.9,89.5,34.46,34.44,35.16,35.41,34.9,34.67,30.73,42972.0,43627.0,43199.0,43047.0,43926.0,41686.0,37791.0,,0.0,0.0,,,2.5,-1.0,13.47,0.029,0.243,3.0,2.0,0.0,0.0,34.22,34.24,37.6,36.08,35.88,36.41,37.47,35.89,36.89,49.79
2016-06-07 14:17:00-05:00,844.46136,837.93787,502890.0,34.76,0.0,823.0,24.01,340.6,274.0,272.5,270.2,234.0,234.2,234.3,340.3,627.6,60.15,190.9,1380571.0,343.0,212.9,5.0,0.0,0.0,0.0,0.0,0.0,0.0,0.0,0.0,23.92,33.64,808.0,236.5,235.5,237.2,60.0,59.9,74.7,0.0,270.0,269.7,271.0,190.0,22.18,191.3,601.0,1371046.0,41170.0,126466.0,0.994,0.979,0.748,0.921,87.0,86.4,85.9,84.6,83.3,85.8,71.65,29.55,29.37,29.16,28.73,28.3,29.1,24.32,42973.0,43627.0,43199.0,43047.0,43926.0,41687.0,37791.0,,0.0,0.0,,,2.5,-1.0,13.47,0.027,0.238,3.0,2.0,0.0,0.0,35.3,35.45,38.55,37.55,37.2,37.33,38.54,37.18,37.71,49.65
2016-06-07 14:18:00-05:00,552.3214,543.0653,502891.0,34.64,0.0,522.1,24.44,340.4,273.2,272.5,270.4,152.1,152.3,152.5,339.7,412.9,60.15,123.1,1380573.0,341.7,139.9,5.0,0.0,0.0,0.0,0.0,0.0,0.0,0.0,0.0,24.37,34.89,505.9,150.3,151.5,150.4,60.0,59.9,74.7,0.0,270.8,270.0,271.9,121.6,11.3,122.1,601.0,1371048.0,41170.0,126466.0,0.996,0.979,0.748,0.921,54.07,53.48,54.48,54.54,54.01,53.71,46.86,18.36,18.18,18.49,18.51,18.35,18.22,15.9,42973.0,43628.0,43199.0,43048.0,43927.0,41687.0,37792.0,2.188,1.954,26.21,5.2,3.528,2.0,-1.0,13.47,0.027,0.235,3.0,2.0,0.0,0.0,36.44,36.59,39.43,38.1,37.92,37.68,39.01,37.59,38.12,49.54
2016-06-07 14:19:00-05:00,370.43198,356.57047,502892.0,34.54,0.0,343.1,24.68,335.6,272.6,272.0,270.1,103.4,104.0,104.0,335.3,285.9,60.14,82.6,1380574.0,336.3,95.8,5.0,0.0,0.0,0.0,0.0,0.0,0.0,0.0,0.0,24.54,34.38,341.1,100.2,102.6,100.0,60.0,59.9,74.7,0.0,270.3,270.0,272.0,81.5,4.85,81.7,601.0,1371049.0,41170.0,126466.0,0.998,0.979,0.748,0.921,36.79,37.08,36.71,36.57,36.99,36.32,31.63,12.34,12.44,12.31,12.26,12.41,12.18,10.61,42973.0,43628.0,43200.0,43048.0,43927.0,41687.0,37792.0,2.148,13.43,31.16,4.1,3.528,2.0,-1.0,13.47,0.026,0.231,3.0,2.0,0.0,0.0,35.69,36.11,38.7,37.74,37.13,37.72,38.23,37.16,37.52,49.46
2016-06-07 14:20:00-05:00,476.64307,461.1376,502893.0,34.43,0.0,463.5,24.53,328.1,273.2,272.2,270.2,132.4,132.7,132.9,327.5,366.8,60.15,106.7,1380576.0,329.6,120.1,5.0,0.0,0.0,0.0,0.0,0.0,0.0,0.0,0.0,24.36,33.57,518.4,131.6,133.6,131.7,60.0,59.9,74.7,0.0,270.5,270.0,272.0,106.8,8.88,107.2,601.0,1371051.0,41170.0,126466.0,0.997,0.979,0.748,0.921,54.81,55.68,48.82,46.71,51.29,49.78,38.12,17.98,18.27,16.02,15.32,16.83,16.33,12.51,42973.0,43628.0,43200.0,43048.0,43927.0,41687.0,37792.0,,0.0,0.0,,,2.0,-1.0,13.47,0.026,0.232,3.0,2.0,0.0,0.0,35.11,35.3,37.8,37.11,36.15,36.9,37.58,36.51,36.56,49.38
2016-06-07 14:21:00-05:00,932.61414,929.05585,502894.0,34.34,0.0,909.0,24.55,325.8,274.8,273.5,271.0,260.0,259.3,259.9,324.8,724.2,60.14,212.8,1380580.0,326.4,235.0,5.0,0.0,0.0,0.0,0.0,0.0,0.0,0.0,0.0,24.43,34.86,905.0,263.6,260.8,264.5,60.0,59.9,74.7,0.0,270.6,270.0,272.0,211.8,25.69,213.3,601.0,1371054.0,41170.0,126467.0,0.993,0.979,0.748,0.921,101.8,99.7,99.0,98.5,97.1,99.4,84.1,33.12,32.46,32.22,32.04,31.63,32.35,27.38,42974.0,43629.0,43201.0,43049.0,43928.0,41688.0,37792.0,,0.0,0.0,,,2.0,-1.0,13.47,0.026,0.24,3.0,2.0,0.0,0.0,36.79,35.91,38.9,37.62,36.53,37.74,38.64,37.06,37.54,49.3
2016-06-07 14:22:00-05:00,1068.051,1066.9095,502895.0,34.24,0.0,1047.0,24.61,323.8,276.0,274.5,271.9,292.9,293.0,293.3,323.4,827.0,60.14,241.3,1380583.0,324.9,267.3,5.0,0.0,0.0,0.0,0.0,0.0,0.0,0.0,0.0,24.51,35.94,1017.0,299.2,294.9,300.8,60.0,59.9,74.7,0.0,271.0,270.8,272.8,240.8,30.2,242.7,601.0,1371058.0,41170.0,126467.0,0.992,0.979,0.748,0.921,112.5,112.2,113.9,114.0,114.1,113.6,98.0,36.43,36.33,36.86,36.9,36.95,36.79,31.74,42975.0,43629.0,43201.0,43049.0,43928.0,41689.0,37793.0,,0.0,0.0,,,2.5,-1.0,13.47,0.026,0.241,3.0,2.0,0.0,0.0,38.36,37.19,40.25,38.95,37.21,39.18,40.12,38.59,39.3,49.29
2016-06-07 14:23:00-05:00,517.2742,516.72736,502896.0,34.16,0.0,492.7,24.87,328.0,274.3,273.4,271.3,147.8,147.7,148.0,327.1,414.6,60.14,119.7,1380585.0,329.3,134.9,5.0,0.0,0.0,0.0,0.0,0.0,0.0,0.0,0.0,24.73,36.19,475.2,143.9,145.6,144.0,60.0,59.9,74.7,0.0,271.2,271.0,273.0,117.0,10.64,117.5,601.0,1371060.0,41170.0,126467.0,0.996,0.979,0.748,0.921,54.83,52.25,53.3,54.15,50.95,54.07,47.93,17.89,17.06,17.38,17.65,16.63,17.63,15.62,42975.0,43630.0,43202.0,43050.0,43929.0,41689.0,37793.0,,0.0,0.0,,,2.0,-1.0,13.47,0.025,0.235,3.0,2.0,0.0,0.0,38.49,37.7,41.15,40.07,39.1,40.07,40.98,39.64,40.11,49.19
2016-06-07 14:24:00-05:00,334.07782,326.3099,502897.0,34.09,0.0,316.3,24.8,330.0,273.9,272.9,270.9,93.8,94.4,94.5,329.8,267.6,60.14,75.02,1380587.0,330.8,88.2,5.0,0.0,0.0,0.0,0.0,0.0,0.0,0.0,0.0,24.64,34.92,312.7,90.7,93.0,90.5,60.0,59.9,74.7,0.0,271.3,271.0,273.0,74.08,3.671,74.17,601.0,1371062.0,41170.0,126467.0,0.999,0.979,0.748,0.921,33.59,34.07,33.94,33.97,34.32,33.31,29.47,11.08,11.23,11.19,11.2,11.32,10.99,9.72,42975.0,43630.0,43202.0,43050.0,43929.0,41689.0,37793.0,2.908,348.5,19.28,4.0,3.53,2.0,-1.0,13.47,0.025,0.23,3.0,2.0,0.0,0.0,36.94,36.71,39.47,38.69,37.56,37.91,39.23,37.67,38.17,49.17
2016-06-07 14:25:00-05:00,387.5398,375.7355,502898.0,34.02,0.0,376.9,24.84,320.9,274.1,273.1,271.0,108.6,109.2,109.3,319.4,310.5,60.14,87.3,1380588.0,320.8,99.3,5.0,0.0,0.0,0.0,0.0,0.0,0.0,0.0,0.0,24.68,34.17,419.3,106.8,109.1,106.7,60.0,59.9,74.7,0.0,271.4,271.0,273.0,87.2,5.712,87.4,601.0,1371063.0,41170.0,126468.0,0.998,0.979,0.748,0.921,43.45,45.01,40.42,39.79,42.95,39.93,33.83,13.97,14.47,12.98,12.78,13.8,12.82,10.86,42975.0,43630.0,43202.0,43050.0,43929.0,41689.0,37794.0,2.878,337.1,19.23,4.0,3.53,2.0,-1.0,13.47,0.025,0.231,3.0,2.0,0.0,0.0,35.97,35.67,38.01,37.18,36.57,36.49,37.74,36.12,36.7,49.09
2016-06-07 14:26:00-05:00,1050.2303,1040.0112,502899.0,33.94,0.0,1029.0,24.76,318.7,275.7,274.9,272.3,284.7,284.0,284.7,317.6,814.0,60.13,234.3,1380592.0,316.3,258.3,5.0,0.0,0.0,0.0,0.0,0.0,0.0,0.0,0.0,24.64,34.52,1020.0,291.5,286.8,292.8,60.0,59.9,74.7,0.0,271.4,271.0,273.0,234.7,29.17,236.5,601.0,1371067.0,41170.0,126468.0,0.992,0.979,0.748,0.921,113.9,114.0,112.3,112.1,114.2,112.0,94.8,36.3,36.31,35.78,35.7,36.4,35.7,30.19,42976.0,43631.0,43203.0,43051.0,43930.0,41690.0,37794.0,,0.0,0.0,,,2.0,-1.0,13.47,0.026,0.24,3.0,2.0,0.0,0.0,36.4,35.74,38.51,37.31,37.01,36.53,38.35,36.48,37.29,49.03
2016-06-07 14:27:00-05:00,1019.3413,1008.62994,502900.0,33.87,0.0,990.0,24.66,330.1,276.1,275.0,272.5,277.5,277.6,277.7,330.4,770.6,60.14,228.8,1380596.0,332.4,254.6,5.0,0.0,0.0,0.0,0.0,0.0,0.0,0.0,0.0,24.68,36.08,977.0,283.1,279.6,284.2,60.0,59.9,74.7,0.0,272.0,271.3,273.0,228.4,28.09,230.1,601.0,1371071.0,41170.0,126468.0,0.993,0.979,0.748,0.921,105.1,106.3,105.4,105.1,105.7,105.1,90.8,34.68,35.09,34.77,34.7,34.89,34.68,29.95,42977.0,43631.0,43203.0,43051.0,43930.0,41691.0,37795.0,2.233,355.9,25.58,4.3,3.528,2.0,-1.0,13.47,0.025,0.241,3.0,2.0,0.0,0.0,37.43,37.2,40.08,38.54,38.57,37.64,39.91,38.15,39.17,48.99
2016-06-07 14:28:00-05:00,992.01624,979.4901,502901.0,33.81,0.0,961.0,24.51,327.8,276.1,275.0,272.5,269.1,268.7,268.9,327.6,751.3,60.14,221.5,1380599.0,330.5,246.1,5.0,0.0,0.0,0.0,0.0,0.0,0.0,0.0,0.0,24.51,36.52,951.0,273.8,270.6,274.6,60.0,59.9,74.7,0.0,272.0,271.6,273.0,220.9,26.92,222.6,601.0,1371074.0,41170.0,126469.0,0.993,0.979,0.748,0.921,102.9,103.8,102.8,102.4,103.4,102.3,88.5,33.73,34.02,33.69,33.57,33.9,33.54,29.01,42977.0,43632.0,43204.0,43052.0,43931.0,41691.0,37795.0,,0.0,0.0,,,2.0,-1.0,13.47,0.025,0.24,3.0,2.0,0.0,0.0,37.53,38.61,41.64,39.87,39.54,39.27,41.34,39.78,40.61,49.01
2016-06-07 14:29:00-05:00,616.7134,606.8367,502902.0,33.76,0.0,582.0,24.24,323.3,274.9,274.0,271.7,168.1,168.1,168.3,322.2,478.7,60.13,137.1,1380602.0,325.6,154.0,5.0,0.0,0.0,0.0,0.0,0.0,0.0,0.0,0.0,24.33,36.23,562.6,166.2,166.4,166.4,60.0,59.9,74.7,0.0,272.0,271.8,273.0,134.8,13.31,135.5,601.0,1371077.0,41170.0,126469.0,0.996,0.979,0.748,0.921,59.48,61.25,62.93,64.11,64.23,60.98,57.24,19.24,19.81,20.33,20.69,20.75,19.7,18.47,42977.0,43632.0,43204.0,43052.0,43931.0,41691.0,37795.0,2.69,303.8,17.94,4.4,3.528,2.0,-1.0,13.47,0.025,0.236,3.0,2.0,0.0,0.0,36.94,38.78,42.04,40.55,40.78,38.88,41.76,39.74,41.31,49.06
2016-06-07 14:30:00-05:00,600.31836,586.10254,502903.0,33.71,0.0,582.0,24.2,319.6,274.9,274.1,271.9,159.2,159.1,159.4,319.5,456.3,60.15,129.6,1380604.0,323.3,145.1,5.0,0.0,0.0,0.0,0.0,0.0,0.0,0.0,0.0,24.19,34.51,579.6,160.2,160.3,160.2,60.0,59.9,74.7,0.0,272.0,272.0,273.1,129.9,12.49,130.6,601.0,1371079.0,41170.0,126469.0,0.996,0.979,0.748,0.921,63.36,64.22,62.86,62.35,62.38,62.04,52.4,20.18,20.44,20.0,19.82,19.84,19.75,16.65,42978.0,43633.0,43204.0,43053.0,43932.0,41692.0,37796.0,2.567,316.1,20.25,4.9,3.528,2.0,-1.0,13.47,0.089,0.232,3.0,2.0,0.0,0.0,35.01,37.39,40.31,39.12,39.33,37.12,39.86,37.79,39.81,48.99
2016-06-07 14:31:00-05:00,962.3152,955.9541,502904.0,33.66,0.0,937.0,24.11,320.1,275.9,274.9,272.4,263.7,262.7,263.3,319.0,750.2,60.15,216.7,1380607.0,320.8,239.2,5.0,0.0,0.0,0.0,0.0,0.0,0.0,0.0,0.0,24.08,34.67,927.0,268.0,264.4,268.5,60.0,59.9,74.7,0.0,272.0,271.5,273.0,216.1,26.18,217.6,601.0,1371082.0,41170.0,126470.0,0.993,0.979,0.748,0.921,102.5,103.3,102.4,102.6,103.5,101.7,88.4,32.81,33.07,32.78,32.84,33.12,32.55,28.29,42978.0,43633.0,43205.0,43053.0,43932.0,41692.0,37796.0,,0.0,0.0,,,2.5,-1.0,13.51,0.067,0.239,3.0,2.0,0.0,0.0,35.59,37.08,40.58,39.07,39.51,37.65,40.29,38.27,40.12,48.96
2016-06-07 14:32:00-05:00,920.25854,913.3651,502905.0,33.61,0.0,896.0,23.83,330.0,276.0,274.7,272.3,253.1,252.4,252.6,329.3,699.9,60.14,207.8,1380611.0,331.0,230.4,5.0,0.0,0.0,0.0,0.0,0.0,0.0,0.0,0.0,23.87,35.01,886.0,256.3,253.7,256.5,60.0,59.9,74.7,0.0,272.0,271.6,273.0,206.8,24.72,208.3,601.0,1371086.0,41170.0,126470.0,0.993,0.979,0.748,0.921,95.0,96.4,95.5,95.4,96.5,94.2,82.3,31.33,31.8,31.5,31.47,31.83,31.08,27.15,42979.0,43633.0,43205.0,43053.0,43933.0,41693.0,37797.0,,0.0,0.0,,,2.0,-1.0,13.51,0.041,0.238,3.0,2.0,0.0,0.0,35.93,37.86,41.27,39.97,40.14,38.41,41.09,39.01,40.41,48.9
2016-06-07 14:33:00-05:00,906.1207,899.91595,502906.0,33.56,0.0,882.0,24.05,324.9,275.6,274.9,272.4,249.8,248.7,249.2,323.8,699.9,60.14,204.9,1380614.0,325.7,226.6,5.0,0.0,0.0,0.0,0.0,0.0,0.0,0.0,0.0,24.0,35.9,871.0,252.6,250.0,252.7,60.0,59.9,74.7,0.0,272.0,271.8,273.0,203.9,24.23,205.3,601.0,1371089.0,41170.0,126471.0,0.993,0.979,0.748,0.921,95.4,95.9,95.4,95.7,96.2,94.3,82.3,31.01,31.17,31.01,31.1,31.25,30.64,26.73,42979.0,43634.0,43206.0,43054.0,43933.0,41693.0,37797.0,2.49,328.1,21.17,3.8,3.53,2.0,-1.0,13.51,0.034,0.238,3.0,2.0,0.0,0.0,37.02,38.58,41.42,39.8,40.57,38.59,41.01,38.86,40.6,48.9
2016-06-07 14:34:00-05:00,813.3346,806.8927,502907.0,33.5,0.0,790.3,24.38,326.9,275.7,274.5,272.1,226.9,225.8,226.1,325.5,629.0,60.16,185.6,1380617.0,329.4,204.7,5.0,0.0,0.0,0.0,0.0,0.0,0.0,0.0,0.0,24.41,36.7,776.8,227.2,226.4,226.9,60.0,59.9,74.7,0.0,272.0,271.6,273.0,183.7,21.09,185.0,601.0,1371092.0,41170.0,126471.0,0.993,0.979,0.748,0.921,85.3,85.7,85.1,85.2,85.5,84.5,73.4,27.88,28.01,27.82,27.85,27.95,27.6,23.98,42980.0,43634.0,43206.0,43054.0,43933.0,41694.0,37798.0,2.95,335.3,21.59,4.6,3.53,2.0,-1.0,13.51,0.032,0.237,3.0,2.0,0.0,0.0,37.76,39.04,41.75,40.27,40.91,39.17,41.44,39.35,40.54,48.8
2016-06-07 14:35:00-05:00,693.6986,688.76434,502908.0,33.47,0.0,670.7,24.2,334.0,275.2,274.2,271.9,195.3,194.4,194.8,333.3,530.4,60.14,159.2,1380620.0,335.2,176.6,5.0,0.0,0.0,0.0,0.0,0.0,0.0,0.0,0.0,24.18,36.69,657.4,192.9,193.9,192.5,60.0,59.9,74.7,0.0,272.0,271.7,273.0,156.5,16.67,157.4,601.0,1371095.0,41170.0,126471.0,0.994,0.979,0.748,0.921,71.62,71.39,70.81,70.33,70.38,70.7,60.28,23.9,23.82,23.63,23.46,23.48,23.59,20.11,42980.0,43635.0,43207.0,43055.0,43934.0,41694.0,37798.0,2.465,353.2,17.13,3.6,3.53,2.0,-1.0,13.5,0.03,0.235,3.0,2.0,0.0,0.0,37.71,39.43,41.84,40.42,40.6,39.54,41.49,39.37,40.25,48.78
2016-06-07 14:36:00-05:00,597.22943,590.80975,502909.0,33.42,0.0,582.7,24.34,332.1,275.2,275.0,272.6,170.3,169.8,170.1,331.8,465.5,60.14,138.8,1380622.0,332.4,154.4,5.0,0.0,0.0,0.0,0.0,0.0,0.0,0.0,0.0,24.22,36.56,573.3,167.7,169.7,167.4,60.0,59.9,74.7,0.0,272.6,272.3,273.9,136.8,13.45,137.4,601.0,1371097.0,41170.0,126471.0,0.995,0.979,0.748,0.921,62.48,62.63,62.46,62.12,62.25,61.74,53.49,20.75,20.8,20.74,20.62,20.67,20.5,17.76,42980.0,43635.0,43207.0,43055.0,43934.0,41694.0,37798.0,2.725,347.0,18.25,4.0,3.53,2.0,-1.0,13.51,0.03,0.234,3.0,2.0,0.0,0.0,37.71,39.41,41.41,40.09,40.15,38.81,40.84,38.87,39.59,48.7
2016-06-07 14:37:00-05:00,332.41458,328.21518,502910.0,33.39,0.0,315.7,24.69,335.2,275.2,274.2,272.1,93.7,94.2,94.3,334.9,267.4,60.17,75.2,1380623.0,335.6,89.3,5.0,0.0,0.0,0.0,0.0,0.0,0.0,0.0,0.0,24.74,36.29,302.4,89.6,91.6,89.3,60.0,59.9,74.7,0.0,273.0,272.7,274.0,73.41,3.493,73.52,601.0,1371099.0,41170.0,126472.0,0.999,0.979,0.748,0.921,33.45,32.73,33.06,32.58,31.89,33.05,27.96,11.17,10.93,11.04,10.88,10.65,11.04,9.34,42981.0,43635.0,43207.0,43055.0,43934.0,41695.0,37798.0,1.792,352.1,27.41,3.3,3.53,2.0,-1.0,13.5,0.029,0.231,3.0,2.0,0.0,0.0,37.36,38.56,40.27,39.12,39.04,37.85,39.63,37.88,38.58,48.6
2016-06-07 14:38:00-05:00,241.76686,236.98517,502911.0,33.34,0.0,232.6,24.74,335.5,274.7,274.1,272.0,68.58,69.28,69.32,334.9,202.3,60.19,54.31,1380624.0,337.0,67.73,5.0,0.0,0.0,0.0,0.0,0.0,0.0,0.0,0.0,24.76,34.97,226.5,65.51,67.4,65.1,60.0,59.9,74.7,0.0,272.9,272.7,274.0,53.69,0.499,53.69,601.0,1371099.0,41170.0,126472.0,0.9,0.979,0.748,0.921,23.98,24.12,24.23,24.3,24.27,23.77,21.05,8.04,8.09,8.13,8.15,8.14,7.974,7.06,42981.0,43636.0,43207.0,43056.0,43935.0,41695.0,37798.0,1.622,354.0,21.47,3.1,3.53,2.0,-1.0,13.5,0.029,0.229,3.0,2.0,0.0,0.0,35.76,37.35,38.69,37.68,37.8,36.59,38.11,36.12,37.04,48.6
2016-06-07 14:39:00-05:00,253.29086,246.51164,502912.0,33.3,0.0,246.0,24.53,320.2,275.0,274.2,272.1,72.34,73.15,73.13,319.9,219.9,60.19,57.54,1380625.0,321.6,70.3,5.0,0.0,0.0,0.0,0.0,0.0,0.0,0.0,0.0,24.51,33.21,243.4,69.57,71.61,69.26,60.0,59.9,74.7,0.0,273.0,273.0,274.0,57.11,0.983,57.12,601.0,1371100.0,41170.0,126472.0,1.0,0.979,0.748,0.921,26.84,27.18,26.98,27.04,27.42,26.61,23.39,8.59,8.7,8.63,8.65,8.77,8.51,7.484,42981.0,43636.0,43208.0,43056.0,43935.0,41695.0,37799.0,1.513,354.5,20.54,2.4,3.53,2.0,-1.0,13.5,0.029,0.228,3.0,2.0,0.0,0.0,34.05,36.1,37.17,36.12,36.53,34.87,36.48,34.9,35.76,48.62
2016-06-07 14:40:00-05:00,294.75357,284.72964,502913.0,33.23,0.0,284.2,24.1,314.6,275.1,274.4,272.3,83.2,84.0,84.0,313.1,252.7,60.21,66.67,1380626.0,315.5,79.08,5.0,0.0,0.0,0.0,0.0,0.0,0.0,0.0,0.0,24.03,32.11,279.6,80.1,82.4,79.93,60.0,59.9,74.7,0.0,273.0,273.0,274.0,65.85,2.324,65.89,601.0,1371101.0,41170.0,126472.0,0.999,0.979,0.748,0.921,31.69,31.71,31.51,31.39,31.41,31.44,26.98,9.96,9.97,9.91,9.87,9.87,9.88,8.48,42981.0,43636.0,43208.0,43056.0,43935.0,41695.0,37799.0,1.827,351.0,11.16,2.4,3.53,2.0,-1.0,13.5,0.029,0.229,3.0,2.0,0.0,0.0,32.92,34.92,36.38,35.49,36.14,34.82,35.9,34.5,35.01,48.6
2016-06-07 14:41:00-05:00,267.5474,255.58983,502914.0,33.16,0.0,257.2,23.97,326.6,275.2,274.4,272.3,77.16,78.09,78.06,325.8,229.0,60.14,61.67,1380627.0,328.2,74.62,5.0,0.0,0.0,0.0,0.0,0.0,0.0,0.0,0.0,23.88,31.17,253.1,74.28,76.37,74.02,60.0,59.9,74.7,0.0,273.0,273.0,274.0,61.02,1.561,61.04,601.0,1371102.0,41170.0,126472.0,1.0,0.979,0.748,0.921,27.99,28.17,28.25,28.25,28.31,27.82,24.46,9.14,9.2,9.23,9.23,9.25,9.08,7.988,42982.0,43636.0,43208.0,43056.0,43935.0,41696.0,37799.0,1.847,353.0,30.27,3.3,3.527,2.0,-1.0,13.51,0.028,0.229,3.0,2.0,0.0,0.0,31.72,34.17,35.6,35.11,35.46,34.55,35.38,34.14,34.14,48.63
2016-06-07 14:42:00-05:00,267.5474,255.36566,502915.0,33.09,0.0,258.3,24.19,334.3,275.3,274.6,272.5,78.25,79.09,79.09,333.5,227.9,60.14,62.56,1380628.0,334.7,75.98,5.0,0.0,0.0,0.0,0.0,0.0,0.0,0.0,0.0,24.08,31.05,253.7,75.33,77.37,75.06,60.0,59.9,74.7,0.0,273.0,273.0,274.4,61.9,1.7,61.93,601.0,1371104.0,41170.0,126472.0,1.0,0.979,0.748,0.921,27.75,27.83,27.9,28.1,28.11,27.62,24.23,9.27,9.3,9.33,9.39,9.4,9.23,8.1,42982.0,43637.0,43208.0,43057.0,43936.0,41696.0,37799.0,1.825,4.051,21.47,3.4,3.53,2.0,-1.0,13.5,0.028,0.229,3.0,2.0,0.0,0.0,31.59,33.68,34.91,34.38,34.42,34.04,34.66,33.49,33.36,48.72
2016-06-07 14:43:00-05:00,251.50882,238.77838,502916.0,33.01,0.0,243.6,24.27,340.4,275.1,274.7,272.5,74.04,74.8,74.8,340.1,214.1,60.13,59.01,1380629.0,341.8,72.8,5.0,0.0,0.0,0.0,0.0,0.0,0.0,0.0,0.0,24.15,30.86,240.7,71.07,73.01,70.7,60.0,59.9,74.7,0.0,273.0,273.0,274.8,58.37,1.168,58.39,601.0,1371104.0,41170.0,126472.0,1.0,0.979,0.748,0.921,25.76,25.94,25.89,25.92,26.05,25.61,22.41,8.77,8.83,8.81,8.82,8.86,8.72,7.626,42982.0,43637.0,43209.0,43057.0,43936.0,41696.0,37800.0,1.937,336.4,19.14,3.3,3.53,2.0,-1.0,13.51,0.028,0.228,3.0,2.0,0.0,0.0,31.45,32.83,34.27,33.81,33.65,33.61,34.01,32.85,32.62,48.82
2016-06-07 14:44:00-05:00,240.57881,227.68285,502917.0,32.92,0.0,234.6,24.13,339.4,275.3,274.6,272.5,71.52,72.41,72.37,338.6,208.3,60.15,56.99,1380630.0,339.7,70.52,5.0,0.0,0.0,0.0,0.0,0.0,0.0,0.0,0.0,23.97,29.99,232.2,68.63,70.62,68.32,60.0,59.9,74.7,0.0,273.0,273.0,274.9,56.41,0.893,56.42,601.0,1371105.0,41170.0,126472.0,1.0,0.979,0.748,0.921,25.0,25.13,25.08,25.23,25.31,24.83,21.73,8.48,8.53,8.51,8.56,8.59,8.42,7.372,42982.0,43637.0,43209.0,43057.0,43936.0,41696.0,37800.0,1.968,337.4,22.93,3.5,3.53,2.0,-1.0,13.5,0.028,0.228,3.0,2.0,0.0,0.0,30.66,32.15,33.38,33.15,33.33,32.64,33.32,32.1,31.98,48.82
2016-06-07 14:45:00-05:00,232.85652,220.50996,502918.0,32.84,0.0,229.3,23.72,338.6,275.6,274.5,272.5,70.3,71.12,71.11,337.9,205.4,60.15,55.93,1380631.0,339.6,69.39,5.0,0.0,0.0,0.0,0.0,0.0,0.0,0.0,0.0,23.52,29.18,227.2,67.41,69.4,67.07,60.0,59.9,74.7,0.0,273.0,273.0,275.0,55.4,0.747,55.41,601.0,1371106.0,41170.0,126472.0,1.0,0.979,0.748,0.921,24.57,24.75,24.74,24.75,24.86,24.42,21.42,8.32,8.38,8.37,8.38,8.42,8.27,7.251,42983.0,43637.0,43209.0,43057.0,43936.0,41696.0,37800.0,1.845,347.9,18.15,2.8,3.53,2.0,-1.0,13.5,0.028,0.228,3.0,2.0,0.0,0.0,29.82,31.22,32.44,32.28,32.28,32.03,32.65,31.47,31.34,48.82
2016-06-07 14:46:00-05:00,229.53001,217.4839,502919.0,32.74,0.0,227.7,23.68,339.4,275.4,274.6,272.6,70.03,70.86,70.83,338.8,204.0,60.15,55.72,1380632.0,340.5,69.13,5.0,0.0,0.0,0.0,0.0,0.0,0.0,0.0,0.0,23.44,28.39,225.6,67.17,69.15,66.81,60.0,59.9,74.7,0.0,273.0,273.0,275.0,55.21,0.726,55.22,601.0,1371107.0,41170.0,126472.0,1.0,0.979,0.748,0.921,24.46,24.61,24.6,24.6,24.76,24.31,21.26,8.3,8.35,8.35,8.35,8.4,8.25,7.215,42983.0,43637.0,43209.0,43058.0,43937.0,41697.0,37800.0,1.658,27.27,22.13,2.9,3.53,2.0,-1.0,13.5,0.028,0.228,3.0,2.0,0.0,0.0,28.93,30.64,31.71,31.68,31.4,31.76,32.01,30.9,30.71,48.77
2016-06-07 14:47:00-05:00,223.5898,212.10425,502920.0,32.65,0.0,223.4,23.99,342.3,275.3,274.6,272.7,68.94,69.81,69.72,341.6,200.0,60.14,54.81,1380633.0,343.4,68.31,5.0,0.0,0.0,0.0,0.0,0.0,0.0,0.0,0.0,23.83,28.18,221.1,66.03,68.0,65.63,60.0,59.9,74.7,0.0,273.2,273.0,275.0,54.26,0.583,54.26,601.0,1371108.0,41170.0,126472.0,1.0,0.979,0.748,0.921,23.85,23.99,23.96,23.98,24.11,23.74,20.73,8.16,8.21,8.2,8.21,8.25,8.12,7.096,42983.0,43638.0,43210.0,43058.0,43937.0,41697.0,37800.0,1.617,2.406,34.75,4.1,3.53,2.0,-1.0,13.5,0.028,0.228,3.0,2.0,0.0,0.0,28.7,30.22,31.29,31.04,30.93,31.41,31.63,30.73,30.27,48.72
2016-06-07 14:48:00-05:00,212.7786,202.3536,502921.0,32.54,0.0,214.4,24.17,344.5,275.5,274.6,272.6,66.33,67.26,67.12,344.1,192.4,60.15,52.65,1380634.0,345.5,66.21,5.0,0.0,0.0,0.0,0.0,0.0,0.0,0.0,0.0,23.95,27.81,212.5,63.41,65.37,63.0,60.0,59.9,74.7,0.0,273.1,273.0,275.0,52.1,0.257,52.1,601.0,1371109.0,41170.0,126472.0,1.0,0.979,0.748,0.921,22.79,22.86,22.91,22.98,23.01,22.6,19.79,7.849,7.873,7.892,7.914,7.925,7.785,6.815,42983.0,43638.0,43210.0,43058.0,43937.0,41697.0,37800.0,1.737,13.19,24.06,3.8,3.526,2.0,-1.0,13.5,0.027,0.228,3.0,2.0,0.0,0.0,28.21,29.78,30.47,30.31,30.16,30.72,30.98,29.98,29.74,48.7
2016-06-07 14:49:00-05:00,202.3238,193.16336,502922.0,32.43,0.0,206.2,23.83,344.5,275.3,274.9,272.9,63.96,64.87,64.73,343.9,186.3,60.18,50.69,1380635.0,345.7,64.07,5.0,0.0,0.0,0.0,0.0,0.0,0.0,0.0,0.0,23.64,27.09,204.8,61.0,62.95,60.57,60.0,59.9,74.7,0.0,273.6,273.1,275.0,50.14,-0.029,50.14,601.0,1371110.0,41170.0,126472.0,0.133,0.979,0.748,0.921,21.91,22.02,22.08,22.11,22.14,21.78,19.08,7.547,7.585,7.607,7.617,7.626,7.501,6.572,42983.0,43638.0,43210.0,43058.0,43937.0,41697.0,37800.0,1.91,341.0,25.19,3.1,3.53,2.0,-1.0,13.5,0.027,0.228,3.0,2.0,0.0,0.0,27.4,29.32,29.62,29.67,29.43,30.08,30.29,29.2,29.07,48.64
2016-06-07 14:50:00-05:00,193.05707,185.4301,502923.0,32.32,0.0,199.8,23.76,344.7,275.5,274.9,272.9,62.25,63.14,63.01,344.1,181.9,60.19,49.28,1380636.0,346.7,62.59,5.0,0.0,0.0,0.0,0.0,0.0,0.0,0.0,0.0,23.53,26.34,198.5,59.23,61.2,58.78,60.0,59.9,74.7,0.0,274.0,273.4,275.0,48.72,-0.194,48.72,601.0,1371111.0,41170.0,126472.0,-0.767,0.979,0.748,0.921,21.23,21.37,21.44,21.48,21.5,21.07,18.6,7.317,7.365,7.39,7.404,7.412,7.263,6.409,42984.0,43638.0,43210.0,43058.0,43938.0,41698.0,37800.0,2.385,330.2,22.1,3.7,3.53,2.0,-1.0,13.5,0.027,0.228,3.0,2.0,0.0,0.0,26.63,28.56,28.79,28.92,28.81,28.97,29.44,28.29,28.23,48.67
2016-06-07 14:51:00-05:00,183.67152,178.03307,502924.0,32.2,0.0,193.3,23.57,345.9,275.6,274.9,272.9,60.55,61.45,61.35,344.8,177.2,60.14,47.88,1380637.0,348.0,61.1,5.0,0.0,0.0,0.0,0.0,0.0,0.0,0.0,0.0,23.32,25.41,192.6,57.55,59.48,57.12,60.0,59.9,74.7,0.0,273.9,273.4,275.0,47.33,-0.409,47.34,601.0,1371111.0,41170.0,126472.0,-1.0,0.979,0.748,0.921,20.56,20.67,20.69,20.85,20.87,20.37,17.98,7.113,7.151,7.157,7.212,7.221,7.046,6.219,42984.0,43639.0,43211.0,43059.0,43938.0,41698.0,37800.0,1.417,360.0,35.22,2.3,3.53,2.0,-1.0,13.5,0.027,0.228,3.0,2.0,0.0,0.0,25.67,27.6,27.93,27.95,27.98,28.06,28.37,27.52,27.37,48.57
2016-06-07 14:52:00-05:00,176.42445,172.54134,502925.0,32.06,0.0,188.1,23.57,346.0,276.0,275.2,273.2,59.16,60.11,59.96,345.3,173.7,60.18,46.78,1380637.0,347.5,59.99,5.0,0.0,0.0,0.0,0.0,0.0,0.0,0.0,0.0,23.36,24.75,188.7,56.18,58.14,55.73,60.0,59.9,74.7,0.0,274.0,274.0,275.1,46.26,-0.578,46.27,601.0,1371112.0,41170.0,126472.0,-1.0,0.979,0.748,0.921,20.07,20.26,20.28,20.33,20.42,19.97,17.61,6.943,7.01,7.018,7.035,7.066,6.908,6.092,42984.0,43639.0,43211.0,43059.0,43938.0,41698.0,37800.0,2.388,322.6,11.52,3.3,3.53,2.0,-1.0,13.51,0.027,0.227,3.0,2.0,0.0,0.0,25.08,26.84,27.09,27.17,27.23,27.43,27.52,26.71,26.54,48.47
2016-06-07 14:53:00-05:00,176.42445,174.22249,502926.0,31.91,0.0,189.6,23.37,344.3,275.9,275.2,273.1,59.99,60.89,60.79,344.0,176.2,60.2,47.46,1380638.0,346.1,60.63,5.0,0.0,0.0,0.0,0.0,0.0,0.0,0.0,0.0,23.16,24.27,191.4,56.96,58.96,56.53,60.0,59.9,74.7,0.0,274.0,274.0,275.1,46.92,-0.46,46.92,601.0,1371113.0,41170.0,126472.0,-1.0,0.979,0.748,0.921,20.44,20.74,20.69,20.7,20.83,20.38,17.97,7.036,7.14,7.122,7.126,7.171,7.018,6.187,42984.0,43639.0,43211.0,43059.0,43938.0,41698.0,37800.0,0.947,336.8,38.53,1.7,3.53,2.0,-1.0,13.5,0.027,0.227,3.0,2.0,0.0,0.0,24.55,26.18,26.4,26.39,26.55,26.88,26.71,25.98,25.92,48.34
2016-06-07 14:54:00-05:00,187.71088,185.76633,502927.0,31.76,0.0,201.3,23.34,342.0,275.9,275.3,273.2,63.59,64.57,64.4,342.2,186.3,60.14,50.5,1380639.0,342.8,63.73,5.0,0.0,0.0,0.0,0.0,0.0,0.0,0.0,0.0,23.15,23.94,203.4,60.74,62.73,60.37,60.0,59.9,74.7,0.0,274.0,274.0,275.0,50.05,-0.055,50.05,601.0,1371114.0,41170.0,126472.0,-0.067,0.979,0.748,0.921,22.0,22.25,22.09,22.22,22.44,21.84,19.16,7.522,7.609,7.554,7.597,7.674,7.47,6.553,42984.0,43639.0,43211.0,43059.0,43938.0,41698.0,37800.0,1.395,310.4,12.52,1.9,3.53,2.0,-1.0,13.5,0.027,0.227,3.0,2.0,0.0,0.0,24.23,25.66,25.88,25.79,26.1,26.23,26.11,25.59,25.77,48.25
2016-06-07 14:55:00-05:00,219.43163,217.59598,502928.0,31.6,0.0,232.8,23.36,333.9,276.1,275.3,273.2,72.33,73.29,73.17,333.6,212.5,60.13,57.83,1380640.0,335.6,70.84,5.0,0.0,0.0,0.0,0.0,0.0,0.0,0.0,0.0,23.2,23.69,236.3,69.6,71.7,69.3,60.0,59.9,74.7,0.0,274.0,274.0,275.2,57.4,1.042,57.41,601.0,1371115.0,41170.0,126472.0,1.0,0.979,0.748,0.921,25.89,26.29,26.0,26.05,26.4,25.69,22.48,8.63,8.77,8.67,8.69,8.81,8.57,7.497,42984.0,43639.0,43211.0,43059.0,43939.0,41698.0,37801.0,1.637,315.4,21.11,2.7,3.53,2.0,-1.0,13.5,0.027,0.228,3.0,2.0,0.0,0.0,24.05,25.28,25.48,25.5,25.82,25.8,25.72,25.29,25.51,48.11
2016-06-07 14:56:00-05:00,324.21707,321.37857,502929.0,31.45,0.0,336.2,23.55,313.9,275.7,274.9,272.8,99.7,100.5,100.5,313.6,295.1,60.15,80.5,1380641.0,314.6,92.4,5.0,0.0,0.0,0.0,0.0,0.0,0.0,0.0,0.0,23.42,24.01,338.9,96.8,99.3,96.8,60.0,59.9,74.7,0.0,273.1,273.1,274.8,79.69,4.484,79.82,601.0,1371116.0,41170.0,126472.0,0.998,0.979,0.748,0.921,38.23,38.73,38.38,38.41,38.8,38.0,33.08,11.98,12.13,12.02,12.03,12.16,11.9,10.36,42985.0,43640.0,43211.0,43060.0,43939.0,41698.0,37801.0,1.337,327.5,21.67,2.5,3.53,2.0,-1.0,13.5,0.027,0.229,3.0,2.0,0.0,0.0,24.44,25.18,25.5,25.37,25.58,25.86,25.7,25.28,25.45,47.97
2016-06-07 14:57:00-05:00,782.68304,773.26984,502930.0,31.29,0.0,787.7,23.79,357.1,276.2,275.0,272.9,123.1,122.7,123.1,355.3,360.7,60.18,101.0,1380643.0,357.0,110.5,4.65,0.0,0.0,0.0,0.0,0.0,0.0,0.0,0.0,23.65,25.22,806.0,128.2,128.2,128.4,60.0,59.9,74.7,0.0,273.1,273.0,274.8,100.2,7.762,103.8,601.0,1371118.0,41171.0,126472.0,0.645,0.979,0.748,0.921,51.22,52.19,49.93,49.12,50.81,49.39,41.56,15.71,16.07,15.39,15.12,15.63,15.13,12.8,42985.0,43640.0,43212.0,43060.0,43939.0,41699.0,37801.0,1.665,305.0,14.73,2.5,3.53,2.0,-1.0,13.5,0.027,0.235,3.0,2.0,0.0,0.0,26.12,25.85,26.7,26.28,26.48,26.89,26.92,26.43,26.6,47.86
2016-06-07 14:58:00-05:00,946.8706,944.7464,502931.0,31.16,0.0,938.0,24.2,399.1,276.8,275.8,273.5,198.9,198.1,198.2,398.6,460.9,60.22,163.1,1380646.0,400.1,183.3,5.0,0.0,0.0,0.0,0.0,0.0,0.0,0.0,0.0,24.13,28.08,932.0,198.6,199.8,198.1,60.0,59.9,74.7,0.0,273.1,273.0,275.0,162.0,17.73,162.9,601.0,1371121.0,41171.0,126472.0,0.994,0.979,0.748,0.921,61.88,63.48,62.63,61.58,62.32,60.52,53.7,24.65,25.29,24.95,24.53,24.82,24.11,21.39,42985.0,43640.0,43212.0,43060.0,43939.0,41699.0,37801.0,1.187,304.4,24.49,1.9,3.531,2.0,-1.0,13.51,0.027,0.238,3.0,2.0,0.0,0.0,29.49,28.09,29.71,28.78,29.27,29.33,29.87,29.34,29.83,47.81
2016-06-07 14:59:00-05:00,922.8722,924.57275,502932.0,31.04,0.0,914.0,24.39,376.3,277.1,276.1,273.7,240.6,240.2,240.4,375.9,588.9,60.24,198.6,1380649.0,377.9,221.2,5.0,0.0,0.0,0.0,0.0,0.0,0.0,0.0,0.0,24.46,30.38,908.0,243.1,242.2,243.2,60.0,59.9,74.7,0.0,273.0,273.0,274.9,197.6,23.52,199.0,601.0,1371124.0,41171.0,126473.0,0.993,0.979,0.748,0.921,80.3,81.3,80.0,79.89,80.8,78.86,69.0,30.18,30.55,30.08,30.03,30.39,29.65,25.94,42986.0,43641.0,43213.0,43061.0,43940.0,41700.0,37802.0,1.713,310.8,8.93,2.3,3.53,2.0,-1.0,13.5,0.026,0.238,3.0,2.0,0.0,0.0,31.76,30.32,31.82,31.09,31.48,31.28,31.79,31.73,32.22,47.69
2016-06-07 15:00:00-05:00,900.65576,906.6405,502933.0,30.95,0.0,894.0,24.9,353.8,277.2,276.1,273.6,256.3,256.2,256.3,353.1,666.9,60.23,211.9,1380652.0,355.3,235.4,5.0,0.0,0.0,0.0,0.0,0.0,0.0,0.0,0.0,25.0,32.45,886.0,260.2,258.1,260.6,60.0,59.9,74.7,0.0,273.0,273.0,274.4,211.1,25.6,212.7,601.0,1371127.0,41171.0,126473.0,0.993,0.979,0.748,0.921,90.9,91.8,90.5,90.7,91.4,90.3,78.08,32.14,32.47,32.0,32.07,32.34,31.92,27.61,42986.0,43641.0,43213.0,43061.0,43940.0,41700.0,37802.0,1.918,312.1,12.85,2.8,3.528,2.0,-1.0,13.5,0.026,0.238,3.0,2.0,0.0,0.0,33.76,31.87,33.65,32.94,33.28,32.78,33.25,33.76,33.99,47.68
2016-06-07 15:01:00-05:00,876.0633,885.68225,502934.0,30.89,0.0,869.0,25.13,339.9,277.3,276.0,273.5,253.7,252.9,253.2,339.8,684.8,60.2,209.3,1380656.0,340.7,232.7,5.0,0.0,0.0,0.0,0.0,0.0,0.0,0.0,0.0,25.23,33.94,861.0,256.8,254.4,257.0,60.0,59.9,74.7,0.0,273.0,273.0,274.5,208.3,25.09,209.8,601.0,1371131.0,41171.0,126474.0,0.993,0.979,0.748,0.921,93.0,93.5,93.4,93.5,93.5,92.5,80.4,31.59,31.79,31.74,31.76,31.77,31.44,27.32,42987.0,43642.0,43213.0,43062.0,43941.0,41701.0,37803.0,1.703,309.7,30.06,3.0,3.528,2.0,-1.0,13.5,0.026,0.237,3.0,2.0,0.0,0.0,35.37,33.3,35.48,34.51,34.64,33.99,34.55,35.21,35.68,47.58
2016-06-07 15:02:00-05:00,838.04584,850.2662,502935.0,30.85,0.0,832.0,25.2,340.5,276.6,275.9,273.4,242.2,241.2,241.5,339.2,650.9,60.17,199.3,1380659.0,342.5,220.8,5.0,0.0,0.0,0.0,0.0,0.0,0.0,0.0,0.0,25.22,35.01,823.0,244.1,242.4,244.1,60.0,59.9,74.7,0.0,273.0,272.8,274.0,198.0,23.45,199.4,601.0,1371134.0,41171.0,126474.0,0.993,0.979,0.748,0.921,88.2,89.1,88.6,88.0,88.7,87.9,76.23,30.01,30.33,30.17,29.96,30.18,29.93,25.95,42987.0,43642.0,43214.0,43062.0,43941.0,41701.0,37803.0,2.472,299.9,12.82,4.0,3.53,2.0,-1.0,13.51,0.029,0.237,3.0,2.0,0.0,0.0,36.35,34.62,36.93,35.9,36.01,35.08,35.82,36.46,37.17,47.5
2016-06-07 15:03:00-05:00,813.80975,826.50604,502936.0,30.83,0.0,808.0,25.43,336.2,276.3,275.3,272.9,235.3,234.2,234.5,335.5,637.7,60.2,193.1,1380662.0,337.9,213.9,5.0,0.0,0.0,0.0,0.0,0.0,0.0,0.0,0.0,25.51,36.06,799.6,236.6,235.4,236.4,60.0,59.9,74.7,0.0,272.6,272.1,273.6,191.6,22.52,192.9,601.0,1371137.0,41171.0,126474.0,0.993,0.979,0.748,0.921,86.4,87.1,86.7,86.5,86.9,86.0,74.57,29.05,29.3,29.14,29.08,29.21,28.91,25.07,42988.0,43643.0,43214.0,43063.0,43942.0,41701.0,37804.0,2.152,312.8,12.03,3.6,3.528,2.0,-1.0,13.54,0.091,0.236,3.0,2.0,0.0,0.0,37.28,35.82,38.18,37.14,37.29,36.08,36.91,37.47,38.05,47.5
2016-06-07 15:04:00-05:00,809.0576,821.01434,502937.0,30.81,0.0,804.0,25.66,332.0,276.1,274.7,272.3,232.9,231.9,232.2,332.0,637.2,60.14,190.8,1380665.0,333.7,211.5,5.0,0.0,0.0,0.0,0.0,0.0,0.0,0.0,0.0,25.73,37.47,793.3,234.0,232.8,233.7,60.0,59.9,74.7,0.0,272.0,272.0,273.1,189.2,22.07,190.5,601.0,1371140.0,41171.0,126475.0,0.993,0.979,0.748,0.921,86.5,86.9,86.6,86.7,87.0,85.8,74.55,28.7,28.86,28.74,28.77,28.88,28.48,24.75,42988.0,43643.0,43215.0,43063.0,43942.0,41702.0,37804.0,1.598,308.2,14.8,2.4,3.53,2.0,-1.0,13.54,0.044,0.236,3.0,2.0,0.0,0.0,38.39,36.98,39.52,38.48,38.83,37.4,38.25,39.08,39.15,47.51
2016-06-07 15:05:00-05:00,796.108,806.8927,502938.0,30.84,0.0,790.8,25.74,331.3,275.8,274.5,272.1,228.4,227.4,227.7,330.8,624.3,60.17,186.9,1380668.0,331.5,206.5,5.0,0.0,0.0,0.0,0.0,0.0,0.0,0.0,0.0,25.76,38.09,778.4,228.7,228.1,228.4,60.0,59.9,74.7,0.0,272.0,271.7,273.0,185.0,21.45,186.3,601.0,1371144.0,41171.0,126475.0,0.993,0.979,0.748,0.921,84.6,85.2,84.9,84.9,85.1,84.0,73.16,28.04,28.23,28.14,28.13,28.2,27.82,24.24,42989.0,43644.0,43215.0,43064.0,43943.0,41702.0,37805.0,2.497,280.5,16.74,4.0,3.53,2.0,-1.0,13.54,0.036,0.236,3.0,2.0,0.0,0.0,39.36,37.94,40.58,39.37,39.7,37.97,39.36,39.81,40.26,47.56
2016-06-07 15:06:00-05:00,784.5839,796.4696,502939.0,30.86,0.0,779.8,25.86,329.3,276.5,275.2,272.8,224.3,223.4,223.7,328.5,617.2,60.13,184.1,1380671.0,330.0,202.7,5.0,0.0,0.0,0.0,0.0,0.0,0.0,0.0,0.0,25.96,38.73,768.1,224.4,223.9,224.0,60.0,59.9,74.7,0.0,272.9,272.3,273.9,182.1,20.85,183.3,601.0,1371147.0,41171.0,126475.0,0.993,0.979,0.748,0.921,83.8,84.5,84.1,83.9,84.3,83.2,72.36,27.59,27.82,27.67,27.62,27.75,27.38,23.83,42989.0,43644.0,43216.0,43064.0,43943.0,41703.0,37805.0,2.6,287.8,14.5,3.5,3.53,2.0,-1.0,13.54,0.033,0.236,3.0,2.0,0.0,0.0,40.11,38.45,41.17,39.8,40.29,38.28,39.98,40.13,41.21,47.53
2016-06-07 15:07:00-05:00,777.33685,786.9431,502940.0,30.89,0.0,771.7,25.82,328.9,276.3,275.5,273.0,221.6,220.3,220.7,328.5,609.7,60.2,181.7,1380674.0,330.8,200.3,5.0,0.0,0.0,0.0,0.0,0.0,0.0,0.0,0.0,25.92,38.48,759.4,221.3,221.1,220.8,60.0,59.9,74.7,0.0,273.0,272.5,274.0,179.7,20.48,180.8,601.0,1371150.0,41171.0,126476.0,0.994,0.979,0.748,0.921,82.7,83.3,82.8,82.9,83.1,82.1,71.36,27.2,27.41,27.25,27.26,27.32,27.01,23.47,42990.0,43644.0,43216.0,43065.0,43944.0,41703.0,37806.0,3.188,308.4,9.19,4.9,3.53,2.0,-1.0,13.54,0.032,0.236,3.0,2.0,0.0,0.0,39.75,38.59,41.63,40.3,40.73,38.5,40.58,40.24,41.11,47.46
2016-06-07 15:08:00-05:00,772.34705,778.76154,502941.0,30.93,0.0,765.7,26.0,326.7,276.2,275.6,273.1,219.4,218.4,218.7,326.0,608.0,60.13,180.0,1380677.0,325.9,198.2,5.0,0.0,0.0,0.0,0.0,0.0,0.0,0.0,0.0,26.04,39.41,753.7,219.2,219.1,218.8,60.0,59.9,74.7,0.0,273.0,272.4,274.0,178.0,20.16,179.2,601.0,1371153.0,41171.0,126476.0,0.994,0.979,0.748,0.921,82.5,83.1,82.5,82.9,82.7,81.8,71.17,26.94,27.15,26.97,27.07,27.02,26.74,23.25,42990.0,43645.0,43217.0,43065.0,43944.0,41704.0,37806.0,2.428,293.8,12.24,3.3,3.53,2.0,-1.0,13.54,0.031,0.236,3.0,2.0,0.0,0.0,40.43,39.22,42.0,40.61,41.48,38.67,41.1,40.39,41.4,47.46
2016-06-07 15:09:00-05:00,768.0701,774.16644,502942.0,30.98,0.0,760.1,25.84,327.3,276.2,275.4,272.9,217.7,216.6,217.0,326.8,602.2,60.14,178.4,1380680.0,327.4,196.8,5.0,0.0,0.0,0.0,0.0,0.0,0.0,0.0,0.0,25.92,39.58,747.8,217.3,217.3,216.9,60.0,59.9,74.7,0.0,272.9,272.1,274.0,176.4,19.93,177.5,601.0,1371155.0,41171.0,126476.0,0.994,0.979,0.748,0.921,81.6,82.2,81.7,81.7,81.9,80.9,70.2,26.71,26.89,26.74,26.73,26.81,26.49,22.98,42990.0,43645.0,43217.0,43065.0,43945.0,41704.0,37807.0,2.672,301.5,13.08,4.7,3.53,2.0,-1.0,13.54,0.03,0.236,3.0,2.0,0.0,0.0,40.57,39.72,42.44,40.82,41.73,38.88,41.52,40.83,41.67,47.46
2016-06-07 15:10:00-05:00,761.17944,766.20905,502943.0,31.03,0.0,751.9,25.88,326.3,275.9,275.0,272.6,215.6,214.5,214.8,325.8,597.4,60.14,176.4,1380683.0,327.5,194.6,5.0,0.0,0.0,0.0,0.0,0.0,0.0,0.0,0.0,26.05,39.29,740.7,215.0,215.1,214.5,60.0,59.9,74.7,0.0,272.3,272.0,273.9,174.4,19.63,175.5,601.0,1371158.0,41171.0,126477.0,0.994,0.979,0.748,0.921,81.1,81.5,81.1,80.9,81.2,80.4,69.66,26.46,26.61,26.45,26.4,26.5,26.24,22.73,42991.0,43646.0,43218.0,43066.0,43945.0,41705.0,37807.0,2.997,308.1,12.45,4.1,3.53,2.0,-1.0,13.54,0.03,0.236,3.0,2.0,0.0,0.0,40.06,40.11,42.8,41.31,42.37,39.26,41.99,41.48,41.54,47.46
2016-06-07 15:11:00-05:00,760.22906,764.41583,502944.0,31.1,0.0,749.1,25.94,326.2,276.1,275.2,272.8,214.9,213.6,214.0,325.7,596.2,60.14,175.9,1380686.0,327.2,194.2,5.0,0.0,0.0,0.0,0.0,0.0,0.0,0.0,0.0,25.96,38.74,737.8,214.2,214.3,213.7,60.0,59.9,74.7,0.0,272.7,272.1,274.0,173.9,19.55,175.0,601.0,1371161.0,41171.0,126477.0,0.994,0.979,0.748,0.921,80.7,81.3,80.9,80.8,80.8,80.2,69.55,26.33,26.52,26.38,26.35,26.36,26.15,22.68,42991.0,43646.0,43218.0,43066.0,43946.0,41705.0,37807.0,3.35,276.0,16.57,5.1,3.53,2.0,-1.0,13.54,0.03,0.236,3.0,2.0,0.0,0.0,39.62,39.67,42.84,41.4,42.21,39.23,42.1,41.05,41.76,47.46
2016-06-07 15:12:00-05:00,754.76404,758.5878,502945.0,31.15,0.0,743.2,25.83,326.6,276.1,275.2,272.7,213.2,212.1,212.4,325.9,590.9,60.14,174.5,1380689.0,328.3,192.6,5.0,0.0,0.0,0.0,0.0,0.0,0.0,0.0,0.0,25.89,38.81,732.0,212.4,212.6,211.9,60.0,59.9,74.7,0.0,272.7,272.0,274.0,172.4,19.29,173.5,601.0,1371164.0,41171.0,126477.0,0.994,0.979,0.748,0.921,80.0,80.5,80.1,79.87,80.1,79.4,68.9,26.13,26.3,26.15,26.08,26.16,25.93,22.5,42992.0,43647.0,43219.0,43067.0,43946.0,41706.0,37808.0,2.84,310.0,20.12,3.6,3.53,2.0,-1.0,13.54,0.03,0.235,3.0,2.0,0.0,0.0,39.64,39.81,42.71,41.47,42.12,39.23,42.22,40.96,41.95,47.46
2016-06-07 15:13:00-05:00,748.58624,751.415,502946.0,31.21,0.0,736.3,25.98,326.1,276.1,275.1,272.7,211.1,209.9,210.2,325.4,585.4,60.13,172.7,1380692.0,328.8,190.5,5.0,0.0,0.0,0.0,0.0,0.0,0.0,0.0,0.0,26.1,39.34,725.3,210.1,210.4,209.6,60.0,59.9,74.7,0.0,272.6,272.0,274.0,170.6,19.0,171.7,601.0,1371167.0,41171.0,126478.0,0.994,0.979,0.748,0.921,79.24,79.78,79.27,79.09,79.32,78.69,68.19,25.83,26.01,25.84,25.79,25.86,25.66,22.23,42992.0,43647.0,43219.0,43067.0,43946.0,41706.0,37808.0,1.663,302.2,20.16,2.8,3.527,2.0,-1.0,13.54,0.03,0.235,3.0,2.0,0.0,0.0,40.13,40.08,43.05,41.9,42.61,39.81,42.71,41.25,41.99,47.49
2016-06-07 15:14:00-05:00,746.5665,748.501,502947.0,31.27,0.0,733.5,26.26,324.7,276.3,274.9,272.5,209.6,208.6,209.0,323.8,583.8,60.13,171.6,1380694.0,327.3,189.0,5.0,0.0,0.0,0.0,0.0,0.0,0.0,0.0,0.0,26.56,40.66,721.8,208.7,209.1,208.2,60.0,59.9,74.7,0.0,272.4,272.0,274.0,169.5,18.79,170.5,601.0,1371170.0,41171.0,126478.0,0.994,0.979,0.748,0.921,79.09,79.57,79.06,78.88,79.31,78.56,68.13,25.67,25.83,25.67,25.61,25.75,25.5,22.12,42993.0,43648.0,43220.0,43068.0,43947.0,41707.0,37809.0,1.783,300.9,13.3,2.6,3.527,2.0,-1.0,13.54,0.029,0.235,3.0,2.0,0.0,0.0,41.29,41.01,43.61,42.34,43.25,40.69,43.02,42.11,42.59,47.56
2016-06-07 15:15:00-05:00,741.5768,742.3368,502948.0,31.32,0.0,727.3,26.62,324.9,275.9,274.9,272.5,207.9,206.7,207.1,324.3,578.1,60.15,169.9,1380697.0,326.3,187.4,5.0,0.0,0.0,0.0,0.0,0.0,0.0,0.0,0.0,26.78,41.01,716.1,206.8,207.3,206.3,60.0,59.9,74.7,0.0,272.0,272.0,274.0,167.9,18.56,168.9,601.0,1371173.0,41171.0,126478.0,0.994,0.979,0.748,0.921,78.33,78.65,78.18,78.11,78.58,77.51,67.48,25.45,25.55,25.4,25.38,25.53,25.18,21.92,42993.0,43648.0,43220.0,43068.0,43947.0,41707.0,37809.0,2.433,279.9,16.85,3.8,3.53,2.0,-1.0,13.54,0.029,0.235,3.0,2.0,0.0,0.0,41.99,41.74,44.03,43.01,43.92,41.33,43.39,42.96,42.95,47.56
2016-06-07 15:16:00-05:00,738.1314,737.9658,502949.0,31.39,0.0,722.7,26.61,324.2,275.6,275.0,272.6,206.7,205.6,206.0,323.4,575.6,60.14,168.9,1380700.0,325.4,186.1,5.0,0.0,0.0,0.0,0.0,0.0,0.0,0.0,0.0,26.6,41.39,711.8,205.4,206.0,205.0,60.0,59.9,74.7,0.0,272.0,272.0,273.9,166.8,18.39,167.8,601.0,1371175.0,41171.0,126479.0,0.994,0.979,0.748,0.921,77.92,78.28,77.68,77.72,78.28,77.28,67.11,25.27,25.38,25.18,25.2,25.38,25.06,21.76,42994.0,43649.0,43220.0,43069.0,43948.0,41708.0,37810.0,2.308,289.8,16.76,3.3,3.527,2.0,-1.0,13.54,0.029,0.235,3.0,2.0,0.0,0.0,42.49,41.98,43.88,42.97,44.04,41.12,43.43,42.86,43.19,47.56
2016-06-07 15:17:00-05:00,732.5476,731.80164,502950.0,31.45,0.0,716.8,26.79,324.0,275.7,274.8,272.5,205.1,203.8,204.2,323.6,571.2,60.14,167.5,1380703.0,324.9,184.8,5.0,0.0,0.0,0.0,0.0,0.0,0.0,0.0,0.0,26.98,41.52,705.4,203.6,204.3,203.2,60.0,59.9,74.7,0.0,272.0,272.0,274.0,165.3,18.15,166.3,601.0,1371178.0,41171.0,126479.0,0.994,0.979,0.748,0.921,77.44,77.76,76.99,77.03,77.77,76.82,66.5,25.09,25.19,24.94,24.95,25.19,24.88,21.54,42994.0,43649.0,43221.0,43069.0,43948.0,41708.0,37810.0,2.712,297.1,12.09,4.6,3.527,2.0,-1.0,13.54,0.029,0.235,3.0,2.0,0.0,0.0,42.6,41.9,44.01,43.18,44.36,41.15,43.78,42.95,43.03,47.54
2016-06-07 15:18:00-05:00,727.55786,726.08575,502951.0,31.52,0.0,711.0,26.87,324.4,276.0,274.7,272.4,203.4,202.4,202.8,323.7,566.5,60.14,166.3,1380705.0,326.2,183.4,5.0,0.0,0.0,0.0,0.0,0.0,0.0,0.0,0.0,27.07,41.85,700.0,201.9,202.7,201.5,60.0,59.9,74.7,0.0,272.1,272.0,274.0,164.1,17.94,165.0,601.0,1371181.0,41171.0,126479.0,0.994,0.979,0.748,0.921,76.75,76.95,76.48,76.33,76.89,76.09,65.93,24.9,24.96,24.81,24.76,24.94,24.68,21.39,42995.0,43650.0,43221.0,43070.0,43949.0,41709.0,37811.0,1.783,326.6,15.31,3.6,3.53,2.0,-1.0,13.54,0.029,0.235,3.0,2.0,0.0,0.0,43.18,42.22,44.36,43.57,44.44,42.15,43.88,43.35,42.78,47.58
2016-06-07 15:19:00-05:00,721.6176,719.6974,502952.0,31.58,0.0,704.8,26.82,324.5,275.9,274.7,272.5,201.5,200.5,200.8,323.5,561.2,60.14,164.6,1380708.0,324.4,181.5,5.0,0.0,0.0,0.0,0.0,0.0,0.0,0.0,0.0,26.98,42.07,694.1,200.1,200.9,199.6,60.0,59.9,74.7,0.0,272.0,272.0,274.0,162.5,17.67,163.4,601.0,1371184.0,41171.0,126479.0,0.994,0.979,0.748,0.921,75.98,76.14,75.8,75.6,76.1,75.33,65.29,24.65,24.7,24.6,24.53,24.69,24.44,21.18,42995.0,43650.0,43222.0,43070.0,43949.0,41709.0,37811.0,1.763,289.7,17.31,3.3,3.528,2.0,-1.0,13.54,0.029,0.235,3.0,2.0,0.0,0.0,43.22,42.62,44.64,43.54,44.75,42.59,44.03,43.41,42.92,47.54
2016-06-07 15:20:00-05:00,718.6475,715.88684,502953.0,31.64,0.0,701.3,26.62,323.5,275.9,274.8,272.5,200.7,199.6,200.0,322.9,560.3,60.14,164.0,1380711.0,324.4,180.9,5.0,0.0,0.0,0.0,0.0,0.0,0.0,0.0,0.0,26.58,41.13,690.7,199.1,200.0,198.7,60.0,59.9,74.7,0.0,272.4,272.0,274.0,161.8,17.56,162.8,601.0,1371186.0,41171.0,126480.0,0.994,0.979,0.748,0.921,75.93,76.2,75.7,75.42,76.07,75.37,65.23,24.56,24.65,24.49,24.4,24.61,24.38,21.1,42996.0,43651.0,43222.0,43071.0,43950.0,41709.0,37812.0,3.562,279.2,8.36,4.9,3.528,2.0,-1.0,13.54,0.029,0.235,3.0,2.0,0.0,0.0,42.5,42.04,44.58,43.5,44.46,41.8,44.03,42.98,43.13,47.62
2016-06-07 15:21:00-05:00,716.50903,713.7574,502954.0,31.71,0.0,698.9,26.54,324.2,275.9,274.6,272.3,200.3,199.3,199.6,323.2,558.1,60.13,163.6,1380713.0,324.8,180.3,5.0,0.0,0.0,0.0,0.0,0.0,0.0,0.0,0.0,26.61,40.82,688.6,198.7,199.6,198.3,60.0,59.9,74.7,0.0,272.0,272.0,274.0,161.4,17.5,162.3,601.0,1371189.0,41171.0,126480.0,0.994,0.979,0.748,0.921,75.67,75.96,75.34,75.09,75.68,75.05,64.92,24.53,24.62,24.42,24.34,24.53,24.33,21.05,42996.0,43651.0,43223.0,43071.0,43950.0,41710.0,37812.0,3.308,285.3,10.35,4.5,3.528,2.0,-1.0,13.54,0.029,0.235,3.0,2.0,0.0,0.0,42.1,41.64,44.16,43.06,44.17,41.12,43.71,42.66,43.13,47.66
2016-06-07 15:22:00-05:00,714.60815,712.07623,502955.0,31.77,0.0,697.0,26.36,324.4,275.5,274.9,272.5,199.9,199.1,199.4,323.8,556.7,60.13,163.4,1380716.0,324.4,180.3,5.0,0.0,0.0,0.0,0.0,0.0,0.0,0.0,0.0,26.35,40.0,687.5,198.4,199.3,198.0,60.0,59.9,74.7,0.0,272.0,272.0,273.8,161.1,17.47,162.1,601.0,1371192.0,41171.0,126480.0,0.994,0.979,0.748,0.921,75.38,75.68,75.31,75.13,75.31,74.67,64.81,24.45,24.55,24.43,24.37,24.43,24.22,21.02,42997.0,43651.0,43223.0,43072.0,43951.0,41710.0,37812.0,2.52,288.8,20.35,4.1,3.528,2.0,-1.0,13.54,0.028,0.235,3.0,2.0,0.0,0.0,41.26,41.25,43.81,42.8,44.04,40.64,43.48,42.15,42.91,47.74
2016-06-07 15:23:00-05:00,714.37054,712.1883,502956.0,31.83,0.0,697.0,26.41,324.1,275.7,274.6,272.3,200.1,199.0,199.4,323.5,557.1,60.15,163.3,1380719.0,324.9,180.2,5.0,0.0,0.0,0.0,0.0,0.0,0.0,0.0,0.0,26.35,40.27,687.5,198.5,199.4,198.1,60.0,59.9,74.7,0.0,272.0,272.0,273.6,161.2,17.47,162.1,601.0,1371194.0,41171.0,126481.0,0.994,0.979,0.748,0.921,75.45,75.73,75.28,75.11,75.49,74.7,64.75,24.45,24.54,24.4,24.34,24.46,24.21,20.98,42997.0,43652.0,43224.0,43072.0,43951.0,41711.0,37812.0,3.005,274.9,14.0,4.7,3.53,2.0,-1.0,13.5,-0.014,0.235,3.0,2.0,0.0,0.001,41.35,41.0,43.78,42.75,43.81,40.49,43.31,42.11,43.12,47.78
2016-06-07 15:24:00-05:00,713.53894,711.40375,502957.0,31.88,0.0,696.1,26.63,324.3,275.7,274.6,272.3,200.0,199.0,199.4,323.5,556.7,60.14,163.3,1380722.0,325.9,180.1,5.0,0.0,0.0,0.0,0.0,0.0,0.0,0.0,0.0,26.8,40.44,687.3,198.4,199.4,198.0,60.0,59.9,74.7,0.0,272.0,272.0,273.8,161.1,17.47,162.1,601.0,1371197.0,41171.0,126481.0,0.994,0.979,0.748,0.921,75.28,75.6,75.14,75.01,75.53,74.59,64.74,24.41,24.52,24.37,24.32,24.49,24.19,20.99,42998.0,43652.0,43224.0,43072.0,43952.0,41711.0,37813.0,2.605,274.2,11.26,3.6,3.53,2.0,-1.0,13.5,0.009,0.235,3.0,2.0,0.0,0.001,41.82,41.24,43.75,42.82,43.7,40.75,43.36,42.33,43.2,47.83
2016-06-07 15:25:00-05:00,710.92523,708.4898,502958.0,31.93,0.0,693.3,26.5,324.9,275.7,274.5,272.3,199.6,198.5,198.9,324.2,554.4,60.14,162.9,1380724.0,327.0,179.7,5.0,0.0,0.0,0.0,0.0,0.0,0.0,0.0,0.0,26.64,39.83,684.6,197.7,198.8,197.4,60.0,59.9,74.7,0.0,272.0,272.0,273.9,160.6,17.41,161.6,601.0,1371200.0,41171.0,126481.0,0.994,0.979,0.748,0.921,74.69,75.29,74.81,74.86,75.12,74.18,64.58,24.26,24.46,24.3,24.32,24.4,24.09,20.98,42998.0,43653.0,43225.0,43073.0,43952.0,41712.0,37813.0,2.438,284.0,20.18,3.3,3.528,2.0,-1.0,13.5,0.021,0.235,3.0,2.0,0.0,0.0,41.32,41.15,43.75,42.93,43.7,40.62,43.43,42.42,43.31,47.87
2016-06-07 15:26:00-05:00,705.57904,702.99805,502959.0,31.98,0.0,687.9,26.46,325.7,275.3,274.6,272.3,198.3,197.1,197.5,325.0,549.5,60.13,161.7,1380727.0,326.0,178.6,5.0,0.0,0.0,0.0,0.0,0.0,0.0,0.0,0.0,26.57,39.74,679.4,196.4,197.5,196.0,60.0,59.9,74.7,0.0,272.0,272.0,273.7,159.5,17.22,160.4,601.0,1371202.0,41171.0,126482.0,0.994,0.979,0.748,0.921,74.13,74.62,73.87,74.04,74.5,73.47,63.76,24.14,24.3,24.06,24.11,24.26,23.93,20.76,42998.0,43653.0,43225.0,43073.0,43953.0,41712.0,37813.0,2.402,315.7,12.51,3.8,3.528,2.0,-1.0,13.5,0.023,0.235,3.0,2.0,0.0,0.0,40.91,40.73,43.65,42.59,43.49,40.48,43.22,42.34,42.98,47.93
2016-06-07 15:27:00-05:00,703.44055,699.4116,502960.0,32.01,0.0,684.0,26.81,325.7,275.2,274.2,272.0,197.4,196.4,196.8,325.2,546.8,60.15,160.9,1380729.0,327.1,177.8,5.0,0.0,0.0,0.0,0.0,0.0,0.0,0.0,0.0,26.96,40.17,675.5,195.6,196.8,195.2,60.0,59.9,74.7,0.0,272.0,271.4,273.2,158.7,17.12,159.6,601.0,1371205.0,41171.0,126482.0,0.994,0.979,0.748,0.921,73.7,74.15,73.67,73.53,74.07,73.14,63.49,24.0,24.15,23.99,23.95,24.13,23.82,20.68,42999.0,43654.0,43226.0,43074.0,43953.0,41713.0,37813.0,2.192,276.3,28.56,3.6,3.528,2.0,-1.0,13.5,0.024,0.235,3.0,2.0,0.0,0.0,41.36,40.89,43.4,42.48,43.29,40.32,43.07,42.3,42.62,47.95
2016-06-07 15:28:00-05:00,699.6388,694.2561,502961.0,32.05,0.0,678.7,26.78,326.2,275.0,273.7,271.7,196.6,195.6,195.9,325.3,543.0,60.13,160.0,1380732.0,327.3,176.6,5.0,0.0,0.0,0.0,0.0,0.0,0.0,0.0,0.0,26.88,39.33,670.4,194.6,195.8,194.2,60.0,59.9,74.7,0.0,271.5,271.0,273.0,157.7,16.96,158.6,601.0,1371208.0,41171.0,126482.0,0.994,0.979,0.748,0.921,73.04,73.73,73.44,73.06,73.44,72.62,63.37,23.83,24.05,23.96,23.83,23.96,23.69,20.67,42999.0,43654.0,43226.0,43074.0,43954.0,41713.0,37814.0,3.127,285.6,11.69,4.7,3.53,2.0,-1.0,13.5,0.025,0.235,3.0,2.0,0.0,0.0,40.93,40.51,43.26,42.23,42.95,40.01,43.02,41.68,42.79,48.03
2016-06-07 15:29:00-05:00,693.5798,687.41943,502962.0,32.08,0.0,672.0,26.81,327.2,274.9,273.7,271.7,194.9,193.8,194.2,326.4,536.9,60.14,158.5,1380735.0,327.6,175.2,5.0,0.0,0.0,0.0,0.0,0.0,0.0,0.0,0.0,26.9,39.67,663.9,192.8,194.1,192.4,60.0,59.9,74.7,0.0,271.4,271.0,273.0,156.3,16.72,157.1,601.0,1371210.0,41171.0,126482.0,0.994,0.979,0.748,0.921,72.06,72.67,72.38,72.44,72.47,71.62,62.44,23.57,23.77,23.68,23.7,23.71,23.43,20.43,43000.0,43655.0,43227.0,43075.0,43954.0,41714.0,37814.0,3.148,307.1,18.37,4.2,3.53,2.0,-1.0,13.5,0.025,0.235,3.0,2.0,0.0,0.0,40.99,40.52,43.03,42.04,42.91,39.64,42.85,41.49,42.45,48.06
2016-06-07 15:30:00-05:00,687.04553,680.2466,502963.0,32.12,0.0,664.9,26.88,326.8,274.9,273.8,271.7,192.9,191.9,192.3,326.2,532.2,60.14,157.0,1380737.0,328.8,173.6,5.0,0.0,0.0,0.0,0.0,0.0,0.0,0.0,0.0,26.83,39.88,657.3,190.8,192.2,190.4,60.0,59.9,74.7,0.0,271.6,271.0,273.0,154.7,16.5,155.6,601.0,1371213.0,41171.0,126483.0,0.994,0.979,0.748,0.921,71.72,72.03,71.5,71.49,72.03,71.04,61.63,23.44,23.54,23.36,23.36,23.54,23.21,20.14,43000.0,43655.0,43227.0,43075.0,43954.0,41714.0,37814.0,3.517,296.7,17.95,4.8,3.53,2.0,-1.0,13.5,0.025,0.235,3.0,2.0,0.0,0.0,41.08,40.97,43.14,42.2,42.97,40.14,42.98,41.59,42.0,48.13
2016-06-07 15:31:00-05:00,682.17456,674.8669,502964.0,32.15,0.0,659.6,26.39,326.7,274.8,273.9,271.8,191.8,190.8,191.2,326.0,529.3,60.14,156.0,1380740.0,327.2,172.6,5.0,0.0,0.0,0.0,0.0,0.0,0.0,0.0,0.0,26.44,38.68,652.5,189.6,191.0,189.3,60.0,59.9,74.7,0.0,271.6,271.0,273.0,153.8,16.35,154.7,601.0,1371215.0,41171.0,126483.0,0.994,0.979,0.748,0.921,71.29,71.77,71.29,71.06,71.54,70.83,61.45,23.29,23.45,23.29,23.22,23.37,23.14,20.08,43001.0,43656.0,43228.0,43076.0,43955.0,41715.0,37814.0,2.19,303.8,28.9,4.5,3.53,2.0,-1.0,13.5,0.025,0.235,3.0,2.0,0.0,0.0,39.95,40.32,42.8,41.95,42.9,39.36,42.9,41.15,41.74,48.13
2016-06-07 15:32:00-05:00,678.72925,670.9443,502965.0,32.17,0.0,655.8,26.38,327.2,275.0,273.5,271.5,190.8,190.0,190.3,326.5,526.0,60.15,155.2,1380742.0,329.8,171.7,5.0,0.0,0.0,0.0,0.0,0.0,0.0,0.0,0.0,26.45,38.18,649.1,188.7,190.2,188.4,60.0,59.9,74.7,0.0,271.3,271.0,273.0,153.0,16.23,153.8,601.0,1371218.0,41171.0,126483.0,0.994,0.979,0.748,0.921,70.67,70.97,70.59,70.69,70.96,69.99,60.88,23.12,23.22,23.1,23.13,23.22,22.9,19.92,43001.0,43656.0,43228.0,43076.0,43955.0,41715.0,37815.0,2.34,294.5,13.03,3.9,3.53,2.0,-1.0,13.5,0.025,0.235,3.0,2.0,0.0,0.0,39.13,40.02,42.87,42.05,42.76,39.51,42.88,41.05,41.81,48.19
2016-06-07 15:33:00-05:00,675.0463,666.90955,502966.0,32.21,0.0,651.7,26.45,326.9,274.8,273.5,271.5,189.9,189.0,189.3,325.9,523.9,60.14,154.4,1380745.0,328.1,170.8,5.0,0.0,0.0,0.0,0.0,0.0,0.0,0.0,0.0,26.59,37.9,645.4,187.8,189.3,187.4,60.0,59.9,74.7,0.0,271.1,271.0,273.0,152.2,16.09,153.1,601.0,1371220.0,41171.0,126483.0,0.994,0.979,0.748,0.921,70.56,70.79,70.0,70.1,70.85,69.81,60.37,23.07,23.14,22.88,22.92,23.16,22.82,19.74,43002.0,43657.0,43228.0,43077.0,43956.0,41716.0,37815.0,2.863,297.3,16.54,4.4,3.53,2.0,-1.0,13.51,0.025,0.235,3.0,2.0,0.0,0.0,38.86,39.71,42.53,41.52,42.34,38.83,42.35,40.67,41.76,48.23
2016-06-07 15:34:00-05:00,673.97705,665.5646,502967.0,32.23,0.0,650.1,26.44,327.5,274.6,273.4,271.4,189.8,188.9,189.2,326.8,522.5,60.15,154.2,1380747.0,329.7,170.7,5.0,0.0,0.0,0.0,0.0,0.0,0.0,0.0,0.0,26.46,37.7,644.2,187.6,189.1,187.3,60.0,59.9,74.7,0.0,271.0,271.0,273.0,152.1,16.05,152.9,601.0,1371223.0,41171.0,126484.0,0.994,0.979,0.748,0.921,70.2,70.5,70.07,70.29,70.33,69.48,60.4,22.99,23.09,22.95,23.02,23.03,22.75,19.78,43002.0,43657.0,43229.0,43077.0,43956.0,41716.0,37815.0,4.177,298.1,17.65,6.2,3.53,2.0,-1.0,13.5,0.025,0.235,3.0,2.0,0.0,0.0,38.56,39.44,42.18,40.96,41.92,38.64,42.04,40.18,41.22,48.26
2016-06-07 15:35:00-05:00,672.07623,663.211,502968.0,32.26,0.0,647.2,26.61,328.4,274.3,273.5,271.4,189.3,188.5,188.8,327.8,519.7,60.14,153.8,1380750.0,328.9,170.4,5.0,0.0,0.0,0.0,0.0,0.0,0.0,0.0,0.0,26.71,38.11,641.2,187.2,188.6,186.8,60.0,59.9,74.7,0.0,271.0,271.0,272.9,151.6,16.0,152.5,601.0,1371226.0,41171.0,126484.0,0.994,0.979,0.748,0.921,70.0,70.22,69.62,69.6,69.91,69.36,59.94,22.98,23.06,22.86,22.85,22.96,22.77,19.68,43003.0,43658.0,43229.0,43078.0,43957.0,41716.0,37815.0,3.79,302.7,11.59,6.1,3.53,2.0,-1.0,13.5,0.025,0.235,3.0,2.0,0.0,0.0,38.83,39.47,41.88,40.77,41.57,38.35,41.62,39.89,40.46,48.33
2016-06-07 15:36:00-05:00,670.0565,660.63324,502969.0,32.29,0.0,644.5,26.41,328.0,274.4,273.4,271.3,188.7,187.8,188.2,327.3,518.7,60.15,153.2,1380752.0,328.8,169.8,5.0,0.0,0.0,0.0,0.0,0.0,0.0,0.0,0.0,26.48,37.71,639.0,186.5,188.1,186.2,60.0,59.9,74.7,0.0,271.0,271.0,272.9,151.1,15.96,151.9,601.0,1371228.0,41171.0,126484.0,0.994,0.979,0.748,0.921,69.85,70.14,69.73,69.57,69.82,69.35,59.91,22.91,23.0,22.87,22.82,22.9,22.74,19.65,43003.0,43658.0,43230.0,43078.0,43957.0,41717.0,37815.0,3.27,314.3,11.16,5.0,3.528,2.0,-1.0,13.5,0.025,0.235,3.0,2.0,0.0,0.0,38.41,39.28,41.8,40.57,41.65,38.33,41.66,40.05,40.11,48.34
2016-06-07 15:37:00-05:00,668.512,658.27966,502970.0,32.31,0.0,642.1,26.57,328.5,274.4,273.5,271.4,188.2,187.1,187.5,328.3,516.2,60.13,152.7,1380755.0,329.6,169.5,5.0,0.0,0.0,0.0,0.0,0.0,0.0,0.0,0.0,26.64,37.86,636.9,185.8,187.3,185.5,60.0,59.9,74.7,0.0,271.0,271.0,272.9,150.5,15.84,151.4,601.0,1371231.0,41171.0,126485.0,0.995,0.979,0.748,0.921,69.52,69.77,69.46,69.15,69.44,68.96,59.7,22.84,22.92,22.82,22.71,22.81,22.65,19.61,43004.0,43659.0,43230.0,43079.0,43958.0,41717.0,37816.0,2.675,287.3,15.7,3.8,3.53,2.0,-1.0,13.51,0.025,0.235,3.0,2.0,0.0,0.0,38.25,39.47,41.86,40.88,41.87,38.66,41.92,40.34,40.04,48.42
2016-06-07 15:38:00-05:00,665.3043,654.6932,502971.0,32.33,0.0,638.4,26.45,329.0,274.3,273.5,271.4,187.2,186.2,186.6,328.9,513.2,60.14,152.0,1380757.0,331.0,168.8,5.0,0.0,0.0,0.0,0.0,0.0,0.0,0.0,0.0,26.52,37.46,633.5,184.8,186.3,184.5,60.0,59.9,74.7,0.0,271.0,271.0,272.9,149.8,15.71,150.6,601.0,1371233.0,41171.0,126485.0,0.995,0.979,0.748,0.921,68.85,69.25,68.98,68.8,68.95,68.36,59.35,22.65,22.78,22.7,22.64,22.68,22.49,19.53,43004.0,43659.0,43231.0,43079.0,43958.0,41718.0,37816.0,2.99,291.1,15.13,5.3,3.53,2.0,-1.0,13.51,0.025,0.235,3.0,2.0,0.0,0.0,38.0,39.4,41.88,40.81,41.67,38.54,41.71,39.77,40.51,48.41
2016-06-07 15:39:00-05:00,663.1659,652.00336,502972.0,32.37,0.0,635.5,26.6,328.6,274.6,273.4,271.3,186.5,185.6,186.0,328.1,512.3,60.14,151.5,1380760.0,331.2,168.1,5.0,0.0,0.0,0.0,0.0,0.0,0.0,0.0,0.0,26.59,36.68,631.1,184.2,185.8,183.9,60.0,59.9,74.7,0.0,271.0,271.0,273.0,149.3,15.65,150.1,601.0,1371236.0,41171.0,126485.0,0.995,0.979,0.748,0.921,68.72,69.07,68.83,68.72,68.81,68.2,59.23,22.58,22.7,22.62,22.58,22.61,22.41,19.46,43005.0,43659.0,43231.0,43080.0,43959.0,41718.0,37816.0,3.365,308.3,13.75,4.8,3.53,2.0,-1.0,13.5,0.025,0.235,3.0,2.0,0.0,0.0,37.25,39.04,41.5,40.58,41.57,38.14,41.58,39.65,40.0,48.41
2016-06-07 15:40:00-05:00,662.80945,651.10675,502973.0,32.38,0.0,634.2,26.58,329.3,274.5,273.5,271.3,186.5,185.7,186.0,328.7,511.4,60.13,151.5,1380762.0,330.1,168.1,5.0,0.0,0.0,0.0,0.0,0.0,0.0,0.0,0.0,26.48,36.25,630.4,184.1,185.7,183.8,60.0,59.9,74.7,0.0,271.0,271.0,273.0,149.2,15.67,150.1,601.0,1371238.0,41171.0,126485.0,0.995,0.979,0.748,0.921,68.82,69.02,68.38,68.3,68.92,68.09,58.9,22.66,22.73,22.52,22.49,22.69,22.42,19.39,43005.0,43660.0,43232.0,43080.0,43959.0,41719.0,37816.0,3.512,299.9,14.95,5.4,3.53,2.0,-1.0,13.5,0.025,0.235,3.0,2.0,0.0,0.0,36.99,38.49,41.22,40.21,41.28,38.0,41.37,39.51,39.81,48.42
2016-06-07 15:41:00-05:00,660.1958,648.19275,502974.0,32.4,0.0,631.1,26.49,330.4,274.3,273.5,271.4,186.0,185.1,185.5,329.8,508.4,60.14,151.0,1380765.0,331.4,167.7,5.0,0.0,0.0,0.0,0.0,0.0,0.0,0.0,0.0,26.5,35.97,627.6,183.5,185.1,183.2,60.0,59.9,74.7,0.0,271.0,271.0,272.9,148.7,15.59,149.5,601.0,1371241.0,41171.0,126486.0,0.995,0.979,0.748,0.921,68.26,68.57,68.0,67.97,68.29,67.59,58.64,22.55,22.65,22.46,22.45,22.56,22.33,19.37,43005.0,43660.0,43232.0,43080.0,43960.0,41719.0,37817.0,3.613,295.0,15.38,5.0,3.53,2.0,-1.0,13.51,0.025,0.235,3.0,2.0,0.0,0.0,36.79,38.14,41.0,39.99,40.91,37.82,40.99,39.21,39.61,48.39
2016-06-07 15:42:00-05:00,656.86926,644.6063,502975.0,32.41,0.0,627.5,26.48,330.2,274.3,273.4,271.3,185.1,184.1,184.5,329.4,506.0,60.14,150.2,1380767.0,330.9,166.6,5.0,0.0,0.0,0.0,0.0,0.0,0.0,0.0,0.0,26.41,36.35,624.4,182.5,184.2,182.3,60.0,59.9,74.7,0.0,271.0,271.0,272.7,147.9,15.44,148.7,601.0,1371243.0,41171.0,126486.0,0.995,0.979,0.748,0.921,67.89,68.19,67.56,67.64,68.13,67.21,58.21,22.42,22.52,22.31,22.34,22.5,22.19,19.22,43006.0,43661.0,43233.0,43081.0,43960.0,41720.0,37817.0,2.457,295.4,20.26,4.2,3.528,2.0,-1.0,13.5,0.025,0.235,3.0,2.0,0.0,0.0,37.06,38.25,40.79,39.88,40.81,37.76,40.96,39.23,39.55,48.42
2016-06-07 15:43:00-05:00,653.8992,641.132,502976.0,32.44,0.0,624.0,26.61,329.7,274.3,273.4,271.3,183.9,183.1,183.5,329.0,503.7,60.14,149.3,1380770.0,330.7,165.7,5.0,0.0,0.0,0.0,0.0,0.0,0.0,0.0,0.0,26.64,37.21,621.2,181.4,183.1,181.2,60.0,59.9,74.7,0.0,271.0,271.0,272.7,147.1,15.3,147.8,601.0,1371245.0,41171.0,126486.0,0.995,0.979,0.748,0.921,67.65,67.91,67.3,67.2,67.77,67.1,57.93,22.3,22.39,22.19,22.15,22.34,22.12,19.1,43006.0,43661.0,43233.0,43081.0,43961.0,41720.0,37817.0,3.37,299.3,9.91,4.6,3.53,2.0,-1.0,13.5,0.025,0.235,3.0,2.0,0.0,0.0,37.77,38.66,40.94,40.14,40.96,38.16,41.0,39.71,39.55,48.42
2016-06-07 15:44:00-05:00,649.74097,636.6489,502977.0,32.44,0.0,619.5,27.13,330.6,274.3,273.2,271.0,182.7,181.9,182.3,330.1,498.9,60.14,148.2,1380772.0,332.8,164.7,5.0,0.0,0.0,0.0,0.0,0.0,0.0,0.0,0.0,27.24,37.91,617.2,180.1,181.9,179.9,60.0,59.9,74.7,0.0,271.0,270.9,272.1,145.9,15.13,146.7,601.0,1371248.0,41171.0,126486.0,0.995,0.979,0.748,0.921,66.79,67.16,66.76,66.57,67.04,66.31,57.56,22.08,22.2,22.07,22.01,22.16,21.92,19.03,43007.0,43662.0,43234.0,43082.0,43961.0,41721.0,37817.0,2.103,273.5,25.93,3.8,3.528,2.0,-1.0,13.5,0.025,0.235,3.0,2.0,0.0,0.0,38.75,39.33,41.04,40.34,40.93,38.67,40.99,40.09,39.95,48.37
2016-06-07 15:45:00-05:00,643.682,630.48474,502978.0,32.46,0.0,613.5,27.29,329.9,274.3,273.2,271.0,181.2,180.3,180.7,329.3,496.0,60.13,146.9,1380775.0,332.9,163.3,5.0,0.0,0.0,0.0,0.0,0.0,0.0,0.0,0.0,27.33,37.69,611.9,178.5,180.3,178.3,60.0,59.9,74.7,0.0,271.0,271.0,272.4,144.7,14.89,145.4,601.0,1371250.0,41171.0,126487.0,0.995,0.979,0.748,0.921,66.18,66.62,66.29,66.28,66.5,65.75,57.22,21.83,21.98,21.87,21.87,21.94,21.69,18.88,43007.0,43662.0,43234.0,43082.0,43961.0,41721.0,37818.0,3.207,291.5,12.99,4.6,3.528,2.0,-1.0,13.5,0.025,0.235,3.0,2.0,0.0,0.0,38.75,39.13,40.79,40.17,40.84,38.29,40.92,39.73,39.99,48.41
2016-06-07 15:46:00-05:00,644.7512,631.38135,502979.0,32.48,0.0,614.0,27.04,329.2,274.1,273.2,271.1,181.4,180.5,180.9,328.4,497.5,60.15,147.1,1380777.0,330.5,163.4,5.0,0.0,0.0,0.0,0.0,0.0,0.0,0.0,0.0,27.04,37.03,612.6,178.8,180.7,178.6,60.0,59.9,74.7,0.0,271.0,270.8,272.1,144.9,14.98,145.7,601.0,1371253.0,41171.0,126487.0,0.995,0.979,0.748,0.921,66.45,66.88,66.58,66.53,66.73,66.04,57.47,21.88,22.02,21.92,21.9,21.97,21.74,18.92,43008.0,43663.0,43235.0,43083.0,43962.0,41722.0,37818.0,3.627,305.8,15.68,5.7,3.528,2.0,-1.0,13.5,0.025,0.235,3.0,2.0,0.0,0.0,37.97,38.75,40.53,39.73,40.58,37.67,40.61,39.01,39.6,48.41
2016-06-07 15:47:00-05:00,645.82043,632.6142,502980.0,32.51,0.0,614.5,26.84,329.6,274.2,273.0,270.8,181.8,181.1,181.4,328.9,498.0,60.14,147.4,1380780.0,330.8,163.8,5.0,0.0,0.0,0.0,0.0,0.0,0.0,0.0,0.0,26.92,36.72,613.5,179.2,181.0,179.0,60.0,59.9,74.7,0.0,271.0,270.6,272.0,145.2,15.05,146.0,601.0,1371255.0,41171.0,126487.0,0.995,0.979,0.748,0.921,66.63,67.01,66.49,66.42,66.88,66.11,57.33,21.96,22.08,21.91,21.89,22.04,21.79,18.89,43008.0,43663.0,43235.0,43083.0,43962.0,41722.0,37818.0,4.05,295.1,12.21,6.7,3.53,2.0,-1.0,13.5,0.025,0.235,3.0,2.0,0.0,0.0,37.63,38.24,40.4,39.48,40.18,37.38,40.36,38.57,39.5,48.42
2016-06-07 15:48:00-05:00,643.5632,630.70886,502981.0,32.51,0.0,612.1,26.76,330.5,273.8,273.2,271.1,181.4,180.6,181.0,329.8,495.9,60.15,147.1,1380782.0,331.7,163.5,5.0,0.0,0.0,0.0,0.0,0.0,0.0,0.0,0.0,26.78,36.47,611.3,178.7,180.6,178.5,60.0,59.9,74.7,0.0,271.0,270.5,272.1,144.8,15.05,145.6,601.0,1371258.0,41171.0,126487.0,0.995,0.979,0.748,0.921,66.25,66.56,66.16,66.17,66.35,65.59,57.09,21.89,22.0,21.86,21.87,21.93,21.67,18.86,43009.0,43664.0,43235.0,43084.0,43963.0,41723.0,37818.0,3.332,305.5,11.1,6.1,3.53,2.0,-1.0,13.5,0.025,0.234,3.0,2.0,0.0,0.0,37.3,37.79,40.02,39.0,39.59,37.0,39.81,38.11,39.27,48.41
2016-06-07 15:49:00-05:00,640.11786,626.89825,502982.0,32.53,0.0,608.6,26.85,331.1,273.9,273.0,270.9,180.1,179.5,179.8,330.5,491.7,60.15,146.0,1380784.0,331.9,162.5,5.0,0.0,0.0,0.0,0.0,0.0,0.0,0.0,0.0,26.99,37.16,608.2,177.5,179.5,177.3,60.0,59.9,74.7,0.0,271.0,270.0,272.0,143.8,14.86,144.5,601.0,1371260.0,41171.0,126488.0,0.995,0.979,0.748,0.921,65.65,65.99,65.64,65.59,65.89,65.08,56.55,21.74,21.85,21.73,21.72,21.82,21.55,18.73,43009.0,43664.0,43236.0,43084.0,43963.0,41723.0,37819.0,2.523,291.9,10.06,4.0,3.528,2.0,-1.0,13.5,0.025,0.234,3.0,2.0,0.0,0.0,37.68,38.45,40.27,39.34,40.1,37.59,40.06,38.98,39.45,48.47
2016-06-07 15:50:00-05:00,635.6033,622.1911,502983.0,32.55,0.0,604.1,26.81,331.1,273.9,272.9,270.8,179.2,178.4,178.8,330.4,488.5,60.15,145.2,1380787.0,333.0,161.4,5.0,0.0,0.0,0.0,0.0,0.0,0.0,0.0,0.0,26.92,36.53,604.3,176.4,178.4,176.2,60.0,59.9,74.7,0.0,271.0,270.0,272.0,142.9,14.69,143.7,601.0,1371262.0,41171.0,126488.0,0.995,0.979,0.748,0.921,65.2,65.7,65.26,65.14,65.44,64.83,56.26,21.59,21.75,21.61,21.57,21.67,21.46,18.63,43010.0,43665.0,43236.0,43085.0,43964.0,41724.0,37819.0,3.825,300.8,16.5,6.4,3.528,2.0,-1.0,13.5,0.025,0.234,3.0,2.0,0.0,0.0,37.4,38.29,40.1,39.07,39.83,37.16,39.97,38.4,39.28,48.5
2016-06-07 15:51:00-05:00,630.61346,617.3718,502984.0,32.57,0.0,599.0,26.92,332.3,273.7,272.7,270.7,178.0,177.3,177.6,331.0,484.1,60.14,144.1,1380789.0,332.5,160.2,5.0,0.0,0.0,0.0,0.0,0.0,0.0,0.0,0.0,27.02,36.45,599.5,175.3,177.3,175.1,60.0,59.9,74.7,0.0,270.8,270.0,272.0,141.9,14.49,142.7,601.0,1371265.0,41171.0,126488.0,0.995,0.979,0.748,0.921,64.42,64.84,64.55,64.41,64.61,64.0,55.72,21.4,21.54,21.44,21.4,21.46,21.26,18.51,43010.0,43665.0,43237.0,43085.0,43964.0,41724.0,37819.0,3.202,301.4,12.08,5.1,3.53,2.0,-1.0,13.5,0.025,0.234,3.0,2.0,0.0,0.0,37.42,37.81,39.81,38.85,39.54,37.0,39.68,38.01,38.75,48.5
2016-06-07 15:52:00-05:00,627.0493,613.22504,502985.0,32.58,0.0,594.9,27.02,330.9,273.5,272.6,270.7,177.0,176.4,176.6,330.2,482.2,60.14,143.2,1380791.0,331.8,159.2,5.0,0.0,0.0,0.0,0.0,0.0,0.0,0.0,0.0,27.09,37.06,595.8,174.1,176.2,173.9,60.0,59.9,74.7,0.0,270.6,270.0,272.0,141.0,14.35,141.7,601.0,1371267.0,41171.0,126488.0,0.995,0.979,0.748,0.921,64.44,64.8,64.32,64.29,64.68,63.97,55.53,21.32,21.44,21.28,21.27,21.4,21.17,18.37,43011.0,43666.0,43237.0,43086.0,43965.0,41724.0,37819.0,2.742,281.8,11.0,4.8,3.53,2.0,-1.0,13.5,0.025,0.234,3.0,2.0,0.0,0.0,38.01,38.21,39.84,38.93,39.75,37.1,39.75,38.13,39.19,48.5
2016-06-07 15:53:00-05:00,624.6733,610.53516,502986.0,32.59,0.0,591.6,27.0,331.6,273.3,272.5,270.6,176.3,175.4,175.7,331.1,479.0,60.14,142.4,1380794.0,332.4,158.6,5.0,0.0,0.0,0.0,0.0,0.0,0.0,0.0,0.0,26.99,37.07,593.0,173.3,175.5,173.1,60.0,59.9,74.7,0.0,270.2,270.0,272.0,140.3,14.28,141.0,601.0,1371269.0,41171.0,126489.0,0.995,0.979,0.748,0.921,63.91,64.21,63.91,63.93,64.14,63.49,55.09,21.19,21.29,21.19,21.2,21.27,21.05,18.27,43011.0,43666.0,43238.0,43086.0,43965.0,41725.0,37819.0,3.16,278.9,14.38,5.0,3.528,2.0,-1.0,13.51,0.025,0.234,3.0,2.0,0.0,0.0,38.15,37.84,39.85,39.02,39.73,37.27,39.85,38.31,39.52,48.52
2016-06-07 15:54:00-05:00,622.7724,608.1816,502987.0,32.6,0.0,589.1,26.87,331.0,273.1,272.4,270.5,175.6,174.8,175.1,330.3,478.0,60.14,141.9,1380796.0,333.8,157.9,5.0,0.0,0.0,0.0,0.0,0.0,0.0,0.0,0.0,26.87,36.96,590.9,172.7,174.8,172.5,60.0,59.9,74.7,0.0,270.0,270.0,272.0,139.7,14.18,140.4,601.0,1371272.0,41171.0,126489.0,0.995,0.979,0.748,0.921,63.87,64.02,63.89,63.72,64.06,63.35,55.03,21.14,21.19,21.15,21.09,21.2,20.97,18.21,43011.0,43666.0,43238.0,43086.0,43966.0,41725.0,37820.0,3.405,278.4,19.12,5.8,3.528,2.0,-1.0,13.5,0.025,0.234,3.0,2.0,0.0,0.0,38.12,37.79,39.68,38.96,39.69,37.17,39.83,38.4,39.6,48.46
2016-06-07 15:55:00-05:00,619.5647,604.7072,502988.0,32.62,0.0,585.3,27.09,331.6,273.1,272.2,270.3,174.8,174.2,174.4,330.9,475.5,60.16,141.2,1380798.0,332.4,157.3,5.0,0.0,0.0,0.0,0.0,0.0,0.0,0.0,0.0,27.07,37.1,587.6,171.9,174.1,171.7,60.0,59.9,74.7,0.0,270.0,269.9,272.0,139.0,14.09,139.7,601.0,1371274.0,41171.0,126489.0,0.995,0.979,0.748,0.921,63.32,63.72,63.47,63.41,63.42,62.94,54.68,20.99,21.13,21.04,21.02,21.03,20.87,18.13,43012.0,43667.0,43238.0,43087.0,43966.0,41725.0,37820.0,3.482,278.2,16.97,6.3,3.53,2.0,-1.0,13.51,0.025,0.234,3.0,2.0,0.0,0.0,38.26,37.66,39.5,38.64,39.27,36.91,39.59,38.03,39.5,48.36
2016-06-07 15:56:00-05:00,615.8818,600.5604,502989.0,32.65,0.0,580.9,27.09,331.9,274.2,273.3,271.4,173.1,172.4,172.7,331.4,472.0,60.14,140.3,1380801.0,332.9,156.4,5.0,0.0,0.0,0.0,0.0,0.0,0.0,0.0,0.0,27.08,37.11,583.8,170.0,172.3,169.8,60.0,59.9,74.7,0.0,271.0,270.8,272.8,138.1,13.9,138.7,601.0,1371276.0,41171.0,126489.0,0.995,0.979,0.748,0.921,62.9,63.1,62.89,62.86,63.13,62.45,54.13,20.88,20.95,20.87,20.86,20.96,20.73,17.97,43012.0,43667.0,43239.0,43087.0,43966.0,41725.0,37820.0,3.14,296.2,11.14,4.4,3.528,2.0,-1.0,13.51,0.025,0.234,3.0,2.0,0.0,0.0,38.5,37.92,39.52,38.92,39.44,37.52,39.62,38.41,39.45,48.37
2016-06-07 15:57:00-05:00,614.3373,598.0947,502990.0,32.7,0.0,578.5,27.29,330.5,274.4,273.4,271.5,172.1,171.6,171.8,329.7,471.7,60.15,139.7,1380803.0,331.9,155.5,5.0,0.0,0.0,0.0,0.0,0.0,0.0,0.0,0.0,27.35,37.49,581.6,169.1,171.4,169.0,60.0,59.9,74.7,0.0,271.1,271.0,273.0,137.4,13.8,138.1,601.0,1371279.0,41171.0,126489.0,0.995,0.979,0.748,0.921,62.85,63.16,62.84,62.86,63.17,62.39,54.19,20.77,20.87,20.77,20.77,20.88,20.62,17.91,43012.0,43667.0,43239.0,43087.0,43966.0,41726.0,37820.0,2.915,285.6,9.86,4.1,3.53,2.0,-1.0,13.5,0.025,0.234,3.0,2.0,0.0,0.0,38.88,38.15,39.7,39.1,39.69,37.55,39.8,38.89,39.49,48.38
2016-06-07 15:58:00-05:00,613.26807,596.0774,502991.0,32.7,0.0,576.1,27.2,332.3,274.3,273.4,271.4,171.4,170.9,171.1,331.7,467.7,60.16,139.0,1380805.0,332.6,155.1,5.0,0.0,0.0,0.0,0.0,0.0,0.0,0.0,0.0,27.27,37.72,578.9,168.4,170.7,168.2,60.0,59.9,74.7,0.0,271.0,271.0,273.0,136.8,13.67,137.5,601.0,1371281.0,41171.0,126490.0,0.995,0.979,0.748,0.921,62.17,62.44,62.19,62.08,62.45,61.72,53.7,20.66,20.75,20.66,20.63,20.75,20.51,17.84,43012.0,43667.0,43239.0,43087.0,43967.0,41726.0,37821.0,2.878,303.9,16.16,6.5,3.53,2.0,-1.0,13.5,0.025,0.234,3.0,2.0,0.0,0.0,39.06,38.15,39.89,39.13,39.75,37.56,39.88,38.99,39.65,48.36
2016-06-07 15:59:00-05:00,606.13983,588.56824,502992.0,32.7,0.0,568.6,27.02,332.1,274.2,273.4,271.4,169.5,169.1,169.4,331.6,462.8,60.22,137.6,1380808.0,333.5,153.5,5.0,0.0,0.0,0.0,0.0,0.0,0.0,0.0,0.0,27.03,36.55,572.1,166.5,168.9,166.3,60.0,59.9,74.7,0.0,271.0,271.0,273.0,135.3,13.45,136.0,601.0,1371283.0,41171.0,126490.0,0.995,0.979,0.748,0.921,61.56,61.79,61.56,61.53,61.75,61.16,53.15,20.44,20.52,20.44,20.43,20.51,20.31,17.65,43013.0,43668.0,43239.0,43088.0,43967.0,41726.0,37821.0,4.008,316.3,20.31,6.6,3.53,2.0,-1.0,13.5,0.025,0.234,3.0,2.0,0.0,0.0,38.2,37.35,39.42,38.61,39.03,36.93,39.45,38.2,38.93,48.45
2016-06-07 16:00:00-05:00,601.744,583.74896,502993.0,32.7,0.0,563.8,26.98,332.3,274.7,273.5,271.6,168.3,167.9,168.2,331.7,459.3,60.22,136.7,1380810.0,333.4,152.4,5.0,0.0,0.0,0.0,0.0,0.0,0.0,0.0,0.0,26.92,36.6,567.7,165.2,167.6,165.0,60.0,59.9,74.7,0.0,271.4,271.0,273.0,134.4,13.31,135.0,601.0,1371285.0,41171.0,126490.0,0.995,0.979,0.748,0.921,61.17,61.4,61.01,61.0,61.3,60.74,52.71,20.33,20.4,20.27,20.27,20.37,20.18,17.51,43013.0,43668.0,43240.0,43088.0,43967.0,41726.0,37821.0,3.973,298.5,10.7,6.4,3.53,2.0,-1.0,13.5,0.025,0.234,3.0,2.0,0.0,0.0,38.06,37.15,39.23,38.7,39.1,36.92,39.44,38.36,38.34,48.49
2016-06-07 16:01:00-05:00,598.0611,579.82623,502994.0,32.7,0.0,560.0,26.75,332.4,274.4,273.5,271.6,167.4,167.0,167.2,332.1,456.6,60.22,135.8,1380812.0,333.9,151.6,5.0,0.0,0.0,0.0,0.0,0.0,0.0,0.0,0.0,26.72,35.87,564.4,164.2,166.7,164.1,60.0,59.9,74.7,0.0,271.3,271.0,273.0,133.6,13.17,134.2,601.0,1371288.0,41171.0,126490.0,0.995,0.979,0.748,0.921,60.79,61.06,60.67,60.7,60.93,60.31,52.34,20.21,20.3,20.17,20.18,20.25,20.05,17.4,43013.0,43668.0,43240.0,43088.0,43967.0,41727.0,37821.0,3.803,289.1,11.88,5.5,3.528,2.0,-1.0,13.5,0.025,0.234,3.0,2.0,0.0,0.0,37.21,37.09,39.19,38.57,39.02,36.71,39.31,38.08,38.3,48.42
2016-06-07 16:02:00-05:00,595.92267,577.3606,502995.0,32.7,0.0,557.1,26.9,332.9,274.5,273.6,271.7,166.5,166.1,166.3,332.1,454.0,60.22,135.2,1380814.0,334.0,150.8,5.0,0.0,0.0,0.0,0.0,0.0,0.0,0.0,0.0,26.91,36.17,561.8,163.4,165.9,163.2,60.0,59.9,74.7,0.0,271.7,271.0,273.0,132.9,13.08,133.6,601.0,1371290.0,41171.0,126491.0,0.995,0.979,0.748,0.921,60.37,60.53,60.27,60.32,60.55,59.95,51.98,20.1,20.15,20.06,20.08,20.16,19.96,17.3,43013.0,43668.0,43240.0,43088.0,43968.0,41727.0,37822.0,3.833,297.2,15.91,6.1,3.528,2.0,-1.0,13.5,0.025,0.234,3.0,2.0,0.0,0.0,37.29,37.1,39.11,38.46,39.05,36.73,39.23,38.05,38.2,48.38
2016-06-07 16:03:00-05:00,591.6456,572.65344,502996.0,32.7,0.0,552.3,26.95,333.3,274.5,273.4,271.5,165.2,165.1,165.2,332.8,450.3,60.22,134.1,1380816.0,334.5,149.9,5.0,0.0,0.0,0.0,0.0,0.0,0.0,0.0,0.0,27.02,35.75,557.6,162.2,164.7,162.1,60.0,59.9,74.7,0.0,271.3,271.0,273.0,132.0,12.89,132.6,601.0,1371292.0,41171.0,126491.0,0.995,0.979,0.748,0.921,59.9,60.14,59.79,59.68,60.08,59.52,51.58,19.96,20.04,19.92,19.89,20.02,19.83,17.19,43014.0,43669.0,43240.0,43089.0,43968.0,41727.0,37822.0,3.775,314.9,12.62,6.9,3.528,2.0,-1.0,13.5,0.025,0.233,3.0,2.0,0.0,0.0,36.93,36.87,38.98,38.29,38.93,36.45,39.11,37.89,37.7,48.37
2016-06-07 16:04:00-05:00,587.1311,567.38586,502997.0,32.72,0.0,547.0,26.81,333.8,274.6,273.7,271.6,163.8,163.6,163.8,333.0,446.3,60.21,133.0,1380819.0,335.0,148.6,5.0,0.0,0.0,0.0,0.0,0.0,0.0,0.0,0.0,26.69,35.06,552.8,160.7,163.2,160.6,60.0,59.9,74.7,0.0,271.9,271.0,273.0,130.8,12.71,131.5,601.0,1371294.0,41171.0,126491.0,0.995,0.979,0.748,0.921,59.22,59.48,59.18,59.18,59.49,58.87,51.07,19.77,19.85,19.75,19.75,19.86,19.65,17.04,43014.0,43669.0,43241.0,43089.0,43968.0,41727.0,37822.0,3.65,294.4,18.07,5.8,3.526,2.0,-1.0,13.5,0.025,0.233,3.0,2.0,0.0,0.0,36.34,36.75,38.83,38.23,38.9,36.45,39.06,37.92,37.54,48.39
2016-06-07 16:05:00-05:00,582.0225,562.00616,502998.0,32.72,0.0,541.5,26.8,334.3,274.6,273.4,271.4,162.5,162.3,162.5,333.6,442.0,60.22,131.8,1380821.0,335.5,147.5,5.0,0.0,0.0,0.0,0.0,0.0,0.0,0.0,0.0,26.67,34.79,547.6,159.3,161.9,159.3,60.0,59.9,74.7,0.0,271.4,271.0,273.0,129.7,12.57,130.3,601.0,1371296.0,41171.0,126491.0,0.995,0.979,0.748,0.921,58.59,58.87,58.52,58.54,58.84,58.14,50.54,19.59,19.68,19.56,19.57,19.67,19.43,16.89,43014.0,43669.0,43241.0,43089.0,43968.0,41727.0,37822.0,3.112,296.6,14.42,5.1,3.53,2.0,-1.0,13.5,0.025,0.234,3.0,2.0,0.0,0.0,35.95,36.44,38.54,37.87,38.43,36.04,38.74,37.45,37.74,48.52
2016-06-07 16:06:00-05:00,575.7259,555.61786,502999.0,32.71,0.0,534.7,26.61,335.1,274.3,273.3,271.3,160.8,160.7,160.9,334.6,436.5,60.22,130.4,1380823.0,336.1,146.0,5.0,0.0,0.0,0.0,0.0,0.0,0.0,0.0,0.0,26.57,34.14,541.5,157.6,160.2,157.5,60.0,59.9,74.7,0.0,271.1,271.0,273.0,128.3,12.33,128.8,601.0,1371298.0,41171.0,126491.0,0.995,0.979,0.748,0.921,57.83,58.04,57.71,57.77,58.12,57.31,49.85,19.37,19.45,19.34,19.36,19.47,19.2,16.7,43014.0,43669.0,43241.0,43089.0,43969.0,41728.0,37823.0,3.547,292.1,13.35,6.2,3.53,2.0,-1.0,13.5,0.025,0.234,3.0,2.0,0.0,0.0,35.28,35.98,38.16,37.5,38.08,35.77,38.32,36.95,37.64,48.47
2016-06-07 16:07:00-05:00,571.33014,550.7985,503000.0,32.7,0.0,529.5,26.82,334.2,274.3,273.2,271.2,159.6,159.3,159.6,334.0,433.6,60.17,129.3,1380825.0,336.1,144.8,5.0,0.0,0.0,0.0,0.0,0.0,0.0,0.0,0.0,26.76,34.55,537.0,156.3,158.9,156.2,60.0,59.9,74.7,0.0,271.1,271.0,273.0,127.1,12.14,127.7,601.0,1371301.0,41171.0,126492.0,0.995,0.979,0.748,0.921,57.44,57.67,57.43,57.45,57.74,57.09,49.55,19.2,19.27,19.19,19.2,19.29,19.08,16.56,43015.0,43670.0,43241.0,43089.0,43969.0,41728.0,37823.0,3.92,277.1,9.87,6.4,3.53,2.0,-1.0,13.5,0.025,0.233,3.0,2.0,0.0,0.0,35.53,36.12,38.12,37.42,38.0,35.88,38.2,37.09,37.62,48.52
2016-06-07 16:08:00-05:00,568.95404,547.6604,503001.0,32.7,0.0,526.3,27.12,334.0,274.4,273.2,271.3,158.4,158.2,158.5,333.7,431.0,60.15,128.4,1380827.0,335.0,143.8,5.0,0.0,0.0,0.0,0.0,0.0,0.0,0.0,0.0,27.14,35.34,533.9,155.3,157.8,155.2,60.0,59.9,74.7,0.0,271.0,271.0,273.0,126.3,11.96,126.9,601.0,1371303.0,41171.0,126492.0,0.996,0.979,0.748,0.921,57.14,57.47,56.93,56.83,57.39,56.87,49.19,19.08,19.19,19.01,18.98,19.16,18.99,16.42,43015.0,43670.0,43241.0,43090.0,43969.0,41728.0,37823.0,2.382,300.2,16.01,3.4,3.53,2.0,-1.0,13.5,0.025,0.233,3.0,2.0,0.0,0.0,36.23,36.66,38.28,37.79,38.43,36.34,38.43,37.59,37.82,48.45
2016-06-07 16:09:00-05:00,566.22156,544.2981,503002.0,32.7,0.0,523.0,27.29,333.9,274.3,273.2,271.3,157.4,157.2,157.5,333.4,428.3,60.17,127.6,1380829.0,335.6,142.8,5.0,0.0,0.0,0.0,0.0,0.0,0.0,0.0,0.0,27.34,35.68,531.0,154.2,156.7,154.1,60.0,59.9,74.7,0.0,271.0,271.0,273.0,125.5,11.86,126.0,601.0,1371305.0,41171.0,126492.0,0.996,0.979,0.748,0.921,56.83,57.1,56.58,56.5,57.02,56.51,48.84,18.98,19.06,18.89,18.87,19.04,18.87,16.31,43015.0,43670.0,43242.0,43090.0,43969.0,41728.0,37823.0,2.893,300.3,9.65,4.2,3.528,2.0,-1.0,13.5,0.025,0.233,3.0,2.0,0.0,0.0,36.59,36.95,38.49,37.84,38.65,36.47,38.54,37.57,37.77,48.4
2016-06-07 16:10:00-05:00,563.9643,541.4963,503003.0,32.7,0.0,520.0,27.44,333.7,274.5,273.3,271.3,156.3,156.2,156.4,333.3,426.4,60.2,126.7,1380831.0,335.5,142.1,5.0,0.0,0.0,0.0,0.0,0.0,0.0,0.0,0.0,27.41,35.98,528.5,153.1,155.8,153.0,60.0,59.9,74.7,0.0,271.2,271.0,273.0,124.7,11.76,125.3,601.0,1371307.0,41171.0,126492.0,0.996,0.979,0.748,0.921,56.5,56.53,56.35,56.44,56.65,55.99,48.57,18.85,18.86,18.8,18.83,18.9,18.68,16.21,43015.0,43670.0,43242.0,43090.0,43969.0,41729.0,37823.0,2.417,313.6,17.2,4.2,3.53,2.0,-1.0,13.5,0.025,0.233,3.0,2.0,0.0,0.0,36.95,36.85,38.67,37.92,38.57,36.5,38.58,37.84,37.64,48.4
2016-06-07 16:11:00-05:00,562.06335,538.91846,503004.0,32.7,0.0,517.1,27.22,334.2,274.3,273.2,271.3,155.7,155.6,155.8,333.6,424.2,60.16,126.2,1380834.0,336.2,141.5,5.0,0.0,0.0,0.0,0.0,0.0,0.0,0.0,0.0,27.26,35.04,525.9,152.5,155.1,152.4,60.0,59.9,74.7,0.0,271.1,271.0,273.0,124.2,11.64,124.7,601.0,1371309.0,41171.0,126492.0,0.996,0.979,0.748,0.921,56.15,56.31,55.77,55.89,56.35,55.72,48.13,18.76,18.81,18.63,18.67,18.83,18.62,16.08,43015.0,43671.0,43242.0,43090.0,43970.0,41729.0,37824.0,3.892,308.4,11.06,5.4,3.528,2.0,-1.0,13.5,0.025,0.233,3.0,2.0,0.0,0.0,36.3,36.38,38.44,37.61,38.23,35.92,38.42,37.1,37.44,48.4
2016-06-07 16:12:00-05:00,558.9744,535.22,503005.0,32.72,0.0,513.1,27.05,334.5,274.5,273.4,271.5,154.6,154.5,154.7,333.8,421.3,60.15,125.3,1380836.0,335.7,140.6,5.0,0.0,0.0,0.0,0.0,0.0,0.0,0.0,0.0,27.11,34.82,522.3,151.4,154.1,151.4,60.0,59.9,74.7,0.0,271.2,271.0,273.0,123.4,11.52,123.9,601.0,1371311.0,41171.0,126493.0,0.996,0.979,0.748,0.921,55.7,55.96,55.57,55.42,55.83,55.33,47.92,18.63,18.72,18.59,18.54,18.67,18.51,16.03,43016.0,43671.0,43242.0,43091.0,43970.0,41729.0,37824.0,4.51,309.5,17.96,6.4,3.528,2.0,-1.0,13.5,0.025,0.233,3.0,2.0,0.0,0.0,35.85,35.89,37.99,37.14,37.65,35.51,37.92,36.63,36.89,48.4
2016-06-07 16:13:00-05:00,558.49927,534.0992,503006.0,32.73,0.0,511.2,27.36,334.7,274.4,273.5,271.6,154.1,154.1,154.3,334.2,419.9,60.19,125.0,1380838.0,336.5,140.3,5.0,0.0,0.0,0.0,0.0,0.0,0.0,0.0,0.0,27.36,35.45,520.8,150.9,153.5,150.8,60.0,59.9,74.7,0.0,271.5,271.0,273.0,123.0,11.47,123.5,601.0,1371313.0,41171.0,126493.0,0.996,0.979,0.748,0.921,55.57,55.72,55.48,55.38,55.63,55.11,47.83,18.6,18.65,18.57,18.54,18.62,18.44,16.01,43016.0,43671.0,43243.0,43091.0,43970.0,41729.0,37824.0,2.942,277.5,34.91,5.2,3.528,2.0,-1.0,13.51,0.025,0.233,3.0,2.0,0.0,0.0,36.43,36.3,37.99,37.3,37.58,36.13,37.94,37.06,36.76,48.47
2016-06-07 16:14:00-05:00,556.12317,530.96106,503007.0,32.73,0.0,507.8,27.43,334.6,274.7,273.4,271.6,153.1,153.2,153.4,333.8,417.5,60.14,124.2,1380840.0,335.0,139.4,5.0,0.0,0.0,0.0,0.0,0.0,0.0,0.0,0.0,27.39,35.62,517.6,149.9,152.6,149.9,60.0,59.9,74.7,0.0,271.7,271.1,273.0,122.2,11.33,122.7,601.0,1371315.0,41171.0,126493.0,0.996,0.979,0.748,0.921,55.13,55.32,55.3,55.09,55.25,54.72,47.69,18.45,18.51,18.5,18.43,18.49,18.31,15.96,43016.0,43671.0,43243.0,43091.0,43970.0,41730.0,37824.0,3.472,284.9,14.75,4.7,3.53,2.0,-1.0,13.51,0.025,0.233,3.0,2.0,0.0,0.0,36.8,36.44,37.89,37.3,37.59,35.96,37.86,37.08,37.01,48.52
2016-06-07 16:15:00-05:00,551.7274,526.25385,503008.0,32.73,0.0,503.2,27.38,335.1,274.6,273.3,271.5,151.9,151.9,152.1,333.7,413.6,60.14,123.1,1380842.0,335.6,138.0,5.0,0.0,0.0,0.0,0.0,0.0,0.0,0.0,0.0,27.32,35.51,513.2,148.6,151.3,148.6,60.0,59.9,74.7,0.0,271.4,271.0,273.0,121.1,11.14,121.6,601.0,1371317.0,41171.0,126493.0,0.996,0.979,0.748,0.921,54.54,54.8,54.63,54.39,54.66,54.31,47.15,18.28,18.36,18.3,18.23,18.32,18.2,15.8,43016.0,43671.0,43243.0,43091.0,43971.0,41730.0,37825.0,,0.0,0.0,,,2.0,-1.0,13.5,0.025,0.233,3.0,2.0,0.0,0.0,36.82,36.48,37.87,37.27,37.59,35.98,37.84,37.03,36.99,48.5
2016-06-07 16:16:00-05:00,548.6385,522.7795,503009.0,32.73,0.0,499.4,27.26,335.3,274.6,273.4,271.6,150.8,150.9,151.1,335.0,410.7,60.15,122.3,1380844.0,337.0,137.6,5.0,0.0,0.0,0.0,0.0,0.0,0.0,0.0,0.0,27.18,35.09,510.0,147.7,150.4,147.7,60.0,59.9,74.7,0.0,271.6,271.0,273.0,120.4,11.06,120.9,601.0,1371319.0,41171.0,126493.0,0.996,0.979,0.748,0.921,54.16,54.31,54.18,54.19,54.41,53.83,46.63,18.16,18.21,18.16,18.17,18.24,18.05,15.63,43017.0,43672.0,43243.0,43092.0,43971.0,41730.0,37825.0,3.46,298.7,12.25,5.8,3.528,2.0,-1.0,13.5,0.025,0.233,3.0,2.0,0.0,0.0,36.72,36.05,37.62,36.94,37.28,35.49,37.58,36.48,36.76,48.52
2016-06-07 16:17:00-05:00,545.54956,519.41724,503010.0,32.73,0.0,495.7,27.09,335.5,274.4,273.5,271.8,149.8,149.7,149.9,334.8,407.8,60.15,121.4,1380846.0,337.1,136.5,5.0,0.0,0.0,0.0,0.0,0.0,0.0,0.0,0.0,27.06,34.7,506.9,146.6,149.3,146.5,60.0,59.9,74.7,0.0,271.9,271.0,273.0,119.5,10.92,120.0,601.0,1371321.0,41171.0,126494.0,0.996,0.979,0.748,0.921,53.72,53.97,53.78,53.65,53.96,53.47,46.36,18.02,18.11,18.04,18.0,18.1,17.94,15.55,43017.0,43672.0,43244.0,43092.0,43971.0,41730.0,37825.0,3.105,288.1,19.39,5.2,3.528,2.0,-1.0,13.5,0.025,0.233,3.0,2.0,0.0,0.0,36.02,35.89,37.54,37.02,37.53,35.69,37.7,36.89,36.68,48.52
2016-06-07 16:18:00-05:00,541.1538,514.48584,503011.0,32.73,0.0,490.9,27.12,335.5,274.5,273.5,271.7,148.3,148.3,148.4,334.9,404.0,60.15,120.2,1380848.0,337.5,135.3,5.0,0.0,0.0,0.0,0.0,0.0,0.0,0.0,0.0,27.08,35.12,502.8,145.1,147.8,145.0,60.0,59.9,74.7,0.0,271.8,271.0,273.1,118.3,10.72,118.8,601.0,1371323.0,41171.0,126494.0,0.996,0.979,0.748,0.921,53.19,53.41,53.21,53.1,53.46,52.95,45.92,17.84,17.92,17.85,17.81,17.93,17.76,15.4,43017.0,43672.0,43244.0,43092.0,43971.0,41731.0,37825.0,,0.0,0.0,,,2.0,-1.0,13.5,0.025,0.233,3.0,2.0,0.0,0.0,36.12,36.08,37.63,37.08,37.58,35.74,37.74,37.13,36.89,48.46
2016-06-07 16:19:00-05:00,537.9461,510.8994,503012.0,32.73,0.0,487.2,27.07,335.6,274.4,273.6,271.8,147.1,147.2,147.4,334.6,401.0,60.14,119.3,1380850.0,336.1,134.2,5.0,0.0,0.0,0.0,0.0,0.0,0.0,0.0,0.0,27.06,35.2,499.5,143.9,146.6,143.8,60.0,59.9,74.7,0.0,271.9,271.2,273.2,117.4,10.55,117.9,601.0,1371325.0,41171.0,126494.0,0.996,0.979,0.748,0.921,52.84,52.88,52.57,52.9,53.15,52.36,45.31,17.73,17.74,17.64,17.75,17.84,17.57,15.21,43017.0,43672.0,43244.0,43092.0,43972.0,41731.0,37826.0,3.003,282.9,15.46,5.0,3.528,2.0,-1.0,13.5,0.025,0.233,3.0,2.0,0.0,0.0,36.33,36.0,37.55,37.12,37.37,35.91,37.61,37.14,37.17,48.4
2016-06-07 16:20:00-05:00,535.4512,507.87335,503013.0,32.73,0.0,484.1,27.22,335.4,274.4,273.5,271.8,146.1,146.2,146.4,334.1,398.7,60.14,118.5,1380852.0,335.4,133.2,5.0,0.0,0.0,0.0,0.0,0.0,0.0,0.0,0.0,27.21,34.92,496.6,143.0,145.6,142.9,60.0,59.9,74.7,0.0,272.0,271.2,273.1,116.7,10.42,117.1,601.0,1371327.0,41171.0,126494.0,0.996,0.979,0.748,0.921,52.46,52.51,52.49,52.66,52.73,51.98,45.23,17.59,17.61,17.61,17.66,17.68,17.43,15.17,43018.0,43673.0,43244.0,43093.0,43972.0,41731.0,37826.0,3.265,293.1,16.86,5.4,3.528,2.0,-1.0,13.51,0.025,0.233,3.0,2.0,0.0,0.0,36.18,35.9,37.5,37.01,37.37,35.74,37.61,36.99,37.01,48.42
2016-06-07 16:21:00-05:00,531.53064,503.39032,503014.0,32.73,0.0,479.5,27.5,335.3,274.4,273.6,271.8,144.9,145.0,145.2,334.7,395.4,60.13,117.4,1380854.0,335.9,132.3,5.0,0.0,0.0,0.0,0.0,0.0,0.0,0.0,0.0,27.45,35.17,492.4,141.6,144.3,141.6,60.0,59.9,74.7,0.0,272.0,271.3,273.1,115.6,10.25,116.0,601.0,1371329.0,41171.0,126494.0,0.996,0.979,0.748,0.921,51.99,52.0,51.9,52.2,52.2,51.44,44.79,17.43,17.44,17.4,17.5,17.5,17.25,15.02,43018.0,43673.0,43245.0,43093.0,43972.0,41731.0,37826.0,4.247,288.8,11.03,6.9,3.528,2.0,-1.0,13.5,0.025,0.233,3.0,2.0,0.0,0.0,36.42,36.22,37.54,37.29,37.48,36.06,37.68,37.19,36.91,48.42
2016-06-07 16:22:00-05:00,527.96655,499.24347,503015.0,32.73,0.0,475.1,27.36,335.6,274.5,273.6,271.7,143.8,143.8,144.1,335.1,392.1,60.14,116.5,1380856.0,337.4,131.4,5.0,0.0,0.0,0.0,0.0,0.0,0.0,0.0,0.0,27.24,34.75,488.6,140.4,143.2,140.5,60.0,59.9,74.7,0.0,272.0,271.4,273.2,114.7,10.14,115.1,601.0,1371331.0,41171.0,126494.0,0.996,0.979,0.748,0.921,51.63,51.78,51.36,51.51,51.86,51.2,44.36,17.33,17.38,17.24,17.29,17.4,17.18,14.89,43018.0,43673.0,43245.0,43093.0,43972.0,41731.0,37826.0,,0.0,0.0,,,2.0,-1.0,13.5,0.025,0.233,3.0,2.0,0.0,0.0,36.03,35.67,37.22,36.69,36.92,35.3,37.36,36.39,36.76,48.46
2016-06-07 16:23:00-05:00,526.0657,496.66574,503016.0,32.73,0.0,472.1,27.33,336.0,274.6,273.5,271.7,143.0,143.0,143.2,335.2,389.7,60.15,115.8,1380857.0,336.9,130.6,5.0,0.0,0.0,0.0,0.0,0.0,0.0,0.0,0.0,27.3,34.69,486.0,139.7,142.4,139.7,60.0,59.9,74.7,0.0,272.0,271.4,273.0,114.0,10.07,114.5,601.0,1371333.0,41171.0,126495.0,0.996,0.979,0.748,0.921,51.12,51.39,51.04,51.19,51.45,50.8,44.11,17.17,17.27,17.15,17.2,17.29,17.07,14.82,43018.0,43673.0,43245.0,43093.0,43973.0,41732.0,37827.0,,0.0,0.0,,,2.0,-1.0,13.51,0.025,0.233,3.0,2.0,0.0,0.0,36.05,35.53,36.99,36.54,36.76,35.46,37.16,36.59,36.6,48.52
2016-06-07 16:24:00-05:00,522.62036,492.63098,503017.0,32.71,0.0,467.9,27.14,336.3,274.5,273.3,271.6,142.0,142.2,142.3,335.5,386.7,60.15,115.0,1380859.0,337.2,129.7,5.0,0.0,0.0,0.0,0.0,0.0,0.0,0.0,0.0,27.0,33.91,482.2,138.7,141.5,138.7,60.0,59.9,74.7,0.0,271.9,271.0,273.0,113.2,9.96,113.6,601.0,1371335.0,41171.0,126495.0,0.996,0.979,0.748,0.921,50.65,50.95,50.69,50.76,51.06,50.37,43.75,17.03,17.13,17.05,17.07,17.17,16.94,14.71,43018.0,43674.0,43245.0,43093.0,43973.0,41732.0,37827.0,3.925,295.1,26.13,5.8,3.527,2.0,-1.0,13.5,0.025,0.233,3.0,2.0,0.0,0.0,35.24,35.17,36.71,36.24,36.54,34.99,36.91,36.08,36.49,48.52
2016-06-07 16:25:00-05:00,519.53143,489.2687,503018.0,32.7,0.0,464.1,27.0,336.5,274.3,273.6,271.8,141.0,141.1,141.3,335.8,384.1,60.14,114.2,1380861.0,337.5,129.0,5.0,0.0,0.0,0.0,0.0,0.0,0.0,0.0,0.0,26.93,33.38,478.9,137.7,140.5,137.7,60.0,59.9,74.7,0.0,271.9,271.4,273.3,112.4,9.81,112.9,601.0,1371336.0,41171.0,126495.0,0.996,0.979,0.748,0.921,50.3,50.76,50.39,50.36,50.64,50.18,43.52,16.92,17.08,16.95,16.95,17.04,16.88,14.64,43019.0,43674.0,43245.0,43094.0,43973.0,41732.0,37827.0,4.11,298.6,11.25,5.9,3.528,2.0,-1.0,13.5,0.025,0.233,3.0,2.0,0.0,0.0,34.49,34.81,36.55,36.01,36.35,34.73,36.73,35.8,36.14,48.52
2016-06-07 16:26:00-05:00,515.9673,485.45813,503019.0,32.7,0.0,459.9,27.01,337.3,274.8,273.5,271.7,139.8,139.9,140.1,336.9,380.5,60.14,113.2,1380863.0,337.7,128.2,5.0,0.0,0.0,0.0,0.0,0.0,0.0,0.0,0.0,26.94,33.14,475.3,136.5,139.3,136.6,60.0,59.9,74.7,0.0,272.0,271.5,273.4,111.5,9.65,111.9,601.0,1371338.0,41171.0,126495.0,0.996,0.979,0.748,0.921,49.91,50.11,49.79,49.97,50.25,49.47,43.05,16.83,16.9,16.79,16.85,16.95,16.68,14.52,43019.0,43674.0,43246.0,43094.0,43973.0,41732.0,37827.0,,0.0,0.0,,,2.0,-1.0,13.5,0.025,0.233,3.0,2.0,0.0,0.0,34.17,34.47,36.17,35.62,35.85,34.33,36.35,35.39,35.96,48.52
2016-06-07 16:27:00-05:00,511.3339,480.75092,503020.0,32.7,0.0,455.0,26.95,337.9,274.3,273.5,271.7,138.5,138.7,138.9,337.3,376.4,60.14,112.1,1380865.0,339.7,127.0,5.0,0.0,0.0,0.0,0.0,0.0,0.0,0.0,0.0,26.88,32.82,470.8,135.2,138.0,135.3,60.0,59.9,74.7,0.0,272.0,271.2,273.1,110.4,9.49,110.8,601.0,1371340.0,41171.0,126495.0,0.996,0.979,0.748,0.921,49.17,49.4,49.21,49.42,49.41,48.77,42.56,16.61,16.69,16.63,16.7,16.69,16.48,14.38,43019.0,43674.0,43246.0,43094.0,43973.0,41733.0,37827.0,3.685,308.6,18.22,5.4,3.527,2.0,-1.0,13.5,0.025,0.233,3.0,2.0,0.0,0.0,33.73,34.16,35.87,35.31,35.69,34.11,36.01,35.2,35.68,48.52
2016-06-07 16:28:00-05:00,508.245,477.27652,503021.0,32.66,0.0,450.5,27.01,337.6,274.7,273.7,271.9,137.5,137.6,137.8,336.9,374.1,60.13,111.4,1380867.0,338.2,126.0,5.0,0.0,0.0,0.0,0.0,0.0,0.0,0.0,0.0,26.9,32.94,467.7,134.1,137.0,134.2,60.0,59.9,74.7,0.0,272.0,271.7,273.7,109.7,9.35,110.1,601.0,1371342.0,41171.0,126495.0,0.996,0.979,0.748,0.921,48.87,49.26,49.09,48.87,49.18,48.73,42.38,16.5,16.63,16.57,16.49,16.6,16.45,14.3,43019.0,43675.0,43246.0,43094.0,43974.0,41733.0,37828.0,,0.0,0.0,,,2.0,-1.0,13.51,0.025,0.233,3.0,2.0,0.0,0.0,33.95,34.11,35.65,35.15,35.56,33.99,35.82,35.0,35.52,48.51
2016-06-07 16:29:00-05:00,505.9877,474.58673,503022.0,32.62,0.0,448.5,26.91,338.0,275.0,273.7,271.9,136.7,136.9,137.1,336.6,371.8,60.14,110.8,1380869.0,338.9,125.2,5.0,0.0,0.0,0.0,0.0,0.0,0.0,0.0,0.0,26.86,32.65,465.2,133.4,136.2,133.5,60.0,59.9,74.7,0.0,272.0,272.0,274.0,109.1,9.23,109.5,601.0,1371344.0,41171.0,126496.0,0.996,0.979,0.748,0.921,48.63,49.02,48.57,48.58,48.98,48.46,41.93,16.44,16.57,16.42,16.42,16.56,16.38,14.17,43020.0,43675.0,43246.0,43095.0,43974.0,41733.0,37828.0,4.85,303.3,13.93,7.0,3.528,2.0,-1.0,13.51,0.025,0.233,3.0,2.0,0.0,0.0,33.75,33.88,35.42,34.82,35.3,33.6,35.56,34.69,35.25,48.5
2016-06-07 16:30:00-05:00,502.186,470.32782,503023.0,32.61,0.0,442.3,26.89,338.8,274.8,273.5,271.8,135.6,135.8,136.0,338.0,368.0,60.12,109.8,1380870.0,340.0,124.4,5.0,0.0,0.0,0.0,0.0,0.0,0.0,0.0,0.0,26.88,32.62,461.1,132.3,135.1,132.4,60.0,59.9,74.7,0.0,272.0,271.4,273.4,108.1,9.13,108.5,601.0,1371346.0,41171.0,126496.0,0.996,0.979,0.748,0.921,48.19,48.47,48.13,48.26,48.46,47.86,41.54,16.33,16.42,16.31,16.35,16.42,16.21,14.07,43020.0,43675.0,43247.0,43095.0,43974.0,41733.0,37828.0,,0.0,0.0,,,2.05,-1.0,13.5,0.025,0.233,3.0,2.0,0.0,0.0,33.54,33.6,35.31,34.78,35.2,33.6,35.44,34.66,34.98,48.44
2016-06-07 16:31:00-05:00,498.26547,465.95685,503024.0,32.59,0.0,439.3,26.91,338.1,274.6,273.5,271.8,134.4,134.6,134.8,337.8,365.5,60.14,108.7,1380872.0,339.3,123.5,5.0,0.0,0.0,0.0,0.0,0.0,0.0,0.0,0.0,26.87,32.47,457.2,131.0,133.9,131.1,60.0,59.9,74.7,0.0,272.0,271.3,273.4,107.1,8.99,107.5,601.0,1371347.0,41171.0,126496.0,0.996,0.979,0.748,0.921,47.74,47.97,47.8,47.85,48.02,47.43,41.24,16.14,16.22,16.16,16.18,16.23,16.04,13.94,43020.0,43675.0,43247.0,43095.0,43974.0,41734.0,37828.0,3.942,296.9,12.73,5.9,3.528,2.5,-1.0,13.51,0.025,0.233,3.0,2.0,0.0,0.0,33.39,33.6,35.18,34.74,35.18,33.47,35.41,34.53,35.01,48.42
2016-06-07 16:32:00-05:00,495.53293,462.81873,503025.0,32.58,0.0,436.5,26.89,338.8,274.6,273.7,271.9,133.4,133.6,133.8,338.2,362.4,60.14,108.0,1380874.0,339.5,122.6,5.0,0.0,0.0,0.0,0.0,0.0,0.0,0.0,0.0,26.87,32.31,454.1,130.0,132.9,130.1,60.0,59.9,74.7,0.0,272.0,271.7,273.7,106.3,8.87,106.7,601.0,1371349.0,41171.0,126496.0,0.997,0.979,0.748,0.921,47.19,47.52,47.45,47.46,47.44,46.98,40.92,15.98,16.1,16.07,16.08,16.07,15.91,13.86,43020.0,43675.0,43247.0,43095.0,43975.0,41734.0,37829.0,4.453,311.5,18.75,6.0,3.528,2.0,-1.0,13.5,0.025,0.232,3.0,2.0,0.0,0.0,33.33,33.33,34.97,34.5,34.77,33.33,35.11,34.14,34.7,48.42
2016-06-07 16:33:00-05:00,492.08765,458.67188,503026.0,32.57,0.0,432.4,27.0,339.6,274.5,273.4,271.7,132.2,132.4,132.6,338.9,358.5,60.14,106.9,1380876.0,341.1,121.5,5.0,0.0,0.0,0.0,0.0,0.0,0.0,0.0,0.0,26.96,32.67,450.1,128.8,131.7,128.9,60.0,59.9,74.7,0.0,272.0,271.4,273.3,105.3,8.69,105.7,601.0,1371351.0,41171.0,126496.0,0.997,0.979,0.748,0.921,46.78,47.04,46.84,46.73,46.88,46.57,40.39,15.89,15.98,15.91,15.87,15.92,15.82,13.72,43021.0,43676.0,43247.0,43096.0,43975.0,41734.0,37829.0,3.737,310.9,12.17,6.0,3.528,2.0,-1.0,13.5,0.025,0.232,3.0,2.0,0.0,0.0,33.48,33.48,35.02,34.68,35.04,33.67,35.25,34.5,34.25,48.39
2016-06-07 16:34:00-05:00,486.38498,452.50772,503027.0,32.55,0.0,426.7,27.04,339.6,274.5,273.3,271.6,130.5,130.7,130.9,339.0,354.0,60.14,105.5,1380878.0,340.9,120.0,5.0,0.0,0.0,0.0,0.0,0.0,0.0,0.0,0.0,27.01,32.57,444.6,127.0,129.9,127.1,60.0,59.9,74.7,0.0,272.0,271.0,273.0,103.8,8.46,104.2,601.0,1371353.0,41171.0,126496.0,0.997,0.979,0.748,0.921,46.06,46.32,46.1,46.13,46.17,45.86,39.72,15.64,15.73,15.65,15.66,15.68,15.57,13.49,43021.0,43676.0,43248.0,43096.0,43975.0,41734.0,37829.0,4.238,303.6,12.32,8.3,3.528,2.0,-1.0,13.5,0.025,0.232,3.0,2.0,0.0,0.0,33.43,33.47,35.05,34.6,35.12,33.55,35.21,34.37,34.26,48.34
2016-06-07 16:35:00-05:00,482.34564,448.24884,503028.0,32.54,0.0,422.4,27.04,339.0,274.6,273.2,271.5,129.2,129.6,129.7,338.3,351.2,60.15,104.5,1380879.0,340.2,118.8,5.0,0.0,0.0,0.0,0.0,0.0,0.0,0.0,0.0,26.94,32.13,440.7,125.8,128.7,125.9,60.0,59.9,74.7,0.0,272.0,271.0,273.0,102.9,8.37,103.2,601.0,1371354.0,41171.0,126496.0,0.997,0.979,0.748,0.921,45.75,45.92,45.77,45.78,45.78,45.51,39.5,15.51,15.57,15.52,15.52,15.52,15.43,13.39,43021.0,43676.0,43248.0,43096.0,43975.0,41735.0,37829.0,4.867,314.6,20.67,9.4,3.528,2.0,-1.0,13.5,0.025,0.232,3.0,2.0,0.0,0.0,33.21,33.24,34.74,34.28,34.65,33.24,34.95,33.99,34.03,48.33
2016-06-07 16:36:00-05:00,479.25674,444.55032,503029.0,32.51,0.0,418.3,27.09,339.7,274.4,273.3,271.5,128.1,128.3,128.5,339.0,347.6,60.15,103.5,1380881.0,341.1,117.8,5.0,0.0,0.0,0.0,0.0,0.0,0.0,0.0,0.0,27.08,32.29,437.1,124.6,127.5,124.7,60.0,59.9,74.7,0.0,272.0,271.0,273.0,101.9,8.21,102.2,601.0,1371356.0,41171.0,126497.0,0.997,0.979,0.748,0.921,45.26,45.41,45.26,45.29,45.24,45.04,38.97,15.38,15.43,15.38,15.38,15.37,15.3,13.24,43021.0,43676.0,43248.0,43096.0,43976.0,41735.0,37830.0,3.78,305.6,16.14,6.3,3.528,2.0,-1.0,13.5,0.025,0.232,3.0,2.0,0.0,0.0,33.12,33.12,34.56,34.22,34.65,33.32,34.87,34.08,33.89,48.33
2016-06-07 16:37:00-05:00,475.69263,440.4035,503030.0,32.51,0.0,413.9,27.12,339.4,274.6,273.2,271.4,126.8,127.0,127.2,338.9,344.6,60.14,102.4,1380883.0,340.8,116.8,5.0,0.0,0.0,0.0,0.0,0.0,0.0,0.0,0.0,27.04,32.68,433.3,123.3,126.0,123.3,60.0,59.9,74.7,0.0,272.0,271.2,273.0,100.8,8.03,101.1,601.0,1371358.0,41171.0,126497.0,0.997,0.979,0.748,0.921,44.75,44.94,44.86,44.85,44.65,44.6,38.64,15.19,15.25,15.22,15.22,15.15,15.13,13.11,43022.0,43677.0,43248.0,43096.0,43976.0,41735.0,37830.0,3.42,299.4,11.98,6.1,3.528,2.0,-1.0,13.5,0.025,0.232,3.0,2.0,0.0,0.0,33.41,33.54,34.71,34.36,34.78,33.7,34.87,34.32,33.97,48.33
2016-06-07 16:38:00-05:00,471.17807,435.47214,503031.0,32.51,0.0,409.1,27.44,339.2,274.2,273.4,271.6,125.2,125.4,125.6,338.2,340.9,60.14,101.1,1380884.0,340.1,115.3,5.0,0.0,0.0,0.0,0.0,0.0,0.0,0.0,0.0,27.47,33.32,429.0,121.7,124.4,121.8,60.0,59.9,74.7,0.0,272.0,271.4,273.1,99.5,7.815,99.8,601.0,1371359.0,41171.0,126497.0,0.997,0.979,0.748,0.921,44.26,44.44,44.28,44.24,44.23,44.09,38.19,15.01,15.08,15.02,15.01,15.0,14.96,12.95,43022.0,43677.0,43249.0,43097.0,43976.0,41735.0,37830.0,2.852,293.6,21.57,5.2,3.527,2.0,-1.0,13.5,0.025,0.232,3.0,2.0,0.0,0.0,34.09,34.09,34.96,34.81,35.08,34.24,35.2,34.78,34.17,48.33
2016-06-07 16:39:00-05:00,469.6336,433.23062,503032.0,32.48,0.0,406.7,27.41,338.3,274.3,273.5,271.6,124.5,124.8,125.0,337.7,339.6,60.14,100.6,1380886.0,340.9,114.7,5.0,0.0,0.0,0.0,0.0,0.0,0.0,0.0,0.0,27.38,33.12,427.0,121.0,123.8,121.1,60.0,59.9,74.7,0.0,272.0,271.7,273.1,99.0,7.761,99.3,601.0,1371361.0,41171.0,126497.0,0.997,0.979,0.748,0.921,44.12,44.25,44.2,44.09,44.19,43.92,38.15,14.93,14.97,14.95,14.92,14.95,14.86,12.91,43022.0,43677.0,43249.0,43097.0,43976.0,41735.0,37830.0,3.77,283.3,21.8,7.0,3.527,2.0,-1.0,13.5,0.025,0.232,3.0,2.0,0.0,0.0,34.13,33.8,34.87,34.59,34.83,33.76,35.05,34.38,34.26,48.39
2016-06-07 16:40:00-05:00,463.93097,427.40268,503033.0,32.48,0.0,400.7,27.42,340.6,274.3,273.5,271.6,122.7,123.0,123.2,339.9,333.5,60.15,99.0,1380888.0,343.2,113.3,5.0,0.0,0.0,0.0,0.0,0.0,0.0,0.0,0.0,27.28,33.21,421.0,119.2,121.9,119.2,60.0,59.9,74.7,0.0,272.0,271.9,273.1,97.5,7.533,97.8,601.0,1371363.0,41171.0,126497.0,0.997,0.979,0.748,0.921,43.1,43.33,43.17,43.04,43.3,43.01,37.23,14.68,14.76,14.7,14.66,14.75,14.65,12.68,43022.0,43677.0,43249.0,43097.0,43976.0,41736.0,37830.0,3.465,286.3,20.45,5.8,3.528,2.0,-1.0,13.5,0.025,0.232,3.0,2.0,0.0,0.0,34.38,33.67,34.73,34.46,34.68,33.76,34.92,34.49,34.34,48.42
2016-06-07 16:41:00-05:00,459.41644,422.69547,503034.0,32.48,0.0,396.2,27.3,338.5,274.6,273.5,271.6,121.3,121.6,121.7,337.6,331.5,60.18,97.9,1380889.0,339.0,111.9,5.0,0.0,0.0,0.0,0.0,0.0,0.0,0.0,0.0,27.13,33.12,416.8,117.8,120.6,117.8,60.0,59.9,74.7,0.0,272.0,271.8,273.2,96.4,7.367,96.7,601.0,1371364.0,41171.0,126497.0,0.997,0.979,0.748,0.921,42.84,42.95,42.9,42.98,43.12,42.65,37.02,14.5,14.54,14.52,14.55,14.59,14.44,12.53,43022.0,43678.0,43249.0,43097.0,43977.0,41736.0,37831.0,2.757,292.6,25.42,4.6,3.526,2.0,-1.0,13.5,0.025,0.232,3.0,2.0,0.0,0.0,34.29,33.64,34.64,34.33,34.64,33.62,34.86,34.35,34.33,48.42
2016-06-07 16:42:00-05:00,459.06003,421.79883,503035.0,32.47,0.0,395.0,27.18,338.6,274.2,273.5,271.6,120.9,121.2,121.3,337.7,330.4,60.14,97.5,1380891.0,339.4,111.6,5.0,0.0,0.0,0.0,0.0,0.0,0.0,0.0,0.0,27.13,32.91,415.9,117.4,120.1,117.4,60.0,59.9,74.7,0.0,272.0,271.8,273.1,96.0,7.293,96.3,601.0,1371366.0,41171.0,126497.0,0.997,0.979,0.748,0.921,42.8,42.9,42.85,42.76,43.06,42.54,36.97,14.49,14.52,14.51,14.48,14.58,14.4,12.51,43023.0,43678.0,43249.0,43098.0,43977.0,41736.0,37831.0,4.777,301.0,16.57,9.9,3.527,2.0,-1.0,13.5,0.025,0.232,3.0,2.0,0.0,0.0,33.96,33.7,34.63,34.43,34.67,33.65,34.94,34.38,34.26,48.42
2016-06-07 16:43:00-05:00,458.2284,420.566,503036.0,32.44,0.0,393.0,27.08,339.1,274.4,273.4,271.5,120.4,120.7,120.9,338.3,328.8,60.22,97.1,1380892.0,340.5,111.2,5.0,0.0,0.0,0.0,0.0,0.0,0.0,0.0,0.0,27.01,32.48,414.3,117.0,119.8,116.9,60.0,59.9,74.7,0.0,272.0,271.6,273.1,95.7,7.308,96.0,601.0,1371367.0,41171.0,126497.0,0.997,0.979,0.748,0.921,42.52,42.67,42.55,42.39,42.75,42.34,36.72,14.42,14.47,14.43,14.37,14.5,14.36,12.45,43023.0,43678.0,43250.0,43098.0,43977.0,41736.0,37831.0,4.575,307.0,29.33,9.0,3.528,2.0,-1.0,13.5,0.025,0.232,3.0,2.0,0.0,0.0,33.58,33.11,34.28,33.91,34.03,32.95,34.48,33.53,33.82,48.5
2016-06-07 16:44:00-05:00,456.9215,418.99695,503037.0,32.44,0.0,390.6,27.12,339.7,274.5,273.5,271.6,119.8,120.1,120.3,338.8,326.9,60.23,96.7,1380894.0,340.9,110.8,5.0,0.0,0.0,0.0,0.0,0.0,0.0,0.0,0.0,26.99,32.6,412.7,116.4,119.1,116.3,60.0,59.9,74.7,0.0,272.0,272.0,273.3,95.2,7.253,95.5,601.0,1371369.0,41171.0,126498.0,0.997,0.979,0.748,0.921,42.18,42.29,42.35,42.25,42.39,42.1,36.6,14.33,14.36,14.38,14.35,14.4,14.3,12.43,43023.0,43678.0,43250.0,43098.0,43977.0,41737.0,37831.0,5.698,289.7,25.35,8.7,3.525,2.0,-1.0,13.5,0.025,0.232,3.0,2.0,0.0,0.0,33.62,32.98,34.11,33.77,33.72,33.08,34.35,33.47,33.59,48.49
2016-06-07 16:45:00-05:00,455.8523,417.42786,503038.0,32.44,0.0,388.3,26.91,340.3,274.4,273.5,271.6,119.3,119.6,119.7,340.0,325.0,60.18,96.2,1380896.0,341.6,110.5,5.0,0.0,0.0,0.0,0.0,0.0,0.0,0.0,0.0,26.8,32.27,411.0,115.8,118.6,115.8,60.0,59.9,74.7,0.0,272.0,271.9,273.4,94.8,7.142,95.0,601.0,1371371.0,41171.0,126498.0,0.997,0.979,0.748,0.921,41.91,42.0,42.05,41.97,42.15,41.82,36.28,14.26,14.29,14.31,14.28,14.34,14.23,12.35,43023.0,43679.0,43250.0,43098.0,43978.0,41737.0,37832.0,4.198,309.0,15.41,8.1,3.526,2.0,-1.0,13.5,0.025,0.232,3.0,2.0,0.0,0.0,33.41,32.77,33.75,33.39,33.57,32.59,33.97,33.11,33.2,48.42
2016-06-07 16:46:00-05:00,454.07022,415.07428,503039.0,32.44,0.0,385.5,26.63,340.3,274.5,273.6,271.8,118.4,118.8,118.9,339.7,322.9,60.16,95.6,1380897.0,342.6,109.7,5.0,0.0,0.0,0.0,0.0,0.0,0.0,0.0,0.0,26.51,31.52,408.9,114.9,117.7,114.9,60.0,59.9,74.7,0.0,272.0,272.0,273.9,94.1,6.987,94.4,601.0,1371372.0,41171.0,126498.0,0.997,0.979,0.748,0.921,41.66,41.85,41.83,41.61,41.92,41.51,36.04,14.17,14.24,14.23,14.16,14.26,14.12,12.26,43024.0,43679.0,43250.0,43099.0,43978.0,41737.0,37832.0,3.133,320.0,16.1,5.4,3.527,2.0,-1.0,13.5,0.025,0.232,3.0,2.0,0.0,0.0,32.7,32.44,33.6,33.27,33.53,32.47,33.85,33.11,33.23,48.42
2016-06-07 16:47:00-05:00,450.5061,411.15158,503040.0,32.4,0.0,381.3,26.19,340.4,274.4,273.5,271.8,117.4,117.8,117.9,339.3,319.7,60.18,94.7,1380899.0,342.7,108.5,5.0,0.0,0.0,0.0,0.0,0.0,0.0,0.0,0.0,26.06,30.85,405.3,113.9,116.7,113.8,60.0,59.9,74.7,0.0,272.0,271.9,273.8,93.3,6.926,93.5,601.0,1371374.0,41171.0,126498.0,0.997,0.979,0.748,0.921,41.1,41.32,41.4,41.23,41.39,40.89,35.75,13.99,14.07,14.09,14.03,14.09,13.92,12.17,43024.0,43679.0,43251.0,43099.0,43978.0,41737.0,37832.0,5.487,305.0,14.47,9.8,3.527,2.0,-1.0,13.5,0.025,0.232,3.0,2.0,0.0,0.0,31.91,32.02,33.37,32.95,33.16,32.1,33.48,32.68,32.97,48.41
2016-06-07 16:48:00-05:00,445.27872,405.88403,503041.0,32.39,0.0,376.0,25.96,341.8,274.5,273.6,271.9,115.9,116.3,116.4,341.4,315.1,60.13,93.5,1380900.0,345.6,107.6,5.0,0.0,0.0,0.0,0.0,0.0,0.0,0.0,0.0,25.89,30.49,400.2,112.4,115.2,112.4,60.0,59.9,74.7,0.0,272.0,272.0,274.0,92.1,6.681,92.3,601.0,1371375.0,41171.0,126498.0,0.997,0.979,0.748,0.921,40.3,40.75,40.83,40.57,40.54,40.35,35.25,13.78,13.93,13.96,13.87,13.86,13.79,12.05,43024.0,43679.0,43251.0,43099.0,43978.0,41738.0,37832.0,4.14,334.6,30.94,7.9,3.527,2.0,-1.0,13.5,0.025,0.231,3.0,2.0,0.0,0.0,31.49,31.65,33.05,32.67,32.88,32.04,33.27,32.46,32.63,48.33
2016-06-07 16:49:00-05:00,439.93253,400.39227,503042.0,32.36,0.0,370.6,25.78,342.4,274.7,273.3,271.6,114.2,114.9,114.9,341.3,310.7,60.16,92.2,1380902.0,344.2,106.0,5.0,0.0,0.0,0.0,0.0,0.0,0.0,0.0,0.0,25.71,30.15,395.2,110.9,113.7,110.8,60.0,59.9,74.7,0.0,272.0,272.0,273.9,90.8,6.513,91.0,601.0,1371377.0,41171.0,126498.0,0.997,0.979,0.748,0.921,39.79,40.08,40.07,40.09,40.14,39.71,34.49,13.62,13.72,13.72,13.73,13.74,13.6,11.81,43024.0,43679.0,43251.0,43099.0,43979.0,41738.0,37833.0,3.177,324.3,25.03,5.4,3.527,2.0,-1.0,13.5,0.024,0.231,3.0,2.0,0.0,0.0,31.05,31.4,32.84,32.49,32.77,31.79,33.05,32.28,32.59,48.33
2016-06-07 16:50:00-05:00,434.94272,395.34888,503043.0,32.33,0.0,365.6,25.69,341.8,274.8,273.7,272.0,112.9,113.3,113.3,341.4,307.5,60.17,91.1,1380903.0,343.4,105.0,5.0,0.0,0.0,0.0,0.0,0.0,0.0,0.0,0.0,25.63,29.89,390.9,109.4,112.2,109.3,60.0,59.9,74.7,0.0,272.1,272.0,274.0,89.7,6.323,89.9,601.0,1371378.0,41171.0,126498.0,0.998,0.979,0.748,0.921,39.38,39.75,39.64,39.58,39.75,39.33,34.12,13.46,13.59,13.55,13.53,13.59,13.44,11.66,43025.0,43680.0,43251.0,43100.0,43979.0,41738.0,37833.0,3.182,326.5,28.77,5.2,3.527,2.0,-1.0,13.5,0.024,0.231,3.0,2.0,0.0,0.0,30.83,31.01,32.49,32.2,32.36,31.42,32.74,32.0,32.4,48.23
2016-06-07 16:51:00-05:00,433.04184,392.77112,503044.0,32.3,0.0,363.3,25.7,342.4,274.8,273.8,272.1,112.3,112.8,112.8,342.4,305.5,60.17,90.6,1380905.0,342.6,104.6,5.0,0.0,0.0,0.0,0.0,0.0,0.0,0.0,0.0,25.64,29.78,389.2,108.8,111.6,108.7,60.0,59.9,74.7,0.0,272.0,272.0,274.0,89.2,6.258,89.4,601.0,1371380.0,41171.0,126498.0,0.998,0.979,0.748,0.921,39.02,39.27,39.36,39.33,39.4,38.89,33.99,13.36,13.45,13.48,13.47,13.49,13.31,11.64,43025.0,43680.0,43252.0,43100.0,43979.0,41738.0,37833.0,3.75,314.9,18.61,6.7,3.527,2.0,-1.0,13.5,0.024,0.231,3.0,2.0,0.0,0.0,30.65,30.92,32.43,32.15,32.39,31.56,32.63,31.99,32.24,48.21
2016-06-07 16:52:00-05:00,430.19055,389.85715,503045.0,32.27,0.0,359.5,25.73,343.0,274.6,273.9,272.1,111.2,111.6,111.7,342.2,302.4,60.22,89.6,1380906.0,344.0,103.5,5.0,0.0,0.0,0.0,0.0,0.0,0.0,0.0,0.0,25.61,29.58,385.8,107.7,110.5,107.6,60.0,59.9,74.7,0.0,272.0,272.0,274.0,88.3,6.152,88.5,601.0,1371381.0,41171.0,126498.0,0.998,0.979,0.748,0.921,38.73,38.93,38.74,38.82,39.08,38.56,33.54,13.28,13.35,13.29,13.32,13.4,13.23,11.5,43025.0,43680.0,43252.0,43100.0,43979.0,41738.0,37833.0,4.568,311.9,27.17,7.8,3.528,2.0,-1.0,13.5,0.024,0.231,3.0,2.0,0.0,0.0,30.42,30.66,32.15,31.86,32.09,31.22,32.35,31.68,32.01,48.13
2016-06-07 16:53:00-05:00,428.1709,387.1673,503046.0,32.23,0.0,356.3,25.67,342.5,274.6,273.8,272.1,110.2,110.8,110.8,342.2,300.4,60.23,88.9,1380908.0,343.7,102.8,5.0,0.0,0.0,0.0,0.0,0.0,0.0,0.0,0.0,25.53,29.25,383.0,106.8,109.7,106.7,60.0,59.9,74.7,0.0,272.1,272.0,274.0,87.6,6.074,87.8,601.0,1371383.0,41171.0,126499.0,0.998,0.979,0.748,0.921,38.46,38.71,38.57,38.54,38.8,38.36,33.31,13.17,13.26,13.21,13.2,13.28,13.14,11.41,43025.0,43680.0,43252.0,43100.0,43980.0,41739.0,37834.0,4.233,331.4,21.27,7.4,3.528,2.0,-1.0,13.5,0.024,0.231,3.0,2.0,0.0,0.0,30.26,30.57,31.82,31.56,31.86,31.26,32.1,31.44,31.6,48.13
2016-06-07 16:54:00-05:00,429.24014,386.94315,503047.0,32.19,0.0,355.4,25.78,342.7,274.7,274.0,272.2,110.0,110.6,110.6,341.7,299.8,60.23,88.8,1380909.0,343.7,102.4,5.0,0.0,0.0,0.0,0.0,0.0,0.0,0.0,0.0,25.67,29.34,382.4,106.6,109.4,106.5,60.0,59.9,74.7,0.0,272.3,272.0,274.0,87.4,6.028,87.6,601.0,1371384.0,41171.0,126499.0,0.998,0.979,0.748,0.921,38.31,38.55,38.51,38.5,38.65,38.21,33.23,13.13,13.21,13.2,13.19,13.24,13.09,11.39,43026.0,43681.0,43252.0,43100.0,43980.0,41739.0,37834.0,3.86,308.9,18.49,7.2,3.528,2.0,-1.0,13.5,0.024,0.231,3.0,2.0,0.0,0.0,30.3,30.53,31.78,31.58,31.81,31.27,32.05,31.37,31.44,48.06
2016-06-07 16:55:00-05:00,425.08197,382.68423,503048.0,32.14,0.0,350.8,25.66,343.9,275.0,274.0,272.2,108.7,109.2,109.2,343.2,295.6,60.2,87.7,1380911.0,345.6,101.4,5.0,0.0,0.0,0.0,0.0,0.0,0.0,0.0,0.0,25.54,29.2,378.2,105.2,107.9,105.0,60.0,59.9,74.7,0.0,272.7,272.1,274.0,86.3,5.846,86.5,601.0,1371386.0,41171.0,126499.0,0.998,0.979,0.748,0.921,37.68,37.91,37.9,37.89,37.98,37.47,32.75,12.96,13.04,13.03,13.03,13.06,12.89,11.26,43026.0,43681.0,43253.0,43101.0,43980.0,41739.0,37834.0,3.733,303.6,15.27,5.6,3.527,2.0,-1.0,13.5,0.024,0.231,3.0,2.0,0.0,0.0,30.11,30.17,31.42,31.19,31.45,30.88,31.71,31.06,31.26,48.05
2016-06-07 16:56:00-05:00,419.73575,377.3046,503049.0,32.1,0.0,345.4,25.35,343.2,275.0,274.0,272.2,107.1,107.7,107.6,343.5,291.9,60.14,86.3,1380912.0,343.6,100.2,5.0,0.0,0.0,0.0,0.0,0.0,0.0,0.0,0.0,25.26,28.73,373.4,103.7,106.3,103.6,60.0,59.9,74.7,0.0,272.5,272.0,274.0,85.1,5.576,85.2,601.0,1371387.0,41171.0,126499.0,0.998,0.979,0.748,0.921,37.11,37.53,37.45,37.36,37.47,37.11,32.32,12.73,12.88,12.85,12.82,12.86,12.73,11.09,43026.0,43681.0,43253.0,43101.0,43980.0,41739.0,37834.0,4.718,299.2,13.22,6.6,3.528,2.0,-1.0,13.5,0.024,0.231,3.0,2.0,0.0,0.0,29.6,30.1,31.3,31.09,31.27,30.75,31.54,30.76,31.29,48.06
2016-06-07 16:57:00-05:00,417.35968,374.61475,503050.0,32.06,0.0,342.2,25.41,344.1,275.2,274.3,272.5,106.1,106.6,106.7,343.2,289.2,60.16,85.6,1380914.0,344.5,99.3,5.0,0.0,0.0,0.0,0.0,0.0,0.0,0.0,0.0,25.33,28.84,370.5,102.6,105.3,102.5,60.0,59.9,74.7,0.0,273.0,272.6,274.1,84.3,5.473,84.5,601.0,1371388.0,41171.0,126499.0,0.998,0.979,0.748,0.921,36.77,37.13,36.97,37.01,37.18,36.76,31.89,12.65,12.77,12.72,12.73,12.79,12.65,10.97,43026.0,43681.0,43253.0,43101.0,43980.0,41740.0,37834.0,3.905,301.2,14.89,6.3,3.528,2.0,-1.0,13.5,0.024,0.231,3.0,2.0,0.0,0.0,29.72,29.97,31.03,30.74,30.95,30.67,31.24,30.68,31.03,47.99
2016-06-07 16:58:00-05:00,415.6964,372.26117,503051.0,32.01,0.0,339.4,25.47,343.5,275.3,274.6,272.7,105.2,105.7,105.8,342.6,287.6,60.21,84.9,1380915.0,345.0,98.5,5.0,0.0,0.0,0.0,0.0,0.0,0.0,0.0,0.0,25.36,28.91,368.4,101.8,104.5,101.6,60.0,59.9,74.7,0.0,273.0,273.0,274.9,83.7,5.415,83.9,601.0,1371390.0,41171.0,126499.0,0.998,0.979,0.748,0.921,36.62,36.77,36.7,36.79,36.97,36.42,31.71,12.58,12.63,12.61,12.64,12.7,12.51,10.89,43026.0,43682.0,43253.0,43101.0,43981.0,41740.0,37835.0,4.757,297.1,12.72,7.9,3.528,2.0,-1.0,13.5,0.024,0.231,3.0,2.0,0.0,0.0,29.77,29.99,30.96,30.7,30.89,30.54,31.07,30.57,30.97,47.93
2016-06-07 16:59:00-05:00,414.5084,370.24377,503052.0,31.96,0.0,337.0,25.35,344.1,275.2,274.5,272.7,104.5,105.1,105.1,343.3,285.5,60.21,84.4,1380917.0,345.2,98.0,5.0,0.0,0.0,0.0,0.0,0.0,0.0,0.0,0.0,25.27,28.74,366.4,101.1,103.7,100.9,60.0,59.9,74.7,0.0,273.0,273.0,274.8,83.1,5.283,83.3,601.0,1371391.0,41171.0,126499.0,0.998,0.979,0.748,0.921,36.29,36.44,36.42,36.5,36.62,36.1,31.47,12.49,12.54,12.53,12.56,12.6,12.42,10.83,43027.0,43682.0,43253.0,43102.0,43981.0,41740.0,37835.0,3.925,321.2,25.0,6.3,3.527,2.0,-1.0,13.5,0.024,0.231,3.0,2.0,0.0,0.0,29.59,29.76,30.77,30.54,30.78,30.36,30.96,30.56,30.8,47.9
2016-06-07 17:00:00-05:00,411.30066,366.32114,503053.0,31.92,0.0,332.8,25.14,345.0,275.7,274.8,272.9,103.1,103.8,103.7,344.3,282.1,60.21,83.3,1380918.0,346.0,97.1,5.0,0.0,0.0,0.0,0.0,0.0,0.0,0.0,0.0,25.05,28.15,362.8,99.8,102.4,99.6,60.0,59.9,74.7,0.0,273.1,273.0,275.0,82.1,5.126,82.3,601.0,1371393.0,41171.0,126499.0,0.998,0.979,0.748,0.921,35.74,36.01,35.93,35.96,36.08,35.63,31.07,12.33,12.42,12.39,12.41,12.45,12.29,10.72,43027.0,43682.0,43254.0,43102.0,43981.0,41740.0,37835.0,7.478,300.7,10.38,11.6,3.527,2.0,-1.0,13.5,0.024,0.231,3.0,2.0,0.0,0.0,29.03,29.33,30.52,30.24,30.39,30.06,30.72,30.19,30.59,47.82
2016-06-07 17:01:00-05:00,405.95447,360.60522,503054.0,31.86,0.0,326.8,25.27,345.3,276.2,275.1,273.3,101.2,101.9,101.9,344.5,277.3,60.21,81.9,1380919.0,346.5,95.5,5.0,0.0,0.0,0.0,0.0,0.0,0.0,0.0,0.0,25.15,28.1,357.2,97.9,100.5,97.7,60.0,59.9,74.7,0.0,273.9,273.6,275.1,80.7,4.888,80.8,601.0,1371394.0,41171.0,126499.0,0.998,0.979,0.748,0.921,35.12,35.33,35.26,35.34,35.43,34.98,30.46,12.13,12.2,12.17,12.2,12.23,12.08,10.52,43027.0,43682.0,43254.0,43102.0,43981.0,41741.0,37835.0,5.215,306.3,15.51,10.3,3.528,2.0,-1.0,13.5,0.024,0.231,3.0,2.0,0.0,0.0,28.9,29.14,30.2,29.9,30.06,29.85,30.31,29.76,30.23,47.76
2016-06-07 17:02:00-05:00,401.55872,355.5618,503055.0,31.81,0.0,321.6,25.37,344.6,276.4,275.2,273.4,99.5,100.2,100.2,343.8,273.8,60.22,80.5,1380921.0,345.9,94.1,5.0,0.0,0.0,0.0,0.0,0.0,0.0,0.0,0.0,25.26,28.25,352.5,96.2,98.8,96.0,60.0,59.9,74.7,0.0,274.0,274.0,275.2,79.39,4.657,79.52,601.0,1371395.0,41171.0,126499.0,0.998,0.979,0.748,0.921,34.52,34.83,34.81,34.81,34.85,34.49,30.07,11.9,12.0,12.0,12.0,12.01,11.89,10.36,43027.0,43682.0,43254.0,43102.0,43982.0,41741.0,37836.0,4.275,303.6,16.31,7.8,3.527,2.0,-1.0,13.51,0.024,0.23,3.0,2.0,0.0,0.0,29.02,29.22,30.05,29.79,30.05,29.86,30.21,29.87,30.14,47.66
2016-06-07 17:03:00-05:00,396.5689,350.07007,503056.0,31.76,0.0,316.1,25.38,345.1,276.2,275.4,273.6,97.9,98.5,98.5,344.3,269.4,60.21,79.12,1380922.0,346.4,92.8,5.0,0.0,0.0,0.0,0.0,0.0,0.0,0.0,0.0,25.27,28.15,347.5,94.6,97.1,94.3,60.0,59.9,74.7,0.0,274.0,274.0,275.9,78.04,4.466,78.16,601.0,1371397.0,41171.0,126499.0,0.998,0.979,0.748,0.921,33.94,34.19,34.17,34.2,34.25,33.82,29.47,11.71,11.8,11.79,11.8,11.82,11.67,10.17,43028.0,43683.0,43254.0,43103.0,43982.0,41741.0,37836.0,4.172,305.8,16.67,7.8,3.528,2.0,-1.0,13.5,0.024,0.23,3.0,2.0,0.0,0.0,28.92,29.09,29.94,29.78,29.95,29.8,30.16,29.74,29.99,47.57
2016-06-07 17:04:00-05:00,392.29196,345.2508,503057.0,31.71,0.0,311.2,25.32,345.1,276.4,275.5,273.7,96.3,97.0,97.0,344.8,266.5,60.22,77.86,1380923.0,346.1,91.9,5.0,0.0,0.0,0.0,0.0,0.0,0.0,0.0,0.0,25.21,28.08,343.1,93.1,95.7,92.8,60.0,59.9,74.7,0.0,274.0,274.0,275.9,76.83,4.297,76.95,601.0,1371398.0,41171.0,126499.0,0.998,0.979,0.748,0.921,33.41,33.7,33.62,33.63,33.73,33.3,29.06,11.53,11.63,11.6,11.6,11.64,11.49,10.03,43028.0,43683.0,43255.0,43103.0,43982.0,41741.0,37836.0,3.732,308.7,13.13,6.0,3.528,2.0,-1.0,13.5,0.024,0.23,3.0,2.0,0.0,0.0,28.81,29.04,29.84,29.63,29.86,29.73,30.04,29.73,29.91,47.53
2016-06-07 17:05:00-05:00,388.25262,340.65567,503058.0,31.66,0.0,306.7,25.42,345.0,276.4,275.5,273.7,95.0,95.7,95.6,344.7,264.2,60.14,76.73,1380925.0,345.3,91.1,5.0,0.0,0.0,0.0,0.0,0.0,0.0,0.0,0.0,25.36,28.42,339.2,91.7,94.2,91.5,60.0,59.9,74.7,0.0,274.0,274.0,276.0,75.69,4.057,75.79,601.0,1371399.0,41171.0,126500.0,0.999,0.979,0.748,0.921,32.84,33.13,33.14,33.15,33.17,32.84,28.64,11.33,11.43,11.43,11.44,11.44,11.33,9.88,43028.0,43683.0,43255.0,43103.0,43982.0,41742.0,37836.0,3.422,304.9,13.02,5.8,3.528,2.0,-1.0,13.5,0.024,0.23,3.0,2.0,0.0,0.0,29.02,29.25,29.89,29.75,29.94,29.94,30.13,29.91,29.91,47.46
2016-06-07 17:06:00-05:00,383.85684,335.7243,503059.0,31.61,0.0,301.9,25.41,345.3,275.8,274.5,272.8,93.7,94.5,94.4,344.6,260.5,60.13,75.46,1380926.0,345.3,89.8,5.0,0.0,0.0,0.0,0.0,0.0,0.0,0.0,0.0,25.31,28.21,334.9,90.5,93.0,90.3,60.0,59.9,74.7,0.0,273.2,273.2,275.1,74.49,3.882,74.59,601.0,1371400.0,41171.0,126500.0,0.999,0.979,0.748,0.921,32.33,32.6,32.53,32.54,32.67,32.29,28.11,11.16,11.26,11.23,11.24,11.28,11.15,9.71,43028.0,43683.0,43255.0,43103.0,43983.0,41742.0,37837.0,,0.0,0.0,,,2.0,-1.0,13.5,0.024,0.23,3.0,2.0,0.0,0.0,28.96,29.06,29.84,29.63,29.77,29.71,29.97,29.67,30.02,47.38
2016-06-07 17:07:00-05:00,379.6987,331.24127,503060.0,31.56,0.0,297.2,25.61,344.9,275.2,274.4,272.7,92.3,93.1,93.0,344.5,257.0,60.15,74.23,1380927.0,345.2,88.5,5.0,0.0,0.0,0.0,0.0,0.0,0.0,0.0,0.0,25.58,28.49,330.5,89.2,91.6,88.9,60.0,59.9,74.7,0.0,273.0,273.0,274.8,73.28,3.715,73.38,601.0,1371402.0,41171.0,126500.0,0.999,0.979,0.748,0.921,31.89,32.1,32.09,32.08,32.2,31.82,27.75,11.0,11.07,11.07,11.07,11.11,10.98,9.57,43029.0,43684.0,43255.0,43104.0,43983.0,41742.0,37837.0,3.272,304.0,22.91,4.5,3.527,2.0,-1.0,13.5,0.024,0.23,3.0,2.0,0.0,0.0,29.23,29.01,29.73,29.58,29.71,29.84,29.89,29.75,29.86,47.31
2016-06-07 17:08:00-05:00,375.06534,326.19785,503061.0,31.52,0.0,292.1,25.56,345.3,275.1,274.3,272.5,90.7,91.5,91.4,344.1,252.9,60.14,72.87,1380928.0,346.6,87.0,5.0,0.0,0.0,0.0,0.0,0.0,0.0,0.0,0.0,25.51,28.33,325.8,87.6,90.0,87.3,60.0,59.9,74.7,0.0,273.0,272.9,274.7,71.97,3.522,72.06,601.0,1371403.0,41171.0,126500.0,0.999,0.979,0.748,0.921,31.31,31.45,31.49,31.52,31.59,31.17,27.21,10.81,10.86,10.87,10.88,10.91,10.76,9.4,43029.0,43684.0,43256.0,43104.0,43983.0,41742.0,37837.0,3.888,302.1,13.09,7.9,3.528,2.0,-1.0,13.5,0.024,0.23,3.0,2.0,0.0,0.0,29.12,29.09,29.72,29.61,29.74,29.8,29.94,29.72,29.92,47.25
2016-06-07 17:09:00-05:00,370.55075,321.26648,503062.0,31.47,0.0,287.3,25.56,344.7,275.1,274.2,272.4,89.2,90.0,89.9,344.2,249.4,60.14,71.56,1380930.0,345.3,85.9,5.0,0.0,0.0,0.0,0.0,0.0,0.0,0.0,0.0,25.44,28.34,321.3,86.1,88.5,85.8,60.0,59.9,74.7,0.0,273.0,272.6,274.3,70.72,3.317,70.8,601.0,1371404.0,41171.0,126500.0,0.999,0.979,0.748,0.921,30.86,30.96,30.97,31.09,31.12,30.71,26.81,10.64,10.67,10.67,10.72,10.73,10.59,9.24,43029.0,43684.0,43256.0,43104.0,43983.0,41742.0,37837.0,4.337,299.9,13.12,5.7,3.528,2.0,-1.0,13.5,0.023,0.23,3.0,2.0,0.0,0.0,29.09,29.0,29.63,29.55,29.74,29.78,29.91,29.71,29.78,47.17
2016-06-07 17:10:00-05:00,367.22424,317.45587,503063.0,31.43,0.0,283.4,25.66,344.8,275.0,273.9,272.2,88.0,88.8,88.7,344.6,246.3,60.14,70.55,1380931.0,345.4,84.9,5.0,0.0,0.0,0.0,0.0,0.0,0.0,0.0,0.0,25.54,28.57,317.7,84.9,87.3,84.6,60.0,59.9,74.7,0.0,273.0,272.0,274.0,69.72,3.17,69.79,601.0,1371405.0,41171.0,126500.0,0.999,0.979,0.748,0.921,30.44,30.53,30.51,30.64,30.71,30.3,26.41,10.5,10.53,10.52,10.56,10.59,10.45,9.11,43029.0,43684.0,43256.0,43104.0,43984.0,41743.0,37838.0,2.702,306.5,20.25,5.5,3.527,2.0,-1.0,13.5,0.023,0.23,3.0,2.0,0.0,0.0,29.3,29.06,29.66,29.6,29.79,29.85,29.89,29.81,29.86,47.13
2016-06-07 17:11:00-05:00,364.13535,313.98154,503064.0,31.39,0.0,279.8,25.65,344.9,275.2,273.8,272.1,86.9,87.7,87.6,344.2,243.5,60.14,69.6,1380932.0,345.8,83.8,5.0,0.0,0.0,0.0,0.0,0.0,0.0,0.0,0.0,25.54,28.51,314.5,83.8,86.2,83.5,60.0,59.9,74.7,0.0,273.0,272.3,274.0,68.8,3.033,68.87,601.0,1371406.0,41171.0,126500.0,0.999,0.979,0.748,0.921,29.97,30.06,30.13,30.16,30.24,29.84,26.04,10.33,10.36,10.39,10.4,10.43,10.29,8.98,43030.0,43685.0,43256.0,43104.0,43984.0,41743.0,37838.0,4.98,321.3,15.04,7.0,3.527,2.0,-1.0,13.5,0.023,0.23,3.0,2.0,0.0,0.0,29.32,29.12,29.68,29.66,29.67,30.01,29.94,29.87,29.76,47.05
2016-06-07 17:12:00-05:00,360.8088,310.05887,503065.0,31.36,0.0,275.9,25.54,344.7,275.2,274.1,272.3,85.6,86.4,86.3,344.1,240.6,60.15,68.61,1380933.0,345.2,82.8,5.0,0.0,0.0,0.0,0.0,0.0,0.0,0.0,0.0,25.44,28.31,311.0,82.6,85.0,82.3,60.0,59.9,74.7,0.0,273.0,273.0,274.3,67.86,2.898,67.92,601.0,1371407.0,41171.0,126500.0,0.999,0.979,0.748,0.921,29.57,29.76,29.75,29.75,29.87,29.55,25.75,10.19,10.26,10.26,10.26,10.3,10.19,8.88,43030.0,43685.0,43256.0,43105.0,43984.0,41743.0,37838.0,3.952,296.3,24.65,6.4,3.528,2.0,-1.0,13.5,0.023,0.229,3.0,2.0,0.0,0.0,29.16,28.93,29.6,29.55,29.61,29.89,29.84,29.72,29.58,46.97
2016-06-07 17:13:00-05:00,356.65067,306.0241,503066.0,31.31,0.0,271.7,25.78,345.0,274.8,273.9,272.2,84.4,85.2,85.1,344.4,237.3,60.18,67.56,1380934.0,346.7,81.7,5.0,0.0,0.0,0.0,0.0,0.0,0.0,0.0,0.0,25.7,28.64,306.9,81.4,83.7,81.1,60.0,59.9,74.7,0.0,272.9,272.2,274.0,66.81,2.732,66.86,601.0,1371409.0,41171.0,126500.0,0.999,0.979,0.748,0.921,29.02,29.25,29.27,29.25,29.32,29.05,25.33,10.01,10.09,10.1,10.09,10.11,10.02,8.74,43030.0,43685.0,43257.0,43105.0,43984.0,41743.0,37838.0,4.398,283.6,15.23,6.8,3.528,2.0,-1.0,13.5,0.023,0.229,3.0,2.0,0.0,0.0,29.45,29.03,29.5,29.45,29.5,29.88,29.78,29.72,29.68,46.95
2016-06-07 17:14:00-05:00,353.32413,302.21353,503067.0,31.28,0.0,267.8,25.73,344.7,274.6,273.8,272.0,83.3,84.0,83.9,343.9,234.4,60.22,66.53,1380935.0,346.0,80.6,5.0,0.0,0.0,0.0,0.0,0.0,0.0,0.0,0.0,25.59,28.51,303.3,80.2,82.6,79.85,60.0,59.9,74.7,0.0,272.4,272.0,274.0,65.81,2.612,65.87,601.0,1371410.0,41171.0,126500.0,0.999,0.979,0.748,0.921,28.64,28.82,28.9,28.87,28.9,28.62,24.97,9.87,9.93,9.96,9.95,9.96,9.86,8.6,43030.0,43685.0,43257.0,43105.0,43984.0,41744.0,37838.0,3.613,315.9,13.54,6.0,3.528,2.0,-1.0,13.5,0.023,0.229,3.0,2.0,0.0,0.0,29.43,28.98,29.49,29.44,29.52,29.85,29.74,29.74,29.52,46.87
2016-06-07 17:15:00-05:00,349.5224,298.17877,503068.0,31.25,0.0,263.6,25.54,344.9,274.8,273.9,272.2,82.0,82.7,82.6,344.2,231.1,60.22,65.49,1380936.0,345.9,79.53,5.0,0.0,0.0,0.0,0.0,0.0,0.0,0.0,0.0,25.45,28.4,299.6,78.88,81.2,78.54,60.0,59.9,74.7,0.0,272.9,272.2,274.0,64.77,2.449,64.82,601.0,1371411.0,41171.0,126500.0,0.999,0.979,0.748,0.921,28.2,28.34,28.37,28.42,28.45,28.17,24.53,9.73,9.78,9.79,9.8,9.81,9.71,8.46,43030.0,43686.0,43257.0,43105.0,43985.0,41744.0,37839.0,3.428,294.4,17.01,6.8,3.527,2.0,-1.0,13.5,0.023,0.229,3.0,2.0,0.0,0.0,29.2,28.83,29.44,29.42,29.51,29.77,29.76,29.71,29.48,46.79
2016-06-07 17:16:00-05:00,345.60187,294.14404,503069.0,31.22,0.0,259.4,25.53,344.7,275.0,273.6,271.9,80.6,81.5,81.3,344.4,227.9,60.14,64.38,1380937.0,346.7,78.49,5.0,0.0,0.0,0.0,0.0,0.0,0.0,0.0,0.0,25.43,28.34,296.0,77.64,79.93,77.29,60.0,59.9,74.7,0.0,272.6,272.0,274.0,63.72,2.251,63.76,601.0,1371412.0,41171.0,126500.0,0.999,0.979,0.748,0.921,27.67,27.91,28.01,27.95,27.94,27.71,24.19,9.54,9.62,9.65,9.63,9.63,9.55,8.34,43031.0,43686.0,43257.0,43106.0,43985.0,41744.0,37839.0,4.51,294.4,12.33,7.4,3.528,2.0,-1.0,13.5,0.023,0.229,3.0,2.0,0.0,0.0,29.24,28.75,29.31,29.27,29.35,29.67,29.59,29.51,29.4,46.77
2016-06-07 17:17:00-05:00,343.58218,291.45422,503070.0,31.17,0.0,256.2,25.6,344.4,274.7,273.8,272.1,79.71,80.6,80.4,344.0,225.7,60.13,63.62,1380939.0,345.8,77.64,5.0,0.0,0.0,0.0,0.0,0.0,0.0,0.0,0.0,25.44,28.34,293.5,76.67,78.93,76.32,60.0,59.9,74.7,0.0,272.7,272.0,274.0,62.91,2.11,62.95,601.0,1371413.0,41171.0,126500.0,0.999,0.979,0.748,0.921,27.37,27.56,27.64,27.56,27.63,27.4,23.88,9.43,9.49,9.52,9.49,9.51,9.44,8.22,43031.0,43686.0,43258.0,43106.0,43985.0,41744.0,37839.0,4.395,294.5,9.95,6.7,3.526,2.0,-1.0,13.5,0.023,0.229,3.0,2.0,0.0,0.0,29.2,28.75,29.2,29.19,29.34,29.59,29.48,29.34,29.25,46.69
2016-06-07 17:18:00-05:00,343.10696,290.10928,503071.0,31.15,0.0,254.1,25.43,344.2,274.6,273.9,272.2,79.05,79.9,79.69,343.4,224.2,60.13,63.05,1380940.0,346.9,76.98,5.0,0.0,0.0,0.0,0.0,0.0,0.0,0.0,0.0,25.24,27.99,292.4,76.01,78.28,75.66,60.0,59.9,74.7,0.0,272.9,272.1,274.0,62.4,2.029,62.44,601.0,1371414.0,41171.0,126500.0,0.999,0.979,0.748,0.921,27.16,27.35,27.44,27.46,27.46,27.18,23.77,9.35,9.41,9.44,9.45,9.45,9.36,8.18,43031.0,43686.0,43258.0,43106.0,43985.0,41745.0,37839.0,3.475,302.0,13.64,5.9,3.527,2.0,-1.0,13.5,0.023,0.229,3.0,2.0,0.0,0.0,28.94,28.6,29.12,29.15,29.16,29.46,29.39,29.24,29.24,46.64
2016-06-07 17:19:00-05:00,341.68134,287.86777,503072.0,31.12,0.0,251.4,25.34,343.7,275.1,274.0,272.3,78.13,78.96,78.79,343.2,222.3,60.15,62.34,1380941.0,343.7,76.27,5.0,0.0,0.0,0.0,0.0,0.0,0.0,0.0,0.0,25.22,27.92,290.4,75.11,77.37,74.75,60.0,59.9,74.7,0.0,273.0,272.9,274.6,61.71,1.914,61.74,601.0,1371415.0,41171.0,126500.0,1.0,0.979,0.748,0.921,26.78,27.1,27.19,27.16,27.11,26.92,23.56,9.21,9.31,9.35,9.33,9.32,9.25,8.1,43031.0,43686.0,43258.0,43106.0,43986.0,41745.0,37840.0,4.028,296.1,12.18,5.6,3.528,2.0,-1.0,13.5,0.034,0.229,3.0,2.0,0.0,0.0,28.73,28.52,29.01,29.07,29.15,29.36,29.27,29.19,29.13,46.58
2016-06-07 17:20:00-05:00,340.84967,286.1866,503073.0,31.09,0.0,248.5,25.42,344.4,274.8,274.1,272.5,77.37,78.3,78.09,344.1,220.2,60.13,61.76,1380942.0,347.9,75.75,5.0,0.0,0.0,0.0,0.0,0.0,0.0,0.0,0.0,25.32,27.88,288.8,74.39,76.64,74.0,60.0,59.9,74.7,0.0,273.0,272.8,274.7,61.11,1.825,61.14,601.0,1371416.0,41171.0,126500.0,1.0,0.979,0.748,0.921,26.64,26.65,26.8,26.93,26.93,26.35,23.21,9.17,9.18,9.23,9.28,9.28,9.08,7.993,43032.0,43687.0,43258.0,43107.0,43986.0,41745.0,37840.0,3.787,295.0,9.09,4.7,3.528,2.0,-1.0,13.54,0.069,0.228,3.0,2.0,0.0,0.0,28.65,28.51,28.95,29.0,29.07,29.29,29.19,29.12,29.16,46.53
2016-06-07 17:21:00-05:00,337.40436,282.71225,503074.0,31.05,0.0,244.7,25.4,344.5,275.1,274.0,272.4,76.25,77.17,76.96,344.4,217.3,60.17,60.81,1380943.0,345.2,74.83,5.0,0.0,0.0,0.0,0.0,0.0,0.0,0.0,0.0,25.37,27.85,285.8,73.24,75.53,72.86,60.0,59.9,74.7,0.0,273.0,272.8,274.6,60.19,1.72,60.21,601.0,1371417.0,41171.0,126500.0,1.0,0.979,0.748,0.921,26.25,26.4,26.42,26.44,26.47,26.12,22.88,9.04,9.1,9.1,9.11,9.12,9.0,7.882,43032.0,43687.0,43259.0,43107.0,43986.0,41745.0,37840.0,,0.0,0.0,,,2.0,-1.0,13.54,0.033,0.228,3.0,2.0,0.0,0.0,28.63,28.41,28.85,28.99,29.07,29.3,29.16,29.2,29.01,46.48
2016-06-07 17:22:00-05:00,224.89664,194.05997,503075.0,31.02,0.0,166.1,25.5,346.8,275.0,273.8,272.2,51.86,53.0,52.65,345.9,157.8,60.21,40.55,1380943.0,348.1,54.38,5.0,0.0,0.0,0.0,0.0,0.0,0.0,0.0,0.0,25.38,27.83,182.2,48.87,51.16,48.62,60.0,59.9,74.7,0.0,273.0,273.0,274.9,39.76,-1.307,40.15,601.0,1371418.0,41171.0,126500.0,0.028,0.979,0.748,0.921,15.83,16.47,17.42,18.05,17.81,16.53,16.3,5.459,5.682,6.009,6.23,6.146,5.702,5.627,43032.0,43687.0,43259.0,43107.0,43986.0,41745.0,37840.0,4.958,296.8,18.04,9.5,3.528,2.0,-1.0,13.54,0.029,0.228,3.0,2.0,0.0,0.0,28.66,28.31,28.69,28.87,28.95,29.23,29.09,29.07,28.83,46.38
2016-06-07 17:23:00-05:00,253.05328,212.7767,503076.0,30.99,0.0,189.2,25.29,340.3,274.7,273.9,272.2,57.0,58.1,57.74,340.1,172.2,60.15,44.81,1380944.0,341.9,58.24,5.0,0.0,0.0,0.0,0.0,0.0,0.0,0.0,0.0,25.17,27.24,223.3,54.81,57.08,54.49,60.0,59.9,74.7,0.0,273.0,272.9,274.5,44.89,-0.596,45.03,601.0,1371418.0,41171.0,126500.0,0.274,0.979,0.748,0.921,20.99,20.96,20.36,20.01,20.18,20.48,17.01,7.111,7.098,6.888,6.766,6.825,6.934,5.751,43032.0,43687.0,43259.0,43107.0,43986.0,41746.0,37840.0,4.403,293.9,12.92,5.7,3.528,2.0,-1.0,13.54,0.027,0.227,3.0,2.0,0.0,0.0,27.92,27.84,28.14,28.42,28.46,28.74,28.42,28.4,28.33,46.37
2016-06-07 17:24:00-05:00,290.0014,243.3735,503077.0,30.96,0.0,209.3,25.35,338.1,275.0,273.8,272.2,65.56,66.51,66.27,337.8,193.6,60.14,51.87,1380945.0,339.0,65.36,5.0,0.0,0.0,0.0,0.0,0.0,0.0,0.0,0.0,25.25,27.3,243.4,62.45,64.75,62.14,60.0,59.9,74.7,0.0,273.0,272.7,274.2,51.34,0.419,51.35,601.0,1371419.0,41171.0,126500.0,0.433,0.979,0.748,0.921,22.53,22.67,22.97,23.17,23.22,22.67,20.29,7.613,7.659,7.762,7.829,7.846,7.66,6.857,43032.0,43687.0,43259.0,43107.0,43987.0,41746.0,37840.0,5.512,288.6,13.75,7.9,3.528,2.0,-1.0,13.54,0.026,0.228,3.0,2.0,0.0,0.0,27.98,27.66,28.06,28.19,28.32,28.66,28.4,28.39,28.25,46.28
2016-06-07 17:25:00-05:00,321.841,267.69403,503078.0,30.91,0.0,229.0,25.55,342.9,275.1,274.0,272.4,71.39,72.33,72.12,342.1,206.3,60.15,56.79,1380946.0,344.7,70.57,5.0,0.0,0.0,0.0,0.0,0.0,0.0,0.0,0.0,25.39,27.5,270.6,68.44,70.69,68.11,60.0,59.9,74.7,0.0,273.0,273.0,274.7,56.28,1.146,56.29,601.0,1371420.0,41171.0,126500.0,1.0,0.979,0.748,0.921,24.59,24.79,24.92,24.88,24.74,24.69,21.55,8.43,8.5,8.54,8.53,8.48,8.46,7.387,43033.0,43688.0,43259.0,43108.0,43987.0,41746.0,37841.0,3.813,292.0,13.82,5.7,3.527,2.0,-1.0,13.54,0.025,0.228,3.0,2.0,0.0,0.0,28.29,27.71,28.01,28.13,28.24,28.66,28.4,28.39,28.21,46.25
2016-06-07 17:26:00-05:00,315.9008,262.09024,503079.0,30.88,0.0,224.2,25.59,345.1,275.2,274.3,272.6,69.73,70.7,70.48,344.2,201.0,60.13,55.46,1380947.0,345.8,69.19,5.0,0.0,0.0,0.0,0.0,0.0,0.0,0.0,0.0,25.48,27.58,265.6,66.8,69.01,66.42,60.0,59.9,74.7,0.0,273.0,273.0,275.0,54.95,0.911,54.96,601.0,1371421.0,41171.0,126500.0,1.0,0.979,0.748,0.921,23.86,23.89,24.17,24.21,23.99,23.79,20.92,8.23,8.24,8.34,8.35,8.28,8.21,7.218,43033.0,43688.0,43260.0,43108.0,43987.0,41746.0,37841.0,2.9,291.3,14.73,3.8,3.528,2.0,-1.0,13.54,0.025,0.228,3.0,2.0,0.0,0.0,28.37,27.84,28.09,28.27,28.29,28.81,28.48,28.58,28.3,46.17
2016-06-07 17:27:00-05:00,313.16827,259.17624,503080.0,30.85,0.0,220.7,25.63,344.1,275.0,274.5,272.9,68.77,69.69,69.47,343.7,199.1,60.14,54.67,1380948.0,344.4,68.43,5.0,0.0,0.0,0.0,0.0,0.0,0.0,0.0,0.0,25.49,27.72,263.2,65.85,68.03,65.45,60.0,59.9,74.7,0.0,273.0,273.0,275.0,54.18,0.767,54.19,601.0,1371422.0,41171.0,126500.0,1.0,0.979,0.748,0.921,23.65,23.77,23.89,23.88,23.76,23.65,20.72,8.14,8.18,8.22,8.22,8.17,8.14,7.128,43033.0,43688.0,43260.0,43108.0,43987.0,41746.0,37841.0,3.243,312.0,12.58,5.0,3.528,2.0,-1.0,13.54,0.025,0.228,3.0,2.0,0.0,0.0,28.51,27.95,28.09,28.29,28.3,28.86,28.52,28.71,28.31,46.09
2016-06-07 17:28:00-05:00,311.98022,257.49512,503081.0,30.81,0.0,218.2,25.62,343.9,275.1,274.2,272.6,68.15,69.1,68.9,343.2,197.8,60.13,54.13,1380949.0,344.4,67.87,5.0,0.0,0.0,0.0,0.0,0.0,0.0,0.0,0.0,25.52,27.63,261.9,65.27,67.45,64.88,60.0,59.9,74.7,0.0,273.0,273.0,274.9,53.67,0.693,53.68,601.0,1371423.0,41171.0,126500.0,1.0,0.979,0.748,0.921,23.41,23.51,23.72,23.68,23.57,23.39,20.55,8.05,8.08,8.16,8.14,8.1,8.04,7.066,43033.0,43688.0,43260.0,43108.0,43988.0,41747.0,37841.0,3.57,300.2,10.87,5.5,3.528,2.0,-1.0,13.54,0.025,0.228,3.0,2.0,0.0,0.0,28.41,27.94,28.09,28.33,28.37,28.85,28.56,28.68,28.25,45.99
2016-06-07 17:29:00-05:00,309.72296,255.02943,503082.0,30.79,0.0,215.8,25.66,344.3,275.3,274.2,272.5,67.27,68.24,68.01,344.2,195.1,60.18,53.39,1380950.0,346.0,67.13,5.0,0.0,0.0,0.0,0.0,0.0,0.0,0.0,0.0,25.52,27.74,259.7,64.33,66.54,63.94,60.0,59.9,74.7,0.0,273.0,273.0,275.0,52.92,0.604,52.93,601.0,1371424.0,41171.0,126500.0,1.0,0.979,0.748,0.921,23.06,23.2,23.28,23.28,23.27,23.09,20.14,7.939,7.985,8.01,8.01,8.01,7.948,6.931,43033.0,43689.0,43260.0,43108.0,43988.0,41747.0,37841.0,2.842,285.8,14.04,5.0,3.527,2.0,-1.0,13.54,0.025,0.228,3.0,2.0,0.0,0.0,28.51,27.99,28.09,28.39,28.39,28.92,28.6,28.76,28.3,45.94
2016-06-07 17:30:00-05:00,304.9708,250.54639,503083.0,30.76,0.0,211.8,25.73,344.4,275.2,274.3,272.6,65.88,66.82,66.63,344.0,191.6,60.23,52.23,1380951.0,345.3,65.89,5.0,0.0,0.0,0.0,0.0,0.0,0.0,0.0,0.0,25.6,27.81,255.5,62.9,65.15,62.5,60.0,59.9,74.7,0.0,273.0,273.0,275.0,51.76,0.46,51.76,601.0,1371425.0,41171.0,126500.0,1.0,0.979,0.748,0.921,22.58,22.67,22.75,22.77,22.79,22.61,19.68,7.776,7.807,7.833,7.84,7.849,7.786,6.777,43034.0,43689.0,43260.0,43109.0,43988.0,41747.0,37841.0,2.923,294.0,20.81,4.5,3.527,2.0,-1.0,13.54,0.025,0.228,3.0,2.0,0.0,0.0,28.61,28.07,28.11,28.39,28.42,28.94,28.63,28.78,28.4,45.86
2016-06-07 17:31:00-05:00,301.88187,247.18411,503084.0,30.74,0.0,208.3,25.72,344.2,275.1,274.2,272.6,64.82,65.74,65.54,343.3,188.9,60.22,51.34,1380952.0,345.7,64.85,5.0,0.0,0.0,0.0,0.0,0.0,0.0,0.0,0.0,25.56,27.82,252.5,61.78,64.01,61.41,60.0,59.9,74.7,0.0,273.0,273.0,275.0,50.84,0.323,50.84,601.0,1371425.0,41171.0,126500.0,1.0,0.979,0.748,0.921,22.19,22.18,22.39,22.41,22.4,22.21,19.39,7.638,7.636,7.707,7.713,7.711,7.646,6.675,43034.0,43689.0,43261.0,43109.0,43988.0,41747.0,37841.0,4.217,291.5,7.233,6.5,3.526,2.0,-1.0,13.54,0.025,0.228,3.0,2.0,0.0,0.0,28.66,28.0,28.08,28.34,28.39,28.91,28.53,28.74,28.4,45.77
2016-06-07 17:32:00-05:00,297.96133,243.26143,503085.0,30.72,0.0,204.0,25.73,344.7,275.3,274.5,272.8,63.54,64.5,64.28,344.5,185.4,60.22,50.31,1380952.0,345.9,63.87,5.0,0.0,0.0,0.0,0.0,0.0,0.0,0.0,0.0,25.63,27.68,248.7,60.47,62.69,60.06,60.0,59.9,74.7,0.0,273.1,273.0,275.0,49.79,0.182,49.79,601.0,1371426.0,41171.0,126500.0,1.0,0.979,0.748,0.921,21.73,21.72,21.91,21.91,21.91,21.73,18.98,7.49,7.488,7.553,7.553,7.551,7.492,6.542,43034.0,43689.0,43261.0,43109.0,43988.0,41748.0,37841.0,3.933,289.9,11.76,5.6,3.528,2.0,-1.0,13.54,0.025,0.228,3.0,2.0,0.0,0.0,28.58,27.99,28.0,28.29,28.29,28.83,28.48,28.63,28.35,45.69
2016-06-07 17:33:00-05:00,293.92197,239.45085,503086.0,30.71,0.0,200.2,25.6,344.3,275.4,274.4,272.7,62.34,63.29,63.09,343.8,182.5,60.21,49.32,1380953.0,345.1,62.74,5.0,0.0,0.0,0.0,0.0,0.0,0.0,0.0,0.0,25.48,27.55,245.2,59.25,61.46,58.82,60.0,59.9,74.7,0.0,273.2,273.0,275.0,48.78,0.041,48.78,601.0,1371427.0,41171.0,126500.0,0.733,0.979,0.748,0.921,21.29,21.34,21.46,21.47,21.52,21.35,18.6,7.329,7.345,7.39,7.39,7.408,7.349,6.403,43034.0,43689.0,43261.0,43109.0,43989.0,41748.0,37841.0,3.437,302.4,16.33,5.2,3.528,2.0,-1.0,13.54,0.025,0.228,3.0,2.0,0.0,0.0,28.39,27.9,27.96,28.29,28.22,28.82,28.45,28.61,28.24,45.61
2016-06-07 17:34:00-05:00,290.47665,235.86441,503087.0,30.68,0.0,196.6,25.57,344.4,275.2,274.3,272.6,61.17,62.17,61.94,343.6,179.6,60.18,48.32,1380954.0,345.9,61.7,5.0,0.0,0.0,0.0,0.0,0.0,0.0,0.0,0.0,25.49,27.43,242.1,58.12,60.29,57.73,60.0,59.9,74.7,0.0,273.0,273.0,275.0,47.82,-0.131,47.82,601.0,1371428.0,41171.0,126500.0,-0.733,0.979,0.748,0.921,20.87,20.8,21.05,21.1,21.1,20.88,18.23,7.188,7.164,7.248,7.266,7.264,7.191,6.276,43035.0,43690.0,43261.0,43110.0,43989.0,41748.0,37841.0,3.685,300.6,12.29,6.8,3.528,2.0,-1.0,13.54,0.025,0.227,3.0,2.0,0.0,0.0,28.24,27.71,27.9,28.22,28.11,28.78,28.4,28.61,28.09,45.55
2016-06-07 17:35:00-05:00,287.62534,232.72626,503088.0,30.67,0.0,193.3,25.68,344.0,275.4,274.6,272.8,60.14,61.04,60.86,343.6,177.1,60.2,47.48,1380955.0,346.1,60.86,5.0,0.0,0.0,0.0,0.0,0.0,0.0,0.0,0.0,25.59,27.58,239.3,57.02,59.21,56.6,60.0,59.9,74.7,0.0,273.8,273.0,275.0,46.96,-0.228,46.96,601.0,1371429.0,41171.0,126500.0,-1.0,0.979,0.748,0.921,20.52,20.47,20.73,20.75,20.69,20.59,17.96,7.06,7.043,7.131,7.138,7.117,7.083,6.179,43035.0,43690.0,43262.0,43110.0,43989.0,41748.0,37841.0,4.005,306.4,16.82,8.1,3.527,2.0,-1.0,13.54,0.025,0.227,3.0,2.0,0.0,0.0,28.37,27.76,27.85,28.19,28.16,28.78,28.39,28.58,28.04,45.5
2016-06-07 17:36:00-05:00,282.75436,228.24321,503089.0,30.65,0.0,188.9,25.59,344.7,275.3,274.5,272.8,58.73,59.75,59.51,344.2,173.1,60.14,46.33,1380956.0,346.3,59.59,5.0,0.0,0.0,0.0,0.0,0.0,0.0,0.0,0.0,25.5,27.3,235.1,55.64,57.79,55.21,60.0,59.9,74.7,0.0,273.4,273.0,275.0,45.8,-0.435,45.8,601.0,1371429.0,41171.0,126500.0,-1.0,0.979,0.748,0.921,19.93,19.92,20.2,20.2,20.19,20.03,17.46,6.869,6.866,6.962,6.962,6.96,6.903,6.019,43035.0,43690.0,43262.0,43110.0,43989.0,41748.0,37841.0,4.645,307.6,10.44,7.1,3.528,2.0,-1.0,13.54,0.025,0.227,3.0,2.0,0.0,0.0,28.13,27.59,27.74,28.04,27.95,28.63,28.21,28.39,27.96,45.41
2016-06-07 17:37:00-05:00,278.23978,224.20847,503090.0,30.64,0.0,184.6,25.62,344.3,275.3,274.4,272.6,57.39,58.53,58.24,343.9,170.0,60.15,45.25,1380956.0,345.5,58.45,5.0,0.0,0.0,0.0,0.0,0.0,0.0,0.0,0.0,25.52,27.25,231.1,54.33,56.54,53.93,60.0,59.9,74.7,0.0,273.1,273.0,275.0,44.72,-0.591,44.73,601.0,1371430.0,41171.0,126500.0,-1.0,0.979,0.748,0.921,19.48,19.49,19.78,19.74,19.72,19.59,17.12,6.707,6.71,6.809,6.797,6.789,6.745,5.896,43035.0,43690.0,43262.0,43110.0,43989.0,41748.0,37841.0,4.288,305.5,11.75,7.1,3.527,2.0,-1.0,13.54,0.025,0.227,3.0,2.0,0.0,0.0,28.06,27.58,27.62,27.91,27.9,28.48,28.09,28.29,27.81,45.37
2016-06-07 17:38:00-05:00,273.4876,219.72542,503091.0,30.62,0.0,180.1,25.56,344.6,275.6,274.5,272.8,56.03,57.15,56.87,344.2,166.3,60.17,44.14,1380957.0,345.9,57.25,5.0,0.0,0.0,0.0,0.0,0.0,0.0,0.0,0.0,25.43,27.1,226.8,52.92,55.16,52.49,60.0,59.9,74.7,0.0,273.7,273.1,275.0,43.58,-0.781,43.59,601.0,1371431.0,41171.0,126500.0,-1.0,0.979,0.748,0.921,19.01,18.99,19.23,19.27,19.23,19.09,16.68,6.551,6.543,6.628,6.64,6.628,6.579,5.747,43035.0,43690.0,43262.0,43110.0,43989.0,41748.0,37841.0,4.217,303.2,13.24,6.7,3.527,2.0,-1.0,13.54,0.025,0.227,3.0,2.0,0.0,0.0,27.92,27.53,27.51,27.8,27.8,28.42,27.98,28.16,27.74,45.25
2016-06-07 17:39:00-05:00,270.0423,216.25107,503092.0,30.6,0.0,176.5,25.65,344.4,275.4,274.6,272.9,54.79,56.08,55.68,343.9,163.5,60.22,43.17,1380958.0,345.5,56.21,5.0,0.0,0.0,0.0,0.0,0.0,0.0,0.0,0.0,25.52,27.15,223.6,51.73,54.03,51.31,60.0,59.9,74.7,0.0,273.9,273.0,275.0,42.62,-0.907,42.63,601.0,1371432.0,41171.0,126500.0,-1.0,0.979,0.748,0.921,18.62,18.47,18.85,18.87,18.86,18.7,16.35,6.412,6.359,6.491,6.498,6.494,6.438,5.631,43035.0,43690.0,43262.0,43110.0,43989.0,41748.0,37841.0,4.673,288.2,11.4,7.0,3.528,2.0,-1.0,13.54,0.025,0.227,3.0,2.0,0.0,0.0,27.93,27.47,27.38,27.69,27.67,28.3,27.87,28.03,27.7,45.17
2016-06-07 17:40:00-05:00,268.14142,213.78539,503093.0,30.6,0.0,173.7,25.64,343.9,275.6,274.8,273.1,53.79,55.07,54.72,343.3,161.5,60.22,42.38,1380959.0,345.2,55.42,5.0,0.0,0.0,0.0,0.0,0.0,0.0,0.0,0.0,25.5,27.06,221.2,50.8,53.08,50.38,60.0,59.9,74.7,0.0,274.0,273.7,275.0,41.87,-1.029,41.88,601.0,1371432.0,41171.0,126500.0,-1.0,0.979,0.748,0.921,18.36,18.08,18.56,18.59,18.53,18.39,16.1,6.312,6.216,6.382,6.392,6.373,6.325,5.537,43035.0,43690.0,43262.0,43110.0,43989.0,41748.0,37841.0,4.05,290.0,14.21,6.1,3.528,2.0,-1.0,13.54,0.025,0.227,3.0,2.0,0.0,0.0,27.81,27.4,27.31,27.61,27.61,28.22,27.72,28.03,27.62,45.11
2016-06-07 17:41:00-05:00,264.10208,209.63858,503094.0,30.57,0.0,169.6,25.71,343.8,275.4,274.6,272.9,52.6,53.88,53.47,342.9,158.3,60.22,41.33,1380959.0,344.7,54.28,5.0,0.0,0.0,0.0,0.0,0.0,0.0,0.0,0.0,25.55,27.12,217.5,49.6,51.86,49.15,60.0,59.9,74.7,0.0,273.9,273.1,275.0,40.83,-1.183,40.84,601.0,1371433.0,41171.0,126500.0,-1.0,0.979,0.748,0.921,17.94,17.65,18.09,18.12,18.1,17.96,15.69,6.166,6.066,6.219,6.23,6.223,6.173,5.394,43035.0,43690.0,43262.0,43110.0,43989.0,41748.0,37841.0,3.247,298.7,18.31,5.0,3.528,2.0,-1.0,13.54,0.025,0.227,3.0,2.0,0.0,0.0,27.81,27.4,27.25,27.62,27.56,28.3,27.72,28.09,27.62,45.01
2016-06-07 17:42:00-05:00,260.41916,205.94006,503095.0,30.56,0.0,165.8,25.72,343.5,275.4,274.4,272.7,51.44,52.72,52.31,342.3,155.5,60.13,40.35,1380960.0,346.1,53.24,5.0,0.0,0.0,0.0,0.0,0.0,0.0,0.0,0.0,25.61,27.12,214.3,48.51,50.69,48.05,60.0,59.9,74.7,0.0,273.7,273.0,275.0,39.89,-1.384,39.92,601.0,1371434.0,41171.0,126500.0,-0.999,0.979,0.748,0.921,17.53,17.22,17.72,17.79,17.71,17.55,15.38,6.022,5.914,6.085,6.109,6.083,6.027,5.281,43035.0,43690.0,43262.0,43110.0,43989.0,41748.0,37841.0,2.508,290.2,15.21,4.6,3.526,2.0,-1.0,13.54,0.025,0.227,3.0,2.0,0.0,0.0,27.83,27.38,27.22,27.57,27.51,28.27,27.69,28.05,27.61,44.92
2016-06-07 17:43:00-05:00,257.44904,202.68985,503096.0,30.53,0.0,162.4,25.74,343.8,274.9,274.0,272.3,50.48,51.77,51.36,343.1,152.7,60.12,39.48,1380961.0,347.0,52.39,5.0,0.0,0.0,0.0,0.0,0.0,0.0,0.0,0.0,25.57,26.97,211.3,47.55,49.71,47.11,60.0,59.9,74.7,0.0,273.0,273.0,274.9,39.03,-1.499,39.05,601.0,1371434.0,41171.0,126500.0,-0.999,0.979,0.748,0.921,17.17,16.82,17.35,17.37,17.35,17.15,15.04,5.901,5.781,5.963,5.971,5.963,5.895,5.17,43035.0,43690.0,43262.0,43110.0,43989.0,41748.0,37841.0,3.233,294.0,12.42,4.5,3.528,2.0,-1.0,13.54,0.025,0.227,3.0,2.0,0.0,0.0,27.7,27.34,27.13,27.49,27.48,28.16,27.64,28.01,27.55,44.83
2016-06-07 17:44:00-05:00,253.05328,198.43095,503097.0,30.53,0.0,158.1,25.79,343.8,274.9,274.1,272.5,49.15,50.47,50.02,343.0,149.4,60.13,38.39,1380961.0,346.6,51.25,5.0,0.0,0.0,0.0,0.0,0.0,0.0,0.0,0.0,25.66,27.04,207.5,46.29,48.45,45.81,60.0,59.9,74.7,0.0,273.0,273.0,275.0,37.99,-1.674,38.02,601.0,1371435.0,41171.0,126500.0,-0.999,0.979,0.748,0.921,16.69,16.39,16.89,16.95,16.87,16.7,14.68,5.739,5.636,5.807,5.826,5.8,5.741,5.048,43035.0,43690.0,43262.0,43110.0,43989.0,41748.0,37841.0,4.055,283.8,15.73,7.9,3.528,2.0,-1.0,13.54,0.025,0.227,3.0,2.0,0.0,0.0,27.77,27.36,27.09,27.46,27.41,28.24,27.58,28.03,27.54,44.76
2016-06-07 17:45:00-05:00,248.65752,194.17206,503098.0,30.49,0.0,153.8,25.69,344.2,274.9,274.0,272.4,47.86,49.18,48.73,343.3,146.1,60.12,37.31,1380962.0,346.8,50.15,5.0,0.0,0.0,0.0,0.0,0.0,0.0,0.0,0.0,25.52,26.81,203.5,45.02,47.16,44.55,60.0,59.9,74.7,0.0,273.0,273.0,275.0,36.93,-1.837,36.98,601.0,1371436.0,41171.0,126500.0,-0.999,0.979,0.748,0.921,16.21,15.97,16.4,16.43,16.41,16.23,14.27,5.58,5.496,5.645,5.655,5.646,5.586,4.913,43035.0,43690.0,43262.0,43110.0,43989.0,41748.0,37841.0,5.182,298.0,17.82,8.6,3.526,2.0,-1.0,13.54,0.024,0.226,3.0,2.0,0.0,0.0,27.6,27.25,26.96,27.35,27.28,28.09,27.43,27.88,27.31,44.68
2016-06-07 17:46:00-05:00,244.73695,190.36147,503099.0,30.46,0.0,149.8,25.67,344.2,275.1,274.1,272.4,46.62,47.97,47.49,342.9,143.1,60.13,36.3,1380963.0,345.0,49.06,5.0,0.0,0.0,0.0,0.0,0.0,0.0,0.0,0.0,25.5,26.79,199.7,43.82,45.95,43.35,60.0,59.9,74.7,0.0,273.0,273.0,275.0,35.92,-1.982,35.98,601.0,1371436.0,41171.0,126500.0,-0.998,0.979,0.748,0.921,15.8,15.53,15.99,16.03,16.0,15.82,13.89,5.438,5.346,5.505,5.518,5.507,5.446,4.781,43035.0,43690.0,43262.0,43110.0,43989.0,41748.0,37841.0,5.25,294.9,7.778,7.7,3.528,2.0,-1.0,13.54,0.024,0.226,3.0,2.0,0.0,0.0,27.52,27.17,26.84,27.22,27.18,27.96,27.31,27.74,27.2,44.62
2016-06-07 17:47:00-05:00,241.76686,187.11125,503100.0,30.43,0.0,146.3,25.81,344.1,275.2,274.2,272.5,45.55,46.84,46.44,343.3,140.2,60.13,35.4,1380963.0,345.4,48.13,5.0,0.0,0.0,0.0,0.0,0.0,0.0,0.0,0.0,25.72,26.88,196.7,42.76,44.86,42.28,60.0,59.9,74.7,0.0,273.2,273.0,275.0,35.05,-2.118,35.11,601.0,1371437.0,41171.0,126500.0,-0.998,0.979,0.748,0.921,15.39,15.11,15.61,15.62,15.57,15.42,13.56,5.295,5.2,5.369,5.375,5.356,5.304,4.667,43035.0,43690.0,43262.0,43110.0,43989.0,41748.0,37841.0,,0.0,0.0,,,2.0,-1.0,13.54,0.024,0.226,3.0,2.0,0.0,0.0,27.6,27.16,26.73,27.2,27.15,27.98,27.25,27.72,27.12,44.52
2016-06-07 17:48:00-05:00,237.72752,183.18858,503101.0,30.43,0.0,142.4,25.73,344.2,275.3,274.3,272.5,44.33,45.71,45.21,343.7,137.5,60.15,34.42,1380964.0,345.4,47.27,5.0,0.0,0.0,0.0,0.0,0.0,0.0,0.0,0.0,25.64,26.76,193.2,41.57,43.69,41.13,60.0,59.9,74.7,0.0,273.5,273.0,275.0,34.08,-2.273,34.16,601.0,1371437.0,41171.0,126500.0,-0.998,0.979,0.748,0.921,14.98,14.69,15.17,15.2,15.17,15.02,13.18,5.155,5.055,5.221,5.233,5.222,5.168,4.536,43035.0,43690.0,43262.0,43110.0,43989.0,41748.0,37841.0,4.558,296.0,15.46,6.3,3.528,2.0,-1.0,13.54,0.024,0.226,3.0,2.0,0.0,0.0,27.49,27.08,26.68,27.2,27.1,27.98,27.25,27.72,27.05,44.44
2016-06-07 17:49:00-05:00,234.51978,179.8263,503102.0,30.43,0.0,138.9,25.66,344.1,275.2,274.4,272.7,43.24,44.56,44.13,343.4,135.1,60.15,33.51,1380965.0,345.6,46.38,5.0,0.0,0.0,0.0,0.0,0.0,0.0,0.0,0.0,25.49,26.61,190.2,40.56,42.65,40.09,60.0,59.9,74.7,0.0,273.7,273.0,275.0,33.23,-2.428,33.32,601.0,1371438.0,41171.0,126500.0,-0.997,0.979,0.748,0.921,14.59,14.33,14.81,14.86,14.77,14.65,12.89,5.021,4.928,5.096,5.112,5.081,5.04,4.434,43035.0,43690.0,43262.0,43110.0,43989.0,41748.0,37841.0,4.267,282.5,18.73,7.9,3.528,2.0,-1.0,13.54,0.024,0.226,3.0,2.0,0.0,0.0,27.35,26.91,26.57,27.07,26.99,27.85,27.14,27.54,26.97,44.32
2016-06-07 17:50:00-05:00,231.31207,176.68816,503103.0,30.4,0.0,135.3,25.61,344.5,275.1,274.3,272.6,42.21,43.57,43.06,344.0,132.2,60.14,32.63,1380965.0,346.1,45.46,5.0,0.0,0.0,0.0,0.0,0.0,0.0,0.0,0.0,25.51,26.51,187.0,39.53,41.61,39.04,60.0,59.9,74.7,0.0,273.2,273.0,275.0,32.35,-2.565,32.45,601.0,1371438.0,41171.0,126500.0,-0.997,0.979,0.748,0.921,14.21,13.92,14.41,14.44,14.39,14.25,12.53,4.895,4.795,4.964,4.975,4.957,4.909,4.314,43035.0,43690.0,43262.0,43110.0,43989.0,41748.0,37841.0,3.878,292.7,9.71,5.6,3.528,2.0,-1.0,13.54,0.024,0.226,3.0,2.0,0.0,0.0,27.23,26.83,26.45,26.94,26.92,27.7,27.02,27.43,26.86,44.22
2016-06-07 17:51:00-05:00,227.98555,173.21379,503104.0,30.4,0.0,131.7,25.67,344.5,275.3,274.4,272.7,41.14,42.49,41.94,344.0,129.5,60.14,31.74,1380966.0,345.1,44.53,5.0,0.0,0.0,0.0,0.0,0.0,0.0,0.0,0.0,25.54,26.52,183.8,38.45,40.54,37.96,60.0,59.9,74.7,0.0,273.7,273.0,275.0,31.45,-2.692,31.57,601.0,1371439.0,41171.0,126500.0,-0.996,0.979,0.748,0.921,13.82,13.51,14.03,14.08,13.99,13.84,12.2,4.76,4.653,4.835,4.849,4.821,4.768,4.204,43035.0,43690.0,43262.0,43110.0,43989.0,41748.0,37841.0,3.708,276.7,16.93,6.3,3.528,2.0,-1.0,13.54,0.024,0.226,3.0,2.0,0.0,0.0,27.19,26.87,26.4,26.92,26.92,27.7,26.94,27.4,26.86,44.09
2016-06-07 17:52:00-05:00,225.25305,170.29982,503105.0,30.37,0.0,128.5,25.7,344.4,275.3,274.7,273.0,40.18,41.43,40.94,343.7,127.0,60.18,30.92,1380966.0,345.3,43.65,5.0,0.0,0.0,0.0,0.0,0.0,0.0,0.0,0.0,25.52,26.45,181.2,37.5,39.58,36.99,60.0,59.9,74.7,0.0,273.9,273.5,275.1,30.66,-2.825,30.79,601.0,1371439.0,41171.0,126500.0,-0.996,0.979,0.748,0.921,13.48,13.22,13.68,13.69,13.66,13.53,11.91,4.643,4.553,4.711,4.714,4.705,4.66,4.102,43035.0,43690.0,43262.0,43110.0,43989.0,41748.0,37841.0,4.037,287.3,10.23,6.0,3.528,2.0,-1.0,13.54,0.024,0.226,3.0,2.0,0.0,0.0,27.13,26.85,26.29,26.86,26.81,27.67,26.9,27.33,26.76,44.06
2016-06-07 17:53:00-05:00,222.40175,167.27376,503106.0,30.36,0.0,125.2,25.72,344.7,275.3,274.6,272.9,39.15,40.5,40.01,343.8,124.6,60.19,30.11,1380967.0,347.0,42.83,5.0,0.0,0.0,0.0,0.0,0.0,0.0,0.0,0.0,25.6,26.48,178.5,36.58,38.65,36.07,60.0,59.9,74.7,0.0,274.0,273.4,275.1,29.89,-2.932,30.03,601.0,1371440.0,41171.0,126500.0,-0.995,0.979,0.748,0.921,13.15,12.87,13.33,13.39,13.33,13.16,11.62,4.532,4.435,4.594,4.617,4.594,4.536,4.006,43035.0,43690.0,43262.0,43110.0,43989.0,41748.0,37841.0,3.557,281.2,13.12,5.5,3.528,2.0,-1.0,13.54,0.024,0.226,3.0,2.0,0.0,0.0,27.13,26.89,26.22,26.83,26.83,27.7,26.88,27.33,26.74,44.05
2016-06-07 17:54:00-05:00,219.66925,164.2477,503107.0,30.34,0.0,122.3,25.71,344.7,275.7,274.6,272.9,38.21,39.56,39.06,344.3,122.1,60.14,29.33,1380967.0,345.8,42.05,5.0,0.0,0.0,0.0,0.0,0.0,0.0,0.0,0.0,25.58,26.43,175.8,35.68,37.7,35.17,60.0,59.9,74.7,0.0,274.0,273.8,275.0,29.12,-3.079,29.28,601.0,1371440.0,41171.0,126500.0,-0.994,0.979,0.748,0.921,12.8,12.52,13.04,13.07,12.97,12.82,11.37,4.412,4.315,4.496,4.505,4.47,4.417,3.919,43035.0,43690.0,43262.0,43110.0,43989.0,41748.0,37841.0,3.482,298.1,13.25,5.1,3.528,2.0,-1.0,13.54,0.024,0.226,3.0,2.0,0.0,0.0,27.1,26.76,26.14,26.76,26.74,27.62,26.77,27.25,26.66,44.03
2016-06-07 17:55:00-05:00,215.27348,160.21297,503108.0,30.32,0.0,118.8,25.64,344.7,275.6,274.7,273.0,37.08,38.34,37.86,344.1,119.3,60.14,28.36,1380968.0,346.2,41.06,5.0,0.0,0.0,0.0,0.0,0.0,0.0,0.0,0.0,25.52,26.29,172.2,34.57,36.57,34.06,60.0,59.9,74.7,0.0,274.0,274.0,275.2,28.18,-3.21,28.37,601.0,1371441.0,41171.0,126500.0,-0.994,0.979,0.748,0.921,12.38,12.13,12.62,12.66,12.57,12.45,11.01,4.268,4.181,4.349,4.364,4.333,4.293,3.795,43035.0,43690.0,43262.0,43110.0,43989.0,41748.0,37841.0,3.39,291.3,14.86,5.6,3.528,2.0,-1.0,13.54,0.024,0.226,3.0,2.0,0.0,0.0,27.0,26.7,26.08,26.71,26.68,27.56,26.73,27.23,26.59,43.95
2016-06-07 17:56:00-05:00,210.52132,155.95406,503109.0,30.29,0.0,114.8,25.64,345.0,275.8,275.0,273.2,35.77,37.11,36.63,345.1,116.1,60.17,27.33,1380968.0,346.0,40.07,5.0,0.0,0.0,0.0,0.0,0.0,0.0,0.0,0.0,25.57,26.26,168.2,33.35,35.35,32.86,60.0,59.9,74.7,0.0,274.0,274.0,275.9,27.17,-3.379,27.38,601.0,1371441.0,41171.0,126500.0,-0.992,0.979,0.748,0.921,11.94,11.63,12.2,12.2,12.16,12.01,10.61,4.12,4.011,4.208,4.209,4.193,4.143,3.661,43035.0,43690.0,43262.0,43110.0,43989.0,41748.0,37841.0,3.403,291.7,13.45,5.1,3.527,2.0,-1.0,13.54,0.024,0.226,3.0,2.0,0.0,0.0,26.93,26.66,25.99,26.64,26.63,27.52,26.68,27.18,26.5,43.85
2016-06-07 17:57:00-05:00,206.00674,152.03139,503110.0,30.29,0.0,111.2,25.63,344.7,275.4,274.9,273.2,34.69,35.96,35.47,344.6,113.5,60.14,26.37,1380969.0,345.9,39.12,5.0,0.0,0.0,0.0,0.0,0.0,0.0,0.0,0.0,25.49,26.14,164.6,32.31,34.28,31.8,60.0,59.9,74.7,0.0,274.0,274.0,275.7,26.26,-3.535,26.5,601.0,1371442.0,41171.0,126500.0,-0.991,0.979,0.748,0.921,11.59,11.28,11.8,11.81,11.78,11.65,10.27,3.995,3.89,4.069,4.072,4.062,4.015,3.542,43035.0,43690.0,43262.0,43110.0,43989.0,41748.0,37841.0,3.787,291.1,18.4,6.9,3.526,2.0,-1.0,13.54,0.024,0.226,3.0,2.0,0.0,0.0,26.8,26.62,25.9,26.55,26.53,27.44,26.58,27.05,26.47,43.75
2016-06-07 17:58:00-05:00,202.56142,148.55702,503111.0,30.27,0.0,108.2,25.54,344.8,275.3,275.0,273.1,33.67,34.96,34.48,344.2,110.7,60.15,25.53,1380969.0,345.9,38.1,5.0,0.0,0.0,0.0,0.0,0.0,0.0,0.0,0.0,25.46,26.11,161.5,31.36,33.32,30.87,60.0,59.9,74.7,0.0,274.0,274.0,275.6,25.45,-3.651,25.71,601.0,1371442.0,41171.0,126500.0,-0.99,0.979,0.748,0.921,11.23,10.86,11.43,11.48,11.44,11.24,9.96,3.873,3.743,3.939,3.958,3.944,3.876,3.433,43035.0,43690.0,43262.0,43110.0,43989.0,41748.0,37841.0,3.673,309.4,14.3,6.4,3.528,2.0,-1.0,13.54,0.024,0.226,3.0,2.0,0.0,0.0,26.71,26.53,25.85,26.53,26.53,27.52,26.55,27.07,26.37,43.65
2016-06-07 17:59:00-05:00,198.87848,144.9706,503112.0,30.26,0.0,105.0,25.67,345.1,275.8,274.9,273.1,32.64,33.95,33.47,344.4,107.9,60.15,24.69,1380970.0,346.3,37.17,5.0,0.0,0.0,0.0,0.0,0.0,0.0,0.0,0.0,25.59,26.08,158.3,30.35,32.3,29.87,60.0,59.9,74.7,0.0,274.0,274.0,275.9,24.59,-3.776,24.87,601.0,1371443.0,41171.0,126500.0,-0.988,0.979,0.748,0.921,10.84,10.49,11.07,11.09,11.04,10.9,9.66,3.74,3.619,3.821,3.825,3.81,3.76,3.334,43035.0,43690.0,43262.0,43110.0,43989.0,41748.0,37841.0,2.87,276.8,23.84,5.8,3.528,2.0,-1.0,13.54,0.024,0.226,3.0,2.0,0.0,0.0,26.71,26.53,25.75,26.53,26.53,27.49,26.53,27.1,26.28,43.53
2016-06-07 18:00:00-05:00,195.43317,141.72038,503113.0,30.22,0.0,101.8,25.65,345.2,275.8,275.0,273.2,31.6,32.91,32.44,344.6,105.7,60.15,23.83,1380970.0,346.4,36.42,5.0,0.0,0.0,0.0,0.0,0.0,0.0,0.0,0.0,25.5,25.99,155.3,29.39,31.33,28.92,60.0,59.9,74.7,0.0,274.0,274.0,275.9,23.76,-3.915,24.08,601.0,1371443.0,41172.0,126500.0,-0.987,0.979,0.748,0.921,10.5,10.11,10.72,10.74,10.7,10.55,9.35,3.623,3.488,3.699,3.706,3.692,3.641,3.229,43035.0,43690.0,43262.0,43110.0,43989.0,41748.0,37841.0,3.268,291.7,18.15,5.5,3.528,2.0,-1.0,13.54,0.024,0.226,3.0,2.0,0.0,0.0,26.69,26.42,25.69,26.5,26.47,27.37,26.45,26.96,26.24,43.47
2016-06-07 18:01:00-05:00,191.86902,138.47018,503114.0,30.21,0.0,98.7,25.53,345.2,276.0,275.5,273.6,30.56,31.84,31.36,344.7,103.0,60.14,22.98,1380971.0,346.1,35.49,5.0,0.0,0.0,0.0,0.0,0.0,0.0,0.0,0.0,25.37,25.84,152.2,28.36,30.31,27.93,60.0,59.9,74.7,0.0,274.6,274.2,276.0,22.91,-4.049,23.27,601.0,1371443.0,41172.0,126500.0,-0.985,0.979,0.748,0.921,10.09,9.68,10.38,10.4,10.31,10.16,9.08,3.482,3.341,3.581,3.59,3.558,3.507,3.135,43035.0,43690.0,43262.0,43110.0,43989.0,41748.0,37841.0,3.832,284.4,17.48,6.1,3.528,2.0,-1.0,13.54,0.024,0.226,3.0,2.0,0.0,0.0,26.53,26.25,25.59,26.37,26.35,27.26,26.35,26.86,26.14,43.36
2016-06-07 18:02:00-05:00,188.78012,135.5562,503115.0,30.19,0.0,95.8,25.57,345.2,276.5,275.6,273.8,29.57,30.95,30.44,344.5,100.5,60.15,22.22,1380971.0,346.5,34.61,5.0,0.0,0.0,0.0,0.0,0.0,0.0,0.0,0.0,25.42,25.82,149.4,27.48,29.45,27.03,60.0,59.9,74.7,0.0,275.0,274.8,276.1,22.16,-4.184,22.55,601.0,1371444.0,41172.0,126500.0,-0.983,0.979,0.748,0.921,9.8,9.41,10.03,10.05,10.02,9.86,8.8,3.381,3.248,3.463,3.47,3.458,3.404,3.038,43035.0,43690.0,43262.0,43110.0,43989.0,41748.0,37841.0,3.085,296.7,19.3,4.8,3.528,2.0,-1.0,13.54,0.024,0.226,3.0,2.0,0.0,0.0,26.51,26.22,25.47,26.3,26.29,27.25,26.3,26.83,26.07,43.32
2016-06-07 18:03:00-05:00,186.28523,132.86636,503116.0,30.16,0.0,93.3,25.62,345.4,276.1,275.3,273.6,28.83,30.15,29.61,344.8,98.9,60.15,21.53,1380971.0,346.5,34.1,5.0,0.0,0.0,0.0,0.0,0.0,0.0,0.0,0.0,25.49,25.78,147.0,26.75,28.73,26.32,60.0,59.9,74.7,0.0,274.4,274.3,276.1,21.51,-4.282,21.93,601.0,1371444.0,41172.0,126500.0,-0.981,0.979,0.748,0.921,9.49,9.09,9.76,9.79,9.73,9.55,8.53,3.276,3.14,3.37,3.381,3.362,3.297,2.947,43035.0,43690.0,43262.0,43110.0,43989.0,41748.0,37841.0,,0.0,0.0,,,2.0,-1.0,13.54,0.024,0.226,3.0,2.0,0.0,0.0,26.41,26.14,25.39,26.24,26.24,27.2,26.25,26.79,25.98,43.24
2016-06-07 18:04:00-05:00,182.95871,129.72823,503117.0,30.14,0.0,90.6,25.8,345.5,275.5,274.9,273.2,27.95,29.28,28.77,345.1,96.4,60.14,20.77,1380972.0,346.9,33.27,5.0,0.0,0.0,0.0,0.0,0.0,0.0,0.0,0.0,25.7,25.81,144.3,25.97,27.96,25.56,60.0,59.9,74.7,0.0,274.0,274.0,276.0,20.79,-4.387,21.25,601.0,1371444.0,41172.0,126500.0,-0.978,0.979,0.748,0.921,9.18,8.83,9.44,9.47,9.47,9.28,8.27,3.17,3.049,3.26,3.272,3.271,3.207,2.856,43035.0,43690.0,43262.0,43110.0,43989.0,41748.0,37841.0,2.635,292.6,9.63,4.0,3.528,2.0,-1.0,13.54,0.024,0.226,3.0,2.0,0.0,0.0,26.41,26.14,25.36,26.22,26.24,27.15,26.19,26.73,25.93,43.13
2016-06-07 18:05:00-05:00,178.80055,126.14179,503118.0,30.12,0.0,87.7,25.93,345.7,275.6,275.0,273.3,27.0,28.37,27.83,345.2,94.5,60.15,20.0,1380972.0,346.7,32.62,5.0,0.0,0.0,0.0,0.0,0.0,0.0,0.0,0.0,25.79,25.79,141.0,25.05,27.06,24.7,60.0,59.9,74.7,0.0,274.0,274.0,276.0,20.01,-4.492,20.51,601.0,1371445.0,41172.0,126500.0,-0.976,0.979,0.748,0.921,8.85,8.45,9.09,9.12,9.11,8.93,7.978,3.059,2.92,3.142,3.151,3.148,3.087,2.758,43035.0,43690.0,43262.0,43110.0,43989.0,41748.0,37841.0,2.225,297.2,13.13,3.3,3.528,2.0,-1.0,13.54,0.024,0.226,3.0,2.0,0.0,0.0,26.4,26.14,25.28,26.14,26.21,27.12,26.14,26.71,25.88,43.01
2016-06-07 18:06:00-05:00,176.06805,123.45196,503119.0,30.1,0.0,85.2,25.69,345.7,275.6,275.1,273.3,26.22,27.54,27.01,345.2,91.9,60.15,19.33,1380972.0,347.3,31.72,5.0,0.0,0.0,0.0,0.0,0.0,0.0,0.0,0.0,25.53,25.61,138.7,24.29,26.3,23.98,60.0,59.9,74.7,0.0,274.0,274.0,276.0,19.35,-4.599,19.89,601.0,1371445.0,41172.0,126500.0,-0.973,0.979,0.748,0.921,8.56,8.14,8.83,8.83,8.82,8.63,7.754,2.958,2.813,3.051,3.052,3.05,2.985,2.68,43035.0,43690.0,43262.0,43110.0,43989.0,41748.0,37841.0,3.102,289.6,18.28,4.8,3.528,2.0,-1.0,13.54,0.024,0.225,3.0,2.0,0.0,0.0,26.25,26.08,25.2,26.14,26.14,27.05,26.14,26.6,25.81,42.93
2016-06-07 18:07:00-05:00,173.92958,121.210434,503120.0,30.08,0.0,82.9,25.54,345.6,276.1,275.1,273.3,25.38,26.75,26.23,345.1,90.2,60.15,18.66,1380973.0,346.8,31.12,5.0,0.0,0.0,0.0,0.0,0.0,0.0,0.0,0.0,25.35,25.49,136.5,23.57,25.59,23.29,60.0,59.9,74.7,0.0,274.1,274.0,276.0,18.72,-4.702,19.3,601.0,1371445.0,41172.0,126500.0,-0.97,0.979,0.748,0.921,8.29,7.877,8.55,8.56,8.56,8.37,7.509,2.865,2.722,2.954,2.96,2.96,2.894,2.595,43035.0,43690.0,43262.0,43110.0,43989.0,41748.0,37841.0,3.998,289.5,17.13,6.2,3.53,2.0,-1.0,13.54,0.024,0.225,3.0,2.0,0.0,0.0,26.15,25.98,25.12,26.03,26.08,26.99,26.06,26.5,25.75,42.82
2016-06-07 18:08:00-05:00,171.43468,118.5206,503121.0,30.05,0.0,80.1,25.5,345.8,276.0,275.4,273.5,24.64,25.93,25.42,345.2,87.8,60.15,18.01,1380973.0,347.2,30.31,5.0,0.0,0.0,0.0,0.0,0.0,0.0,0.0,0.0,25.31,25.45,134.0,22.83,24.82,22.55,60.0,59.9,74.7,0.0,274.6,274.1,276.0,18.05,-4.817,18.68,601.0,1371446.0,41172.0,126500.0,-0.966,0.979,0.748,0.921,7.982,7.578,8.26,8.27,8.24,8.08,7.278,2.76,2.62,2.858,2.86,2.85,2.792,2.517,43035.0,43690.0,43262.0,43110.0,43989.0,41748.0,37841.0,2.912,292.2,15.68,4.3,3.528,2.0,-1.0,13.54,0.024,0.225,3.0,2.0,0.0,0.0,26.05,25.85,25.04,25.97,25.96,26.91,25.95,26.35,25.67,42.73
2016-06-07 18:09:00-05:00,168.82098,115.2704,503122.0,30.02,0.0,77.14,25.43,346.0,276.2,275.4,273.6,23.75,25.08,24.6,345.5,86.2,60.14,17.31,1380974.0,347.6,29.79,5.0,0.0,0.0,0.0,0.0,0.0,0.0,0.0,0.0,25.29,25.34,131.4,22.08,24.06,21.81,60.0,59.9,74.7,0.0,274.9,274.4,276.0,17.38,-4.92,18.06,601.0,1371446.0,41172.0,126500.0,-0.962,0.979,0.748,0.921,7.702,7.344,7.958,7.962,7.956,7.814,7.024,2.665,2.541,2.754,2.755,2.753,2.704,2.43,43035.0,43690.0,43262.0,43110.0,43989.0,41748.0,37841.0,3.467,305.7,6.44,4.8,3.53,2.0,-1.0,13.54,0.023,0.225,3.0,2.0,0.0,0.0,25.94,25.8,24.97,25.88,25.91,26.86,25.88,26.27,25.6,42.61
2016-06-07 18:10:00-05:00,164.54404,111.23565,503123.0,30.02,0.0,73.55,25.46,346.3,276.4,275.5,273.6,22.88,24.16,23.66,345.5,83.7,60.17,16.55,1380974.0,348.1,28.91,5.0,0.0,0.0,0.0,0.0,0.0,0.0,0.0,0.0,25.35,25.28,127.9,21.22,23.21,20.99,60.0,59.9,74.7,0.0,275.0,274.8,276.0,16.62,-5.045,17.36,601.0,1371446.0,41172.0,126500.0,-0.957,0.979,0.748,0.921,7.377,7.038,7.592,7.63,7.631,7.449,6.716,2.554,2.437,2.629,2.642,2.642,2.579,2.325,43035.0,43690.0,43262.0,43110.0,43989.0,41748.0,37841.0,3.58,313.4,13.59,5.3,3.528,2.0,-1.0,13.54,0.023,0.225,3.0,2.0,0.0,0.0,25.84,25.75,24.89,25.79,25.85,26.83,25.77,26.21,25.52,42.57
2016-06-07 18:11:00-05:00,159.91066,107.08883,503124.0,29.99,0.0,70.17,25.58,346.1,276.1,275.6,273.7,21.92,23.23,22.77,345.5,81.2,60.22,15.77,1380974.0,347.3,28.07,5.0,0.0,0.0,0.0,0.0,0.0,0.0,0.0,0.0,25.48,25.26,124.4,20.41,22.42,20.23,60.0,59.9,74.7,0.0,275.0,274.9,276.0,15.88,-5.148,16.7,601.0,1371447.0,41172.0,126500.0,-0.951,0.979,0.748,0.921,7.067,6.743,7.283,7.316,7.313,7.121,6.481,2.445,2.333,2.52,2.532,2.531,2.464,2.243,43035.0,43690.0,43262.0,43110.0,43989.0,41748.0,37841.0,2.58,300.7,14.84,3.8,3.528,2.0,-1.0,13.54,0.023,0.225,3.0,2.0,0.0,0.0,25.83,25.73,24.82,25.75,25.77,26.76,25.75,26.17,25.49,42.47
2016-06-07 18:12:00-05:00,155.03969,103.05408,503125.0,29.96,0.0,66.93,25.57,346.3,276.1,275.6,273.6,21.08,22.36,21.86,345.8,79.58,60.21,15.04,1380974.0,347.6,27.52,5.0,0.0,0.0,0.0,0.0,0.0,0.0,0.0,0.0,25.42,25.15,120.9,19.62,21.63,19.48,60.0,59.9,74.7,0.0,275.0,274.9,276.0,15.15,-5.264,16.04,601.0,1371447.0,41172.0,126500.0,-0.945,0.979,0.748,0.921,6.712,6.431,6.963,6.987,7.0,6.809,6.21,2.324,2.227,2.411,2.42,2.424,2.358,2.151,43035.0,43690.0,43262.0,43110.0,43989.0,41748.0,37841.0,2.083,292.9,15.1,3.2,3.526,2.0,-1.0,13.54,0.023,0.225,3.0,2.0,0.0,0.0,25.75,25.64,24.74,25.73,25.73,26.71,25.67,26.14,25.42,42.36
2016-06-07 18:13:00-05:00,150.64392,99.46764,503126.0,29.95,0.0,64.02,25.48,346.2,276.3,275.5,273.6,20.27,21.55,21.06,345.7,77.19,60.21,14.37,1380975.0,347.7,26.69,5.0,0.0,0.0,0.0,0.0,0.0,0.0,0.0,0.0,25.31,25.05,117.6,18.91,20.91,18.79,60.0,59.9,74.7,0.0,274.9,274.9,276.0,14.48,-5.357,15.44,601.0,1371447.0,41173.0,126500.0,-0.938,0.979,0.748,0.921,6.431,6.16,6.689,6.692,6.695,6.537,5.978,2.226,2.132,2.315,2.317,2.317,2.263,2.069,43035.0,43690.0,43262.0,43110.0,43989.0,41748.0,37841.0,2.725,276.8,20.57,5.6,3.528,2.0,-1.0,13.54,0.023,0.225,3.0,2.0,0.0,0.0,25.6,25.56,24.65,25.59,25.62,26.67,25.57,26.01,25.33,42.26
2016-06-07 18:14:00-05:00,142.80283,94.08798,503127.0,29.92,0.0,60.5,25.42,346.1,276.1,275.3,273.4,19.16,20.39,19.93,345.5,74.45,60.13,13.4,1380975.0,347.7,25.72,5.0,0.0,0.0,0.0,0.0,0.0,0.0,0.0,0.0,25.25,24.97,109.5,17.93,19.93,17.86,60.0,59.9,74.7,0.0,274.3,274.2,276.0,13.54,-5.497,14.62,601.0,1371447.0,41173.0,126500.0,-0.926,0.979,0.748,0.921,6.09,5.739,6.305,6.314,6.177,6.177,5.603,2.107,1.986,2.182,2.185,2.138,2.137,1.939,43035.0,43690.0,43262.0,43110.0,43989.0,41748.0,37841.0,2.983,299.1,21.11,4.7,3.528,2.0,-1.0,13.54,0.023,0.225,3.0,2.0,0.0,0.0,25.52,25.46,24.58,25.51,25.51,26.59,25.49,25.88,25.26,42.16
2016-06-07 18:15:00-05:00,58.808155,50.714485,503128.0,29.89,0.0,42.65,25.32,349.2,276.0,275.3,273.4,11.95,12.57,12.44,348.7,56.36,60.14,7.12,1380975.0,350.4,19.64,5.0,0.0,0.0,0.0,0.0,0.0,0.0,0.0,0.0,25.14,24.83,52.43,12.33,14.27,12.68,60.0,59.9,74.7,0.0,274.6,274.3,276.0,7.462,-6.384,10.05,601.0,1371447.0,41173.0,126500.0,-0.716,0.979,0.748,0.921,3.293,3.39,3.615,3.648,3.652,3.347,3.317,1.147,1.182,1.26,1.271,1.273,1.166,1.156,43035.0,43690.0,43262.0,43110.0,43989.0,41748.0,37841.0,2.92,310.2,17.01,4.6,3.528,2.0,-1.0,13.54,0.023,0.225,3.0,2.0,0.0,0.0,25.36,25.34,24.47,25.36,25.36,26.44,25.34,25.73,25.1,42.05
2016-06-07 18:16:00-05:00,27.443806,33.790977,503129.0,29.86,0.0,35.95,25.27,343.1,275.6,274.8,273.0,9.7,10.21,10.19,342.8,51.19,60.14,5.189,1380975.0,344.6,17.55,5.0,0.0,0.0,0.0,0.0,0.0,0.0,0.0,0.0,25.05,24.68,33.14,10.61,12.61,11.16,60.0,59.9,74.7,0.0,274.0,274.0,275.8,5.595,-6.636,8.68,601.0,1371447.0,41173.0,126500.0,-0.644,0.979,0.748,0.921,2.667,2.776,2.812,2.843,2.941,2.672,2.541,0.915,0.953,0.965,0.976,1.009,0.917,0.872,43035.0,43690.0,43262.0,43110.0,43989.0,41748.0,37841.0,2.91,308.9,9.36,4.0,3.527,2.0,-1.0,13.54,0.023,0.224,3.0,2.0,0.0,0.0,25.13,25.08,24.27,25.12,25.1,26.25,25.07,25.48,24.9,41.95
2016-06-07 18:17:00-05:00,26.018154,32.670216,503130.0,29.83,0.0,35.16,25.21,343.6,275.8,275.0,273.2,9.21,10.09,10.02,343.1,49.74,60.15,4.983,1380975.0,344.7,17.06,5.0,0.0,0.0,0.0,0.0,0.0,0.0,0.0,0.0,24.96,24.45,31.96,10.48,12.47,11.03,60.0,59.9,74.7,0.0,274.0,274.0,276.0,5.362,-6.683,8.57,601.0,1371448.0,41173.0,126500.0,-0.626,0.979,0.748,0.921,2.539,2.705,2.732,2.737,2.824,2.543,2.463,0.872,0.929,0.939,0.941,0.97,0.874,0.846,43035.0,43690.0,43262.0,43110.0,43989.0,41748.0,37841.0,2.695,294.1,14.29,4.4,3.528,2.0,-1.0,13.54,0.023,0.224,3.0,2.0,0.0,0.0,24.97,24.89,24.09,24.89,24.88,26.17,24.84,25.23,24.69,41.84
2016-06-07 18:18:00-05:00,25.899347,32.33399,503131.0,29.78,0.0,34.78,25.04,343.9,276.2,275.2,273.4,9.03,9.93,9.89,343.6,49.14,60.14,4.853,1380976.0,345.5,16.88,5.0,0.0,0.0,0.0,0.0,0.0,0.0,0.0,0.0,24.83,24.29,31.56,10.41,12.4,10.97,60.0,59.9,74.7,0.0,274.9,274.2,276.0,5.254,-6.703,8.52,601.0,1371448.0,41173.0,126500.0,-0.617,0.979,0.748,0.921,2.488,2.679,2.672,2.663,2.752,2.526,2.43,0.856,0.922,0.919,0.916,0.947,0.869,0.836,43035.0,43690.0,43262.0,43110.0,43989.0,41748.0,37841.0,3.008,297.3,19.67,4.5,3.528,2.0,-1.0,13.54,0.023,0.224,3.0,2.0,0.0,0.0,24.85,24.68,23.87,24.64,24.64,26.0,24.61,25.02,24.46,41.74
2016-06-07 18:19:00-05:00,26.493368,32.446064,503132.0,29.74,0.0,34.81,24.95,344.2,276.3,275.3,273.6,9.24,9.88,9.77,344.2,49.17,60.14,4.871,1380976.0,345.2,16.92,5.0,0.0,0.0,0.0,0.0,0.0,0.0,0.0,0.0,24.72,24.13,31.83,10.42,12.43,10.96,60.0,59.9,74.7,0.0,275.0,274.7,276.0,5.284,-6.706,8.54,601.0,1371448.0,41173.0,126500.0,-0.618,0.979,0.748,0.921,2.53,2.677,2.679,2.696,2.816,2.532,2.434,0.871,0.922,0.922,0.928,0.969,0.872,0.838,43035.0,43690.0,43262.0,43110.0,43989.0,41748.0,37841.0,2.478,292.9,15.7,3.5,3.528,2.0,-1.0,13.54,0.023,0.224,3.0,2.0,0.0,0.0,24.64,24.53,23.74,24.5,24.47,25.96,24.42,24.82,24.3,41.61
2016-06-07 18:20:00-05:00,28.037827,33.118523,503133.0,29.68,0.0,35.44,24.84,344.2,276.2,275.5,273.7,9.7,10.04,10.02,344.3,49.88,60.14,5.118,1380976.0,345.5,17.17,5.0,0.0,0.0,0.0,0.0,0.0,0.0,0.0,0.0,24.58,24.0,32.76,10.58,12.57,11.1,60.0,59.9,74.7,0.0,275.0,274.9,276.0,5.521,-6.685,8.67,601.0,1371448.0,41173.0,126500.0,-0.636,0.979,0.748,0.921,2.631,2.783,2.777,2.799,2.894,2.629,2.502,0.906,0.958,0.956,0.964,0.996,0.905,0.861,43035.0,43690.0,43262.0,43110.0,43989.0,41748.0,37841.0,3.127,310.5,10.81,4.9,3.53,2.0,-1.0,13.54,0.023,0.224,3.0,2.0,0.0,0.0,24.52,24.35,23.62,24.34,24.32,25.96,24.22,24.68,24.14,41.49
2016-06-07 18:21:00-05:00,29.225868,33.566826,503134.0,29.62,0.0,35.8,24.79,344.6,276.1,275.6,273.7,9.91,10.11,10.12,344.2,50.46,60.14,5.223,1380976.0,345.8,17.37,5.0,0.0,0.0,0.0,0.0,0.0,0.0,0.0,0.0,24.55,23.91,33.31,10.69,12.68,11.18,60.0,59.9,74.7,0.0,275.0,275.0,276.0,5.678,-6.671,8.76,601.0,1371448.0,41173.0,126500.0,-0.648,0.979,0.748,0.921,2.701,2.844,2.86,2.862,2.939,2.718,2.557,0.931,0.98,0.986,0.986,1.013,0.937,0.881,43035.0,43690.0,43262.0,43110.0,43989.0,41748.0,37841.0,2.47,305.6,28.88,4.3,3.528,2.0,-1.0,13.54,0.023,0.224,3.0,2.0,0.0,0.0,24.44,24.22,23.53,24.23,24.21,25.92,24.1,24.57,24.05,41.38
2016-06-07 18:22:00-05:00,47.52174,40.963856,503135.0,29.55,0.0,37.17,24.75,343.0,276.3,275.5,273.7,10.52,11.04,10.88,342.8,52.44,60.14,5.867,1380976.0,345.1,17.97,5.0,0.0,0.0,0.0,0.0,0.0,0.0,0.0,0.0,24.51,23.84,47.62,11.24,13.24,11.66,60.0,59.9,74.7,0.0,275.0,275.0,276.0,6.404,-6.578,9.21,601.0,1371448.0,41174.0,126500.0,-0.693,0.979,0.748,0.921,3.06,3.155,3.229,3.201,3.202,3.084,2.891,1.049,1.081,1.107,1.097,1.098,1.057,0.991,43035.0,43690.0,43262.0,43110.0,43989.0,41748.0,37841.0,3.015,297.4,18.88,4.6,3.528,2.0,-1.0,13.54,0.023,0.224,3.0,2.0,0.0,0.0,24.36,24.19,23.52,24.17,24.12,25.84,24.02,24.47,23.94,41.28
2016-06-07 18:23:00-05:00,124.031746,73.46596,503136.0,29.48,0.0,44.8,24.77,330.5,276.5,275.7,273.9,14.64,15.67,15.36,330.2,63.59,60.16,9.57,1380976.0,332.7,20.99,5.0,0.0,0.0,0.0,0.0,0.0,0.0,0.0,0.0,24.54,23.85,95.3,14.25,16.23,14.37,60.0,59.9,74.7,0.0,275.0,275.0,276.6,9.87,-6.086,11.6,601.0,1371448.0,41174.0,126500.0,-0.851,0.979,0.748,0.921,4.756,4.608,4.954,4.897,4.595,4.847,4.344,1.571,1.522,1.637,1.618,1.518,1.601,1.435,43035.0,43690.0,43262.0,43110.0,43989.0,41748.0,37841.0,,0.0,0.0,,,2.0,-1.0,13.54,0.023,0.224,3.0,2.0,0.0,0.0,24.36,24.19,23.52,24.18,24.1,25.83,24.02,24.56,23.94,41.15
2016-06-07 18:24:00-05:00,92.66739,61.697956,503137.0,29.41,0.0,44.99,24.91,330.8,276.5,275.6,273.8,14.2,15.12,14.82,330.6,62.08,60.22,9.14,1380976.0,332.6,20.52,5.0,0.0,0.0,0.0,0.0,0.0,0.0,0.0,0.0,24.68,23.8,71.03,13.83,15.83,13.99,60.0,59.9,74.7,0.0,275.0,275.0,276.3,9.43,-6.139,11.27,601.0,1371448.0,41174.0,126500.0,-0.836,0.979,0.748,0.921,4.509,4.413,4.732,4.669,4.486,4.633,4.205,1.491,1.459,1.565,1.544,1.483,1.532,1.391,43035.0,43690.0,43262.0,43110.0,43989.0,41748.0,37841.0,,0.0,0.0,,,2.5,-1.0,13.54,0.023,0.224,3.0,2.0,0.0,0.0,24.34,24.19,23.49,24.2,24.09,25.78,24.04,24.56,24.04,41.02
2016-06-07 18:25:00-05:00,56.550873,48.92127,503138.0,29.34,0.0,46.5,24.98,326.5,276.4,275.8,274.0,13.96,14.91,14.56,326.2,62.03,60.18,8.94,1380977.0,328.6,20.24,5.0,0.0,0.0,0.0,0.0,0.0,0.0,0.0,0.0,24.75,23.81,54.93,13.67,15.66,13.83,60.0,59.9,74.7,0.0,275.0,275.0,276.8,9.25,-6.178,11.13,601.0,1371448.0,41174.0,126500.0,-0.831,0.979,0.748,0.921,4.456,4.558,4.656,4.628,4.675,4.421,4.121,1.455,1.489,1.52,1.511,1.527,1.444,1.346,43035.0,43690.0,43262.0,43110.0,43989.0,41748.0,37841.0,,0.0,0.0,,,2.5,-1.0,13.54,0.022,0.224,3.0,2.0,0.0,0.0,24.28,24.13,23.42,24.1,24.01,25.7,24.01,24.49,23.99,40.92
2016-06-07 18:26:00-05:00,59.402176,53.404316,503139.0,29.27,0.0,52.77,24.91,325.0,275.9,275.2,273.4,15.78,16.91,16.54,325.1,66.81,60.2,10.53,1380977.0,326.7,21.71,5.0,0.0,0.0,0.0,0.0,0.0,0.0,0.0,0.0,24.66,23.87,55.39,15.16,17.22,15.28,60.0,59.9,74.7,0.0,274.2,274.2,276.1,10.8,-5.919,12.33,601.0,1371449.0,41174.0,126500.0,-0.875,0.979,0.748,0.921,5.141,5.343,5.402,5.343,5.445,5.194,4.715,1.67,1.736,1.755,1.736,1.769,1.687,1.532,43035.0,43690.0,43262.0,43110.0,43989.0,41748.0,37841.0,1.643,279.9,25.11,2.7,3.528,2.0,-1.0,13.54,0.022,0.224,3.0,2.0,0.0,0.0,24.38,24.17,23.44,24.04,24.01,25.7,23.97,24.49,23.93,40.81
2016-06-07 18:27:00-05:00,128.3087,81.98375,503140.0,29.2,0.0,60.13,24.88,313.1,275.8,275.0,273.1,19.5,20.83,20.31,312.7,78.13,60.19,13.7,1380977.0,314.1,24.42,5.0,0.0,0.0,0.0,0.0,0.0,0.0,0.0,0.0,24.61,24.07,73.98,18.18,20.27,18.18,60.0,59.9,74.7,0.0,274.0,274.0,276.0,13.79,-5.451,14.83,601.0,1371449.0,41174.0,126500.0,-0.93,0.979,0.748,0.921,6.865,6.695,7.026,7.031,6.782,6.934,6.236,2.148,2.095,2.199,2.2,2.122,2.17,1.951,43035.0,43690.0,43262.0,43110.0,43989.0,41748.0,37841.0,4.783,282.6,14.67,7.4,3.528,2.0,-1.0,13.54,0.022,0.224,3.0,2.0,0.0,0.0,24.43,24.28,23.55,24.17,24.1,25.83,24.06,24.59,24.11,40.66
2016-06-07 18:28:00-05:00,132.46684,85.00981,503141.0,29.12,0.0,62.54,24.77,310.2,275.8,275.0,273.2,20.18,21.52,21.02,310.2,79.93,60.19,14.29,1380977.0,311.2,24.79,5.0,0.0,0.0,0.0,0.0,0.0,0.0,0.0,0.0,24.51,24.31,64.39,18.87,20.93,18.82,60.0,59.9,74.7,0.0,274.0,274.0,276.0,14.43,-5.354,15.39,601.0,1371449.0,41174.0,126500.0,-0.938,0.979,0.748,0.921,7.2,7.011,7.384,7.405,7.129,7.263,6.561,2.233,2.175,2.29,2.297,2.211,2.253,2.035,43035.0,43690.0,43262.0,43110.0,43989.0,41748.0,37841.0,4.802,304.6,21.75,8.4,3.528,2.0,-1.0,13.54,0.022,0.224,3.0,2.0,0.0,0.0,24.53,24.43,23.75,24.32,24.25,25.91,24.23,24.72,24.34,40.63
2016-06-07 18:29:00-05:00,127.00185,81.19922,503142.0,29.05,0.0,59.58,24.73,315.4,275.8,275.0,273.1,19.3,20.6,20.17,315.1,77.08,60.14,13.55,1380978.0,315.6,24.28,5.0,0.0,0.0,0.0,0.0,0.0,0.0,0.0,0.0,24.46,24.31,59.83,18.03,20.09,18.01,60.0,59.9,74.7,0.0,274.0,274.0,276.0,13.63,-5.479,14.69,601.0,1371449.0,41174.0,126500.0,-0.928,0.979,0.748,0.921,6.662,6.563,6.871,6.895,6.671,6.768,6.121,2.101,2.07,2.167,2.175,2.104,2.134,1.93,43035.0,43690.0,43262.0,43110.0,43989.0,41748.0,37841.0,4.822,313.2,12.07,7.3,3.528,2.0,-1.0,13.54,0.022,0.224,3.0,2.0,0.0,0.0,24.57,24.49,23.84,24.4,24.3,25.99,24.3,24.79,24.47,40.59
2016-06-07 18:30:00-05:00,120.1112,74.6988,503143.0,28.98,0.0,53.64,24.64,320.0,276.0,274.9,273.1,17.28,18.55,18.1,319.6,70.54,60.14,11.84,1380978.0,320.9,22.54,5.0,0.0,0.0,0.0,0.0,0.0,0.0,0.0,0.0,24.41,24.26,53.64,16.34,18.4,16.44,60.0,59.9,74.7,0.0,274.0,274.0,276.0,11.99,-5.726,13.29,601.0,1371450.0,41174.0,126500.0,-0.902,0.979,0.748,0.921,5.794,5.739,6.007,6.055,5.828,5.895,5.35,1.853,1.836,1.922,1.937,1.865,1.886,1.711,43035.0,43690.0,43262.0,43110.0,43989.0,41748.0,37841.0,2.555,322.7,24.35,4.7,3.528,2.0,-1.0,13.54,0.022,0.224,3.0,2.0,0.0,0.0,24.54,24.53,23.91,24.4,24.35,26.0,24.3,24.79,24.55,40.49
2016-06-07 18:31:00-05:00,104.54783,65.7327,503144.0,28.91,0.0,47.78,24.6,328.9,275.7,275.2,273.4,15.1,16.25,15.82,328.3,64.06,60.17,9.96,1380978.0,330.0,21.03,5.0,0.0,0.0,0.0,0.0,0.0,0.0,0.0,0.0,24.36,24.18,47.42,14.65,16.69,14.77,60.0,59.9,74.7,0.0,274.2,274.0,276.0,10.27,-5.996,11.9,601.0,1371450.0,41174.0,126500.0,-0.863,0.979,0.748,0.921,4.855,4.854,5.201,5.221,4.888,4.949,4.547,1.596,1.596,1.71,1.717,1.607,1.627,1.495,43035.0,43690.0,43262.0,43110.0,43989.0,41748.0,37841.0,2.61,325.6,29.31,4.3,3.528,2.0,-1.0,13.54,0.022,0.224,3.0,2.0,0.0,0.0,24.47,24.49,23.88,24.4,24.3,25.97,24.3,24.75,24.52,40.63
2016-06-07 18:32:00-05:00,94.687065,59.1202,503145.0,28.83,0.0,43.51,24.54,329.0,276.0,275.3,273.5,13.57,14.5,14.19,328.6,60.23,60.22,8.6,1380978.0,330.6,19.79,5.0,0.0,0.0,0.0,0.0,0.0,0.0,0.0,0.0,24.3,24.09,42.89,13.43,15.45,13.63,60.0,59.9,74.7,0.0,274.9,274.2,276.0,9.0,-6.185,10.92,601.0,1371450.0,41174.0,126500.0,-0.824,0.979,0.748,0.921,4.291,4.293,4.638,4.624,4.361,4.356,4.045,1.412,1.412,1.526,1.521,1.435,1.433,1.331,43035.0,43690.0,43262.0,43110.0,43989.0,41748.0,37841.0,,0.0,0.0,,,2.0,-1.0,13.54,0.022,0.224,3.0,2.0,0.0,0.0,24.41,24.44,23.79,24.33,24.27,25.97,24.23,24.67,24.47,40.65
2016-06-07 18:33:00-05:00,97.53837,56.54245,503146.0,28.75,0.0,40.28,24.46,329.4,276.1,275.3,273.5,12.51,13.44,13.05,328.8,56.92,60.23,7.69,1380979.0,330.9,18.71,5.0,0.0,0.0,0.0,0.0,0.0,0.0,0.0,0.0,24.2,23.99,39.6,12.57,14.65,12.89,60.0,59.9,74.7,0.0,274.9,274.4,276.0,8.09,-6.307,10.26,601.0,1371450.0,41175.0,126500.0,-0.788,0.979,0.748,0.921,3.885,3.869,4.221,4.194,3.954,3.954,3.686,1.28,1.275,1.39,1.382,1.302,1.302,1.214,43035.0,43690.0,43262.0,43110.0,43989.0,41748.0,37841.0,,0.0,0.0,,,2.0,-1.0,13.54,0.022,0.224,3.0,2.0,0.0,0.0,24.29,24.33,23.71,24.27,24.18,25.88,24.12,24.57,24.39,40.73
2016-06-07 18:34:00-05:00,83.40066,49.7058,503147.0,28.68,0.0,37.54,24.35,328.6,276.1,275.3,273.6,11.24,12.18,11.78,327.9,54.01,60.23,6.628,1380979.0,330.2,17.71,5.0,0.0,0.0,0.0,0.0,0.0,0.0,0.0,0.0,24.07,23.83,36.77,11.73,13.88,12.2,60.0,59.9,74.7,0.0,275.0,274.4,276.0,7.157,-6.434,9.63,601.0,1371450.0,41175.0,126500.0,-0.743,0.979,0.748,0.921,3.463,3.525,3.783,3.776,3.642,3.584,3.344,1.138,1.158,1.243,1.241,1.197,1.178,1.099,43035.0,43690.0,43262.0,43110.0,43989.0,41748.0,37841.0,4.227,307.4,20.17,6.5,3.528,2.5,-1.0,13.54,0.022,0.224,3.0,2.0,0.0,0.0,24.15,24.2,23.61,24.12,24.04,25.77,23.96,24.41,24.26,40.73
2016-06-07 18:35:00-05:00,90.291306,49.48165,503148.0,28.6,0.0,36.08,24.17,329.7,276.0,275.4,273.7,10.61,11.4,11.35,329.1,52.81,60.15,6.121,1380979.0,331.0,17.38,5.0,0.0,0.0,0.0,0.0,0.0,0.0,0.0,0.0,23.92,23.65,35.43,11.39,13.54,11.94,60.0,59.9,74.7,0.0,274.9,274.6,276.0,6.745,-6.501,9.37,601.0,1371450.0,41175.0,126500.0,-0.72,0.979,0.748,0.921,3.263,3.345,3.563,3.584,3.482,3.401,3.264,1.076,1.103,1.175,1.182,1.148,1.121,1.076,43035.0,43690.0,43262.0,43110.0,43989.0,41748.0,37841.0,5.808,312.2,17.66,10.6,3.528,2.0,-1.0,13.54,0.053,0.223,3.0,2.0,0.0,0.0,23.98,24.05,23.55,23.99,23.94,25.62,23.88,24.29,24.13,40.82
2016-06-07 18:36:00-05:00,80.074135,45.110676,503149.0,28.52,0.0,34.9,24.1,328.6,274.5,273.6,271.9,10.35,11.3,10.94,328.1,52.53,60.22,5.852,1380979.0,330.0,17.23,5.0,0.0,0.0,0.0,0.0,0.0,0.0,0.0,0.0,23.84,23.52,34.32,11.06,13.26,11.7,60.0,59.9,74.7,0.0,273.2,272.7,274.4,6.324,-6.493,9.06,601.0,1371450.0,41175.0,126500.0,-0.698,0.979,0.748,0.921,3.058,3.203,3.341,3.393,3.325,3.201,3.094,1.005,1.052,1.098,1.115,1.092,1.052,1.016,43035.0,43690.0,43262.0,43110.0,43989.0,41748.0,37841.0,5.433,343.3,23.83,8.7,3.528,2.0,-1.0,13.57,0.028,0.223,3.0,2.0,0.0,0.0,23.86,23.89,23.46,23.91,23.88,25.58,23.73,24.15,24.0,40.82
2016-06-07 18:37:00-05:00,84.35108,44.10199,503150.0,28.44,0.0,33.67,24.03,329.6,274.2,273.2,271.5,10.26,10.87,10.3,329.1,50.91,60.21,5.514,1380979.0,331.3,16.75,5.0,0.0,0.0,0.0,0.0,0.0,0.0,0.0,0.0,23.75,23.41,32.99,10.79,13.0,11.47,60.0,59.9,74.7,0.0,272.8,272.4,274.0,5.988,-6.507,8.84,601.0,1371450.0,41175.0,126500.0,-0.677,0.979,0.748,0.921,2.884,3.072,3.189,3.237,3.178,3.041,2.951,0.95,1.013,1.051,1.067,1.047,1.002,0.973,43035.0,43690.0,43262.0,43110.0,43989.0,41748.0,37841.0,4.803,307.7,11.87,8.1,3.528,2.0,-1.0,13.58,0.025,0.223,3.0,2.0,0.0,0.0,23.82,23.76,23.35,23.83,23.75,25.43,23.62,24.11,23.87,40.82
2016-06-07 18:38:00-05:00,75.203156,39.731018,503151.0,28.37,0.0,31.93,23.96,329.4,274.2,273.4,271.8,9.31,10.13,10.12,329.0,48.98,60.18,5.003,1380979.0,330.5,16.11,5.0,0.0,0.0,0.0,0.0,0.0,0.0,0.0,0.0,23.67,23.29,31.0,10.44,12.62,11.18,60.0,59.9,74.7,0.0,273.0,272.8,274.2,5.503,-6.565,8.57,601.0,1371451.0,41175.0,126500.0,-0.642,0.979,0.748,0.921,2.635,2.876,2.987,3.002,2.982,2.844,2.775,0.868,0.947,0.984,0.989,0.982,0.936,0.914,43035.0,43690.0,43262.0,43110.0,43989.0,41748.0,37841.0,3.702,310.9,16.13,5.6,3.528,2.0,-1.0,13.57,0.025,0.223,3.0,2.0,0.0,0.0,23.69,23.61,23.25,23.7,23.64,25.3,23.51,23.98,23.76,40.73
2016-06-07 18:39:00-05:00,66.055214,36.48081,503152.0,28.28,0.0,30.89,23.9,329.3,274.4,273.6,271.8,8.96,9.9,9.54,328.7,48.84,60.21,4.688,1380979.0,330.9,16.05,5.0,0.0,0.0,0.0,0.0,0.0,0.0,0.0,0.0,23.63,23.19,29.94,10.22,12.4,10.99,60.0,59.9,74.7,0.0,273.0,273.0,274.6,5.184,-6.588,8.38,601.0,1371451.0,41175.0,126500.0,-0.618,0.979,0.748,0.921,2.497,2.744,2.85,2.851,2.873,2.676,2.651,0.822,0.904,0.939,0.939,0.946,0.881,0.873,43035.0,43690.0,43262.0,43110.0,43989.0,41748.0,37841.0,3.112,305.9,17.02,4.4,3.528,2.0,-1.0,13.57,0.025,0.223,3.0,2.0,0.0,0.0,23.56,23.49,23.1,23.57,23.52,25.15,23.43,23.87,23.61,40.73
2016-06-07 18:40:00-05:00,44.195217,30.989073,503153.0,28.2,0.0,29.65,23.84,337.5,274.5,273.5,271.9,7.42,7.672,7.402,336.0,40.11,60.21,3.579,1380980.0,338.2,13.16,4.833,0.0,0.0,0.0,0.0,0.0,0.0,0.0,0.0,23.57,23.08,28.61,10.2,12.04,10.89,60.0,59.9,74.7,0.0,273.0,273.0,274.8,3.942,-6.961,8.27,601.0,1371451.0,41175.0,126500.0,-0.482,0.979,0.748,0.921,1.91,2.134,2.205,2.214,2.243,2.033,2.033,0.627,0.702,0.726,0.729,0.739,0.668,0.669,43035.0,43690.0,43262.0,43110.0,43989.0,41748.0,37841.0,3.848,306.6,19.4,5.5,3.528,2.0,-1.0,13.58,0.024,0.223,3.0,2.0,0.0,0.0,23.48,23.36,22.99,23.43,23.38,25.04,23.27,23.7,23.46,40.71
2016-06-07 18:41:00-05:00,25.42413,26.057718,503154.0,28.12,0.0,27.94,23.81,359.9,274.2,273.6,271.9,3.813,4.013,4.109,358.9,22.97,60.16,1.659,1380980.0,361.2,7.917,4.517,0.0,0.0,0.0,0.0,0.0,0.0,0.0,0.0,23.53,23.01,26.81,10.47,11.57,10.9,60.0,59.9,74.7,0.0,273.0,273.0,274.4,1.76,-7.705,8.21,601.0,1371451.0,41175.0,126500.0,-0.229,0.979,0.748,0.921,0.915,1.058,1.125,1.091,1.111,0.944,0.988,0.315,0.366,0.391,0.379,0.385,0.325,0.343,43035.0,43690.0,43262.0,43110.0,43989.0,41748.0,37841.0,4.655,297.2,11.27,7.5,3.528,2.0,-1.0,13.57,0.024,0.223,3.0,2.0,0.0,0.0,23.41,23.29,22.84,23.28,23.23,24.99,23.17,23.57,23.32,40.63
2016-06-07 18:42:00-05:00,22.572826,24.600729,503155.0,28.04,0.0,26.79,23.69,356.4,274.6,273.7,271.9,4.363,4.28,4.297,356.3,26.1,60.14,1.675,1380980.0,358.3,9.01,4.6,0.0,0.0,0.0,0.0,0.0,0.0,0.0,0.0,23.42,22.91,25.61,10.25,11.51,10.82,60.0,59.9,74.7,0.0,273.0,273.0,275.0,1.922,-7.574,8.07,601.0,1371451.0,41176.0,126500.0,-0.253,0.979,0.748,0.921,1.067,1.178,1.243,1.225,1.219,1.087,1.073,0.368,0.407,0.431,0.424,0.421,0.375,0.372,43035.0,43690.0,43262.0,43110.0,43989.0,41748.0,37841.0,5.095,312.7,24.92,7.9,3.528,2.0,-1.0,13.58,0.024,0.223,3.0,2.0,0.0,0.0,23.28,23.2,22.71,23.13,23.1,25.1,23.01,23.41,23.2,40.6
2016-06-07 18:43:00-05:00,28.037827,24.712805,503156.0,27.95,0.0,26.03,23.58,354.9,274.4,273.7,271.9,4.692,4.602,4.62,354.1,27.4,60.14,1.784,1380980.0,356.3,9.43,4.65,0.0,0.0,0.0,0.0,0.0,0.0,0.0,0.0,23.28,22.79,24.81,10.08,11.43,10.73,60.0,59.9,74.7,0.0,273.0,273.0,274.8,1.95,-7.5,7.966,601.0,1371451.0,41176.0,126500.0,-0.259,0.979,0.748,0.921,1.089,1.158,1.218,1.231,1.222,1.096,1.058,0.375,0.4,0.421,0.425,0.422,0.377,0.366,43035.0,43690.0,43262.0,43110.0,43989.0,41748.0,37841.0,,0.0,0.0,,,2.0,-1.0,13.57,0.024,0.223,3.0,2.0,0.0,0.0,23.18,23.09,22.6,23.01,22.99,25.09,22.88,23.27,23.11,40.59
2016-06-07 18:44:00-05:00,55.362827,28.299244,503157.0,27.88,0.0,25.79,23.57,356.0,274.9,273.7,272.0,4.57,4.518,4.535,355.2,26.55,60.13,1.76,1380980.0,357.9,9.16,4.633,0.0,0.0,0.0,0.0,0.0,0.0,0.0,0.0,23.28,22.7,24.62,10.12,11.44,10.76,60.0,59.9,74.7,0.0,273.0,273.0,275.0,1.908,-7.532,7.993,601.0,1371451.0,41176.0,126500.0,-0.254,0.979,0.748,0.921,1.058,1.109,1.195,1.164,1.179,1.116,1.095,0.365,0.383,0.414,0.403,0.408,0.385,0.379,43035.0,43690.0,43262.0,43110.0,43989.0,41748.0,37841.0,3.58,345.7,27.77,6.4,3.528,2.0,-1.0,13.58,0.024,0.223,3.0,2.0,0.0,0.0,23.05,23.01,22.5,22.91,22.93,25.1,22.79,23.23,23.05,40.58
2016-06-07 18:45:00-05:00,62.8475,28.747551,503158.0,27.79,0.0,25.6,23.48,355.7,274.6,273.8,272.0,4.692,4.637,4.655,355.0,27.4,60.22,1.805,1380980.0,357.3,9.46,4.65,0.0,0.0,0.0,0.0,0.0,0.0,0.0,0.0,23.25,22.64,24.38,10.06,11.45,10.73,60.0,59.9,74.7,0.0,273.0,273.0,274.9,1.964,-7.503,7.974,601.0,1371451.0,41176.0,126500.0,-0.261,0.979,0.748,0.921,1.079,1.105,1.189,1.213,1.189,1.134,1.125,0.372,0.382,0.412,0.42,0.412,0.392,0.39,43035.0,43690.0,43262.0,43110.0,43989.0,41748.0,37841.0,4.278,307.3,21.61,7.9,3.528,2.0,-1.0,13.57,0.024,0.223,3.0,2.0,0.0,0.0,23.0,22.89,22.45,22.84,22.81,25.09,22.71,23.18,23.01,40.48
2016-06-07 18:46:00-05:00,61.65946,28.299244,503159.0,27.7,0.0,25.19,23.51,357.9,274.5,273.7,272.0,4.121,4.042,4.058,356.7,23.68,60.23,1.582,1380980.0,358.7,8.15,4.567,0.0,0.0,0.0,0.0,0.0,0.0,0.0,0.0,23.23,22.57,24.18,10.18,11.41,10.82,60.0,59.9,74.7,0.0,273.0,273.0,274.9,1.586,-7.656,8.04,601.0,1371451.0,41176.0,126500.0,-0.213,0.979,0.748,0.921,0.871,0.908,1.005,1.02,0.997,0.954,0.961,0.299,0.313,0.348,0.353,0.345,0.329,0.333,43035.0,43690.0,43262.0,43110.0,43989.0,41748.0,37841.0,3.385,329.8,18.39,4.9,3.528,2.0,-1.0,13.57,0.023,0.223,3.0,2.0,0.0,0.0,22.94,22.83,22.36,22.78,22.75,25.01,22.6,23.12,22.88,40.41
2016-06-07 18:47:00-05:00,59.996197,27.963017,503160.0,27.62,0.0,25.2,23.48,359.4,274.5,273.6,271.9,3.722,3.685,3.7,358.3,21.75,60.16,1.432,1380980.0,360.5,7.495,4.517,0.0,0.0,0.0,0.0,0.0,0.0,0.0,0.0,23.17,22.47,24.27,10.3,11.42,10.86,60.0,59.9,74.7,0.0,273.0,273.0,274.8,1.437,-7.744,8.1,601.0,1371451.0,41176.0,126500.0,-0.193,0.979,0.748,0.921,0.814,0.856,0.995,0.962,0.942,0.89,0.905,0.28,0.296,0.345,0.334,0.326,0.307,0.314,43035.0,43690.0,43262.0,43110.0,43989.0,41748.0,37841.0,3.065,343.8,19.69,5.3,3.528,2.0,-1.0,13.57,0.023,0.223,3.0,2.0,0.0,0.0,22.81,22.71,22.26,22.7,22.65,24.92,22.49,23.04,22.82,40.32
2016-06-07 18:48:00-05:00,56.90728,27.066404,503161.0,27.53,0.0,25.04,23.43,358.8,274.8,273.7,271.9,3.757,3.685,3.7,358.5,21.72,60.13,1.442,1380980.0,360.8,7.496,4.517,0.0,0.0,0.0,0.0,0.0,0.0,0.0,0.0,23.1,22.37,24.0,10.29,11.43,10.85,60.0,59.9,74.7,0.0,273.0,273.0,275.0,1.407,-7.749,8.09,601.0,1371451.0,41176.0,126500.0,-0.19,0.979,0.748,0.921,0.859,0.893,0.989,0.979,0.92,0.927,0.914,0.295,0.309,0.343,0.34,0.318,0.32,0.318,43035.0,43690.0,43262.0,43110.0,43989.0,41748.0,37841.0,2.623,314.1,25.97,4.3,3.527,2.0,-1.0,13.57,0.023,0.223,3.0,2.0,0.0,0.0,22.73,22.58,22.19,22.62,22.57,24.87,22.41,22.99,22.77,40.25
2016-06-07 18:49:00-05:00,51.442284,25.833567,503162.0,27.45,0.0,24.49,23.45,354.8,274.7,274.0,272.1,4.586,4.567,4.585,354.0,26.75,60.13,1.742,1380980.0,356.9,9.2,4.65,0.0,0.0,0.0,0.0,0.0,0.0,0.0,0.0,23.12,22.4,23.5,9.98,11.37,10.71,60.0,59.9,74.7,0.0,273.0,273.0,275.0,1.764,-7.534,7.922,601.0,1371451.0,41176.0,126500.0,-0.237,0.979,0.748,0.921,1.037,1.041,1.183,1.116,1.081,1.091,1.024,0.357,0.359,0.409,0.385,0.374,0.376,0.354,43035.0,43690.0,43262.0,43110.0,43989.0,41748.0,37841.0,2.49,324.9,28.19,3.9,3.528,2.0,-1.0,13.57,0.023,0.223,3.0,2.0,0.0,0.0,22.71,22.53,22.15,22.54,22.45,24.87,22.32,22.86,22.69,40.17
2016-06-07 18:50:00-05:00,32.19598,22.247128,503163.0,27.37,0.0,23.73,23.39,353.5,274.8,274.1,272.3,4.305,4.394,4.412,353.0,26.53,60.17,1.567,1380980.0,355.4,9.1,4.65,0.0,0.0,0.0,0.0,0.0,0.0,0.0,0.0,23.09,22.34,22.84,9.93,11.29,10.69,60.0,59.9,74.7,0.0,273.5,273.1,275.0,1.577,-7.56,7.879,601.0,1371451.0,41177.0,126500.0,-0.215,0.979,0.748,0.921,0.937,1.014,1.086,1.085,1.046,0.985,0.937,0.32,0.348,0.374,0.373,0.36,0.337,0.322,43035.0,43690.0,43262.0,43110.0,43989.0,41748.0,37841.0,2.742,312.2,22.1,6.2,3.53,2.0,-1.0,13.57,0.023,0.223,3.0,2.0,0.0,0.0,22.65,22.45,22.12,22.54,22.48,24.87,22.28,22.83,22.56,40.07
2016-06-07 18:51:00-05:00,24.473696,20.565985,503164.0,27.28,0.0,23.18,23.43,349.1,275.1,274.0,272.1,4.446,4.394,4.481,348.5,26.74,60.14,1.628,1380980.0,350.2,8.99,4.65,0.0,0.0,0.0,0.0,0.0,0.0,0.0,0.0,23.11,22.23,22.21,9.91,11.28,10.69,60.0,59.9,74.7,0.0,273.3,273.0,275.0,1.643,-7.538,7.883,601.0,1371451.0,41177.0,126500.0,-0.223,0.979,0.748,0.921,0.973,1.099,1.142,1.095,1.053,1.0,0.997,0.326,0.37,0.386,0.369,0.355,0.335,0.336,43035.0,43690.0,43262.0,43110.0,43989.0,41748.0,37841.0,4.042,333.5,20.07,7.8,3.53,2.0,-1.0,13.57,0.023,0.223,3.0,2.0,0.0,0.0,22.64,22.37,22.04,22.46,22.38,24.9,22.27,22.77,22.48,40.02
2016-06-07 18:52:00-05:00,16.989021,18.996918,503165.0,27.2,0.0,22.46,23.4,349.7,275.2,274.2,272.3,4.078,4.171,4.188,348.1,26.16,60.16,1.435,1380980.0,350.9,8.76,4.633,0.0,0.0,0.0,0.0,0.0,0.0,0.0,0.0,23.06,22.15,21.55,9.93,11.26,10.69,60.0,59.9,74.7,0.0,273.9,273.4,275.0,1.502,-7.585,7.89,601.0,1371451.0,41177.0,126500.0,-0.205,0.979,0.748,0.921,0.906,0.999,1.026,1.007,0.959,0.884,0.91,0.302,0.336,0.346,0.339,0.323,0.295,0.306,43035.0,43690.0,43262.0,43110.0,43989.0,41748.0,37841.0,3.875,341.4,15.79,5.9,3.53,2.0,-1.0,13.57,0.023,0.223,3.0,2.0,0.0,0.0,22.58,22.32,21.97,22.4,22.36,24.87,22.22,22.72,22.41,39.96
2016-06-07 18:53:00-05:00,13.781304,17.652004,503166.0,27.12,0.0,21.42,23.26,352.5,274.5,273.6,271.7,3.265,3.408,3.422,351.8,20.87,60.2,1.146,1380980.0,353.9,6.991,4.517,0.0,0.0,0.0,0.0,0.0,0.0,0.0,0.0,22.92,22.07,20.46,10.11,11.26,10.81,60.0,59.9,74.7,0.0,273.1,272.7,274.4,1.02,-7.773,7.979,601.0,1371451.0,41177.0,126500.0,-0.143,0.979,0.748,0.921,0.656,0.791,0.74,0.772,0.773,0.649,0.735,0.218,0.266,0.249,0.259,0.261,0.216,0.247,43035.0,43690.0,43262.0,43110.0,43989.0,41748.0,37841.0,5.035,321.3,20.99,7.1,3.53,2.0,-1.0,13.57,0.023,0.223,3.0,2.0,0.0,0.0,22.54,22.29,21.88,22.31,22.25,24.87,22.12,22.61,22.38,39.86
2016-06-07 18:54:00-05:00,13.3060875,17.2037,503167.0,27.03,0.0,20.74,23.17,351.8,273.9,273.2,271.4,3.089,3.165,3.214,351.2,20.73,60.16,0.971,1380980.0,353.7,6.931,4.517,0.0,0.0,0.0,0.0,0.0,0.0,0.0,0.0,22.88,22.09,19.89,10.12,11.27,10.82,60.0,59.9,74.7,0.0,272.8,272.1,274.0,0.975,-7.778,7.969,601.0,1371451.0,41177.0,126500.0,-0.137,0.979,0.748,0.921,0.622,0.782,0.711,0.787,0.737,0.653,0.704,0.206,0.263,0.239,0.265,0.248,0.217,0.237,43035.0,43690.0,43262.0,43110.0,43989.0,41748.0,37841.0,3.238,331.1,19.08,5.0,3.53,2.0,-1.0,13.57,0.023,0.223,3.0,2.0,0.0,0.0,22.51,22.27,21.79,22.22,22.17,24.8,22.07,22.56,22.32,39.81
2016-06-07 18:55:00-05:00,16.870218,17.76408,503168.0,26.95,0.0,20.64,23.14,350.4,274.3,273.2,271.4,3.296,3.403,3.383,350.2,21.9,60.22,1.037,1380980.0,352.2,7.322,4.55,0.0,0.0,0.0,0.0,0.0,0.0,0.0,0.0,22.83,22.04,19.94,10.06,11.26,10.8,60.0,59.9,74.7,0.0,273.0,272.5,274.0,1.029,-7.733,7.927,601.0,1371451.0,41177.0,126500.0,-0.144,0.979,0.748,0.921,0.709,0.801,0.767,0.819,0.781,0.732,0.704,0.236,0.268,0.258,0.275,0.263,0.244,0.237,43035.0,43690.0,43262.0,43110.0,43989.0,41748.0,37841.0,,0.0,0.0,,,2.0,-1.0,13.57,0.023,0.223,3.0,2.0,0.0,0.0,22.45,22.22,21.75,22.14,22.09,24.8,21.97,22.46,22.22,39.75
2016-06-07 18:56:00-05:00,29.582281,20.005604,503169.0,26.87,0.0,21.06,23.13,348.3,274.2,273.3,271.6,3.953,4.081,4.134,348.0,25.86,60.16,1.297,1380980.0,349.3,8.69,4.65,0.0,0.0,0.0,0.0,0.0,0.0,0.0,0.0,22.85,21.99,20.36,9.83,11.2,10.7,60.0,59.9,74.7,0.0,273.0,272.8,274.0,1.348,-7.561,7.805,601.0,1371451.0,41177.0,126500.0,-0.186,0.979,0.748,0.921,0.87,0.926,0.931,0.968,0.908,0.917,0.84,0.291,0.311,0.314,0.326,0.305,0.308,0.283,43035.0,43690.0,43262.0,43110.0,43989.0,41748.0,37841.0,,0.0,0.0,,,2.0,-1.0,13.57,0.022,0.223,3.0,2.0,0.0,0.0,22.35,22.17,21.68,22.07,22.02,24.82,21.88,22.4,22.21,39.72
2016-06-07 18:57:00-05:00,38.255,21.798824,503170.0,26.76,0.0,21.56,23.13,348.4,274.3,273.5,271.7,4.164,4.255,4.273,348.3,26.02,60.15,1.445,1380980.0,349.9,8.74,4.65,0.0,0.0,0.0,0.0,0.0,0.0,0.0,0.0,22.82,22.0,20.84,9.9,11.23,10.7,60.0,59.9,74.7,0.0,273.0,273.0,274.1,1.466,-7.555,7.838,601.0,1371451.0,41178.0,126500.0,-0.201,0.979,0.748,0.921,0.92,0.947,0.995,1.054,0.959,1.0,0.896,0.308,0.317,0.335,0.355,0.323,0.336,0.302,43035.0,43690.0,43262.0,43110.0,43989.0,41748.0,37841.0,4.417,353.3,19.79,7.0,3.527,2.0,-1.0,13.57,0.022,0.223,3.0,2.0,0.0,0.0,22.35,22.14,21.68,22.07,22.05,24.74,21.86,22.36,22.19,39.66
2016-06-07 18:58:00-05:00,38.967827,22.022976,503171.0,26.67,0.0,21.92,23.09,348.5,274.5,273.5,271.8,4.34,4.428,4.446,347.8,26.34,60.16,1.59,1380980.0,350.0,8.83,4.65,0.0,0.0,0.0,0.0,0.0,0.0,0.0,0.0,22.8,21.93,21.41,9.91,11.27,10.71,60.0,59.9,74.7,0.0,273.0,273.0,274.5,1.583,-7.539,7.863,601.0,1371451.0,41178.0,126500.0,-0.216,0.979,0.748,0.921,0.973,0.999,1.052,1.139,1.054,1.039,0.962,0.325,0.335,0.355,0.383,0.354,0.349,0.324,43035.0,43690.0,43262.0,43110.0,43989.0,41748.0,37841.0,4.19,340.2,15.99,6.7,3.528,2.0,-1.0,13.58,0.022,0.223,3.0,2.0,0.0,0.0,22.28,22.07,21.6,22.07,22.06,24.67,21.8,22.36,22.28,39.58
2016-06-07 18:59:00-05:00,38.967827,22.359205,503172.0,26.59,0.0,22.58,23.09,351.9,274.2,273.4,271.5,4.082,4.072,4.158,350.3,24.31,60.23,1.497,1380981.0,352.9,8.17,4.6,0.0,0.0,0.0,0.0,0.0,0.0,0.0,0.0,22.76,21.92,22.29,10.02,11.3,10.75,60.0,59.9,74.7,0.0,273.0,272.7,274.0,1.496,-7.588,7.912,601.0,1371451.0,41178.0,126500.0,-0.204,0.979,0.748,0.921,0.837,0.941,0.994,1.06,0.994,0.926,0.884,0.28,0.317,0.336,0.358,0.335,0.312,0.299,43035.0,43690.0,43262.0,43110.0,43989.0,41748.0,37841.0,3.583,352.7,21.23,7.2,3.528,2.0,-1.0,13.57,0.036,0.222,3.0,2.0,0.0,0.0,22.26,21.99,21.58,22.02,22.01,24.63,21.78,22.36,22.29,39.48
2016-06-07 19:00:00-05:00,38.967827,22.80751,503173.0,26.52,0.0,23.41,23.04,355.3,274.1,273.2,271.3,3.511,3.547,3.561,354.6,21.17,60.22,1.291,1380981.0,356.9,7.146,4.517,0.0,0.0,0.0,0.0,0.0,0.0,0.0,0.0,22.74,21.89,23.25,10.23,11.36,10.84,60.0,59.9,74.7,0.0,273.0,272.1,274.0,1.316,-7.727,8.04,601.0,1371451.0,41178.0,126500.0,-0.18,0.979,0.748,0.921,0.766,0.86,0.935,0.972,0.913,0.846,0.82,0.257,0.291,0.318,0.33,0.309,0.285,0.278,43035.0,43690.0,43262.0,43110.0,43989.0,41748.0,37841.0,2.74,317.7,27.52,4.5,3.528,2.0,-1.0,13.61,0.028,0.222,3.0,2.0,0.0,0.0,22.25,21.97,21.55,21.97,21.97,24.66,21.78,22.33,22.26,39.38
2016-06-07 19:01:00-05:00,38.730217,23.031662,503174.0,26.44,0.0,23.96,23.06,359.7,274.3,273.6,271.7,3.581,3.616,3.63,359.2,21.11,60.22,1.354,1380981.0,361.2,7.298,4.517,0.0,0.0,0.0,0.0,0.0,0.0,0.0,0.0,22.76,21.87,24.0,10.23,11.37,10.84,60.0,59.9,74.7,0.0,273.0,273.0,274.1,1.284,-7.747,8.04,601.0,1371451.0,41178.0,126500.0,-0.176,0.979,0.748,0.921,0.752,0.81,0.915,0.916,0.863,0.826,0.817,0.259,0.28,0.318,0.318,0.299,0.285,0.284,43035.0,43690.0,43262.0,43110.0,43989.0,41748.0,37841.0,,0.0,0.0,,,2.0,-1.0,13.61,0.026,0.222,3.0,2.0,0.0,0.0,22.22,21.91,21.49,21.89,21.88,25.0,21.68,22.27,22.2,39.32
2016-06-07 19:02:00-05:00,37.54217,23.031662,503175.0,26.36,0.0,24.22,23.04,357.7,274.4,273.5,271.6,4.137,4.092,4.143,357.4,23.86,60.14,1.569,1380981.0,359.4,8.25,4.583,0.0,0.0,0.0,0.0,0.0,0.0,0.0,0.0,22.71,21.89,24.38,10.14,11.41,10.78,60.0,59.9,74.7,0.0,273.0,273.0,274.0,1.57,-7.614,7.974,601.0,1371451.0,41178.0,126500.0,-0.213,0.979,0.748,0.921,0.914,0.985,1.064,1.06,1.039,0.974,0.939,0.315,0.341,0.369,0.368,0.36,0.337,0.326,43035.0,43690.0,43262.0,43110.0,43989.0,41748.0,37841.0,,0.0,0.0,,,2.0,-1.0,13.61,0.025,0.222,3.0,2.0,0.0,0.0,22.25,21.89,21.49,21.88,21.88,24.99,21.68,22.27,22.11,39.25
2016-06-07 19:03:00-05:00,36.23533,23.031662,503176.0,26.28,0.0,24.67,22.99,356.8,274.4,273.6,271.8,4.5,4.483,4.501,356.0,25.97,60.15,1.718,1380981.0,357.9,8.97,4.633,0.0,0.0,0.0,0.0,0.0,0.0,0.0,0.0,22.7,21.86,24.78,10.04,11.36,10.7,60.0,59.9,74.7,0.0,273.0,273.0,274.5,1.783,-7.514,7.924,601.0,1371451.0,41178.0,126500.0,-0.24,0.979,0.748,0.921,1.001,1.071,1.151,1.13,1.131,1.06,1.02,0.346,0.371,0.4,0.392,0.392,0.367,0.354,43035.0,43690.0,43262.0,43110.0,43989.0,41748.0,37841.0,,0.0,0.0,,,2.0,-1.0,13.61,0.025,0.222,3.0,2.0,0.0,0.0,22.18,21.88,21.49,21.9,21.88,24.91,21.68,22.22,22.1,39.15
2016-06-07 19:04:00-05:00,35.28489,23.031662,503177.0,26.21,0.0,24.89,22.99,356.9,274.4,273.8,271.9,4.727,4.637,4.655,356.0,26.68,60.15,1.814,1380981.0,358.6,9.23,4.65,0.0,0.0,0.0,0.0,0.0,0.0,0.0,0.0,22.69,21.91,25.24,10.02,11.41,10.71,60.0,59.9,74.7,0.0,273.0,273.0,275.0,1.917,-7.475,7.928,601.0,1371451.0,41178.0,126500.0,-0.257,0.979,0.748,0.921,1.046,1.119,1.219,1.192,1.16,1.124,1.078,0.362,0.388,0.424,0.414,0.403,0.39,0.375,43035.0,43690.0,43262.0,43110.0,43989.0,41748.0,37841.0,3.5,321.6,16.54,6.0,3.53,2.0,-1.0,13.61,0.025,0.222,3.0,2.0,0.0,0.0,22.25,21.88,21.49,21.88,21.88,24.81,21.68,22.27,22.1,39.04
2016-06-07 19:05:00-05:00,34.334457,23.031662,503178.0,26.14,0.0,25.22,23.05,357.7,275.0,273.6,271.8,4.606,4.518,4.535,356.9,26.03,60.14,1.768,1380981.0,358.9,9.02,4.633,0.0,0.0,0.0,0.0,0.0,0.0,0.0,0.0,22.74,21.95,25.66,10.1,11.43,10.74,60.0,59.9,74.7,0.0,273.0,273.0,275.0,1.928,-7.51,7.98,601.0,1371451.0,41179.0,126500.0,-0.257,0.979,0.748,0.921,1.057,1.12,1.221,1.206,1.169,1.129,1.064,0.366,0.389,0.426,0.42,0.406,0.392,0.37,43035.0,43690.0,43262.0,43110.0,43989.0,41748.0,37841.0,3.272,326.8,22.54,5.5,3.53,2.0,-1.0,13.61,0.025,0.222,3.0,2.0,0.0,0.0,22.32,21.91,21.51,21.86,21.88,24.89,21.68,22.27,22.1,38.97
2016-06-07 19:06:00-05:00,33.265217,23.031662,503179.0,26.07,0.0,25.48,22.97,358.9,274.8,273.8,272.0,4.363,4.28,4.297,357.6,24.73,60.13,1.679,1380981.0,359.4,8.56,4.6,0.0,0.0,0.0,0.0,0.0,0.0,0.0,0.0,22.69,21.94,26.19,10.19,11.45,10.79,60.0,59.9,74.7,0.0,273.0,273.0,275.0,1.852,-7.574,8.04,601.0,1371451.0,41179.0,126500.0,-0.245,0.979,0.748,0.921,0.969,1.04,1.147,1.11,1.109,1.063,1.013,0.335,0.361,0.399,0.386,0.385,0.368,0.352,43035.0,43690.0,43262.0,43110.0,43989.0,41748.0,37841.0,4.738,303.0,10.0,7.5,3.53,2.0,-1.0,13.61,0.024,0.222,3.0,2.0,0.0,0.0,22.3,21.96,21.5,21.89,21.88,24.78,21.72,22.28,22.1,38.89
2016-06-07 19:07:00-05:00,32.55239,23.592043,503180.0,25.99,0.0,26.13,22.91,361.5,274.9,274.0,272.2,3.757,3.685,3.809,360.7,21.34,60.16,1.478,1380981.0,362.6,7.398,4.517,0.0,0.0,0.0,0.0,0.0,0.0,0.0,0.0,22.66,22.0,27.11,10.4,11.52,10.89,60.0,59.9,74.7,0.0,273.4,273.0,275.0,1.667,-7.718,8.18,601.0,1371451.0,41179.0,126500.0,-0.219,0.979,0.748,0.921,0.879,0.982,1.089,1.054,1.018,0.994,0.938,0.304,0.342,0.38,0.368,0.354,0.345,0.327,43035.0,43690.0,43262.0,43110.0,43989.0,41748.0,37841.0,4.215,309.4,19.0,7.6,3.528,2.0,-1.0,13.61,0.024,0.222,3.0,2.0,0.0,0.0,22.45,21.97,21.58,21.93,21.89,24.72,21.75,22.27,22.12,38.8
2016-06-07 19:08:00-05:00,32.19598,24.264502,503181.0,25.92,0.0,27.0,22.95,362.0,275.0,274.1,272.2,3.785,4.068,4.273,361.1,22.02,60.14,1.719,1380981.0,363.8,7.634,4.517,0.0,0.0,0.0,0.0,0.0,0.0,0.0,0.0,22.7,21.97,28.2,10.48,11.56,10.91,60.0,59.9,74.7,0.0,273.9,273.1,275.0,1.769,-7.719,8.23,601.0,1371452.0,41179.0,126500.0,-0.23,0.979,0.748,0.921,0.937,1.043,1.125,1.08,1.053,1.022,0.973,0.324,0.363,0.393,0.377,0.366,0.354,0.339,43035.0,43690.0,43262.0,43110.0,43989.0,41748.0,37841.0,,0.0,0.0,,,2.0,-1.0,13.61,0.024,0.222,3.0,2.0,0.0,0.0,22.39,21.97,21.66,21.97,22.0,24.72,21.78,22.28,22.14,38.7
2016-06-07 19:09:00-05:00,31.72076,24.600729,503182.0,25.86,0.0,27.82,22.85,358.9,275.0,274.1,272.2,4.651,5.245,5.371,358.6,27.23,60.14,2.268,1380981.0,360.6,9.45,4.617,0.0,0.0,0.0,0.0,0.0,0.0,0.0,0.0,22.59,21.95,29.22,10.39,11.68,10.87,60.0,59.9,74.7,0.0,273.9,273.0,275.0,2.36,-7.499,8.19,601.0,1371452.0,41179.0,126500.0,-0.301,0.979,0.748,0.921,1.271,1.33,1.414,1.387,1.4,1.323,1.224,0.441,0.463,0.494,0.484,0.487,0.459,0.427,43035.0,43690.0,43262.0,43110.0,43989.0,41748.0,37841.0,,0.0,0.0,,,2.0,-1.0,13.61,0.024,0.222,3.0,2.0,0.0,0.0,22.37,21.97,21.69,21.98,22.07,24.77,21.83,22.36,22.13,38.6
2016-06-07 19:10:00-05:00,30.770327,24.936958,503183.0,25.79,0.0,28.28,22.9,359.0,275.2,274.1,272.1,5.216,5.528,5.545,358.3,28.29,60.14,2.501,1380981.0,359.7,9.82,4.633,0.0,0.0,0.0,0.0,0.0,0.0,0.0,0.0,22.6,22.02,29.81,10.37,11.69,10.87,60.0,59.9,74.7,0.0,274.0,273.0,275.0,2.518,-7.446,8.21,601.0,1371452.0,41179.0,126500.0,-0.319,0.979,0.748,0.921,1.301,1.398,1.445,1.396,1.421,1.388,1.245,0.452,0.487,0.504,0.486,0.495,0.483,0.434,43035.0,43690.0,43262.0,43110.0,43989.0,41748.0,37841.0,4.238,298.1,13.75,6.4,3.528,2.0,-1.0,13.61,0.024,0.222,3.0,2.0,0.0,0.0,22.45,22.04,21.69,22.08,22.08,24.95,21.93,22.46,22.2,38.52
2016-06-07 19:11:00-05:00,29.582281,24.600729,503184.0,25.73,0.0,28.25,22.86,359.6,275.2,274.4,272.5,4.873,5.327,5.371,358.5,27.55,60.22,2.364,1380981.0,360.8,9.56,4.617,0.0,0.0,0.0,0.0,0.0,0.0,0.0,0.0,22.6,22.01,29.73,10.39,11.67,10.85,60.0,59.9,74.7,0.0,274.0,274.0,275.0,2.423,-7.482,8.21,601.0,1371452.0,41179.0,126500.0,-0.308,0.979,0.748,0.921,1.24,1.344,1.4,1.415,1.389,1.336,1.228,0.43,0.468,0.488,0.494,0.484,0.465,0.428,43035.0,43690.0,43262.0,43110.0,43989.0,41748.0,37841.0,3.63,317.8,16.19,6.2,3.528,2.0,-1.0,13.61,0.024,0.222,3.0,2.0,0.0,0.0,22.44,22.07,21.79,22.08,22.11,25.21,21.98,22.47,22.25,38.44
2016-06-07 19:12:00-05:00,28.037827,24.152424,503185.0,25.67,0.0,27.84,22.86,358.2,275.6,274.4,272.5,5.032,5.537,5.583,357.3,28.97,60.21,2.42,1380981.0,359.3,10.05,4.65,0.0,0.0,0.0,0.0,0.0,0.0,0.0,0.0,22.56,21.99,29.49,10.3,11.64,10.81,60.0,59.9,74.7,0.0,274.0,274.0,275.0,2.538,-7.409,8.16,601.0,1371452.0,41179.0,126500.0,-0.324,0.979,0.748,0.921,1.307,1.417,1.46,1.453,1.446,1.388,1.283,0.453,0.493,0.508,0.506,0.503,0.482,0.447,43035.0,43690.0,43262.0,43110.0,43989.0,41748.0,37841.0,2.227,311.8,14.78,3.4,3.53,2.0,-1.0,13.61,0.024,0.221,3.0,2.0,0.0,0.0,22.45,22.05,21.77,22.08,22.18,25.5,21.98,22.47,22.36,38.4
2016-06-07 19:13:00-05:00,25.661737,23.031662,503186.0,25.61,0.0,27.19,22.84,360.5,275.6,274.6,272.7,4.242,4.761,4.914,359.3,25.67,60.15,2.013,1380981.0,361.0,8.91,4.583,0.0,0.0,0.0,0.0,0.0,0.0,0.0,0.0,22.55,22.0,28.69,10.34,11.59,10.85,60.0,59.9,74.7,0.0,274.0,274.0,275.3,2.094,-7.577,8.18,601.0,1371452.0,41180.0,126500.0,-0.27,0.979,0.748,0.921,1.047,1.146,1.253,1.236,1.213,1.137,1.081,0.362,0.398,0.437,0.431,0.422,0.395,0.377,43035.0,43690.0,43262.0,43110.0,43989.0,41748.0,37841.0,2.222,320.2,24.35,4.2,3.53,2.0,-1.0,13.61,0.024,0.221,3.0,2.0,0.0,0.0,22.45,22.13,21.79,22.08,22.18,25.79,21.98,22.47,22.33,38.32
2016-06-07 19:14:00-05:00,20.79076,20.902214,503187.0,25.54,0.0,25.63,22.85,361.2,275.5,274.7,272.8,3.757,3.685,3.754,360.3,21.67,60.15,1.469,1380981.0,362.8,7.508,4.517,0.0,0.0,0.0,0.0,0.0,0.0,0.0,0.0,22.54,22.0,26.95,10.34,11.49,10.86,60.0,59.9,74.7,0.0,274.0,274.0,275.5,1.587,-7.73,8.15,601.0,1371452.0,41180.0,126500.0,-0.211,0.979,0.748,0.921,0.869,0.933,1.067,1.005,1.014,0.955,0.904,0.3,0.324,0.372,0.35,0.353,0.331,0.315,43035.0,43690.0,43262.0,43110.0,43989.0,41748.0,37841.0,,0.0,0.0,,,2.0,-1.0,13.61,0.024,0.221,3.0,2.0,0.0,0.0,22.42,22.16,21.72,22.08,22.18,25.69,21.98,22.44,22.35,38.29
2016-06-07 19:15:00-05:00,14.018913,18.100307,503188.0,25.49,0.0,23.37,22.82,359.5,276.0,274.8,272.9,3.581,3.547,3.596,358.6,21.06,60.18,1.339,1380981.0,361.1,7.272,4.517,0.0,0.0,0.0,0.0,0.0,0.0,0.0,0.0,22.53,21.95,24.46,10.24,11.39,10.84,60.0,59.9,74.7,0.0,274.0,274.0,276.0,1.278,-7.798,8.09,601.0,1371452.0,41180.0,126500.0,-0.174,0.979,0.748,0.921,0.738,0.841,0.933,0.892,0.833,0.831,0.795,0.254,0.292,0.325,0.31,0.288,0.287,0.277,43035.0,43690.0,43262.0,43110.0,43989.0,41748.0,37841.0,3.937,296.9,10.44,6.2,3.528,2.0,-1.0,13.61,0.023,0.221,3.0,2.0,0.0,0.0,22.36,22.1,21.69,22.08,22.15,25.6,21.95,22.37,22.3,38.21
2016-06-07 19:16:00-05:00,10.098369,15.634631,503189.0,25.43,0.0,21.01,22.79,351.0,275.4,274.2,272.3,3.504,3.675,3.761,350.5,23.13,60.21,1.178,1380982.0,352.7,7.781,4.583,0.0,0.0,0.0,0.0,0.0,0.0,0.0,0.0,22.5,21.9,21.85,10.04,11.29,10.8,60.0,59.9,74.7,0.0,274.0,273.8,275.1,1.238,-7.688,7.932,601.0,1371452.0,41180.0,126500.0,-0.171,0.979,0.748,0.921,0.801,0.844,0.998,0.942,0.906,0.91,0.815,0.269,0.285,0.338,0.319,0.306,0.307,0.275,43035.0,43690.0,43262.0,43110.0,43989.0,41748.0,37841.0,,0.0,0.0,,,2.5,-1.0,13.61,0.023,0.221,3.0,2.0,0.0,0.0,22.27,22.08,21.66,21.98,22.06,25.66,21.89,22.28,22.2,38.25
2016-06-07 19:17:00-05:00,7.841087,13.61726,503190.0,25.37,0.0,18.91,22.81,347.9,275.2,274.3,272.4,3.324,3.427,3.514,347.2,23.83,60.22,0.883,1380982.0,349.6,7.967,4.617,0.0,0.0,0.0,0.0,0.0,0.0,0.0,0.0,22.52,21.83,19.61,9.88,11.19,10.77,60.0,59.9,74.7,0.0,274.0,273.9,275.0,1.114,-7.662,7.852,601.0,1371452.0,41180.0,126500.0,-0.156,0.979,0.748,0.921,0.731,0.773,0.906,0.849,0.86,0.844,0.772,0.243,0.259,0.304,0.285,0.289,0.282,0.259,43035.0,43690.0,43262.0,43110.0,43989.0,41748.0,37841.0,2.098,316.5,17.78,4.4,3.53,2.0,-1.0,13.61,0.023,0.221,3.0,2.0,0.0,0.0,22.21,22.03,21.56,21.89,21.95,25.71,21.82,22.23,22.15,38.13
2016-06-07 19:18:00-05:00,5.821413,11.82404,503191.0,25.31,0.0,17.09,22.75,344.4,274.9,274.3,272.3,3.391,3.318,3.336,343.8,24.24,60.18,0.715,1380982.0,345.9,8.04,4.65,0.0,0.0,0.0,0.0,0.0,0.0,0.0,0.0,22.49,21.77,17.66,9.72,11.12,10.71,60.0,59.9,74.7,0.0,274.0,273.1,275.0,0.977,-7.614,7.753,601.0,1371452.0,41180.0,126500.0,-0.138,0.979,0.748,0.921,0.699,0.712,0.851,0.797,0.811,0.804,0.758,0.231,0.237,0.284,0.265,0.27,0.267,0.253,43035.0,43690.0,43262.0,43110.0,43989.0,41748.0,37841.0,,0.0,0.0,,,2.0,-1.0,13.61,0.023,0.221,3.0,2.0,0.0,0.0,22.11,21.92,21.48,21.82,21.85,25.78,21.7,22.1,22.01,38.19
2016-06-07 19:19:00-05:00,3.920544,10.030821,503192.0,25.26,0.0,15.4,22.74,343.7,275.3,274.1,272.2,3.356,3.283,3.302,343.0,23.79,60.16,0.686,1380982.0,345.1,7.896,4.65,0.0,0.0,0.0,0.0,0.0,0.0,0.0,0.0,22.44,21.71,15.87,9.67,11.08,10.76,60.0,59.9,74.7,0.0,274.0,273.5,275.0,0.663,-7.664,7.738,601.0,1371452.0,41180.0,126500.0,-0.095,0.979,0.748,0.921,0.605,0.559,0.7,0.68,0.671,0.657,0.653,0.2,0.186,0.233,0.227,0.223,0.218,0.218,43035.0,43690.0,43262.0,43110.0,43989.0,41748.0,37841.0,3.743,325.8,33.06,7.3,3.53,2.0,-1.0,13.61,0.023,0.221,3.0,2.0,0.0,0.0,22.06,21.89,21.42,21.69,21.79,25.7,21.59,22.0,21.92,38.1
2016-06-07 19:20:00-05:00,2.4948914,8.573831,503193.0,25.2,0.0,13.92,22.77,344.4,275.0,274.4,272.5,3.098,3.031,3.048,343.0,20.54,60.17,0.634,1380982.0,344.5,6.793,4.6,0.0,0.0,0.0,0.0,0.0,0.0,0.0,0.0,22.49,21.69,14.27,9.79,11.1,10.86,60.0,59.9,74.7,0.0,274.0,273.8,275.0,0.35,-7.792,7.826,601.0,1371452.0,41180.0,126500.0,-0.052,0.979,0.748,0.921,0.473,0.419,0.536,0.514,0.503,0.518,0.499,0.156,0.139,0.179,0.171,0.167,0.171,0.166,43035.0,43690.0,43262.0,43110.0,43989.0,41748.0,37841.0,3.685,301.7,12.28,6.2,3.528,2.0,-1.0,13.61,0.023,0.221,3.0,2.0,0.0,0.0,22.03,21.79,21.27,21.62,21.69,25.67,21.48,21.9,21.85,38.12
2016-06-07 19:21:00-05:00,1.425652,7.340993,503194.0,25.14,0.0,12.64,22.73,344.8,275.1,274.2,272.4,2.581,2.61,2.624,344.1,17.22,60.13,0.527,1380982.0,345.1,5.687,4.517,0.0,0.0,0.0,0.0,0.0,0.0,0.0,0.0,22.41,21.6,12.9,10.0,11.16,10.99,60.0,59.9,74.7,0.0,274.0,273.1,275.0,0.079,-7.955,7.969,601.0,1371452.0,41181.0,126500.0,-0.015,0.979,0.748,0.921,0.338,0.302,0.395,0.385,0.379,0.386,0.328,0.111,0.1,0.132,0.128,0.126,0.127,0.109,43035.0,43690.0,43262.0,43110.0,43989.0,41748.0,37841.0,,0.0,0.0,,,2.0,-1.0,13.61,0.023,0.221,3.0,2.0,0.0,0.0,21.98,21.69,21.17,21.51,21.53,25.8,21.38,21.8,21.75,38.06
2016-06-07 19:22:00-05:00,0.4752179,6.332306,503195.0,25.09,0.0,11.64,22.67,343.0,275.2,274.2,272.4,2.237,2.526,2.201,342.3,17.13,60.14,0.422,1380982.0,344.3,5.637,4.517,0.0,0.0,0.0,0.0,0.0,0.0,0.0,0.0,22.38,21.58,11.8,10.03,11.18,11.05,60.0,59.9,74.7,0.0,274.0,273.4,275.0,-0.059,-7.996,8.0,601.0,1371452.0,41181.0,126500.0,0.004,0.979,0.748,0.921,0.284,0.261,0.339,0.326,0.298,0.294,0.27,0.093,0.086,0.112,0.108,0.099,0.097,0.09,43035.0,43690.0,43262.0,43110.0,43989.0,41748.0,37841.0,,0.0,0.0,,,2.0,-1.0,13.61,0.023,0.221,3.0,2.0,0.0,0.0,21.91,21.61,21.07,21.43,21.43,25.99,21.27,21.69,21.62,37.98
2016-06-07 19:23:00-05:00,-0.47521704,5.771925,503196.0,25.03,0.0,10.71,22.6,334.4,275.3,274.3,272.5,2.323,2.526,2.201,334.3,20.24,60.19,0.387,1380982.0,336.8,6.513,4.617,0.0,0.0,0.0,0.0,0.0,0.0,0.0,0.0,22.31,21.47,10.83,9.81,11.09,11.02,60.0,59.9,74.7,0.0,274.0,274.0,275.0,-0.039,-7.865,7.872,601.0,1371452.0,41181.0,126500.0,0.002,0.979,0.748,0.921,0.295,0.348,0.383,0.381,0.365,0.322,0.337,0.095,0.112,0.124,0.123,0.118,0.103,0.109,43035.0,43690.0,43262.0,43110.0,43989.0,41748.0,37841.0,5.143,304.7,13.48,8.6,3.528,2.0,-1.0,13.61,0.023,0.221,3.0,2.0,0.0,0.0,21.89,21.5,20.97,21.32,21.33,25.65,21.18,21.59,21.49,37.93
2016-06-07 19:24:00-05:00,-1.1880432,4.9873915,503197.0,24.97,0.0,9.87,22.56,331.1,275.3,274.3,272.5,1.893,2.273,2.201,330.0,21.06,60.23,0.335,1380982.0,332.6,6.695,4.65,0.0,0.0,0.0,0.0,0.0,0.0,0.0,0.0,22.27,21.46,9.95,9.67,11.06,10.98,60.0,59.9,74.7,0.0,274.0,273.8,275.0,-0.059,-7.812,7.817,601.0,1371452.0,41181.0,126500.0,0.005,0.979,0.748,0.921,0.279,0.323,0.364,0.374,0.36,0.289,0.322,0.088,0.103,0.117,0.12,0.115,0.092,0.103,43035.0,43690.0,43262.0,43110.0,43989.0,41748.0,37841.0,,0.0,0.0,,,2.0,-1.0,13.61,0.023,0.221,3.0,2.0,0.0,0.0,21.88,21.48,20.91,21.29,21.27,25.54,21.07,21.53,21.45,37.88
2016-06-07 19:25:00-05:00,-1.9008695,4.202858,503198.0,24.9,0.0,9.18,22.51,328.4,275.3,274.5,272.7,1.979,2.61,2.201,327.1,20.81,60.16,0.371,1380982.0,330.0,6.547,4.65,0.0,0.0,0.0,0.0,0.0,0.0,0.0,0.0,22.25,21.37,9.18,9.69,11.07,10.99,60.0,59.9,74.7,0.0,274.0,274.0,275.0,-0.078,-7.829,7.834,601.0,1371452.0,41181.0,126500.0,0.008,0.979,0.748,0.921,0.278,0.331,0.363,0.359,0.352,0.292,0.323,0.087,0.105,0.115,0.114,0.112,0.092,0.103,43035.0,43690.0,43262.0,43110.0,43989.0,41748.0,37841.0,2.868,321.5,35.23,7.1,3.528,2.0,-1.0,13.61,0.023,0.221,3.0,2.0,0.0,0.0,21.76,21.36,20.83,21.16,21.14,25.34,20.96,21.43,21.35,37.8
2016-06-07 19:26:00-05:00,-2.7324998,3.4183245,503199.0,24.86,0.0,8.48,22.52,320.0,275.2,274.5,272.7,1.721,3.199,2.794,319.4,20.86,60.23,0.3,1380982.0,321.6,6.408,4.633,0.0,0.0,0.0,0.0,0.0,0.0,0.0,0.0,22.22,21.29,8.45,9.68,11.02,10.92,60.0,59.9,74.7,0.0,274.0,274.0,275.0,0.005,-7.823,7.829,601.0,1371452.0,41181.0,126500.0,-0.004,0.979,0.748,0.921,0.333,0.36,0.401,0.386,0.357,0.326,0.337,0.102,0.111,0.124,0.119,0.11,0.1,0.104,43035.0,43690.0,43262.0,43110.0,43989.0,41748.0,37841.0,,0.0,0.0,,,2.0,-1.0,13.61,0.022,0.221,3.0,2.0,0.0,0.0,21.66,21.22,20.71,21.06,21.04,25.13,20.89,21.27,21.21,37.73
2016-06-07 19:27:00-05:00,-3.445326,2.633791,503200.0,24.78,0.0,7.789,22.48,318.4,275.5,274.5,272.7,0.602,2.778,2.709,317.4,18.12,60.22,0.124,1380982.0,319.5,5.469,4.55,0.0,0.0,0.0,0.0,0.0,0.0,0.0,0.0,22.19,21.27,7.775,9.91,11.07,10.94,60.0,59.9,74.7,0.0,274.0,274.0,275.0,-0.05,-7.947,7.953,601.0,1371452.0,41181.0,126500.0,0.003,0.979,0.748,0.921,0.275,0.3,0.326,0.314,0.284,0.276,0.278,0.083,0.091,0.099,0.095,0.086,0.084,0.084,43035.0,43690.0,43262.0,43110.0,43989.0,41748.0,37841.0,4.522,305.5,15.81,7.1,3.528,2.0,-1.0,13.61,0.022,0.221,3.0,2.0,0.0,0.0,21.68,21.2,20.67,20.96,21.01,25.15,20.78,21.2,21.1,37.65
2016-06-07 19:28:00-05:00,-3.9205434,2.07341,503201.0,24.74,0.0,7.267,22.48,310.8,275.5,274.4,272.6,1.291,2.61,2.624,310.1,16.97,60.22,0.265,1380982.0,312.1,5.011,4.517,0.0,0.0,0.0,0.0,0.0,0.0,0.0,0.0,22.16,21.23,7.202,10.01,11.09,10.96,60.0,59.9,74.7,0.0,274.0,274.0,275.0,-0.057,-7.993,7.999,601.0,1371452.0,41181.0,126500.0,0.004,0.979,0.748,0.921,0.266,0.305,0.322,0.32,0.321,0.272,0.289,0.078,0.091,0.096,0.095,0.095,0.08,0.086,43035.0,43690.0,43262.0,43110.0,43989.0,41748.0,37841.0,3.96,315.3,16.31,7.5,3.53,2.0,-1.0,13.61,0.022,0.221,3.0,2.0,0.0,0.0,21.62,21.17,20.59,20.98,20.97,25.0,20.71,21.21,21.03,37.55
2016-06-07 19:29:00-05:00,-4.6333694,1.6251051,503202.0,24.69,0.0,6.793,22.36,309.6,275.6,274.6,272.8,0.774,2.357,2.54,308.9,16.76,60.22,0.16,1380982.0,311.4,4.94,4.517,0.0,0.0,0.0,0.0,0.0,0.0,0.0,0.0,22.06,21.12,6.709,10.03,11.1,10.97,60.0,59.9,74.7,0.0,274.0,274.0,275.7,-0.098,-8.0,8.01,601.0,1371452.0,41182.0,126500.0,0.009,0.979,0.748,0.921,0.132,0.205,0.278,0.288,0.191,0.177,0.246,0.035,0.059,0.082,0.085,0.054,0.05,0.073,43035.0,43690.0,43262.0,43110.0,43989.0,41748.0,37841.0,,0.0,0.0,,,2.0,-1.0,13.61,0.022,0.221,3.0,2.0,0.0,0.0,21.49,21.12,20.53,20.9,20.87,24.86,20.66,21.18,21.0,37.47
2016-06-07 19:30:00-05:00,-4.752174,1.2888767,503203.0,24.64,0.0,6.393,22.34,305.2,275.5,274.6,272.8,0.774,1.768,2.116,304.9,19.42,60.21,0.16,1380982.0,307.2,5.724,4.633,0.0,0.0,0.0,0.0,0.0,0.0,0.0,0.0,22.02,21.11,6.274,9.81,11.05,10.94,60.0,59.9,74.7,0.0,274.0,274.0,275.7,-0.091,-7.869,7.872,601.0,1371452.0,41182.0,126500.0,0.009,0.979,0.748,0.921,0.283,0.246,0.254,0.306,0.331,0.226,0.222,0.083,0.071,0.073,0.09,0.098,0.065,0.064,43035.0,43690.0,43262.0,43110.0,43989.0,41748.0,37841.0,,0.0,0.0,,,2.0,-1.0,13.61,0.022,0.221,3.0,2.0,0.0,0.0,21.49,21.03,20.51,20.88,20.85,24.73,20.72,21.19,20.95,37.37
2016-06-07 19:31:00-05:00,-4.8709784,0.84057164,503204.0,24.58,0.0,5.93,22.3,305.2,275.4,274.4,272.6,0.172,0.505,1.101,304.6,18.87,60.18,0.018,1380982.0,306.5,5.563,4.633,0.0,0.0,0.0,0.0,0.0,0.0,0.0,0.0,22.03,21.09,5.858,9.81,11.05,10.97,60.0,59.9,74.7,0.0,274.0,274.0,275.1,-0.151,-7.882,7.885,601.0,1371452.0,41182.0,126500.0,0.018,0.979,0.748,0.921,0.253,0.285,0.304,0.321,0.296,0.261,0.269,0.075,0.084,0.09,0.096,0.088,0.077,0.08,43035.0,43690.0,43262.0,43110.0,43989.0,41748.0,37841.0,4.948,298.7,12.23,7.4,3.531,2.0,-1.0,13.61,0.022,0.221,3.0,2.0,0.0,0.0,21.4,21.01,20.44,20.82,20.82,24.66,20.69,21.19,20.92,37.27
2016-06-07 19:32:00-05:00,-5.4649997,0.504343,503205.0,24.53,0.0,5.56,22.3,304.3,275.4,274.1,272.3,0.086,0.0,0.085,303.6,19.27,60.14,0.0,1380982.0,306.1,5.681,4.65,0.0,0.0,0.0,0.0,0.0,0.0,0.0,0.0,22.01,20.97,5.421,9.75,11.05,11.0,60.0,59.9,74.7,0.0,274.0,273.7,275.0,-0.207,-7.855,7.859,601.0,1371452.0,41182.0,126500.0,0.025,0.979,0.748,0.921,0.226,0.271,0.277,0.215,0.265,0.237,0.244,0.066,0.08,0.082,0.062,0.078,0.07,0.072,43035.0,43690.0,43262.0,43110.0,43989.0,41748.0,37841.0,2.76,310.9,15.49,4.8,3.53,2.0,-1.0,13.61,0.022,0.221,3.0,2.0,0.0,0.0,21.34,20.95,20.4,20.75,20.74,24.77,20.59,21.08,20.79,37.16
2016-06-07 19:33:00-05:00,-6.177826,-0.056038223,503206.0,24.47,0.0,5.068,22.26,303.8,275.2,274.4,272.5,0.0,0.0,0.0,302.8,19.28,60.15,0.0,1380982.0,305.3,5.675,4.65,0.0,0.0,0.0,0.0,0.0,0.0,0.0,0.0,21.97,20.8,4.964,9.72,11.03,11.01,60.0,59.9,74.7,0.0,274.0,274.0,275.0,-0.276,-7.841,7.846,601.0,1371452.0,41182.0,126500.0,0.035,0.979,0.748,0.921,0.145,0.113,0.207,0.229,0.182,0.083,0.178,0.041,0.031,0.061,0.068,0.053,0.022,0.052,43035.0,43690.0,43262.0,43110.0,43989.0,41748.0,37841.0,2.992,316.0,17.83,5.8,3.53,2.0,-1.0,13.61,0.022,0.221,3.0,2.0,0.0,0.0,21.16,20.83,20.23,20.59,20.59,24.55,20.43,20.9,20.67,37.13
2016-06-07 19:34:00-05:00,-7.0094566,-0.7284954,503207.0,24.42,0.0,4.617,22.22,306.0,275.4,274.3,272.5,0.0,0.0,0.0,304.8,15.75,60.14,0.0,1380982.0,307.1,4.639,4.533,0.0,0.0,0.0,0.0,0.0,0.0,0.0,0.0,21.89,20.7,4.495,10.02,11.13,11.11,60.0,59.9,74.7,0.0,274.0,274.0,275.0,-0.362,-8.01,8.02,601.0,1371452.0,41182.0,126500.0,0.045,0.979,0.748,0.921,0.126,0.156,0.166,0.171,0.162,0.134,0.152,0.037,0.046,0.05,0.051,0.048,0.04,0.045,43035.0,43690.0,43262.0,43110.0,43989.0,41748.0,37841.0,4.007,316.3,13.98,6.2,3.528,2.0,-1.0,13.61,0.022,0.221,3.0,2.0,0.0,0.0,21.03,20.74,20.12,20.44,20.43,24.4,20.3,20.82,20.64,37.06
2016-06-07 19:35:00-05:00,-7.603478,-1.2888767,503208.0,24.36,0.0,4.272,22.21,304.6,275.6,274.4,272.5,0.0,0.0,0.0,304.0,15.23,60.13,0.0,1380982.0,306.4,4.493,4.517,0.0,0.0,0.0,0.0,0.0,0.0,0.0,0.0,21.89,20.63,4.089,10.1,11.15,11.11,60.0,59.9,74.7,0.0,274.0,274.0,275.0,-0.406,-8.05,8.06,601.0,1371452.0,41182.0,126500.0,0.051,0.979,0.748,0.921,0.102,0.127,0.144,0.144,0.14,0.107,0.132,0.03,0.038,0.043,0.043,0.042,0.032,0.039,43035.0,43690.0,43262.0,43110.0,43989.0,41748.0,37841.0,3.828,311.3,12.96,5.9,3.528,2.0,-1.0,13.61,0.022,0.22,3.0,2.0,0.0,0.0,20.96,20.67,20.04,20.43,20.38,24.28,20.22,20.74,20.62,37.02
2016-06-07 19:36:00-05:00,-7.959892,-1.6251051,503209.0,24.31,0.0,3.901,22.23,311.8,275.7,274.6,272.7,0.0,0.0,0.0,311.1,0.0,60.2,0.0,1380982.0,313.2,0.0,4.0,0.0,0.0,0.0,0.0,0.0,0.0,0.0,0.0,21.87,20.57,3.681,11.4,11.6,11.38,60.0,59.9,74.7,0.0,274.0,274.0,275.5,-0.387,-8.78,8.79,601.0,1371452.0,41183.0,126500.0,0.044,0.979,0.748,0.921,-0.013,0.02,0.033,0.024,0.023,-0.001,0.032,-0.004,0.006,0.01,0.007,0.007,0.0,0.01,43035.0,43690.0,43262.0,43110.0,43989.0,41748.0,37841.0,3.565,311.7,15.51,4.9,3.53,2.0,-1.0,13.61,0.022,0.22,3.0,2.0,0.0,0.0,20.9,20.61,19.94,20.3,20.28,23.81,20.09,20.66,20.56,36.95
2016-06-07 19:37:00-05:00,-8.672717,-2.1854863,503210.0,24.25,0.0,3.456,22.13,309.0,275.7,274.8,272.9,0.0,0.0,0.0,308.3,0.0,60.19,0.0,1380982.0,310.3,0.0,4.0,0.0,0.0,0.0,0.0,0.0,0.0,0.0,0.0,21.79,20.5,3.256,11.41,11.6,11.38,60.0,59.9,74.7,0.0,274.0,274.0,276.0,-0.387,-8.79,8.8,601.0,1371452.0,41183.0,126500.0,0.044,0.979,0.748,0.921,-0.011,0.019,0.028,0.023,0.028,0.001,0.028,-0.003,0.006,0.009,0.007,0.009,0.0,0.009,43035.0,43690.0,43262.0,43110.0,43989.0,41748.0,37841.0,3.023,310.8,12.33,4.7,3.53,2.0,-1.0,13.61,0.029,0.22,3.0,2.0,0.0,0.0,20.82,20.54,19.84,20.22,20.18,23.69,20.04,20.57,20.48,36.87
2016-06-07 19:38:00-05:00,-9.147935,-2.6337912,503211.0,24.2,0.0,3.079,22.14,305.7,275.7,274.7,272.8,0.0,0.0,0.0,304.9,0.0,60.16,0.0,1380982.0,307.0,0.0,4.0,0.0,0.0,0.0,0.0,0.0,0.0,0.0,0.0,21.81,20.38,2.829,11.4,11.6,11.37,60.0,59.9,74.7,0.0,274.0,274.0,275.8,-0.387,-8.78,8.79,601.0,1371452.0,41183.0,126500.0,0.044,0.979,0.748,0.921,-0.006,0.019,0.027,0.022,0.025,0.003,0.029,-0.002,0.006,0.008,0.007,0.008,0.001,0.009,43035.0,43690.0,43262.0,43110.0,43989.0,41748.0,37841.0,2.278,307.4,19.24,4.5,3.531,2.0,-1.0,13.65,0.029,0.22,3.0,2.0,0.0,0.0,20.66,20.43,19.74,20.09,20.07,23.28,19.91,20.43,20.38,36.84
2016-06-07 19:39:00-05:00,-9.504348,-3.0820959,503212.0,24.14,0.0,2.829,22.04,302.4,275.6,274.5,272.6,0.0,0.0,0.0,301.6,0.0,60.15,0.0,1380982.0,303.7,0.0,4.0,0.0,0.0,0.0,0.0,0.0,0.0,0.0,0.0,21.75,20.35,2.509,11.4,11.6,11.37,60.0,59.9,74.7,0.0,274.0,274.0,275.0,-0.386,-8.77,8.78,601.0,1371452.0,41183.0,126500.0,0.044,0.979,0.748,0.921,-0.004,0.017,0.03,0.022,0.026,0.004,0.032,-0.001,0.005,0.009,0.007,0.008,0.001,0.01,43035.0,43690.0,43262.0,43110.0,43989.0,41748.0,37841.0,3.328,296.9,12.9,4.7,3.53,2.0,-1.0,13.65,0.026,0.22,3.0,2.0,0.0,0.0,20.61,20.35,19.65,20.04,19.99,23.18,19.84,20.4,20.32,36.85
2016-06-07 19:40:00-05:00,-9.504348,-3.3062484,503213.0,24.08,0.0,2.419,22.0,299.3,275.5,274.4,272.5,0.0,0.0,0.0,298.5,0.0,60.14,0.0,1380982.0,300.6,0.0,4.0,0.0,0.0,0.0,0.0,0.0,0.0,0.0,0.0,21.71,20.25,2.232,11.4,11.6,11.36,60.0,59.9,74.7,0.0,274.0,274.0,275.0,-0.386,-8.77,8.77,601.0,1371452.0,41183.0,126500.0,0.044,0.979,0.748,0.921,-0.004,0.015,0.026,0.027,0.028,0.006,0.026,-0.001,0.004,0.008,0.008,0.008,0.002,0.008,43035.0,43690.0,43262.0,43110.0,43989.0,41748.0,37841.0,4.2,296.5,11.76,6.3,3.531,2.0,-1.0,13.65,0.025,0.22,3.0,2.0,0.0,0.0,20.58,20.31,19.65,20.02,19.99,23.21,19.81,20.38,20.26,36.81
2016-06-07 19:41:00-05:00,-9.504348,-3.4183247,503214.0,24.02,0.0,2.41,22.0,296.2,275.5,274.4,272.5,0.0,0.0,0.0,295.4,0.0,60.15,0.0,1380982.0,297.4,0.0,4.0,0.0,0.0,0.0,0.0,0.0,0.0,0.0,0.0,21.67,20.19,2.004,11.4,11.6,11.37,60.0,59.9,74.7,0.0,274.0,274.0,275.0,-0.386,-8.77,8.78,601.0,1371452.0,41183.0,126500.0,0.044,0.979,0.748,0.921,-0.002,0.016,0.026,0.022,0.019,0.008,0.027,-0.001,0.005,0.008,0.006,0.006,0.002,0.008,43035.0,43690.0,43262.0,43110.0,43989.0,41748.0,37841.0,3.298,301.1,18.61,5.5,3.53,2.0,-1.0,13.65,0.025,0.22,3.0,2.0,0.0,0.0,20.49,20.23,19.63,19.97,19.92,23.16,19.78,20.33,20.17,36.77
2016-06-07 19:42:00-05:00,-9.623153,-3.530401,503215.0,23.97,0.0,1.987,22.05,292.8,275.6,274.3,272.5,0.0,0.0,0.0,292.0,0.0,60.14,0.0,1380982.0,294.1,0.0,4.0,0.0,0.0,0.0,0.0,0.0,0.0,0.0,0.0,21.73,20.29,1.803,11.4,11.6,11.37,60.0,59.9,74.7,0.0,274.0,274.0,275.0,-0.386,-8.77,8.78,601.0,1371452.0,41183.0,126500.0,0.044,0.979,0.748,0.921,0.0,0.011,0.026,0.022,0.024,0.0,0.028,0.0,0.003,0.008,0.006,0.007,0.0,0.008,43035.0,43690.0,43262.0,43110.0,43989.0,41748.0,37841.0,2.948,312.1,14.56,4.7,3.528,2.0,-1.0,13.65,0.025,0.22,3.0,2.0,0.0,0.0,20.54,20.23,19.55,19.94,19.88,23.19,19.71,20.33,20.16,36.71
2016-06-07 19:43:00-05:00,-10.217174,-3.7545533,503216.0,23.92,0.0,1.919,22.03,289.1,275.4,274.3,272.5,0.0,0.0,0.0,288.2,0.0,60.15,0.0,1380982.0,290.2,0.0,4.0,0.0,0.0,0.0,0.0,0.0,0.0,0.0,0.0,21.67,20.18,1.586,11.41,11.6,11.37,60.0,59.9,74.7,0.0,274.0,273.9,275.0,-0.386,-8.77,8.78,601.0,1371452.0,41184.0,126500.0,0.044,0.979,0.748,0.921,0.002,0.016,0.022,0.019,0.024,0.02,0.025,0.001,0.005,0.006,0.005,0.007,0.006,0.007,43035.0,43690.0,43262.0,43110.0,43989.0,41748.0,37841.0,3.137,297.5,22.69,4.9,3.53,2.0,-1.0,13.65,0.025,0.22,3.0,2.0,0.0,0.0,20.46,20.15,19.49,19.84,19.8,23.11,19.65,20.23,20.06,36.67
2016-06-07 19:44:00-05:00,-10.3359785,-3.8666298,503217.0,23.86,0.0,1.779,21.95,284.5,275.3,274.3,272.5,0.0,0.0,0.0,283.7,0.0,60.14,0.0,1380982.0,285.9,0.0,4.0,0.0,0.0,0.0,0.0,0.0,0.0,0.0,0.0,21.61,20.13,1.405,11.4,11.6,11.38,60.0,59.9,74.7,0.0,274.0,273.7,275.0,-0.386,-8.77,8.78,601.0,1371452.0,41184.0,126500.0,0.044,0.979,0.748,0.921,-0.001,0.013,0.02,0.017,0.016,0.006,0.021,0.0,0.004,0.006,0.005,0.005,0.002,0.006,43035.0,43690.0,43262.0,43110.0,43989.0,41748.0,37841.0,3.893,305.9,8.45,5.1,3.53,2.0,-1.0,13.65,0.024,0.22,3.0,2.0,0.0,0.0,20.42,20.14,19.45,19.79,19.75,23.07,19.63,20.15,20.06,36.62
2016-06-07 19:45:00-05:00,-10.3359785,-4.2028584,503218.0,23.81,0.0,1.426,21.88,279.7,275.2,274.0,272.2,0.0,0.0,0.0,278.8,0.0,60.22,0.0,1380982.0,257.9,0.0,1.933,0.0,0.0,0.0,0.0,0.0,0.0,0.0,0.0,21.56,20.11,1.183,5.48,5.577,5.473,60.0,59.9,74.7,0.0,274.0,273.3,275.0,-0.185,-4.198,4.202,601.0,1371452.0,41184.0,126500.0,0.538,0.979,0.748,0.921,0.002,0.014,0.017,0.018,0.018,0.013,0.021,0.001,0.004,0.005,0.005,0.005,0.004,0.006,43035.0,43690.0,43262.0,43110.0,43989.0,41748.0,37841.0,3.738,310.4,10.91,4.9,3.53,2.0,-1.0,13.65,0.024,0.22,3.0,2.0,0.0,0.0,20.36,20.07,19.39,19.75,19.66,23.06,19.53,20.1,20.06,36.54
2016-06-07 19:46:00-05:00,-10.93,-4.4270105,503219.0,23.75,0.0,1.415,21.78,274.6,275.0,273.7,272.0,0.0,0.0,0.0,273.6,0.0,60.22,0.0,1380982.0,139.9,0.0,0.0,0.0,0.0,0.0,0.0,0.0,0.0,0.0,0.0,21.5,20.04,1.043,0.0,0.0,0.0,60.0,59.9,74.7,0.0,274.0,273.0,275.0,0.0,0.0,0.0,601.0,1371452.0,41184.0,126500.0,1.0,0.979,0.748,0.921,0.003,0.012,0.019,0.017,0.02,0.009,0.022,0.001,0.003,0.005,0.005,0.005,0.003,0.006,43035.0,43690.0,43262.0,43110.0,43989.0,41748.0,37841.0,3.898,305.1,12.87,5.5,3.53,2.0,-1.0,13.65,0.024,0.22,3.0,2.0,0.0,0.0,20.27,19.99,19.26,19.65,19.62,22.98,19.45,20.04,19.96,36.47
2016-06-07 19:47:00-05:00,-11.167608,-4.539087,503220.0,23.7,0.0,1.383,21.84,268.7,275.0,273.7,271.9,0.0,0.0,0.0,267.9,0.0,60.16,0.0,1380982.0,67.56,0.0,0.0,0.0,0.0,0.0,0.0,0.0,0.0,0.0,0.0,21.55,20.01,0.895,0.0,0.0,0.0,60.0,59.9,74.7,0.0,274.0,273.0,275.0,0.0,0.0,0.0,601.0,1371452.0,41184.0,126500.0,1.0,0.979,0.748,0.921,0.004,0.012,0.018,0.017,0.019,0.01,0.021,0.001,0.003,0.005,0.005,0.005,0.003,0.006,43035.0,43690.0,43262.0,43110.0,43989.0,41748.0,37841.0,3.497,305.5,10.01,6.9,3.531,2.0,-1.0,13.65,0.024,0.22,3.0,2.0,0.0,0.0,20.22,19.99,19.26,19.65,19.57,22.91,19.44,20.04,19.96,36.45
2016-06-07 19:48:00-05:00,-11.167608,-4.539087,503221.0,23.65,0.0,0.977,21.85,262.3,274.8,273.6,271.9,0.0,0.0,0.0,261.7,0.0,60.13,0.0,1380982.0,31.44,0.0,0.0,0.0,0.0,0.0,0.0,0.0,0.0,0.0,0.0,21.53,20.12,0.753,0.0,0.0,0.0,60.0,59.9,74.7,0.0,273.7,273.0,275.0,0.0,0.0,0.0,601.0,1371452.0,41184.0,126500.0,1.0,0.979,0.748,0.921,0.005,0.011,0.018,0.017,0.019,0.011,0.02,0.001,0.003,0.005,0.004,0.005,0.003,0.005,43035.0,43690.0,43262.0,43110.0,43989.0,41748.0,37841.0,4.017,300.1,14.59,7.3,3.531,2.0,-1.0,13.65,0.024,0.22,3.0,2.0,0.0,0.0,20.34,20.04,19.27,19.7,19.65,22.93,19.5,20.07,19.91,36.37
2016-06-07 19:49:00-05:00,-10.811195,-4.539087,503222.0,23.6,0.0,0.91,21.84,255.3,275.3,273.5,271.8,0.0,0.0,0.0,254.7,0.0,60.14,0.0,1380982.0,21.6,0.0,0.0,0.0,0.0,0.0,0.0,0.0,0.0,0.0,0.0,21.49,20.03,0.662,0.0,0.0,0.0,60.0,59.9,74.7,0.0,274.0,273.0,275.0,0.0,0.0,0.0,601.0,1371452.0,41184.0,126500.0,1.0,0.979,0.748,0.921,0.006,0.012,0.017,0.017,0.019,0.013,0.02,0.001,0.003,0.004,0.004,0.005,0.003,0.005,43035.0,43690.0,43262.0,43110.0,43989.0,41748.0,37841.0,3.115,301.2,11.1,4.2,3.53,2.0,-1.0,13.65,0.024,0.22,3.0,2.0,0.0,0.0,20.37,20.02,19.33,19.71,19.64,22.88,19.47,20.07,19.86,36.31
2016-06-07 19:50:00-05:00,-11.167608,-4.539087,503223.0,23.54,0.0,0.911,21.8,247.6,274.9,273.8,272.1,0.0,0.0,0.0,246.9,0.0,60.13,0.0,1380982.0,21.34,0.0,0.0,0.0,0.0,0.0,0.0,0.0,0.0,0.0,0.0,21.48,19.96,0.573,0.0,0.0,0.0,60.0,59.9,74.7,0.0,274.0,273.0,275.0,0.0,0.0,0.0,601.0,1371452.0,41184.0,126500.0,1.0,0.979,0.748,0.921,0.006,0.011,0.017,0.016,0.02,0.012,0.02,0.001,0.003,0.004,0.004,0.005,0.003,0.005,43035.0,43690.0,43262.0,43110.0,43989.0,41748.0,37841.0,3.618,304.9,12.88,5.8,3.53,2.0,-1.0,13.65,0.024,0.22,3.0,2.0,0.0,0.0,20.32,19.91,19.36,19.72,19.64,22.78,19.42,19.96,19.77,36.26
2016-06-07 19:51:00-05:00,-11.167608,-4.7632394,503224.0,23.49,0.0,0.912,21.83,239.2,275.1,273.6,271.9,0.0,0.0,0.0,238.5,0.0,60.12,0.0,1380982.0,21.31,0.0,0.0,0.0,0.0,0.0,0.0,0.0,0.0,0.0,0.0,21.5,19.89,0.435,0.0,0.0,0.0,60.0,59.9,74.7,0.0,273.9,273.0,275.0,0.0,0.0,0.0,601.0,1371452.0,41184.0,126500.0,1.0,0.979,0.748,0.921,0.006,0.012,0.017,0.015,0.019,0.012,0.02,0.002,0.003,0.004,0.004,0.005,0.003,0.005,43035.0,43690.0,43262.0,43110.0,43989.0,41748.0,37841.0,2.303,294.7,12.15,3.1,3.53,2.0,-1.0,13.65,0.024,0.22,3.0,2.0,0.0,0.0,20.26,19.83,19.25,19.62,19.58,22.85,19.36,19.98,19.7,36.18
2016-06-07 19:52:00-05:00,-11.167608,-4.987392,503225.0,23.43,0.0,0.906,21.8,230.0,275.1,273.7,272.0,0.0,0.0,0.0,229.4,0.0,60.15,0.0,1380982.0,21.5,0.0,0.0,0.0,0.0,0.0,0.0,0.0,0.0,0.0,0.0,21.47,19.91,0.361,0.0,0.0,0.0,60.0,59.9,74.7,0.0,274.0,273.0,275.0,0.0,0.0,0.0,601.0,1371452.0,41184.0,126500.0,1.0,0.979,0.748,0.921,0.007,0.012,0.017,0.015,0.019,0.013,0.02,0.002,0.003,0.004,0.003,0.004,0.003,0.005,43035.0,43690.0,43262.0,43110.0,43989.0,41748.0,37841.0,4.71,312.8,14.08,6.4,3.531,2.0,-1.0,13.65,0.023,0.22,3.0,2.0,0.0,0.0,20.3,19.83,19.17,19.64,19.54,22.96,19.31,20.01,19.62,36.13
2016-06-07 19:53:00-05:00,-11.167608,-4.987392,503226.0,23.36,0.0,0.771,21.79,220.2,275.1,273.7,272.0,0.0,0.0,0.0,219.7,0.0,60.15,0.0,1380982.0,21.35,0.0,0.0,0.0,0.0,0.0,0.0,0.0,0.0,0.0,0.0,21.46,19.95,0.326,0.0,0.0,0.0,60.0,59.9,74.7,0.0,274.0,273.0,275.0,0.0,0.0,0.0,601.0,1371452.0,41184.0,126500.0,1.0,0.979,0.748,0.921,0.007,0.011,0.016,0.014,0.019,0.014,0.018,0.001,0.002,0.003,0.003,0.004,0.003,0.004,43035.0,43690.0,43262.0,43110.0,43989.0,41748.0,37841.0,3.965,299.3,17.75,6.0,3.531,2.0,-1.0,13.65,0.023,0.22,3.0,2.0,0.0,0.0,20.3,19.86,19.2,19.66,19.59,22.96,19.36,20.05,19.72,36.08
2016-06-07 19:54:00-05:00,-11.167608,-4.987392,503227.0,23.31,0.0,0.53,21.72,209.8,275.0,273.9,272.0,0.0,0.0,0.0,209.3,0.0,60.12,0.0,1380982.0,21.41,0.0,0.0,0.0,0.0,0.0,0.0,0.0,0.0,0.0,0.0,21.4,20.0,0.267,0.0,0.0,0.0,60.0,59.9,74.7,0.0,274.0,273.0,275.0,0.0,0.0,0.0,601.0,1371452.0,41184.0,126500.0,1.0,0.979,0.748,0.921,0.007,0.012,0.015,0.015,0.019,0.014,0.02,0.002,0.002,0.003,0.003,0.004,0.003,0.004,43035.0,43690.0,43262.0,43110.0,43989.0,41748.0,37841.0,5.527,305.0,10.51,7.7,3.531,2.0,-1.0,13.65,0.023,0.22,3.0,2.0,0.0,0.0,20.32,19.93,19.27,19.66,19.59,22.96,19.46,20.05,19.75,36.01
2016-06-07 19:55:00-05:00,-11.048804,-4.875315,503228.0,23.26,0.0,0.409,21.71,199.1,275.2,273.9,272.0,0.0,0.0,0.0,198.5,0.0,60.14,0.0,1380982.0,21.4,0.0,0.0,0.0,0.0,0.0,0.0,0.0,0.0,0.0,0.0,21.41,20.03,0.247,0.0,0.0,0.0,60.0,59.9,74.7,0.0,274.0,273.0,275.0,0.0,0.0,0.0,601.0,1371452.0,41184.0,126500.0,1.0,0.979,0.748,0.921,0.007,0.012,0.016,0.015,0.019,0.014,0.019,0.001,0.002,0.003,0.003,0.004,0.003,0.004,43035.0,43690.0,43262.0,43110.0,43989.0,41748.0,37841.0,4.868,297.8,7.633,7.8,3.531,2.0,-1.0,13.65,0.023,0.22,3.0,2.0,0.0,0.0,20.39,20.05,19.27,19.69,19.66,22.98,19.49,20.08,19.79,35.93
2016-06-07 19:56:00-05:00,-10.93,-4.7632394,503229.0,23.21,0.0,0.405,21.71,188.1,275.2,274.0,272.1,0.0,0.0,0.0,187.6,0.0,60.15,0.0,1380982.0,21.46,0.0,0.0,0.0,0.0,0.0,0.0,0.0,0.0,0.0,0.0,21.35,19.86,0.191,0.0,0.0,0.0,60.0,59.9,74.7,0.0,274.0,273.2,275.0,0.0,0.0,0.0,601.0,1371452.0,41184.0,126500.0,1.0,0.979,0.748,0.921,0.008,0.011,0.015,0.015,0.019,0.014,0.018,0.001,0.002,0.003,0.003,0.004,0.003,0.003,43035.0,43690.0,43262.0,43110.0,43989.0,41748.0,37841.0,2.562,298.6,16.06,5.5,3.53,2.0,-1.0,13.65,0.023,0.22,3.0,2.0,0.0,0.0,20.27,19.9,19.22,19.61,19.59,23.31,19.41,19.98,19.69,35.87
2016-06-07 19:57:00-05:00,-11.048804,-4.875315,503230.0,23.16,0.0,0.406,21.68,176.6,275.2,274.1,272.2,0.0,0.0,0.0,176.2,0.0,60.14,0.0,1380982.0,21.51,0.0,0.0,0.0,0.0,0.0,0.0,0.0,0.0,0.0,0.0,21.33,19.87,0.191,0.0,0.0,0.0,60.0,59.9,74.7,0.0,274.0,273.6,275.0,0.0,0.0,0.0,601.0,1371452.0,41184.0,126500.0,1.0,0.979,0.748,0.921,0.008,0.011,0.014,0.015,0.018,0.014,0.018,0.001,0.002,0.003,0.003,0.003,0.002,0.003,43035.0,43690.0,43262.0,43110.0,43989.0,41748.0,37841.0,4.122,303.1,14.61,6.4,3.53,2.0,-1.0,13.65,0.023,0.22,3.0,2.0,0.0,0.0,20.23,19.95,19.17,19.62,19.56,23.84,19.41,20.05,19.59,35.77
2016-06-07 19:58:00-05:00,-11.048804,-4.875315,503231.0,23.11,0.0,0.406,21.68,164.8,275.3,274.1,272.2,0.0,0.0,0.0,164.3,0.0,60.15,0.0,1380982.0,21.46,0.0,0.0,0.0,0.0,0.0,0.0,0.0,0.0,0.0,0.0,21.33,19.88,0.148,0.0,0.0,0.0,60.0,59.9,74.7,0.0,274.0,273.6,275.0,0.0,0.0,0.0,601.0,1371452.0,41184.0,126500.0,1.0,0.979,0.748,0.921,0.009,0.01,0.015,0.014,0.019,0.015,0.018,0.002,0.002,0.002,0.002,0.003,0.002,0.003,43035.0,43690.0,43262.0,43110.0,43989.0,41748.0,37841.0,4.073,297.1,14.03,6.1,3.53,2.0,-1.0,13.65,0.023,0.22,3.0,2.0,0.0,0.0,20.23,19.95,19.17,19.57,19.56,23.85,19.4,20.01,19.61,35.69
2016-06-07 19:59:00-05:00,-11.167608,-4.987392,503232.0,23.07,0.0,0.406,21.57,152.8,275.4,274.1,272.2,0.0,0.0,0.0,152.4,0.0,60.15,0.0,1380982.0,21.5,0.0,0.0,0.0,0.0,0.0,0.0,0.0,0.0,0.0,0.0,21.29,19.78,0.043,0.0,0.0,0.0,60.0,59.9,74.7,0.0,274.0,274.0,275.0,0.0,0.0,0.0,601.0,1371452.0,41184.0,126500.0,1.0,0.979,0.748,0.921,0.009,0.011,0.014,0.015,0.02,0.015,0.018,0.001,0.002,0.002,0.002,0.003,0.002,0.003,43035.0,43690.0,43262.0,43110.0,43989.0,41748.0,37841.0,5.405,296.4,10.74,8.0,3.53,2.0,-1.0,13.65,0.022,0.22,3.0,2.0,0.0,0.0,20.11,19.87,19.17,19.56,19.53,23.78,19.36,19.97,19.59,35.64
2016-06-07 20:00:00-05:00,-11.167608,-4.987392,503233.0,23.02,0.0,0.406,21.59,140.7,275.4,274.2,272.2,0.0,0.0,0.0,140.4,0.0,60.15,0.0,1380982.0,21.52,0.0,0.0,0.0,0.0,0.0,0.0,0.0,0.0,0.0,0.0,21.28,19.78,0.038,0.0,0.0,0.0,60.0,59.9,74.7,0.0,274.0,274.0,275.0,0.0,0.0,0.0,601.0,1371452.0,41184.0,126500.0,1.0,0.979,0.748,0.921,0.009,0.01,0.013,0.013,0.02,0.015,0.018,0.001,0.001,0.002,0.002,0.003,0.002,0.003,43035.0,43690.0,43262.0,43110.0,43989.0,41748.0,37841.0,4.255,306.6,14.6,7.3,3.531,2.0,-1.0,13.65,0.022,0.22,3.0,2.0,0.0,0.0,20.1,19.82,19.15,19.54,19.51,23.77,19.36,19.93,19.7,35.56
2016-06-07 20:01:00-05:00,-11.167608,-4.987392,503234.0,22.98,0.0,0.406,21.64,128.5,275.8,274.3,272.4,0.0,0.0,0.0,128.0,0.0,60.19,0.0,1380982.0,21.59,0.0,0.0,0.0,0.0,0.0,0.0,0.0,0.0,0.0,0.0,21.33,19.72,0.038,0.0,0.0,0.0,60.0,59.9,74.7,0.0,274.0,274.0,275.4,0.0,0.0,0.0,601.0,1371452.0,41184.0,126500.0,1.0,0.979,0.748,0.921,0.009,0.011,0.014,0.014,0.019,0.016,0.018,0.001,0.001,0.002,0.002,0.002,0.002,0.002,43035.0,43690.0,43262.0,43110.0,43989.0,41748.0,37841.0,3.308,298.4,20.07,5.0,3.53,2.0,-1.0,13.64,0.022,0.219,3.0,2.0,0.0,0.0,20.0,19.75,19.07,19.46,19.41,23.77,19.28,19.85,19.66,35.47
2016-06-07 20:02:00-05:00,-11.167608,-4.987392,503235.0,22.93,0.0,0.406,21.7,115.9,275.7,274.6,272.6,0.0,0.0,0.0,115.4,0.0,60.22,0.0,1380982.0,21.51,0.0,0.0,0.0,0.0,0.0,0.0,0.0,0.0,0.0,0.0,21.35,19.77,0.038,0.0,0.0,0.0,60.0,59.9,74.7,0.0,274.1,274.0,275.7,0.0,0.0,0.0,601.0,1371452.0,41184.0,126500.0,1.0,0.979,0.748,0.921,0.01,0.011,0.013,0.014,0.019,0.015,0.017,0.001,0.001,0.002,0.002,0.002,0.002,0.002,43035.0,43690.0,43262.0,43110.0,43989.0,41748.0,37841.0,4.613,306.2,13.33,6.3,3.53,2.0,-1.0,13.65,0.022,0.22,3.0,2.0,0.0,0.0,20.03,19.75,19.06,19.46,19.38,23.77,19.25,19.85,19.68,35.47
2016-06-07 20:03:00-05:00,-11.167608,-4.987392,503236.0,22.88,0.0,0.406,21.64,103.6,276.1,274.7,272.7,0.0,0.0,0.0,103.2,0.0,60.22,0.0,1380982.0,21.55,0.0,0.0,0.0,0.0,0.0,0.0,0.0,0.0,0.0,0.0,21.31,19.73,0.036,0.0,0.0,0.0,60.0,59.9,74.7,0.0,274.6,274.0,276.0,0.0,0.0,0.0,601.0,1371452.0,41184.0,126500.0,1.0,0.979,0.748,0.921,0.009,0.011,0.013,0.014,0.018,0.016,0.017,0.001,0.001,0.001,0.001,0.002,0.002,0.002,43035.0,43690.0,43262.0,43110.0,43989.0,41748.0,37841.0,3.945,305.7,15.23,6.2,3.53,2.0,-1.0,13.65,0.022,0.22,3.0,2.0,0.0,0.0,20.0,19.75,19.05,19.46,19.36,23.77,19.27,19.87,19.71,35.37
2016-06-07 20:04:00-05:00,-11.167608,-4.987392,503237.0,22.84,0.0,0.407,21.65,92.2,275.8,274.8,272.8,0.0,0.0,0.0,91.8,0.0,60.16,0.0,1380982.0,21.54,0.0,0.0,0.0,0.0,0.0,0.0,0.0,0.0,0.0,0.0,21.31,19.68,0.032,0.0,0.0,0.0,60.0,59.9,74.7,0.0,274.4,274.0,276.0,0.0,0.0,0.0,601.0,1371452.0,41184.0,126500.0,1.0,0.979,0.748,0.921,0.009,0.01,0.013,0.014,0.018,0.015,0.017,0.001,0.001,0.001,0.001,0.002,0.001,0.002,43035.0,43690.0,43262.0,43110.0,43989.0,41748.0,37841.0,3.497,304.1,11.31,6.2,3.53,2.0,-1.0,13.65,0.022,0.219,3.0,2.0,0.0,0.0,19.97,19.71,19.01,19.43,19.38,23.77,19.2,19.87,19.68,35.34
2016-06-07 20:05:00-05:00,-11.167608,-4.987392,503238.0,22.8,0.0,0.407,21.68,81.0,275.9,274.9,273.0,0.0,0.0,0.0,80.5,0.0,60.14,0.0,1380982.0,21.48,0.0,0.0,0.0,0.0,0.0,0.0,0.0,0.0,0.0,0.0,21.31,19.76,0.024,0.0,0.0,0.0,60.0,59.9,74.7,0.0,274.8,274.1,276.0,0.0,0.0,0.0,601.0,1371452.0,41184.0,126500.0,1.0,0.979,0.748,0.921,0.009,0.01,0.013,0.014,0.019,0.016,0.017,0.001,0.001,0.001,0.001,0.002,0.001,0.001,43035.0,43690.0,43262.0,43110.0,43989.0,41748.0,37841.0,3.52,306.6,12.71,5.8,3.531,2.0,-1.0,13.65,0.022,0.219,3.0,2.0,0.0,0.0,20.03,19.75,18.97,19.36,19.33,23.77,19.17,19.77,19.65,35.24
2016-06-07 20:06:00-05:00,-11.167608,-4.987392,503239.0,22.75,0.0,0.407,21.6,70.39,274.6,273.7,271.8,0.0,0.0,0.0,70.02,0.0,60.14,0.0,1380982.0,21.55,0.0,0.0,0.0,0.0,0.0,0.0,0.0,0.0,0.0,0.0,21.3,19.74,0.008,0.0,0.0,0.0,60.0,59.9,74.7,0.0,273.3,273.2,274.5,0.0,0.0,0.0,601.0,1371452.0,41184.0,126500.0,1.0,0.979,0.748,0.921,0.009,0.011,0.013,0.013,0.019,0.015,0.017,0.001,0.001,0.001,0.001,0.001,0.001,0.001,43035.0,43690.0,43262.0,43110.0,43989.0,41748.0,37841.0,3.682,303.3,12.73,5.3,3.531,2.0,-1.0,13.65,0.022,0.219,3.0,2.0,0.0,0.0,20.03,19.69,18.97,19.35,19.27,23.69,19.15,19.74,19.58,35.18
2016-06-07 20:07:00-05:00,-11.167608,-4.987392,503240.0,22.71,0.0,0.407,21.65,61.34,274.6,273.3,271.4,0.0,0.0,0.0,60.95,0.0,60.16,0.0,1380982.0,21.57,0.0,0.0,0.0,0.0,0.0,0.0,0.0,0.0,0.0,0.0,21.35,19.8,-0.018,0.0,0.0,0.0,60.0,59.9,74.7,0.0,273.0,273.0,274.5,0.0,0.0,0.0,601.0,1371452.0,41184.0,126500.0,1.0,0.979,0.748,0.921,0.01,0.012,0.012,0.013,0.018,0.015,0.017,0.001,0.001,0.001,0.001,0.001,0.001,0.001,43035.0,43690.0,43262.0,43110.0,43989.0,41748.0,37841.0,3.293,293.2,22.21,4.9,3.53,2.0,-1.0,13.65,0.022,0.219,3.0,2.0,0.0,0.0,20.05,19.62,18.97,19.33,19.27,23.13,19.07,19.72,19.5,35.05
2016-06-07 20:08:00-05:00,-11.167608,-4.987392,503241.0,22.67,0.0,0.407,21.56,53.23,274.6,273.6,271.6,0.0,0.0,0.0,52.82,0.0,60.23,0.0,1380982.0,21.58,0.0,0.0,0.0,0.0,0.0,0.0,0.0,0.0,0.0,0.0,21.26,19.82,-0.008,0.0,0.0,0.0,60.0,59.9,74.7,0.0,273.0,273.0,274.9,0.0,0.0,0.0,601.0,1371452.0,41184.0,126500.0,1.0,0.979,0.748,0.921,0.008,0.01,0.012,0.014,0.019,0.015,0.017,0.0,0.001,0.001,0.001,0.001,0.001,0.001,43035.0,43690.0,43262.0,43110.0,43989.0,41748.0,37841.0,3.767,302.1,9.45,5.7,3.53,2.0,-1.0,13.65,0.022,0.219,3.0,2.0,0.0,0.0,20.15,19.66,18.97,19.33,19.27,23.15,19.12,19.72,19.48,34.98
2016-06-07 20:09:00-05:00,-11.167608,-4.987392,503242.0,22.63,0.0,0.407,21.46,45.98,274.8,273.7,271.7,0.0,0.0,0.0,45.52,0.0,60.23,0.0,1380982.0,21.61,0.0,0.0,0.0,0.0,0.0,0.0,0.0,0.0,0.0,0.0,21.12,19.75,-0.028,0.0,0.0,0.0,60.0,59.9,74.7,0.0,273.1,273.0,275.0,0.0,0.0,0.0,601.0,1371452.0,41184.0,126500.0,1.0,0.979,0.748,0.921,0.009,0.011,0.012,0.014,0.018,0.014,0.016,0.0,0.0,0.001,0.001,0.001,0.001,0.001,43035.0,43690.0,43262.0,43110.0,43989.0,41748.0,37841.0,4.103,296.2,21.39,5.4,3.531,2.0,-1.0,13.65,0.022,0.219,3.0,2.0,0.0,0.0,20.06,19.66,18.92,19.35,19.27,23.15,19.14,19.7,19.48,34.88
2016-06-07 20:10:00-05:00,-11.167608,-4.987392,503243.0,22.59,0.0,0.407,21.54,39.6,275.2,273.8,271.7,0.0,0.0,0.0,39.1,0.0,60.22,0.0,1380982.0,21.58,0.0,0.0,0.0,0.0,0.0,0.0,0.0,0.0,0.0,0.0,21.21,19.73,-0.034,0.0,0.0,0.0,60.0,59.9,74.7,0.0,273.8,273.0,275.0,0.0,0.0,0.0,601.0,1371452.0,41184.0,126500.0,1.0,0.979,0.748,0.921,0.009,0.011,0.013,0.014,0.019,0.016,0.017,0.0,0.0,0.001,0.001,0.001,0.001,0.001,43035.0,43690.0,43262.0,43110.0,43989.0,41748.0,37841.0,3.555,300.0,12.76,5.2,3.53,2.0,-1.0,13.65,0.022,0.219,3.0,2.0,0.0,0.0,20.02,19.57,18.91,19.3,19.17,23.18,19.07,19.66,19.45,34.79
2016-06-07 20:11:00-05:00,-11.167608,-4.987392,503244.0,22.55,0.0,0.407,21.53,34.0,274.8,274.0,272.1,0.0,0.0,0.0,33.83,0.0,60.21,0.0,1380982.0,21.63,0.0,0.0,0.0,0.0,0.0,0.0,0.0,0.0,0.0,0.0,21.22,19.69,-0.031,0.0,0.0,0.0,60.0,59.9,74.7,0.0,274.0,273.1,275.0,0.0,0.0,0.0,601.0,1371452.0,41184.0,126500.0,1.0,0.979,0.748,0.921,0.01,0.01,0.012,0.014,0.018,0.015,0.017,0.0,0.0,0.0,0.0,0.001,0.001,0.001,43035.0,43690.0,43262.0,43110.0,43989.0,41748.0,37841.0,3.038,297.0,13.79,4.1,3.53,2.0,-1.0,13.65,0.022,0.219,3.0,2.0,0.0,0.0,19.99,19.56,18.93,19.3,19.22,23.26,19.04,19.62,19.35,34.67
2016-06-07 20:12:00-05:00,-11.167608,-4.987392,503245.0,22.51,0.0,0.407,21.56,29.13,274.9,274.0,272.1,0.0,0.0,0.0,29.0,0.0,60.16,0.0,1380982.0,21.59,0.0,0.0,0.0,0.0,0.0,0.0,0.0,0.0,0.0,0.0,21.16,19.74,-0.037,0.0,0.0,0.0,60.0,59.9,74.7,0.0,274.0,273.2,275.0,0.0,0.0,0.0,601.0,1371452.0,41184.0,126500.0,1.0,0.979,0.748,0.921,0.009,0.011,0.012,0.013,0.018,0.015,0.016,0.0,0.0,0.0,0.0,0.001,0.0,0.0,43035.0,43690.0,43262.0,43110.0,43989.0,41748.0,37841.0,4.075,301.9,17.8,7.3,3.528,2.0,-1.0,13.65,0.022,0.219,3.0,2.0,0.0,0.0,20.01,19.56,18.95,19.31,19.25,23.38,19.07,19.66,19.29,34.6
2016-06-07 20:13:00-05:00,-11.167608,-4.987392,503246.0,22.47,0.0,0.407,21.51,24.88,275.0,273.8,271.9,0.0,0.0,0.0,24.74,0.0,60.17,0.0,1380982.0,21.69,0.0,0.0,0.0,0.0,0.0,0.0,0.0,0.0,0.0,0.0,21.16,19.72,-0.036,0.0,0.0,0.0,60.0,59.9,74.7,0.0,274.0,273.0,275.0,0.0,0.0,0.0,601.0,1371452.0,41184.0,126500.0,1.0,0.979,0.748,0.921,0.009,0.01,0.012,0.013,0.018,0.016,0.017,0.0,0.0,0.0,0.0,0.0,0.0,0.0,43035.0,43690.0,43262.0,43110.0,43989.0,41748.0,37841.0,4.082,299.5,11.03,6.4,3.527,2.0,-1.0,13.65,0.022,0.219,3.0,2.0,0.0,0.0,20.06,19.56,18.96,19.37,19.29,23.34,19.04,19.71,19.31,34.49
2016-06-07 20:14:00-05:00,-11.167608,-4.987392,503247.0,22.43,0.0,0.407,21.53,21.2,273.7,272.5,270.6,0.0,0.0,0.0,21.11,0.0,60.22,0.0,1380982.0,21.65,0.0,0.0,0.0,0.0,0.0,0.0,0.0,0.0,0.0,0.0,21.18,19.71,-0.037,0.0,0.0,0.0,60.0,59.9,74.7,0.0,272.4,272.2,273.4,0.0,0.0,0.0,601.0,1371452.0,41184.0,126500.0,1.0,0.979,0.748,0.921,0.009,0.011,0.013,0.013,0.018,0.015,0.017,0.0,0.0,0.0,0.0,0.0,0.0,0.0,43035.0,43690.0,43262.0,43110.0,43989.0,41748.0,37841.0,3.048,310.5,14.45,4.6,3.53,2.0,-1.0,13.65,0.022,0.219,3.0,2.0,0.0,0.0,20.04,19.53,18.9,19.27,19.29,23.25,18.99,19.68,19.29,34.39
2016-06-07 20:15:00-05:00,-11.167608,-4.987392,503248.0,22.4,0.0,0.407,21.52,18.0,273.0,272.1,270.2,0.0,0.0,0.0,17.94,0.0,60.16,0.0,1380982.0,21.57,0.0,0.0,0.0,0.0,0.0,0.0,0.0,0.0,0.0,0.0,21.19,19.73,-0.036,0.0,0.0,0.0,60.0,59.9,74.7,0.0,272.0,271.4,273.0,0.0,0.0,0.0,601.0,1371452.0,41184.0,126500.0,1.0,0.979,0.748,0.921,0.009,0.011,0.011,0.013,0.018,0.015,0.016,0.0,0.0,0.0,0.0,0.0,0.0,0.0,43035.0,43690.0,43262.0,43110.0,43989.0,41748.0,37841.0,3.422,295.7,9.76,5.0,3.53,2.0,-1.0,13.64,0.022,0.219,3.0,2.0,0.0,0.0,20.1,19.54,18.88,19.27,19.22,23.12,19.04,19.71,19.29,34.28
2016-06-07 20:16:00-05:00,-11.167608,-4.987392,503249.0,22.36,0.0,0.407,21.48,15.27,274.2,273.0,271.1,0.0,0.0,0.0,15.25,0.0,60.15,0.0,1380982.0,21.67,0.0,0.0,0.0,0.0,0.0,0.0,0.0,0.0,0.0,0.0,21.18,19.8,-0.038,0.0,0.0,0.0,60.0,59.9,74.7,0.0,272.8,272.7,273.8,0.0,0.0,0.0,601.0,1371452.0,41184.0,126500.0,1.0,0.979,0.748,0.921,0.009,0.011,0.012,0.013,0.018,0.014,0.016,0.0,0.0,0.0,0.0,0.0,0.0,0.0,43035.0,43690.0,43262.0,43110.0,43989.0,41748.0,37841.0,3.82,309.4,15.27,6.6,3.528,2.0,-1.0,13.64,0.022,0.219,3.0,2.0,0.0,0.0,20.15,19.58,18.88,19.31,19.29,23.08,19.06,19.73,19.29,34.2
2016-06-07 20:17:00-05:00,-11.167608,-4.987392,503250.0,22.32,0.0,0.407,21.4,12.94,274.2,273.4,271.5,0.0,0.0,0.0,12.92,0.0,60.15,0.0,1380982.0,21.69,0.0,0.0,0.0,0.0,0.0,0.0,0.0,0.0,0.0,0.0,21.06,19.65,-0.037,0.0,0.0,0.0,60.0,59.9,74.7,0.0,273.0,273.0,274.0,0.0,0.0,0.0,601.0,1371452.0,41184.0,126500.0,1.0,0.979,0.748,0.921,0.009,0.01,0.011,0.013,0.019,0.014,0.017,0.0,0.0,0.0,0.0,0.0,0.0,0.0,43035.0,43690.0,43262.0,43110.0,43989.0,41748.0,37841.0,3.31,319.8,13.83,4.8,3.528,2.0,-1.0,13.64,0.022,0.219,3.0,2.0,0.0,0.0,20.04,19.54,18.88,19.27,19.24,23.03,19.04,19.66,19.27,34.1
2016-06-07 20:18:00-05:00,-11.167608,-4.987392,503251.0,22.28,0.0,0.407,21.43,10.97,274.7,273.4,271.5,0.0,0.0,0.0,11.06,0.0,60.17,0.0,1380982.0,21.71,0.0,0.0,0.0,0.0,0.0,0.0,0.0,0.0,0.0,0.0,21.09,19.68,-0.038,0.0,0.0,0.0,60.0,59.9,74.7,0.0,273.0,273.0,274.6,0.0,0.0,0.0,601.0,1371452.0,41184.0,126500.0,1.0,0.979,0.748,0.921,0.009,0.01,0.012,0.014,0.017,0.015,0.016,0.0,0.0,0.0,0.0,0.0,0.0,0.0,43035.0,43690.0,43262.0,43110.0,43989.0,41748.0,37841.0,2.873,307.2,18.31,5.8,3.53,2.0,-1.0,13.64,0.022,0.219,3.0,2.0,0.0,0.0,20.04,19.5,18.82,19.19,19.13,23.0,18.98,19.58,19.24,33.98
2016-06-07 20:19:00-05:00,-11.167608,-4.987392,503252.0,22.25,0.0,0.407,21.48,9.42,274.7,273.4,271.5,0.0,0.0,0.0,9.49,0.0,60.16,0.0,1380982.0,21.75,0.0,0.0,0.0,0.0,0.0,0.0,0.0,0.0,0.0,0.0,21.09,19.64,-0.038,0.0,0.0,0.0,60.0,59.9,74.7,0.0,273.0,273.0,274.5,0.0,0.0,0.0,601.0,1371452.0,41184.0,126500.0,1.0,0.979,0.748,0.921,0.008,0.011,0.012,0.014,0.017,0.015,0.016,0.0,0.0,0.0,0.0,0.0,0.0,0.0,43035.0,43690.0,43262.0,43110.0,43989.0,41748.0,37841.0,3.183,300.1,16.99,5.3,3.53,2.0,-1.0,13.65,0.022,0.219,3.0,2.0,0.0,0.0,20.04,19.57,18.79,19.18,19.13,22.97,18.98,19.6,19.14,33.9
2016-06-07 20:20:00-05:00,-11.167608,-4.987392,503253.0,22.21,0.0,0.407,21.43,7.908,274.8,273.6,271.6,0.0,0.0,0.0,8.1,0.0,60.13,0.0,1380982.0,21.76,0.0,0.0,0.0,0.0,0.0,0.0,0.0,0.0,0.0,0.0,21.08,19.65,-0.037,0.0,0.0,0.0,60.0,59.9,74.7,0.0,273.3,273.0,275.0,0.0,0.0,0.0,601.0,1371452.0,41184.0,126500.0,1.0,0.979,0.748,0.921,0.009,0.01,0.012,0.013,0.018,0.014,0.016,0.0,0.0,0.0,0.0,0.0,0.0,0.0,43035.0,43690.0,43262.0,43110.0,43989.0,41748.0,37841.0,2.333,313.6,14.09,4.0,3.531,2.0,-1.0,13.65,0.022,0.219,3.0,2.0,0.0,0.0,20.04,19.5,18.77,19.14,19.06,22.93,18.93,19.57,19.16,33.82
2016-06-07 20:21:00-05:00,-11.167608,-5.3236203,503254.0,22.18,0.0,0.407,21.35,6.777,275.1,273.6,271.7,0.0,0.0,0.0,7.142,0.0,60.14,0.0,1380982.0,21.71,0.0,0.0,0.0,0.0,0.0,0.0,0.0,0.0,0.0,0.0,21.01,19.61,-0.038,0.0,0.0,0.0,60.0,59.9,74.7,0.0,273.9,273.0,275.0,0.0,0.0,0.0,601.0,1371452.0,41184.0,126500.0,1.0,0.979,0.748,0.921,0.009,0.01,0.012,0.013,0.018,0.015,0.016,0.0,0.0,0.0,0.0,0.0,0.0,0.0,43035.0,43690.0,43262.0,43110.0,43989.0,41748.0,37841.0,2.73,299.0,13.75,4.8,3.53,2.0,-1.0,13.65,0.021,0.219,3.0,2.0,0.0,0.0,19.96,19.47,18.69,19.08,19.0,23.14,18.88,19.47,19.09,33.75
2016-06-07 20:22:00-05:00,-11.167608,-5.3236203,503255.0,22.14,0.0,0.407,21.32,5.73,275.2,273.7,271.7,0.0,0.0,0.0,6.146,0.0,60.11,0.0,1380982.0,21.72,0.0,0.0,0.0,0.0,0.0,0.0,0.0,0.0,0.0,0.0,21.0,19.55,-0.038,0.0,0.0,0.0,60.0,59.9,74.7,0.0,274.0,273.0,275.0,0.0,0.0,0.0,601.0,1371452.0,41184.0,126500.0,1.0,0.979,0.748,0.921,0.009,0.01,0.012,0.012,0.018,0.014,0.016,0.0,0.0,0.0,0.0,0.0,0.0,0.0,43035.0,43690.0,43262.0,43110.0,43989.0,41748.0,37841.0,2.562,308.1,15.43,3.9,3.531,2.0,-1.0,13.64,0.021,0.219,3.0,2.0,0.0,0.0,19.94,19.47,18.69,19.08,18.98,22.99,18.88,19.47,19.0,33.64
2016-06-07 20:23:00-05:00,-11.286413,-5.3236203,503256.0,22.11,0.0,0.407,21.27,4.893,275.3,273.9,271.8,0.0,0.0,0.0,5.341,0.0,60.15,0.0,1380982.0,21.68,0.0,0.0,0.0,0.0,0.0,0.0,0.0,0.0,0.0,0.0,20.95,19.51,-0.037,0.0,0.0,0.0,60.0,59.9,74.7,0.0,274.0,273.3,275.0,0.0,0.0,0.0,601.0,1371452.0,41184.0,126500.0,1.0,0.979,0.748,0.921,0.009,0.009,0.011,0.013,0.018,0.014,0.016,0.0,0.0,0.0,0.0,0.0,0.0,0.0,43035.0,43690.0,43262.0,43110.0,43989.0,41748.0,37841.0,3.057,309.5,14.18,4.9,3.53,2.0,-1.0,13.64,0.021,0.219,3.0,2.0,0.0,0.0,19.84,19.39,18.62,19.03,18.93,22.99,18.83,19.42,19.01,33.58
2016-06-07 20:24:00-05:00,-11.524022,-5.3236203,503257.0,22.08,0.0,0.407,21.28,4.159,275.2,274.0,272.0,0.0,0.0,0.0,4.711,0.0,60.13,0.0,1380982.0,21.77,0.0,0.0,0.0,0.0,0.0,0.0,0.0,0.0,0.0,0.0,20.93,19.44,-0.038,0.0,0.0,0.0,60.0,59.9,74.7,0.0,274.0,273.8,275.0,0.0,0.0,0.0,601.0,1371452.0,41184.0,126500.0,1.0,0.979,0.748,0.921,0.009,0.011,0.012,0.013,0.018,0.015,0.016,0.0,0.0,0.0,0.0,0.0,0.0,0.0,43035.0,43690.0,43262.0,43110.0,43989.0,41748.0,37841.0,3.147,296.5,13.02,4.3,3.53,2.0,-1.0,13.65,0.021,0.219,3.0,2.0,0.0,0.0,19.79,19.42,18.59,18.98,18.92,22.95,18.79,19.39,18.98,33.46
2016-06-07 20:25:00-05:00,-11.405217,-5.3236203,503258.0,22.04,0.0,0.407,21.2,3.583,275.4,274.2,272.2,0.0,0.0,0.0,4.188,0.0,60.15,0.0,1380982.0,21.75,0.0,0.0,0.0,0.0,0.0,0.0,0.0,0.0,0.0,0.0,20.86,19.31,-0.038,0.0,0.0,0.0,60.0,59.9,74.7,0.0,274.0,274.0,275.0,0.0,0.0,0.0,601.0,1371452.0,41184.0,126500.0,1.0,0.979,0.748,0.921,0.009,0.01,0.012,0.013,0.018,0.014,0.016,0.0,0.0,0.0,0.0,0.0,0.0,0.0,43035.0,43690.0,43262.0,43110.0,43989.0,41748.0,37841.0,2.53,297.3,9.8,3.7,3.531,2.0,-1.0,13.65,0.021,0.219,3.0,2.0,0.0,0.0,19.7,19.34,18.56,18.93,18.85,22.93,18.74,19.32,18.9,33.41
2016-06-07 20:26:00-05:00,-11.524022,-5.3236203,503259.0,22.01,0.0,0.407,21.21,3.073,274.9,274.0,272.0,0.0,0.0,0.0,3.821,0.0,60.17,0.0,1380982.0,21.68,0.0,0.0,0.0,0.0,0.0,0.0,0.0,0.0,0.0,0.0,20.87,19.26,-0.038,0.0,0.0,0.0,60.0,59.9,74.7,0.0,273.9,273.1,275.0,0.0,0.0,0.0,601.0,1371452.0,41184.0,126500.0,1.0,0.979,0.748,0.921,0.008,0.01,0.011,0.012,0.018,0.014,0.016,0.0,0.0,0.0,0.0,0.0,0.0,0.0,43035.0,43690.0,43262.0,43110.0,43989.0,41748.0,37841.0,2.853,296.7,10.18,4.4,3.531,2.0,-1.0,13.65,0.021,0.219,3.0,2.0,0.0,0.0,19.63,19.19,18.49,18.88,18.79,22.54,18.69,19.27,18.87,33.33
2016-06-07 20:27:00-05:00,-11.524022,-5.3236203,503260.0,21.97,0.0,0.407,21.18,2.656,275.0,273.8,271.8,0.0,0.0,0.0,3.362,0.0,60.14,0.0,1380982.0,21.72,0.0,0.0,0.0,0.0,0.0,0.0,0.0,0.0,0.0,0.0,20.89,19.26,-0.038,0.0,0.0,0.0,60.0,59.9,74.7,0.0,273.9,273.0,275.0,0.0,0.0,0.0,601.0,1371452.0,41184.0,126500.0,1.0,0.979,0.748,0.921,0.008,0.011,0.011,0.013,0.018,0.014,0.017,0.0,0.0,0.0,0.0,0.0,0.0,0.0,43035.0,43690.0,43262.0,43110.0,43989.0,41748.0,37841.0,2.753,301.5,10.23,4.1,3.53,2.0,-1.0,13.65,0.021,0.219,3.0,2.0,0.0,0.0,19.63,19.21,18.43,18.8,18.74,22.48,18.64,19.22,18.84,33.25
2016-06-07 20:28:00-05:00,-11.524022,-5.3236203,503261.0,21.93,0.0,0.407,21.13,2.313,275.4,273.8,271.8,0.0,0.0,0.0,2.935,0.0,60.13,0.0,1380982.0,21.77,0.0,0.0,0.0,0.0,0.0,0.0,0.0,0.0,0.0,0.0,20.83,19.12,-0.038,0.0,0.0,0.0,60.0,59.9,74.7,0.0,274.0,273.1,275.0,0.0,0.0,0.0,601.0,1371452.0,41184.0,126500.0,1.0,0.979,0.748,0.921,0.008,0.01,0.011,0.013,0.017,0.014,0.016,0.0,0.0,0.0,0.0,0.0,0.0,0.0,43035.0,43690.0,43262.0,43110.0,43989.0,41748.0,37841.0,3.682,296.0,14.31,6.4,3.53,2.0,-1.0,13.65,0.021,0.219,3.0,2.0,0.0,0.0,19.52,19.09,18.33,18.72,18.69,22.4,18.56,19.14,18.77,33.18
2016-06-07 20:29:00-05:00,-11.524022,-5.3236203,503262.0,21.9,0.0,0.407,21.22,2.001,275.5,273.8,271.9,0.0,0.0,0.0,2.818,0.0,60.12,0.0,1380982.0,21.78,0.0,0.0,0.0,0.0,0.0,0.0,0.0,0.0,0.0,0.0,20.91,19.24,-0.037,0.0,0.0,0.0,60.0,59.9,74.7,0.0,274.0,273.6,275.0,0.0,0.0,0.0,601.0,1371452.0,41184.0,126500.0,1.0,0.979,0.748,0.921,0.008,0.01,0.012,0.012,0.017,0.014,0.015,0.0,0.0,0.0,0.0,0.0,0.0,0.0,43035.0,43690.0,43262.0,43110.0,43989.0,41748.0,37841.0,2.558,303.2,17.93,3.7,3.53,2.0,-1.0,13.65,0.021,0.219,3.0,2.0,0.0,0.0,19.58,19.18,18.31,18.75,18.69,22.42,18.56,19.16,18.87,33.09
2016-06-07 20:30:00-05:00,-11.524022,-5.3236203,503263.0,21.87,0.0,0.407,21.17,1.779,274.8,274.2,272.1,0.0,0.0,0.0,2.731,0.0,60.15,0.0,1380982.0,21.71,0.0,0.0,0.0,0.0,0.0,0.0,0.0,0.0,0.0,0.0,20.88,19.13,-0.038,0.0,0.0,0.0,60.0,59.9,74.7,0.0,274.0,273.6,275.0,0.0,0.0,0.0,601.0,1371452.0,41184.0,126500.0,1.0,0.979,0.748,0.921,0.008,0.01,0.011,0.013,0.018,0.014,0.016,0.0,0.0,0.0,0.0,0.0,0.0,0.0,43035.0,43690.0,43262.0,43110.0,43989.0,41748.0,37841.0,2.522,312.2,11.23,3.4,3.53,2.0,-1.0,13.65,0.027,0.219,3.0,2.0,0.0,0.0,19.49,19.09,18.3,18.69,18.64,22.45,18.51,19.08,18.85,33.05
2016-06-07 20:31:00-05:00,-11.524022,-5.3236203,503264.0,21.83,0.0,0.407,21.15,1.644,275.3,274.0,271.8,0.0,0.0,0.0,2.388,0.0,60.15,0.0,1380982.0,21.7,0.0,0.0,0.0,0.0,0.0,0.0,0.0,0.0,0.0,0.0,20.81,19.11,-0.038,0.0,0.0,0.0,60.0,59.9,74.7,0.0,274.0,273.7,275.0,0.0,0.0,0.0,601.0,1371452.0,41184.0,126500.0,1.0,0.979,0.748,0.921,0.009,0.01,0.011,0.012,0.018,0.014,0.016,0.0,0.0,0.0,0.0,0.0,0.0,0.0,43035.0,43690.0,43262.0,43110.0,43989.0,41748.0,37841.0,2.568,288.1,14.95,4.7,3.53,2.0,-1.0,13.68,0.027,0.219,3.0,2.0,0.0,0.0,19.45,19.01,18.23,18.66,18.59,22.65,18.43,19.06,18.74,32.96
2016-06-07 20:32:00-05:00,-11.524022,-5.3236203,503265.0,21.79,0.0,0.407,21.13,1.53,275.2,274.0,271.9,0.0,0.0,0.0,2.203,0.0,60.14,0.0,1380982.0,21.72,0.0,0.0,0.0,0.0,0.0,0.0,0.0,0.0,0.0,0.0,20.81,19.12,-0.038,0.0,0.0,0.0,60.0,59.9,74.7,0.0,274.0,273.5,275.0,0.0,0.0,0.0,601.0,1371452.0,41184.0,126500.0,1.0,0.979,0.748,0.921,0.009,0.01,0.012,0.012,0.018,0.014,0.016,0.0,0.0,0.0,0.0,0.0,0.0,0.0,43035.0,43690.0,43262.0,43110.0,43989.0,41748.0,37841.0,3.918,303.3,9.7,5.2,3.53,2.0,-1.0,13.68,0.025,0.219,3.0,2.0,0.0,0.0,19.45,19.0,18.28,18.69,18.59,22.91,18.43,19.09,18.76,32.87
2016-06-07 20:33:00-05:00,-11.524022,-5.3236203,503266.0,21.74,0.0,0.407,21.12,1.35,275.2,274.1,272.0,0.0,0.0,0.0,2.133,0.0,60.16,0.0,1380982.0,21.74,0.0,0.0,0.0,0.0,0.0,0.0,0.0,0.0,0.0,0.0,20.71,19.07,-0.038,0.0,0.0,0.0,60.0,59.9,74.7,0.0,274.0,274.0,275.0,0.0,0.0,0.0,601.0,1371452.0,41184.0,126500.0,1.0,0.979,0.748,0.921,0.009,0.01,0.012,0.012,0.018,0.014,0.015,0.0,0.0,0.0,0.0,0.0,0.0,0.0,43035.0,43690.0,43262.0,43110.0,43989.0,41748.0,37841.0,2.9,295.9,16.27,3.8,3.531,2.0,-1.0,13.68,0.024,0.218,3.0,2.0,0.0,0.0,19.45,18.98,18.26,18.67,18.54,22.85,18.43,19.06,18.77,32.79
2016-06-07 20:34:00-05:00,-11.524022,-5.3236203,503267.0,21.71,0.0,0.407,21.19,1.232,275.7,274.1,272.0,0.0,0.0,0.0,1.874,0.0,60.23,0.0,1380982.0,21.72,0.0,0.0,0.0,0.0,0.0,0.0,0.0,0.0,0.0,0.0,20.8,19.14,-0.038,0.0,0.0,0.0,60.0,59.9,74.7,0.0,274.0,274.0,275.0,0.0,0.0,0.0,601.0,1371452.0,41184.0,126500.0,1.0,0.979,0.748,0.921,0.009,0.01,0.011,0.012,0.016,0.013,0.016,0.0,0.0,0.0,0.0,0.0,0.0,0.0,43035.0,43690.0,43262.0,43110.0,43989.0,41748.0,37841.0,2.81,298.5,10.6,3.8,3.53,2.0,-1.0,13.68,0.024,0.218,3.0,2.0,0.0,0.0,19.45,19.0,18.19,18.59,18.49,22.74,18.41,19.08,18.71,32.73
2016-06-07 20:35:00-05:00,-11.524022,-5.3236203,503268.0,21.67,0.0,0.407,21.08,1.08,275.6,274.3,272.2,0.0,0.0,0.0,1.689,0.0,60.22,0.0,1380982.0,21.71,0.0,0.0,0.0,0.0,0.0,0.0,0.0,0.0,0.0,0.0,20.76,19.03,-0.038,0.0,0.0,0.0,60.0,59.9,74.7,0.0,274.0,274.0,275.0,0.0,0.0,0.0,601.0,1371452.0,41184.0,126500.0,1.0,0.979,0.748,0.921,0.008,0.01,0.011,0.012,0.017,0.013,0.015,0.0,0.0,0.0,0.0,0.0,0.0,0.0,43035.0,43690.0,43262.0,43110.0,43989.0,41748.0,37841.0,2.297,303.9,16.98,4.0,3.53,2.0,-1.0,13.68,0.024,0.218,3.0,2.0,0.0,0.0,19.42,18.88,18.15,18.54,18.46,22.56,18.31,18.95,18.61,32.66
2016-06-07 20:36:00-05:00,-11.642826,-5.3236203,503269.0,21.64,0.0,0.407,20.96,1.08,275.5,274.3,272.3,0.0,0.0,0.0,1.641,0.0,60.22,0.0,1380982.0,21.74,0.0,0.0,0.0,0.0,0.0,0.0,0.0,0.0,0.0,0.0,20.62,18.91,-0.037,0.0,0.0,0.0,60.0,59.9,74.7,0.0,274.0,274.0,275.0,0.0,0.0,0.0,601.0,1371452.0,41184.0,126500.0,1.0,0.979,0.748,0.921,0.008,0.009,0.011,0.013,0.018,0.014,0.016,0.0,0.0,0.0,0.0,0.0,0.0,0.0,43035.0,43690.0,43262.0,43110.0,43989.0,41748.0,37841.0,2.703,304.9,14.29,3.8,3.53,2.0,-1.0,13.68,0.023,0.218,3.0,2.0,0.0,0.0,19.27,18.79,18.1,18.49,18.38,22.42,18.3,18.92,18.58,32.58
2016-06-07 20:37:00-05:00,-11.880434,-5.3236203,503270.0,21.61,0.0,0.407,20.88,0.985,275.6,274.3,272.3,0.0,0.0,0.0,1.61,0.0,60.16,0.0,1380982.0,21.7,0.0,0.0,0.0,0.0,0.0,0.0,0.0,0.0,0.0,0.0,20.58,18.85,-0.038,0.0,0.0,0.0,60.0,59.9,74.7,0.0,274.0,274.0,275.0,0.0,0.0,0.0,601.0,1371452.0,41184.0,126500.0,1.0,0.979,0.748,0.921,0.008,0.01,0.012,0.012,0.017,0.014,0.015,0.0,0.0,0.0,0.0,0.0,0.0,0.0,43035.0,43690.0,43262.0,43110.0,43989.0,41748.0,37841.0,3.312,298.2,12.17,4.9,3.53,2.0,-1.0,13.68,0.023,0.218,3.0,2.0,0.0,0.0,19.21,18.77,18.0,18.4,18.3,22.13,18.18,18.83,18.6,32.56
2016-06-07 20:38:00-05:00,-11.76163,-5.3236203,503271.0,21.57,0.0,0.407,21.01,0.814,273.3,271.9,270.0,0.0,0.0,0.0,1.608,0.0,60.22,0.0,1380982.0,21.73,0.0,0.0,0.0,0.0,0.0,0.0,0.0,0.0,0.0,0.0,20.68,19.0,-0.038,0.0,0.0,0.0,60.0,59.9,74.7,0.0,272.0,271.4,273.0,0.0,0.0,0.0,601.0,1371452.0,41184.0,126500.0,1.0,0.979,0.748,0.921,0.009,0.01,0.01,0.012,0.018,0.015,0.016,0.0,0.0,0.0,0.0,0.0,0.0,0.0,43035.0,43690.0,43262.0,43110.0,43989.0,41748.0,37841.0,3.782,308.0,7.226,5.0,3.53,2.0,-1.0,13.68,0.023,0.218,3.0,2.0,0.0,0.0,19.26,18.85,18.07,18.48,18.4,22.03,18.26,18.95,18.61,32.47
2016-06-07 20:39:00-05:00,-11.524022,-5.3236203,503272.0,21.54,0.0,0.407,21.03,0.81,271.0,269.7,267.9,0.0,0.0,0.0,1.579,0.0,60.19,0.0,1380982.0,21.71,0.0,0.0,0.0,0.0,0.0,0.0,0.0,0.0,0.0,0.0,20.67,19.03,-0.037,0.0,0.0,0.0,60.0,59.9,74.7,0.0,270.0,269.0,271.0,0.0,0.0,0.0,601.0,1371452.0,41184.0,126500.0,1.0,0.979,0.748,0.921,0.008,0.009,0.012,0.012,0.017,0.014,0.015,0.0,0.0,0.0,0.0,0.0,0.0,0.0,43035.0,43690.0,43262.0,43110.0,43989.0,41748.0,37841.0,4.415,309.1,11.56,6.9,3.53,2.0,-1.0,13.68,0.023,0.218,3.0,2.0,0.0,0.0,19.32,18.95,18.1,18.51,18.41,22.1,18.26,18.97,18.64,32.43
2016-06-07 20:40:00-05:00,-11.167608,-5.3236203,503273.0,21.51,0.0,0.407,21.01,0.867,270.9,269.7,267.9,0.0,0.0,0.0,1.605,0.0,60.21,0.0,1380982.0,21.73,0.0,0.0,0.0,0.0,0.0,0.0,0.0,0.0,0.0,0.0,20.62,19.14,-0.038,0.0,0.0,0.0,60.0,59.9,74.7,0.0,270.0,269.0,271.0,0.0,0.0,0.0,601.0,1371452.0,41184.0,126500.0,1.0,0.979,0.748,0.921,0.008,0.01,0.011,0.012,0.017,0.014,0.015,0.0,0.0,0.0,0.0,0.0,0.0,0.0,43035.0,43690.0,43262.0,43110.0,43989.0,41748.0,37841.0,5.298,297.3,11.64,9.6,3.53,2.0,-1.0,13.68,0.022,0.218,3.0,2.0,0.0,0.0,19.39,19.0,18.19,18.58,18.47,22.13,18.3,18.98,18.75,32.4
2016-06-07 20:41:00-05:00,-11.167608,-5.099468,503274.0,21.48,0.0,0.407,20.93,0.819,271.1,269.7,267.8,0.0,0.0,0.0,1.561,0.0,60.14,0.0,1380982.0,21.76,0.0,0.0,0.0,0.0,0.0,0.0,0.0,0.0,0.0,0.0,20.66,19.18,-0.036,0.0,0.0,0.0,60.0,59.9,74.7,0.0,270.0,269.0,271.0,0.0,0.0,0.0,601.0,1371452.0,41184.0,126500.0,1.0,0.979,0.748,0.921,0.009,0.009,0.01,0.012,0.017,0.014,0.016,0.0,0.0,0.0,0.0,0.0,0.0,0.0,43035.0,43690.0,43262.0,43110.0,43989.0,41748.0,37841.0,5.54,299.1,10.32,6.9,3.528,2.0,-1.0,13.68,0.022,0.218,3.0,2.0,0.0,0.0,19.45,19.08,18.28,18.67,18.59,22.2,18.4,19.08,18.86,32.33
2016-06-07 20:42:00-05:00,-10.811195,-4.987392,503275.0,21.45,0.0,0.407,20.96,0.808,270.3,269.1,267.2,0.0,0.0,0.0,1.451,0.0,60.15,0.0,1380982.0,21.74,0.0,0.0,0.0,0.0,0.0,0.0,0.0,0.0,0.0,0.0,20.67,19.21,-0.038,0.0,0.0,0.0,60.0,59.9,74.7,0.0,269.2,268.3,270.2,0.0,0.0,0.0,601.0,1371452.0,41184.0,126500.0,1.0,0.979,0.748,0.921,0.008,0.009,0.011,0.011,0.018,0.013,0.015,0.0,0.0,0.0,0.0,0.0,0.0,0.0,43035.0,43690.0,43262.0,43110.0,43989.0,41748.0,37841.0,3.76,296.9,11.85,5.0,3.53,2.0,-1.0,13.68,0.022,0.218,3.0,2.0,0.0,0.0,19.49,19.08,18.3,18.69,18.59,22.18,18.4,19.08,18.84,32.23
2016-06-07 20:43:00-05:00,-10.692391,-4.987392,503276.0,21.43,0.0,0.407,20.97,0.81,270.5,268.9,267.0,0.0,0.0,0.0,1.467,0.0,60.15,0.0,1380982.0,21.76,0.0,0.0,0.0,0.0,0.0,0.0,0.0,0.0,0.0,0.0,20.64,19.18,-0.038,0.0,0.0,0.0,60.0,59.9,74.7,0.0,269.0,268.7,270.0,0.0,0.0,0.0,601.0,1371452.0,41184.0,126500.0,1.0,0.979,0.748,0.921,0.008,0.01,0.01,0.011,0.017,0.013,0.015,0.0,0.0,0.0,0.0,0.0,0.0,0.0,43035.0,43690.0,43262.0,43110.0,43989.0,41748.0,37841.0,4.348,294.5,10.98,8.3,3.53,2.0,-1.0,13.68,0.022,0.218,3.0,2.0,0.0,0.0,19.45,19.08,18.3,18.69,18.64,22.2,18.46,19.11,18.81,32.17
2016-06-07 20:44:00-05:00,-10.811195,-4.987392,503277.0,21.4,0.0,0.407,20.89,0.961,270.6,269.2,267.2,0.0,0.0,0.0,1.723,0.0,60.22,0.0,1380982.0,21.76,0.0,0.0,0.0,0.0,0.0,0.0,0.0,0.0,0.0,0.0,20.53,19.05,-0.038,0.0,0.0,0.0,60.0,59.9,74.7,0.0,269.0,269.0,270.0,0.0,0.0,0.0,601.0,1371452.0,41184.0,126500.0,1.0,0.979,0.748,0.921,0.008,0.01,0.01,0.011,0.017,0.014,0.015,0.0,0.0,0.0,0.0,0.0,0.0,0.0,43035.0,43690.0,43262.0,43110.0,43989.0,41748.0,37841.0,2.945,305.4,8.3,3.9,3.53,2.0,-1.0,13.68,0.022,0.218,3.0,2.0,0.0,0.0,19.34,18.95,18.26,18.64,18.53,22.1,18.42,19.03,18.81,32.1
2016-06-07 20:45:00-05:00,-11.167608,-4.987392,503278.0,21.36,0.0,0.407,20.95,0.542,270.3,269.3,267.3,0.0,0.0,0.0,1.26,0.0,60.22,0.0,1380982.0,21.76,0.0,0.0,0.0,0.0,0.0,0.0,0.0,0.0,0.0,0.0,20.55,19.04,-0.038,0.0,0.0,0.0,60.0,59.9,74.7,0.0,269.0,269.0,270.0,0.0,0.0,0.0,601.0,1371452.0,41184.0,126500.0,1.0,0.979,0.748,0.921,0.008,0.009,0.01,0.012,0.017,0.013,0.015,0.0,0.0,0.0,0.0,0.0,0.0,0.0,43035.0,43690.0,43262.0,43110.0,43989.0,41748.0,37841.0,4.997,298.6,15.18,8.0,3.53,2.0,-1.0,13.68,0.022,0.218,3.0,2.0,0.0,0.0,19.31,18.93,18.19,18.59,18.54,21.97,18.35,19.03,18.74,32.0
2016-06-07 20:46:00-05:00,-10.811195,-4.987392,503279.0,21.34,0.0,0.407,20.91,0.54,272.3,271.1,269.1,0.0,0.0,0.0,1.19,0.0,60.2,0.0,1380982.0,21.75,0.0,0.0,0.0,0.0,0.0,0.0,0.0,0.0,0.0,0.0,20.54,19.12,-0.038,0.0,0.0,0.0,60.0,59.9,74.7,0.0,270.9,270.5,272.0,0.0,0.0,0.0,601.0,1371452.0,41184.0,126500.0,1.0,0.979,0.748,0.921,0.008,0.009,0.011,0.011,0.017,0.014,0.015,0.0,0.0,0.0,0.0,0.0,0.0,0.0,43035.0,43690.0,43262.0,43110.0,43989.0,41748.0,37841.0,4.9,303.7,15.31,6.8,3.531,2.0,-1.0,13.68,0.022,0.218,3.0,2.0,0.0,0.0,19.43,19.05,18.3,18.69,18.64,22.1,18.46,19.13,18.87,31.94
2016-06-07 20:47:00-05:00,-10.692391,-4.987392,503280.0,21.31,0.0,0.407,20.92,0.54,273.4,272.0,269.9,0.0,0.0,0.0,1.135,0.0,60.14,0.0,1380982.0,21.74,0.0,0.0,0.0,0.0,0.0,0.0,0.0,0.0,0.0,0.0,20.6,19.12,-0.038,0.0,0.0,0.0,60.0,59.9,74.7,0.0,272.0,271.8,273.0,0.0,0.0,0.0,601.0,1371452.0,41184.0,126500.0,1.0,0.979,0.748,0.921,0.007,0.009,0.01,0.011,0.016,0.014,0.014,0.0,0.0,0.0,0.0,0.0,0.0,0.0,43035.0,43690.0,43262.0,43110.0,43989.0,41748.0,37841.0,4.245,322.6,25.51,6.0,3.53,2.0,-1.0,13.68,0.022,0.218,3.0,2.0,0.0,0.0,19.41,19.06,18.3,18.69,18.66,22.11,18.49,19.09,18.89,31.87
2016-06-07 20:48:00-05:00,-10.692391,-4.987392,503281.0,21.29,0.0,0.407,20.85,0.54,273.3,272.1,270.1,0.0,0.0,0.0,1.141,0.0,60.14,0.0,1380982.0,21.75,0.0,0.0,0.0,0.0,0.0,0.0,0.0,0.0,0.0,0.0,20.54,19.03,-0.037,0.0,0.0,0.0,60.0,59.9,74.7,0.0,272.0,272.0,273.0,0.0,0.0,0.0,601.0,1371452.0,41184.0,126500.0,1.0,0.979,0.748,0.921,0.007,0.009,0.012,0.012,0.017,0.013,0.015,0.0,0.0,0.0,0.0,0.0,0.0,0.0,43035.0,43690.0,43262.0,43110.0,43989.0,41748.0,37841.0,3.907,313.0,10.04,6.2,3.53,2.0,-1.0,13.68,0.022,0.218,3.0,2.0,0.0,0.0,19.36,18.98,18.25,18.62,18.6,22.02,18.43,19.06,18.92,31.79
2016-06-07 20:49:00-05:00,-11.048804,-4.987392,503282.0,21.25,0.0,0.407,20.8,0.54,273.6,272.3,270.2,0.0,0.0,0.0,1.121,0.0,60.22,0.0,1380982.0,21.75,0.0,0.0,0.0,0.0,0.0,0.0,0.0,0.0,0.0,0.0,20.58,18.99,-0.038,0.0,0.0,0.0,60.0,59.9,74.7,0.0,272.0,272.0,273.0,0.0,0.0,0.0,601.0,1371452.0,41184.0,126500.0,1.0,0.979,0.748,0.921,0.009,0.009,0.01,0.012,0.016,0.013,0.015,0.0,0.0,0.0,0.0,0.0,0.0,0.0,43035.0,43690.0,43262.0,43110.0,43989.0,41748.0,37841.0,4.328,296.0,18.27,7.3,3.53,2.0,-1.0,13.68,0.022,0.218,3.0,2.0,0.0,0.0,19.33,18.92,18.2,18.59,18.56,22.0,18.38,19.05,18.84,31.71
2016-06-07 20:50:00-05:00,-10.811195,-4.987392,503283.0,21.23,0.0,0.407,20.87,0.54,273.4,272.3,270.3,0.0,0.0,0.0,1.111,0.0,60.2,0.0,1380982.0,21.74,0.0,0.0,0.0,0.0,0.0,0.0,0.0,0.0,0.0,0.0,20.57,19.03,-0.037,0.0,0.0,0.0,60.0,59.9,74.7,0.0,272.0,272.0,273.0,0.0,0.0,0.0,601.0,1371452.0,41184.0,126500.0,1.0,0.979,0.748,0.921,0.008,0.009,0.01,0.011,0.017,0.014,0.015,0.0,0.0,0.0,0.0,0.0,0.0,0.0,43035.0,43690.0,43262.0,43110.0,43989.0,41748.0,37841.0,4.617,306.0,11.67,7.4,3.53,2.0,-1.0,13.68,0.022,0.218,3.0,2.0,0.0,0.0,19.34,18.95,18.29,18.59,18.59,22.0,18.4,19.01,18.92,31.63
2016-06-07 20:51:00-05:00,-10.93,-4.987392,503284.0,21.2,0.0,0.407,20.83,0.665,273.7,272.4,270.4,0.0,0.0,0.0,1.254,0.0,60.17,0.0,1380982.0,21.76,0.0,0.0,0.0,0.0,0.0,0.0,0.0,0.0,0.0,0.0,20.51,18.97,-0.036,0.0,0.0,0.0,60.0,59.9,74.7,0.0,272.0,272.0,273.1,0.0,0.0,0.0,601.0,1371452.0,41184.0,126500.0,1.0,0.979,0.748,0.921,0.008,0.009,0.01,0.012,0.016,0.013,0.015,0.0,0.0,0.0,0.0,0.0,0.0,0.0,43035.0,43690.0,43262.0,43110.0,43989.0,41748.0,37841.0,4.015,303.4,13.33,6.6,3.53,2.0,-1.0,13.68,0.022,0.218,3.0,2.0,0.0,0.0,19.35,18.88,18.22,18.59,18.56,21.97,18.38,18.97,18.89,31.58
2016-06-07 20:52:00-05:00,-11.048804,-4.987392,503285.0,21.18,0.0,0.407,20.84,0.54,273.5,272.6,270.6,0.0,0.0,0.0,1.115,0.0,60.14,0.0,1380982.0,21.77,0.0,0.0,0.0,0.0,0.0,0.0,0.0,0.0,0.0,0.0,20.48,18.91,-0.025,0.0,0.0,0.0,60.0,59.9,74.7,0.0,272.2,272.0,273.3,0.0,0.0,0.0,601.0,1371452.0,41184.0,126500.0,1.0,0.979,0.748,0.921,0.008,0.01,0.01,0.012,0.016,0.013,0.014,0.0,0.0,0.0,0.0,0.0,0.0,0.0,43035.0,43690.0,43262.0,43110.0,43989.0,41748.0,37841.0,3.36,315.9,12.08,6.5,3.53,2.0,-1.0,13.68,0.022,0.218,3.0,2.0,0.0,0.0,19.23,18.88,18.22,18.59,18.53,21.95,18.31,18.96,18.9,31.5
2016-06-07 20:53:00-05:00,-11.167608,-4.987392,503286.0,21.15,0.0,0.407,20.84,0.54,274.0,272.7,270.7,0.0,0.0,0.0,1.096,0.0,60.15,0.0,1380982.0,21.74,0.0,0.0,0.0,0.0,0.0,0.0,0.0,0.0,0.0,0.0,20.43,18.84,-0.009,0.0,0.0,0.0,60.0,59.9,74.7,0.0,272.9,272.0,274.0,0.0,0.0,0.0,601.0,1371452.0,41184.0,126500.0,1.0,0.979,0.748,0.921,0.008,0.009,0.01,0.012,0.017,0.013,0.015,0.0,0.0,0.0,0.0,0.0,0.0,0.0,43035.0,43690.0,43262.0,43110.0,43989.0,41748.0,37841.0,3.775,304.9,9.68,5.1,3.531,2.0,-1.0,13.68,0.022,0.218,3.0,2.0,0.0,0.0,19.18,18.85,18.14,18.53,18.53,21.92,18.3,18.88,18.87,31.43
2016-06-07 20:54:00-05:00,-11.167608,-5.099468,503287.0,21.12,0.0,0.407,20.76,0.54,273.9,272.7,270.7,0.0,0.0,0.0,1.051,0.0,60.17,0.0,1380982.0,21.77,0.0,0.0,0.0,0.0,0.0,0.0,0.0,0.0,0.0,0.0,20.46,18.79,0.006,0.0,0.0,0.0,60.0,59.9,74.7,0.0,273.0,272.0,274.0,0.0,0.0,0.0,601.0,1371452.0,41184.0,126500.0,1.0,0.979,0.748,0.921,0.008,0.009,0.01,0.012,0.016,0.013,0.014,0.0,0.0,0.0,0.0,0.0,0.0,0.0,43035.0,43690.0,43262.0,43110.0,43989.0,41748.0,37841.0,2.992,294.7,12.82,4.0,3.528,2.0,-1.0,13.68,0.022,0.218,3.0,2.0,0.0,0.0,19.14,18.74,18.19,18.53,18.44,21.92,18.23,18.87,18.81,31.39
2016-06-07 20:55:00-05:00,-11.167608,-5.3236203,503288.0,21.1,0.0,0.407,20.76,0.54,274.0,272.9,270.8,0.0,0.0,0.0,1.118,0.0,60.22,0.0,1380982.0,21.76,0.0,0.0,0.0,0.0,0.0,0.0,0.0,0.0,0.0,0.0,20.48,18.64,-0.003,0.0,0.0,0.0,60.0,59.9,74.7,0.0,273.0,272.2,274.0,0.0,0.0,0.0,601.0,1371452.0,41184.0,126500.0,1.0,0.979,0.748,0.921,0.008,0.009,0.011,0.011,0.017,0.013,0.014,0.0,0.0,0.0,0.0,0.0,0.0,0.0,43035.0,43690.0,43262.0,43110.0,43989.0,41748.0,37841.0,2.623,293.7,19.56,4.0,3.531,2.0,-1.0,13.68,0.022,0.218,3.0,2.0,0.0,0.0,18.97,18.66,18.1,18.43,18.36,21.93,18.17,18.77,18.63,31.3
2016-06-07 20:56:00-05:00,-11.286413,-5.3236203,503289.0,21.08,0.0,0.407,20.74,0.54,274.4,272.8,270.7,0.0,0.0,0.0,1.086,0.0,60.21,0.0,1380982.0,21.77,0.0,0.0,0.0,0.0,0.0,0.0,0.0,0.0,0.0,0.0,20.49,18.63,-0.032,0.0,0.0,0.0,60.0,59.9,74.7,0.0,273.0,272.1,274.0,0.0,0.0,0.0,601.0,1371452.0,41184.0,126500.0,1.0,0.979,0.748,0.921,0.007,0.009,0.011,0.011,0.017,0.013,0.014,0.0,0.0,0.0,0.0,0.0,0.0,0.0,43035.0,43690.0,43262.0,43110.0,43989.0,41748.0,37841.0,3.362,299.6,12.59,4.4,3.531,2.0,-1.0,13.68,0.021,0.218,3.0,2.0,0.0,0.0,18.99,18.59,18.06,18.43,18.37,21.93,18.1,18.82,18.55,31.24
2016-06-07 20:57:00-05:00,-11.524022,-5.3236203,503290.0,21.05,0.0,0.407,20.83,0.54,274.3,272.7,270.6,0.0,0.0,0.0,1.128,0.0,60.21,0.0,1380982.0,21.77,0.0,0.0,0.0,0.0,0.0,0.0,0.0,0.0,0.0,0.0,20.48,18.59,-0.028,0.0,0.0,0.0,60.0,59.9,74.7,0.0,273.0,272.0,274.0,0.0,0.0,0.0,601.0,1371452.0,41184.0,126500.0,1.0,0.979,0.748,0.921,0.007,0.008,0.01,0.01,0.017,0.013,0.015,0.0,0.0,0.0,0.0,0.0,0.0,0.0,43035.0,43690.0,43262.0,43110.0,43989.0,41748.0,37841.0,2.897,302.9,10.27,4.0,3.528,2.0,-1.0,13.68,0.021,0.218,3.0,2.0,0.0,0.0,18.96,18.54,17.99,18.35,18.3,21.69,18.07,18.72,18.56,31.2
2016-06-07 20:58:00-05:00,-11.76163,-5.3236203,503291.0,21.02,0.0,0.407,20.81,0.583,274.2,273.0,270.9,0.0,0.0,0.0,1.205,0.0,60.22,0.0,1380982.0,21.76,0.0,0.0,0.0,0.0,0.0,0.0,0.0,0.0,0.0,0.0,20.46,18.41,0.036,0.0,0.0,0.0,60.0,59.9,74.7,0.0,273.0,272.4,274.0,0.0,0.0,0.0,601.0,1371452.0,41184.0,126500.0,1.0,0.979,0.748,0.921,0.007,0.009,0.01,0.011,0.017,0.012,0.015,0.0,0.0,0.0,0.0,0.0,0.0,0.0,43035.0,43690.0,43262.0,43110.0,43989.0,41748.0,37841.0,2.518,306.2,9.35,4.1,3.53,2.0,-1.0,13.68,0.021,0.218,3.0,2.0,0.0,0.0,18.79,18.39,17.85,18.22,18.12,22.0,17.92,18.53,18.43,31.15
2016-06-07 20:59:00-05:00,-11.999239,-5.3236203,503292.0,21.0,0.0,0.416,20.77,0.54,274.4,272.9,270.9,0.0,0.0,0.0,1.074,0.0,60.22,0.0,1380982.0,21.76,0.0,0.0,0.0,0.0,0.0,0.0,0.0,0.0,0.0,0.0,20.38,18.46,-0.023,0.0,0.0,0.0,60.0,59.9,74.7,0.0,273.0,272.3,274.0,0.0,0.0,0.0,601.0,1371452.0,41184.0,126500.0,1.0,0.979,0.748,0.921,0.009,0.009,0.01,0.011,0.016,0.014,0.015,0.0,0.0,0.0,0.0,0.0,0.0,0.0,43035.0,43690.0,43262.0,43110.0,43989.0,41748.0,37841.0,2.973,304.2,12.14,4.0,3.531,2.0,-1.0,13.68,0.021,0.218,3.0,2.0,0.0,0.0,18.81,18.3,17.78,18.19,18.11,21.79,17.81,18.55,18.4,31.11
2016-06-07 21:00:00-05:00,-11.999239,-5.3236203,503293.0,20.97,0.0,0.419,20.68,0.54,274.5,273.2,271.1,0.0,0.0,0.0,1.098,0.0,60.22,0.0,1380982.0,21.77,0.0,0.0,0.0,0.0,0.0,0.0,0.0,0.0,0.0,0.0,20.31,18.34,-0.031,0.0,0.0,0.0,60.0,59.9,74.7,0.0,273.0,273.0,274.0,0.0,0.0,0.0,601.0,1371452.0,41184.0,126500.0,1.0,0.979,0.748,0.921,0.006,0.009,0.01,0.012,0.016,0.013,0.014,0.0,0.0,0.0,0.0,0.0,0.0,0.0,43035.0,43690.0,43262.0,43110.0,43989.0,41748.0,37841.0,2.558,305.7,17.45,4.3,3.53,2.0,-1.0,13.68,0.021,0.218,3.0,2.0,0.0,0.0,18.73,18.28,17.75,18.14,18.06,21.67,17.84,18.5,18.29,31.04
2016-06-07 21:01:00-05:00,-11.999239,-5.3236203,503294.0,20.94,0.0,0.42,20.59,0.54,274.3,273.4,271.3,0.0,0.0,0.0,1.004,0.0,60.21,0.0,1380982.0,21.77,0.0,0.0,0.0,0.0,0.0,0.0,0.0,0.0,0.0,0.0,20.26,18.21,-0.014,0.0,0.0,0.0,60.0,59.9,74.7,0.0,273.0,273.0,274.0,0.0,0.0,0.0,601.0,1371452.0,41184.0,126500.0,1.0,0.979,0.748,0.921,0.007,0.008,0.01,0.011,0.017,0.013,0.014,0.0,0.0,0.0,0.0,0.0,0.0,0.0,43035.0,43690.0,43262.0,43110.0,43989.0,41748.0,37841.0,3.233,308.4,13.3,4.3,3.528,2.0,-1.0,13.68,0.021,0.218,3.0,2.0,0.0,0.0,18.62,18.23,17.62,18.01,17.98,21.63,17.75,18.39,18.32,31.01
2016-06-07 21:02:00-05:00,-11.999239,-5.3236203,503295.0,20.91,0.0,0.418,20.56,0.54,274.8,273.6,271.5,0.0,0.0,0.0,1.009,0.0,60.21,0.0,1380982.0,21.76,0.0,0.0,0.0,0.0,0.0,0.0,0.0,0.0,0.0,0.0,20.29,18.18,-0.018,0.0,0.0,0.0,60.0,59.9,74.7,0.0,273.2,273.0,274.6,0.0,0.0,0.0,601.0,1371452.0,41184.0,126500.0,1.0,0.979,0.748,0.921,0.007,0.008,0.009,0.011,0.016,0.013,0.014,0.0,0.0,0.0,0.0,0.0,0.0,0.0,43035.0,43690.0,43262.0,43110.0,43989.0,41748.0,37841.0,2.91,311.1,27.1,4.1,3.531,2.0,-1.0,13.68,0.021,0.218,3.0,2.0,0.0,0.0,18.57,18.22,17.6,17.98,17.96,21.59,17.78,18.37,18.25,30.94
2016-06-07 21:03:00-05:00,-11.999239,-5.3236203,503296.0,20.89,0.0,0.416,20.65,0.54,274.8,273.7,271.5,0.0,0.0,0.0,1.005,0.0,60.22,0.0,1380982.0,21.77,0.0,0.0,0.0,0.0,0.0,0.0,0.0,0.0,0.0,0.0,20.26,18.13,-0.027,0.0,0.0,0.0,60.0,59.9,74.7,0.0,273.2,273.0,274.9,0.0,0.0,0.0,601.0,1371452.0,41184.0,126500.0,1.0,0.979,0.748,0.921,0.007,0.009,0.01,0.012,0.017,0.013,0.014,0.0,0.0,0.0,0.0,0.0,0.0,0.0,43035.0,43690.0,43262.0,43110.0,43989.0,41748.0,37841.0,2.672,295.6,19.11,4.8,3.531,2.0,-1.0,13.68,0.021,0.218,3.0,2.0,0.0,0.0,18.48,18.17,17.54,17.91,17.85,21.51,17.68,18.35,18.19,30.91
2016-06-07 21:04:00-05:00,-11.999239,-5.3236203,503297.0,20.86,0.0,0.414,20.61,0.54,274.8,273.9,271.8,0.0,0.0,0.0,1.063,0.0,60.22,0.0,1380982.0,21.76,0.0,0.0,0.0,0.0,0.0,0.0,0.0,0.0,0.0,0.0,20.18,18.08,-0.038,0.0,0.0,0.0,60.0,59.9,74.7,0.0,274.0,273.0,275.0,0.0,0.0,0.0,601.0,1371452.0,41184.0,126500.0,1.0,0.979,0.748,0.921,0.007,0.008,0.01,0.011,0.016,0.012,0.014,0.0,0.0,0.0,0.0,0.0,0.0,0.0,43035.0,43690.0,43262.0,43110.0,43989.0,41748.0,37841.0,3.558,304.2,17.72,5.2,3.53,2.0,-1.0,13.68,0.021,0.218,3.0,2.0,0.0,0.0,18.49,18.19,17.51,17.91,17.82,21.55,17.65,18.32,18.25,30.86
2016-06-07 21:05:00-05:00,-11.999239,-5.3236203,503298.0,20.83,0.0,0.415,20.48,0.54,274.9,273.9,271.8,0.0,0.0,0.0,1.01,0.0,60.13,0.0,1380982.0,21.76,0.0,0.0,0.0,0.0,0.0,0.0,0.0,0.0,0.0,0.0,20.13,17.96,-0.038,0.0,0.0,0.0,60.0,59.9,74.7,0.0,273.9,273.1,275.0,0.0,0.0,0.0,601.0,1371452.0,41184.0,126500.0,1.0,0.979,0.748,0.921,0.006,0.008,0.01,0.01,0.016,0.012,0.015,0.0,0.0,0.0,0.0,0.0,0.0,0.0,43035.0,43690.0,43262.0,43110.0,43989.0,41748.0,37841.0,2.892,291.8,14.05,4.1,3.53,2.0,-1.0,13.68,0.021,0.218,3.0,2.0,0.0,0.0,18.37,18.17,17.48,17.86,17.8,21.54,17.65,18.34,18.22,30.81
2016-06-07 21:06:00-05:00,-11.999239,-5.3236203,503299.0,20.8,0.0,0.417,20.51,0.54,274.6,273.3,271.3,0.0,0.0,0.0,1.003,0.0,60.14,0.0,1380982.0,21.76,0.0,0.0,0.0,0.0,0.0,0.0,0.0,0.0,0.0,0.0,20.16,18.07,-0.037,0.0,0.0,0.0,60.0,59.9,74.7,0.0,273.1,273.0,274.1,0.0,0.0,0.0,601.0,1371452.0,41184.0,126500.0,1.0,0.979,0.748,0.921,0.007,0.008,0.01,0.011,0.016,0.013,0.014,0.0,0.0,0.0,0.0,0.0,0.0,0.0,43035.0,43690.0,43262.0,43110.0,43989.0,41748.0,37841.0,3.108,315.6,15.78,4.2,3.53,2.0,-1.0,13.68,0.021,0.218,3.0,2.0,0.0,0.0,18.44,18.14,17.46,17.88,17.8,21.56,17.62,18.3,18.2,30.81
2016-06-07 21:07:00-05:00,-11.880434,-5.3236203,503300.0,20.77,0.0,0.425,20.58,0.54,274.4,273.3,271.2,0.0,0.0,0.0,1.043,0.0,60.13,0.0,1380982.0,21.77,0.0,0.0,0.0,0.0,0.0,0.0,0.0,0.0,0.0,0.0,20.23,18.18,-0.038,0.0,0.0,0.0,60.0,59.9,74.7,0.0,273.0,273.0,274.0,0.0,0.0,0.0,601.0,1371452.0,41184.0,126500.0,1.0,0.979,0.748,0.921,0.007,0.009,0.01,0.011,0.016,0.013,0.014,0.0,0.0,0.0,0.0,0.0,0.0,0.0,43035.0,43690.0,43262.0,43110.0,43989.0,41748.0,37841.0,2.518,304.6,21.77,3.6,3.527,2.0,-1.0,13.68,0.021,0.218,3.0,2.0,0.0,0.0,18.55,18.21,17.49,17.91,17.82,21.56,17.62,18.34,18.21,30.71
2016-06-07 21:08:00-05:00,-11.76163,-5.3236203,503301.0,20.74,0.0,0.426,20.52,0.54,274.5,273.3,271.2,0.0,0.0,0.0,1.017,0.0,60.13,0.0,1380982.0,21.77,0.0,0.0,0.0,0.0,0.0,0.0,0.0,0.0,0.0,0.0,20.19,17.97,-0.037,0.0,0.0,0.0,60.0,59.9,74.7,0.0,273.0,273.0,274.0,0.0,0.0,0.0,601.0,1371452.0,41184.0,126500.0,1.0,0.979,0.748,0.921,0.007,0.009,0.01,0.012,0.016,0.012,0.013,0.0,0.0,0.0,0.0,0.0,0.0,0.0,43035.0,43690.0,43262.0,43110.0,43989.0,41748.0,37841.0,2.738,301.0,13.31,3.5,3.53,2.0,-1.0,13.68,0.021,0.218,3.0,2.0,0.0,0.0,18.4,18.09,17.43,17.83,17.73,21.84,17.6,18.25,18.16,30.67
2016-06-07 21:09:00-05:00,-11.999239,-5.3236203,503302.0,20.71,0.0,0.429,20.5,0.54,274.6,273.4,271.3,0.0,0.0,0.0,1.038,0.0,60.14,0.0,1380982.0,21.77,0.0,0.0,0.0,0.0,0.0,0.0,0.0,0.0,0.0,0.0,20.19,17.83,-0.038,0.0,0.0,0.0,60.0,59.9,74.7,0.0,273.0,273.0,274.0,0.0,0.0,0.0,601.0,1371452.0,41184.0,126500.0,1.0,0.979,0.748,0.921,0.007,0.008,0.01,0.011,0.015,0.013,0.014,0.0,0.0,0.0,0.0,0.0,0.0,0.0,43035.0,43690.0,43262.0,43110.0,43989.0,41748.0,37841.0,2.603,295.3,13.34,4.3,3.53,2.0,-1.0,13.68,0.021,0.218,3.0,2.0,0.0,0.0,18.23,17.93,17.28,17.67,17.59,21.61,17.47,18.06,18.04,30.65
2016-06-07 21:10:00-05:00,-12.236848,-5.547773,503303.0,20.69,0.0,0.433,20.48,0.54,274.8,273.4,271.3,0.0,0.0,0.0,1.034,0.0,60.14,0.0,1380982.0,21.77,0.0,0.0,0.0,0.0,0.0,0.0,0.0,0.0,0.0,0.0,20.08,17.76,-0.038,0.0,0.0,0.0,60.0,59.9,74.7,0.0,273.0,273.0,274.0,0.0,0.0,0.0,601.0,1371452.0,41184.0,126500.0,1.0,0.979,0.748,0.921,0.008,0.009,0.01,0.011,0.016,0.012,0.014,0.0,0.0,0.0,0.0,0.0,0.0,0.0,43035.0,43690.0,43262.0,43110.0,43989.0,41748.0,37841.0,2.597,299.9,11.57,4.4,3.53,2.0,-1.0,13.68,0.021,0.218,3.0,2.0,0.0,0.0,18.16,17.91,17.23,17.62,17.59,21.57,17.43,18.01,18.0,30.62
2016-06-07 21:11:00-05:00,-12.118043,-5.6598487,503304.0,20.66,0.0,0.438,20.45,0.54,274.7,273.6,271.5,0.0,0.0,0.0,1.018,0.0,60.13,0.0,1380982.0,21.78,0.0,0.0,0.0,0.0,0.0,0.0,0.0,0.0,0.0,0.0,20.08,17.81,-0.038,0.0,0.0,0.0,60.0,59.9,74.7,0.0,273.0,273.0,274.5,0.0,0.0,0.0,601.0,1371452.0,41184.0,126500.0,1.0,0.979,0.748,0.921,0.007,0.008,0.01,0.011,0.016,0.012,0.014,0.0,0.0,0.0,0.0,0.0,0.0,0.0,43035.0,43690.0,43262.0,43110.0,43989.0,41748.0,37841.0,2.302,291.9,12.58,3.3,3.53,2.0,-1.0,13.68,0.02,0.218,3.0,2.0,0.0,0.0,18.16,18.01,17.26,17.67,17.62,21.56,17.43,18.14,17.92,30.6
2016-06-07 21:12:00-05:00,-11.999239,-5.6598487,503305.0,20.63,0.0,0.437,20.48,0.54,274.5,273.6,271.5,0.0,0.0,0.0,1.024,0.0,60.14,0.0,1380982.0,21.78,0.0,0.0,0.0,0.0,0.0,0.0,0.0,0.0,0.0,0.0,20.14,17.67,-0.038,0.0,0.0,0.0,60.0,59.9,74.7,0.0,273.0,273.0,274.2,0.0,0.0,0.0,601.0,1371452.0,41184.0,126500.0,1.0,0.979,0.748,0.921,0.008,0.008,0.01,0.011,0.016,0.012,0.013,0.0,0.0,0.0,0.0,0.0,0.0,0.0,43035.0,43690.0,43262.0,43110.0,43989.0,41748.0,37841.0,1.642,285.6,16.53,2.7,3.53,2.0,-1.0,13.68,0.02,0.218,3.0,2.0,0.0,0.0,18.0,17.86,17.25,17.6,17.56,21.53,17.38,17.98,17.85,30.52
2016-06-07 21:13:00-05:00,-12.118043,-5.6598487,503306.0,20.6,0.0,0.438,20.41,0.54,274.1,272.9,270.9,0.0,0.0,0.0,1.06,0.0,60.14,0.0,1380982.0,21.78,0.0,0.0,0.0,0.0,0.0,0.0,0.0,0.0,0.0,0.0,20.09,17.52,-0.038,0.0,0.0,0.0,60.0,59.9,74.7,0.0,273.0,272.4,274.0,0.0,0.0,0.0,601.0,1371452.0,41184.0,126500.0,1.0,0.979,0.748,0.921,0.007,0.009,0.009,0.01,0.015,0.012,0.013,0.0,0.0,0.0,0.0,0.0,0.0,0.0,43035.0,43690.0,43262.0,43110.0,43989.0,41748.0,37841.0,1.965,286.8,11.5,2.8,3.53,2.0,-1.0,13.68,0.02,0.218,3.0,2.0,0.0,0.0,17.88,17.78,17.18,17.47,17.41,21.71,17.26,17.85,17.72,30.47
2016-06-07 21:14:00-05:00,-12.355653,-5.6598487,503307.0,20.58,0.0,0.441,20.35,0.54,273.9,272.7,270.7,0.0,0.0,0.0,1.122,0.0,60.15,0.0,1380982.0,21.75,0.0,0.0,0.0,0.0,0.0,0.0,0.0,0.0,0.0,0.0,20.03,17.4,-0.038,0.0,0.0,0.0,60.0,59.9,74.7,0.0,272.7,272.0,274.0,0.0,0.0,0.0,601.0,1371452.0,41184.0,126500.0,1.0,0.979,0.748,0.921,0.006,0.009,0.009,0.01,0.016,0.012,0.013,0.0,0.0,0.0,0.0,0.0,0.0,0.0,43035.0,43690.0,43262.0,43110.0,43989.0,41748.0,37841.0,2.53,283.1,9.48,3.2,3.53,2.0,-1.0,13.68,0.02,0.218,3.0,2.0,0.0,0.0,17.74,17.6,17.1,17.49,17.39,21.48,17.2,17.8,17.64,30.42
2016-06-07 21:15:00-05:00,-12.593261,-5.6598487,503308.0,20.54,0.0,0.44,20.38,0.54,274.0,272.8,270.8,0.0,0.0,0.0,1.153,0.0,60.13,0.0,1380982.0,21.76,0.0,0.0,0.0,0.0,0.0,0.0,0.0,0.0,0.0,0.0,20.05,17.45,-0.038,0.0,0.0,0.0,60.0,59.9,74.7,0.0,273.0,272.0,274.0,0.0,0.0,0.0,601.0,1371452.0,41184.0,126500.0,1.0,0.979,0.748,0.921,0.007,0.008,0.01,0.011,0.015,0.012,0.013,0.0,0.0,0.0,0.0,0.0,0.0,0.0,43035.0,43690.0,43262.0,43110.0,43989.0,41748.0,37841.0,1.333,282.8,26.4,2.6,3.53,2.0,-1.0,13.68,0.02,0.218,3.0,2.0,0.0,0.0,17.75,17.59,16.99,17.36,17.31,21.55,17.08,17.67,17.54,30.42
2016-06-07 21:16:00-05:00,-12.712065,-5.8840017,503309.0,20.52,0.0,0.439,20.46,0.54,274.2,273.0,271.0,0.0,0.0,0.0,1.072,0.0,60.22,0.0,1380982.0,21.78,0.0,0.0,0.0,0.0,0.0,0.0,0.0,0.0,0.0,0.0,20.04,17.48,-0.038,0.0,0.0,0.0,60.0,59.9,74.7,0.0,273.0,272.8,274.0,0.0,0.0,0.0,601.0,1371452.0,41184.0,126500.0,1.0,0.979,0.748,0.921,0.007,0.008,0.01,0.011,0.015,0.012,0.014,0.0,0.0,0.0,0.0,0.0,0.0,0.0,43035.0,43690.0,43262.0,43110.0,43989.0,41748.0,37841.0,1.852,303.6,19.11,2.7,3.53,2.0,-1.0,13.68,0.02,0.218,3.0,2.0,0.0,0.0,17.8,17.57,16.94,17.3,17.23,21.71,17.02,17.62,17.45,30.39
2016-06-07 21:17:00-05:00,-12.712065,-6.1081543,503310.0,20.48,0.0,0.439,20.41,0.54,274.3,273.1,271.1,0.0,0.0,0.0,1.075,0.0,60.22,0.0,1380982.0,21.77,0.0,0.0,0.0,0.0,0.0,0.0,0.0,0.0,0.0,0.0,19.97,17.38,-0.036,0.0,0.0,0.0,60.0,59.9,74.7,0.0,273.0,273.0,274.0,0.0,0.0,0.0,601.0,1371452.0,41184.0,126500.0,1.0,0.979,0.748,0.921,0.006,0.008,0.01,0.01,0.015,0.012,0.014,0.0,0.0,0.0,0.0,0.0,0.0,0.0,43035.0,43690.0,43262.0,43110.0,43989.0,41748.0,37841.0,1.948,280.9,17.78,3.6,3.531,2.0,-1.0,13.68,0.02,0.218,3.0,2.0,0.0,0.0,17.7,17.47,16.85,17.23,17.21,21.54,16.89,17.57,17.41,30.32
2016-06-07 21:18:00-05:00,-12.712065,-6.1081543,503311.0,20.46,0.0,0.442,20.29,0.54,274.3,273.1,271.0,0.0,0.0,0.0,1.139,0.0,60.13,0.0,1380982.0,21.78,0.0,0.0,0.0,0.0,0.0,0.0,0.0,0.0,0.0,0.0,19.85,17.22,-0.038,0.0,0.0,0.0,60.0,59.9,74.7,0.0,273.0,273.0,274.0,0.0,0.0,0.0,601.0,1371452.0,41184.0,126500.0,1.0,0.979,0.748,0.921,0.007,0.008,0.01,0.01,0.015,0.012,0.013,0.0,0.0,0.0,0.0,0.0,0.0,0.0,43035.0,43690.0,43262.0,43110.0,43989.0,41748.0,37841.0,2.452,279.8,16.22,4.3,3.53,2.0,-1.0,13.68,0.02,0.218,3.0,2.0,0.0,0.0,17.56,17.49,16.84,17.23,17.18,21.5,16.92,17.62,17.35,30.32
2016-06-07 21:19:00-05:00,-12.712065,-6.1081543,503312.0,20.43,0.0,0.445,20.24,0.54,274.3,273.2,271.0,0.0,0.0,0.0,1.217,0.0,60.22,0.0,1380982.0,21.77,0.0,0.0,0.0,0.0,0.0,0.0,0.0,0.0,0.0,0.0,19.83,17.11,-0.038,0.0,0.0,0.0,60.0,59.9,74.7,0.0,273.0,273.0,274.0,0.0,0.0,0.0,601.0,1371452.0,41184.0,126500.0,1.0,0.979,0.748,0.921,0.007,0.008,0.009,0.01,0.016,0.012,0.014,0.0,0.0,0.0,0.0,0.0,0.0,0.0,43035.0,43690.0,43262.0,43110.0,43989.0,41748.0,37841.0,1.772,291.0,16.34,2.5,3.53,2.0,-1.0,13.68,0.02,0.218,3.0,2.0,0.0,0.0,17.41,17.38,16.81,17.18,17.08,21.54,16.84,17.54,17.33,30.31
2016-06-07 21:20:00-05:00,-12.593261,-5.9960775,503313.0,20.4,0.0,0.447,20.2,0.54,274.3,273.3,271.2,0.0,0.0,0.0,1.18,0.0,60.2,0.0,1380982.0,21.77,0.0,0.0,0.0,0.0,0.0,0.0,0.0,0.0,0.0,0.0,19.81,17.08,-0.037,0.0,0.0,0.0,60.0,59.9,74.7,0.0,273.0,273.0,274.0,0.0,0.0,0.0,601.0,1371452.0,41184.0,126500.0,1.0,0.979,0.748,0.921,0.007,0.008,0.01,0.011,0.015,0.012,0.014,0.0,0.0,0.0,0.0,0.0,0.0,0.0,43035.0,43690.0,43262.0,43110.0,43989.0,41748.0,37841.0,1.497,286.4,14.22,3.0,3.53,2.0,-1.0,13.68,0.02,0.218,3.0,2.0,0.0,0.0,17.33,17.26,16.69,17.08,16.94,21.66,16.78,17.43,17.19,30.23
2016-06-07 21:21:00-05:00,-12.474457,-5.8840017,503314.0,20.37,0.0,0.448,20.22,0.558,274.3,273.4,271.1,0.0,0.0,0.0,1.18,0.0,60.22,0.0,1380982.0,21.78,0.0,0.0,0.0,0.0,0.0,0.0,0.0,0.0,0.0,0.0,19.85,17.26,-0.038,0.0,0.0,0.0,60.0,59.9,74.7,0.0,273.0,273.0,274.0,0.0,0.0,0.0,601.0,1371452.0,41184.0,126500.0,1.0,0.979,0.748,0.921,0.007,0.008,0.009,0.01,0.016,0.012,0.012,0.0,0.0,0.0,0.0,0.0,0.0,0.0,43035.0,43690.0,43262.0,43110.0,43989.0,41748.0,37841.0,2.29,285.4,12.2,3.1,3.53,2.0,-1.0,13.68,0.02,0.218,3.0,2.0,0.0,0.0,17.45,17.36,16.71,17.09,16.94,21.58,16.74,17.56,17.15,30.21
2016-06-07 21:22:00-05:00,-12.236848,-5.6598487,503315.0,20.34,0.0,0.45,20.19,0.54,274.4,273.3,271.0,0.0,0.0,0.0,1.151,0.0,60.21,0.0,1380982.0,21.78,0.0,0.0,0.0,0.0,0.0,0.0,0.0,0.0,0.0,0.0,19.85,17.15,-0.038,0.0,0.0,0.0,60.0,59.9,74.7,0.0,273.0,273.0,274.0,0.0,0.0,0.0,601.0,1371452.0,41184.0,126500.0,1.0,0.979,0.748,0.921,0.008,0.008,0.01,0.011,0.015,0.011,0.013,0.0,0.0,0.0,0.0,0.0,0.0,0.0,43035.0,43690.0,43262.0,43110.0,43989.0,41748.0,37841.0,2.01,287.9,16.58,3.2,3.531,2.0,-1.0,13.68,0.02,0.218,3.0,2.0,0.0,0.0,17.41,17.26,16.65,17.04,16.94,21.49,16.68,17.54,17.13,30.14
2016-06-07 21:23:00-05:00,-11.999239,-5.6598487,503316.0,20.31,0.0,0.451,20.14,0.54,274.2,273.3,271.1,0.0,0.0,0.0,1.267,0.0,60.14,0.0,1380982.0,21.78,0.0,0.0,0.0,0.0,0.0,0.0,0.0,0.0,0.0,0.0,19.76,17.13,-0.038,0.0,0.0,0.0,60.0,59.9,74.7,0.0,273.0,273.0,274.0,0.0,0.0,0.0,601.0,1371452.0,41184.0,126500.0,1.0,0.979,0.748,0.921,0.006,0.008,0.009,0.011,0.016,0.012,0.013,0.0,0.0,0.0,0.0,0.0,0.0,0.0,43035.0,43690.0,43262.0,43110.0,43989.0,41748.0,37841.0,2.61,311.0,8.21,3.4,3.53,2.0,-1.0,13.68,0.02,0.218,3.0,2.0,0.0,0.0,17.38,17.23,16.65,16.99,16.92,21.46,16.65,17.49,17.2,30.13
2016-06-07 21:24:00-05:00,-12.355653,-5.6598487,503317.0,20.28,0.0,0.452,20.11,0.54,274.5,273.2,271.0,0.0,0.0,0.0,1.355,0.0,60.18,0.0,1380982.0,21.76,0.0,0.0,0.0,0.0,0.0,0.0,0.0,0.0,0.0,0.0,19.62,16.93,-0.038,0.0,0.0,0.0,60.0,59.9,74.7,0.0,273.0,273.0,274.0,0.0,0.0,0.0,601.0,1371452.0,41184.0,126500.0,1.0,0.979,0.748,0.921,0.007,0.009,0.009,0.01,0.015,0.012,0.013,0.0,0.0,0.0,0.0,0.0,0.0,0.0,43035.0,43690.0,43262.0,43110.0,43989.0,41748.0,37841.0,1.998,288.8,20.07,3.7,3.53,2.0,-1.0,13.68,0.02,0.218,3.0,2.0,0.0,0.0,17.18,17.08,16.53,16.87,16.84,21.18,16.55,17.3,17.22,30.08
2016-06-07 21:25:00-05:00,-12.712065,-5.8840017,503318.0,20.25,0.0,0.454,20.1,0.54,274.3,273.1,271.1,0.0,0.0,0.0,1.321,0.0,60.19,0.0,1380982.0,21.78,0.0,0.0,0.0,0.0,0.0,0.0,0.0,0.0,0.0,0.0,19.62,16.92,-0.038,0.0,0.0,0.0,60.0,59.9,74.7,0.0,273.0,273.0,274.0,0.0,0.0,0.0,601.0,1371452.0,41184.0,126500.0,1.0,0.979,0.748,0.921,0.006,0.007,0.009,0.011,0.015,0.012,0.013,0.0,0.0,0.0,0.0,0.0,0.0,0.0,43035.0,43690.0,43262.0,43110.0,43989.0,41748.0,37841.0,1.882,304.5,10.07,3.2,3.531,2.0,-1.0,13.68,0.02,0.218,3.0,2.0,0.0,0.0,17.15,17.05,16.45,16.83,16.79,21.62,16.48,17.22,17.15,30.03
2016-06-07 21:26:00-05:00,-12.712065,-5.9960775,503319.0,20.22,0.0,0.459,20.09,0.54,273.7,272.8,270.7,0.0,0.0,0.0,1.271,0.0,60.18,0.0,1380982.0,21.76,0.0,0.0,0.0,0.0,0.0,0.0,0.0,0.0,0.0,0.0,19.65,16.97,-0.037,0.0,0.0,0.0,60.0,59.9,74.7,0.0,272.3,272.1,274.0,0.0,0.0,0.0,601.0,1371452.0,41184.0,126500.0,1.0,0.979,0.748,0.921,0.007,0.008,0.009,0.01,0.015,0.011,0.013,0.0,0.0,0.0,0.0,0.0,0.0,0.0,43035.0,43690.0,43262.0,43110.0,43989.0,41748.0,37841.0,2.015,286.7,14.04,2.7,3.531,2.0,-1.0,13.68,0.02,0.218,3.0,2.0,0.0,0.0,17.22,17.05,16.43,16.84,16.74,21.57,16.45,17.21,17.1,30.03
2016-06-07 21:27:00-05:00,-12.712065,-5.9960775,503320.0,20.19,0.0,0.463,20.05,0.54,273.8,272.8,270.7,0.0,0.0,0.0,1.279,0.0,60.19,0.0,1380982.0,21.78,0.0,0.0,0.0,0.0,0.0,0.0,0.0,0.0,0.0,0.0,19.69,16.81,-0.038,0.0,0.0,0.0,60.0,59.9,74.7,0.0,272.9,272.0,274.0,0.0,0.0,0.0,601.0,1371452.0,41184.0,126500.0,1.0,0.979,0.748,0.921,0.006,0.008,0.009,0.01,0.015,0.011,0.013,0.0,0.0,0.0,0.0,0.0,0.0,0.0,43035.0,43690.0,43262.0,43110.0,43989.0,41748.0,37841.0,1.653,306.4,14.81,3.2,3.53,2.0,-1.0,13.68,0.02,0.218,3.0,2.0,0.0,0.0,17.09,16.99,16.4,16.77,16.67,21.41,16.45,17.17,17.05,30.0
2016-06-07 21:28:00-05:00,-12.712065,-6.1081543,503321.0,20.16,0.0,0.463,20.06,0.54,273.9,273.0,270.8,0.0,0.0,0.0,1.303,0.0,60.14,0.0,1380982.0,21.77,0.0,0.0,0.0,0.0,0.0,0.0,0.0,0.0,0.0,0.0,19.67,16.73,-0.038,0.0,0.0,0.0,60.0,59.9,74.7,0.0,272.9,272.4,273.9,0.0,0.0,0.0,601.0,1371452.0,41184.0,126500.0,1.0,0.979,0.748,0.921,0.007,0.008,0.009,0.01,0.014,0.012,0.013,0.0,0.0,0.0,0.0,0.0,0.0,0.0,43035.0,43690.0,43262.0,43110.0,43989.0,41748.0,37841.0,1.292,309.3,12.57,2.1,3.53,2.0,-1.0,13.68,0.02,0.218,3.0,2.0,0.0,0.0,17.0,16.95,16.39,16.71,16.68,21.32,16.33,17.04,17.0,29.93
2016-06-07 21:29:00-05:00,-13.068479,-6.1081543,503322.0,20.13,0.0,0.464,19.99,0.54,273.7,272.7,270.5,0.0,0.0,0.0,1.379,0.0,60.16,0.0,1380982.0,21.78,0.0,0.0,0.0,0.0,0.0,0.0,0.0,0.0,0.0,0.0,19.65,16.63,-0.037,0.0,0.0,0.0,60.0,59.9,74.7,0.0,272.1,272.0,273.4,0.0,0.0,0.0,601.0,1371452.0,41184.0,126500.0,1.0,0.979,0.748,0.921,0.006,0.007,0.009,0.009,0.015,0.012,0.013,0.0,0.0,0.0,0.0,0.0,0.0,0.0,43035.0,43690.0,43262.0,43110.0,43989.0,41748.0,37841.0,1.19,302.0,14.95,2.0,3.531,2.0,-1.0,13.68,0.02,0.218,3.0,2.0,0.0,0.0,16.93,16.84,16.31,16.64,16.5,20.9,16.27,16.87,16.92,29.93
2016-06-07 21:30:00-05:00,-13.424891,-6.1081543,503323.0,20.1,0.0,0.467,19.98,0.54,273.9,272.6,270.5,0.0,0.0,0.0,1.361,0.0,60.23,0.0,1380982.0,21.78,0.0,0.0,0.0,0.0,0.0,0.0,0.0,0.0,0.0,0.0,19.6,16.57,-0.038,0.0,0.0,0.0,60.0,59.9,74.7,0.0,272.5,272.0,273.8,0.0,0.0,0.0,601.0,1371452.0,41184.0,126500.0,1.0,0.979,0.748,0.921,0.007,0.007,0.01,0.01,0.014,0.011,0.013,0.0,0.0,0.0,0.0,0.0,0.0,0.0,43035.0,43690.0,43262.0,43110.0,43989.0,41748.0,37841.0,1.712,300.7,14.72,2.6,3.53,2.0,-1.0,13.68,0.02,0.218,3.0,2.0,0.0,0.0,16.89,16.84,16.18,16.51,16.45,20.41,16.14,16.82,16.86,29.95
2016-06-07 21:31:00-05:00,-13.543695,-6.1081543,503324.0,20.06,0.0,0.47,19.98,0.54,273.8,272.8,270.7,0.0,0.0,0.0,1.449,0.0,60.22,0.0,1380982.0,21.78,0.0,0.0,0.0,0.0,0.0,0.0,0.0,0.0,0.0,0.0,19.61,16.55,-0.038,0.0,0.0,0.0,60.0,59.9,74.7,0.0,272.9,272.0,274.0,0.0,0.0,0.0,601.0,1371452.0,41184.0,126500.0,1.0,0.979,0.748,0.921,0.005,0.008,0.009,0.011,0.014,0.011,0.013,0.0,0.0,0.0,0.0,0.0,0.0,0.0,43035.0,43690.0,43262.0,43110.0,43989.0,41748.0,37841.0,1.363,283.6,32.0,2.4,3.531,2.0,-1.0,13.68,0.019,0.218,3.0,2.0,0.0,0.0,16.9,16.76,16.11,16.45,16.47,20.75,16.09,16.78,16.76,29.83
2016-06-07 21:32:00-05:00,-13.543695,-6.1081543,503325.0,20.04,0.0,0.469,19.95,0.54,273.8,272.8,270.8,0.0,0.0,0.0,1.358,0.0,60.2,0.0,1380982.0,21.78,0.0,0.0,0.0,0.0,0.0,0.0,0.0,0.0,0.0,0.0,19.62,16.58,-0.038,0.0,0.0,0.0,60.0,59.9,74.7,0.0,273.0,272.0,274.0,0.0,0.0,0.0,601.0,1371452.0,41184.0,126500.0,1.0,0.979,0.748,0.921,0.006,0.008,0.009,0.01,0.014,0.011,0.012,0.0,0.0,0.0,0.0,0.0,0.0,0.0,43035.0,43690.0,43262.0,43110.0,43989.0,41748.0,37841.0,1.3,267.0,21.71,2.2,3.531,2.0,-1.0,13.68,0.019,0.218,3.0,2.0,0.0,0.0,16.91,16.76,16.08,16.45,16.37,20.79,16.06,16.83,16.68,29.85
2016-06-07 21:33:00-05:00,-12.949674,-6.1081543,503326.0,20.01,0.0,0.469,20.0,0.54,274.3,272.8,270.7,0.0,0.0,0.0,1.379,0.0,60.17,0.0,1380982.0,21.78,0.0,0.0,0.0,0.0,0.0,0.0,0.0,0.0,0.0,0.0,19.65,16.57,-0.038,0.0,0.0,0.0,60.0,59.9,74.7,0.0,273.0,272.2,274.0,0.0,0.0,0.0,601.0,1371452.0,41184.0,126500.0,1.0,0.979,0.748,0.921,0.006,0.008,0.009,0.01,0.014,0.012,0.013,0.0,0.0,0.0,0.0,0.0,0.0,0.0,43035.0,43690.0,43262.0,43110.0,43989.0,41748.0,37841.0,1.608,283.0,10.66,2.2,3.53,2.0,-1.0,13.68,0.019,0.218,3.0,2.0,0.0,0.0,16.88,16.74,16.09,16.47,16.42,20.69,16.06,16.78,16.61,29.87
2016-06-07 21:34:00-05:00,-12.712065,-6.1081543,503327.0,19.98,0.0,0.471,20.01,0.54,274.4,273.0,270.9,0.0,0.0,0.0,1.357,0.0,60.22,0.0,1380982.0,21.78,0.0,0.0,0.0,0.0,0.0,0.0,0.0,0.0,0.0,0.0,19.56,16.45,-0.038,0.0,0.0,0.0,60.0,59.9,74.7,0.0,273.0,273.0,274.0,0.0,0.0,0.0,601.0,1371452.0,41184.0,126500.0,1.0,0.979,0.748,0.921,0.006,0.007,0.009,0.01,0.014,0.011,0.013,0.0,0.0,0.0,0.0,0.0,0.0,0.0,43035.0,43690.0,43262.0,43110.0,43989.0,41748.0,37841.0,1.79,289.4,10.75,2.4,3.531,2.0,-1.0,13.68,0.019,0.218,3.0,2.0,0.0,0.0,16.78,16.78,16.08,16.47,16.35,20.9,16.06,16.76,16.57,29.84
2016-06-07 21:35:00-05:00,-12.712065,-6.1081543,503328.0,19.94,0.0,0.468,20.04,0.54,274.3,273.2,271.0,0.0,0.0,0.0,1.442,0.0,60.18,0.0,1380982.0,21.78,0.0,0.0,0.0,0.0,0.0,0.0,0.0,0.0,0.0,0.0,19.6,16.48,-0.037,0.0,0.0,0.0,60.0,59.9,74.7,0.0,273.0,273.0,274.0,0.0,0.0,0.0,601.0,1371452.0,41184.0,126500.0,1.0,0.979,0.748,0.921,0.006,0.007,0.009,0.01,0.014,0.011,0.013,0.0,0.0,0.0,0.0,0.0,0.0,0.0,43035.0,43690.0,43262.0,43110.0,43989.0,41748.0,37841.0,1.228,283.1,25.89,2.7,3.53,2.0,-1.0,13.68,0.019,0.218,3.0,2.0,0.0,0.0,16.75,16.63,15.99,16.35,16.29,20.46,15.99,16.7,16.53,29.84
2016-06-07 21:36:00-05:00,-12.712065,-6.1081543,503329.0,19.92,0.0,0.467,20.02,0.54,274.4,273.5,271.3,0.0,0.0,0.0,1.418,0.0,60.21,0.0,1380982.0,21.78,0.0,0.0,0.0,0.0,0.0,0.0,0.0,0.0,0.0,0.0,19.57,16.47,-0.038,0.0,0.0,0.0,60.0,59.9,74.7,0.0,273.0,273.0,274.0,0.0,0.0,0.0,601.0,1371452.0,41184.0,126500.0,1.0,0.979,0.748,0.921,0.006,0.008,0.009,0.01,0.014,0.01,0.012,0.0,0.0,0.0,0.0,0.0,0.0,0.0,43035.0,43690.0,43262.0,43110.0,43989.0,41748.0,37841.0,2.062,287.9,8.94,2.8,3.531,2.0,-1.0,13.68,0.019,0.218,3.0,2.0,0.0,0.0,16.8,16.61,16.04,16.37,16.29,20.46,15.99,16.77,16.44,29.76
2016-06-07 21:37:00-05:00,-12.712065,-5.9960775,503330.0,19.89,0.0,0.466,19.88,0.54,274.6,273.5,271.3,0.0,0.0,0.0,1.382,0.0,60.23,0.0,1380982.0,21.78,0.0,0.0,0.0,0.0,0.0,0.0,0.0,0.0,0.0,0.0,19.43,16.47,-0.038,0.0,0.0,0.0,60.0,59.9,74.7,0.0,273.0,273.0,274.0,0.0,0.0,0.0,601.0,1371452.0,41184.0,126500.0,1.0,0.979,0.748,0.921,0.006,0.007,0.01,0.01,0.015,0.011,0.013,0.0,0.0,0.0,0.0,0.0,0.0,0.0,43035.0,43690.0,43262.0,43110.0,43989.0,41748.0,37841.0,3.167,301.1,11.1,4.3,3.531,2.0,-1.0,13.68,0.019,0.218,3.0,2.0,0.0,0.0,16.8,16.55,16.02,16.34,16.34,20.43,16.01,16.73,16.54,29.75
2016-06-07 21:38:00-05:00,-12.474457,-5.771925,503331.0,19.86,0.0,0.465,19.91,0.591,274.7,273.5,271.3,0.0,0.0,0.0,1.369,0.0,60.23,0.0,1380982.0,21.77,0.0,0.0,0.0,0.0,0.0,0.0,0.0,0.0,0.0,0.0,19.59,16.78,-0.038,0.0,0.0,0.0,60.0,59.9,74.7,0.0,273.0,273.0,274.0,0.0,0.0,0.0,601.0,1371452.0,41184.0,126500.0,1.0,0.979,0.748,0.921,0.006,0.008,0.008,0.009,0.014,0.011,0.012,0.0,0.0,0.0,0.0,0.0,0.0,0.0,43035.0,43690.0,43262.0,43110.0,43989.0,41748.0,37841.0,1.862,297.6,21.1,2.7,3.53,2.0,-1.0,13.68,0.019,0.218,3.0,2.0,0.0,0.0,16.98,16.7,16.0,16.38,16.3,20.46,16.06,16.74,16.65,29.75
2016-06-07 21:39:00-05:00,-12.355653,-5.6598487,503332.0,19.84,0.0,0.463,19.92,0.555,274.5,273.6,271.4,0.0,0.0,0.0,1.321,0.0,60.21,0.0,1380982.0,21.77,0.0,0.0,0.0,0.0,0.0,0.0,0.0,0.0,0.0,0.0,19.55,16.7,-0.038,0.0,0.0,0.0,60.0,59.9,74.7,0.0,273.0,273.0,274.0,0.0,0.0,0.0,601.0,1371452.0,41184.0,126500.0,1.0,0.979,0.748,0.921,0.006,0.007,0.009,0.009,0.014,0.011,0.013,0.0,0.0,0.0,0.0,0.0,0.0,0.0,43035.0,43690.0,43262.0,43110.0,43989.0,41748.0,37841.0,1.497,274.0,23.85,2.7,3.531,2.0,-1.0,13.68,0.019,0.218,3.0,2.0,0.0,0.0,16.96,16.68,16.0,16.39,16.25,20.36,16.05,16.71,16.57,29.73
2016-06-07 21:40:00-05:00,-12.236848,-5.6598487,503333.0,19.81,0.0,0.463,19.97,0.54,274.5,273.5,271.4,0.0,0.0,0.0,1.345,0.0,60.16,0.0,1380982.0,21.77,0.0,0.0,0.0,0.0,0.0,0.0,0.0,0.0,0.0,0.0,19.54,16.81,-0.038,0.0,0.0,0.0,60.0,59.9,74.7,0.0,273.0,273.0,274.0,0.0,0.0,0.0,601.0,1371452.0,41184.0,126500.0,1.0,0.979,0.748,0.921,0.006,0.007,0.008,0.009,0.014,0.01,0.012,0.0,0.0,0.0,0.0,0.0,0.0,0.0,43035.0,43690.0,43262.0,43110.0,43989.0,41748.0,37841.0,2.655,285.0,17.81,4.6,3.531,2.0,-1.0,13.68,0.019,0.218,3.0,2.0,0.0,0.0,17.08,16.74,16.1,16.49,16.39,20.54,16.03,16.85,16.57,29.65
2016-06-07 21:41:00-05:00,-11.999239,-5.4356966,503334.0,19.78,0.0,0.463,19.98,0.54,274.6,273.6,271.4,0.0,0.0,0.0,1.429,0.0,60.19,0.0,1380982.0,21.77,0.0,0.0,0.0,0.0,0.0,0.0,0.0,0.0,0.0,0.0,19.59,16.8,-0.037,0.0,0.0,0.0,60.0,59.9,74.7,0.0,273.0,273.0,274.0,0.0,0.0,0.0,601.0,1371452.0,41184.0,126500.0,1.0,0.979,0.748,0.921,0.006,0.007,0.009,0.01,0.014,0.011,0.012,0.0,0.0,0.0,0.0,0.0,0.0,0.0,43035.0,43690.0,43262.0,43110.0,43989.0,41748.0,37841.0,2.188,299.2,14.82,2.8,3.53,2.0,-1.0,13.68,0.019,0.218,3.0,2.0,0.0,0.0,17.06,16.79,16.18,16.52,16.41,20.59,16.09,16.89,16.57,29.65
2016-06-07 21:42:00-05:00,-11.999239,-5.3236203,503335.0,19.75,0.0,0.466,19.96,0.54,274.7,273.6,271.3,0.0,0.0,0.0,1.483,0.0,60.18,0.0,1380982.0,21.78,0.0,0.0,0.0,0.0,0.0,0.0,0.0,0.0,0.0,0.0,19.55,16.71,-0.038,0.0,0.0,0.0,60.0,59.9,74.7,0.0,273.0,273.0,274.0,0.0,0.0,0.0,601.0,1371452.0,41184.0,126500.0,1.0,0.979,0.748,0.921,0.005,0.006,0.009,0.01,0.014,0.01,0.011,0.0,0.0,0.0,0.0,0.0,0.0,0.0,43035.0,43690.0,43262.0,43110.0,43989.0,41748.0,37841.0,2.35,294.0,26.29,4.0,3.53,2.0,-1.0,13.68,0.019,0.218,3.0,2.0,0.0,0.0,17.03,16.7,16.16,16.44,16.31,20.46,16.04,16.84,16.58,29.57
2016-06-07 21:43:00-05:00,-11.999239,-5.3236203,503336.0,19.73,0.0,0.465,19.9,0.571,274.7,273.6,271.4,0.0,0.0,0.0,1.536,0.0,60.14,0.0,1380982.0,21.79,0.0,0.0,0.0,0.0,0.0,0.0,0.0,0.0,0.0,0.0,19.5,16.74,-0.037,0.0,0.0,0.0,60.0,59.9,74.7,0.0,273.0,273.0,274.0,0.0,0.0,0.0,601.0,1371452.0,41184.0,126500.0,1.0,0.979,0.748,0.921,0.005,0.007,0.009,0.01,0.014,0.01,0.012,0.0,0.0,0.0,0.0,0.0,0.0,0.0,43035.0,43690.0,43262.0,43110.0,43989.0,41748.0,37841.0,2.15,289.8,31.68,4.3,3.531,2.0,-1.0,13.68,0.019,0.218,3.0,2.0,0.0,0.0,17.1,16.68,16.16,16.46,16.44,20.48,16.11,16.91,16.68,29.55
2016-06-07 21:44:00-05:00,-11.76163,-5.3236203,503337.0,19.7,0.0,0.464,19.9,0.626,274.9,273.8,271.5,0.0,0.0,0.0,1.517,0.0,60.17,0.0,1380982.0,21.78,0.0,0.0,0.0,0.0,0.0,0.0,0.0,0.0,0.0,0.0,19.57,16.97,-0.038,0.0,0.0,0.0,60.0,59.9,74.7,0.0,273.7,273.0,274.6,0.0,0.0,0.0,601.0,1371452.0,41184.0,126500.0,1.0,0.979,0.748,0.921,0.006,0.008,0.009,0.01,0.014,0.011,0.012,0.0,0.0,0.0,0.0,0.0,0.0,0.0,43035.0,43690.0,43262.0,43110.0,43989.0,41748.0,37841.0,3.213,286.8,11.72,4.6,3.531,2.0,-1.0,13.68,0.019,0.218,3.0,2.0,0.0,0.0,17.18,16.94,16.23,16.62,16.55,20.66,16.19,17.09,16.66,29.53
2016-06-07 21:45:00-05:00,-11.167608,-5.3236203,503338.0,19.68,0.0,0.463,19.94,0.54,274.9,274.0,271.7,0.0,0.0,0.0,1.38,0.0,60.22,0.0,1380982.0,21.77,0.0,0.0,0.0,0.0,0.0,0.0,0.0,0.0,0.0,0.0,19.58,17.04,-0.038,0.0,0.0,0.0,60.0,59.9,74.7,0.0,274.0,273.1,275.0,0.0,0.0,0.0,601.0,1371452.0,41184.0,126500.0,1.0,0.979,0.748,0.921,0.006,0.007,0.008,0.009,0.014,0.011,0.012,0.0,0.0,0.0,0.0,0.0,0.0,0.0,43035.0,43690.0,43262.0,43110.0,43989.0,41748.0,37841.0,3.093,311.9,15.47,4.1,3.531,2.0,-1.0,13.68,0.019,0.218,3.0,2.0,0.0,0.0,17.31,16.97,16.36,16.7,16.57,20.74,16.34,17.17,16.77,29.45
2016-06-07 21:46:00-05:00,-11.167608,-5.3236203,503339.0,19.66,0.0,0.462,19.94,0.54,275.1,274.0,271.7,0.0,0.0,0.0,1.301,0.0,60.22,0.0,1380982.0,21.77,0.0,0.0,0.0,0.0,0.0,0.0,0.0,0.0,0.0,0.0,19.54,17.12,-0.037,0.0,0.0,0.0,60.0,59.9,74.7,0.0,274.0,274.0,275.0,0.0,0.0,0.0,601.0,1371452.0,41184.0,126500.0,1.0,0.979,0.748,0.921,0.005,0.008,0.008,0.01,0.014,0.011,0.012,0.0,0.0,0.0,0.0,0.0,0.0,0.0,43035.0,43690.0,43262.0,43110.0,43989.0,41748.0,37841.0,2.208,307.8,13.17,3.4,3.531,2.0,-1.0,13.68,0.019,0.218,3.0,2.0,0.0,0.0,17.45,17.01,16.36,16.75,16.65,20.77,16.34,17.22,16.93,29.45
2016-06-07 21:47:00-05:00,-11.167608,-5.3236203,503340.0,19.63,0.0,0.466,19.95,0.54,275.2,274.0,271.7,0.0,0.0,0.0,1.384,0.0,60.13,0.0,1380982.0,21.78,0.0,0.0,0.0,0.0,0.0,0.0,0.0,0.0,0.0,0.0,19.57,17.18,-0.038,0.0,0.0,0.0,60.0,59.9,74.7,0.0,274.0,274.0,275.0,0.0,0.0,0.0,601.0,1371452.0,41184.0,126500.0,1.0,0.979,0.748,0.921,0.006,0.007,0.008,0.009,0.015,0.01,0.012,0.0,0.0,0.0,0.0,0.0,0.0,0.0,43035.0,43690.0,43262.0,43110.0,43989.0,41748.0,37841.0,2.87,313.3,14.97,3.6,3.53,2.0,-1.0,13.68,0.028,0.218,3.0,2.0,0.0,0.0,17.52,17.11,16.46,16.77,16.71,20.83,16.47,17.32,16.96,29.37
2016-06-07 21:48:00-05:00,-11.167608,-5.3236203,503341.0,19.61,0.0,0.465,19.89,0.54,274.9,273.6,271.3,0.0,0.0,0.0,1.405,0.0,60.16,0.0,1380982.0,21.77,0.0,0.0,0.0,0.0,0.0,0.0,0.0,0.0,0.0,0.0,19.5,17.1,-0.038,0.0,0.0,0.0,60.0,59.9,74.7,0.0,273.2,273.1,274.2,0.0,0.0,0.0,601.0,1371452.0,41184.0,126500.0,1.0,0.979,0.748,0.921,0.005,0.007,0.008,0.01,0.014,0.011,0.012,0.0,0.0,0.0,0.0,0.0,0.0,0.0,43035.0,43690.0,43262.0,43110.0,43989.0,41748.0,37841.0,2.612,297.2,14.26,3.5,3.531,2.0,-1.0,13.72,0.022,0.217,3.0,2.0,0.0,0.0,17.47,17.06,16.46,16.8,16.7,20.76,16.54,17.28,16.96,29.35
2016-06-07 21:49:00-05:00,-11.167608,-5.3236203,503342.0,19.59,0.0,0.466,19.8,0.54,274.9,273.6,271.4,0.0,0.0,0.0,1.378,0.0,60.23,0.0,1380982.0,21.78,0.0,0.0,0.0,0.0,0.0,0.0,0.0,0.0,0.0,0.0,19.48,17.11,-0.037,0.0,0.0,0.0,60.0,59.9,74.7,0.0,273.4,273.0,274.3,0.0,0.0,0.0,601.0,1371452.0,41184.0,126500.0,1.0,0.979,0.748,0.921,0.006,0.007,0.008,0.009,0.014,0.011,0.013,0.0,0.0,0.0,0.0,0.0,0.0,0.0,43035.0,43690.0,43262.0,43110.0,43989.0,41748.0,37841.0,2.173,301.4,13.0,3.1,3.531,2.0,-1.0,13.72,0.022,0.217,3.0,2.0,0.0,0.0,17.47,17.12,16.46,16.83,16.65,20.78,16.52,17.27,16.96,29.35
2016-06-07 21:50:00-05:00,-11.167608,-5.3236203,503343.0,19.57,0.0,0.469,19.81,0.54,274.7,273.9,271.6,0.0,0.0,0.0,1.395,0.0,60.21,0.0,1380982.0,21.77,0.0,0.0,0.0,0.0,0.0,0.0,0.0,0.0,0.0,0.0,19.5,17.15,-0.038,0.0,0.0,0.0,60.0,59.9,74.7,0.0,274.0,273.0,275.0,0.0,0.0,0.0,601.0,1371452.0,41184.0,126500.0,1.0,0.979,0.748,0.921,0.005,0.007,0.008,0.009,0.014,0.01,0.013,0.0,0.0,0.0,0.0,0.0,0.0,0.0,43035.0,43690.0,43262.0,43110.0,43989.0,41748.0,37841.0,3.502,300.4,9.65,5.0,3.531,2.0,-1.0,13.72,0.022,0.217,3.0,2.0,0.0,0.0,17.48,17.14,16.46,16.75,16.7,20.75,16.46,17.28,17.02,29.31
2016-06-07 21:51:00-05:00,-11.167608,-5.3236203,503344.0,19.54,0.0,0.467,19.8,0.54,274.8,273.9,271.6,0.0,0.0,0.0,1.474,0.0,60.14,0.0,1380982.0,21.78,0.0,0.0,0.0,0.0,0.0,0.0,0.0,0.0,0.0,0.0,19.48,17.01,-0.037,0.0,0.0,0.0,60.0,59.9,74.7,0.0,273.7,273.0,274.7,0.0,0.0,0.0,601.0,1371452.0,41184.0,126500.0,1.0,0.979,0.748,0.921,0.005,0.007,0.008,0.01,0.015,0.01,0.012,0.0,0.0,0.0,0.0,0.0,0.0,0.0,43035.0,43690.0,43262.0,43110.0,43989.0,41748.0,37841.0,2.18,303.7,11.85,2.9,3.531,2.0,-1.0,13.72,0.021,0.217,3.0,2.0,0.0,0.0,17.37,17.09,16.46,16.81,16.7,20.79,16.55,17.3,17.05,29.26
2016-06-07 21:52:00-05:00,-11.524022,-5.3236203,503345.0,19.52,0.0,0.465,19.82,0.54,274.7,273.4,271.2,0.0,0.0,0.0,1.483,0.0,60.19,0.0,1380982.0,21.79,0.0,0.0,0.0,0.0,0.0,0.0,0.0,0.0,0.0,0.0,19.44,17.04,-0.038,0.0,0.0,0.0,60.0,59.9,74.7,0.0,273.0,273.0,274.0,0.0,0.0,0.0,601.0,1371452.0,41184.0,126500.0,1.0,0.979,0.748,0.921,0.005,0.006,0.008,0.01,0.014,0.011,0.011,0.0,0.0,0.0,0.0,0.0,0.0,0.0,43035.0,43690.0,43262.0,43110.0,43989.0,41748.0,37841.0,2.72,307.6,10.37,3.6,3.53,2.0,-1.0,13.72,0.021,0.217,3.0,2.0,0.0,0.0,17.35,16.98,16.42,16.75,16.65,20.82,16.54,17.25,17.07,29.26
2016-06-07 21:53:00-05:00,-11.405217,-5.3236203,503346.0,19.5,0.0,0.466,19.85,0.54,274.5,273.6,271.4,0.0,0.0,0.0,1.365,0.0,60.21,0.0,1380982.0,21.78,0.0,0.0,0.0,0.0,0.0,0.0,0.0,0.0,0.0,0.0,19.47,17.14,-0.038,0.0,0.0,0.0,60.0,59.9,74.7,0.0,273.1,273.0,274.0,0.0,0.0,0.0,601.0,1371452.0,41184.0,126500.0,1.0,0.979,0.748,0.921,0.006,0.006,0.008,0.009,0.014,0.011,0.013,0.0,0.0,0.0,0.0,0.0,0.0,0.0,43035.0,43690.0,43262.0,43110.0,43989.0,41748.0,37841.0,3.383,323.6,16.39,4.7,3.53,2.0,-1.0,13.72,0.021,0.217,3.0,2.0,0.0,0.0,17.45,17.16,16.47,16.86,16.78,20.87,16.57,17.35,17.24,29.16
2016-06-07 21:54:00-05:00,-11.167608,-5.3236203,503347.0,19.48,0.0,0.468,19.85,0.54,274.9,273.6,271.4,0.0,0.0,0.0,1.392,0.0,60.21,0.0,1380982.0,21.78,0.0,0.0,0.0,0.0,0.0,0.0,0.0,0.0,0.0,0.0,19.5,17.21,-0.038,0.0,0.0,0.0,60.0,59.9,74.7,0.0,273.8,273.0,274.2,0.0,0.0,0.0,601.0,1371452.0,41184.0,126500.0,1.0,0.979,0.748,0.921,0.005,0.006,0.008,0.009,0.015,0.01,0.011,0.0,0.0,0.0,0.0,0.0,0.0,0.0,43035.0,43690.0,43262.0,43110.0,43989.0,41748.0,37841.0,2.225,291.7,18.34,3.9,3.531,2.0,-1.0,13.72,0.021,0.217,3.0,2.0,0.0,0.0,17.52,17.24,16.55,16.94,16.91,21.01,16.68,17.48,17.25,29.14
2016-06-07 21:55:00-05:00,-11.167608,-5.3236203,503348.0,19.46,0.0,0.471,19.83,0.54,274.9,273.9,271.6,0.0,0.0,0.0,1.428,0.0,60.21,0.0,1380982.0,21.78,0.0,0.0,0.0,0.0,0.0,0.0,0.0,0.0,0.0,0.0,19.51,17.2,-0.037,0.0,0.0,0.0,60.0,59.9,74.7,0.0,274.0,273.0,274.9,0.0,0.0,0.0,601.0,1371452.0,41184.0,126500.0,1.0,0.979,0.748,0.921,0.006,0.007,0.009,0.009,0.013,0.01,0.012,0.0,0.0,0.0,0.0,0.0,0.0,0.0,43035.0,43690.0,43262.0,43110.0,43989.0,41748.0,37841.0,2.317,303.8,9.75,3.3,3.53,2.0,-1.0,13.72,0.021,0.217,3.0,2.0,0.0,0.0,17.52,17.2,16.55,16.94,16.85,20.94,16.68,17.46,17.21,29.12
2016-06-07 21:56:00-05:00,-11.167608,-5.3236203,503349.0,19.41,0.0,0.473,19.91,0.54,275.0,274.0,271.7,0.0,0.0,0.0,1.451,0.0,60.22,0.0,1380982.0,21.78,0.0,0.0,0.0,0.0,0.0,0.0,0.0,0.0,0.0,0.0,19.49,17.16,-0.038,0.0,0.0,0.0,60.0,59.9,74.7,0.0,274.0,273.0,275.0,0.0,0.0,0.0,601.0,1371452.0,41184.0,126500.0,1.0,0.979,0.748,0.921,0.005,0.007,0.007,0.009,0.014,0.01,0.011,0.0,0.0,0.0,0.0,0.0,0.0,0.0,43035.0,43690.0,43262.0,43110.0,43989.0,41748.0,37841.0,2.262,297.6,21.82,3.5,3.53,2.0,-1.0,13.72,0.02,0.217,3.0,2.0,0.0,0.0,17.52,17.09,16.47,16.85,16.77,20.81,16.57,17.33,17.15,29.06
2016-06-07 21:57:00-05:00,-11.167608,-5.3236203,503350.0,19.4,0.0,0.474,19.94,0.54,275.1,274.0,271.8,0.0,0.0,0.0,1.352,0.0,60.22,0.0,1380982.0,21.78,0.0,0.0,0.0,0.0,0.0,0.0,0.0,0.0,0.0,0.0,19.51,17.24,-0.038,0.0,0.0,0.0,60.0,59.9,74.7,0.0,274.0,273.4,275.0,0.0,0.0,0.0,601.0,1371452.0,41184.0,126500.0,1.0,0.979,0.748,0.921,0.006,0.006,0.008,0.009,0.014,0.01,0.012,0.0,0.0,0.0,0.0,0.0,0.0,0.0,43035.0,43690.0,43262.0,43110.0,43989.0,41748.0,37841.0,3.473,311.6,10.02,5.6,3.53,2.0,-1.0,13.72,0.02,0.217,3.0,2.0,0.0,0.0,17.52,17.14,16.49,16.83,16.77,20.85,16.59,17.37,17.23,29.03
2016-06-07 21:58:00-05:00,-11.167608,-5.3236203,503351.0,19.4,0.0,0.476,20.03,0.54,275.1,274.0,271.8,0.0,0.0,0.0,1.372,0.0,60.2,0.0,1380982.0,21.78,0.0,0.0,0.0,0.0,0.0,0.0,0.0,0.0,0.0,0.0,19.56,17.38,-0.037,0.0,0.0,0.0,60.0,59.9,74.7,0.0,274.0,273.6,275.0,0.0,0.0,0.0,601.0,1371452.0,41184.0,126500.0,1.0,0.979,0.748,0.921,0.006,0.007,0.008,0.009,0.014,0.01,0.011,0.0,0.0,0.0,0.0,0.0,0.0,0.0,43035.0,43690.0,43262.0,43110.0,43989.0,41748.0,37841.0,2.603,312.9,19.45,4.2,3.53,2.0,-1.0,13.72,0.02,0.217,3.0,2.0,0.0,0.0,17.68,17.2,16.52,16.86,16.77,20.89,16.6,17.37,17.25,28.96
2016-06-07 21:59:00-05:00,-11.405217,-5.3236203,503352.0,19.38,0.0,0.482,19.94,0.54,275.5,274.2,271.9,0.0,0.0,0.0,1.478,0.0,60.15,0.0,1380982.0,21.77,0.0,0.0,0.0,0.0,0.0,0.0,0.0,0.0,0.0,0.0,19.54,17.12,-0.037,0.0,0.0,0.0,60.0,59.9,74.7,0.0,274.0,274.0,275.0,0.0,0.0,0.0,601.0,1371452.0,41184.0,126500.0,1.0,0.979,0.748,0.921,0.005,0.007,0.009,0.009,0.014,0.01,0.011,0.0,0.0,0.0,0.0,0.0,0.0,0.0,43035.0,43690.0,43262.0,43110.0,43989.0,41748.0,37841.0,1.737,310.7,16.92,2.3,3.53,2.0,-1.0,13.72,0.02,0.217,3.0,2.0,0.0,0.0,17.47,17.04,16.44,16.75,16.67,20.76,16.49,17.22,17.24,28.96
2016-06-07 22:00:00-05:00,-11.999239,-5.3236203,503353.0,19.36,0.0,0.486,19.85,0.54,275.4,274.4,272.1,0.0,0.0,0.0,1.443,0.0,60.21,0.0,1380982.0,21.78,0.0,0.0,0.0,0.0,0.0,0.0,0.0,0.0,0.0,0.0,19.42,17.02,-0.038,0.0,0.0,0.0,60.0,59.9,74.7,0.0,274.0,274.0,275.0,0.0,0.0,0.0,601.0,1371452.0,41184.0,126500.0,1.0,0.979,0.748,0.921,0.006,0.006,0.008,0.009,0.014,0.01,0.012,0.0,0.0,0.0,0.0,0.0,0.0,0.0,43035.0,43690.0,43262.0,43110.0,43989.0,41748.0,37841.0,1.298,314.1,17.07,1.9,3.53,2.0,-1.0,13.72,0.02,0.217,3.0,2.0,0.0,0.0,17.37,16.94,16.31,16.62,16.59,20.65,16.37,17.11,17.12,28.9
2016-06-07 22:01:00-05:00,-11.999239,-5.3236203,503354.0,19.34,0.0,0.489,19.78,0.54,275.9,274.6,272.3,0.0,0.0,0.0,1.468,0.0,60.22,0.0,1380982.0,21.78,0.0,0.0,0.0,0.0,0.0,0.0,0.0,0.0,0.0,0.0,19.45,17.16,-0.037,0.0,0.0,0.0,60.04,59.9,74.7,0.0,274.2,274.0,275.0,0.0,0.0,0.0,601.0,1371452.0,41184.0,126500.0,1.0,0.979,0.748,0.921,0.006,0.007,0.008,0.009,0.014,0.01,0.012,0.0,0.0,0.0,0.0,0.0,0.0,0.0,43035.0,43690.0,43262.0,43110.0,43989.0,41748.0,37841.0,1.882,319.0,10.65,2.7,3.528,2.0,-1.0,13.72,0.02,0.217,3.0,2.0,0.0,0.0,17.48,16.96,16.31,16.64,16.59,20.73,16.36,17.06,17.01,28.87
2016-06-07 22:02:00-05:00,-11.999239,-5.3236203,503355.0,19.32,0.0,0.492,19.67,0.54,275.7,274.6,272.2,0.0,0.0,0.0,1.463,0.0,60.18,0.0,1380982.0,21.78,0.0,0.0,0.0,0.0,0.0,0.0,0.0,0.0,0.0,0.0,19.38,17.03,-0.038,0.0,0.0,0.0,60.0,59.9,74.7,0.0,274.1,274.0,275.0,0.0,0.0,0.0,601.0,1371452.0,41184.0,126500.0,1.0,0.979,0.748,0.921,0.005,0.006,0.009,0.009,0.014,0.01,0.012,0.0,0.0,0.0,0.0,0.0,0.0,0.0,43035.0,43690.0,43262.0,43110.0,43989.0,41748.0,37841.0,2.3,301.7,13.58,4.0,3.531,2.0,-1.0,13.72,0.02,0.217,3.0,2.0,0.0,0.0,17.39,16.94,16.28,16.65,16.55,20.73,16.36,17.07,17.03,28.83
2016-06-07 22:03:00-05:00,-11.999239,-5.3236203,503356.0,19.31,0.0,0.495,19.78,0.54,275.7,274.7,272.2,0.0,0.0,0.0,1.488,0.0,60.15,0.0,1380982.0,21.77,0.0,0.0,0.0,0.0,0.0,0.0,0.0,0.0,0.0,0.0,19.43,17.18,-0.038,0.0,0.0,0.0,60.0,59.9,74.7,0.0,274.2,274.0,275.0,0.0,0.0,0.0,601.0,1371452.0,41184.0,126500.0,1.0,0.979,0.748,0.921,0.004,0.007,0.008,0.009,0.014,0.011,0.012,0.0,0.0,0.0,0.0,0.0,0.0,0.0,43035.0,43690.0,43262.0,43110.0,43989.0,41748.0,37841.0,2.053,310.2,15.14,3.6,3.53,2.0,-1.0,13.72,0.02,0.217,3.0,2.0,0.0,0.0,17.48,16.99,16.36,16.75,16.67,20.83,16.46,17.2,16.97,28.77
2016-06-07 22:04:00-05:00,-11.76163,-5.3236203,503357.0,19.28,0.0,0.494,19.69,0.54,276.0,274.7,272.2,0.0,0.0,0.0,1.457,0.0,60.15,0.0,1380982.0,21.78,0.0,0.0,0.0,0.0,0.0,0.0,0.0,0.0,0.0,0.0,19.35,17.17,-0.037,0.0,0.0,0.0,60.0,59.9,74.7,0.0,274.5,274.0,275.0,0.0,0.0,0.0,601.0,1371452.0,41184.0,126500.0,1.0,0.979,0.748,0.921,0.005,0.006,0.007,0.009,0.013,0.01,0.011,0.0,0.0,0.0,0.0,0.0,0.0,0.0,43035.0,43690.0,43262.0,43110.0,43989.0,41748.0,37841.0,2.303,302.7,17.07,3.2,3.53,2.0,-1.0,13.72,0.02,0.217,3.0,2.0,0.0,0.0,17.53,17.04,16.36,16.75,16.65,20.78,16.46,17.17,17.09,28.77
2016-06-07 22:05:00-05:00,-11.524022,-5.3236203,503358.0,19.26,0.0,0.494,19.8,0.54,276.0,274.7,272.3,0.0,0.0,0.0,1.472,0.0,60.14,0.0,1380982.0,21.78,0.0,0.0,0.0,0.0,0.0,0.0,0.0,0.0,0.0,0.0,19.46,17.26,-0.038,0.0,0.0,0.0,60.0,59.9,74.7,0.0,275.0,274.0,275.0,0.0,0.0,0.0,601.0,1371452.0,41184.0,126500.0,1.0,0.979,0.748,0.921,0.005,0.007,0.008,0.009,0.014,0.01,0.011,0.0,0.0,0.0,0.0,0.0,0.0,0.0,43035.0,43690.0,43262.0,43110.0,43989.0,41748.0,37841.0,2.243,298.9,20.5,3.5,3.53,2.0,-1.0,13.72,0.02,0.217,3.0,2.0,0.0,0.0,17.59,17.12,16.36,16.75,16.65,20.87,16.49,17.25,17.01,28.68
2016-06-07 22:06:00-05:00,-11.524022,-5.3236203,503359.0,19.25,0.0,0.496,19.78,0.54,275.9,274.8,272.4,0.0,0.0,0.0,1.474,0.0,60.14,0.0,1380982.0,21.77,0.0,0.0,0.0,0.0,0.0,0.0,0.0,0.0,0.0,0.0,19.44,17.27,-0.038,0.0,0.0,0.0,60.0,59.9,74.7,0.0,275.0,274.0,275.0,0.0,0.0,0.0,601.0,1371452.0,41184.0,126500.0,1.0,0.979,0.748,0.921,0.006,0.007,0.008,0.008,0.014,0.01,0.012,0.0,0.0,0.0,0.0,0.0,0.0,0.0,43035.0,43690.0,43262.0,43110.0,43989.0,41748.0,37841.0,1.912,303.3,22.78,2.8,3.528,2.0,-1.0,13.72,0.02,0.217,3.0,2.0,0.0,0.0,17.63,17.12,16.36,16.75,16.62,20.76,16.47,17.17,17.04,28.67
2016-06-07 22:07:00-05:00,-11.524022,-5.3236203,503360.0,19.23,0.0,0.494,19.79,0.54,276.1,274.9,272.5,0.0,0.0,0.0,1.524,0.0,60.14,0.0,1380982.0,21.78,0.0,0.0,0.0,0.0,0.0,0.0,0.0,0.0,0.0,0.0,19.35,17.17,-0.038,0.0,0.0,0.0,60.0,59.9,74.7,0.0,275.0,274.3,275.4,0.0,0.0,0.0,601.0,1371452.0,41184.0,126500.0,1.0,0.979,0.748,0.921,0.005,0.006,0.007,0.009,0.014,0.011,0.011,0.0,0.0,0.0,0.0,0.0,0.0,0.0,43035.0,43690.0,43262.0,43110.0,43989.0,41748.0,37841.0,1.542,284.7,17.6,2.6,3.528,2.0,-1.0,13.72,0.02,0.217,3.0,2.0,0.0,0.0,17.58,17.04,16.28,16.65,16.54,20.74,16.42,17.14,16.84,28.6
2016-06-07 22:08:00-05:00,-11.642826,-5.3236203,503361.0,19.21,0.0,0.495,19.8,0.54,276.2,275.0,272.5,0.0,0.0,0.0,1.54,0.0,60.14,0.0,1380982.0,21.78,0.0,0.0,0.0,0.0,0.0,0.0,0.0,0.0,0.0,0.0,19.35,17.0,-0.038,0.0,0.0,0.0,60.0,59.9,74.7,0.0,275.0,274.9,276.0,0.0,0.0,0.0,601.0,1371452.0,41184.0,126500.0,1.0,0.979,0.748,0.921,0.005,0.007,0.008,0.008,0.014,0.01,0.012,0.0,0.0,0.0,0.0,0.0,0.0,0.0,43035.0,43690.0,43262.0,43110.0,43989.0,41748.0,37841.0,1.593,295.5,9.49,2.9,3.53,2.0,-1.0,13.72,0.02,0.217,3.0,2.0,0.0,0.0,17.43,16.96,16.26,16.55,16.52,20.68,16.36,17.04,16.81,28.57
2016-06-07 22:09:00-05:00,-11.880434,-5.3236203,503362.0,19.2,0.0,0.497,19.71,0.54,276.4,275.4,272.9,0.0,0.0,0.0,1.576,0.0,60.13,0.0,1380982.0,21.78,0.0,0.0,0.0,0.0,0.0,0.0,0.0,0.0,0.0,0.0,19.28,17.09,-0.038,0.0,0.0,0.0,60.0,59.9,74.7,0.0,275.0,275.0,276.0,0.0,0.0,0.0,601.0,1371452.0,41184.0,126500.0,1.0,0.979,0.748,0.921,0.005,0.006,0.008,0.009,0.014,0.011,0.011,0.0,0.0,0.0,0.0,0.0,0.0,0.0,43035.0,43690.0,43262.0,43110.0,43989.0,41748.0,37841.0,2.785,311.5,14.87,3.6,3.53,2.0,-1.0,13.72,0.02,0.217,3.0,2.0,0.0,0.0,17.48,16.94,16.23,16.6,16.46,20.78,16.36,17.04,16.8,28.57
2016-06-07 22:10:00-05:00,-11.999239,-5.3236203,503363.0,19.18,0.0,0.499,19.55,0.54,276.7,275.4,272.9,0.0,0.0,0.0,1.569,0.0,60.14,0.0,1380982.0,21.78,0.0,0.0,0.0,0.0,0.0,0.0,0.0,0.0,0.0,0.0,19.14,17.01,-0.038,0.0,0.0,0.0,60.0,59.9,74.7,0.0,275.0,275.0,276.0,0.0,0.0,0.0,601.0,1371452.0,41184.0,126500.0,1.0,0.979,0.748,0.921,0.006,0.006,0.008,0.009,0.013,0.009,0.011,0.0,0.0,0.0,0.0,0.0,0.0,0.0,43035.0,43690.0,43262.0,43110.0,43989.0,41748.0,37841.0,2.393,304.4,12.06,3.3,3.527,2.0,-1.0,13.72,0.02,0.217,3.0,2.0,0.0,0.0,17.39,16.94,16.18,16.55,16.42,20.74,16.26,16.94,16.91,28.51
2016-06-07 22:11:00-05:00,-11.999239,-5.3236203,503364.0,19.15,0.0,0.501,19.5,0.892,276.5,275.5,273.0,0.0,0.0,0.0,1.927,0.0,60.15,0.0,1380982.0,21.78,0.0,0.0,0.0,0.0,0.0,0.0,0.0,0.0,0.0,0.0,19.04,16.89,-0.038,0.0,0.0,0.0,60.0,59.9,74.7,0.0,275.0,275.0,276.0,0.0,0.0,0.0,601.0,1371452.0,41184.0,126500.0,1.0,0.979,0.748,0.921,0.005,0.006,0.008,0.009,0.014,0.009,0.011,0.0,0.0,0.0,0.0,0.0,0.0,0.0,43035.0,43690.0,43262.0,43110.0,43989.0,41748.0,37841.0,2.207,313.1,9.48,3.3,3.528,2.0,-1.0,13.72,0.019,0.217,3.0,2.0,0.0,0.0,17.26,16.94,16.16,16.57,16.41,20.73,16.33,16.98,16.95,28.47
2016-06-07 22:12:00-05:00,-11.999239,-5.3236203,503365.0,19.14,0.0,0.499,19.52,0.54,276.5,275.4,272.9,0.0,0.0,0.0,1.584,0.0,60.15,0.0,1380982.0,21.78,0.0,0.0,0.0,0.0,0.0,0.0,0.0,0.0,0.0,0.0,19.12,16.89,-0.038,0.0,0.0,0.0,60.0,59.9,74.7,0.0,275.0,275.0,276.0,0.0,0.0,0.0,601.0,1371452.0,41184.0,126500.0,1.0,0.979,0.748,0.921,0.005,0.006,0.008,0.009,0.013,0.01,0.011,0.0,0.0,0.0,0.0,0.0,0.0,0.0,43035.0,43690.0,43262.0,43110.0,43989.0,41748.0,37841.0,2.925,299.2,17.88,4.9,3.531,2.0,-1.0,13.72,0.019,0.217,3.0,2.0,0.0,0.0,17.26,16.91,16.16,16.57,16.46,20.73,16.29,16.99,16.92,28.46
2016-06-07 22:13:00-05:00,-11.524022,-5.3236203,503366.0,19.12,0.0,0.498,19.68,0.54,276.5,275.5,273.1,0.0,0.0,0.0,1.538,0.0,60.14,0.0,1380982.0,21.78,0.0,0.0,0.0,0.0,0.0,0.0,0.0,0.0,0.0,0.0,19.24,17.2,-0.038,0.0,0.0,0.0,60.0,59.9,74.7,0.0,275.0,275.0,276.0,0.0,0.0,0.0,601.0,1371452.0,41184.0,126500.0,1.0,0.979,0.748,0.921,0.005,0.007,0.008,0.009,0.014,0.009,0.011,0.0,0.0,0.0,0.0,0.0,0.0,0.0,43035.0,43690.0,43262.0,43110.0,43989.0,41748.0,37841.0,3.373,294.3,9.24,4.6,3.528,2.0,-1.0,13.72,0.019,0.217,3.0,2.0,0.0,0.0,17.46,17.09,16.26,16.65,16.57,20.86,16.41,17.18,16.98,28.38
2016-06-07 22:14:00-05:00,-11.167608,-5.3236203,503367.0,19.1,0.0,0.5,19.71,0.54,276.9,275.4,273.0,0.0,0.0,0.0,1.495,0.0,60.15,0.0,1380982.0,21.78,0.0,0.0,0.0,0.0,0.0,0.0,0.0,0.0,0.0,0.0,19.3,17.26,-0.038,0.0,0.0,0.0,60.0,59.9,74.7,0.0,275.0,275.0,276.0,0.0,0.0,0.0,601.0,1371452.0,41184.0,126500.0,1.0,0.979,0.748,0.921,0.005,0.007,0.007,0.008,0.013,0.01,0.011,0.0,0.0,0.0,0.0,0.0,0.0,0.0,43035.0,43690.0,43262.0,43110.0,43989.0,41748.0,37841.0,2.662,301.9,10.69,3.5,3.53,2.0,-1.0,13.72,0.019,0.217,3.0,2.0,0.0,0.0,17.68,17.14,16.36,16.75,16.55,20.86,16.46,17.2,17.06,28.4
2016-06-07 22:15:00-05:00,-11.167608,-5.3236203,503368.0,19.09,0.0,0.502,19.62,0.54,276.7,275.7,273.2,0.0,0.0,0.0,1.529,0.0,60.14,0.0,1380982.0,21.78,0.0,0.0,0.0,0.0,0.0,0.0,0.0,0.0,0.0,0.0,19.24,17.13,-0.038,0.0,0.0,0.0,60.0,59.9,74.7,0.0,275.0,275.0,276.0,0.0,0.0,0.0,601.0,1371452.0,41184.0,126500.0,1.0,0.979,0.748,0.921,0.005,0.006,0.008,0.009,0.014,0.01,0.011,0.0,0.0,0.0,0.0,0.0,0.0,0.0,43035.0,43690.0,43262.0,43110.0,43989.0,41748.0,37841.0,2.76,304.0,4.826,3.6,3.53,2.0,-1.0,13.72,0.019,0.217,3.0,2.0,0.0,0.0,17.58,17.06,16.29,16.67,16.54,20.78,16.42,17.07,16.98,28.29
2016-06-07 22:16:00-05:00,-11.286413,-5.3236203,503369.0,19.07,0.0,0.503,19.5,0.54,276.5,274.8,272.5,0.0,0.0,0.0,1.569,0.0,60.15,0.0,1380982.0,21.78,0.0,0.0,0.0,0.0,0.0,0.0,0.0,0.0,0.0,0.0,19.18,16.95,-0.038,0.0,0.0,0.0,60.0,59.9,74.7,0.0,274.6,274.6,275.6,0.0,0.0,0.0,601.0,1371452.0,41184.0,126500.0,1.0,0.979,0.748,0.921,0.004,0.007,0.008,0.008,0.013,0.01,0.01,0.0,0.0,0.0,0.0,0.0,0.0,0.0,43035.0,43690.0,43262.0,43110.0,43989.0,41748.0,37841.0,2.548,305.9,12.52,3.6,3.528,2.0,-1.0,13.72,0.019,0.217,3.0,2.0,0.0,0.0,17.45,16.91,16.21,16.59,16.47,20.7,16.34,17.02,16.98,28.28
2016-06-07 22:17:00-05:00,-11.76163,-5.3236203,503370.0,19.05,0.0,0.503,19.46,0.594,275.5,274.6,272.3,0.0,0.0,0.0,1.645,0.0,60.15,0.0,1380982.0,21.78,0.0,0.0,0.0,0.0,0.0,0.0,0.0,0.0,0.0,0.0,19.11,16.72,-0.036,0.0,0.0,0.0,60.0,59.9,74.7,0.0,274.0,274.0,275.0,0.0,0.0,0.0,601.0,1371452.0,41184.0,126500.0,1.0,0.979,0.748,0.921,0.005,0.006,0.008,0.008,0.014,0.009,0.011,0.0,0.0,0.0,0.0,0.0,0.0,0.0,43035.0,43690.0,43262.0,43110.0,43989.0,41748.0,37841.0,1.847,292.9,11.83,2.3,3.527,2.0,-1.0,13.72,0.019,0.217,3.0,2.0,0.0,0.0,17.19,16.75,16.13,16.52,16.39,20.46,16.21,16.86,16.9,28.25
2016-06-07 22:18:00-05:00,-11.999239,-5.3236203,503371.0,19.04,0.0,0.504,19.49,0.54,275.9,274.6,272.1,0.0,0.0,0.0,1.585,0.0,60.14,0.0,1380982.0,21.78,0.0,0.0,0.0,0.0,0.0,0.0,0.0,0.0,0.0,0.0,19.12,16.55,-0.037,0.0,0.0,0.0,60.0,59.9,74.7,0.0,274.1,274.0,275.0,0.0,0.0,0.0,601.0,1371452.0,41184.0,126500.0,1.0,0.979,0.748,0.921,0.005,0.006,0.008,0.009,0.013,0.01,0.011,0.0,0.0,0.0,0.0,0.0,0.0,0.0,43035.0,43690.0,43262.0,43110.0,43989.0,41748.0,37841.0,1.147,274.5,12.12,1.5,3.53,2.0,-1.0,13.72,0.019,0.217,3.0,2.0,0.0,0.0,17.03,16.59,15.97,16.37,16.26,20.41,16.1,16.73,16.74,28.18
2016-06-07 22:19:00-05:00,-11.999239,-5.6598487,503372.0,19.01,0.0,0.505,19.51,0.54,275.5,274.7,272.2,0.0,0.0,0.0,1.594,0.0,60.22,0.0,1380982.0,21.78,0.0,0.0,0.0,0.0,0.0,0.0,0.0,0.0,0.0,0.0,19.07,16.43,-0.038,0.0,0.0,0.0,60.0,59.9,74.7,0.0,274.1,274.0,275.0,0.0,0.0,0.0,601.0,1371452.0,41184.0,126500.0,1.0,0.979,0.748,0.921,0.005,0.006,0.007,0.009,0.013,0.01,0.011,0.0,0.0,0.0,0.0,0.0,0.0,0.0,43035.0,43690.0,43262.0,43110.0,43989.0,41748.0,37841.0,1.512,283.8,12.79,2.2,3.53,2.0,-1.0,13.72,0.019,0.217,3.0,2.0,0.0,0.0,16.85,16.55,15.94,16.26,16.23,20.4,16.0,16.69,16.57,28.18
2016-06-07 22:20:00-05:00,-12.118043,-5.6598487,503373.0,19.0,0.0,0.506,19.51,0.54,275.9,274.6,272.1,0.0,0.0,0.0,1.582,0.0,60.21,0.0,1380982.0,21.78,0.0,0.0,0.0,0.0,0.0,0.0,0.0,0.0,0.0,0.0,19.11,16.42,-0.038,0.0,0.0,0.0,60.0,59.9,74.7,0.0,274.3,274.0,275.0,0.0,0.0,0.0,601.0,1371452.0,41184.0,126500.0,1.0,0.979,0.748,0.921,0.005,0.007,0.007,0.009,0.014,0.009,0.01,0.0,0.0,0.0,0.0,0.0,0.0,0.0,43035.0,43690.0,43262.0,43110.0,43989.0,41748.0,37841.0,1.855,286.9,13.03,2.9,3.528,2.0,-1.0,13.72,0.019,0.217,3.0,2.0,0.0,0.0,16.77,16.49,15.84,16.21,16.16,20.2,15.94,16.6,16.51,28.15
2016-06-07 22:21:00-05:00,-12.355653,-5.6598487,503374.0,18.97,0.0,0.506,19.52,0.54,275.8,274.8,272.3,0.0,0.0,0.0,1.571,0.0,60.22,0.0,1380982.0,21.78,0.0,0.0,0.0,0.0,0.0,0.0,0.0,0.0,0.0,0.0,19.12,16.35,-0.038,0.0,0.0,0.0,60.0,59.9,74.7,0.0,274.8,274.0,275.0,0.0,0.0,0.0,601.0,1371452.0,41184.0,126500.0,1.0,0.979,0.748,0.921,0.004,0.007,0.008,0.01,0.013,0.01,0.01,0.0,0.0,0.0,0.0,0.0,0.0,0.0,43035.0,43690.0,43262.0,43110.0,43989.0,41748.0,37841.0,1.338,271.5,19.32,2.0,3.53,2.0,-1.0,13.72,0.019,0.217,3.0,2.0,0.0,0.0,16.65,16.44,15.79,16.16,16.07,20.87,15.86,16.51,16.42,28.08
2016-06-07 22:22:00-05:00,-12.355653,-5.6598487,503375.0,18.93,0.0,0.507,19.54,0.54,275.9,274.9,272.4,0.0,0.0,0.0,1.6,0.0,60.22,0.0,1380982.0,21.78,0.0,0.0,0.0,0.0,0.0,0.0,0.0,0.0,0.0,0.0,19.11,16.33,-0.038,0.0,0.0,0.0,60.0,59.9,74.7,0.0,275.0,274.0,275.1,0.0,0.0,0.0,601.0,1371452.0,41184.0,126500.0,1.0,0.979,0.748,0.921,0.005,0.006,0.008,0.009,0.014,0.009,0.011,0.0,0.0,0.0,0.0,0.0,0.0,0.0,43035.0,43690.0,43262.0,43110.0,43989.0,41748.0,37841.0,1.57,272.2,17.58,2.7,3.53,2.0,-1.0,13.72,0.019,0.217,3.0,2.0,0.0,0.0,16.62,16.46,15.76,16.13,16.07,20.55,15.77,16.44,16.34,28.1
2016-06-07 22:23:00-05:00,-12.355653,-5.6598487,503376.0,18.91,0.0,0.507,19.52,0.54,275.9,274.9,272.5,0.0,0.0,0.0,1.586,0.0,60.22,0.0,1380982.0,21.78,0.0,0.0,0.0,0.0,0.0,0.0,0.0,0.0,0.0,0.0,19.05,16.21,-0.037,0.0,0.0,0.0,60.0,59.9,74.7,0.0,274.9,274.0,275.2,0.0,0.0,0.0,601.0,1371452.0,41184.0,126500.0,1.0,0.979,0.748,0.921,0.004,0.006,0.007,0.008,0.013,0.009,0.011,0.0,0.0,0.0,0.0,0.0,0.0,0.0,43035.0,43690.0,43262.0,43110.0,43989.0,41748.0,37841.0,1.515,293.3,16.25,2.1,3.531,2.0,-1.0,13.72,0.019,0.217,3.0,2.0,0.0,0.0,16.52,16.37,15.68,16.05,16.0,20.55,15.72,16.39,16.28,28.09
2016-06-07 22:24:00-05:00,-12.355653,-5.6598487,503377.0,18.89,0.0,0.507,19.41,0.664,276.1,275.2,272.7,0.0,0.0,0.0,1.729,0.0,60.22,0.0,1380982.0,21.77,0.0,0.0,0.0,0.0,0.0,0.0,0.0,0.0,0.0,0.0,18.92,16.08,-0.038,0.0,0.0,0.0,60.0,59.9,74.7,0.0,275.0,275.0,276.0,0.0,0.0,0.0,601.0,1371452.0,41184.0,126500.0,1.0,0.979,0.748,0.921,0.005,0.006,0.008,0.008,0.013,0.009,0.011,0.0,0.0,0.0,0.0,0.0,0.0,0.0,43035.0,43690.0,43262.0,43110.0,43989.0,41748.0,37841.0,1.658,284.4,11.68,2.5,3.53,2.0,-1.0,13.72,0.019,0.217,3.0,2.0,0.0,0.0,16.44,16.21,15.61,15.99,15.97,20.24,15.68,16.38,16.18,27.98
2016-06-07 22:25:00-05:00,-12.236848,-5.6598487,503378.0,18.87,0.0,0.507,19.3,0.54,276.1,275.0,272.6,0.0,0.0,0.0,1.593,0.0,60.24,0.0,1380982.0,21.78,0.0,0.0,0.0,0.0,0.0,0.0,0.0,0.0,0.0,0.0,18.86,16.0,-0.037,0.0,0.0,0.0,60.0,59.9,74.7,0.0,275.0,274.7,275.9,0.0,0.0,0.0,601.0,1371452.0,41184.0,126500.0,1.0,0.979,0.748,0.921,0.005,0.006,0.008,0.008,0.013,0.01,0.011,0.0,0.0,0.0,0.0,0.0,0.0,0.0,43035.0,43690.0,43262.0,43110.0,43989.0,41748.0,37841.0,1.152,285.7,16.55,1.9,3.53,2.0,-1.0,13.72,0.019,0.217,3.0,2.0,0.0,0.0,16.35,16.23,15.6,16.0,15.87,20.16,15.62,16.34,16.08,27.98
2016-06-07 22:26:00-05:00,-11.999239,-5.6598487,503379.0,18.85,0.0,0.508,19.29,0.54,275.6,274.2,271.8,0.0,0.0,0.0,1.464,0.0,60.2,0.0,1380982.0,21.78,0.0,0.0,0.0,0.0,0.0,0.0,0.0,0.0,0.0,0.0,18.83,15.88,-0.038,0.0,0.0,0.0,60.0,59.9,74.7,0.0,274.1,274.1,275.1,0.0,0.0,0.0,601.0,1371452.0,41184.0,126500.0,1.0,0.979,0.748,0.921,0.005,0.006,0.008,0.009,0.013,0.01,0.011,0.0,0.0,0.0,0.0,0.0,0.0,0.0,43035.0,43690.0,43262.0,43110.0,43989.0,41748.0,37841.0,1.662,291.7,7.134,2.3,3.53,2.0,-1.0,13.72,0.019,0.217,3.0,2.0,0.0,0.0,16.23,16.16,15.59,16.05,15.98,20.12,15.63,16.33,15.99,28.01
2016-06-07 22:27:00-05:00,-12.355653,-5.6598487,503380.0,18.82,0.0,0.508,19.26,0.54,275.2,274.2,271.8,0.0,0.0,0.0,1.493,0.0,60.2,0.0,1380982.0,21.78,0.0,0.0,0.0,0.0,0.0,0.0,0.0,0.0,0.0,0.0,18.83,15.77,-0.038,0.0,0.0,0.0,60.0,59.9,74.7,0.0,274.0,274.0,275.0,0.0,0.0,0.0,601.0,1371452.0,41184.0,126500.0,1.0,0.979,0.748,0.921,0.005,0.006,0.008,0.009,0.013,0.01,0.01,0.0,0.0,0.0,0.0,0.0,0.0,0.0,43035.0,43690.0,43262.0,43110.0,43989.0,41748.0,37841.0,1.215,274.8,18.26,1.9,3.528,2.0,-1.0,13.72,0.019,0.217,3.0,2.0,0.0,0.0,16.12,16.08,15.52,15.87,15.81,20.0,15.49,16.16,15.92,27.9
2016-06-07 22:28:00-05:00,-12.593261,-5.6598487,503381.0,18.8,0.0,0.508,19.23,0.599,275.5,274.2,271.7,0.0,0.0,0.0,1.551,0.0,60.21,0.0,1380982.0,21.78,0.0,0.0,0.0,0.0,0.0,0.0,0.0,0.0,0.0,0.0,18.81,15.8,-0.038,0.0,0.0,0.0,60.0,59.9,74.7,0.0,274.0,274.0,275.0,0.0,0.0,0.0,601.0,1371452.0,41184.0,126500.0,1.0,0.979,0.748,0.921,0.004,0.006,0.008,0.008,0.013,0.01,0.011,0.0,0.0,0.0,0.0,0.0,0.0,0.0,43035.0,43690.0,43262.0,43110.0,43989.0,41748.0,37841.0,1.272,289.8,24.01,2.3,3.53,2.0,-1.0,13.72,0.019,0.217,3.0,2.0,0.0,0.0,16.1,16.0,15.45,15.83,15.85,19.62,15.43,16.13,15.79,27.92
2016-06-07 22:29:00-05:00,-12.593261,-5.6598487,503382.0,18.78,0.0,0.508,19.18,0.675,275.6,274.1,271.7,0.0,0.0,0.0,1.757,0.0,60.16,0.0,1380982.0,21.79,0.0,0.0,0.0,0.0,0.0,0.0,0.0,0.0,0.0,0.0,18.8,16.01,-0.037,0.0,0.0,0.0,60.0,59.9,74.7,0.0,274.0,274.0,275.0,0.0,0.0,0.0,601.0,1371452.0,41184.0,126500.0,1.0,0.979,0.748,0.921,0.005,0.006,0.008,0.008,0.013,0.01,0.01,0.0,0.0,0.0,0.0,0.0,0.0,0.0,43035.0,43690.0,43262.0,43110.0,43989.0,41748.0,37841.0,1.752,285.6,16.53,3.1,3.53,2.0,-1.0,13.72,0.019,0.217,3.0,2.0,0.0,0.0,16.23,16.08,15.55,15.91,15.89,19.67,15.48,16.23,15.79,27.82
2016-06-07 22:30:00-05:00,-12.118043,-5.6598487,503383.0,18.76,0.0,0.508,19.13,0.54,275.7,274.2,271.7,0.0,0.0,0.0,1.577,0.0,60.13,0.0,1380982.0,21.78,0.0,0.0,0.0,0.0,0.0,0.0,0.0,0.0,0.0,0.0,18.75,15.96,-0.037,0.0,0.0,0.0,60.0,59.9,74.7,0.0,274.0,274.0,275.0,0.0,0.0,0.0,601.0,1371452.0,41184.0,126500.0,1.0,0.979,0.748,0.921,0.005,0.006,0.006,0.009,0.013,0.01,0.01,0.0,0.0,0.0,0.0,0.0,0.0,0.0,43035.0,43690.0,43262.0,43110.0,43989.0,41748.0,37841.0,2.512,294.4,13.37,4.0,3.53,2.0,-1.0,13.72,0.019,0.217,3.0,2.0,0.0,0.0,16.22,16.13,15.67,16.06,15.92,19.78,15.58,16.41,15.87,27.81
2016-06-07 22:31:00-05:00,-11.999239,-5.3236203,503384.0,18.74,0.0,0.508,19.13,0.54,274.8,273.4,271.0,0.0,0.0,0.0,1.451,0.0,60.15,0.0,1380982.0,21.79,0.0,0.0,0.0,0.0,0.0,0.0,0.0,0.0,0.0,0.0,18.78,15.92,-0.038,0.0,0.0,0.0,60.0,59.9,74.7,0.0,273.3,273.3,274.3,0.0,0.0,0.0,601.0,1371452.0,41184.0,126500.0,1.0,0.979,0.748,0.921,0.004,0.006,0.007,0.008,0.013,0.009,0.01,0.0,0.0,0.0,0.0,0.0,0.0,0.0,43035.0,43690.0,43262.0,43110.0,43989.0,41748.0,37841.0,1.62,280.2,16.79,2.5,3.528,2.0,-1.0,13.72,0.019,0.217,3.0,2.0,0.0,0.0,16.15,16.05,15.62,16.04,15.99,19.72,15.58,16.28,15.89,27.81
2016-06-07 22:32:00-05:00,-11.999239,-5.3236203,503385.0,18.71,0.0,0.508,19.11,0.54,274.4,273.2,270.8,0.0,0.0,0.0,1.469,0.0,60.15,0.0,1380982.0,21.79,0.0,0.0,0.0,0.0,0.0,0.0,0.0,0.0,0.0,0.0,18.74,15.99,-0.038,0.0,0.0,0.0,60.0,59.9,74.7,0.0,273.0,273.0,274.0,0.0,0.0,0.0,601.0,1371452.0,41184.0,126500.0,1.0,0.979,0.748,0.921,0.005,0.006,0.007,0.008,0.012,0.009,0.011,0.0,0.0,0.0,0.0,0.0,0.0,0.0,43035.0,43690.0,43262.0,43110.0,43989.0,41748.0,37841.0,2.292,299.1,7.225,3.3,3.53,2.0,-1.0,13.72,0.019,0.217,3.0,2.0,0.0,0.0,16.27,16.14,15.65,16.01,15.96,19.77,15.6,16.31,15.91,27.77
2016-06-07 22:33:00-05:00,-11.999239,-5.3236203,503386.0,18.7,0.0,0.509,19.15,0.54,274.7,273.2,270.8,0.0,0.0,0.0,1.527,0.0,60.15,0.0,1380982.0,21.79,0.0,0.0,0.0,0.0,0.0,0.0,0.0,0.0,0.0,0.0,18.79,16.05,-0.037,0.0,0.0,0.0,60.0,59.9,74.7,0.0,273.0,273.0,274.0,0.0,0.0,0.0,601.0,1371452.0,41184.0,126500.0,1.0,0.979,0.748,0.921,0.005,0.006,0.008,0.008,0.013,0.009,0.011,0.0,0.0,0.0,0.0,0.0,0.0,0.0,43035.0,43690.0,43262.0,43110.0,43989.0,41748.0,37841.0,1.852,295.2,14.71,3.0,3.53,2.0,-1.0,13.72,0.019,0.217,3.0,2.0,0.0,0.0,16.36,16.15,15.6,15.96,15.88,19.7,15.61,16.35,15.99,27.71
2016-06-07 22:34:00-05:00,-11.999239,-5.3236203,503387.0,18.67,0.0,0.509,19.09,0.54,274.4,273.5,271.0,0.0,0.0,0.0,1.454,0.0,60.18,0.0,1380982.0,21.78,0.0,0.0,0.0,0.0,0.0,0.0,0.0,0.0,0.0,0.0,18.73,15.89,-0.038,0.0,0.0,0.0,60.0,59.9,74.7,0.0,273.0,273.0,274.0,0.0,0.0,0.0,601.0,1371452.0,41184.0,126500.0,1.0,0.979,0.748,0.921,0.004,0.006,0.008,0.009,0.012,0.01,0.01,0.0,0.0,0.0,0.0,0.0,0.0,0.0,43035.0,43690.0,43262.0,43110.0,43989.0,41748.0,37841.0,2.318,309.8,7.993,3.0,3.53,2.0,-1.0,13.72,0.019,0.217,3.0,2.0,0.0,0.0,16.22,16.09,15.58,15.92,15.88,19.62,15.5,16.31,16.04,27.74
2016-06-07 22:35:00-05:00,-11.999239,-5.3236203,503388.0,18.66,0.0,0.509,19.14,0.54,274.9,273.4,271.0,0.0,0.0,0.0,1.539,0.0,60.21,0.0,1380982.0,21.78,0.0,0.0,0.0,0.0,0.0,0.0,0.0,0.0,0.0,0.0,18.71,15.94,-0.038,0.0,0.0,0.0,60.0,59.9,74.7,0.0,273.0,273.0,274.0,0.0,0.0,0.0,601.0,1371452.0,41184.0,126500.0,1.0,0.979,0.748,0.921,0.005,0.006,0.007,0.008,0.013,0.009,0.011,0.0,0.0,0.0,0.0,0.0,0.0,0.0,43035.0,43690.0,43262.0,43110.0,43989.0,41748.0,37841.0,2.1,310.4,11.33,3.2,3.53,2.0,-1.0,13.72,0.019,0.217,3.0,2.0,0.0,0.0,16.31,16.1,15.58,15.88,15.86,19.54,15.53,16.24,16.08,27.73
2016-06-07 22:36:00-05:00,-11.999239,-5.3236203,503389.0,18.64,0.0,0.509,19.15,0.54,274.7,273.7,271.3,0.0,0.0,0.0,1.468,0.0,60.21,0.0,1380982.0,21.78,0.0,0.0,0.0,0.0,0.0,0.0,0.0,0.0,0.0,0.0,18.76,16.03,-0.038,0.0,0.0,0.0,60.0,59.9,74.7,0.0,273.3,273.0,274.0,0.0,0.0,0.0,601.0,1371452.0,41184.0,126500.0,1.0,0.979,0.748,0.921,0.005,0.007,0.007,0.009,0.013,0.009,0.011,0.0,0.0,0.0,0.0,0.0,0.0,0.0,43035.0,43690.0,43262.0,43110.0,43989.0,41748.0,37841.0,1.885,292.7,18.03,2.5,3.531,2.0,-1.0,13.72,0.019,0.217,3.0,2.0,0.0,0.0,16.38,16.15,15.58,15.88,15.84,19.56,15.57,16.29,16.08,27.67
2016-06-07 22:37:00-05:00,-11.999239,-5.547773,503390.0,18.61,0.0,0.509,19.21,0.54,274.8,273.7,271.3,0.0,0.0,0.0,1.47,0.0,60.22,0.0,1380982.0,21.78,0.0,0.0,0.0,0.0,0.0,0.0,0.0,0.0,0.0,0.0,18.79,16.02,-0.038,0.0,0.0,0.0,60.0,59.9,74.7,0.0,273.5,273.0,274.0,0.0,0.0,0.0,601.0,1371452.0,41184.0,126500.0,1.0,0.979,0.748,0.921,0.004,0.006,0.007,0.008,0.013,0.009,0.01,0.0,0.0,0.0,0.0,0.0,0.0,0.0,43035.0,43690.0,43262.0,43110.0,43989.0,41748.0,37841.0,1.545,303.5,12.0,2.2,3.53,2.0,-1.0,13.72,0.019,0.217,3.0,2.0,0.0,0.0,16.45,16.12,15.49,15.88,15.75,19.51,15.57,16.29,15.99,27.66
2016-06-07 22:38:00-05:00,-11.999239,-5.547773,503391.0,18.6,0.0,0.509,19.15,0.54,274.7,273.7,271.3,0.0,0.0,0.0,1.489,0.0,60.21,0.0,1380982.0,21.78,0.0,0.0,0.0,0.0,0.0,0.0,0.0,0.0,0.0,0.0,18.7,15.86,-0.038,0.0,0.0,0.0,60.0,59.9,74.7,0.0,273.3,273.0,274.0,0.0,0.0,0.0,601.0,1371452.0,41184.0,126500.0,1.0,0.979,0.748,0.921,0.005,0.005,0.007,0.008,0.012,0.009,0.011,0.0,0.0,0.0,0.0,0.0,0.0,0.0,43035.0,43690.0,43262.0,43110.0,43989.0,41748.0,37841.0,1.495,293.3,20.59,2.6,3.53,2.0,-1.0,13.72,0.019,0.217,3.0,2.0,0.0,0.0,16.35,16.05,15.49,15.88,15.78,19.51,15.49,16.23,15.89,27.67
2016-06-07 22:39:00-05:00,-11.999239,-5.4356966,503392.0,18.57,0.0,0.509,19.1,0.54,275.1,273.7,271.3,0.0,0.0,0.0,1.528,0.0,60.21,0.0,1380982.0,21.79,0.0,0.0,0.0,0.0,0.0,0.0,0.0,0.0,0.0,0.0,18.66,15.83,-0.036,0.0,0.0,0.0,60.0,59.9,74.7,0.0,274.0,273.0,274.1,0.0,0.0,0.0,601.0,1371452.0,41184.0,126500.0,1.0,0.979,0.748,0.921,0.004,0.006,0.007,0.009,0.013,0.009,0.01,0.0,0.0,0.0,0.0,0.0,0.0,0.0,43035.0,43690.0,43262.0,43110.0,43989.0,41748.0,37841.0,1.495,290.8,16.69,2.2,3.531,2.0,-1.0,13.72,0.019,0.217,3.0,2.0,0.0,0.0,16.29,16.07,15.47,15.83,15.81,19.51,15.47,16.22,15.89,27.65
2016-06-07 22:40:00-05:00,-11.999239,-5.4356966,503393.0,18.56,0.0,0.509,19.18,0.54,275.0,273.9,271.5,0.0,0.0,0.0,1.55,0.0,60.21,0.0,1380982.0,21.79,0.0,0.0,0.0,0.0,0.0,0.0,0.0,0.0,0.0,0.0,18.74,15.86,-0.037,0.0,0.0,0.0,60.0,59.9,74.7,0.0,274.0,273.0,274.7,0.0,0.0,0.0,601.0,1371452.0,41184.0,126500.0,1.0,0.979,0.748,0.921,0.004,0.006,0.008,0.009,0.013,0.009,0.01,0.0,0.0,0.0,0.0,0.0,0.0,0.0,43035.0,43690.0,43262.0,43110.0,43989.0,41748.0,37841.0,1.205,284.5,29.83,1.8,3.531,2.0,-1.0,13.72,0.018,0.217,3.0,2.0,0.0,0.0,16.27,15.99,15.41,15.81,15.71,19.61,15.43,16.25,15.79,27.6
2016-06-07 22:41:00-05:00,-11.999239,-5.3236203,503394.0,18.53,0.0,0.509,19.09,0.54,274.9,274.0,271.5,0.0,0.0,0.0,1.55,0.0,60.22,0.0,1380982.0,21.78,0.0,0.0,0.0,0.0,0.0,0.0,0.0,0.0,0.0,0.0,18.71,15.86,-0.038,0.0,0.0,0.0,60.0,59.9,74.7,0.0,274.0,273.1,274.7,0.0,0.0,0.0,601.0,1371452.0,41184.0,126500.0,1.0,0.979,0.748,0.921,0.004,0.006,0.007,0.007,0.012,0.009,0.01,0.0,0.0,0.0,0.0,0.0,0.0,0.0,43035.0,43690.0,43262.0,43110.0,43989.0,41748.0,37841.0,1.15,314.4,18.98,1.8,3.531,2.0,-1.0,13.72,0.018,0.217,3.0,2.0,0.0,0.0,16.25,16.09,15.47,15.83,15.74,19.62,15.49,16.25,15.71,27.54
2016-06-07 22:42:00-05:00,-11.999239,-5.3236203,503395.0,18.51,0.0,0.509,19.09,0.54,274.9,273.8,271.3,0.0,0.0,0.0,1.505,0.0,60.16,0.0,1380982.0,21.78,0.0,0.0,0.0,0.0,0.0,0.0,0.0,0.0,0.0,0.0,18.7,15.8,-0.037,0.0,0.0,0.0,60.0,59.9,74.7,0.0,274.0,273.0,274.0,0.0,0.0,0.0,601.0,1371452.0,41184.0,126500.0,1.0,0.979,0.748,0.921,0.004,0.006,0.007,0.007,0.012,0.009,0.009,0.0,0.0,0.0,0.0,0.0,0.0,0.0,43035.0,43690.0,43262.0,43110.0,43989.0,41748.0,37841.0,1.107,297.4,21.07,1.7,3.53,2.0,-1.0,13.72,0.018,0.217,3.0,2.0,0.0,0.0,16.2,16.05,15.39,15.78,15.66,19.74,15.44,16.1,15.71,27.5
2016-06-07 22:43:00-05:00,-11.999239,-5.547773,503396.0,18.5,0.0,0.509,19.12,0.54,274.9,273.7,271.3,0.0,0.0,0.0,1.561,0.0,60.14,0.0,1380982.0,21.78,0.0,0.0,0.0,0.0,0.0,0.0,0.0,0.0,0.0,0.0,18.7,15.74,-0.038,0.0,0.0,0.0,60.0,59.9,74.7,0.0,274.0,273.0,274.0,0.0,0.0,0.0,601.0,1371452.0,41184.0,126500.0,1.0,0.979,0.748,0.921,0.004,0.005,0.008,0.009,0.013,0.009,0.01,0.0,0.0,0.0,0.0,0.0,0.0,0.0,43035.0,43690.0,43262.0,43110.0,43989.0,41748.0,37841.0,1.637,292.5,19.06,2.2,3.531,2.0,-1.0,13.72,0.018,0.217,3.0,2.0,0.0,0.0,16.14,15.97,15.37,15.68,15.6,19.9,15.39,16.12,15.69,27.5
2016-06-07 22:44:00-05:00,-12.118043,-5.6598487,503397.0,18.47,0.0,0.509,19.04,0.54,275.0,273.7,271.3,0.0,0.0,0.0,1.519,0.0,60.15,0.0,1380982.0,21.78,0.0,0.0,0.0,0.0,0.0,0.0,0.0,0.0,0.0,0.0,18.65,15.6,-0.038,0.0,0.0,0.0,60.0,59.9,74.7,0.0,273.9,273.0,274.0,0.0,0.0,0.0,601.0,1371452.0,41184.0,126500.0,1.0,0.979,0.748,0.921,0.004,0.006,0.008,0.008,0.013,0.009,0.011,0.0,0.0,0.0,0.0,0.0,0.0,0.0,43035.0,43690.0,43262.0,43110.0,43989.0,41748.0,37841.0,1.045,273.9,31.28,1.7,3.53,2.0,-1.0,13.72,0.018,0.217,3.0,2.0,0.0,0.0,16.01,15.92,15.36,15.73,15.6,20.16,15.39,16.1,15.66,27.5
2016-06-07 22:45:00-05:00,-12.355653,-5.6598487,503398.0,18.46,0.0,0.509,18.97,0.54,274.8,274.0,271.5,0.0,0.0,0.0,1.576,0.0,60.14,0.0,1380982.0,21.78,0.0,0.0,0.0,0.0,0.0,0.0,0.0,0.0,0.0,0.0,18.64,15.58,-0.038,0.0,0.0,0.0,60.0,59.9,74.7,0.0,274.0,273.0,274.1,0.0,0.0,0.0,601.0,1371452.0,41184.0,126500.0,1.0,0.979,0.748,0.921,0.004,0.006,0.007,0.009,0.013,0.008,0.01,0.0,0.0,0.0,0.0,0.0,0.0,0.0,43035.0,43690.0,43262.0,43110.0,43989.0,41748.0,37841.0,1.863,276.8,13.49,3.1,3.531,2.0,-1.0,13.72,0.018,0.217,3.0,2.0,0.0,0.0,15.94,15.88,15.29,15.65,15.55,19.46,15.32,16.01,15.5,27.44
2016-06-07 22:46:00-05:00,-12.355653,-5.6598487,503399.0,18.43,0.0,0.509,18.95,0.54,275.0,273.9,271.4,0.0,0.0,0.0,1.536,0.0,60.16,0.0,1380982.0,21.78,0.0,0.0,0.0,0.0,0.0,0.0,0.0,0.0,0.0,0.0,18.6,15.47,-0.036,0.0,0.0,0.0,60.0,59.9,74.7,0.0,274.0,273.1,274.3,0.0,0.0,0.0,601.0,1371452.0,41184.0,126500.0,1.0,0.979,0.748,0.921,0.004,0.005,0.006,0.008,0.013,0.009,0.01,0.0,0.0,0.0,0.0,0.0,0.0,0.0,43035.0,43690.0,43262.0,43110.0,43989.0,41748.0,37841.0,1.282,277.1,13.54,2.4,3.53,2.0,-1.0,13.72,0.018,0.217,3.0,2.0,0.0,0.0,15.81,15.81,15.19,15.58,15.49,19.3,15.26,15.89,15.5,27.41
2016-06-07 22:47:00-05:00,-12.712065,-5.6598487,503400.0,18.41,0.0,0.509,18.96,0.54,275.0,274.0,271.5,0.0,0.0,0.0,1.574,0.0,60.22,0.0,1380982.0,21.78,0.0,0.0,0.0,0.0,0.0,0.0,0.0,0.0,0.0,0.0,18.55,15.39,-0.038,0.0,0.0,0.0,60.0,59.9,74.7,0.0,274.0,273.7,275.0,0.0,0.0,0.0,601.0,1371452.0,41184.0,126500.0,1.0,0.979,0.748,0.921,0.004,0.005,0.006,0.008,0.012,0.009,0.01,0.0,0.0,0.0,0.0,0.0,0.0,0.0,43035.0,43690.0,43262.0,43110.0,43989.0,41748.0,37841.0,1.46,285.7,10.5,2.3,3.531,2.0,-1.0,13.72,0.018,0.217,3.0,2.0,0.0,0.0,15.7,15.7,15.1,15.49,15.49,19.27,15.11,15.84,15.41,27.39
2016-06-07 22:48:00-05:00,-12.712065,-5.9960775,503401.0,18.39,0.0,0.509,18.91,0.54,275.1,274.0,271.6,0.0,0.0,0.0,1.569,0.0,60.21,0.0,1380982.0,21.79,0.0,0.0,0.0,0.0,0.0,0.0,0.0,0.0,0.0,0.0,18.5,15.3,-0.038,0.0,0.0,0.0,60.0,59.9,74.7,0.0,274.0,274.0,275.0,0.0,0.0,0.0,601.0,1371452.0,41184.0,126500.0,1.0,0.979,0.748,0.921,0.004,0.005,0.007,0.009,0.012,0.009,0.011,0.0,0.0,0.0,0.0,0.0,0.0,0.0,43035.0,43690.0,43262.0,43110.0,43989.0,41748.0,37841.0,1.408,271.3,15.07,2.2,3.53,2.0,-1.0,13.72,0.018,0.217,3.0,2.0,0.0,0.0,15.67,15.67,15.06,15.4,15.36,19.39,15.06,15.75,15.39,27.34
2016-06-07 22:49:00-05:00,-12.712065,-6.1081543,503402.0,18.37,0.0,0.509,18.86,0.54,275.3,274.0,271.6,0.0,0.0,0.0,1.591,0.0,60.21,0.0,1380982.0,21.78,0.0,0.0,0.0,0.0,0.0,0.0,0.0,0.0,0.0,0.0,18.44,15.29,-0.038,0.0,0.0,0.0,60.0,59.9,74.7,0.0,274.0,273.9,275.0,0.0,0.0,0.0,601.0,1371452.0,41184.0,126500.0,1.0,0.979,0.748,0.921,0.004,0.006,0.007,0.008,0.013,0.009,0.01,0.0,0.0,0.0,0.0,0.0,0.0,0.0,43035.0,43690.0,43262.0,43110.0,43989.0,41748.0,37841.0,1.418,275.1,27.35,2.6,3.53,2.0,-1.0,13.72,0.018,0.217,3.0,2.0,0.0,0.0,15.62,15.68,15.06,15.37,15.33,18.97,15.03,15.75,15.32,27.31
2016-06-07 22:50:00-05:00,-12.712065,-6.1081543,503403.0,18.35,0.0,0.507,18.8,0.54,275.2,274.3,271.8,0.0,0.0,0.0,1.574,0.0,60.22,0.0,1380982.0,21.79,0.0,0.0,0.0,0.0,0.0,0.0,0.0,0.0,0.0,0.0,18.42,15.2,-0.038,0.0,0.0,0.0,60.0,59.9,74.7,0.0,274.0,274.0,275.0,0.0,0.0,0.0,601.0,1371452.0,41184.0,126500.0,1.0,0.979,0.748,0.921,0.004,0.005,0.006,0.008,0.012,0.008,0.01,0.0,0.0,0.0,0.0,0.0,0.0,0.0,43035.0,43690.0,43262.0,43110.0,43989.0,41748.0,37841.0,1.422,283.5,24.67,2.2,3.531,2.0,-1.0,13.72,0.018,0.217,3.0,2.0,0.0,0.0,15.55,15.58,15.0,15.32,15.31,18.9,15.0,15.66,15.33,27.31
2016-06-07 22:51:00-05:00,-12.712065,-6.1081543,503404.0,18.33,0.0,0.507,18.83,0.54,275.3,274.4,271.9,0.0,0.0,0.0,1.568,0.0,60.21,0.0,1380982.0,21.78,0.0,0.0,0.0,0.0,0.0,0.0,0.0,0.0,0.0,0.0,18.41,15.19,-0.038,0.0,0.0,0.0,60.0,59.9,74.7,0.0,274.0,274.0,275.0,0.0,0.0,0.0,601.0,1371452.0,41184.0,126500.0,1.0,0.979,0.748,0.921,0.005,0.005,0.007,0.008,0.012,0.009,0.009,0.0,0.0,0.0,0.0,0.0,0.0,0.0,43035.0,43690.0,43262.0,43110.0,43989.0,41748.0,37841.0,1.012,258.1,21.68,1.4,3.531,2.0,-1.0,13.72,0.018,0.217,3.0,2.0,0.0,0.0,15.47,15.52,14.9,15.27,15.24,19.46,14.9,15.57,15.27,27.29
2016-06-07 22:52:00-05:00,-12.712065,-5.771925,503405.0,18.31,0.0,0.509,18.86,0.54,275.5,274.3,271.8,0.0,0.0,0.0,1.593,0.0,60.22,0.0,1380982.0,21.78,0.0,0.0,0.0,0.0,0.0,0.0,0.0,0.0,0.0,0.0,18.4,15.17,-0.037,0.0,0.0,0.0,60.0,59.9,74.7,0.0,274.0,274.0,275.0,0.0,0.0,0.0,601.0,1371452.0,41184.0,126500.0,1.0,0.979,0.748,0.921,0.004,0.006,0.007,0.008,0.012,0.009,0.009,0.0,0.0,0.0,0.0,0.0,0.0,0.0,43035.0,43690.0,43262.0,43110.0,43989.0,41748.0,37841.0,1.565,262.0,17.57,2.5,3.531,2.0,-1.0,13.72,0.018,0.217,3.0,2.0,0.0,0.0,15.47,15.49,14.9,15.19,15.21,19.25,14.9,15.58,15.24,27.21
2016-06-07 22:53:00-05:00,-12.593261,-5.6598487,503406.0,18.29,0.0,0.509,18.88,0.54,275.5,274.3,271.9,0.0,0.0,0.0,1.584,0.0,60.22,0.0,1380982.0,21.78,0.0,0.0,0.0,0.0,0.0,0.0,0.0,0.0,0.0,0.0,18.45,15.28,-0.038,0.0,0.0,0.0,60.0,59.9,74.7,0.0,274.0,274.0,275.0,0.0,0.0,0.0,601.0,1371452.0,41184.0,126500.0,1.0,0.979,0.748,0.921,0.005,0.005,0.007,0.008,0.012,0.009,0.01,0.0,0.0,0.0,0.0,0.0,0.0,0.0,43035.0,43690.0,43262.0,43110.0,43989.0,41748.0,37841.0,1.612,276.5,13.37,2.3,3.531,2.0,-1.0,13.72,0.018,0.217,3.0,2.0,0.0,0.0,15.56,15.6,14.9,15.26,15.27,19.12,14.9,15.63,15.18,27.21
2016-06-07 22:54:00-05:00,-12.118043,-5.547773,503407.0,18.26,0.0,0.507,18.82,0.54,275.5,274.4,271.9,0.0,0.0,0.0,1.581,0.0,60.19,0.0,1380982.0,21.78,0.0,0.0,0.0,0.0,0.0,0.0,0.0,0.0,0.0,0.0,18.37,15.19,-0.037,0.0,0.0,0.0,60.0,59.9,74.7,0.0,274.0,274.0,275.0,0.0,0.0,0.0,601.0,1371452.0,41184.0,126500.0,1.0,0.979,0.748,0.921,0.004,0.006,0.006,0.009,0.012,0.009,0.009,0.0,0.0,0.0,0.0,0.0,0.0,0.0,43035.0,43690.0,43262.0,43110.0,43989.0,41748.0,37841.0,1.693,280.1,15.98,2.2,3.531,2.0,-1.0,13.72,0.018,0.217,3.0,2.0,0.0,0.0,15.47,15.58,14.9,15.29,15.29,19.22,14.9,15.58,15.17,27.11
2016-06-07 22:55:00-05:00,-11.999239,-5.3236203,503408.0,18.25,0.0,0.509,18.83,0.54,275.5,274.4,271.9,0.0,0.0,0.0,1.582,0.0,60.14,0.0,1380982.0,21.79,0.0,0.0,0.0,0.0,0.0,0.0,0.0,0.0,0.0,0.0,18.37,15.32,-0.037,0.0,0.0,0.0,60.0,59.9,74.7,0.0,274.0,274.0,275.0,0.0,0.0,0.0,601.0,1371452.0,41184.0,126500.0,1.0,0.979,0.748,0.921,0.004,0.006,0.006,0.008,0.012,0.008,0.01,0.0,0.0,0.0,0.0,0.0,0.0,0.0,43035.0,43690.0,43262.0,43110.0,43989.0,41748.0,37841.0,1.897,280.9,7.356,2.6,3.528,2.0,-1.0,13.72,0.018,0.217,3.0,2.0,0.0,0.0,15.56,15.58,14.95,15.29,15.28,19.26,14.92,15.58,15.19,27.11
2016-06-07 22:56:00-05:00,-11.999239,-5.3236203,503409.0,18.23,0.0,0.509,18.78,0.54,275.8,274.5,272.0,0.0,0.0,0.0,1.596,0.0,60.17,0.0,1380982.0,21.78,0.0,0.0,0.0,0.0,0.0,0.0,0.0,0.0,0.0,0.0,18.31,15.18,-0.038,0.0,0.0,0.0,60.0,59.9,74.7,0.0,274.0,274.0,275.0,0.0,0.0,0.0,601.0,1371452.0,41184.0,126500.0,1.0,0.979,0.748,0.921,0.004,0.005,0.007,0.008,0.012,0.009,0.01,0.0,0.0,0.0,0.0,0.0,0.0,0.0,43035.0,43690.0,43262.0,43110.0,43989.0,41748.0,37841.0,1.557,282.1,15.95,2.5,3.53,2.0,-1.0,13.72,0.018,0.217,3.0,2.0,0.0,0.0,15.51,15.55,14.97,15.29,15.24,19.28,14.9,15.65,15.19,27.11
2016-06-07 22:57:00-05:00,-11.999239,-5.3236203,503410.0,18.21,0.0,0.509,18.76,0.54,275.7,274.6,272.2,0.0,0.0,0.0,1.595,0.0,60.22,0.0,1380982.0,21.78,0.0,0.0,0.0,0.0,0.0,0.0,0.0,0.0,0.0,0.0,18.27,15.13,-0.036,0.0,0.0,0.0,60.0,59.9,74.7,0.0,274.0,274.0,275.0,0.0,0.0,0.0,601.0,1371452.0,41184.0,126500.0,1.0,0.979,0.748,0.921,0.005,0.005,0.007,0.007,0.013,0.009,0.009,0.0,0.0,0.0,0.0,0.0,0.0,0.0,43035.0,43690.0,43262.0,43110.0,43989.0,41748.0,37841.0,1.543,300.2,17.81,2.5,3.53,2.0,-1.0,13.72,0.018,0.217,3.0,2.0,0.0,0.0,15.44,15.49,14.89,15.21,15.21,19.22,14.84,15.49,15.16,27.1
2016-06-07 22:58:00-05:00,-11.999239,-5.3236203,503411.0,18.2,0.0,0.509,18.66,0.558,275.7,274.6,272.2,0.0,0.0,0.0,1.6,0.0,60.21,0.0,1380982.0,21.78,0.0,0.0,0.0,0.0,0.0,0.0,0.0,0.0,0.0,0.0,18.18,15.24,-0.038,0.0,0.0,0.0,60.0,59.9,74.7,0.0,274.1,274.0,275.0,0.0,0.0,0.0,601.0,1371452.0,41184.0,126500.0,1.0,0.979,0.748,0.921,0.003,0.005,0.007,0.008,0.012,0.009,0.01,0.0,0.0,0.0,0.0,0.0,0.0,0.0,43035.0,43690.0,43262.0,43110.0,43989.0,41748.0,37841.0,1.727,299.2,8.24,2.1,3.53,2.0,-1.0,13.72,0.018,0.217,3.0,2.0,0.0,0.0,15.61,15.49,14.89,15.23,15.19,19.35,14.88,15.63,15.24,27.02
2016-06-07 22:59:00-05:00,-11.999239,-5.3236203,503412.0,18.17,0.0,0.509,18.63,0.54,276.0,274.6,272.2,0.0,0.0,0.0,1.599,0.0,60.21,0.0,1380982.0,21.78,0.0,0.0,0.0,0.0,0.0,0.0,0.0,0.0,0.0,0.0,18.21,15.3,-0.037,0.0,0.0,0.0,60.0,59.9,74.7,0.0,274.5,274.0,275.0,0.0,0.0,0.0,601.0,1371452.0,41184.0,126500.0,1.0,0.979,0.748,0.921,0.005,0.005,0.007,0.008,0.012,0.008,0.009,0.0,0.0,0.0,0.0,0.0,0.0,0.0,43035.0,43690.0,43262.0,43110.0,43989.0,41748.0,37841.0,1.14,311.3,11.59,1.8,3.53,2.0,-1.0,13.72,0.018,0.217,3.0,2.0,0.0,0.0,15.7,15.58,14.95,15.29,15.26,19.48,14.93,15.75,15.24,27.02
2016-06-07 23:00:00-05:00,-11.999239,-5.3236203,503413.0,18.15,0.0,0.509,18.65,0.594,276.0,274.9,272.4,0.0,0.0,0.0,1.633,0.0,60.21,0.0,1380982.0,21.78,0.0,0.0,0.0,0.0,0.0,0.0,0.0,0.0,0.0,0.0,18.24,15.2,-0.038,0.0,0.0,0.0,60.0,59.9,74.7,0.0,275.0,274.0,275.1,0.0,0.0,0.0,601.0,1371452.0,41184.0,126500.0,1.0,0.979,0.748,0.921,0.003,0.006,0.006,0.009,0.012,0.009,0.01,0.0,0.0,0.0,0.0,0.0,0.0,0.0,43035.0,43690.0,43262.0,43110.0,43989.0,41748.0,37841.0,1.487,295.9,13.56,2.4,3.53,2.0,-1.0,13.72,0.018,0.217,3.0,2.0,0.0,0.0,15.62,15.49,14.9,15.27,15.14,19.38,14.88,15.62,15.14,27.0
2016-06-07 23:01:00-05:00,-11.999239,-5.3236203,503414.0,18.13,0.0,0.509,18.65,0.544,275.7,274.8,272.3,0.0,0.0,0.0,1.579,0.0,60.14,0.0,1380982.0,21.77,0.0,0.0,0.0,0.0,0.0,0.0,0.0,0.0,0.0,0.0,18.24,15.48,-0.038,0.0,0.0,0.0,60.0,59.9,74.7,0.0,274.6,274.0,275.0,0.0,0.0,0.0,601.0,1371452.0,41184.0,126500.0,1.0,0.979,0.748,0.921,0.004,0.005,0.007,0.007,0.012,0.009,0.009,0.0,0.0,0.0,0.0,0.0,0.0,0.0,43035.0,43690.0,43262.0,43110.0,43989.0,41748.0,37841.0,2.647,296.1,16.53,4.3,3.53,2.0,-1.0,13.72,0.017,0.217,3.0,2.0,0.0,0.0,15.83,15.58,14.93,15.26,15.18,19.52,14.93,15.75,15.14,26.93
2016-06-07 23:02:00-05:00,-11.76163,-5.3236203,503415.0,18.11,0.0,0.509,18.66,0.54,275.9,274.8,272.2,0.0,0.0,0.0,1.582,0.0,60.15,0.0,1380982.0,21.79,0.0,0.0,0.0,0.0,0.0,0.0,0.0,0.0,0.0,0.0,18.3,15.69,-0.038,0.0,0.0,0.0,60.0,59.9,74.7,0.0,274.9,274.0,275.0,0.0,0.0,0.0,601.0,1371452.0,41184.0,126500.0,1.0,0.979,0.748,0.921,0.004,0.005,0.006,0.008,0.012,0.009,0.009,0.0,0.0,0.0,0.0,0.0,0.0,0.0,43035.0,43690.0,43262.0,43110.0,43989.0,41748.0,37841.0,3.215,302.2,14.38,4.7,3.53,2.0,-1.0,13.72,0.017,0.217,3.0,2.0,0.0,0.0,16.03,15.73,15.06,15.47,15.32,19.69,15.1,15.93,15.37,26.92
2016-06-07 23:03:00-05:00,-11.167608,-5.3236203,503416.0,18.1,0.0,0.509,18.65,0.54,275.9,274.8,272.3,0.0,0.0,0.0,1.59,0.0,60.15,0.0,1380982.0,21.78,0.0,0.0,0.0,0.0,0.0,0.0,0.0,0.0,0.0,0.0,18.35,15.59,-0.038,0.0,0.0,0.0,60.0,59.9,74.7,0.0,275.0,274.0,275.0,0.0,0.0,0.0,601.0,1371452.0,41184.0,126500.0,1.0,0.979,0.748,0.921,0.004,0.006,0.007,0.008,0.012,0.009,0.009,0.0,0.0,0.0,0.0,0.0,0.0,0.0,43035.0,43690.0,43262.0,43110.0,43989.0,41748.0,37841.0,2.098,292.8,13.62,3.7,3.53,2.0,-1.0,13.72,0.017,0.217,3.0,2.0,0.0,0.0,15.96,15.71,15.1,15.47,15.41,19.64,15.14,15.93,15.53,26.92
2016-06-07 23:04:00-05:00,-11.167608,-5.3236203,503417.0,18.08,0.0,0.509,18.72,0.54,276.2,274.9,272.3,0.0,0.0,0.0,1.559,0.0,60.15,0.0,1380982.0,21.79,0.0,0.0,0.0,0.0,0.0,0.0,0.0,0.0,0.0,0.0,18.37,15.93,-0.038,0.0,0.0,0.0,60.0,59.9,74.7,0.0,275.0,274.0,275.0,0.0,0.0,0.0,601.0,1371452.0,41184.0,126500.0,1.0,0.979,0.748,0.921,0.003,0.006,0.006,0.007,0.013,0.009,0.009,0.0,0.0,0.0,0.0,0.0,0.0,0.0,43035.0,43690.0,43262.0,43110.0,43989.0,41748.0,37841.0,2.722,309.3,21.65,5.4,3.531,2.0,-1.0,13.72,0.017,0.217,3.0,2.0,0.0,0.0,16.27,15.91,15.23,15.6,15.53,19.84,15.29,16.12,15.62,26.85
2016-06-07 23:05:00-05:00,-11.167608,-5.3236203,503418.0,18.06,0.0,0.507,18.74,0.54,276.1,275.1,272.5,0.0,0.0,0.0,1.561,0.0,60.14,0.0,1380982.0,21.78,0.0,0.0,0.0,0.0,0.0,0.0,0.0,0.0,0.0,0.0,18.35,15.92,-0.037,0.0,0.0,0.0,60.0,59.9,74.7,0.0,275.0,274.8,275.4,0.0,0.0,0.0,601.0,1371452.0,41184.0,126500.0,1.0,0.979,0.748,0.921,0.004,0.005,0.006,0.008,0.012,0.008,0.01,0.0,0.0,0.0,0.0,0.0,0.0,0.0,43035.0,43690.0,43262.0,43110.0,43989.0,41748.0,37841.0,2.225,316.5,16.98,3.8,3.531,2.0,-1.0,13.72,0.017,0.217,3.0,2.0,0.0,0.0,16.3,15.97,15.29,15.68,15.58,19.89,15.39,16.17,15.8,26.82
2016-06-07 23:06:00-05:00,-11.167608,-5.3236203,503419.0,18.05,0.0,0.509,18.76,0.54,276.2,275.2,272.6,0.0,0.0,0.0,1.562,0.0,60.13,0.0,1380982.0,21.79,0.0,0.0,0.0,0.0,0.0,0.0,0.0,0.0,0.0,0.0,18.4,16.09,-0.037,0.0,0.0,0.0,60.0,59.9,74.7,0.0,275.0,275.0,275.9,0.0,0.0,0.0,601.0,1371452.0,41184.0,126500.0,1.0,0.979,0.748,0.921,0.003,0.005,0.007,0.008,0.011,0.009,0.009,0.0,0.0,0.0,0.0,0.0,0.0,0.0,43035.0,43690.0,43262.0,43110.0,43989.0,41748.0,37841.0,2.308,301.1,23.14,3.6,3.528,2.0,-1.0,13.72,0.017,0.217,3.0,2.0,0.0,0.0,16.49,15.97,15.29,15.68,15.58,19.9,15.39,16.15,15.79,26.8
2016-06-07 23:07:00-05:00,-11.048804,-5.211544,503420.0,18.03,0.0,0.509,18.75,0.54,276.4,275.3,272.7,0.0,0.0,0.0,1.526,0.0,60.14,0.0,1380982.0,21.77,0.0,0.0,0.0,0.0,0.0,0.0,0.0,0.0,0.0,0.0,18.46,16.26,-0.038,0.0,0.0,0.0,60.0,59.9,74.7,0.0,275.0,275.0,276.0,0.0,0.0,0.0,601.0,1371452.0,41184.0,126500.0,1.0,0.979,0.748,0.921,0.004,0.005,0.006,0.008,0.012,0.008,0.01,0.0,0.0,0.0,0.0,0.0,0.0,0.0,43035.0,43690.0,43262.0,43110.0,43989.0,41748.0,37841.0,3.682,296.9,13.18,7.0,3.53,2.0,-1.0,13.72,0.017,0.217,3.0,2.0,0.0,0.0,16.66,16.14,15.39,15.76,15.67,20.01,15.49,16.22,15.81,26.72
2016-06-07 23:08:00-05:00,-10.4547825,-4.987392,503421.0,18.02,0.0,0.509,18.88,0.54,276.3,275.4,272.8,0.0,0.0,0.0,1.505,0.0,60.14,0.0,1380982.0,21.78,0.0,0.0,0.0,0.0,0.0,0.0,0.0,0.0,0.0,0.0,18.51,16.57,-0.038,0.0,0.0,0.0,60.0,59.9,74.7,0.0,275.0,275.0,276.0,0.0,0.0,0.0,601.0,1371452.0,41184.0,126500.0,1.0,0.979,0.748,0.921,0.004,0.005,0.007,0.008,0.013,0.009,0.01,0.0,0.0,0.0,0.0,0.0,0.0,0.0,43035.0,43690.0,43262.0,43110.0,43989.0,41748.0,37841.0,4.485,297.8,7.573,6.8,3.531,2.0,-1.0,13.72,0.017,0.217,3.0,2.0,0.0,0.0,16.88,16.36,15.55,15.96,15.86,20.17,15.67,16.42,16.06,26.72
2016-06-07 23:09:00-05:00,-10.3359785,-4.651163,503422.0,18.0,0.0,0.509,18.88,0.537,276.4,275.5,272.9,0.0,0.0,0.0,1.538,0.0,60.17,0.0,1380982.0,21.78,0.0,0.0,0.0,0.0,0.0,0.0,0.0,0.0,0.0,0.0,18.51,16.68,-0.038,0.0,0.0,0.0,60.0,59.9,74.7,0.0,275.0,275.0,276.0,0.0,0.0,0.0,601.0,1371452.0,41184.0,126500.0,1.0,0.979,0.748,0.921,0.004,0.005,0.006,0.006,0.012,0.009,0.009,0.0,0.0,0.0,0.0,0.0,0.0,0.0,43035.0,43690.0,43262.0,43110.0,43989.0,41748.0,37841.0,2.615,310.9,13.02,4.0,3.531,2.0,-1.0,13.72,0.017,0.217,3.0,2.0,0.0,0.0,17.0,16.55,15.71,16.1,15.99,20.28,15.81,16.6,16.22,26.67
2016-06-07 23:10:00-05:00,-10.3359785,-4.539087,503423.0,17.99,0.0,0.509,18.76,0.536,276.6,275.5,272.9,0.0,0.0,0.0,1.558,0.0,60.15,0.0,1380982.0,21.78,0.0,0.0,0.0,0.0,0.0,0.0,0.0,0.0,0.0,0.0,18.45,16.52,-0.038,0.0,0.0,0.0,60.0,59.9,74.7,0.0,275.0,275.0,276.0,0.0,0.0,0.0,601.0,1371452.0,41184.0,126500.0,1.0,0.979,0.748,0.921,0.004,0.005,0.006,0.007,0.011,0.009,0.009,0.0,0.0,0.0,0.0,0.0,0.0,0.0,43035.0,43690.0,43262.0,43110.0,43989.0,41748.0,37841.0,3.282,310.0,13.83,4.6,3.53,2.0,-1.0,13.72,0.017,0.217,3.0,2.0,0.0,0.0,16.95,16.56,15.76,16.1,15.97,20.28,15.88,16.59,16.29,26.62
2016-06-07 23:11:00-05:00,-10.3359785,-4.539087,503424.0,17.99,0.0,0.507,18.72,0.537,276.5,275.7,273.0,0.0,0.0,0.0,1.591,0.0,60.14,0.0,1380982.0,21.78,0.0,0.0,0.0,0.0,0.0,0.0,0.0,0.0,0.0,0.0,18.4,16.42,-0.038,0.0,0.0,0.0,60.0,59.9,74.7,0.0,275.0,275.0,276.0,0.0,0.0,0.0,601.0,1371452.0,41184.0,126500.0,1.0,0.979,0.748,0.921,0.004,0.006,0.006,0.008,0.012,0.008,0.009,0.0,0.0,0.0,0.0,0.0,0.0,0.0,43035.0,43690.0,43262.0,43110.0,43989.0,41748.0,37841.0,2.752,308.8,16.11,4.1,3.53,2.0,-1.0,13.72,0.017,0.217,3.0,2.0,0.0,0.0,16.85,16.49,15.76,16.07,15.97,20.23,15.86,16.56,16.29,26.59
2016-06-07 23:12:00-05:00,-10.3359785,-4.651163,503425.0,17.97,0.0,0.509,18.8,0.54,276.3,275.7,273.1,0.0,0.0,0.0,1.588,0.0,60.14,0.0,1380982.0,21.78,0.0,0.0,0.0,0.0,0.0,0.0,0.0,0.0,0.0,0.0,18.38,16.41,-0.037,0.0,0.0,0.0,60.0,59.9,74.7,0.0,275.0,275.0,276.0,0.0,0.0,0.0,601.0,1371452.0,41184.0,126500.0,1.0,0.979,0.748,0.921,0.004,0.005,0.006,0.008,0.012,0.008,0.009,0.0,0.0,0.0,0.0,0.0,0.0,0.0,43035.0,43690.0,43262.0,43110.0,43989.0,41748.0,37841.0,3.477,301.5,18.86,4.8,3.53,2.0,-1.0,13.72,0.017,0.217,3.0,2.0,0.0,0.0,16.82,16.4,15.71,16.07,16.04,20.17,15.88,16.54,16.3,26.53
2016-06-07 23:13:00-05:00,-10.3359785,-4.875315,503426.0,17.97,0.0,0.507,18.95,0.538,276.7,275.5,272.9,0.0,0.0,0.0,1.564,0.0,60.15,0.0,1380982.0,21.78,0.0,0.0,0.0,0.0,0.0,0.0,0.0,0.0,0.0,0.0,18.6,16.62,-0.034,0.0,0.0,0.0,60.0,59.9,74.7,0.0,275.0,275.0,276.0,0.0,0.0,0.0,601.0,1371452.0,41184.0,126500.0,1.0,0.979,0.748,0.921,0.004,0.005,0.006,0.008,0.012,0.009,0.01,0.0,0.0,0.0,0.0,0.0,0.0,0.0,43035.0,43690.0,43262.0,43110.0,43989.0,41748.0,37841.0,2.952,303.9,10.92,4.4,3.53,2.0,-1.0,13.72,0.017,0.217,3.0,2.0,0.0,0.0,16.94,16.55,15.78,16.17,16.07,20.25,15.88,16.64,16.37,26.53
2016-06-07 23:14:00-05:00,-10.3359785,-4.987392,503427.0,17.95,0.0,0.507,19.02,0.537,276.9,275.5,272.9,0.0,0.0,0.0,1.558,0.0,60.16,0.0,1380982.0,21.78,0.0,0.0,0.0,0.0,0.0,0.0,0.0,0.0,0.0,0.0,18.59,16.67,-0.038,0.0,0.0,0.0,60.0,59.9,74.7,0.0,275.0,275.0,276.0,0.0,0.0,0.0,601.0,1371452.0,41184.0,126500.0,1.0,0.979,0.748,0.921,0.004,0.005,0.006,0.008,0.012,0.008,0.009,0.0,0.0,0.0,0.0,0.0,0.0,0.0,43035.0,43690.0,43262.0,43110.0,43989.0,41748.0,37841.0,3.345,308.2,14.48,5.3,3.53,2.0,-1.0,13.72,0.017,0.217,3.0,2.0,0.0,0.0,17.02,16.5,15.76,16.12,15.99,20.2,15.88,16.56,16.38,26.49
2016-06-07 23:15:00-05:00,-10.692391,-4.987392,503428.0,17.95,0.0,0.509,18.9,0.536,276.7,275.4,272.8,0.0,0.0,0.0,1.542,0.0,60.12,0.0,1380982.0,21.79,0.0,0.0,0.0,0.0,0.0,0.0,0.0,0.0,0.0,0.0,18.47,16.69,-0.036,0.0,0.0,0.0,60.0,59.9,74.7,0.0,275.0,275.0,276.0,0.0,0.0,0.0,601.0,1371452.0,41184.0,126500.0,1.0,0.979,0.748,0.921,0.003,0.005,0.007,0.008,0.012,0.008,0.009,0.0,0.0,0.0,0.0,0.0,0.0,0.0,43035.0,43690.0,43262.0,43110.0,43989.0,41748.0,37841.0,3.35,310.9,13.08,4.7,3.531,2.0,-1.0,13.72,0.017,0.217,3.0,2.0,0.0,0.0,17.07,16.55,15.81,16.14,16.11,20.25,15.88,16.61,16.4,26.43
2016-06-07 23:16:00-05:00,-10.692391,-4.987392,503429.0,17.95,0.0,0.509,18.81,0.524,276.9,275.8,273.2,0.0,0.0,0.0,1.593,0.0,60.18,0.0,1380982.0,21.79,0.0,0.0,0.0,0.0,0.0,0.0,0.0,0.0,0.0,0.0,18.4,16.59,-0.038,0.0,0.0,0.0,60.0,59.9,74.7,0.0,275.8,275.1,276.0,0.0,0.0,0.0,601.0,1371452.0,41184.0,126500.0,1.0,0.979,0.748,0.921,0.003,0.005,0.007,0.008,0.011,0.007,0.009,0.0,0.0,0.0,0.0,0.0,0.0,0.0,43035.0,43690.0,43262.0,43110.0,43989.0,41748.0,37841.0,4.132,306.0,26.71,6.7,3.53,2.0,-1.0,13.72,0.017,0.217,3.0,2.0,0.0,0.0,16.95,16.61,15.88,16.17,16.12,20.23,15.88,16.61,16.48,26.4
2016-06-07 23:17:00-05:00,-10.3359785,-4.987392,503430.0,17.93,0.0,0.509,18.92,0.524,277.0,275.9,273.3,0.0,0.0,0.0,1.569,0.0,60.2,0.0,1380982.0,21.78,0.0,0.0,0.0,0.0,0.0,0.0,0.0,0.0,0.0,0.0,18.51,16.85,-0.038,0.0,0.0,0.0,60.0,59.9,74.7,0.0,276.0,275.2,276.0,0.0,0.0,0.0,601.0,1371452.0,41184.0,126500.0,1.0,0.979,0.748,0.921,0.004,0.005,0.007,0.007,0.012,0.009,0.009,0.0,0.0,0.0,0.0,0.0,0.0,0.0,43035.0,43690.0,43262.0,43110.0,43989.0,41748.0,37841.0,3.295,303.1,13.74,6.9,3.527,2.0,-1.0,13.72,0.017,0.217,3.0,2.0,0.0,0.0,17.12,16.69,15.93,16.27,16.23,20.38,16.02,16.74,16.55,26.33
2016-06-07 23:18:00-05:00,-10.3359785,-4.651163,503431.0,17.92,0.0,0.507,18.88,0.519,276.9,276.0,273.4,0.0,0.0,0.0,1.573,0.0,60.15,0.0,1380982.0,21.78,0.0,0.0,0.0,0.0,0.0,0.0,0.0,0.0,0.0,0.0,18.48,16.87,-0.038,0.0,0.0,0.0,60.0,59.9,74.7,0.0,276.0,275.3,276.1,0.0,0.0,0.0,601.0,1371452.0,41184.0,126500.0,1.0,0.979,0.748,0.921,0.004,0.005,0.007,0.008,0.012,0.009,0.009,0.0,0.0,0.0,0.0,0.0,0.0,0.0,43035.0,43690.0,43262.0,43110.0,43989.0,41748.0,37841.0,3.093,302.3,18.94,5.5,3.53,2.0,-1.0,13.72,0.017,0.217,3.0,2.0,0.0,0.0,17.18,16.76,16.01,16.35,16.27,20.46,16.09,16.85,16.48,26.33
2016-06-07 23:19:00-05:00,-10.3359785,-4.539087,503432.0,17.92,0.0,0.509,18.83,0.504,276.9,275.9,273.4,0.0,0.0,0.0,1.581,0.0,60.14,0.0,1380982.0,21.78,0.0,0.0,0.0,0.0,0.0,0.0,0.0,0.0,0.0,0.0,18.47,16.78,-0.037,0.0,0.0,0.0,60.0,59.9,74.7,0.0,276.0,275.1,276.0,0.0,0.0,0.0,601.0,1371452.0,41184.0,126500.0,1.0,0.979,0.748,0.921,0.005,0.005,0.006,0.008,0.012,0.008,0.009,0.0,0.0,0.0,0.0,0.0,0.0,0.0,43035.0,43690.0,43262.0,43110.0,43989.0,41748.0,37841.0,3.218,299.8,14.19,5.7,3.53,2.0,-1.0,13.72,0.017,0.217,3.0,2.0,0.0,0.0,17.13,16.76,15.97,16.36,16.27,20.38,16.15,16.81,16.53,26.26
2016-06-07 23:20:00-05:00,-10.3359785,-4.539087,503433.0,17.91,0.0,0.505,18.85,0.51,276.8,275.7,273.2,0.0,0.0,0.0,1.601,0.0,60.14,0.0,1380982.0,21.79,0.0,0.0,0.0,0.0,0.0,0.0,0.0,0.0,0.0,0.0,18.48,16.77,-0.038,0.0,0.0,0.0,60.0,59.9,74.7,0.0,275.6,275.0,276.0,0.0,0.0,0.0,601.0,1371452.0,41184.0,126500.0,1.0,0.979,0.748,0.921,0.004,0.005,0.006,0.008,0.012,0.008,0.009,0.0,0.0,0.0,0.0,0.0,0.0,0.0,43035.0,43690.0,43262.0,43110.0,43989.0,41748.0,37841.0,3.167,300.2,26.23,4.7,3.531,2.0,-1.0,13.72,0.017,0.217,3.0,2.0,0.0,0.0,17.08,16.76,15.99,16.36,16.32,20.41,16.15,16.79,16.48,26.23
2016-06-07 23:21:00-05:00,-10.3359785,-4.539087,503434.0,17.9,0.0,0.509,18.96,0.51,276.9,275.6,273.1,0.0,0.0,0.0,1.563,0.0,60.15,0.0,1380982.0,21.78,0.0,0.0,0.0,0.0,0.0,0.0,0.0,0.0,0.0,0.0,18.57,16.82,-0.037,0.0,0.0,0.0,60.0,59.9,74.7,0.0,275.3,275.0,276.0,0.0,0.0,0.0,601.0,1371452.0,41184.0,126500.0,1.0,0.979,0.748,0.921,0.004,0.005,0.006,0.007,0.011,0.008,0.008,0.0,0.0,0.0,0.0,0.0,0.0,0.0,43035.0,43690.0,43262.0,43110.0,43989.0,41748.0,37841.0,2.7,283.0,13.16,4.1,3.528,2.0,-1.0,13.72,0.017,0.217,3.0,2.0,0.0,0.0,17.17,16.74,16.02,16.36,16.32,20.4,16.17,16.79,16.45,26.18
2016-06-07 23:22:00-05:00,-10.3359785,-4.539087,503435.0,17.89,0.0,0.509,18.91,0.515,276.8,275.7,273.1,0.0,0.0,0.0,1.589,0.0,60.14,0.0,1380982.0,21.78,0.0,0.0,0.0,0.0,0.0,0.0,0.0,0.0,0.0,0.0,18.53,16.71,-0.038,0.0,0.0,0.0,60.0,59.9,74.7,0.0,275.2,275.0,276.0,0.0,0.0,0.0,601.0,1371452.0,41184.0,126500.0,1.0,0.979,0.748,0.921,0.002,0.005,0.006,0.008,0.013,0.008,0.009,0.0,0.0,0.0,0.0,0.0,0.0,0.0,43035.0,43690.0,43262.0,43110.0,43989.0,41748.0,37841.0,2.81,301.3,15.29,3.8,3.531,2.0,-1.0,13.72,0.017,0.217,3.0,2.0,0.0,0.0,17.07,16.71,16.01,16.38,16.28,20.38,16.17,16.77,16.38,26.13
2016-06-07 23:23:00-05:00,-10.573587,-4.875315,503436.0,17.89,0.0,0.507,18.85,0.492,276.7,275.6,273.0,0.0,0.0,0.0,1.607,0.0,60.2,0.0,1380982.0,21.77,0.0,0.0,0.0,0.0,0.0,0.0,0.0,0.0,0.0,0.0,18.49,16.6,-0.038,0.0,0.0,0.0,60.0,59.9,74.7,0.0,275.0,275.0,276.0,0.0,0.0,0.0,601.0,1371452.0,41184.0,126500.0,1.0,0.979,0.748,0.921,0.004,0.005,0.006,0.007,0.011,0.009,0.008,0.0,0.0,0.0,0.0,0.0,0.0,0.0,43035.0,43690.0,43262.0,43110.0,43989.0,41748.0,37841.0,1.862,290.9,21.3,2.9,3.531,2.0,-1.0,13.72,0.017,0.217,3.0,2.0,0.0,0.0,16.94,16.59,15.91,16.25,16.2,20.22,16.07,16.64,16.33,26.13
2016-06-07 23:24:00-05:00,-11.048804,-5.099468,503437.0,17.89,0.0,0.507,18.79,0.478,276.6,275.5,273.0,0.0,0.0,0.0,1.608,0.0,60.21,0.0,1380982.0,21.78,0.0,0.0,0.0,0.0,0.0,0.0,0.0,0.0,0.0,0.0,18.39,16.43,-0.038,0.0,0.0,0.0,60.0,59.9,74.7,0.0,275.0,275.0,276.0,0.0,0.0,0.0,601.0,1371452.0,41184.0,126500.0,1.0,0.979,0.748,0.921,0.004,0.005,0.006,0.007,0.012,0.008,0.008,0.0,0.0,0.0,0.0,0.0,0.0,0.0,43035.0,43690.0,43262.0,43110.0,43989.0,41748.0,37841.0,1.908,284.4,18.28,3.0,3.531,2.0,-1.0,13.72,0.017,0.217,3.0,2.0,0.0,0.0,16.78,16.5,15.86,16.17,16.14,20.14,15.97,16.54,16.2,26.07
2016-06-07 23:25:00-05:00,-11.167608,-5.3236203,503438.0,17.87,0.0,0.502,18.74,0.49,277.0,275.5,272.9,0.0,0.0,0.0,1.607,0.0,60.21,0.0,1380982.0,21.78,0.0,0.0,0.0,0.0,0.0,0.0,0.0,0.0,0.0,0.0,18.39,16.42,-0.038,0.0,0.0,0.0,60.0,59.9,74.7,0.0,275.0,275.0,276.0,0.0,0.0,0.0,601.0,1371452.0,41184.0,126500.0,1.0,0.979,0.748,0.921,0.005,0.005,0.006,0.007,0.012,0.008,0.009,0.0,0.0,0.0,0.0,0.0,0.0,0.0,43035.0,43690.0,43262.0,43110.0,43989.0,41748.0,37841.0,2.458,302.1,17.07,3.4,3.53,2.0,-1.0,13.72,0.017,0.217,3.0,2.0,0.0,0.0,16.75,16.43,15.76,16.07,16.05,20.09,15.88,16.46,16.09,26.04
2016-06-07 23:26:00-05:00,-11.167608,-5.3236203,503439.0,17.87,0.0,0.505,18.71,0.491,276.8,275.5,272.9,0.0,0.0,0.0,1.6,0.0,60.22,0.0,1380982.0,21.78,0.0,0.0,0.0,0.0,0.0,0.0,0.0,0.0,0.0,0.0,18.33,16.37,-0.038,0.0,0.0,0.0,60.0,59.9,74.7,0.0,275.0,275.0,276.0,0.0,0.0,0.0,601.0,1371452.0,41184.0,126500.0,1.0,0.979,0.748,0.921,0.003,0.005,0.006,0.008,0.011,0.009,0.009,0.0,0.0,0.0,0.0,0.0,0.0,0.0,43035.0,43690.0,43262.0,43110.0,43989.0,41748.0,37841.0,2.233,289.3,16.83,4.1,3.531,2.0,-1.0,13.72,0.017,0.217,3.0,2.0,0.0,0.0,16.71,16.46,15.73,16.07,15.99,20.05,15.88,16.46,16.06,25.99
2016-06-07 23:27:00-05:00,-11.167608,-5.3236203,503440.0,17.87,0.0,0.507,18.73,0.508,276.7,275.4,272.9,0.0,0.0,0.0,1.595,0.0,60.22,0.0,1380982.0,21.78,0.0,0.0,0.0,0.0,0.0,0.0,0.0,0.0,0.0,0.0,18.4,16.46,-0.038,0.0,0.0,0.0,60.0,59.9,74.7,0.0,275.0,275.0,276.0,0.0,0.0,0.0,601.0,1371452.0,41184.0,126500.0,1.0,0.979,0.748,0.921,0.004,0.005,0.006,0.007,0.011,0.008,0.009,0.0,0.0,0.0,0.0,0.0,0.0,0.0,43035.0,43690.0,43262.0,43110.0,43989.0,41748.0,37841.0,2.033,313.7,17.6,4.2,3.53,2.0,-1.0,13.72,0.017,0.217,3.0,2.0,0.0,0.0,16.74,16.46,15.73,16.07,16.02,20.09,15.88,16.46,16.03,25.94
2016-06-07 23:28:00-05:00,-11.167608,-5.3236203,503441.0,17.85,0.0,0.507,18.71,0.509,276.2,275.1,272.6,0.0,0.0,0.0,1.582,0.0,60.21,0.0,1380982.0,21.78,0.0,0.0,0.0,0.0,0.0,0.0,0.0,0.0,0.0,0.0,18.3,16.36,-0.038,0.0,0.0,0.0,60.0,59.9,74.7,0.0,275.0,275.0,276.0,0.0,0.0,0.0,601.0,1371452.0,41184.0,126500.0,1.0,0.979,0.748,0.921,0.004,0.005,0.007,0.008,0.012,0.008,0.009,0.0,0.0,0.0,0.0,0.0,0.0,0.0,43035.0,43690.0,43262.0,43110.0,43989.0,41748.0,37841.0,3.035,306.7,11.58,4.9,3.53,2.0,-1.0,13.72,0.017,0.217,3.0,2.0,0.0,0.0,16.7,16.45,15.68,16.02,15.97,20.09,15.81,16.4,16.05,25.94
2016-06-07 23:29:00-05:00,-11.167608,-5.3236203,503442.0,17.84,0.0,0.505,18.59,0.526,276.1,275.2,272.6,0.0,0.0,0.0,1.603,0.0,60.24,0.0,1380982.0,21.78,0.0,0.0,0.0,0.0,0.0,0.0,0.0,0.0,0.0,0.0,18.21,16.26,-0.038,0.0,0.0,0.0,60.0,59.9,74.7,0.0,275.0,275.0,276.0,0.0,0.0,0.0,601.0,1371452.0,41184.0,126500.0,1.0,0.979,0.748,0.921,0.004,0.005,0.007,0.008,0.012,0.007,0.009,0.0,0.0,0.0,0.0,0.0,0.0,0.0,43035.0,43690.0,43262.0,43110.0,43989.0,41748.0,37841.0,2.582,297.1,15.94,3.6,3.53,2.0,-1.0,13.72,0.017,0.217,3.0,2.0,0.0,0.0,16.61,16.33,15.68,16.02,15.92,20.1,15.81,16.33,16.09,25.94
2016-06-07 23:30:00-05:00,-11.167608,-5.3236203,503443.0,17.84,0.0,0.505,18.6,0.509,276.2,275.1,272.6,0.0,0.0,0.0,1.601,0.0,60.22,0.0,1380982.0,21.78,0.0,0.0,0.0,0.0,0.0,0.0,0.0,0.0,0.0,0.0,18.24,16.26,-0.038,0.0,0.0,0.0,60.0,59.9,74.7,0.0,275.0,275.0,276.0,0.0,0.0,0.0,601.0,1371452.0,41184.0,126500.0,1.0,0.979,0.748,0.921,0.004,0.005,0.007,0.008,0.012,0.008,0.009,0.0,0.0,0.0,0.0,0.0,0.0,0.0,43035.0,43690.0,43262.0,43110.0,43989.0,41748.0,37841.0,2.298,289.6,19.13,5.0,3.531,2.0,-1.0,13.72,0.017,0.217,3.0,2.0,0.0,0.0,16.59,16.29,15.67,15.97,15.88,20.04,15.78,16.32,15.99,25.84
2016-06-07 23:31:00-05:00,-11.167608,-5.3236203,503444.0,17.84,0.0,0.5,18.55,0.528,276.1,275.1,272.6,0.0,0.0,0.0,1.599,0.0,60.21,0.0,1380982.0,21.79,0.0,0.0,0.0,0.0,0.0,0.0,0.0,0.0,0.0,0.0,18.22,16.36,-0.038,0.0,0.0,0.0,60.0,59.9,74.7,0.0,275.0,275.0,276.0,0.0,0.0,0.0,601.0,1371452.0,41184.0,126500.0,1.0,0.979,0.748,0.921,0.004,0.005,0.006,0.007,0.013,0.008,0.009,0.0,0.0,0.0,0.0,0.0,0.0,0.0,43035.0,43690.0,43262.0,43110.0,43989.0,41748.0,37841.0,4.1,295.2,17.71,6.3,3.531,2.0,-1.0,13.72,0.017,0.217,3.0,2.0,0.0,0.0,16.67,16.4,15.7,15.99,15.89,20.12,15.78,16.35,16.03,25.84
2016-06-07 23:32:00-05:00,-11.167608,-5.3236203,503445.0,17.82,0.0,0.509,18.49,0.533,276.2,275.1,272.6,0.0,0.0,0.0,1.601,0.0,60.12,0.0,1380982.0,21.78,0.0,0.0,0.0,0.0,0.0,0.0,0.0,0.0,0.0,0.0,18.18,16.33,-0.038,0.0,0.0,0.0,60.0,59.9,74.7,0.0,275.0,275.0,276.0,0.0,0.0,0.0,601.0,1371452.0,41184.0,126500.0,1.0,0.979,0.748,0.921,0.004,0.005,0.006,0.007,0.011,0.008,0.009,0.0,0.0,0.0,0.0,0.0,0.0,0.0,43035.0,43690.0,43262.0,43110.0,43989.0,41748.0,37841.0,3.477,310.2,10.62,5.3,3.53,2.0,-1.0,13.72,0.017,0.217,3.0,2.0,0.0,0.0,16.58,16.41,15.7,16.07,15.97,20.1,15.79,16.46,16.16,25.79
2016-06-07 23:33:00-05:00,-11.167608,-5.3236203,503446.0,17.82,0.0,0.509,18.47,0.524,276.3,275.1,272.6,0.0,0.0,0.0,1.607,0.0,60.16,0.0,1380982.0,21.78,0.0,0.0,0.0,0.0,0.0,0.0,0.0,0.0,0.0,0.0,18.13,16.11,-0.037,0.0,0.0,0.0,60.0,59.9,74.7,0.0,275.0,275.0,276.0,0.0,0.0,0.0,601.0,1371452.0,41184.0,126500.0,1.0,0.979,0.748,0.921,0.005,0.005,0.006,0.008,0.012,0.008,0.008,0.0,0.0,0.0,0.0,0.0,0.0,0.0,43035.0,43690.0,43262.0,43110.0,43989.0,41748.0,37841.0,2.982,314.3,9.93,3.9,3.528,2.0,-1.0,13.72,0.017,0.217,3.0,2.0,0.0,0.0,16.49,16.23,15.62,15.94,15.88,19.95,15.73,16.31,16.19,25.74
2016-06-07 23:34:00-05:00,-11.167608,-5.3236203,503447.0,17.81,0.0,0.505,18.54,0.509,276.1,275.2,272.7,0.0,0.0,0.0,1.6,0.0,60.18,0.0,1380982.0,21.78,0.0,0.0,0.0,0.0,0.0,0.0,0.0,0.0,0.0,0.0,18.18,16.23,-0.038,0.0,0.0,0.0,60.0,59.9,74.7,0.0,275.0,275.0,276.0,0.0,0.0,0.0,601.0,1371452.0,41184.0,126500.0,1.0,0.979,0.748,0.921,0.003,0.004,0.007,0.009,0.011,0.008,0.009,0.0,0.0,0.0,0.0,0.0,0.0,0.0,43035.0,43690.0,43262.0,43110.0,43989.0,41748.0,37841.0,3.085,293.8,18.12,5.1,3.531,2.0,-1.0,13.72,0.017,0.217,3.0,2.0,0.0,0.0,16.54,16.22,15.6,15.94,15.89,20.01,15.73,16.36,16.12,25.74
2016-06-07 23:35:00-05:00,-11.167608,-5.3236203,503448.0,17.79,0.0,0.509,18.58,0.517,276.2,275.2,272.7,0.0,0.0,0.0,1.602,0.0,60.22,0.0,1380982.0,21.79,0.0,0.0,0.0,0.0,0.0,0.0,0.0,0.0,0.0,0.0,18.22,16.36,-0.038,0.0,0.0,0.0,60.0,59.9,74.7,0.0,275.0,275.0,276.0,0.0,0.0,0.0,601.0,1371452.0,41184.0,126500.0,1.0,0.979,0.748,0.921,0.004,0.004,0.006,0.008,0.012,0.008,0.009,0.0,0.0,0.0,0.0,0.0,0.0,0.0,43035.0,43690.0,43262.0,43110.0,43989.0,41748.0,37841.0,2.54,306.2,24.57,3.7,3.531,2.0,-1.0,13.72,0.017,0.217,3.0,2.0,0.0,0.0,16.63,16.3,15.66,16.07,15.97,20.09,15.81,16.46,16.17,25.68
2016-06-07 23:36:00-05:00,-11.167608,-5.3236203,503449.0,17.79,0.0,0.507,18.58,0.518,275.0,273.8,271.3,0.0,0.0,0.0,1.589,0.0,60.2,0.0,1380982.0,21.79,0.0,0.0,0.0,0.0,0.0,0.0,0.0,0.0,0.0,0.0,18.21,16.34,-0.036,0.0,0.0,0.0,60.0,59.9,74.7,0.0,273.3,273.3,274.3,0.0,0.0,0.0,601.0,1371452.0,41184.0,126500.0,1.0,0.979,0.748,0.921,0.003,0.005,0.006,0.007,0.012,0.008,0.009,0.0,0.0,0.0,0.0,0.0,0.0,0.0,43035.0,43690.0,43262.0,43110.0,43989.0,41748.0,37841.0,3.43,306.9,11.83,4.6,3.531,2.0,-1.0,13.72,0.017,0.217,3.0,2.0,0.0,0.0,16.65,16.27,15.62,16.04,15.91,20.05,15.78,16.43,16.14,25.64
2016-06-07 23:37:00-05:00,-11.167608,-5.3236203,503450.0,17.79,0.0,0.505,18.61,0.523,274.6,273.7,271.2,0.0,0.0,0.0,1.598,0.0,60.14,0.0,1380982.0,21.79,0.0,0.0,0.0,0.0,0.0,0.0,0.0,0.0,0.0,0.0,18.26,16.42,-0.038,0.0,0.0,0.0,60.0,59.9,74.7,0.0,273.1,273.0,274.0,0.0,0.0,0.0,601.0,1371452.0,41184.0,126500.0,1.0,0.979,0.748,0.921,0.004,0.005,0.006,0.007,0.012,0.007,0.009,0.0,0.0,0.0,0.0,0.0,0.0,0.0,43035.0,43690.0,43262.0,43110.0,43989.0,41748.0,37841.0,3.045,293.1,10.25,5.4,3.531,2.0,-1.0,13.72,0.017,0.217,3.0,2.0,0.0,0.0,16.74,16.27,15.52,15.96,15.88,19.99,15.75,16.41,16.14,25.58
2016-06-07 23:38:00-05:00,-11.167608,-5.3236203,503451.0,17.77,0.0,0.505,18.59,0.523,274.8,273.7,271.2,0.0,0.0,0.0,1.592,0.0,60.15,0.0,1380982.0,21.8,0.0,0.0,0.0,0.0,0.0,0.0,0.0,0.0,0.0,0.0,18.22,16.42,-0.037,0.0,0.0,0.0,60.0,59.9,74.7,0.0,273.4,273.0,274.0,0.0,0.0,0.0,601.0,1371452.0,41184.0,126500.0,1.0,0.979,0.748,0.921,0.004,0.004,0.006,0.007,0.011,0.007,0.009,0.0,0.0,0.0,0.0,0.0,0.0,0.0,43035.0,43690.0,43262.0,43110.0,43989.0,41748.0,37841.0,2.66,302.9,10.27,4.1,3.53,2.0,-1.0,13.72,0.017,0.217,3.0,2.0,0.0,0.0,16.74,16.33,15.63,16.01,15.88,20.05,15.76,16.43,16.08,25.55
2016-06-07 23:39:00-05:00,-11.167608,-5.3236203,503452.0,17.77,0.0,0.507,18.44,0.511,275.0,273.8,271.3,0.0,0.0,0.0,1.601,0.0,60.16,0.0,1380982.0,21.78,0.0,0.0,0.0,0.0,0.0,0.0,0.0,0.0,0.0,0.0,18.09,16.28,-0.038,0.0,0.0,0.0,60.0,59.9,74.7,0.0,274.0,273.2,274.0,0.0,0.0,0.0,601.0,1371452.0,41184.0,126500.0,1.0,0.979,0.748,0.921,0.003,0.005,0.006,0.008,0.012,0.008,0.009,0.0,0.0,0.0,0.0,0.0,0.0,0.0,43035.0,43690.0,43262.0,43110.0,43989.0,41748.0,37841.0,3.377,298.6,14.12,4.7,3.531,2.0,-1.0,13.72,0.017,0.217,3.0,2.0,0.0,0.0,16.68,16.23,15.63,15.97,15.88,20.02,15.78,16.36,16.09,25.55
2016-06-07 23:40:00-05:00,-11.167608,-5.3236203,503453.0,17.75,0.0,0.509,18.54,0.521,274.9,274.0,271.4,0.0,0.0,0.0,1.608,0.0,60.23,0.0,1380982.0,21.79,0.0,0.0,0.0,0.0,0.0,0.0,0.0,0.0,0.0,0.0,18.16,16.27,-0.038,0.0,0.0,0.0,60.0,59.9,74.7,0.0,274.0,273.4,274.1,0.0,0.0,0.0,601.0,1371452.0,41184.0,126500.0,1.0,0.979,0.748,0.921,0.004,0.005,0.006,0.008,0.012,0.007,0.009,0.0,0.0,0.0,0.0,0.0,0.0,0.0,43035.0,43690.0,43262.0,43110.0,43989.0,41748.0,37841.0,2.052,314.7,17.78,3.0,3.531,2.0,-1.0,13.72,0.017,0.217,3.0,2.0,0.0,0.0,16.62,16.2,15.55,16.01,15.88,19.99,15.7,16.35,16.04,25.5
2016-06-07 23:41:00-05:00,-11.167608,-5.3236203,503454.0,17.74,0.0,0.507,18.55,0.53,275.0,273.9,271.4,0.0,0.0,0.0,1.595,0.0,60.22,0.0,1380982.0,21.78,0.0,0.0,0.0,0.0,0.0,0.0,0.0,0.0,0.0,0.0,18.19,16.39,-0.038,0.0,0.0,0.0,60.0,59.9,74.7,0.0,274.0,273.5,274.3,0.0,0.0,0.0,601.0,1371452.0,41184.0,126500.0,1.0,0.979,0.748,0.921,0.003,0.005,0.006,0.007,0.012,0.008,0.009,0.0,0.0,0.0,0.0,0.0,0.0,0.0,43035.0,43690.0,43262.0,43110.0,43989.0,41748.0,37841.0,3.185,305.6,11.23,4.9,3.53,2.0,-1.0,13.72,0.017,0.217,3.0,2.0,0.0,0.0,16.65,16.23,15.55,15.93,15.8,20.0,15.66,16.29,16.01,25.45
2016-06-07 23:42:00-05:00,-11.167608,-5.3236203,503455.0,17.74,0.0,0.509,18.49,0.513,274.9,274.0,271.5,0.0,0.0,0.0,1.608,0.0,60.22,0.0,1380982.0,21.78,0.0,0.0,0.0,0.0,0.0,0.0,0.0,0.0,0.0,0.0,18.1,16.35,-0.037,0.0,0.0,0.0,60.0,59.9,74.7,0.0,274.0,273.5,274.1,0.0,0.0,0.0,601.0,1371452.0,41184.0,126500.0,1.0,0.979,0.748,0.921,0.003,0.005,0.006,0.008,0.011,0.008,0.008,0.0,0.0,0.0,0.0,0.0,0.0,0.0,43035.0,43690.0,43262.0,43110.0,43989.0,41748.0,37841.0,3.388,305.5,12.12,4.7,3.53,2.0,-1.0,13.72,0.017,0.217,3.0,2.0,0.0,0.0,16.66,16.27,15.64,15.93,15.83,19.97,15.66,16.27,16.09,25.45
2016-06-07 23:43:00-05:00,-11.167608,-5.3236203,503456.0,17.74,0.0,0.509,18.43,0.508,274.9,274.0,271.4,0.0,0.0,0.0,1.608,0.0,60.22,0.0,1380982.0,21.78,0.0,0.0,0.0,0.0,0.0,0.0,0.0,0.0,0.0,0.0,18.02,16.25,-0.038,0.0,0.0,0.0,60.0,59.9,74.7,0.0,274.0,273.8,274.4,0.0,0.0,0.0,601.0,1371452.0,41184.0,126500.0,1.0,0.979,0.748,0.921,0.004,0.004,0.006,0.008,0.012,0.007,0.008,0.0,0.0,0.0,0.0,0.0,0.0,0.0,43035.0,43690.0,43262.0,43110.0,43989.0,41748.0,37841.0,3.208,300.4,15.91,4.1,3.531,2.0,-1.0,13.72,0.017,0.217,3.0,2.0,0.0,0.0,16.61,16.27,15.56,15.86,15.77,19.89,15.58,16.25,16.17,25.4
2016-06-07 23:44:00-05:00,-11.167608,-5.3236203,503457.0,17.72,0.0,0.507,18.49,0.523,275.2,274.0,271.4,0.0,0.0,0.0,1.608,0.0,60.21,0.0,1380982.0,21.78,0.0,0.0,0.0,0.0,0.0,0.0,0.0,0.0,0.0,0.0,18.03,16.14,-0.038,0.0,0.0,0.0,60.0,59.9,74.7,0.0,274.0,274.0,274.9,0.0,0.0,0.0,601.0,1371452.0,41184.0,126500.0,1.0,0.979,0.748,0.921,0.004,0.005,0.005,0.007,0.011,0.008,0.008,0.0,0.0,0.0,0.0,0.0,0.0,0.0,43035.0,43690.0,43262.0,43110.0,43989.0,41748.0,37841.0,1.772,311.4,19.48,3.1,3.53,2.0,-1.0,13.72,0.017,0.217,3.0,2.0,0.0,0.0,16.45,16.22,15.54,15.91,15.8,19.89,15.58,16.25,16.09,25.35
2016-06-07 23:45:00-05:00,-11.167608,-5.3236203,503458.0,17.72,0.0,0.507,18.48,0.518,275.3,274.0,271.5,0.0,0.0,0.0,1.608,0.0,60.22,0.0,1380982.0,21.79,0.0,0.0,0.0,0.0,0.0,0.0,0.0,0.0,0.0,0.0,18.08,16.26,-0.038,0.0,0.0,0.0,60.0,59.9,74.7,0.0,274.0,274.0,275.0,0.0,0.0,0.0,601.0,1371452.0,41184.0,126500.0,1.0,0.979,0.748,0.921,0.004,0.004,0.006,0.007,0.012,0.007,0.009,0.0,0.0,0.0,0.0,0.0,0.0,0.0,43035.0,43690.0,43262.0,43110.0,43989.0,41748.0,37841.0,2.66,304.5,9.43,4.4,3.531,2.0,-1.0,13.72,0.017,0.217,3.0,2.0,0.0,0.0,16.51,16.24,15.55,15.9,15.78,19.87,15.58,16.25,16.09,25.35
2016-06-07 23:46:00-05:00,-11.167608,-5.3236203,503459.0,17.7,0.0,0.505,18.55,0.512,275.0,274.2,271.7,0.0,0.0,0.0,1.608,0.0,60.13,0.0,1380982.0,21.79,0.0,0.0,0.0,0.0,0.0,0.0,0.0,0.0,0.0,0.0,18.12,16.33,-0.038,0.0,0.0,0.0,60.0,59.9,74.7,0.0,274.0,274.0,275.0,0.0,0.0,0.0,601.0,1371452.0,41184.0,126500.0,1.0,0.979,0.748,0.921,0.005,0.004,0.006,0.007,0.012,0.007,0.008,0.0,0.0,0.0,0.0,0.0,0.0,0.0,43035.0,43690.0,43262.0,43110.0,43989.0,41748.0,37841.0,2.625,320.1,16.34,3.7,3.531,2.0,-1.0,13.72,0.016,0.217,3.0,2.0,0.0,0.0,16.66,16.25,15.59,15.9,15.79,19.87,15.6,16.27,16.09,25.3
2016-06-07 23:47:00-05:00,-11.167608,-5.3236203,503460.0,17.69,0.0,0.509,18.57,0.521,275.2,274.3,271.6,0.0,0.0,0.0,1.608,0.0,60.13,0.0,1380982.0,21.77,0.0,0.0,0.0,0.0,0.0,0.0,0.0,0.0,0.0,0.0,18.11,16.26,-0.037,0.0,0.0,0.0,60.0,59.9,74.7,0.0,274.0,274.0,275.0,0.0,0.0,0.0,601.0,1371452.0,41184.0,126500.0,1.0,0.979,0.748,0.921,0.004,0.005,0.007,0.007,0.012,0.007,0.008,0.0,0.0,0.0,0.0,0.0,0.0,0.0,43035.0,43690.0,43262.0,43110.0,43989.0,41748.0,37841.0,2.658,311.8,11.25,3.7,3.531,2.0,-1.0,13.72,0.017,0.217,3.0,2.0,0.0,0.0,16.61,16.09,15.45,15.76,15.65,19.73,15.49,16.17,16.08,25.25
2016-06-07 23:48:00-05:00,-11.167608,-5.3236203,503461.0,17.69,0.0,0.505,18.55,0.504,275.3,274.4,271.7,0.0,0.0,0.0,1.608,0.0,60.22,0.0,1380982.0,21.78,0.0,0.0,0.0,0.0,0.0,0.0,0.0,0.0,0.0,0.0,18.09,16.26,-0.038,0.0,0.0,0.0,60.0,59.9,74.7,0.0,274.0,274.0,275.0,0.0,0.0,0.0,601.0,1371452.0,41184.0,126500.0,1.0,0.979,0.748,0.921,0.004,0.005,0.006,0.006,0.012,0.007,0.008,0.0,0.0,0.0,0.0,0.0,0.0,0.0,43035.0,43690.0,43262.0,43110.0,43989.0,41748.0,37841.0,2.805,312.9,13.89,4.5,3.531,2.0,-1.0,13.72,0.016,0.217,3.0,2.0,0.0,0.0,16.62,16.11,15.49,15.8,15.75,19.76,15.49,16.23,16.08,25.25
2016-06-07 23:49:00-05:00,-11.167608,-5.3236203,503462.0,17.67,0.0,0.507,18.43,0.524,275.5,274.3,271.7,0.0,0.0,0.0,1.608,0.0,60.22,0.0,1380982.0,21.79,0.0,0.0,0.0,0.0,0.0,0.0,0.0,0.0,0.0,0.0,18.05,16.25,-0.038,0.0,0.0,0.0,60.0,59.9,74.7,0.0,274.0,274.0,275.0,0.0,0.0,0.0,601.0,1371452.0,41184.0,126500.0,1.0,0.979,0.748,0.921,0.003,0.004,0.006,0.008,0.013,0.007,0.009,0.0,0.0,0.0,0.0,0.0,0.0,0.0,43035.0,43690.0,43262.0,43110.0,43989.0,41748.0,37841.0,2.295,325.7,38.19,5.3,3.531,2.0,-1.0,13.72,0.016,0.216,3.0,2.0,0.0,0.0,16.55,16.25,15.53,15.85,15.68,19.79,15.53,16.25,16.03,25.17
2016-06-07 23:50:00-05:00,-11.167608,-5.3236203,503463.0,17.66,0.0,0.507,18.4,0.515,275.6,274.4,271.8,0.0,0.0,0.0,1.608,0.0,60.21,0.0,1380982.0,21.78,0.0,0.0,0.0,0.0,0.0,0.0,0.0,0.0,0.0,0.0,18.01,16.24,-0.037,0.0,0.0,0.0,60.0,59.9,74.7,0.0,274.0,274.0,275.0,0.0,0.0,0.0,601.0,1371452.0,41184.0,126500.0,1.0,0.979,0.748,0.921,0.003,0.004,0.006,0.007,0.011,0.008,0.008,0.0,0.0,0.0,0.0,0.0,0.0,0.0,43035.0,43690.0,43262.0,43110.0,43989.0,41748.0,37841.0,2.787,307.9,15.57,3.7,3.531,2.0,-1.0,13.72,0.016,0.216,3.0,2.0,0.0,0.0,16.58,16.19,15.46,15.81,15.6,19.79,15.49,16.26,15.99,25.16
2016-06-07 23:51:00-05:00,-11.167608,-5.3236203,503464.0,17.64,0.0,0.505,18.39,0.515,275.6,274.5,271.8,0.0,0.0,0.0,1.608,0.0,60.22,0.0,1380982.0,21.78,0.0,0.0,0.0,0.0,0.0,0.0,0.0,0.0,0.0,0.0,17.97,16.18,-0.037,0.0,0.0,0.0,60.0,59.9,74.7,0.0,274.0,274.0,275.0,0.0,0.0,0.0,601.0,1371452.0,41184.0,126500.0,1.0,0.979,0.748,0.921,0.004,0.004,0.006,0.007,0.012,0.008,0.009,0.0,0.0,0.0,0.0,0.0,0.0,0.0,43035.0,43690.0,43262.0,43110.0,43989.0,41748.0,37841.0,2.412,296.1,7.393,3.2,3.53,2.0,-1.0,13.72,0.016,0.216,3.0,2.0,0.0,0.0,16.52,16.12,15.46,15.76,15.63,19.71,15.47,16.15,15.93,25.16
2016-06-07 23:52:00-05:00,-11.167608,-5.3236203,503465.0,17.64,0.0,0.509,18.39,0.51,275.6,274.5,271.9,0.0,0.0,0.0,1.608,0.0,60.22,0.0,1380982.0,21.78,0.0,0.0,0.0,0.0,0.0,0.0,0.0,0.0,0.0,0.0,18.0,16.06,-0.038,0.0,0.0,0.0,60.0,59.9,74.7,0.0,274.0,274.0,275.0,0.0,0.0,0.0,601.0,1371452.0,41184.0,126500.0,1.0,0.979,0.748,0.921,0.003,0.005,0.007,0.007,0.012,0.008,0.008,0.0,0.0,0.0,0.0,0.0,0.0,0.0,43035.0,43690.0,43262.0,43110.0,43989.0,41748.0,37841.0,2.038,311.7,17.09,2.8,3.53,2.0,-1.0,13.72,0.016,0.216,3.0,2.0,0.0,0.0,16.48,16.01,15.4,15.74,15.54,19.68,15.45,16.12,15.84,25.07
2016-06-07 23:53:00-05:00,-11.524022,-5.3236203,503466.0,17.64,0.0,0.507,18.35,0.51,275.6,274.6,272.0,0.0,0.0,0.0,1.608,0.0,60.22,0.0,1380982.0,21.79,0.0,0.0,0.0,0.0,0.0,0.0,0.0,0.0,0.0,0.0,17.94,15.96,-0.038,0.0,0.0,0.0,60.0,59.9,74.7,0.0,274.0,274.0,275.0,0.0,0.0,0.0,601.0,1371452.0,41184.0,126500.0,1.0,0.979,0.748,0.921,0.004,0.005,0.006,0.007,0.011,0.008,0.008,0.0,0.0,0.0,0.0,0.0,0.0,0.0,43035.0,43690.0,43262.0,43110.0,43989.0,41748.0,37841.0,1.937,317.5,18.08,2.9,3.531,2.0,-1.0,13.72,0.016,0.217,3.0,2.0,0.0,0.0,16.34,15.99,15.38,15.68,15.49,19.61,15.41,16.08,15.8,25.06
2016-06-07 23:54:00-05:00,-11.880434,-5.3236203,503467.0,17.62,0.0,0.509,18.3,0.497,275.9,274.6,272.0,0.0,0.0,0.0,1.608,0.0,60.22,0.0,1380982.0,21.78,0.0,0.0,0.0,0.0,0.0,0.0,0.0,0.0,0.0,0.0,17.93,16.03,-0.037,0.0,0.0,0.0,60.0,59.9,74.7,0.0,274.0,274.0,275.0,0.0,0.0,0.0,601.0,1371452.0,41184.0,126500.0,1.0,0.979,0.748,0.921,0.003,0.005,0.007,0.007,0.011,0.008,0.007,0.0,0.0,0.0,0.0,0.0,0.0,0.0,43035.0,43690.0,43262.0,43110.0,43989.0,41748.0,37841.0,2.627,311.1,10.94,3.5,3.53,2.0,-1.0,13.72,0.016,0.217,3.0,2.0,0.0,0.0,16.39,15.91,15.3,15.57,15.52,19.58,15.31,15.95,15.8,25.06
2016-06-07 23:55:00-05:00,-11.999239,-5.3236203,503468.0,17.61,0.0,0.505,18.33,0.512,275.8,274.7,272.1,0.0,0.0,0.0,1.608,0.0,60.21,0.0,1380982.0,21.79,0.0,0.0,0.0,0.0,0.0,0.0,0.0,0.0,0.0,0.0,17.91,16.0,-0.038,0.0,0.0,0.0,60.0,59.9,74.7,0.0,274.0,274.0,275.0,0.0,0.0,0.0,601.0,1371452.0,41184.0,126500.0,1.0,0.979,0.748,0.921,0.004,0.004,0.006,0.007,0.012,0.007,0.008,0.0,0.0,0.0,0.0,0.0,0.0,0.0,43035.0,43690.0,43262.0,43110.0,43989.0,41748.0,37841.0,2.833,296.6,14.43,4.0,3.53,2.0,-1.0,13.72,0.016,0.216,3.0,2.0,0.0,0.0,16.37,15.93,15.31,15.59,15.49,19.61,15.31,15.98,15.8,24.99
2016-06-07 23:56:00-05:00,-11.880434,-5.3236203,503469.0,17.59,0.0,0.507,18.29,0.515,275.9,274.7,272.1,0.0,0.0,0.0,1.608,0.0,60.22,0.0,1380982.0,21.78,0.0,0.0,0.0,0.0,0.0,0.0,0.0,0.0,0.0,0.0,17.89,15.99,-0.038,0.0,0.0,0.0,60.0,59.9,74.7,0.0,274.0,274.0,275.0,0.0,0.0,0.0,601.0,1371452.0,41184.0,126500.0,1.0,0.979,0.748,0.921,0.004,0.004,0.006,0.007,0.011,0.008,0.008,0.0,0.0,0.0,0.0,0.0,0.0,0.0,43035.0,43690.0,43262.0,43110.0,43989.0,41748.0,37841.0,2.423,313.2,14.52,4.0,3.53,2.0,-1.0,13.72,0.016,0.216,3.0,2.0,0.0,0.0,16.39,15.96,15.3,15.65,15.51,19.6,15.32,16.01,15.8,24.96
2016-06-07 23:57:00-05:00,-11.880434,-5.3236203,503470.0,17.59,0.0,0.507,18.27,0.517,275.5,274.8,272.1,0.0,0.0,0.0,1.608,0.0,60.16,0.0,1380982.0,21.78,0.0,0.0,0.0,0.0,0.0,0.0,0.0,0.0,0.0,0.0,17.89,16.04,-0.038,0.0,0.0,0.0,60.0,59.9,74.7,0.0,274.0,274.0,275.0,0.0,0.0,0.0,601.0,1371452.0,41184.0,126500.0,1.0,0.979,0.748,0.921,0.003,0.004,0.006,0.007,0.012,0.007,0.008,0.0,0.0,0.0,0.0,0.0,0.0,0.0,43035.0,43690.0,43262.0,43110.0,43989.0,41748.0,37841.0,2.775,294.7,9.65,4.0,3.531,2.0,-1.0,13.72,0.016,0.216,3.0,2.0,0.0,0.0,16.49,15.91,15.22,15.57,15.48,19.53,15.29,15.95,15.75,24.96
2016-06-07 23:58:00-05:00,-11.405217,-5.3236203,503471.0,17.57,0.0,0.5,18.27,0.519,275.6,274.8,272.1,0.0,0.0,0.0,1.608,0.0,60.14,0.0,1380982.0,21.77,0.0,0.0,0.0,0.0,0.0,0.0,0.0,0.0,0.0,0.0,17.96,16.14,-0.034,0.0,0.0,0.0,60.0,59.9,74.7,0.0,274.0,274.0,275.0,0.0,0.0,0.0,601.0,1371452.0,41184.0,126500.0,1.0,0.979,0.748,0.921,0.004,0.004,0.006,0.007,0.012,0.008,0.008,0.0,0.0,0.0,0.0,0.0,0.0,0.0,43035.0,43690.0,43262.0,43110.0,43989.0,41748.0,37841.0,3.342,300.0,6.962,4.5,3.531,2.0,-1.0,13.72,0.016,0.217,3.0,2.0,0.0,0.0,16.57,15.96,15.3,15.69,15.56,19.66,15.31,16.08,15.75,24.89
2016-06-07 23:59:00-05:00,-11.167608,-5.3236203,503472.0,17.56,0.0,0.509,18.19,0.511,275.8,274.7,272.1,0.0,0.0,0.0,1.608,0.0,60.15,0.0,1380982.0,21.78,0.0,0.0,0.0,0.0,0.0,0.0,0.0,0.0,0.0,0.0,17.8,15.96,-0.038,0.0,0.0,0.0,60.0,59.9,74.7,0.0,274.0,274.0,275.0,0.0,0.0,0.0,601.0,1371452.0,41184.0,126500.0,1.0,0.979,0.748,0.921,0.003,0.004,0.005,0.007,0.012,0.008,0.008,0.0,0.0,0.0,0.0,0.0,0.0,0.0,43035.0,43690.0,43262.0,43110.0,43989.0,41748.0,37841.0,2.682,299.3,9.82,3.5,3.53,2.0,-1.0,13.72,0.016,0.217,3.0,2.0,0.0,0.0,16.42,15.95,15.3,15.69,15.57,19.66,15.36,16.08,15.75,24.86
