TIMESTAMP,Pyra1_Wm2_Avg,Pyra2_Wm2_Avg,RECORD,CR1000Temp_C_Avg,DoorOpen_Min,RefCell1_Wm2_Avg,AmbTemp_C_Avg,InvVDVoltage_V_Avg,InvVa_Avg,InvVb_Avg,InvVc_Avg,InvIa_Avg,InvIb_Avg,InvIc_Avg,InvVDCin_Avg,InvIDCin_Avg,InvFreq_Avg,InvPAC_kW_Avg,InvEtot_kWh_Max,InvVPVin_Avg,InvPDC_kW_Avg,InvOpStatus_Avg,InvMainFault_Max,InvDriveFault_Max,InvVoltageFault_Max,InvGridFault_Max,InvTempFault_Max,InvSystemFault_Max,InvSystemWarn_Max,InvPVMStatus_Max,SEWSAmbientTemp_C_Avg,SEWSModuleTemp_C_Avg,SEWSPOAIrrad_Wm2_Avg,PwrMtrIa_Avg,PwrMtrIb_Avg,PwrMtrIc_Avg,PwrMtrFreq_Avg,PwrMtrFreqMin_Min,PwrMtrFreqMax_Max,PwrMtrPhaseRev_Avg,PwrMtrVa_Avg,PwrMtrVb_Avg,PwrMtrVc_Avg,PwrMtrP_kW_Avg,PwrMtrP_kVAR_Avg,PwrMtrP_kVA_Avg,PwrMtrEdel_kWh_Max,PwrMtrErec_kWh_Max,PwrMtrEdel_kVARh_Max,PwrMtrErec_kVARh_Max,PwrMtrPF_Avg,PwrMtrVaTHDMax_Max,PwrMtrVbTHDMax_Max,PwrMtrVcTHDMax_Max,ShuntCurrent_A_Avg_1,ShuntCurrent_A_Avg_2,ShuntCurrent_A_Avg_3,ShuntCurrent_A_Avg_4,ShuntCurrent_A_Avg_5,ShuntCurrent_A_Avg_6,ShuntCurrent_A_Avg_7,ShuntPDC_kW_Avg_1,ShuntPDC_kW_Avg_2,ShuntPDC_kW_Avg_3,ShuntPDC_kW_Avg_4,ShuntPDC_kW_Avg_5,ShuntPDC_kW_Avg_6,ShuntPDC_kW_Avg_7,ShuntEtot_kWh_Max_1,ShuntEtot_kWh_Max_2,ShuntEtot_kWh_Max_3,ShuntEtot_kWh_Max_4,ShuntEtot_kWh_Max_5,ShuntEtot_kWh_Max_6,ShuntEtot_kWh_Max_7,WindSpeedAve_ms,WindDirAve_deg,WindDirStdDev_deg,WindSpeed_ms_Max,WindRef_V_Min,WindHeatStateID_Avg,WindValid_Avg,Battery_V_Min,Battery_A_Avg,Load_A_Avg,ChgState_Min,ChgSource_Min,CkBatt_Max,Qloss_Ah_Max,RTD_C_Avg_1,RTD_C_Avg_2,RTD_C_Avg_3,RTD_C_Avg_4,RTD_C_Avg_5,RTD_C_Avg_6,RTD_C_Avg_7,RTD_C_Avg_8,RTD_C_Avg_9,RTD_C_Avg_10
2016-06-09 00:00:00-05:00,-12.712065,-5.3236203,504913,12.39,0.0,0.149,13.92,0.59,276.4,274.9,272.1,0.0,0.0,0.0,2.225,0.0,60.21,0.0,1382679.0,21.79,0.0,0.0,0.0,0.0,0.0,0.0,0.0,0.0,0.0,0.0,13.35,8.87,-0.038,0.0,0.0,0.0,60.0,59.9,74.7,0.0,275.0,274.5,275.0,0.0,0.0,0.0,601.0,1373157.0,41210.0,126676.0,1.0,0.979,0.748,0.921,0.003,0.004,0.006,0.006,0.011,0.007,0.008,0.0,0.0,0.0,0.0,0.0,0.0,0.0,43302.0,43960.0,43528.0,43378.0,44259.0,42012.0,38052.0,0.983,253.3,9.31,1.3,3.531,2.0,-1.0,13.82,0.014,0.215,3.0,2.0,0.0,0.0,9.35,9.46,8.68,9.1,9.07,12.67,8.45,9.41,8.98,22.46
2016-06-09 00:01:00-05:00,-12.712065,-5.3236203,504914,12.37,0.0,0.15,13.95,0.583,276.5,274.9,272.0,0.0,0.0,0.0,2.227,0.0,60.21,0.0,1382679.0,21.78,0.0,0.0,0.0,0.0,0.0,0.0,0.0,0.0,0.0,0.0,13.33,8.87,-0.038,0.0,0.0,0.0,60.0,59.9,74.7,0.0,275.0,274.7,275.0,0.0,0.0,0.0,601.0,1373157.0,41210.0,126676.0,1.0,0.979,0.748,0.921,0.004,0.005,0.005,0.007,0.011,0.007,0.008,0.0,0.0,0.0,0.0,0.0,0.0,0.0,43302.0,43960.0,43528.0,43378.0,44259.0,42012.0,38052.0,0.857,259.1,16.28,1.1,3.531,2.0,-1.0,13.82,0.014,0.215,3.0,2.0,0.0,0.0,9.35,9.46,8.68,9.07,9.07,12.66,8.33,9.36,8.96,22.46
2016-06-09 00:02:00-05:00,-12.712065,-5.3236203,504915,12.36,0.0,0.15,13.99,0.593,276.6,274.8,271.9,0.0,0.0,0.0,2.234,0.0,60.15,0.0,1382679.0,21.77,0.0,0.0,0.0,0.0,0.0,0.0,0.0,0.0,0.0,0.0,13.47,8.96,-0.038,0.0,0.0,0.0,60.0,59.9,74.7,0.0,275.0,274.4,275.0,0.0,0.0,0.0,601.0,1373157.0,41210.0,126676.0,1.0,0.979,0.748,0.921,0.003,0.005,0.005,0.007,0.011,0.007,0.008,0.0,0.0,0.0,0.0,0.0,0.0,0.0,43302.0,43960.0,43528.0,43378.0,44259.0,42012.0,38052.0,0.903,254.0,9.58,1.3,3.531,2.0,-1.0,13.82,0.014,0.215,3.0,2.0,0.0,0.0,9.35,9.39,8.64,9.02,9.03,12.63,8.36,9.36,8.88,22.37
2016-06-09 00:03:00-05:00,-12.355653,-5.3236203,504916,12.35,0.0,0.151,14.02,0.583,277.1,275.8,272.8,0.0,0.0,0.0,2.23,0.0,60.15,0.0,1382679.0,21.78,0.0,0.0,0.0,0.0,0.0,0.0,0.0,0.0,0.0,0.0,13.46,8.95,-0.037,0.0,0.0,0.0,60.0,59.9,74.7,0.0,275.8,275.2,275.8,0.0,0.0,0.0,601.0,1373157.0,41210.0,126676.0,1.0,0.979,0.748,0.921,0.003,0.004,0.006,0.007,0.011,0.007,0.008,0.0,0.0,0.0,0.0,0.0,0.0,0.0,43302.0,43960.0,43528.0,43378.0,44259.0,42012.0,38052.0,0.957,256.0,14.38,1.3,3.531,2.0,-1.0,13.82,0.014,0.214,3.0,2.0,0.0,0.0,9.35,9.36,8.58,8.97,9.07,12.81,8.45,9.39,8.88,22.36
2016-06-09 00:04:00-05:00,-11.999239,-5.3236203,504917,12.33,0.0,0.151,14.03,0.599,277.1,276.1,273.2,0.0,0.0,0.0,2.236,0.0,60.13,0.0,1382679.0,21.76,0.0,0.0,0.0,0.0,0.0,0.0,0.0,0.0,0.0,0.0,13.49,8.99,-0.038,0.0,0.0,0.0,60.0,59.9,74.7,0.0,276.0,275.9,276.0,0.0,0.0,0.0,601.0,1373157.0,41210.0,126676.0,1.0,0.979,0.748,0.921,0.003,0.004,0.005,0.007,0.011,0.007,0.008,0.0,0.0,0.0,0.0,0.0,0.0,0.0,43302.0,43960.0,43528.0,43378.0,44259.0,42012.0,38052.0,1.065,269.6,18.03,1.8,3.531,2.0,-1.0,13.82,0.014,0.215,3.0,2.0,0.0,0.0,9.37,9.38,8.58,8.98,8.97,12.88,8.35,9.47,8.88,22.35
2016-06-09 00:05:00-05:00,-11.999239,-5.3236203,504918,12.31,0.0,0.151,14.09,0.616,276.8,275.9,273.1,0.0,0.0,0.0,2.274,0.0,60.13,0.0,1382679.0,21.78,0.0,0.0,0.0,0.0,0.0,0.0,0.0,0.0,0.0,0.0,13.55,9.07,-0.037,0.0,0.0,0.0,60.0,59.9,74.7,0.0,276.0,275.1,276.0,0.0,0.0,0.0,601.0,1373157.0,41210.0,126676.0,1.0,0.979,0.748,0.921,0.003,0.004,0.006,0.006,0.011,0.007,0.008,0.0,0.0,0.0,0.0,0.0,0.0,0.0,43302.0,43960.0,43528.0,43378.0,44259.0,42012.0,38052.0,0.99,266.0,13.06,1.2,3.531,2.0,-1.0,13.82,0.014,0.214,3.0,2.0,0.0,0.0,9.5,9.49,8.61,9.0,9.13,12.89,8.45,9.43,8.98,22.28
2016-06-09 00:06:00-05:00,-11.999239,-5.3236203,504919,12.3,0.0,0.151,14.11,0.576,276.9,275.7,273.0,0.0,0.0,0.0,2.247,0.0,60.15,0.0,1382679.0,21.78,0.0,0.0,0.0,0.0,0.0,0.0,0.0,0.0,0.0,0.0,13.52,9.11,-0.038,0.0,0.0,0.0,60.0,59.9,74.7,0.0,276.0,275.0,276.0,0.0,0.0,0.0,601.0,1373157.0,41210.0,126676.0,1.0,0.979,0.748,0.921,0.002,0.004,0.005,0.006,0.011,0.007,0.008,0.0,0.0,0.0,0.0,0.0,0.0,0.0,43302.0,43960.0,43528.0,43378.0,44259.0,42012.0,38052.0,1.21,259.4,15.17,1.7,3.531,2.0,-1.0,13.82,0.014,0.214,3.0,2.0,0.0,0.0,9.53,9.74,8.79,9.2,9.18,13.15,8.56,9.61,9.01,22.26
2016-06-09 00:07:00-05:00,-11.76163,-5.3236203,504920,12.29,0.0,0.156,14.14,0.574,277.1,275.5,272.8,0.0,0.0,0.0,2.241,0.0,60.15,0.0,1382679.0,21.77,0.0,0.0,0.0,0.0,0.0,0.0,0.0,0.0,0.0,0.0,13.52,9.14,-0.038,0.0,0.0,0.0,60.0,59.9,74.7,0.0,276.0,275.0,276.0,0.0,0.0,0.0,601.0,1373157.0,41210.0,126676.0,1.0,0.979,0.748,0.921,0.003,0.004,0.005,0.006,0.012,0.007,0.008,0.0,0.0,0.0,0.0,0.0,0.0,0.0,43302.0,43960.0,43528.0,43378.0,44259.0,42012.0,38052.0,1.118,272.2,21.24,1.8,3.531,2.0,-1.0,13.82,0.014,0.215,3.0,2.0,0.0,0.0,9.55,9.73,8.87,9.34,9.26,13.18,8.64,9.68,9.09,22.26
2016-06-09 00:08:00-05:00,-11.167608,-5.3236203,504921,12.28,0.0,0.159,14.1,0.571,277.0,275.6,272.9,0.0,0.0,0.0,2.239,0.0,60.15,0.0,1382679.0,21.77,0.0,0.0,0.0,0.0,0.0,0.0,0.0,0.0,0.0,0.0,13.54,9.2,-0.038,0.0,0.0,0.0,60.0,59.9,74.7,0.0,276.0,275.0,276.0,0.0,0.0,0.0,601.0,1373157.0,41210.0,126676.0,1.0,0.979,0.748,0.921,0.004,0.004,0.005,0.007,0.011,0.007,0.008,0.0,0.0,0.0,0.0,0.0,0.0,0.0,43302.0,43960.0,43528.0,43378.0,44259.0,42012.0,38052.0,1.032,270.0,11.22,1.8,3.531,2.0,-1.0,13.82,0.014,0.215,3.0,2.0,0.0,0.0,9.61,9.72,8.89,9.36,9.28,13.28,8.68,9.73,9.17,22.23
2016-06-09 00:09:00-05:00,-11.167608,-5.3236203,504922,12.26,0.0,0.161,14.18,0.567,276.9,275.7,273.0,0.0,0.0,0.0,2.232,0.0,60.14,0.0,1382679.0,21.77,0.0,0.0,0.0,0.0,0.0,0.0,0.0,0.0,0.0,0.0,13.59,9.38,-0.038,0.0,0.0,0.0,60.0,59.9,74.7,0.0,276.0,275.0,276.0,0.0,0.0,0.0,601.0,1373157.0,41210.0,126676.0,1.0,0.979,0.748,0.921,0.004,0.003,0.005,0.006,0.011,0.007,0.009,0.0,0.0,0.0,0.0,0.0,0.0,0.0,43302.0,43960.0,43528.0,43378.0,44259.0,42012.0,38052.0,0.903,271.2,16.56,1.2,3.531,2.0,-1.0,13.82,0.013,0.215,3.0,2.0,0.0,0.0,9.73,9.8,8.94,9.36,9.33,13.32,8.68,9.77,9.17,22.16
2016-06-09 00:10:00-05:00,-11.167608,-5.3236203,504923,12.26,0.0,0.159,14.28,0.563,276.9,275.7,273.0,0.0,0.0,0.0,2.252,0.0,60.15,0.0,1382679.0,21.77,0.0,0.0,0.0,0.0,0.0,0.0,0.0,0.0,0.0,0.0,13.69,9.53,-0.038,0.0,0.0,0.0,60.0,59.9,74.7,0.0,276.0,275.0,276.0,0.0,0.0,0.0,601.0,1373157.0,41210.0,126676.0,1.0,0.979,0.748,0.921,0.002,0.004,0.005,0.005,0.011,0.009,0.008,0.0,0.0,0.0,0.0,0.0,0.0,0.0,43302.0,43960.0,43528.0,43378.0,44259.0,42012.0,38052.0,0.95,278.5,16.67,1.3,3.531,2.0,-1.0,13.82,0.014,0.215,3.0,2.0,0.0,0.0,9.86,9.94,8.97,9.46,9.34,13.43,8.74,9.77,9.17,22.16
2016-06-09 00:11:00-05:00,-11.167608,-5.3236203,504924,12.24,0.0,0.158,14.27,0.569,277.1,275.5,272.9,0.0,0.0,0.0,2.243,0.0,60.14,0.0,1382679.0,21.78,0.0,0.0,0.0,0.0,0.0,0.0,0.0,0.0,0.0,0.0,13.74,9.7,-0.038,0.0,0.0,0.0,60.0,59.9,74.7,0.0,275.9,275.0,276.0,0.0,0.0,0.0,601.0,1373157.0,41210.0,126676.0,1.0,0.979,0.748,0.921,0.004,0.004,0.005,0.006,0.011,0.007,0.008,0.0,0.0,0.0,0.0,0.0,0.0,0.0,43302.0,43960.0,43528.0,43378.0,44259.0,42012.0,38052.0,1.3,291.5,10.98,2.4,3.531,2.0,-1.0,13.82,0.013,0.215,3.0,2.0,0.0,0.0,10.04,9.98,9.08,9.55,9.49,13.53,8.87,9.96,9.17,22.16
2016-06-09 00:12:00-05:00,-10.573587,-5.3236203,504925,12.23,0.0,0.157,14.29,0.565,276.9,275.6,272.9,0.0,0.0,0.0,2.24,0.0,60.14,0.0,1382679.0,21.78,0.0,0.0,0.0,0.0,0.0,0.0,0.0,0.0,0.0,0.0,13.84,9.79,-0.038,0.0,0.0,0.0,60.0,59.9,74.7,0.0,275.0,275.0,276.0,0.0,0.0,0.0,601.0,1373157.0,41210.0,126676.0,1.0,0.979,0.748,0.921,0.003,0.004,0.005,0.006,0.011,0.007,0.008,0.0,0.0,0.0,0.0,0.0,0.0,0.0,43302.0,43960.0,43528.0,43378.0,44259.0,42012.0,38052.0,1.513,269.6,24.51,2.4,3.531,2.0,-1.0,13.82,0.013,0.214,3.0,2.0,0.0,0.0,10.13,10.09,9.18,9.63,9.55,13.64,8.97,10.08,9.25,22.15
2016-06-09 00:13:00-05:00,-10.3359785,-5.211544,504926,12.21,0.0,0.158,14.32,0.548,276.9,275.6,272.9,0.0,0.0,0.0,2.256,0.0,60.14,0.0,1382679.0,21.78,0.0,0.0,0.0,0.0,0.0,0.0,0.0,0.0,0.0,0.0,13.81,9.86,-0.038,0.0,0.0,0.0,60.0,59.9,74.7,0.0,275.1,275.0,276.0,0.0,0.0,0.0,601.0,1373157.0,41210.0,126676.0,1.0,0.979,0.748,0.921,0.003,0.003,0.004,0.007,0.011,0.007,0.008,0.0,0.0,0.0,0.0,0.0,0.0,0.0,43302.0,43960.0,43528.0,43378.0,44259.0,42012.0,38052.0,1.102,288.3,14.67,1.9,3.531,2.0,-1.0,13.82,0.013,0.215,3.0,2.0,0.0,0.0,10.25,10.14,9.26,9.72,9.65,13.68,9.07,10.16,9.28,22.08
2016-06-09 00:14:00-05:00,-10.3359785,-4.651163,504927,12.21,0.0,0.161,14.31,0.55,276.6,275.7,273.0,0.0,0.0,0.0,2.257,0.0,60.14,0.0,1382679.0,21.78,0.0,0.0,0.0,0.0,0.0,0.0,0.0,0.0,0.0,0.0,13.83,9.96,-0.038,0.0,0.0,0.0,60.0,59.9,74.7,0.0,275.0,275.0,276.0,0.0,0.0,0.0,601.0,1373157.0,41210.0,126676.0,1.0,0.979,0.748,0.921,0.002,0.004,0.005,0.007,0.011,0.007,0.008,0.0,0.0,0.0,0.0,0.0,0.0,0.0,43302.0,43960.0,43528.0,43378.0,44259.0,42012.0,38052.0,1.508,293.5,14.81,2.3,3.531,2.0,-1.0,13.82,0.013,0.215,3.0,2.0,0.0,0.0,10.35,10.24,9.36,9.8,9.75,13.67,9.16,10.3,9.38,22.07
2016-06-09 00:15:00-05:00,-10.3359785,-4.539087,504928,12.2,0.0,0.16,14.36,0.546,276.4,275.0,272.5,0.0,0.0,0.0,2.274,0.0,60.14,0.0,1382679.0,21.78,0.0,0.0,0.0,0.0,0.0,0.0,0.0,0.0,0.0,0.0,13.85,10.07,-0.037,0.0,0.0,0.0,60.0,59.9,74.7,0.0,275.2,274.8,275.5,0.0,0.0,0.0,601.0,1373157.0,41210.0,126676.0,1.0,0.979,0.748,0.921,0.003,0.005,0.005,0.006,0.01,0.007,0.008,0.0,0.0,0.0,0.0,0.0,0.0,0.0,43302.0,43960.0,43528.0,43378.0,44259.0,42012.0,38052.0,1.55,295.3,11.32,2.3,3.531,2.0,-1.0,13.82,0.013,0.215,3.0,2.0,0.0,0.0,10.46,10.29,9.37,9.81,9.75,13.74,9.23,10.39,9.46,22.03
2016-06-09 00:16:00-05:00,-10.3359785,-4.651163,504929,12.19,0.0,0.162,14.45,0.541,276.4,275.1,272.3,0.0,0.0,0.0,2.239,0.0,60.14,0.0,1382679.0,21.78,0.0,0.0,0.0,0.0,0.0,0.0,0.0,0.0,0.0,0.0,13.97,10.35,-0.037,0.0,0.0,0.0,60.0,59.9,74.7,0.0,275.0,274.9,275.4,0.0,0.0,0.0,601.0,1373157.0,41210.0,126676.0,1.0,0.979,0.748,0.921,0.003,0.004,0.005,0.006,0.01,0.007,0.008,0.0,0.0,0.0,0.0,0.0,0.0,0.0,43302.0,43960.0,43528.0,43378.0,44259.0,42012.0,38052.0,1.657,298.3,12.58,2.5,3.532,2.0,-1.0,13.82,0.013,0.215,3.0,2.0,0.0,0.0,10.72,10.43,9.51,9.91,9.8,13.84,9.33,10.5,9.63,21.97
2016-06-09 00:17:00-05:00,-10.3359785,-5.099468,504930,12.19,0.0,0.163,14.42,0.541,276.4,275.1,272.2,0.0,0.0,0.0,2.243,0.0,60.14,0.0,1382679.0,21.78,0.0,0.0,0.0,0.0,0.0,0.0,0.0,0.0,0.0,0.0,13.92,10.43,-0.038,0.0,0.0,0.0,60.0,59.9,74.7,0.0,275.0,274.8,275.0,0.0,0.0,0.0,601.0,1373157.0,41210.0,126676.0,1.0,0.979,0.748,0.921,0.003,0.004,0.005,0.006,0.011,0.007,0.007,0.0,0.0,0.0,0.0,0.0,0.0,0.0,43302.0,43960.0,43528.0,43378.0,44259.0,42012.0,38052.0,1.773,289.6,10.63,2.4,3.531,2.0,-1.0,13.82,0.013,0.215,3.0,2.0,0.0,0.0,10.87,10.53,9.61,10.03,9.88,13.76,9.41,10.55,9.66,21.97
2016-06-09 00:18:00-05:00,-10.3359785,-4.987392,504931,12.18,0.0,0.161,14.41,0.54,276.2,274.9,272.0,0.0,0.0,0.0,2.251,0.0,60.15,0.0,1382679.0,21.77,0.0,0.0,0.0,0.0,0.0,0.0,0.0,0.0,0.0,0.0,13.89,10.48,-0.038,0.0,0.0,0.0,60.0,59.9,74.7,0.0,275.0,274.7,275.0,0.0,0.0,0.0,601.0,1373157.0,41210.0,126676.0,1.0,0.979,0.748,0.921,0.003,0.004,0.005,0.006,0.011,0.007,0.009,0.0,0.0,0.0,0.0,0.0,0.0,0.0,43302.0,43960.0,43528.0,43378.0,44259.0,42012.0,38052.0,2.02,286.3,9.52,3.3,3.531,2.0,-1.0,13.82,0.013,0.215,3.0,2.0,0.0,0.0,10.91,10.58,9.7,10.09,9.96,13.85,9.55,10.69,9.66,21.97
2016-06-09 00:19:00-05:00,-10.3359785,-4.875315,504932,12.16,0.0,0.164,14.42,0.54,276.4,274.9,272.0,0.0,0.0,0.0,2.242,0.0,60.14,0.0,1382679.0,21.78,0.0,0.0,0.0,0.0,0.0,0.0,0.0,0.0,0.0,0.0,13.91,10.61,-0.038,0.0,0.0,0.0,60.0,59.9,74.7,0.0,275.0,274.8,275.0,0.0,0.0,0.0,601.0,1373157.0,41210.0,126676.0,1.0,0.979,0.748,0.921,0.002,0.004,0.004,0.007,0.011,0.007,0.008,0.0,0.0,0.0,0.0,0.0,0.0,0.0,43302.0,43960.0,43528.0,43378.0,44259.0,42012.0,38052.0,1.965,290.3,11.05,2.7,3.53,2.0,-1.0,13.82,0.013,0.215,3.0,2.0,0.0,0.0,11.03,10.68,9.77,10.17,10.04,13.95,9.65,10.78,9.76,21.97
2016-06-09 00:20:00-05:00,-10.3359785,-4.539087,504933,12.16,0.0,0.163,14.33,0.54,276.5,274.9,272.0,0.0,0.0,0.0,2.222,0.0,60.16,0.0,1382679.0,21.79,0.0,0.0,0.0,0.0,0.0,0.0,0.0,0.0,0.0,0.0,13.88,10.68,-0.038,0.0,0.0,0.0,60.0,59.9,74.7,0.0,275.0,275.0,275.0,0.0,0.0,0.0,601.0,1373157.0,41210.0,126676.0,1.0,0.979,0.748,0.921,0.002,0.003,0.004,0.006,0.01,0.007,0.008,0.0,0.0,0.0,0.0,0.0,0.0,0.0,43302.0,43960.0,43528.0,43378.0,44259.0,42012.0,38052.0,1.92,286.2,10.1,2.5,3.53,2.0,-1.0,13.82,0.013,0.215,3.0,2.0,0.0,0.0,11.11,10.73,9.85,10.24,10.13,13.97,9.75,10.87,9.85,21.9
2016-06-09 00:21:00-05:00,-10.3359785,-4.539087,504934,12.16,0.0,0.162,14.32,0.54,276.4,275.0,272.1,0.0,0.0,0.0,2.268,0.0,60.14,0.0,1382679.0,21.77,0.0,0.0,0.0,0.0,0.0,0.0,0.0,0.0,0.0,0.0,13.84,10.72,-0.037,0.0,0.0,0.0,60.0,59.9,74.7,0.0,275.0,275.0,275.0,0.0,0.0,0.0,601.0,1373157.0,41210.0,126676.0,1.0,0.979,0.748,0.921,0.003,0.004,0.005,0.007,0.011,0.007,0.008,0.0,0.0,0.0,0.0,0.0,0.0,0.0,43302.0,43960.0,43528.0,43378.0,44259.0,42012.0,38052.0,1.708,289.5,9.43,2.4,3.531,2.0,-1.0,13.82,0.013,0.215,3.0,2.0,0.0,0.0,11.11,10.73,9.95,10.34,10.16,14.02,9.8,10.97,9.85,21.87
2016-06-09 00:22:00-05:00,-10.3359785,-4.7632394,504935,12.16,0.0,0.16,14.3,0.54,276.3,275.1,272.1,0.0,0.0,0.0,2.248,0.0,60.14,0.0,1382679.0,21.77,0.0,0.0,0.0,0.0,0.0,0.0,0.0,0.0,0.0,0.0,13.81,10.78,-0.037,0.0,0.0,0.0,60.0,59.9,74.7,0.0,275.0,275.0,275.0,0.0,0.0,0.0,601.0,1373157.0,41210.0,126676.0,1.0,0.979,0.748,0.921,0.003,0.004,0.005,0.007,0.01,0.006,0.007,0.0,0.0,0.0,0.0,0.0,0.0,0.0,43302.0,43960.0,43528.0,43378.0,44259.0,42012.0,38052.0,1.495,294.8,8.36,2.1,3.531,2.0,-1.0,13.82,0.013,0.215,3.0,2.0,0.0,0.0,11.11,10.79,10.01,10.43,10.22,13.84,9.85,10.94,9.94,21.87
2016-06-09 00:23:00-05:00,-10.3359785,-5.211544,504936,12.16,0.0,0.159,14.23,0.54,276.4,275.3,272.4,0.0,0.0,0.0,2.249,0.0,60.13,0.0,1382679.0,21.77,0.0,0.0,0.0,0.0,0.0,0.0,0.0,0.0,0.0,0.0,13.78,10.78,-0.038,0.0,0.0,0.0,60.0,59.9,74.7,0.0,275.0,275.0,275.4,0.0,0.0,0.0,601.0,1373157.0,41210.0,126676.0,1.0,0.979,0.748,0.921,0.002,0.004,0.004,0.006,0.011,0.007,0.007,0.0,0.0,0.0,0.0,0.0,0.0,0.0,43302.0,43960.0,43528.0,43378.0,44259.0,42012.0,38052.0,1.723,286.5,9.24,2.5,3.531,2.0,-1.0,13.82,0.013,0.215,3.0,2.0,0.0,0.0,11.11,10.79,10.04,10.35,10.21,13.81,9.94,10.94,9.93,21.79
2016-06-09 00:24:00-05:00,-10.3359785,-5.3236203,504937,12.16,0.0,0.161,14.21,0.54,276.8,275.3,272.4,0.0,0.0,0.0,2.256,0.0,60.13,0.0,1382679.0,21.77,0.0,0.0,0.0,0.0,0.0,0.0,0.0,0.0,0.0,0.0,13.71,10.8,-0.038,0.0,0.0,0.0,60.0,59.9,74.7,0.0,275.1,275.0,275.9,0.0,0.0,0.0,601.0,1373157.0,41210.0,126676.0,1.0,0.979,0.748,0.921,0.003,0.004,0.005,0.007,0.011,0.008,0.007,0.0,0.0,0.0,0.0,0.0,0.0,0.0,43302.0,43960.0,43528.0,43378.0,44259.0,42012.0,38052.0,1.693,293.9,8.98,2.3,3.532,2.0,-1.0,13.82,0.013,0.214,3.0,2.0,0.0,0.0,11.21,10.76,10.09,10.42,10.22,13.84,9.96,10.97,9.95,21.77
2016-06-09 00:25:00-05:00,-10.3359785,-5.3236203,504938,12.16,0.0,0.162,14.19,0.54,276.8,275.5,272.5,0.0,0.0,0.0,2.253,0.0,60.18,0.0,1382679.0,21.78,0.0,0.0,0.0,0.0,0.0,0.0,0.0,0.0,0.0,0.0,13.67,10.8,-0.038,0.0,0.0,0.0,60.0,59.9,74.7,0.0,275.4,275.0,276.0,0.0,0.0,0.0,601.0,1373157.0,41210.0,126676.0,1.0,0.979,0.748,0.921,0.003,0.004,0.005,0.006,0.011,0.007,0.007,0.0,0.0,0.0,0.0,0.0,0.0,0.0,43302.0,43960.0,43528.0,43378.0,44259.0,42012.0,38052.0,1.298,296.8,10.78,1.8,3.531,2.0,-1.0,13.82,0.013,0.214,3.0,2.0,0.0,0.0,11.27,10.82,10.13,10.45,10.27,13.85,10.04,11.02,9.95,21.77
2016-06-09 00:26:00-05:00,-10.4547825,-5.3236203,504939,12.16,0.0,0.161,14.07,0.54,277.1,275.5,272.5,0.0,0.0,0.0,2.277,0.0,60.14,0.0,1382679.0,21.77,0.0,0.0,0.0,0.0,0.0,0.0,0.0,0.0,0.0,0.0,13.62,10.77,-0.038,0.0,0.0,0.0,60.0,59.9,74.7,0.0,275.9,275.0,276.0,0.0,0.0,0.0,601.0,1373157.0,41210.0,126676.0,1.0,0.979,0.748,0.921,0.003,0.004,0.005,0.006,0.011,0.007,0.008,0.0,0.0,0.0,0.0,0.0,0.0,0.0,43302.0,43960.0,43528.0,43378.0,44259.0,42012.0,38052.0,1.44,293.8,8.97,2.0,3.531,2.0,-1.0,13.82,0.013,0.215,3.0,2.0,0.0,0.0,11.21,10.78,10.09,10.43,10.27,13.84,10.04,11.02,9.87,21.77
2016-06-09 00:27:00-05:00,-11.048804,-5.3236203,504940,12.16,0.0,0.159,14.04,0.54,276.8,275.7,272.7,0.0,0.0,0.0,2.268,0.0,60.15,0.0,1382679.0,21.77,0.0,0.0,0.0,0.0,0.0,0.0,0.0,0.0,0.0,0.0,13.57,10.79,-0.037,0.0,0.0,0.0,60.0,59.9,74.7,0.0,275.2,275.0,276.0,0.0,0.0,0.0,601.0,1373157.0,41210.0,126676.0,1.0,0.979,0.748,0.921,0.004,0.004,0.005,0.006,0.011,0.006,0.008,0.0,0.0,0.0,0.0,0.0,0.0,0.0,43302.0,43960.0,43528.0,43378.0,44259.0,42012.0,38052.0,1.31,301.3,11.89,1.8,3.531,2.0,-1.0,13.82,0.013,0.215,3.0,2.0,0.0,0.0,11.26,10.73,10.11,10.43,10.24,13.82,10.04,11.02,9.87,21.69
2016-06-09 00:28:00-05:00,-11.167608,-5.3236203,504941,12.16,0.0,0.161,14.0,0.54,276.9,275.8,272.8,0.0,0.0,0.0,2.302,0.0,60.14,0.0,1382679.0,21.77,0.0,0.0,0.0,0.0,0.0,0.0,0.0,0.0,0.0,0.0,13.51,10.62,-0.037,0.0,0.0,0.0,60.0,59.9,74.7,0.0,275.1,275.0,276.0,0.0,0.0,0.0,601.0,1373157.0,41210.0,126676.0,1.0,0.979,0.748,0.921,0.002,0.004,0.004,0.007,0.011,0.007,0.008,0.0,0.0,0.0,0.0,0.0,0.0,0.0,43302.0,43960.0,43528.0,43378.0,44259.0,42012.0,38052.0,1.263,289.9,10.62,1.9,3.531,2.0,-1.0,13.82,0.013,0.215,3.0,2.0,0.0,0.0,11.09,10.74,10.04,10.35,10.27,13.66,9.96,10.92,9.84,21.68
2016-06-09 00:29:00-05:00,-11.167608,-5.3236203,504942,12.16,0.0,0.162,13.92,0.54,277.0,275.6,272.6,0.0,0.0,0.0,2.361,0.0,60.14,0.0,1382679.0,21.78,0.0,0.0,0.0,0.0,0.0,0.0,0.0,0.0,0.0,0.0,13.45,10.4,-0.038,0.0,0.0,0.0,60.0,59.9,74.7,0.0,275.1,275.0,276.0,0.0,0.0,0.0,601.0,1373157.0,41210.0,126676.0,1.0,0.979,0.748,0.921,0.002,0.003,0.005,0.006,0.011,0.007,0.008,0.0,0.0,0.0,0.0,0.0,0.0,0.0,43302.0,43960.0,43528.0,43378.0,44259.0,42012.0,38052.0,1.105,292.1,12.07,1.4,3.531,2.0,-1.0,13.82,0.013,0.214,3.0,2.0,0.0,0.0,10.9,10.61,9.98,10.34,10.19,13.66,9.96,10.85,9.76,21.66
2016-06-09 00:30:00-05:00,-11.167608,-5.3236203,504943,12.15,0.0,0.161,13.94,0.54,276.8,275.6,272.6,0.0,0.0,0.0,2.388,0.0,60.15,0.0,1382679.0,21.78,0.0,0.0,0.0,0.0,0.0,0.0,0.0,0.0,0.0,0.0,13.44,10.38,-0.038,0.0,0.0,0.0,60.0,59.9,74.7,0.0,275.0,275.0,276.0,0.0,0.0,0.0,601.0,1373157.0,41210.0,126676.0,1.0,0.979,0.748,0.921,0.003,0.004,0.005,0.006,0.011,0.006,0.007,0.0,0.0,0.0,0.0,0.0,0.0,0.0,43302.0,43960.0,43528.0,43378.0,44259.0,42012.0,38052.0,1.285,297.3,12.95,2.2,3.531,2.0,-1.0,13.82,0.013,0.214,3.0,2.0,0.0,0.0,10.85,10.55,9.86,10.29,10.14,13.55,9.93,10.76,9.76,21.64
2016-06-09 00:31:00-05:00,-11.76163,-5.3236203,504944,12.14,0.0,0.159,13.88,0.54,276.9,275.6,272.6,0.0,0.0,0.0,2.346,0.0,60.15,0.0,1382679.0,21.77,0.0,0.0,0.0,0.0,0.0,0.0,0.0,0.0,0.0,0.0,13.42,10.27,-0.038,0.0,0.0,0.0,60.0,59.9,74.7,0.0,275.0,275.0,276.0,0.0,0.0,0.0,601.0,1373157.0,41210.0,126676.0,1.0,0.979,0.748,0.921,0.003,0.004,0.005,0.006,0.011,0.007,0.008,0.0,0.0,0.0,0.0,0.0,0.0,0.0,43302.0,43960.0,43528.0,43378.0,44259.0,42012.0,38052.0,1.575,302.8,11.09,2.4,3.531,2.0,-1.0,13.82,0.013,0.214,3.0,2.0,0.0,0.0,10.73,10.53,9.9,10.24,10.14,13.55,9.85,10.74,9.84,21.58
2016-06-09 00:32:00-05:00,-11.880434,-5.3236203,504945,12.14,0.0,0.158,13.87,0.541,276.9,275.5,272.5,0.0,0.0,0.0,2.4,0.0,60.15,0.0,1382679.0,21.79,0.0,0.0,0.0,0.0,0.0,0.0,0.0,0.0,0.0,0.0,13.42,10.13,-0.038,0.0,0.0,0.0,60.0,59.9,74.7,0.0,275.0,275.0,276.0,0.0,0.0,0.0,601.0,1373157.0,41210.0,126676.0,1.0,0.979,0.748,0.921,0.002,0.003,0.004,0.006,0.011,0.007,0.007,0.0,0.0,0.0,0.0,0.0,0.0,0.0,43302.0,43960.0,43528.0,43378.0,44259.0,42012.0,38052.0,1.427,295.5,10.22,2.0,3.531,2.0,-1.0,13.82,0.013,0.214,3.0,2.0,0.0,0.0,10.6,10.53,9.86,10.29,10.14,13.56,9.92,10.81,9.85,21.58
2016-06-09 00:33:00-05:00,-11.405217,-5.3236203,504946,12.14,0.0,0.159,13.9,0.541,276.9,275.6,272.6,0.0,0.0,0.0,2.402,0.0,60.15,0.0,1382679.0,21.77,0.0,0.0,0.0,0.0,0.0,0.0,0.0,0.0,0.0,0.0,13.42,10.01,-0.038,0.0,0.0,0.0,60.0,59.9,74.7,0.0,275.0,275.0,276.0,0.0,0.0,0.0,601.0,1373157.0,41210.0,126676.0,1.0,0.979,0.748,0.921,0.003,0.003,0.005,0.006,0.011,0.007,0.008,0.0,0.0,0.0,0.0,0.0,0.0,0.0,43302.0,43960.0,43528.0,43378.0,44259.0,42012.0,38052.0,1.52,296.2,13.21,1.9,3.532,2.0,-1.0,13.82,0.013,0.215,3.0,2.0,0.0,0.0,10.49,10.52,9.85,10.29,10.08,13.51,9.89,10.74,9.85,21.58
2016-06-09 00:34:00-05:00,-11.167608,-5.3236203,504947,12.12,0.0,0.162,13.93,0.54,276.5,275.8,272.7,0.0,0.0,0.0,2.39,0.0,60.15,0.0,1382679.0,21.78,0.0,0.0,0.0,0.0,0.0,0.0,0.0,0.0,0.0,0.0,13.42,10.13,-0.034,0.0,0.0,0.0,60.0,59.9,74.7,0.0,275.0,275.0,276.0,0.0,0.0,0.0,601.0,1373157.0,41210.0,126676.0,1.0,0.979,0.748,0.921,0.002,0.004,0.005,0.006,0.012,0.006,0.007,0.0,0.0,0.0,0.0,0.0,0.0,0.0,43302.0,43960.0,43528.0,43378.0,44259.0,42012.0,38052.0,1.28,288.9,19.26,1.7,3.532,2.0,-1.0,13.82,0.013,0.215,3.0,2.0,0.0,0.0,10.52,10.53,9.87,10.3,10.14,13.51,9.89,10.73,9.82,21.53
2016-06-09 00:35:00-05:00,-11.167608,-5.3236203,504948,12.12,0.0,0.16,13.87,0.54,276.9,275.7,272.6,0.0,0.0,0.0,2.415,0.0,60.16,0.0,1382679.0,21.78,0.0,0.0,0.0,0.0,0.0,0.0,0.0,0.0,0.0,0.0,13.32,9.95,-0.038,0.0,0.0,0.0,60.0,59.9,74.7,0.0,275.0,275.0,276.0,0.0,0.0,0.0,601.0,1373157.0,41210.0,126676.0,1.0,0.979,0.748,0.921,0.003,0.003,0.004,0.006,0.011,0.006,0.009,0.0,0.0,0.0,0.0,0.0,0.0,0.0,43302.0,43960.0,43528.0,43378.0,44259.0,42012.0,38052.0,1.422,285.3,11.13,2.0,3.531,2.0,-1.0,13.82,0.013,0.214,3.0,2.0,0.0,0.0,10.41,10.43,9.93,10.34,10.16,13.61,9.96,10.79,9.84,21.48
2016-06-09 00:36:00-05:00,-11.167608,-5.3236203,504949,12.12,0.0,0.162,13.92,0.54,275.6,274.6,271.6,0.0,0.0,0.0,2.438,0.0,60.21,0.0,1382679.0,21.77,0.0,0.0,0.0,0.0,0.0,0.0,0.0,0.0,0.0,0.0,13.37,9.9,-0.038,0.0,0.0,0.0,60.0,59.9,74.7,0.0,274.3,274.3,274.5,0.0,0.0,0.0,601.0,1373157.0,41210.0,126676.0,1.0,0.979,0.748,0.921,0.003,0.004,0.005,0.006,0.011,0.006,0.007,0.0,0.0,0.0,0.0,0.0,0.0,0.0,43302.0,43960.0,43528.0,43378.0,44259.0,42012.0,38052.0,1.523,285.3,13.74,2.1,3.531,2.0,-1.0,13.82,0.013,0.214,3.0,2.0,0.0,0.0,10.33,10.47,9.85,10.27,10.14,13.46,9.85,10.71,9.85,21.48
2016-06-09 00:37:00-05:00,-11.167608,-5.3236203,504950,12.12,0.0,0.165,14.0,0.541,275.3,274.2,271.1,0.0,0.0,0.0,2.448,0.0,60.22,0.0,1382679.0,21.78,0.0,0.0,0.0,0.0,0.0,0.0,0.0,0.0,0.0,0.0,13.52,9.98,-0.038,0.0,0.0,0.0,60.0,59.9,74.7,0.0,274.0,274.0,274.0,0.0,0.0,0.0,601.0,1373157.0,41210.0,126676.0,1.0,0.979,0.748,0.921,0.003,0.004,0.005,0.006,0.011,0.007,0.008,0.0,0.0,0.0,0.0,0.0,0.0,0.0,43302.0,43960.0,43528.0,43378.0,44259.0,42012.0,38052.0,1.455,293.1,10.05,1.9,3.531,2.0,-1.0,13.82,0.013,0.215,3.0,2.0,0.0,0.0,10.33,10.43,9.85,10.24,10.14,13.48,9.85,10.71,9.85,21.4
2016-06-09 00:38:00-05:00,-11.167608,-5.3236203,504951,12.1,0.0,0.167,14.01,0.543,275.5,274.2,271.2,0.0,0.0,0.0,2.474,0.0,60.21,0.0,1382679.0,21.77,0.0,0.0,0.0,0.0,0.0,0.0,0.0,0.0,0.0,0.0,13.5,9.86,-0.038,0.0,0.0,0.0,60.0,59.9,74.7,0.0,274.0,274.0,274.0,0.0,0.0,0.0,601.0,1373157.0,41210.0,126676.0,1.0,0.979,0.748,0.921,0.003,0.003,0.004,0.007,0.011,0.006,0.007,0.0,0.0,0.0,0.0,0.0,0.0,0.0,43302.0,43960.0,43528.0,43378.0,44259.0,42012.0,38052.0,0.977,267.4,34.87,1.5,3.528,2.0,-1.0,13.82,0.013,0.215,3.0,2.0,0.0,0.0,10.33,10.37,9.76,10.19,10.14,13.35,9.76,10.61,9.85,21.38
2016-06-09 00:39:00-05:00,-11.167608,-5.3236203,504952,12.09,0.0,0.164,14.13,0.541,275.6,274.2,271.2,0.0,0.0,0.0,2.399,0.0,60.23,0.0,1382679.0,21.77,0.0,0.0,0.0,0.0,0.0,0.0,0.0,0.0,0.0,0.0,13.64,9.89,-0.036,0.0,0.0,0.0,60.0,59.9,74.7,0.0,274.0,274.0,274.0,0.0,0.0,0.0,601.0,1373157.0,41210.0,126676.0,1.0,0.979,0.748,0.921,0.003,0.003,0.005,0.006,0.01,0.007,0.007,0.0,0.0,0.0,0.0,0.0,0.0,0.0,43302.0,43960.0,43528.0,43378.0,44259.0,42012.0,38052.0,1.152,283.6,17.9,1.7,3.531,2.0,-1.0,13.82,0.013,0.215,3.0,2.0,0.0,0.0,10.33,10.34,9.75,10.21,10.14,13.3,9.75,10.53,9.85,21.38
2016-06-09 00:40:00-05:00,-11.167608,-5.3236203,504953,12.09,0.0,0.163,14.21,0.54,275.7,274.1,271.2,0.0,0.0,0.0,2.432,0.0,60.23,0.0,1382679.0,21.79,0.0,0.0,0.0,0.0,0.0,0.0,0.0,0.0,0.0,0.0,13.63,9.82,-0.038,0.0,0.0,0.0,60.0,59.9,74.7,0.0,274.0,274.0,274.0,0.0,0.0,0.0,601.0,1373157.0,41210.0,126676.0,1.0,0.979,0.748,0.921,0.004,0.003,0.005,0.006,0.01,0.006,0.008,0.0,0.0,0.0,0.0,0.0,0.0,0.0,43302.0,43960.0,43528.0,43378.0,44259.0,42012.0,38052.0,1.107,289.3,8.79,1.8,3.532,2.0,-1.0,13.82,0.013,0.215,3.0,2.0,0.0,0.0,10.26,10.32,9.75,10.21,10.14,13.4,9.75,10.63,9.77,21.38
2016-06-09 00:41:00-05:00,-11.167608,-5.3236203,504954,12.08,0.0,0.163,14.1,0.54,275.7,274.2,271.2,0.0,0.0,0.0,2.392,0.0,60.19,0.0,1382679.0,21.77,0.0,0.0,0.0,0.0,0.0,0.0,0.0,0.0,0.0,0.0,13.52,9.75,-0.037,0.0,0.0,0.0,60.0,59.9,74.7,0.0,274.0,274.0,274.0,0.0,0.0,0.0,601.0,1373157.0,41210.0,126676.0,1.0,0.979,0.748,0.921,0.003,0.003,0.006,0.005,0.011,0.007,0.007,0.0,0.0,0.0,0.0,0.0,0.0,0.0,43302.0,43960.0,43528.0,43378.0,44259.0,42012.0,38052.0,1.335,282.6,10.52,1.8,3.531,2.0,-1.0,13.82,0.013,0.215,3.0,2.0,0.0,0.0,10.17,10.24,9.75,10.14,10.13,13.35,9.72,10.55,9.76,21.31
2016-06-09 00:42:00-05:00,-11.880434,-5.3236203,504955,12.07,0.0,0.165,14.09,0.54,275.5,274.3,271.3,0.0,0.0,0.0,2.448,0.0,60.15,0.0,1382679.0,21.76,0.0,0.0,0.0,0.0,0.0,0.0,0.0,0.0,0.0,0.0,13.49,9.7,-0.038,0.0,0.0,0.0,60.0,59.9,74.7,0.0,274.0,274.0,274.0,0.0,0.0,0.0,601.0,1373157.0,41210.0,126676.0,1.0,0.979,0.748,0.921,0.002,0.003,0.004,0.006,0.011,0.008,0.008,0.0,0.0,0.0,0.0,0.0,0.0,0.0,43302.0,43960.0,43528.0,43378.0,44259.0,42012.0,38052.0,0.99,288.4,13.35,1.4,3.53,2.0,-1.0,13.82,0.013,0.214,3.0,2.0,0.0,0.0,10.13,10.24,9.65,10.14,10.06,13.25,9.58,10.5,9.76,21.28
2016-06-09 00:43:00-05:00,-11.999239,-5.3236203,504956,12.07,0.0,0.163,14.14,0.54,275.7,274.2,271.3,0.0,0.0,0.0,2.512,0.0,60.19,0.0,1382679.0,21.78,0.0,0.0,0.0,0.0,0.0,0.0,0.0,0.0,0.0,0.0,13.63,9.71,-0.038,0.0,0.0,0.0,60.0,59.9,74.7,0.0,274.0,274.0,274.0,0.0,0.0,0.0,601.0,1373157.0,41210.0,126676.0,1.0,0.979,0.748,0.921,0.002,0.003,0.003,0.005,0.011,0.007,0.008,0.0,0.0,0.0,0.0,0.0,0.0,0.0,43302.0,43960.0,43528.0,43378.0,44259.0,42012.0,38052.0,1.263,282.4,8.87,1.8,3.53,2.0,-1.0,13.82,0.013,0.214,3.0,2.0,0.0,0.0,10.13,10.24,9.63,10.11,10.02,13.2,9.59,10.45,9.67,21.28
2016-06-09 00:44:00-05:00,-11.999239,-5.3236203,504957,12.07,0.0,0.164,14.09,0.541,275.6,274.3,271.3,0.0,0.0,0.0,2.569,0.0,60.15,0.0,1382679.0,21.78,0.0,0.0,0.0,0.0,0.0,0.0,0.0,0.0,0.0,0.0,13.57,9.67,-0.038,0.0,0.0,0.0,60.0,59.9,74.7,0.0,274.0,274.0,274.2,0.0,0.0,0.0,601.0,1373157.0,41210.0,126676.0,1.0,0.979,0.748,0.921,0.003,0.003,0.005,0.005,0.011,0.006,0.007,0.0,0.0,0.0,0.0,0.0,0.0,0.0,43302.0,43960.0,43528.0,43378.0,44259.0,42012.0,38052.0,1.103,277.8,9.28,1.5,3.531,2.0,-1.0,13.82,0.013,0.214,3.0,2.0,0.0,0.0,10.02,10.27,9.62,10.04,9.99,13.15,9.55,10.34,9.63,21.25
2016-06-09 00:45:00-05:00,-11.999239,-5.3236203,504958,12.07,0.0,0.165,14.05,0.543,275.6,274.1,271.2,0.0,0.0,0.0,2.506,0.0,60.14,0.0,1382679.0,21.78,0.0,0.0,0.0,0.0,0.0,0.0,0.0,0.0,0.0,0.0,13.5,9.62,-0.038,0.0,0.0,0.0,60.0,59.9,74.7,0.0,274.0,274.0,274.0,0.0,0.0,0.0,601.0,1373157.0,41210.0,126676.0,1.0,0.979,0.748,0.921,0.003,0.003,0.004,0.006,0.01,0.007,0.007,0.0,0.0,0.0,0.0,0.0,0.0,0.0,43302.0,43960.0,43528.0,43378.0,44259.0,42012.0,38052.0,1.168,282.7,10.0,1.5,3.531,2.0,-1.0,13.82,0.013,0.214,3.0,2.0,0.0,0.0,9.94,10.15,9.57,9.99,9.94,13.07,9.46,10.35,9.56,21.22
2016-06-09 00:46:00-05:00,-11.999239,-5.4356966,504959,12.05,0.0,0.163,14.03,0.54,275.0,273.7,270.7,0.0,0.0,0.0,2.582,0.0,60.13,0.0,1382679.0,21.76,0.0,0.0,0.0,0.0,0.0,0.0,0.0,0.0,0.0,0.0,13.47,9.64,-0.037,0.0,0.0,0.0,60.0,59.9,74.7,0.0,274.0,273.1,274.0,0.0,0.0,0.0,601.0,1373157.0,41210.0,126676.0,1.0,0.979,0.748,0.921,0.003,0.003,0.004,0.006,0.011,0.007,0.007,0.0,0.0,0.0,0.0,0.0,0.0,0.0,43302.0,43960.0,43528.0,43378.0,44259.0,42012.0,38052.0,1.315,283.1,7.622,1.6,3.531,2.0,-1.0,13.82,0.013,0.215,3.0,2.0,0.0,0.0,9.94,10.14,9.55,9.94,9.88,13.04,9.39,10.27,9.56,21.19
2016-06-09 00:47:00-05:00,-11.999239,-5.8840017,504960,12.05,0.0,0.161,13.98,0.54,275.0,273.6,270.6,0.0,0.0,0.0,2.603,0.0,60.15,0.0,1382679.0,21.77,0.0,0.0,0.0,0.0,0.0,0.0,0.0,0.0,0.0,0.0,13.4,9.52,-0.038,0.0,0.0,0.0,60.0,59.9,74.7,0.0,274.0,273.0,274.0,0.0,0.0,0.0,601.0,1373157.0,41210.0,126676.0,1.0,0.979,0.748,0.921,0.003,0.003,0.004,0.006,0.01,0.006,0.007,0.0,0.0,0.0,0.0,0.0,0.0,0.0,43302.0,43960.0,43528.0,43378.0,44259.0,42012.0,38052.0,1.263,281.6,7.426,1.6,3.531,2.0,-1.0,13.82,0.013,0.215,3.0,2.0,0.0,0.0,9.89,10.14,9.54,9.94,9.86,13.07,9.36,10.34,9.52,21.19
2016-06-09 00:48:00-05:00,-11.999239,-5.6598487,504961,12.04,0.0,0.163,13.97,0.54,275.2,273.6,270.7,0.0,0.0,0.0,2.61,0.0,60.15,0.0,1382679.0,21.77,0.0,0.0,0.0,0.0,0.0,0.0,0.0,0.0,0.0,0.0,13.37,9.5,-0.038,0.0,0.0,0.0,60.0,59.9,74.7,0.0,274.0,273.0,274.0,0.0,0.0,0.0,601.0,1373157.0,41210.0,126676.0,1.0,0.979,0.748,0.921,0.003,0.003,0.005,0.006,0.01,0.006,0.007,0.0,0.0,0.0,0.0,0.0,0.0,0.0,43302.0,43960.0,43528.0,43378.0,44259.0,42012.0,38052.0,1.432,283.5,6.353,2.0,3.531,2.0,-1.0,13.82,0.013,0.214,3.0,2.0,0.0,0.0,9.82,10.06,9.54,9.96,9.85,13.04,9.37,10.4,9.46,21.19
2016-06-09 00:49:00-05:00,-11.999239,-5.3236203,504962,12.03,0.0,0.164,14.03,0.54,274.9,273.8,270.8,0.0,0.0,0.0,2.667,0.0,60.14,0.0,1382679.0,21.76,0.0,0.0,0.0,0.0,0.0,0.0,0.0,0.0,0.0,0.0,13.55,9.57,-0.038,0.0,0.0,0.0,60.0,59.9,74.7,0.0,274.0,273.0,274.0,0.0,0.0,0.0,601.0,1373157.0,41210.0,126676.0,1.0,0.979,0.748,0.921,0.002,0.004,0.005,0.006,0.011,0.006,0.007,0.0,0.0,0.0,0.0,0.0,0.0,0.0,43302.0,43960.0,43528.0,43378.0,44259.0,42012.0,38052.0,1.347,286.4,13.52,1.8,3.531,2.0,-1.0,13.82,0.013,0.214,3.0,2.0,0.0,0.0,9.86,10.06,9.55,9.96,9.81,12.91,9.37,10.35,9.5,21.12
2016-06-09 00:50:00-05:00,-11.999239,-5.3236203,504963,12.02,0.0,0.162,14.07,0.54,275.2,273.6,270.6,0.0,0.0,0.0,2.529,0.0,60.14,0.0,1382679.0,21.78,0.0,0.0,0.0,0.0,0.0,0.0,0.0,0.0,0.0,0.0,13.6,9.71,-0.038,0.0,0.0,0.0,60.0,59.9,74.7,0.0,274.0,273.0,274.0,0.0,0.0,0.0,601.0,1373157.0,41210.0,126676.0,1.0,0.979,0.748,0.921,0.003,0.003,0.004,0.006,0.011,0.006,0.006,0.0,0.0,0.0,0.0,0.0,0.0,0.0,43302.0,43960.0,43528.0,43378.0,44259.0,42012.0,38052.0,1.63,287.3,8.69,2.5,3.531,2.0,-1.0,13.82,0.013,0.214,3.0,2.0,0.0,0.0,9.99,10.09,9.55,9.94,9.85,13.02,9.36,10.37,9.54,21.09
2016-06-09 00:51:00-05:00,-11.642826,-5.3236203,504964,12.02,0.0,0.165,14.04,0.54,275.3,273.5,270.6,0.0,0.0,0.0,2.644,0.0,60.14,0.0,1382679.0,21.77,0.0,0.0,0.0,0.0,0.0,0.0,0.0,0.0,0.0,0.0,13.5,9.7,-0.038,0.0,0.0,0.0,60.0,59.9,74.7,0.0,274.0,273.0,274.0,0.0,0.0,0.0,601.0,1373157.0,41210.0,126676.0,1.0,0.979,0.748,0.921,0.002,0.003,0.004,0.006,0.011,0.006,0.007,0.0,0.0,0.0,0.0,0.0,0.0,0.0,43302.0,43960.0,43528.0,43378.0,44259.0,42012.0,38052.0,1.608,292.8,5.052,2.1,3.531,2.0,-1.0,13.82,0.013,0.214,3.0,2.0,0.0,0.0,10.04,10.14,9.55,10.01,9.85,13.07,9.41,10.43,9.56,21.09
2016-06-09 00:52:00-05:00,-11.167608,-5.3236203,504965,12.02,0.0,0.164,14.03,0.54,275.5,273.6,270.8,0.0,0.0,0.0,2.574,0.0,60.2,0.0,1382679.0,21.77,0.0,0.0,0.0,0.0,0.0,0.0,0.0,0.0,0.0,0.0,13.46,9.74,-0.038,0.0,0.0,0.0,60.0,59.9,74.7,0.0,274.0,273.0,274.0,0.0,0.0,0.0,601.0,1373157.0,41210.0,126676.0,1.0,0.979,0.748,0.921,0.002,0.004,0.005,0.006,0.011,0.006,0.007,0.0,0.0,0.0,0.0,0.0,0.0,0.0,43302.0,43960.0,43528.0,43378.0,44259.0,42012.0,38052.0,1.217,293.3,8.16,1.8,3.531,2.0,-1.0,13.82,0.013,0.214,3.0,2.0,0.0,0.0,10.04,10.14,9.57,10.02,9.85,13.14,9.44,10.45,9.58,21.09
2016-06-09 00:53:00-05:00,-11.167608,-5.3236203,504966,12.01,0.0,0.162,13.99,0.544,275.2,273.9,271.0,0.0,0.0,0.0,2.602,0.0,60.23,0.0,1382679.0,21.75,0.0,0.0,0.0,0.0,0.0,0.0,0.0,0.0,0.0,0.0,13.44,9.81,-0.038,0.0,0.0,0.0,60.0,59.9,74.7,0.0,274.0,273.0,274.0,0.0,0.0,0.0,601.0,1373157.0,41210.0,126676.0,1.0,0.979,0.748,0.921,0.002,0.004,0.005,0.006,0.011,0.007,0.007,0.0,0.0,0.0,0.0,0.0,0.0,0.0,43302.0,43960.0,43528.0,43378.0,44259.0,42012.0,38052.0,0.868,301.9,7.022,1.1,3.531,2.0,-1.0,13.82,0.013,0.214,3.0,2.0,0.0,0.0,10.1,10.17,9.59,10.06,9.85,13.2,9.46,10.5,9.62,20.99
2016-06-09 00:54:00-05:00,-11.405217,-5.3236203,504967,12.0,0.0,0.161,13.94,0.54,275.5,273.7,270.8,0.0,0.0,0.0,2.614,0.0,60.17,0.0,1382679.0,21.78,0.0,0.0,0.0,0.0,0.0,0.0,0.0,0.0,0.0,0.0,13.38,9.84,-0.038,0.0,0.0,0.0,60.0,59.9,74.7,0.0,274.0,273.0,274.0,0.0,0.0,0.0,601.0,1373157.0,41210.0,126676.0,1.0,0.979,0.748,0.921,0.002,0.004,0.005,0.006,0.011,0.006,0.007,0.0,0.0,0.0,0.0,0.0,0.0,0.0,43302.0,43960.0,43528.0,43378.0,44259.0,42012.0,38052.0,0.855,302.6,7.532,1.1,3.531,2.0,-1.0,13.82,0.013,0.214,3.0,2.0,0.0,0.0,10.22,10.24,9.57,10.01,9.85,13.15,9.46,10.45,9.45,20.99
2016-06-09 00:55:00-05:00,-11.999239,-5.3236203,504968,12.0,0.0,0.164,13.83,0.54,275.2,273.8,270.9,0.0,0.0,0.0,2.579,0.0,60.22,0.0,1382679.0,21.77,0.0,0.0,0.0,0.0,0.0,0.0,0.0,0.0,0.0,0.0,13.34,9.93,-0.038,0.0,0.0,0.0,60.0,59.9,74.7,0.0,274.0,273.0,274.0,0.0,0.0,0.0,601.0,1373157.0,41210.0,126676.0,1.0,0.979,0.748,0.921,0.002,0.003,0.004,0.006,0.01,0.006,0.007,0.0,0.0,0.0,0.0,0.0,0.0,0.0,43302.0,43960.0,43528.0,43378.0,44259.0,42012.0,38052.0,0.958,304.6,8.2,1.4,3.531,2.0,-1.0,13.82,0.013,0.214,3.0,2.0,0.0,0.0,10.28,10.15,9.55,9.94,9.78,13.06,9.39,10.34,9.48,20.99
2016-06-09 00:56:00-05:00,-11.999239,-5.771925,504969,11.99,0.0,0.163,13.8,0.546,275.0,273.9,271.0,0.0,0.0,0.0,2.589,0.0,60.22,0.0,1382679.0,21.77,0.0,0.0,0.0,0.0,0.0,0.0,0.0,0.0,0.0,0.0,13.26,9.92,-0.038,0.0,0.0,0.0,60.0,59.9,74.7,0.0,274.0,273.0,274.0,0.0,0.0,0.0,601.0,1373157.0,41210.0,126676.0,1.0,0.979,0.748,0.921,0.002,0.004,0.004,0.006,0.01,0.007,0.007,0.0,0.0,0.0,0.0,0.0,0.0,0.0,43302.0,43960.0,43528.0,43378.0,44259.0,42012.0,38052.0,1.157,301.0,6.044,1.7,3.531,2.0,-1.0,13.82,0.012,0.214,3.0,2.0,0.0,0.0,10.38,10.14,9.49,9.85,9.72,12.97,9.32,10.26,9.37,20.99
2016-06-09 00:57:00-05:00,-11.999239,-6.1081543,504970,11.98,0.0,0.161,13.78,0.545,275.1,273.8,271.0,0.0,0.0,0.0,2.644,0.0,60.17,0.0,1382679.0,21.77,0.0,0.0,0.0,0.0,0.0,0.0,0.0,0.0,0.0,0.0,13.26,9.98,-0.038,0.0,0.0,0.0,60.0,59.9,74.7,0.0,274.0,273.0,274.0,0.0,0.0,0.0,601.0,1373157.0,41210.0,126676.0,1.0,0.979,0.748,0.921,0.002,0.003,0.005,0.005,0.011,0.006,0.007,0.0,0.0,0.0,0.0,0.0,0.0,0.0,43302.0,43960.0,43528.0,43378.0,44259.0,42012.0,38052.0,1.622,297.3,5.029,2.0,3.531,2.0,-1.0,13.82,0.012,0.214,3.0,2.0,0.0,0.0,10.51,10.14,9.46,9.78,9.65,12.91,9.28,10.21,9.38,20.97
2016-06-09 00:58:00-05:00,-11.999239,-6.1081543,504971,11.98,0.0,0.16,13.67,0.541,275.2,273.6,270.7,0.0,0.0,0.0,2.715,0.0,60.14,0.0,1382679.0,21.78,0.0,0.0,0.0,0.0,0.0,0.0,0.0,0.0,0.0,0.0,13.15,9.87,-0.038,0.0,0.0,0.0,60.0,59.9,74.7,0.0,274.0,273.0,274.0,0.0,0.0,0.0,601.0,1373157.0,41210.0,126676.0,1.0,0.979,0.748,0.921,0.002,0.003,0.005,0.005,0.01,0.006,0.007,0.0,0.0,0.0,0.0,0.0,0.0,0.0,43302.0,43960.0,43528.0,43378.0,44259.0,42012.0,38052.0,1.328,294.1,7.21,1.8,3.531,2.0,-1.0,13.82,0.012,0.214,3.0,2.0,0.0,0.0,10.39,10.08,9.37,9.76,9.65,12.88,9.23,10.14,9.41,20.89
2016-06-09 00:59:00-05:00,-12.474457,-6.1081543,504972,11.98,0.0,0.164,13.63,0.543,275.0,273.8,270.8,0.0,0.0,0.0,2.622,0.0,60.14,0.0,1382679.0,21.77,0.0,0.0,0.0,0.0,0.0,0.0,0.0,0.0,0.0,0.0,13.15,9.8,-0.038,0.0,0.0,0.0,60.0,59.9,74.7,0.0,274.0,273.0,274.0,0.0,0.0,0.0,601.0,1373157.0,41210.0,126676.0,1.0,0.979,0.748,0.921,0.002,0.003,0.005,0.006,0.01,0.006,0.007,0.0,0.0,0.0,0.0,0.0,0.0,0.0,43302.0,43960.0,43528.0,43378.0,44259.0,42012.0,38052.0,1.262,297.8,7.608,1.7,3.531,2.0,-1.0,13.82,0.012,0.214,3.0,2.0,0.0,0.0,10.33,10.11,9.36,9.75,9.57,12.88,9.21,10.14,9.42,20.89
2016-06-09 01:00:00-05:00,-12.593261,-6.1081543,504973,11.96,0.0,0.166,13.76,0.543,274.8,273.7,270.8,0.0,0.0,0.0,2.704,0.0,60.14,0.0,1382679.0,21.78,0.0,0.0,0.0,0.0,0.0,0.0,0.0,0.0,0.0,0.0,13.23,9.89,-0.037,0.0,0.0,0.0,60.0,59.9,74.7,0.0,274.0,273.0,274.0,0.0,0.0,0.0,601.0,1373157.0,41210.0,126676.0,1.0,0.979,0.748,0.921,0.002,0.003,0.004,0.006,0.01,0.006,0.006,0.0,0.0,0.0,0.0,0.0,0.0,0.0,43302.0,43960.0,43528.0,43378.0,44259.0,42012.0,38052.0,1.647,299.3,7.548,2.1,3.532,2.0,-1.0,13.82,0.012,0.215,3.0,2.0,0.0,0.0,10.37,10.12,9.36,9.7,9.55,12.86,9.16,10.14,9.47,20.86
2016-06-09 01:01:00-05:00,-12.593261,-6.1081543,504974,11.96,0.0,0.166,13.75,0.543,275.2,273.7,270.8,0.0,0.0,0.0,2.697,0.0,60.22,0.0,1382679.0,21.77,0.0,0.0,0.0,0.0,0.0,0.0,0.0,0.0,0.0,0.0,13.28,9.76,-0.038,0.0,0.0,0.0,60.0,59.9,74.7,0.0,274.0,273.0,274.0,0.0,0.0,0.0,601.0,1373157.0,41210.0,126676.0,1.0,0.979,0.748,0.921,0.001,0.004,0.004,0.005,0.009,0.006,0.006,0.0,0.0,0.0,0.0,0.0,0.0,0.0,43302.0,43960.0,43528.0,43378.0,44259.0,42012.0,38052.0,1.402,295.9,7.759,1.7,3.531,2.0,-1.0,13.82,0.012,0.214,3.0,2.0,0.0,0.0,10.34,10.08,9.36,9.72,9.55,12.88,9.16,10.14,9.43,20.86
2016-06-09 01:02:00-05:00,-11.999239,-6.1081543,504975,11.94,0.0,0.164,13.77,0.543,275.0,273.8,270.9,0.0,0.0,0.0,2.723,0.0,60.16,0.0,1382679.0,21.76,0.0,0.0,0.0,0.0,0.0,0.0,0.0,0.0,0.0,0.0,13.25,9.76,-0.038,0.0,0.0,0.0,60.0,59.9,74.7,0.0,274.0,273.0,274.0,0.0,0.0,0.0,601.0,1373157.0,41210.0,126676.0,1.0,0.979,0.748,0.921,0.002,0.004,0.004,0.005,0.011,0.006,0.007,0.0,0.0,0.0,0.0,0.0,0.0,0.0,43302.0,43960.0,43528.0,43378.0,44259.0,42012.0,38052.0,1.612,294.4,9.92,2.3,3.531,2.0,-1.0,13.82,0.012,0.214,3.0,2.0,0.0,0.0,10.36,10.04,9.36,9.72,9.52,12.84,9.18,10.14,9.41,20.79
2016-06-09 01:03:00-05:00,-11.999239,-6.1081543,504976,11.93,0.0,0.162,13.73,0.541,275.1,273.7,270.7,0.0,0.0,0.0,2.708,0.0,60.22,0.0,1382679.0,21.79,0.0,0.0,0.0,0.0,0.0,0.0,0.0,0.0,0.0,0.0,13.25,9.79,-0.038,0.0,0.0,0.0,60.0,59.9,74.7,0.0,274.0,273.0,274.0,0.0,0.0,0.0,601.0,1373157.0,41210.0,126676.0,1.0,0.979,0.748,0.921,0.002,0.003,0.004,0.006,0.01,0.007,0.007,0.0,0.0,0.0,0.0,0.0,0.0,0.0,43302.0,43960.0,43528.0,43378.0,44259.0,42012.0,38052.0,1.44,295.5,5.191,1.8,3.531,2.0,-1.0,13.82,0.012,0.214,3.0,2.0,0.0,0.0,10.39,10.04,9.36,9.75,9.55,12.88,9.23,10.17,9.47,20.79
2016-06-09 01:04:00-05:00,-11.999239,-6.1081543,504977,11.93,0.0,0.161,13.71,0.54,275.0,273.6,270.6,0.0,0.0,0.0,2.744,0.0,60.22,0.0,1382679.0,21.78,0.0,0.0,0.0,0.0,0.0,0.0,0.0,0.0,0.0,0.0,13.21,9.8,-0.038,0.0,0.0,0.0,60.0,59.9,74.7,0.0,274.0,273.0,274.0,0.0,0.0,0.0,601.0,1373157.0,41210.0,126676.0,1.0,0.979,0.748,0.921,0.002,0.003,0.004,0.005,0.01,0.007,0.007,0.0,0.0,0.0,0.0,0.0,0.0,0.0,43302.0,43960.0,43528.0,43378.0,44259.0,42012.0,38052.0,1.168,300.0,9.05,1.5,3.531,2.0,-1.0,13.82,0.012,0.214,3.0,2.0,0.0,0.0,10.35,10.21,9.39,9.75,9.55,12.99,9.25,10.24,9.38,20.79
2016-06-09 01:05:00-05:00,-11.999239,-5.547773,504978,11.91,0.0,0.159,13.84,0.543,275.1,273.6,270.6,0.0,0.0,0.0,2.664,0.0,60.21,0.0,1382679.0,21.77,0.0,0.0,0.0,0.0,0.0,0.0,0.0,0.0,0.0,0.0,13.36,10.06,-0.038,0.0,0.0,0.0,60.0,59.9,74.7,0.0,274.0,273.0,274.0,0.0,0.0,0.0,601.0,1373157.0,41210.0,126676.0,1.0,0.979,0.748,0.921,0.002,0.003,0.004,0.005,0.01,0.006,0.008,0.0,0.0,0.0,0.0,0.0,0.0,0.0,43302.0,43960.0,43528.0,43378.0,44259.0,42012.0,38052.0,1.352,300.0,10.82,1.6,3.532,2.0,-1.0,13.82,0.012,0.214,3.0,2.0,0.0,0.0,10.62,10.24,9.46,9.85,9.58,13.09,9.34,10.3,9.44,20.78
2016-06-09 01:06:00-05:00,-11.999239,-5.3236203,504979,11.9,0.0,0.158,13.96,0.546,275.1,273.5,270.6,0.0,0.0,0.0,2.709,0.0,60.23,0.0,1382679.0,21.77,0.0,0.0,0.0,0.0,0.0,0.0,0.0,0.0,0.0,0.0,13.45,10.23,-0.038,0.0,0.0,0.0,60.0,59.9,74.7,0.0,274.0,273.0,274.0,0.0,0.0,0.0,601.0,1373157.0,41210.0,126676.0,1.0,0.979,0.748,0.921,0.001,0.003,0.004,0.007,0.011,0.006,0.006,0.0,0.0,0.0,0.0,0.0,0.0,0.0,43302.0,43960.0,43528.0,43378.0,44259.0,42012.0,38052.0,1.475,305.1,9.4,2.0,3.531,2.0,-1.0,13.82,0.012,0.214,3.0,2.0,0.0,0.0,10.77,10.24,9.46,9.8,9.59,12.99,9.36,10.25,9.38,20.7
2016-06-09 01:07:00-05:00,-11.999239,-5.3236203,504980,11.89,0.0,0.157,13.99,0.545,275.0,273.4,270.5,0.0,0.0,0.0,2.672,0.0,60.22,0.0,1382679.0,21.78,0.0,0.0,0.0,0.0,0.0,0.0,0.0,0.0,0.0,0.0,13.45,10.33,-0.038,0.0,0.0,0.0,60.0,59.9,74.7,0.0,274.0,273.0,274.0,0.0,0.0,0.0,601.0,1373157.0,41210.0,126676.0,1.0,0.979,0.748,0.921,0.002,0.003,0.004,0.006,0.01,0.006,0.006,0.0,0.0,0.0,0.0,0.0,0.0,0.0,43302.0,43960.0,43528.0,43378.0,44259.0,42012.0,38052.0,1.853,304.2,7.756,2.5,3.531,2.0,-1.0,13.82,0.012,0.214,3.0,2.0,0.0,0.0,10.95,10.32,9.49,9.8,9.59,13.05,9.36,10.24,9.58,20.7
2016-06-09 01:08:00-05:00,-11.999239,-5.3236203,504981,11.89,0.0,0.157,13.97,0.545,274.8,273.5,270.5,0.0,0.0,0.0,2.648,0.0,60.2,0.0,1382679.0,21.77,0.0,0.0,0.0,0.0,0.0,0.0,0.0,0.0,0.0,0.0,13.45,10.42,-0.038,0.0,0.0,0.0,60.0,59.9,74.7,0.0,273.9,273.0,274.0,0.0,0.0,0.0,601.0,1373157.0,41210.0,126676.0,1.0,0.979,0.748,0.921,0.002,0.003,0.005,0.006,0.01,0.006,0.006,0.0,0.0,0.0,0.0,0.0,0.0,0.0,43302.0,43960.0,43528.0,43378.0,44259.0,42012.0,38052.0,2.273,303.6,7.358,3.0,3.531,2.0,-1.0,13.82,0.012,0.214,3.0,2.0,0.0,0.0,11.09,10.32,9.46,9.8,9.55,12.99,9.36,10.26,9.69,20.7
2016-06-09 01:09:00-05:00,-11.999239,-5.3236203,504982,11.89,0.0,0.156,13.86,0.54,275.0,273.4,270.5,0.0,0.0,0.0,2.696,0.0,60.15,0.0,1382679.0,21.77,0.0,0.0,0.0,0.0,0.0,0.0,0.0,0.0,0.0,0.0,13.36,10.38,-0.038,0.0,0.0,0.0,60.0,59.9,74.7,0.0,274.0,273.0,274.0,0.0,0.0,0.0,601.0,1373157.0,41210.0,126676.0,1.0,0.979,0.748,0.921,0.002,0.004,0.004,0.005,0.01,0.006,0.007,0.0,0.0,0.0,0.0,0.0,0.0,0.0,43302.0,43960.0,43528.0,43378.0,44259.0,42012.0,38052.0,2.242,306.9,7.023,2.9,3.531,2.0,-1.0,13.82,0.012,0.214,3.0,2.0,0.0,0.0,11.14,10.32,9.54,9.87,9.68,13.1,9.49,10.35,9.92,20.65
2016-06-09 01:10:00-05:00,-11.405217,-5.3236203,504983,11.86,0.0,0.156,13.88,0.541,274.9,273.4,270.5,0.0,0.0,0.0,2.707,0.0,60.14,0.0,1382679.0,21.77,0.0,0.0,0.0,0.0,0.0,0.0,0.0,0.0,0.0,0.0,13.39,10.46,-0.038,0.0,0.0,0.0,60.0,59.9,74.7,0.0,274.0,273.0,274.0,0.0,0.0,0.0,601.0,1373157.0,41210.0,126676.0,1.0,0.979,0.748,0.921,0.001,0.004,0.005,0.005,0.009,0.005,0.006,0.0,0.0,0.0,0.0,0.0,0.0,0.0,43302.0,43960.0,43528.0,43378.0,44259.0,42012.0,38052.0,2.055,303.9,11.49,3.0,3.531,2.0,-1.0,13.82,0.012,0.214,3.0,2.0,0.0,0.0,11.19,10.34,9.61,9.96,9.77,13.22,9.57,10.44,9.99,20.6
2016-06-09 01:11:00-05:00,-11.167608,-5.3236203,504984,11.84,0.0,0.155,13.79,0.549,275.2,273.5,270.6,0.0,0.0,0.0,2.699,0.0,60.14,0.0,1382679.0,21.77,0.0,0.0,0.0,0.0,0.0,0.0,0.0,0.0,0.0,0.0,13.36,10.55,-0.038,0.0,0.0,0.0,60.0,59.9,74.7,0.0,274.0,273.0,274.0,0.0,0.0,0.0,601.0,1373157.0,41210.0,126676.0,1.0,0.979,0.748,0.921,0.002,0.003,0.004,0.005,0.01,0.006,0.007,0.0,0.0,0.0,0.0,0.0,0.0,0.0,43302.0,43960.0,43528.0,43378.0,44259.0,42012.0,38052.0,2.567,300.7,6.68,3.5,3.531,2.0,-1.0,13.82,0.012,0.214,3.0,2.0,0.0,0.0,11.29,10.37,9.67,10.08,9.91,13.32,9.7,10.56,10.05,20.6
2016-06-09 01:12:00-05:00,-11.167608,-5.3236203,504985,11.84,0.0,0.155,13.73,0.543,275.0,273.6,270.7,0.0,0.0,0.0,2.708,0.0,60.18,0.0,1382679.0,21.76,0.0,0.0,0.0,0.0,0.0,0.0,0.0,0.0,0.0,0.0,13.32,10.52,-0.038,0.0,0.0,0.0,60.0,59.9,74.7,0.0,274.0,273.0,274.0,0.0,0.0,0.0,601.0,1373157.0,41210.0,126676.0,1.0,0.979,0.748,0.921,0.002,0.003,0.005,0.006,0.011,0.006,0.007,0.0,0.0,0.0,0.0,0.0,0.0,0.0,43302.0,43960.0,43528.0,43378.0,44259.0,42012.0,38052.0,2.258,298.7,8.34,2.9,3.531,2.0,-1.0,13.82,0.012,0.214,3.0,2.0,0.0,0.0,11.29,10.47,9.75,10.16,10.0,13.38,9.77,10.65,10.21,20.6
2016-06-09 01:13:00-05:00,-11.167608,-5.3236203,504986,11.84,0.0,0.155,13.98,0.541,275.2,273.4,270.6,0.0,0.0,0.0,2.643,0.0,60.15,0.0,1382679.0,21.78,0.0,0.0,0.0,0.0,0.0,0.0,0.0,0.0,0.0,0.0,13.45,10.7,-0.038,0.0,0.0,0.0,60.0,59.9,74.7,0.0,274.0,273.0,274.0,0.0,0.0,0.0,601.0,1373157.0,41210.0,126676.0,1.0,0.979,0.748,0.921,0.002,0.004,0.004,0.005,0.01,0.005,0.007,0.0,0.0,0.0,0.0,0.0,0.0,0.0,43302.0,43960.0,43528.0,43378.0,44259.0,42012.0,38052.0,2.177,301.2,6.987,2.6,3.531,2.0,-1.0,13.82,0.012,0.214,3.0,2.0,0.0,0.0,11.44,10.53,9.75,10.19,10.03,13.53,9.85,10.73,10.28,20.58
2016-06-09 01:14:00-05:00,-10.811195,-5.3236203,504987,11.83,0.0,0.154,13.97,0.544,274.9,273.7,270.7,0.0,0.0,0.0,2.705,0.0,60.13,0.0,1382679.0,21.78,0.0,0.0,0.0,0.0,0.0,0.0,0.0,0.0,0.0,0.0,13.5,10.73,-0.038,0.0,0.0,0.0,60.0,59.9,74.7,0.0,274.0,273.0,274.0,0.0,0.0,0.0,601.0,1373157.0,41210.0,126676.0,1.0,0.979,0.748,0.921,0.002,0.003,0.004,0.006,0.011,0.006,0.006,0.0,0.0,0.0,0.0,0.0,0.0,0.0,43302.0,43960.0,43528.0,43378.0,44259.0,42012.0,38052.0,2.247,299.3,7.687,2.9,3.531,2.0,-1.0,13.82,0.012,0.214,3.0,2.0,0.0,0.0,11.45,10.53,9.85,10.3,10.09,13.54,9.94,10.83,10.33,20.5
2016-06-09 01:15:00-05:00,-10.3359785,-5.3236203,504988,11.82,0.0,0.154,13.87,0.541,275.0,273.7,270.7,0.0,0.0,0.0,2.727,0.0,60.2,0.0,1382679.0,21.78,0.0,0.0,0.0,0.0,0.0,0.0,0.0,0.0,0.0,0.0,13.41,10.71,-0.037,0.0,0.0,0.0,60.0,59.9,74.7,0.0,274.0,273.0,274.0,0.0,0.0,0.0,601.0,1373157.0,41210.0,126676.0,1.0,0.979,0.748,0.921,0.002,0.004,0.004,0.005,0.011,0.006,0.007,0.0,0.0,0.0,0.0,0.0,0.0,0.0,43302.0,43960.0,43528.0,43378.0,44259.0,42012.0,38052.0,1.93,301.6,9.67,2.4,3.531,2.0,-1.0,13.82,0.012,0.214,3.0,2.0,0.0,0.0,11.42,10.53,9.91,10.34,10.19,13.59,10.01,10.87,10.35,20.5
2016-06-09 01:16:00-05:00,-10.3359785,-5.3236203,504989,11.82,0.0,0.154,13.92,0.54,275.1,273.6,270.7,0.0,0.0,0.0,2.705,0.0,60.2,0.0,1382679.0,21.78,0.0,0.0,0.0,0.0,0.0,0.0,0.0,0.0,0.0,0.0,13.51,10.77,-0.038,0.0,0.0,0.0,60.0,59.9,74.7,0.0,274.0,273.0,274.0,0.0,0.0,0.0,601.0,1373157.0,41210.0,126676.0,1.0,0.979,0.748,0.921,0.002,0.003,0.004,0.006,0.01,0.005,0.007,0.0,0.0,0.0,0.0,0.0,0.0,0.0,43302.0,43960.0,43528.0,43378.0,44259.0,42012.0,38052.0,2.0,300.2,7.111,2.5,3.531,2.0,-1.0,13.82,0.012,0.214,3.0,2.0,0.0,0.0,11.37,10.56,9.94,10.34,10.17,13.67,10.01,10.92,10.36,20.44
2016-06-09 01:17:00-05:00,-10.4547825,-5.3236203,504990,11.82,0.0,0.154,13.98,0.543,275.4,273.4,270.4,0.0,0.0,0.0,2.731,0.0,60.14,0.0,1382679.0,21.77,0.0,0.0,0.0,0.0,0.0,0.0,0.0,0.0,0.0,0.0,13.5,10.71,-0.038,0.0,0.0,0.0,60.0,59.9,74.7,0.0,274.0,273.0,274.0,0.0,0.0,0.0,601.0,1373157.0,41210.0,126676.0,1.0,0.979,0.748,0.921,0.002,0.002,0.004,0.006,0.009,0.006,0.007,0.0,0.0,0.0,0.0,0.0,0.0,0.0,43302.0,43960.0,43528.0,43378.0,44259.0,42012.0,38052.0,2.007,302.7,7.446,2.6,3.531,2.0,-1.0,13.82,0.012,0.214,3.0,2.0,0.0,0.0,11.32,10.55,9.94,10.34,10.14,13.61,10.02,10.89,10.38,20.43
2016-06-09 01:18:00-05:00,-11.048804,-5.3236203,504991,11.82,0.0,0.153,13.95,0.547,275.2,273.4,270.5,0.0,0.0,0.0,2.726,0.0,60.14,0.0,1382679.0,21.77,0.0,0.0,0.0,0.0,0.0,0.0,0.0,0.0,0.0,0.0,13.47,10.75,-0.038,0.0,0.0,0.0,60.0,59.9,74.7,0.0,274.0,273.0,274.0,0.0,0.0,0.0,601.0,1373157.0,41210.0,126676.0,1.0,0.979,0.748,0.921,0.002,0.003,0.005,0.006,0.01,0.005,0.006,0.0,0.0,0.0,0.0,0.0,0.0,0.0,43302.0,43960.0,43528.0,43378.0,44259.0,42012.0,38052.0,1.508,303.9,11.08,2.3,3.531,2.0,-1.0,13.82,0.012,0.214,3.0,2.0,0.0,0.0,11.32,10.53,9.94,10.34,10.14,13.58,9.96,10.82,10.41,20.4
2016-06-09 01:19:00-05:00,-11.167608,-5.3236203,504992,11.82,0.0,0.153,13.97,0.549,275.2,273.4,270.4,0.0,0.0,0.0,2.75,0.0,60.15,0.0,1382679.0,21.76,0.0,0.0,0.0,0.0,0.0,0.0,0.0,0.0,0.0,0.0,13.47,10.79,-0.038,0.0,0.0,0.0,60.0,59.9,74.7,0.0,274.0,273.0,274.0,0.0,0.0,0.0,601.0,1373157.0,41210.0,126676.0,1.0,0.979,0.748,0.921,0.002,0.002,0.004,0.006,0.01,0.005,0.007,0.0,0.0,0.0,0.0,0.0,0.0,0.0,43302.0,43960.0,43528.0,43378.0,44259.0,42012.0,38052.0,1.77,298.4,9.81,2.2,3.531,2.0,-1.0,13.82,0.012,0.214,3.0,2.0,0.0,0.0,11.37,10.61,9.94,10.34,10.14,13.65,9.98,10.91,10.38,20.4
2016-06-09 01:20:00-05:00,-11.167608,-5.3236203,504993,11.82,0.0,0.153,14.03,0.543,275.1,273.5,270.5,0.0,0.0,0.0,2.754,0.0,60.13,0.0,1382679.0,21.77,0.0,0.0,0.0,0.0,0.0,0.0,0.0,0.0,0.0,0.0,13.56,10.85,-0.038,0.0,0.0,0.0,60.0,59.9,74.7,0.0,274.0,273.0,274.0,0.0,0.0,0.0,601.0,1373157.0,41210.0,126676.0,1.0,0.979,0.748,0.921,0.002,0.004,0.004,0.006,0.01,0.006,0.007,0.0,0.0,0.0,0.0,0.0,0.0,0.0,43302.0,43960.0,43528.0,43378.0,44259.0,42012.0,38052.0,1.658,302.3,12.52,2.5,3.531,2.0,-1.0,13.82,0.012,0.214,3.0,2.0,0.0,0.0,11.42,10.63,9.94,10.37,10.16,13.68,10.02,10.87,10.34,20.4
2016-06-09 01:21:00-05:00,-11.167608,-5.3236203,504994,11.82,0.0,0.153,14.04,0.549,274.8,273.7,270.6,0.0,0.0,0.0,2.742,0.0,60.15,0.0,1382679.0,21.77,0.0,0.0,0.0,0.0,0.0,0.0,0.0,0.0,0.0,0.0,13.56,10.85,-0.038,0.0,0.0,0.0,60.0,59.9,74.7,0.0,274.0,273.0,274.0,0.0,0.0,0.0,601.0,1373157.0,41210.0,126676.0,1.0,0.979,0.748,0.921,0.002,0.003,0.004,0.005,0.01,0.005,0.006,0.0,0.0,0.0,0.0,0.0,0.0,0.0,43302.0,43960.0,43528.0,43378.0,44259.0,42012.0,38052.0,2.178,299.6,8.62,3.0,3.531,2.0,-1.0,13.82,0.012,0.214,3.0,2.0,0.0,0.0,11.5,10.61,9.96,10.34,10.16,13.71,10.01,10.89,10.36,20.4
2016-06-09 01:22:00-05:00,-11.167608,-5.3236203,504995,11.82,0.0,0.153,13.99,0.548,274.9,273.4,270.4,0.0,0.0,0.0,2.747,0.0,60.14,0.0,1382679.0,21.78,0.0,0.0,0.0,0.0,0.0,0.0,0.0,0.0,0.0,0.0,13.44,10.64,-0.038,0.0,0.0,0.0,60.0,59.9,74.7,0.0,273.8,273.0,274.0,0.0,0.0,0.0,601.0,1373157.0,41210.0,126676.0,1.0,0.979,0.748,0.921,0.002,0.003,0.004,0.005,0.01,0.006,0.007,0.0,0.0,0.0,0.0,0.0,0.0,0.0,43302.0,43960.0,43528.0,43378.0,44259.0,42012.0,38052.0,2.04,299.9,11.55,2.6,3.531,2.0,-1.0,13.82,0.012,0.214,3.0,2.0,0.0,0.0,11.26,10.58,9.96,10.34,10.14,13.63,10.04,10.84,10.4,20.32
2016-06-09 01:23:00-05:00,-11.167608,-5.3236203,504996,11.81,0.0,0.153,13.98,0.552,274.9,273.5,270.5,0.0,0.0,0.0,2.764,0.0,60.18,0.0,1382679.0,21.76,0.0,0.0,0.0,0.0,0.0,0.0,0.0,0.0,0.0,0.0,13.5,10.56,-0.038,0.0,0.0,0.0,60.0,59.9,74.7,0.0,274.0,273.0,274.0,0.0,0.0,0.0,601.0,1373157.0,41210.0,126676.0,1.0,0.979,0.748,0.921,0.002,0.003,0.004,0.005,0.01,0.006,0.007,0.0,0.0,0.0,0.0,0.0,0.0,0.0,43302.0,43960.0,43528.0,43378.0,44259.0,42012.0,38052.0,1.79,300.6,12.49,2.3,3.531,2.0,-1.0,13.82,0.012,0.214,3.0,2.0,0.0,0.0,11.14,10.53,9.93,10.32,10.14,13.57,10.0,10.84,10.43,20.3
2016-06-09 01:24:00-05:00,-11.167608,-5.3236203,504997,11.79,0.0,0.153,13.96,0.55,275.0,273.7,270.6,0.0,0.0,0.0,2.803,0.0,60.19,0.0,1382679.0,21.77,0.0,0.0,0.0,0.0,0.0,0.0,0.0,0.0,0.0,0.0,13.47,10.38,-0.038,0.0,0.0,0.0,60.0,59.9,74.7,0.0,274.0,273.0,274.0,0.0,0.0,0.0,601.0,1373157.0,41210.0,126676.0,1.0,0.979,0.748,0.921,0.002,0.003,0.004,0.005,0.011,0.005,0.006,0.0,0.0,0.0,0.0,0.0,0.0,0.0,43302.0,43960.0,43528.0,43378.0,44259.0,42012.0,38052.0,1.502,295.9,7.983,2.1,3.531,2.0,-1.0,13.82,0.012,0.214,3.0,2.0,0.0,0.0,10.91,10.43,9.89,10.25,10.12,13.53,9.93,10.74,10.41,20.3
2016-06-09 01:25:00-05:00,-11.167608,-5.3236203,504998,11.79,0.0,0.153,13.92,0.553,275.5,273.4,270.4,0.0,0.0,0.0,2.749,0.0,60.22,0.0,1382679.0,21.77,0.0,0.0,0.0,0.0,0.0,0.0,0.0,0.0,0.0,0.0,13.45,10.28,-0.038,0.0,0.0,0.0,60.0,59.9,74.7,0.0,274.0,273.0,274.0,0.0,0.0,0.0,601.0,1373157.0,41210.0,126676.0,1.0,0.979,0.748,0.921,0.002,0.003,0.004,0.006,0.01,0.006,0.007,0.0,0.0,0.0,0.0,0.0,0.0,0.0,43302.0,43960.0,43528.0,43378.0,44259.0,42012.0,38052.0,1.123,298.2,11.77,1.4,3.528,2.0,-1.0,13.82,0.012,0.214,3.0,2.0,0.0,0.0,10.77,10.35,9.81,10.16,10.04,13.4,9.83,10.65,10.32,20.22
2016-06-09 01:26:00-05:00,-11.167608,-5.3236203,504999,11.79,0.0,0.153,13.91,0.547,275.1,273.5,270.5,0.0,0.0,0.0,2.769,0.0,60.22,0.0,1382679.0,21.78,0.0,0.0,0.0,0.0,0.0,0.0,0.0,0.0,0.0,0.0,13.43,10.19,-0.038,0.0,0.0,0.0,60.0,59.9,74.7,0.0,274.0,273.0,274.0,0.0,0.0,0.0,601.0,1373157.0,41210.0,126676.0,1.0,0.979,0.748,0.921,0.001,0.003,0.004,0.006,0.011,0.005,0.006,0.0,0.0,0.0,0.0,0.0,0.0,0.0,43302.0,43960.0,43528.0,43378.0,44259.0,42012.0,38052.0,1.007,293.2,15.39,1.4,3.531,2.0,-1.0,13.82,0.012,0.214,3.0,2.0,0.0,0.0,10.68,10.43,9.75,10.14,10.0,13.39,9.78,10.73,10.2,20.21
2016-06-09 01:27:00-05:00,-11.167608,-5.3236203,505000,11.79,0.0,0.153,13.83,0.546,275.1,273.6,270.6,0.0,0.0,0.0,2.775,0.0,60.22,0.0,1382679.0,21.78,0.0,0.0,0.0,0.0,0.0,0.0,0.0,0.0,0.0,0.0,13.28,10.01,-0.038,0.0,0.0,0.0,60.0,59.9,74.7,0.0,274.0,273.0,274.0,0.0,0.0,0.0,601.0,1373157.0,41210.0,126676.0,1.0,0.979,0.748,0.921,0.002,0.003,0.004,0.006,0.01,0.006,0.006,0.0,0.0,0.0,0.0,0.0,0.0,0.0,43302.0,43960.0,43528.0,43378.0,44259.0,42012.0,38052.0,1.053,288.3,9.71,1.5,3.531,2.0,-1.0,13.82,0.012,0.214,3.0,2.0,0.0,0.0,10.49,10.47,9.81,10.14,10.04,13.47,9.85,10.73,10.1,20.21
2016-06-09 01:28:00-05:00,-11.167608,-5.3236203,505001,11.79,0.0,0.153,13.89,0.545,275.1,273.7,270.6,0.0,0.0,0.0,2.775,0.0,60.23,0.0,1382679.0,21.77,0.0,0.0,0.0,0.0,0.0,0.0,0.0,0.0,0.0,0.0,13.3,9.97,-0.037,0.0,0.0,0.0,60.0,59.9,74.7,0.0,274.0,273.0,274.0,0.0,0.0,0.0,601.0,1373157.0,41210.0,126676.0,1.0,0.979,0.748,0.921,0.002,0.003,0.004,0.006,0.01,0.005,0.006,0.0,0.0,0.0,0.0,0.0,0.0,0.0,43302.0,43960.0,43528.0,43378.0,44259.0,42012.0,38052.0,0.997,288.1,12.18,1.7,3.531,2.0,-1.0,13.82,0.012,0.214,3.0,2.0,0.0,0.0,10.37,10.4,9.83,10.14,10.02,13.43,9.85,10.68,9.99,20.21
2016-06-09 01:29:00-05:00,-11.167608,-5.3236203,505002,11.78,0.0,0.153,13.89,0.547,275.2,273.7,270.7,0.0,0.0,0.0,2.753,0.0,60.22,0.0,1382679.0,21.78,0.0,0.0,0.0,0.0,0.0,0.0,0.0,0.0,0.0,0.0,13.3,9.94,-0.038,0.0,0.0,0.0,60.0,59.9,74.7,0.0,274.0,273.0,274.0,0.0,0.0,0.0,601.0,1373157.0,41210.0,126676.0,1.0,0.979,0.748,0.921,0.002,0.004,0.004,0.006,0.01,0.006,0.006,0.0,0.0,0.0,0.0,0.0,0.0,0.0,43302.0,43960.0,43528.0,43378.0,44259.0,42012.0,38052.0,1.285,283.5,7.594,1.7,3.531,2.0,-1.0,13.82,0.012,0.214,3.0,2.0,0.0,0.0,10.36,10.35,9.78,10.14,9.98,13.43,9.8,10.61,9.92,20.16
2016-06-09 01:30:00-05:00,-11.167608,-5.3236203,505003,11.77,0.0,0.153,13.9,0.544,275.3,273.7,270.7,0.0,0.0,0.0,2.771,0.0,60.23,0.0,1382679.0,21.75,0.0,0.0,0.0,0.0,0.0,0.0,0.0,0.0,0.0,0.0,13.31,9.85,-0.038,0.0,0.0,0.0,60.0,59.9,74.7,0.0,274.0,273.0,274.0,0.0,0.0,0.0,601.0,1373157.0,41210.0,126676.0,1.0,0.979,0.748,0.921,0.003,0.003,0.004,0.005,0.01,0.005,0.006,0.0,0.0,0.0,0.0,0.0,0.0,0.0,43302.0,43960.0,43528.0,43378.0,44259.0,42012.0,38052.0,1.342,284.1,11.54,1.8,3.532,2.0,-1.0,13.82,0.012,0.214,3.0,2.0,0.0,0.0,10.28,10.34,9.81,10.14,9.98,13.45,9.83,10.69,9.87,20.11
2016-06-09 01:31:00-05:00,-11.167608,-5.3236203,505004,11.77,0.0,0.153,13.92,0.543,275.4,273.6,270.6,0.0,0.0,0.0,2.801,0.0,60.22,0.0,1382679.0,21.78,0.0,0.0,0.0,0.0,0.0,0.0,0.0,0.0,0.0,0.0,13.4,9.95,-0.038,0.0,0.0,0.0,60.0,59.9,74.7,0.0,274.0,273.0,274.0,0.0,0.0,0.0,601.0,1373157.0,41210.0,126676.0,1.0,0.979,0.748,0.921,0.002,0.003,0.004,0.006,0.01,0.006,0.006,0.0,0.0,0.0,0.0,0.0,0.0,0.0,43302.0,43960.0,43528.0,43378.0,44259.0,42012.0,38052.0,1.178,290.4,15.07,1.8,3.531,2.0,-1.0,13.82,0.012,0.214,3.0,2.0,0.0,0.0,10.28,10.34,9.75,10.14,10.01,13.4,9.81,10.68,9.82,20.11
2016-06-09 01:32:00-05:00,-11.167608,-5.3236203,505005,11.77,0.0,0.153,13.99,0.557,275.3,273.7,270.6,0.0,0.0,0.0,2.802,0.0,60.18,0.0,1382679.0,21.76,0.0,0.0,0.0,0.0,0.0,0.0,0.0,0.0,0.0,0.0,13.44,10.04,-0.038,0.0,0.0,0.0,60.0,59.9,74.7,0.0,274.0,273.0,274.0,0.0,0.0,0.0,601.0,1373157.0,41210.0,126676.0,1.0,0.979,0.748,0.921,0.002,0.003,0.004,0.005,0.009,0.006,0.006,0.0,0.0,0.0,0.0,0.0,0.0,0.0,43302.0,43960.0,43528.0,43378.0,44259.0,42012.0,38052.0,1.415,286.9,11.69,2.1,3.531,2.0,-1.0,13.82,0.012,0.214,3.0,2.0,0.0,0.0,10.38,10.42,9.78,10.16,10.04,13.48,9.85,10.73,9.83,20.11
2016-06-09 01:33:00-05:00,-11.167608,-5.3236203,505006,11.77,0.0,0.153,13.94,0.547,275.2,273.7,270.6,0.0,0.0,0.0,2.758,0.0,60.14,0.0,1382679.0,21.74,0.0,0.0,0.0,0.0,0.0,0.0,0.0,0.0,0.0,0.0,13.38,9.9,-0.038,0.0,0.0,0.0,60.0,59.9,74.7,0.0,274.0,273.0,274.0,0.0,0.0,0.0,601.0,1373157.0,41210.0,126676.0,1.0,0.979,0.748,0.921,0.002,0.004,0.004,0.006,0.009,0.006,0.007,0.0,0.0,0.0,0.0,0.0,0.0,0.0,43302.0,43960.0,43528.0,43378.0,44259.0,42012.0,38052.0,1.103,280.5,21.99,1.6,3.53,2.0,-1.0,13.82,0.012,0.214,3.0,2.0,0.0,0.0,10.26,10.37,9.75,10.14,10.01,13.35,9.78,10.63,9.76,20.09
2016-06-09 01:34:00-05:00,-11.167608,-5.3236203,505007,11.77,0.0,0.153,13.86,0.543,275.0,273.8,270.7,0.0,0.0,0.0,2.797,0.0,60.15,0.0,1382679.0,21.76,0.0,0.0,0.0,0.0,0.0,0.0,0.0,0.0,0.0,0.0,13.28,9.82,-0.038,0.0,0.0,0.0,60.0,59.9,74.7,0.0,274.0,273.0,274.0,0.0,0.0,0.0,601.0,1373157.0,41210.0,126676.0,1.0,0.979,0.748,0.921,0.002,0.003,0.004,0.006,0.01,0.006,0.006,0.0,0.0,0.0,0.0,0.0,0.0,0.0,43302.0,43960.0,43528.0,43378.0,44259.0,42012.0,38052.0,1.433,280.3,10.57,2.2,3.531,2.0,-1.0,13.82,0.012,0.214,3.0,2.0,0.0,0.0,10.17,10.25,9.75,10.16,9.94,13.47,9.75,10.69,9.76,20.08
2016-06-09 01:35:00-05:00,-11.167608,-5.3236203,505008,11.75,0.0,0.153,13.75,0.549,275.3,273.6,270.6,0.0,0.0,0.0,2.768,0.0,60.15,0.0,1382679.0,21.77,0.0,0.0,0.0,0.0,0.0,0.0,0.0,0.0,0.0,0.0,13.25,9.76,-0.038,0.0,0.0,0.0,60.0,59.9,74.7,0.0,274.0,273.0,274.0,0.0,0.0,0.0,601.0,1373157.0,41210.0,126676.0,1.0,0.979,0.748,0.921,0.002,0.002,0.005,0.005,0.01,0.005,0.006,0.0,0.0,0.0,0.0,0.0,0.0,0.0,43302.0,43960.0,43528.0,43378.0,44259.0,42012.0,38052.0,1.327,296.3,11.19,1.7,3.531,2.0,-1.0,13.82,0.012,0.214,3.0,2.0,0.0,0.0,10.13,10.25,9.72,10.14,9.94,13.36,9.75,10.6,9.74,20.01
2016-06-09 01:36:00-05:00,-11.880434,-5.3236203,505009,11.75,0.0,0.153,13.7,0.548,275.3,273.7,270.7,0.0,0.0,0.0,2.757,0.0,60.14,0.0,1382679.0,21.74,0.0,0.0,0.0,0.0,0.0,0.0,0.0,0.0,0.0,0.0,13.15,9.64,-0.038,0.0,0.0,0.0,60.0,59.9,74.7,0.0,274.0,273.0,274.0,0.0,0.0,0.0,601.0,1373157.0,41210.0,126676.0,1.0,0.979,0.748,0.921,0.002,0.002,0.004,0.006,0.01,0.005,0.007,0.0,0.0,0.0,0.0,0.0,0.0,0.0,43302.0,43960.0,43528.0,43378.0,44259.0,42012.0,38052.0,1.277,292.3,12.63,1.8,3.531,2.0,-1.0,13.82,0.012,0.214,3.0,2.0,0.0,0.0,10.0,10.24,9.65,10.09,9.94,13.37,9.72,10.52,9.71,20.01
2016-06-09 01:37:00-05:00,-11.999239,-5.3236203,505010,11.75,0.0,0.153,13.8,0.55,275.0,273.8,270.8,0.0,0.0,0.0,2.802,0.0,60.2,0.0,1382679.0,21.77,0.0,0.0,0.0,0.0,0.0,0.0,0.0,0.0,0.0,0.0,13.27,9.7,-0.038,0.0,0.0,0.0,60.0,59.9,74.7,0.0,274.0,273.0,274.0,0.0,0.0,0.0,601.0,1373157.0,41210.0,126676.0,1.0,0.979,0.748,0.921,0.002,0.003,0.005,0.005,0.01,0.005,0.006,0.0,0.0,0.0,0.0,0.0,0.0,0.0,43302.0,43960.0,43528.0,43378.0,44259.0,42012.0,38052.0,0.982,314.8,17.5,1.4,3.531,2.0,-1.0,13.82,0.012,0.214,3.0,2.0,0.0,0.0,10.15,10.21,9.65,10.1,9.93,13.34,9.75,10.53,9.58,20.01
2016-06-09 01:38:00-05:00,-11.999239,-5.3236203,505011,11.74,0.0,0.153,13.88,0.552,275.1,273.8,270.8,0.0,0.0,0.0,2.772,0.0,60.21,0.0,1382679.0,21.78,0.0,0.0,0.0,0.0,0.0,0.0,0.0,0.0,0.0,0.0,13.33,9.81,-0.038,0.0,0.0,0.0,60.0,59.9,74.7,0.0,274.0,273.0,274.0,0.0,0.0,0.0,601.0,1373157.0,41210.0,126676.0,1.0,0.979,0.748,0.921,0.001,0.003,0.005,0.005,0.009,0.005,0.006,0.0,0.0,0.0,0.0,0.0,0.0,0.0,43302.0,43960.0,43528.0,43378.0,44259.0,42012.0,38052.0,0.813,304.5,14.33,1.2,3.531,2.0,-1.0,13.82,0.012,0.214,3.0,2.0,0.0,0.0,10.28,10.16,9.59,10.04,9.85,13.25,9.65,10.47,9.53,20.01
2016-06-09 01:39:00-05:00,-11.999239,-5.8840017,505012,11.73,0.0,0.153,13.9,0.587,275.1,273.7,270.7,0.0,0.0,0.0,2.786,0.0,60.14,0.0,1382679.0,21.74,0.0,0.0,0.0,0.0,0.0,0.0,0.0,0.0,0.0,0.0,13.34,9.81,-0.037,0.0,0.0,0.0,60.0,59.9,74.7,0.0,274.0,273.0,274.0,0.0,0.0,0.0,601.0,1373157.0,41210.0,126676.0,1.0,0.979,0.748,0.921,0.002,0.003,0.004,0.005,0.01,0.005,0.006,0.0,0.0,0.0,0.0,0.0,0.0,0.0,43302.0,43960.0,43528.0,43378.0,44259.0,42012.0,38052.0,0.663,304.8,10.0,1.1,3.531,2.0,-1.0,13.82,0.012,0.214,3.0,2.0,0.0,0.0,10.26,10.22,9.55,9.94,9.81,13.19,9.55,10.35,9.48,20.01
2016-06-09 01:40:00-05:00,-11.999239,-6.1081543,505013,11.73,0.0,0.153,13.96,0.664,275.3,273.7,270.7,0.0,0.0,0.0,2.893,0.0,60.14,0.0,1382679.0,21.73,0.0,0.0,0.0,0.0,0.0,0.0,0.0,0.0,0.0,0.0,13.41,9.98,-0.038,0.0,0.0,0.0,60.0,59.9,74.7,0.0,274.0,273.0,274.0,0.0,0.0,0.0,601.0,1373157.0,41210.0,126676.0,1.0,0.979,0.748,0.921,0.002,0.003,0.004,0.006,0.009,0.005,0.006,0.0,0.0,0.0,0.0,0.0,0.0,0.0,43302.0,43960.0,43528.0,43378.0,44259.0,42012.0,38052.0,0.92,313.5,11.74,1.6,3.531,2.0,-1.0,13.82,0.012,0.214,3.0,2.0,0.0,0.0,10.48,10.14,9.55,9.91,9.78,13.16,9.54,10.27,9.45,19.93
2016-06-09 01:41:00-05:00,-12.118043,-6.1081543,505014,11.73,0.0,0.153,13.9,0.545,275.2,273.9,270.9,0.0,0.0,0.0,2.779,0.0,60.21,0.0,1382679.0,21.77,0.0,0.0,0.0,0.0,0.0,0.0,0.0,0.0,0.0,0.0,13.35,9.98,-0.038,0.0,0.0,0.0,60.0,59.9,74.7,0.0,274.0,273.1,274.0,0.0,0.0,0.0,601.0,1373157.0,41210.0,126676.0,1.0,0.979,0.748,0.921,0.001,0.003,0.004,0.006,0.009,0.005,0.006,0.0,0.0,0.0,0.0,0.0,0.0,0.0,43302.0,43960.0,43528.0,43378.0,44259.0,42012.0,38052.0,0.767,339.2,18.13,1.1,3.531,2.0,-1.0,13.82,0.012,0.214,3.0,2.0,0.0,0.0,10.57,10.11,9.52,9.85,9.65,13.06,9.47,10.29,9.6,19.91
2016-06-09 01:42:00-05:00,-12.593261,-6.1081543,505015,11.73,0.0,0.153,13.74,0.547,275.3,273.9,270.8,0.0,0.0,0.0,2.802,0.0,60.23,0.0,1382679.0,21.77,0.0,0.0,0.0,0.0,0.0,0.0,0.0,0.0,0.0,0.0,13.21,9.83,-0.038,0.0,0.0,0.0,60.0,59.9,74.7,0.0,274.0,273.0,274.0,0.0,0.0,0.0,601.0,1373157.0,41210.0,126676.0,1.0,0.979,0.748,0.921,0.001,0.003,0.003,0.005,0.009,0.005,0.006,0.0,0.0,0.0,0.0,0.0,0.0,0.0,43302.0,43960.0,43528.0,43378.0,44259.0,42012.0,38052.0,0.465,296.6,41.48,0.8,3.531,2.0,-1.0,13.82,0.012,0.214,3.0,2.0,0.0,0.0,10.34,10.04,9.39,9.76,9.67,12.9,9.36,10.17,9.51,19.91
2016-06-09 01:43:00-05:00,-12.236848,-6.1081543,505016,11.72,0.0,0.159,13.79,0.548,275.3,273.8,270.7,0.0,0.0,0.0,2.797,0.0,60.15,0.0,1382679.0,21.77,0.0,0.0,0.0,0.0,0.0,0.0,0.0,0.0,0.0,0.0,13.24,9.87,-0.038,0.0,0.0,0.0,60.0,59.9,74.7,0.0,274.0,273.0,274.0,0.0,0.0,0.0,601.0,1373157.0,41210.0,126676.0,1.0,0.979,0.748,0.921,0.001,0.003,0.004,0.005,0.009,0.006,0.006,0.0,0.0,0.0,0.0,0.0,0.0,0.0,43302.0,43960.0,43528.0,43378.0,44259.0,42012.0,38052.0,0.397,315.4,41.42,0.9,3.531,2.0,-1.0,13.82,0.017,0.214,3.0,2.0,0.0,0.0,10.38,10.03,9.42,9.83,9.65,13.03,9.39,10.34,9.4,19.91
2016-06-09 01:44:00-05:00,-12.236848,-6.1081543,505017,11.7,0.0,0.153,13.82,0.548,275.4,273.9,270.9,0.0,0.0,0.0,2.805,0.0,60.14,0.0,1382679.0,21.74,0.0,0.0,0.0,0.0,0.0,0.0,0.0,0.0,0.0,0.0,13.31,9.98,-0.037,0.0,0.0,0.0,60.0,59.9,74.7,0.0,274.0,273.3,274.0,0.0,0.0,0.0,601.0,1373157.0,41210.0,126676.0,1.0,0.979,0.748,0.921,0.002,0.003,0.005,0.006,0.01,0.005,0.006,0.0,0.0,0.0,0.0,0.0,0.0,0.0,43302.0,43960.0,43528.0,43378.0,44259.0,42012.0,38052.0,1.053,24.15,34.16,1.5,3.531,2.0,-1.0,13.86,0.015,0.214,3.0,2.0,0.0,0.0,10.59,9.96,9.36,9.81,9.59,12.86,9.36,10.17,9.41,19.84
2016-06-09 01:45:00-05:00,-12.712065,-6.1081543,505018,11.7,0.0,0.153,13.81,0.557,275.7,273.8,270.8,0.0,0.0,0.0,2.803,0.0,60.22,0.0,1382679.0,21.77,0.0,0.0,0.0,0.0,0.0,0.0,0.0,0.0,0.0,0.0,13.26,9.95,-0.038,0.0,0.0,0.0,60.0,59.9,74.7,0.0,274.0,273.9,274.0,0.0,0.0,0.0,601.0,1373157.0,41210.0,126676.0,1.0,0.979,0.748,0.921,0.002,0.003,0.003,0.005,0.009,0.006,0.006,0.0,0.0,0.0,0.0,0.0,0.0,0.0,43302.0,43960.0,43528.0,43378.0,44259.0,42012.0,38052.0,0.995,345.6,14.48,1.8,3.531,2.0,-1.0,13.86,0.014,0.214,3.0,2.0,0.0,0.0,10.54,9.89,9.34,9.73,9.55,12.77,9.31,10.04,9.45,19.81
2016-06-09 01:46:00-05:00,-12.712065,-6.1081543,505019,11.69,0.0,0.153,13.93,0.556,275.5,274.0,270.9,0.0,0.0,0.0,2.797,0.0,60.22,0.0,1382679.0,21.77,0.0,0.0,0.0,0.0,0.0,0.0,0.0,0.0,0.0,0.0,13.42,10.06,-0.038,0.0,0.0,0.0,60.0,59.9,74.7,0.0,274.0,274.0,274.0,0.0,0.0,0.0,601.0,1373157.0,41210.0,126676.0,1.0,0.979,0.748,0.921,0.002,0.003,0.004,0.004,0.009,0.006,0.007,0.0,0.0,0.0,0.0,0.0,0.0,0.0,43302.0,43960.0,43528.0,43378.0,44259.0,42012.0,38052.0,0.805,333.4,43.49,1.2,3.531,2.0,-1.0,13.86,0.013,0.214,3.0,2.0,0.0,0.0,10.54,9.91,9.23,9.65,9.49,12.7,9.18,9.94,9.47,19.81
2016-06-09 01:47:00-05:00,-13.187283,-6.1081543,505020,11.68,0.0,0.153,13.94,0.555,275.7,273.8,270.8,0.0,0.0,0.0,2.804,0.0,60.15,0.0,1382679.0,21.78,0.0,0.0,0.0,0.0,0.0,0.0,0.0,0.0,0.0,0.0,13.43,10.14,-0.038,0.0,0.0,0.0,60.0,59.9,74.7,0.0,274.0,274.0,274.0,0.0,0.0,0.0,601.0,1373157.0,41210.0,126676.0,1.0,0.979,0.748,0.921,0.002,0.003,0.004,0.005,0.01,0.006,0.006,0.0,0.0,0.0,0.0,0.0,0.0,0.0,43302.0,43960.0,43528.0,43378.0,44259.0,42012.0,38052.0,0.648,35.16,47.12,1.1,3.531,2.0,-1.0,13.86,0.013,0.214,3.0,2.0,0.0,0.0,10.58,10.01,9.2,9.57,9.47,12.63,9.11,9.83,9.48,19.81
2016-06-09 01:48:00-05:00,-13.543695,-6.1081543,505021,11.68,0.0,0.153,13.86,0.548,275.5,273.9,270.9,0.0,0.0,0.0,2.778,0.0,60.21,0.0,1382679.0,21.77,0.0,0.0,0.0,0.0,0.0,0.0,0.0,0.0,0.0,0.0,13.38,10.0,-0.037,0.0,0.0,0.0,60.0,59.9,74.7,0.0,274.0,274.0,274.0,0.0,0.0,0.0,601.0,1373157.0,41210.0,126676.0,1.0,0.979,0.748,0.921,0.002,0.003,0.004,0.006,0.009,0.004,0.006,0.0,0.0,0.0,0.0,0.0,0.0,0.0,43302.0,43960.0,43528.0,43378.0,44259.0,42012.0,38052.0,0.703,39.01,23.04,1.0,3.53,2.0,-1.0,13.86,0.013,0.214,3.0,2.0,0.0,0.0,10.44,9.98,9.13,9.52,9.44,12.58,9.1,9.75,9.36,19.81
2016-06-09 01:49:00-05:00,-13.543695,-6.1081543,505022,11.68,0.0,0.153,13.72,0.544,275.4,273.9,270.9,0.0,0.0,0.0,2.806,0.0,60.23,0.0,1382679.0,21.78,0.0,0.0,0.0,0.0,0.0,0.0,0.0,0.0,0.0,0.0,13.15,9.8,-0.038,0.0,0.0,0.0,60.0,59.9,74.7,0.0,274.0,273.9,274.0,0.0,0.0,0.0,601.0,1373157.0,41210.0,126676.0,1.0,0.979,0.748,0.921,0.001,0.002,0.004,0.005,0.009,0.006,0.005,0.0,0.0,0.0,0.0,0.0,0.0,0.0,43302.0,43960.0,43528.0,43378.0,44259.0,42012.0,38052.0,0.54,43.26,42.39,1.3,3.531,2.0,-1.0,13.86,0.013,0.214,3.0,2.0,0.0,0.0,10.23,9.85,9.03,9.41,9.47,12.96,8.98,9.67,9.29,19.75
2016-06-09 01:50:00-05:00,-13.543695,-6.1081543,505023,11.66,0.0,0.153,13.67,0.553,275.3,274.0,270.9,0.0,0.0,0.0,2.799,0.0,60.22,0.0,1382679.0,21.77,0.0,0.0,0.0,0.0,0.0,0.0,0.0,0.0,0.0,0.0,13.06,9.62,-0.038,0.0,0.0,0.0,60.0,59.9,74.7,0.0,274.0,274.0,274.0,0.0,0.0,0.0,601.0,1373157.0,41210.0,126676.0,1.0,0.979,0.748,0.921,0.002,0.003,0.004,0.005,0.01,0.004,0.005,0.0,0.0,0.0,0.0,0.0,0.0,0.0,43302.0,43960.0,43528.0,43378.0,44259.0,42012.0,38052.0,0.6,4.982,53.86,1.2,3.532,2.0,-1.0,13.86,0.013,0.214,3.0,2.0,0.0,0.0,10.05,9.72,8.97,9.36,9.55,12.67,8.95,9.65,9.19,19.72
2016-06-09 01:51:00-05:00,-13.543695,-6.1081543,505024,11.66,0.0,0.153,13.62,0.554,275.4,274.0,271.0,0.0,0.0,0.0,2.817,0.0,60.23,0.0,1382679.0,21.77,0.0,0.0,0.0,0.0,0.0,0.0,0.0,0.0,0.0,0.0,13.05,9.44,-0.038,0.0,0.0,0.0,60.0,59.9,74.7,0.0,274.0,274.0,274.0,0.0,0.0,0.0,601.0,1373157.0,41210.0,126676.0,1.0,0.979,0.748,0.921,0.002,0.003,0.004,0.005,0.009,0.005,0.007,0.0,0.0,0.0,0.0,0.0,0.0,0.0,43302.0,43960.0,43528.0,43378.0,44259.0,42012.0,38052.0,0.723,42.21,16.84,1.4,3.532,2.0,-1.0,13.86,0.013,0.214,3.0,2.0,0.0,0.0,9.89,9.57,8.97,9.36,9.57,12.65,8.9,9.62,9.21,19.72
2016-06-09 01:52:00-05:00,-13.068479,-6.1081543,505025,11.65,0.0,0.153,13.54,0.559,275.5,274.0,271.0,0.0,0.0,0.0,2.805,0.0,60.21,0.0,1382679.0,21.77,0.0,0.0,0.0,0.0,0.0,0.0,0.0,0.0,0.0,0.0,12.96,9.29,-0.038,0.0,0.0,0.0,60.0,59.9,74.7,0.0,274.0,274.0,274.0,0.0,0.0,0.0,601.0,1373157.0,41210.0,126676.0,1.0,0.979,0.748,0.921,0.002,0.003,0.004,0.005,0.01,0.005,0.006,0.0,0.0,0.0,0.0,0.0,0.0,0.0,43302.0,43960.0,43528.0,43378.0,44259.0,42012.0,38052.0,0.652,50.49,14.76,0.9,3.527,2.0,-1.0,13.86,0.013,0.214,3.0,2.0,0.0,0.0,9.71,9.55,8.97,9.36,9.49,12.63,8.92,9.62,9.13,19.7
2016-06-09 01:53:00-05:00,-12.712065,-6.1081543,505026,11.63,0.0,0.153,13.46,0.558,275.3,274.0,271.0,0.0,0.0,0.0,2.816,0.0,60.22,0.0,1382679.0,21.77,0.0,0.0,0.0,0.0,0.0,0.0,0.0,0.0,0.0,0.0,12.96,9.24,-0.038,0.0,0.0,0.0,60.0,59.9,74.7,0.0,274.0,274.0,274.0,0.0,0.0,0.0,601.0,1373157.0,41210.0,126676.0,1.0,0.979,0.748,0.921,0.001,0.003,0.004,0.005,0.01,0.005,0.006,0.0,0.0,0.0,0.0,0.0,0.0,0.0,43302.0,43960.0,43528.0,43378.0,44259.0,42012.0,38052.0,0.487,29.86,29.15,0.8,3.528,2.0,-1.0,13.86,0.013,0.214,3.0,2.0,0.0,0.0,9.59,9.47,8.89,9.28,9.47,12.39,8.82,9.51,9.04,19.68
2016-06-09 01:54:00-05:00,-12.712065,-6.1081543,505027,11.63,0.0,0.153,13.53,0.552,275.5,274.1,271.0,0.0,0.0,0.0,2.808,0.0,60.22,0.0,1382679.0,21.78,0.0,0.0,0.0,0.0,0.0,0.0,0.0,0.0,0.0,0.0,13.0,9.21,-0.038,0.0,0.0,0.0,60.0,59.9,74.7,0.0,274.0,274.0,274.0,0.0,0.0,0.0,601.0,1373157.0,41210.0,126676.0,1.0,0.979,0.748,0.921,0.002,0.003,0.004,0.005,0.01,0.005,0.005,0.0,0.0,0.0,0.0,0.0,0.0,0.0,43302.0,43960.0,43528.0,43378.0,44259.0,42012.0,38052.0,0.518,34.67,31.46,0.9,3.531,2.0,-1.0,13.86,0.013,0.214,3.0,2.0,0.0,0.0,9.55,9.36,8.81,9.18,9.5,11.91,8.77,9.44,8.94,19.62
2016-06-09 01:55:00-05:00,-12.712065,-6.1081543,505028,11.61,0.0,0.153,13.55,0.55,275.5,274.0,271.0,0.0,0.0,0.0,2.813,0.0,60.21,0.0,1382679.0,21.77,0.0,0.0,0.0,0.0,0.0,0.0,0.0,0.0,0.0,0.0,13.03,9.12,-0.038,0.0,0.0,0.0,60.0,59.9,74.7,0.0,274.0,274.0,274.0,0.0,0.0,0.0,601.0,1373157.0,41210.0,126676.0,1.0,0.979,0.748,0.921,0.002,0.002,0.004,0.005,0.009,0.005,0.005,0.0,0.0,0.0,0.0,0.0,0.0,0.0,43302.0,43960.0,43528.0,43378.0,44259.0,42012.0,38052.0,0.682,57.13,18.48,1.0,3.531,2.0,-1.0,13.86,0.013,0.214,3.0,2.0,0.0,0.0,9.44,9.36,8.74,9.05,9.41,11.52,8.66,9.33,8.87,19.62
2016-06-09 01:56:00-05:00,-12.712065,-6.1081543,505029,11.6,0.0,0.153,13.49,0.555,275.5,274.0,271.0,0.0,0.0,0.0,2.805,0.0,60.22,0.0,1382679.0,21.77,0.0,0.0,0.0,0.0,0.0,0.0,0.0,0.0,0.0,0.0,12.89,8.92,-0.038,0.0,0.0,0.0,60.0,59.9,74.7,0.0,274.0,274.0,274.0,0.0,0.0,0.0,601.0,1373157.0,41210.0,126676.0,1.0,0.979,0.748,0.921,0.002,0.003,0.002,0.005,0.01,0.005,0.006,0.0,0.0,0.0,0.0,0.0,0.0,0.0,43302.0,43960.0,43528.0,43378.0,44259.0,42012.0,38052.0,0.403,7.542,48.63,0.7,3.531,2.0,-1.0,13.86,0.013,0.214,3.0,2.0,0.0,0.0,9.32,9.29,8.61,8.97,9.33,11.58,8.58,9.28,8.86,19.62
2016-06-09 01:57:00-05:00,-12.712065,-6.1081543,505030,11.59,0.0,0.153,13.39,0.556,275.4,274.0,271.0,0.0,0.0,0.0,2.803,0.0,60.21,0.0,1382679.0,21.76,0.0,0.0,0.0,0.0,0.0,0.0,0.0,0.0,0.0,0.0,12.78,8.71,-0.037,0.0,0.0,0.0,60.0,59.9,74.7,0.0,274.0,274.0,274.0,0.0,0.0,0.0,601.0,1373157.0,41210.0,126676.0,1.0,0.979,0.748,0.921,0.002,0.003,0.004,0.005,0.009,0.005,0.006,0.0,0.0,0.0,0.0,0.0,0.0,0.0,43302.0,43960.0,43528.0,43378.0,44259.0,42012.0,38052.0,0.173,330.5,94.5,0.5,3.531,2.0,-0.983,13.86,0.013,0.214,3.0,2.0,0.0,0.0,9.14,9.21,8.58,8.92,9.24,11.57,8.5,9.18,8.88,19.62
2016-06-09 01:58:00-05:00,-13.424891,-6.1081543,505031,11.57,0.0,0.153,13.37,0.565,275.5,274.0,270.9,0.0,0.0,0.0,2.802,0.0,60.23,0.0,1382679.0,21.76,0.0,0.0,0.0,0.0,0.0,0.0,0.0,0.0,0.0,0.0,12.77,8.61,-0.038,0.0,0.0,0.0,60.0,59.9,74.7,0.0,274.0,274.0,274.0,0.0,0.0,0.0,601.0,1373157.0,41210.0,126676.0,1.0,0.979,0.748,0.921,0.001,0.002,0.004,0.005,0.01,0.005,0.007,0.0,0.0,0.0,0.0,0.0,0.0,0.0,43302.0,43960.0,43528.0,43378.0,44259.0,42012.0,38052.0,0.175,140.5,73.72,0.3,3.531,2.0,-1.0,13.86,0.013,0.214,3.0,2.0,0.0,0.0,9.06,9.11,8.5,8.85,9.1,11.51,8.38,9.0,8.78,19.54
2016-06-09 01:59:00-05:00,-13.543695,-6.1081543,505032,11.56,0.0,0.153,13.29,0.553,275.5,274.0,270.9,0.0,0.0,0.0,2.79,0.0,60.22,0.0,1382679.0,21.77,0.0,0.0,0.0,0.0,0.0,0.0,0.0,0.0,0.0,0.0,12.63,8.54,-0.037,0.0,0.0,0.0,60.0,59.9,74.7,0.0,274.0,274.0,274.0,0.0,0.0,0.0,601.0,1373157.0,41210.0,126676.0,1.0,0.979,0.748,0.921,0.002,0.002,0.004,0.005,0.01,0.005,0.005,0.0,0.0,0.0,0.0,0.0,0.0,0.0,43302.0,43960.0,43528.0,43378.0,44259.0,42012.0,38052.0,0.31,148.8,17.1,0.7,3.531,2.0,-1.0,13.86,0.013,0.214,3.0,2.0,0.0,0.0,8.98,8.97,8.43,8.76,9.03,11.26,8.32,8.92,8.69,19.52
2016-06-09 02:00:00-05:00,-13.543695,-6.1081543,505033,11.54,0.0,0.153,13.21,0.549,275.5,274.0,270.9,0.0,0.0,0.0,2.794,0.0,60.18,0.0,1382679.0,21.76,0.0,0.0,0.0,0.0,0.0,0.0,0.0,0.0,0.0,0.0,12.43,8.37,-0.038,0.0,0.0,0.0,60.0,59.9,74.7,0.0,274.0,274.0,274.0,0.0,0.0,0.0,601.0,1373157.0,41210.0,126676.0,1.0,0.979,0.748,0.921,0.002,0.001,0.004,0.005,0.009,0.005,0.006,0.0,0.0,0.0,0.0,0.0,0.0,0.0,43302.0,43960.0,43528.0,43378.0,44259.0,42012.0,38052.0,0.325,56.8,50.52,0.6,3.531,2.0,-1.0,13.86,0.013,0.214,3.0,2.0,0.0,0.0,8.87,8.9,8.37,8.69,9.13,11.38,8.29,8.89,8.62,19.52
2016-06-09 02:01:00-05:00,-13.543695,-6.1081543,505034,11.52,0.0,0.153,13.06,0.552,275.6,274.1,271.0,0.0,0.0,0.0,2.703,0.0,60.2,0.0,1382679.0,21.77,0.0,0.0,0.0,0.0,0.0,0.0,0.0,0.0,0.0,0.0,12.3,8.25,-0.038,0.0,0.0,0.0,60.0,59.9,74.7,0.0,274.0,274.0,274.0,0.0,0.0,0.0,601.0,1373157.0,41210.0,126676.0,1.0,0.979,0.748,0.921,0.002,0.002,0.004,0.005,0.01,0.005,0.006,0.0,0.0,0.0,0.0,0.0,0.0,0.0,43302.0,43960.0,43528.0,43378.0,44259.0,42012.0,38052.0,0.21,240.6,39.69,0.4,3.531,2.0,-1.0,13.86,0.013,0.214,3.0,2.0,0.0,0.0,8.72,8.82,8.34,8.71,9.08,11.25,8.24,8.85,8.51,19.52
2016-06-09 02:02:00-05:00,-13.543695,-6.1081543,505035,11.5,0.0,0.153,12.99,0.562,275.6,274.1,271.1,0.0,0.0,0.0,2.703,0.0,60.22,0.0,1382679.0,21.77,0.0,0.0,0.0,0.0,0.0,0.0,0.0,0.0,0.0,0.0,12.17,8.14,-0.037,0.0,0.0,0.0,60.0,59.9,74.7,0.0,274.0,274.0,274.0,0.0,0.0,0.0,601.0,1373157.0,41210.0,126676.0,1.0,0.979,0.748,0.921,0.001,0.002,0.003,0.005,0.01,0.005,0.006,0.0,0.0,0.0,0.0,0.0,0.0,0.0,43302.0,43960.0,43528.0,43378.0,44259.0,42012.0,38052.0,0.303,199.2,72.47,0.6,3.531,2.0,-1.0,13.86,0.013,0.214,3.0,2.0,0.0,0.0,8.59,8.77,8.25,8.61,8.9,11.12,8.19,8.71,8.51,19.47
2016-06-09 02:03:00-05:00,-13.543695,-6.1081543,505036,11.49,0.0,0.153,12.83,0.564,275.5,274.2,271.1,0.0,0.0,0.0,2.657,0.0,60.22,0.0,1382679.0,21.76,0.0,0.0,0.0,0.0,0.0,0.0,0.0,0.0,0.0,0.0,12.01,8.03,-0.038,0.0,0.0,0.0,60.0,59.9,74.7,0.0,274.0,274.0,274.0,0.0,0.0,0.0,601.0,1373157.0,41210.0,126676.0,1.0,0.979,0.748,0.921,0.002,0.003,0.004,0.005,0.009,0.005,0.006,0.0,0.0,0.0,0.0,0.0,0.0,0.0,43302.0,43960.0,43528.0,43378.0,44259.0,42012.0,38052.0,0.692,176.5,4.049,0.9,3.531,2.0,-1.0,13.86,0.013,0.214,3.0,2.0,0.0,0.0,8.47,8.72,8.19,8.5,8.87,11.11,8.17,8.59,8.47,19.44
2016-06-09 02:04:00-05:00,-13.543695,-6.1081543,505037,11.47,0.0,0.153,12.64,0.559,275.6,274.1,271.0,0.0,0.0,0.0,2.624,0.0,60.22,0.0,1382679.0,21.77,0.0,0.0,0.0,0.0,0.0,0.0,0.0,0.0,0.0,0.0,11.89,7.901,-0.038,0.0,0.0,0.0,60.0,59.9,74.7,0.0,274.0,274.0,274.0,0.0,0.0,0.0,601.0,1373157.0,41210.0,126676.0,1.0,0.979,0.748,0.921,0.002,0.003,0.004,0.005,0.009,0.005,0.004,0.0,0.0,0.0,0.0,0.0,0.0,0.0,43302.0,43960.0,43528.0,43378.0,44259.0,42012.0,38052.0,0.563,191.9,15.84,0.8,3.531,2.0,-1.0,13.86,0.013,0.214,3.0,2.0,0.0,0.0,8.39,8.6,8.19,8.45,8.76,11.1,8.16,8.5,8.39,19.42
2016-06-09 02:05:00-05:00,-13.543695,-6.1081543,505038,11.45,0.0,0.153,12.74,0.562,275.4,274.2,271.1,0.0,0.0,0.0,2.629,0.0,60.19,0.0,1382679.0,21.75,0.0,0.0,0.0,0.0,0.0,0.0,0.0,0.0,0.0,0.0,12.0,7.907,-0.038,0.0,0.0,0.0,60.0,59.9,74.7,0.0,274.0,274.0,274.0,0.0,0.0,0.0,601.0,1373157.0,41210.0,126676.0,1.0,0.979,0.748,0.921,0.001,0.003,0.004,0.005,0.009,0.005,0.006,0.0,0.0,0.0,0.0,0.0,0.0,0.0,43302.0,43960.0,43528.0,43378.0,44259.0,42012.0,38052.0,0.402,190.5,24.66,0.7,3.531,2.0,-1.0,13.86,0.013,0.214,3.0,2.0,0.0,0.0,8.33,8.58,8.16,8.42,8.71,10.94,8.07,8.48,8.34,19.44
2016-06-09 02:06:00-05:00,-13.543695,-6.1081543,505039,11.44,0.0,0.153,13.1,0.572,275.6,274.3,271.1,0.0,0.0,0.0,2.689,0.0,60.16,0.0,1382679.0,21.76,0.0,0.0,0.0,0.0,0.0,0.0,0.0,0.0,0.0,0.0,12.54,8.1,-0.038,0.0,0.0,0.0,60.0,59.9,74.7,0.0,274.0,274.0,274.0,0.0,0.0,0.0,601.0,1373157.0,41210.0,126676.0,1.0,0.979,0.748,0.921,0.001,0.002,0.004,0.005,0.01,0.004,0.005,0.0,0.0,0.0,0.0,0.0,0.0,0.0,43302.0,43960.0,43528.0,43378.0,44259.0,42012.0,38052.0,0.413,205.9,22.53,0.6,3.531,2.0,-1.0,13.86,0.012,0.214,3.0,2.0,0.0,0.0,8.41,8.59,8.09,8.38,8.82,10.91,8.04,8.38,8.3,19.47
2016-06-09 02:07:00-05:00,-13.543695,-6.1081543,505040,11.42,0.0,0.153,13.25,0.571,275.3,274.3,271.2,0.0,0.0,0.0,2.713,0.0,60.14,0.0,1382679.0,21.78,0.0,0.0,0.0,0.0,0.0,0.0,0.0,0.0,0.0,0.0,12.78,8.18,-0.038,0.0,0.0,0.0,60.0,59.9,74.7,0.0,274.0,274.0,274.0,0.0,0.0,0.0,601.0,1373157.0,41210.0,126676.0,1.0,0.979,0.748,0.921,0.002,0.003,0.004,0.006,0.009,0.005,0.005,0.0,0.0,0.0,0.0,0.0,0.0,0.0,43302.0,43960.0,43528.0,43378.0,44259.0,42012.0,38052.0,0.348,243.7,35.37,0.7,3.531,2.0,-1.0,13.86,0.012,0.214,3.0,2.0,0.0,0.0,8.52,8.59,8.07,8.35,8.67,10.84,7.993,8.34,8.23,19.41
2016-06-09 02:08:00-05:00,-13.543695,-6.1081543,505041,11.4,0.0,0.153,13.39,0.597,275.6,274.2,271.1,0.0,0.0,0.0,2.701,0.0,60.17,0.0,1382679.0,21.78,0.0,0.0,0.0,0.0,0.0,0.0,0.0,0.0,0.0,0.0,12.81,8.18,-0.038,0.0,0.0,0.0,60.0,59.9,74.7,0.0,274.0,274.0,274.0,0.0,0.0,0.0,601.0,1373157.0,41210.0,126676.0,1.0,0.979,0.748,0.921,0.002,0.002,0.004,0.004,0.01,0.005,0.006,0.0,0.0,0.0,0.0,0.0,0.0,0.0,43302.0,43960.0,43528.0,43378.0,44259.0,42012.0,38052.0,0.298,221.0,57.5,0.6,3.531,2.0,-1.0,13.86,0.012,0.214,3.0,2.0,0.0,0.0,8.59,8.68,7.993,8.29,8.64,10.81,7.895,8.35,8.13,19.4
2016-06-09 02:09:00-05:00,-13.543695,-5.9960775,505042,11.4,0.0,0.153,13.45,0.585,275.8,274.3,271.2,0.0,0.0,0.0,2.765,0.0,60.18,0.0,1382679.0,21.76,0.0,0.0,0.0,0.0,0.0,0.0,0.0,0.0,0.0,0.0,12.8,8.18,-0.038,0.0,0.0,0.0,60.0,59.9,74.7,0.0,274.0,274.0,274.1,0.0,0.0,0.0,601.0,1373157.0,41210.0,126676.0,1.0,0.979,0.748,0.921,0.002,0.003,0.003,0.005,0.01,0.006,0.006,0.0,0.0,0.0,0.0,0.0,0.0,0.0,43302.0,43960.0,43528.0,43378.0,44259.0,42012.0,38052.0,0.202,330.1,47.2,0.3,3.531,2.0,-1.0,13.86,0.012,0.214,3.0,2.0,0.0,0.0,8.57,8.61,7.978,8.27,8.58,10.99,7.83,8.37,8.08,19.38
2016-06-09 02:10:00-05:00,-13.543695,-5.9960775,505043,11.38,0.0,0.153,13.43,0.596,275.7,274.4,271.3,0.0,0.0,0.0,2.723,0.0,60.22,0.0,1382679.0,21.77,0.0,0.0,0.0,0.0,0.0,0.0,0.0,0.0,0.0,0.0,12.7,8.16,-0.037,0.0,0.0,0.0,60.0,59.9,74.7,0.0,274.0,274.0,274.2,0.0,0.0,0.0,601.0,1373157.0,41210.0,126676.0,1.0,0.979,0.748,0.921,0.002,0.003,0.004,0.004,0.009,0.004,0.005,0.0,0.0,0.0,0.0,0.0,0.0,0.0,43302.0,43960.0,43528.0,43378.0,44259.0,42012.0,38052.0,0.235,250.3,53.57,0.6,3.532,2.0,-1.0,13.86,0.012,0.214,3.0,2.0,0.0,0.0,8.57,8.71,7.895,8.21,8.56,10.87,7.798,8.29,8.0,19.38
2016-06-09 02:11:00-05:00,-13.543695,-6.1081543,505044,11.36,0.0,0.153,13.4,0.587,275.5,274.6,271.5,0.0,0.0,0.0,2.784,0.0,60.21,0.0,1382679.0,21.75,0.0,0.0,0.0,0.0,0.0,0.0,0.0,0.0,0.0,0.0,12.8,8.18,-0.037,0.0,0.0,0.0,60.0,59.9,74.7,0.0,274.0,274.0,275.0,0.0,0.0,0.0,601.0,1373157.0,41210.0,126676.0,1.0,0.979,0.748,0.921,0.001,0.003,0.003,0.005,0.009,0.005,0.006,0.0,0.0,0.0,0.0,0.0,0.0,0.0,43302.0,43960.0,43528.0,43378.0,44259.0,42012.0,38052.0,0.217,164.7,54.86,0.4,3.531,2.0,-0.983,13.86,0.012,0.214,3.0,2.0,0.0,0.0,8.57,8.79,7.83,8.19,8.48,10.63,7.7,8.29,7.955,19.38
2016-06-09 02:12:00-05:00,-13.543695,-5.771925,505045,11.36,0.0,0.156,13.41,0.582,276.0,274.4,271.3,0.0,0.0,0.0,2.71,0.0,60.21,0.0,1382679.0,21.76,0.0,0.0,0.0,0.0,0.0,0.0,0.0,0.0,0.0,0.0,12.72,8.2,-0.036,0.0,0.0,0.0,60.0,59.9,74.7,0.0,274.0,274.0,275.0,0.0,0.0,0.0,601.0,1373157.0,41210.0,126676.0,1.0,0.979,0.748,0.921,0.002,0.002,0.004,0.005,0.008,0.004,0.005,0.0,0.0,0.0,0.0,0.0,0.0,0.0,43302.0,43960.0,43528.0,43378.0,44259.0,42012.0,38052.0,0.183,166.6,31.56,0.3,3.531,2.0,-1.0,13.86,0.012,0.214,3.0,2.0,0.0,0.0,8.63,8.97,7.798,8.16,8.38,10.57,7.667,8.27,7.904,19.32
2016-06-09 02:13:00-05:00,-13.543695,-5.9960775,505046,11.34,0.0,0.158,13.39,0.582,275.7,274.5,271.4,0.0,0.0,0.0,2.744,0.0,60.24,0.0,1382679.0,21.76,0.0,0.0,0.0,0.0,0.0,0.0,0.0,0.0,0.0,0.0,12.75,8.16,-0.038,0.0,0.0,0.0,60.0,59.9,74.7,0.0,274.0,274.0,275.0,0.0,0.0,0.0,601.0,1373157.0,41210.0,126676.0,1.0,0.979,0.748,0.921,0.001,0.003,0.004,0.005,0.009,0.005,0.004,0.0,0.0,0.0,0.0,0.0,0.0,0.0,43302.0,43960.0,43528.0,43378.0,44259.0,42012.0,38052.0,0.192,264.9,53.99,0.4,3.531,2.0,-1.0,13.86,0.012,0.214,3.0,2.0,0.0,0.0,8.62,8.95,7.798,8.19,8.42,10.63,7.602,8.29,7.904,19.3
2016-06-09 02:14:00-05:00,-13.424891,-5.8840017,505047,11.32,0.0,0.157,13.35,0.612,275.9,274.4,271.4,0.0,0.0,0.0,2.774,0.0,60.23,0.0,1382679.0,21.76,0.0,0.0,0.0,0.0,0.0,0.0,0.0,0.0,0.0,0.0,12.68,8.08,-0.038,0.0,0.0,0.0,60.0,59.9,74.7,0.0,274.0,274.0,275.0,0.0,0.0,0.0,601.0,1373157.0,41210.0,126676.0,1.0,0.979,0.748,0.921,0.002,0.002,0.003,0.004,0.009,0.005,0.006,0.0,0.0,0.0,0.0,0.0,0.0,0.0,43302.0,43960.0,43528.0,43378.0,44259.0,42012.0,38052.0,0.152,267.8,43.77,0.3,3.531,2.0,-0.983,13.86,0.012,0.214,3.0,2.0,0.0,0.0,8.57,8.92,7.798,8.19,8.44,10.6,7.602,8.26,7.807,19.33
2016-06-09 02:15:00-05:00,-12.830869,-5.4356966,505048,11.31,0.0,0.156,13.39,0.605,276.0,274.4,271.3,0.0,0.0,0.0,2.76,0.0,60.21,0.0,1382679.0,21.78,0.0,0.0,0.0,0.0,0.0,0.0,0.0,0.0,0.0,0.0,12.7,8.1,-0.038,0.0,0.0,0.0,60.0,59.9,74.7,0.0,274.0,274.0,275.0,0.0,0.0,0.0,601.0,1373157.0,41210.0,126676.0,1.0,0.979,0.748,0.921,0.001,0.002,0.004,0.006,0.009,0.005,0.006,0.0,0.0,0.0,0.0,0.0,0.0,0.0,43302.0,43960.0,43528.0,43378.0,44259.0,42012.0,38052.0,0.188,277.2,32.0,0.5,3.531,2.0,-1.0,13.86,0.012,0.214,3.0,2.0,0.0,0.0,8.55,8.87,7.798,8.17,8.43,10.63,7.602,8.29,7.807,19.33
2016-06-09 02:16:00-05:00,-12.712065,-5.3236203,505049,11.3,0.0,0.156,13.32,0.623,275.2,273.9,270.9,0.0,0.0,0.0,2.747,0.0,60.21,0.0,1382679.0,21.75,0.0,0.0,0.0,0.0,0.0,0.0,0.0,0.0,0.0,0.0,12.6,8.02,-0.038,0.0,0.0,0.0,60.0,59.9,74.7,0.0,274.0,273.4,274.1,0.0,0.0,0.0,601.0,1373157.0,41210.0,126676.0,1.0,0.979,0.748,0.921,0.002,0.003,0.004,0.005,0.009,0.004,0.006,0.0,0.0,0.0,0.0,0.0,0.0,0.0,43302.0,43960.0,43528.0,43378.0,44259.0,42012.0,38052.0,0.155,188.2,37.5,0.4,3.531,2.0,-0.967,13.86,0.012,0.214,3.0,2.0,0.0,0.0,8.47,8.78,7.7,8.1,8.4,10.6,7.537,8.22,7.774,19.3
2016-06-09 02:17:00-05:00,-12.712065,-5.3236203,505050,11.28,0.0,0.155,13.18,0.635,275.2,273.8,270.8,0.0,0.0,0.0,2.783,0.0,60.15,0.0,1382679.0,21.77,0.0,0.0,0.0,0.0,0.0,0.0,0.0,0.0,0.0,0.0,12.52,7.9,-0.038,0.0,0.0,0.0,60.0,59.9,74.7,0.0,274.0,273.7,274.0,0.0,0.0,0.0,601.0,1373157.0,41210.0,126676.0,1.0,0.979,0.748,0.921,0.001,0.002,0.003,0.005,0.009,0.005,0.006,0.0,0.0,0.0,0.0,0.0,0.0,0.0,43302.0,43960.0,43528.0,43378.0,44259.0,42012.0,38052.0,0.403,159.9,12.23,0.7,3.531,2.0,-1.0,13.86,0.012,0.214,3.0,2.0,0.0,0.0,8.38,8.7,7.7,8.04,8.32,10.48,7.602,8.16,7.807,19.23
2016-06-09 02:18:00-05:00,-12.712065,-5.3236203,505051,11.27,0.0,0.155,12.88,0.621,275.4,273.8,270.8,0.0,0.0,0.0,2.799,0.0,60.18,0.0,1382679.0,21.77,0.0,0.0,0.0,0.0,0.0,0.0,0.0,0.0,0.0,0.0,12.26,7.786,-0.038,0.0,0.0,0.0,60.0,59.9,74.7,0.0,274.0,274.0,274.0,0.0,0.0,0.0,601.0,1373157.0,41210.0,126676.0,1.0,0.979,0.748,0.921,0.001,0.003,0.004,0.006,0.009,0.005,0.006,0.0,0.0,0.0,0.0,0.0,0.0,0.0,43302.0,43960.0,43528.0,43378.0,44259.0,42012.0,38052.0,0.608,148.0,5.103,0.8,3.531,2.0,-1.0,13.86,0.012,0.214,3.0,2.0,0.0,0.0,8.23,8.56,7.7,7.993,8.51,10.49,7.588,8.06,7.723,19.23
2016-06-09 02:19:00-05:00,-12.712065,-5.3236203,505052,11.25,0.0,0.154,12.55,0.661,275.2,273.8,270.7,0.0,0.0,0.0,2.769,0.0,60.14,0.0,1382679.0,21.76,0.0,0.0,0.0,0.0,0.0,0.0,0.0,0.0,0.0,0.0,11.98,7.663,-0.037,0.0,0.0,0.0,60.0,59.9,74.7,0.0,274.0,273.5,274.0,0.0,0.0,0.0,601.0,1373157.0,41210.0,126676.0,1.0,0.979,0.748,0.921,0.001,0.002,0.003,0.005,0.009,0.005,0.006,0.0,0.0,0.0,0.0,0.0,0.0,0.0,43302.0,43960.0,43528.0,43378.0,44259.0,42012.0,38052.0,0.585,152.2,7.134,0.7,3.531,2.0,-1.0,13.86,0.012,0.213,3.0,2.0,0.0,0.0,8.15,8.51,7.635,8.01,8.4,10.54,7.57,7.993,7.709,19.23
2016-06-09 02:20:00-05:00,-12.712065,-5.3236203,505053,11.24,0.0,0.154,12.26,0.651,275.1,274.0,270.8,0.0,0.0,0.0,2.808,0.0,60.14,0.0,1382679.0,21.75,0.0,0.0,0.0,0.0,0.0,0.0,0.0,0.0,0.0,0.0,11.78,7.527,-0.038,0.0,0.0,0.0,60.0,59.9,74.7,0.0,274.0,273.6,274.0,0.0,0.0,0.0,601.0,1373157.0,41210.0,126676.0,1.0,0.979,0.748,0.921,0.001,0.003,0.004,0.005,0.009,0.005,0.005,0.0,0.0,0.0,0.0,0.0,0.0,0.0,43302.0,43960.0,43528.0,43378.0,44259.0,42012.0,38052.0,0.698,162.8,5.223,0.9,3.531,2.0,-1.0,13.86,0.012,0.213,3.0,2.0,0.0,0.0,8.05,8.45,7.602,7.961,8.3,10.63,7.505,7.928,7.709,19.23
2016-06-09 02:21:00-05:00,-12.830869,-5.3236203,505054,11.22,0.0,0.155,12.02,0.653,275.3,273.8,270.7,0.0,0.0,0.0,2.801,0.0,60.23,0.0,1382679.0,21.75,0.0,0.0,0.0,0.0,0.0,0.0,0.0,0.0,0.0,0.0,11.55,7.431,-0.038,0.0,0.0,0.0,60.0,59.9,74.7,0.0,274.0,274.0,274.0,0.0,0.0,0.0,601.0,1373157.0,41210.0,126676.0,1.0,0.979,0.748,0.921,0.001,0.003,0.004,0.005,0.009,0.004,0.004,0.0,0.0,0.0,0.0,0.0,0.0,0.0,43302.0,43960.0,43528.0,43378.0,44259.0,42012.0,38052.0,0.758,163.0,7.314,0.9,3.531,2.0,-1.0,13.86,0.012,0.213,3.0,2.0,0.0,0.0,7.951,8.35,7.617,7.863,8.2,10.67,7.472,7.83,7.709,19.14
2016-06-09 02:22:00-05:00,-13.424891,-5.3236203,505055,11.21,0.0,0.159,11.88,0.69,275.1,274.0,270.9,0.0,0.0,0.0,2.809,0.0,60.16,0.0,1382679.0,21.75,0.0,0.0,0.0,0.0,0.0,0.0,0.0,0.0,0.0,0.0,11.41,7.316,-0.038,0.0,0.0,0.0,60.0,59.9,74.7,0.0,274.0,273.9,274.0,0.0,0.0,0.0,601.0,1373157.0,41210.0,126676.0,1.0,0.979,0.748,0.921,0.001,0.002,0.004,0.004,0.01,0.004,0.005,0.0,0.0,0.0,0.0,0.0,0.0,0.0,43302.0,43960.0,43528.0,43378.0,44259.0,42012.0,38052.0,0.57,175.5,9.99,0.7,3.531,2.0,-1.0,13.86,0.012,0.213,3.0,2.0,0.0,0.0,7.825,8.37,7.553,7.813,8.19,10.64,7.44,7.798,7.709,19.14
2016-06-09 02:23:00-05:00,-13.543695,-5.3236203,505056,11.18,0.0,0.163,11.73,0.697,275.2,273.9,270.8,0.0,0.0,0.0,2.792,0.0,60.19,0.0,1382679.0,21.76,0.0,0.0,0.0,0.0,0.0,0.0,0.0,0.0,0.0,0.0,11.22,7.235,-0.037,0.0,0.0,0.0,60.0,59.9,74.7,0.0,274.0,273.5,274.0,0.0,0.0,0.0,601.0,1373157.0,41210.0,126676.0,1.0,0.979,0.748,0.921,0.003,0.002,0.004,0.005,0.009,0.005,0.006,0.0,0.0,0.0,0.0,0.0,0.0,0.0,43302.0,43960.0,43528.0,43378.0,44259.0,42012.0,38052.0,0.637,162.6,8.14,0.8,3.531,2.0,-1.0,13.86,0.012,0.213,3.0,2.0,0.0,0.0,7.775,8.29,7.59,7.795,8.16,10.47,7.407,7.7,7.644,19.14
2016-06-09 02:24:00-05:00,-13.543695,-5.3236203,505057,11.17,0.0,0.165,11.64,0.7,275.4,273.6,270.6,0.0,0.0,0.0,2.795,0.0,60.13,0.0,1382679.0,21.79,0.0,0.0,0.0,0.0,0.0,0.0,0.0,0.0,0.0,0.0,11.08,7.171,-0.038,0.0,0.0,0.0,60.0,59.9,74.7,0.0,274.0,273.1,274.0,0.0,0.0,0.0,601.0,1373157.0,41210.0,126676.0,1.0,0.979,0.748,0.921,0.001,0.003,0.004,0.005,0.009,0.005,0.006,0.0,0.0,0.0,0.0,0.0,0.0,0.0,43302.0,43960.0,43528.0,43378.0,44259.0,42012.0,38052.0,0.595,167.1,5.924,0.7,3.531,2.0,-1.0,13.86,0.012,0.213,3.0,2.0,0.0,0.0,7.644,8.21,7.488,7.767,8.01,10.24,7.342,7.685,7.611,19.1
2016-06-09 02:25:00-05:00,-13.543695,-5.3236203,505058,11.15,0.0,0.168,11.64,0.698,275.0,273.7,270.7,0.0,0.0,0.0,2.798,0.0,60.14,0.0,1382679.0,21.78,0.0,0.0,0.0,0.0,0.0,0.0,0.0,0.0,0.0,0.0,10.95,7.06,-0.038,0.0,0.0,0.0,60.0,59.9,74.7,0.0,274.0,273.0,274.0,0.0,0.0,0.0,601.0,1373157.0,41210.0,126676.0,1.0,0.979,0.748,0.921,0.001,0.002,0.003,0.005,0.01,0.005,0.006,0.0,0.0,0.0,0.0,0.0,0.0,0.0,43302.0,43960.0,43528.0,43378.0,44259.0,42012.0,38052.0,0.6,159.4,6.542,0.8,3.531,2.0,-1.0,13.86,0.012,0.213,3.0,2.0,0.0,0.0,7.58,8.17,7.474,7.719,7.975,10.24,7.292,7.617,7.611,19.1
2016-06-09 02:26:00-05:00,-13.543695,-5.3236203,505059,11.13,0.0,0.173,11.57,0.701,274.9,273.9,270.8,0.0,0.0,0.0,2.804,0.0,60.15,0.0,1382679.0,21.78,0.0,0.0,0.0,0.0,0.0,0.0,0.0,0.0,0.0,0.0,10.89,6.99,-0.038,0.0,0.0,0.0,60.0,59.9,74.7,0.0,274.0,273.0,274.0,0.0,0.0,0.0,601.0,1373157.0,41210.0,126676.0,1.0,0.979,0.748,0.921,0.002,0.002,0.004,0.005,0.01,0.005,0.006,0.0,0.0,0.0,0.0,0.0,0.0,0.0,43302.0,43960.0,43528.0,43378.0,44259.0,42012.0,38052.0,0.617,170.3,5.9,0.7,3.531,2.0,-1.0,13.86,0.012,0.213,3.0,2.0,0.0,0.0,7.5,8.13,7.475,7.653,8.06,10.24,7.23,7.505,7.561,19.04
2016-06-09 02:27:00-05:00,-13.543695,-5.3236203,505060,11.11,0.0,0.17,11.51,0.72,275.1,273.8,270.7,0.0,0.0,0.0,2.806,0.0,60.22,0.0,1382679.0,21.74,0.0,0.0,0.0,0.0,0.0,0.0,0.0,0.0,0.0,0.0,10.8,6.921,-0.037,0.0,0.0,0.0,60.0,59.9,74.7,0.0,274.0,273.2,274.0,0.0,0.0,0.0,601.0,1373157.0,41210.0,126676.0,1.0,0.979,0.748,0.921,0.001,0.002,0.004,0.006,0.009,0.005,0.006,0.0,0.0,0.0,0.0,0.0,0.0,0.0,43302.0,43960.0,43528.0,43378.0,44259.0,42012.0,38052.0,0.702,175.9,3.467,0.8,3.531,2.0,-1.0,13.86,0.012,0.213,3.0,2.0,0.0,0.0,7.435,8.09,7.41,7.651,7.976,10.24,7.23,7.472,7.513,19.04
2016-06-09 02:28:00-05:00,-13.543695,-5.3236203,505061,11.09,0.0,0.173,11.49,0.758,275.1,273.8,270.7,0.0,0.0,0.0,2.811,0.0,60.16,0.0,1382679.0,21.78,0.0,0.0,0.0,0.0,0.0,0.0,0.0,0.0,0.0,0.0,10.69,6.848,-0.038,0.0,0.0,0.0,60.0,59.9,74.7,0.0,274.0,273.2,274.0,0.0,0.0,0.0,601.0,1373157.0,41210.0,126676.0,1.0,0.979,0.748,0.921,0.002,0.002,0.003,0.005,0.009,0.004,0.006,0.0,0.0,0.0,0.0,0.0,0.0,0.0,43302.0,43960.0,43528.0,43378.0,44259.0,42012.0,38052.0,0.722,170.9,5.784,0.8,3.531,2.0,-1.0,13.86,0.012,0.213,3.0,2.0,0.0,0.0,7.404,7.996,7.41,7.688,8.01,10.24,7.212,7.407,7.513,18.99
2016-06-09 02:29:00-05:00,-13.068479,-5.3236203,505062,11.08,0.0,0.176,11.48,0.806,275.0,274.0,270.8,0.0,0.0,0.0,2.818,0.0,60.14,0.0,1382679.0,21.72,0.0,0.0,0.0,0.0,0.0,0.0,0.0,0.0,0.0,0.0,10.61,6.773,-0.038,0.0,0.0,0.0,60.0,59.9,74.7,0.0,274.0,273.9,274.0,0.0,0.0,0.0,601.0,1373157.0,41210.0,126676.0,1.0,0.979,0.748,0.921,0.002,0.003,0.003,0.005,0.01,0.004,0.005,0.0,0.0,0.0,0.0,0.0,0.0,0.0,43302.0,43960.0,43528.0,43378.0,44259.0,42012.0,38052.0,0.663,172.5,6.05,0.8,3.531,2.0,-1.0,13.86,0.012,0.213,3.0,2.0,0.0,0.0,7.339,7.996,7.41,7.688,8.03,10.21,7.278,7.441,7.513,18.94
2016-06-09 02:30:00-05:00,-12.712065,-5.3236203,505063,11.05,0.0,0.177,11.5,0.811,275.2,273.9,270.7,0.0,0.0,0.0,2.818,0.0,60.13,0.0,1382679.0,21.78,0.0,0.0,0.0,0.0,0.0,0.0,0.0,0.0,0.0,0.0,10.54,6.706,-0.037,0.0,0.0,0.0,60.0,59.9,74.7,0.0,274.0,273.8,274.0,0.0,0.0,0.0,601.0,1373157.0,41210.0,126676.0,1.0,0.979,0.748,0.921,0.001,0.003,0.004,0.005,0.008,0.005,0.005,0.0,0.0,0.0,0.0,0.0,0.0,0.0,43302.0,43960.0,43528.0,43378.0,44259.0,42012.0,38052.0,0.6,166.9,7.481,0.8,3.531,2.0,-1.0,13.86,0.012,0.213,3.0,2.0,0.0,0.0,7.289,7.931,7.41,7.587,8.01,10.19,7.311,7.423,7.513,18.94
2016-06-09 02:31:00-05:00,-12.712065,-5.3236203,505064,11.04,0.0,0.182,11.49,0.811,275.2,273.9,270.8,0.0,0.0,0.0,2.818,0.0,60.21,0.0,1382679.0,21.76,0.0,0.0,0.0,0.0,0.0,0.0,0.0,0.0,0.0,0.0,10.47,6.631,-0.037,0.0,0.0,0.0,60.0,59.9,74.7,0.0,274.0,274.0,274.0,0.0,0.0,0.0,601.0,1373157.0,41210.0,126676.0,1.0,0.979,0.748,0.921,0.001,0.002,0.003,0.004,0.009,0.004,0.005,0.0,0.0,0.0,0.0,0.0,0.0,0.0,43302.0,43960.0,43528.0,43378.0,44259.0,42012.0,38052.0,0.557,174.4,7.437,0.8,3.531,2.0,-1.0,13.86,0.012,0.213,3.0,2.0,0.0,0.0,7.176,7.898,7.36,7.605,7.981,10.29,7.278,7.31,7.43,18.92
2016-06-09 02:32:00-05:00,-12.712065,-5.3236203,505065,11.01,0.0,0.185,11.41,0.811,275.3,273.9,270.8,0.0,0.0,0.0,2.818,0.0,60.21,0.0,1382679.0,21.75,0.0,0.0,0.0,0.0,0.0,0.0,0.0,0.0,0.0,0.0,10.37,6.593,-0.038,0.0,0.0,0.0,60.0,59.9,74.7,0.0,274.0,274.0,274.0,0.0,0.0,0.0,601.0,1373157.0,41210.0,126676.0,1.0,0.979,0.748,0.921,0.002,0.002,0.004,0.005,0.01,0.005,0.005,0.0,0.0,0.0,0.0,0.0,0.0,0.0,43302.0,43960.0,43528.0,43378.0,44259.0,42012.0,38052.0,0.697,162.9,11.47,1.0,3.531,2.0,-1.0,13.86,0.012,0.213,3.0,2.0,0.0,0.0,7.147,7.898,7.33,7.605,7.949,10.42,7.293,7.346,7.416,18.94
2016-06-09 02:33:00-05:00,-12.712065,-5.3236203,505066,10.99,0.0,0.186,11.38,0.811,275.4,273.9,270.7,0.0,0.0,0.0,2.818,0.0,60.22,0.0,1382679.0,21.76,0.0,0.0,0.0,0.0,0.0,0.0,0.0,0.0,0.0,0.0,10.34,6.556,-0.038,0.0,0.0,0.0,60.0,59.9,74.7,0.0,274.0,274.0,274.0,0.0,0.0,0.0,601.0,1373157.0,41210.0,126676.0,1.0,0.979,0.748,0.921,0.001,0.003,0.003,0.004,0.009,0.006,0.005,0.0,0.0,0.0,0.0,0.0,0.0,0.0,43302.0,43960.0,43528.0,43378.0,44259.0,42012.0,38052.0,0.505,174.3,11.66,0.6,3.531,2.0,-1.0,13.86,0.012,0.213,3.0,2.0,0.0,0.0,7.112,7.866,7.327,7.605,7.949,10.19,7.275,7.358,7.416,18.84
2016-06-09 02:34:00-05:00,-12.712065,-5.3236203,505067,10.97,0.0,0.185,11.33,0.811,275.1,274.0,270.9,0.0,0.0,0.0,2.818,0.0,60.22,0.0,1382679.0,21.75,0.0,0.0,0.0,0.0,0.0,0.0,0.0,0.0,0.0,0.0,10.28,6.521,-0.036,0.0,0.0,0.0,60.0,59.9,74.7,0.0,274.0,274.0,274.0,0.0,0.0,0.0,601.0,1373157.0,41210.0,126676.0,1.0,0.979,0.748,0.921,0.001,0.001,0.003,0.004,0.01,0.005,0.005,0.0,0.0,0.0,0.0,0.0,0.0,0.0,43302.0,43960.0,43528.0,43378.0,44259.0,42012.0,38052.0,0.513,191.4,11.31,0.7,3.531,2.0,-1.0,13.86,0.012,0.213,3.0,2.0,0.0,0.0,7.061,7.801,7.312,7.591,7.866,9.95,7.199,7.392,7.416,18.84
2016-06-09 02:35:00-05:00,-12.712065,-5.3236203,505068,10.95,0.0,0.188,11.34,0.811,275.2,274.0,270.8,0.0,0.0,0.0,2.818,0.0,60.15,0.0,1382679.0,21.73,0.0,0.0,0.0,0.0,0.0,0.0,0.0,0.0,0.0,0.0,10.24,6.496,-0.038,0.0,0.0,0.0,60.0,59.9,74.7,0.0,274.0,274.0,274.0,0.0,0.0,0.0,601.0,1373157.0,41210.0,126676.0,1.0,0.979,0.748,0.921,0.002,0.002,0.004,0.005,0.009,0.005,0.005,0.0,0.0,0.0,0.0,0.0,0.0,0.0,43302.0,43960.0,43528.0,43378.0,44259.0,42012.0,38052.0,0.588,187.5,11.74,0.7,3.531,2.0,-1.0,13.86,0.012,0.213,3.0,2.0,0.0,0.0,7.014,7.75,7.298,7.605,7.833,9.75,7.2,7.278,7.383,18.79
2016-06-09 02:36:00-05:00,-12.712065,-5.3236203,505069,10.92,0.0,0.187,11.3,0.811,275.3,273.8,270.7,0.0,0.0,0.0,2.818,0.0,60.14,0.0,1382679.0,21.75,0.0,0.0,0.0,0.0,0.0,0.0,0.0,0.0,0.0,0.0,10.29,6.505,-0.038,0.0,0.0,0.0,60.0,59.9,74.7,0.0,274.0,274.0,274.0,0.0,0.0,0.0,601.0,1373157.0,41210.0,126676.0,1.0,0.979,0.748,0.921,0.001,0.003,0.004,0.005,0.009,0.005,0.006,0.0,0.0,0.0,0.0,0.0,0.0,0.0,43302.0,43960.0,43528.0,43378.0,44259.0,42012.0,38052.0,0.402,193.9,9.17,0.6,3.531,2.0,-1.0,13.86,0.012,0.213,3.0,2.0,0.0,0.0,7.032,7.783,7.262,7.587,7.735,9.66,7.128,7.36,7.398,18.74
2016-06-09 02:37:00-05:00,-12.712065,-5.3236203,505070,10.9,0.0,0.187,11.36,0.811,275.1,274.0,270.8,0.0,0.0,0.0,2.818,0.0,60.14,0.0,1382679.0,21.75,0.0,0.0,0.0,0.0,0.0,0.0,0.0,0.0,0.0,0.0,10.34,6.516,-0.038,0.0,0.0,0.0,60.0,59.9,74.7,0.0,274.0,273.9,274.0,0.0,0.0,0.0,601.0,1373157.0,41210.0,126676.0,1.0,0.979,0.748,0.921,0.001,0.002,0.003,0.005,0.009,0.004,0.005,0.0,0.0,0.0,0.0,0.0,0.0,0.0,43302.0,43960.0,43528.0,43378.0,44259.0,42012.0,38052.0,0.422,174.2,11.18,0.5,3.531,2.0,-1.0,13.86,0.012,0.213,3.0,2.0,0.0,0.0,7.112,7.703,7.298,7.522,7.703,9.62,7.15,7.312,7.318,18.74
2016-06-09 02:38:00-05:00,-13.187283,-5.3236203,505071,10.88,0.0,0.19,11.4,0.811,275.1,273.8,270.8,0.0,0.0,0.0,2.818,0.0,60.13,0.0,1382679.0,21.79,0.0,0.0,0.0,0.0,0.0,0.0,0.0,0.0,0.0,0.0,10.44,6.56,-0.038,0.0,0.0,0.0,60.0,59.9,74.7,0.0,274.0,273.8,274.0,0.0,0.0,0.0,601.0,1373157.0,41210.0,126676.0,1.0,0.979,0.748,0.921,0.002,0.002,0.004,0.005,0.009,0.005,0.006,0.0,0.0,0.0,0.0,0.0,0.0,0.0,43302.0,43960.0,43528.0,43378.0,44259.0,42012.0,38052.0,0.418,164.1,8.49,0.5,3.531,2.0,-1.0,13.86,0.012,0.213,3.0,2.0,0.0,0.0,7.112,7.703,7.197,7.475,7.786,9.53,7.066,7.262,7.268,18.74
2016-06-09 02:39:00-05:00,-13.543695,-5.3236203,505072,10.86,0.0,0.193,11.46,0.811,274.9,274.0,270.9,0.0,0.0,0.0,2.818,0.0,60.15,0.0,1382679.0,21.76,0.0,0.0,0.0,0.0,0.0,0.0,0.0,0.0,0.0,0.0,10.56,6.525,-0.038,0.0,0.0,0.0,60.0,59.9,74.7,0.0,274.0,273.7,274.0,0.0,0.0,0.0,601.0,1373157.0,41210.0,126676.0,1.0,0.979,0.748,0.921,0.001,0.002,0.003,0.005,0.01,0.004,0.005,0.0,0.0,0.0,0.0,0.0,0.0,0.0,43302.0,43960.0,43528.0,43378.0,44259.0,42012.0,38052.0,0.41,178.0,17.43,0.7,3.532,2.0,-1.0,13.86,0.012,0.213,3.0,2.0,0.0,0.0,7.112,7.638,7.117,7.428,7.783,9.59,7.02,7.215,7.22,18.66
2016-06-09 02:40:00-05:00,-13.543695,-5.3236203,505073,10.83,0.0,0.191,11.51,0.811,275.3,273.8,270.7,0.0,0.0,0.0,2.818,0.0,60.19,0.0,1382679.0,21.76,0.0,0.0,0.0,0.0,0.0,0.0,0.0,0.0,0.0,0.0,10.59,6.485,-0.038,0.0,0.0,0.0,60.0,59.9,74.7,0.0,274.0,273.5,274.0,0.0,0.0,0.0,601.0,1373157.0,41210.0,126676.0,1.0,0.979,0.748,0.921,0.001,0.001,0.003,0.005,0.01,0.005,0.005,0.0,0.0,0.0,0.0,0.0,0.0,0.0,43302.0,43960.0,43528.0,43378.0,44259.0,42012.0,38052.0,0.522,198.1,15.79,0.8,3.531,2.0,-1.0,13.86,0.012,0.213,3.0,2.0,0.0,0.0,7.112,7.605,7.117,7.41,7.638,9.34,6.987,7.197,7.188,18.65
2016-06-09 02:41:00-05:00,-13.068479,-5.3236203,505074,10.81,0.0,0.189,11.49,0.811,275.3,273.7,270.6,0.0,0.0,0.0,2.818,0.0,60.13,0.0,1382679.0,21.78,0.0,0.0,0.0,0.0,0.0,0.0,0.0,0.0,0.0,0.0,10.63,6.446,-0.037,0.0,0.0,0.0,60.0,59.9,74.7,0.0,274.0,273.4,274.0,0.0,0.0,0.0,601.0,1373157.0,41210.0,126676.0,1.0,0.979,0.748,0.921,0.001,0.002,0.003,0.005,0.009,0.005,0.005,0.0,0.0,0.0,0.0,0.0,0.0,0.0,43302.0,43960.0,43528.0,43378.0,44259.0,42012.0,38052.0,0.44,206.2,10.49,0.6,3.531,2.0,-1.0,13.86,0.012,0.213,3.0,2.0,0.0,0.0,7.112,7.605,7.099,7.395,7.573,9.41,6.937,7.117,7.123,18.63
2016-06-09 02:42:00-05:00,-12.712065,-5.3236203,505075,10.79,0.0,0.188,11.49,0.811,275.2,273.9,270.8,0.0,0.0,0.0,2.818,0.0,60.17,0.0,1382679.0,21.77,0.0,0.0,0.0,0.0,0.0,0.0,0.0,0.0,0.0,0.0,10.63,6.457,-0.038,0.0,0.0,0.0,60.0,59.9,74.7,0.0,274.0,273.7,274.0,0.0,0.0,0.0,601.0,1373157.0,41210.0,126676.0,1.0,0.979,0.748,0.921,0.001,0.002,0.003,0.004,0.01,0.004,0.006,0.0,0.0,0.0,0.0,0.0,0.0,0.0,43302.0,43960.0,43528.0,43378.0,44259.0,42012.0,38052.0,0.548,222.6,11.24,0.7,3.531,2.0,-1.0,13.86,0.012,0.213,3.0,2.0,0.0,0.0,7.112,7.605,7.049,7.395,7.49,9.36,6.969,7.117,7.123,18.61
2016-06-09 02:43:00-05:00,-12.712065,-5.3236203,505076,10.76,0.0,0.191,11.39,0.811,275.2,273.8,270.8,0.0,0.0,0.0,2.818,0.0,60.23,0.0,1382679.0,21.76,0.0,0.0,0.0,0.0,0.0,0.0,0.0,0.0,0.0,0.0,10.62,6.479,-0.038,0.0,0.0,0.0,60.0,59.9,74.7,0.0,274.0,274.0,274.0,0.0,0.0,0.0,601.0,1373157.0,41210.0,126676.0,1.0,0.979,0.748,0.921,0.001,0.002,0.003,0.005,0.009,0.004,0.005,0.0,0.0,0.0,0.0,0.0,0.0,0.0,43302.0,43960.0,43528.0,43378.0,44259.0,42012.0,38052.0,0.748,227.9,9.21,0.9,3.53,2.0,-1.0,13.86,0.012,0.213,3.0,2.0,0.0,0.0,7.112,7.587,7.02,7.312,7.439,9.3,6.937,7.15,7.123,18.55
2016-06-09 02:44:00-05:00,-12.712065,-5.3236203,505077,10.74,0.0,0.192,11.48,0.811,275.3,273.8,270.7,0.0,0.0,0.0,2.818,0.0,60.15,0.0,1382679.0,21.72,0.0,0.0,0.0,0.0,0.0,0.0,0.0,0.0,0.0,0.0,10.61,6.505,-0.038,0.0,0.0,0.0,60.0,59.9,74.7,0.0,274.0,273.6,274.0,0.0,0.0,0.0,601.0,1373157.0,41210.0,126676.0,1.0,0.979,0.748,0.921,0.001,0.002,0.003,0.004,0.009,0.004,0.005,0.0,0.0,0.0,0.0,0.0,0.0,0.0,43302.0,43960.0,43528.0,43378.0,44259.0,42012.0,38052.0,0.708,221.0,7.544,0.9,3.531,2.667,-1.0,13.86,0.013,0.333,3.0,2.0,0.0,0.0,7.112,7.508,7.02,7.312,7.443,9.46,6.904,7.182,7.141,18.55
2016-06-09 02:45:00-05:00,-12.712065,-5.3236203,505078,10.72,0.0,0.194,11.42,0.811,275.1,273.9,270.7,0.0,0.0,0.0,2.818,0.0,60.17,0.0,1382679.0,21.78,0.0,0.0,0.0,0.0,0.0,0.0,0.0,0.0,0.0,0.0,10.64,6.475,-0.038,0.0,0.0,0.0,60.0,59.9,74.7,0.0,274.0,274.0,274.0,0.0,0.0,0.0,601.0,1373157.0,41210.0,126676.0,1.0,0.979,0.748,0.921,0.001,0.002,0.003,0.004,0.009,0.005,0.006,0.0,0.0,0.0,0.0,0.0,0.0,0.0,43302.0,43960.0,43528.0,43378.0,44259.0,42012.0,38052.0,0.528,225.3,10.99,0.7,3.531,3.0,-1.0,13.86,0.012,0.424,3.0,2.0,0.0,0.0,7.079,7.49,7.02,7.298,7.41,9.62,6.824,7.15,7.025,18.53
2016-06-09 02:46:00-05:00,-12.712065,-5.3236203,505079,10.69,0.0,0.195,11.3,0.811,275.0,274.1,271.0,0.0,0.0,0.0,2.824,0.0,60.14,0.0,1382679.0,21.75,0.0,0.0,0.0,0.0,0.0,0.0,0.0,0.0,0.0,0.0,10.54,6.507,-0.031,0.0,0.0,0.0,60.0,59.9,74.7,0.0,274.0,274.0,274.0,0.0,0.0,0.0,601.0,1373157.0,41210.0,126676.0,1.0,0.979,0.748,0.921,0.002,0.002,0.003,0.004,0.009,0.004,0.005,0.0,0.0,0.0,0.0,0.0,0.0,0.0,43302.0,43960.0,43528.0,43378.0,44259.0,42012.0,38052.0,0.322,263.9,63.26,0.5,3.531,2.333,-1.0,13.86,0.011,0.304,3.0,2.0,0.0,0.0,7.014,7.46,7.02,7.312,7.573,9.71,6.842,7.168,7.04,18.52
2016-06-09 02:47:00-05:00,-12.118043,-4.987392,505080,10.67,0.0,0.197,11.47,0.811,275.0,274.0,270.9,0.0,0.0,0.0,2.818,0.0,60.17,0.0,1382679.0,21.78,0.0,0.0,0.0,0.0,0.0,0.0,0.0,0.0,0.0,0.0,10.78,6.622,-0.025,0.0,0.0,0.0,60.0,59.9,74.7,0.0,274.0,274.0,274.0,0.0,0.0,0.0,601.0,1373157.0,41210.0,126676.0,1.0,0.979,0.748,0.921,0.002,0.001,0.004,0.005,0.009,0.004,0.006,0.0,0.0,0.0,0.0,0.0,0.0,0.0,43302.0,43960.0,43528.0,43378.0,44259.0,42012.0,38052.0,0.668,243.7,12.93,0.8,3.531,2.0,-1.0,13.86,0.012,0.213,3.0,2.0,0.0,0.0,7.097,7.49,7.02,7.312,7.443,9.72,6.872,7.312,7.107,18.45
2016-06-09 02:48:00-05:00,-11.999239,-4.651163,505081,10.65,0.0,0.198,11.53,0.811,275.2,273.9,270.8,0.0,0.0,0.0,2.818,0.0,60.16,0.0,1382679.0,21.7,0.0,0.0,0.0,0.0,0.0,0.0,0.0,0.0,0.0,0.0,10.88,6.666,-0.038,0.0,0.0,0.0,60.0,59.9,74.7,0.0,274.0,273.8,274.0,0.0,0.0,0.0,601.0,1373157.0,41210.0,126676.0,1.0,0.979,0.748,0.921,0.002,0.003,0.004,0.004,0.01,0.005,0.005,0.0,0.0,0.0,0.0,0.0,0.0,0.0,43302.0,43960.0,43528.0,43378.0,44259.0,42012.0,38052.0,0.743,250.0,5.196,0.9,3.532,2.0,-1.0,13.86,0.012,0.213,3.0,2.0,0.0,0.0,7.112,7.457,7.02,7.262,7.36,9.64,6.824,7.23,7.026,18.45
2016-06-09 02:49:00-05:00,-11.999239,-4.539087,505082,10.63,0.0,0.199,11.64,0.811,275.2,273.9,270.8,0.0,0.0,0.0,2.818,0.0,60.21,0.0,1382679.0,21.74,0.0,0.0,0.0,0.0,0.0,0.0,0.0,0.0,0.0,0.0,10.93,6.652,-0.038,0.0,0.0,0.0,60.0,59.9,74.7,0.0,274.0,273.9,274.0,0.0,0.0,0.0,601.0,1373157.0,41210.0,126676.0,1.0,0.979,0.748,0.921,0.001,0.003,0.003,0.005,0.01,0.005,0.005,0.0,0.0,0.0,0.0,0.0,0.0,0.0,43302.0,43960.0,43528.0,43378.0,44259.0,42012.0,38052.0,0.55,232.5,6.661,0.8,3.53,2.0,-1.0,13.86,0.012,0.213,3.0,2.0,0.0,0.0,7.112,7.41,7.02,7.247,7.294,9.59,6.824,7.215,7.013,18.43
2016-06-09 02:50:00-05:00,-11.999239,-4.539087,505083,10.61,0.0,0.199,11.61,0.811,275.4,273.7,270.6,0.0,0.0,0.0,2.818,0.0,60.17,0.0,1382679.0,21.79,0.0,0.0,0.0,0.0,0.0,0.0,0.0,0.0,0.0,0.0,11.0,6.606,-0.038,0.0,0.0,0.0,60.0,59.9,74.7,0.0,274.0,273.6,274.0,0.0,0.0,0.0,601.0,1373157.0,41210.0,126676.0,1.0,0.979,0.748,0.921,0.001,0.002,0.004,0.004,0.009,0.005,0.005,0.0,0.0,0.0,0.0,0.0,0.0,0.0,43302.0,43960.0,43528.0,43378.0,44259.0,42012.0,38052.0,0.368,244.2,9.45,0.5,3.531,2.0,-1.0,13.86,0.012,0.213,3.0,2.0,0.0,0.0,7.112,7.392,6.969,7.294,7.247,9.49,6.792,7.233,6.994,18.35
2016-06-09 02:51:00-05:00,-11.76163,-4.539087,505084,10.59,0.0,0.2,11.69,0.811,275.0,273.8,270.7,0.0,0.0,0.0,2.818,0.0,60.15,0.0,1382679.0,21.76,0.0,0.0,0.0,0.0,0.0,0.0,0.0,0.0,0.0,0.0,11.05,6.572,-0.038,0.0,0.0,0.0,60.0,59.9,74.7,0.0,274.0,273.0,274.0,0.0,0.0,0.0,601.0,1373157.0,41210.0,126676.0,1.0,0.979,0.748,0.921,0.001,0.002,0.003,0.004,0.009,0.005,0.005,0.0,0.0,0.0,0.0,0.0,0.0,0.0,43302.0,43960.0,43528.0,43378.0,44259.0,42012.0,38052.0,0.273,271.9,16.59,0.4,3.531,2.0,-1.0,13.86,0.012,0.213,3.0,2.0,0.0,0.0,7.094,7.36,6.922,7.298,7.265,9.51,6.727,7.262,6.926,18.35
2016-06-09 02:52:00-05:00,-11.524022,-4.539087,505085,10.57,0.0,0.201,11.69,0.811,275.1,274.0,270.9,0.0,0.0,0.0,2.818,0.0,60.14,0.0,1382679.0,21.68,0.0,0.0,0.0,0.0,0.0,0.0,0.0,0.0,0.0,0.0,11.12,6.503,-0.038,0.0,0.0,0.0,60.0,59.9,74.7,0.0,274.0,273.8,274.0,0.0,0.0,0.0,601.0,1373157.0,41210.0,126676.0,1.0,0.979,0.748,0.921,0.002,0.002,0.003,0.004,0.009,0.004,0.005,0.0,0.0,0.0,0.0,0.0,0.0,0.0,43302.0,43960.0,43528.0,43378.0,44259.0,42012.0,38052.0,0.258,252.1,24.46,0.6,3.532,2.167,-1.0,13.86,0.013,0.229,3.0,2.0,0.0,0.0,7.047,7.312,6.839,7.23,7.197,9.46,6.662,7.15,6.93,18.35
2016-06-09 02:53:00-05:00,-11.642826,-4.539087,505086,10.55,0.0,0.201,11.75,0.811,275.2,273.9,270.9,0.0,0.0,0.0,2.818,0.0,60.22,0.0,1382679.0,21.76,0.0,0.0,0.0,0.0,0.0,0.0,0.0,0.0,0.0,0.0,11.1,6.461,-0.038,0.0,0.0,0.0,60.0,59.9,74.7,0.0,274.0,274.0,274.0,0.0,0.0,0.0,601.0,1373157.0,41210.0,126676.0,1.0,0.979,0.748,0.921,0.001,0.002,0.003,0.004,0.01,0.005,0.005,0.0,0.0,0.0,0.0,0.0,0.0,0.0,43302.0,43960.0,43528.0,43378.0,44259.0,42012.0,38052.0,0.393,277.4,14.87,0.6,3.531,3.0,-1.0,13.86,0.012,0.425,3.0,2.0,0.0,0.0,7.112,7.33,6.824,7.15,7.117,9.48,6.582,7.117,6.912,18.35
2016-06-09 02:54:00-05:00,-11.880434,-4.539087,505087,10.53,0.0,0.202,11.76,0.811,275.5,273.8,270.7,0.0,0.0,0.0,2.818,0.0,60.23,0.0,1382679.0,21.74,0.0,0.0,0.0,0.0,0.0,0.0,0.0,0.0,0.0,0.0,11.06,6.411,-0.037,0.0,0.0,0.0,60.0,59.9,74.7,0.0,274.0,274.0,274.0,0.0,0.0,0.0,601.0,1373157.0,41210.0,126676.0,1.0,0.979,0.748,0.921,0.001,0.002,0.003,0.004,0.009,0.004,0.005,0.0,0.0,0.0,0.0,0.0,0.0,0.0,43302.0,43960.0,43528.0,43378.0,44259.0,42012.0,38052.0,0.242,220.0,63.06,0.3,3.531,2.333,-1.0,13.86,0.011,0.303,3.0,2.0,0.0,0.0,7.047,7.312,6.824,7.117,7.099,9.48,6.532,7.02,6.832,18.27
2016-06-09 02:55:00-05:00,-11.999239,-4.539087,505088,10.5,0.0,0.202,11.73,0.811,275.3,273.8,270.7,0.0,0.0,0.0,2.818,0.0,60.23,0.0,1382679.0,21.76,0.0,0.0,0.0,0.0,0.0,0.0,0.0,0.0,0.0,0.0,10.99,6.395,-0.038,0.0,0.0,0.0,60.0,59.9,74.7,0.0,274.0,273.6,274.0,0.0,0.0,0.0,601.0,1373157.0,41210.0,126676.0,1.0,0.979,0.748,0.921,0.001,0.002,0.003,0.005,0.009,0.005,0.006,0.0,0.0,0.0,0.0,0.0,0.0,0.0,43302.0,43960.0,43528.0,43378.0,44259.0,42012.0,38052.0,0.245,113.5,18.42,0.4,3.531,2.0,-1.0,13.86,0.012,0.213,3.0,2.0,0.0,0.0,6.982,7.28,6.774,7.085,7.168,9.36,6.532,7.005,6.782,18.26
2016-06-09 02:56:00-05:00,-11.999239,-4.875315,505089,10.49,0.0,0.202,11.8,0.811,275.3,273.7,270.6,0.0,0.0,0.0,2.818,0.0,60.22,0.0,1382679.0,21.73,0.0,0.0,0.0,0.0,0.0,0.0,0.0,0.0,0.0,0.0,10.99,6.366,-0.038,0.0,0.0,0.0,60.0,59.9,74.7,0.0,274.0,273.0,274.0,0.0,0.0,0.0,601.0,1373157.0,41210.0,126676.0,1.0,0.979,0.748,0.921,0.001,0.002,0.003,0.005,0.009,0.004,0.005,0.0,0.0,0.0,0.0,0.0,0.0,0.0,43302.0,43960.0,43528.0,43378.0,44259.0,42012.0,38052.0,0.167,125.0,22.66,0.3,3.531,2.0,-1.0,13.86,0.012,0.213,3.0,2.0,0.0,0.0,6.931,7.215,6.727,7.02,7.168,9.34,6.481,7.02,6.735,18.26
2016-06-09 02:57:00-05:00,-11.999239,-5.3236203,505090,10.46,0.0,0.202,11.63,0.811,275.1,273.6,270.6,0.0,0.0,0.0,2.818,0.0,60.12,0.0,1382679.0,21.78,0.0,0.0,0.0,0.0,0.0,0.0,0.0,0.0,0.0,0.0,10.9,6.261,-0.038,0.0,0.0,0.0,60.0,59.9,74.7,0.0,274.0,273.0,274.0,0.0,0.0,0.0,601.0,1373157.0,41210.0,126676.0,1.0,0.979,0.748,0.921,0.002,0.002,0.003,0.005,0.009,0.005,0.006,0.0,0.0,0.0,0.0,0.0,0.0,0.0,43302.0,43960.0,43528.0,43378.0,44259.0,42012.0,38052.0,0.265,118.3,22.02,0.5,3.53,2.0,-1.0,13.86,0.012,0.213,3.0,2.0,0.0,0.0,6.917,7.201,6.694,7.02,7.002,9.23,6.434,6.972,6.669,18.24
2016-06-09 02:58:00-05:00,-11.999239,-5.099468,505091,10.44,0.0,0.203,11.59,0.811,275.2,273.7,270.6,0.0,0.0,0.0,2.818,0.0,60.2,0.0,1382679.0,21.75,0.0,0.0,0.0,0.0,0.0,0.0,0.0,0.0,0.0,0.0,10.69,6.228,-0.038,0.0,0.0,0.0,60.0,59.9,74.7,0.0,274.0,273.0,274.0,0.0,0.0,0.0,601.0,1373157.0,41210.0,126676.0,1.0,0.979,0.748,0.921,0.001,0.002,0.004,0.005,0.009,0.005,0.005,0.0,0.0,0.0,0.0,0.0,0.0,0.0,43302.0,43960.0,43528.0,43378.0,44259.0,42012.0,38052.0,0.547,153.6,6.136,0.7,3.531,2.0,-1.0,13.86,0.012,0.213,3.0,2.0,0.0,0.0,6.819,7.15,6.629,6.987,7.005,9.2,6.336,6.922,6.637,18.19
2016-06-09 02:59:00-05:00,-11.999239,-4.987392,505092,10.41,0.0,0.203,11.39,0.811,275.1,273.7,270.6,0.0,0.0,0.0,2.818,0.0,60.19,0.0,1382679.0,21.76,0.0,0.0,0.0,0.0,0.0,0.0,0.0,0.0,0.0,0.0,10.55,6.16,-0.038,0.0,0.0,0.0,60.0,59.9,74.7,0.0,274.0,273.0,274.0,0.0,0.0,0.0,601.0,1373157.0,41210.0,126676.0,1.0,0.979,0.748,0.921,0.001,0.002,0.004,0.005,0.009,0.004,0.005,0.0,0.0,0.0,0.0,0.0,0.0,0.0,43302.0,43960.0,43528.0,43378.0,44259.0,42012.0,38052.0,0.482,161.3,11.31,0.6,3.531,2.0,-1.0,13.86,0.012,0.213,3.0,2.0,0.0,0.0,6.722,7.136,6.629,6.922,7.085,9.48,6.351,6.839,6.637,18.16
2016-06-09 03:00:00-05:00,-11.999239,-4.875315,505093,10.39,0.0,0.203,11.31,0.811,275.1,273.7,270.7,0.0,0.0,0.0,2.819,0.0,60.21,0.0,1382679.0,21.75,0.0,0.0,0.0,0.0,0.0,0.0,0.0,0.0,0.0,0.0,10.46,6.072,-0.036,0.0,0.0,0.0,60.0,59.9,74.7,0.0,274.0,273.0,274.0,0.0,0.0,0.0,601.0,1373157.0,41210.0,126676.0,1.0,0.979,0.748,0.921,0.002,0.002,0.003,0.004,0.01,0.004,0.005,0.0,0.0,0.0,0.0,0.0,0.0,0.0,43302.0,43960.0,43528.0,43378.0,44259.0,42012.0,38052.0,0.45,163.7,9.15,0.6,3.531,2.0,-1.0,13.86,0.012,0.213,3.0,2.0,0.0,0.0,6.657,7.151,6.629,6.94,7.02,9.53,6.401,6.89,6.637,18.16
2016-06-09 03:01:00-05:00,-11.999239,-4.875315,505094,10.37,0.0,0.203,11.17,0.811,275.2,273.6,270.6,0.0,0.0,0.0,2.818,0.0,60.21,0.0,1382679.0,21.74,0.0,0.0,0.0,0.0,0.0,0.0,0.0,0.0,0.0,0.0,10.37,6.081,-0.038,0.0,0.0,0.0,60.0,59.9,74.7,0.0,274.0,273.0,274.0,0.0,0.0,0.0,601.0,1373157.0,41210.0,126676.0,1.0,0.979,0.748,0.921,0.001,0.002,0.003,0.005,0.009,0.004,0.005,0.0,0.0,0.0,0.0,0.0,0.0,0.0,43302.0,43960.0,43528.0,43378.0,44259.0,42012.0,38052.0,0.6,155.5,6.888,0.7,3.528,2.0,-1.0,13.86,0.012,0.213,3.0,2.0,0.0,0.0,6.624,7.136,6.593,6.89,7.052,9.53,6.336,6.824,6.637,18.16
2016-06-09 03:02:00-05:00,-11.999239,-4.875315,505095,10.35,0.0,0.203,11.15,0.811,274.9,273.8,270.7,0.0,0.0,0.0,2.818,0.0,60.13,0.0,1382679.0,21.69,0.0,0.0,0.0,0.0,0.0,0.0,0.0,0.0,0.0,0.0,10.28,5.998,-0.038,0.0,0.0,0.0,60.0,59.9,74.7,0.0,274.0,273.0,274.0,0.0,0.0,0.0,601.0,1373157.0,41210.0,126676.0,1.0,0.979,0.748,0.921,0.001,0.003,0.003,0.005,0.009,0.005,0.005,0.0,0.0,0.0,0.0,0.0,0.0,0.0,43302.0,43960.0,43528.0,43378.0,44259.0,42012.0,38052.0,0.51,158.8,9.38,0.7,3.531,2.0,-1.0,13.86,0.012,0.213,3.0,2.0,0.0,0.0,6.541,7.053,6.594,6.824,7.15,9.66,6.336,6.824,6.637,18.14
2016-06-09 03:03:00-05:00,-11.999239,-4.7632394,505096,10.32,0.0,0.203,11.06,0.811,274.8,273.8,270.7,0.0,0.0,0.0,2.818,0.0,60.13,0.0,1382679.0,21.67,0.0,0.0,0.0,0.0,0.0,0.0,0.0,0.0,0.0,0.0,10.18,5.981,-0.038,0.0,0.0,0.0,60.0,59.9,74.7,0.0,274.0,273.0,274.0,0.0,0.0,0.0,601.0,1373157.0,41210.0,126676.0,1.0,0.979,0.748,0.921,0.001,0.001,0.003,0.005,0.009,0.005,0.005,0.0,0.0,0.0,0.0,0.0,0.0,0.0,43302.0,43960.0,43528.0,43378.0,44259.0,42012.0,38052.0,0.655,166.4,6.001,0.8,3.531,2.0,-1.0,13.86,0.012,0.213,3.0,2.0,0.0,0.0,6.542,7.035,6.63,6.839,7.248,9.61,6.401,6.727,6.637,18.06
2016-06-09 03:04:00-05:00,-11.999239,-4.539087,505097,10.3,0.0,0.203,11.0,0.811,275.0,273.6,270.5,0.0,0.0,0.0,2.818,0.0,60.14,0.0,1382679.0,21.68,0.0,0.0,0.0,0.0,0.0,0.0,0.0,0.0,0.0,0.0,10.11,5.955,-0.038,0.0,0.0,0.0,60.0,59.9,74.7,0.0,274.0,273.0,274.0,0.0,0.0,0.0,601.0,1373157.0,41210.0,126676.0,1.0,0.979,0.748,0.921,0.001,0.002,0.003,0.005,0.009,0.004,0.006,0.0,0.0,0.0,0.0,0.0,0.0,0.0,43302.0,43960.0,43528.0,43378.0,44259.0,42012.0,38052.0,0.732,174.7,4.381,0.9,3.531,2.0,-1.0,13.86,0.012,0.213,3.0,2.0,0.0,0.0,6.578,7.023,6.644,6.839,7.165,9.38,6.434,6.727,6.637,18.06
2016-06-09 03:05:00-05:00,-11.999239,-4.539087,505098,10.27,0.0,0.203,10.8,0.811,274.7,273.7,270.5,0.0,0.0,0.0,2.818,0.0,60.14,0.0,1382679.0,21.73,0.0,0.0,0.0,0.0,0.0,0.0,0.0,0.0,0.0,0.0,9.99,5.902,-0.038,0.0,0.0,0.0,60.0,59.9,74.7,0.0,273.6,273.0,274.0,0.0,0.0,0.0,601.0,1373157.0,41210.0,126676.0,1.0,0.979,0.748,0.921,0.001,0.003,0.003,0.005,0.009,0.004,0.005,0.0,0.0,0.0,0.0,0.0,0.0,0.0,43302.0,43960.0,43528.0,43378.0,44259.0,42012.0,38052.0,0.673,166.1,7.95,0.8,3.528,2.0,-1.0,13.86,0.012,0.213,3.0,2.0,0.0,0.0,6.528,6.988,6.648,6.839,7.136,9.35,6.467,6.727,6.637,18.06
2016-06-09 03:06:00-05:00,-11.999239,-4.539087,505099,10.26,0.0,0.203,10.63,0.811,274.8,273.5,270.4,0.0,0.0,0.0,2.818,0.0,60.14,0.0,1382679.0,21.74,0.0,0.0,0.0,0.0,0.0,0.0,0.0,0.0,0.0,0.0,9.87,5.874,-0.038,0.0,0.0,0.0,60.0,59.9,74.7,0.0,273.5,273.0,274.0,0.0,0.0,0.0,601.0,1373157.0,41210.0,126676.0,1.0,0.979,0.748,0.921,0.001,0.003,0.003,0.004,0.008,0.004,0.006,0.0,0.0,0.0,0.0,0.0,0.0,0.0,43302.0,43960.0,43528.0,43378.0,44259.0,42012.0,38052.0,0.433,159.5,13.11,0.6,3.531,2.167,-1.0,13.86,0.013,0.232,3.0,2.0,0.0,0.0,6.445,7.003,6.678,6.843,7.132,9.32,6.434,6.644,6.666,17.96
2016-06-09 03:07:00-05:00,-12.236848,-4.875315,505100,10.23,0.0,0.203,10.54,0.811,275.2,273.4,270.3,0.0,0.0,0.0,2.82,0.0,60.18,0.0,1382679.0,21.77,0.0,0.0,0.0,0.0,0.0,0.0,0.0,0.0,0.0,0.0,9.77,5.841,-0.038,0.0,0.0,0.0,60.0,59.9,74.7,0.0,274.0,273.0,274.0,0.0,0.0,0.0,601.0,1373157.0,41210.0,126676.0,1.0,0.979,0.748,0.921,0.001,0.003,0.004,0.005,0.009,0.005,0.005,0.0,0.0,0.0,0.0,0.0,0.0,0.0,43302.0,43960.0,43528.0,43378.0,44259.0,42012.0,38052.0,0.59,161.8,7.29,0.7,3.532,3.0,-1.0,13.86,0.012,0.424,3.0,2.0,0.0,0.0,6.449,6.97,6.602,6.808,7.074,9.24,6.336,6.644,6.637,17.96
2016-06-09 03:08:00-05:00,-12.712065,-4.987392,505101,10.21,0.0,0.203,10.52,0.811,275.0,273.5,270.4,0.0,0.0,0.0,2.818,0.0,60.17,0.0,1382679.0,21.71,0.0,0.0,0.0,0.0,0.0,0.0,0.0,0.0,0.0,0.0,9.7,5.805,-0.038,0.0,0.0,0.0,60.0,59.9,74.7,0.0,273.8,273.0,274.0,0.0,0.0,0.0,601.0,1373157.0,41210.0,126676.0,1.0,0.979,0.748,0.921,0.001,0.003,0.003,0.004,0.008,0.005,0.005,0.0,0.0,0.0,0.0,0.0,0.0,0.0,43302.0,43960.0,43528.0,43378.0,44259.0,42012.0,38052.0,0.437,174.3,10.77,0.5,3.531,3.0,-1.0,13.86,0.012,0.425,3.0,2.0,0.0,0.0,6.413,6.97,6.58,6.727,7.068,9.27,6.336,6.629,6.637,17.96
2016-06-09 03:09:00-05:00,-12.712065,-5.211544,505102,10.18,0.0,0.204,10.48,0.811,274.9,273.6,270.4,0.0,0.0,0.0,2.825,0.0,60.18,0.0,1382679.0,21.74,0.0,0.0,0.0,0.0,0.0,0.0,0.0,0.0,0.0,0.0,9.66,5.764,-0.038,0.0,0.0,0.0,60.0,59.9,74.7,0.0,273.7,273.0,274.0,0.0,0.0,0.0,601.0,1373157.0,41210.0,126676.0,1.0,0.979,0.748,0.921,0.001,0.002,0.004,0.004,0.009,0.004,0.005,0.0,0.0,0.0,0.0,0.0,0.0,0.0,43302.0,43960.0,43528.0,43378.0,44259.0,42012.0,38052.0,0.57,173.3,8.3,0.7,3.531,2.667,-1.0,13.86,0.011,0.405,3.0,2.0,0.0,0.0,6.417,6.989,6.547,6.76,7.039,9.17,6.301,6.633,6.637,17.96
2016-06-09 03:10:00-05:00,-12.712065,-5.099468,505103,10.14,0.0,0.204,10.45,0.811,274.9,273.5,270.5,0.0,0.0,0.0,2.824,0.0,60.17,0.0,1382679.0,21.7,0.0,0.0,0.0,0.0,0.0,0.0,0.0,0.0,0.0,0.0,9.62,5.752,-0.038,0.0,0.0,0.0,60.0,59.9,74.7,0.0,273.4,273.0,274.0,0.0,0.0,0.0,601.0,1373157.0,41210.0,126676.0,1.0,0.979,0.748,0.921,0.001,0.002,0.004,0.004,0.009,0.005,0.006,0.0,0.0,0.0,0.0,0.0,0.0,0.0,43302.0,43960.0,43528.0,43378.0,44259.0,42012.0,38052.0,0.535,160.3,9.52,0.7,3.53,2.0,-1.0,13.86,0.011,0.213,3.0,2.0,0.0,0.0,6.402,6.974,6.583,6.745,7.003,8.99,6.272,6.565,6.637,17.88
2016-06-09 03:11:00-05:00,-12.474457,-4.875315,505104,10.11,0.0,0.204,10.39,0.811,274.9,273.4,270.3,0.0,0.0,0.0,2.825,0.0,60.17,0.0,1382679.0,21.78,0.0,0.0,0.0,0.0,0.0,0.0,0.0,0.0,0.0,0.0,9.54,5.748,-0.038,0.0,0.0,0.0,60.0,59.9,74.7,0.0,273.0,273.0,274.0,0.0,0.0,0.0,601.0,1373157.0,41210.0,126676.0,1.0,0.979,0.748,0.921,0.001,0.002,0.003,0.004,0.009,0.004,0.005,0.0,0.0,0.0,0.0,0.0,0.0,0.0,43302.0,43960.0,43528.0,43378.0,44259.0,42012.0,38052.0,0.365,167.3,12.02,0.6,3.531,2.0,-1.0,13.86,0.012,0.213,3.0,2.0,0.0,0.0,6.432,6.973,6.517,6.779,7.002,8.99,6.269,6.598,6.637,17.86
2016-06-09 03:12:00-05:00,-12.118043,-4.651163,505105,10.09,0.0,0.204,10.42,0.811,274.8,273.4,270.3,0.0,0.0,0.0,2.822,0.0,60.19,0.0,1382679.0,21.72,0.0,0.0,0.0,0.0,0.0,0.0,0.0,0.0,0.0,0.0,9.49,5.736,-0.038,0.0,0.0,0.0,60.0,59.9,74.7,0.0,273.0,273.0,273.9,0.0,0.0,0.0,601.0,1373157.0,41210.0,126676.0,1.0,0.979,0.748,0.921,0.001,0.002,0.003,0.004,0.009,0.004,0.005,0.0,0.0,0.0,0.0,0.0,0.0,0.0,43302.0,43960.0,43528.0,43378.0,44259.0,42012.0,38052.0,0.572,180.8,9.02,0.8,3.531,2.0,-1.0,13.86,0.012,0.213,3.0,2.0,0.0,0.0,6.417,6.992,6.529,6.782,6.97,8.98,6.24,6.547,6.637,17.85
2016-06-09 03:13:00-05:00,-11.999239,-4.539087,505106,10.07,0.0,0.204,10.4,0.811,274.9,273.3,270.3,0.0,0.0,0.0,2.826,0.0,60.23,0.0,1382679.0,21.75,0.0,0.0,0.0,0.0,0.0,0.0,0.0,0.0,0.0,0.0,9.42,5.747,-0.038,0.0,0.0,0.0,60.0,59.9,74.7,0.0,273.0,273.0,274.0,0.0,0.0,0.0,601.0,1373157.0,41210.0,126676.0,1.0,0.979,0.748,0.921,0.002,0.001,0.004,0.005,0.009,0.005,0.005,0.0,0.0,0.0,0.0,0.0,0.0,0.0,43302.0,43960.0,43528.0,43378.0,44259.0,42012.0,38052.0,0.54,191.3,8.11,0.8,3.531,2.0,-1.0,13.86,0.012,0.213,3.0,2.0,0.0,0.0,6.352,7.022,6.518,6.779,6.858,8.98,6.366,6.583,6.604,17.86
2016-06-09 03:14:00-05:00,-11.999239,-4.539087,505107,10.04,0.0,0.204,10.42,0.811,274.9,273.4,270.3,0.0,0.0,0.0,2.833,0.0,60.22,0.0,1382679.0,21.74,0.0,0.0,0.0,0.0,0.0,0.0,0.0,0.0,0.0,0.0,9.38,5.759,-0.038,0.0,0.0,0.0,60.0,59.9,74.7,0.0,273.0,273.0,273.7,0.0,0.0,0.0,601.0,1373157.0,41210.0,126676.0,1.0,0.979,0.748,0.921,0.001,0.002,0.003,0.005,0.009,0.005,0.005,0.0,0.0,0.0,0.0,0.0,0.0,0.0,43302.0,43960.0,43528.0,43378.0,44259.0,42012.0,38052.0,0.64,168.1,14.4,0.9,3.531,2.0,-1.0,13.86,0.012,0.213,3.0,2.0,0.0,0.0,6.349,6.985,6.595,6.794,6.939,8.89,6.373,6.547,6.539,17.82
2016-06-09 03:15:00-05:00,-11.999239,-4.539087,505108,10.02,0.0,0.204,10.3,0.811,274.8,273.2,270.1,0.0,0.0,0.0,2.821,0.0,60.13,0.0,1382679.0,21.73,0.0,0.0,0.0,0.0,0.0,0.0,0.0,0.0,0.0,0.0,9.32,5.764,-0.038,0.0,0.0,0.0,60.0,59.9,74.7,0.0,273.0,273.0,273.0,0.0,0.0,0.0,601.0,1373157.0,41210.0,126676.0,1.0,0.979,0.748,0.921,0.002,0.002,0.003,0.005,0.009,0.005,0.006,0.0,0.0,0.0,0.0,0.0,0.0,0.0,43302.0,43960.0,43528.0,43378.0,44259.0,42012.0,38052.0,0.718,161.0,11.35,1.0,3.531,2.0,-1.0,13.86,0.012,0.213,3.0,2.0,0.0,0.0,6.349,6.985,6.565,6.727,6.855,8.88,6.449,6.551,6.539,17.79
2016-06-09 03:16:00-05:00,-11.999239,-4.539087,505109,10.0,0.0,0.204,10.28,0.811,274.8,273.3,270.2,0.0,0.0,0.0,2.821,0.0,60.18,0.0,1382679.0,21.74,0.0,0.0,0.0,0.0,0.0,0.0,0.0,0.0,0.0,0.0,9.28,5.705,-0.038,0.0,0.0,0.0,60.0,59.9,74.7,0.0,273.0,273.0,273.2,0.0,0.0,0.0,601.0,1373157.0,41210.0,126676.0,1.0,0.979,0.748,0.921,0.0,0.002,0.002,0.004,0.008,0.004,0.005,0.0,0.0,0.0,0.0,0.0,0.0,0.0,43302.0,43960.0,43528.0,43378.0,44259.0,42012.0,38052.0,0.66,158.9,10.39,1.0,3.532,2.0,-1.0,13.86,0.012,0.213,3.0,2.0,0.0,0.0,6.334,7.007,6.617,6.727,6.909,8.88,6.514,6.514,6.539,17.84
2016-06-09 03:17:00-05:00,-11.999239,-4.539087,505110,9.98,0.0,0.204,10.29,0.811,274.8,273.3,270.2,0.0,0.0,0.0,2.82,0.0,60.14,0.0,1382679.0,21.78,0.0,0.0,0.0,0.0,0.0,0.0,0.0,0.0,0.0,0.0,9.28,5.652,-0.038,0.0,0.0,0.0,60.0,59.9,74.7,0.0,273.0,273.0,274.0,0.0,0.0,0.0,601.0,1373157.0,41210.0,126676.0,1.0,0.979,0.748,0.921,0.001,0.002,0.003,0.004,0.008,0.004,0.005,0.0,0.0,0.0,0.0,0.0,0.0,0.0,43302.0,43960.0,43528.0,43378.0,44259.0,42012.0,38052.0,0.59,170.1,10.56,0.8,3.531,2.833,-1.0,13.86,0.012,0.424,3.0,2.0,0.0,0.0,6.319,7.004,6.532,6.775,6.96,8.91,6.417,6.515,6.539,17.77
2016-06-09 03:18:00-05:00,-11.999239,-4.539087,505111,9.96,0.0,0.204,10.34,0.811,274.8,273.3,270.2,0.0,0.0,0.0,2.84,0.0,60.14,0.0,1382679.0,21.77,0.0,0.0,0.0,0.0,0.0,0.0,0.0,0.0,0.0,0.0,9.41,5.705,-0.038,0.0,0.0,0.0,60.0,59.9,74.7,0.0,273.0,273.0,274.0,0.0,0.0,0.0,601.0,1373157.0,41210.0,126676.0,1.0,0.979,0.748,0.921,0.001,0.002,0.003,0.004,0.009,0.004,0.005,0.0,0.0,0.0,0.0,0.0,0.0,0.0,43302.0,43960.0,43528.0,43378.0,44259.0,42012.0,38052.0,0.643,186.2,11.5,0.9,3.531,3.0,-1.0,13.86,0.012,0.43,3.0,2.0,0.0,0.0,6.384,7.022,6.534,6.699,7.04,8.85,6.403,6.464,6.492,17.76
2016-06-09 03:19:00-05:00,-11.999239,-4.539087,505112,9.93,0.0,0.204,10.48,0.811,274.7,273.5,270.4,0.0,0.0,0.0,2.847,0.0,60.2,0.0,1382679.0,21.75,0.0,0.0,0.0,0.0,0.0,0.0,0.0,0.0,0.0,0.0,9.65,5.857,-0.038,0.0,0.0,0.0,60.0,59.9,74.7,0.0,273.1,273.0,274.0,0.0,0.0,0.0,601.0,1373157.0,41210.0,126676.0,1.0,0.979,0.748,0.921,0.001,0.002,0.004,0.005,0.009,0.005,0.005,0.0,0.0,0.0,0.0,0.0,0.0,0.0,43302.0,43960.0,43528.0,43378.0,44259.0,42012.0,38052.0,0.713,203.7,19.77,1.3,3.531,2.167,-1.0,13.86,0.011,0.214,3.0,2.0,0.0,0.0,6.449,6.974,6.516,6.744,6.91,8.78,6.406,6.5,6.521,17.77
2016-06-09 03:20:00-05:00,-11.999239,-4.539087,505113,9.91,0.0,0.204,10.77,0.811,274.9,273.3,270.3,0.0,0.0,0.0,2.839,0.0,60.17,0.0,1382679.0,21.76,0.0,0.0,0.0,0.0,0.0,0.0,0.0,0.0,0.0,0.0,9.85,5.941,-0.037,0.0,0.0,0.0,60.0,59.9,74.7,0.0,273.0,273.0,274.0,0.0,0.0,0.0,601.0,1373157.0,41210.0,126676.0,1.0,0.979,0.748,0.921,0.002,0.002,0.003,0.005,0.009,0.004,0.005,0.0,0.0,0.0,0.0,0.0,0.0,0.0,43302.0,43960.0,43528.0,43378.0,44259.0,42012.0,38052.0,0.56,209.7,21.99,0.7,3.531,2.0,-1.0,13.86,0.012,0.213,3.0,2.0,0.0,0.0,6.461,6.956,6.534,6.797,6.925,8.95,6.472,6.565,6.586,17.69
2016-06-09 03:21:00-05:00,-11.999239,-4.539087,505114,9.89,0.0,0.204,10.67,0.811,275.0,273.2,270.2,0.0,0.0,0.0,2.853,0.0,60.15,0.0,1382679.0,21.78,0.0,0.0,0.0,0.0,0.0,0.0,0.0,0.0,0.0,0.0,9.83,5.89,-0.038,0.0,0.0,0.0,60.0,59.9,74.7,0.0,273.1,273.0,274.0,0.0,0.0,0.0,601.0,1373157.0,41210.0,126676.0,1.0,0.979,0.748,0.921,0.002,0.002,0.003,0.005,0.009,0.004,0.005,0.0,0.0,0.0,0.0,0.0,0.0,0.0,43302.0,43960.0,43528.0,43378.0,44259.0,42012.0,38052.0,0.662,214.3,9.8,1.0,3.531,2.0,-1.0,13.86,0.012,0.213,3.0,2.0,0.0,0.0,6.515,6.96,6.534,6.809,6.859,9.01,6.4,6.497,6.604,17.67
2016-06-09 03:22:00-05:00,-11.999239,-4.539087,505115,9.87,0.0,0.204,10.68,0.811,274.7,273.5,270.4,0.0,0.0,0.0,2.897,0.0,60.17,0.0,1382679.0,21.71,0.0,0.0,0.0,0.0,0.0,0.0,0.0,0.0,0.0,0.0,9.83,5.858,-0.038,0.0,0.0,0.0,60.0,59.9,74.7,0.0,273.1,273.0,274.0,0.0,0.0,0.0,601.0,1373157.0,41210.0,126676.0,1.0,0.979,0.748,0.921,0.001,0.001,0.003,0.005,0.009,0.004,0.005,0.0,0.0,0.0,0.0,0.0,0.0,0.0,43302.0,43960.0,43528.0,43378.0,44259.0,42012.0,38052.0,0.45,214.3,13.38,0.6,3.53,2.0,-1.0,13.86,0.012,0.213,3.0,2.0,0.0,0.0,6.479,6.989,6.534,6.809,6.86,9.14,6.366,6.532,6.572,17.67
2016-06-09 03:23:00-05:00,-11.880434,-4.539087,505116,9.85,0.0,0.204,10.53,0.811,274.4,273.5,270.4,0.0,0.0,0.0,2.883,0.0,60.14,0.0,1382679.0,21.74,0.0,0.0,0.0,0.0,0.0,0.0,0.0,0.0,0.0,0.0,9.76,5.82,-0.038,0.0,0.0,0.0,60.0,59.9,74.7,0.0,273.0,273.0,274.0,0.0,0.0,0.0,601.0,1373157.0,41210.0,126676.0,1.0,0.979,0.748,0.921,0.002,0.002,0.002,0.004,0.009,0.004,0.005,0.0,0.0,0.0,0.0,0.0,0.0,0.0,43302.0,43960.0,43528.0,43378.0,44259.0,42012.0,38052.0,0.533,208.2,9.31,0.7,3.531,2.0,-1.0,13.86,0.012,0.213,3.0,2.0,0.0,0.0,6.446,6.989,6.502,6.73,6.827,9.17,6.275,6.617,6.539,17.67
2016-06-09 03:24:00-05:00,-11.880434,-4.539087,505117,9.83,0.0,0.204,10.55,0.811,274.8,273.4,270.3,0.0,0.0,0.0,2.909,0.0,60.15,0.0,1382679.0,21.71,0.0,0.0,0.0,0.0,0.0,0.0,0.0,0.0,0.0,0.0,9.73,5.817,-0.028,0.0,0.0,0.0,60.0,59.9,74.7,0.0,273.0,273.0,274.0,0.0,0.0,0.0,601.0,1373157.0,41210.0,126676.0,1.0,0.979,0.748,0.921,0.001,0.002,0.003,0.005,0.009,0.005,0.004,0.0,0.0,0.0,0.0,0.0,0.0,0.0,43302.0,43960.0,43528.0,43378.0,44259.0,42012.0,38052.0,0.405,210.2,16.65,0.6,3.531,2.0,-1.0,13.86,0.012,0.213,3.0,2.0,0.0,0.0,6.432,6.972,6.502,6.762,6.86,9.17,6.371,6.598,6.539,17.66
2016-06-09 03:25:00-05:00,-11.76163,-4.539087,505118,9.81,0.0,0.204,10.5,0.811,274.7,273.4,270.3,0.0,0.0,0.0,2.963,0.0,60.18,0.0,1382679.0,21.66,0.0,0.0,0.0,0.0,0.0,0.0,0.0,0.0,0.0,0.0,9.7,5.819,-0.038,0.0,0.0,0.0,60.0,59.9,74.7,0.0,273.0,273.0,274.0,0.0,0.0,0.0,601.0,1373157.0,41210.0,126676.0,1.0,0.979,0.748,0.921,0.001,0.002,0.003,0.005,0.009,0.004,0.005,0.0,0.0,0.0,0.0,0.0,0.0,0.0,43302.0,43960.0,43528.0,43378.0,44259.0,42012.0,38052.0,0.497,216.0,20.88,0.9,3.531,2.0,-1.0,13.86,0.011,0.213,3.0,2.0,0.0,0.0,6.432,6.99,6.502,6.777,6.827,9.17,6.388,6.616,6.507,17.59
2016-06-09 03:26:00-05:00,-11.405217,-4.539087,505119,9.79,0.0,0.204,10.6,0.811,274.7,273.4,270.3,0.0,0.0,0.0,3.014,0.0,60.18,0.0,1382679.0,21.72,0.0,0.0,0.0,0.0,0.0,0.0,0.0,0.0,0.0,0.0,9.71,5.874,-0.038,0.0,0.0,0.0,60.0,59.9,74.7,0.0,273.0,273.0,274.0,0.0,0.0,0.0,601.0,1373157.0,41210.0,126676.0,1.0,0.979,0.748,0.921,0.002,0.003,0.002,0.004,0.01,0.004,0.005,0.0,0.0,0.0,0.0,0.0,0.0,0.0,43302.0,43960.0,43528.0,43378.0,44259.0,42012.0,38052.0,0.46,202.4,24.63,0.9,3.531,2.667,-1.0,13.86,0.013,0.334,3.0,2.0,0.0,0.0,6.432,6.972,6.484,6.73,6.827,9.09,6.388,6.649,6.474,17.58
2016-06-09 03:27:00-05:00,-11.167608,-4.539087,505120,9.77,0.0,0.204,10.72,0.849,274.8,273.3,270.3,0.0,0.0,0.0,3.009,0.0,60.23,0.0,1382679.0,21.71,0.0,0.0,0.0,0.0,0.0,0.0,0.0,0.0,0.0,0.0,9.93,5.971,-0.038,0.0,0.0,0.0,60.0,59.9,74.7,0.0,273.0,273.0,274.0,0.0,0.0,0.0,601.0,1373157.0,41210.0,126676.0,1.0,0.979,0.748,0.921,0.001,0.001,0.004,0.005,0.009,0.005,0.005,0.0,0.0,0.0,0.0,0.0,0.0,0.0,43302.0,43960.0,43528.0,43378.0,44259.0,42012.0,38052.0,0.455,202.0,20.26,0.9,3.532,3.0,-1.0,13.86,0.012,0.425,3.0,2.0,0.0,0.0,6.497,7.022,6.534,6.73,6.939,9.12,6.469,6.617,6.441,17.58
2016-06-09 03:28:00-05:00,-11.167608,-3.978706,505121,9.75,0.0,0.204,10.91,0.895,274.8,273.4,270.3,0.0,0.0,0.0,3.15,0.0,60.21,0.0,1382679.0,21.72,0.0,0.0,0.0,0.0,0.0,0.0,0.0,0.0,0.0,0.0,10.17,6.13,-0.038,0.0,0.0,0.0,60.0,59.9,74.7,0.0,273.0,273.0,274.0,0.0,0.0,0.0,601.0,1373157.0,41210.0,126676.0,1.0,0.979,0.748,0.921,0.0,0.002,0.003,0.005,0.009,0.004,0.005,0.0,0.0,0.0,0.0,0.0,0.0,0.0,43302.0,43960.0,43528.0,43378.0,44259.0,42012.0,38052.0,0.673,207.9,19.5,1.2,3.531,2.833,-1.0,13.86,0.011,0.409,3.0,2.0,0.0,0.0,6.627,7.04,6.632,6.795,6.975,9.17,6.632,6.682,6.441,17.54
2016-06-09 03:29:00-05:00,-10.573587,-3.8666298,505122,9.74,0.0,0.204,10.85,0.955,274.8,273.3,270.3,0.0,0.0,0.0,3.164,0.0,60.22,0.0,1382679.0,21.71,0.0,0.0,0.0,0.0,0.0,0.0,0.0,0.0,0.0,0.0,10.11,6.16,-0.038,0.0,0.0,0.0,60.0,59.9,74.7,0.0,273.0,273.0,274.0,0.0,0.0,0.0,601.0,1373157.0,41210.0,126676.0,1.0,0.979,0.748,0.921,0.001,0.002,0.003,0.005,0.009,0.003,0.005,0.0,0.0,0.0,0.0,0.0,0.0,0.0,43302.0,43960.0,43528.0,43378.0,44259.0,42012.0,38052.0,0.678,211.7,23.47,1.2,3.532,2.0,-1.0,13.86,0.011,0.213,3.0,2.0,0.0,0.0,6.627,7.12,6.632,6.827,7.073,9.17,6.646,6.812,6.539,17.56
2016-06-09 03:30:00-05:00,-10.3359785,-3.8666298,505123,9.72,0.0,0.204,10.89,1.074,274.8,273.4,270.3,0.0,0.0,0.0,3.199,0.0,60.22,0.0,1382679.0,21.75,0.0,0.0,0.0,0.0,0.0,0.0,0.0,0.0,0.0,0.0,10.05,6.142,-0.038,0.0,0.0,0.0,60.0,59.9,74.7,0.0,273.0,273.0,274.0,0.0,0.0,0.0,601.0,1373157.0,41210.0,126676.0,1.0,0.979,0.748,0.921,0.001,0.002,0.004,0.004,0.009,0.004,0.005,0.0,0.0,0.0,0.0,0.0,0.0,0.0,43302.0,43960.0,43528.0,43378.0,44259.0,42012.0,38052.0,0.545,188.2,31.73,0.8,3.53,2.0,-1.0,13.86,0.011,0.213,3.0,2.0,0.0,0.0,6.627,7.12,6.632,6.827,7.203,9.15,6.697,6.809,6.539,17.49
2016-06-09 03:31:00-05:00,-10.4547825,-3.8666298,505124,9.71,0.0,0.204,10.86,1.081,274.7,273.4,270.3,0.0,0.0,0.0,3.307,0.0,60.19,0.0,1382679.0,21.76,0.0,0.0,0.0,0.0,0.0,0.0,0.0,0.0,0.0,0.0,9.97,6.095,-0.038,0.0,0.0,0.0,60.0,59.9,74.7,0.0,273.0,273.0,274.0,0.0,0.0,0.0,601.0,1373157.0,41210.0,126676.0,1.0,0.979,0.748,0.921,0.001,0.002,0.003,0.004,0.009,0.004,0.005,0.0,0.0,0.0,0.0,0.0,0.0,0.0,43302.0,43960.0,43528.0,43378.0,44259.0,42012.0,38052.0,0.43,161.8,16.94,0.7,3.532,2.0,-1.0,13.86,0.011,0.213,3.0,2.0,0.0,0.0,6.612,7.134,6.632,6.827,7.022,9.17,6.632,6.73,6.521,17.48
2016-06-09 03:32:00-05:00,-11.048804,-3.8666298,505125,9.69,0.0,0.204,10.84,1.081,274.4,273.5,270.4,0.0,0.0,0.0,3.351,0.0,60.14,0.0,1382679.0,21.74,0.0,0.0,0.0,0.0,0.0,0.0,0.0,0.0,0.0,0.0,9.87,6.093,-0.038,0.0,0.0,0.0,60.0,59.9,74.7,0.0,273.0,273.0,274.0,0.0,0.0,0.0,601.0,1373157.0,41210.0,126676.0,1.0,0.979,0.748,0.921,0.002,0.003,0.003,0.004,0.009,0.004,0.004,0.0,0.0,0.0,0.0,0.0,0.0,0.0,43302.0,43960.0,43528.0,43378.0,44259.0,42012.0,38052.0,0.373,142.1,14.79,0.6,3.531,2.0,-1.0,13.86,0.011,0.213,3.0,2.0,0.0,0.0,6.529,7.102,6.581,6.827,7.019,9.12,6.581,6.712,6.456,17.48
2016-06-09 03:33:00-05:00,-11.167608,-4.2028584,505126,9.67,0.0,0.204,10.68,1.081,274.7,273.4,270.3,0.0,0.0,0.0,3.392,0.0,60.14,0.0,1382679.0,21.73,0.0,0.0,0.0,0.0,0.0,0.0,0.0,0.0,0.0,0.0,9.81,6.058,-0.038,0.0,0.0,0.0,60.0,59.9,74.7,0.0,273.0,273.0,274.0,0.0,0.0,0.0,601.0,1373157.0,41210.0,126676.0,1.0,0.979,0.748,0.921,0.001,0.002,0.003,0.004,0.008,0.004,0.005,0.0,0.0,0.0,0.0,0.0,0.0,0.0,43302.0,43960.0,43528.0,43378.0,44259.0,42012.0,38052.0,0.337,155.3,15.44,0.5,3.531,2.0,-1.0,13.86,0.011,0.213,3.0,2.0,0.0,0.0,6.464,7.022,6.534,6.827,6.957,9.06,6.484,6.664,6.441,17.46
2016-06-09 03:34:00-05:00,-11.167608,-4.539087,505127,9.66,0.0,0.204,10.61,1.081,274.5,273.4,270.3,0.0,0.0,0.0,3.415,0.0,60.15,0.0,1382679.0,21.75,0.0,0.0,0.0,0.0,0.0,0.0,0.0,0.0,0.0,0.0,9.73,5.98,-0.038,0.0,0.0,0.0,60.0,59.9,74.7,0.0,273.0,273.0,273.9,0.0,0.0,0.0,601.0,1373157.0,41210.0,126676.0,1.0,0.979,0.748,0.921,0.001,0.002,0.003,0.005,0.009,0.004,0.005,0.0,0.0,0.0,0.0,0.0,0.0,0.0,43302.0,43960.0,43528.0,43378.0,44259.0,42012.0,38052.0,0.417,164.9,9.17,0.5,3.531,2.0,-1.0,13.86,0.011,0.213,3.0,2.0,0.0,0.0,6.432,6.939,6.451,6.795,6.939,8.94,6.436,6.632,6.427,17.46
2016-06-09 03:35:00-05:00,-11.167608,-4.539087,505128,9.64,0.0,0.204,10.52,1.093,274.4,273.4,270.3,0.0,0.0,0.0,3.42,0.0,60.13,0.0,1382679.0,21.65,0.0,0.0,0.0,0.0,0.0,0.0,0.0,0.0,0.0,0.0,9.71,5.928,-0.038,0.0,0.0,0.0,60.0,59.9,74.7,0.0,273.0,273.0,273.8,0.0,0.0,0.0,601.0,1373157.0,41210.0,126676.0,1.0,0.979,0.748,0.921,0.001,0.002,0.003,0.003,0.009,0.004,0.005,0.0,0.0,0.0,0.0,0.0,0.0,0.0,43302.0,43960.0,43528.0,43378.0,44259.0,42012.0,38052.0,0.448,161.1,12.46,0.7,3.527,2.0,-1.0,13.86,0.011,0.213,3.0,2.0,0.0,0.0,6.381,6.925,6.436,6.73,6.954,8.9,6.436,6.632,6.391,17.4
2016-06-09 03:36:00-05:00,-11.167608,-4.539087,505129,9.62,0.0,0.204,10.37,1.289,274.4,273.4,270.3,0.0,0.0,0.0,3.436,0.0,60.14,0.0,1382679.0,21.7,0.0,0.0,0.0,0.0,0.0,0.0,0.0,0.0,0.0,0.0,9.67,5.867,-0.038,0.0,0.0,0.0,60.0,59.9,74.7,0.0,273.0,273.0,273.3,0.0,0.0,0.0,601.0,1373157.0,41210.0,126676.0,1.0,0.979,0.748,0.921,0.001,0.002,0.003,0.004,0.009,0.005,0.005,0.0,0.0,0.0,0.0,0.0,0.0,0.0,43302.0,43960.0,43528.0,43378.0,44259.0,42012.0,38052.0,0.577,165.5,11.77,0.7,3.53,2.0,-1.0,13.86,0.011,0.213,3.0,2.0,0.0,0.0,6.284,6.925,6.436,6.712,6.877,8.96,6.404,6.632,6.376,17.38
2016-06-09 03:37:00-05:00,-11.167608,-4.539087,505130,9.61,0.0,0.204,10.31,1.351,274.8,273.2,270.1,0.0,0.0,0.0,3.47,0.0,60.14,0.0,1382679.0,21.79,0.0,0.0,0.0,0.0,0.0,0.0,0.0,0.0,0.0,0.0,9.71,5.84,-0.038,0.0,0.0,0.0,60.0,59.9,74.7,0.0,273.0,273.0,273.8,0.0,0.0,0.0,601.0,1373157.0,41210.0,126676.0,1.0,0.979,0.748,0.921,0.001,0.002,0.003,0.004,0.009,0.004,0.005,0.0,0.0,0.0,0.0,0.0,0.0,0.0,43302.0,43960.0,43528.0,43378.0,44259.0,42012.0,38052.0,0.685,152.5,7.936,0.9,3.531,2.667,-1.0,13.86,0.013,0.337,3.0,2.0,0.0,0.0,6.237,6.889,6.436,6.664,6.892,8.89,6.419,6.632,6.441,17.38
2016-06-09 03:38:00-05:00,-11.167608,-4.539087,505131,9.59,0.0,0.204,10.31,1.351,274.5,273.4,270.3,0.0,0.0,0.0,3.542,0.0,60.2,0.0,1382679.0,21.71,0.0,0.0,0.0,0.0,0.0,0.0,0.0,0.0,0.0,0.0,9.68,5.809,-0.038,0.0,0.0,0.0,60.0,59.9,74.7,0.0,273.0,273.0,273.9,0.0,0.0,0.0,601.0,1373157.0,41210.0,126676.0,1.0,0.979,0.748,0.921,0.001,0.002,0.003,0.004,0.009,0.005,0.005,0.0,0.0,0.0,0.0,0.0,0.0,0.0,43302.0,43960.0,43528.0,43378.0,44259.0,42012.0,38052.0,0.653,149.5,13.11,1.0,3.532,3.0,-1.0,13.86,0.011,0.425,3.0,2.0,0.0,0.0,6.237,6.877,6.436,6.661,6.975,8.94,6.386,6.599,6.424,17.3
2016-06-09 03:39:00-05:00,-11.167608,-4.539087,505132,9.57,0.0,0.204,10.26,1.359,274.5,273.3,270.3,0.0,0.0,0.0,3.729,0.0,60.23,0.0,1382679.0,21.74,0.0,0.0,0.0,0.0,0.0,0.0,0.0,0.0,0.0,0.0,9.64,5.805,-0.038,0.0,0.0,0.0,60.0,59.9,74.7,0.0,273.0,273.0,273.8,0.0,0.0,0.0,601.0,1373157.0,41210.0,126676.0,1.0,0.979,0.748,0.921,0.001,0.002,0.003,0.004,0.008,0.004,0.005,0.0,0.0,0.0,0.0,0.0,0.0,0.0,43302.0,43960.0,43528.0,43378.0,44259.0,42012.0,38052.0,0.533,151.5,14.37,0.8,3.531,2.833,-1.0,13.86,0.01,0.407,3.0,2.0,0.0,0.0,6.237,6.86,6.436,6.73,6.957,8.99,6.339,6.632,6.441,17.28
2016-06-09 03:40:00-05:00,-11.167608,-4.539087,505133,9.56,0.0,0.204,10.3,1.567,274.4,273.4,270.3,0.0,0.0,0.0,3.948,0.0,60.22,0.0,1382679.0,21.72,0.0,0.0,0.0,0.0,0.0,0.0,0.0,0.0,0.0,0.0,9.61,5.808,-0.038,0.0,0.0,0.0,60.0,59.9,74.7,0.0,273.0,273.0,273.7,0.0,0.0,0.0,601.0,1373157.0,41210.0,126676.0,1.0,0.979,0.748,0.921,0.001,0.002,0.003,0.004,0.009,0.004,0.004,0.0,0.0,0.0,0.0,0.0,0.0,0.0,43302.0,43960.0,43528.0,43378.0,44259.0,42012.0,38052.0,0.438,126.0,13.55,0.7,3.531,2.0,-1.0,13.86,0.011,0.213,3.0,2.0,0.0,0.0,6.237,6.86,6.436,6.664,6.957,9.06,6.306,6.632,6.441,17.28
2016-06-09 03:41:00-05:00,-11.167608,-4.539087,505134,9.55,0.0,0.204,10.21,1.621,274.7,273.1,270.1,0.0,0.0,0.0,4.001,0.0,60.15,0.0,1382679.0,21.78,0.0,0.0,0.0,0.0,0.0,0.0,0.0,0.0,0.0,0.0,9.62,5.799,-0.038,0.0,0.0,0.0,60.0,59.9,74.7,0.0,273.0,273.0,273.5,0.0,0.0,0.0,601.0,1373157.0,41210.0,126676.0,1.0,0.979,0.748,0.921,0.002,0.002,0.003,0.004,0.009,0.004,0.005,0.0,0.0,0.0,0.0,0.0,0.0,0.0,43302.0,43960.0,43528.0,43378.0,44259.0,42012.0,38052.0,0.523,137.8,12.58,0.7,3.53,2.0,-1.0,13.86,0.011,0.213,3.0,2.0,0.0,0.0,6.237,6.877,6.375,6.632,6.939,8.98,6.241,6.632,6.406,17.28
2016-06-09 03:42:00-05:00,-11.167608,-4.539087,505135,9.53,0.0,0.204,10.23,1.674,274.6,273.3,270.1,0.0,0.0,0.0,4.016,0.0,60.21,0.0,1382679.0,21.7,0.0,0.0,0.0,0.0,0.0,0.0,0.0,0.0,0.0,0.0,9.66,5.859,-0.038,0.0,0.0,0.0,60.0,59.9,74.7,0.0,273.0,273.0,273.0,0.0,0.0,0.0,601.0,1373157.0,41210.0,126676.0,1.0,0.979,0.748,0.921,0.001,0.002,0.003,0.004,0.009,0.005,0.005,0.0,0.0,0.0,0.0,0.0,0.0,0.0,43302.0,43960.0,43528.0,43378.0,44259.0,42012.0,38052.0,0.518,146.9,13.87,0.7,3.53,2.0,-1.0,13.86,0.011,0.213,3.0,2.0,0.0,0.0,6.237,6.874,6.339,6.632,6.957,9.07,6.241,6.632,6.427,17.28
2016-06-09 03:43:00-05:00,-11.167608,-4.539087,505136,9.52,0.0,0.204,10.19,1.76,274.6,273.0,270.0,0.0,0.0,0.0,4.078,0.0,60.15,0.0,1382679.0,21.78,0.0,0.0,0.0,0.0,0.0,0.0,0.0,0.0,0.0,0.0,9.74,5.852,-0.038,0.0,0.0,0.0,60.0,59.9,74.7,0.0,273.0,273.0,273.0,0.0,0.0,0.0,601.0,1373157.0,41210.0,126676.0,1.0,0.979,0.748,0.921,0.001,0.002,0.003,0.004,0.008,0.004,0.006,0.0,0.0,0.0,0.0,0.0,0.0,0.0,43302.0,43960.0,43528.0,43378.0,44259.0,42012.0,38052.0,0.672,143.5,9.82,1.0,3.531,2.0,-1.0,13.86,0.011,0.213,3.0,2.0,0.0,0.0,6.237,6.827,6.386,6.65,7.008,9.0,6.292,6.632,6.427,17.24
2016-06-09 03:44:00-05:00,-11.167608,-4.539087,505137,9.5,0.0,0.204,10.2,2.145,274.6,273.0,270.1,0.0,0.0,0.0,4.542,0.0,60.14,0.0,1382679.0,21.77,0.0,0.0,0.0,0.0,0.0,0.0,0.0,0.0,0.0,0.0,9.69,5.842,-0.038,0.0,0.0,0.0,60.0,59.9,74.7,0.0,273.0,273.0,273.1,0.0,0.0,0.0,601.0,1373157.0,41210.0,126676.0,1.0,0.979,0.748,0.921,0.001,0.002,0.003,0.004,0.008,0.004,0.005,0.0,0.0,0.0,0.0,0.0,0.0,0.0,43302.0,43960.0,43528.0,43378.0,44259.0,42012.0,38052.0,0.648,145.3,18.92,0.9,3.531,2.0,-1.0,13.86,0.011,0.213,3.0,2.0,0.0,0.0,6.237,6.925,6.422,6.682,7.073,9.04,6.339,6.632,6.441,17.19
2016-06-09 03:45:00-05:00,-11.167608,-4.539087,505138,9.48,0.0,0.204,10.13,2.152,274.4,273.2,270.2,0.0,0.0,0.0,4.609,0.0,60.15,0.0,1382679.0,21.72,0.0,0.0,0.0,0.0,0.0,0.0,0.0,0.0,0.0,0.0,9.61,5.846,-0.038,0.0,0.0,0.0,60.0,59.9,74.7,0.0,273.0,273.0,273.1,0.0,0.0,0.0,601.0,1373157.0,41210.0,126676.0,1.0,0.979,0.748,0.921,0.001,0.002,0.003,0.005,0.009,0.004,0.004,0.0,0.0,0.0,0.0,0.0,0.0,0.0,43302.0,43960.0,43528.0,43378.0,44259.0,42012.0,38052.0,0.63,136.9,10.7,1.1,3.531,2.0,-1.0,13.86,0.011,0.213,3.0,2.0,0.0,0.0,6.237,6.86,6.357,6.664,7.087,9.04,6.339,6.632,6.441,17.19
2016-06-09 03:46:00-05:00,-11.167608,-4.539087,505139,9.47,0.0,0.204,10.0,2.406,274.4,273.2,270.1,0.0,0.0,0.0,4.658,0.0,60.15,0.0,1382679.0,21.72,0.0,0.0,0.0,0.0,0.0,0.0,0.0,0.0,0.0,0.0,9.48,5.787,-0.038,0.0,0.0,0.0,60.0,59.9,74.7,0.0,273.0,273.0,273.0,0.0,0.0,0.0,601.0,1373157.0,41210.0,126676.0,1.0,0.979,0.748,0.921,0.001,0.002,0.003,0.005,0.008,0.004,0.005,0.0,0.0,0.0,0.0,0.0,0.0,0.0,43302.0,43960.0,43528.0,43378.0,44259.0,42012.0,38052.0,0.607,130.4,11.7,0.9,3.531,2.0,-1.0,13.86,0.011,0.213,3.0,2.0,0.0,0.0,6.237,6.827,6.339,6.697,7.022,9.06,6.339,6.599,6.456,17.17
2016-06-09 03:47:00-05:00,-11.167608,-4.539087,505140,9.45,0.0,0.204,9.99,2.707,274.6,273.1,270.0,0.0,0.0,0.0,5.053,0.0,60.14,0.0,1382679.0,21.72,0.0,0.0,0.0,0.0,0.0,0.0,0.0,0.0,0.0,0.0,9.36,5.772,-0.038,0.0,0.0,0.0,60.0,59.9,74.7,0.0,273.0,273.0,273.0,0.0,0.0,0.0,601.0,1373157.0,41210.0,126676.0,1.0,0.979,0.748,0.921,0.001,0.001,0.003,0.005,0.01,0.005,0.005,0.0,0.0,0.0,0.0,0.0,0.0,0.0,43302.0,43960.0,43528.0,43378.0,44259.0,42012.0,38052.0,0.555,122.6,11.69,0.7,3.53,2.0,-1.0,13.86,0.011,0.213,3.0,2.0,0.0,0.0,6.237,6.827,6.339,6.664,7.084,9.11,6.259,6.617,6.441,17.11
2016-06-09 03:48:00-05:00,-11.167608,-4.539087,505141,9.44,0.0,0.204,9.87,2.987,274.5,273.1,270.0,0.0,0.0,0.0,5.24,0.0,60.14,0.0,1382679.0,21.74,0.0,0.0,0.0,0.0,0.0,0.0,0.0,0.0,0.0,0.0,9.29,5.7,-0.038,0.0,0.0,0.0,60.0,59.9,74.7,0.0,273.0,273.0,273.0,0.0,0.0,0.0,601.0,1373157.0,41210.0,126676.0,1.0,0.979,0.748,0.921,0.0,0.002,0.003,0.005,0.008,0.004,0.005,0.0,0.0,0.0,0.0,0.0,0.0,0.0,43302.0,43960.0,43528.0,43378.0,44259.0,42012.0,38052.0,0.537,129.8,10.3,0.7,3.53,2.833,-1.0,13.86,0.012,0.33,3.0,2.0,0.0,0.0,6.204,6.827,6.339,6.65,6.986,9.16,6.277,6.585,6.46,17.09
2016-06-09 03:49:00-05:00,-11.167608,-4.539087,505142,9.42,0.0,0.204,9.86,3.41,274.2,273.1,270.1,0.0,0.0,0.0,5.629,0.0,60.14,0.0,1382679.0,21.72,0.0,0.0,0.0,0.0,0.0,0.0,0.0,0.0,0.0,0.0,9.19,5.657,-0.038,0.0,0.0,0.0,60.0,59.9,74.7,0.0,273.0,273.0,273.0,0.0,0.0,0.0,601.0,1373157.0,41210.0,126676.0,1.0,0.979,0.748,0.921,0.001,0.002,0.003,0.005,0.009,0.005,0.004,0.0,0.0,0.0,0.0,0.0,0.0,0.0,43302.0,43960.0,43528.0,43378.0,44259.0,42012.0,38052.0,0.567,121.9,17.24,0.8,3.53,3.0,-1.0,13.86,0.01,0.329,3.0,2.0,0.0,0.0,6.139,6.73,6.339,6.632,6.943,9.25,6.256,6.502,6.391,17.09
2016-06-09 03:50:00-05:00,-11.167608,-4.539087,505143,9.4,0.0,0.204,9.78,3.872,274.5,273.0,270.0,0.0,0.0,0.0,6.062,0.0,60.15,0.0,1382679.0,21.75,0.0,0.0,0.0,0.0,0.0,0.0,0.0,0.0,0.0,0.0,9.09,5.603,-0.032,0.0,0.0,0.0,60.0,59.9,74.7,0.0,273.0,273.0,273.0,0.0,0.0,0.0,601.0,1373157.0,41210.0,126676.0,1.0,0.979,0.748,0.921,0.001,0.002,0.004,0.004,0.009,0.004,0.004,0.0,0.0,0.0,0.0,0.0,0.0,0.0,43302.0,43960.0,43528.0,43378.0,44259.0,42012.0,38052.0,0.595,117.8,12.93,0.9,3.532,3.0,-1.0,13.86,0.011,0.337,3.0,2.0,0.0,0.0,6.121,6.73,6.339,6.632,6.892,9.27,6.241,6.487,6.362,17.07
2016-06-09 03:51:00-05:00,-11.167608,-4.539087,505144,9.39,0.0,0.204,9.75,4.404,274.6,272.9,270.0,0.0,0.0,0.0,6.482,0.0,60.12,0.0,1382679.0,21.74,0.0,0.0,0.0,0.0,0.0,0.0,0.0,0.0,0.0,0.0,9.06,5.601,-0.038,0.0,0.0,0.0,60.0,59.9,74.7,0.0,273.0,273.0,273.0,0.0,0.0,0.0,601.0,1373157.0,41210.0,126676.0,1.0,0.979,0.748,0.921,0.0,0.002,0.003,0.004,0.008,0.004,0.005,0.0,0.0,0.0,0.0,0.0,0.0,0.0,43302.0,43960.0,43528.0,43378.0,44259.0,42012.0,38052.0,0.533,129.2,13.02,0.8,3.531,3.0,-1.0,13.86,0.011,0.42,3.0,2.0,0.0,0.0,6.121,6.73,6.339,6.632,6.827,9.3,6.241,6.469,6.297,16.99
2016-06-09 03:52:00-05:00,-11.167608,-4.539087,505145,9.37,0.0,0.204,9.7,5.034,274.4,273.1,270.1,0.0,0.0,0.0,7.185,0.0,60.2,0.0,1382679.0,21.75,0.0,0.0,0.0,0.0,0.0,0.0,0.0,0.0,0.0,0.0,9.01,5.544,-0.038,0.0,0.0,0.0,60.0,59.9,74.7,0.0,273.0,273.0,273.0,0.0,0.0,0.0,601.0,1373157.0,41210.0,126676.0,1.0,0.979,0.748,0.921,0.001,0.003,0.003,0.005,0.008,0.004,0.005,0.0,0.0,0.0,0.0,0.0,0.0,0.0,43302.0,43960.0,43528.0,43378.0,44259.0,42012.0,38052.0,0.658,143.9,12.23,0.8,3.531,2.0,-1.0,13.86,0.011,0.213,3.0,2.0,0.0,0.0,6.042,6.73,6.339,6.632,6.895,9.32,6.241,6.436,6.276,16.99
2016-06-09 03:53:00-05:00,-11.167608,-4.539087,505146,9.35,0.0,0.204,9.63,5.827,274.4,273.1,270.1,0.0,0.0,0.0,7.732,0.0,60.22,0.0,1382679.0,21.72,0.0,0.0,0.0,0.0,0.0,0.0,0.0,0.0,0.0,0.0,8.94,5.514,-0.038,0.0,0.0,0.0,60.0,59.9,74.7,0.0,273.0,273.0,273.0,0.0,0.0,0.0,601.0,1373157.0,41210.0,126676.0,1.0,0.979,0.748,0.921,0.001,0.002,0.002,0.004,0.008,0.004,0.005,0.0,0.0,0.0,0.0,0.0,0.0,0.0,43302.0,43960.0,43528.0,43378.0,44259.0,42012.0,38052.0,0.488,127.0,10.4,0.7,3.531,2.0,-1.0,13.86,0.011,0.213,3.0,2.0,0.0,0.0,6.027,6.73,6.288,6.614,6.939,9.35,6.241,6.436,6.246,16.97
2016-06-09 03:54:00-05:00,-11.167608,-4.539087,505147,9.34,0.0,0.204,9.64,6.894,274.5,273.1,270.0,0.0,0.0,0.0,8.63,0.0,60.21,0.0,1382679.0,21.7,0.0,0.0,0.0,0.0,0.0,0.0,0.0,0.0,0.0,0.0,8.89,5.487,-0.038,0.0,0.0,0.0,60.0,59.9,74.7,0.0,273.0,273.0,273.0,0.0,0.0,0.0,601.0,1373157.0,41210.0,126676.0,1.0,0.979,0.748,0.921,0.001,0.002,0.003,0.004,0.008,0.003,0.005,0.0,0.0,0.0,0.0,0.0,0.0,0.0,43302.0,43960.0,43528.0,43378.0,44259.0,42012.0,38052.0,0.465,116.7,17.45,0.6,3.531,2.0,-1.0,13.86,0.011,0.213,3.0,2.0,0.0,0.0,5.976,6.73,6.271,6.585,6.842,9.23,6.209,6.436,6.246,16.91
2016-06-09 03:55:00-05:00,-11.167608,-4.539087,505148,9.31,0.0,0.204,9.59,7.797,274.5,273.1,270.0,0.0,0.0,0.0,9.42,0.0,60.23,0.0,1382679.0,21.69,0.0,0.0,0.0,0.0,0.0,0.0,0.0,0.0,0.0,0.0,8.88,5.488,-0.038,0.0,0.0,0.0,60.0,59.9,74.7,0.0,273.0,273.0,273.0,0.0,0.0,0.0,601.0,1373157.0,41210.0,126676.0,1.0,0.979,0.748,0.921,0.001,0.002,0.003,0.004,0.009,0.004,0.005,0.0,0.0,0.0,0.0,0.0,0.0,0.0,43302.0,43960.0,43528.0,43378.0,44259.0,42012.0,38052.0,0.26,119.8,21.2,0.4,3.532,2.0,-1.0,13.86,0.011,0.213,3.0,2.0,0.0,0.0,5.944,6.715,6.241,6.534,6.809,9.29,6.126,6.436,6.264,16.89
2016-06-09 03:56:00-05:00,-11.167608,-4.539087,505149,9.3,0.0,0.204,9.69,9.3,274.4,273.0,270.0,0.0,0.0,0.0,10.73,0.0,60.14,0.0,1382679.0,21.68,0.0,0.0,0.0,0.0,0.0,0.0,0.0,0.0,0.0,0.0,8.82,5.455,-0.038,0.0,0.0,0.0,60.0,59.9,74.7,0.0,273.0,273.0,273.0,0.0,0.0,0.0,601.0,1373157.0,41210.0,126676.0,1.0,0.979,0.748,0.921,0.001,0.003,0.003,0.004,0.009,0.003,0.005,0.0,0.0,0.0,0.0,0.0,0.0,0.0,43302.0,43960.0,43528.0,43378.0,44259.0,42012.0,38052.0,0.388,163.5,16.05,0.7,3.531,2.0,-1.0,13.86,0.011,0.213,3.0,2.0,0.0,0.0,5.944,6.715,6.241,6.451,6.73,9.14,6.046,6.436,6.235,16.89
2016-06-09 03:57:00-05:00,-11.167608,-4.539087,505150,9.28,0.0,0.204,9.66,10.61,274.3,273.0,269.9,0.0,0.0,0.0,11.93,0.0,60.15,0.0,1382679.0,21.7,0.0,0.0,0.0,0.0,0.0,0.0,0.0,0.0,0.0,0.0,8.8,5.411,-0.038,0.0,0.0,0.0,60.0,59.9,74.7,0.0,273.0,273.0,273.0,0.0,0.0,0.0,601.0,1373157.0,41210.0,126676.0,1.0,0.979,0.748,0.921,0.0,0.002,0.002,0.004,0.009,0.003,0.005,0.0,0.0,0.0,0.0,0.0,0.0,0.0,43302.0,43960.0,43528.0,43378.0,44259.0,42012.0,38052.0,0.395,171.2,28.28,0.8,3.531,2.0,-1.0,13.86,0.011,0.213,3.0,2.0,0.0,0.0,5.879,6.632,6.241,6.436,6.827,8.99,6.046,6.386,6.167,16.89
2016-06-09 03:58:00-05:00,-11.167608,-4.539087,505151,9.26,0.0,0.204,9.69,12.44,274.3,272.8,269.8,0.0,0.0,0.0,13.62,0.0,60.15,0.0,1382679.0,21.72,0.0,0.0,0.0,0.0,0.0,0.0,0.0,0.0,0.0,0.0,8.89,5.444,-0.038,0.0,0.0,0.0,60.0,59.9,74.7,0.0,273.0,273.0,273.0,0.0,0.0,0.0,601.0,1373157.0,41210.0,126676.0,1.0,0.979,0.748,0.921,0.001,0.002,0.003,0.004,0.009,0.004,0.005,0.0,0.0,0.0,0.0,0.0,0.0,0.0,43302.0,43960.0,43528.0,43378.0,44259.0,42012.0,38052.0,0.168,118.7,73.72,0.5,3.531,2.0,-0.983,13.86,0.018,0.213,3.0,2.0,0.0,0.0,5.926,6.632,6.241,6.436,6.726,8.98,6.013,6.371,6.167,16.89
2016-06-09 03:59:00-05:00,-11.524022,-4.651163,505152,9.24,0.0,0.204,9.72,14.67,274.2,272.9,269.8,0.0,0.0,0.0,15.75,0.0,60.15,0.0,1382679.0,21.69,0.0,0.0,0.0,0.0,0.0,0.0,0.0,0.0,0.0,0.0,8.99,5.44,-0.038,0.0,0.0,0.0,60.0,59.9,74.7,0.0,273.0,272.9,273.0,0.0,0.0,0.0,601.0,1373157.0,41210.0,126676.0,1.0,0.979,0.748,0.921,0.001,0.002,0.002,0.005,0.008,0.004,0.005,0.0,0.0,0.0,0.0,0.0,0.0,0.0,43302.0,43960.0,43528.0,43378.0,44259.0,42012.0,38052.0,0.375,85.4,12.08,0.5,3.531,2.5,-1.0,13.9,0.012,0.227,3.0,2.0,0.0,0.0,5.879,6.632,6.191,6.436,6.73,8.96,5.963,6.306,6.153,16.86
2016-06-09 04:00:00-05:00,-11.880434,-4.875315,505153,9.21,0.0,0.204,9.79,17.25,274.0,273.0,269.9,0.0,0.0,0.0,18.23,0.0,60.13,0.0,1382679.0,21.72,0.0,0.0,0.0,0.0,0.0,0.0,0.0,0.0,0.0,0.0,9.06,5.436,-0.038,0.0,0.0,0.0,60.0,59.9,74.7,0.0,273.0,272.6,273.0,0.0,0.0,0.0,601.0,1373157.0,41210.0,126676.0,1.0,0.979,0.748,0.921,0.001,0.002,0.002,0.003,0.01,0.003,0.005,0.0,0.0,0.0,0.0,0.0,0.0,0.0,43302.0,43960.0,43528.0,43378.0,44259.0,42012.0,38052.0,0.393,98.5,11.91,0.5,3.531,3.0,-1.0,13.9,0.012,0.24,3.0,2.0,0.0,0.0,5.879,6.632,6.129,6.404,6.712,9.14,5.88,6.256,6.081,16.79
2016-06-09 04:01:00-05:00,-11.524022,-4.875315,505154,9.2,0.0,0.205,9.9,20.42,273.7,272.6,269.6,0.0,0.0,0.0,21.31,0.0,60.15,0.0,1382679.0,21.72,0.0,0.0,0.0,0.0,0.0,0.0,0.0,0.0,0.0,0.0,9.29,5.415,-0.037,0.0,0.0,0.0,60.0,59.9,74.7,0.0,272.8,272.0,273.0,0.0,0.0,0.0,601.0,1373157.0,41210.0,126676.0,1.0,0.979,0.748,0.921,0.001,0.002,0.003,0.005,0.008,0.003,0.004,0.0,0.0,0.0,0.0,0.0,0.0,0.0,43302.0,43960.0,43528.0,43378.0,44259.0,42012.0,38052.0,0.347,95.6,11.79,0.4,3.53,3.0,-1.0,13.87,0.013,0.362,3.0,2.0,0.0,0.0,5.846,6.567,6.079,6.336,6.599,9.01,5.865,6.241,6.099,16.79
2016-06-09 04:02:00-05:00,-11.167608,-4.651163,505155,9.17,0.0,0.209,10.08,24.18,273.8,272.4,269.4,0.0,0.0,0.0,25.0,0.0,60.14,0.0,1382679.0,21.72,0.0,0.0,0.0,0.0,0.0,0.0,0.0,0.0,0.0,0.0,9.64,5.488,-0.036,0.0,0.0,0.0,60.0,59.9,74.7,0.0,272.0,272.0,273.0,0.0,0.0,0.0,601.0,1373157.0,41210.0,126676.0,1.0,0.979,0.748,0.921,0.001,0.003,0.003,0.004,0.009,0.004,0.005,0.0,0.0,0.0,0.0,0.0,0.0,0.0,43302.0,43960.0,43528.0,43378.0,44259.0,42012.0,38052.0,0.382,98.0,9.97,0.6,3.53,3.0,-1.0,13.9,0.012,0.395,3.0,2.0,0.0,0.0,5.846,6.451,6.046,6.321,6.632,9.11,5.851,6.241,6.136,16.78
2016-06-09 04:03:00-05:00,-11.167608,-4.651163,505156,9.16,0.0,0.208,10.19,28.56,274.0,272.2,269.2,0.0,0.0,0.0,29.31,0.0,60.14,0.0,1382679.0,21.73,0.0,0.0,0.0,0.0,0.0,0.0,0.0,0.0,0.0,0.0,9.79,5.489,-0.036,0.0,0.0,0.0,60.0,59.9,74.7,0.0,272.0,272.0,273.0,0.0,0.0,0.0,601.0,1373157.0,41210.0,126676.0,1.0,0.979,0.748,0.921,0.001,0.002,0.003,0.004,0.009,0.003,0.005,0.0,0.0,0.0,0.0,0.0,0.0,0.0,43302.0,43960.0,43528.0,43378.0,44259.0,42012.0,38052.0,0.383,84.4,14.44,0.6,3.531,3.0,-1.0,13.9,0.012,0.334,3.0,2.0,0.0,0.0,5.846,6.436,6.046,6.353,6.581,9.18,5.833,6.241,6.053,16.76
2016-06-09 04:04:00-05:00,-11.167608,-4.539087,505157,9.14,0.0,0.207,10.17,33.6,273.8,272.3,269.2,0.0,0.0,0.0,34.22,0.0,60.14,0.0,1382679.0,21.69,0.0,0.0,0.0,0.0,0.0,0.0,0.0,0.0,0.0,0.0,9.62,5.512,-0.038,0.0,0.0,0.0,60.0,59.9,74.7,0.0,272.0,272.0,272.9,0.0,0.0,0.0,601.0,1373157.0,41210.0,126676.0,1.0,0.979,0.748,0.921,0.001,0.002,0.003,0.005,0.008,0.004,0.005,0.0,0.0,0.0,0.0,0.0,0.0,0.0,43302.0,43960.0,43528.0,43378.0,44259.0,42012.0,38052.0,0.507,106.7,8.98,0.7,3.531,3.0,-1.0,13.9,0.012,0.235,3.0,2.0,0.0,0.0,5.846,6.436,6.01,6.274,6.632,9.09,5.768,6.209,6.053,16.7
2016-06-09 04:05:00-05:00,-11.048804,-4.539087,505158,9.12,0.0,0.207,10.23,39.32,273.9,272.1,269.1,0.0,0.0,0.0,39.67,0.0,60.18,0.0,1382679.0,21.78,0.0,0.0,0.0,0.0,0.0,0.0,0.0,0.0,0.0,0.0,9.62,5.497,-0.038,0.0,0.0,0.0,60.0,59.9,74.7,0.0,272.0,272.0,272.9,0.0,0.0,0.0,601.0,1373157.0,41210.0,126676.0,1.0,0.979,0.748,0.921,0.001,0.002,0.003,0.004,0.008,0.003,0.005,0.0,0.0,0.0,0.0,0.0,0.0,0.0,43302.0,43960.0,43528.0,43378.0,44259.0,42012.0,38052.0,0.272,113.1,28.9,0.7,3.531,2.5,-1.0,13.9,0.012,0.235,3.0,2.0,0.0,0.0,5.846,6.436,5.966,6.274,6.567,9.14,5.753,6.241,6.006,16.72
2016-06-09 04:06:00-05:00,-10.93,-4.539087,505159,9.1,0.0,0.206,10.27,45.85,273.4,272.2,269.2,0.0,0.0,0.0,46.2,0.0,60.15,0.0,1382679.0,21.73,0.0,0.0,0.0,0.0,0.0,0.0,0.0,0.0,0.0,0.0,9.8,5.482,-0.038,0.0,0.0,0.0,60.0,59.9,74.7,0.0,272.0,272.0,272.1,0.0,0.0,0.0,601.0,1373157.0,41210.0,126676.0,1.0,0.979,0.748,0.921,0.001,0.002,0.003,0.004,0.009,0.003,0.004,0.0,0.0,0.0,0.0,0.0,0.0,0.0,43302.0,43960.0,43528.0,43378.0,44259.0,42012.0,38052.0,0.313,106.9,16.94,0.6,3.531,2.0,-1.0,13.9,0.012,0.213,3.0,2.0,0.0,0.0,5.846,6.436,5.948,6.241,6.567,9.22,5.753,6.241,5.94,16.72
2016-06-09 04:07:00-05:00,-10.692391,-4.539087,505160,9.09,0.0,0.206,10.29,53.28,273.3,272.0,269.1,0.0,0.0,0.0,53.63,0.0,60.15,0.0,1382679.0,21.71,0.0,0.0,0.0,0.0,0.0,0.0,0.0,0.0,0.0,0.0,9.7,5.531,-0.033,0.0,0.0,0.0,60.0,59.9,74.7,0.0,272.0,272.0,272.0,0.0,0.0,0.0,601.0,1373157.0,41210.0,126676.0,1.0,0.979,0.748,0.921,0.0,0.001,0.002,0.004,0.008,0.003,0.005,0.0,0.0,0.0,0.0,0.0,0.0,0.0,43302.0,43960.0,43528.0,43378.0,44259.0,42012.0,38052.0,0.403,140.0,20.73,0.8,3.531,2.0,-1.0,13.9,0.012,0.213,3.0,2.0,0.0,0.0,5.846,6.436,5.948,6.241,6.552,9.14,5.688,6.191,5.955,16.71
2016-06-09 04:08:00-05:00,-10.692391,-4.539087,505161,9.07,0.0,0.206,10.31,61.66,273.4,271.9,269.0,0.0,0.0,0.0,62.07,0.0,60.14,0.0,1382679.0,21.74,0.0,0.0,0.0,0.0,0.0,0.0,0.0,0.0,0.0,0.0,9.66,5.516,-0.032,0.0,0.0,0.0,60.0,59.9,74.7,0.0,272.0,272.0,272.0,0.0,0.0,0.0,601.0,1373157.0,41210.0,126676.0,1.0,0.979,0.748,0.921,0.0,0.002,0.003,0.004,0.008,0.004,0.004,0.0,0.0,0.0,0.0,0.001,0.0,0.0,43302.0,43960.0,43528.0,43378.0,44259.0,42012.0,38052.0,0.275,141.6,20.17,0.4,3.531,2.0,-1.0,13.9,0.012,0.213,3.0,2.0,0.0,0.0,5.846,6.436,5.948,6.259,6.599,9.24,5.656,6.162,5.973,16.66
2016-06-09 04:09:00-05:00,-10.692391,-4.539087,505162,9.05,0.0,0.205,10.29,71.08,273.5,271.9,269.0,0.0,0.0,0.0,71.44,0.0,60.15,0.0,1382679.0,21.66,0.0,0.0,0.0,0.0,0.0,0.0,0.0,0.0,0.0,0.0,9.57,5.495,-0.023,0.0,0.0,0.0,60.0,59.9,74.7,0.0,272.0,272.0,272.0,0.0,0.0,0.0,601.0,1373157.0,41210.0,126676.0,1.0,0.979,0.748,0.921,0.001,0.001,0.003,0.004,0.009,0.004,0.005,0.0,0.0,0.0,0.0,0.001,0.0,0.0,43302.0,43960.0,43528.0,43378.0,44259.0,42012.0,38052.0,0.505,140.7,7.406,0.6,3.531,2.5,-1.0,13.9,0.012,0.227,3.0,2.0,0.0,0.0,5.846,6.436,5.967,6.256,6.534,9.06,5.674,6.209,6.006,16.6
2016-06-09 04:10:00-05:00,-10.692391,-4.539087,505163,9.03,0.0,0.205,10.23,81.4,273.5,271.8,268.9,0.0,0.0,0.0,81.7,0.0,60.17,0.0,1382679.0,21.69,0.0,0.0,0.0,0.0,0.0,0.0,0.0,0.0,0.0,0.0,9.56,5.446,-0.02,0.0,0.0,0.0,60.0,59.9,74.7,0.0,272.0,272.0,272.0,0.0,0.0,0.0,601.0,1373157.0,41210.0,126676.0,1.0,0.979,0.748,0.921,0.001,0.002,0.003,0.004,0.009,0.003,0.005,0.0,0.0,0.0,0.0,0.001,0.0,0.0,43302.0,43960.0,43528.0,43378.0,44259.0,42012.0,38052.0,0.555,147.1,5.968,0.7,3.531,3.0,-1.0,13.9,0.012,0.24,3.0,2.0,0.0,0.0,5.781,6.353,5.967,6.241,6.633,8.98,5.656,6.176,6.053,16.67
2016-06-09 04:11:00-05:00,-10.692391,-4.539087,505164,9.02,0.0,0.205,10.15,92.6,273.5,271.8,268.8,0.0,0.0,0.0,92.9,0.0,60.22,0.0,1382679.0,21.7,0.0,0.0,0.0,0.0,0.0,0.0,0.0,0.0,0.0,0.0,9.51,5.417,0.001,0.0,0.0,0.0,60.0,59.9,74.7,0.0,272.0,271.7,272.0,0.0,0.0,0.0,601.0,1373157.0,41210.0,126676.0,1.0,0.979,0.748,0.921,0.001,0.001,0.002,0.004,0.009,0.004,0.005,0.0,0.0,0.0,0.0,0.001,0.0,0.0,43302.0,43960.0,43528.0,43378.0,44259.0,42012.0,38052.0,0.542,127.5,7.006,0.7,3.531,3.0,-1.0,13.9,0.012,0.24,3.0,2.0,0.0,0.0,5.749,6.339,5.949,6.227,6.617,9.06,5.674,6.144,6.053,16.64
2016-06-09 04:12:00-05:00,-10.93,-4.539087,505165,9.0,0.0,0.208,9.99,104.7,273.4,271.7,268.8,0.0,0.0,0.0,105.0,0.0,60.23,0.0,1382679.0,21.74,0.0,0.0,0.0,0.0,0.0,0.0,0.0,0.0,0.0,0.0,9.4,5.417,0.023,0.0,0.0,0.0,60.0,59.9,74.7,0.0,272.0,271.3,272.0,0.0,0.0,0.0,601.0,1373157.0,41210.0,126676.0,1.0,0.979,0.748,0.921,0.0,0.003,0.004,0.004,0.008,0.003,0.005,0.0,0.0,0.0,0.0,0.001,0.0,0.001,43302.0,43960.0,43528.0,43378.0,44259.0,42012.0,38052.0,0.492,146.4,16.02,0.7,3.53,3.0,-1.0,13.9,0.011,0.235,3.0,2.0,0.0,0.0,5.749,6.339,5.949,6.227,6.614,9.29,5.656,6.144,6.02,16.6
2016-06-09 04:13:00-05:00,-11.167608,-4.539087,505166,8.99,0.0,0.211,9.93,117.6,273.5,271.7,268.7,0.0,0.0,0.0,117.8,0.0,60.14,0.0,1382679.0,21.78,0.0,0.0,0.0,0.0,0.0,0.0,0.0,0.0,0.0,0.0,9.34,5.394,0.033,0.0,0.0,0.0,60.0,59.9,74.7,0.0,272.0,271.1,272.0,0.0,0.0,0.0,601.0,1373157.0,41210.0,126676.0,1.0,0.979,0.748,0.921,0.001,0.002,0.003,0.005,0.009,0.003,0.005,0.0,0.0,0.0,0.001,0.001,0.0,0.001,43302.0,43960.0,43528.0,43378.0,44259.0,42012.0,38052.0,0.515,144.6,8.91,0.7,3.527,3.0,-1.0,13.9,0.012,0.242,3.0,2.0,0.0,0.0,5.749,6.339,5.982,6.223,6.6,9.32,5.753,6.144,6.053,16.55
2016-06-09 04:14:00-05:00,-11.167608,-4.539087,505167,8.97,0.0,0.214,9.82,130.9,273.2,271.7,268.8,0.0,0.0,0.0,131.1,0.0,60.14,0.0,1382679.0,21.78,0.0,0.0,0.0,0.0,0.0,0.0,0.0,0.0,0.0,0.0,9.26,5.372,0.038,0.0,0.0,0.0,60.0,59.9,74.7,0.0,272.0,271.2,272.0,0.0,0.0,0.0,601.0,1373157.0,41210.0,126676.0,1.0,0.979,0.748,0.921,0.0,0.002,0.004,0.004,0.009,0.003,0.004,0.0,0.0,0.0,0.001,0.001,0.0,0.001,43302.0,43960.0,43528.0,43378.0,44259.0,42012.0,38052.0,0.552,151.2,11.02,0.8,3.531,3.0,-1.0,13.9,0.012,0.24,3.0,2.0,0.0,0.0,5.749,6.354,5.971,6.227,6.599,9.24,5.768,6.111,6.053,16.52
2016-06-09 04:15:00-05:00,-11.167608,-4.539087,505168,8.95,0.0,0.216,9.77,144.3,273.2,271.9,269.0,0.0,0.0,0.0,144.6,0.0,60.15,0.0,1382679.0,21.7,0.0,0.0,0.0,0.0,0.0,0.0,0.0,0.0,0.0,0.0,9.16,5.358,0.038,0.0,0.0,0.0,60.0,59.9,74.7,0.0,272.0,271.8,272.0,0.0,0.0,0.0,601.0,1373157.0,41210.0,126676.0,1.0,0.979,0.748,0.921,0.001,0.002,0.003,0.004,0.008,0.003,0.005,0.0,0.0,0.0,0.001,0.001,0.0,0.001,43302.0,43960.0,43528.0,43378.0,44259.0,42012.0,38052.0,0.655,134.7,6.647,0.8,3.531,3.0,-1.0,13.9,0.012,0.238,3.0,2.0,0.0,0.0,5.713,6.324,5.997,6.238,6.618,9.14,5.836,6.093,6.053,16.53
2016-06-09 04:16:00-05:00,-11.167608,-4.539087,505169,8.94,0.0,0.218,9.72,157.6,274.4,272.9,270.0,0.0,0.0,0.0,157.7,0.0,60.14,0.0,1382679.0,21.76,0.0,0.0,0.0,0.0,0.0,0.0,0.0,0.0,0.0,0.0,9.09,5.316,0.038,0.0,0.0,0.0,60.0,59.9,74.7,0.0,272.9,272.8,273.6,0.0,0.0,0.0,601.0,1373157.0,41210.0,126676.0,1.0,0.979,0.748,0.921,0.0,0.001,0.004,0.004,0.009,0.003,0.005,0.0,0.0,0.001,0.001,0.001,0.0,0.001,43302.0,43960.0,43528.0,43378.0,44259.0,42012.0,38052.0,0.493,134.7,9.91,0.7,3.53,3.0,-1.0,13.9,0.011,0.237,3.0,2.0,0.0,0.0,5.684,6.339,5.967,6.245,6.665,9.08,5.768,6.1,6.053,16.55
2016-06-09 04:17:00-05:00,-11.048804,-4.539087,505170,8.92,0.0,0.225,9.67,170.8,274.9,273.3,270.3,0.0,0.0,0.0,171.0,0.0,60.12,0.0,1382679.0,21.78,0.0,0.0,0.0,0.0,0.0,0.0,0.0,0.0,0.0,0.0,9.02,5.277,0.038,0.0,0.0,0.0,60.0,59.9,74.7,0.0,273.5,273.0,274.0,0.0,0.0,0.0,601.0,1373157.0,41210.0,126676.0,1.0,0.979,0.748,0.921,0.0,0.002,0.004,0.005,0.009,0.003,0.006,0.0,0.0,0.001,0.001,0.002,0.0,0.001,43302.0,43960.0,43528.0,43378.0,44259.0,42012.0,38052.0,0.54,143.8,8.26,0.7,3.531,3.0,-1.0,13.9,0.012,0.241,3.0,2.0,0.0,0.0,5.685,6.372,5.913,6.26,6.534,9.01,5.753,6.093,5.97,16.57
2016-06-09 04:18:00-05:00,-10.93,-4.539087,505171,8.91,0.0,0.235,9.58,185.4,274.7,273.4,270.4,0.0,0.0,0.0,185.6,0.0,60.13,0.0,1382679.0,21.76,0.0,0.0,0.0,0.0,0.0,0.0,0.0,0.0,0.0,0.0,8.94,5.253,0.086,0.0,0.0,0.0,60.0,59.9,74.7,0.0,273.1,273.0,274.0,0.0,0.0,0.0,601.0,1373157.0,41210.0,126676.0,1.0,0.979,0.748,0.921,0.001,0.001,0.005,0.004,0.01,0.002,0.006,0.0,0.0,0.001,0.001,0.002,0.0,0.001,43302.0,43960.0,43528.0,43378.0,44259.0,42012.0,38052.0,0.618,153.9,9.2,0.8,3.531,3.0,-1.0,13.9,0.012,0.24,3.0,2.0,0.0,0.0,5.7,6.339,5.887,6.275,6.502,8.98,5.836,6.046,5.955,16.49
2016-06-09 04:19:00-05:00,-10.692391,-4.539087,505172,8.9,0.0,0.253,9.55,199.7,274.8,273.1,270.2,0.0,0.0,0.0,199.8,0.0,60.14,0.0,1382679.0,21.7,0.0,0.0,0.0,0.0,0.0,0.0,0.0,0.0,0.0,0.0,8.88,5.293,0.181,0.0,0.0,0.0,60.0,59.9,74.7,0.0,273.0,273.0,274.0,0.0,0.0,0.0,601.0,1373157.0,41210.0,126676.0,1.0,0.979,0.748,0.921,0.0,0.002,0.004,0.005,0.008,0.002,0.004,0.0,0.0,0.001,0.001,0.002,0.0,0.001,43302.0,43960.0,43528.0,43378.0,44259.0,42012.0,38052.0,0.632,144.8,9.35,0.8,3.531,3.0,-1.0,13.9,0.012,0.239,3.0,2.0,0.0,0.0,5.72,6.357,5.883,6.256,6.454,8.9,5.851,6.046,6.053,16.42
2016-06-09 04:20:00-05:00,-10.692391,-4.539087,505173,8.88,0.0,0.36,9.49,211.9,274.9,273.3,270.3,0.0,0.0,0.0,212.1,0.0,60.17,0.0,1382679.0,21.76,0.0,0.0,0.0,0.0,0.0,0.0,0.0,0.0,0.0,0.0,8.89,5.316,0.191,0.0,0.0,0.0,60.0,59.9,74.7,0.0,273.0,273.0,274.0,0.0,0.0,0.0,601.0,1373157.0,41210.0,126676.0,1.0,0.979,0.748,0.921,0.0,0.001,0.005,0.005,0.009,0.001,0.005,0.0,0.0,0.001,0.001,0.002,0.0,0.001,43302.0,43960.0,43528.0,43378.0,44259.0,42012.0,38052.0,0.573,140.6,11.67,0.7,3.531,3.0,-1.0,13.9,0.011,0.237,3.0,2.0,0.0,0.0,5.684,6.372,5.851,6.278,6.436,8.96,5.866,6.076,6.053,16.49
2016-06-09 04:21:00-05:00,-10.692391,-4.539087,505174,8.86,0.0,0.546,9.41,223.4,274.7,273.3,270.4,0.0,0.0,0.0,223.6,0.0,60.22,0.0,1382679.0,21.69,0.0,0.0,0.0,0.0,0.0,0.0,0.0,0.0,0.0,0.0,8.82,5.328,0.221,0.0,0.0,0.0,60.0,59.9,74.7,0.0,273.1,273.0,274.0,0.0,0.0,0.0,601.0,1373157.0,41210.0,126676.0,1.0,0.979,0.748,0.921,-0.001,0.002,0.004,0.004,0.009,0.001,0.006,0.0,0.001,0.001,0.001,0.002,0.0,0.001,43302.0,43960.0,43528.0,43378.0,44259.0,42012.0,38052.0,0.512,142.1,11.33,0.7,3.527,3.0,-1.0,13.9,0.012,0.241,3.0,2.0,0.0,0.0,5.736,6.339,5.851,6.162,6.47,8.98,5.869,6.046,6.053,16.44
2016-06-09 04:22:00-05:00,-10.93,-4.539087,505175,8.86,0.0,0.727,9.35,234.4,274.7,273.3,270.3,0.0,0.0,0.0,234.4,0.0,60.21,0.0,1382679.0,21.72,0.0,0.0,0.0,0.0,0.0,0.0,0.0,0.0,0.0,0.0,8.77,5.324,0.267,0.0,0.0,0.0,60.0,59.9,74.7,0.0,273.0,273.0,274.0,0.0,0.0,0.0,601.0,1373157.0,41210.0,126676.0,1.0,0.979,0.748,0.921,-0.001,0.003,0.005,0.005,0.009,0.001,0.006,0.0,0.001,0.001,0.001,0.002,0.0,0.001,43302.0,43960.0,43528.0,43378.0,44259.0,42012.0,38052.0,0.608,142.2,9.16,0.8,3.531,3.0,-1.0,13.9,0.012,0.24,3.0,2.0,0.0,0.0,5.715,6.357,5.851,6.174,6.454,9.01,5.866,6.064,6.053,16.4
2016-06-09 04:23:00-05:00,-11.167608,-4.539087,505176,8.83,0.0,0.741,9.33,244.8,274.5,273.3,270.3,0.0,0.0,0.0,245.0,0.0,60.15,0.0,1382679.0,21.67,0.0,0.0,0.0,0.0,0.0,0.0,0.0,0.0,0.0,0.0,8.77,5.323,0.289,0.0,0.0,0.0,60.0,59.9,74.7,0.0,273.0,273.0,274.0,0.0,0.0,0.0,601.0,1373157.0,41210.0,126676.0,1.0,0.979,0.748,0.921,-0.001,0.003,0.005,0.005,0.01,0.0,0.005,0.0,0.001,0.001,0.001,0.002,0.0,0.001,43302.0,43960.0,43528.0,43378.0,44259.0,42012.0,38052.0,0.54,134.0,7.49,0.7,3.53,3.0,-1.0,13.9,0.012,0.239,3.0,2.0,0.0,0.0,5.747,6.372,5.884,6.159,6.502,9.06,5.866,6.064,6.053,16.37
2016-06-09 04:24:00-05:00,-11.167608,-4.539087,505177,8.82,0.0,0.743,9.31,254.7,274.9,273.1,270.2,0.0,0.0,0.0,255.0,0.0,60.14,0.0,1382679.0,21.78,0.0,0.0,0.0,0.0,0.0,0.0,0.0,0.0,0.0,0.0,8.78,5.323,0.343,0.0,0.0,0.0,60.0,59.9,74.7,0.0,273.0,273.0,274.0,0.0,0.0,0.0,601.0,1373157.0,41210.0,126676.0,1.0,0.979,0.748,0.921,-0.002,0.003,0.005,0.005,0.009,0.0,0.006,0.0,0.001,0.001,0.001,0.002,0.0,0.002,43302.0,43960.0,43528.0,43378.0,44259.0,42012.0,38052.0,0.535,131.1,8.4,0.8,3.531,3.0,-1.0,13.9,0.011,0.236,3.0,2.0,0.0,0.0,5.751,6.339,5.851,6.111,6.484,9.03,5.772,6.079,6.002,16.37
2016-06-09 04:25:00-05:00,-10.93,-4.539087,505178,8.81,0.0,0.742,9.31,263.9,274.8,273.1,270.1,0.0,0.0,0.0,264.1,0.0,60.22,0.0,1382679.0,21.7,0.0,0.0,0.0,0.0,0.0,0.0,0.0,0.0,0.0,0.0,8.79,5.323,0.408,0.0,0.0,0.0,60.0,59.9,74.7,0.0,273.0,273.0,273.8,0.0,0.0,0.0,601.0,1373157.0,41210.0,126676.0,1.0,0.979,0.748,0.921,-0.001,0.003,0.005,0.005,0.009,-0.001,0.006,0.0,0.001,0.001,0.001,0.002,0.0,0.002,43302.0,43960.0,43528.0,43378.0,44259.0,42012.0,38052.0,0.528,110.4,9.93,0.7,3.53,3.0,-1.0,13.9,0.011,0.241,3.0,2.0,0.0,0.0,5.751,6.339,5.851,6.046,6.455,9.03,5.768,6.013,5.988,16.36
2016-06-09 04:26:00-05:00,-10.692391,-4.539087,505179,8.8,0.0,0.741,9.29,272.3,274.7,273.1,270.2,0.0,0.0,0.0,272.2,0.0,60.14,0.0,1382679.0,21.76,0.0,0.0,0.0,0.0,0.0,0.0,0.0,0.0,0.0,0.0,8.77,5.328,0.506,0.0,0.0,0.0,60.0,59.9,74.7,0.0,273.0,273.0,273.9,0.0,0.0,0.0,601.0,1373157.0,41210.0,126676.0,1.0,0.979,0.748,0.921,-0.002,0.003,0.005,0.006,0.009,-0.001,0.006,0.0,0.001,0.001,0.002,0.003,0.0,0.002,43302.0,43960.0,43528.0,43378.0,44259.0,42012.0,38052.0,0.37,91.9,8.62,0.6,3.532,3.0,-1.0,13.9,0.011,0.24,3.0,2.0,0.0,0.0,5.751,6.354,5.836,6.046,6.436,9.0,5.786,6.029,5.955,16.31
2016-06-09 04:27:00-05:00,-10.573587,-4.2028584,505180,8.78,0.0,0.743,9.3,280.3,274.7,273.2,270.2,0.0,0.0,0.0,280.2,0.0,60.2,0.0,1382679.0,21.72,0.0,0.0,0.0,0.0,0.0,0.0,0.0,0.0,0.0,0.0,8.77,5.338,0.613,0.0,0.0,0.0,60.0,59.9,74.7,0.0,273.0,273.0,273.9,0.0,0.0,0.0,601.0,1373157.0,41210.0,126676.0,1.0,0.979,0.748,0.921,-0.003,0.004,0.005,0.007,0.009,-0.002,0.006,-0.001,0.001,0.001,0.002,0.003,-0.001,0.002,43302.0,43960.0,43528.0,43378.0,44259.0,42012.0,38052.0,0.468,100.2,10.18,0.7,3.531,3.0,-1.0,13.9,0.012,0.239,3.0,2.0,0.0,0.0,5.751,6.31,5.804,6.064,6.451,8.91,5.656,6.013,5.955,16.24
2016-06-09 04:28:00-05:00,-10.3359785,-4.0907817,505181,8.77,0.0,1.024,9.34,287.5,274.7,273.1,270.2,0.0,0.0,0.0,287.6,0.0,60.21,0.0,1382679.0,21.69,0.0,0.0,0.0,0.0,0.0,0.0,0.0,0.0,0.0,0.0,8.79,5.345,0.694,0.0,0.0,0.0,60.0,59.9,74.7,0.0,273.0,273.0,273.9,0.0,0.0,0.0,601.0,1373157.0,41210.0,126676.0,1.0,0.979,0.748,0.921,-0.003,0.004,0.005,0.006,0.009,-0.002,0.006,-0.001,0.001,0.001,0.002,0.003,-0.001,0.002,43302.0,43960.0,43528.0,43378.0,44259.0,42012.0,38052.0,0.423,78.11,11.99,0.6,3.53,3.0,-1.0,13.9,0.011,0.236,3.0,2.0,0.0,0.0,5.751,6.256,5.768,6.046,6.455,8.88,5.689,6.083,5.955,16.28
2016-06-09 04:29:00-05:00,-10.217174,-3.8666298,505182,8.76,0.0,1.254,9.39,294.0,274.5,273.1,270.2,0.0,0.0,0.0,294.1,0.0,60.17,0.0,1382679.0,21.76,0.0,0.0,0.0,0.0,0.0,0.0,0.0,0.0,0.0,0.0,8.76,5.234,0.805,0.0,0.0,0.0,60.0,59.9,74.7,0.0,273.0,273.0,273.8,0.0,0.0,0.0,601.0,1373157.0,41210.0,126676.0,1.0,0.979,0.748,0.921,-0.003,0.005,0.004,0.007,0.009,-0.002,0.006,-0.001,0.001,0.001,0.002,0.003,-0.001,0.002,43302.0,43960.0,43528.0,43378.0,44259.0,42012.0,38052.0,0.39,65.08,21.72,0.5,3.531,3.0,-1.0,13.9,0.011,0.241,3.0,2.0,0.0,0.0,5.751,6.241,5.789,6.046,6.532,8.88,5.656,6.046,5.955,16.3
2016-06-09 04:30:00-05:00,-9.979566,-3.8666298,505183,8.75,0.0,1.259,9.42,299.8,274.4,273.2,270.2,0.0,0.0,0.0,299.9,0.0,60.13,0.0,1382679.0,21.76,0.0,0.0,0.0,0.0,0.0,0.0,0.0,0.0,0.0,0.0,8.81,5.247,0.983,0.0,0.0,0.0,60.0,59.9,74.7,0.0,273.0,273.0,273.4,0.0,0.0,0.0,601.0,1373157.0,41210.0,126676.0,1.0,0.979,0.748,0.921,-0.002,0.006,0.002,0.006,0.009,-0.002,0.007,-0.001,0.002,0.001,0.002,0.003,-0.001,0.002,43302.0,43960.0,43528.0,43378.0,44259.0,42012.0,38052.0,0.622,99.3,10.75,0.8,3.531,3.0,-1.0,13.9,0.011,0.24,3.0,2.0,0.0,0.0,5.751,6.26,5.82,6.083,6.451,8.87,5.656,6.046,5.955,16.24
2016-06-09 04:31:00-05:00,-9.741957,-3.8666298,505184,8.73,0.0,1.302,9.42,304.9,274.6,272.9,270.1,0.0,0.0,0.0,305.1,0.0,60.14,0.0,1382679.0,21.77,0.0,0.0,0.0,0.0,0.0,0.0,0.0,0.0,0.0,0.0,8.82,5.295,1.105,0.0,0.0,0.0,60.0,59.9,74.7,0.0,273.0,273.0,273.2,0.0,0.0,0.0,601.0,1373157.0,41210.0,126676.0,1.0,0.979,0.748,0.921,-0.004,0.007,0.003,0.006,0.009,-0.004,0.008,-0.001,0.002,0.001,0.002,0.003,-0.001,0.002,43302.0,43960.0,43528.0,43378.0,44259.0,42012.0,38052.0,0.673,107.6,3.24,0.8,3.531,3.0,-1.0,13.9,0.012,0.24,3.0,2.0,0.0,0.0,5.751,6.26,5.835,6.064,6.481,8.88,5.638,6.076,5.955,16.2
2016-06-09 04:32:00-05:00,-9.385543,-3.6424768,505185,8.72,0.0,1.749,9.42,309.9,274.7,272.9,270.1,0.0,0.0,0.0,310.2,0.0,60.17,0.0,1382679.0,21.78,0.0,0.1,0.0,0.0,0.0,0.0,0.0,0.0,0.0,0.0,8.8,5.291,1.289,0.0,0.0,0.0,60.0,59.9,74.7,0.0,273.0,273.0,273.6,0.0,0.0,0.0,601.0,1373157.0,41210.0,126676.0,1.0,0.979,0.748,0.921,-0.004,0.009,0.003,0.006,0.008,-0.002,0.007,-0.001,0.003,0.001,0.002,0.002,-0.001,0.002,43302.0,43960.0,43528.0,43378.0,44259.0,42012.0,38052.0,0.52,99.5,4.809,0.6,3.531,3.0,-1.0,13.9,0.011,0.236,3.0,2.0,0.0,0.0,5.751,6.26,5.82,6.076,6.452,9.14,5.605,6.061,5.955,16.19
2016-06-09 04:33:00-05:00,-9.147935,-3.1941724,505186,8.7,0.0,1.774,9.51,314.7,274.4,273.3,270.4,0.0,0.0,0.0,315.0,0.0,60.15,0.0,1382679.0,21.57,0.0,1.0,0.0,0.0,0.0,0.0,0.0,0.0,0.0,0.0,8.7,5.302,1.466,0.0,0.0,0.0,60.0,59.9,74.7,0.0,273.0,273.0,274.0,0.0,0.0,0.0,601.0,1373157.0,41210.0,126676.0,1.0,0.979,0.748,0.921,-0.003,0.009,0.003,0.005,0.007,-0.003,0.007,-0.001,0.003,0.001,0.002,0.002,-0.001,0.002,43302.0,43960.0,43528.0,43378.0,44259.0,42012.0,38052.0,0.422,110.1,10.82,0.5,3.531,3.0,-1.0,13.9,0.011,0.241,3.0,2.0,0.0,0.0,5.751,6.241,5.805,6.101,6.434,9.21,5.573,6.046,5.955,16.21
2016-06-09 04:34:00-05:00,-8.910326,-3.0820959,505187,8.69,0.0,1.979,9.45,318.4,274.6,273.2,270.3,0.0,0.0,0.0,318.7,0.0,60.19,0.0,1382679.0,21.67,0.0,1.0,0.0,0.0,0.0,0.0,0.0,0.0,0.0,0.0,8.8,5.294,1.68,0.0,0.0,0.0,60.0,59.9,74.7,0.0,273.0,273.0,274.0,0.0,0.0,0.0,601.0,1373157.0,41210.0,126676.0,1.0,0.979,0.748,0.921,-0.004,0.012,0.004,0.002,0.007,-0.005,0.008,-0.001,0.004,0.001,0.001,0.002,-0.001,0.003,43302.0,43960.0,43528.0,43378.0,44259.0,42012.0,38052.0,0.505,132.4,9.09,0.7,3.531,3.0,-1.0,13.9,0.011,0.24,3.0,2.0,0.0,0.0,5.722,6.272,5.838,6.046,6.354,9.19,5.558,6.079,5.955,16.19
2016-06-09 04:35:00-05:00,-8.791522,-2.9700198,505188,8.68,0.0,2.291,9.44,321.7,274.7,273.0,270.2,0.0,0.0,0.0,322.0,0.0,60.22,0.0,1382679.0,21.7,0.0,1.0,0.0,0.0,0.0,0.0,0.0,0.0,0.0,0.0,8.87,5.276,1.877,0.0,0.0,0.0,60.0,59.9,74.7,0.0,273.0,273.0,274.0,0.0,0.0,0.0,601.0,1373157.0,41210.0,126676.0,1.0,0.979,0.748,0.921,-0.004,0.017,0.005,-0.001,0.007,-0.008,0.01,-0.001,0.005,0.001,0.0,0.002,-0.003,0.003,43302.0,43960.0,43528.0,43378.0,44259.0,42012.0,38052.0,0.387,124.3,14.99,0.6,3.531,3.0,-1.0,13.9,0.012,0.24,3.0,2.0,0.0,0.0,5.671,6.275,5.838,6.098,6.42,9.21,5.573,6.046,5.955,16.19
2016-06-09 04:36:00-05:00,-8.791522,-2.6337912,505189,8.67,0.0,2.395,9.48,324.7,274.5,272.9,270.1,0.0,0.0,0.0,325.1,0.0,60.21,0.0,1382679.0,21.72,0.0,1.0,0.0,0.0,0.0,0.0,0.0,0.0,0.0,0.0,8.88,5.262,2.139,0.0,0.0,0.0,60.0,59.9,74.7,0.0,273.0,272.9,273.2,0.0,0.0,0.0,601.0,1373157.0,41210.0,126676.0,1.0,0.979,0.748,0.921,-0.004,0.019,0.004,-0.001,0.007,-0.007,0.006,-0.001,0.006,0.001,0.0,0.002,-0.002,0.002,43302.0,43960.0,43528.0,43378.0,44259.0,42012.0,38052.0,0.19,67.98,20.22,0.3,3.531,3.0,-1.0,13.9,0.011,0.236,3.0,2.0,0.0,0.0,5.653,6.278,5.853,6.094,6.472,9.3,5.656,6.082,5.955,16.13
2016-06-09 04:37:00-05:00,-8.791522,-2.2975626,505190,8.66,0.0,2.801,9.48,326.6,274.2,273.0,270.2,0.0,0.0,0.0,326.8,0.0,60.14,0.0,1382679.0,35.99,0.0,1.167,0.0,0.0,0.0,0.0,0.0,0.0,0.0,0.0,8.87,5.281,2.377,0.0,0.0,0.0,60.0,59.9,74.7,0.0,273.0,273.0,273.0,0.0,0.0,0.0,601.0,1373157.0,41210.0,126676.0,1.0,0.979,0.748,0.921,-0.002,0.019,0.007,0.003,0.01,-0.001,0.009,-0.001,0.006,0.002,0.001,0.003,0.0,0.003,43302.0,43960.0,43528.0,43378.0,44259.0,42012.0,38052.0,0.122,61.63,34.56,0.2,3.531,3.0,-0.967,13.9,0.011,0.241,3.0,2.0,0.0,0.0,5.701,6.323,5.838,6.113,6.453,9.32,5.623,6.046,5.955,16.11
2016-06-09 04:38:00-05:00,-8.435108,-2.2975626,505191,8.64,0.0,3.009,9.53,312.1,274.5,273.0,270.2,0.0,0.0,0.0,312.5,-0.569,60.14,0.0,1382679.0,313.3,0.0,4.467,0.0,0.0,0.0,0.0,0.0,0.0,0.0,0.0,8.91,5.283,2.646,10.05,10.8,10.85,60.0,59.9,74.7,0.0,273.0,272.7,273.1,-0.432,-7.886,7.898,601.0,1373157.0,41210.0,126676.0,0.103,0.979,0.748,0.921,0.089,0.11,0.11,0.095,0.104,0.088,0.104,0.027,0.033,0.033,0.028,0.031,0.026,0.031,43302.0,43960.0,43528.0,43378.0,44259.0,42012.0,38052.0,0.175,112.9,24.43,0.3,3.531,3.0,-0.883,13.9,0.011,0.245,3.0,2.0,0.0,0.0,5.701,6.275,5.853,6.179,6.322,9.3,5.558,6.046,5.955,16.11
2016-06-09 04:39:00-05:00,-8.078695,-2.07341,505192,8.63,0.0,3.315,9.56,314.6,274.5,272.9,270.1,0.0,0.0,0.0,314.9,-0.456,60.14,0.0,1382679.0,316.5,0.002,4.517,0.0,0.0,0.0,0.0,0.0,0.0,0.0,0.0,8.89,5.306,2.954,10.63,11.38,11.41,60.0,59.9,74.7,0.0,273.0,272.3,273.0,-0.419,-8.35,8.36,601.0,1373157.0,41210.0,126676.0,0.051,0.979,0.748,0.921,0.101,0.125,0.114,0.113,0.119,0.097,0.105,0.03,0.038,0.034,0.034,0.036,0.029,0.031,43302.0,43960.0,43528.0,43378.0,44259.0,42012.0,38052.0,,0.0,0.0,,,3.0,-1.0,13.9,0.011,0.242,3.0,2.0,0.0,0.0,5.686,6.311,5.835,6.146,6.341,9.29,5.525,6.061,5.955,16.08
2016-06-09 04:40:00-05:00,-7.7222824,-1.513029,505193,8.62,0.0,3.741,9.64,317.0,274.4,273.0,270.1,0.0,0.0,0.0,317.4,-0.337,60.14,0.0,1382679.0,318.8,0.003,4.517,0.0,0.0,0.0,0.0,0.0,0.0,0.0,0.0,8.86,5.278,3.256,10.62,11.38,11.4,60.0,59.9,74.7,0.0,273.0,272.3,273.0,-0.398,-8.34,8.35,601.0,1373157.0,41211.0,126676.0,0.048,0.979,0.748,0.921,0.112,0.13,0.123,0.13,0.129,0.108,0.114,0.034,0.039,0.037,0.04,0.039,0.032,0.035,43302.0,43960.0,43528.0,43378.0,44259.0,42012.0,38052.0,0.278,83.5,11.23,0.4,3.531,3.0,-1.0,13.9,0.011,0.241,3.0,2.0,0.0,0.0,5.653,6.308,5.838,6.113,6.341,9.32,5.496,6.076,5.908,16.05
2016-06-09 04:41:00-05:00,-7.3658695,-1.4009527,505194,8.61,0.0,3.986,9.61,314.7,274.6,272.9,270.0,0.0,0.0,0.0,315.7,-0.031,60.16,0.0,1382679.0,316.5,0.031,4.633,0.0,0.0,0.0,0.0,0.0,0.0,0.0,0.0,8.85,5.25,3.574,10.41,11.31,11.36,60.0,59.9,74.7,0.0,273.0,272.6,273.0,-0.363,-8.22,8.23,601.0,1373157.0,41211.0,126676.0,0.044,0.979,0.748,0.921,0.159,0.176,0.174,0.18,0.186,0.154,0.163,0.048,0.053,0.053,0.055,0.056,0.047,0.05,43302.0,43960.0,43528.0,43378.0,44259.0,42012.0,38052.0,0.347,121.7,6.498,0.5,3.531,3.0,-1.0,13.9,0.011,0.241,3.0,2.0,0.0,0.0,5.653,6.341,5.853,6.116,6.341,9.47,5.46,6.061,5.857,16.02
2016-06-09 04:42:00-05:00,-6.7718477,-0.84057164,505195,8.59,0.0,4.342,9.6,317.2,274.5,273.1,270.2,0.0,0.0,0.0,317.8,0.448,60.15,0.0,1382679.0,318.8,0.14,4.633,0.0,0.0,0.0,0.0,0.0,0.0,0.0,0.0,8.75,5.296,3.929,10.36,11.3,11.34,60.0,59.9,74.7,0.0,273.0,272.9,273.0,-0.317,-8.2,8.21,601.0,1373157.0,41211.0,126676.0,0.038,0.979,0.748,0.921,0.179,0.199,0.194,0.197,0.205,0.172,0.178,0.055,0.061,0.059,0.06,0.063,0.052,0.055,43302.0,43960.0,43528.0,43378.0,44259.0,42012.0,38052.0,0.432,96.7,16.98,0.5,3.531,3.0,-1.0,13.9,0.011,0.24,3.0,2.0,0.0,0.0,5.653,6.312,5.773,6.128,6.341,9.58,5.479,6.046,5.857,16.02
2016-06-09 04:43:00-05:00,-6.2966304,-0.504343,505196,8.59,0.0,4.825,9.57,319.1,274.6,272.8,270.0,0.0,0.0,0.0,319.5,0.638,60.14,0.0,1382679.0,320.3,0.196,4.65,0.0,0.0,0.0,0.0,0.0,0.0,0.0,0.0,8.97,5.28,4.303,10.32,11.27,11.34,60.0,59.9,74.7,0.0,273.0,272.3,273.0,-0.274,-8.17,8.18,601.0,1373157.0,41211.0,126676.0,0.033,0.979,0.748,0.921,0.198,0.221,0.213,0.217,0.235,0.192,0.191,0.061,0.068,0.066,0.067,0.073,0.059,0.059,43302.0,43960.0,43528.0,43378.0,44259.0,42012.0,38052.0,0.282,62.48,10.44,0.4,3.531,3.0,-1.0,13.9,0.011,0.235,3.0,2.0,0.0,0.0,5.653,6.272,5.773,6.128,6.424,9.6,5.475,6.079,5.857,16.02
2016-06-09 04:44:00-05:00,-5.940217,-0.056038223,505197,8.57,0.0,5.208,9.66,320.6,274.8,272.8,270.0,0.086,0.0,0.254,321.1,0.916,60.13,0.0,1382679.0,322.3,0.283,4.65,0.0,0.0,0.0,0.0,0.0,0.0,0.0,0.0,9.19,5.258,4.688,10.28,11.26,11.31,60.0,59.9,74.7,0.0,273.0,272.7,273.0,-0.221,-8.16,8.16,601.0,1373157.0,41211.0,126676.0,0.026,0.979,0.748,0.921,0.224,0.244,0.251,0.251,0.25,0.218,0.23,0.069,0.076,0.078,0.078,0.077,0.067,0.071,43302.0,43960.0,43528.0,43378.0,44259.0,42012.0,38052.0,0.16,95.7,30.32,0.3,3.531,3.0,-1.0,13.9,0.011,0.241,3.0,2.0,0.0,0.0,5.653,6.326,5.82,6.146,6.341,9.47,5.46,6.109,5.857,16.02
2016-06-09 04:45:00-05:00,-5.583804,0.2801905,505198,8.55,0.0,5.626,9.77,326.4,274.5,273.2,270.3,0.258,0.0,0.762,326.2,0.829,60.15,0.0,1382679.0,327.4,0.257,4.533,0.0,0.0,0.0,0.0,0.0,0.0,0.0,0.0,9.35,5.275,5.09,10.53,11.32,11.34,60.0,59.9,74.7,0.0,273.0,272.8,273.0,-0.205,-8.29,8.29,601.0,1373157.0,41211.0,126676.0,0.023,0.979,0.748,0.921,0.198,0.213,0.219,0.218,0.226,0.19,0.203,0.062,0.066,0.068,0.068,0.07,0.059,0.063,43302.0,43960.0,43528.0,43378.0,44259.0,42012.0,38052.0,0.312,71.76,7.706,0.4,3.531,3.0,-1.0,13.9,0.011,0.241,3.0,2.0,0.0,0.0,5.653,6.359,5.835,6.179,6.341,9.47,5.494,6.146,5.857,16.02
2016-06-09 04:46:00-05:00,-5.108587,0.7284954,505199,8.55,0.0,6.101,9.82,328.6,274.8,272.8,270.1,0.43,0.253,1.608,328.6,0.823,60.15,0.017,1382679.0,330.5,0.257,4.517,0.0,0.0,0.0,0.0,0.0,0.0,0.0,0.0,9.33,5.292,5.51,10.54,11.36,11.35,60.0,59.9,74.7,0.0,273.0,272.8,273.0,-0.179,-8.3,8.3,601.0,1373157.0,41211.0,126676.0,0.02,0.979,0.748,0.921,0.216,0.222,0.228,0.242,0.248,0.201,0.212,0.068,0.069,0.071,0.076,0.078,0.063,0.067,43302.0,43960.0,43528.0,43378.0,44259.0,42012.0,38052.0,0.315,81.6,11.23,0.5,,3.0,-1.0,13.9,0.011,0.241,3.0,2.0,0.0,0.0,5.733,6.341,5.853,6.146,6.406,9.45,5.49,6.134,5.857,16.02
2016-06-09 04:47:00-05:00,-4.514565,1.064724,505200,8.54,0.0,6.544,9.92,329.6,274.6,273.1,270.3,0.688,0.505,2.286,330.4,0.881,60.22,0.017,1382679.0,331.9,0.278,4.55,0.0,0.0,0.0,0.0,0.0,0.0,0.0,0.0,9.35,5.349,5.928,10.47,11.31,11.36,60.0,59.9,74.7,0.0,273.0,273.0,273.0,-0.114,-8.25,8.26,601.0,1373157.0,41212.0,126676.0,0.012,0.979,0.748,0.921,0.246,0.281,0.272,0.29,0.312,0.228,0.26,0.077,0.089,0.086,0.092,0.099,0.071,0.082,43302.0,43960.0,43528.0,43378.0,44259.0,42012.0,38052.0,0.4,87.2,7.221,0.5,3.531,3.0,-1.0,13.9,0.011,0.235,3.0,2.0,0.0,0.0,5.751,6.323,5.806,6.146,6.374,9.42,5.527,6.161,5.872,16.02
2016-06-09 04:48:00-05:00,-3.9205434,1.5130291,505201,8.52,0.0,7.01,9.93,329.0,274.8,273.0,270.2,2.237,2.694,3.302,329.5,1.046,60.22,0.399,1382679.0,330.5,0.332,4.65,0.0,0.0,0.0,0.0,0.0,0.0,0.0,0.0,9.18,5.431,6.361,10.22,11.21,11.23,60.0,59.9,74.7,0.0,273.0,273.0,273.0,0.028,-8.11,8.11,601.0,1373157.0,41212.0,126676.0,-0.006,0.979,0.748,0.921,0.317,0.371,0.364,0.375,0.398,0.291,0.344,0.1,0.118,0.115,0.119,0.126,0.092,0.109,43302.0,43960.0,43528.0,43378.0,44259.0,42012.0,38052.0,0.39,97.8,9.12,0.5,3.531,3.0,-1.0,13.9,0.011,0.241,3.0,2.0,0.0,0.0,5.751,6.341,5.806,6.146,6.424,9.36,5.494,6.128,5.857,16.02
2016-06-09 04:49:00-05:00,-3.3265214,2.185486,505202,8.51,0.0,7.542,9.9,331.7,274.4,273.0,270.3,2.925,3.283,3.302,331.9,1.091,60.2,0.59,1382679.0,333.5,0.348,4.65,0.0,0.0,0.0,0.0,0.0,0.0,0.0,0.0,9.25,5.419,6.817,10.2,11.21,11.22,60.0,59.9,74.7,0.0,273.0,272.5,273.0,0.12,-8.08,8.09,601.0,1373157.0,41212.0,126676.0,-0.018,0.979,0.748,0.921,0.36,0.408,0.406,0.412,0.431,0.339,0.376,0.114,0.13,0.13,0.132,0.138,0.107,0.12,43302.0,43960.0,43528.0,43378.0,44259.0,42012.0,38052.0,0.412,87.3,6.414,0.5,3.531,3.0,-1.0,13.9,0.011,0.241,3.0,2.0,0.0,0.0,5.751,6.341,5.755,6.128,6.522,9.32,5.494,6.146,5.857,16.02
2016-06-09 04:50:00-05:00,-2.6136956,2.8579435,505203,8.5,0.0,8.01,9.93,337.0,274.6,272.8,270.1,3.098,3.283,3.302,337.2,1.423,60.15,0.624,1382679.0,338.9,0.456,4.65,0.0,0.0,0.0,0.0,0.0,0.0,0.0,0.0,9.36,5.406,7.275,10.17,11.19,11.19,60.0,59.9,74.7,0.0,273.0,272.0,273.0,0.212,-8.05,8.07,601.0,1373157.0,41212.0,126676.0,-0.03,0.979,0.748,0.921,0.402,0.442,0.441,0.447,0.481,0.381,0.408,0.128,0.141,0.141,0.144,0.155,0.121,0.131,43302.0,43960.0,43528.0,43378.0,44259.0,42012.0,38052.0,0.39,74.49,7.043,0.6,,3.0,-1.0,13.9,0.011,0.241,3.0,2.0,0.0,0.0,5.769,6.341,5.853,6.146,6.537,9.3,5.578,6.128,5.875,16.02
2016-06-09 04:51:00-05:00,-2.0196736,3.3062484,505204,8.5,0.0,8.54,9.97,337.1,274.4,273.0,270.2,2.839,3.031,3.048,336.2,1.746,60.14,0.571,1382679.0,337.5,0.561,4.6,0.0,0.0,0.0,0.0,0.0,0.0,0.0,0.0,9.49,5.445,7.74,10.3,11.25,11.2,60.0,59.9,74.7,0.0,273.0,272.0,273.0,0.234,-8.12,8.14,601.0,1373157.0,41212.0,126676.0,-0.034,0.979,0.748,0.921,0.374,0.427,0.415,0.452,0.458,0.353,0.381,0.12,0.138,0.134,0.146,0.148,0.112,0.123,43302.0,43960.0,43528.0,43378.0,44259.0,42012.0,38052.0,0.318,94.2,8.8,0.4,,3.333,-1.0,13.9,0.011,0.235,3.0,2.0,0.0,0.0,5.769,6.341,5.871,6.161,6.537,9.27,5.565,6.193,5.857,16.02
2016-06-09 04:52:00-05:00,-1.425652,3.7545533,505205,8.48,0.0,9.06,9.99,359.9,274.6,272.8,270.0,1.979,1.768,2.032,360.0,0.814,60.16,0.346,1382679.0,362.1,0.279,4.517,0.0,0.0,0.0,0.0,0.0,0.0,0.0,0.0,9.53,5.513,8.2,10.51,11.35,11.36,60.0,59.9,74.7,0.0,273.0,272.0,273.0,-0.079,-8.28,8.29,601.0,1373157.0,41212.0,126676.0,0.007,0.979,0.748,0.921,0.209,0.277,0.279,0.28,0.304,0.198,0.263,0.071,0.095,0.096,0.096,0.105,0.066,0.091,43302.0,43960.0,43528.0,43378.0,44259.0,42012.0,38052.0,0.44,71.37,5.708,0.6,,3.0,-1.0,13.9,0.011,0.242,3.0,2.0,0.0,0.0,5.834,6.341,5.886,6.146,6.551,9.27,5.606,6.294,5.857,16.02
2016-06-09 04:53:00-05:00,-0.9504345,4.4270105,505206,8.48,0.0,9.61,10.06,361.3,274.6,272.8,270.1,2.065,1.768,2.032,361.4,0.905,60.14,0.346,1382679.0,362.7,0.314,4.517,0.0,0.0,0.0,0.0,0.0,0.0,0.0,0.0,9.59,5.507,8.68,10.5,11.34,11.36,60.0,59.9,74.7,0.0,273.0,272.0,273.0,-0.054,-8.27,8.28,601.0,1373157.0,41212.0,126676.0,0.003,0.979,0.748,0.921,0.228,0.282,0.302,0.307,0.34,0.201,0.287,0.078,0.097,0.104,0.106,0.118,0.068,0.099,43302.0,43960.0,43528.0,43378.0,44259.0,42012.0,38052.0,0.362,70.94,8.8,0.5,,3.367,-1.0,13.89,0.011,0.241,3.0,2.0,0.0,0.0,5.849,6.374,5.904,6.179,6.537,9.29,5.675,6.341,5.89,16.02
2016-06-09 04:54:00-05:00,-0.47521704,4.8753157,505207,8.46,0.0,10.13,10.1,359.2,274.7,272.5,269.9,2.237,1.684,2.201,360.0,1.14,60.13,0.344,1382679.0,361.8,0.394,4.617,0.0,0.0,0.0,0.0,0.0,0.0,0.0,0.0,9.62,5.566,9.17,10.32,11.31,11.32,60.0,59.9,74.7,0.0,273.0,272.0,273.0,-0.036,-8.15,8.17,601.0,1373157.0,41212.0,126676.0,0.002,0.979,0.748,0.921,0.234,0.334,0.348,0.354,0.365,0.233,0.331,0.08,0.115,0.12,0.122,0.127,0.079,0.115,43302.0,43960.0,43528.0,43378.0,44259.0,42012.0,38052.0,,0.0,0.0,,,3.0,-1.0,13.9,0.011,0.256,3.0,2.0,0.0,0.0,5.884,6.439,5.951,6.258,6.554,9.27,5.723,6.323,5.905,16.07
2016-06-09 04:55:00-05:00,0.11880459,5.323621,505208,8.46,0.0,10.68,10.2,359.7,274.5,272.5,269.8,2.581,2.189,2.54,359.9,1.309,60.19,0.447,1382679.0,361.3,0.453,4.65,0.0,0.0,0.0,0.0,0.0,0.0,0.0,0.0,9.72,5.629,9.65,10.24,11.25,11.29,60.0,59.9,74.7,0.0,273.0,272.0,273.0,0.027,-8.1,8.12,601.0,1373157.0,41213.0,126676.0,-0.006,0.979,0.748,0.921,0.268,0.361,0.366,0.393,0.377,0.252,0.356,0.092,0.125,0.127,0.136,0.131,0.086,0.124,43302.0,43960.0,43528.0,43378.0,44259.0,42012.0,38052.0,0.448,65.99,10.79,0.6,3.531,3.0,-1.0,13.9,0.011,0.241,3.0,2.0,0.0,0.0,5.946,6.439,5.951,6.262,6.569,9.3,5.708,6.341,5.974,16.08
2016-06-09 04:56:00-05:00,0.7128262,5.9960775,505209,8.46,0.0,11.22,10.17,360.8,274.3,272.6,269.9,2.151,2.189,2.54,360.8,1.505,60.21,0.395,1382679.0,362.4,0.523,4.65,0.0,0.0,0.0,0.0,0.0,0.0,0.0,0.0,9.6,5.685,10.13,10.23,11.26,11.28,60.0,59.9,74.7,0.0,273.0,272.0,273.0,0.046,-8.1,8.11,601.0,1373157.0,41213.0,126676.0,-0.009,0.979,0.748,0.921,0.288,0.37,0.368,0.41,0.42,0.27,0.358,0.099,0.129,0.128,0.143,0.147,0.093,0.125,43302.0,43960.0,43528.0,43378.0,44259.0,42012.0,38052.0,0.532,75.56,7.316,0.6,3.532,3.0,-1.0,13.9,0.011,0.247,3.0,2.0,0.0,0.0,5.979,6.439,5.951,6.262,6.62,9.37,5.74,6.41,5.97,16.11
2016-06-09 04:57:00-05:00,1.3068483,6.332306,505210,8.45,0.0,11.82,10.11,361.4,274.2,272.6,269.9,2.409,2.273,2.709,361.4,1.753,60.22,0.446,1382679.0,363.0,0.608,4.65,0.0,0.0,0.0,0.0,0.0,0.0,0.0,0.0,9.51,5.728,10.62,10.21,11.24,11.27,60.0,59.9,74.7,0.0,273.0,272.0,273.0,0.105,-8.08,8.1,601.0,1373157.0,41213.0,126676.0,-0.017,0.979,0.748,0.921,0.309,0.403,0.398,0.432,0.448,0.293,0.381,0.107,0.141,0.139,0.151,0.157,0.1,0.133,43302.0,43960.0,43528.0,43378.0,44259.0,42012.0,38052.0,0.6,69.08,4.127,0.7,,3.0,-1.0,13.9,0.011,0.235,3.0,2.0,0.0,0.0,6.044,6.489,5.951,6.279,6.699,9.37,5.755,6.472,5.97,16.15
2016-06-09 04:58:00-05:00,1.9008695,6.556459,505211,8.44,0.0,12.32,10.06,367.6,274.4,272.6,269.9,1.893,1.768,1.862,366.8,1.41,60.22,0.344,1382679.0,368.4,0.491,4.533,0.0,0.0,0.0,0.0,0.0,0.0,0.0,0.0,9.51,5.747,11.1,10.46,11.34,11.33,60.0,59.9,74.7,0.0,273.0,272.0,273.0,-0.002,-8.24,8.25,601.0,1373157.0,41213.0,126676.0,-0.003,0.979,0.748,0.921,0.225,0.319,0.308,0.335,0.356,0.187,0.3,0.077,0.112,0.108,0.118,0.126,0.063,0.106,43302.0,43960.0,43528.0,43378.0,44259.0,42012.0,38052.0,0.525,65.98,6.472,0.6,3.528,3.0,-1.0,13.9,0.011,0.242,3.0,2.0,0.0,0.0,6.076,6.537,5.951,6.341,6.732,9.4,5.77,6.537,5.973,16.21
2016-06-09 04:59:00-05:00,2.2572832,7.2289166,505212,8.44,0.0,12.88,10.1,368.6,273.9,272.5,269.8,1.635,1.852,2.032,368.6,1.358,60.21,0.325,1382679.0,370.0,0.475,4.517,0.0,0.0,0.0,0.0,0.0,0.0,0.0,0.0,9.58,5.803,11.59,10.5,11.37,11.34,60.0,59.9,74.7,0.0,273.0,272.0,273.0,-0.019,-8.25,8.27,601.0,1373157.0,41213.0,126676.0,-0.001,0.979,0.748,0.921,0.217,0.324,0.304,0.335,0.361,0.204,0.289,0.075,0.114,0.107,0.118,0.128,0.07,0.102,43302.0,43960.0,43528.0,43378.0,44259.0,42012.0,38052.0,0.597,66.57,4.791,0.7,3.531,3.0,-1.0,13.9,0.011,0.241,3.0,2.0,0.0,0.0,6.141,6.537,5.951,6.359,6.732,9.4,5.853,6.537,6.053,16.21
2016-06-09 05:00:00-05:00,2.7324998,7.789297,505213,8.44,0.0,13.42,10.13,369.0,274.3,272.3,269.6,2.065,1.852,2.116,369.3,1.46,60.23,0.377,1382679.0,370.8,0.511,4.517,0.0,0.0,0.0,0.0,0.0,0.0,0.0,0.0,9.66,5.819,12.09,10.5,11.36,11.35,60.0,59.9,74.7,0.0,273.0,272.0,273.0,0.001,-8.25,8.26,601.0,1373157.0,41213.0,126676.0,-0.004,0.979,0.748,0.921,0.226,0.342,0.325,0.346,0.378,0.207,0.31,0.078,0.121,0.114,0.122,0.134,0.071,0.11,43302.0,43960.0,43528.0,43378.0,44259.0,42012.0,38052.0,0.562,77.19,5.137,0.7,,3.0,-1.0,13.9,0.011,0.241,3.0,2.0,0.0,0.0,6.141,6.537,6.016,6.341,6.714,9.42,5.853,6.537,6.068,16.21
2016-06-09 05:01:00-05:00,3.3265219,8.461754,505214,8.42,0.0,14.0,10.16,366.5,273.9,272.0,269.4,3.011,2.863,2.963,366.4,2.576,60.15,0.582,1382679.0,367.8,0.91,4.65,0.0,0.0,0.0,0.0,0.0,0.0,0.0,0.0,9.68,5.829,12.62,10.2,11.26,11.24,60.0,59.9,74.7,0.0,272.1,272.0,272.9,0.287,-8.02,8.06,601.0,1373157.0,41213.0,126676.0,-0.041,0.979,0.748,0.921,0.381,0.507,0.449,0.528,0.559,0.344,0.425,0.134,0.18,0.159,0.187,0.199,0.12,0.151,43302.0,43960.0,43528.0,43378.0,44259.0,42012.0,38052.0,0.405,91.4,9.06,0.6,3.531,3.0,-1.0,13.9,0.011,0.235,3.0,2.0,0.0,0.0,6.141,6.537,6.034,6.421,6.732,9.47,5.853,6.537,6.118,16.31
2016-06-09 05:02:00-05:00,3.920544,8.91006,505215,8.41,0.0,14.55,10.23,369.6,273.7,272.0,269.3,3.356,3.283,3.302,369.7,3.348,60.15,0.667,1382679.0,370.9,1.201,4.65,0.0,0.0,0.0,0.0,0.0,0.0,0.0,0.0,9.72,5.852,13.13,10.14,11.21,11.19,60.0,59.9,74.7,0.0,272.0,271.5,272.6,0.468,-7.975,8.02,601.0,1373157.0,41214.0,126676.0,-0.065,0.979,0.748,0.921,0.435,0.59,0.451,0.604,0.699,0.36,0.489,0.155,0.212,0.162,0.217,0.252,0.128,0.176,43302.0,43960.0,43528.0,43378.0,44259.0,42012.0,38052.0,0.415,88.4,9.0,0.5,3.528,3.0,-1.0,13.9,0.011,0.262,3.0,2.0,0.0,0.0,6.141,6.537,6.048,6.406,6.765,9.48,5.9,6.554,6.217,16.31
2016-06-09 05:03:00-05:00,4.3957615,9.582517,505216,8.41,0.0,15.1,10.18,369.9,273.7,271.9,269.3,3.356,3.283,3.302,369.9,3.452,60.16,0.666,1382679.0,371.3,1.239,4.65,0.0,0.0,0.0,0.0,0.0,0.0,0.0,0.0,9.61,5.846,13.66,10.14,11.24,11.16,60.0,59.9,74.7,0.0,272.0,271.0,272.0,0.56,-7.958,8.01,601.0,1373157.0,41214.0,126676.0,-0.077,0.979,0.748,0.921,0.462,0.643,0.502,0.637,0.734,0.409,0.535,0.165,0.231,0.181,0.229,0.265,0.145,0.192,43302.0,43960.0,43528.0,43378.0,44259.0,42012.0,38052.0,0.292,88.1,10.13,0.4,3.531,3.0,-1.0,13.9,0.011,0.237,3.0,2.0,0.0,0.0,6.159,6.602,6.048,6.439,6.747,9.53,5.951,6.554,6.199,16.34
2016-06-09 05:04:00-05:00,5.1085873,10.254973,505217,8.41,0.0,15.68,10.07,371.1,273.7,271.9,269.3,3.27,3.199,3.217,370.3,3.49,60.13,0.649,1382679.0,371.7,1.251,4.633,0.0,0.0,0.0,0.0,0.0,0.0,0.0,0.0,9.49,5.843,14.19,10.18,11.25,11.16,60.0,59.9,74.7,0.0,272.0,271.3,272.0,0.63,-7.963,8.03,601.0,1373157.0,41214.0,126676.0,-0.086,0.979,0.748,0.921,0.456,0.639,0.513,0.627,0.706,0.424,0.544,0.163,0.23,0.184,0.225,0.255,0.151,0.196,43302.0,43960.0,43528.0,43378.0,44259.0,42012.0,38052.0,0.237,110.4,14.92,0.4,3.531,3.0,-1.0,13.9,0.011,0.239,3.0,2.0,0.0,0.0,6.156,6.634,6.146,6.439,6.747,9.48,5.933,6.62,6.181,16.41
2016-06-09 05:05:00-05:00,5.702609,10.927431,505218,8.41,0.0,16.2,10.07,375.1,273.6,271.7,269.1,2.667,2.61,2.624,375.1,2.942,60.14,0.526,1382680.0,376.2,1.058,4.517,0.0,0.0,0.0,0.0,0.0,0.0,0.0,0.0,9.45,5.852,14.71,10.46,11.35,11.22,60.0,59.9,74.7,0.0,272.0,271.0,272.0,0.501,-8.11,8.18,601.0,1373157.0,41214.0,126676.0,-0.07,0.979,0.748,0.921,0.396,0.569,0.464,0.576,0.629,0.343,0.484,0.141,0.205,0.167,0.208,0.227,0.121,0.175,43302.0,43960.0,43528.0,43378.0,44259.0,42012.0,38052.0,0.258,138.8,11.19,0.4,3.531,3.0,-1.0,13.9,0.011,0.242,3.0,2.0,0.0,0.0,6.174,6.62,6.146,6.439,6.732,9.52,5.951,6.634,6.169,16.46
2016-06-09 05:06:00-05:00,6.2966304,11.599888,505219,8.41,0.0,16.78,10.02,374.8,274.2,272.2,269.6,2.667,2.61,2.624,374.6,2.906,60.14,0.532,1382680.0,376.0,1.041,4.517,0.0,0.0,0.0,0.0,0.0,0.0,0.0,0.0,9.43,5.87,15.27,10.46,11.36,11.21,60.0,59.9,74.7,0.0,272.8,271.8,272.8,0.521,-8.13,8.2,601.0,1373157.0,41214.0,126676.0,-0.073,0.979,0.748,0.921,0.34,0.519,0.529,0.484,0.594,0.383,0.538,0.12,0.187,0.19,0.174,0.214,0.135,0.194,43302.0,43960.0,43528.0,43378.0,44259.0,42012.0,38052.0,0.493,156.2,6.954,0.6,3.531,3.0,-1.0,13.9,0.011,0.241,3.0,2.0,0.0,0.0,6.224,6.634,6.146,6.439,6.768,9.54,5.969,6.634,6.246,16.51
2016-06-09 05:07:00-05:00,6.8906527,12.272345,505220,8.41,0.0,17.32,9.94,374.3,274.2,272.5,269.9,2.839,2.778,2.794,374.6,3.217,60.15,0.566,1382680.0,376.3,1.156,4.55,0.0,0.0,0.0,0.0,0.0,0.0,0.0,0.0,9.34,5.874,15.84,10.39,11.34,11.21,60.0,59.9,74.7,0.0,273.0,272.0,273.0,0.593,-8.08,8.16,601.0,1373157.0,41214.0,126676.0,-0.082,0.979,0.748,0.921,0.391,0.565,0.567,0.525,0.654,0.431,0.603,0.139,0.204,0.204,0.19,0.236,0.152,0.218,43302.0,43960.0,43528.0,43378.0,44259.0,42012.0,38052.0,0.417,148.7,8.32,0.6,3.531,3.0,-1.0,13.9,0.011,0.237,3.0,2.0,0.0,0.0,6.239,6.732,6.146,6.522,6.83,9.57,6.048,6.634,6.297,16.57
2016-06-09 05:08:00-05:00,7.484675,12.944803,505221,8.41,0.0,17.89,9.9,371.8,274.5,272.2,269.7,3.356,3.283,3.302,371.4,4.356,60.14,0.668,1382680.0,373.3,1.565,4.65,0.0,0.0,0.0,0.0,0.0,0.0,0.0,0.0,9.29,5.866,16.4,10.13,11.29,11.11,60.0,59.9,74.7,0.0,273.0,272.0,273.0,0.897,-7.912,8.03,601.0,1373157.0,41214.0,126676.0,-0.121,0.979,0.748,0.921,0.462,0.724,0.722,0.645,0.737,0.557,0.738,0.165,0.261,0.26,0.233,0.266,0.198,0.266,43302.0,43960.0,43528.0,43378.0,44259.0,42012.0,38052.0,0.353,163.3,10.21,0.5,3.532,3.0,-1.0,13.9,0.011,0.239,3.0,2.0,0.0,0.0,6.289,6.732,6.182,6.537,6.782,9.57,6.048,6.667,6.264,16.6
2016-06-09 05:09:00-05:00,8.078696,13.505184,505222,8.41,0.0,18.44,9.84,372.2,274.3,272.4,269.8,3.391,3.283,3.336,372.0,4.845,60.2,0.687,1382680.0,373.8,1.743,4.65,0.0,0.0,0.0,0.0,0.0,0.0,0.0,0.0,9.22,5.886,16.93,10.17,11.29,11.09,60.0,59.9,74.7,0.0,273.0,272.0,273.0,0.999,-7.898,8.04,601.0,1373157.0,41215.0,126676.0,-0.135,0.979,0.748,0.921,0.519,0.739,0.732,0.689,0.816,0.598,0.763,0.185,0.267,0.264,0.249,0.295,0.214,0.276,43302.0,43960.0,43528.0,43378.0,44259.0,42012.0,38052.0,0.607,156.9,5.706,0.8,3.531,3.0,-1.0,13.9,0.011,0.241,3.0,2.0,0.0,0.0,6.336,6.732,6.276,6.537,6.833,9.63,6.081,6.732,6.365,16.64
2016-06-09 05:10:00-05:00,8.672717,14.177641,505223,8.41,0.0,18.96,9.78,372.1,274.2,272.4,269.7,3.426,3.422,3.648,371.8,5.24,60.19,0.821,1382680.0,373.1,1.881,4.65,0.0,0.0,0.0,0.0,0.0,0.0,0.0,0.0,9.17,5.946,17.47,10.16,11.31,11.07,60.0,59.9,74.7,0.0,273.0,272.0,273.0,1.111,-7.869,8.04,601.0,1373157.0,41215.0,126676.0,-0.149,0.979,0.748,0.921,0.569,0.804,0.794,0.729,0.857,0.635,0.807,0.203,0.29,0.286,0.263,0.309,0.226,0.291,43302.0,43960.0,43528.0,43378.0,44259.0,42012.0,38052.0,0.575,160.0,7.633,0.7,3.531,3.0,-1.0,13.9,0.011,0.24,3.0,2.0,0.0,0.0,6.354,6.797,6.327,6.62,6.909,9.66,6.229,6.732,6.397,16.7
2016-06-09 05:11:00-05:00,9.266739,14.850098,505224,8.41,0.0,19.47,9.83,375.5,273.9,272.3,269.7,3.168,3.378,3.603,374.3,4.985,60.17,0.885,1382680.0,376.0,1.794,4.6,0.0,0.0,0.0,0.0,0.0,0.0,0.0,0.0,9.16,6.048,17.99,10.28,11.36,11.12,60.0,59.9,74.7,0.0,272.4,272.0,273.0,1.064,-7.93,8.11,601.0,1373157.0,41215.0,126676.0,-0.143,0.979,0.748,0.921,0.5,0.759,0.739,0.685,0.783,0.577,0.743,0.179,0.275,0.267,0.248,0.284,0.206,0.269,43302.0,43960.0,43528.0,43378.0,44259.0,42012.0,38052.0,0.565,156.0,6.945,0.7,3.531,3.0,-1.0,13.9,0.011,0.238,3.0,2.0,0.0,0.0,6.437,6.927,6.359,6.732,6.992,9.66,6.276,6.732,6.507,16.77
2016-06-09 05:12:00-05:00,9.860762,15.4104805,505225,8.41,0.0,20.02,9.78,378.1,274.2,272.2,269.6,2.808,2.992,3.145,377.8,4.368,60.15,0.819,1382680.0,379.3,1.575,4.517,0.0,0.0,0.0,0.0,0.0,0.0,0.0,0.0,9.17,6.09,18.52,10.46,11.4,11.17,60.0,59.9,74.7,0.0,272.6,272.0,273.0,0.912,-8.05,8.22,601.0,1373157.0,41215.0,126676.0,-0.124,0.979,0.748,0.921,0.471,0.697,0.672,0.638,0.736,0.52,0.685,0.168,0.253,0.243,0.231,0.267,0.185,0.248,43302.0,43960.0,43528.0,43378.0,44259.0,42012.0,38052.0,0.413,130.4,8.49,0.5,3.531,3.0,-1.0,13.9,0.011,0.238,3.0,2.0,0.0,0.0,6.532,6.945,6.406,6.732,7.025,9.7,6.327,6.797,6.572,16.8
2016-06-09 05:13:00-05:00,10.3359785,15.9708605,505226,8.41,0.0,20.51,9.77,378.3,273.8,272.2,269.6,2.984,2.992,3.145,378.0,4.474,60.15,0.868,1382680.0,380.2,1.613,4.517,0.0,0.0,0.0,0.0,0.0,0.0,0.0,0.0,9.18,6.124,19.07,10.47,11.43,11.18,60.0,59.9,74.7,0.0,272.0,272.0,273.0,0.953,-8.04,8.22,601.0,1373157.0,41215.0,126676.0,-0.129,0.979,0.748,0.921,0.481,0.704,0.715,0.669,0.758,0.515,0.589,0.172,0.255,0.259,0.242,0.274,0.183,0.214,43302.0,43960.0,43528.0,43378.0,44259.0,42012.0,38052.0,0.368,128.9,5.309,0.5,3.531,3.0,-1.0,13.9,0.011,0.241,3.0,2.0,0.0,0.0,6.532,6.927,6.439,6.732,7.025,9.76,6.341,6.83,6.56,16.87
2016-06-09 05:14:00-05:00,11.048804,16.419165,505227,8.41,0.0,21.02,9.8,376.3,273.7,272.2,269.6,3.363,3.502,3.622,376.7,4.994,60.15,1.032,1382680.0,378.7,1.808,4.583,0.0,0.0,0.0,0.0,0.0,0.0,0.0,0.0,9.22,6.126,19.69,10.33,11.4,11.15,60.0,59.9,74.7,0.0,272.0,272.0,273.0,1.131,-7.931,8.14,601.0,1373157.0,41215.0,126676.0,-0.152,0.979,0.748,0.921,0.629,0.837,0.844,0.748,0.865,0.665,0.671,0.227,0.304,0.306,0.272,0.315,0.239,0.243,43302.0,43960.0,43528.0,43378.0,44259.0,42012.0,38052.0,0.4,130.7,4.225,0.5,3.531,3.0,-1.0,13.9,0.011,0.241,3.0,2.0,0.0,0.0,6.532,6.992,6.439,6.765,7.025,9.76,6.341,6.83,6.593,16.9
2016-06-09 05:15:00-05:00,11.999239,17.091621,505228,8.41,0.0,21.52,9.84,375.0,273.6,272.2,269.6,3.567,3.596,3.787,374.9,5.594,60.19,0.947,1382680.0,376.7,2.028,4.65,0.0,0.0,0.0,0.0,0.0,0.0,0.0,0.0,9.32,6.18,20.51,10.19,11.37,11.05,60.0,59.9,74.7,0.0,272.0,272.0,273.0,1.328,-7.822,8.05,601.0,1373157.0,41215.0,126676.0,-0.177,0.979,0.748,0.921,0.796,0.917,0.936,0.932,0.922,0.776,0.767,0.288,0.334,0.34,0.339,0.336,0.28,0.279,43302.0,43960.0,43528.0,43378.0,44259.0,42012.0,38052.0,0.41,109.8,11.66,0.6,3.531,3.0,-1.0,13.9,0.011,0.239,3.0,2.0,0.0,0.0,6.564,7.025,6.537,6.779,7.123,9.78,6.392,6.927,6.637,16.97
2016-06-09 05:16:00-05:00,13.068479,17.76408,505229,8.41,0.0,22.05,9.94,375.0,273.8,272.0,269.4,3.832,3.963,4.084,375.0,5.741,60.22,1.256,1382680.0,376.5,2.077,4.633,0.0,0.0,0.0,0.0,0.0,0.0,0.0,0.0,9.48,6.195,21.58,10.28,11.41,11.06,60.0,59.9,74.7,0.0,272.0,271.9,273.0,1.453,-7.814,8.1,601.0,1373157.0,41215.0,126676.0,-0.193,0.979,0.748,0.921,0.856,0.928,0.982,0.952,0.978,0.829,0.803,0.308,0.337,0.355,0.345,0.355,0.298,0.292,43302.0,43960.0,43528.0,43378.0,44259.0,42012.0,38052.0,0.272,103.8,13.44,0.4,3.531,3.0,-1.0,13.9,0.01,0.238,3.0,2.0,0.0,0.0,6.712,7.025,6.537,6.83,7.188,9.87,6.439,6.927,6.695,17.0
2016-06-09 05:17:00-05:00,14.018913,18.436537,505230,8.41,0.0,22.54,10.08,377.3,273.7,272.1,269.5,3.883,4.255,4.377,376.9,5.897,60.21,1.378,1382680.0,378.7,2.155,4.65,0.0,0.0,0.0,0.0,0.0,0.0,0.0,0.0,9.69,6.232,22.5,10.25,11.39,11.04,60.0,59.9,74.7,0.0,272.0,272.0,273.0,1.526,-7.782,8.08,601.0,1373157.0,41216.0,126676.0,-0.202,0.979,0.748,0.921,0.865,0.962,0.994,0.977,1.022,0.807,0.857,0.315,0.353,0.364,0.358,0.376,0.293,0.315,43302.0,43960.0,43528.0,43378.0,44259.0,42012.0,38052.0,0.425,96.8,6.342,0.5,3.531,3.0,-1.0,13.9,0.011,0.242,3.0,2.0,0.0,0.0,6.875,7.025,6.537,6.848,7.17,9.86,6.424,6.945,6.669,17.06
2016-06-09 05:18:00-05:00,14.612934,19.108994,505231,8.42,0.0,23.02,10.3,382.5,273.8,271.9,269.3,3.679,3.71,3.796,382.0,5.296,60.22,1.223,1382680.0,383.9,1.961,4.583,0.0,0.0,0.0,0.0,0.0,0.0,0.0,0.0,9.98,6.29,23.06,10.36,11.43,11.11,60.0,59.9,74.7,0.0,272.0,271.6,272.8,1.341,-7.882,8.15,601.0,1373157.0,41216.0,126676.0,-0.179,0.979,0.748,0.921,0.714,0.867,0.854,0.835,0.931,0.68,0.759,0.263,0.322,0.317,0.31,0.347,0.25,0.282,43302.0,43960.0,43528.0,43378.0,44259.0,42012.0,38052.0,0.383,119.8,10.44,0.5,3.531,3.0,-1.0,13.9,0.011,0.241,3.0,2.0,0.0,0.0,6.955,7.058,6.537,6.927,7.158,9.86,6.439,6.992,6.669,17.14
2016-06-09 05:19:00-05:00,15.206956,19.557299,505232,8.44,0.0,23.48,10.45,384.0,273.4,271.9,269.3,3.37,3.339,3.422,383.9,4.912,60.23,1.144,1382680.0,385.4,1.819,4.517,0.0,0.0,0.0,0.0,0.0,0.0,0.0,0.0,10.26,6.323,23.47,10.54,11.48,11.15,60.0,59.9,74.7,0.0,272.0,271.2,272.4,1.21,-7.984,8.25,601.0,1373157.0,41216.0,126676.0,-0.161,0.979,0.748,0.921,0.681,0.828,0.801,0.799,0.873,0.628,0.737,0.25,0.308,0.297,0.296,0.325,0.23,0.274,43302.0,43960.0,43528.0,43378.0,44259.0,42012.0,38052.0,0.38,131.3,21.35,0.5,3.531,3.0,-1.0,13.9,0.011,0.239,3.0,2.0,0.0,0.0,6.969,7.09,6.554,6.913,7.206,9.89,6.472,7.025,6.658,17.19
2016-06-09 05:20:00-05:00,15.682174,20.005604,505233,8.45,0.0,23.99,10.59,384.8,273.3,271.9,269.3,3.581,3.547,3.596,384.4,5.242,60.14,1.305,1382680.0,386.4,1.943,4.517,0.0,0.0,0.0,0.0,0.0,0.0,0.0,0.0,10.5,6.314,24.0,10.54,11.51,11.16,60.0,59.9,74.7,0.0,272.0,271.0,272.0,1.307,-7.963,8.26,601.0,1373157.0,41216.0,126676.0,-0.173,0.979,0.748,0.921,0.722,0.862,0.825,0.844,0.933,0.651,0.777,0.267,0.321,0.307,0.314,0.348,0.239,0.289,43302.0,43960.0,43528.0,43378.0,44259.0,42012.0,38052.0,0.308,144.7,21.92,0.4,3.531,3.0,-1.0,13.9,0.01,0.245,3.0,2.0,0.0,0.0,6.972,7.123,6.634,6.927,7.22,9.92,6.537,7.043,6.723,17.27
2016-06-09 05:21:00-05:00,15.800979,20.67806,505234,8.46,0.0,24.41,10.73,381.6,273.8,271.9,269.3,4.273,4.26,4.277,382.0,6.65,60.14,1.564,1382680.0,384.1,2.468,4.617,0.0,0.0,0.0,0.0,0.0,0.0,0.0,0.0,10.75,6.361,24.59,10.38,11.51,11.09,60.0,59.9,74.7,0.0,272.0,271.8,272.7,1.708,-7.776,8.16,601.0,1373157.0,41216.0,126676.0,-0.224,0.979,0.748,0.921,0.938,1.071,1.033,1.058,1.135,0.858,0.96,0.347,0.399,0.384,0.393,0.423,0.317,0.357,43302.0,43960.0,43528.0,43378.0,44259.0,42012.0,38052.0,0.307,125.5,11.47,0.4,3.531,3.0,-1.0,13.9,0.011,0.242,3.0,2.0,0.0,0.0,7.02,7.123,6.699,6.945,7.271,9.94,6.537,7.123,6.771,17.34
2016-06-09 05:22:00-05:00,16.395,21.238441,505235,8.49,0.0,24.88,10.85,381.5,274.2,271.8,269.2,4.551,4.567,4.585,381.2,7.453,60.15,1.705,1382680.0,383.1,2.768,4.65,0.0,0.0,0.0,0.0,0.0,0.0,0.0,0.0,10.98,6.412,25.08,10.33,11.49,11.06,60.0,59.9,74.7,0.0,272.0,271.9,272.8,1.908,-7.7,8.14,601.0,1373157.0,41216.0,126676.0,-0.249,0.979,0.748,0.921,1.001,1.14,1.089,1.115,1.211,0.905,1.018,0.371,0.424,0.405,0.415,0.451,0.334,0.379,43302.0,43960.0,43528.0,43378.0,44259.0,42012.0,38052.0,0.35,145.0,28.85,0.5,3.528,3.0,-1.0,13.9,0.011,0.241,3.0,2.0,0.0,0.0,7.02,7.191,6.732,7.025,7.318,9.96,6.537,7.123,6.737,17.39
2016-06-09 05:23:00-05:00,18.177065,22.022976,505236,8.52,0.0,25.32,11.04,382.1,273.8,272.1,269.4,4.727,4.637,4.655,382.1,7.959,60.17,1.795,1382680.0,383.7,2.964,4.65,0.0,0.0,0.0,0.0,0.0,0.0,0.0,0.0,11.27,6.439,25.79,10.38,11.54,11.08,60.0,59.9,74.7,0.0,272.0,272.0,273.0,2.008,-7.694,8.17,601.0,1373158.0,41216.0,126676.0,-0.26,0.979,0.748,0.921,1.015,1.199,1.129,1.149,1.279,0.951,1.073,0.377,0.447,0.421,0.428,0.478,0.353,0.4,43302.0,43960.0,43528.0,43378.0,44259.0,42012.0,38052.0,0.323,129.4,17.6,0.5,3.528,3.0,-1.0,13.9,0.011,0.236,3.0,2.0,0.0,0.0,7.02,7.22,6.732,7.025,7.318,10.0,6.604,7.122,6.77,17.47
2016-06-09 05:24:00-05:00,20.077934,22.359205,505237,8.56,0.0,25.79,11.11,382.0,273.8,272.0,269.3,4.727,4.637,4.709,382.0,8.31,60.22,1.806,1382680.0,383.5,3.092,4.65,0.0,0.0,0.0,0.0,0.0,0.0,0.0,0.0,11.45,6.484,26.45,10.4,11.57,11.08,60.0,59.9,74.7,0.0,272.0,271.9,272.6,2.106,-7.668,8.19,601.0,1373158.0,41216.0,126676.0,-0.271,0.979,0.748,0.921,1.082,1.259,1.154,1.19,1.298,0.953,1.109,0.402,0.469,0.43,0.443,0.484,0.352,0.413,43302.0,43960.0,43528.0,43378.0,44259.0,42012.0,38052.0,0.438,113.7,12.05,0.6,3.531,3.0,-1.0,13.9,0.011,0.242,3.0,2.0,0.0,0.0,7.02,7.271,6.732,7.025,7.303,10.05,6.615,7.088,6.835,17.57
2016-06-09 05:25:00-05:00,21.86,22.919584,505238,8.6,0.0,26.27,11.28,385.9,273.9,272.0,269.4,3.878,3.804,4.065,385.4,6.899,60.22,1.539,1382680.0,387.1,2.566,4.533,0.0,0.0,0.0,0.0,0.0,0.0,0.0,0.0,11.6,6.542,27.02,10.64,11.62,11.2,60.0,59.9,74.7,0.0,272.0,271.9,272.9,1.71,-7.882,8.34,601.0,1373158.0,41217.0,126676.0,-0.22,0.979,0.748,0.921,0.858,1.043,0.951,0.965,1.075,0.716,0.918,0.318,0.39,0.354,0.36,0.401,0.263,0.343,43302.0,43960.0,43528.0,43378.0,44259.0,42012.0,38052.0,0.337,136.5,12.89,0.5,3.531,3.0,-1.0,13.9,0.011,0.242,3.0,2.0,0.0,0.0,7.117,7.27,6.782,7.108,7.401,10.07,6.65,7.135,6.867,17.62
2016-06-09 05:26:00-05:00,29.107065,23.928272,505239,8.65,0.0,26.68,11.39,386.1,274.1,272.5,269.9,3.896,3.877,4.273,386.0,6.752,60.23,1.678,1382681.0,387.6,2.512,4.517,0.0,0.0,0.0,0.0,0.0,0.0,0.0,0.0,11.71,6.611,27.55,10.69,11.65,11.22,60.0,59.9,74.7,0.0,272.9,271.9,272.9,1.7,-7.917,8.39,601.0,1373158.0,41217.0,126676.0,-0.218,0.979,0.748,0.921,0.855,1.049,0.95,0.982,1.109,0.783,0.926,0.316,0.391,0.354,0.366,0.414,0.289,0.346,43302.0,43960.0,43528.0,43378.0,44259.0,42012.0,38052.0,,0.0,0.0,,,3.0,-1.0,13.9,0.011,0.25,3.0,2.0,0.0,0.0,7.117,7.3,6.795,7.037,7.384,10.15,6.647,7.138,6.933,17.71
2016-06-09 05:27:00-05:00,32.31478,24.82488,505240,8.71,0.0,27.11,11.57,385.4,274.3,272.4,269.8,3.962,4.105,4.556,385.9,7.032,60.19,1.782,1382681.0,387.5,2.618,4.533,0.0,0.0,0.0,0.0,0.0,0.0,0.0,0.0,11.91,6.663,28.11,10.71,11.68,11.24,60.0,59.9,74.7,0.0,273.0,272.0,273.0,1.84,-7.869,8.39,601.0,1373158.0,41217.0,126676.0,-0.234,0.979,0.748,0.921,0.963,1.155,1.067,1.09,1.186,0.854,0.99,0.357,0.431,0.398,0.406,0.443,0.315,0.369,43302.0,43960.0,43528.0,43378.0,44259.0,42012.0,38052.0,,0.0,0.0,,,3.0,-1.0,13.9,0.011,0.256,3.0,2.0,0.0,0.0,7.2,7.298,6.827,7.087,7.428,10.15,6.727,7.236,6.933,17.76
2016-06-09 05:28:00-05:00,33.62163,26.169798,505241,8.77,0.0,27.5,11.7,382.6,274.2,272.5,269.9,5.143,5.401,5.555,382.6,8.69,60.14,2.368,1382681.0,384.3,3.236,4.65,0.0,0.0,0.0,0.0,0.0,0.0,0.0,0.0,12.02,6.723,28.65,10.52,11.68,11.14,60.0,59.9,74.7,0.0,273.0,272.0,273.0,2.398,-7.632,8.3,601.0,1373158.0,41217.0,126676.0,-0.303,0.979,0.748,0.921,1.194,1.386,1.257,1.286,1.455,1.083,1.157,0.443,0.517,0.468,0.479,0.543,0.401,0.431,43302.0,43960.0,43528.0,43378.0,44259.0,42012.0,38052.0,,0.0,0.0,,,3.333,-1.0,13.9,0.011,0.242,3.0,2.0,0.0,0.0,7.261,7.348,6.845,7.207,7.508,10.2,6.78,7.315,6.947,17.84
2016-06-09 05:29:00-05:00,35.16609,26.730177,505242,8.83,0.0,27.92,11.8,383.0,274.2,272.3,269.7,5.476,5.537,5.719,383.3,8.96,60.14,2.543,1382681.0,384.6,3.345,4.65,0.0,0.0,0.0,0.0,0.0,0.0,0.0,0.0,12.04,6.8,29.18,10.55,11.76,11.16,60.0,59.9,74.7,0.0,272.9,272.0,273.0,2.508,-7.606,8.33,601.0,1373158.0,41217.0,126676.0,-0.314,0.979,0.748,0.921,1.217,1.423,1.301,1.337,1.493,1.114,1.212,0.452,0.531,0.485,0.499,0.558,0.413,0.452,43302.0,43960.0,43528.0,43378.0,44259.0,42012.0,38052.0,,0.0,0.0,,,3.0,-1.0,13.9,0.011,0.258,3.0,2.0,0.0,0.0,7.26,7.413,6.925,7.236,7.541,10.3,6.827,7.333,7.03,17.96
2016-06-09 05:30:00-05:00,31.601957,26.39395,505243,8.91,0.0,28.3,11.83,382.8,274.3,272.2,269.7,5.532,5.619,5.692,382.8,9.35,60.14,2.573,1382681.0,384.2,3.482,4.65,0.0,0.0,0.0,0.0,0.0,0.0,0.0,0.0,11.92,6.899,29.73,10.6,11.77,11.18,60.0,59.9,74.7,0.0,272.9,272.0,273.0,2.586,-7.593,8.36,601.0,1373158.0,41217.0,126676.0,-0.322,0.979,0.748,0.921,1.249,1.454,1.323,1.356,1.534,1.137,1.26,0.463,0.542,0.493,0.505,0.573,0.421,0.47,43302.0,43960.0,43528.0,43378.0,44259.0,42012.0,38052.0,0.57,114.3,12.22,0.7,3.531,3.0,-1.0,13.9,0.011,0.25,3.0,2.0,0.0,0.0,7.342,7.413,6.94,7.283,7.543,10.3,6.877,7.413,7.113,18.04
2016-06-09 05:31:00-05:00,27.91902,26.281872,505244,8.98,0.0,28.77,11.93,384.0,274.3,272.1,269.6,5.317,5.354,5.398,383.3,9.33,60.16,2.467,1382681.0,384.9,3.468,4.6,0.0,0.0,0.0,0.0,0.0,0.0,0.0,0.0,12.03,6.985,30.24,10.69,11.82,11.21,60.0,59.9,74.7,0.0,272.4,272.0,273.0,2.476,-7.656,8.41,601.0,1373158.0,41217.0,126676.0,-0.307,0.979,0.748,0.921,1.147,1.352,1.257,1.295,1.47,1.027,1.191,0.425,0.504,0.468,0.482,0.549,0.379,0.444,43302.0,43960.0,43528.0,43378.0,44259.0,42012.0,38052.0,,0.0,0.0,,,3.0,-1.0,13.9,0.011,0.247,3.0,2.0,0.0,0.0,7.407,7.478,6.99,7.315,7.608,10.28,6.925,7.445,7.095,18.1
2016-06-09 05:32:00-05:00,25.305326,26.39395,505245,9.06,0.0,29.17,12.05,386.8,274.0,272.1,269.6,4.562,4.504,4.519,386.7,8.21,60.14,2.099,1382681.0,388.2,3.055,4.517,0.0,0.0,0.0,0.0,0.0,0.0,0.0,0.0,12.3,7.043,30.71,10.86,11.83,11.29,60.0,59.9,74.7,0.0,272.4,272.0,273.0,2.069,-7.837,8.5,601.0,1373158.0,41218.0,126676.0,-0.256,0.979,0.748,0.921,0.958,1.204,1.09,1.121,1.302,0.866,1.053,0.354,0.45,0.406,0.418,0.487,0.319,0.393,43302.0,43960.0,43528.0,43378.0,44259.0,42012.0,38052.0,0.56,114.1,7.179,0.8,3.531,3.0,-1.0,13.86,0.003,0.249,3.0,2.0,0.0,0.0,7.523,7.576,7.04,7.384,7.623,10.38,6.975,7.528,7.093,18.23
2016-06-09 05:33:00-05:00,28.75065,26.6181,505246,9.14,0.0,29.48,12.17,386.8,274.0,272.2,269.6,4.534,4.45,4.519,386.5,8.38,60.17,2.078,1382681.0,388.4,3.113,4.517,0.0,0.0,0.0,0.0,0.0,0.0,0.0,0.0,12.4,7.131,31.21,10.88,11.85,11.31,60.0,59.9,74.7,0.0,272.3,272.0,273.0,2.108,-7.838,8.52,601.0,1373158.0,41218.0,126676.0,-0.26,0.979,0.748,0.921,0.996,1.224,1.081,1.149,1.298,0.871,1.071,0.368,0.457,0.402,0.428,0.486,0.32,0.4,43302.0,43960.0,43528.0,43378.0,44259.0,42012.0,38052.0,0.562,114.4,9.16,0.8,3.531,3.0,-1.0,13.86,0.008,0.242,3.0,2.0,0.0,0.0,7.602,7.608,7.12,7.413,7.626,10.38,7.04,7.561,7.125,18.33
2016-06-09 05:34:00-05:00,34.334457,27.290558,505247,9.23,0.0,29.83,12.26,386.2,273.7,272.2,269.6,4.711,4.65,4.665,386.7,8.89,60.23,2.168,1382681.0,388.0,3.313,4.55,0.0,0.0,0.0,0.0,0.0,0.0,0.0,0.0,12.56,7.182,31.68,10.89,11.88,11.32,60.0,59.9,74.7,0.0,272.0,272.0,273.0,2.259,-7.777,8.52,601.0,1373158.0,41218.0,126676.0,-0.276,0.979,0.748,0.921,1.09,1.309,1.194,1.239,1.427,0.966,1.151,0.404,0.489,0.445,0.462,0.534,0.356,0.43,43302.0,43960.0,43528.0,43378.0,44259.0,42012.0,38052.0,0.647,116.9,13.11,0.9,3.53,3.0,-1.0,13.86,0.01,0.243,3.0,2.0,0.0,0.0,7.635,7.608,7.138,7.445,7.724,10.39,7.123,7.626,7.176,18.48
2016-06-09 05:35:00-05:00,29.81989,27.963017,505248,9.31,0.0,30.29,12.38,371.9,274.0,271.9,269.3,8.83,8.74,8.87,371.9,16.96,60.22,4.098,1382681.0,373.2,6.308,5.0,0.0,0.0,0.0,0.0,0.0,0.0,0.0,0.0,12.82,7.251,32.15,10.28,12.0,11.05,60.0,59.9,74.7,0.0,272.0,271.8,272.9,4.708,-6.791,8.27,601.0,1373158.0,41218.0,126676.0,-0.569,0.979,0.748,0.921,2.163,2.363,2.213,2.272,2.467,2.002,2.07,0.804,0.879,0.823,0.845,0.918,0.744,0.77,43302.0,43960.0,43528.0,43378.0,44259.0,42012.0,38052.0,0.613,122.9,11.0,0.8,3.528,3.0,-1.0,13.86,0.01,0.243,3.0,2.0,0.0,0.0,7.732,7.626,7.218,7.528,7.804,10.46,7.218,7.706,7.223,18.61
2016-06-09 05:36:00-05:00,34.572067,29.30793,505249,9.4,0.0,30.63,12.5,372.3,273.8,272.0,269.4,8.91,8.77,9.4,372.2,17.35,60.19,4.274,1382681.0,374.2,6.458,5.0,0.0,0.0,0.0,0.0,0.0,0.0,0.0,0.0,13.08,7.281,32.64,10.37,12.08,11.09,60.0,59.9,74.7,0.0,272.0,271.7,273.0,4.868,-6.766,8.34,601.0,1373158.0,41218.0,126676.0,-0.584,0.979,0.748,0.921,2.228,2.439,2.259,2.312,2.525,2.063,2.113,0.83,0.908,0.841,0.861,0.94,0.768,0.787,43302.0,43960.0,43528.0,43378.0,44259.0,42012.0,38052.0,0.57,131.0,9.06,0.7,3.528,3.0,-1.0,13.86,0.01,0.248,3.0,2.0,0.0,0.0,7.798,7.706,7.268,7.608,7.804,10.54,7.25,7.804,7.321,18.7
2016-06-09 05:37:00-05:00,38.49261,29.86831,505250,9.5,0.0,30.92,12.49,378.3,273.7,271.9,269.3,7.494,7.445,8.1,377.5,15.03,60.17,3.691,1382681.0,379.2,5.593,4.817,0.0,0.0,0.0,0.0,0.0,0.0,0.0,0.0,13.37,7.37,33.11,10.63,12.08,11.2,60.0,59.9,74.7,0.0,272.0,271.5,272.8,4.091,-7.099,8.47,601.0,1373158.0,41218.0,126676.0,-0.488,0.979,0.748,0.921,1.851,2.093,1.873,1.932,2.146,1.681,1.791,0.689,0.781,0.698,0.72,0.801,0.625,0.668,43302.0,43960.0,43528.0,43378.0,44259.0,42012.0,38052.0,0.6,139.9,13.64,0.8,3.528,3.0,-1.0,13.86,0.009,0.237,3.0,2.0,0.0,0.0,7.88,7.756,7.315,7.659,7.854,10.56,7.315,7.752,7.404,18.85
2016-06-09 05:38:00-05:00,34.215652,29.756237,505251,9.6,0.0,31.32,12.58,377.8,273.4,272.0,269.4,7.322,7.843,8.25,378.3,15.66,60.18,3.846,1382682.0,380.2,5.832,4.833,0.0,0.0,0.0,0.0,0.0,0.0,0.0,0.0,13.58,7.425,33.55,10.76,12.19,11.3,60.0,59.9,74.7,0.0,272.0,271.1,272.4,4.164,-7.114,8.56,601.0,1373158.0,41218.0,126676.0,-0.491,0.979,0.748,0.921,1.958,2.181,1.962,2.027,2.273,1.75,1.878,0.729,0.813,0.731,0.755,0.848,0.65,0.7,43302.0,43960.0,43528.0,43378.0,44259.0,42012.0,38052.0,0.532,149.9,12.27,0.8,3.53,3.0,-1.0,13.86,0.01,0.243,3.0,2.0,0.0,0.0,7.993,7.773,7.394,7.672,7.867,10.61,7.364,7.835,7.419,19.0
2016-06-09 05:39:00-05:00,27.562609,29.30793,505252,9.71,0.0,31.74,12.71,372.5,273.5,271.9,269.3,9.05,9.99,10.16,372.6,20.14,60.14,4.859,1382682.0,374.4,7.502,5.0,0.0,0.0,0.0,0.0,0.0,0.0,0.0,0.0,13.76,7.528,34.0,10.63,12.34,11.27,60.0,59.9,74.7,0.0,272.0,271.0,272.1,5.322,-6.696,8.55,601.0,1373158.0,41218.0,126676.0,-0.622,0.979,0.748,0.921,2.404,2.635,2.402,2.47,2.743,2.197,2.271,0.896,0.982,0.895,0.92,1.022,0.818,0.846,43302.0,43960.0,43528.0,43378.0,44259.0,42012.0,38052.0,0.505,148.3,13.51,0.7,3.531,3.0,-1.0,13.86,0.01,0.242,3.0,2.0,0.0,0.0,8.04,7.856,7.346,7.686,7.95,10.64,7.349,7.831,7.502,19.1
2016-06-09 05:40:00-05:00,26.25576,29.756237,505253,9.81,0.0,32.09,12.82,372.7,273.5,271.8,269.2,9.38,10.06,10.16,372.6,20.67,60.15,4.967,1382682.0,374.2,7.703,5.0,0.0,0.0,0.0,0.0,0.0,0.0,0.0,0.0,13.83,7.606,34.41,10.71,12.43,11.32,60.0,59.9,74.7,0.0,272.0,271.0,272.1,5.461,-6.668,8.62,601.0,1373158.0,41218.0,126676.0,-0.634,0.979,0.748,0.921,2.468,2.699,2.446,2.521,2.802,2.233,2.338,0.92,1.006,0.912,0.94,1.044,0.832,0.871,43302.0,43960.0,43528.0,43378.0,44259.0,42012.0,38052.0,,0.0,0.0,,,2.667,-1.0,13.86,0.01,0.236,3.0,2.0,0.0,0.0,8.16,7.849,7.39,7.752,8.05,10.7,7.429,7.834,7.534,19.17
2016-06-09 05:41:00-05:00,26.849785,30.428692,505254,9.91,0.0,32.38,12.82,373.0,273.2,271.9,269.3,9.89,10.11,10.19,373.0,20.9,60.15,5.126,1382682.0,374.6,7.796,5.0,0.0,0.0,0.0,0.0,0.0,0.0,0.0,0.0,14.01,7.72,34.79,10.82,12.54,11.41,60.0,59.9,74.7,0.0,272.0,271.0,272.0,5.629,-6.646,8.71,601.0,1373159.0,41219.0,126676.0,-0.646,0.979,0.748,0.921,2.565,2.781,2.486,2.568,2.911,2.28,2.383,0.957,1.037,0.927,0.958,1.086,0.85,0.889,43302.0,43960.0,43528.0,43378.0,44259.0,42012.0,38052.0,0.598,150.1,9.42,0.8,3.53,2.0,-1.0,13.86,0.01,0.214,3.0,2.0,0.0,0.0,8.2,7.913,7.447,7.736,8.11,10.73,7.475,7.88,7.614,19.3
2016-06-09 05:42:00-05:00,27.087389,30.876997,505255,10.02,0.0,32.82,12.78,373.0,273.6,271.8,269.2,10.19,10.15,10.23,372.7,20.99,60.17,5.234,1382682.0,374.3,7.822,5.0,0.0,0.0,0.0,0.0,0.0,0.0,0.0,0.0,14.36,7.783,35.15,10.92,12.68,11.49,60.0,59.9,74.7,0.0,272.0,271.0,272.1,5.814,-6.631,8.82,601.0,1373159.0,41219.0,126676.0,-0.659,0.979,0.748,0.921,2.644,2.885,2.535,2.6,3.013,2.317,2.447,0.986,1.076,0.945,0.97,1.123,0.864,0.913,43302.0,43960.0,43528.0,43378.0,44259.0,42012.0,38052.0,0.55,157.1,13.51,0.8,3.53,2.0,-1.0,13.86,0.01,0.214,3.0,2.0,0.0,0.0,8.27,7.931,7.475,7.801,8.13,10.78,7.508,7.898,7.697,19.48
2016-06-09 05:43:00-05:00,27.443806,31.437378,505256,10.12,0.0,33.18,12.91,373.2,273.7,271.8,269.2,10.3,10.27,10.46,373.3,21.02,60.22,5.363,1382682.0,374.7,7.847,5.0,0.0,0.0,0.0,0.0,0.0,0.0,0.0,0.0,14.36,7.893,35.47,11.05,12.82,11.62,60.0,59.9,74.7,0.0,272.0,271.0,272.0,6.013,-6.61,8.94,601.0,1373159.0,41219.0,126676.0,-0.673,0.979,0.748,0.921,2.743,2.976,2.585,2.657,3.113,2.364,2.539,1.024,1.111,0.964,0.992,1.162,0.882,0.947,43302.0,43960.0,43528.0,43378.0,44259.0,42012.0,38052.0,0.57,143.8,11.74,0.8,3.528,2.0,-1.0,13.86,0.01,0.215,3.0,2.0,0.0,0.0,8.37,8.01,7.508,7.883,8.14,10.76,7.591,7.916,7.809,19.64
2016-06-09 05:44:00-05:00,27.562609,31.773605,505257,10.23,0.0,33.39,13.14,373.1,273.4,271.9,269.3,10.33,10.77,11.1,373.0,21.33,60.22,5.686,1382682.0,374.6,7.957,5.0,0.0,0.0,0.0,0.0,0.0,0.0,0.0,0.0,14.27,7.978,35.69,11.16,12.98,11.72,60.0,59.9,74.7,0.0,272.0,271.0,272.0,6.225,-6.576,9.06,601.0,1373159.0,41219.0,126676.0,-0.687,0.979,0.748,0.921,2.866,3.106,2.644,2.703,3.228,2.405,2.593,1.07,1.159,0.987,1.008,1.204,0.897,0.968,43302.0,43960.0,43528.0,43378.0,44259.0,42012.0,38052.0,0.573,143.6,10.07,0.9,3.53,2.0,-1.0,13.86,0.01,0.214,3.0,2.0,0.0,0.0,8.46,8.08,7.605,7.898,8.19,10.88,7.703,7.996,7.841,19.81
2016-06-09 05:45:00-05:00,28.275436,32.221912,505258,10.34,0.0,33.83,13.23,372.9,273.7,271.9,269.3,10.37,11.2,11.22,372.6,22.47,60.19,5.85,1382682.0,374.5,8.37,5.0,0.0,0.0,0.0,0.0,0.0,0.0,0.0,0.0,14.22,8.07,35.93,11.27,13.13,11.84,60.0,59.9,74.7,0.0,272.0,271.2,272.3,6.418,-6.555,9.17,601.0,1373159.0,41219.0,126676.0,-0.7,0.979,0.748,0.921,2.979,3.231,2.689,2.737,3.332,2.446,2.679,1.111,1.205,1.003,1.021,1.242,0.912,0.999,43302.0,43960.0,43528.0,43378.0,44259.0,42012.0,38052.0,0.745,150.0,6.99,1.0,3.528,2.0,-1.0,13.86,0.01,0.215,3.0,2.0,0.0,0.0,8.54,8.14,7.67,7.996,8.19,10.83,7.801,8.05,7.89,19.97
2016-06-09 05:46:00-05:00,28.869457,32.78229,505259,10.45,0.0,34.07,13.15,373.0,273.4,271.9,269.3,10.41,11.32,11.35,373.0,23.86,60.22,5.93,1382683.0,374.6,8.9,5.0,0.0,0.0,0.0,0.0,0.0,0.0,0.0,0.0,14.5,8.18,36.11,11.41,13.3,11.98,60.0,59.9,74.7,0.0,272.0,271.0,272.0,6.627,-6.517,9.29,601.0,1373159.0,41219.0,126676.0,-0.713,0.979,0.748,0.921,3.087,3.354,2.733,2.781,3.444,2.472,2.793,1.152,1.251,1.019,1.037,1.284,0.922,1.042,43302.0,43960.0,43528.0,43378.0,44259.0,42012.0,38052.0,0.675,149.0,9.62,0.9,3.53,2.0,-1.0,13.86,0.01,0.214,3.0,2.0,0.0,0.0,8.69,8.24,7.703,8.08,8.27,10.93,7.782,8.07,7.919,20.13
2016-06-09 05:47:00-05:00,29.463478,33.006447,505260,10.55,0.0,34.34,13.22,373.2,273.5,271.9,269.3,11.14,11.4,11.37,373.1,24.66,60.17,6.145,1382683.0,374.3,9.2,5.0,0.0,0.0,0.0,0.0,0.0,0.0,0.0,0.0,14.6,8.28,36.38,11.6,13.5,12.15,60.0,59.9,74.7,0.0,272.0,271.0,272.0,6.876,-6.494,9.46,601.0,1373159.0,41219.0,126676.0,-0.727,0.979,0.748,0.921,3.198,3.588,2.784,2.819,3.576,2.512,2.933,1.194,1.339,1.039,1.052,1.335,0.937,1.095,43302.0,43960.0,43528.0,43378.0,44259.0,42012.0,38052.0,0.708,157.7,7.002,0.9,3.531,2.0,-1.0,13.86,0.011,0.215,3.0,2.0,0.0,0.0,8.8,8.32,7.75,8.09,8.3,10.96,7.816,8.11,8.02,20.32
2016-06-09 05:48:00-05:00,30.176306,33.566826,505261,10.67,0.0,34.72,13.08,373.4,273.5,271.7,269.1,11.46,12.06,12.0,373.2,24.9,60.18,6.587,1382683.0,374.3,9.29,5.0,0.0,0.0,0.0,0.0,0.0,0.0,0.0,0.0,14.59,8.38,36.7,11.86,13.74,12.38,60.0,59.9,74.7,0.0,272.0,271.0,272.0,7.17,-6.465,9.66,601.0,1373159.0,41219.0,126676.0,-0.743,0.979,0.748,0.921,3.294,3.723,2.829,2.865,3.84,2.531,3.058,1.23,1.39,1.056,1.07,1.434,0.945,1.142,43302.0,43960.0,43528.0,43378.0,44259.0,42012.0,38052.0,0.785,151.6,8.57,1.0,3.53,2.0,-1.0,13.86,0.011,0.214,3.0,2.0,0.0,0.0,8.9,8.44,7.787,8.11,8.34,11.02,7.945,8.09,8.1,20.49
2016-06-09 05:49:00-05:00,33.38402,34.575512,505262,10.78,0.0,35.13,13.14,373.8,273.4,271.6,269.0,11.55,12.37,12.41,373.8,25.52,60.22,6.804,1382683.0,375.2,9.54,5.0,0.0,0.0,0.0,0.0,0.0,0.0,0.0,0.0,14.61,8.47,37.06,12.12,14.02,12.61,60.0,59.9,74.7,0.0,272.0,271.0,272.0,7.504,-6.406,9.87,601.0,1373159.0,41219.0,126676.0,-0.76,0.979,0.748,0.921,3.432,3.878,2.899,2.929,4.145,2.576,3.205,1.283,1.45,1.083,1.095,1.549,0.963,1.198,43302.0,43960.0,43528.0,43378.0,44259.0,42012.0,38052.0,0.772,144.6,10.62,1.0,3.528,2.0,-1.0,13.86,0.011,0.214,3.0,2.0,0.0,0.0,8.98,8.55,7.831,8.12,8.38,11.06,7.993,8.17,8.16,20.66
2016-06-09 05:50:00-05:00,36.11652,35.696274,505263,10.89,0.0,35.53,13.28,374.0,273.2,271.6,269.0,12.08,12.83,12.72,373.8,27.55,60.12,7.162,1382683.0,376.1,10.3,5.0,0.0,0.0,0.0,0.0,0.0,0.0,0.0,0.0,14.36,8.6,37.43,12.43,14.31,12.9,60.0,59.9,74.7,0.0,272.0,271.0,272.0,7.86,-6.366,10.12,601.0,1373160.0,41220.0,126676.0,-0.777,0.979,0.748,0.921,3.611,4.049,2.895,3.026,4.44,2.656,3.369,1.351,1.514,1.083,1.132,1.661,0.993,1.26,43302.0,43960.0,43528.0,43378.0,44259.0,42012.0,38052.0,0.805,142.2,9.09,1.1,3.528,2.0,-1.0,13.86,0.011,0.214,3.0,2.0,0.0,0.0,9.06,8.68,7.88,8.19,8.4,11.12,8.03,8.21,8.3,20.85
2016-06-09 05:51:00-05:00,33.502827,35.80835,505264,11.0,0.0,35.84,13.33,375.2,273.3,271.6,269.0,12.58,13.31,13.35,375.0,28.61,60.14,7.61,1382683.0,377.3,10.73,5.0,0.0,0.0,0.0,0.0,0.0,0.0,0.0,0.0,14.31,8.73,37.8,12.71,14.59,13.16,60.0,59.9,74.7,0.0,272.0,271.0,272.0,8.19,-6.321,10.34,601.0,1373160.0,41220.0,126676.0,-0.791,0.979,0.748,0.921,3.699,4.215,2.909,3.135,4.695,2.709,3.498,1.388,1.581,1.091,1.176,1.761,1.016,1.312,43302.0,43960.0,43528.0,43378.0,44259.0,42012.0,38052.0,0.798,142.3,10.13,1.1,3.528,2.0,-1.0,13.86,0.011,0.214,3.0,2.0,0.0,0.0,9.19,8.81,7.978,8.22,8.45,11.22,8.12,8.29,8.36,21.05
2016-06-09 05:52:00-05:00,34.215652,35.696274,505265,11.12,0.0,36.11,13.5,374.8,272.8,271.4,268.7,12.77,13.68,13.62,374.5,28.86,60.2,7.824,1382684.0,376.3,10.81,5.0,0.0,0.0,0.0,0.0,0.0,0.0,0.0,0.0,14.51,8.84,38.16,13.04,14.91,13.46,60.0,59.9,74.7,0.0,271.6,270.6,271.6,8.54,-6.244,10.58,601.0,1373160.0,41220.0,126676.0,-0.807,0.979,0.748,0.921,3.807,4.387,2.982,3.303,4.906,2.756,3.671,1.427,1.644,1.118,1.238,1.839,1.033,1.376,43302.0,43960.0,43528.0,43378.0,44259.0,42012.0,38052.0,0.767,145.1,10.42,1.0,3.53,2.0,-1.0,13.86,0.011,0.215,3.0,2.0,0.0,0.0,9.36,8.94,8.03,8.3,8.53,11.17,8.19,8.35,8.41,21.12
2016-06-09 05:53:00-05:00,39.324238,37.04119,505266,11.23,0.0,36.98,13.55,374.2,271.7,269.6,266.9,13.37,14.32,14.38,374.0,29.73,60.22,8.3,1382684.0,375.8,11.12,5.0,0.0,0.0,0.0,0.0,0.0,0.0,0.0,0.0,14.83,8.95,38.53,13.38,15.23,13.84,60.0,59.9,74.7,0.0,270.0,269.0,270.0,8.85,-6.114,10.76,601.0,1373160.0,41220.0,126676.0,-0.823,0.979,0.748,0.921,3.901,4.551,3.076,3.452,5.09,2.78,3.812,1.46,1.703,1.151,1.292,1.905,1.04,1.427,43302.0,43960.0,43528.0,43378.0,44259.0,42012.0,38052.0,0.737,142.4,9.85,1.0,3.528,2.0,-1.0,13.86,0.011,0.215,3.0,2.0,0.0,0.0,9.48,9.08,8.09,8.38,8.58,11.17,8.29,8.4,8.52,21.3
2016-06-09 05:54:00-05:00,64.748375,44.77445,505267,11.36,0.0,39.81,13.67,373.9,271.4,269.6,266.9,13.62,14.57,14.45,373.5,31.75,60.17,8.46,1382684.0,375.4,11.86,5.0,0.0,0.0,0.0,0.0,0.0,0.0,0.0,0.0,15.01,9.08,38.89,13.65,15.51,14.11,60.0,59.9,74.7,0.0,270.0,269.0,270.0,9.15,-6.065,10.98,601.0,1373160.0,41220.0,126676.0,-0.833,0.979,0.748,0.921,3.988,4.731,3.182,3.571,5.294,2.823,3.952,1.491,1.769,1.19,1.335,1.979,1.056,1.478,43302.0,43960.0,43528.0,43378.0,44259.0,42012.0,38052.0,0.745,142.0,8.78,1.0,3.528,2.0,-1.0,13.82,-0.009,0.215,3.0,2.0,0.0,0.0,9.6,9.21,8.17,8.42,8.66,11.2,8.35,8.48,8.6,21.5
2016-06-09 05:55:00-05:00,97.18196,49.593727,505268,11.49,0.0,43.4,13.8,373.9,271.4,269.6,267.0,13.8,15.15,15.15,373.7,32.58,60.16,8.86,1382684.0,375.4,12.18,5.0,0.0,0.0,0.0,0.0,0.0,0.0,0.0,0.0,14.5,9.2,39.23,13.95,15.79,14.39,60.0,59.9,74.7,0.0,270.0,269.0,270.0,9.45,-6.03,11.21,601.0,1373160.0,41220.0,126676.0,-0.843,0.979,0.748,0.921,4.03,4.915,3.261,3.655,5.551,2.871,4.053,1.507,1.838,1.219,1.367,2.076,1.074,1.515,43302.0,43960.0,43528.0,43378.0,44259.0,42012.0,38052.0,0.645,124.5,11.2,0.8,3.528,2.0,-1.0,13.82,0.004,0.215,3.0,2.0,0.0,0.0,9.73,9.34,8.19,8.48,8.72,11.28,8.38,8.58,8.67,21.68
2016-06-09 05:56:00-05:00,79.0049,42.869152,505269,11.6,0.0,42.28,13.88,373.7,272.7,270.8,268.1,14.36,15.32,15.29,373.1,32.75,60.22,9.16,1382684.0,375.2,12.22,5.0,0.0,0.0,0.0,0.0,0.0,0.0,0.0,0.0,14.13,9.34,39.55,14.19,16.06,14.61,60.0,59.9,74.7,0.0,271.2,270.2,271.2,9.76,-6.004,11.46,601.0,1373160.0,41220.0,126676.0,-0.852,0.979,0.748,0.921,4.095,5.084,3.301,3.719,5.852,2.917,4.198,1.53,1.9,1.233,1.39,2.187,1.09,1.569,43302.0,43960.0,43528.0,43378.0,44259.0,42012.0,38052.0,0.645,135.0,10.89,0.9,3.528,2.0,-1.0,13.82,0.008,0.215,3.0,2.0,0.0,0.0,9.89,9.49,8.24,8.53,8.68,11.31,8.4,8.58,8.68,21.91
2016-06-09 05:57:00-05:00,62.134674,44.214066,505270,11.72,0.0,40.97,13.91,373.9,273.8,271.9,269.2,14.66,15.88,15.81,373.7,33.87,60.22,9.58,1382685.0,375.5,12.66,5.0,0.0,0.0,0.0,0.0,0.0,0.0,0.0,0.0,14.43,9.45,39.86,14.49,16.34,14.87,60.0,59.9,74.7,0.0,272.0,271.1,272.0,10.09,-5.99,11.73,601.0,1373161.0,41220.0,126676.0,-0.86,0.979,0.748,0.921,4.226,5.284,3.367,3.807,6.12,2.934,4.333,1.58,1.976,1.259,1.423,2.288,1.097,1.62,43302.0,43960.0,43528.0,43378.0,44259.0,42012.0,38052.0,0.588,131.0,11.4,0.9,3.528,2.0,-1.0,13.82,0.009,0.215,3.0,2.0,0.0,0.0,9.99,9.62,8.29,8.58,8.77,11.31,8.48,8.66,8.68,22.08
2016-06-09 05:58:00-05:00,105.02305,61.137573,505271,11.84,0.0,46.2,14.04,373.4,273.6,272.0,269.2,14.97,16.14,16.14,373.4,35.91,60.22,9.83,1382685.0,374.9,13.41,5.0,0.0,0.0,0.0,0.0,0.0,0.0,0.0,0.0,14.38,9.58,40.13,14.82,16.64,15.16,60.0,59.9,74.7,0.0,272.0,271.1,272.0,10.4,-5.945,11.98,601.0,1373161.0,41220.0,126676.0,-0.868,0.979,0.748,0.921,4.346,5.494,3.411,3.89,6.365,3.008,4.452,1.623,2.052,1.274,1.453,2.377,1.123,1.663,43302.0,43960.0,43528.0,43378.0,44259.0,42012.0,38052.0,0.575,127.4,14.02,0.8,3.53,2.0,-1.0,13.82,0.009,0.215,3.0,2.0,0.0,0.0,10.13,9.75,8.32,8.58,8.79,11.38,8.41,8.67,8.78,22.28
2016-06-09 05:59:00-05:00,121.77447,61.58588,505272,11.97,0.0,49.59,14.09,373.7,273.7,271.6,268.8,15.56,16.79,16.78,373.8,36.53,60.13,10.33,1382685.0,375.3,13.65,5.0,0.0,0.0,0.0,0.0,0.0,0.0,0.0,0.0,14.32,9.7,40.47,15.27,17.07,15.61,60.0,59.9,74.7,0.0,272.0,271.0,272.0,10.83,-5.892,12.33,601.0,1373161.0,41220.0,126676.0,-0.878,0.979,0.748,0.921,4.473,5.824,3.41,4.028,6.657,3.118,4.567,1.672,2.176,1.274,1.505,2.488,1.165,1.707,43302.0,43960.0,43528.0,43378.0,44259.0,42012.0,38052.0,0.71,132.6,9.18,1.0,3.531,2.0,-1.0,13.79,0.002,0.215,3.0,2.0,0.0,0.001,10.28,9.88,8.33,8.58,8.79,11.41,8.43,8.72,8.78,22.5
2016-06-09 06:00:00-05:00,112.98294,63.603252,505273,12.09,0.0,50.59,14.2,373.1,273.7,271.4,268.7,16.2,17.29,17.28,372.8,37.19,60.14,10.78,1382685.0,374.6,13.86,5.0,0.0,0.0,0.0,0.0,0.0,0.0,0.0,0.0,14.43,9.81,40.79,15.69,17.52,16.0,60.0,59.9,74.7,0.0,272.0,271.0,272.0,11.25,-5.814,12.66,601.0,1373161.0,41221.0,126676.0,-0.888,0.979,0.748,0.921,4.554,6.142,3.548,4.229,6.898,3.166,4.703,1.699,2.292,1.324,1.578,2.574,1.181,1.755,43302.0,43960.0,43528.0,43378.0,44259.0,42012.0,38052.0,0.665,129.9,13.23,1.0,3.53,2.0,-1.0,13.82,0.015,0.215,3.0,2.0,0.0,0.0,10.31,10.01,8.4,8.61,8.87,11.47,8.48,8.8,8.78,22.62
2016-06-09 06:01:00-05:00,145.29773,84.00112,505274,12.21,0.0,55.6,14.37,372.3,273.1,271.5,268.8,16.55,17.93,17.71,372.0,39.6,60.16,11.16,1382685.0,373.6,14.73,5.0,0.0,0.0,0.0,0.0,0.0,0.0,0.0,0.0,14.7,9.92,41.1,16.12,18.0,16.42,60.0,59.9,74.7,0.0,271.9,271.0,272.0,11.67,-5.756,13.01,601.0,1373161.0,41221.0,126676.0,-0.897,0.979,0.748,0.921,4.6,6.519,3.646,4.493,7.168,3.255,4.846,1.713,2.427,1.357,1.673,2.669,1.212,1.804,43302.0,43960.0,43528.0,43378.0,44259.0,42012.0,38052.0,0.67,141.1,11.14,1.0,3.531,2.0,-1.0,13.82,0.009,0.215,3.0,2.0,0.0,0.0,10.44,10.16,8.53,8.67,8.87,11.53,8.48,8.9,8.79,22.83
2016-06-09 06:02:00-05:00,158.84142,84.113205,505275,12.34,0.0,59.09,14.46,371.2,272.9,271.2,268.5,17.29,18.59,18.4,370.8,40.48,60.14,11.73,1382686.0,372.9,15.01,5.0,0.0,0.0,0.0,0.0,0.0,0.0,0.0,0.0,14.79,10.07,41.43,16.64,18.58,16.94,60.0,59.9,74.7,0.0,271.1,270.8,271.7,12.18,-5.638,13.42,601.0,1373162.0,41221.0,126676.0,-0.907,0.979,0.748,0.921,4.764,6.932,3.755,4.748,7.476,3.345,4.998,1.768,2.573,1.394,1.762,2.775,1.242,1.855,43302.0,43960.0,43528.0,43378.0,44259.0,42012.0,38052.0,0.76,145.1,9.99,1.1,3.531,2.0,-1.0,13.82,0.01,0.215,3.0,2.0,0.0,0.0,10.57,10.25,8.72,8.72,8.9,11.54,8.56,9.03,8.84,23.02
2016-06-09 06:03:00-05:00,119.398384,63.379105,505276,12.47,0.0,55.22,14.56,369.9,272.9,271.1,268.4,18.12,19.49,19.27,369.4,42.62,60.15,12.44,1382686.0,371.4,15.74,5.0,0.0,0.0,0.0,0.0,0.0,0.0,0.0,0.0,15.09,10.22,41.76,17.28,19.27,17.6,60.0,59.9,74.7,0.0,271.0,270.5,271.3,12.82,-5.52,13.96,601.0,1373162.0,41221.0,126676.0,-0.918,0.979,0.748,0.921,4.957,7.314,3.965,5.234,7.83,3.414,5.195,1.834,2.705,1.467,1.936,2.896,1.263,1.921,43302.0,43960.0,43528.0,43378.0,44259.0,42012.0,38052.0,0.657,138.0,11.91,0.8,3.528,2.0,-1.0,13.82,0.01,0.215,3.0,2.0,0.0,0.0,10.73,10.35,8.89,8.8,9.08,11.57,8.67,9.1,8.94,23.22
2016-06-09 06:04:00-05:00,102.64696,67.97422,505277,12.59,0.0,54.81,14.71,370.3,273.0,271.1,268.4,18.77,20.28,20.03,370.1,44.31,60.15,13.04,1382686.0,372.9,16.4,5.0,0.0,0.0,0.0,0.0,0.0,0.0,0.0,0.0,15.63,10.37,42.09,17.95,19.9,18.27,60.0,59.9,74.7,0.0,271.0,270.8,271.4,13.43,-5.46,14.5,601.0,1373162.0,41221.0,126676.0,-0.926,0.979,0.748,0.921,5.139,7.518,4.228,5.804,8.1,3.412,5.324,1.903,2.784,1.566,2.149,2.999,1.263,1.971,43302.0,43960.0,43528.0,43378.0,44259.0,42012.0,38052.0,0.702,147.5,12.62,1.0,3.527,2.0,-1.0,13.82,0.01,0.215,3.0,2.0,0.0,0.0,10.88,10.46,8.97,8.87,9.64,11.63,8.72,9.14,8.95,23.42
2016-06-09 06:05:00-05:00,154.08925,93.975914,505278,12.72,0.0,64.72,14.85,371.3,272.6,271.2,268.5,19.6,21.05,20.88,370.7,46.04,60.2,13.71,1382686.0,372.7,17.07,5.0,0.0,0.0,0.0,0.0,0.0,0.0,0.0,0.0,15.98,10.53,42.4,18.58,20.6,18.89,60.0,59.9,74.7,0.0,271.0,270.5,271.2,14.06,-5.33,15.03,601.0,1373162.0,41221.0,126676.0,-0.935,0.979,0.748,0.921,5.241,7.739,4.408,6.528,8.38,3.424,5.425,1.946,2.873,1.636,2.424,3.113,1.271,2.014,43302.0,43960.0,43528.0,43378.0,44259.0,42012.0,38052.0,0.712,138.2,11.73,1.0,3.527,2.0,-1.0,13.82,0.01,0.215,3.0,2.0,0.0,0.0,11.04,10.61,8.93,8.97,10.02,11.78,8.85,9.21,9.04,23.64
2016-06-09 06:06:00-05:00,176.78087,99.13141,505279,12.86,0.0,70.84,14.94,373.4,273.5,271.9,269.2,20.4,21.85,21.64,372.8,48.1,60.17,14.42,1382687.0,374.8,17.93,5.0,0.0,0.0,0.0,0.0,0.0,0.0,0.0,0.0,16.38,10.68,42.7,19.29,21.27,19.59,60.0,59.9,74.7,0.0,272.2,271.3,272.3,14.74,-5.253,15.65,601.0,1373162.0,41221.0,126676.0,-0.942,0.979,0.748,0.921,5.329,7.951,4.488,7.347,8.65,3.483,5.5,1.99,2.969,1.676,2.744,3.23,1.3,2.054,43302.0,43960.0,43528.0,43378.0,44259.0,42012.0,38052.0,0.753,139.8,10.34,1.0,3.53,2.0,-1.0,13.82,0.01,0.216,3.0,2.0,0.0,0.0,11.17,10.75,8.9,9.12,9.94,11.93,8.99,9.37,9.07,23.86
2016-06-09 06:07:00-05:00,180.82022,106.30429,505280,13.0,0.0,73.87,15.1,373.5,275.4,274.0,271.2,20.96,22.5,22.36,372.6,49.66,60.2,15.07,1382687.0,374.8,18.5,5.0,0.0,0.0,0.0,0.0,0.0,0.0,0.0,0.0,16.52,10.83,43.02,19.79,21.82,20.09,60.0,59.9,74.7,0.0,273.9,272.9,273.9,15.34,-5.213,16.2,601.0,1373163.0,41221.0,126676.0,-0.947,0.979,0.748,0.921,5.437,8.22,4.538,8.06,8.91,3.584,5.626,2.03,3.07,1.695,3.011,3.328,1.338,2.101,43302.0,43960.0,43528.0,43378.0,44259.0,42012.0,38052.0,0.77,139.9,10.45,1.0,3.53,2.0,-1.0,13.82,0.01,0.216,3.0,2.0,0.0,0.0,11.35,10.85,8.99,9.34,9.95,12.06,9.14,9.53,9.13,24.09
2016-06-09 06:08:00-05:00,188.5425,118.63268,505281,13.15,0.0,77.18,15.23,373.1,275.2,273.8,271.0,21.72,23.26,23.05,372.6,51.93,60.22,15.68,1382687.0,374.5,19.35,5.0,0.0,0.0,0.0,0.0,0.0,0.0,0.0,0.0,16.66,10.97,43.36,20.48,22.53,20.73,60.0,59.9,74.7,0.0,274.0,273.0,274.0,15.97,-5.101,16.76,601.0,1373163.0,41221.0,126676.0,-0.953,0.979,0.748,0.921,5.607,8.46,4.613,8.69,9.26,3.746,5.759,2.092,3.158,1.721,3.244,3.454,1.398,2.149,43302.0,43960.0,43528.0,43378.0,44259.0,42012.0,38052.0,0.732,135.9,9.89,1.0,3.53,2.0,-1.0,13.82,0.01,0.216,3.0,2.0,0.0,0.0,11.41,10.92,9.06,9.5,9.94,12.22,9.24,9.73,9.23,24.3
2016-06-09 06:09:00-05:00,191.39381,123.11572,505282,13.3,0.0,80.1,15.37,372.3,275.6,273.8,271.0,22.46,24.05,23.86,371.6,53.36,60.22,16.34,1382688.0,374.1,19.83,5.0,0.0,0.0,0.0,0.0,0.0,0.0,0.0,0.0,17.07,11.09,43.7,21.17,23.23,21.4,60.0,59.9,74.7,0.0,274.0,273.0,274.0,16.6,-4.989,17.34,601.0,1373163.0,41221.0,126676.0,-0.958,0.979,0.748,0.921,5.905,8.69,4.731,9.19,9.52,3.993,5.955,2.199,3.234,1.761,3.423,3.546,1.487,2.217,43302.0,43960.0,43528.0,43378.0,44259.0,42012.0,38052.0,0.675,134.6,11.26,1.0,3.531,2.0,-1.0,13.82,0.01,0.216,3.0,2.0,0.0,0.0,11.56,11.06,9.06,9.6,9.94,12.31,9.27,9.92,9.23,24.47
2016-06-09 06:10:00-05:00,195.43317,126.81424,505283,13.44,0.0,83.5,15.41,371.8,275.2,273.9,271.1,23.4,24.97,24.71,371.5,55.9,60.21,17.08,1382688.0,373.4,20.76,5.0,0.0,0.0,0.0,0.0,0.0,0.0,0.0,0.0,16.89,11.28,44.26,21.94,23.98,22.12,60.0,59.9,74.7,0.0,274.0,273.0,274.0,17.28,-4.887,17.96,601.0,1373164.0,41221.0,126676.0,-0.962,0.979,0.748,0.921,6.028,9.09,4.785,9.73,9.88,4.223,6.18,2.242,3.381,1.779,3.616,3.674,1.57,2.298,43302.0,43960.0,43528.0,43378.0,44259.0,42012.0,38052.0,0.803,140.2,9.21,1.1,3.531,2.0,-1.0,13.82,0.01,0.216,3.0,2.0,0.0,0.0,11.72,11.16,9.06,9.66,9.97,12.33,9.34,10.13,9.26,24.63
2016-06-09 06:11:00-05:00,199.2349,130.2886,505284,13.59,0.0,86.8,15.26,371.5,275.4,273.6,270.8,24.14,25.7,25.46,370.4,57.07,60.2,17.7,1382688.0,372.9,21.14,5.0,0.0,0.0,0.0,0.0,0.0,0.0,0.0,0.0,16.77,11.42,44.75,22.6,24.63,22.76,60.0,59.9,74.7,0.0,274.0,273.0,274.0,17.86,-4.79,18.49,601.0,1373164.0,41222.0,126676.0,-0.966,0.979,0.748,0.921,6.109,9.47,4.852,10.13,10.2,4.359,6.376,2.269,3.519,1.802,3.764,3.791,1.619,2.368,43302.0,43960.0,43528.0,43378.0,44259.0,42012.0,38052.0,0.875,140.9,8.96,1.2,3.532,2.0,-1.0,13.79,-0.017,0.216,3.0,2.0,0.0,0.0,11.9,11.35,9.16,9.88,10.28,12.62,9.5,10.33,9.36,24.87
2016-06-09 06:12:00-05:00,191.63142,127.26255,505285,13.73,0.0,86.5,15.39,370.8,275.4,273.6,270.8,23.88,25.36,25.14,370.3,57.19,60.23,17.43,1382689.0,372.3,21.17,5.0,0.0,0.0,0.0,0.0,0.0,0.0,0.0,0.0,17.38,11.57,44.29,22.33,24.38,22.5,60.0,59.9,74.7,0.0,273.9,273.0,274.0,17.63,-4.824,18.28,601.0,1373164.0,41222.0,126676.0,-0.964,0.979,0.748,0.921,6.011,9.38,4.845,9.99,10.06,4.329,6.328,2.228,3.477,1.796,3.702,3.729,1.605,2.345,43302.0,43960.0,43528.0,43378.0,44259.0,42012.0,38052.0,0.892,142.4,10.91,1.3,3.531,2.0,-1.0,13.79,0.003,0.217,3.0,2.0,0.0,0.0,12.06,11.48,9.16,9.97,10.83,13.01,9.58,10.54,9.42,25.09
2016-06-09 06:13:00-05:00,205.41273,136.56487,505286,13.88,0.0,92.7,15.65,364.8,275.3,273.8,271.0,25.32,26.84,26.62,364.3,61.15,60.15,18.65,1382689.0,366.1,22.28,5.0,0.0,0.0,0.0,0.0,0.0,0.0,0.0,0.0,17.61,11.73,45.38,23.63,25.66,23.77,60.0,59.9,74.7,0.0,273.9,273.0,274.0,18.78,-4.669,19.35,601.0,1373164.0,41222.0,126676.0,-0.97,0.979,0.748,0.921,6.41,10.18,5.321,10.79,10.84,4.473,6.878,2.338,3.713,1.941,3.935,3.953,1.632,2.509,43302.0,43960.0,43528.0,43378.0,44259.0,42012.0,38052.0,0.885,135.9,9.8,1.3,3.531,2.0,-1.0,13.79,0.006,0.217,3.0,2.0,0.0,0.0,12.26,11.61,9.19,10.1,10.72,12.96,9.63,10.68,9.57,25.32
2016-06-09 06:14:00-05:00,201.84859,136.11658,505287,14.03,0.0,93.3,15.39,363.9,275.2,273.4,270.8,25.59,27.09,26.84,362.9,62.2,60.13,18.86,1382689.0,365.5,22.57,5.0,0.0,0.0,0.0,0.0,0.0,0.0,0.0,0.0,17.15,11.9,45.4,23.86,25.92,24.0,60.0,59.9,74.7,0.0,273.4,273.0,274.0,18.96,-4.65,19.53,601.0,1373165.0,41222.0,126676.0,-0.97,0.979,0.748,0.921,6.467,10.22,5.513,10.8,10.8,4.522,6.927,2.353,3.719,2.006,3.928,3.93,1.645,2.521,43302.0,43960.0,43528.0,43378.0,44259.0,42012.0,38052.0,0.623,167.2,10.88,1.0,3.53,2.0,-1.0,13.79,0.008,0.217,3.0,2.0,0.0,0.0,12.4,11.79,9.24,10.21,10.72,13.29,9.71,10.88,9.72,25.55
2016-06-09 06:15:00-05:00,209.09567,141.38414,505288,14.19,0.0,98.4,15.45,359.2,275.0,273.4,270.8,26.84,28.42,28.15,358.8,65.63,60.14,19.92,1382690.0,360.6,23.53,5.0,0.0,0.0,0.0,0.0,0.0,0.0,0.0,0.0,17.79,11.99,46.36,24.94,27.06,25.14,60.0,59.9,74.7,0.0,273.3,273.0,274.0,19.99,-4.463,20.48,601.0,1373165.0,41222.0,126676.0,-0.976,0.979,0.748,0.921,7.001,11.14,6.055,11.43,11.58,4.811,7.367,2.513,3.998,2.174,4.103,4.157,1.727,2.645,43302.0,43960.0,43528.0,43378.0,44259.0,42012.0,38052.0,0.33,140.2,26.35,0.6,3.531,2.0,-1.0,13.8,0.009,0.217,3.0,2.0,0.0,0.0,12.5,11.91,9.3,10.32,10.79,13.16,9.87,10.99,9.75,25.79
2016-06-09 06:16:00-05:00,212.4222,144.9706,505289,14.34,0.0,101.3,15.49,347.7,275.4,273.4,270.9,27.69,29.36,29.12,347.1,70.37,60.16,20.71,1382690.0,349.0,24.42,5.0,0.0,0.0,0.0,0.0,0.0,0.0,0.0,0.0,17.92,12.14,46.78,25.81,27.98,26.01,60.0,59.9,74.7,0.0,273.8,272.9,273.9,20.76,-4.342,21.21,601.0,1373165.0,41222.0,126676.0,-0.979,0.979,0.748,0.921,7.674,11.95,6.532,11.99,12.18,5.158,7.788,2.668,4.155,2.271,4.168,4.233,1.793,2.708,43302.0,43960.0,43528.0,43378.0,44259.0,42012.0,38052.0,0.68,174.1,12.66,1.2,3.531,2.0,-1.0,13.75,-0.013,0.217,3.0,2.0,0.0,0.001,12.7,12.06,9.41,10.59,10.91,13.38,10.18,11.26,9.8,25.96
2016-06-09 06:17:00-05:00,199.82892,138.8064,505290,14.49,0.0,98.9,15.35,350.3,275.4,273.6,271.0,26.94,28.61,28.43,349.3,68.34,60.15,20.11,1382690.0,351.5,23.86,5.0,0.0,0.0,0.0,0.0,0.0,0.0,0.0,0.0,17.5,12.25,45.94,25.19,27.33,25.4,60.0,59.9,74.7,0.0,274.0,273.0,274.0,20.2,-4.437,20.68,601.0,1373166.0,41222.0,126676.0,-0.976,0.979,0.748,0.921,7.568,11.44,6.381,11.43,11.61,5.02,7.525,2.65,4.005,2.234,4.001,4.064,1.757,2.634,43302.0,43960.0,43528.0,43378.0,44259.0,42012.0,38052.0,0.615,169.7,28.97,0.9,3.531,2.0,-1.0,13.79,0.032,0.217,3.0,2.0,0.0,0.001,12.74,12.23,9.64,10.83,11.1,14.07,10.5,11.45,9.83,26.16
2016-06-09 06:18:00-05:00,194.0075,136.11658,505291,14.65,0.0,98.9,15.38,350.3,275.4,273.9,271.2,26.97,28.61,28.38,349.5,68.07,60.15,20.11,1382691.0,350.7,23.78,5.0,0.0,0.0,0.0,0.0,0.0,0.0,0.0,0.0,17.98,12.35,45.74,25.11,27.27,25.32,60.0,59.9,74.7,0.0,274.0,273.0,274.0,20.17,-4.443,20.65,601.0,1373166.0,41222.0,126676.0,-0.976,0.979,0.748,0.921,7.842,11.47,6.445,11.36,11.63,5.021,7.484,2.746,4.016,2.257,3.979,4.073,1.758,2.621,43302.0,43960.0,43528.0,43378.0,44259.0,42012.0,38052.0,0.555,161.9,30.45,1.0,3.53,2.0,-1.0,13.79,0.01,0.217,3.0,2.0,0.0,0.0,12.84,12.34,9.93,11.02,11.25,14.46,10.71,11.6,9.89,26.37
2016-06-09 06:19:00-05:00,213.84784,149.78987,505292,14.81,0.0,108.1,15.41,343.5,275.6,273.7,271.1,29.28,30.92,30.69,343.3,74.95,60.22,22.03,1382691.0,345.1,25.72,5.0,0.0,0.0,0.0,0.0,0.0,0.0,0.0,0.0,18.47,12.49,47.36,27.25,29.49,27.43,60.0,59.9,74.7,0.0,274.0,273.0,274.0,22.08,-4.066,22.45,601.0,1373166.0,41222.0,126676.0,-0.983,0.979,0.748,0.921,8.92,12.81,7.042,12.72,12.87,5.421,8.24,3.063,4.398,2.419,4.368,4.42,1.862,2.831,43302.0,43960.0,43528.0,43378.0,44259.0,42012.0,38052.0,0.448,134.1,43.98,1.1,3.531,2.0,-1.0,13.8,0.009,0.217,3.0,2.0,0.0,0.0,13.0,12.49,10.23,11.22,11.35,14.31,10.89,11.75,10.07,26.56
2016-06-09 06:20:00-05:00,228.46077,160.21297,505293,14.97,0.0,115.9,15.65,344.8,275.2,273.8,271.2,31.27,32.92,32.71,343.8,79.6,60.22,23.7,1382692.0,346.3,27.36,5.0,0.0,0.0,0.0,0.0,0.0,0.0,0.0,0.0,18.33,12.65,48.86,29.12,31.39,29.26,60.0,59.9,74.7,0.0,274.0,273.0,274.0,23.69,-3.803,23.99,601.0,1373167.0,41222.0,126676.0,-0.987,0.979,0.748,0.921,9.61,13.68,7.428,13.54,13.81,5.617,8.71,3.314,4.717,2.561,4.669,4.76,1.937,3.001,43302.0,43960.0,43528.0,43378.0,44259.0,42012.0,38052.0,0.483,207.1,17.39,0.8,3.531,2.0,-1.0,13.75,-0.027,0.217,3.0,2.0,0.0,0.001,13.18,12.68,10.5,11.43,11.46,14.45,11.14,11.91,10.33,26.81
2016-06-09 06:21:00-05:00,213.84784,152.14348,505294,15.11,0.0,112.4,15.65,349.0,275.5,273.8,271.1,30.31,31.93,31.7,347.9,76.88,60.18,22.88,1382692.0,349.9,26.73,5.0,0.0,0.0,0.0,0.0,0.0,0.0,0.0,0.0,17.88,12.85,48.21,28.24,30.48,28.42,60.0,59.9,74.7,0.0,274.0,273.0,274.0,22.91,-3.946,23.26,601.0,1373167.0,41222.0,126676.0,-0.985,0.979,0.748,0.921,9.27,12.88,7.327,12.85,13.07,5.464,8.31,3.233,4.494,2.557,4.482,4.558,1.907,2.901,43302.0,43960.0,43528.0,43378.0,44259.0,42012.0,38052.0,0.343,203.8,29.94,1.1,3.531,2.0,-1.0,13.75,-0.02,0.218,3.0,2.0,0.0,0.001,13.37,12.91,10.71,11.61,11.59,14.34,11.41,12.13,10.66,27.01
2016-06-09 06:22:00-05:00,226.44109,161.55788,505295,15.26,0.0,119.9,15.46,347.4,275.5,273.9,271.3,32.06,33.75,33.51,346.8,82.1,60.13,24.37,1382693.0,348.1,28.48,5.0,0.0,0.0,0.0,0.0,0.0,0.0,0.0,0.0,16.63,12.9,49.89,29.95,32.18,30.12,60.0,59.9,74.7,0.0,274.0,273.0,274.0,24.39,-3.719,24.67,601.0,1373168.0,41222.0,126676.0,-0.989,0.979,0.748,0.921,9.93,13.73,7.769,13.85,13.99,5.714,8.84,3.45,4.768,2.699,4.812,4.861,1.985,3.071,43302.0,43960.0,43528.0,43378.0,44259.0,42012.0,38052.0,1.075,218.0,19.06,1.6,3.531,2.0,-1.0,13.75,-0.005,0.218,3.0,2.0,0.0,0.001,13.42,12.98,10.94,11.82,11.75,14.71,11.61,12.34,10.92,27.22
2016-06-09 06:23:00-05:00,233.80698,167.60999,505296,15.4,0.0,125.4,15.13,344.3,275.1,273.9,271.3,33.43,35.06,34.89,343.6,85.8,60.13,25.49,1382693.0,345.1,29.47,5.0,0.0,0.0,0.0,0.0,0.0,0.0,0.0,0.0,15.7,12.92,50.87,31.23,33.44,31.38,60.0,59.9,74.7,0.0,274.0,273.0,274.0,25.46,-3.57,25.71,601.0,1373168.0,41222.0,126676.0,-0.99,0.979,0.748,0.921,10.61,14.45,8.15,14.57,14.72,5.976,9.26,3.652,4.973,2.806,5.014,5.066,2.057,3.189,43302.0,43960.0,43528.0,43378.0,44259.0,42012.0,38052.0,0.882,238.0,13.85,1.3,3.53,2.0,-1.0,13.76,0.001,0.218,3.0,2.0,0.0,0.001,13.45,12.99,11.2,12.01,11.95,15.07,11.84,12.58,11.13,27.41
2016-06-09 06:24:00-05:00,236.53947,170.8602,505297,15.54,0.0,128.5,15.18,345.3,275.5,273.7,271.1,34.32,35.93,35.73,344.5,87.3,60.19,26.21,1382693.0,347.0,30.08,5.0,0.0,0.0,0.0,0.0,0.0,0.0,0.0,0.0,16.04,13.06,51.4,32.02,34.3,32.15,60.0,59.9,74.7,0.0,274.0,273.0,274.0,26.16,-3.412,26.39,601.0,1373169.0,41222.0,126676.0,-0.992,0.979,0.748,0.921,11.04,14.72,8.49,14.79,14.97,6.094,9.44,3.812,5.081,2.931,5.106,5.168,2.104,3.259,43302.0,43960.0,43528.0,43378.0,44259.0,42012.0,38052.0,0.59,238.5,25.1,1.1,3.531,2.0,-1.0,13.76,0.003,0.218,3.0,2.0,0.0,0.001,13.58,13.2,11.39,12.26,12.09,15.19,12.03,12.78,11.42,27.64
2016-06-09 06:25:00-05:00,236.06424,171.64474,505298,15.67,0.0,130.3,15.47,345.3,275.6,273.5,270.9,34.9,36.46,36.26,344.7,89.2,60.15,26.65,1382694.0,346.9,30.74,5.0,0.0,0.0,0.0,0.0,0.0,0.0,0.0,0.0,17.19,13.21,51.82,32.56,34.88,32.67,60.0,59.9,74.7,0.0,273.6,273.0,274.0,26.61,-3.316,26.82,601.0,1373169.0,41222.0,126676.0,-0.992,0.979,0.748,0.921,11.33,14.89,8.88,14.86,15.1,6.25,9.55,3.913,5.142,3.066,5.13,5.214,2.158,3.296,43302.0,43960.0,43528.0,43378.0,44259.0,42012.0,38052.0,0.602,192.2,39.73,1.1,3.531,2.0,-1.0,13.76,0.005,0.218,3.0,2.0,0.0,0.001,13.74,13.28,11.61,12.45,12.24,15.15,12.24,12.97,11.74,27.81
2016-06-09 06:26:00-05:00,238.79674,174.67079,505299,15.81,0.0,133.4,15.8,345.1,275.7,274.2,271.5,35.82,37.39,37.18,344.5,91.4,60.19,27.48,1382694.0,346.9,31.47,5.0,0.0,0.0,0.0,0.0,0.0,0.0,0.0,0.0,17.45,13.42,52.54,33.41,35.75,33.52,60.0,59.9,74.7,0.0,273.9,273.2,274.2,27.4,-3.197,27.58,601.0,1373169.0,41223.0,126676.0,-0.993,0.979,0.748,0.921,11.76,15.18,9.37,15.23,15.43,6.509,9.75,4.059,5.239,3.234,5.254,5.323,2.246,3.364,43302.0,43960.0,43528.0,43378.0,44259.0,42012.0,38052.0,0.495,190.6,41.32,1.4,3.531,2.0,-1.0,13.76,0.029,0.218,1.0,2.0,0.0,0.001,14.02,13.41,11.82,12.63,12.42,14.97,12.4,13.17,11.94,28.0
2016-06-09 06:27:00-05:00,213.49142,158.64389,505300,15.94,0.0,123.5,15.74,345.8,276.0,274.3,271.6,33.58,35.16,34.99,345.6,86.3,60.2,25.64,1382695.0,347.3,29.79,5.0,0.0,0.0,0.0,0.0,0.0,0.0,0.0,0.0,16.5,13.46,52.12,31.28,33.63,31.43,60.0,59.9,74.7,0.0,274.0,273.5,274.5,25.6,-3.446,25.84,601.0,1373170.0,41223.0,126676.0,-0.99,0.979,0.748,0.921,10.93,13.86,9.31,13.93,14.12,6.539,9.09,3.778,4.789,3.217,4.813,4.878,2.26,3.143,43302.0,43960.0,43528.0,43378.0,44259.0,42012.0,38052.0,0.945,234.0,13.99,1.7,3.532,2.0,-1.0,13.71,-0.021,0.218,3.0,2.0,0.0,0.001,14.2,13.54,11.98,12.78,12.5,15.14,12.48,13.26,12.1,28.12
2016-06-09 06:28:00-05:00,237.0147,175.79155,505301,16.07,0.0,135.7,15.49,342.6,276.0,274.5,271.8,37.02,38.61,38.46,342.3,95.4,60.14,28.54,1382695.0,342.3,32.65,5.0,0.0,0.0,0.0,0.0,0.0,0.0,0.0,0.0,16.06,13.49,54.85,34.53,36.84,34.68,60.0,59.9,74.7,0.0,274.0,273.8,274.7,28.37,-3.063,28.54,601.0,1373170.0,41223.0,126676.0,-0.994,0.979,0.748,0.921,12.1,15.37,10.59,15.49,15.63,7.361,9.97,4.147,5.265,3.629,5.306,5.356,2.522,3.414,43302.0,43960.0,43528.0,43378.0,44259.0,42012.0,38052.0,1.123,247.7,15.24,1.7,3.531,2.0,-1.0,13.76,0.012,0.218,3.0,2.0,0.0,0.001,14.39,13.6,12.11,12.91,12.61,15.1,12.63,13.46,12.3,28.32
2016-06-09 06:29:00-05:00,220.73848,165.1443,505302,16.19,0.0,130.1,15.44,345.5,276.2,274.3,271.6,35.66,37.25,37.06,345.1,91.6,60.13,27.39,1382696.0,345.9,31.6,5.0,0.0,0.0,0.0,0.0,0.0,0.0,0.0,0.0,15.89,13.54,56.01,33.4,35.75,33.57,60.0,59.9,74.7,0.0,274.0,273.3,274.5,27.39,-3.195,27.6,601.0,1373171.0,41223.0,126676.0,-0.992,0.979,0.748,0.921,11.55,14.6,10.8,14.67,14.85,7.21,9.61,3.99,5.043,3.729,5.067,5.129,2.49,3.319,43302.0,43960.0,43528.0,43378.0,44259.0,42012.0,38052.0,1.02,229.7,16.35,2.6,3.531,2.0,-1.0,13.76,0.008,0.218,3.0,2.0,0.0,0.001,14.65,13.65,12.26,13.07,12.74,15.25,12.78,13.56,12.48,28.5
2016-06-09 06:30:00-05:00,214.91707,162.3424,505303,16.31,0.0,128.4,15.25,348.6,276.0,274.2,271.6,35.38,36.99,36.82,347.6,90.6,60.14,27.16,1382696.0,349.9,31.46,5.0,0.0,0.0,0.0,0.0,0.0,0.0,0.0,0.0,15.25,13.42,57.58,33.18,35.56,33.36,60.0,59.9,74.7,0.0,274.0,273.2,274.2,27.21,-3.179,27.42,601.0,1373171.0,41223.0,126676.0,-0.992,0.979,0.748,0.921,11.28,14.23,11.08,14.26,14.41,7.082,9.65,3.927,4.958,3.86,4.967,5.02,2.467,3.36,43302.0,43960.0,43528.0,43378.0,44259.0,42012.0,38052.0,2.125,236.4,19.99,3.5,3.531,2.0,-1.0,13.76,0.008,0.218,3.0,2.0,0.0,0.001,14.83,13.78,12.32,13.1,12.86,15.2,12.77,13.59,12.56,28.71
2016-06-09 06:31:00-05:00,258.28067,194.39621,505304,16.43,0.0,151.3,15.19,346.0,275.9,274.3,271.6,41.79,43.35,43.22,345.4,106.4,60.18,32.5,1382697.0,347.6,36.75,5.0,0.0,0.0,0.0,0.0,0.0,0.0,0.0,0.0,15.12,13.39,63.85,39.15,41.64,39.32,60.0,59.9,74.7,0.0,274.0,273.1,274.1,32.31,-2.338,32.4,601.0,1373172.0,41223.0,126676.0,-0.997,0.979,0.748,0.921,13.24,16.97,13.42,17.06,17.16,7.93,11.64,4.58,5.871,4.642,5.901,5.937,2.743,4.027,43302.0,43960.0,43528.0,43378.0,44259.0,42012.0,38052.0,1.332,245.6,18.56,2.2,3.531,2.0,-1.0,13.76,0.008,0.218,3.0,2.0,0.0,0.0,15.19,14.0,12.29,13.08,12.92,15.25,12.73,13.59,12.64,28.84
2016-06-09 06:32:00-05:00,261.96362,197.87057,505305,16.52,0.0,155.9,15.23,344.3,275.9,274.3,271.7,43.08,44.69,44.54,343.7,110.3,60.14,33.59,1382698.0,344.6,37.91,5.0,0.0,0.0,0.0,0.0,0.0,0.0,0.0,0.0,15.14,13.58,68.82,40.57,43.08,40.74,60.0,59.9,74.7,0.0,274.0,273.1,274.1,33.5,-2.151,33.58,601.0,1373172.0,41223.0,126676.0,-0.998,0.979,0.748,0.921,13.69,17.6,14.28,17.64,17.75,8.27,12.53,4.713,6.058,4.916,6.071,6.109,2.847,4.311,43302.0,43960.0,43528.0,43378.0,44259.0,42012.0,38052.0,0.965,253.4,27.09,1.8,3.531,2.0,-1.0,13.76,0.009,0.218,3.0,2.0,0.0,0.0,15.53,14.32,12.44,13.14,13.07,15.46,12.79,13.64,12.77,29.02
2016-06-09 06:33:00-05:00,273.0124,207.39705,505306,16.61,0.0,163.3,15.3,342.8,275.9,274.2,271.6,45.66,47.17,47.05,342.3,117.0,60.14,35.68,1382698.0,344.2,40.04,5.0,0.0,0.0,0.0,0.0,0.0,0.0,0.0,0.0,15.29,14.0,78.6,42.88,45.44,43.02,60.0,59.9,74.7,0.0,274.0,273.0,274.0,35.44,-1.816,35.48,601.0,1373173.0,41223.0,126676.0,-0.999,0.979,0.748,0.921,14.49,18.45,15.29,18.48,18.64,8.8,13.76,4.968,6.324,5.24,6.336,6.39,3.016,4.718,43302.0,43960.0,43528.0,43378.0,44259.0,42012.0,38052.0,1.112,240.0,28.91,1.8,3.531,2.0,-1.0,13.72,-0.004,0.218,3.0,2.0,0.0,0.001,15.96,14.68,12.75,13.31,13.21,15.74,13.03,13.81,12.98,29.15
2016-06-09 06:34:00-05:00,276.57654,211.20763,505307,16.7,0.0,167.6,15.43,342.3,275.8,274.2,271.6,47.19,48.75,48.65,341.6,121.1,60.15,36.99,1382699.0,344.1,41.37,5.0,0.0,0.0,0.0,0.0,0.0,0.0,0.0,0.0,15.6,14.43,99.0,44.42,46.99,44.6,60.0,59.9,74.7,0.0,274.0,273.0,274.0,36.73,-1.597,36.76,601.0,1373174.0,41223.0,126676.0,-0.999,0.979,0.748,0.921,14.99,18.92,16.09,18.92,19.09,9.29,14.57,5.13,6.477,5.509,6.475,6.536,3.181,4.988,43302.0,43960.0,43528.0,43378.0,44259.0,42012.0,38052.0,0.93,227.0,11.98,1.5,3.531,2.0,-1.0,13.71,-0.045,0.219,3.0,2.0,0.0,0.002,16.33,15.04,13.1,13.55,13.42,15.95,13.3,14.12,13.18,29.33
2016-06-09 06:35:00-05:00,250.32077,193.61168,505308,16.78,0.0,154.9,15.47,347.6,275.7,274.2,271.5,44.46,45.97,45.85,346.6,113.1,60.14,34.68,1382699.0,348.8,39.16,5.0,0.0,0.0,0.0,0.0,0.0,0.0,0.0,0.0,15.58,14.85,116.6,41.63,44.21,41.79,60.0,59.9,74.7,0.0,274.0,273.0,274.0,34.35,-1.933,34.42,601.0,1373174.0,41223.0,126676.0,-0.998,0.979,0.748,0.921,13.9,17.19,15.04,17.23,17.39,8.69,13.67,4.827,5.967,5.223,5.983,6.037,3.017,4.746,43302.0,43960.0,43528.0,43378.0,44259.0,42012.0,38052.0,1.65,248.0,10.44,2.9,3.531,2.0,-1.0,13.72,-0.011,0.219,3.0,2.0,0.0,0.002,16.69,15.37,13.51,13.91,13.63,16.26,13.5,14.5,13.37,29.49
2016-06-09 06:36:00-05:00,253.4097,196.18942,505309,16.87,0.0,159.4,15.41,345.1,275.8,274.1,271.4,45.69,47.22,47.1,344.9,116.7,60.13,35.69,1382700.0,346.1,40.24,5.0,0.0,0.0,0.0,0.0,0.0,0.0,0.0,0.0,15.33,15.12,147.5,42.97,45.53,43.16,60.0,59.9,74.7,0.0,274.0,273.0,274.0,35.53,-1.766,35.57,601.0,1373175.0,41223.0,126676.0,-0.999,0.979,0.748,0.921,14.72,17.82,15.99,17.77,18.0,9.06,14.36,5.075,6.146,5.514,6.128,6.207,3.125,4.951,43302.0,43960.0,43528.0,43378.0,44259.0,42012.0,38052.0,1.903,246.0,14.15,3.0,3.53,2.0,-1.0,13.72,-0.003,0.219,3.0,2.0,0.0,0.002,16.85,15.59,13.8,14.22,13.91,16.6,13.67,14.77,13.4,29.62
2016-06-09 06:37:00-05:00,252.34044,196.7498,505310,16.95,0.0,159.5,15.46,346.8,275.7,274.2,271.5,46.43,47.93,47.84,346.1,118.2,60.13,36.3,1382701.0,346.4,40.9,5.0,0.0,0.0,0.0,0.0,0.0,0.0,0.0,0.0,15.28,15.5,166.0,43.56,46.12,43.77,60.0,59.9,74.7,0.0,274.0,273.0,274.0,35.96,-1.699,36.0,601.0,1373175.0,41223.0,126676.0,-0.999,0.979,0.748,0.921,14.78,17.69,16.21,17.7,17.86,9.07,14.73,5.122,6.129,5.617,6.133,6.188,3.143,5.106,43302.0,43960.0,43528.0,43378.0,44259.0,42012.0,38052.0,2.0,243.9,11.32,2.7,3.531,2.0,-1.0,13.72,0.001,0.219,3.0,2.0,0.0,0.002,17.07,15.81,14.12,14.56,14.22,16.75,13.94,15.16,13.67,29.79
2016-06-09 06:38:00-05:00,227.86676,179.04176,505311,17.02,0.0,147.8,15.41,355.8,275.9,274.2,271.5,43.71,45.17,45.0,354.9,108.9,60.14,34.01,1382701.0,355.8,38.64,5.0,0.0,0.0,0.0,0.0,0.0,0.0,0.0,0.0,15.33,15.72,165.0,40.83,43.37,41.0,60.0,59.9,74.7,0.0,274.0,273.0,274.0,33.78,-2.034,33.85,601.0,1373176.0,41223.0,126676.0,-0.998,0.979,0.748,0.921,13.72,16.22,14.92,16.17,16.41,8.36,13.6,4.88,5.772,5.309,5.751,5.838,2.974,4.839,43302.0,43960.0,43528.0,43378.0,44259.0,42012.0,38052.0,1.548,239.2,6.236,2.1,3.531,2.0,-1.0,13.72,0.003,0.219,3.0,2.0,0.0,0.002,17.24,16.01,14.35,14.82,14.43,16.97,14.22,15.46,13.99,29.93
2016-06-09 06:39:00-05:00,237.6087,187.11125,505312,17.09,0.0,154.0,15.5,358.6,275.7,274.1,271.4,45.89,47.4,47.28,357.2,113.9,60.14,35.86,1382702.0,360.8,40.66,5.0,0.0,0.0,0.0,0.0,0.0,0.0,0.0,0.0,15.51,15.99,178.9,42.98,45.57,43.17,60.0,59.9,74.7,0.0,274.0,273.0,274.0,35.52,-1.736,35.56,601.0,1373176.0,41223.0,126676.0,-0.999,0.979,0.748,0.921,14.45,16.83,15.7,16.78,17.0,8.56,14.13,5.179,6.034,5.627,6.014,6.093,3.07,5.064,43302.0,43960.0,43528.0,43378.0,44259.0,42012.0,38052.0,0.963,249.6,17.34,1.6,3.531,2.0,-1.0,13.72,0.005,0.219,3.0,2.0,0.0,0.002,17.4,16.19,14.59,15.08,14.69,17.14,14.56,15.78,14.32,30.08
2016-06-09 06:40:00-05:00,218.95642,173.77419,505313,17.15,0.0,144.8,15.48,361.9,275.6,274.3,271.6,43.36,44.94,44.78,361.4,108.3,60.14,33.78,1382703.0,362.6,39.13,5.0,0.0,0.0,0.0,0.0,0.0,0.0,0.0,0.0,15.46,16.13,168.5,40.62,43.15,40.76,60.0,59.9,74.7,0.0,274.0,273.0,274.0,33.52,-2.106,33.59,601.0,1373177.0,41223.0,126676.0,-0.998,0.979,0.748,0.921,13.61,15.66,14.8,15.57,15.82,8.18,13.23,4.925,5.665,5.353,5.632,5.723,2.959,4.788,43302.0,43960.0,43528.0,43378.0,44259.0,42012.0,38052.0,1.39,229.7,10.71,2.3,3.531,2.0,-1.0,13.72,0.021,0.219,3.0,2.0,0.0,0.002,17.48,16.34,14.77,15.32,14.9,17.27,14.84,15.99,14.61,30.21
2016-06-09 06:41:00-05:00,195.78957,157.07483,505314,17.21,0.0,133.5,15.6,363.6,275.6,274.0,271.4,40.02,41.59,41.41,363.1,101.0,60.13,30.97,1382703.0,366.8,36.65,5.0,0.0,0.0,0.0,0.0,0.0,0.0,0.0,0.0,15.52,16.25,152.3,37.4,39.84,37.55,60.0,59.9,74.7,0.0,274.0,273.0,274.0,30.8,-2.593,30.91,601.0,1373178.0,41223.0,126676.0,-0.996,0.979,0.748,0.921,12.58,14.2,13.64,14.11,14.35,7.812,12.21,4.573,5.162,4.959,5.129,5.218,2.84,4.439,43302.0,43960.0,43528.0,43378.0,44259.0,42012.0,38052.0,0.627,255.9,22.18,1.1,3.53,2.0,-1.0,13.72,-0.003,0.219,3.0,2.0,0.0,0.001,17.56,16.41,14.9,15.47,15.05,17.57,15.05,16.17,14.82,30.43
2016-06-09 06:42:00-05:00,208.14523,166.82545,505315,17.26,0.0,141.9,15.69,358.0,275.8,273.9,271.3,42.81,44.38,44.22,357.5,108.8,60.14,33.3,1382704.0,361.7,38.9,5.0,0.0,0.0,0.0,0.0,0.0,0.0,0.0,0.0,15.63,16.35,162.4,40.05,42.53,40.28,60.0,59.9,74.7,0.0,274.0,273.0,274.0,33.07,-2.228,33.15,601.0,1373178.0,41223.0,126676.0,-0.998,0.979,0.748,0.921,13.83,15.4,14.88,15.33,15.59,8.42,13.26,4.951,5.511,5.324,5.488,5.58,3.014,4.746,43302.0,43960.0,43528.0,43378.0,44259.0,42012.0,38052.0,0.815,266.0,24.28,1.4,3.531,2.0,-1.0,13.72,0.004,0.219,3.0,2.0,0.0,0.001,17.57,16.5,15.05,15.62,15.16,17.61,15.26,16.34,15.02,30.6
2016-06-09 06:43:00-05:00,177.49371,144.52228,505316,17.31,0.0,124.5,15.5,364.4,275.9,274.0,271.4,37.7,39.25,39.1,363.3,95.5,60.19,29.04,1382704.0,365.1,34.68,5.0,0.0,0.0,0.0,0.0,0.0,0.0,0.0,0.0,15.36,16.41,139.0,35.23,37.63,35.38,60.0,59.9,74.7,0.0,274.0,273.0,274.0,28.87,-2.904,29.02,601.0,1373179.0,41223.0,126676.0,-0.994,0.979,0.748,0.921,11.73,13.01,12.76,12.94,13.28,7.661,11.4,4.274,4.738,4.647,4.712,4.836,2.791,4.151,43302.0,43960.0,43528.0,43378.0,44259.0,42012.0,38052.0,1.32,252.9,11.6,2.1,3.531,2.0,-1.0,13.72,0.006,0.219,3.0,2.0,0.0,0.001,17.55,16.6,15.11,15.75,15.32,17.64,15.45,16.46,15.21,30.82
2016-06-09 06:44:00-05:00,148.98067,122.77951,505317,17.35,0.0,109.2,15.32,363.9,275.5,273.9,271.3,32.64,34.18,34.0,363.2,83.9,60.15,24.81,1382705.0,365.9,30.43,5.0,0.0,0.0,0.0,0.0,0.0,0.0,0.0,0.0,15.15,16.28,119.3,30.36,32.63,30.52,60.0,59.9,74.7,0.0,274.0,273.0,274.0,24.89,-3.619,25.16,601.0,1373179.0,41223.0,126676.0,-0.989,0.979,0.748,0.921,10.33,11.32,11.12,11.13,11.47,7.413,9.76,3.752,4.11,4.037,4.044,4.165,2.694,3.544,43302.0,43960.0,43528.0,43378.0,44259.0,42012.0,38052.0,1.31,235.4,21.19,2.4,3.53,2.0,-1.0,13.72,0.006,0.219,3.0,2.0,0.0,0.001,17.42,16.5,15.11,15.78,15.32,17.64,15.44,16.41,15.21,31.03
2016-06-09 06:45:00-05:00,228.93599,183.86104,505318,17.39,0.0,157.7,15.26,346.6,275.7,274.2,271.5,47.14,48.71,48.62,346.7,122.0,60.15,36.94,1382705.0,346.8,42.28,5.0,0.0,0.0,0.0,0.0,0.0,0.0,0.0,0.0,15.07,16.3,180.4,44.32,46.79,44.54,60.0,59.9,74.7,0.0,274.0,273.0,274.0,36.69,-1.742,36.73,601.0,1373180.0,41223.0,126676.0,-0.999,0.979,0.748,0.921,15.75,17.49,17.09,17.32,17.53,10.34,15.07,5.455,6.059,5.92,5.998,6.073,3.582,5.219,43302.0,43960.0,43528.0,43378.0,44259.0,42012.0,38052.0,1.505,243.7,8.65,2.3,3.531,2.0,-1.0,13.72,0.009,0.219,1.0,2.0,0.0,0.001,17.45,16.48,15.19,15.81,15.37,17.69,15.55,16.5,15.33,31.19
2016-06-09 06:46:00-05:00,235.47023,189.68901,505319,17.42,0.0,163.1,15.4,352.0,275.7,274.1,271.4,49.73,51.24,51.14,352.3,125.9,60.17,39.05,1382706.0,351.6,44.33,5.0,0.0,0.0,0.0,0.0,0.0,0.0,0.0,0.0,15.25,16.47,186.4,46.73,49.18,46.95,60.0,59.9,74.7,0.0,274.0,273.0,274.0,38.67,-1.44,38.7,601.0,1373180.0,41223.0,126676.0,-0.999,0.979,0.748,0.921,16.25,18.06,17.8,17.86,18.25,10.85,15.55,5.719,6.355,6.263,6.285,6.422,3.817,5.473,43302.0,43960.0,43528.0,43378.0,44259.0,42012.0,38052.0,0.997,246.8,18.55,2.1,3.531,2.0,-1.0,13.72,0.013,0.219,1.0,2.0,0.0,0.001,17.61,16.63,15.36,15.97,15.57,17.89,15.8,16.71,15.62,31.39
2016-06-09 06:47:00-05:00,292.6151,234.18324,505320,17.44,0.0,199.2,15.39,352.5,275.7,274.2,271.5,61.02,62.21,62.31,351.7,152.5,60.22,48.37,1382707.0,353.3,53.61,5.0,0.0,0.0,0.0,0.0,0.0,0.0,0.0,0.0,15.17,16.67,230.4,57.9,60.45,58.22,60.0,59.9,74.7,0.0,274.0,273.0,274.0,47.94,0.051,47.94,601.0,1373181.0,41223.0,126676.0,0.633,0.979,0.748,0.921,19.96,22.32,22.12,22.09,22.45,13.11,19.21,7.034,7.866,7.796,7.787,7.913,4.621,6.772,43302.0,43960.0,43529.0,43378.0,44259.0,42012.0,38052.0,1.282,258.3,23.06,2.4,3.531,2.0,-1.0,13.72,0.004,0.22,3.0,2.0,0.0,0.001,17.79,16.77,15.64,16.17,15.78,17.98,16.08,16.95,15.9,31.54
2016-06-09 06:48:00-05:00,258.04306,208.85403,505321,17.47,0.0,179.2,15.49,362.4,275.7,274.0,271.3,55.58,56.91,56.96,362.0,135.8,60.21,43.85,1382708.0,363.4,49.11,5.0,0.0,0.0,0.0,0.0,0.0,0.0,0.0,0.0,15.31,16.96,203.3,52.46,54.94,52.65,60.0,59.9,74.7,0.0,274.0,273.0,274.0,43.32,-0.705,43.33,601.0,1373182.0,41223.0,126676.0,-0.666,0.979,0.748,0.921,17.47,19.47,19.38,19.29,19.62,11.84,16.93,6.327,7.052,7.017,6.987,7.106,4.287,6.13,43302.0,43961.0,43529.0,43378.0,44259.0,42012.0,38052.0,1.312,269.4,21.52,2.4,3.531,2.0,-1.0,13.72,0.006,0.22,3.0,2.0,0.0,0.001,18.03,17.05,15.98,16.53,16.07,18.13,16.42,17.33,16.27,31.7
2016-06-09 06:49:00-05:00,270.0423,218.4926,505322,17.5,0.0,189.3,15.38,356.3,275.6,274.0,271.3,58.38,59.74,59.76,356.1,144.5,60.21,46.19,1382708.0,357.3,51.42,5.0,0.0,0.0,0.0,0.0,0.0,0.0,0.0,0.0,15.15,17.02,215.2,55.53,58.06,55.79,60.0,59.9,74.7,0.0,274.0,273.0,274.0,45.88,-0.341,45.89,601.0,1373183.0,41223.0,126676.0,-0.2,0.979,0.748,0.921,18.94,21.07,20.83,20.68,21.19,13.26,18.1,6.742,7.503,7.418,7.363,7.545,4.721,6.445,43302.0,43961.0,43529.0,43379.0,44259.0,42012.0,38052.0,1.973,239.9,17.33,3.1,3.531,2.0,-1.0,13.72,0.007,0.22,3.0,2.0,0.0,0.001,18.13,17.17,16.14,16.69,16.27,18.16,16.63,17.46,16.47,31.86
2016-06-09 06:50:00-05:00,331.58295,266.90952,505323,17.53,0.0,229.3,15.44,351.8,275.5,274.1,271.3,70.36,71.7,71.82,351.6,174.8,60.13,56.19,1382709.0,351.9,61.42,5.0,0.0,0.0,0.0,0.0,0.0,0.0,0.0,0.0,15.34,17.31,263.1,67.57,70.11,67.98,60.0,59.9,74.7,0.0,273.8,273.0,274.0,55.79,1.063,55.81,601.0,1373183.0,41223.0,126676.0,0.866,0.979,0.748,0.921,23.14,25.89,25.59,25.45,26.0,16.25,22.22,8.14,9.1,9.0,8.95,9.14,5.713,7.811,43302.0,43961.0,43529.0,43379.0,44260.0,42012.0,38052.0,1.12,249.2,34.57,2.0,3.53,2.0,-1.0,13.72,0.008,0.22,3.0,2.0,0.0,0.001,18.37,17.38,16.43,16.95,16.53,18.42,16.94,17.82,16.78,31.98
2016-06-09 06:51:00-05:00,369.48154,297.73047,505324,17.56,0.0,254.7,15.86,357.7,275.7,274.0,271.2,78.89,80.1,80.4,357.0,192.5,60.18,63.29,1382710.0,359.8,68.69,5.0,0.0,0.0,0.0,0.0,0.0,0.0,0.0,0.0,15.89,17.83,292.5,76.03,78.69,76.48,60.0,59.9,74.7,0.0,273.8,273.0,274.0,62.76,2.141,62.8,601.0,1373184.0,41223.0,126676.0,0.999,0.979,0.748,0.921,25.47,28.56,28.32,28.12,28.74,17.63,24.61,9.11,10.22,10.13,10.06,10.28,6.307,8.8,43302.0,43961.0,43529.0,43379.0,44260.0,42012.0,38053.0,1.627,272.4,16.31,2.9,3.53,2.0,-1.0,13.71,0.019,0.22,3.0,2.0,0.0,0.001,19.0,17.76,16.92,17.41,16.97,18.93,17.46,18.29,17.28,32.12
2016-06-09 06:52:00-05:00,302.95108,248.19278,505325,17.6,0.0,214.2,16.14,357.3,275.5,273.8,271.0,66.87,68.15,68.31,357.0,164.0,60.15,53.22,1382711.0,358.1,58.49,5.0,0.0,0.0,0.0,0.0,0.0,0.0,0.0,0.0,16.22,18.27,239.3,63.7,66.16,64.06,60.0,59.9,74.7,0.0,273.3,273.0,273.6,52.55,0.543,52.56,601.0,1373185.0,41223.0,126676.0,0.267,0.979,0.748,0.921,21.24,23.6,23.58,23.49,23.82,15.53,20.56,7.583,8.42,8.42,8.38,8.5,5.544,7.338,43302.0,43961.0,43530.0,43379.0,44260.0,42012.0,38053.0,1.918,274.9,16.74,3.3,3.531,2.0,-1.0,13.72,0.002,0.22,3.0,2.0,0.0,0.001,19.43,18.18,17.33,17.8,17.38,19.35,17.85,18.69,17.64,32.27
2016-06-09 06:53:00-05:00,304.02032,249.31354,505326,17.65,0.0,219.5,16.39,354.1,275.4,273.8,271.1,67.46,68.79,68.88,353.9,166.4,60.21,53.72,1382712.0,355.2,58.81,5.0,0.0,0.0,0.0,0.0,0.0,0.0,0.0,0.0,16.46,18.41,246.1,64.79,67.34,65.12,60.0,59.9,74.7,0.0,273.2,273.0,273.7,53.45,0.704,53.47,601.0,1373186.0,41223.0,126676.0,0.2,0.979,0.748,0.921,22.15,24.6,24.36,24.16,24.56,16.31,21.02,7.834,8.7,8.61,8.54,8.68,5.768,7.434,43303.0,43962.0,43530.0,43379.0,44260.0,42012.0,38053.0,1.308,286.4,15.13,2.1,3.531,2.0,-1.0,13.72,0.006,0.22,3.0,2.0,0.0,0.0,19.53,18.33,17.44,17.98,17.55,19.48,18.06,18.89,17.8,32.4
2016-06-09 06:54:00-05:00,337.99838,278.45337,505327,17.69,0.0,242.3,16.54,356.0,275.7,273.9,271.2,75.07,76.32,76.49,355.6,184.1,60.22,60.07,1382713.0,357.3,65.42,5.0,0.0,0.0,0.0,0.0,0.0,0.0,0.0,0.0,16.58,18.8,272.4,72.13,74.72,72.51,60.0,59.9,74.7,0.0,273.4,272.9,273.9,59.52,1.596,59.55,601.0,1373187.0,41223.0,126677.0,1.0,0.979,0.748,0.921,24.13,26.99,26.84,26.69,27.18,17.68,23.35,8.59,9.6,9.55,9.5,9.67,6.292,8.31,43303.0,43962.0,43530.0,43380.0,44260.0,42012.0,38053.0,0.952,256.0,28.65,1.9,3.531,2.0,-1.0,13.72,0.007,0.221,3.0,2.0,0.0,0.0,19.97,18.63,17.82,18.4,17.95,19.93,18.47,19.35,18.21,32.57
2016-06-09 06:55:00-05:00,323.97946,269.03897,505328,17.75,0.0,235.6,16.36,357.5,275.3,274.0,271.2,72.94,74.17,74.39,357.3,178.2,60.22,58.28,1382714.0,358.3,63.65,5.0,0.0,0.0,0.0,0.0,0.0,0.0,0.0,0.0,16.21,19.05,262.3,70.02,72.5,70.38,60.0,59.9,74.7,0.0,273.2,273.0,273.8,57.75,1.305,57.77,601.0,1373188.0,41223.0,126677.0,1.0,0.979,0.748,0.921,23.32,26.0,25.87,25.7,26.2,17.25,22.48,8.33,9.29,9.24,9.18,9.36,6.164,8.03,43303.0,43962.0,43530.0,43380.0,44261.0,42012.0,38053.0,1.057,237.7,35.33,2.2,3.531,2.0,-1.0,13.72,0.008,0.221,3.0,2.0,0.0,0.0,20.23,19.01,18.12,18.68,18.22,20.04,18.71,19.57,18.55,32.66
2016-06-09 06:56:00-05:00,294.04077,246.06335,505329,17.81,0.0,219.0,16.11,356.4,275.7,274.2,271.4,67.38,68.61,68.79,356.3,165.5,60.22,53.69,1382715.0,357.9,58.92,5.0,0.0,0.0,0.0,0.0,0.0,0.0,0.0,0.0,15.92,19.11,242.1,64.64,67.11,64.93,60.0,59.9,74.7,0.0,273.9,273.0,273.9,53.39,0.665,53.4,601.0,1373189.0,41223.0,126677.0,0.967,0.979,0.748,0.921,21.8,24.23,24.01,23.93,24.35,16.33,20.82,7.763,8.63,8.55,8.52,8.67,5.816,7.416,43303.0,43962.0,43530.0,43380.0,44261.0,42012.0,38054.0,1.343,256.0,35.05,2.3,3.53,2.0,-1.0,13.71,0.039,0.22,3.0,2.0,0.0,0.0,20.27,19.02,18.27,18.84,18.42,20.03,18.89,19.56,18.75,32.83
2016-06-09 06:57:00-05:00,310.19815,260.52118,505330,17.86,0.0,230.5,15.93,358.2,275.9,274.3,271.5,71.21,72.36,72.61,357.7,174.0,60.19,56.88,1382716.0,359.4,62.22,5.0,0.0,0.0,0.0,0.0,0.0,0.0,0.0,0.0,15.83,19.29,255.0,68.39,70.84,68.7,60.0,59.9,74.7,0.0,274.0,273.0,274.0,56.48,1.112,56.49,601.0,1373190.0,41223.0,126677.0,1.0,0.979,0.748,0.921,22.83,25.48,25.25,25.21,25.58,17.05,21.91,8.17,9.12,9.04,9.03,9.16,6.107,7.848,43303.0,43963.0,43531.0,43380.0,44261.0,42012.0,38054.0,1.39,234.5,13.4,2.0,3.531,2.0,-1.0,13.71,-0.016,0.22,3.0,2.0,0.0,0.001,20.39,19.22,18.51,19.06,18.56,20.45,19.07,19.93,18.91,32.86
2016-06-09 06:58:00-05:00,323.62305,272.40125,505331,17.92,0.0,241.1,15.9,353.8,276.2,274.5,271.6,74.26,75.54,75.72,352.5,183.5,60.14,59.52,1382717.0,354.2,64.69,5.0,0.0,0.0,0.0,0.0,0.0,0.0,0.0,0.0,15.88,19.35,266.9,71.46,73.96,71.86,60.0,59.9,74.7,0.0,274.0,273.0,274.0,59.06,1.478,59.08,601.0,1373191.0,41223.0,126677.0,1.0,0.979,0.748,0.921,24.12,26.9,26.72,26.81,27.13,17.86,23.23,8.53,9.52,9.45,9.48,9.6,6.32,8.22,43304.0,43963.0,43531.0,43380.0,44261.0,42012.0,38054.0,1.078,233.6,19.29,1.7,3.531,2.0,-1.0,13.72,0.006,0.221,3.0,2.0,0.0,0.0,20.56,19.48,18.68,19.3,18.76,20.52,19.2,20.27,19.2,33.01
2016-06-09 06:59:00-05:00,342.15652,288.204,505332,17.97,0.0,255.6,15.83,352.6,276.2,274.4,271.6,78.47,79.77,79.95,352.0,194.1,60.15,63.05,1382718.0,354.1,68.33,5.0,0.0,0.0,0.0,0.0,0.0,0.0,0.0,0.0,15.71,19.48,283.1,75.66,78.32,76.09,60.0,59.9,74.7,0.0,274.0,273.0,274.0,62.55,2.096,62.58,601.0,1373192.0,41223.0,126677.0,0.999,0.979,0.748,0.921,25.65,28.7,28.44,28.55,28.81,18.85,24.69,9.04,10.12,10.02,10.06,10.16,6.647,8.7,43304.0,43963.0,43531.0,43381.0,44262.0,42012.0,38054.0,1.273,258.1,38.34,3.0,3.53,2.0,-1.0,13.72,0.008,0.221,3.0,2.0,0.0,0.0,20.66,19.52,18.89,19.41,18.94,20.5,19.41,20.35,19.45,33.11
2016-06-09 07:00:00-05:00,366.39264,309.27432,505333,18.03,0.0,273.1,15.86,353.9,276.2,274.5,271.7,84.0,85.1,85.4,352.8,206.9,60.15,67.61,1382719.0,354.6,73.0,5.0,0.0,0.0,0.0,0.0,0.0,0.0,0.0,0.0,15.82,19.76,302.7,81.0,83.7,81.5,60.0,59.9,74.7,0.0,274.0,273.0,274.0,66.95,2.828,67.01,601.0,1373193.0,41223.0,126677.0,0.999,0.979,0.748,0.921,27.25,30.56,30.33,30.49,30.7,19.84,26.35,9.64,10.81,10.73,10.79,10.86,7.021,9.32,43304.0,43963.0,43531.0,43381.0,44262.0,42012.0,38054.0,0.76,275.3,19.85,1.5,3.53,2.0,-1.0,13.72,0.008,0.221,3.0,2.0,0.0,0.0,20.89,19.71,19.2,19.62,19.27,20.65,19.79,20.55,19.71,33.21
2016-06-09 07:01:00-05:00,346.78992,294.92856,505334,18.08,0.0,261.2,16.09,364.3,276.1,274.5,271.6,80.5,81.5,81.8,363.3,193.8,60.15,64.63,1382720.0,365.4,70.43,5.0,0.0,0.0,0.0,0.0,0.0,0.0,0.0,0.0,16.09,20.18,287.4,77.42,80.0,77.77,60.0,59.9,74.7,0.0,273.9,273.0,273.9,63.94,2.332,63.98,601.0,1373194.0,41223.0,126677.0,0.999,0.979,0.748,0.921,25.23,28.23,28.16,28.28,28.42,18.58,24.39,9.19,10.28,10.26,10.3,10.35,6.768,8.89,43304.0,43963.0,43532.0,43381.0,44262.0,42012.0,38055.0,0.852,284.4,24.25,2.0,3.53,2.0,-1.0,13.72,0.009,0.221,3.0,2.0,0.0,0.0,21.29,20.05,19.53,20.06,19.54,21.25,20.06,21.11,20.05,33.31
2016-06-09 07:02:00-05:00,314.71274,269.71143,505335,18.14,0.0,241.3,16.26,358.4,275.9,274.2,271.4,73.99,75.19,75.45,357.9,181.5,60.15,59.22,1382721.0,359.6,64.93,5.0,0.0,0.0,0.0,0.0,0.0,0.0,0.0,0.0,16.3,20.07,263.8,71.15,73.74,71.53,60.0,59.9,74.7,0.0,274.0,273.0,274.0,58.76,1.567,58.78,601.0,1373195.0,41223.0,126677.0,1.0,0.979,0.748,0.921,23.73,26.51,26.32,26.39,26.64,17.74,22.79,8.5,9.49,9.43,9.45,9.54,6.353,8.16,43305.0,43964.0,43532.0,43381.0,44262.0,42012.0,38055.0,0.887,284.3,51.89,1.6,3.53,2.0,-1.0,13.71,0.016,0.221,3.0,2.0,0.0,0.001,21.31,20.21,19.72,20.21,19.7,21.32,20.19,21.21,20.28,33.4
2016-06-09 07:03:00-05:00,325.64273,279.68622,505336,18.2,0.0,249.7,16.41,355.2,276.0,274.5,271.7,76.79,78.01,78.26,354.4,189.9,60.15,61.6,1382722.0,355.6,67.29,5.0,0.0,0.0,0.0,0.0,0.0,0.0,0.0,0.0,16.53,20.25,273.2,73.93,76.57,74.38,60.0,59.9,74.7,0.0,274.0,273.0,274.0,61.11,1.921,61.14,601.0,1373196.0,41223.0,126677.0,0.999,0.979,0.748,0.921,24.87,27.8,27.61,27.63,27.91,18.46,23.93,8.83,9.87,9.81,9.81,9.91,6.558,8.5,43305.0,43964.0,43532.0,43382.0,44263.0,42012.0,38055.0,0.922,252.6,44.52,1.9,3.53,2.0,-1.0,13.72,0.006,0.221,3.0,2.0,0.0,0.001,21.42,20.39,19.78,20.41,19.85,21.3,20.31,21.37,20.45,33.52
2016-06-09 07:04:00-05:00,337.64197,290.66968,505337,18.26,0.0,259.6,16.44,355.3,276.8,275.0,272.1,79.64,80.9,81.1,354.4,197.1,60.14,64.16,1382724.0,356.6,69.85,5.0,0.0,0.0,0.0,0.0,0.0,0.0,0.0,0.0,16.45,20.56,284.3,76.73,79.43,77.22,60.0,59.9,74.7,0.0,274.7,273.9,274.7,63.57,2.292,63.61,601.0,1373197.0,41223.0,126677.0,0.999,0.979,0.748,0.921,25.83,28.92,28.68,28.73,29.07,19.0,24.89,9.18,10.28,10.19,10.21,10.33,6.753,8.84,43305.0,43964.0,43532.0,43382.0,44263.0,42012.0,38055.0,1.318,269.2,33.54,2.1,3.53,2.0,-1.0,13.72,0.008,0.221,3.0,2.0,0.0,0.0,21.64,20.55,19.98,20.6,20.1,21.46,20.49,21.61,20.6,33.61
2016-06-09 07:05:00-05:00,307.58447,267.58197,505338,18.32,0.0,239.2,16.32,364.8,276.8,274.9,272.0,73.05,74.25,74.49,363.7,177.9,60.14,58.59,1382725.0,365.2,64.64,5.0,0.0,0.0,0.0,0.0,0.0,0.0,0.0,0.0,16.28,20.63,259.6,70.06,72.57,70.39,60.0,59.9,74.7,0.0,274.4,273.8,274.5,57.98,1.416,57.99,601.0,1373198.0,41223.0,126677.0,1.0,0.979,0.748,0.921,22.94,25.49,25.39,25.6,25.82,17.16,22.04,8.36,9.29,9.25,9.33,9.41,6.254,8.03,43305.0,43964.0,43533.0,43382.0,44263.0,42012.0,38056.0,0.982,259.6,32.42,1.6,3.531,2.0,-1.0,13.72,0.008,0.221,3.0,2.0,0.0,0.0,21.76,20.73,20.18,20.76,20.26,21.71,20.65,21.73,20.72,33.71
2016-06-09 07:06:00-05:00,269.68588,236.64894,505339,18.38,0.0,214.6,16.39,363.0,276.4,274.6,271.8,65.45,66.63,66.86,362.2,160.5,60.15,52.18,1382725.0,364.2,58.1,5.0,0.0,0.0,0.0,0.0,0.0,0.0,0.0,0.0,16.37,20.76,232.0,62.59,65.07,62.84,60.0,59.9,74.7,0.0,274.1,273.3,274.1,51.77,0.526,51.78,601.0,1373199.0,41223.0,126677.0,0.367,0.979,0.748,0.921,20.65,22.9,22.75,22.96,23.32,15.79,19.75,7.49,8.31,8.25,8.33,8.46,5.73,7.166,43306.0,43965.0,43533.0,43382.0,44263.0,42012.0,38056.0,0.977,304.0,19.58,1.5,3.531,2.0,-1.0,13.72,0.009,0.221,3.0,2.0,0.0,0.0,21.87,20.68,20.22,20.84,20.37,21.67,20.73,21.75,20.66,33.8
2016-06-09 07:07:00-05:00,301.88187,263.9955,505340,18.44,0.0,238.1,16.53,356.7,276.6,274.7,271.8,72.99,74.19,74.44,355.9,182.0,60.14,58.49,1382726.0,357.9,64.7,5.0,0.0,0.0,0.0,0.0,0.0,0.0,0.0,0.0,16.61,20.91,257.8,70.07,72.66,70.48,60.0,59.9,74.7,0.0,274.0,273.2,274.0,57.98,1.446,58.01,601.0,1373200.0,41223.0,126677.0,0.733,0.979,0.748,0.921,23.5,26.29,26.08,26.1,26.42,17.6,22.61,8.37,9.37,9.29,9.3,9.41,6.272,8.06,43306.0,43965.0,43533.0,43383.0,44264.0,42012.0,38056.0,0.998,283.3,21.26,1.8,3.531,2.0,-1.0,13.72,0.009,0.221,3.0,2.0,0.0,0.0,21.98,20.75,20.31,20.91,20.45,21.62,20.84,21.75,20.68,33.91
2016-06-09 07:08:00-05:00,359.7396,313.42114,505341,18.49,0.0,280.8,16.73,349.2,276.4,274.6,271.8,85.7,86.9,87.1,348.2,216.3,60.14,69.08,1382728.0,350.1,75.3,5.0,0.0,0.0,0.0,0.0,0.0,0.0,0.0,0.0,16.78,21.17,305.9,82.6,85.4,83.2,60.0,59.9,74.7,0.0,274.0,273.1,274.0,68.34,3.052,68.41,601.0,1373201.0,41223.0,126677.0,0.999,0.979,0.748,0.921,28.2,31.74,31.42,31.46,31.85,20.52,27.2,9.84,11.08,10.97,10.98,11.12,7.166,9.5,43306.0,43965.0,43533.0,43383.0,44264.0,42012.0,38056.0,1.113,299.7,16.71,2.4,3.531,2.0,-1.0,13.72,0.009,0.222,3.0,2.0,0.0,0.0,22.3,21.01,20.41,21.06,20.57,21.78,21.02,22.07,20.87,34.01
2016-06-09 07:09:00-05:00,350.35403,306.92075,505342,18.55,0.0,275.8,16.82,358.2,276.5,274.6,271.8,84.4,85.6,85.9,358.0,208.9,60.15,68.03,1382729.0,358.4,74.77,5.0,0.0,0.0,0.0,0.0,0.0,0.0,0.0,0.0,16.94,21.54,299.4,81.4,84.0,81.9,60.0,59.9,74.7,0.0,274.0,273.0,274.0,67.28,2.805,67.34,601.0,1373202.0,41223.0,126677.0,0.999,0.979,0.748,0.921,27.01,30.41,30.09,30.2,30.59,19.77,26.06,9.67,10.89,10.77,10.81,10.95,7.08,9.33,43306.0,43965.0,43533.0,43383.0,44264.0,42012.0,38056.0,1.248,292.8,15.27,1.8,3.531,2.0,-1.0,13.72,0.009,0.222,3.0,2.0,0.0,0.0,22.69,21.38,20.8,21.45,21.08,22.23,21.3,22.57,21.13,34.16
2016-06-09 07:10:00-05:00,377.91663,331.01712,505343,18.6,0.0,297.7,16.74,355.2,276.4,274.6,271.9,91.0,92.2,92.4,354.7,225.6,60.15,73.53,1382730.0,355.5,79.97,5.0,0.0,0.0,0.0,0.0,0.0,0.0,0.0,0.0,16.81,21.7,323.9,87.9,90.7,88.4,60.0,59.9,74.7,0.0,274.0,273.0,274.0,72.65,3.658,72.74,601.0,1373204.0,41223.0,126677.0,0.999,0.979,0.748,0.921,29.37,33.2,32.81,32.95,33.34,21.27,28.42,10.43,11.79,11.65,11.7,11.84,7.554,10.09,43306.0,43966.0,43534.0,43383.0,44264.0,42012.0,38057.0,1.72,297.8,15.51,2.4,3.531,2.0,-1.0,13.72,0.009,0.222,3.0,2.0,0.0,0.0,22.88,21.59,21.09,21.7,21.27,22.53,21.65,22.82,21.38,34.29
2016-06-09 07:11:00-05:00,348.80957,308.0415,505344,18.66,0.0,277.1,16.75,357.7,276.5,274.8,272.0,84.7,85.8,86.1,357.2,209.5,60.21,68.23,1382731.0,358.8,74.78,5.0,0.0,0.0,0.0,0.0,0.0,0.0,0.0,0.0,16.87,21.81,299.5,81.5,84.1,81.9,60.0,59.9,74.7,0.0,274.0,273.0,274.0,67.35,2.826,67.41,601.0,1373205.0,41223.0,126677.0,0.999,0.979,0.748,0.921,26.93,30.38,30.17,30.24,30.66,19.71,26.19,9.63,10.86,10.79,10.81,10.96,7.047,9.36,43307.0,43966.0,43534.0,43384.0,44264.0,42013.0,38057.0,0.778,290.6,26.96,1.3,3.528,2.0,-1.0,13.72,0.009,0.222,3.0,2.0,0.0,0.0,23.13,21.82,21.33,21.95,21.45,22.67,21.89,23.13,21.6,34.42
2016-06-09 07:12:00-05:00,299.14935,266.68536,505345,18.72,0.0,241.7,16.9,363.7,276.3,274.6,271.8,73.09,74.18,74.47,363.2,179.5,60.19,58.52,1382732.0,364.4,65.2,5.0,0.0,0.0,0.0,0.0,0.0,0.0,0.0,0.0,16.96,21.82,259.6,70.22,72.66,70.48,60.0,59.9,74.7,0.0,274.0,273.0,274.0,58.0,1.345,58.02,601.0,1373206.0,41223.0,126677.0,1.0,0.979,0.748,0.921,22.91,25.8,25.64,25.66,25.95,17.07,22.22,8.33,9.38,9.32,9.33,9.43,6.208,8.08,43307.0,43966.0,43534.0,43384.0,44265.0,42013.0,38057.0,1.533,295.7,17.48,2.2,3.528,2.0,-1.0,13.72,0.009,0.221,3.0,2.0,0.0,0.0,23.11,21.92,21.45,21.97,21.59,22.75,21.9,23.16,21.69,34.6
2016-06-09 07:13:00-05:00,311.98022,277.89297,505346,18.78,0.0,252.2,16.88,357.0,276.3,274.4,271.6,76.55,77.73,77.99,356.7,190.1,60.15,61.41,1382733.0,359.0,67.79,5.0,0.0,0.0,0.0,0.0,0.0,0.0,0.0,0.0,16.97,21.76,271.5,73.77,76.26,74.12,60.0,59.9,74.7,0.0,274.0,273.0,274.0,60.93,1.757,60.95,601.0,1373207.0,41223.0,126677.0,1.0,0.979,0.748,0.921,24.57,27.71,27.49,27.58,27.87,18.07,23.78,8.77,9.89,9.81,9.84,9.94,6.446,8.49,43307.0,43966.0,43534.0,43384.0,44265.0,42013.0,38057.0,1.38,298.9,13.17,2.4,3.53,2.0,-1.0,13.72,0.01,0.221,3.0,2.0,0.0,0.0,23.06,21.87,21.43,21.94,21.62,22.57,21.92,23.01,21.71,34.73
2016-06-09 07:14:00-05:00,353.91815,314.31775,505347,18.84,0.0,284.1,16.73,347.3,276.4,274.4,271.7,86.0,87.2,87.4,347.3,217.8,60.14,69.32,1382734.0,348.8,75.63,5.0,0.0,0.0,0.0,0.0,0.0,0.0,0.0,0.0,16.8,21.69,306.7,83.1,85.7,83.5,60.0,59.9,74.7,0.0,274.0,273.0,274.0,68.6,2.97,68.66,601.0,1373208.0,41223.0,126677.0,0.999,0.979,0.748,0.921,28.23,32.06,31.8,31.88,32.18,20.58,27.54,9.8,11.14,11.04,11.07,11.18,7.149,9.57,43307.0,43966.0,43535.0,43384.0,44265.0,42013.0,38058.0,1.915,284.3,18.46,3.0,3.527,2.0,-1.0,13.72,0.01,0.222,3.0,2.0,0.0,0.0,22.98,21.99,21.6,22.08,21.76,22.67,21.97,23.18,21.69,34.91
2016-06-09 07:15:00-05:00,366.03622,325.63748,505348,18.9,0.0,293.7,16.81,352.4,276.1,274.5,271.7,89.5,90.7,90.9,351.8,223.4,60.15,72.21,1382735.0,353.5,78.55,5.0,0.0,0.0,0.0,0.0,0.0,0.0,0.0,0.0,16.86,22.02,316.5,86.7,89.3,87.1,60.0,59.9,74.7,0.0,274.0,273.0,274.0,71.35,3.396,71.44,601.0,1373209.0,41223.0,126677.0,0.999,0.979,0.748,0.921,28.77,32.77,32.59,32.67,32.93,21.18,28.23,10.13,11.54,11.48,11.5,11.6,7.458,9.94,43308.0,43967.0,43535.0,43384.0,44265.0,42013.0,38058.0,0.775,275.2,50.07,1.9,3.528,2.0,-1.0,13.72,0.01,0.222,3.0,2.0,0.0,0.0,23.35,22.3,21.82,22.34,21.95,23.08,22.15,23.39,22.0,35.0
2016-06-09 07:16:00-05:00,354.8686,316.22305,505349,18.97,0.0,287.8,16.87,355.2,276.7,274.9,272.1,87.5,88.6,88.9,355.2,216.9,60.15,70.63,1382737.0,356.2,77.02,5.0,0.0,0.0,0.0,0.0,0.0,0.0,0.0,0.0,16.95,22.05,310.0,84.5,87.1,84.9,60.0,59.9,74.7,0.0,274.0,273.7,274.7,69.86,3.112,69.93,601.0,1373210.0,41223.0,126677.0,0.999,0.979,0.748,0.921,28.08,32.02,31.69,31.73,32.13,21.05,27.42,9.97,11.37,11.25,11.27,11.41,7.473,9.74,43308.0,43967.0,43535.0,43385.0,44266.0,42013.0,38058.0,0.91,282.2,34.7,1.6,3.53,2.0,-1.0,13.72,0.01,0.222,3.0,2.0,0.0,0.0,23.4,22.33,21.86,22.47,22.03,23.19,22.31,23.54,22.25,35.15
2016-06-09 07:17:00-05:00,376.01575,335.61224,505350,19.02,0.0,303.5,16.76,352.2,276.6,275.1,272.4,92.5,93.6,93.9,352.0,230.7,60.14,74.86,1382738.0,353.2,81.2,5.0,0.0,0.0,0.0,0.0,0.0,0.0,0.0,0.0,16.83,21.96,326.2,89.5,92.2,89.9,60.0,59.9,74.7,0.0,274.0,273.8,274.8,73.97,3.752,74.06,601.0,1373211.0,41223.0,126677.0,0.999,0.979,0.748,0.921,29.76,33.93,33.6,33.73,34.13,22.51,29.2,10.48,11.95,11.83,11.88,12.02,7.927,10.28,43308.0,43967.0,43535.0,43385.0,44266.0,42013.0,38058.0,0.927,277.1,29.14,1.5,3.531,2.0,-1.0,13.72,0.01,0.222,3.0,2.0,0.0,0.0,23.26,22.38,21.93,22.39,22.04,22.98,22.35,23.36,22.46,35.27
2016-06-09 07:18:00-05:00,369.71915,330.90503,505351,19.08,0.0,300.1,16.8,352.8,276.6,275.0,272.2,91.6,92.7,93.0,352.6,228.0,60.14,74.07,1382739.0,353.5,80.4,5.0,0.0,0.0,0.0,0.0,0.0,0.0,0.0,0.0,16.81,22.31,321.8,88.5,91.2,89.0,60.0,59.9,74.7,0.0,274.0,273.5,274.1,73.18,3.616,73.27,601.0,1373213.0,41223.0,126677.0,0.999,0.979,0.748,0.921,29.27,33.45,33.19,33.29,33.65,22.58,28.79,10.33,11.8,11.71,11.74,11.87,7.966,10.16,43308.0,43967.0,43536.0,43385.0,44266.0,42014.0,38059.0,0.775,289.4,16.3,1.7,3.531,2.0,-1.0,13.72,0.01,0.222,3.0,2.0,0.0,0.0,23.56,22.57,22.19,22.65,22.3,23.32,22.53,23.66,22.67,35.37
2016-06-09 07:19:00-05:00,398.7074,356.23425,505352,19.13,0.0,324.3,16.74,349.4,276.8,275.1,272.3,98.5,99.5,99.9,349.2,246.8,60.14,79.84,1382740.0,351.3,86.1,5.0,0.0,0.0,0.0,0.0,0.0,0.0,0.0,0.0,16.67,22.42,348.1,95.3,98.0,95.8,60.0,59.9,74.7,0.0,274.0,273.7,274.5,78.75,4.504,78.88,601.0,1373214.0,41223.0,126677.0,0.998,0.979,0.748,0.921,32.06,36.44,36.17,36.32,36.7,24.63,31.32,11.2,12.73,12.63,12.68,12.81,8.6,10.94,43309.0,43968.0,43536.0,43385.0,44266.0,42014.0,38059.0,0.9,267.0,41.62,1.9,3.53,2.0,-1.0,13.72,0.01,0.222,3.0,2.0,0.0,0.0,23.66,22.69,22.38,22.79,22.42,23.45,22.71,23.74,22.93,35.54
2016-06-09 07:20:00-05:00,422.82468,378.08914,505353,19.18,0.0,343.5,16.83,351.5,277.0,275.2,272.4,104.4,105.4,105.7,351.3,260.1,60.15,84.8,1382742.0,353.1,91.4,5.0,0.0,0.0,0.0,0.0,0.0,0.0,0.0,0.0,16.75,22.92,367.4,101.3,104.1,101.8,60.0,59.9,74.7,0.0,274.3,273.6,274.6,83.7,5.293,83.9,601.0,1373215.0,41223.0,126678.0,0.998,0.979,0.748,0.921,33.66,38.42,38.22,38.21,38.53,25.96,33.1,11.83,13.51,13.44,13.43,13.54,9.12,11.64,43309.0,43968.0,43536.0,43386.0,44267.0,42014.0,38059.0,1.772,290.1,12.72,3.1,3.53,2.0,-1.0,13.72,0.01,0.223,3.0,2.0,0.0,0.0,24.21,23.11,22.83,23.17,22.91,23.94,23.12,24.39,23.09,35.69
2016-06-09 07:21:00-05:00,424.01273,379.88235,505354,19.24,0.0,346.0,16.95,353.1,277.0,275.4,272.6,105.3,106.2,106.6,353.1,261.2,60.21,85.6,1382743.0,354.6,92.2,5.0,0.0,0.0,0.0,0.0,0.0,0.0,0.0,0.0,17.02,23.24,369.4,102.1,105.0,102.6,60.0,59.9,74.7,0.0,274.6,274.0,275.0,84.4,5.412,84.6,601.0,1373217.0,41223.0,126678.0,0.998,0.979,0.748,0.921,33.73,38.52,38.34,38.33,38.59,26.27,33.17,11.91,13.6,13.54,13.54,13.62,9.28,11.71,43309.0,43968.0,43536.0,43386.0,44267.0,42014.0,38059.0,1.922,293.5,20.58,3.4,3.53,2.0,-1.0,13.72,0.01,0.223,3.0,2.0,0.0,0.0,24.52,23.54,23.16,23.41,23.15,24.09,23.48,24.55,23.28,35.81
2016-06-09 07:22:00-05:00,425.08197,381.67557,505355,19.31,0.0,348.1,17.07,353.0,276.6,275.0,272.2,106.3,107.3,107.6,352.6,263.7,60.21,86.3,1382745.0,353.4,93.0,5.0,0.0,0.0,0.0,0.0,0.0,0.0,0.0,0.0,17.08,23.56,371.0,103.1,106.1,103.7,60.0,59.9,74.7,0.0,274.1,273.5,274.4,85.1,5.557,85.3,601.0,1373218.0,41223.0,126678.0,0.998,0.979,0.748,0.921,34.14,38.76,38.46,38.62,38.92,27.2,33.28,12.05,13.68,13.58,13.63,13.74,9.6,11.75,43309.0,43968.0,43536.0,43386.0,44267.0,42015.0,38060.0,1.397,278.1,30.45,2.2,3.53,2.0,-1.0,13.72,0.01,0.223,3.0,2.0,0.0,0.0,24.85,23.53,23.43,23.77,23.48,24.3,23.79,24.76,23.46,35.99
2016-06-09 07:23:00-05:00,429.24014,386.04654,505356,19.37,0.0,352.3,16.84,351.4,277.1,275.3,272.4,107.7,108.7,109.1,351.5,268.1,60.15,87.6,1382746.0,351.4,94.2,5.0,0.0,0.0,0.0,0.0,0.0,0.0,0.0,0.0,16.72,23.66,375.0,104.6,107.4,105.2,60.0,59.9,74.7,0.0,274.2,273.8,274.7,86.4,5.7,86.6,601.0,1373220.0,41223.0,126678.0,0.998,0.979,0.748,0.921,34.65,39.31,39.1,39.21,39.5,28.28,33.9,12.18,13.81,13.74,13.78,13.88,9.94,11.91,43309.0,43969.0,43537.0,43386.0,44267.0,42015.0,38060.0,1.228,245.4,20.9,2.0,3.53,2.0,-1.0,13.72,0.01,0.223,3.0,2.0,0.0,0.0,25.04,23.64,23.64,23.95,23.66,24.48,24.03,25.0,23.8,36.07
2016-06-09 07:24:00-05:00,433.27948,390.19336,505357,19.44,0.0,357.0,16.79,350.4,277.0,275.1,272.2,109.4,110.3,110.7,349.4,270.9,60.13,88.9,1382748.0,351.1,94.6,5.0,0.0,0.0,0.0,0.0,0.0,0.0,0.0,0.0,16.63,23.97,378.8,106.1,109.0,106.7,60.0,59.9,74.7,0.0,274.0,273.3,274.1,87.6,5.867,87.8,601.0,1373221.0,41223.0,126678.0,0.998,0.979,0.748,0.921,35.14,39.93,39.66,39.75,40.06,29.47,34.33,12.31,13.99,13.9,13.93,14.04,10.33,12.03,43310.0,43969.0,43537.0,43387.0,44268.0,42015.0,38060.0,1.417,275.0,22.09,2.7,3.531,2.0,-1.0,13.72,0.01,0.223,3.0,2.0,0.0,0.0,25.33,23.97,23.87,24.21,23.9,24.69,24.26,25.32,24.12,36.25
2016-06-09 07:25:00-05:00,437.55643,394.78848,505358,19.51,0.0,361.9,16.69,350.2,276.6,274.8,272.0,111.0,111.9,112.3,349.0,274.8,60.15,90.2,1382749.0,351.2,95.9,5.0,0.0,0.0,0.0,0.0,0.0,0.0,0.0,0.0,16.65,23.64,383.0,107.8,110.7,108.4,60.0,59.9,74.7,0.0,274.0,273.0,274.0,88.9,6.088,89.1,601.0,1373223.0,41223.0,126678.0,0.998,0.979,0.748,0.921,35.66,40.48,40.19,40.29,40.59,30.48,34.77,12.49,14.17,14.07,14.11,14.21,10.67,12.17,43310.0,43969.0,43537.0,43387.0,44268.0,42015.0,38060.0,1.86,286.1,22.09,2.6,3.53,2.0,-1.0,13.68,-0.014,0.223,3.0,2.0,0.0,0.0,24.95,23.93,23.98,24.27,24.04,24.49,24.52,25.21,24.17,36.38
2016-06-09 07:26:00-05:00,441.59576,399.15945,505359,19.57,0.0,366.4,16.71,350.8,276.9,274.8,271.9,112.7,113.5,114.0,350.6,278.5,60.14,91.5,1382751.0,351.3,97.6,5.0,0.0,0.0,0.0,0.0,0.0,0.0,0.0,0.0,16.71,23.99,386.9,109.4,112.3,110.0,60.0,59.9,74.7,0.0,274.0,273.0,274.0,90.2,6.307,90.5,601.0,1373224.0,41223.0,126678.0,0.998,0.979,0.748,0.921,36.01,40.95,40.52,40.68,41.02,31.66,35.07,12.63,14.36,14.21,14.27,14.39,11.11,12.3,43310.0,43969.0,43537.0,43387.0,44268.0,42015.0,38060.0,1.643,249.7,21.91,2.9,3.53,2.0,-1.0,13.68,-0.036,0.224,3.0,2.0,0.0,0.001,25.17,24.11,24.16,24.55,24.13,24.9,24.67,25.39,24.4,36.56
2016-06-09 07:27:00-05:00,444.9223,402.97003,505360,19.63,0.0,370.3,16.79,350.3,276.7,274.9,272.0,114.2,115.0,115.4,350.0,282.3,60.14,92.8,1382752.0,350.5,98.8,5.0,0.0,0.0,0.0,0.0,0.0,0.0,0.0,0.0,16.79,24.03,390.4,110.9,113.7,111.4,60.0,59.9,74.7,0.0,274.0,273.0,274.0,91.4,6.458,91.6,601.0,1373226.0,41223.0,126678.0,0.998,0.979,0.748,0.921,36.31,41.41,41.05,41.16,41.45,32.86,35.52,12.72,14.5,14.38,14.42,14.52,11.51,12.44,43310.0,43970.0,43538.0,43387.0,44268.0,42016.0,38061.0,0.773,276.7,34.44,1.5,3.531,2.0,-1.0,13.68,-0.007,0.224,3.0,2.0,0.0,0.001,25.41,24.42,24.39,24.83,24.29,25.34,24.76,25.81,24.74,36.71
2016-06-09 07:28:00-05:00,448.60522,406.8927,505361,19.7,0.0,374.4,16.96,351.4,276.6,275.0,272.0,115.5,116.2,116.7,351.1,285.0,60.17,93.9,1382754.0,351.4,100.1,5.0,0.0,0.0,0.0,0.0,0.0,0.0,0.0,0.0,16.95,24.27,394.1,112.2,115.1,112.8,60.0,59.9,74.7,0.0,274.0,273.0,274.0,92.5,6.649,92.8,601.0,1373227.0,41223.0,126678.0,0.997,0.979,0.748,0.921,36.47,41.62,41.32,41.4,41.77,33.6,35.77,12.81,14.62,14.52,14.55,14.68,11.81,12.57,43311.0,43970.0,43538.0,43388.0,44268.0,42016.0,38061.0,1.255,239.7,24.88,1.8,3.528,2.0,-1.0,13.68,0.0,0.224,3.0,2.0,0.0,0.001,25.66,24.62,24.67,25.11,24.73,25.53,25.04,25.99,24.98,36.84
2016-06-09 07:29:00-05:00,451.10013,409.8067,505362,19.75,0.0,377.6,17.05,350.6,276.8,274.9,272.1,116.6,117.3,117.8,349.9,288.4,60.17,94.8,1382755.0,351.1,100.9,5.0,0.0,0.0,0.0,0.0,0.0,0.0,0.0,0.0,17.06,24.46,396.6,113.4,116.2,114.0,60.0,59.9,74.7,0.0,274.0,273.0,274.0,93.5,6.788,93.7,601.0,1373229.0,41223.0,126678.0,0.997,0.979,0.748,0.921,36.97,42.06,41.83,41.82,42.08,34.51,36.19,12.96,14.74,14.66,14.66,14.75,12.1,12.69,43311.0,43970.0,43538.0,43388.0,44269.0,42016.0,38061.0,0.942,251.3,36.75,1.5,3.531,2.0,-1.0,13.69,0.003,0.224,3.0,2.0,0.0,0.001,25.92,24.81,24.78,25.29,24.67,25.75,25.12,26.28,25.33,37.0
2016-06-09 07:30:00-05:00,453.83264,413.05692,505363,19.81,0.0,381.2,17.19,350.5,276.9,274.9,272.0,117.8,118.5,119.0,350.0,291.8,60.18,95.8,1382757.0,351.4,102.1,5.0,0.0,0.0,0.0,0.0,0.0,0.0,0.0,0.0,17.25,24.74,399.7,114.6,117.6,115.2,60.0,59.9,74.7,0.0,274.0,273.0,274.0,94.5,6.976,94.7,601.0,1373230.0,41223.0,126679.0,0.997,0.979,0.748,0.921,37.46,42.39,42.23,42.21,42.53,35.25,36.54,13.13,14.86,14.8,14.79,14.91,12.36,12.81,43311.0,43970.0,43538.0,43388.0,44269.0,42016.0,38061.0,1.03,272.0,32.17,1.9,3.53,2.0,-1.0,13.68,0.005,0.224,3.0,2.0,0.0,0.001,26.13,25.11,24.98,25.53,24.93,25.97,25.27,26.35,25.52,37.15
2016-06-09 07:31:00-05:00,457.63434,417.20374,505364,19.88,0.0,385.5,17.14,349.7,276.7,274.8,272.0,119.4,120.1,120.5,349.5,295.7,60.14,97.1,1382759.0,351.2,103.3,5.0,0.0,0.0,0.0,0.0,0.0,0.0,0.0,0.0,17.14,24.92,403.5,116.1,118.9,116.7,60.0,59.9,74.7,0.0,274.0,273.0,274.0,95.6,7.132,95.9,601.0,1373232.0,41223.0,126679.0,0.997,0.979,0.748,0.921,37.99,43.01,42.68,42.79,43.12,36.2,36.96,13.29,15.04,14.92,14.96,15.08,12.66,12.93,43311.0,43970.0,43539.0,43388.0,44269.0,42017.0,38062.0,1.125,227.1,31.23,2.7,3.531,2.0,-1.0,13.68,0.006,0.224,3.0,2.0,0.0,0.001,26.39,25.27,25.16,25.65,25.16,25.96,25.53,26.48,25.62,37.28
2016-06-09 07:32:00-05:00,460.72327,420.79016,505365,19.94,0.0,389.2,17.31,349.0,276.8,274.6,271.8,120.5,121.1,121.6,348.1,299.1,60.16,97.9,1382760.0,349.4,104.1,5.0,0.0,0.0,0.0,0.0,0.0,0.0,0.0,0.0,17.36,25.14,406.7,117.3,120.1,117.9,60.0,59.9,74.7,0.0,273.9,272.9,273.9,96.6,7.249,96.8,601.0,1373233.0,41223.0,126679.0,0.997,0.979,0.748,0.921,38.38,43.38,43.2,43.24,43.56,36.63,37.38,13.4,15.14,15.08,15.09,15.2,12.78,13.05,43312.0,43971.0,43539.0,43388.0,44269.0,42017.0,38062.0,0.868,243.8,24.38,1.5,3.531,2.0,-1.0,13.68,0.021,0.224,3.0,2.0,0.0,0.001,26.67,25.53,25.4,25.89,25.37,26.3,25.61,26.94,25.88,37.43
2016-06-09 07:33:00-05:00,465.23785,425.38528,505366,20.0,0.0,394.7,17.48,350.4,276.4,274.7,271.8,122.0,122.6,123.1,350.5,302.1,60.23,99.2,1382762.0,351.4,105.9,5.0,0.0,0.0,0.0,0.0,0.0,0.0,0.0,0.0,17.67,25.49,411.6,118.7,121.7,119.3,60.0,59.9,74.7,0.0,274.0,273.0,274.0,97.7,7.492,98.0,601.0,1373235.0,41223.0,126679.0,0.997,0.979,0.748,0.921,38.74,43.75,43.51,43.66,43.96,37.16,37.62,13.57,15.33,15.25,15.3,15.4,13.02,13.18,43312.0,43971.0,43539.0,43389.0,44270.0,42017.0,38062.0,1.192,283.4,20.15,2.1,3.53,2.0,-1.0,13.68,0.002,0.225,3.0,2.0,0.0,0.001,26.98,25.67,25.63,26.09,25.6,26.45,25.88,27.18,26.14,37.58
2016-06-09 07:34:00-05:00,468.08914,428.6355,505367,20.06,0.0,399.1,17.77,349.6,276.2,274.5,271.7,123.2,123.9,124.4,349.7,305.6,60.23,100.1,1382764.0,350.7,106.8,5.0,0.0,0.0,0.0,0.0,0.0,0.0,0.0,0.0,17.9,25.78,414.5,119.9,122.9,120.6,60.0,59.9,74.7,0.0,273.8,273.0,273.9,98.7,7.673,99.0,601.0,1373237.0,41223.0,126679.0,0.997,0.979,0.748,0.921,39.22,44.2,43.96,44.06,44.32,38.02,38.04,13.71,15.45,15.37,15.4,15.49,13.29,13.3,43312.0,43971.0,43539.0,43389.0,44270.0,42017.0,38062.0,1.66,277.3,20.02,3.1,3.53,2.0,-1.0,13.69,0.006,0.225,3.0,2.0,0.0,0.001,27.32,25.94,25.91,26.4,26.04,26.58,26.24,27.33,26.43,37.74
2016-06-09 07:35:00-05:00,467.73273,429.0838,505368,20.13,0.0,400.3,17.69,350.2,276.2,274.5,271.6,123.4,124.1,124.7,349.5,306.2,60.16,100.3,1382765.0,350.8,107.0,5.0,0.0,0.0,0.0,0.0,0.0,0.0,0.0,0.0,17.69,26.13,414.9,120.4,123.2,121.0,60.0,59.9,74.7,0.0,273.2,273.0,273.5,99.0,7.653,99.3,601.0,1373238.0,41223.0,126679.0,0.997,0.979,0.748,0.921,39.47,44.36,43.9,43.89,44.33,38.43,37.89,13.82,15.53,15.37,15.37,15.52,13.46,13.27,43312.0,43971.0,43540.0,43389.0,44270.0,42018.0,38063.0,1.32,268.0,18.51,2.8,3.531,2.0,-1.0,13.68,0.007,0.225,3.0,2.0,0.0,0.001,27.6,26.26,26.17,26.72,26.28,27.04,26.5,27.75,26.56,37.91
2016-06-09 07:36:00-05:00,469.27722,431.1012,505369,20.2,0.0,403.3,17.49,349.3,276.0,274.4,271.6,124.3,124.9,125.5,349.6,308.4,60.19,101.0,1382767.0,350.7,107.8,5.0,0.0,0.0,0.0,0.0,0.0,0.0,0.0,0.0,17.57,26.27,416.8,121.1,124.0,121.7,60.0,59.9,74.7,0.0,273.1,272.9,273.4,99.5,7.734,99.8,601.0,1373240.0,41223.0,126679.0,0.997,0.979,0.748,0.921,39.79,44.48,44.13,44.28,44.64,38.62,38.14,13.9,15.54,15.41,15.47,15.59,13.49,13.32,43313.0,43972.0,43540.0,43389.0,44270.0,42018.0,38063.0,1.612,242.7,27.25,2.9,3.528,2.0,-1.0,13.68,0.008,0.225,3.0,2.0,0.0,0.0,27.83,26.38,26.4,26.94,26.57,27.13,26.76,27.85,26.91,38.04
2016-06-09 07:37:00-05:00,470.22763,432.44608,505370,20.26,0.0,405.0,17.58,351.2,276.4,274.5,271.6,125.0,125.5,126.1,351.2,309.2,60.23,101.6,1382769.0,351.7,108.6,5.0,0.0,0.0,0.0,0.0,0.0,0.0,0.0,0.0,17.77,26.4,418.3,121.7,124.7,122.3,60.0,59.9,74.7,0.0,273.5,273.0,273.8,100.1,7.88,100.4,601.0,1373242.0,41223.0,126679.0,0.997,0.979,0.748,0.921,40.17,44.47,44.11,44.16,44.62,38.87,38.18,14.11,15.62,15.49,15.51,15.67,13.65,13.41,43313.0,43972.0,43540.0,43390.0,44271.0,42018.0,38063.0,0.503,246.3,34.52,1.3,3.53,2.0,-1.0,13.67,0.025,0.225,3.0,2.0,0.0,0.0,27.98,26.79,26.76,27.26,26.88,27.79,26.86,28.36,27.1,38.19
2016-06-09 07:38:00-05:00,477.47467,439.50687,505371,20.33,0.0,410.8,17.65,348.6,276.5,274.6,271.7,127.3,127.7,128.3,348.5,316.7,60.22,103.5,1382770.0,349.8,110.4,5.0,0.0,0.0,0.0,0.0,0.0,0.0,0.0,0.0,17.79,26.44,425.1,124.0,127.0,124.6,60.0,59.9,74.7,0.0,273.7,273.0,274.0,102.0,8.18,102.4,601.0,1373243.0,41223.0,126680.0,0.997,0.979,0.748,0.921,41.56,45.53,45.18,45.23,45.68,39.96,39.12,14.49,15.87,15.75,15.77,15.92,13.93,13.64,43313.0,43972.0,43540.0,43390.0,44271.0,42018.0,38063.0,1.29,249.0,23.72,2.5,3.531,2.0,-1.0,13.68,-0.002,0.225,3.0,2.0,0.0,0.001,28.09,26.95,26.94,27.42,27.05,27.81,27.15,28.45,27.41,38.3
2016-06-09 07:39:00-05:00,481.27643,443.65372,505372,20.39,0.0,414.9,17.65,348.4,276.3,274.9,272.0,128.4,128.8,129.4,347.6,320.2,60.16,104.5,1382772.0,350.6,111.3,5.0,0.0,0.0,0.0,0.0,0.0,0.0,0.0,0.0,17.67,26.51,429.2,125.2,128.1,125.8,60.0,59.9,74.7,0.0,274.0,273.0,274.0,103.0,8.25,103.3,601.0,1373245.0,41223.0,126680.0,0.997,0.979,0.748,0.921,41.95,46.09,45.74,45.69,46.16,40.47,39.65,14.62,16.06,15.94,15.92,16.08,14.1,13.81,43313.0,43972.0,43540.0,43390.0,44271.0,42018.0,38064.0,0.7,240.9,57.87,2.0,3.531,2.0,-1.0,13.68,0.006,0.225,3.0,2.0,0.0,0.0,28.2,27.15,27.15,27.52,27.05,27.98,27.15,28.6,27.54,38.38
2016-06-09 07:40:00-05:00,485.55338,448.13678,505373,20.45,0.0,419.3,17.7,347.2,276.5,274.8,271.9,129.6,130.1,130.7,347.0,324.4,60.12,105.5,1382774.0,349.3,112.6,5.0,0.0,0.0,0.0,0.0,0.0,0.0,0.0,0.0,17.78,27.04,433.5,126.4,129.3,127.0,60.0,59.9,74.7,0.0,274.0,273.0,274.0,104.0,8.36,104.3,601.0,1373247.0,41223.0,126680.0,0.997,0.979,0.748,0.921,42.81,46.69,46.06,46.26,46.77,40.83,39.95,14.86,16.21,15.99,16.06,16.24,14.17,13.87,43313.0,43973.0,43541.0,43390.0,44271.0,42019.0,38064.0,0.855,251.0,44.59,1.8,3.531,2.0,-1.0,13.68,0.008,0.225,3.0,2.0,0.0,0.0,28.6,27.45,27.4,27.86,27.35,28.4,27.17,29.11,27.89,38.53
2016-06-09 07:41:00-05:00,489.71155,452.39566,505374,20.52,0.0,423.7,17.6,346.2,276.9,275.0,272.1,130.9,131.4,132.0,346.6,328.7,60.17,106.7,1382776.0,347.4,113.9,5.0,0.0,0.0,0.0,0.0,0.0,0.0,0.0,0.0,17.75,27.1,437.6,127.6,130.6,128.3,60.0,59.9,74.7,0.0,274.0,273.0,274.0,105.1,8.53,105.4,601.0,1373249.0,41223.0,126680.0,0.997,0.979,0.748,0.921,43.56,47.15,46.71,46.98,47.36,41.16,40.45,15.08,16.32,16.17,16.26,16.39,14.25,14.0,43314.0,43973.0,43541.0,43391.0,44271.0,42019.0,38064.0,1.692,238.5,13.21,2.7,3.531,2.0,-1.0,13.68,0.008,0.225,3.0,2.0,0.0,0.0,28.64,27.49,27.48,27.99,27.3,28.45,27.23,29.21,28.13,38.68
2016-06-09 07:42:00-05:00,493.8697,456.76663,505375,20.58,0.0,428.3,17.56,346.6,276.4,274.9,272.0,132.4,132.8,133.4,346.7,332.0,60.22,107.8,1382777.0,348.1,115.1,5.0,0.0,0.0,0.0,0.0,0.0,0.0,0.0,0.0,17.62,26.95,441.5,129.1,132.2,129.8,60.0,59.9,74.7,0.0,274.0,273.0,274.0,106.2,8.8,106.6,601.0,1373250.0,41223.0,126680.0,0.997,0.979,0.748,0.921,43.92,47.61,47.34,47.38,47.83,41.64,40.92,15.22,16.5,16.41,16.42,16.58,14.43,14.18,43314.0,43973.0,43541.0,43391.0,44272.0,42019.0,38064.0,1.918,259.0,35.04,3.2,3.531,2.0,-1.0,13.68,0.009,0.225,3.0,2.0,0.0,0.0,28.59,27.33,27.38,27.9,27.35,28.07,27.29,29.06,28.21,38.82
2016-06-09 07:43:00-05:00,497.55264,460.91342,505376,20.64,0.0,432.5,17.96,346.7,276.6,274.9,272.0,133.6,134.1,134.7,346.9,335.4,60.18,108.9,1382779.0,348.0,116.4,5.0,0.0,0.0,0.0,0.0,0.0,0.0,0.0,0.0,18.13,27.06,445.4,130.4,133.4,131.1,60.0,59.9,74.7,0.0,274.0,273.0,274.0,107.3,8.9,107.7,601.0,1373252.0,41223.0,126680.0,0.997,0.979,0.748,0.921,44.54,48.08,47.82,47.87,48.23,42.0,41.43,15.44,16.67,16.58,16.59,16.72,14.56,14.36,43314.0,43973.0,43541.0,43391.0,44272.0,42019.0,38064.0,2.057,267.7,21.42,3.9,3.53,2.0,-1.0,13.68,0.009,0.225,3.0,2.0,0.0,0.0,28.77,27.41,27.42,27.77,27.48,27.6,27.45,28.69,27.98,38.99
2016-06-09 07:44:00-05:00,503.49283,466.9655,505377,20.7,0.0,438.5,17.88,345.7,276.3,274.9,272.0,135.4,135.8,136.5,346.1,340.6,60.22,110.3,1382781.0,346.2,117.9,5.0,0.0,0.0,0.0,0.0,0.0,0.0,0.0,0.0,17.9,27.15,451.1,132.3,135.2,132.9,60.0,59.9,74.7,0.0,273.6,273.0,274.0,108.7,9.18,109.1,601.0,1373254.0,41223.0,126680.0,0.996,0.979,0.748,0.921,45.38,48.91,48.46,48.63,49.08,42.75,41.98,15.68,16.91,16.75,16.81,16.96,14.77,14.51,43314.0,43974.0,43542.0,43391.0,44272.0,42020.0,38065.0,0.987,264.3,34.17,2.3,3.53,2.0,-1.0,13.68,0.009,0.225,3.0,2.0,0.0,0.0,28.9,27.84,27.66,28.18,27.69,28.31,27.68,29.21,28.22,39.1
2016-06-09 07:45:00-05:00,506.70053,470.55197,505378,20.76,0.0,442.4,17.67,346.5,276.1,274.9,271.9,136.7,137.0,137.6,346.9,342.9,60.13,111.3,1382783.0,347.5,119.0,5.0,0.0,0.0,0.0,0.0,0.0,0.0,0.0,0.0,17.68,27.23,454.5,133.4,136.2,134.0,60.0,59.9,74.7,0.0,273.4,273.0,274.0,109.6,9.25,110.0,601.0,1373256.0,41223.0,126681.0,0.996,0.979,0.748,0.921,45.4,49.11,48.9,48.85,49.34,42.94,42.36,15.73,17.02,16.94,16.92,17.1,14.88,14.68,43315.0,43974.0,43542.0,43391.0,44272.0,42020.0,38065.0,2.048,234.7,15.77,3.1,3.53,2.0,-1.0,13.68,0.009,0.225,3.0,2.0,0.0,0.0,28.92,27.93,27.81,28.44,27.7,28.59,27.74,29.55,28.57,39.27
2016-06-09 07:46:00-05:00,505.27493,470.21576,505379,20.84,0.0,442.5,17.55,348.0,276.3,274.8,271.9,136.5,136.9,137.5,347.8,342.0,60.22,111.2,1382785.0,349.7,119.0,5.0,0.0,0.0,0.0,0.0,0.0,0.0,0.0,0.0,17.43,27.13,453.7,133.3,136.2,133.9,60.0,59.9,74.7,0.0,273.3,273.0,274.0,109.6,9.29,110.0,601.0,1373258.0,41223.0,126681.0,0.996,0.979,0.748,0.921,45.22,49.04,48.68,48.61,49.04,42.85,42.12,15.74,17.07,16.94,16.92,17.07,14.91,14.66,43315.0,43974.0,43542.0,43392.0,44273.0,42020.0,38065.0,2.347,244.2,10.13,4.0,3.531,2.0,-1.0,13.68,0.009,0.225,3.0,2.0,0.0,0.0,28.8,27.84,27.84,28.37,27.66,28.51,27.81,29.42,28.62,39.4
2016-06-09 07:47:00-05:00,500.64154,466.9655,505380,20.89,0.0,439.6,17.78,348.0,276.2,274.6,271.7,135.7,136.1,136.7,347.7,340.0,60.14,110.4,1382786.0,347.9,118.2,5.0,0.0,0.0,0.0,0.0,0.0,0.0,0.0,0.0,17.79,27.44,449.9,132.5,135.4,133.1,60.0,59.9,74.7,0.0,273.0,273.0,273.8,108.8,9.13,109.2,601.0,1373259.0,41223.0,126681.0,0.997,0.979,0.748,0.921,44.82,48.63,48.32,48.23,48.61,42.69,41.82,15.59,16.92,16.81,16.78,16.91,14.85,14.55,43315.0,43974.0,43542.0,43392.0,44273.0,42020.0,38065.0,2.357,265.0,22.98,4.7,3.531,2.0,-1.0,13.69,0.009,0.226,3.0,2.0,0.0,0.0,28.96,27.79,27.85,28.27,27.77,28.21,27.97,29.34,28.7,39.49
2016-06-09 07:48:00-05:00,492.44403,460.46515,505381,20.94,0.0,434.1,17.72,349.9,276.0,274.5,271.7,134.1,134.5,135.0,349.9,334.8,60.15,109.0,1382788.0,352.9,117.1,5.0,0.0,0.0,0.0,0.0,0.0,0.0,0.0,0.0,17.77,27.38,443.8,131.0,133.8,131.5,60.0,59.9,74.7,0.0,273.0,272.7,273.6,107.5,8.92,107.9,601.0,1373261.0,41223.0,126681.0,0.997,0.979,0.748,0.921,44.4,47.82,47.29,47.44,47.94,42.11,40.86,15.53,16.73,16.55,16.6,16.77,14.73,14.3,43315.0,43974.0,43543.0,43392.0,44273.0,42021.0,38066.0,2.087,235.7,16.85,3.1,3.527,2.0,-1.0,13.69,0.009,0.225,3.0,2.0,0.0,0.0,29.01,27.86,27.81,28.21,27.77,28.22,28.02,29.47,28.52,39.66
2016-06-09 07:49:00-05:00,496.8398,465.5085,505382,20.99,0.0,439.5,17.71,345.3,275.8,274.5,271.7,136.0,136.4,136.9,345.2,342.9,60.14,110.6,1382790.0,347.1,118.3,5.0,0.0,0.0,0.0,0.0,0.0,0.0,0.0,0.0,17.91,27.69,448.8,132.9,135.7,133.5,60.0,59.9,74.7,0.0,273.0,272.4,273.3,109.1,9.17,109.5,601.0,1373263.0,41223.0,126681.0,0.996,0.979,0.748,0.921,46.09,48.97,48.46,48.51,49.09,43.4,41.88,15.91,16.91,16.73,16.75,16.95,14.98,14.46,43316.0,43975.0,43543.0,43392.0,44273.0,42021.0,38066.0,1.56,257.9,30.68,2.9,3.531,2.0,-1.0,13.69,0.01,0.225,3.0,2.0,0.0,0.0,29.19,27.98,27.94,28.54,27.95,28.67,28.0,29.87,28.67,39.79
2016-06-09 07:50:00-05:00,513.4724,481.75958,505383,21.04,0.0,455.1,18.02,342.0,276.4,274.4,271.6,140.7,141.3,141.8,341.6,357.6,60.14,114.7,1382792.0,342.9,122.2,5.0,0.0,0.0,0.0,0.0,0.0,0.0,0.0,0.0,18.22,27.91,464.6,137.7,140.6,138.4,60.0,59.9,74.7,0.0,273.0,272.3,273.3,113.0,9.8,113.4,601.0,1373265.0,41223.0,126681.0,0.996,0.979,0.748,0.921,48.66,50.96,50.72,50.81,51.16,45.52,43.84,16.64,17.43,17.34,17.38,17.5,15.57,14.99,43316.0,43975.0,43543.0,43393.0,44274.0,42021.0,38066.0,2.175,253.1,19.33,4.0,3.531,2.0,-1.0,13.68,0.01,0.226,3.0,2.0,0.0,0.0,29.4,27.79,27.9,28.39,28.07,27.87,28.16,29.25,28.7,39.9
2016-06-09 07:51:00-05:00,506.93817,476.82825,505384,21.08,0.0,450.2,17.95,344.9,276.1,274.4,271.6,139.5,140.1,140.6,345.0,352.6,60.12,113.6,1382794.0,346.3,121.6,5.0,0.0,0.0,0.0,0.0,0.0,0.0,0.0,0.0,17.98,27.92,458.7,136.4,139.3,137.0,60.0,59.9,74.7,0.0,273.0,272.0,273.0,111.9,9.62,112.3,601.0,1373267.0,41223.0,126682.0,0.996,0.979,0.748,0.921,47.57,50.04,49.9,49.88,50.15,44.57,43.19,16.4,17.26,17.21,17.2,17.29,15.37,14.89,43316.0,43975.0,43543.0,43393.0,44274.0,42021.0,38066.0,1.94,278.7,23.77,3.3,3.531,2.0,-1.0,13.68,0.01,0.226,3.0,2.0,0.0,0.0,29.48,28.04,28.1,28.49,28.14,28.51,28.16,29.6,28.65,40.04
2016-06-09 07:52:00-05:00,514.304,484.11322,505385,21.13,0.0,458.5,18.2,342.0,276.0,274.4,271.5,141.7,142.3,142.8,341.5,360.2,60.1,115.5,1382796.0,343.6,123.0,5.0,0.0,0.0,0.0,0.0,0.0,0.0,0.0,0.0,18.3,28.51,467.5,138.6,141.5,139.3,60.0,59.9,74.7,0.0,273.0,272.0,273.0,113.7,9.9,114.1,601.0,1373269.0,41223.0,126682.0,0.996,0.979,0.748,0.921,48.73,51.4,51.02,51.01,51.47,46.02,44.19,16.66,17.58,17.45,17.44,17.6,15.74,15.11,43316.0,43975.0,43543.0,43393.0,44274.0,42022.0,38067.0,1.212,274.6,20.52,1.8,3.528,2.0,-1.0,13.68,0.01,0.226,3.0,2.0,0.0,0.0,29.92,28.51,28.41,28.87,28.65,28.89,28.46,29.99,28.82,40.18
2016-06-09 07:53:00-05:00,517.86816,488.4842,505386,21.18,0.0,461.6,17.99,344.2,275.8,274.4,271.6,142.9,143.2,143.8,344.1,361.9,60.14,116.3,1382798.0,344.5,124.5,5.0,0.0,0.0,0.0,0.0,0.0,0.0,0.0,0.0,17.99,28.44,469.4,139.7,142.5,140.3,60.0,59.9,74.7,0.0,273.0,272.0,273.0,114.5,10.05,115.0,601.0,1373271.0,41223.0,126682.0,0.996,0.979,0.748,0.921,48.45,51.32,50.86,50.92,51.5,46.58,44.06,16.67,17.66,17.5,17.52,17.72,16.03,15.16,43317.0,43976.0,43544.0,43393.0,44274.0,42022.0,38067.0,1.538,254.0,29.59,2.6,3.528,2.0,-1.0,13.68,0.01,0.226,3.0,2.0,0.0,0.0,30.01,28.78,28.67,29.22,28.87,29.28,28.84,30.22,29.38,40.28
2016-06-09 07:54:00-05:00,511.3339,482.76828,505387,21.23,0.0,458.3,17.83,347.7,276.0,274.2,271.3,141.5,141.7,142.3,347.1,355.6,60.15,115.1,1382800.0,348.0,123.4,5.0,0.0,0.0,0.0,0.0,0.0,0.0,0.0,0.0,17.81,28.7,466.8,138.5,141.4,139.1,60.0,59.9,74.7,0.0,273.0,272.0,273.0,113.5,9.91,113.9,601.0,1373273.0,41223.0,126682.0,0.996,0.979,0.748,0.921,47.61,50.64,50.04,50.09,50.75,45.82,43.23,16.55,17.6,17.39,17.41,17.64,15.92,15.03,43317.0,43976.0,43544.0,43394.0,44275.0,42022.0,38067.0,1.688,247.3,22.87,3.5,3.527,2.0,-1.0,13.68,0.01,0.226,3.0,2.0,0.0,0.0,30.21,28.82,28.88,29.29,29.12,29.52,28.98,30.29,29.54,40.43
2016-06-09 07:55:00-05:00,531.53064,502.3816,505388,21.28,0.0,476.2,17.76,342.7,276.0,274.2,271.4,147.5,147.7,148.3,342.9,374.7,60.14,120.1,1382802.0,343.8,128.5,5.0,0.0,0.0,0.0,0.0,0.0,0.0,0.0,0.0,17.8,27.6,484.2,144.4,147.3,145.0,60.0,59.9,74.7,0.0,273.0,272.0,273.0,118.3,10.67,118.7,601.0,1373274.0,41223.0,126682.0,0.996,0.979,0.748,0.921,50.45,53.32,52.92,52.81,53.33,48.91,45.74,17.29,18.27,18.13,18.1,18.27,16.76,15.67,43317.0,43976.0,43544.0,43394.0,44275.0,42022.0,38067.0,2.705,303.3,16.11,3.5,3.527,2.0,-1.0,13.68,0.01,0.226,3.0,2.0,0.0,0.0,29.3,28.24,28.86,29.2,28.76,28.93,29.06,29.86,29.33,40.56
2016-06-09 07:56:00-05:00,537.2332,508.76996,505389,21.33,0.0,482.2,17.77,344.1,275.7,274.2,271.4,150.0,150.2,150.8,343.7,379.6,60.14,122.1,1382804.0,346.0,130.5,5.0,0.0,0.0,0.0,0.0,0.0,0.0,0.0,0.0,17.72,26.57,489.8,146.9,149.7,147.4,60.0,59.9,74.7,0.0,273.0,272.0,273.0,120.2,11.0,120.7,601.0,1373276.0,41223.0,126682.0,0.996,0.979,0.748,0.921,51.28,53.81,53.4,53.39,53.68,49.78,46.16,17.64,18.51,18.37,18.37,18.47,17.13,15.88,43317.0,43976.0,43544.0,43394.0,44275.0,42022.0,38067.0,2.22,300.2,11.1,2.9,3.528,2.0,-1.0,13.69,0.01,0.226,3.0,2.0,0.0,0.0,27.99,27.49,28.7,28.73,28.57,27.85,28.9,29.21,29.05,40.67
2016-06-09 07:57:00-05:00,541.1538,513.253,505390,21.37,0.0,486.6,17.65,343.7,275.9,274.1,271.3,151.7,151.9,152.5,343.6,384.5,60.15,123.5,1382806.0,344.7,132.1,5.0,0.0,0.0,0.0,0.0,0.0,0.0,0.0,0.0,17.66,26.35,493.8,148.6,151.5,149.2,60.0,59.9,74.7,0.0,273.0,272.0,273.0,121.6,11.25,122.1,601.0,1373279.0,41223.0,126683.0,0.996,0.979,0.748,0.921,52.7,54.34,53.86,53.9,54.34,50.55,46.52,18.11,18.68,18.51,18.52,18.67,17.37,15.99,43317.0,43977.0,43545.0,43394.0,44275.0,42023.0,38068.0,1.552,286.1,15.84,3.1,3.53,2.0,-1.0,13.68,0.01,0.226,3.0,2.0,0.0,0.0,27.47,27.25,28.75,28.72,28.8,27.77,28.85,29.21,29.1,40.8
2016-06-09 07:58:00-05:00,545.31195,517.736,505391,21.41,0.0,491.4,18.05,344.4,275.8,274.2,271.4,153.1,153.4,153.9,343.9,388.0,60.15,124.7,1382808.0,345.8,133.4,5.0,0.0,0.0,0.0,0.0,0.0,0.0,0.0,0.0,18.2,27.6,498.1,150.1,152.9,150.6,60.0,59.9,74.7,0.0,273.0,272.0,273.0,122.8,11.42,123.4,601.0,1373281.0,41223.0,126683.0,0.996,0.979,0.748,0.921,53.41,54.62,54.07,54.33,54.75,51.0,46.66,18.39,18.81,18.62,18.71,18.85,17.56,16.07,43318.0,43977.0,43545.0,43395.0,44275.0,42023.0,38068.0,0.985,284.2,25.46,1.6,3.53,2.0,-1.0,13.68,0.011,0.226,3.0,2.0,0.0,0.0,28.45,27.75,29.03,29.05,29.13,28.15,29.21,29.64,29.64,40.94
2016-06-09 07:59:00-05:00,548.2821,520.8742,505392,21.46,0.0,495.0,18.37,343.3,275.7,274.1,271.3,154.1,154.3,154.9,342.9,391.2,60.16,125.5,1382810.0,344.1,134.2,5.0,0.0,0.0,0.0,0.0,0.0,0.0,0.0,0.0,18.67,28.5,501.6,151.1,153.8,151.6,60.0,59.9,74.7,0.0,273.0,272.0,273.0,123.5,11.53,124.1,601.0,1373283.0,41223.0,126683.0,0.996,0.979,0.748,0.921,53.78,55.08,54.68,54.75,55.16,51.64,47.18,18.46,18.91,18.77,18.79,18.94,17.73,16.2,43318.0,43977.0,43545.0,43395.0,44276.0,42023.0,38068.0,1.015,280.1,40.25,2.4,3.53,2.0,-1.0,13.68,0.011,0.228,3.0,2.0,0.0,0.0,29.31,28.9,29.49,29.75,29.49,29.03,29.44,30.58,30.15,41.03
2016-06-09 08:00:00-05:00,551.7274,524.46063,505393,21.51,0.0,499.2,18.59,343.4,275.8,274.1,271.2,155.2,155.2,155.8,343.6,394.2,60.15,126.2,1382812.0,344.8,135.5,5.0,0.0,0.0,0.0,0.0,0.0,0.0,0.0,0.0,18.86,28.87,505.2,152.1,154.9,152.7,60.0,59.9,74.7,0.0,272.9,272.0,273.0,124.4,11.67,124.9,601.0,1373285.0,41223.0,126683.0,0.996,0.979,0.748,0.921,54.17,55.63,54.95,54.91,55.49,52.29,47.51,18.6,19.1,18.87,18.85,19.05,17.96,16.31,43318.0,43977.0,43545.0,43395.0,44276.0,42023.0,38068.0,1.567,287.8,26.83,2.6,3.531,2.0,-1.0,13.68,0.011,0.227,3.0,2.0,0.0,0.0,30.02,29.41,29.83,30.01,29.88,29.56,29.68,30.86,30.36,41.15
2016-06-09 08:01:00-05:00,554.81635,527.82294,505394,21.57,0.0,502.8,18.65,344.5,275.5,274.0,271.1,156.3,156.3,156.9,344.4,396.2,60.14,127.1,1382814.0,346.3,136.5,5.0,0.0,0.0,0.0,0.0,0.0,0.0,0.0,0.0,18.76,28.9,508.4,153.2,155.9,153.7,60.0,59.9,74.7,0.0,272.7,272.0,273.0,125.2,11.8,125.7,601.0,1373287.0,41223.0,126683.0,0.996,0.979,0.748,0.921,54.27,55.65,55.14,55.2,55.68,52.56,47.64,18.69,19.17,18.99,19.01,19.18,18.1,16.41,43318.0,43977.0,43546.0,43395.0,44276.0,42024.0,38069.0,1.208,284.2,26.43,2.0,3.53,2.0,-1.0,13.68,0.011,0.227,3.0,2.0,0.0,0.0,30.21,29.43,29.96,30.12,30.15,29.43,30.08,30.88,30.57,41.26
2016-06-09 08:02:00-05:00,549.3513,523.6761,505395,21.63,0.0,497.9,18.35,345.8,275.7,274.0,271.1,155.0,155.2,155.7,345.3,392.3,60.13,126.2,1382816.0,346.2,135.4,5.0,0.0,0.0,0.0,0.0,0.0,0.0,0.0,0.0,18.38,28.24,502.7,151.8,154.5,152.3,60.0,59.9,74.7,0.0,273.0,272.0,273.0,124.1,11.6,124.6,601.0,1373289.0,41223.0,126684.0,0.996,0.979,0.748,0.921,53.68,54.74,54.43,54.75,54.92,51.8,46.91,18.56,18.93,18.82,18.93,18.99,17.91,16.22,43319.0,43978.0,43546.0,43395.0,44276.0,42024.0,38069.0,2.008,302.7,13.85,4.2,3.53,2.0,-1.0,13.68,0.011,0.227,3.0,2.0,0.0,0.0,29.78,29.11,29.99,29.98,30.3,29.26,30.22,30.79,30.61,41.39
2016-06-09 08:03:00-05:00,505.15607,482.54416,505396,21.69,0.0,459.6,18.05,347.7,275.1,273.7,270.9,143.1,143.3,143.9,347.8,360.9,60.14,116.1,1382818.0,349.6,125.5,5.0,0.0,0.0,0.0,0.0,0.0,0.0,0.0,0.0,18.09,27.39,463.1,139.9,142.7,140.5,60.0,59.9,74.7,0.0,272.2,271.7,272.6,114.4,10.04,114.8,601.0,1373291.0,41223.0,126684.0,0.996,0.979,0.748,0.921,49.27,50.46,49.8,49.79,50.36,47.66,43.03,17.12,17.54,17.31,17.31,17.5,16.56,14.95,43319.0,43978.0,43546.0,43396.0,44277.0,42024.0,38069.0,2.28,293.5,9.72,3.3,3.528,2.0,-1.0,13.68,0.011,0.226,3.0,2.0,0.0,0.0,28.88,28.66,29.86,29.79,30.03,28.66,30.12,30.15,30.31,41.56
2016-06-09 08:04:00-05:00,540.5598,515.9429,505397,21.75,0.0,493.5,17.98,341.6,275.5,273.7,270.9,153.2,153.5,154.0,341.7,391.5,60.14,124.6,1382820.0,343.8,133.7,5.0,0.0,0.0,0.0,0.0,0.0,0.0,0.0,0.0,17.97,27.15,497.7,150.3,153.1,150.9,60.0,59.9,74.7,0.0,272.1,271.5,272.8,122.8,11.44,123.3,601.0,1373293.0,41223.0,126684.0,0.996,0.979,0.748,0.921,54.31,55.09,54.43,54.56,54.95,52.53,46.88,18.54,18.81,18.58,18.62,18.76,17.93,16.0,43319.0,43978.0,43546.0,43396.0,44277.0,42024.0,38069.0,2.113,300.6,22.37,2.8,3.531,2.0,-1.0,13.68,0.011,0.226,3.0,2.0,0.0,0.0,28.18,28.5,29.73,29.66,29.94,28.48,30.13,29.86,30.33,41.67
2016-06-09 08:05:00-05:00,567.172,541.83246,505398,21.8,0.0,517.0,18.38,341.1,275.5,273.9,271.0,161.0,161.1,161.7,340.9,412.2,60.15,131.1,1382822.0,342.2,140.5,5.0,0.0,0.0,0.0,0.0,0.0,0.0,0.0,0.0,18.34,28.29,521.3,158.0,160.8,158.6,60.0,59.9,74.7,0.0,272.1,271.7,272.9,129.0,12.5,129.6,601.0,1373295.0,41223.0,126684.0,0.995,0.979,0.748,0.921,57.0,57.71,57.21,57.14,57.6,55.65,49.33,19.45,19.69,19.52,19.49,19.65,18.98,16.83,43319.0,43978.0,43547.0,43396.0,44277.0,42025.0,38070.0,1.76,290.8,32.82,3.2,3.531,2.0,-1.0,13.68,0.011,0.227,3.0,2.0,0.0,0.0,29.15,29.35,30.32,30.37,30.2,30.03,30.67,31.24,30.1,41.8
2016-06-09 08:06:00-05:00,567.05316,542.0566,505399,21.85,0.0,517.4,18.23,344.6,275.4,273.7,270.8,161.3,161.3,161.9,344.3,410.0,60.15,131.2,1382824.0,345.7,141.1,5.0,0.0,0.0,0.0,0.0,0.0,0.0,0.0,0.0,18.14,28.89,521.3,158.4,161.1,158.9,60.0,59.9,74.7,0.0,272.0,271.2,272.2,129.2,12.5,129.8,601.0,1373297.0,41223.0,126684.0,0.995,0.979,0.748,0.921,56.74,57.17,56.72,56.69,57.03,55.14,48.86,19.55,19.7,19.55,19.54,19.65,19.0,16.84,43320.0,43979.0,43547.0,43396.0,44277.0,42025.0,38070.0,2.003,280.4,20.52,3.2,3.528,2.0,-1.0,13.68,0.011,0.228,3.0,2.0,0.0,0.0,29.83,29.85,30.68,30.84,30.61,30.46,30.85,31.57,30.52,41.87
2016-06-09 08:07:00-05:00,571.4489,546.2034,505400,21.91,0.0,521.5,18.19,340.9,275.4,273.6,270.8,162.8,162.8,163.4,340.6,416.7,60.14,132.4,1382826.0,342.3,141.9,5.0,0.0,0.0,0.0,0.0,0.0,0.0,0.0,0.0,18.21,28.47,525.3,159.8,162.5,160.3,60.0,59.9,74.7,0.0,272.0,271.0,272.1,130.3,12.69,130.9,601.0,1373299.0,41223.0,126685.0,0.995,0.979,0.748,0.921,57.81,58.23,57.8,57.71,57.98,56.52,49.84,19.71,19.85,19.7,19.67,19.77,19.27,16.99,43320.0,43979.0,43547.0,43397.0,44278.0,42025.0,38070.0,2.398,312.6,11.15,3.4,3.53,2.0,-1.0,13.68,0.011,0.228,3.0,2.0,0.0,0.0,29.58,29.47,30.58,30.45,30.57,29.67,30.88,30.71,30.22,41.97
2016-06-09 08:08:00-05:00,571.0925,546.3155,505401,21.97,0.0,521.1,18.2,343.5,275.2,273.7,270.9,162.8,162.8,163.3,343.4,414.6,60.15,132.4,1382829.0,343.8,142.4,5.0,0.0,0.0,0.0,0.0,0.0,0.0,0.0,0.0,18.26,27.85,524.7,159.8,162.6,160.4,60.0,59.9,74.7,0.0,272.0,271.0,272.1,130.3,12.68,130.9,601.0,1373301.0,41223.0,126685.0,0.995,0.979,0.748,0.921,57.54,57.9,57.35,57.41,57.71,55.95,49.44,19.76,19.89,19.7,19.72,19.82,19.22,16.98,43320.0,43979.0,43547.0,43397.0,44278.0,42025.0,38070.0,1.902,315.0,12.44,2.5,3.53,2.0,-1.0,13.68,0.011,0.227,3.0,2.0,0.0,0.0,29.18,29.06,30.49,30.17,30.52,29.41,30.83,30.61,29.93,42.02
2016-06-09 08:09:00-05:00,555.88556,531.9698,505402,22.02,0.0,507.8,18.43,347.8,275.1,273.4,270.7,158.4,158.5,159.0,347.3,399.8,60.15,128.7,1382831.0,349.7,138.8,5.0,0.0,0.0,0.0,0.0,0.0,0.0,0.0,0.0,18.47,28.77,510.5,155.4,158.2,155.9,60.0,59.9,74.7,0.0,272.0,271.0,272.0,126.6,12.08,127.2,601.0,1373304.0,41223.0,126685.0,0.995,0.979,0.748,0.921,55.25,55.65,55.13,55.04,55.31,53.64,47.47,19.22,19.35,19.17,19.14,19.23,18.65,16.51,43320.0,43979.0,43547.0,43397.0,44278.0,42026.0,38071.0,1.84,295.2,10.02,2.4,3.53,2.0,-1.0,13.68,0.011,0.227,3.0,2.0,0.0,0.0,29.87,29.53,30.75,30.51,30.85,29.81,30.96,30.95,30.05,42.12
2016-06-09 08:10:00-05:00,582.1413,556.85065,505403,22.08,0.0,532.4,18.55,343.8,275.5,273.5,270.7,165.9,166.0,166.4,343.5,422.5,60.14,135.0,1382833.0,345.1,145.1,5.0,0.0,0.0,0.0,0.0,0.0,0.0,0.0,0.0,18.58,29.4,535.8,162.9,165.6,163.4,60.0,59.9,74.7,0.0,272.0,271.1,272.3,132.8,13.07,133.5,601.0,1373306.0,41223.0,126685.0,0.995,0.979,0.748,0.921,58.54,58.93,58.4,58.43,58.75,57.23,50.33,20.12,20.25,20.07,20.08,20.19,19.67,17.3,43320.0,43980.0,43548.0,43397.0,44278.0,42026.0,38071.0,1.225,294.1,14.15,1.8,3.531,2.0,-1.0,13.65,0.008,0.228,3.0,2.0,0.0,0.0,30.55,30.15,31.11,31.08,31.39,30.59,31.31,31.68,30.44,42.21
2016-06-09 08:11:00-05:00,565.6275,542.50494,505404,22.13,0.0,516.1,18.75,342.9,275.4,274.0,271.2,161.3,161.3,161.8,342.7,412.4,60.15,131.2,1382835.0,343.3,141.3,5.0,0.0,0.0,0.0,0.0,0.0,0.0,0.0,0.0,18.81,29.54,516.8,158.4,161.2,158.9,60.0,59.9,74.7,0.0,272.3,271.6,272.8,129.3,12.47,129.9,601.0,1373308.0,41223.0,126685.0,0.995,0.979,0.748,0.921,56.58,56.98,56.69,56.73,57.0,55.75,49.04,19.4,19.54,19.44,19.45,19.55,19.11,16.81,43321.0,43980.0,43548.0,43398.0,44279.0,42026.0,38071.0,0.77,303.4,43.04,1.3,3.531,2.0,-1.0,13.64,-0.057,0.228,3.0,2.0,0.0,0.001,31.04,30.34,31.39,31.4,31.5,31.27,31.55,31.88,31.07,42.28
2016-06-09 08:12:00-05:00,511.4527,490.27737,505405,22.19,0.0,471.3,18.52,341.8,275.1,273.6,270.8,146.5,146.6,147.2,341.5,375.3,60.14,118.9,1382837.0,343.2,128.0,5.0,0.0,0.0,0.0,0.0,0.0,0.0,0.0,0.0,18.67,29.88,475.5,143.2,146.0,143.8,60.0,59.9,74.7,0.0,272.0,271.1,272.2,117.0,10.51,117.4,601.0,1373310.0,41223.0,126686.0,0.996,0.979,0.748,0.921,51.91,52.47,51.81,51.98,52.69,50.89,44.84,17.72,17.91,17.69,17.74,17.99,17.37,15.31,43321.0,43980.0,43548.0,43398.0,44279.0,42026.0,38071.0,0.625,271.7,45.49,1.6,3.531,2.0,-1.0,13.65,-0.008,0.227,3.0,2.0,0.0,0.001,31.25,30.47,31.37,31.55,31.65,31.86,31.38,32.29,31.26,42.41
2016-06-09 08:13:00-05:00,599.72437,575.007,505406,22.24,0.0,549.8,18.52,335.0,275.8,273.9,271.1,170.2,170.2,170.7,335.0,443.4,60.15,138.7,1382839.0,336.5,148.5,5.0,0.0,0.0,0.0,0.0,0.0,0.0,0.0,0.0,19.03,30.5,552.1,167.3,170.0,167.9,60.0,59.9,74.7,0.0,272.3,271.8,272.9,136.5,13.71,137.2,601.0,1373312.0,41223.0,126686.0,0.995,0.979,0.748,0.921,61.42,61.84,61.45,61.53,61.86,60.89,53.06,20.57,20.71,20.58,20.61,20.72,20.39,17.77,43321.0,43980.0,43548.0,43398.0,44279.0,42026.0,38071.0,0.903,284.9,21.27,1.4,3.53,2.0,-1.0,13.65,0.0,0.228,3.0,2.0,0.0,0.001,31.86,30.96,31.59,31.86,31.93,32.09,31.78,32.3,31.67,42.47
2016-06-09 08:14:00-05:00,602.69446,577.69684,505407,22.3,0.0,553.8,18.87,340.6,275.8,273.8,271.0,171.8,171.6,172.1,340.4,441.7,60.14,139.9,1382842.0,342.3,150.3,5.0,0.0,0.0,0.0,0.0,0.0,0.0,0.0,0.0,19.42,31.04,556.4,168.7,171.3,169.2,60.0,59.9,74.7,0.0,272.0,271.1,272.5,137.5,13.9,138.2,601.0,1373314.0,41223.0,126686.0,0.995,0.979,0.748,0.921,60.99,61.5,61.04,61.06,61.4,60.51,52.67,20.77,20.95,20.79,20.8,20.91,20.61,17.94,43321.0,43981.0,43549.0,43398.0,44279.0,42027.0,38072.0,1.042,299.0,20.53,1.8,3.531,2.0,-1.0,13.65,0.004,0.228,3.0,2.0,0.0,0.001,32.37,31.34,31.88,31.81,32.27,31.92,32.29,32.75,32.14,42.61
2016-06-09 08:15:00-05:00,615.16895,590.0252,505408,22.35,0.0,565.2,18.92,340.9,275.5,273.9,271.0,175.3,174.9,175.5,340.4,450.7,60.13,142.7,1382844.0,341.7,153.4,5.0,0.0,0.0,0.0,0.0,0.0,0.0,0.0,0.0,19.14,30.91,567.2,172.3,174.7,172.8,60.0,59.9,74.7,0.0,272.0,271.0,272.6,140.4,14.33,141.1,601.0,1373317.0,41223.0,126686.0,0.995,0.979,0.748,0.921,62.06,62.41,62.19,62.38,62.44,61.53,53.55,21.16,21.27,21.2,21.27,21.29,20.97,18.26,43322.0,43981.0,43549.0,43399.0,44280.0,42027.0,38072.0,1.187,271.7,40.85,2.1,3.53,2.0,-1.0,13.65,0.006,0.228,3.0,2.0,0.0,0.001,32.17,31.45,32.25,32.15,32.4,32.2,32.53,33.05,32.37,42.69
2016-06-09 08:16:00-05:00,620.7527,595.51697,505409,22.42,0.0,571.2,19.06,340.3,276.6,274.4,271.5,176.1,175.8,176.4,339.7,455.3,60.18,143.8,1382846.0,341.7,154.7,5.0,0.0,0.0,0.0,0.0,0.0,0.0,0.0,0.0,19.31,31.84,572.6,173.4,175.7,173.8,60.0,59.9,74.7,0.0,272.8,271.8,272.8,141.5,14.49,142.3,601.0,1373319.0,41223.0,126687.0,0.995,0.979,0.748,0.921,62.83,63.22,62.78,62.78,63.19,62.4,54.11,21.38,21.51,21.36,21.36,21.5,21.23,18.41,43322.0,43982.0,43550.0,43399.0,44280.0,42027.0,38072.0,0.978,260.8,31.71,2.6,3.53,2.0,-1.0,13.65,0.007,0.229,3.0,2.0,0.0,0.001,32.99,32.04,32.63,32.53,32.79,32.63,32.69,33.67,32.94,42.82
2016-06-09 08:17:00-05:00,628.3562,602.914,505410,22.48,0.0,578.8,19.27,338.6,276.4,274.8,271.8,178.2,177.7,178.3,338.5,462.6,60.22,145.5,1382849.0,339.6,156.6,5.0,0.0,0.0,0.0,0.0,0.0,0.0,0.0,0.0,19.54,32.17,580.2,175.3,177.7,175.7,60.0,59.9,74.7,0.0,273.0,272.0,273.0,143.1,14.76,143.9,601.0,1373322.0,41223.0,126687.0,0.995,0.979,0.748,0.921,63.85,64.28,63.79,63.84,64.24,63.42,55.03,21.62,21.76,21.6,21.61,21.75,21.47,18.63,43323.0,43982.0,43550.0,43400.0,44281.0,42028.0,38072.0,0.93,293.7,38.86,1.8,3.53,2.0,-1.0,13.64,0.017,0.229,3.0,2.0,0.0,0.001,33.4,32.3,33.08,33.08,33.35,32.83,33.08,33.78,33.3,42.9
2016-06-09 08:18:00-05:00,635.12805,610.31104,505411,22.55,0.0,586.5,19.22,338.4,276.4,274.8,271.8,180.0,179.6,180.2,338.3,468.1,60.21,147.0,1382851.0,339.6,158.4,5.0,0.0,0.0,0.0,0.0,0.0,0.0,0.0,0.0,19.41,32.37,587.7,177.3,179.6,177.7,60.0,59.9,74.7,0.0,273.0,272.0,273.0,144.8,15.01,145.5,601.0,1373324.0,41223.0,126687.0,0.995,0.979,0.748,0.921,64.6,65.03,64.51,64.58,65.1,64.17,55.73,21.86,22.0,21.83,21.85,22.03,21.71,18.86,43323.0,43982.0,43551.0,43400.0,44281.0,42028.0,38073.0,1.393,265.5,21.86,2.1,3.53,2.0,-1.0,13.65,0.002,0.229,3.0,2.0,0.0,0.001,33.67,32.5,33.26,33.19,33.61,32.78,33.23,33.99,33.68,43.03
2016-06-09 08:19:00-05:00,627.9998,604.371,505412,22.62,0.0,580.3,18.95,341.1,276.5,274.7,271.7,178.2,177.6,178.3,340.8,460.6,60.22,145.5,1382854.0,342.3,156.9,5.0,0.0,0.0,0.0,0.0,0.0,0.0,0.0,0.0,19.11,31.85,580.8,175.5,177.8,175.9,60.0,59.9,74.7,0.0,273.0,272.0,273.0,143.3,14.75,144.0,601.0,1373326.0,41223.0,126687.0,0.995,0.979,0.748,0.921,63.34,63.83,63.29,63.37,63.77,62.86,54.65,21.6,21.77,21.59,21.61,21.75,21.44,18.64,43324.0,43983.0,43551.0,43401.0,44282.0,42029.0,38073.0,1.318,292.5,38.9,2.4,3.53,2.0,-1.0,13.65,0.007,0.229,3.0,2.0,0.0,0.001,33.3,32.59,33.46,33.49,33.6,33.42,33.51,34.45,33.96,43.17
2016-06-09 08:20:00-05:00,598.1799,576.80023,505413,22.7,0.0,554.5,19.09,341.0,276.3,274.6,271.6,170.1,170.1,170.6,340.9,439.8,60.21,138.9,1382856.0,342.4,149.9,5.0,0.0,0.0,0.0,0.0,0.0,0.0,0.0,0.0,19.28,31.86,553.3,167.2,169.7,167.6,60.0,59.9,74.7,0.0,273.0,272.0,273.0,136.6,13.66,137.3,601.0,1373329.0,41223.0,126687.0,0.995,0.979,0.748,0.921,60.7,61.01,60.53,60.36,60.63,60.19,52.06,20.69,20.8,20.63,20.58,20.67,20.52,17.75,43324.0,43983.0,43551.0,43401.0,44282.0,42029.0,38073.0,1.507,290.0,14.06,2.5,3.53,2.0,-1.0,13.65,0.008,0.229,3.0,2.0,0.0,0.0,32.97,32.6,33.71,33.69,34.04,33.46,33.74,34.65,33.99,43.25
2016-06-09 08:21:00-05:00,601.62524,581.9557,505414,22.76,0.0,558.8,18.87,334.0,276.2,274.5,271.6,171.4,171.3,171.9,333.7,450.3,60.22,139.9,1382858.0,334.8,150.2,5.0,0.0,0.0,0.0,0.0,0.0,0.0,0.0,0.0,18.91,31.11,557.4,168.4,171.0,169.0,60.0,59.9,74.7,0.0,273.0,272.0,273.0,137.6,13.84,138.3,601.0,1373331.0,41223.0,126688.0,0.995,0.979,0.748,0.921,62.15,62.48,62.05,62.12,62.4,61.78,53.55,20.76,20.86,20.72,20.74,20.84,20.63,17.88,43324.0,43984.0,43552.0,43401.0,44282.0,42029.0,38073.0,1.922,300.3,13.51,3.2,3.531,2.0,-1.0,13.65,0.009,0.229,3.0,2.0,0.0,0.0,32.22,32.41,33.71,33.47,34.05,32.85,33.67,34.03,33.88,43.38
2016-06-09 08:22:00-05:00,488.52347,475.5954,505415,22.83,0.0,456.3,18.72,334.1,275.7,274.0,271.2,140.6,140.9,141.5,333.8,370.0,60.23,114.3,1382860.0,335.3,123.5,5.0,0.0,0.0,0.0,0.0,0.0,0.0,0.0,0.0,18.71,30.39,450.5,137.2,140.2,137.9,60.0,59.9,74.7,0.0,273.0,272.0,273.0,112.4,9.8,112.8,601.0,1373333.0,41223.0,126688.0,0.996,0.979,0.748,0.921,50.89,50.76,50.59,50.43,50.54,50.58,43.44,17.0,16.96,16.9,16.85,16.88,16.9,14.51,43325.0,43984.0,43552.0,43401.0,44282.0,42030.0,38074.0,1.458,293.3,16.97,2.7,3.531,2.0,-1.0,13.64,0.026,0.227,3.0,2.0,0.0,0.0,31.28,31.97,33.39,33.13,33.8,32.33,33.47,33.52,33.74,43.47
2016-06-09 08:23:00-05:00,576.5575,560.1009,505416,22.9,0.0,542.3,18.69,336.3,275.7,274.2,271.3,166.0,166.1,166.6,336.1,433.3,60.15,135.3,1382862.0,337.4,145.6,5.0,0.0,0.0,0.0,0.0,0.0,0.0,0.0,0.0,18.55,30.08,541.3,163.6,166.2,164.2,60.0,59.9,74.7,0.0,272.8,272.0,273.0,133.6,13.17,134.2,601.0,1373335.0,41223.0,126688.0,0.995,0.979,0.748,0.921,60.34,60.72,59.97,59.87,60.23,59.79,51.48,20.29,20.41,20.16,20.13,20.25,20.1,17.31,43325.0,43984.0,43552.0,43402.0,44283.0,42030.0,38074.0,1.942,284.9,15.73,3.6,3.53,2.0,-1.0,13.65,-0.002,0.228,3.0,2.0,0.0,0.001,30.94,31.63,33.2,33.0,33.56,31.87,33.31,33.22,33.57,43.59
2016-06-09 08:24:00-05:00,631.2075,614.4578,505417,22.95,0.0,591.9,19.07,330.4,275.7,274.2,271.3,180.6,180.2,180.9,329.9,478.3,60.14,147.3,1382865.0,331.6,157.7,5.0,0.0,0.0,0.0,0.0,0.0,0.0,0.0,0.0,19.09,30.74,589.7,178.1,180.3,178.6,60.0,59.9,74.7,0.0,272.4,272.0,273.0,145.1,15.1,145.9,601.0,1373337.0,41223.0,126688.0,0.995,0.979,0.748,0.921,66.52,66.78,66.23,66.2,66.53,66.02,56.96,21.98,22.06,21.88,21.87,21.98,21.81,18.81,43325.0,43985.0,43553.0,43402.0,44283.0,42030.0,38074.0,1.742,288.5,23.26,2.4,3.53,2.0,-1.0,13.65,0.007,0.229,3.0,2.0,0.0,0.0,31.58,32.01,33.2,32.82,33.55,31.88,33.48,33.1,33.53,43.67
2016-06-09 08:25:00-05:00,648.7905,632.39,505418,23.01,0.0,609.4,19.12,336.5,276.0,274.0,271.1,186.5,185.9,186.6,336.1,487.4,60.14,152.0,1382867.0,337.7,163.8,5.0,0.0,0.0,0.0,0.0,0.0,0.0,0.0,0.0,19.1,30.73,609.2,184.2,186.2,184.6,60.0,59.9,74.7,0.0,272.2,271.8,272.7,149.9,15.86,150.8,601.0,1373340.0,41223.0,126689.0,0.994,0.979,0.748,0.921,67.11,67.84,67.19,67.29,67.66,66.66,57.95,22.58,22.83,22.61,22.64,22.77,22.43,19.5,43326.0,43985.0,43553.0,43403.0,44284.0,42031.0,38074.0,1.738,270.2,30.21,3.2,3.53,2.0,-1.0,13.65,0.008,0.23,3.0,2.0,0.0,0.0,31.87,32.43,33.64,33.3,33.96,32.49,33.87,33.72,33.7,43.76
2016-06-09 08:26:00-05:00,648.67175,633.2866,505419,23.07,0.0,609.1,19.13,340.0,276.6,274.7,271.7,186.0,185.5,186.2,339.4,484.1,60.15,152.0,1382870.0,341.1,164.3,5.0,0.0,0.0,0.0,0.0,0.0,0.0,0.0,0.0,19.12,30.85,607.1,183.8,185.8,184.1,60.0,59.9,74.7,0.0,272.9,272.0,273.0,149.9,15.83,150.7,601.0,1373342.0,41223.0,126689.0,0.994,0.979,0.748,0.921,66.47,67.08,66.36,66.41,66.94,66.01,57.25,22.59,22.8,22.56,22.57,22.75,22.44,19.46,43326.0,43986.0,43553.0,43403.0,44284.0,42031.0,38075.0,,0.0,0.0,,,2.0,-1.0,13.65,0.009,0.23,3.0,2.0,0.0,0.0,32.14,32.43,34.06,33.61,34.08,32.97,34.06,33.86,34.14,43.81
2016-06-09 08:27:00-05:00,645.82043,630.2606,505420,23.13,0.0,607.9,19.2,340.6,276.4,274.8,271.9,185.1,184.5,185.2,339.9,481.0,60.14,151.3,1382872.0,340.8,163.4,5.0,0.0,0.0,0.0,0.0,0.0,0.0,0.0,0.0,19.19,30.74,606.4,182.7,184.7,183.0,60.0,59.9,74.7,0.0,273.0,272.0,273.0,149.0,15.63,149.9,601.0,1373345.0,41223.0,126689.0,0.995,0.979,0.748,0.921,66.39,66.9,66.01,66.19,66.7,65.62,56.86,22.6,22.78,22.47,22.53,22.71,22.34,19.36,43327.0,43986.0,43554.0,43404.0,44285.0,42032.0,38075.0,,0.0,0.0,,,2.0,-1.0,13.65,0.009,0.229,3.0,2.0,0.0,0.0,31.95,32.25,34.03,33.43,33.98,32.34,34.09,33.31,34.12,43.85
2016-06-09 08:28:00-05:00,651.64185,636.76105,505421,23.18,0.0,612.9,19.1,339.9,276.5,274.7,271.8,187.3,186.7,187.3,339.6,487.1,60.12,153.0,1382875.0,340.3,165.4,5.0,0.0,0.0,0.0,0.0,0.0,0.0,0.0,0.0,18.99,30.13,610.6,185.0,186.8,185.3,60.0,59.9,74.7,0.0,273.0,272.0,273.0,150.8,15.9,151.6,601.0,1373347.0,41223.0,126689.0,0.994,0.979,0.748,0.921,67.1,67.59,66.97,67.01,67.45,66.39,57.63,22.8,22.97,22.76,22.77,22.92,22.56,19.58,43327.0,43986.0,43554.0,43404.0,44285.0,42032.0,38075.0,2.357,287.4,18.16,23.3,,2.0,-1.0,13.65,0.01,0.23,3.0,2.0,0.0,0.0,31.35,31.77,33.78,33.02,33.74,31.59,33.87,33.0,33.75,43.95
2016-06-09 08:29:00-05:00,650.81024,636.08856,505422,23.24,0.0,612.4,19.33,339.8,276.4,274.7,271.7,186.7,186.2,186.9,339.8,486.2,60.19,152.6,1382877.0,340.8,165.2,5.0,0.0,0.0,0.0,0.0,0.0,0.0,0.0,0.0,19.31,30.98,609.8,184.5,186.4,184.8,60.0,59.9,74.7,0.0,273.0,272.0,273.0,150.4,15.85,151.3,601.0,1373350.0,41223.0,126690.0,0.995,0.979,0.748,0.921,66.72,67.44,66.86,66.82,67.08,66.28,57.59,22.67,22.91,22.72,22.7,22.79,22.52,19.57,43328.0,43987.0,43555.0,43405.0,44286.0,42033.0,38075.0,1.758,308.2,12.83,3.0,3.53,2.0,-1.0,13.65,0.01,0.23,3.0,2.0,0.0,0.0,31.88,32.34,34.02,33.5,34.22,32.2,34.17,33.67,34.2,44.03
2016-06-09 08:30:00-05:00,651.5231,636.76105,505423,23.29,0.0,613.3,19.43,339.2,276.2,274.8,271.8,186.9,186.3,187.0,338.7,487.4,60.23,152.7,1382880.0,340.2,165.1,5.0,0.0,0.0,0.0,0.0,0.0,0.0,0.0,0.0,19.36,31.55,610.5,184.6,186.6,184.9,60.0,59.9,74.7,0.0,273.0,272.0,273.0,150.5,15.95,151.4,601.0,1373352.0,41223.0,126690.0,0.994,0.979,0.748,0.921,67.08,67.61,67.0,67.0,67.44,66.57,57.74,22.75,22.93,22.73,22.73,22.88,22.58,19.59,43328.0,43987.0,43555.0,43405.0,44286.0,42033.0,38075.0,1.92,291.9,20.49,3.0,3.53,2.0,-1.0,13.65,0.01,0.23,3.0,2.0,0.0,0.0,32.54,32.72,34.59,34.28,34.85,33.48,34.48,34.74,33.93,44.13
2016-06-09 08:31:00-05:00,653.18634,638.44214,505424,23.35,0.0,615.3,19.44,337.8,276.5,274.8,271.7,187.1,186.5,187.2,337.1,489.8,60.15,152.9,1382882.0,338.2,165.1,5.0,0.0,0.0,0.0,0.0,0.0,0.0,0.0,0.0,19.52,32.03,611.9,184.9,186.8,185.2,60.0,59.9,74.7,0.0,273.0,272.0,273.0,150.8,15.91,151.6,601.0,1373355.0,41223.0,126690.0,0.994,0.979,0.748,0.921,67.5,67.99,67.38,67.41,67.86,66.92,58.07,22.8,22.96,22.76,22.77,22.92,22.6,19.61,43329.0,43988.0,43556.0,43405.0,44286.0,42034.0,38076.0,1.705,289.1,34.16,3.1,3.53,2.0,-1.0,13.65,0.01,0.23,3.0,2.0,0.0,0.0,33.12,33.3,35.01,34.79,35.04,34.59,34.68,35.36,34.31,44.18
2016-06-09 08:32:00-05:00,655.8,641.132,505425,23.43,0.0,617.9,19.53,337.6,276.3,274.7,271.6,187.9,187.4,188.1,337.4,492.2,60.14,153.6,1382885.0,339.6,166.1,5.0,0.0,0.0,0.0,0.0,0.0,0.0,0.0,0.0,19.69,32.2,614.4,185.7,187.6,186.1,60.0,59.9,74.7,0.0,273.0,272.0,273.0,151.4,15.98,152.2,601.0,1373357.0,41223.0,126690.0,0.994,0.979,0.748,0.921,67.9,68.3,67.7,67.55,68.13,67.32,58.31,22.92,23.06,22.85,22.8,23.0,22.72,19.68,43329.0,43988.0,43556.0,43406.0,44287.0,42034.0,38076.0,2.348,294.2,17.46,3.2,3.527,2.0,-1.0,13.65,0.01,0.23,3.0,2.0,0.0,0.0,33.34,33.48,35.24,34.81,34.82,34.2,35.04,35.05,34.14,44.26
2016-06-09 08:33:00-05:00,658.41376,644.04596,505426,23.5,0.0,621.1,19.29,337.3,276.3,274.7,271.7,188.7,188.1,188.8,336.7,494.8,60.15,154.2,1382887.0,338.1,166.6,5.0,0.0,0.0,0.0,0.0,0.0,0.0,0.0,0.0,19.35,31.5,617.1,186.5,188.3,186.9,60.0,59.9,74.7,0.0,273.0,272.0,273.0,152.0,16.11,152.9,601.0,1373360.0,41223.0,126691.0,0.994,0.979,0.748,0.921,68.13,68.65,68.1,68.09,68.47,67.69,58.68,22.98,23.16,22.97,22.97,23.1,22.83,19.79,43329.0,43989.0,43557.0,43406.0,44287.0,42035.0,38076.0,1.123,275.1,16.79,2.0,3.527,2.0,-1.0,13.65,0.01,0.23,3.0,2.0,0.0,0.0,32.57,33.4,35.28,34.7,34.99,33.77,34.98,34.93,34.52,44.32
2016-06-09 08:34:00-05:00,661.0274,646.95996,505427,23.56,0.0,624.1,19.35,336.8,276.2,274.6,271.5,189.2,188.6,189.3,336.8,497.0,60.15,154.5,1382890.0,338.3,167.3,5.0,0.0,0.0,0.0,0.0,0.0,0.0,0.0,0.0,19.39,31.74,619.7,187.1,188.9,187.5,60.0,59.9,74.7,0.0,273.0,272.0,273.0,152.4,16.17,153.2,601.0,1373363.0,41223.0,126691.0,0.994,0.979,0.748,0.921,68.54,68.84,68.11,68.17,68.7,67.9,58.71,23.08,23.18,22.94,22.96,23.14,22.87,19.77,43330.0,43989.0,43557.0,43407.0,44288.0,42035.0,38076.0,1.598,288.1,24.6,2.6,3.528,2.0,-1.0,13.65,0.011,0.23,3.0,2.0,0.0,0.0,32.65,33.76,35.57,35.07,35.44,34.05,35.21,35.35,34.66,44.39
2016-06-09 08:35:00-05:00,663.2847,649.6498,505428,23.62,0.0,627.0,19.32,336.0,276.1,274.7,271.6,190.1,189.3,190.0,336.4,499.4,60.14,155.2,1382892.0,336.7,168.0,5.0,0.0,0.0,0.0,0.0,0.0,0.0,0.0,0.0,19.32,31.63,622.4,187.8,189.5,188.1,60.0,59.9,74.7,0.0,273.0,272.0,273.0,152.9,16.27,153.8,601.0,1373365.0,41223.0,126691.0,0.994,0.979,0.748,0.921,68.86,69.24,68.62,68.58,69.14,68.31,59.12,23.14,23.26,23.06,23.04,23.23,22.95,19.86,43330.0,43990.0,43558.0,43407.0,44288.0,42035.0,38077.0,1.775,272.8,20.54,2.3,3.531,2.0,-1.0,13.65,0.011,0.23,3.0,2.0,0.0,0.0,32.55,33.48,35.63,34.99,35.6,33.73,35.38,35.05,35.21,44.49
2016-06-09 08:36:00-05:00,666.136,652.67584,505429,23.68,0.0,630.3,19.64,336.8,276.2,274.7,271.7,190.7,189.9,190.6,336.6,500.9,60.14,155.7,1382895.0,337.5,168.6,5.0,0.0,0.0,0.0,0.0,0.0,0.0,0.0,0.0,19.63,32.35,625.3,188.5,190.3,188.8,60.0,59.9,74.7,0.0,273.0,272.0,273.0,153.5,16.36,154.4,601.0,1373368.0,41223.0,126692.0,0.994,0.979,0.748,0.921,68.98,69.39,68.68,68.77,69.28,68.37,59.2,23.23,23.37,23.13,23.16,23.33,23.03,19.94,43331.0,43990.0,43558.0,43408.0,44289.0,42036.0,38077.0,1.125,293.5,18.63,2.1,3.53,2.0,-1.0,13.65,0.011,0.231,3.0,2.0,0.0,0.0,32.87,34.06,35.84,35.31,36.11,34.24,35.64,35.61,35.24,44.57
2016-06-09 08:37:00-05:00,668.9873,655.81396,505430,23.74,0.0,633.3,19.76,335.8,276.2,274.5,271.5,191.4,190.8,191.4,335.7,504.4,60.14,156.3,1382897.0,338.4,169.3,5.0,0.0,0.0,0.0,0.0,0.0,0.0,0.0,0.0,19.71,32.36,628.2,189.4,191.1,189.7,60.0,59.9,74.7,0.0,273.0,272.0,273.0,154.2,16.46,155.1,601.0,1373370.0,41223.0,126692.0,0.994,0.979,0.748,0.921,69.37,69.82,69.23,69.27,69.81,68.84,59.7,23.3,23.45,23.25,23.26,23.44,23.12,20.05,43331.0,43991.0,43559.0,43408.0,44289.0,42036.0,38077.0,2.767,288.6,10.96,4.2,3.528,2.0,-1.0,13.65,0.011,0.231,3.0,2.0,0.0,0.0,33.17,34.18,36.17,35.44,36.22,34.39,35.83,35.88,35.58,44.67
2016-06-09 08:38:00-05:00,673.14545,660.18494,505431,23.81,0.0,637.2,19.66,336.1,276.0,274.5,271.4,192.9,192.1,192.9,335.6,507.7,60.15,157.5,1382900.0,336.6,170.3,5.0,0.0,0.0,0.0,0.0,0.0,0.0,0.0,0.0,19.58,31.36,632.2,191.0,192.6,191.3,60.0,59.9,74.7,0.0,272.7,272.0,273.0,155.4,16.64,156.3,601.0,1373373.0,41223.0,126692.0,0.994,0.979,0.748,0.921,69.99,70.39,69.73,69.68,70.32,69.36,60.13,23.52,23.66,23.44,23.42,23.63,23.31,20.21,43332.0,43991.0,43559.0,43409.0,44290.0,42037.0,38077.0,3.388,297.9,14.32,6.1,3.53,2.0,-1.0,13.65,0.011,0.23,3.0,2.0,0.0,0.0,32.3,33.55,35.99,35.12,35.7,33.83,35.73,34.94,35.21,44.74
2016-06-09 08:39:00-05:00,677.1848,664.668,505432,23.87,0.0,641.0,19.7,336.9,275.8,274.7,271.6,194.7,194.0,194.6,336.9,511.4,60.14,158.9,1382903.0,337.6,172.3,5.0,0.0,0.0,0.0,0.0,0.0,0.0,0.0,0.0,19.61,29.92,635.6,192.7,194.3,193.0,60.0,59.9,74.7,0.0,272.8,272.0,273.0,156.8,16.84,157.7,601.0,1373375.0,41223.0,126692.0,0.994,0.979,0.748,0.921,70.57,71.0,70.09,70.13,70.8,69.95,60.42,23.77,23.91,23.61,23.62,23.85,23.56,20.35,43332.0,43992.0,43560.0,43409.0,44290.0,42037.0,38078.0,3.208,318.0,15.34,6.7,3.53,2.0,-1.0,13.65,0.011,0.231,3.0,2.0,0.0,0.0,30.98,32.68,35.35,34.24,34.73,32.99,35.22,33.97,34.42,44.82
2016-06-09 08:40:00-05:00,681.10535,668.8148,505433,23.93,0.0,644.8,19.95,338.0,276.3,274.4,271.4,195.9,195.2,195.8,337.1,513.4,60.13,160.0,1382905.0,338.3,173.1,5.0,0.0,0.0,0.0,0.0,0.0,0.0,0.0,0.0,19.83,29.48,639.0,194.1,195.6,194.4,60.0,59.9,74.7,0.0,272.7,272.0,273.0,157.8,17.02,158.8,601.0,1373378.0,41223.0,126693.0,0.994,0.979,0.748,0.921,70.63,71.05,70.51,70.76,70.77,69.92,60.8,23.87,24.01,23.83,23.92,23.92,23.63,20.55,43333.0,43992.0,43560.0,43410.0,44291.0,42038.0,38078.0,3.323,301.9,12.01,6.1,3.53,2.0,-1.0,13.65,0.011,0.231,3.0,2.0,0.0,0.0,30.43,32.6,35.28,34.13,34.36,33.1,35.01,33.97,33.96,44.91
2016-06-09 08:41:00-05:00,684.4319,672.1771,505434,23.98,0.0,648.0,19.82,337.8,276.0,274.6,271.5,197.1,196.4,197.0,337.4,516.6,60.14,161.0,1382908.0,338.1,174.3,5.0,0.0,0.0,0.0,0.0,0.0,0.0,0.0,0.0,19.65,29.08,642.0,195.4,196.8,195.7,60.0,59.9,74.7,0.0,272.6,272.0,273.0,158.9,17.2,159.8,601.0,1373381.0,41223.0,126693.0,0.994,0.979,0.748,0.921,71.23,71.58,70.93,71.22,71.43,70.4,61.18,24.06,24.18,23.96,24.06,24.13,23.78,20.67,43333.0,43993.0,43561.0,43410.0,44291.0,42038.0,38078.0,3.442,285.5,10.06,5.0,3.527,2.0,-1.0,13.65,0.011,0.231,3.0,2.0,0.0,0.0,29.95,31.98,34.93,33.82,34.18,32.46,34.62,33.0,33.88,44.95
2016-06-09 08:42:00-05:00,687.8772,675.76355,505435,24.02,0.0,651.4,19.89,338.0,276.0,274.5,271.4,198.2,197.6,198.2,338.0,519.1,60.14,162.0,1382911.0,339.8,175.5,5.0,0.0,0.0,0.0,0.0,0.0,0.0,0.0,0.0,19.66,29.28,645.3,196.7,198.0,196.9,60.0,59.9,74.7,0.0,272.6,272.0,273.0,159.9,17.36,160.8,601.0,1373383.0,41223.0,126693.0,0.994,0.979,0.748,0.921,71.7,72.16,71.3,71.48,71.91,71.03,61.52,24.23,24.39,24.1,24.16,24.31,24.01,20.79,43334.0,43993.0,43561.0,43411.0,44292.0,42039.0,38078.0,,0.0,0.0,,,2.5,-1.0,13.65,0.011,0.231,3.0,2.0,0.0,0.0,30.06,31.88,34.62,33.61,34.08,32.32,34.44,32.89,33.78,45.01
2016-06-09 08:43:00-05:00,691.0849,679.23785,505436,24.06,0.0,654.5,19.99,338.7,275.8,274.4,271.4,199.6,198.8,199.5,338.6,521.1,60.15,162.9,1382913.0,340.7,176.4,5.0,0.0,0.0,0.0,0.0,0.0,0.0,0.0,0.0,19.79,29.0,648.3,197.9,199.2,198.2,60.0,59.9,74.7,0.0,272.1,272.0,272.9,160.8,17.5,161.7,601.0,1373386.0,41223.0,126694.0,0.994,0.979,0.748,0.921,71.95,72.41,71.76,71.83,72.24,71.31,61.89,24.37,24.52,24.3,24.32,24.46,24.15,20.96,43334.0,43994.0,43561.0,43411.0,44292.0,42039.0,38079.0,3.273,299.1,15.17,5.9,3.528,2.0,-1.0,13.65,0.011,0.231,3.0,2.0,0.0,0.0,29.91,31.44,34.03,32.85,33.48,31.46,33.97,32.2,33.46,45.03
2016-06-09 08:44:00-05:00,694.7678,683.04846,505437,24.11,0.0,658.2,20.22,339.2,275.6,274.7,271.6,200.6,199.8,200.4,338.6,523.1,60.13,163.8,1382916.0,339.3,177.1,5.0,0.0,0.0,0.0,0.0,0.0,0.0,0.0,0.0,19.99,29.61,651.8,198.9,200.2,199.1,60.0,59.9,74.7,0.0,272.3,272.0,273.0,161.6,17.65,162.6,601.0,1373389.0,41223.0,126694.0,0.994,0.979,0.748,0.921,72.24,72.57,71.85,71.98,72.52,71.4,61.9,24.5,24.62,24.37,24.41,24.6,24.22,21.0,43335.0,43994.0,43562.0,43412.0,44293.0,42040.0,38079.0,3.087,275.6,20.2,4.4,3.531,2.0,-1.0,13.65,0.011,0.231,3.0,2.0,0.0,0.0,30.56,31.82,34.12,33.09,33.64,31.79,33.97,32.28,33.69,45.11
2016-06-09 08:45:00-05:00,698.8072,687.08325,505438,24.15,0.0,661.9,20.04,338.8,275.9,274.2,271.2,201.8,201.0,201.6,338.5,526.7,60.14,164.7,1382919.0,338.9,178.3,5.0,0.0,0.0,0.0,0.0,0.0,0.0,0.0,0.0,19.83,29.36,655.2,200.3,201.5,200.6,60.0,59.9,74.7,0.0,272.0,271.5,272.5,162.6,17.82,163.6,601.0,1373391.0,41223.0,126694.0,0.994,0.979,0.748,0.921,72.73,73.21,72.64,72.59,73.05,71.99,62.58,24.64,24.8,24.61,24.59,24.75,24.39,21.2,43335.0,43994.0,43562.0,43412.0,44293.0,42040.0,38079.0,4.225,284.3,7.787,6.0,3.531,2.0,-1.0,13.65,0.011,0.231,3.0,2.0,0.0,0.0,30.66,31.58,33.98,33.0,33.34,31.5,33.83,32.03,33.98,45.11
2016-06-09 08:46:00-05:00,701.1833,689.5489,505439,24.18,0.0,664.5,20.15,339.0,275.9,274.1,271.1,202.7,201.8,202.5,338.9,528.8,60.15,165.3,1382921.0,340.2,179.2,5.0,0.0,0.0,0.0,0.0,0.0,0.0,0.0,0.0,19.84,29.43,657.5,201.2,202.4,201.4,60.0,59.9,74.7,0.0,272.0,271.2,272.1,163.3,17.97,164.2,601.0,1373394.0,41223.0,126694.0,0.994,0.979,0.748,0.921,72.9,73.54,72.78,72.79,73.27,72.32,62.69,24.71,24.93,24.67,24.68,24.84,24.52,21.25,43336.0,43995.0,43563.0,43413.0,44293.0,42041.0,38080.0,3.992,284.6,15.31,5.9,3.53,2.0,-1.0,13.65,0.011,0.231,3.0,2.0,0.0,0.0,30.72,31.33,33.9,32.68,33.17,31.14,33.66,31.79,33.81,45.11
2016-06-09 08:47:00-05:00,704.74744,693.2474,505440,24.21,0.0,668.1,20.1,339.1,275.5,274.1,271.1,203.7,202.9,203.6,338.8,531.8,60.15,166.2,1382924.0,340.4,180.1,5.0,0.0,0.0,0.0,0.0,0.0,0.0,0.0,0.0,19.87,29.7,661.0,202.4,203.6,202.6,60.0,59.9,74.7,0.0,272.0,271.0,272.0,164.2,18.13,165.2,601.0,1373397.0,41223.0,126695.0,0.994,0.979,0.748,0.921,73.32,73.93,73.16,73.27,73.6,72.66,63.03,24.86,25.07,24.81,24.84,24.95,24.64,21.37,43336.0,43995.0,43563.0,43413.0,44294.0,42041.0,38080.0,3.305,288.0,12.78,5.5,3.53,2.0,-1.0,13.65,0.011,0.231,3.0,2.0,0.0,0.0,30.98,31.41,33.72,32.55,33.1,31.03,33.59,31.78,33.86,45.11
2016-06-09 08:48:00-05:00,708.66797,697.3942,505441,24.24,0.0,671.9,20.13,339.4,275.5,274.2,271.1,204.8,203.9,204.5,338.8,534.3,60.15,167.0,1382927.0,339.6,181.0,5.0,0.0,0.0,0.0,0.0,0.0,0.0,0.0,0.0,19.94,29.85,664.5,203.6,204.6,203.7,60.0,59.9,74.7,0.0,272.0,271.2,272.0,165.0,18.24,166.0,601.0,1373400.0,41223.0,126695.0,0.994,0.979,0.748,0.921,73.52,74.15,73.42,73.54,73.95,72.82,63.21,24.95,25.17,24.92,24.96,25.1,24.72,21.46,43336.0,43996.0,43564.0,43413.0,44294.0,42042.0,38081.0,3.81,283.6,11.93,6.2,3.531,2.0,-1.0,13.65,0.011,0.231,3.0,2.0,0.0,0.0,31.03,31.57,33.86,32.79,33.23,31.36,33.71,31.72,33.99,45.11
2016-06-09 08:49:00-05:00,711.16284,700.0841,505442,24.28,0.0,674.5,19.93,339.6,275.8,274.1,271.0,205.8,204.9,205.6,339.3,536.5,60.2,167.9,1382930.0,341.5,182.0,5.0,0.0,0.0,0.0,0.0,0.0,0.0,0.0,0.0,19.79,29.0,667.1,204.5,205.6,204.7,60.0,59.9,74.7,0.0,272.0,271.2,272.0,165.8,18.44,166.8,601.0,1373402.0,41223.0,126695.0,0.994,0.979,0.748,0.921,73.8,74.59,73.97,74.2,74.11,73.26,63.66,25.06,25.33,25.12,25.2,25.17,24.88,21.62,43337.0,43996.0,43564.0,43414.0,44295.0,42042.0,38081.0,4.017,309.9,17.29,6.9,3.53,2.0,-1.0,13.65,0.011,0.231,3.0,2.0,0.0,0.0,30.19,31.39,33.56,32.31,32.86,30.79,33.31,31.41,33.57,45.11
2016-06-09 08:50:00-05:00,714.13293,702.99805,505443,24.31,0.0,677.5,20.32,339.6,276.0,274.2,271.2,206.4,205.5,206.2,339.7,538.7,60.2,168.5,1382932.0,340.6,183.0,5.0,0.0,0.0,0.0,0.0,0.0,0.0,0.0,0.0,20.24,29.9,669.8,205.2,206.2,205.4,60.0,59.9,74.7,0.0,272.0,271.5,272.1,166.4,18.48,167.4,601.0,1373405.0,41223.0,126696.0,0.994,0.979,0.748,0.921,74.27,74.83,74.12,74.32,74.58,73.62,63.91,25.22,25.42,25.17,25.24,25.33,25.0,21.71,43337.0,43997.0,43565.0,43414.0,44295.0,42042.0,38082.0,2.445,306.3,16.63,5.1,3.53,2.0,-1.0,13.65,0.011,0.231,3.0,2.0,0.0,0.0,30.69,31.64,33.75,32.75,33.37,31.31,33.66,31.82,33.44,45.11
2016-06-09 08:51:00-05:00,717.4595,706.2483,505444,24.34,0.0,681.0,20.17,339.3,275.7,274.1,271.1,207.4,206.5,207.2,339.2,541.4,60.21,169.3,1382935.0,340.8,183.6,5.0,0.0,0.0,0.0,0.0,0.0,0.0,0.0,0.0,19.98,29.47,673.0,206.2,207.2,206.3,60.0,59.9,74.7,0.0,272.0,271.1,272.0,167.2,18.62,168.2,601.0,1373408.0,41223.0,126696.0,0.994,0.979,0.748,0.921,74.67,75.25,74.62,74.56,75.05,74.02,64.31,25.33,25.53,25.31,25.29,25.46,25.11,21.82,43338.0,43997.0,43565.0,43415.0,44296.0,42043.0,38082.0,4.197,295.3,13.65,6.4,3.53,2.0,-1.0,13.65,0.011,0.231,3.0,2.0,0.0,0.0,30.57,31.6,34.02,32.82,33.4,31.1,33.77,31.84,33.64,45.11
2016-06-09 08:52:00-05:00,720.9048,709.9468,505445,24.38,0.0,684.5,20.0,339.6,275.8,274.3,271.2,208.3,207.5,208.1,339.2,543.9,60.22,170.1,1382938.0,340.4,184.5,5.0,0.0,0.0,0.0,0.0,0.0,0.0,0.0,0.0,19.76,28.76,676.2,207.2,208.2,207.4,60.0,59.9,74.7,0.0,272.0,271.4,272.0,168.0,18.79,169.1,601.0,1373411.0,41223.0,126696.0,0.994,0.979,0.748,0.921,74.97,75.61,74.79,74.91,75.38,74.25,64.52,25.46,25.68,25.4,25.44,25.6,25.21,21.91,43338.0,43998.0,43566.0,43415.0,44296.0,42043.0,38082.0,4.105,290.5,8.22,5.7,3.53,2.0,-1.0,13.65,0.011,0.231,3.0,2.0,0.0,0.0,29.8,31.22,33.9,32.6,33.05,30.88,33.57,31.55,33.63,45.14
2016-06-09 08:53:00-05:00,724.2313,713.5332,505446,24.4,0.0,687.9,20.25,339.4,275.8,274.2,271.1,209.2,208.3,209.0,339.2,546.6,60.23,170.8,1382941.0,340.4,185.4,5.0,0.0,0.0,0.0,0.0,0.0,0.0,0.0,0.0,20.11,29.4,679.5,208.2,209.1,208.3,60.0,59.9,74.7,0.0,272.0,271.4,272.0,168.7,18.87,169.8,601.0,1373414.0,41223.0,126697.0,0.994,0.979,0.748,0.921,75.42,76.01,75.24,75.33,75.67,74.62,64.89,25.59,25.79,25.53,25.56,25.68,25.32,22.02,43339.0,43998.0,43566.0,43416.0,44297.0,42044.0,38083.0,3.502,291.0,8.49,4.9,3.53,2.0,-1.0,13.65,0.012,0.232,3.0,2.0,0.0,0.0,30.09,31.32,33.99,32.61,33.48,31.22,33.83,31.99,33.75,45.09
2016-06-09 08:54:00-05:00,728.38947,717.56793,505447,24.44,0.0,692.1,20.06,339.1,275.8,274.1,271.0,210.2,209.2,209.9,338.7,549.7,60.16,171.6,1382943.0,341.5,186.2,5.0,0.0,0.0,0.0,0.0,0.0,0.0,0.0,0.0,19.92,29.18,683.4,209.2,210.0,209.4,60.0,59.9,74.7,0.0,272.0,271.4,272.0,169.6,18.99,170.7,601.0,1373416.0,41223.0,126697.0,0.994,0.979,0.748,0.921,75.85,76.49,75.81,75.81,76.16,75.12,65.4,25.72,25.94,25.7,25.71,25.82,25.47,22.17,43339.0,43999.0,43567.0,43416.0,44297.0,42044.0,38083.0,3.89,301.1,16.55,6.9,3.528,2.0,-1.0,13.65,0.012,0.232,3.0,2.0,0.0,0.0,30.05,31.52,34.33,33.02,33.55,31.54,34.07,32.14,33.98,45.09
2016-06-09 08:55:00-05:00,731.59717,721.0423,505448,24.46,0.0,695.7,20.28,339.1,275.8,273.9,270.9,211.3,210.5,211.1,338.8,552.5,60.14,172.5,1382946.0,340.9,187.2,5.0,0.0,0.0,0.0,0.0,0.0,0.0,0.0,0.0,20.14,29.68,686.6,210.4,211.1,210.6,60.0,59.9,74.7,0.0,272.0,271.0,272.0,170.5,19.05,171.5,601.0,1373419.0,41223.0,126697.0,0.994,0.979,0.748,0.921,76.23,76.85,76.03,76.18,76.56,75.57,65.44,25.85,26.06,25.78,25.83,25.96,25.62,22.19,43340.0,43999.0,43567.0,43417.0,44298.0,42045.0,38084.0,3.835,297.1,27.21,6.0,3.531,2.0,-1.0,13.65,0.012,0.232,3.0,2.0,0.0,0.0,30.48,31.41,34.49,33.27,33.73,31.99,34.39,32.54,33.37,45.05
2016-06-09 08:56:00-05:00,733.6169,723.0597,505449,24.5,0.0,698.0,20.46,338.7,276.8,275.4,272.3,210.9,210.0,210.7,338.9,554.4,60.14,172.9,1382949.0,340.2,187.9,5.0,0.0,0.0,0.0,0.0,0.0,0.0,0.0,0.0,20.26,30.31,688.6,210.0,210.7,210.2,60.0,59.9,74.7,0.0,273.6,272.6,273.6,170.9,19.11,172.0,601.0,1373422.0,41223.0,126698.0,0.994,0.979,0.748,0.921,76.57,76.96,76.18,76.3,76.89,75.72,65.63,25.93,26.06,25.8,25.84,26.04,25.64,22.23,43340.0,44000.0,43568.0,43417.0,44298.0,42045.0,38084.0,3.58,293.1,12.3,5.8,3.53,2.0,-1.0,13.65,0.012,0.232,3.0,2.0,0.0,0.0,31.34,32.28,34.93,33.73,34.16,32.47,34.75,32.92,33.67,45.03
2016-06-09 08:57:00-05:00,735.87415,725.7495,505450,24.53,0.0,700.7,20.26,338.3,277.0,275.5,272.4,211.6,210.7,211.4,338.1,557.0,60.15,173.6,1382952.0,339.4,188.3,5.0,0.0,0.0,0.0,0.0,0.0,0.0,0.0,0.0,20.01,29.67,691.1,210.7,211.3,210.8,60.0,59.9,74.7,0.0,273.4,273.0,273.8,171.5,19.19,172.6,601.0,1373425.0,41223.0,126698.0,0.994,0.979,0.748,0.921,76.97,77.41,76.45,76.6,77.29,76.14,65.91,26.04,26.19,25.86,25.92,26.15,25.76,22.3,43341.0,44000.0,43568.0,43418.0,44299.0,42046.0,38085.0,3.92,295.6,11.6,6.0,3.53,2.0,-1.0,13.65,0.012,0.232,3.0,2.0,0.0,0.0,30.89,31.99,34.95,33.57,33.95,32.08,34.51,32.63,33.85,45.03
2016-06-09 08:58:00-05:00,739.67584,730.1205,505451,24.56,0.0,704.6,20.06,338.5,277.1,275.5,272.4,212.8,211.8,212.5,338.0,560.2,60.21,174.6,1382955.0,339.2,189.3,5.0,0.0,0.0,0.0,0.0,0.0,0.0,0.0,0.0,19.88,29.12,694.8,212.0,212.6,212.2,60.0,59.9,74.7,0.0,273.0,273.0,273.9,172.6,19.4,173.7,601.0,1373428.0,41223.0,126698.0,0.994,0.979,0.748,0.921,77.3,77.74,76.87,77.02,77.71,76.42,66.26,26.17,26.32,26.02,26.07,26.3,25.87,22.43,43341.0,44001.0,43568.0,43418.0,44299.0,42046.0,38085.0,4.088,306.0,18.36,6.6,3.53,2.0,-1.0,13.65,0.012,0.232,3.0,2.0,0.0,0.0,30.41,31.43,34.58,33.06,33.47,31.29,34.05,31.9,33.53,45.02
2016-06-09 08:59:00-05:00,741.5768,732.4741,505452,24.58,0.0,707.0,20.38,338.6,277.0,275.3,272.3,213.7,212.6,213.3,338.2,562.1,60.22,175.2,1382958.0,339.9,190.1,5.0,0.0,0.0,0.0,0.0,0.0,0.0,0.0,0.0,20.28,29.34,696.9,212.9,213.5,213.0,60.0,59.9,74.7,0.0,273.0,273.0,273.5,173.2,19.56,174.3,601.0,1373431.0,41223.0,126699.0,0.994,0.979,0.748,0.921,77.39,78.03,77.27,77.41,77.83,76.76,66.62,26.21,26.42,26.16,26.21,26.36,25.99,22.56,43342.0,44001.0,43569.0,43419.0,44300.0,42047.0,38086.0,4.478,317.2,17.27,8.7,3.53,2.0,-1.0,13.65,0.012,0.232,3.0,2.0,0.0,0.0,30.32,31.62,34.32,32.9,33.51,31.23,34.1,31.78,33.22,45.0
2016-06-09 09:00:00-05:00,744.07166,735.5002,505453,24.62,0.0,710.0,20.56,337.9,277.1,275.3,272.2,214.3,213.3,214.0,337.5,565.0,60.2,175.8,1382961.0,339.2,190.7,5.0,0.0,0.0,0.0,0.0,0.0,0.0,0.0,0.0,20.4,30.02,699.9,213.5,214.1,213.6,60.0,59.9,74.7,0.0,273.0,272.9,273.5,173.7,19.57,174.8,601.0,1373434.0,41223.0,126699.0,0.994,0.979,0.748,0.921,77.91,78.49,77.77,77.66,78.3,77.28,67.02,26.32,26.52,26.28,26.24,26.46,26.11,22.64,43342.0,44001.0,43569.0,43419.0,44300.0,42047.0,38086.0,3.173,301.1,15.94,5.6,3.53,2.0,-1.0,13.65,0.012,0.232,3.0,2.0,0.0,0.0,30.8,31.82,34.27,32.93,33.75,31.38,33.96,32.0,33.05,45.0
2016-06-09 09:01:00-05:00,747.27936,739.08655,505454,24.64,0.0,713.7,20.36,337.4,276.9,275.3,272.2,215.1,214.1,214.8,337.1,567.7,60.21,176.4,1382963.0,338.9,191.4,5.0,0.0,0.0,0.0,0.0,0.0,0.0,0.0,0.0,20.19,29.97,703.3,214.4,215.0,214.6,60.0,59.9,74.7,0.0,273.0,272.5,273.2,174.4,19.7,175.5,601.0,1373437.0,41223.0,126699.0,0.994,0.979,0.748,0.921,78.39,79.03,78.07,78.18,78.71,77.7,67.38,26.45,26.67,26.34,26.38,26.56,26.22,22.74,43343.0,44002.0,43570.0,43420.0,44301.0,42048.0,38087.0,4.062,301.4,12.69,8.0,3.53,2.0,-1.0,13.65,0.012,0.232,3.0,2.0,0.0,0.0,30.87,32.09,34.47,33.1,33.82,31.58,34.33,32.22,33.62,45.01
2016-06-09 09:02:00-05:00,749.89307,742.1127,505455,24.67,0.0,716.9,20.0,338.3,276.8,275.3,272.2,216.4,215.4,216.1,339.0,569.3,60.11,177.4,1382966.0,340.5,193.0,5.0,0.0,0.0,0.0,0.0,0.0,0.0,0.0,0.0,19.82,28.5,706.0,215.6,216.0,215.8,60.0,59.9,74.7,0.0,273.0,272.5,273.0,175.3,19.77,176.4,601.0,1373439.0,41223.0,126700.0,0.994,0.979,0.748,0.921,78.62,78.91,77.95,78.22,78.98,77.48,67.21,26.6,26.7,26.37,26.46,26.72,26.21,22.74,43343.0,44002.0,43570.0,43420.0,44301.0,42048.0,38087.0,,0.0,0.0,,,2.0,-1.0,13.65,0.012,0.232,3.0,2.0,0.0,0.0,29.41,31.38,34.39,32.85,33.29,31.01,34.02,31.82,33.41,45.0
2016-06-09 09:03:00-05:00,751.79395,744.46625,505456,24.69,0.0,719.2,20.06,339.0,276.7,275.2,272.1,216.9,215.9,216.6,338.6,571.0,60.15,177.8,1382969.0,340.7,193.3,5.0,0.0,0.0,0.0,0.0,0.0,0.0,0.0,0.0,19.87,28.29,708.2,216.5,216.8,216.7,60.0,59.9,74.7,0.0,273.0,272.1,273.0,176.0,19.89,177.1,601.0,1373442.0,41223.0,126700.0,0.994,0.979,0.748,0.921,78.66,79.38,78.4,78.56,79.19,78.06,67.59,26.67,26.91,26.58,26.63,26.85,26.46,22.92,43344.0,44003.0,43571.0,43420.0,44301.0,42049.0,38088.0,4.508,303.1,12.0,6.4,3.53,2.0,-1.0,13.61,-0.04,0.232,3.0,2.0,0.0,0.001,29.19,31.2,34.3,32.99,33.52,31.08,34.02,31.98,33.29,44.98
2016-06-09 09:04:00-05:00,754.17,747.2682,505457,24.71,0.0,722.0,19.89,338.7,277.0,275.2,272.0,218.0,217.1,217.8,338.5,574.1,60.14,178.8,1382972.0,339.6,194.3,5.0,0.0,0.0,0.0,0.0,0.0,0.0,0.0,0.0,19.71,27.93,711.0,217.5,217.8,217.7,60.0,59.9,74.7,0.0,273.0,272.3,273.0,176.8,20.05,178.0,601.0,1373445.0,41223.0,126700.0,0.994,0.979,0.748,0.921,79.19,79.58,78.92,78.94,79.45,78.28,68.01,26.82,26.95,26.73,26.73,26.91,26.51,23.03,43344.0,44003.0,43571.0,43421.0,44302.0,42049.0,38088.0,,0.0,0.0,,,2.5,-1.0,13.61,-0.021,0.233,3.0,2.0,0.0,0.001,28.8,31.1,34.12,32.79,33.37,30.95,33.96,31.6,33.1,44.96
2016-06-09 09:05:00-05:00,757.14014,750.85455,505458,24.74,0.0,725.4,19.87,338.9,276.8,275.1,272.0,219.0,218.1,218.7,338.8,576.6,60.15,179.5,1382975.0,340.2,195.3,5.0,0.0,0.0,0.0,0.0,0.0,0.0,0.0,0.0,19.7,27.62,714.2,218.6,218.9,218.8,60.0,59.9,74.7,0.0,273.0,272.0,273.0,177.6,20.18,178.8,601.0,1373448.0,41223.0,126701.0,0.994,0.979,0.748,0.921,79.63,80.0,79.23,79.29,80.0,78.76,68.28,26.99,27.13,26.85,26.87,27.11,26.69,23.14,43344.0,44004.0,43572.0,43421.0,44302.0,42050.0,38089.0,3.375,324.6,23.57,5.1,3.531,2.0,-1.0,13.61,-0.002,0.233,3.0,2.0,0.0,0.001,28.42,31.04,34.04,32.78,33.36,30.98,34.05,31.77,33.2,44.94
2016-06-09 09:06:00-05:00,759.635,753.54443,505459,24.75,0.0,728.3,20.31,338.9,277.0,275.0,271.9,219.3,218.5,219.2,338.7,578.0,60.15,179.9,1382978.0,340.4,195.7,5.0,0.0,0.0,0.0,0.0,0.0,0.0,0.0,0.0,20.13,28.72,716.9,219.2,219.4,219.3,60.0,59.9,74.7,0.0,273.0,272.0,273.0,178.1,20.26,179.2,601.0,1373451.0,41223.0,126701.0,0.994,0.979,0.748,0.921,79.75,80.2,79.41,79.55,80.1,78.91,68.42,27.03,27.19,26.91,26.96,27.14,26.74,23.19,43345.0,44004.0,43572.0,43422.0,44303.0,42050.0,38089.0,,0.0,0.0,,,2.0,-1.0,13.61,0.003,0.233,3.0,2.0,0.0,0.001,29.33,31.77,34.51,33.48,33.66,32.1,34.51,32.42,33.36,44.94
2016-06-09 09:07:00-05:00,761.41705,755.6739,505460,24.76,0.0,730.8,20.23,338.2,277.0,275.0,271.9,219.8,218.9,219.5,338.1,580.1,60.14,180.2,1382981.0,339.0,196.1,5.0,0.0,0.0,0.0,0.0,0.0,0.0,0.0,0.0,19.9,28.66,719.5,219.6,219.8,219.8,60.0,59.9,74.7,0.0,273.0,272.0,273.0,178.3,20.3,179.5,601.0,1373454.0,41223.0,126701.0,0.994,0.979,0.748,0.921,80.0,80.6,79.69,79.72,80.4,79.17,68.7,27.06,27.25,26.95,26.96,27.21,26.77,23.23,43345.0,44005.0,43573.0,43422.0,44303.0,42050.0,38089.0,2.382,310.1,33.44,4.6,3.53,2.0,-1.0,13.61,0.006,0.233,3.0,2.0,0.0,0.001,29.45,32.03,35.03,33.79,33.97,32.11,34.69,32.52,34.18,44.9
2016-06-09 09:08:00-05:00,763.55554,758.1395,505461,24.78,0.0,733.5,20.22,338.0,276.5,275.0,271.9,220.3,219.5,220.1,338.0,581.8,60.15,180.6,1382984.0,340.0,196.6,5.0,0.0,0.0,0.0,0.0,0.0,0.0,0.0,0.0,20.01,28.79,721.9,220.1,220.3,220.3,60.0,59.9,74.7,0.0,273.0,272.0,273.0,178.7,20.33,179.8,601.0,1373457.0,41223.0,126702.0,0.994,0.979,0.748,0.921,80.3,81.0,80.0,79.97,80.8,79.62,69.0,27.15,27.36,27.05,27.03,27.31,26.91,23.32,43346.0,44005.0,43573.0,43423.0,44304.0,42051.0,38090.0,,0.0,0.0,,,2.0,-1.0,13.61,0.008,0.233,3.0,2.0,0.0,0.001,29.61,31.99,35.19,33.81,34.12,32.47,34.94,33.11,34.34,44.87
2016-06-09 09:09:00-05:00,766.2881,761.0535,505462,24.8,0.0,736.5,20.3,337.4,276.9,275.1,272.0,220.8,219.8,220.5,337.7,584.5,60.12,181.0,1382987.0,339.2,197.4,5.0,0.0,0.0,0.0,0.0,0.0,0.0,0.0,0.0,20.17,28.97,724.9,220.7,220.8,220.9,60.0,59.9,74.7,0.0,273.0,272.0,273.0,179.2,20.37,180.4,601.0,1373460.0,41223.0,126702.0,0.994,0.979,0.748,0.921,80.6,81.2,80.2,80.3,81.0,79.75,69.16,27.18,27.41,27.06,27.09,27.32,26.91,23.33,43346.0,44006.0,43574.0,43423.0,44304.0,42051.0,38090.0,3.745,297.4,13.61,7.3,3.53,2.0,-1.0,13.61,0.036,0.233,3.0,2.0,0.0,0.001,30.1,32.16,35.27,33.87,34.33,32.1,34.92,32.89,34.48,44.82
2016-06-09 09:10:00-05:00,769.61456,764.9762,505463,24.81,0.0,740.1,20.21,337.7,276.7,274.9,271.9,222.1,221.4,222.0,337.4,587.8,60.13,182.1,1382990.0,339.6,198.3,5.0,0.0,0.0,0.0,0.0,0.0,0.0,0.0,0.0,19.97,28.52,728.3,222.1,222.1,222.3,60.0,59.9,74.7,0.0,273.0,272.0,273.0,180.2,20.58,181.4,601.0,1373463.0,41223.0,126702.0,0.994,0.979,0.748,0.921,81.2,81.7,80.8,80.8,81.7,80.2,69.64,27.43,27.61,27.27,27.29,27.59,27.09,23.52,43347.0,44006.0,43574.0,43424.0,44305.0,42052.0,38091.0,4.158,291.7,14.15,6.7,3.53,2.0,-1.0,13.61,-0.013,0.233,3.0,2.0,0.0,0.001,29.72,31.84,35.09,33.55,33.89,31.84,34.56,32.28,34.26,44.8
2016-06-09 09:11:00-05:00,772.34705,768.2264,505464,24.82,0.0,743.0,20.07,337.2,276.6,275.0,271.9,223.0,221.9,222.6,336.9,590.8,60.15,182.7,1382993.0,338.2,199.0,5.0,0.0,0.0,0.0,0.0,0.0,0.0,0.0,0.0,19.91,28.51,731.1,222.9,223.0,223.2,60.0,59.9,74.7,0.0,273.0,272.0,273.0,180.9,20.71,182.1,601.0,1373466.0,41223.0,126703.0,0.994,0.979,0.748,0.921,81.4,82.1,81.1,81.1,82.0,80.5,69.97,27.47,27.69,27.34,27.36,27.65,27.16,23.6,43347.0,44007.0,43575.0,43424.0,44305.0,42052.0,38091.0,4.682,303.2,14.16,6.5,3.531,2.0,-1.0,13.61,0.006,0.233,3.0,2.0,0.0,0.001,29.72,31.67,35.0,33.43,33.81,31.73,34.57,32.4,34.42,44.8
2016-06-09 09:12:00-05:00,775.0796,771.25244,505465,24.84,0.0,746.0,20.27,337.6,276.6,274.8,271.8,223.9,223.0,223.6,337.2,592.9,60.13,183.5,1382996.0,339.3,199.9,5.0,0.0,0.0,0.0,0.0,0.0,0.0,0.0,0.0,20.13,28.8,733.9,224.0,223.9,224.2,60.0,59.9,74.7,0.0,273.0,272.0,273.0,181.7,20.8,182.9,601.0,1373469.0,41223.0,126703.0,0.994,0.979,0.748,0.921,81.8,82.2,81.3,81.5,82.3,80.6,70.12,27.61,27.75,27.45,27.5,27.78,27.22,23.67,43348.0,44007.0,43575.0,43425.0,44306.0,42053.0,38092.0,3.322,316.7,12.69,5.8,3.53,2.0,-1.0,13.61,0.008,0.233,3.0,2.0,0.0,0.0,29.89,31.49,34.96,33.5,33.99,31.8,34.6,32.58,34.1,44.8
2016-06-09 09:13:00-05:00,778.1685,774.39056,505466,24.86,0.0,749.5,20.62,337.1,276.5,275.1,272.1,224.6,223.7,224.4,336.6,595.7,60.19,184.2,1382999.0,337.6,200.5,5.0,0.0,0.0,0.0,0.0,0.0,0.0,0.0,0.0,20.39,29.05,737.3,224.7,224.6,224.9,60.0,59.9,74.7,0.0,273.0,272.0,273.0,182.3,20.96,183.5,601.0,1373472.0,41223.0,126703.0,0.993,0.979,0.748,0.921,82.1,82.9,82.0,81.9,82.5,81.3,70.58,27.68,27.94,27.64,27.59,27.83,27.41,23.79,43348.0,44008.0,43576.0,43425.0,44306.0,42053.0,38092.0,3.447,298.9,12.44,5.7,3.527,2.0,-1.0,13.61,0.009,0.233,3.0,2.0,0.0,0.0,30.13,31.85,35.33,33.69,34.1,32.24,34.91,32.63,34.08,44.8
2016-06-09 09:14:00-05:00,780.901,777.6408,505467,24.87,0.0,752.7,20.51,337.3,276.6,274.9,271.9,225.4,224.5,225.1,337.0,597.2,60.12,184.9,1383002.0,338.8,201.2,5.0,0.0,0.0,0.0,0.0,0.0,0.0,0.0,0.0,20.32,29.1,740.2,225.5,225.3,225.8,60.0,59.9,74.7,0.0,273.0,272.0,273.0,183.0,21.01,184.2,601.0,1373475.0,41223.0,126704.0,0.993,0.979,0.748,0.921,82.0,83.0,82.0,82.2,82.3,81.4,70.69,27.64,27.99,27.66,27.72,27.78,27.45,23.84,43349.0,44008.0,43576.0,43426.0,44307.0,42054.0,38093.0,,0.0,0.0,,,2.0,-1.0,13.61,0.009,0.233,3.0,2.0,0.0,0.0,30.07,32.07,35.37,33.69,34.19,32.17,34.9,32.74,34.27,44.82
2016-06-09 09:15:00-05:00,783.5147,780.3306,505468,24.89,0.0,755.4,20.28,336.5,276.8,274.9,271.9,225.5,224.8,225.4,336.1,599.7,60.14,185.1,1383005.0,337.4,201.6,5.0,0.0,0.0,0.0,0.0,0.0,0.0,0.0,0.0,20.11,29.27,743.0,225.9,225.6,226.2,60.0,59.9,74.7,0.0,273.0,272.0,273.0,183.3,21.05,184.5,601.0,1373478.0,41223.0,126704.0,0.993,0.979,0.748,0.921,82.5,83.5,82.5,82.5,83.0,81.9,70.93,27.75,28.09,27.75,27.75,27.92,27.56,23.87,43349.0,44009.0,43576.0,43426.0,44307.0,42054.0,38093.0,,0.0,0.0,,,2.0,-1.0,13.61,0.01,0.233,3.0,2.0,0.0,0.0,30.17,32.33,35.67,34.06,34.62,32.46,35.24,33.44,34.98,44.77
2016-06-09 09:16:00-05:00,785.53436,782.57214,505469,24.9,0.0,758.1,20.58,335.9,276.8,275.2,272.3,225.8,224.7,225.4,336.0,600.9,60.15,185.3,1383008.0,337.2,201.9,5.0,0.0,0.0,0.0,0.0,0.0,0.0,0.0,0.0,20.45,29.93,745.3,225.9,225.8,226.2,60.0,59.9,74.7,0.0,273.0,272.0,273.0,183.5,21.1,184.7,601.0,1373481.0,41223.0,126704.0,0.993,0.979,0.748,0.921,82.8,83.5,82.6,82.7,83.3,82.0,71.08,27.83,28.06,27.76,27.77,27.99,27.55,23.88,43350.0,44009.0,43577.0,43427.0,44308.0,42055.0,38094.0,2.367,321.5,21.06,4.4,3.53,2.0,-1.0,13.61,0.01,0.233,3.0,2.0,0.0,0.0,30.79,32.95,36.01,34.68,35.32,32.94,35.87,33.93,35.29,44.75
2016-06-09 09:17:00-05:00,787.67285,784.81366,505470,24.92,0.0,760.4,20.82,334.2,276.9,275.1,272.2,226.0,225.1,225.7,334.2,604.0,60.13,185.5,1383011.0,335.4,201.9,5.0,0.0,0.0,0.0,0.0,0.0,0.0,0.0,0.0,20.63,30.8,747.5,226.2,225.9,226.4,60.0,59.9,74.7,0.0,273.0,272.0,273.0,183.6,21.1,184.8,601.0,1373485.0,41223.0,126705.0,0.993,0.979,0.748,0.921,83.5,84.2,83.1,82.8,83.9,82.8,71.52,27.92,28.14,27.79,27.69,28.05,27.68,23.9,43350.0,44009.0,43577.0,43427.0,44308.0,42055.0,38094.0,,0.0,0.0,,,2.0,-1.0,13.61,0.01,0.233,3.0,2.0,0.0,0.0,31.55,33.48,36.38,35.13,35.85,33.28,36.08,34.29,35.61,44.73
2016-06-09 09:18:00-05:00,791.23694,788.7364,505471,24.94,0.0,764.4,20.84,333.9,277.1,275.2,272.2,226.5,225.8,226.3,334.1,607.1,60.18,186.1,1383014.0,335.5,202.8,5.0,0.0,0.0,0.0,0.0,0.0,0.0,0.0,0.0,20.75,31.1,751.1,226.9,226.7,227.1,60.0,59.9,74.7,0.0,273.0,272.0,273.0,184.3,21.23,185.5,601.0,1373488.0,41223.0,126705.0,0.993,0.979,0.748,0.921,83.7,84.4,83.5,83.4,84.0,82.9,71.82,27.96,28.17,27.86,27.85,28.05,27.68,23.98,43351.0,44010.0,43578.0,43428.0,44308.0,42056.0,38095.0,,0.0,0.0,,,2.0,-1.0,13.61,0.011,0.233,3.0,2.0,0.0,0.0,32.12,33.54,36.76,35.14,35.78,33.46,36.1,34.38,35.83,44.8
2016-06-09 09:19:00-05:00,794.9199,792.9953,505472,24.98,0.0,768.5,20.76,334.6,276.7,275.5,272.4,227.6,226.7,227.3,335.1,609.9,60.19,186.9,1383017.0,335.3,204.4,5.0,0.0,0.0,0.0,0.0,0.0,0.0,0.0,0.0,20.56,30.46,755.1,228.1,227.8,228.4,60.0,59.9,74.7,0.0,273.0,272.1,273.0,185.3,21.4,186.5,601.0,1373491.0,41223.0,126705.0,0.993,0.979,0.748,0.921,84.2,84.8,83.6,83.7,84.4,83.3,72.04,28.16,28.37,27.98,28.02,28.25,27.87,24.11,43351.0,44010.0,43578.0,43428.0,44309.0,42056.0,38095.0,,0.0,0.0,,,2.0,-1.0,13.61,0.011,0.233,3.0,2.0,0.0,0.0,31.87,33.25,36.52,34.96,35.56,32.97,35.98,33.97,35.74,44.8
2016-06-09 09:20:00-05:00,797.89,796.35754,505473,25.01,0.0,771.5,20.54,334.4,276.9,275.5,272.4,228.8,228.0,228.6,334.2,613.7,60.14,188.0,1383020.0,334.4,205.1,5.0,0.0,0.0,0.0,0.0,0.0,0.0,0.0,0.0,20.32,29.86,757.9,229.4,228.9,229.7,60.0,59.9,74.7,0.0,273.0,272.2,273.1,186.3,21.52,187.5,601.0,1373494.0,41223.0,126706.0,0.993,0.979,0.748,0.921,84.6,85.1,84.3,84.5,84.8,83.7,72.5,28.29,28.46,28.19,28.27,28.36,27.98,24.25,43351.0,44011.0,43579.0,43428.0,44309.0,42057.0,38096.0,,0.0,0.0,,,2.0,-1.0,13.61,0.011,0.233,3.0,2.0,0.0,0.0,31.18,32.71,36.17,34.58,34.98,32.74,35.7,33.56,35.19,44.8
2016-06-09 09:21:00-05:00,800.50366,799.3836,505474,25.04,0.0,774.3,20.78,335.4,277.0,275.2,272.2,229.5,228.6,229.2,335.2,614.1,60.13,188.5,1383023.0,337.5,205.8,5.0,0.0,0.0,0.0,0.0,0.0,0.0,0.0,0.0,20.6,30.6,760.7,230.2,229.6,230.4,60.0,59.9,74.7,0.0,273.0,272.0,273.1,186.9,21.62,188.1,601.0,1373497.0,41223.0,126706.0,0.993,0.979,0.748,0.921,84.7,85.1,84.2,84.4,84.9,83.6,72.4,28.4,28.52,28.23,28.29,28.46,28.05,24.28,43352.0,44011.0,43579.0,43429.0,44310.0,42057.0,38096.0,,0.0,0.0,,,2.0,-1.0,13.61,0.011,0.233,3.0,2.0,0.0,0.0,31.65,33.21,36.44,35.12,35.35,33.42,35.93,34.09,35.09,44.8
2016-06-09 09:22:00-05:00,801.57294,800.7285,505475,25.06,0.0,776.1,20.81,334.7,277.4,275.3,272.3,229.5,228.8,229.3,334.5,615.8,60.14,188.7,1383026.0,335.2,205.9,5.0,0.0,0.0,0.0,0.0,0.0,0.0,0.0,0.0,20.52,30.68,762.2,230.3,229.7,230.5,60.0,59.9,74.7,0.0,273.1,272.6,273.5,187.0,21.64,188.3,601.0,1373500.0,41223.0,126706.0,0.993,0.979,0.748,0.921,84.9,85.4,84.5,84.4,85.2,83.9,72.66,28.42,28.57,28.29,28.26,28.52,28.08,24.32,43352.0,44012.0,43580.0,43429.0,44310.0,42057.0,38097.0,,0.0,0.0,,,2.5,-1.0,13.61,0.011,0.234,3.0,2.0,0.0,0.0,31.98,33.64,36.85,35.54,35.92,33.56,36.42,34.5,35.59,44.8
2016-06-09 09:23:00-05:00,803.4738,803.19415,505476,25.09,0.0,778.6,20.35,334.8,277.2,275.4,272.4,230.9,229.8,230.5,334.7,618.8,60.14,189.7,1383029.0,335.9,207.1,5.0,0.0,0.0,0.0,0.0,0.0,0.0,0.0,0.0,20.19,29.47,764.6,231.5,230.9,231.8,60.0,59.9,74.7,0.0,273.2,272.5,273.3,188.0,21.84,189.3,601.0,1373503.0,41223.0,126707.0,0.993,0.979,0.748,0.921,85.3,86.0,85.0,85.1,85.7,84.4,73.19,28.55,28.78,28.46,28.49,28.7,28.25,24.5,43353.0,44012.0,43580.0,43430.0,44311.0,42058.0,38097.0,,0.0,0.0,,,2.5,-1.0,13.61,0.011,0.233,3.0,2.0,0.0,0.0,30.93,32.65,36.38,34.81,35.07,32.53,36.01,33.39,35.38,44.87
2016-06-09 09:24:00-05:00,807.39435,807.7893,505477,25.12,0.0,782.7,20.58,335.1,277.1,275.4,272.4,232.0,231.0,231.6,334.7,621.6,60.15,190.6,1383033.0,337.4,208.0,5.0,0.0,0.0,0.0,0.0,0.0,0.0,0.0,0.0,20.3,29.48,768.4,232.9,232.1,233.2,60.0,59.9,74.7,0.0,273.0,272.5,273.1,189.1,21.96,190.4,601.0,1373506.0,41223.0,126707.0,0.993,0.979,0.748,0.921,85.9,86.3,85.3,85.6,86.4,84.7,73.52,28.79,28.93,28.59,28.7,28.94,28.38,24.64,43353.0,44013.0,43581.0,43430.0,44311.0,42058.0,38097.0,,0.0,0.0,,,2.0,-1.0,13.61,0.011,0.234,3.0,2.0,0.0,0.0,30.85,32.12,36.21,34.66,34.89,32.71,35.76,33.4,35.24,44.88
2016-06-09 09:25:00-05:00,810.7209,811.48785,505478,25.14,0.0,786.2,20.79,334.9,277.5,275.4,272.2,232.7,231.7,232.3,334.1,624.0,60.16,191.3,1383036.0,336.8,208.5,5.0,0.0,0.0,0.0,0.0,0.0,0.0,0.0,0.0,20.52,30.39,771.7,233.6,232.7,234.0,60.0,59.9,74.7,0.0,273.2,272.6,273.3,189.7,22.06,190.9,601.0,1373509.0,41223.0,126708.0,0.993,0.979,0.748,0.921,86.0,86.6,85.6,85.7,86.4,85.1,73.74,28.8,29.01,28.68,28.71,28.92,28.48,24.7,43354.0,44013.0,43581.0,43431.0,44312.0,42059.0,38098.0,,0.0,0.0,,,2.0,-1.0,13.61,0.011,0.234,3.0,2.0,0.0,0.0,31.47,32.59,36.2,34.74,35.2,32.69,36.0,33.46,35.5,44.88
2016-06-09 09:26:00-05:00,812.3841,813.5052,505479,25.16,0.0,788.6,20.78,334.6,277.3,275.8,272.6,232.6,231.5,232.2,335.0,624.9,60.13,191.2,1383039.0,336.3,209.3,5.0,0.0,0.0,0.0,0.0,0.0,0.0,0.0,0.0,20.59,30.71,773.9,233.7,232.7,234.0,60.0,59.9,74.7,0.0,273.4,272.9,273.7,189.8,22.06,191.0,601.0,1373513.0,41223.0,126708.0,0.993,0.979,0.748,0.921,86.1,86.5,85.9,86.0,86.4,84.8,73.95,28.8,28.95,28.73,28.76,28.9,28.37,24.74,43354.0,44014.0,43582.0,43431.0,44312.0,42059.0,38098.0,3.057,297.3,11.04,5.5,3.527,2.0,-1.0,13.61,0.011,0.234,3.0,2.0,0.0,0.0,31.61,33.29,36.77,35.28,35.82,33.32,36.41,34.22,35.85,44.9
2016-06-09 09:27:00-05:00,814.5226,815.8588,505480,25.19,0.0,791.0,20.45,334.8,277.5,275.5,272.3,233.2,232.4,233.0,334.5,627.1,60.19,191.8,1383042.0,335.2,209.8,5.0,0.0,0.0,0.0,0.0,0.0,0.0,0.0,0.0,20.26,29.94,776.3,234.5,233.5,234.8,60.0,59.9,74.7,0.0,273.3,272.8,273.4,190.4,22.17,191.6,601.0,1373516.0,41223.0,126708.0,0.993,0.979,0.748,0.921,86.4,87.3,86.2,86.3,86.8,85.5,74.27,28.92,29.21,28.85,28.89,29.05,28.63,24.86,43355.0,44014.0,43582.0,43432.0,44313.0,42060.0,38099.0,,0.0,0.0,,,2.0,-1.0,13.61,0.011,0.234,3.0,2.0,0.0,0.0,31.28,33.11,36.71,35.26,35.55,33.18,36.53,33.85,36.08,44.9
2016-06-09 09:28:00-05:00,817.13635,818.7728,505481,25.22,0.0,794.0,20.81,335.3,277.3,275.6,272.4,234.1,233.3,233.9,335.1,627.8,60.2,192.6,1383045.0,336.2,210.4,5.0,0.0,0.0,0.0,0.0,0.0,0.0,0.0,0.0,20.61,30.37,779.1,235.2,234.3,235.5,60.0,59.9,74.7,0.0,273.4,273.0,273.5,190.9,22.33,192.2,601.0,1373519.0,41223.0,126709.0,0.993,0.979,0.748,0.921,86.5,87.3,86.3,86.4,87.0,85.6,74.3,29.01,29.25,28.94,28.97,29.18,28.68,24.91,43355.0,44015.0,43583.0,43432.0,44313.0,42060.0,38099.0,,0.0,0.0,,,2.0,-1.0,13.61,0.011,0.234,3.0,2.0,0.0,0.0,31.36,33.21,36.75,35.25,35.67,33.49,36.56,34.02,35.85,44.9
2016-06-09 09:29:00-05:00,821.0569,822.8075,505482,25.24,0.0,797.7,20.95,333.4,277.6,275.5,272.4,234.8,233.9,234.5,332.7,634.2,60.14,193.2,1383048.0,334.8,211.0,5.0,0.0,0.0,0.0,0.0,0.0,0.0,0.0,0.0,20.72,30.82,783.0,236.1,235.0,236.5,60.0,59.9,74.7,0.0,273.5,273.0,273.7,191.7,22.35,193.0,601.0,1373522.0,41223.0,126709.0,0.993,0.979,0.748,0.921,87.4,87.9,87.4,87.2,87.8,86.4,75.16,29.12,29.31,29.13,29.08,29.27,28.78,25.05,43356.0,44015.0,43583.0,43433.0,44314.0,42061.0,38100.0,,0.0,0.0,,,2.5,-1.0,13.61,0.011,0.234,3.0,2.0,0.0,0.0,31.95,33.35,36.78,35.29,35.68,33.12,36.57,33.91,36.24,44.93
2016-06-09 09:30:00-05:00,824.2646,826.2819,505483,25.27,0.0,801.0,21.24,333.9,277.5,275.6,272.5,235.5,234.5,235.2,333.2,635.2,60.14,193.7,1383051.0,335.8,211.6,5.0,0.0,0.0,0.0,0.0,0.0,0.0,0.0,0.0,21.05,31.64,786.0,236.8,235.6,237.2,60.0,59.9,74.7,0.0,273.6,273.0,273.8,192.3,22.44,193.6,601.0,1373525.0,41223.0,126709.0,0.993,0.979,0.748,0.921,87.4,88.1,87.5,87.3,87.8,86.5,75.28,29.17,29.42,29.21,29.16,29.31,28.87,25.14,43356.0,44016.0,43583.0,43433.0,44314.0,42061.0,38100.0,,0.0,0.0,,,2.0,-1.0,13.61,0.011,0.234,3.0,2.0,0.0,0.0,32.74,34.09,37.06,35.53,35.99,33.75,36.8,34.42,36.4,45.0
2016-06-09 09:31:00-05:00,825.09625,827.40265,505484,25.3,0.0,803.0,21.15,333.5,277.5,276.0,272.9,235.4,234.4,235.1,333.3,636.1,60.12,193.9,1383055.0,332.8,212.0,5.0,0.0,0.0,0.0,0.0,0.0,0.0,0.0,0.0,21.0,31.82,787.5,236.7,235.5,237.0,60.0,59.9,74.7,0.0,274.0,273.0,274.0,192.4,22.45,193.7,601.0,1373529.0,41223.0,126710.0,0.993,0.979,0.748,0.921,87.6,88.3,87.5,87.3,87.9,86.7,75.29,29.2,29.43,29.17,29.1,29.32,28.91,25.1,43357.0,44016.0,43584.0,43434.0,44315.0,42062.0,38101.0,,0.0,0.0,,,2.0,-1.0,13.61,0.011,0.234,3.0,2.0,0.0,0.0,33.07,34.09,37.31,35.84,36.36,33.83,37.12,34.5,36.67,45.0
2016-06-09 09:32:00-05:00,827.3535,829.86835,505485,25.34,0.0,805.0,21.13,332.8,277.4,275.8,272.7,236.0,235.2,235.8,332.9,639.0,60.14,194.3,1383058.0,332.8,212.7,5.0,0.0,0.0,0.0,0.0,0.0,0.0,0.0,0.0,20.91,31.68,789.7,237.5,236.3,237.8,60.0,59.9,74.7,0.0,273.9,273.0,274.0,192.9,22.55,194.2,601.0,1373532.0,41223.0,126710.0,0.993,0.979,0.748,0.921,88.2,88.7,87.8,87.8,88.5,87.2,75.6,29.37,29.52,29.22,29.21,29.45,29.01,25.16,43357.0,44016.0,43584.0,43434.0,44315.0,42062.0,38101.0,,0.0,0.0,,,2.05,-1.0,13.61,0.011,0.234,3.0,2.0,0.0,0.0,32.95,33.6,37.37,35.86,36.3,33.62,37.12,34.57,36.45,45.0
2016-06-09 09:33:00-05:00,829.37317,832.10986,505486,25.38,0.0,807.0,21.07,332.1,277.5,275.8,272.6,236.5,235.6,236.2,331.8,641.8,60.14,194.7,1383061.0,332.2,212.9,5.0,0.0,0.0,0.0,0.0,0.0,0.0,0.0,0.0,20.83,31.55,792.1,238.0,236.7,238.4,60.0,59.9,74.7,0.0,273.8,273.0,273.9,193.3,22.64,194.6,601.0,1373535.0,41223.0,126711.0,0.993,0.979,0.748,0.921,88.3,89.0,88.4,88.2,88.7,87.5,76.06,29.33,29.57,29.35,29.31,29.45,29.06,25.26,43358.0,44017.0,43585.0,43435.0,44316.0,42063.0,38102.0,,0.0,0.0,,,2.5,-1.0,13.61,0.011,0.234,3.0,2.0,0.0,0.0,32.79,33.87,37.34,35.79,36.18,33.71,36.9,34.56,36.36,45.09
2016-06-09 09:34:00-05:00,833.1749,836.25665,505487,25.41,0.0,811.0,21.09,332.0,277.5,275.7,272.6,237.4,236.3,237.0,332.1,644.0,60.13,195.3,1383064.0,332.3,213.9,5.0,0.0,0.0,0.0,0.0,0.0,0.0,0.0,0.0,20.88,31.79,795.8,238.9,237.5,239.3,60.0,59.9,74.7,0.0,273.8,273.0,273.8,193.9,22.72,195.2,601.0,1373538.0,41223.0,126711.0,0.993,0.979,0.748,0.921,88.9,89.3,88.5,88.8,89.1,87.6,76.2,29.51,29.64,29.39,29.48,29.56,29.08,25.3,43358.0,44017.0,43585.0,43435.0,44316.0,42063.0,38102.0,,0.0,0.0,,,2.0,-1.0,13.61,0.012,0.234,3.0,2.0,0.0,0.0,33.08,33.95,37.4,35.88,36.57,33.73,37.08,34.77,36.64,45.08
2016-06-09 09:35:00-05:00,834.83813,838.0499,505488,25.45,0.0,813.0,21.22,332.2,277.4,275.8,272.7,237.4,236.4,237.0,331.7,643.9,60.18,195.3,1383067.0,333.5,213.6,5.0,0.0,0.0,0.0,0.0,0.0,0.0,0.0,0.0,21.07,33.33,797.8,238.8,237.5,239.2,60.0,59.9,74.7,0.0,273.9,273.0,274.0,193.9,22.74,195.2,601.0,1373541.0,41223.0,126711.0,0.993,0.979,0.748,0.921,88.9,89.4,88.6,88.6,89.1,87.7,76.25,29.53,29.69,29.41,29.43,29.6,29.12,25.33,43359.0,44018.0,43586.0,43435.0,44316.0,42064.0,38103.0,,0.0,0.0,,,2.0,-1.0,13.61,0.012,0.234,3.0,2.0,0.0,0.0,34.4,34.69,37.96,36.58,37.23,34.65,37.72,35.56,37.31,45.08
2016-06-09 09:36:00-05:00,835.7886,839.0586,505489,25.49,0.0,815.0,21.2,331.5,277.1,274.8,271.7,237.8,237.1,237.6,331.5,644.9,60.13,195.3,1383070.0,334.6,213.8,5.0,0.0,0.0,0.0,0.0,0.0,0.0,0.0,0.0,21.0,33.63,799.0,239.4,238.1,239.8,60.0,59.9,74.7,0.0,273.1,272.1,273.1,193.9,22.7,195.2,601.0,1373545.0,41223.0,126712.0,0.993,0.979,0.748,0.921,88.7,89.3,88.4,88.6,89.1,87.7,76.3,29.42,29.6,29.32,29.36,29.55,29.06,25.29,43359.0,44018.0,43586.0,43436.0,44317.0,42064.0,38103.0,,0.0,0.0,,,2.0,-1.0,13.61,0.012,0.234,3.0,2.0,0.0,0.0,35.0,35.24,38.17,36.79,37.45,34.64,37.92,35.69,38.1,45.08
2016-06-09 09:37:00-05:00,837.21423,840.85175,505490,25.53,0.0,817.0,21.42,330.6,276.5,274.9,271.8,238.5,237.5,238.1,330.2,648.5,60.14,195.6,1383074.0,331.2,214.1,5.0,0.0,0.0,0.0,0.0,0.0,0.0,0.0,0.0,21.19,33.98,801.0,240.2,238.7,240.6,60.0,59.9,74.7,0.0,273.0,272.0,273.0,194.3,22.82,195.6,601.0,1373548.0,41223.0,126712.0,0.993,0.979,0.748,0.921,89.4,90.0,89.1,89.3,89.7,88.5,76.74,29.54,29.74,29.47,29.52,29.64,29.25,25.37,43359.0,44019.0,43587.0,43436.0,44317.0,42065.0,38104.0,,0.0,0.0,,,2.0,-1.0,13.61,0.012,0.234,3.0,2.0,0.0,0.0,35.45,35.31,38.24,36.62,37.26,34.38,37.78,35.52,37.89,45.13
2016-06-09 09:38:00-05:00,840.30316,844.102,505491,25.57,0.0,820.0,21.38,330.5,276.7,274.8,271.6,239.1,238.2,238.8,331.1,650.7,60.16,196.1,1383077.0,331.3,215.4,5.0,0.0,0.0,0.0,0.0,0.0,0.0,0.0,0.0,21.21,33.83,804.0,240.9,239.4,241.3,60.0,59.9,74.7,0.0,273.0,272.0,273.0,194.8,22.88,196.2,601.0,1373551.0,41223.0,126712.0,0.993,0.979,0.748,0.921,89.6,90.2,89.5,89.5,90.1,88.7,77.03,29.62,29.82,29.57,29.57,29.78,29.31,25.45,43360.0,44019.0,43587.0,43437.0,44318.0,42065.0,38104.0,,0.0,0.0,,,2.0,-1.0,13.61,0.012,0.235,3.0,2.0,0.0,0.0,35.22,35.52,38.61,36.96,37.55,34.9,37.99,35.87,38.09,45.16
2016-06-09 09:39:00-05:00,843.74854,847.5764,505492,25.61,0.0,823.0,21.34,330.2,276.7,274.9,271.8,239.8,239.0,239.6,330.6,653.3,60.15,196.9,1383080.0,329.0,216.0,5.0,0.0,0.0,0.0,0.0,0.0,0.0,0.0,0.0,21.12,34.17,807.0,241.6,240.1,242.1,60.0,59.9,74.7,0.0,273.0,272.0,273.0,195.5,23.03,196.8,601.0,1373554.0,41223.0,126713.0,0.993,0.979,0.748,0.921,90.0,90.5,89.7,89.6,90.5,89.1,77.27,29.73,29.89,29.62,29.6,29.89,29.4,25.51,43360.0,44020.0,43588.0,43437.0,44318.0,42065.0,38104.0,,0.0,0.0,,,2.0,-1.0,13.61,0.012,0.234,3.0,2.0,0.0,0.0,35.53,35.82,38.68,37.06,37.58,34.68,38.12,36.01,38.32,45.24
2016-06-09 09:40:00-05:00,845.88696,850.04205,505493,25.65,0.0,825.0,21.25,330.2,276.6,274.9,271.8,240.6,239.7,240.4,330.0,655.8,60.18,197.5,1383083.0,331.5,216.4,5.0,0.0,0.0,0.0,0.0,0.0,0.0,0.0,0.0,21.07,33.39,809.0,242.4,240.9,242.9,60.0,59.9,74.7,0.0,273.0,272.0,273.0,196.2,23.13,197.5,601.0,1373558.0,41223.0,126713.0,0.993,0.979,0.748,0.921,90.2,90.9,90.2,90.1,90.6,89.4,77.62,29.8,30.03,29.77,29.75,29.93,29.51,25.63,43361.0,44020.0,43588.0,43438.0,44319.0,42066.0,38105.0,3.938,298.5,23.1,6.5,3.528,2.0,-1.0,13.61,0.012,0.235,3.0,2.0,0.0,0.0,35.03,35.32,38.43,36.92,37.35,34.14,37.9,35.44,37.75,45.29
2016-06-09 09:41:00-05:00,850.758,855.1976,505494,25.69,0.0,830.0,21.04,331.0,276.8,274.8,271.7,242.0,241.0,241.7,330.0,659.3,60.23,198.6,1383087.0,332.1,217.5,5.0,0.0,0.0,0.0,0.0,0.0,0.0,0.0,0.0,20.87,32.55,814.0,244.1,242.6,244.6,60.0,59.9,74.7,0.0,273.0,272.0,273.0,197.5,23.4,198.9,601.0,1373561.0,41223.0,126714.0,0.993,0.979,0.748,0.921,90.8,91.5,90.6,90.6,91.1,89.9,78.02,30.05,30.29,29.98,29.97,30.15,29.75,25.82,43361.0,44021.0,43589.0,43438.0,44319.0,42066.0,38105.0,,0.0,0.0,,,2.0,-1.0,13.61,0.012,0.235,3.0,2.0,0.0,0.0,34.1,34.55,37.94,36.13,36.73,33.53,37.38,34.78,37.28,45.36
2016-06-09 09:42:00-05:00,853.4904,858.22363,505495,25.73,0.0,833.0,20.99,331.7,276.8,274.9,271.7,243.0,242.3,242.9,331.7,660.7,60.16,199.6,1383090.0,333.2,219.1,5.0,0.0,0.0,0.0,0.0,0.0,0.0,0.0,0.0,20.92,31.82,817.0,245.3,243.6,245.8,60.0,59.9,74.7,0.0,273.0,272.0,273.0,198.4,23.5,199.8,601.0,1373564.0,41223.0,126714.0,0.993,0.979,0.748,0.921,91.0,91.7,90.7,90.9,91.4,90.2,78.03,30.2,30.43,30.09,30.13,30.31,29.9,25.88,43362.0,44021.0,43589.0,43439.0,44320.0,42067.0,38106.0,5.188,307.0,14.71,7.9,3.524,2.0,-1.0,13.61,0.012,0.235,3.0,2.0,0.0,0.0,33.29,34.2,37.76,36.03,36.74,33.24,37.23,34.56,36.76,45.37
2016-06-09 09:43:00-05:00,854.6785,859.79266,505496,25.77,0.0,835.0,20.96,332.4,276.9,275.0,271.8,243.6,242.6,243.4,332.0,661.3,60.15,200.1,1383093.0,333.4,219.6,5.0,0.0,0.0,0.0,0.0,0.0,0.0,0.0,0.0,20.89,31.56,818.0,245.8,244.1,246.4,60.0,59.9,74.7,0.0,273.0,272.0,273.0,198.9,23.56,200.3,601.0,1373568.0,41223.0,126714.0,0.993,0.979,0.748,0.921,91.1,91.8,90.9,90.8,91.4,90.2,78.22,30.29,30.52,30.2,30.19,30.39,29.99,26.0,43362.0,44022.0,43590.0,43439.0,44320.0,42067.0,38106.0,3.712,303.6,11.54,6.6,3.527,2.0,-1.0,13.61,0.012,0.235,3.0,2.0,0.0,0.0,32.62,34.25,37.53,35.77,36.62,33.35,36.86,34.27,36.61,45.44
2016-06-09 09:44:00-05:00,856.81696,861.81006,505497,25.8,0.0,837.0,20.99,332.8,276.8,275.0,271.8,243.9,243.2,243.8,332.6,661.9,60.14,200.4,1383096.0,333.6,220.1,5.0,0.0,0.0,0.0,0.0,0.0,0.0,0.0,0.0,20.73,31.52,820.0,246.3,244.5,246.9,60.0,59.9,74.7,0.0,273.0,272.0,273.0,199.3,23.62,200.7,601.0,1373571.0,41223.0,126715.0,0.993,0.979,0.748,0.921,91.1,91.9,90.9,90.7,91.5,90.1,78.34,30.32,30.56,30.26,30.18,30.44,30.0,26.07,43363.0,44022.0,43590.0,43440.0,44321.0,42068.0,38107.0,,0.0,0.0,,,2.0,-1.0,13.61,0.012,0.235,3.0,2.0,0.0,0.0,32.4,34.25,37.72,36.08,36.78,33.49,37.06,34.49,37.0,45.47
2016-06-09 09:45:00-05:00,858.2426,863.4912,505498,25.83,0.0,839.0,21.11,332.4,276.8,275.2,272.0,244.4,243.5,244.2,332.2,663.7,60.15,200.8,1383100.0,334.1,220.4,5.0,0.0,0.0,0.0,0.0,0.0,0.0,0.0,0.0,20.98,31.62,822.0,246.8,245.0,247.3,60.0,59.9,74.7,0.0,273.0,272.0,273.0,199.7,23.67,201.1,601.0,1373574.0,41223.0,126715.0,0.993,0.979,0.748,0.921,91.6,92.2,91.1,91.4,91.9,90.5,78.56,30.44,30.64,30.28,30.39,30.55,30.07,26.11,43363.0,44023.0,43591.0,43440.0,44321.0,42068.0,38107.0,,0.0,0.0,,,2.0,-1.0,13.61,0.012,0.235,3.0,2.0,0.0,0.0,32.78,34.27,37.53,35.86,36.6,33.36,36.82,34.2,36.89,45.47
2016-06-09 09:46:00-05:00,862.5196,867.75006,505499,25.87,0.0,843.0,21.4,331.6,276.6,275.0,271.9,245.3,244.6,245.2,331.4,668.3,60.15,201.6,1383103.0,333.0,221.4,5.0,0.0,0.0,0.0,0.0,0.0,0.0,0.0,0.0,21.28,31.72,826.0,247.9,246.0,248.5,60.0,59.9,74.7,0.0,273.0,272.0,273.0,200.5,23.82,202.0,601.0,1373578.0,41223.0,126716.0,0.993,0.979,0.748,0.921,91.9,92.8,91.8,91.8,92.3,91.0,79.06,30.48,30.78,30.45,30.45,30.61,30.19,26.22,43364.0,44023.0,43591.0,43441.0,44322.0,42069.0,38108.0,,0.0,0.0,,,2.0,-1.0,13.61,0.012,0.235,3.0,2.0,0.0,0.0,32.77,33.98,37.76,35.89,36.73,33.54,36.95,34.35,37.09,45.47
2016-06-09 09:47:00-05:00,864.658,869.99164,505500,25.89,0.0,845.0,21.23,332.1,276.9,274.9,271.8,245.9,245.3,245.9,331.5,669.6,60.14,202.2,1383106.0,332.5,222.0,5.0,0.0,0.0,0.0,0.0,0.0,0.0,0.0,0.0,21.0,31.14,828.0,248.7,246.7,249.3,60.0,59.9,74.7,0.0,273.0,272.0,273.0,201.1,23.89,202.5,601.0,1373581.0,41223.0,126716.0,0.993,0.979,0.748,0.921,92.1,92.9,91.8,91.8,92.5,91.1,79.14,30.58,30.87,30.5,30.5,30.73,30.25,26.29,43364.0,44024.0,43591.0,43441.0,44322.0,42069.0,38108.0,,0.0,0.0,,,2.0,-1.0,13.61,0.012,0.235,3.0,2.0,0.0,0.0,32.47,33.66,37.71,35.84,36.46,33.28,36.95,34.15,37.07,45.52
2016-06-09 09:48:00-05:00,866.0837,871.56067,505501,25.92,0.0,846.0,21.32,331.5,276.9,275.1,271.9,246.4,245.4,246.1,331.3,671.1,60.14,202.4,1383109.0,333.5,222.3,5.0,0.0,0.0,0.0,0.0,0.0,0.0,0.0,0.0,21.1,31.8,829.0,248.9,246.9,249.5,60.0,59.9,74.7,0.0,273.0,272.0,273.0,201.3,23.94,202.7,601.0,1373584.0,41223.0,126716.0,0.993,0.979,0.748,0.921,92.3,93.2,92.2,92.1,92.8,91.5,79.43,30.61,30.9,30.57,30.52,30.75,30.31,26.33,43365.0,44024.0,43592.0,43442.0,44323.0,42070.0,38109.0,,0.0,0.0,,,2.5,-1.0,13.61,0.012,0.235,3.0,2.0,0.0,0.0,32.91,34.04,37.86,35.99,36.71,33.8,37.34,34.45,37.66,45.57
2016-06-09 09:49:00-05:00,869.1726,874.8109,505502,25.95,0.0,849.0,21.19,331.6,276.9,274.9,271.8,247.0,246.3,246.9,331.0,673.6,60.16,203.0,1383113.0,333.9,223.0,5.0,0.0,0.0,0.0,0.0,0.0,0.0,0.0,0.0,20.95,31.32,832.0,249.8,247.8,250.4,60.0,59.9,74.7,0.0,272.9,272.0,273.0,202.0,24.05,203.4,601.0,1373588.0,41223.0,126717.0,0.993,0.979,0.748,0.921,92.5,93.7,92.6,92.0,93.1,91.9,79.65,30.69,31.08,30.7,30.5,30.89,30.49,26.41,43365.0,44024.0,43592.0,43442.0,44323.0,42070.0,38109.0,,0.0,0.0,,,2.0,-1.0,13.61,0.012,0.235,3.0,2.0,0.0,0.0,32.64,33.92,38.0,35.97,36.57,33.71,37.13,34.32,37.72,45.55
2016-06-09 09:50:00-05:00,871.3111,877.0524,505503,25.98,0.0,852.0,21.28,331.7,276.5,274.9,271.8,247.5,246.6,247.3,332.2,674.5,60.14,203.3,1383116.0,333.2,224.0,5.0,0.0,0.0,0.0,0.0,0.0,0.0,0.0,0.0,20.99,31.66,834.0,250.2,248.2,250.9,60.0,59.9,74.7,0.0,272.7,272.0,273.0,202.3,24.07,203.7,601.0,1373591.0,41223.0,126717.0,0.993,0.979,0.748,0.921,92.9,93.5,92.4,92.7,93.5,91.7,79.57,30.82,31.02,30.63,30.73,31.02,30.41,26.39,43366.0,44025.0,43593.0,43443.0,44323.0,42071.0,38110.0,,0.0,0.0,,,2.0,-1.0,13.61,0.012,0.235,3.0,2.0,0.0,0.0,32.86,33.96,38.17,36.1,36.87,33.99,37.38,34.79,37.83,45.57
2016-06-09 09:51:00-05:00,872.97437,878.7336,505504,26.01,0.0,853.0,21.3,330.7,276.4,274.7,271.6,247.9,247.2,247.9,330.5,676.6,60.13,203.6,1383119.0,332.0,223.6,5.0,0.0,0.0,0.0,0.0,0.0,0.0,0.0,0.0,21.09,31.84,837.0,250.7,248.6,251.3,60.0,59.9,74.7,0.0,272.0,271.8,272.6,202.5,24.12,203.9,601.0,1373594.0,41223.0,126718.0,0.993,0.979,0.748,0.921,93.1,93.7,93.0,92.9,93.5,91.8,80.1,30.77,30.99,30.74,30.73,30.91,30.35,26.48,43366.0,44025.0,43593.0,43443.0,44324.0,42071.0,38110.0,3.948,302.5,16.81,5.8,3.527,2.0,-1.0,13.61,0.012,0.235,3.0,2.0,0.0,0.0,32.94,34.22,38.23,36.23,37.0,33.76,37.44,34.71,37.79,45.57
2016-06-09 09:52:00-05:00,877.6077,883.3287,505505,26.03,0.0,858.0,21.64,330.1,276.2,274.7,271.5,248.7,247.8,248.5,329.7,680.0,60.14,204.1,1383123.0,331.0,224.2,5.0,0.0,0.0,0.0,0.0,0.0,0.0,0.0,0.0,21.47,32.95,841.0,251.6,249.5,252.2,60.0,59.9,74.7,0.0,272.0,271.2,272.0,203.1,24.28,204.6,601.0,1373598.0,41223.0,126718.0,0.993,0.979,0.748,0.921,93.7,94.4,93.3,93.4,94.0,92.7,80.4,30.92,31.18,30.8,30.83,31.04,30.6,26.56,43366.0,44026.0,43594.0,43443.0,44324.0,42072.0,38111.0,,0.0,0.0,,,2.0,-1.0,13.61,0.012,0.235,3.0,2.0,0.0,0.0,33.99,34.89,38.58,36.77,37.7,34.51,38.03,35.7,37.95,45.57
2016-06-09 09:53:00-05:00,879.271,885.0098,505506,26.07,0.0,860.0,21.8,330.5,276.5,274.7,271.6,249.0,248.2,248.9,330.2,680.6,60.15,204.4,1383126.0,331.8,224.7,5.0,0.0,0.0,0.0,0.0,0.0,0.0,0.0,0.0,21.58,33.28,843.0,251.8,249.8,252.5,60.0,59.9,74.7,0.0,272.0,271.7,272.5,203.4,24.3,204.9,601.0,1373601.0,41223.0,126718.0,0.993,0.979,0.748,0.921,93.8,94.5,93.3,93.3,94.1,93.0,80.4,30.99,31.23,30.82,30.83,31.09,30.72,26.58,43367.0,44026.0,43594.0,43444.0,44325.0,42072.0,38111.0,5.255,304.4,8.0,7.3,3.53,2.0,-1.0,13.61,0.012,0.236,3.0,2.0,0.0,0.0,34.47,35.18,38.94,37.21,37.84,34.79,38.55,36.11,37.58,45.57
2016-06-09 09:54:00-05:00,881.88464,887.92377,505507,26.11,0.0,862.0,21.4,330.2,276.7,274.8,271.7,249.7,249.2,249.8,330.3,683.6,60.14,205.2,1383129.0,331.9,225.8,5.0,0.0,0.0,0.0,0.0,0.0,0.0,0.0,0.0,21.2,32.6,845.0,252.7,250.6,253.4,60.0,59.9,74.7,0.0,272.2,272.0,272.8,204.2,24.42,205.7,601.0,1373605.0,41223.0,126719.0,0.993,0.979,0.748,0.921,94.1,94.9,93.7,93.9,94.3,93.2,80.8,31.08,31.33,30.96,31.02,31.13,30.78,26.68,43367.0,44027.0,43595.0,43444.0,44325.0,42072.0,38112.0,3.882,295.6,14.37,6.9,3.528,2.0,-1.0,13.61,0.013,0.235,3.0,2.0,0.0,0.0,33.92,34.52,38.46,36.6,37.36,33.98,38.12,35.23,37.51,45.57
2016-06-09 09:55:00-05:00,883.548,890.0532,505508,26.14,0.0,865.0,21.51,331.1,276.6,274.6,271.5,250.2,249.6,250.2,329.8,684.1,60.12,205.6,1383133.0,333.4,225.6,5.0,0.0,0.0,0.0,0.0,0.0,0.0,0.0,0.0,21.35,33.11,847.0,253.2,251.0,253.9,60.0,59.9,74.7,0.0,272.1,271.7,272.4,204.5,24.41,206.0,601.0,1373608.0,41223.0,126719.0,0.993,0.979,0.748,0.921,94.0,94.9,93.8,93.8,94.3,93.3,80.7,31.12,31.41,31.05,31.04,31.2,30.89,26.72,43368.0,44027.0,43595.0,43445.0,44326.0,42073.0,38112.0,,0.0,0.0,,,2.0,-1.0,13.61,0.012,0.236,3.0,2.0,0.0,0.0,34.24,34.99,38.75,36.9,37.59,34.54,38.36,35.4,37.94,45.67
2016-06-09 09:56:00-05:00,886.63684,893.19135,505509,26.18,0.0,868.0,21.73,329.9,277.2,275.5,272.3,250.2,249.4,250.1,329.7,687.1,60.14,206.0,1383136.0,329.9,226.6,5.0,0.0,0.0,0.0,0.0,0.0,0.0,0.0,0.0,21.54,34.13,850.0,253.1,250.9,253.8,60.0,59.9,74.7,0.0,272.9,272.2,273.0,205.0,24.46,206.4,601.0,1373611.0,41223.0,126720.0,0.993,0.979,0.748,0.921,94.6,95.3,94.4,94.4,95.0,93.8,81.2,31.2,31.44,31.15,31.15,31.35,30.94,26.78,43368.0,44028.0,43596.0,43445.0,44326.0,42073.0,38112.0,3.568,286.8,13.64,6.3,3.53,2.0,-1.0,13.61,0.013,0.236,3.0,2.0,0.0,0.0,35.41,35.44,39.02,37.24,37.96,34.78,38.58,35.79,38.33,45.67
2016-06-09 09:57:00-05:00,886.51807,893.52765,505510,26.21,0.0,868.0,21.61,329.6,277.6,275.6,272.3,249.8,249.0,249.7,329.9,686.7,60.19,205.8,1383140.0,330.1,226.6,5.0,0.0,0.0,0.0,0.0,0.0,0.0,0.0,0.0,21.52,33.69,850.0,252.7,250.6,253.4,60.0,59.9,74.7,0.0,273.0,272.2,273.0,204.8,24.45,206.2,601.0,1373615.0,41223.0,126720.0,0.993,0.979,0.748,0.921,94.6,95.2,94.1,94.2,94.7,93.6,81.0,31.17,31.39,31.02,31.04,31.22,30.85,26.71,43369.0,44028.0,43596.0,43446.0,44327.0,42074.0,38113.0,,0.0,0.0,,,2.0,-1.0,13.61,0.013,0.236,3.0,2.0,0.0,0.0,35.2,35.51,39.3,37.48,38.32,35.14,38.85,36.12,38.6,45.67
2016-06-09 09:58:00-05:00,886.39923,893.52765,505511,26.25,0.0,869.0,21.89,328.4,277.3,275.6,272.4,249.5,249.0,249.6,327.6,689.7,60.24,205.7,1383143.0,329.7,226.0,5.0,0.0,0.0,0.0,0.0,0.0,0.0,0.0,0.0,21.68,33.39,852.0,252.6,250.6,253.3,60.0,59.9,74.7,0.0,273.0,272.0,273.0,204.7,24.49,206.1,601.0,1373618.0,41223.0,126720.0,0.993,0.979,0.748,0.921,94.9,95.8,94.6,94.6,95.3,94.2,81.4,31.17,31.47,31.06,31.06,31.28,30.93,26.74,43369.0,44029.0,43597.0,43446.0,44327.0,42074.0,38113.0,3.937,303.1,16.84,6.0,3.527,2.0,-1.0,13.61,0.013,0.236,3.0,2.0,0.0,0.0,34.89,35.53,39.52,37.89,38.69,35.47,39.26,36.48,38.45,45.7
2016-06-09 09:59:00-05:00,896.6164,904.39905,505512,26.29,0.0,878.0,21.68,328.8,277.4,275.5,272.4,251.9,251.0,251.7,328.6,694.5,60.16,207.4,1383146.0,329.8,228.2,5.0,0.0,0.0,0.0,0.0,0.0,0.0,0.0,0.0,21.41,33.57,860.0,254.9,252.7,255.7,60.0,59.9,74.7,0.0,273.0,272.0,273.0,206.5,24.73,208.0,601.0,1373622.0,41223.0,126721.0,0.993,0.979,0.748,0.921,96.0,96.5,94.9,95.4,96.3,94.9,81.6,31.58,31.74,31.19,31.36,31.67,31.21,26.83,43370.0,44029.0,43597.0,43447.0,44328.0,42075.0,38114.0,,0.0,0.0,,,2.0,-1.0,13.61,0.013,0.236,3.0,2.0,0.0,0.0,34.53,35.73,39.95,38.18,39.04,35.86,39.66,36.86,38.73,45.76
2016-06-09 10:00:00-05:00,894.35913,902.1575,505513,26.33,0.0,877.0,21.67,329.4,277.5,275.4,272.3,251.2,250.5,251.2,329.2,692.0,60.14,206.9,1383150.0,330.9,227.8,5.0,0.0,0.0,0.0,0.0,0.0,0.0,0.0,0.0,21.46,33.74,859.0,254.3,252.1,255.1,60.0,59.9,74.7,0.0,273.0,272.0,273.0,206.0,24.59,207.4,601.0,1373625.0,41223.0,126721.0,0.993,0.979,0.748,0.921,95.3,96.3,94.7,94.7,95.5,94.6,81.5,31.39,31.71,31.2,31.18,31.44,31.17,26.84,43370.0,44030.0,43598.0,43447.0,44328.0,42075.0,38114.0,4.035,297.5,15.23,5.9,3.527,2.0,-1.0,13.61,0.013,0.236,3.0,2.0,0.0,0.0,34.55,36.11,40.1,38.31,39.19,35.58,39.73,36.94,39.07,45.8
2016-06-09 10:01:00-05:00,893.2899,901.03674,505514,26.37,0.0,876.0,21.64,329.1,277.3,275.6,272.4,251.0,250.4,251.1,329.3,691.8,60.15,206.8,1383153.0,328.8,227.8,5.0,0.0,0.0,0.0,0.0,0.0,0.0,0.0,0.0,21.45,33.29,858.0,254.1,251.9,254.9,60.0,59.9,74.7,0.0,273.0,272.1,273.0,205.9,24.59,207.3,601.0,1373629.0,41223.0,126722.0,0.993,0.979,0.748,0.921,95.3,96.0,94.9,94.8,95.5,94.4,81.6,31.37,31.6,31.22,31.18,31.41,31.08,26.87,43371.0,44030.0,43598.0,43448.0,44329.0,42076.0,38115.0,4.208,309.1,15.33,6.8,3.53,2.0,-1.0,13.61,0.013,0.236,3.0,2.0,0.0,0.0,34.04,35.85,40.27,38.28,39.51,35.59,39.93,37.27,38.82,45.86
2016-06-09 10:02:00-05:00,896.4976,904.39905,505515,26.41,0.0,880.0,21.79,326.9,277.5,275.6,272.4,251.8,251.0,251.7,326.3,698.2,60.15,207.5,1383156.0,329.5,227.8,5.0,0.0,0.0,0.0,0.0,0.0,0.0,0.0,0.0,21.63,33.67,862.0,254.8,252.5,255.6,60.0,59.9,74.7,0.0,273.0,272.5,273.0,206.5,24.72,208.0,601.0,1373632.0,41223.0,126722.0,0.993,0.979,0.748,0.921,96.3,96.8,95.8,96.0,96.5,95.3,82.4,31.48,31.64,31.32,31.36,31.55,31.15,26.93,43371.0,44031.0,43598.0,43448.0,44329.0,42076.0,38115.0,,0.0,0.0,,,2.0,-1.0,13.61,0.013,0.236,3.0,2.0,0.0,0.0,34.4,36.24,40.26,38.5,39.68,35.88,40.04,37.35,38.88,45.86
2016-06-09 10:03:00-05:00,902.43787,911.12354,505516,26.45,0.0,886.0,21.88,328.1,277.4,275.7,272.4,253.0,252.3,253.0,327.9,700.0,60.15,208.5,1383160.0,330.2,229.5,5.0,0.0,0.0,0.0,0.0,0.0,0.0,0.0,0.0,21.66,34.71,868.0,256.2,253.9,257.0,60.0,59.9,74.7,0.0,273.0,272.2,273.0,207.6,24.87,209.1,601.0,1373635.0,41223.0,126722.0,0.993,0.979,0.748,0.921,96.1,96.7,96.2,96.2,96.4,95.1,82.7,31.54,31.73,31.56,31.56,31.63,31.19,27.14,43372.0,44031.0,43599.0,43449.0,44330.0,42077.0,38116.0,,0.0,0.0,,,2.0,-1.0,13.61,0.013,0.236,3.0,2.0,0.0,0.0,35.62,36.35,40.45,38.62,39.43,36.26,40.02,37.78,39.68,45.89
2016-06-09 10:04:00-05:00,902.55664,912.2443,505517,26.49,0.0,887.0,21.73,327.5,277.3,275.4,272.2,252.7,252.1,252.7,327.3,700.2,60.14,208.2,1383163.0,329.9,229.2,5.0,0.0,0.0,0.0,0.0,0.0,0.0,0.0,0.0,21.5,35.23,868.0,256.0,253.6,256.8,60.0,59.9,74.7,0.0,273.0,272.0,273.0,207.3,24.79,208.8,601.0,1373639.0,41223.0,126723.0,0.993,0.979,0.748,0.921,96.3,97.1,96.0,95.9,96.7,95.6,82.6,31.52,31.78,31.43,31.42,31.65,31.29,27.06,43372.0,44031.0,43599.0,43449.0,44330.0,42077.0,38116.0,,0.0,0.0,,,2.0,-1.0,13.61,0.013,0.236,3.0,2.0,0.0,0.0,36.48,37.28,40.71,39.24,39.79,38.13,40.36,38.6,40.03,45.96
2016-06-09 10:05:00-05:00,903.2695,912.2443,505518,26.53,0.0,888.0,21.86,327.0,277.2,275.4,272.2,253.5,252.9,253.6,326.5,703.1,60.14,208.8,1383167.0,327.7,229.5,5.0,0.0,0.0,0.0,0.0,0.0,0.0,0.0,0.0,21.61,33.63,869.0,256.8,254.3,257.6,60.0,59.9,74.7,0.0,273.0,272.0,273.0,207.8,24.88,209.3,601.0,1373642.0,41223.0,126723.0,0.993,0.979,0.748,0.921,97.3,97.6,96.4,96.9,97.6,95.8,82.9,31.8,31.91,31.51,31.69,31.91,31.34,27.11,43373.0,44032.0,43600.0,43450.0,44331.0,42078.0,38117.0,,0.0,0.0,,,2.0,-1.0,13.61,0.013,0.236,3.0,2.0,0.0,0.0,35.25,36.6,40.37,38.56,39.23,36.6,39.88,37.18,39.42,45.96
2016-06-09 10:06:00-05:00,905.76434,915.60657,505519,26.57,0.0,891.0,21.84,327.8,277.2,275.4,272.2,254.2,253.7,254.3,327.8,704.1,60.14,209.4,1383170.0,328.1,230.8,5.0,0.0,0.0,0.0,0.0,0.0,0.0,0.0,0.0,21.59,33.41,872.0,257.8,255.3,258.6,60.0,59.9,74.7,0.0,273.0,272.0,273.0,208.6,25.04,210.1,601.0,1373646.0,41223.0,126724.0,0.993,0.979,0.748,0.921,97.1,97.8,96.5,96.7,97.5,96.0,83.0,31.82,32.05,31.64,31.7,31.95,31.48,27.2,43373.0,44032.0,43600.0,43450.0,44331.0,42078.0,38117.0,3.015,307.4,18.35,4.8,3.53,2.0,-1.0,13.61,0.013,0.236,3.0,2.0,0.0,0.0,34.58,35.94,39.89,38.04,38.83,36.1,39.4,36.64,39.2,46.03
2016-06-09 10:07:00-05:00,906.2396,916.72736,505520,26.61,0.0,892.0,21.81,327.3,277.2,275.2,272.0,254.2,253.5,254.2,327.1,704.5,60.14,209.3,1383173.0,329.4,230.4,5.0,0.0,0.0,0.0,0.0,0.0,0.0,0.0,0.0,21.67,34.03,873.0,257.6,255.1,258.4,60.0,59.9,74.7,0.0,273.0,272.0,273.0,208.4,24.99,209.9,601.0,1373649.0,41223.0,126724.0,0.993,0.979,0.748,0.921,96.8,98.0,96.9,96.7,96.9,96.3,83.3,31.68,32.07,31.7,31.63,31.72,31.5,27.27,43374.0,44033.0,43601.0,43450.0,44331.0,42079.0,38118.0,,0.0,0.0,,,2.0,-1.0,13.61,0.013,0.236,3.0,2.0,0.0,0.0,34.92,36.47,40.37,38.7,39.51,36.63,39.85,37.64,39.66,46.04
2016-06-09 10:08:00-05:00,908.2592,918.96893,505521,26.64,0.0,894.0,21.91,327.6,277.2,275.2,271.9,254.7,253.9,254.6,327.6,704.8,60.12,209.6,1383177.0,325.7,230.9,5.0,0.0,0.0,0.0,0.0,0.0,0.0,0.0,0.0,21.65,34.56,875.0,257.9,255.5,258.7,60.0,59.9,74.7,0.0,273.0,272.0,273.0,208.6,25.01,210.1,601.0,1373653.0,41223.0,126725.0,0.993,0.979,0.748,0.921,96.8,97.6,96.9,96.5,96.8,96.0,83.3,31.69,31.98,31.75,31.61,31.72,31.46,27.3,43374.0,44033.0,43601.0,43451.0,44332.0,42079.0,38118.0,,0.0,0.0,,,2.0,-1.0,13.61,0.013,0.236,3.0,2.0,0.0,0.0,35.45,37.1,40.83,39.45,39.87,37.14,40.53,38.11,40.0,46.06
2016-06-09 10:09:00-05:00,908.97205,918.96893,505522,26.69,0.0,895.0,21.64,326.6,276.8,275.3,272.0,254.5,254.3,254.8,326.5,707.4,60.15,209.6,1383180.0,326.7,230.9,5.0,0.0,0.0,0.0,0.0,0.0,0.0,0.0,0.0,21.42,33.68,876.0,258.2,255.7,259.0,60.0,59.9,74.7,0.0,273.0,272.0,273.0,208.8,25.04,210.2,601.0,1373656.0,41223.0,126725.0,0.993,0.979,0.748,0.921,97.4,98.2,97.1,97.1,97.5,96.5,83.4,31.82,32.06,31.7,31.72,31.83,31.52,27.23,43374.0,44034.0,43602.0,43451.0,44332.0,42080.0,38119.0,2.312,318.7,29.74,4.2,3.527,2.0,-1.0,13.61,0.013,0.236,3.0,2.0,0.0,0.0,34.9,36.87,40.95,39.35,39.9,36.89,40.67,38.16,40.2,46.12
2016-06-09 10:10:00-05:00,911.2294,922.3312,505523,26.76,0.0,900.0,21.59,326.6,277.2,275.3,272.0,255.0,254.5,255.1,326.1,709.0,60.17,210.1,1383184.0,327.1,231.2,5.0,0.0,0.0,0.0,0.0,0.0,0.0,0.0,0.0,21.46,33.91,879.0,258.4,256.0,259.3,60.0,59.9,74.7,0.0,273.0,272.0,273.0,209.1,25.09,210.6,601.0,1373660.0,41223.0,126725.0,0.993,0.979,0.748,0.921,97.5,98.4,97.3,97.3,97.7,96.8,83.8,31.85,32.15,31.79,31.77,31.91,31.6,27.38,43375.0,44034.0,43602.0,43452.0,44333.0,42080.0,38119.0,,0.0,0.0,,,2.0,-1.0,13.61,0.014,0.236,3.0,2.0,0.0,0.0,34.47,37.07,41.02,39.47,40.18,36.86,40.72,38.07,40.46,46.14
2016-06-09 10:11:00-05:00,914.19946,925.6935,505524,26.79,0.0,903.0,21.69,325.1,276.8,275.2,272.0,255.8,255.5,256.0,324.3,714.3,60.23,210.7,1383187.0,326.5,231.6,5.0,0.0,0.0,0.0,0.0,0.0,0.0,0.0,0.0,21.58,33.64,883.0,259.4,257.0,260.2,60.0,59.9,74.7,0.0,273.0,272.0,273.0,209.7,25.3,211.2,601.0,1373663.0,41223.0,126726.0,0.993,0.979,0.748,0.921,98.3,99.1,97.9,98.1,98.5,97.4,84.4,31.97,32.23,31.84,31.88,32.03,31.67,27.42,43375.0,44035.0,43603.0,43452.0,44333.0,42080.0,38119.0,,0.0,0.0,,,2.5,-1.0,13.61,0.014,0.236,3.0,2.0,0.0,0.0,34.18,37.24,41.12,39.46,40.01,36.76,40.66,37.75,40.38,46.22
2016-06-09 10:12:00-05:00,921.68414,933.5389,505525,26.84,0.0,910.0,21.84,325.2,276.9,275.3,272.1,257.5,256.9,257.5,325.2,719.4,60.19,212.0,1383191.0,324.4,233.9,5.0,0.0,0.0,0.0,0.0,0.0,0.0,0.0,0.0,21.7,33.57,889.0,261.4,258.8,262.2,60.0,59.9,74.7,0.0,273.0,272.0,273.0,211.3,25.52,212.8,601.0,1373667.0,41223.0,126726.0,0.993,0.979,0.748,0.921,98.7,100.0,98.8,98.3,99.0,98.4,85.0,32.1,32.51,32.14,31.98,32.18,31.99,27.65,43376.0,44035.0,43603.0,43453.0,44334.0,42081.0,38120.0,,0.0,0.0,,,2.0,-1.0,13.61,0.014,0.236,3.0,2.0,0.0,0.0,33.91,37.49,41.17,38.99,39.99,36.68,40.61,37.81,40.27,46.22
2016-06-09 10:13:00-05:00,925.4859,938.0219,505526,26.88,0.0,914.0,21.97,326.3,277.2,275.5,272.3,258.6,258.1,258.7,325.8,720.4,60.11,213.1,1383194.0,323.9,234.7,5.0,0.0,0.0,0.0,0.0,0.0,0.0,0.0,0.0,21.77,33.66,893.0,262.6,259.9,263.5,60.0,59.9,74.7,0.0,273.0,272.0,273.0,212.4,25.59,213.9,601.0,1373670.0,41223.0,126727.0,0.993,0.979,0.748,0.921,98.7,100.3,98.7,98.3,99.1,98.5,85.0,32.21,32.73,32.22,32.09,32.35,32.15,27.74,43376.0,44036.0,43604.0,43453.0,44334.0,42081.0,38120.0,,0.0,0.0,,,2.0,-1.0,13.61,0.014,0.236,3.0,2.0,0.0,0.0,34.43,37.14,40.98,38.99,39.64,36.73,40.39,37.29,40.34,46.22
2016-06-09 10:14:00-05:00,925.84235,938.0219,505527,26.91,0.0,914.0,21.92,327.3,277.2,275.4,272.2,259.7,259.0,259.7,327.4,721.1,60.14,213.9,1383198.0,328.8,236.1,5.0,0.0,0.0,0.0,0.0,0.0,0.0,0.0,0.0,21.77,33.08,894.0,263.5,260.8,264.5,60.0,59.9,74.7,0.0,273.0,272.0,273.0,213.2,25.7,214.7,601.0,1373674.0,41223.0,126727.0,0.993,0.979,0.748,0.921,99.2,100.3,99.0,98.5,99.3,98.6,85.3,32.46,32.83,32.41,32.25,32.5,32.26,27.92,43377.0,44036.0,43604.0,43454.0,44335.0,42082.0,38121.0,,0.0,0.0,,,2.0,-1.0,13.61,0.014,0.237,3.0,2.0,0.0,0.0,34.28,36.33,40.33,38.33,38.67,35.85,39.67,36.6,39.26,46.24
2016-06-09 10:15:00-05:00,928.3372,941.38416,505528,26.95,0.0,918.0,21.77,327.0,276.9,275.4,272.2,260.3,259.8,260.5,326.3,723.6,60.14,214.5,1383201.0,327.8,236.1,5.0,0.0,0.0,0.0,0.0,0.0,0.0,0.0,0.0,21.59,33.08,896.0,264.3,261.6,265.3,60.0,59.9,74.7,0.0,273.0,272.0,273.0,213.8,25.81,215.3,601.0,1373677.0,41223.0,126727.0,0.993,0.979,0.748,0.921,99.6,100.4,99.1,99.3,100.0,98.6,85.2,32.58,32.83,32.41,32.46,32.71,32.24,27.86,43377.0,44037.0,43605.0,43454.0,44335.0,42082.0,38121.0,,0.0,0.0,,,2.0,-1.0,13.61,0.014,0.237,3.0,2.0,0.0,0.0,34.46,36.05,40.25,38.35,38.85,36.36,39.68,37.01,39.23,46.26
2016-06-09 10:16:00-05:00,930.8321,943.6256,505529,26.98,0.0,920.0,22.02,327.3,276.8,275.3,272.1,260.6,260.3,260.8,327.0,723.9,60.14,214.7,1383205.0,328.6,236.7,5.0,0.0,0.0,0.0,0.0,0.0,0.0,0.0,0.0,21.9,34.12,899.0,264.7,262.0,265.7,60.0,59.9,74.7,0.0,272.9,272.0,273.0,214.0,25.87,215.6,601.0,1373681.0,41223.0,126728.0,0.993,0.979,0.748,0.921,99.6,100.5,99.1,99.3,100.0,98.6,85.3,32.61,32.88,32.43,32.5,32.74,32.26,27.9,43378.0,44037.0,43605.0,43455.0,44336.0,42083.0,38122.0,,0.0,0.0,,,2.0,-1.0,13.61,0.014,0.237,3.0,2.0,0.0,0.0,35.34,36.73,40.63,38.85,39.52,36.88,39.98,37.16,39.79,46.26
2016-06-09 10:17:00-05:00,932.49536,945.8672,505530,27.01,0.0,922.0,21.76,327.3,277.1,275.3,272.0,261.2,260.7,261.3,327.0,725.8,60.15,215.2,1383208.0,328.8,237.3,5.0,0.0,0.0,0.0,0.0,0.0,0.0,0.0,0.0,21.55,33.4,901.0,265.3,262.6,266.3,60.0,59.9,74.7,0.0,273.0,272.0,273.0,214.5,25.97,216.1,601.0,1373685.0,41223.0,126728.0,0.993,0.979,0.748,0.921,99.9,100.8,99.4,99.5,100.3,98.7,85.7,32.7,32.98,32.55,32.58,32.83,32.3,28.06,43378.0,44038.0,43606.0,43455.0,44336.0,42083.0,38122.0,,0.0,0.0,,,2.5,-1.0,13.61,0.014,0.237,3.0,2.0,0.0,0.0,34.67,36.36,40.8,38.71,39.13,36.38,39.82,36.77,40.16,46.3
2016-06-09 10:18:00-05:00,935.1091,949.2295,505531,27.03,0.0,926.0,21.86,325.9,276.8,275.3,272.0,261.7,261.1,261.8,325.6,729.6,60.14,215.5,1383212.0,326.7,237.5,5.0,0.0,0.0,0.0,0.0,0.0,0.0,0.0,0.0,21.75,34.57,904.0,265.7,263.0,266.7,60.0,59.9,74.7,0.0,273.0,272.0,273.0,214.8,26.01,216.4,601.0,1373688.0,41223.0,126729.0,0.993,0.979,0.748,0.921,100.5,101.3,100.0,100.0,100.8,99.5,86.1,32.76,33.01,32.6,32.58,32.84,32.43,28.05,43379.0,44038.0,43606.0,43456.0,44337.0,42084.0,38123.0,,0.0,0.0,,,2.0,-1.0,13.61,0.014,0.237,3.0,2.0,0.0,0.0,35.43,36.83,40.94,38.91,39.4,36.86,40.09,37.46,40.07,46.34
2016-06-09 10:19:00-05:00,936.53467,950.3503,505532,27.06,0.0,927.0,21.98,325.6,277.2,275.1,271.9,261.8,261.2,261.9,325.8,730.3,60.13,215.6,1383215.0,326.6,237.9,5.0,0.0,0.0,0.0,0.0,0.0,0.0,0.0,0.0,21.79,35.09,906.0,265.7,262.9,266.8,60.0,59.9,74.7,0.0,273.0,272.0,273.0,214.8,25.97,216.4,601.0,1373692.0,41223.0,126729.0,0.993,0.979,0.748,0.921,100.0,101.5,100.1,99.9,100.3,99.8,86.3,32.56,33.05,32.6,32.51,32.66,32.49,28.09,43379.0,44039.0,43606.0,43456.0,44337.0,42084.0,38123.0,,0.0,0.0,,,2.0,-1.0,13.61,0.014,0.237,3.0,2.0,0.0,0.0,36.19,37.3,41.51,39.42,40.14,37.6,40.54,38.2,40.57,46.34
2016-06-09 10:20:00-05:00,937.3663,951.47107,505533,27.1,0.0,928.0,22.22,328.6,276.8,275.2,272.0,261.4,261.0,261.5,329.0,722.7,60.13,215.3,1383219.0,331.7,237.8,5.0,0.0,0.0,0.0,0.0,0.0,0.0,0.0,0.0,22.04,35.42,906.0,265.3,262.7,266.3,60.0,59.9,74.7,0.0,273.0,272.0,273.0,214.5,25.89,216.1,601.0,1373695.0,41223.0,126730.0,0.993,0.979,0.748,0.921,99.5,100.0,99.4,99.2,99.3,98.4,85.4,32.7,32.87,32.64,32.59,32.63,32.32,28.06,43380.0,44039.0,43607.0,43457.0,44338.0,42085.0,38124.0,,0.0,0.0,,,2.0,-1.0,13.61,0.014,0.237,3.0,2.0,0.0,0.0,36.48,37.7,41.65,39.88,40.57,37.64,41.07,38.26,40.49,46.34
2016-06-09 10:21:00-05:00,922.6346,938.0219,505534,27.13,0.0,914.0,22.14,323.5,276.7,275.0,271.9,258.5,257.9,258.5,323.3,725.0,60.15,212.7,1383222.0,326.7,234.3,5.0,0.0,0.0,0.0,0.0,0.0,0.0,0.0,0.0,21.93,34.55,894.0,262.2,259.5,263.2,60.0,59.9,74.7,0.0,273.0,272.0,273.0,211.9,25.54,213.4,601.0,1373699.0,41223.0,126730.0,0.993,0.979,0.748,0.921,99.8,100.1,99.4,99.4,99.7,98.6,85.6,32.29,32.39,32.14,32.15,32.25,31.9,27.7,43380.0,44039.0,43607.0,43457.0,44338.0,42085.0,38124.0,,0.0,0.0,,,2.0,-1.0,13.61,0.014,0.237,3.0,2.0,0.0,0.0,35.74,37.33,41.29,39.51,40.25,37.0,40.8,37.59,39.59,46.34
2016-06-09 10:22:00-05:00,923.7038,939.1426,505535,27.16,0.0,916.0,22.0,324.6,276.8,274.9,271.8,259.2,258.6,259.3,324.6,724.9,60.16,213.2,1383226.0,324.6,235.2,5.0,0.0,0.0,0.0,0.0,0.0,0.0,0.0,0.0,21.77,34.02,895.0,263.0,260.3,264.0,60.0,59.9,74.7,0.0,272.4,271.7,272.6,212.4,25.64,213.9,601.0,1373702.0,41223.0,126731.0,0.993,0.979,0.748,0.921,99.7,100.8,99.3,98.9,99.5,99.2,85.5,32.35,32.71,32.23,32.11,32.31,32.2,27.73,43381.0,44040.0,43608.0,43458.0,44338.0,42086.0,38125.0,4.172,290.6,16.47,6.5,3.528,2.0,-1.0,13.61,0.014,0.237,3.0,2.0,0.0,0.0,35.11,36.85,41.05,39.13,39.87,36.29,40.3,37.14,39.53,46.42
2016-06-09 10:23:00-05:00,932.1389,948.1087,505536,27.2,0.0,925.0,21.97,328.7,276.5,274.6,271.5,261.7,261.3,261.9,329.5,723.6,60.16,215.2,1383229.0,330.7,238.4,5.0,0.0,0.0,0.0,0.0,0.0,0.0,0.0,0.0,21.79,33.66,904.0,265.6,263.1,266.7,60.0,59.9,74.7,0.0,272.0,271.1,272.0,214.4,25.97,216.0,601.0,1373706.0,41223.0,126731.0,0.993,0.979,0.748,0.921,99.6,100.6,99.2,99.0,99.2,98.9,85.2,32.72,33.08,32.59,32.54,32.6,32.51,28.02,43381.0,44040.0,43608.0,43458.0,44339.0,42086.0,38125.0,,0.0,0.0,,,2.0,-1.0,13.61,0.014,0.237,3.0,2.0,0.0,0.0,34.87,36.64,40.98,39.12,39.41,36.69,40.16,37.11,39.24,46.43
2016-06-09 10:24:00-05:00,936.8911,953.7125,505537,27.23,0.0,930.0,21.67,327.6,276.7,274.5,271.4,263.3,263.2,263.7,327.5,731.0,60.14,216.7,1383233.0,328.0,239.4,5.0,0.0,0.0,0.0,0.0,0.0,0.0,0.0,0.0,21.51,32.67,909.0,267.7,265.0,268.8,60.0,59.9,74.7,0.0,272.0,271.0,272.0,216.0,26.19,217.6,601.0,1373710.0,41223.0,126731.0,0.993,0.979,0.748,0.921,100.8,101.5,100.1,100.1,100.6,99.8,86.2,33.01,33.26,32.8,32.8,32.94,32.7,28.22,43381.0,44041.0,43609.0,43458.0,44339.0,42087.0,38126.0,5.125,294.0,12.86,7.2,3.528,2.5,-1.0,13.61,0.014,0.237,3.0,2.0,0.0,0.0,33.89,36.13,40.61,38.49,38.95,35.88,39.76,36.46,38.76,46.43
2016-06-09 10:25:00-05:00,945.6827,962.6786,505538,27.26,0.0,938.0,21.51,327.6,276.5,274.5,271.4,266.3,265.9,266.5,327.5,738.8,60.15,219.0,1383236.0,329.0,241.9,5.0,0.0,0.0,0.0,0.0,0.0,0.0,0.0,0.0,21.3,31.93,917.0,270.7,267.9,272.0,60.0,59.9,74.7,0.0,272.0,271.0,272.0,218.4,26.61,220.0,601.0,1373713.0,41223.0,126732.0,0.993,0.979,0.748,0.921,101.8,102.6,101.4,101.2,101.7,100.8,87.3,33.37,33.61,33.23,33.15,33.33,33.03,28.58,43382.0,44041.0,43609.0,43459.0,44340.0,42087.0,38126.0,,0.0,0.0,,,2.0,-1.0,13.61,0.014,0.237,3.0,2.0,0.0,0.0,32.97,35.55,40.21,37.97,38.71,35.26,39.24,36.11,38.54,46.48
2016-06-09 10:26:00-05:00,945.6827,962.6786,505539,27.28,0.0,938.0,21.51,328.3,277.9,275.9,272.8,265.3,265.0,265.6,328.1,738.1,60.13,219.3,1383240.0,329.5,242.2,5.0,0.0,0.0,0.0,0.0,0.0,0.0,0.0,0.0,21.42,31.77,916.0,269.7,267.0,270.9,60.0,59.9,74.7,0.0,273.3,272.4,273.4,218.7,26.59,220.3,601.0,1373717.0,41223.0,126732.0,0.993,0.979,0.748,0.921,101.8,102.6,101.0,101.0,101.8,100.7,86.9,33.43,33.66,33.17,33.15,33.43,33.05,28.53,43382.0,44042.0,43610.0,43459.0,44340.0,42087.0,38127.0,,0.0,0.0,,,2.5,-1.0,13.61,0.014,0.237,3.0,2.0,0.0,0.0,32.74,35.01,39.91,37.62,38.47,34.98,39.01,35.92,38.43,46.52
2016-06-09 10:27:00-05:00,946.8706,963.7994,505540,27.28,0.0,940.0,21.75,328.0,278.6,276.6,273.5,265.1,264.7,265.3,327.9,739.5,60.14,219.7,1383243.0,329.1,242.5,5.0,0.0,0.0,0.0,0.0,0.0,0.0,0.0,0.0,21.54,32.05,918.0,269.5,266.7,270.6,60.0,59.9,74.7,0.0,274.0,273.0,274.0,219.1,26.58,220.7,601.0,1373720.0,41223.0,126733.0,0.993,0.979,0.748,0.921,101.9,102.6,101.3,101.4,101.9,100.6,87.2,33.43,33.65,33.24,33.26,33.42,33.0,28.61,43383.0,44042.0,43610.0,43460.0,44341.0,42088.0,38127.0,,0.0,0.0,,,2.0,-1.0,13.61,0.014,0.237,3.0,2.0,0.0,0.0,32.88,35.07,39.74,37.52,38.32,34.9,38.9,35.99,38.74,46.53
2016-06-09 10:28:00-05:00,948.0587,964.92017,505541,27.31,0.0,941.0,21.91,327.4,278.7,276.8,273.6,265.0,264.7,265.2,327.0,741.1,60.14,219.7,1383247.0,328.5,242.3,5.0,0.0,0.0,0.0,0.0,0.0,0.0,0.0,0.0,21.77,33.71,920.0,269.4,266.5,270.5,60.0,59.9,74.7,0.0,274.1,273.4,274.2,219.1,26.53,220.7,601.0,1373724.0,41223.0,126733.0,0.993,0.979,0.748,0.921,102.2,102.9,101.4,101.6,102.3,101.0,87.4,33.47,33.67,33.2,33.27,33.47,33.07,28.61,43383.0,44043.0,43611.0,43460.0,44341.0,42088.0,38127.0,,0.0,0.0,,,2.0,-1.0,13.61,0.014,0.237,3.0,2.0,0.0,0.0,34.41,35.64,39.92,37.94,38.56,35.49,39.17,36.27,39.16,46.53
2016-06-09 10:29:00-05:00,953.9989,971.6447,505542,27.33,0.0,947.0,21.78,326.1,278.3,276.8,273.7,266.3,266.0,266.6,325.7,747.4,60.14,220.7,1383251.0,326.9,243.4,5.0,0.0,0.0,0.0,0.0,0.0,0.0,0.0,0.0,21.68,33.06,926.0,270.9,267.9,272.0,60.0,59.9,74.7,0.0,274.0,273.0,274.0,220.2,26.7,221.8,601.0,1373728.0,41223.0,126734.0,0.993,0.979,0.748,0.921,102.9,103.8,102.5,102.5,103.0,101.7,88.3,33.56,33.83,33.43,33.42,33.59,33.17,28.8,43384.0,44043.0,43611.0,43461.0,44342.0,42089.0,38128.0,,0.0,0.0,,,2.0,-1.0,13.61,0.014,0.237,3.0,2.0,0.0,0.0,34.2,35.89,40.15,38.25,38.77,35.47,39.43,36.52,39.43,46.51
2016-06-09 10:30:00-05:00,952.8108,970.524,505543,27.34,0.0,946.0,21.73,327.4,278.4,276.5,273.4,266.2,266.1,266.6,327.0,744.9,60.14,220.6,1383254.0,328.5,243.5,5.0,0.0,0.0,0.0,0.0,0.0,0.0,0.0,0.0,21.6,32.78,925.0,270.8,268.0,272.0,60.0,59.9,74.7,0.0,274.0,273.0,274.0,220.1,26.72,221.7,601.0,1373731.0,41223.0,126734.0,0.993,0.979,0.748,0.921,102.5,103.6,102.2,102.1,102.7,101.5,87.9,33.57,33.9,33.45,33.43,33.63,33.21,28.78,43384.0,44044.0,43612.0,43461.0,44342.0,42089.0,38128.0,4.033,307.3,17.6,6.9,3.53,2.0,-1.0,13.61,0.014,0.237,3.0,2.0,0.0,0.0,33.9,35.55,40.02,38.11,38.95,35.47,39.4,36.79,39.49,46.45
2016-06-09 10:31:00-05:00,936.1783,953.7125,505544,27.37,0.0,930.0,21.85,332.4,278.5,276.4,273.3,261.8,261.5,262.0,332.0,721.6,60.14,216.8,1383258.0,333.2,239.5,5.0,0.0,0.0,0.0,0.0,0.0,0.0,0.0,0.0,21.68,32.63,907.0,265.8,263.3,266.9,60.0,59.9,74.7,0.0,274.0,273.0,274.0,216.1,26.1,217.7,601.0,1373735.0,41223.0,126734.0,0.993,0.979,0.748,0.921,99.4,100.4,98.8,98.5,99.5,98.1,84.9,33.03,33.37,32.82,32.75,33.05,32.61,28.23,43385.0,44044.0,43612.0,43462.0,44343.0,42090.0,38129.0,,0.0,0.0,,,2.0,-1.0,13.57,-0.039,0.237,3.0,2.0,0.0,0.001,33.84,35.75,40.23,38.27,39.11,35.55,39.63,36.81,39.44,46.43
2016-06-09 10:32:00-05:00,936.4159,953.7125,505545,27.38,0.0,931.0,22.23,327.9,278.3,276.6,273.4,262.4,261.9,262.5,327.8,731.8,60.14,217.2,1383261.0,328.8,239.8,5.0,0.0,0.0,0.0,0.0,0.0,0.0,0.0,0.0,22.04,33.43,910.0,266.4,263.8,267.5,60.0,59.9,74.7,0.0,274.0,273.0,274.0,216.5,26.15,218.1,601.0,1373739.0,41223.0,126735.0,0.993,0.979,0.748,0.921,100.7,101.6,100.2,100.3,101.0,99.4,86.3,33.02,33.31,32.86,32.89,33.11,32.6,28.29,43385.0,44045.0,43613.0,43462.0,44343.0,42090.0,38129.0,,0.0,0.0,,,2.0,-1.0,13.57,-0.021,0.237,3.0,2.0,0.0,0.001,34.68,36.07,40.54,38.41,39.1,36.08,39.83,37.1,39.2,46.43
2016-06-09 10:33:00-05:00,936.77234,953.7125,505546,27.4,0.0,930.0,22.27,326.1,278.5,276.5,273.3,261.8,261.5,262.1,325.9,734.3,60.14,216.8,1383265.0,327.0,239.2,5.0,0.0,0.0,0.0,0.0,0.0,0.0,0.0,0.0,22.09,34.02,910.0,266.0,263.3,267.0,60.0,59.9,74.7,0.0,274.0,273.0,274.0,216.2,26.1,217.7,601.0,1373742.0,41223.0,126735.0,0.993,0.979,0.748,0.921,101.1,101.9,100.8,100.8,101.3,99.9,86.8,32.96,33.23,32.86,32.88,33.04,32.57,28.29,43386.0,44045.0,43613.0,43463.0,44344.0,42091.0,38130.0,,0.0,0.0,,,2.0,-1.0,13.58,0.0,0.237,3.0,2.0,0.0,0.001,35.28,36.29,40.69,38.64,39.17,36.35,39.98,37.04,39.46,46.43
2016-06-09 10:34:00-05:00,949.24677,966.04095,505547,27.42,0.0,942.0,22.15,324.3,278.5,276.6,273.4,264.9,264.5,265.1,324.1,747.1,60.15,219.4,1383268.0,325.4,242.1,5.0,0.0,0.0,0.0,0.0,0.0,0.0,0.0,0.0,21.95,33.29,921.0,269.2,266.2,270.3,60.0,59.9,74.7,0.0,274.0,273.0,274.0,218.8,26.51,220.4,601.0,1373746.0,41223.0,126736.0,0.993,0.979,0.748,0.921,103.0,103.7,102.5,102.7,103.0,101.9,88.3,33.38,33.64,33.23,33.3,33.39,33.04,28.62,43386.0,44046.0,43613.0,43463.0,44344.0,42091.0,38130.0,,0.0,0.0,,,2.5,-1.0,13.58,0.006,0.238,3.0,2.0,0.0,0.001,34.87,36.26,40.47,38.33,38.94,35.92,39.86,36.7,39.13,46.38
2016-06-09 10:35:00-05:00,944.4946,961.5579,505548,27.44,0.0,938.0,22.16,326.7,278.4,276.4,273.3,264.1,263.8,264.4,326.4,739.7,60.15,218.8,1383272.0,328.3,241.4,5.0,0.0,0.0,0.0,0.0,0.0,0.0,0.0,0.0,22.03,33.3,916.0,268.3,265.5,269.4,60.0,59.9,74.7,0.0,274.0,273.0,274.0,218.0,26.39,219.6,601.0,1373750.0,41223.0,126736.0,0.993,0.979,0.748,0.921,101.9,102.5,101.2,101.3,102.0,100.7,87.1,33.29,33.49,33.06,33.09,33.33,32.9,28.45,43387.0,44046.0,43614.0,43464.0,44345.0,42092.0,38131.0,,0.0,0.0,,,2.5,-1.0,13.58,0.009,0.237,3.0,2.0,0.0,0.001,34.44,35.98,40.45,38.31,39.02,35.98,39.82,36.99,38.83,46.35
2016-06-09 10:36:00-05:00,938.19794,955.9541,505549,27.47,0.0,931.0,22.61,326.8,278.3,276.8,273.6,262.0,261.8,262.3,326.4,734.2,60.15,217.1,1383275.0,325.6,239.6,5.0,0.0,0.0,0.0,0.0,0.0,0.0,0.0,0.0,22.46,34.19,910.0,266.1,263.4,267.2,60.0,59.9,74.7,0.0,274.0,273.0,274.0,216.4,26.09,217.9,601.0,1373753.0,41223.0,126737.0,0.993,0.979,0.748,0.921,101.2,101.5,100.7,101.1,101.4,99.5,86.8,33.06,33.17,32.91,33.02,33.13,32.52,28.37,43387.0,44046.0,43614.0,43464.0,44345.0,42092.0,38131.0,,0.0,0.0,,,2.0,-1.0,13.58,0.01,0.237,3.0,2.0,0.0,0.001,35.39,36.6,40.92,38.98,39.54,36.68,40.23,37.7,39.8,46.34
2016-06-09 10:37:00-05:00,927.26794,944.7464,505550,27.48,0.0,922.0,22.23,330.1,278.5,276.8,273.6,259.5,259.2,259.7,330.1,719.4,60.21,215.1,1383279.0,331.5,237.4,5.0,0.0,0.0,0.0,0.0,0.0,0.0,0.0,0.0,22.05,33.27,901.0,263.3,260.8,264.2,60.0,59.9,74.7,0.0,274.0,273.8,274.2,214.2,25.8,215.8,601.0,1373757.0,41223.0,126737.0,0.993,0.979,0.748,0.921,98.9,99.9,98.3,98.5,99.2,97.6,84.9,32.65,32.98,32.43,32.51,32.75,32.22,28.01,43388.0,44047.0,43615.0,43465.0,44346.0,42093.0,38132.0,,0.0,0.0,,,2.0,-1.0,13.58,0.011,0.237,3.0,2.0,0.0,0.001,34.7,35.82,40.58,38.61,39.06,35.98,39.93,36.98,39.79,46.34
2016-06-09 10:38:00-05:00,930.11926,949.2295,505551,27.5,0.0,925.0,22.33,325.5,278.6,276.7,273.6,260.1,259.6,260.2,325.4,730.7,60.2,215.5,1383282.0,326.9,237.7,5.0,0.0,0.0,0.0,0.0,0.0,0.0,0.0,0.0,22.19,34.51,904.0,264.0,261.3,264.8,60.0,59.9,74.7,0.0,274.0,273.3,274.2,214.7,25.89,216.2,601.0,1373760.0,41223.0,126738.0,0.993,0.979,0.748,0.921,100.6,101.4,100.0,100.3,100.7,99.6,86.2,32.75,32.99,32.56,32.66,32.77,32.41,28.06,43388.0,44047.0,43615.0,43465.0,44346.0,42093.0,38132.0,,0.0,0.0,,,2.0,-1.0,13.58,0.011,0.237,3.0,2.0,0.0,0.001,35.68,36.52,40.83,39.08,39.52,37.16,40.11,37.63,39.93,46.34
2016-06-09 10:39:00-05:00,937.7227,957.0749,505552,27.51,0.0,933.0,22.47,324.2,278.7,276.8,273.6,261.8,260.9,261.6,323.7,738.7,60.23,216.7,1383286.0,325.3,239.1,5.0,0.0,0.0,0.0,0.0,0.0,0.0,0.0,0.0,22.3,35.21,913.0,265.8,263.0,266.7,60.0,59.9,74.7,0.0,274.0,273.6,274.2,216.2,26.13,217.7,601.0,1373764.0,41223.0,126738.0,0.993,0.979,0.748,0.921,101.7,102.6,101.2,101.0,102.0,100.8,87.3,32.96,33.27,32.82,32.74,33.06,32.68,28.3,43389.0,44048.0,43616.0,43465.0,44346.0,42094.0,38133.0,,0.0,0.0,,,2.0,-1.0,13.57,0.011,0.237,3.0,2.0,0.0,0.0,36.6,37.23,41.03,39.34,39.9,37.36,40.52,37.94,39.95,46.34
2016-06-09 10:40:00-05:00,944.4946,963.7994,505553,27.53,0.0,940.0,22.45,324.2,278.6,276.8,273.6,263.5,263.1,263.7,324.9,743.5,60.22,218.3,1383290.0,325.7,241.5,5.0,0.0,0.0,0.0,0.0,0.0,0.0,0.0,0.0,22.29,35.17,920.0,267.6,264.9,268.6,60.0,59.9,74.7,0.0,274.0,273.4,274.3,217.7,26.37,219.3,601.0,1373768.0,41223.0,126738.0,0.993,0.979,0.748,0.921,102.4,103.1,101.9,101.9,102.9,101.3,87.8,33.19,33.43,33.04,33.05,33.35,32.83,28.47,43389.0,44048.0,43616.0,43466.0,44347.0,42094.0,38133.0,,0.0,0.0,,,2.0,-1.0,13.58,0.012,0.237,3.0,2.0,0.0,0.0,36.83,37.24,40.91,39.13,39.63,36.97,40.49,37.38,40.29,46.34
2016-06-09 10:41:00-05:00,957.563,977.24854,505554,27.55,0.0,953.0,22.37,324.9,278.8,276.7,273.5,266.8,266.4,267.0,324.2,752.2,60.18,221.2,1383293.0,326.7,243.9,5.0,0.0,0.0,0.0,0.0,0.0,0.0,0.0,0.0,22.18,34.76,932.0,271.2,268.3,272.4,60.0,59.9,74.7,0.0,274.0,273.2,274.0,220.6,26.82,222.2,601.0,1373771.0,41223.0,126739.0,0.993,0.979,0.748,0.921,103.5,104.2,103.2,103.2,103.6,102.1,89.0,33.63,33.84,33.53,33.54,33.64,33.17,28.9,43389.0,44049.0,43617.0,43466.0,44347.0,42095.0,38134.0,,0.0,0.0,,,2.5,-1.0,13.57,0.012,0.238,3.0,2.0,0.0,0.0,36.74,37.13,40.86,39.17,39.5,36.98,40.5,37.53,40.1,46.34
2016-06-09 10:42:00-05:00,968.2554,988.4562,505555,27.56,0.0,964.0,22.43,325.2,278.9,276.9,273.7,269.1,269.0,269.5,324.0,758.7,60.13,223.4,1383297.0,327.8,245.8,5.0,0.0,0.0,0.0,0.0,0.0,0.0,0.0,0.0,22.27,35.1,941.0,273.8,270.7,275.1,60.0,59.9,74.7,0.0,274.2,273.8,274.2,222.7,27.06,224.4,601.0,1373775.0,41223.0,126739.0,0.993,0.979,0.748,0.921,104.8,105.4,103.7,103.6,104.8,103.6,89.2,34.08,34.29,33.71,33.67,34.07,33.69,29.0,43390.0,44049.0,43617.0,43467.0,44348.0,42095.0,38134.0,,0.0,0.0,,,2.5,-1.0,13.58,0.012,0.238,3.0,2.0,0.0,0.0,37.07,36.95,40.66,38.75,39.24,36.44,40.33,37.03,40.12,46.34
2016-06-09 10:43:00-05:00,965.8793,985.09393,505556,27.59,0.0,961.0,22.24,326.0,278.8,276.9,273.7,268.3,267.8,268.5,325.4,754.5,60.22,222.6,1383300.0,326.9,245.5,5.0,0.0,0.0,0.0,0.0,0.0,0.0,0.0,0.0,22.01,35.31,939.0,272.7,269.9,274.0,60.0,59.9,74.7,0.0,274.2,273.6,274.4,221.9,27.02,223.6,601.0,1373779.0,41223.0,126740.0,0.993,0.979,0.748,0.921,103.9,104.6,103.4,103.4,104.1,102.6,89.0,33.86,34.1,33.71,33.71,33.92,33.45,29.01,43390.0,44050.0,43618.0,43467.0,44348.0,42095.0,38134.0,,0.0,0.0,,,2.0,-1.0,13.57,0.012,0.238,3.0,2.0,0.0,0.0,37.2,36.98,40.89,39.11,39.59,36.95,40.54,37.73,40.65,46.34
2016-06-09 10:44:00-05:00,968.2554,988.4562,505557,27.6,0.0,964.0,22.24,324.7,278.9,277.0,273.8,268.6,268.4,268.9,324.2,758.1,60.21,222.9,1383304.0,326.1,245.8,5.0,0.0,0.0,0.0,0.0,0.0,0.0,0.0,0.0,22.05,34.98,942.0,273.2,270.4,274.4,60.0,59.9,74.7,0.0,274.7,274.0,274.8,222.3,27.13,224.0,601.0,1373782.0,41223.0,126740.0,0.993,0.979,0.748,0.921,104.4,105.1,103.9,103.9,104.4,103.1,89.4,33.92,34.12,33.73,33.73,33.91,33.49,29.02,43391.0,44050.0,43618.0,43468.0,44349.0,42096.0,38135.0,,0.0,0.0,,,3.0,-1.0,13.57,0.012,0.238,3.0,2.0,0.0,0.0,36.58,37.34,40.96,39.31,39.86,36.85,40.58,37.64,40.58,46.34
2016-06-09 10:45:00-05:00,967.0673,987.3354,505558,27.63,0.0,963.0,22.09,324.9,278.9,276.8,273.7,268.6,268.5,269.0,324.7,758.1,60.2,222.9,1383308.0,325.7,246.1,5.0,0.0,0.0,0.0,0.0,0.0,0.0,0.0,0.0,21.91,34.26,942.0,273.3,270.4,274.5,60.0,59.9,74.7,0.0,274.1,273.5,274.2,222.3,27.1,224.0,601.0,1373786.0,41223.0,126741.0,0.993,0.979,0.748,0.921,104.9,105.3,104.0,104.2,104.7,103.4,89.4,34.09,34.22,33.78,33.85,34.02,33.59,29.06,43391.0,44051.0,43619.0,43468.0,44349.0,42096.0,38135.0,,0.0,0.0,,,2.0,-1.0,13.57,0.012,0.238,3.0,2.0,0.0,0.0,36.22,36.84,40.96,39.33,40.03,36.73,40.55,37.54,39.82,46.34
2016-06-09 10:46:00-05:00,973.00757,994.06,505559,27.66,0.0,969.0,22.03,325.0,278.8,277.0,273.8,270.3,270.1,270.7,324.3,763.1,60.16,224.4,1383311.0,324.9,247.4,5.0,0.0,0.0,0.0,0.0,0.0,0.0,0.0,0.0,21.85,33.6,947.0,275.2,272.1,276.5,60.0,59.9,74.7,0.0,274.2,273.6,274.5,223.9,27.25,225.6,601.0,1373790.0,41223.0,126741.0,0.993,0.979,0.748,0.921,105.6,105.6,104.1,104.9,105.5,103.7,89.6,34.31,34.33,33.85,34.1,34.29,33.69,29.13,43392.0,44051.0,43619.0,43469.0,44350.0,42097.0,38136.0,,0.0,0.0,,,2.0,-1.0,13.58,0.013,0.238,3.0,2.0,0.0,0.0,35.32,36.44,40.84,39.03,39.64,36.69,40.4,37.25,39.73,46.34
2016-06-09 10:47:00-05:00,974.1956,995.1807,505560,27.66,0.0,970.0,22.21,325.5,278.8,277.0,273.8,270.6,270.5,271.0,325.0,762.4,60.22,224.7,1383315.0,327.3,247.8,5.0,0.0,0.0,0.0,0.0,0.0,0.0,0.0,0.0,22.04,33.66,948.0,275.4,272.5,276.7,60.0,59.9,74.7,0.0,274.5,273.6,274.6,224.1,27.35,225.8,601.0,1373794.0,41223.0,126742.0,0.993,0.979,0.748,0.921,105.2,105.9,104.8,104.9,105.0,104.0,90.2,34.25,34.48,34.1,34.15,34.17,33.84,29.36,43392.0,44052.0,43620.0,43469.0,44350.0,42097.0,38136.0,,0.0,0.0,,,2.0,-1.0,13.58,0.013,0.238,3.0,2.0,0.0,0.0,35.26,36.65,40.74,38.85,39.64,36.31,40.05,37.39,39.59,46.34
2016-06-09 10:48:00-05:00,975.3837,996.3015,505561,27.69,0.0,971.0,22.29,325.6,279.1,276.9,273.7,271.0,270.7,271.2,325.8,763.3,60.2,224.9,1383319.0,326.3,248.7,5.0,0.0,0.0,0.0,0.0,0.0,0.0,0.0,0.0,22.16,33.65,950.0,275.9,273.0,277.2,60.0,59.9,74.7,0.0,274.3,273.4,274.3,224.5,27.42,226.2,601.0,1373797.0,41223.0,126742.0,0.993,0.979,0.748,0.921,105.2,105.6,104.7,104.5,105.1,103.6,90.1,34.25,34.37,34.1,34.03,34.23,33.74,29.32,43393.0,44052.0,43620.0,43470.0,44351.0,42098.0,38137.0,,0.0,0.0,,,2.5,-1.0,13.57,0.013,0.238,3.0,2.0,0.0,0.0,35.1,36.07,40.61,38.97,39.91,36.52,40.14,37.65,39.12,46.34
2016-06-09 10:49:00-05:00,977.75977,998.5431,505562,27.7,0.0,974.0,22.72,325.8,278.9,276.9,273.8,270.9,270.9,271.3,326.4,763.2,60.19,224.9,1383322.0,326.6,249.1,5.0,0.0,0.0,0.0,0.0,0.0,0.0,0.0,0.0,22.63,34.53,952.0,275.9,272.9,277.2,60.0,59.9,74.7,0.0,274.0,273.1,274.2,224.4,27.36,226.1,601.0,1373801.0,41223.0,126742.0,0.993,0.979,0.748,0.921,105.5,105.9,104.3,104.7,105.4,103.9,89.7,34.36,34.49,33.98,34.09,34.32,33.85,29.22,43393.0,44053.0,43621.0,43470.0,44351.0,42098.0,38137.0,3.852,307.3,10.27,5.7,3.528,2.0,-1.0,13.57,0.013,0.238,3.0,2.0,0.0,0.0,35.9,36.9,41.27,39.75,40.56,37.44,40.92,38.66,39.61,46.37
2016-06-09 10:50:00-05:00,977.75977,999.66376,505563,27.72,0.0,974.0,22.56,324.6,278.6,276.9,273.8,270.9,270.7,271.2,323.6,765.2,60.13,224.8,1383326.0,324.1,247.6,5.0,0.0,0.0,0.0,0.0,0.0,0.0,0.0,0.0,22.43,34.24,952.0,275.7,272.7,277.0,60.0,59.9,74.7,0.0,274.0,273.2,274.1,224.3,27.32,225.9,601.0,1373805.0,41223.0,126743.0,0.993,0.979,0.748,0.921,105.8,106.0,104.9,105.7,105.7,104.0,90.2,34.35,34.41,34.03,34.3,34.32,33.74,29.27,43394.0,44053.0,43621.0,43471.0,44352.0,42099.0,38138.0,4.53,299.3,16.85,7.7,3.528,2.0,-1.0,13.58,0.013,0.238,3.0,2.0,0.0,0.0,35.89,37.01,41.54,39.92,40.5,37.36,41.27,38.37,39.8,46.43
2016-06-09 10:51:00-05:00,978.9478,1000.78455,505564,27.75,0.0,975.0,22.69,324.0,278.9,276.9,273.7,271.1,270.9,271.4,323.5,767.4,60.14,225.0,1383330.0,322.1,248.2,5.0,0.0,0.0,0.0,0.0,0.0,0.0,0.0,0.0,22.5,34.39,954.0,276.0,272.8,277.3,60.0,59.9,74.7,0.0,274.0,273.5,274.3,224.5,27.32,226.2,601.0,1373808.0,41223.0,126743.0,0.993,0.979,0.748,0.921,106.3,106.4,105.4,105.8,106.0,104.4,90.6,34.43,34.49,34.13,34.28,34.35,33.84,29.36,43394.0,44054.0,43621.0,43471.0,44352.0,42099.0,38138.0,,0.0,0.0,,,2.0,-1.0,13.58,0.013,0.238,3.0,2.0,0.0,0.0,35.84,36.77,41.48,39.51,40.14,37.1,41.07,37.85,39.91,46.43
2016-06-09 10:52:00-05:00,982.5119,1004.1468,505565,27.78,0.0,979.0,22.71,324.2,278.9,276.8,273.7,271.6,271.5,272.0,323.3,768.3,60.15,225.5,1383333.0,321.8,248.4,5.0,0.0,0.0,0.0,0.0,0.0,0.0,0.0,0.0,22.52,34.81,957.0,276.6,273.4,277.9,60.0,59.9,74.7,0.0,274.0,273.2,274.1,224.9,27.42,226.6,601.0,1373812.0,41223.0,126744.0,0.993,0.979,0.748,0.921,106.8,106.2,105.0,105.8,106.5,104.3,90.1,34.63,34.43,34.02,34.29,34.52,33.8,29.22,43395.0,44054.0,43622.0,43472.0,44353.0,42100.0,38139.0,,0.0,0.0,,,2.0,-1.0,13.58,0.013,0.238,3.0,2.0,0.0,0.0,36.38,37.28,41.74,39.98,40.89,37.64,41.43,38.39,39.69,46.43
2016-06-09 10:53:00-05:00,983.69995,1005.2676,505566,27.8,0.0,981.0,22.82,324.0,278.7,276.9,273.8,271.3,271.4,271.8,323.8,767.6,60.14,225.3,1383337.0,325.4,248.5,5.0,0.0,0.0,0.0,0.0,0.0,0.0,0.0,0.0,22.66,36.02,958.0,276.1,273.1,277.4,60.0,59.9,74.7,0.0,274.1,273.3,274.5,224.7,27.4,226.3,601.0,1373816.0,41223.0,126744.0,0.993,0.979,0.748,0.921,106.3,106.8,105.3,105.3,105.8,105.0,90.4,34.45,34.6,34.12,34.1,34.27,34.03,29.3,43395.0,44054.0,43622.0,43472.0,44353.0,42100.0,38139.0,,0.0,0.0,,,2.0,-1.0,13.58,0.013,0.238,3.0,2.0,0.0,0.0,37.33,38.45,42.46,40.88,41.63,38.58,41.97,39.07,40.32,46.37
2016-06-09 10:54:00-05:00,986.076,1008.62994,505567,27.84,0.0,986.0,23.04,322.4,278.7,276.8,273.7,271.3,271.2,271.7,322.3,770.9,60.15,225.1,1383341.0,323.6,248.5,5.0,0.0,0.0,0.0,0.0,0.0,0.0,0.0,0.0,23.05,37.04,961.0,276.3,273.2,277.6,60.0,59.9,74.7,0.0,274.0,273.1,274.1,224.6,27.35,226.3,601.0,1373820.0,41223.0,126745.0,0.993,0.979,0.748,0.921,106.9,107.5,105.2,105.3,106.5,105.8,90.5,34.47,34.65,33.91,33.94,34.35,34.11,29.18,43396.0,44055.0,43623.0,43473.0,44353.0,42101.0,38140.0,,0.0,0.0,,,2.0,-1.0,13.58,0.013,0.238,3.0,2.0,0.0,0.0,38.28,39.47,43.02,41.46,42.2,39.87,42.49,40.1,40.96,46.32
2016-06-09 10:55:00-05:00,987.2641,1008.62994,505568,27.87,0.0,987.0,23.03,322.0,278.3,276.9,273.8,271.1,271.2,271.6,322.6,771.4,60.14,225.0,1383344.0,325.1,248.8,5.0,0.0,0.0,0.0,0.0,0.0,0.0,0.0,0.0,22.86,37.07,962.0,276.2,273.1,277.5,60.0,59.9,74.7,0.0,274.0,273.0,274.0,224.5,27.35,226.2,601.0,1373823.0,41223.0,126745.0,0.993,0.979,0.748,0.921,107.4,107.8,105.4,105.7,107.3,106.1,90.6,34.59,34.7,33.93,34.04,34.55,34.17,29.17,43396.0,44055.0,43623.0,43473.0,44354.0,42101.0,38140.0,,0.0,0.0,,,2.0,-1.0,13.58,0.013,0.238,3.0,2.0,0.0,0.0,38.64,39.33,43.16,41.46,42.22,39.31,42.62,39.62,41.53,46.34
2016-06-09 10:56:00-05:00,988.45215,1010.8714,505569,27.91,0.0,990.0,23.15,322.2,278.7,276.6,273.6,271.5,271.3,271.8,321.7,771.1,60.13,225.1,1383348.0,323.0,248.0,5.0,0.0,0.0,0.0,0.0,0.0,0.0,0.0,0.0,23.0,37.87,964.0,276.3,273.2,277.6,60.0,59.9,74.7,0.0,274.0,273.0,274.0,224.6,27.35,226.3,601.0,1373827.0,41223.0,126746.0,0.993,0.979,0.748,0.921,106.6,107.8,105.8,104.8,106.5,106.2,90.9,34.36,34.75,34.07,33.76,34.32,34.22,29.3,43396.0,44056.0,43624.0,43473.0,44354.0,42102.0,38141.0,,0.0,0.0,,,2.5,-1.0,13.58,0.013,0.239,3.0,2.0,0.0,0.0,39.63,39.52,43.39,41.58,42.39,39.48,42.84,39.93,41.94,46.38
2016-06-09 10:57:00-05:00,987.2641,1008.62994,505570,27.94,0.0,989.0,23.17,321.9,278.5,276.6,273.5,270.9,270.8,271.2,321.5,770.2,60.14,224.6,1383352.0,322.4,247.6,5.0,0.0,0.0,0.0,0.0,0.0,0.0,0.0,0.0,23.06,38.09,962.0,275.7,272.6,277.0,60.0,59.9,74.7,0.0,274.0,273.0,274.0,224.0,27.26,225.7,601.0,1373831.0,41223.0,126746.0,0.993,0.979,0.748,0.921,106.3,107.5,106.0,105.1,106.2,105.9,91.1,34.21,34.58,34.1,33.84,34.19,34.08,29.33,43397.0,44056.0,43624.0,43474.0,44355.0,42102.0,38141.0,3.903,280.3,12.12,6.6,3.53,2.0,-1.0,13.58,0.013,0.239,3.0,2.0,0.0,0.0,39.99,40.03,43.74,41.8,42.8,39.53,43.04,40.43,42.36,46.42
2016-06-09 10:58:00-05:00,987.2641,1009.7506,505571,27.99,0.0,990.0,22.92,321.3,278.3,276.5,273.4,271.2,271.0,271.5,321.3,772.0,60.13,224.7,1383355.0,322.5,248.0,5.0,0.0,0.0,0.0,0.0,0.0,0.0,0.0,0.0,22.8,37.3,963.0,276.1,273.0,277.4,60.0,59.9,74.7,0.0,274.0,273.0,274.0,224.2,27.31,225.9,601.0,1373835.0,41223.0,126747.0,0.993,0.979,0.748,0.921,107.1,107.6,105.4,105.7,107.1,105.9,90.6,34.42,34.58,33.85,33.96,34.4,34.03,29.11,43397.0,44057.0,43625.0,43474.0,44355.0,42102.0,38142.0,5.217,286.4,10.43,8.5,3.528,2.0,-1.0,13.58,0.014,0.238,3.0,2.0,0.0,0.0,39.57,39.23,43.57,41.54,42.37,38.97,42.8,39.7,42.64,46.42
2016-06-09 10:59:00-05:00,986.076,1009.7506,505572,28.03,0.0,989.0,22.92,322.0,278.4,276.4,273.5,271.1,271.0,271.5,321.4,770.9,60.14,224.8,1383359.0,323.2,247.8,5.0,0.0,0.0,0.0,0.0,0.0,0.0,0.0,0.0,22.84,37.29,962.0,276.1,273.0,277.3,60.0,59.9,74.7,0.0,274.0,273.0,274.0,224.3,27.34,225.9,601.0,1373838.0,41223.0,126747.0,0.993,0.979,0.748,0.921,106.5,107.0,105.9,105.7,106.2,105.1,91.1,34.29,34.46,34.1,34.04,34.2,33.85,29.32,43398.0,44057.0,43625.0,43475.0,44356.0,42103.0,38142.0,,0.0,0.0,,,2.0,-1.0,13.58,0.014,0.238,3.0,2.0,0.0,0.0,39.2,39.4,43.25,41.44,42.38,38.97,42.95,39.87,42.34,46.42
2016-06-09 11:00:00-05:00,986.076,1009.7506,505573,28.06,0.0,990.0,22.54,321.8,278.7,276.4,273.5,271.7,271.8,272.2,322.1,773.7,60.15,225.4,1383363.0,323.4,249.2,5.0,0.0,0.0,0.0,0.0,0.0,0.0,0.0,0.0,22.27,35.38,963.0,276.8,273.7,278.1,60.0,59.9,74.7,0.0,274.0,273.0,274.0,224.9,27.43,226.6,601.0,1373842.0,41223.0,126747.0,0.993,0.979,0.748,0.921,106.9,107.9,106.5,106.0,107.0,106.0,91.7,34.4,34.72,34.27,34.1,34.42,34.1,29.51,43398.0,44058.0,43626.0,43475.0,44356.0,42103.0,38142.0,,0.0,0.0,,,2.0,-1.0,13.58,0.014,0.238,3.0,2.0,0.0,0.0,37.05,38.56,42.72,40.77,41.77,38.0,42.48,39.19,41.67,46.49
2016-06-09 11:01:00-05:00,988.45215,1011.9922,505574,28.1,0.0,992.0,22.63,322.3,278.4,276.6,273.6,272.1,272.1,272.5,322.1,773.4,60.19,225.7,1383366.0,323.0,249.1,5.0,0.0,0.0,0.0,0.0,0.0,0.0,0.0,0.0,22.47,36.32,966.0,277.0,274.0,278.3,60.0,59.9,74.7,0.0,274.0,273.0,274.0,225.2,27.5,226.8,601.0,1373846.0,41223.0,126748.0,0.993,0.979,0.748,0.921,106.9,107.7,106.0,106.1,106.8,105.7,91.1,34.47,34.73,34.17,34.21,34.43,34.07,29.37,43399.0,44058.0,43626.0,43476.0,44357.0,42104.0,38143.0,,0.0,0.0,,,2.0,-1.0,13.57,0.014,0.238,3.0,2.0,0.0,0.0,37.54,38.69,43.05,40.94,41.91,38.33,42.41,39.33,42.22,46.51
2016-06-09 11:02:00-05:00,994.3924,1018.71674,505575,28.14,0.0,998.0,22.77,321.4,278.8,276.6,273.5,273.2,273.0,273.5,321.3,779.1,60.2,226.6,1383370.0,320.4,250.3,5.0,0.0,0.0,0.0,0.0,0.0,0.0,0.0,0.0,22.56,35.96,971.0,278.4,275.3,279.8,60.0,59.9,74.7,0.0,274.0,273.0,274.0,226.2,27.67,227.9,601.0,1373850.0,41223.0,126748.0,0.993,0.979,0.748,0.921,107.8,108.0,106.8,107.3,107.8,105.9,91.7,34.63,34.71,34.32,34.48,34.63,34.02,29.45,43399.0,44059.0,43627.0,43476.0,44357.0,42104.0,38143.0,,0.0,0.0,,,2.0,-1.0,13.58,0.014,0.238,3.0,2.0,0.0,0.0,37.66,38.72,42.91,40.83,41.64,38.15,42.34,38.94,42.24,46.51
2016-06-09 11:03:00-05:00,994.3924,1018.71674,505576,28.17,0.0,998.0,22.71,322.1,278.5,276.5,273.4,273.9,273.8,274.3,321.9,778.2,60.14,227.1,1383374.0,323.0,250.5,5.0,0.0,0.0,0.0,0.0,0.0,0.0,0.0,0.0,22.48,35.99,971.0,279.0,275.9,280.4,60.0,59.9,74.7,0.0,274.0,273.0,274.0,226.6,27.69,228.3,601.0,1373853.0,41223.0,126749.0,0.993,0.979,0.748,0.921,107.6,108.3,107.0,107.0,107.4,106.3,92.0,34.64,34.87,34.44,34.45,34.58,34.22,29.62,43400.0,44059.0,43627.0,43477.0,44358.0,42105.0,38144.0,5.573,297.6,16.44,8.2,3.528,2.0,-1.0,13.58,0.014,0.238,3.0,2.0,0.0,0.0,37.73,38.49,42.84,40.72,41.46,38.2,42.23,39.15,41.75,46.6
2016-06-09 11:04:00-05:00,995.5803,1018.71674,505577,28.2,0.0,999.0,22.5,321.7,278.4,276.5,273.5,273.9,273.8,274.2,321.1,779.7,60.15,227.1,1383377.0,323.5,250.3,5.0,0.0,0.0,0.0,0.0,0.0,0.0,0.0,0.0,22.4,35.8,971.0,279.1,275.8,280.5,60.0,59.9,74.7,0.0,274.0,273.0,274.0,226.6,27.68,228.3,601.0,1373857.0,41223.0,126749.0,0.993,0.979,0.748,0.921,108.0,108.2,107.2,107.1,107.6,106.3,92.1,34.73,34.81,34.5,34.47,34.63,34.2,29.64,43400.0,44060.0,43628.0,43477.0,44358.0,42105.0,38144.0,4.778,305.7,12.05,7.1,3.53,2.0,-1.0,13.57,0.014,0.238,3.0,2.0,0.0,0.0,37.41,38.64,42.88,40.92,41.8,38.22,42.54,39.48,41.22,46.61
2016-06-09 11:05:00-05:00,994.3924,1017.596,505578,28.23,0.0,998.0,22.86,322.6,278.2,276.4,273.4,273.4,273.3,273.7,321.4,775.9,60.14,226.6,1383381.0,326.7,249.4,5.0,0.0,0.0,0.0,0.0,0.0,0.0,0.0,0.0,22.77,36.7,971.0,278.5,275.3,279.9,60.0,59.9,74.7,0.0,274.0,273.0,274.0,226.1,27.58,227.8,601.0,1373861.0,41223.0,126750.0,0.993,0.979,0.748,0.921,107.1,107.7,106.6,106.3,106.8,105.9,91.6,34.56,34.74,34.4,34.29,34.46,34.16,29.55,43401.0,44060.0,43628.0,43478.0,44359.0,42106.0,38145.0,,0.0,0.0,,,2.0,-1.0,13.58,0.014,0.239,3.0,2.0,0.0,0.0,38.15,39.46,43.08,41.32,42.17,39.05,42.77,39.9,41.63,46.61
2016-06-09 11:06:00-05:00,995.5803,1018.71674,505579,28.26,0.0,999.0,22.98,321.6,278.9,276.8,273.8,272.7,272.8,273.2,320.3,778.0,60.12,226.5,1383385.0,322.4,249.2,5.0,0.0,0.0,0.0,0.0,0.0,0.0,0.0,0.0,22.89,37.67,972.0,277.8,274.7,279.2,60.0,59.9,74.7,0.0,274.5,273.3,274.5,226.0,27.53,227.7,601.0,1373865.0,41223.0,126750.0,0.993,0.979,0.748,0.921,107.4,107.9,106.9,106.5,107.3,106.1,91.8,34.54,34.69,34.36,34.24,34.51,34.11,29.52,43401.0,44061.0,43628.0,43478.0,44359.0,42106.0,38145.0,,0.0,0.0,,,2.5,-1.0,13.58,0.014,0.238,3.0,2.0,0.0,0.0,39.37,40.06,43.46,42.01,42.9,39.97,43.23,40.76,42.42,46.61
2016-06-09 11:07:00-05:00,997.9565,1020.9583,505580,28.29,0.0,1001.0,23.19,320.9,279.0,277.0,273.9,272.7,272.7,273.1,320.6,779.5,60.14,226.5,1383389.0,322.6,249.9,5.0,0.0,0.0,0.0,0.0,0.0,0.0,0.0,0.0,23.2,38.68,974.0,277.8,274.7,279.2,60.0,59.9,74.7,0.0,274.8,273.4,274.6,226.1,27.54,227.7,601.0,1373869.0,41223.0,126751.0,0.993,0.979,0.748,0.921,107.6,108.1,107.1,106.9,107.5,106.2,92.2,34.52,34.68,34.36,34.31,34.51,34.07,29.57,43402.0,44061.0,43629.0,43479.0,44360.0,42107.0,38146.0,,0.0,0.0,,,2.0,-1.0,13.58,0.014,0.239,3.0,2.0,0.0,0.0,40.53,39.84,43.72,42.2,43.08,39.87,43.44,41.02,43.28,46.65
2016-06-09 11:08:00-05:00,999.14453,1023.19977,505581,28.32,0.0,1002.0,23.22,320.0,279.1,276.8,273.8,272.9,272.9,273.4,320.0,781.8,60.15,226.7,1383392.0,321.5,250.2,5.0,0.0,0.0,0.0,0.0,0.0,0.0,0.0,0.0,23.12,38.64,976.0,277.9,274.8,279.3,60.0,59.9,74.7,0.0,274.7,273.0,274.5,226.1,27.6,227.8,601.0,1373872.0,41223.0,126751.0,0.993,0.979,0.748,0.921,108.2,108.9,107.4,107.3,108.3,107.0,92.4,34.61,34.85,34.35,34.32,34.64,34.25,29.57,43402.0,44062.0,43629.0,43479.0,44360.0,42107.0,38146.0,,0.0,0.0,,,2.0,-1.0,13.58,0.014,0.239,3.0,2.0,0.0,0.0,40.84,39.75,43.85,42.23,42.85,39.82,43.68,40.64,43.57,46.7
2016-06-09 11:09:00-05:00,1000.3325,1024.3206,505582,28.36,0.0,1004.0,23.24,320.6,278.8,277.0,273.9,273.3,273.3,273.7,321.5,781.9,60.14,227.0,1383396.0,319.8,251.4,5.0,0.0,0.0,0.0,0.0,0.0,0.0,0.0,0.0,23.11,38.17,977.0,278.4,275.3,279.9,60.0,59.9,74.7,0.0,274.6,273.0,274.3,226.6,27.63,228.2,601.0,1373876.0,41223.0,126752.0,0.993,0.979,0.748,0.921,108.1,108.6,107.2,107.1,108.4,106.6,92.4,34.66,34.8,34.35,34.34,34.76,34.16,29.6,43403.0,44062.0,43630.0,43480.0,44361.0,42108.0,38147.0,,0.0,0.0,,,2.0,-1.0,13.57,0.014,0.239,3.0,2.0,0.0,0.0,40.58,39.78,43.82,42.19,42.96,39.87,43.77,40.95,43.4,46.71
2016-06-09 11:10:00-05:00,1000.3325,1025.4413,505583,28.39,0.0,1004.0,23.14,320.1,278.7,276.9,273.9,273.6,273.4,273.9,319.5,782.7,60.13,227.1,1383400.0,319.1,250.0,5.0,0.0,0.0,0.0,0.0,0.0,0.0,0.0,0.0,23.05,38.57,978.0,278.4,275.3,279.9,60.0,59.9,74.7,0.0,274.6,273.1,274.5,226.5,27.64,228.2,601.0,1373880.0,41223.0,126752.0,0.993,0.979,0.748,0.921,107.8,109.1,107.5,107.2,108.4,107.1,92.6,34.51,34.92,34.4,34.33,34.71,34.27,29.64,43403.0,44063.0,43630.0,43480.0,44361.0,42108.0,38147.0,,0.0,0.0,,,2.0,-1.0,13.58,0.014,0.239,3.0,2.0,0.0,0.0,40.76,40.33,43.95,42.65,43.0,41.31,43.87,41.46,44.26,46.71
2016-06-09 11:11:00-05:00,1001.52057,1026.5621,505584,28.42,0.0,1006.0,22.99,320.2,279.1,276.8,273.8,273.2,273.5,273.8,319.6,783.2,60.15,227.1,1383403.0,321.2,250.3,5.0,0.0,0.0,0.0,0.0,0.0,0.0,0.0,0.0,22.8,38.05,979.0,278.4,275.4,279.8,60.0,59.9,74.7,0.0,274.7,273.1,274.2,226.6,27.68,228.2,601.0,1373884.0,41223.0,126753.0,0.993,0.979,0.748,0.921,108.1,109.0,107.5,107.2,108.6,107.0,92.6,34.6,34.9,34.43,34.31,34.76,34.25,29.66,43404.0,44063.0,43631.0,43480.0,44362.0,42109.0,38148.0,3.22,306.4,20.04,5.4,3.53,2.0,-1.0,13.58,0.014,0.239,3.0,2.0,0.0,0.0,39.91,40.16,44.0,42.64,43.41,41.04,44.06,41.62,43.81,46.73
2016-06-09 11:12:00-05:00,1002.7087,1027.6829,505585,28.44,0.0,1007.0,22.86,319.7,278.9,276.9,273.9,273.9,273.7,274.2,319.2,785.5,60.14,227.4,1383407.0,320.5,250.7,5.0,0.0,0.0,0.0,0.0,0.0,0.0,0.0,0.0,22.69,36.92,980.0,278.9,275.8,280.4,60.0,59.9,74.7,0.0,274.7,273.2,274.5,227.0,27.72,228.6,601.0,1373887.0,41223.0,126753.0,0.993,0.979,0.748,0.921,108.8,109.1,107.5,108.4,109.2,106.9,92.6,34.77,34.87,34.37,34.66,34.89,34.18,29.6,43404.0,44064.0,43631.0,43481.0,44362.0,42109.0,38148.0,,0.0,0.0,,,2.0,-1.0,13.58,0.014,0.239,3.0,2.0,0.0,0.0,38.9,39.74,44.19,42.39,43.04,40.29,44.06,41.27,43.49,46.79
2016-06-09 11:13:00-05:00,1003.8967,1029.9244,505586,28.47,0.0,1009.0,22.8,320.4,278.7,276.9,273.9,274.6,274.5,275.0,318.6,786.3,60.13,228.0,1383411.0,321.9,250.5,5.0,0.0,0.0,0.0,0.0,0.0,0.0,0.0,0.0,22.68,36.68,982.0,279.6,276.5,281.1,60.0,59.9,74.7,0.0,274.3,273.1,274.2,227.5,27.75,229.1,601.0,1373891.0,41223.0,126753.0,0.993,0.979,0.748,0.921,108.9,109.3,107.7,108.0,109.2,107.2,92.8,34.9,35.0,34.51,34.6,34.97,34.33,29.72,43405.0,44064.0,43632.0,43481.0,44363.0,42110.0,38149.0,,0.0,0.0,,,2.0,-1.0,13.58,0.014,0.239,3.0,2.0,0.0,0.0,37.99,39.36,43.97,42.16,43.24,39.66,43.85,41.01,42.8,46.81
2016-06-09 11:14:00-05:00,1003.8967,1029.9244,505587,28.51,0.0,1009.0,23.08,320.8,278.9,276.9,273.9,274.2,274.5,274.8,319.5,786.0,60.21,227.9,1383414.0,321.9,251.1,5.0,0.0,0.0,0.0,0.0,0.0,0.0,0.0,0.0,22.98,37.01,982.0,279.6,276.6,281.0,60.0,59.9,74.7,0.0,274.6,273.1,274.6,227.5,27.84,229.2,601.0,1373895.0,41223.0,126754.0,0.993,0.979,0.748,0.921,108.4,109.2,107.9,107.6,108.3,107.1,92.9,34.76,35.02,34.62,34.53,34.73,34.36,29.78,43405.0,44065.0,43632.0,43482.0,44363.0,42110.0,38149.0,,0.0,0.0,,,2.0,-1.0,13.58,0.014,0.239,3.0,2.0,0.0,0.0,38.29,39.48,44.21,42.53,43.12,40.09,43.98,41.28,42.42,46.81
2016-06-09 11:15:00-05:00,1003.8967,1029.9244,505588,28.54,0.0,1009.0,22.94,320.1,278.8,276.5,273.6,274.6,274.9,275.2,318.9,787.1,60.14,228.1,1383418.0,323.7,251.0,5.0,0.0,0.0,0.0,0.0,0.0,0.0,0.0,0.0,22.73,36.51,982.0,280.0,276.8,281.4,60.0,59.9,74.7,0.0,274.0,273.0,274.0,227.6,27.79,229.3,601.0,1373899.0,41223.0,126754.0,0.993,0.979,0.748,0.921,108.7,109.9,108.2,107.0,108.7,107.9,93.2,34.79,35.19,34.63,34.26,34.79,34.54,29.82,43406.0,44065.0,43633.0,43482.0,44364.0,42110.0,38149.0,4.712,292.5,11.85,7.5,3.53,2.0,-1.0,13.58,0.014,0.239,3.0,2.0,0.0,0.0,38.04,39.56,44.24,42.2,43.03,39.54,43.78,40.41,42.16,46.81
2016-06-09 11:16:00-05:00,1006.27277,1032.1659,505589,28.56,0.0,1012.0,22.93,320.5,279.4,277.2,274.3,274.8,274.8,275.2,320.0,787.2,60.14,228.6,1383422.0,322.9,251.9,5.0,0.0,0.0,0.0,0.0,0.0,0.0,0.0,0.0,22.93,37.27,984.0,279.9,276.7,281.4,60.0,59.9,74.7,0.0,274.9,273.9,274.9,228.1,27.88,229.8,601.0,1373903.0,41223.0,126755.0,0.993,0.979,0.748,0.921,109.2,109.4,107.8,108.2,109.1,107.3,92.8,35.0,35.05,34.55,34.67,34.96,34.4,29.75,43406.0,44066.0,43633.0,43483.0,44364.0,42111.0,38150.0,,0.0,0.0,,,2.0,-1.0,13.57,0.014,0.239,3.0,2.0,0.0,0.0,38.65,39.53,44.06,42.09,42.67,39.47,43.48,40.57,42.56,46.84
2016-06-09 11:17:00-05:00,1006.27277,1032.1659,505590,28.6,0.0,1012.0,23.15,320.2,279.5,277.4,274.4,274.6,274.5,274.9,319.2,788.4,60.15,228.5,1383426.0,320.6,251.6,5.0,0.0,0.0,0.0,0.0,0.0,0.0,0.0,0.0,23.13,37.98,984.0,279.7,276.6,281.2,60.0,59.9,74.7,0.0,275.0,274.0,275.0,228.1,27.88,229.8,601.0,1373906.0,41223.0,126755.0,0.993,0.979,0.748,0.921,109.2,109.5,108.1,108.4,109.0,107.5,93.0,34.95,35.07,34.59,34.71,34.88,34.42,29.79,43407.0,44066.0,43634.0,43483.0,44365.0,42111.0,38150.0,5.293,290.0,10.17,6.6,3.528,2.0,-1.0,13.58,0.014,0.239,3.0,2.0,0.0,0.0,39.43,39.86,44.04,42.34,42.68,39.69,43.56,40.49,42.86,46.89
2016-06-09 11:18:00-05:00,1005.0848,1031.0452,505591,28.63,0.0,1011.0,22.99,320.3,279.2,277.3,274.4,274.2,274.2,274.6,319.5,786.7,60.15,228.1,1383429.0,320.9,251.3,5.0,0.0,0.0,0.0,0.0,0.0,0.0,0.0,0.0,22.88,37.35,984.0,279.4,276.3,280.8,60.0,59.9,74.7,0.0,275.0,274.0,275.0,227.7,27.83,229.3,601.0,1373910.0,41223.0,126756.0,0.993,0.979,0.748,0.921,108.9,109.8,108.0,108.0,108.7,107.7,92.9,34.87,35.18,34.6,34.59,34.8,34.48,29.74,43407.0,44067.0,43634.0,43484.0,44365.0,42112.0,38151.0,3.4,295.3,15.08,6.2,3.53,2.0,-1.0,13.58,0.014,0.239,3.0,2.0,0.0,0.0,38.96,39.5,44.03,42.2,42.83,39.76,43.67,40.49,42.81,46.91
2016-06-09 11:19:00-05:00,1007.4608,1033.2866,505592,28.67,0.0,1013.0,23.0,319.8,279.3,277.4,274.4,274.4,274.4,274.8,319.1,788.3,60.12,228.3,1383433.0,318.2,251.5,5.0,0.0,0.0,0.0,0.0,0.0,0.0,0.0,0.0,22.87,37.76,986.0,279.6,276.5,281.1,60.0,59.9,74.7,0.0,275.0,274.0,275.0,227.9,27.83,229.6,601.0,1373914.0,41223.0,126756.0,0.993,0.979,0.748,0.921,108.6,109.8,108.8,107.9,108.3,107.7,93.4,34.74,35.11,34.78,34.49,34.63,34.44,29.87,43408.0,44068.0,43635.0,43484.0,44366.0,42112.0,38151.0,,0.0,0.0,,,2.0,-1.0,13.58,0.014,0.239,3.0,2.0,0.0,0.0,39.06,39.5,44.31,42.36,42.95,39.77,43.96,40.7,42.72,46.91
2016-06-09 11:20:00-05:00,1011.0249,1036.649,505593,28.7,0.0,1016.0,23.26,318.1,279.5,277.3,274.3,274.4,274.7,275.0,316.1,793.3,60.13,228.5,1383437.0,317.3,250.8,5.0,0.0,0.0,0.0,0.0,0.0,0.0,0.0,0.0,23.13,38.73,989.0,279.7,276.5,281.2,60.0,59.9,74.7,0.0,275.0,274.0,275.0,227.9,27.84,229.6,601.0,1373918.0,41223.0,126757.0,0.993,0.979,0.748,0.921,109.5,110.6,108.7,108.6,109.2,108.8,93.3,34.84,35.2,34.59,34.55,34.74,34.61,29.69,43408.0,44068.0,43635.0,43485.0,44366.0,42113.0,38152.0,,0.0,0.0,,,2.0,-1.0,13.58,0.014,0.239,3.0,2.0,0.0,0.0,40.03,40.37,44.92,42.9,43.92,40.39,44.25,41.46,43.2,46.91
2016-06-09 11:21:00-05:00,1011.0249,1037.7697,505594,28.73,0.0,1017.0,23.24,319.4,279.2,277.3,274.2,275.2,275.5,275.8,318.8,792.3,60.14,229.0,1383441.0,320.5,252.6,5.0,0.0,0.0,0.0,0.0,0.0,0.0,0.0,0.0,23.08,38.2,990.0,280.6,277.4,282.0,60.0,59.9,74.7,0.0,275.0,273.9,275.0,228.6,27.95,230.3,601.0,1373922.0,41223.0,126757.0,0.993,0.979,0.748,0.921,109.8,110.1,108.6,108.8,109.6,108.2,93.2,35.07,35.16,34.68,34.73,34.99,34.54,29.78,43409.0,44069.0,43636.0,43485.0,44367.0,42113.0,38152.0,,0.0,0.0,,,2.0,-1.0,13.58,0.014,0.239,3.0,2.0,0.0,0.0,40.02,40.3,44.66,42.55,43.24,39.69,43.89,40.87,43.12,46.94
2016-06-09 11:22:00-05:00,1011.0249,1037.7697,505595,28.77,0.0,1017.0,23.21,320.2,279.2,277.4,274.3,275.8,275.9,276.3,319.7,792.1,60.15,229.5,1383444.0,321.4,253.2,5.0,0.0,0.0,0.0,0.0,0.0,0.0,0.0,0.0,23.06,37.39,990.0,281.2,278.0,282.6,60.0,59.9,74.7,0.0,275.0,274.0,275.0,229.1,28.05,230.8,601.0,1373925.0,41223.0,126758.0,0.993,0.979,0.748,0.921,109.7,109.9,108.9,109.2,109.3,107.9,93.6,35.12,35.2,34.87,34.96,34.99,34.55,29.97,43409.0,44069.0,43636.0,43486.0,44367.0,42114.0,38153.0,,0.0,0.0,,,2.0,-1.0,13.58,0.014,0.239,3.0,2.0,0.0,0.0,39.28,39.33,44.39,42.22,42.63,39.48,43.88,40.56,42.31,47.01
2016-06-09 11:23:00-05:00,1012.213,1038.8905,505596,28.8,0.0,1018.0,23.1,320.9,279.4,277.5,274.4,276.7,276.7,277.1,320.1,792.1,60.15,230.3,1383448.0,321.4,253.5,5.0,0.0,0.0,0.0,0.0,0.0,0.0,0.0,0.0,22.91,36.4,990.0,281.9,278.7,283.4,60.0,59.9,74.7,0.0,275.0,274.0,275.0,229.8,28.13,231.5,601.0,1373929.0,41223.0,126758.0,0.993,0.979,0.748,0.921,109.7,110.1,108.8,109.1,109.2,108.0,93.5,35.21,35.32,34.92,34.99,35.03,34.65,30.0,43410.0,44070.0,43637.0,43486.0,44368.0,42114.0,38153.0,,0.0,0.0,,,2.0,-1.0,13.57,0.014,0.239,3.0,2.0,0.0,0.0,38.24,38.86,43.9,41.75,42.64,39.01,43.37,40.32,41.63,47.01
2016-06-09 11:24:00-05:00,1013.40106,1040.0112,505597,28.82,0.0,1019.0,22.93,320.9,279.8,277.2,274.1,277.0,277.2,277.6,320.0,794.4,60.14,230.6,1383452.0,322.6,254.2,5.0,0.0,0.0,0.0,0.0,0.0,0.0,0.0,0.0,22.76,36.02,991.0,282.4,279.1,284.0,60.0,59.9,74.7,0.0,275.0,274.0,275.0,230.2,28.16,231.9,601.0,1373933.0,41223.0,126759.0,0.993,0.979,0.748,0.921,109.7,109.9,109.3,108.8,109.0,108.2,93.9,35.2,35.27,35.06,34.9,34.98,34.72,30.14,43410.0,44071.0,43637.0,43487.0,44368.0,42115.0,38154.0,,0.0,0.0,,,3.0,-1.0,13.58,0.014,0.239,3.0,2.0,0.0,0.0,37.58,38.93,43.94,41.97,42.74,39.13,43.44,40.13,41.21,47.01
2016-06-09 11:25:00-05:00,1013.40106,1041.1321,505598,28.84,0.0,1020.0,22.82,321.0,279.2,277.3,274.2,277.7,277.7,278.2,320.5,795.4,60.14,231.0,1383456.0,319.7,254.9,5.0,0.0,0.0,0.0,0.0,0.0,0.0,0.0,0.0,22.66,36.11,992.0,283.1,279.8,284.6,60.0,59.9,74.7,0.0,275.0,274.0,275.0,230.6,28.27,232.3,601.0,1373937.0,41223.0,126759.0,0.993,0.979,0.748,0.921,110.4,110.2,109.2,109.1,109.8,108.4,93.8,35.43,35.39,35.05,35.01,35.25,34.79,30.11,43411.0,44071.0,43638.0,43487.0,44369.0,42115.0,38154.0,,0.0,0.0,,,2.0,-1.0,13.58,0.014,0.239,3.0,2.0,0.0,0.0,37.66,38.43,43.69,41.68,42.04,39.08,43.07,39.87,40.84,47.01
2016-06-09 11:26:00-05:00,1014.5891,1042.2527,505599,28.87,0.0,1021.0,22.83,320.5,279.0,276.7,273.7,278.1,278.1,278.6,320.3,796.4,60.14,230.9,1383459.0,322.7,255.0,5.0,0.0,0.0,0.0,0.0,0.0,0.0,0.0,0.0,22.7,36.25,993.0,283.4,280.1,285.0,60.0,59.9,74.7,0.0,274.1,273.1,274.1,230.4,28.24,232.2,601.0,1373941.0,41223.0,126760.0,0.993,0.979,0.748,0.921,110.6,110.8,108.8,109.9,110.2,108.9,93.7,35.45,35.51,34.88,35.21,35.33,34.89,30.01,43412.0,44072.0,43638.0,43488.0,44369.0,42116.0,38155.0,,0.0,0.0,,,2.0,-1.0,13.58,0.014,0.239,3.0,2.0,0.0,0.0,37.69,38.9,44.18,42.08,42.6,39.55,43.25,40.41,41.41,47.01
2016-06-09 11:27:00-05:00,1013.40106,1041.1321,505600,28.89,0.0,1020.0,22.94,321.2,278.4,276.7,273.6,278.0,278.2,278.6,322.2,793.6,60.14,230.8,1383463.0,321.3,255.7,5.0,0.0,0.0,0.0,0.0,0.0,0.0,0.0,0.0,22.81,36.76,992.0,283.3,280.1,285.0,60.0,59.9,74.7,0.0,274.0,273.0,274.0,230.2,28.22,232.0,601.0,1373945.0,41223.0,126760.0,0.993,0.979,0.748,0.921,110.3,109.9,109.0,109.5,109.8,108.0,93.8,35.43,35.3,34.99,35.16,35.25,34.67,30.11,43412.0,44073.0,43639.0,43489.0,44370.0,42116.0,38155.0,,0.0,0.0,,,2.0,-1.0,13.58,0.014,0.239,3.0,2.0,0.0,0.0,38.07,39.3,44.27,41.89,42.76,39.4,43.31,40.18,41.58,47.01
2016-06-09 11:28:00-05:00,1015.7771,1043.3735,505601,28.91,0.0,1022.0,23.15,320.9,278.6,276.5,273.4,278.3,278.4,278.9,320.9,795.8,60.2,231.0,1383467.0,323.1,255.4,5.0,0.0,0.0,0.0,0.0,0.0,0.0,0.0,0.0,22.99,36.74,995.0,283.8,280.7,285.4,60.0,59.9,74.7,0.0,274.0,273.0,274.0,230.6,28.39,232.3,601.0,1373948.0,41223.0,126760.0,0.993,0.979,0.748,0.921,110.2,110.7,109.2,108.9,109.6,109.0,93.9,35.37,35.52,35.05,34.94,35.16,34.98,30.14,43413.0,44073.0,43639.0,43489.0,44371.0,42117.0,38156.0,,0.0,0.0,,,2.0,-1.0,13.58,0.014,0.239,3.0,2.0,0.0,0.0,38.2,39.43,44.13,41.67,42.45,39.03,43.04,40.07,41.43,47.06
2016-06-09 11:29:00-05:00,1019.3413,1046.7357,505602,28.94,0.0,1025.0,23.42,320.1,278.8,276.6,273.5,279.0,279.2,279.5,319.1,799.6,60.17,231.7,1383471.0,318.2,255.1,5.0,0.0,0.0,0.0,0.0,0.0,0.0,0.0,0.0,23.31,37.45,998.0,284.5,281.3,286.1,60.0,59.9,74.7,0.0,274.0,273.0,274.0,231.2,28.46,233.0,601.0,1373952.0,41223.0,126761.0,0.993,0.979,0.748,0.921,110.4,111.2,109.5,109.4,109.7,109.5,94.0,35.34,35.59,35.04,35.02,35.12,35.07,30.11,43414.0,44074.0,43640.0,43490.0,44371.0,42117.0,38156.0,,0.0,0.0,,,2.5,-1.0,13.58,0.015,0.239,3.0,2.0,0.0,0.0,38.89,39.5,43.88,41.49,42.3,38.62,42.86,39.79,41.81,47.09
2016-06-09 11:30:00-05:00,1020.52924,1047.8566,505603,28.95,0.0,1026.0,23.66,320.4,278.7,276.6,273.5,278.7,278.8,279.2,319.6,798.2,60.13,231.3,1383474.0,317.1,255.1,5.0,0.0,0.0,0.0,0.0,0.0,0.0,0.0,0.0,23.58,38.75,998.0,284.3,281.0,285.9,60.0,59.9,74.7,0.0,274.0,273.0,274.0,230.9,28.34,232.7,601.0,1373956.0,41223.0,126761.0,0.993,0.979,0.748,0.921,109.6,111.2,109.7,109.3,109.0,109.6,94.3,35.11,35.62,35.14,35.0,34.92,35.1,30.23,43414.0,44075.0,43640.0,43490.0,44372.0,42118.0,38157.0,,0.0,0.0,,,2.5,-1.0,13.58,0.015,0.239,3.0,2.0,0.0,0.0,40.16,40.5,44.28,42.03,43.04,39.54,43.3,40.54,42.3,47.08
2016-06-09 11:31:00-05:00,1019.3413,1046.7357,505604,28.98,0.0,1026.0,23.35,319.6,278.4,276.5,273.4,278.2,278.5,278.8,319.4,798.1,60.14,230.8,1383478.0,320.9,254.9,5.0,0.0,0.0,0.0,0.0,0.0,0.0,0.0,0.0,23.27,38.4,998.0,283.7,280.4,285.3,60.0,59.9,74.7,0.0,274.0,273.0,274.0,230.4,28.27,232.1,601.0,1373960.0,41223.0,126762.0,0.993,0.979,0.748,0.921,110.5,111.3,109.4,108.9,110.0,109.6,94.1,35.3,35.56,34.97,34.81,35.16,35.03,30.08,43415.0,44075.0,43641.0,43491.0,44372.0,42118.0,38157.0,,0.0,0.0,,,2.0,-1.0,13.58,0.015,0.239,3.0,2.0,0.0,0.0,39.97,40.64,44.81,42.64,43.64,39.89,43.93,41.06,42.69,47.08
2016-06-09 11:32:00-05:00,1018.15326,1044.4943,505605,29.02,0.0,1024.0,23.28,320.0,278.6,276.4,273.3,277.6,277.9,278.3,318.8,796.2,60.14,230.5,1383482.0,323.7,253.8,5.0,0.0,0.0,0.0,0.0,0.0,0.0,0.0,0.0,23.09,37.81,996.0,283.2,279.9,284.8,60.0,59.9,74.7,0.0,274.0,273.0,274.0,230.0,28.2,231.7,601.0,1373964.0,41223.0,126762.0,0.993,0.979,0.748,0.921,110.0,110.4,110.2,109.0,109.7,108.6,94.8,35.2,35.32,35.27,34.88,35.1,34.74,30.33,43415.0,44076.0,43642.0,43491.0,44373.0,42119.0,38157.0,,0.0,0.0,,,2.0,-1.0,13.58,0.015,0.239,3.0,2.0,0.0,0.0,39.66,40.55,44.92,42.83,43.57,40.27,44.14,41.0,42.64,47.07
2016-06-09 11:33:00-05:00,1018.15326,1045.6151,505606,29.05,0.0,1025.0,23.18,319.4,278.6,276.4,273.2,278.0,278.1,278.5,319.2,798.7,60.15,230.7,1383486.0,318.8,255.0,5.0,0.0,0.0,0.0,0.0,0.0,0.0,0.0,0.0,23.01,36.82,997.0,283.5,280.2,285.2,60.0,59.9,74.7,0.0,274.0,273.0,274.0,230.2,28.25,232.0,601.0,1373968.0,41223.0,126763.0,0.993,0.979,0.748,0.921,110.5,111.1,110.1,109.5,110.4,109.3,94.9,35.28,35.47,35.17,34.98,35.26,34.91,30.3,43416.0,44076.0,43642.0,43492.0,44373.0,42120.0,38158.0,4.42,302.2,15.41,6.8,3.526,2.0,-1.0,13.58,0.015,0.239,3.0,2.0,0.0,0.0,38.77,40.23,44.94,42.74,43.41,39.9,44.05,40.86,42.72,47.07
2016-06-09 11:34:00-05:00,1020.52924,1047.8566,505607,29.07,0.0,1026.0,23.04,319.8,278.3,276.6,273.4,278.5,278.6,279.0,319.0,798.9,60.14,231.1,1383489.0,321.2,254.8,5.0,0.0,0.0,0.0,0.0,0.0,0.0,0.0,0.0,22.81,36.34,998.0,284.0,280.8,285.6,60.0,59.9,74.7,0.0,274.0,273.0,274.0,230.6,28.33,232.4,601.0,1373972.0,41223.0,126763.0,0.993,0.979,0.748,0.921,110.4,111.5,109.9,109.2,110.3,109.5,94.7,35.31,35.66,35.15,34.94,35.28,35.03,30.3,43417.0,44077.0,43643.0,43492.0,44374.0,42120.0,38158.0,,0.0,0.0,,,2.0,-1.0,13.58,0.015,0.239,3.0,2.0,0.0,0.0,37.96,39.67,44.73,42.58,43.11,39.63,43.74,40.59,42.71,47.11
2016-06-09 11:35:00-05:00,1019.3413,1047.8566,505608,29.08,0.0,1026.0,23.04,319.7,278.4,276.5,273.4,278.5,278.4,278.9,318.7,799.0,60.14,231.0,1383493.0,321.8,254.6,5.0,0.0,0.0,0.0,0.0,0.0,0.0,0.0,0.0,22.88,36.78,998.0,283.9,280.7,285.6,60.0,59.9,74.7,0.0,274.0,273.0,274.0,230.7,28.34,232.4,601.0,1373975.0,41223.0,126764.0,0.993,0.979,0.748,0.921,110.6,111.2,109.4,109.4,110.7,109.1,94.5,35.37,35.56,34.97,34.97,35.4,34.87,30.2,43417.0,44078.0,43643.0,43493.0,44375.0,42121.0,38159.0,4.322,297.0,16.26,7.4,3.526,2.0,-1.0,13.58,0.015,0.239,3.0,2.0,0.0,0.0,38.22,39.78,44.61,42.53,43.22,39.52,43.62,40.63,42.97,47.1
2016-06-09 11:36:00-05:00,1019.3413,1047.8566,505609,29.11,0.0,1026.0,23.24,320.4,279.0,277.1,273.9,278.3,278.6,278.9,319.7,798.3,60.14,231.4,1383497.0,319.9,255.2,5.0,0.0,0.0,0.0,0.0,0.0,0.0,0.0,0.0,23.18,36.63,999.0,283.8,280.5,285.4,60.0,59.9,74.7,0.0,274.5,273.7,274.5,230.9,28.36,232.7,601.0,1373979.0,41223.0,126764.0,0.993,0.979,0.748,0.921,110.4,111.1,109.5,109.4,110.2,108.8,94.4,35.37,35.58,35.08,35.04,35.29,34.84,30.24,43418.0,44078.0,43644.0,43493.0,44375.0,42121.0,38159.0,,0.0,0.0,,,2.5,-1.0,13.58,0.015,0.239,3.0,2.0,0.0,0.0,38.18,39.24,44.22,41.98,42.88,38.86,43.31,40.08,42.66,47.1
2016-06-09 11:37:00-05:00,1019.3413,1047.8566,505610,29.13,0.0,1026.0,23.46,319.6,279.0,277.1,273.9,277.8,278.1,278.5,319.4,799.0,60.15,231.1,1383501.0,320.7,255.2,5.0,0.0,0.0,0.0,0.0,0.0,0.0,0.0,0.0,23.36,38.17,998.0,283.4,280.1,284.9,60.0,59.9,74.7,0.0,274.7,273.7,274.5,230.6,28.31,232.4,601.0,1373983.0,41223.0,126765.0,0.993,0.979,0.748,0.921,110.3,111.1,109.5,109.7,110.2,109.1,94.4,35.24,35.5,35.01,35.04,35.23,34.87,30.17,43418.0,44079.0,43644.0,43494.0,44376.0,42122.0,38160.0,,0.0,0.0,,,2.0,-1.0,13.58,0.015,0.239,3.0,2.0,0.0,0.0,39.59,40.11,44.27,41.94,42.92,39.18,43.27,39.98,43.13,47.09
2016-06-09 11:38:00-05:00,1020.52924,1047.8566,505611,29.15,0.0,1026.0,23.33,319.5,279.1,277.2,274.0,277.7,277.7,278.2,319.6,798.7,60.13,231.0,1383504.0,320.4,255.2,5.0,0.0,0.0,0.0,0.0,0.0,0.0,0.0,0.0,23.18,38.18,999.0,283.2,279.9,284.7,60.0,59.9,74.7,0.0,275.0,274.0,274.9,230.6,28.31,232.3,601.0,1373987.0,41223.0,126765.0,0.993,0.979,0.748,0.921,110.3,111.4,109.7,109.4,110.1,109.4,94.4,35.22,35.58,35.03,34.94,35.18,34.95,30.16,43419.0,44080.0,43645.0,43494.0,44377.0,42122.0,38160.0,,0.0,0.0,,,2.0,-1.0,13.58,0.015,0.239,3.0,2.0,0.0,0.0,39.7,40.51,44.63,42.56,43.75,39.87,43.89,41.24,43.18,47.09
2016-06-09 11:39:00-05:00,1021.71735,1050.0981,505612,29.17,0.0,1028.0,23.51,319.6,278.9,277.2,274.0,278.6,278.9,279.2,319.5,801.0,60.13,231.7,1383508.0,320.9,255.9,5.0,0.0,0.0,0.0,0.0,0.0,0.0,0.0,0.0,23.36,37.01,1001.0,284.1,280.7,285.7,60.0,59.9,74.7,0.0,274.7,273.7,274.6,231.2,28.34,232.9,601.0,1373991.0,41223.0,126766.0,0.993,0.979,0.748,0.921,111.2,111.5,109.5,109.8,111.0,109.6,94.2,35.53,35.64,35.0,35.07,35.47,35.01,30.11,43420.0,44080.0,43646.0,43495.0,44377.0,42123.0,38161.0,6.077,292.9,14.5,7.9,3.525,2.0,-1.0,13.58,0.015,0.239,3.0,2.0,0.0,0.0,38.66,39.71,44.21,42.24,43.17,38.92,43.5,40.22,42.99,47.09
2016-06-09 11:40:00-05:00,1022.9054,1051.2189,505613,29.19,0.0,1029.0,23.7,320.0,279.0,277.4,274.1,278.9,279.2,279.6,319.5,802.0,60.14,232.1,1383512.0,317.1,256.1,5.0,0.0,0.0,0.0,0.0,0.0,0.0,0.0,0.0,23.58,37.37,1002.0,284.6,281.2,286.2,60.0,59.9,74.7,0.0,275.0,274.0,275.0,231.7,28.48,233.4,601.0,1373995.0,41223.0,126766.0,0.993,0.979,0.748,0.921,111.4,110.9,109.5,110.5,111.0,108.8,94.1,35.65,35.49,35.05,35.34,35.52,34.82,30.11,43420.0,44081.0,43646.0,43496.0,44378.0,42123.0,38161.0,4.895,306.1,11.83,9.1,3.526,2.0,-1.0,13.58,0.015,0.239,3.0,2.0,0.0,0.0,38.76,39.08,43.88,41.99,42.86,38.84,43.23,40.09,42.2,47.09
2016-06-09 11:41:00-05:00,1025.2814,1052.3396,505614,29.22,0.0,1031.0,23.58,320.1,278.9,277.0,273.8,279.7,279.9,280.3,319.2,803.0,60.15,232.5,1383516.0,319.8,256.3,5.0,0.0,0.0,0.0,0.0,0.0,0.0,0.0,0.0,23.41,37.17,1003.0,285.2,281.8,286.8,60.0,59.9,74.7,0.0,274.4,273.5,274.3,232.0,28.52,233.7,601.0,1373998.0,41223.0,126767.0,0.993,0.979,0.748,0.921,111.3,111.3,110.6,110.8,110.7,109.5,95.1,35.61,35.63,35.41,35.45,35.44,35.05,30.42,43421.0,44082.0,43647.0,43496.0,44378.0,42124.0,38162.0,,0.0,0.0,,,2.0,-1.0,13.58,0.015,0.239,3.0,2.0,0.0,0.0,38.65,39.34,43.92,42.05,43.13,38.87,43.32,40.4,41.98,47.11
2016-06-09 11:42:00-05:00,1024.0935,1052.3396,505615,29.22,0.0,1030.0,23.21,321.2,279.2,277.1,273.9,279.8,279.9,280.4,320.3,801.0,60.22,232.7,1383520.0,322.4,256.6,5.0,0.0,0.0,0.0,0.0,0.0,0.0,0.0,0.0,23.06,36.26,1003.0,285.2,282.1,286.8,60.0,59.9,74.7,0.0,274.8,273.9,274.7,232.2,28.64,234.0,601.0,1374002.0,41223.0,126767.0,0.992,0.979,0.748,0.921,111.2,111.3,109.9,110.0,110.6,109.4,94.5,35.72,35.76,35.29,35.34,35.51,35.14,30.34,43422.0,44083.0,43647.0,43497.0,44379.0,42124.0,38162.0,,0.0,0.0,,,2.0,-1.0,13.58,0.015,0.239,3.0,2.0,0.0,0.0,37.88,38.85,43.49,41.61,42.49,38.32,42.78,39.51,41.81,47.09
2016-06-09 11:43:00-05:00,1024.0935,1051.2189,505616,29.25,0.0,1030.0,23.35,320.3,279.0,277.3,274.1,278.8,278.8,279.3,318.9,801.0,60.16,231.9,1383523.0,323.0,255.5,5.0,0.0,0.0,0.0,0.0,0.0,0.0,0.0,0.0,23.27,37.25,1003.0,284.4,281.1,286.0,60.0,59.9,74.7,0.0,275.0,274.0,275.0,231.6,28.45,233.4,601.0,1374006.0,41223.0,126768.0,0.993,0.979,0.748,0.921,111.1,111.5,109.5,109.4,110.4,109.7,94.3,35.6,35.73,35.06,35.05,35.36,35.14,30.19,43422.0,44083.0,43648.0,43497.0,44380.0,42125.0,38163.0,4.06,302.8,18.81,6.2,3.526,2.0,-1.0,13.58,0.015,0.239,3.0,2.0,0.0,0.0,38.37,39.78,44.0,42.32,43.35,39.65,43.4,40.86,41.88,47.09
2016-06-09 11:44:00-05:00,1025.2814,1052.3396,505617,29.28,0.0,1031.0,23.66,319.6,279.1,277.4,274.1,278.4,278.6,279.0,318.0,802.0,60.14,231.6,1383527.0,319.1,255.1,5.0,0.0,0.0,0.0,0.0,0.0,0.0,0.0,0.0,23.65,38.36,1004.0,284.0,280.7,285.6,60.0,59.9,74.7,0.0,274.9,274.0,275.0,231.3,28.38,233.0,601.0,1374010.0,41223.0,126768.0,0.993,0.979,0.748,0.921,111.8,111.3,109.7,110.4,111.2,109.3,94.6,35.73,35.55,35.07,35.28,35.52,34.94,30.22,43423.0,44084.0,43648.0,43498.0,44380.0,42126.0,38163.0,,0.0,0.0,,,2.0,-1.0,13.58,0.015,0.239,3.0,2.0,0.0,0.0,39.52,40.83,44.76,42.9,44.03,40.98,44.09,41.47,42.72,47.1
2016-06-09 11:45:00-05:00,1025.2814,1053.4603,505618,29.29,0.0,1032.0,23.66,318.4,278.8,277.0,273.8,278.4,278.4,278.8,318.1,803.0,60.14,231.2,1383531.0,315.2,255.5,5.0,0.0,0.0,0.0,0.0,0.0,0.0,0.0,0.0,23.57,38.85,1004.0,284.1,280.7,285.7,60.0,59.9,74.7,0.0,274.0,273.4,274.2,231.0,28.3,232.7,601.0,1374014.0,41223.0,126769.0,0.993,0.979,0.748,0.921,111.1,111.0,110.5,110.1,110.7,109.1,95.2,35.38,35.33,35.17,35.07,35.26,34.75,30.31,43424.0,44085.0,43649.0,43499.0,44381.0,42126.0,38164.0,3.503,278.8,16.94,8.1,3.526,2.0,-1.0,13.58,0.015,0.239,3.0,2.0,0.0,0.0,40.23,40.98,44.91,43.11,43.85,41.03,44.46,41.39,43.12,47.09
2016-06-09 11:46:00-05:00,1025.2814,1053.4603,505619,29.32,0.0,1031.0,23.52,319.3,278.7,276.8,273.7,278.7,278.7,279.2,318.2,802.0,60.15,231.4,1383535.0,320.6,255.2,5.0,0.0,0.0,0.0,0.0,0.0,0.0,0.0,0.0,23.48,38.52,1004.0,284.2,280.9,285.8,60.0,59.9,74.7,0.0,274.0,273.0,274.0,231.0,28.37,232.7,601.0,1374018.0,41223.0,126769.0,0.993,0.979,0.748,0.921,111.3,111.8,109.5,109.4,111.0,110.1,94.1,35.54,35.7,34.95,34.93,35.45,35.16,30.03,43424.0,44085.0,43649.0,43499.0,44382.0,42127.0,38164.0,,0.0,0.0,,,2.0,-1.0,13.58,0.015,0.239,3.0,2.0,0.0,0.0,40.33,40.21,44.4,42.74,43.5,40.03,44.13,41.03,43.47,47.09
2016-06-09 11:47:00-05:00,1025.2814,1053.4603,505620,29.35,0.0,1032.0,23.62,318.4,278.5,276.4,273.3,278.9,279.0,279.4,318.1,803.0,60.14,231.4,1383538.0,320.9,255.5,5.0,0.0,0.0,0.0,0.0,0.0,0.0,0.0,0.0,23.51,39.43,1004.0,284.3,281.0,286.0,60.0,59.9,74.7,0.0,274.0,273.0,274.0,230.9,28.36,232.7,601.0,1374022.0,41223.0,126769.0,0.993,0.979,0.748,0.921,110.5,111.3,110.6,109.8,110.2,109.4,95.2,35.19,35.42,35.2,34.97,35.09,34.82,30.31,43425.0,44086.0,43650.0,43500.0,44382.0,42127.0,38164.0,4.862,291.3,15.3,7.5,3.526,2.0,-1.0,13.58,0.015,0.239,3.0,2.0,0.0,0.0,41.31,41.2,45.06,43.34,43.95,40.88,44.62,41.96,43.67,47.09
2016-06-09 11:48:00-05:00,1026.4695,1054.5812,505621,29.37,0.0,1033.0,23.33,319.0,278.4,276.6,273.5,279.4,279.6,280.0,317.9,805.0,60.15,231.9,1383542.0,319.7,255.8,5.0,0.0,0.0,0.0,0.0,0.0,0.0,0.0,0.0,23.27,38.69,1005.0,285.0,281.7,286.6,60.0,59.9,74.7,0.0,274.0,273.0,274.0,231.5,28.47,233.3,601.0,1374025.0,41223.0,126770.0,0.993,0.979,0.748,0.921,111.3,111.0,110.3,110.5,110.9,109.3,94.9,35.51,35.42,35.18,35.25,35.38,34.85,30.27,43426.0,44086.0,43651.0,43500.0,44383.0,42128.0,38165.0,,0.0,0.0,,,2.0,-1.0,13.58,0.016,0.239,3.0,2.0,0.0,0.0,40.68,40.48,44.58,42.94,43.55,39.86,44.16,41.23,42.93,47.09
2016-06-09 11:49:00-05:00,1025.2814,1053.4603,505622,29.4,0.0,1032.0,22.69,319.5,278.2,276.3,273.2,279.0,279.3,279.6,318.4,801.0,60.14,231.4,1383546.0,320.4,255.1,5.0,0.0,0.0,0.0,0.0,0.0,0.0,0.0,0.0,22.6,37.99,1004.0,284.5,281.3,286.1,60.0,59.9,74.7,0.0,273.7,272.8,273.9,230.9,28.36,232.7,601.0,1374029.0,41223.0,126770.0,0.993,0.979,0.748,0.921,111.4,110.8,109.1,110.2,111.3,108.7,94.1,35.58,35.4,34.87,35.2,35.56,34.75,30.07,43426.0,44087.0,43651.0,43501.0,44384.0,42128.0,38165.0,,0.0,0.0,,,2.0,-1.0,13.58,0.016,0.239,3.0,2.0,0.0,0.0,39.05,40.45,44.91,43.23,44.11,40.28,44.44,41.71,43.44,47.09
2016-06-09 11:50:00-05:00,1024.0935,1052.3396,505623,29.42,0.0,1032.0,22.72,318.2,279.0,276.7,273.7,277.9,278.2,278.5,318.0,802.0,60.14,230.9,1383550.0,319.6,255.2,5.0,0.0,0.0,0.0,0.0,0.0,0.0,0.0,0.0,22.68,37.26,1004.0,283.5,280.3,285.1,60.0,59.9,74.7,0.0,274.0,273.0,274.0,230.6,28.26,232.3,601.0,1374033.0,41223.0,126771.0,0.993,0.979,0.748,0.921,111.4,111.7,109.1,110.0,111.5,109.5,94.2,35.44,35.55,34.73,35.01,35.48,34.84,29.96,43427.0,44088.0,43652.0,43501.0,44384.0,42129.0,38166.0,,0.0,0.0,,,2.0,-1.0,13.58,0.016,0.239,3.0,2.0,0.0,0.0,38.11,40.4,45.34,43.44,44.27,40.11,44.68,41.62,43.92,47.09
2016-06-09 11:51:00-05:00,1024.0935,1052.3396,505624,29.43,0.0,1033.0,22.93,318.1,278.7,276.7,273.7,278.0,278.1,278.5,316.9,802.0,60.13,230.8,1383554.0,318.0,254.3,5.0,0.0,0.0,0.0,0.0,0.0,0.0,0.0,0.0,22.83,37.66,1004.0,283.4,280.1,284.9,60.0,59.9,74.7,0.0,274.0,273.0,274.0,230.3,28.23,232.1,601.0,1374037.0,41223.0,126771.0,0.993,0.979,0.748,0.921,110.9,111.9,109.9,109.9,111.0,109.6,94.8,35.27,35.61,34.96,34.96,35.32,34.86,30.16,43428.0,44088.0,43652.0,43502.0,44385.0,42129.0,38166.0,,0.0,0.0,,,2.0,-1.0,13.58,0.016,0.239,3.0,2.0,0.0,0.0,38.24,40.55,45.3,43.44,44.49,40.33,44.82,41.56,44.35,47.09
2016-06-09 11:52:00-05:00,1025.2814,1053.4603,505625,29.45,0.0,1034.0,22.78,317.5,278.4,276.7,273.6,278.1,278.3,278.6,316.7,804.0,60.18,230.8,1383557.0,318.3,254.5,5.0,0.0,0.0,0.0,0.0,0.0,0.0,0.0,0.0,22.68,36.73,1005.0,283.6,280.4,285.2,60.0,59.9,74.7,0.0,274.0,273.0,274.0,230.5,28.29,232.2,601.0,1374041.0,41223.0,126772.0,0.993,0.979,0.748,0.921,110.9,112.0,110.2,110.3,111.2,109.4,94.9,35.22,35.56,34.98,35.03,35.29,34.72,30.13,43428.0,44089.0,43653.0,43503.0,44385.0,42130.0,38167.0,3.617,293.7,11.98,6.5,3.526,2.0,-1.0,13.58,0.016,0.239,3.0,2.0,0.0,0.0,37.39,40.47,45.45,43.47,44.33,39.89,44.73,41.49,44.74,47.09
2016-06-09 11:53:00-05:00,1024.0935,1053.4603,505626,29.47,0.0,1033.0,22.88,318.0,278.5,276.6,273.5,278.4,278.4,278.8,316.8,803.0,60.13,231.0,1383561.0,318.2,254.4,5.0,0.0,0.0,0.0,0.0,0.0,0.0,0.0,0.0,22.72,35.95,1005.0,283.8,280.4,285.3,60.0,59.9,74.7,0.0,274.0,273.0,274.0,230.6,28.23,232.3,601.0,1374045.0,41223.0,126772.0,0.993,0.979,0.748,0.921,110.7,111.7,110.5,110.4,111.1,108.7,95.2,35.2,35.53,35.13,35.12,35.32,34.57,30.28,43429.0,44090.0,43653.0,43503.0,44386.0,42130.0,38167.0,,0.0,0.0,,,2.0,-1.0,13.58,0.016,0.239,3.0,2.0,0.0,0.0,36.34,40.17,45.11,42.91,43.65,39.58,44.25,41.07,44.62,47.09
2016-06-09 11:54:00-05:00,1026.4695,1054.5812,505627,29.48,0.0,1034.0,23.3,317.7,278.4,276.5,273.4,278.6,278.5,279.0,316.8,804.0,60.14,231.1,1383565.0,318.2,254.7,5.0,0.0,0.0,0.0,0.0,0.0,0.0,0.0,0.0,23.23,37.05,1006.0,283.9,280.6,285.5,60.0,59.9,74.7,0.0,274.0,273.0,274.0,230.6,28.27,232.4,601.0,1374049.0,41223.0,126773.0,0.993,0.979,0.748,0.921,111.2,112.5,109.7,109.9,111.6,109.9,94.5,35.32,35.74,34.85,34.9,35.44,34.9,30.03,43430.0,44091.0,43654.0,43504.0,44387.0,42131.0,38168.0,3.927,302.5,13.53,6.9,3.526,2.0,-1.0,13.58,0.016,0.239,3.0,2.0,0.0,0.0,37.24,40.46,45.49,43.15,44.33,40.16,44.29,41.64,44.46,47.09
2016-06-09 11:55:00-05:00,1025.2814,1053.4603,505628,29.48,0.0,1033.0,23.42,317.5,278.0,276.4,273.3,278.6,278.6,279.0,316.9,804.0,60.14,230.9,1383569.0,317.8,254.8,5.0,0.0,0.0,0.0,0.0,0.0,0.0,0.0,0.0,23.27,37.0,1005.0,283.9,280.7,285.5,60.0,59.9,74.7,0.0,274.0,273.0,274.0,230.5,28.25,232.2,601.0,1374052.0,41223.0,126773.0,0.993,0.979,0.748,0.921,110.7,112.1,110.5,110.1,111.1,109.6,95.1,35.16,35.6,35.08,34.96,35.27,34.78,30.21,43430.0,44091.0,43654.0,43504.0,44387.0,42131.0,38168.0,4.827,292.1,9.41,6.8,3.526,2.0,-1.0,13.58,0.016,0.239,3.0,2.0,0.0,0.0,37.71,40.5,45.69,43.55,44.45,40.22,44.6,41.53,44.35,47.09
2016-06-09 11:56:00-05:00,1025.2814,1053.4603,505629,29.53,0.0,1033.0,23.42,318.3,278.6,276.6,273.6,278.5,278.9,279.1,317.5,804.0,60.14,231.3,1383572.0,318.7,255.1,5.0,0.0,0.0,0.0,0.0,0.0,0.0,0.0,0.0,23.38,36.32,1005.0,284.1,280.9,285.7,60.0,59.9,74.7,0.0,274.0,273.0,274.0,230.9,28.31,232.6,601.0,1374056.0,41223.0,126774.0,0.993,0.979,0.748,0.921,110.5,111.8,110.2,110.0,110.9,108.9,94.9,35.18,35.57,35.06,35.03,35.29,34.67,30.22,43431.0,44092.0,43655.0,43505.0,44388.0,42132.0,38169.0,3.872,301.8,13.72,6.7,3.526,2.0,-1.0,13.58,0.016,0.239,3.0,2.0,0.0,0.0,37.12,39.45,45.24,43.01,44.28,39.88,44.26,41.27,43.79,47.09
2016-06-09 11:57:00-05:00,1027.6576,1056.8226,505630,29.55,0.0,1035.0,23.41,318.1,278.7,276.9,273.8,278.8,279.2,279.4,318.5,806.0,60.15,231.7,1383576.0,321.2,256.6,5.0,0.0,0.0,0.0,0.0,0.0,0.0,0.0,0.0,23.26,36.71,1008.0,284.6,281.2,286.1,60.0,59.9,74.7,0.0,274.0,273.0,274.1,231.4,28.36,233.1,601.0,1374060.0,41223.0,126774.0,0.993,0.979,0.748,0.921,111.0,111.6,110.5,110.8,111.3,108.6,95.3,35.31,35.5,35.15,35.23,35.39,34.55,30.31,43431.0,44093.0,43656.0,43505.0,44389.0,42132.0,38169.0,,0.0,0.0,,,2.0,-1.0,13.58,0.016,0.239,3.0,2.0,0.0,0.0,37.45,39.47,45.17,42.97,44.06,39.93,44.17,41.04,44.15,47.09
2016-06-09 11:58:00-05:00,1027.6576,1056.8226,505631,29.56,0.0,1036.0,23.52,318.1,278.7,276.6,273.6,278.8,279.0,279.3,317.7,805.0,60.15,231.5,1383580.0,319.3,255.7,5.0,0.0,0.0,0.0,0.0,0.0,0.0,0.0,0.0,23.37,37.44,1008.0,284.4,281.1,285.9,60.0,59.9,74.7,0.0,274.0,273.0,274.0,231.2,28.37,232.9,601.0,1374064.0,41223.0,126775.0,0.993,0.979,0.748,0.921,111.2,112.2,110.2,110.0,111.2,109.5,95.0,35.38,35.68,35.06,35.0,35.36,34.84,30.22,43432.0,44093.0,43656.0,43506.0,44389.0,42133.0,38170.0,4.335,279.2,21.59,6.8,3.526,2.0,-1.0,13.58,0.016,0.239,3.0,2.0,0.0,0.0,38.2,40.08,45.32,43.23,44.41,40.12,44.29,41.49,44.19,47.09
2016-06-09 11:59:00-05:00,1027.6576,1056.8226,505632,29.58,0.0,1035.0,23.7,317.8,278.7,276.8,273.8,278.1,278.3,278.6,317.4,804.0,60.15,231.0,1383584.0,318.6,255.1,5.0,0.0,0.0,0.0,0.0,0.0,0.0,0.0,0.0,23.58,38.35,1007.0,283.5,280.3,285.1,60.0,59.9,74.7,0.0,274.1,273.0,274.1,230.6,28.29,232.4,601.0,1374068.0,41223.0,126775.0,0.993,0.979,0.748,0.921,111.3,111.8,110.2,110.3,111.4,109.4,94.9,35.37,35.54,35.02,35.06,35.38,34.76,30.15,43433.0,44094.0,43657.0,43506.0,44390.0,42133.0,38170.0,,0.0,0.0,,,2.0,-1.0,13.58,0.016,0.239,3.0,2.0,0.0,0.0,39.23,41.17,45.74,43.69,44.8,40.65,44.75,41.97,44.54,47.09
2016-06-09 12:00:00-05:00,1025.2814,1054.5812,505633,29.57,0.0,1033.0,23.73,317.1,278.8,277.1,274.1,277.3,277.2,277.7,316.6,803.0,60.2,230.5,1383587.0,318.8,254.2,5.0,0.0,0.0,0.0,0.0,0.0,0.0,0.0,0.0,23.67,38.8,1006.0,282.7,279.5,284.1,60.0,59.9,74.7,0.0,274.9,273.9,275.0,230.1,28.19,231.8,601.0,1374072.0,41223.0,126776.0,0.993,0.979,0.748,0.921,111.3,111.9,110.2,110.0,111.2,109.6,94.8,35.3,35.48,34.95,34.88,35.26,34.75,30.07,43433.0,44095.0,43657.0,43507.0,44391.0,42134.0,38171.0,,0.0,0.0,,,2.0,-1.0,13.57,0.016,0.239,3.0,2.0,0.0,0.0,40.05,41.5,46.31,44.33,44.9,41.8,45.17,42.56,44.06,47.1
2016-06-09 12:01:00-05:00,1026.4695,1055.7019,505634,29.58,0.0,1034.0,23.71,317.6,279.1,277.2,274.2,277.8,277.9,278.3,317.0,804.0,60.22,231.1,1383591.0,318.9,255.0,5.0,0.0,0.0,0.0,0.0,0.0,0.0,0.0,0.0,23.64,38.03,1007.0,283.3,280.1,284.7,60.0,59.9,74.7,0.0,275.0,274.0,275.0,230.7,28.32,232.4,601.0,1374075.0,41223.0,126776.0,0.993,0.979,0.748,0.921,111.3,111.9,110.1,110.0,110.9,109.6,94.8,35.34,35.55,34.95,34.93,35.23,34.8,30.12,43434.0,44095.0,43658.0,43507.0,44391.0,42134.0,38171.0,,0.0,0.0,,,2.0,-1.0,13.58,0.016,0.239,3.0,2.0,0.0,0.0,39.64,40.58,45.72,43.28,44.07,40.28,44.49,41.42,43.54,47.18
2016-06-09 12:02:00-05:00,1025.2814,1053.4603,505635,29.6,0.0,1033.0,23.6,317.5,278.9,277.0,274.0,277.2,277.3,277.6,317.2,802.0,60.23,230.4,1383595.0,318.5,254.5,5.0,0.0,0.0,0.0,0.0,0.0,0.0,0.0,0.0,23.49,38.85,1005.0,282.6,279.6,284.1,60.0,59.9,74.7,0.0,274.6,273.5,274.7,230.0,28.26,231.7,601.0,1374079.0,41223.0,126777.0,0.993,0.979,0.748,0.921,111.1,111.5,109.7,109.9,110.8,109.3,94.6,35.27,35.4,34.82,34.87,35.17,34.7,30.04,43434.0,44096.0,43658.0,43508.0,44392.0,42135.0,38172.0,,0.0,0.0,,,2.0,-1.0,13.58,0.016,0.239,3.0,2.0,0.0,0.0,40.02,41.27,46.03,43.85,44.8,41.01,44.95,42.55,43.76,47.18
2016-06-09 12:03:00-05:00,1024.0935,1052.3396,505636,29.62,0.0,1032.0,23.45,317.0,278.9,277.2,274.1,277.0,277.0,277.5,317.2,803.0,60.14,230.3,1383599.0,315.0,254.6,5.0,0.0,0.0,0.0,0.0,0.0,0.0,0.0,0.0,23.35,38.26,1004.0,282.3,279.1,283.8,60.0,59.9,74.7,0.0,274.9,273.8,274.9,229.8,28.15,231.5,601.0,1374083.0,41223.0,126777.0,0.993,0.979,0.748,0.921,111.0,111.3,110.4,110.0,110.6,109.1,95.3,35.19,35.28,34.99,34.87,35.07,34.57,30.21,43435.0,44096.0,43659.0,43509.0,44392.0,42135.0,38172.0,4.262,303.2,16.26,7.4,3.526,2.0,-1.0,13.58,0.016,0.239,3.0,2.0,0.0,0.0,39.61,41.24,46.22,44.22,44.9,40.79,45.39,42.49,43.69,47.12
2016-06-09 12:04:00-05:00,1024.0935,1052.3396,505637,29.67,0.0,1032.0,23.26,317.3,278.8,276.9,273.9,277.2,277.1,277.5,316.8,803.0,60.15,230.2,1383602.0,318.8,254.2,5.0,0.0,0.0,0.0,0.0,0.0,0.0,0.0,0.0,23.14,37.84,1005.0,282.4,279.2,283.9,60.0,59.9,74.7,0.0,274.4,273.4,274.4,229.8,28.17,231.5,601.0,1374087.0,41223.0,126777.0,0.993,0.979,0.748,0.921,111.2,111.6,109.6,109.9,111.1,109.4,94.6,35.3,35.41,34.78,34.87,35.26,34.7,30.01,43436.0,44097.0,43659.0,43509.0,44393.0,42136.0,38172.0,,0.0,0.0,,,2.0,-1.0,13.58,0.016,0.239,3.0,2.0,0.0,0.0,39.15,40.93,46.16,44.13,45.1,40.85,45.35,42.43,44.13,47.17
2016-06-09 12:05:00-05:00,1024.0935,1052.3396,505638,29.7,0.0,1031.0,23.69,317.2,278.8,276.7,273.7,276.9,277.0,277.4,316.8,802.0,60.15,230.0,1383606.0,318.0,254.0,5.0,0.0,0.0,0.0,0.0,0.0,0.0,0.0,0.0,23.64,38.83,1004.0,282.3,279.2,283.8,60.0,59.9,74.7,0.0,274.1,273.1,274.2,229.6,28.13,231.3,601.0,1374091.0,41223.0,126778.0,0.993,0.979,0.748,0.921,111.0,111.6,109.9,109.7,110.5,109.5,94.9,35.2,35.4,34.86,34.8,35.06,34.72,30.09,43436.0,44098.0,43660.0,43510.0,44393.0,42136.0,38173.0,,0.0,0.0,,,2.5,-1.0,13.58,0.016,0.239,3.0,2.0,0.0,0.0,40.05,41.46,46.4,44.62,45.47,41.33,45.73,42.95,44.05,47.18
2016-06-09 12:06:00-05:00,1025.2814,1053.4603,505639,29.72,0.0,1031.0,23.68,316.5,278.5,276.5,273.4,277.5,277.7,278.1,315.7,805.0,60.15,230.3,1383610.0,317.8,254.1,5.0,0.0,0.0,0.0,0.0,0.0,0.0,0.0,0.0,23.53,38.92,1005.0,283.0,279.7,284.5,60.0,59.9,74.7,0.0,274.0,273.0,274.0,229.9,28.18,231.6,601.0,1374095.0,41223.0,126778.0,0.993,0.979,0.748,0.921,111.8,112.0,110.2,110.4,111.3,110.0,94.9,35.38,35.45,34.89,34.94,35.23,34.83,30.04,43437.0,44098.0,43660.0,43510.0,44394.0,42137.0,38173.0,,0.0,0.0,,,2.0,-1.0,13.58,0.016,0.239,3.0,2.0,0.0,0.0,40.2,41.47,46.33,43.99,44.54,40.87,45.42,42.01,43.95,47.18
2016-06-09 12:07:00-05:00,1025.2814,1054.5812,505640,29.75,0.0,1033.0,23.26,316.9,278.8,276.4,273.4,277.9,278.0,278.4,316.5,805.0,60.14,230.6,1383614.0,318.2,254.6,5.0,0.0,0.0,0.0,0.0,0.0,0.0,0.0,0.0,23.1,37.9,1006.0,283.2,280.0,284.7,60.0,59.9,74.7,0.0,274.0,273.0,274.0,230.1,28.27,231.9,601.0,1374098.0,41223.0,126779.0,0.993,0.979,0.748,0.921,111.2,111.7,110.2,110.2,111.0,109.5,94.8,35.25,35.41,34.91,34.93,35.17,34.7,30.05,43437.0,44099.0,43661.0,43511.0,44395.0,42137.0,38174.0,,0.0,0.0,,,2.0,-1.0,13.58,0.016,0.239,3.0,2.0,0.0,0.0,39.26,40.88,45.97,43.81,44.43,40.35,45.14,41.58,44.32,47.18
2016-06-09 12:08:00-05:00,1025.2814,1054.5812,505641,29.78,0.0,1033.0,23.37,318.0,278.3,276.6,273.5,278.3,278.5,278.9,317.6,803.0,60.14,231.0,1383617.0,319.3,255.2,5.0,0.0,0.0,0.0,0.0,0.0,0.0,0.0,0.0,23.24,37.57,1006.0,283.7,280.5,285.3,60.0,59.9,74.7,0.0,274.0,273.0,274.0,230.5,28.33,232.3,601.0,1374102.0,41223.0,126779.0,0.993,0.979,0.748,0.921,110.9,111.6,110.2,110.0,110.8,109.4,94.9,35.25,35.48,35.03,34.98,35.25,34.77,30.16,43438.0,44100.0,43661.0,43511.0,44395.0,42138.0,38174.0,,0.0,0.0,,,2.0,-1.0,13.58,0.016,0.239,3.0,2.0,0.0,0.0,38.88,40.4,45.44,43.25,43.97,39.82,44.62,41.12,44.07,47.23
2016-06-09 12:09:00-05:00,1026.4695,1054.5812,505642,29.79,0.0,1033.0,23.64,317.7,278.5,276.5,273.4,278.2,278.3,278.7,317.0,804.0,60.14,230.8,1383621.0,318.4,254.7,5.0,0.0,0.0,0.0,0.0,0.0,0.0,0.0,0.0,23.54,38.83,1007.0,283.6,280.5,285.2,60.0,59.9,74.7,0.0,274.0,273.0,274.0,230.4,28.32,232.2,601.0,1374106.0,41223.0,126780.0,0.993,0.979,0.748,0.921,110.8,111.6,110.0,110.1,111.2,109.2,95.0,35.22,35.47,34.96,34.98,35.32,34.7,30.19,43439.0,44100.0,43662.0,43512.0,44396.0,42138.0,38175.0,,0.0,0.0,,,2.0,-1.0,13.58,0.017,0.239,3.0,2.0,0.0,0.0,40.07,41.22,45.91,43.92,44.4,40.76,44.98,41.93,44.7,47.28
2016-06-09 12:10:00-05:00,1025.2814,1054.5812,505643,29.82,0.0,1033.0,23.65,317.6,278.5,276.3,273.4,278.1,278.1,278.5,317.2,803.0,60.15,230.6,1383625.0,318.9,254.8,5.0,0.0,0.0,0.0,0.0,0.0,0.0,0.0,0.0,23.49,38.86,1006.0,283.5,280.4,285.0,60.0,59.9,74.7,0.0,274.0,273.0,274.0,230.3,28.29,232.0,601.0,1374110.0,41223.0,126780.0,0.993,0.979,0.748,0.921,110.9,111.7,110.0,110.2,111.1,109.3,94.9,35.21,35.47,34.93,35.0,35.27,34.7,30.13,43439.0,44101.0,43662.0,43512.0,44396.0,42139.0,38175.0,,0.0,0.0,,,2.0,-1.0,13.58,0.017,0.239,3.0,2.0,0.0,0.0,40.47,41.0,45.63,43.42,44.1,39.76,44.83,41.36,44.93,47.28
2016-06-09 12:11:00-05:00,1022.9054,1051.2189,505644,29.84,0.0,1030.0,23.82,317.4,278.1,276.1,273.2,277.6,277.7,278.0,316.6,802.0,60.14,230.0,1383629.0,318.3,253.8,5.0,0.0,0.0,0.0,0.0,0.0,0.0,0.0,0.0,23.67,39.47,1003.0,283.0,279.9,284.5,60.0,59.9,74.7,0.0,274.0,272.7,274.0,229.6,28.21,231.3,601.0,1374114.0,41223.0,126781.0,0.993,0.979,0.748,0.921,110.6,111.3,109.5,109.9,111.0,109.1,94.6,35.1,35.33,34.76,34.87,35.24,34.63,30.02,43440.0,44102.0,43663.0,43513.0,44397.0,42139.0,38176.0,,0.0,0.0,,,2.0,-1.0,13.58,0.017,0.239,3.0,2.0,0.0,0.0,41.26,41.37,45.84,43.77,44.49,40.61,45.13,42.21,45.06,47.28
2016-06-09 12:12:00-05:00,1024.0935,1052.3396,505645,29.86,0.0,1031.0,23.79,317.4,278.6,276.4,273.4,277.8,277.9,278.2,316.9,803.0,60.15,230.4,1383632.0,318.6,254.5,5.0,0.0,0.0,0.0,0.0,0.0,0.0,0.0,0.0,23.66,38.89,1004.0,283.2,280.1,284.8,60.0,59.9,74.7,0.0,274.0,273.0,274.0,230.1,28.26,231.8,601.0,1374118.0,41223.0,126781.0,0.993,0.979,0.748,0.921,110.9,111.6,110.2,110.4,111.0,109.4,95.0,35.19,35.42,34.98,35.06,35.24,34.72,30.14,43440.0,44102.0,43664.0,43513.0,44398.0,42140.0,38176.0,,0.0,0.0,,,2.0,-1.0,13.58,0.017,0.239,3.0,2.0,0.0,0.0,40.74,41.14,45.54,43.2,44.09,39.61,44.95,41.24,44.84,47.28
2016-06-09 12:13:00-05:00,1024.0935,1052.3396,505646,29.87,0.0,1031.0,23.86,317.8,278.7,276.7,273.7,277.1,277.3,277.6,317.4,801.0,60.15,230.1,1383636.0,318.8,254.1,5.0,0.0,0.0,0.0,0.0,0.0,0.0,0.0,0.0,23.78,39.24,1004.0,282.5,279.3,284.0,60.0,59.9,74.7,0.0,274.1,273.0,274.0,229.7,28.13,231.4,601.0,1374121.0,41223.0,126782.0,0.993,0.979,0.748,0.921,110.8,110.9,109.4,109.9,110.8,108.9,94.0,35.21,35.24,34.77,34.92,35.21,34.6,29.88,43441.0,44103.0,43664.0,43514.0,44398.0,42140.0,38177.0,,0.0,0.0,,,2.5,-1.0,13.58,0.017,0.239,3.0,2.0,0.0,0.0,40.88,41.71,46.05,43.71,44.99,40.45,45.36,42.29,44.6,47.28
2016-06-09 12:14:00-05:00,1020.52924,1048.9773,505647,29.91,0.0,1028.0,23.68,317.0,278.8,276.5,273.6,276.1,276.4,276.7,316.4,800.0,60.14,229.3,1383640.0,319.1,253.2,5.0,0.0,0.0,0.0,0.0,0.0,0.0,0.0,0.0,23.67,38.69,1001.0,281.4,278.3,282.9,60.0,59.9,74.7,0.0,274.1,273.0,274.0,228.8,27.99,230.5,601.0,1374125.0,41223.0,126782.0,0.993,0.979,0.748,0.921,110.7,111.6,110.0,109.1,110.4,109.5,94.5,35.07,35.36,34.86,34.6,35.0,34.72,29.96,43442.0,44103.0,43665.0,43514.0,44399.0,42141.0,38177.0,,0.0,0.0,,,2.55,-1.0,13.58,0.017,0.239,3.0,2.0,0.0,0.0,40.41,41.36,46.37,44.39,45.18,40.43,45.77,42.58,44.38,47.28
2016-06-09 12:15:00-05:00,1020.52924,1048.9773,505648,29.93,0.0,1029.0,23.3,316.1,278.9,276.7,273.7,275.7,275.8,276.1,314.3,801.0,60.19,229.0,1383644.0,318.5,251.8,5.0,0.0,0.0,0.0,0.0,0.0,0.0,0.0,0.0,23.26,38.78,1002.0,280.9,277.9,282.4,60.0,59.9,74.7,0.0,274.1,273.0,274.0,228.5,27.98,230.2,601.0,1374129.0,41223.0,126783.0,0.993,0.979,0.748,0.921,110.8,111.4,109.7,109.6,110.7,109.2,94.3,35.04,35.21,34.67,34.65,35.0,34.51,29.81,43442.0,44104.0,43665.0,43515.0,44399.0,42141.0,38178.0,,0.0,0.0,,,2.55,-1.0,13.58,0.017,0.239,3.0,2.0,0.0,0.0,40.1,41.56,46.86,44.7,45.82,41.1,46.18,42.96,44.83,47.28
2016-06-09 12:16:00-05:00,1022.9054,1052.3396,505649,29.96,0.0,1031.0,23.34,315.9,278.8,276.9,273.9,276.2,276.2,276.6,315.2,803.0,60.14,229.3,1383647.0,319.1,253.1,5.0,0.0,0.0,0.0,0.0,0.0,0.0,0.0,0.0,23.3,38.37,1004.0,281.4,278.2,282.9,60.0,59.9,74.7,0.0,274.0,273.0,274.1,228.9,28.01,230.6,601.0,1374133.0,41223.0,126783.0,0.993,0.979,0.748,0.921,111.0,112.2,109.7,109.6,110.9,109.9,94.4,35.07,35.45,34.66,34.62,35.02,34.74,29.82,43443.0,44105.0,43666.0,43515.0,44400.0,42142.0,38178.0,,0.0,0.0,,,3.0,-1.0,13.58,0.017,0.239,3.0,2.0,0.0,0.0,39.39,41.19,46.73,44.5,45.39,40.87,46.0,42.74,44.99,47.26
2016-06-09 12:17:00-05:00,1022.9054,1051.2189,505650,29.98,0.0,1031.0,23.74,316.1,278.8,276.8,273.7,275.9,276.0,276.4,315.8,801.0,60.13,229.1,1383651.0,317.1,252.9,5.0,0.0,0.0,0.0,0.0,0.0,0.0,0.0,0.0,23.72,39.54,1004.0,281.2,277.9,282.6,60.0,59.9,74.7,0.0,274.1,273.1,274.2,228.7,27.95,230.4,601.0,1374137.0,41223.0,126784.0,0.993,0.979,0.748,0.921,110.8,111.2,110.3,110.3,110.4,108.7,94.8,35.01,35.16,34.86,34.88,34.9,34.36,29.98,43443.0,44105.0,43666.0,43516.0,44400.0,42142.0,38179.0,,0.0,0.0,,,2.0,-1.0,13.58,0.017,0.239,3.0,2.0,0.0,0.0,40.31,41.69,46.79,44.69,45.48,41.6,46.14,43.27,44.82,47.28
2016-06-09 12:18:00-05:00,1021.71735,1050.0981,505651,29.98,0.0,1030.0,23.92,315.8,278.9,276.8,273.7,275.2,275.3,275.6,314.6,801.0,60.15,228.6,1383655.0,317.3,251.9,5.0,0.0,0.0,0.0,0.0,0.0,0.0,0.0,0.0,23.94,39.65,1003.0,280.5,277.3,281.9,60.0,59.9,74.7,0.0,274.0,273.0,274.0,228.1,27.88,229.8,601.0,1374141.0,41223.0,126784.0,0.993,0.979,0.748,0.921,110.8,111.5,109.6,109.7,110.5,109.1,94.2,35.0,35.22,34.62,34.65,34.9,34.44,29.75,43444.0,44106.0,43667.0,43516.0,44401.0,42142.0,38179.0,,0.0,0.0,,,2.0,-1.0,13.58,0.017,0.239,3.0,2.0,0.0,0.0,40.74,42.39,46.93,44.93,46.11,41.55,46.43,43.3,45.3,47.28
2016-06-09 12:19:00-05:00,1020.52924,1047.8566,505652,30.05,0.0,1028.0,23.97,315.4,279.1,276.7,273.7,275.5,275.3,275.8,315.0,802.0,60.15,228.7,1383659.0,316.4,252.4,5.0,0.0,0.0,0.0,0.0,0.0,0.0,0.0,0.0,23.87,38.9,1001.0,280.6,277.4,282.0,60.0,59.9,74.7,0.0,274.1,273.0,274.1,228.2,27.95,229.9,601.0,1374144.0,41223.0,126785.0,0.993,0.979,0.748,0.921,110.8,111.2,109.8,109.8,110.3,109.1,94.6,34.96,35.07,34.64,34.65,34.78,34.43,29.83,43444.0,44106.0,43667.0,43517.0,44401.0,42143.0,38179.0,,0.0,0.0,,,2.0,-1.0,13.58,0.017,0.239,3.0,2.0,0.0,0.0,40.49,41.77,46.68,44.38,45.54,41.35,46.18,42.94,44.3,47.27
2016-06-09 12:20:00-05:00,1020.52924,1048.9773,505653,30.04,0.0,1028.0,23.75,316.7,278.8,277.0,273.9,275.6,275.7,276.1,316.1,799.9,60.14,229.0,1383662.0,317.7,252.9,5.0,0.0,0.0,0.0,0.0,0.0,0.0,0.0,0.0,23.58,38.72,1001.0,280.8,277.7,282.3,60.0,59.9,74.7,0.0,274.5,273.4,274.5,228.5,27.97,230.2,601.0,1374148.0,41223.0,126785.0,0.993,0.979,0.748,0.921,110.8,111.4,109.2,109.3,110.5,109.3,94.0,35.08,35.29,34.59,34.63,35.0,34.63,29.77,43445.0,44107.0,43667.0,43517.0,44402.0,42143.0,38180.0,,0.0,0.0,,,2.0,-1.0,13.58,0.017,0.239,3.0,2.0,0.0,0.0,40.43,41.79,46.5,44.46,45.55,41.42,45.78,42.89,44.03,47.29
2016-06-09 12:21:00-05:00,1018.15326,1046.7357,505654,30.08,0.0,1026.0,23.85,315.6,279.1,277.2,274.1,274.9,274.6,275.1,314.8,800.0,60.15,228.4,1383666.0,318.6,251.9,5.0,0.0,0.0,0.0,0.0,0.0,0.0,0.0,0.0,23.81,39.27,1000.0,279.9,276.7,281.3,60.0,59.9,74.7,0.0,275.0,274.0,275.0,228.0,27.85,229.7,601.0,1374152.0,41223.0,126785.0,0.993,0.979,0.748,0.921,110.2,111.4,110.3,109.4,110.1,109.3,94.9,34.78,35.14,34.79,34.52,34.73,34.49,29.94,43445.0,44108.0,43668.0,43518.0,44402.0,42144.0,38180.0,5.877,287.4,7.025,8.4,3.526,2.0,-1.0,13.58,0.017,0.239,3.0,2.0,0.0,0.0,40.99,41.93,46.51,44.7,45.49,41.81,45.84,43.11,44.85,47.32
2016-06-09 12:22:00-05:00,1019.3413,1047.8566,505655,30.08,0.0,1028.0,23.91,316.2,279.0,277.2,274.0,275.5,275.4,275.9,316.3,800.0,60.19,228.9,1383670.0,317.4,253.1,5.0,0.0,0.0,0.0,0.0,0.0,0.0,0.0,0.0,23.92,39.22,1001.0,280.6,277.4,282.0,60.0,59.9,74.7,0.0,274.9,274.0,275.0,228.4,27.96,230.1,601.0,1374156.0,41223.0,126786.0,0.993,0.979,0.748,0.921,110.3,111.5,109.8,109.5,110.2,109.4,94.7,34.86,35.24,34.72,34.63,34.85,34.58,29.94,43446.0,44108.0,43668.0,43518.0,44403.0,42144.0,38181.0,,0.0,0.0,,,2.5,-1.0,13.58,0.017,0.239,3.0,2.0,0.0,0.0,41.11,41.77,46.5,44.65,45.25,41.78,45.86,43.17,44.56,47.3
2016-06-09 12:23:00-05:00,1020.52924,1048.9773,505656,30.09,0.0,1029.0,23.94,317.1,279.1,277.1,273.9,275.7,275.9,276.2,316.5,800.0,60.19,229.3,1383674.0,319.5,253.2,5.0,0.0,0.0,0.0,0.0,0.0,0.0,0.0,0.0,23.9,39.57,1002.0,281.0,277.8,282.4,60.0,59.9,74.7,0.0,275.0,274.0,275.0,228.8,28.04,230.5,601.0,1374160.0,41223.0,126786.0,0.993,0.979,0.748,0.921,110.1,111.2,109.6,109.4,110.0,109.0,94.5,34.92,35.26,34.74,34.68,34.88,34.57,29.95,43446.0,44109.0,43669.0,43519.0,44403.0,42145.0,38181.0,,0.0,0.0,,,2.5,-1.0,13.58,0.017,0.239,3.0,2.0,0.0,0.0,41.67,41.83,46.14,44.21,45.02,41.11,45.52,42.57,44.41,47.28
2016-06-09 12:24:00-05:00,1021.71735,1048.9773,505657,30.09,0.0,1029.0,24.13,316.4,278.9,277.2,274.1,275.5,275.4,275.9,315.9,799.6,60.13,229.0,1383677.0,315.6,252.5,5.0,0.0,0.0,0.0,0.0,0.0,0.0,0.0,0.0,24.13,41.03,1002.0,280.5,277.3,282.0,60.0,59.9,74.7,0.0,274.9,273.9,275.0,228.4,27.93,230.1,601.0,1374163.0,41223.0,126787.0,0.993,0.979,0.748,0.921,110.6,110.4,109.1,109.9,110.8,108.1,94.0,35.01,34.94,34.5,34.78,35.07,34.2,29.75,43447.0,44109.0,43669.0,43519.0,44404.0,42145.0,38182.0,,0.0,0.0,,,2.0,-1.0,13.58,0.017,0.239,3.0,2.0,0.0,0.0,42.62,42.36,46.57,44.87,45.79,42.36,46.0,43.6,45.5,47.31
2016-06-09 12:25:00-05:00,1022.9054,1050.0981,505658,30.12,0.0,1030.0,23.8,315.8,279.2,277.1,274.0,275.7,275.7,276.1,315.3,803.0,60.14,229.2,1383681.0,314.9,253.0,5.0,0.0,0.0,0.0,0.0,0.0,0.0,0.0,0.0,23.64,39.33,1003.0,281.0,277.8,282.4,60.0,59.9,74.7,0.0,274.9,273.9,275.0,228.7,28.0,230.5,601.0,1374167.0,41223.0,126787.0,0.993,0.979,0.748,0.921,110.9,111.2,109.6,110.3,111.3,108.9,94.5,35.01,35.11,34.62,34.84,35.14,34.39,29.85,43448.0,44110.0,43670.0,43520.0,44405.0,42146.0,38182.0,,0.0,0.0,,,2.5,-1.0,13.58,0.017,0.239,3.0,2.0,0.0,0.0,41.65,41.76,46.25,44.43,45.06,41.52,45.61,43.03,45.83,47.3
2016-06-09 12:26:00-05:00,1021.71735,1050.0981,505659,30.12,0.0,1029.0,23.79,316.3,278.6,276.5,273.4,276.1,276.1,276.6,315.7,801.0,60.14,229.1,1383685.0,316.6,252.9,5.0,0.0,0.0,0.0,0.0,0.0,0.0,0.0,0.0,23.69,39.03,1002.0,281.4,278.2,282.8,60.0,59.9,74.7,0.0,274.1,273.1,274.1,228.6,28.03,230.3,601.0,1374171.0,41223.0,126788.0,0.993,0.979,0.748,0.921,110.6,111.1,109.2,109.7,110.7,109.0,94.1,34.99,35.14,34.56,34.71,35.01,34.47,29.77,43448.0,44110.0,43670.0,43520.0,44405.0,42146.0,38183.0,,0.0,0.0,,,2.0,-1.0,13.58,0.017,0.239,3.0,2.0,0.0,0.0,40.72,41.56,46.35,44.36,45.12,41.7,45.65,43.16,45.3,47.32
2016-06-09 12:27:00-05:00,1021.71735,1050.0981,505660,30.14,0.0,1029.0,23.91,316.4,278.3,276.6,273.4,276.4,276.4,276.8,316.0,801.0,60.14,229.2,1383688.0,317.5,253.3,5.0,0.0,0.0,0.0,0.0,0.0,0.0,0.0,0.0,23.84,38.95,1003.0,281.7,278.5,283.2,60.0,59.9,74.7,0.0,274.0,273.0,274.0,228.8,28.0,230.5,601.0,1374175.0,41223.0,126788.0,0.993,0.979,0.748,0.921,110.4,111.0,110.1,109.8,110.1,109.0,94.6,34.93,35.1,34.82,34.73,34.83,34.49,29.92,43449.0,44111.0,43671.0,43521.0,44406.0,42147.0,38183.0,,0.0,0.0,,,2.0,-1.0,13.58,0.017,0.24,3.0,2.0,0.0,0.0,40.7,41.8,46.63,44.43,45.13,41.23,45.64,42.97,44.55,47.3
2016-06-09 12:28:00-05:00,1020.52924,1048.9773,505661,30.16,0.0,1028.0,23.48,316.7,278.6,276.3,273.2,277.3,277.3,277.7,315.9,803.0,60.13,229.9,1383692.0,318.6,253.8,5.0,0.0,0.0,0.0,0.0,0.0,0.0,0.0,0.0,23.35,36.96,1002.0,282.5,279.2,284.1,60.0,59.9,74.7,0.0,274.0,273.0,274.0,229.5,28.13,231.2,601.0,1374179.0,41223.0,126789.0,0.993,0.979,0.748,0.921,110.8,111.4,109.8,110.0,110.7,109.2,94.6,35.09,35.29,34.78,34.83,35.07,34.6,29.95,43449.0,44112.0,43671.0,43521.0,44406.0,42147.0,38184.0,5.588,285.5,10.83,8.1,3.528,2.0,-1.0,13.58,0.017,0.24,3.0,2.0,0.0,0.0,39.01,40.09,45.61,43.24,43.97,39.69,44.74,41.46,44.26,47.28
2016-06-09 12:29:00-05:00,1020.52924,1050.0981,505662,30.16,0.0,1029.0,23.51,318.6,278.3,276.2,273.2,277.9,278.1,278.4,317.1,801.0,60.14,230.4,1383696.0,316.8,253.9,5.0,0.0,0.0,0.0,0.0,0.0,0.0,0.0,0.0,23.4,37.24,1002.0,283.2,280.0,284.8,60.0,59.9,74.7,0.0,274.0,273.0,274.0,229.9,28.2,231.6,601.0,1374182.0,41223.0,126789.0,0.993,0.979,0.748,0.921,109.9,111.3,109.9,109.1,109.6,109.3,94.6,35.01,35.46,35.0,34.75,34.93,34.84,30.15,43450.0,44112.0,43672.0,43522.0,44407.0,42148.0,38184.0,,0.0,0.0,,,2.0,-1.0,13.58,0.017,0.24,3.0,2.0,0.0,0.0,38.86,39.98,45.14,42.94,43.79,39.41,44.44,41.11,44.09,47.29
2016-06-09 12:30:00-05:00,1020.52924,1048.9773,505663,30.16,0.0,1028.0,23.52,318.3,278.6,276.4,273.4,277.5,277.6,278.0,318.4,801.0,60.15,230.2,1383700.0,319.1,254.9,5.0,0.0,0.0,0.0,0.0,0.0,0.0,0.0,0.0,23.4,37.36,1002.0,283.0,279.8,284.6,60.0,59.9,74.7,0.0,274.0,273.0,274.0,229.8,28.21,231.5,601.0,1374186.0,41223.0,126790.0,0.993,0.979,0.748,0.921,110.3,110.8,110.0,110.0,109.9,108.7,94.8,35.11,35.27,35.02,34.99,34.97,34.61,30.16,43450.0,44113.0,43672.0,43522.0,44407.0,42148.0,38185.0,,0.0,0.0,,,2.0,-1.0,13.58,0.017,0.24,3.0,2.0,0.0,0.0,38.72,40.32,45.39,43.31,44.16,40.2,44.79,41.67,43.62,47.3
2016-06-09 12:31:00-05:00,1019.3413,1047.8566,505664,30.16,0.0,1028.0,23.75,318.6,278.3,276.1,273.0,277.6,277.9,278.2,318.1,799.8,60.15,230.1,1383703.0,321.1,254.4,5.0,0.0,0.0,0.0,0.0,0.0,0.0,0.0,0.0,23.67,37.7,1001.0,283.2,279.9,284.7,60.0,59.9,74.7,0.0,274.0,273.0,274.0,229.7,28.2,231.5,601.0,1374190.0,41223.0,126790.0,0.993,0.979,0.748,0.921,110.5,110.8,109.7,109.7,109.9,108.8,94.4,35.2,35.3,34.94,34.95,35.02,34.66,30.06,43451.0,44114.0,43673.0,43523.0,44408.0,42149.0,38185.0,4.653,297.9,16.52,7.2,3.526,2.0,-1.0,13.58,0.017,0.24,3.0,2.0,0.0,0.0,39.16,40.33,45.39,43.33,43.9,40.06,44.84,41.42,43.17,47.3
2016-06-09 12:32:00-05:00,1020.52924,1048.9773,505665,30.17,0.0,1029.0,23.84,318.5,278.4,276.3,273.3,277.8,278.1,278.4,318.3,801.0,60.19,230.4,1383707.0,320.3,254.8,5.0,0.0,0.0,0.0,0.0,0.0,0.0,0.0,0.0,23.83,38.25,1002.0,283.1,279.9,284.6,60.0,59.9,74.7,0.0,274.0,273.0,274.0,229.9,28.25,231.6,601.0,1374194.0,41223.0,126791.0,0.993,0.979,0.748,0.921,110.7,111.2,109.9,109.6,110.0,109.0,94.5,35.27,35.4,34.99,34.9,35.04,34.73,30.09,43451.0,44114.0,43674.0,43523.0,44408.0,42149.0,38186.0,4.68,286.5,11.26,7.1,3.528,2.0,-1.0,13.58,0.017,0.24,3.0,2.0,0.0,0.0,39.94,40.63,45.3,43.06,43.93,39.62,44.61,41.12,43.43,47.27
2016-06-09 12:33:00-05:00,1022.9054,1051.2189,505666,30.19,0.0,1030.0,23.72,318.3,278.6,276.5,273.3,278.0,278.0,278.4,316.6,802.0,60.15,230.5,1383711.0,317.4,254.0,5.0,0.0,0.0,0.0,0.0,0.0,0.0,0.0,0.0,23.66,38.44,1004.0,283.4,280.1,284.9,60.0,59.9,74.7,0.0,274.0,273.0,274.0,230.1,28.22,231.9,601.0,1374198.0,41223.0,126791.0,0.993,0.979,0.748,0.921,111.0,111.5,109.7,110.2,110.4,109.7,94.5,35.34,35.5,34.91,35.07,35.13,34.91,30.07,43452.0,44115.0,43674.0,43524.0,44409.0,42150.0,38186.0,,0.0,0.0,,,2.0,-1.0,13.58,0.017,0.24,3.0,2.0,0.0,0.0,40.34,40.75,45.4,43.04,43.9,39.77,44.62,41.24,43.89,47.19
2016-06-09 12:34:00-05:00,1022.9054,1050.0981,505667,30.19,0.0,1029.0,24.06,317.6,278.5,276.2,273.0,277.1,277.4,277.7,316.2,801.0,60.15,229.8,1383715.0,320.4,253.3,5.0,0.0,0.0,0.0,0.0,0.0,0.0,0.0,0.0,24.15,39.85,1003.0,282.6,279.3,284.1,60.0,59.9,74.7,0.0,274.0,273.0,274.0,229.4,28.11,231.1,601.0,1374202.0,41223.0,126792.0,0.993,0.979,0.748,0.921,110.4,111.2,109.8,109.6,110.1,109.5,94.5,35.07,35.33,34.88,34.79,34.95,34.76,30.01,43453.0,44115.0,43675.0,43524.0,44409.0,42150.0,38187.0,3.872,290.9,15.22,7.1,3.528,2.0,-1.0,13.58,0.017,0.24,3.0,2.0,0.0,0.0,41.46,41.17,45.93,43.51,44.52,40.33,45.02,41.97,44.19,47.18
2016-06-09 12:35:00-05:00,1020.52924,1047.8566,505668,30.22,0.0,1027.0,23.96,318.1,278.2,276.3,273.2,276.7,276.9,277.2,317.3,798.2,60.14,229.4,1383718.0,319.8,253.3,5.0,0.0,0.0,0.0,0.0,0.0,0.0,0.0,0.0,23.86,39.46,1001.0,282.0,278.8,283.5,60.0,59.9,74.7,0.0,274.0,273.0,274.0,228.9,28.02,230.6,601.0,1374205.0,41223.0,126792.0,0.993,0.979,0.748,0.921,110.4,110.7,109.2,109.5,109.9,108.6,93.9,35.12,35.2,34.73,34.84,34.97,34.56,29.86,43453.0,44116.0,43675.0,43525.0,44410.0,42151.0,38187.0,4.158,284.2,17.06,6.7,3.53,2.0,-1.0,13.58,0.017,0.24,3.0,2.0,0.0,0.0,41.38,41.33,45.7,43.48,44.21,40.18,44.99,41.52,44.57,47.17
2016-06-09 12:36:00-05:00,1018.15326,1045.6151,505669,30.23,0.0,1025.0,23.85,317.7,278.0,276.5,273.3,276.3,276.4,276.8,317.8,798.1,60.15,229.0,1383722.0,319.4,253.6,5.0,0.0,0.0,0.0,0.0,0.0,0.0,0.0,0.0,23.75,39.45,999.0,281.7,278.4,283.1,60.0,59.9,74.7,0.0,274.0,273.0,274.0,228.7,27.97,230.4,601.0,1374209.0,41223.0,126792.0,0.993,0.979,0.748,0.921,110.0,111.0,109.3,108.9,109.7,109.2,94.1,34.93,35.27,34.73,34.6,34.84,34.69,29.89,43454.0,44117.0,43676.0,43525.0,44410.0,42151.0,38187.0,4.672,275.2,21.33,7.2,3.526,2.0,-1.0,13.58,0.018,0.24,3.0,2.0,0.0,0.0,41.25,41.13,45.61,43.49,44.38,39.97,44.97,41.51,44.5,47.17
2016-06-09 12:37:00-05:00,1021.71735,1048.9773,505670,30.26,0.0,1028.0,23.79,317.9,278.1,276.2,273.1,277.7,277.8,278.2,317.3,801.0,60.14,230.1,1383726.0,319.8,254.1,5.0,0.0,0.0,0.0,0.0,0.0,0.0,0.0,0.0,23.7,39.25,1002.0,282.9,279.6,284.4,60.0,59.9,74.7,0.0,274.0,273.0,274.0,229.6,28.16,231.3,601.0,1374213.0,41223.0,126793.0,0.993,0.979,0.748,0.921,110.4,111.1,109.8,109.6,110.5,109.2,94.6,35.09,35.31,34.91,34.85,35.11,34.72,30.06,43454.0,44117.0,43676.0,43526.0,44411.0,42152.0,38188.0,,0.0,0.0,,,2.0,-1.0,13.54,-0.045,0.24,3.0,2.0,0.0,0.001,41.21,41.01,45.27,43.08,43.63,39.84,44.54,41.29,44.3,47.17
2016-06-09 12:38:00-05:00,1022.9054,1050.0981,505671,30.28,0.0,1028.0,23.58,318.4,278.3,276.2,273.1,278.0,278.0,278.4,318.0,801.0,60.14,230.3,1383730.0,319.7,254.7,5.0,0.0,0.0,0.0,0.0,0.0,0.0,0.0,0.0,23.52,38.18,1002.0,283.3,280.1,284.9,60.0,59.9,74.7,0.0,274.0,273.0,274.0,229.9,28.26,231.7,601.0,1374217.0,41223.0,126793.0,0.993,0.979,0.748,0.921,110.1,111.0,109.7,109.6,110.2,109.0,94.5,35.07,35.34,34.95,34.9,35.08,34.71,30.1,43455.0,44118.0,43677.0,43526.0,44412.0,42152.0,38188.0,,0.0,0.0,,,2.0,-1.0,13.54,-0.015,0.24,3.0,2.0,0.0,0.001,40.25,40.33,44.73,42.44,43.34,39.12,44.06,40.62,44.15,47.17
2016-06-09 12:39:00-05:00,1020.52924,1047.8566,505672,30.29,0.0,1026.0,23.92,318.8,278.1,276.0,272.9,277.3,277.6,277.9,318.4,798.3,60.14,229.8,1383733.0,319.8,254.1,5.0,0.0,0.0,0.0,0.0,0.0,0.0,0.0,0.0,23.94,39.2,1001.0,282.7,279.6,284.3,60.0,59.9,74.7,0.0,273.8,272.7,273.8,229.3,28.22,231.0,601.0,1374221.0,41223.0,126794.0,0.993,0.979,0.748,0.921,110.0,110.8,109.5,109.3,109.8,108.8,94.2,35.07,35.31,34.91,34.83,35.01,34.69,30.04,43455.0,44118.0,43677.0,43527.0,44412.0,42153.0,38189.0,,0.0,0.0,,,2.0,-1.0,13.54,0.005,0.24,3.0,2.0,0.0,0.001,40.91,41.03,44.97,42.94,44.06,39.65,44.34,41.16,44.41,47.17
2016-06-09 12:40:00-05:00,1018.15326,1044.4943,505673,30.3,0.0,1024.0,23.98,317.8,278.1,276.2,273.1,276.0,276.1,276.5,317.2,796.7,60.15,228.7,1383737.0,319.0,252.7,5.0,0.0,0.0,0.0,0.0,0.0,0.0,0.0,0.0,23.92,39.68,998.0,281.3,278.2,282.8,60.0,59.9,74.7,0.0,274.0,273.0,274.0,228.3,28.01,230.0,601.0,1374225.0,41223.0,126794.0,0.993,0.979,0.748,0.921,110.0,110.5,109.1,109.1,109.8,108.5,93.8,34.96,35.1,34.67,34.65,34.9,34.48,29.81,43456.0,44119.0,43678.0,43527.0,44413.0,42153.0,38189.0,3.433,277.3,15.15,5.3,3.526,2.0,-1.0,13.54,0.01,0.24,3.0,2.0,0.0,0.001,41.39,41.63,45.55,43.47,44.46,40.36,45.03,41.73,44.94,47.17
2016-06-09 12:41:00-05:00,1015.7771,1042.2527,505674,30.33,0.0,1021.0,24.08,317.6,277.9,276.2,273.2,275.0,275.2,275.5,317.2,794.5,60.15,227.9,1383741.0,318.1,252.0,5.0,0.0,0.0,0.0,0.0,0.0,0.0,0.0,0.0,24.02,40.43,996.0,280.3,277.2,281.8,60.0,59.9,74.7,0.0,274.0,273.0,274.0,227.5,27.86,229.2,601.0,1374228.0,41223.0,126795.0,0.993,0.979,0.748,0.921,109.5,110.6,109.4,108.9,109.6,108.6,93.9,34.77,35.12,34.74,34.57,34.8,34.49,29.83,43456.0,44120.0,43678.0,43528.0,44413.0,42154.0,38190.0,,0.0,0.0,,,2.0,-1.0,13.54,0.012,0.24,3.0,2.0,0.0,0.001,41.82,41.65,45.88,43.77,44.43,40.64,45.25,42.08,45.56,47.17
2016-06-09 12:42:00-05:00,1013.40106,1040.0112,505675,30.36,0.0,1020.0,23.95,316.8,279.3,277.1,274.0,273.7,273.6,274.1,316.0,794.6,60.14,227.5,1383745.0,319.6,251.1,5.0,0.0,0.0,0.0,0.0,0.0,0.0,0.0,0.0,23.83,40.13,994.0,278.7,275.6,280.2,60.0,59.9,74.7,0.0,274.9,273.9,274.9,227.0,27.71,228.7,601.0,1374232.0,41223.0,126795.0,0.993,0.979,0.748,0.921,109.1,110.1,109.2,108.8,109.3,108.1,93.8,34.57,34.89,34.61,34.46,34.61,34.25,29.72,43457.0,44120.0,43679.0,43528.0,44414.0,42154.0,38190.0,,0.0,0.0,,,2.0,-1.0,13.54,0.014,0.239,3.0,2.0,0.0,0.001,41.58,41.58,45.88,43.8,44.55,40.61,45.41,42.06,45.47,47.17
2016-06-09 12:43:00-05:00,1012.213,1037.7697,505676,30.38,0.0,1018.0,23.78,316.7,279.2,277.4,274.3,273.1,272.9,273.4,316.5,793.5,60.14,227.1,1383748.0,317.5,251.1,5.0,0.0,0.0,0.0,0.0,0.0,0.0,0.0,0.0,23.62,39.68,993.0,278.2,275.1,279.6,60.0,59.9,74.7,0.0,275.0,274.0,275.0,226.7,27.66,228.4,601.0,1374236.0,41223.0,126796.0,0.993,0.979,0.748,0.921,109.2,109.9,109.0,108.7,109.4,107.9,93.7,34.57,34.78,34.5,34.42,34.64,34.16,29.66,43457.0,44121.0,43679.0,43529.0,44414.0,42155.0,38191.0,,0.0,0.0,,,2.0,-1.0,13.54,0.014,0.239,3.0,2.0,0.0,0.001,41.03,41.82,45.89,43.83,44.57,40.38,45.55,42.4,45.34,47.17
2016-06-09 12:44:00-05:00,1011.0249,1037.7697,505677,30.4,0.0,1017.0,23.43,317.9,279.3,277.3,274.2,273.9,273.9,274.3,317.5,793.7,60.14,227.9,1383752.0,317.3,251.9,5.0,0.0,0.0,0.0,0.0,0.0,0.0,0.0,0.0,23.39,37.77,992.0,279.0,275.9,280.4,60.0,59.9,74.7,0.0,275.0,274.0,275.0,227.4,27.75,229.1,601.0,1374240.0,41223.0,126796.0,0.993,0.979,0.748,0.921,109.6,110.1,108.3,108.5,109.7,108.1,93.1,34.85,35.0,34.42,34.47,34.87,34.35,29.61,43458.0,44121.0,43679.0,43529.0,44415.0,42155.0,38191.0,,0.0,0.0,,,2.5,-1.0,13.54,0.014,0.239,3.0,2.0,0.0,0.0,39.29,41.02,45.67,43.03,43.57,39.62,44.76,40.91,44.5,47.18
2016-06-09 12:45:00-05:00,1009.837,1036.649,505678,30.42,0.0,1016.0,23.26,318.6,279.2,277.3,274.3,274.5,274.5,274.9,317.8,793.9,60.15,228.3,1383756.0,320.5,252.3,5.0,0.0,0.0,0.0,0.0,0.0,0.0,0.0,0.0,23.14,36.41,991.0,279.6,276.4,281.0,60.0,59.9,74.7,0.0,275.0,274.0,275.0,227.8,27.82,229.5,601.0,1374243.0,41223.0,126797.0,0.993,0.979,0.748,0.921,109.2,110.1,109.1,108.6,109.4,107.8,93.9,34.79,35.07,34.75,34.6,34.85,34.34,29.91,43458.0,44122.0,43680.0,43530.0,44415.0,42155.0,38192.0,,0.0,0.0,,,2.0,-1.0,13.54,0.014,0.239,3.0,2.0,0.0,0.0,37.81,39.66,45.04,42.41,43.09,39.01,43.99,40.1,44.11,47.17
2016-06-09 12:46:00-05:00,1009.837,1036.649,505679,30.43,0.0,1016.0,23.48,319.4,280.0,278.0,274.8,274.3,274.3,274.7,318.8,792.8,60.14,228.7,1383759.0,320.5,252.7,5.0,0.0,0.0,0.0,0.0,0.0,0.0,0.0,0.0,23.37,36.64,991.0,279.4,276.3,280.8,60.0,59.9,74.7,0.0,275.9,274.9,275.9,228.2,27.87,229.9,601.0,1374247.0,41223.0,126797.0,0.993,0.979,0.748,0.921,109.0,110.0,108.8,108.5,109.2,107.9,93.6,34.81,35.12,34.74,34.63,34.88,34.46,29.89,43459.0,44122.0,43680.0,43530.0,44416.0,42156.0,38192.0,,0.0,0.0,,,2.0,-1.0,13.54,0.014,0.24,3.0,2.0,0.0,0.0,37.86,39.44,44.65,42.12,42.77,38.88,43.7,40.09,43.69,47.17
2016-06-09 12:47:00-05:00,1012.213,1038.8905,505680,30.43,0.0,1018.0,23.71,320.3,280.2,278.0,274.9,274.8,275.0,275.4,319.5,792.7,60.14,229.3,1383763.0,321.3,253.3,5.0,0.0,0.0,0.0,0.0,0.0,0.0,0.0,0.0,23.64,36.59,992.0,280.0,276.9,281.4,60.0,59.9,74.7,0.0,275.9,274.9,275.9,228.8,27.95,230.5,601.0,1374251.0,41223.0,126798.0,0.993,0.979,0.748,0.921,108.8,110.3,108.7,108.6,108.9,108.0,93.6,34.84,35.31,34.82,34.79,34.87,34.6,29.99,43459.0,44123.0,43681.0,43531.0,44416.0,42156.0,38193.0,,0.0,0.0,,,2.0,-1.0,13.54,0.015,0.239,3.0,2.0,0.0,0.0,37.88,39.29,44.42,41.87,42.66,38.52,43.28,40.01,43.28,47.17
2016-06-09 12:48:00-05:00,1012.213,1038.8905,505681,30.43,0.0,1018.0,23.91,319.9,280.2,278.0,274.9,275.3,275.3,275.7,320.2,793.9,60.13,229.6,1383767.0,322.1,254.2,5.0,0.0,0.0,0.0,0.0,0.0,0.0,0.0,0.0,23.75,36.13,992.0,280.3,277.1,281.8,60.0,59.9,74.7,0.0,276.0,275.0,276.0,229.0,27.95,230.7,601.0,1374255.0,41223.0,126798.0,0.993,0.979,0.748,0.921,109.1,110.2,108.5,108.8,109.4,107.8,93.4,34.89,35.24,34.72,34.79,35.01,34.49,29.88,43460.0,44123.0,43681.0,43531.0,44417.0,42157.0,38193.0,,0.0,0.0,,,2.0,-1.0,13.54,0.015,0.24,3.0,2.0,0.0,0.0,37.8,38.94,44.06,41.48,42.38,37.88,42.95,39.77,43.06,47.13
2016-06-09 12:49:00-05:00,1008.64886,1034.4075,505682,30.43,0.0,1014.0,24.15,320.4,279.9,278.0,274.9,274.7,274.9,275.2,320.0,791.9,60.15,229.1,1383771.0,321.8,253.4,5.0,0.0,0.0,0.0,0.0,0.0,0.0,0.0,0.0,24.01,36.09,989.0,280.0,276.8,281.4,60.0,59.9,74.7,0.0,275.5,274.4,275.4,228.7,27.95,230.4,601.0,1374259.0,41223.0,126799.0,0.993,0.979,0.748,0.921,109.1,109.9,108.4,108.9,109.3,107.8,93.3,34.95,35.23,34.75,34.9,35.03,34.55,29.91,43460.0,44124.0,43682.0,43532.0,44417.0,42157.0,38194.0,,0.0,0.0,,,2.0,-1.0,13.54,0.015,0.239,3.0,2.0,0.0,0.0,37.67,38.9,43.77,41.26,42.33,38.3,42.7,39.85,42.81,47.09
2016-06-09 12:50:00-05:00,1007.4608,1033.2866,505683,30.43,0.0,1013.0,24.2,321.1,279.8,277.9,274.8,274.6,274.6,275.0,321.2,789.2,60.15,228.8,1383774.0,322.9,253.5,5.0,0.0,0.0,0.0,0.0,0.0,0.0,0.0,0.0,24.09,36.25,988.0,279.8,276.6,281.2,60.0,59.9,74.7,0.0,275.1,274.1,275.3,228.4,27.88,230.1,601.0,1374262.0,41223.0,126799.0,0.993,0.979,0.748,0.921,108.6,109.7,108.0,108.5,108.7,107.6,93.0,34.86,35.23,34.69,34.85,34.9,34.54,29.88,43461.0,44125.0,43682.0,43532.0,44418.0,42158.0,38194.0,,0.0,0.0,,,2.0,-1.0,13.54,0.015,0.239,3.0,2.0,0.0,0.0,37.85,39.13,43.86,41.3,42.4,38.69,42.81,39.98,42.67,47.07
2016-06-09 12:51:00-05:00,1007.4608,1032.1659,505684,30.43,0.0,1012.0,24.31,320.8,279.6,277.9,274.8,273.5,273.6,274.0,319.9,787.2,60.15,228.0,1383778.0,321.8,251.8,5.0,0.0,0.0,0.0,0.0,0.0,0.0,0.0,0.0,24.22,37.66,987.0,278.6,275.6,280.0,60.0,59.9,74.7,0.0,275.0,274.2,275.1,227.5,27.8,229.2,601.0,1374266.0,41223.0,126799.0,0.993,0.979,0.748,0.921,108.5,108.9,107.7,107.8,108.4,107.1,92.8,34.8,34.94,34.56,34.58,34.77,34.34,29.76,43461.0,44125.0,43683.0,43533.0,44418.0,42158.0,38194.0,,0.0,0.0,,,2.0,-1.0,13.54,0.015,0.239,3.0,2.0,0.0,0.0,38.86,39.99,44.54,42.15,43.23,39.68,43.44,40.61,43.25,47.07
2016-06-09 12:52:00-05:00,1009.837,1035.5282,505685,30.43,0.0,1015.0,24.09,319.6,279.5,278.0,274.8,274.1,274.3,274.6,320.2,790.7,60.13,228.5,1383782.0,322.1,253.1,5.0,0.0,0.0,0.0,0.0,0.0,0.0,0.0,0.0,23.99,37.68,990.0,279.3,276.1,280.7,60.0,59.9,74.7,0.0,275.0,274.0,275.0,228.0,27.81,229.6,601.0,1374270.0,41223.0,126800.0,0.993,0.979,0.748,0.921,109.0,109.3,108.9,108.7,108.6,107.3,93.7,34.83,34.94,34.81,34.75,34.72,34.29,29.94,43462.0,44126.0,43683.0,43533.0,44419.0,42159.0,38195.0,3.262,319.4,20.46,5.6,3.526,2.0,-1.0,13.54,0.015,0.24,3.0,2.0,0.0,0.0,38.91,40.34,44.65,42.08,43.01,39.34,43.42,40.49,43.29,47.07
2016-06-09 12:53:00-05:00,1008.64886,1034.4075,505686,30.43,0.0,1014.0,24.19,319.3,279.9,277.7,274.6,273.2,273.3,273.7,318.4,789.6,60.15,227.6,1383785.0,321.2,251.4,5.0,0.0,0.0,0.0,0.0,0.0,0.0,0.0,0.0,24.18,38.16,988.0,278.3,275.2,279.7,60.0,59.9,74.7,0.0,275.0,274.0,275.0,227.2,27.67,228.8,601.0,1374274.0,41223.0,126800.0,0.993,0.979,0.748,0.921,109.0,109.2,108.0,108.4,108.6,107.3,92.9,34.79,34.86,34.49,34.62,34.67,34.26,29.66,43462.0,44126.0,43684.0,43534.0,44419.0,42159.0,38195.0,,0.0,0.0,,,2.0,-1.0,13.54,0.015,0.24,3.0,2.0,0.0,0.0,39.29,40.65,45.05,42.48,43.39,39.66,43.8,41.04,43.64,47.07
2016-06-09 12:54:00-05:00,1007.4608,1032.1659,505687,30.46,0.0,1012.0,24.3,318.6,279.5,277.5,274.4,272.8,272.7,273.1,318.2,788.5,60.14,227.0,1383789.0,319.8,250.9,5.0,0.0,0.0,0.0,0.0,0.0,0.0,0.0,0.0,24.28,39.53,987.0,277.6,274.6,278.9,60.0,59.9,74.7,0.0,275.0,274.0,275.0,226.4,27.64,228.1,601.0,1374278.0,41223.0,126801.0,0.993,0.979,0.748,0.921,108.8,109.1,108.0,108.1,108.6,107.2,92.8,34.66,34.76,34.4,34.43,34.6,34.17,29.57,43463.0,44127.0,43684.0,43534.0,44420.0,42160.0,38196.0,,0.0,0.0,,,2.0,-1.0,13.54,0.015,0.24,3.0,2.0,0.0,0.0,40.47,41.55,45.26,42.88,44.0,40.03,44.46,41.47,44.24,47.07
2016-06-09 12:55:00-05:00,1003.8967,1029.9244,505688,30.5,0.0,1010.0,24.26,318.5,279.3,277.7,274.6,271.3,271.2,271.7,317.9,785.2,60.14,225.8,1383793.0,319.3,249.6,5.0,0.0,0.0,0.0,0.0,0.0,0.0,0.0,0.0,24.18,39.83,984.0,276.1,273.2,277.5,60.0,59.9,74.7,0.0,275.0,274.0,275.0,225.3,27.47,227.0,601.0,1374281.0,41223.0,126801.0,0.993,0.979,0.748,0.921,108.1,108.6,107.6,107.3,108.1,106.8,92.4,34.43,34.58,34.26,34.18,34.42,34.02,29.43,43463.0,44127.0,43685.0,43535.0,44420.0,42160.0,38196.0,,0.0,0.0,,,2.0,-1.0,13.54,0.016,0.239,3.0,2.0,0.0,0.0,40.78,42.27,45.91,43.71,44.59,40.75,44.9,42.39,44.39,47.07
2016-06-09 12:56:00-05:00,1003.8967,1028.8036,505689,30.53,0.0,1009.0,24.41,317.3,279.3,277.7,274.6,270.9,270.8,271.2,316.7,786.3,60.14,225.4,1383797.0,317.5,249.0,5.0,0.0,0.0,0.0,0.0,0.0,0.0,0.0,0.0,24.42,40.18,984.0,275.5,272.5,276.8,60.0,59.9,74.7,0.0,275.0,274.0,275.0,224.8,27.36,226.4,601.0,1374285.0,41223.0,126802.0,0.993,0.979,0.748,0.921,108.7,109.3,107.5,108.0,108.7,107.5,92.6,34.5,34.66,34.12,34.27,34.5,34.1,29.39,43464.0,44128.0,43685.0,43535.0,44421.0,42161.0,38197.0,,0.0,0.0,,,2.0,-1.0,13.54,0.016,0.239,3.0,2.0,0.0,0.0,41.58,42.69,46.31,44.16,45.05,41.39,45.52,43.12,45.25,47.07
2016-06-09 12:57:00-05:00,1000.3325,1024.3206,505690,30.56,0.0,1006.0,24.6,316.8,279.6,277.8,274.7,269.0,268.8,269.2,316.0,782.0,60.14,223.9,1383800.0,319.1,247.1,5.0,0.0,0.0,0.0,0.0,0.0,0.0,0.0,0.0,24.61,41.06,980.0,273.6,270.7,274.9,60.0,59.9,74.7,0.0,275.0,274.1,275.1,223.3,27.08,225.0,601.0,1374289.0,41223.0,126802.0,0.993,0.979,0.748,0.921,107.5,108.4,106.7,107.0,107.6,106.6,92.0,34.07,34.36,33.79,33.91,34.08,33.76,29.14,43464.0,44128.0,43686.0,43536.0,44421.0,42161.0,38197.0,,0.0,0.0,,,2.0,-1.0,13.54,0.016,0.239,3.0,2.0,0.0,0.0,42.5,43.4,46.94,45.05,45.98,43.42,45.98,44.58,45.85,47.05
2016-06-09 12:58:00-05:00,1001.52057,1025.4413,505691,30.59,0.0,1006.0,24.46,315.9,279.7,277.8,274.7,268.7,268.5,269.0,314.8,783.9,60.22,223.7,1383804.0,315.8,246.8,5.0,0.0,0.0,0.0,0.0,0.0,0.0,0.0,0.0,24.51,40.87,980.0,273.3,270.4,274.5,60.0,59.9,74.7,0.0,275.0,274.3,275.0,223.1,27.11,224.8,601.0,1374293.0,41223.0,126803.0,0.993,0.979,0.748,0.921,107.8,108.6,107.0,107.2,108.2,106.6,92.4,34.04,34.31,33.82,33.85,34.18,33.68,29.18,43465.0,44129.0,43686.0,43536.0,44422.0,42162.0,38198.0,,0.0,0.0,,,2.0,-1.0,13.54,0.016,0.239,3.0,2.0,0.0,0.0,42.42,43.12,47.1,45.12,46.15,42.98,46.34,44.27,46.17,47.07
2016-06-09 12:59:00-05:00,999.14453,1023.19977,505692,30.6,0.0,1006.0,24.37,315.3,279.8,277.6,274.5,267.8,267.6,268.1,313.8,782.6,60.2,222.9,1383807.0,316.5,245.5,5.0,0.0,0.0,0.0,0.0,0.0,0.0,0.0,0.0,24.48,41.46,979.0,272.5,269.7,273.7,60.0,59.9,74.7,0.0,275.0,274.2,275.0,222.4,27.04,224.1,601.0,1374296.0,41223.0,126803.0,0.993,0.979,0.748,0.921,108.0,108.7,107.1,106.7,108.3,107.1,92.3,34.05,34.28,33.76,33.65,34.15,33.75,29.09,43465.0,44129.0,43687.0,43537.0,44422.0,42162.0,38198.0,,0.0,0.0,,,2.0,-1.0,13.54,0.016,0.239,3.0,2.0,0.0,0.0,42.58,43.72,47.77,45.97,46.93,44.37,47.06,45.29,46.11,47.13
2016-06-09 13:00:00-05:00,1000.3325,1024.3206,505693,30.64,0.0,1007.0,24.63,314.2,279.7,277.7,274.6,267.4,267.1,267.6,314.0,783.0,60.14,222.5,1383811.0,315.3,245.8,5.0,0.0,0.0,0.0,0.0,0.0,0.0,0.0,0.0,24.8,42.68,980.0,271.8,268.9,273.0,60.0,59.9,74.7,0.0,275.0,274.0,275.0,221.8,26.91,223.5,601.0,1374300.0,41223.0,126804.0,0.993,0.979,0.748,0.921,107.8,108.2,107.2,106.9,107.9,106.4,92.6,33.85,34.01,33.67,33.58,33.9,33.41,29.08,43466.0,44130.0,43687.0,43537.0,44423.0,42163.0,38199.0,,0.0,0.0,,,2.0,-1.0,13.54,0.016,0.239,3.0,2.0,0.0,0.0,43.95,44.78,48.53,46.94,47.55,45.56,47.74,45.93,46.89,47.17
2016-06-09 13:01:00-05:00,999.14453,1023.19977,505694,30.67,0.0,1006.0,24.69,314.0,279.5,277.8,274.6,267.5,267.2,267.7,313.8,783.6,60.13,222.6,1383815.0,317.2,245.9,5.0,0.0,0.0,0.0,0.0,0.0,0.0,0.0,0.0,24.76,42.18,979.0,271.9,268.9,273.1,60.0,59.9,74.7,0.0,275.0,274.2,275.0,222.0,26.87,223.6,601.0,1374304.0,41223.0,126804.0,0.993,0.979,0.748,0.921,107.4,108.2,107.4,106.9,107.6,106.3,92.6,33.72,33.99,33.71,33.56,33.79,33.37,29.07,43466.0,44130.0,43688.0,43537.0,44423.0,42163.0,38199.0,,0.0,0.0,,,2.0,-1.0,13.54,0.016,0.24,3.0,2.0,0.0,0.0,43.82,44.14,48.28,46.02,46.77,43.61,47.59,44.51,46.78,47.17
2016-06-09 13:02:00-05:00,999.14453,1022.0791,505695,30.71,0.0,1005.0,24.92,314.4,279.7,277.8,274.6,267.2,267.2,267.6,314.5,783.1,60.22,222.5,1383818.0,314.6,246.2,5.0,0.0,0.0,0.0,0.0,0.0,0.0,0.0,0.0,25.04,42.46,979.0,271.8,269.1,273.0,60.0,59.9,74.7,0.0,275.1,274.3,275.0,221.9,27.0,223.5,601.0,1374307.0,41223.0,126804.0,0.993,0.979,0.748,0.921,108.2,108.3,107.2,107.4,108.6,106.4,92.4,34.0,34.05,33.69,33.77,34.13,33.43,29.05,43467.0,44130.0,43688.0,43538.0,44424.0,42163.0,38200.0,,0.0,0.0,,,2.0,-1.0,13.54,0.016,0.239,3.0,2.0,0.0,0.0,44.41,44.21,47.93,46.09,46.83,44.29,47.2,45.19,46.9,47.17
2016-06-09 13:03:00-05:00,997.9565,1022.0791,505696,30.74,0.0,1005.0,24.88,315.1,279.6,277.9,274.7,267.2,267.0,267.5,316.0,780.7,60.22,222.4,1383822.0,316.9,246.7,5.0,0.0,0.0,0.0,0.0,0.0,0.0,0.0,0.0,24.94,42.36,977.0,271.7,269.0,272.8,60.0,59.9,74.7,0.0,275.2,274.4,275.0,221.8,27.0,223.5,601.0,1374311.0,41223.0,126805.0,0.993,0.979,0.748,0.921,107.1,108.1,107.2,106.7,107.6,106.3,92.4,33.74,34.07,33.76,33.61,33.91,33.49,29.11,43467.0,44131.0,43689.0,43538.0,44424.0,42164.0,38200.0,,0.0,0.0,,,2.0,-1.0,13.54,0.016,0.239,3.0,2.0,0.0,0.0,44.0,44.2,47.78,46.22,46.85,43.93,47.29,44.88,46.98,47.17
2016-06-09 13:04:00-05:00,997.9565,1022.0791,505697,30.76,0.0,1004.0,24.68,314.7,279.7,277.9,274.7,267.3,267.1,267.6,314.4,782.6,60.13,222.6,1383826.0,313.7,246.0,5.0,0.0,0.0,0.0,0.0,0.0,0.0,0.0,0.0,24.64,41.42,977.0,271.8,268.8,273.0,60.0,59.9,74.7,0.0,275.2,274.3,275.0,221.9,26.85,223.5,601.0,1374315.0,41223.0,126805.0,0.993,0.979,0.748,0.921,107.5,108.4,106.8,106.8,107.9,106.7,92.1,33.81,34.11,33.6,33.61,33.94,33.58,28.98,43468.0,44131.0,43689.0,43539.0,44424.0,42164.0,38201.0,,0.0,0.0,,,2.0,-1.0,13.54,0.016,0.239,3.0,2.0,0.0,0.0,42.7,43.71,47.87,46.13,46.78,43.83,47.28,44.92,46.38,47.23
2016-06-09 13:05:00-05:00,996.76843,1019.8375,505698,30.8,0.0,1003.0,24.77,315.4,279.7,277.8,274.7,267.3,267.1,267.5,314.7,780.8,60.14,222.6,1383829.0,317.2,245.7,5.0,0.0,0.0,0.0,0.0,0.0,0.0,0.0,0.0,24.75,41.12,976.0,271.8,269.0,273.0,60.0,59.9,74.7,0.0,275.4,274.3,275.2,222.0,26.9,223.6,601.0,1374318.0,41223.0,126806.0,0.993,0.979,0.748,0.921,107.7,108.1,106.6,106.6,107.8,106.5,91.9,33.96,34.1,33.62,33.63,33.99,33.6,28.98,43468.0,44132.0,43689.0,43539.0,44425.0,42165.0,38201.0,,0.0,0.0,,,2.0,-1.0,13.54,0.016,0.239,3.0,2.0,0.0,0.0,42.38,43.02,47.45,45.65,46.62,43.18,46.96,44.51,45.77,47.26
2016-06-09 13:06:00-05:00,995.5803,1018.71674,505699,30.82,0.0,1001.0,25.03,315.2,279.9,278.0,274.9,266.8,266.7,267.1,313.9,780.3,60.12,222.3,1383833.0,312.7,244.9,5.0,0.0,0.0,0.0,0.0,0.0,0.0,0.0,0.0,25.09,41.61,975.0,271.2,268.3,272.4,60.0,59.9,74.7,0.0,275.9,274.8,275.7,221.6,26.78,223.2,601.0,1374322.0,41223.0,126806.0,0.993,0.979,0.748,0.921,106.9,107.2,106.9,106.4,106.9,105.5,92.1,33.7,33.8,33.68,33.54,33.69,33.26,29.01,43468.0,44132.0,43690.0,43540.0,44425.0,42165.0,38202.0,,0.0,0.0,,,2.0,-1.0,13.54,0.016,0.239,3.0,2.0,0.0,0.0,42.56,43.14,47.53,45.7,46.73,43.01,47.04,44.42,45.9,47.33
2016-06-09 13:07:00-05:00,990.8282,1014.23364,505700,30.86,0.0,997.0,24.77,316.6,279.9,278.0,274.9,266.3,266.0,266.5,316.2,775.7,60.2,221.8,1383836.0,319.0,245.2,5.0,0.0,0.0,0.0,0.0,0.0,0.0,0.0,0.0,24.66,39.69,970.0,270.9,268.1,272.1,60.0,59.9,74.7,0.0,276.0,275.0,275.9,221.3,26.79,222.9,601.0,1374326.0,41223.0,126807.0,0.993,0.979,0.748,0.921,106.9,107.4,106.0,106.0,107.1,105.5,91.4,33.85,33.99,33.54,33.55,33.9,33.41,28.92,43469.0,44133.0,43690.0,43540.0,44426.0,42166.0,38202.0,,0.0,0.0,,,2.5,-1.0,13.54,0.016,0.239,3.0,2.0,0.0,0.0,41.33,42.05,46.9,45.01,45.81,41.77,46.48,43.15,45.92,47.36
2016-06-09 13:08:00-05:00,995.5803,1018.71674,505701,30.88,0.0,1000.0,24.52,316.8,279.7,277.8,274.8,268.1,268.1,268.5,316.6,780.8,60.15,223.4,1383840.0,318.5,247.2,5.0,0.0,0.0,0.0,0.0,0.0,0.0,0.0,0.0,24.38,38.31,974.0,272.8,269.9,274.0,60.0,59.9,74.7,0.0,275.6,274.2,275.3,222.8,27.05,224.4,601.0,1374330.0,41223.0,126807.0,0.993,0.979,0.748,0.921,107.4,107.9,106.8,107.1,107.6,106.0,92.1,34.01,34.18,33.82,33.93,34.09,33.56,29.19,43469.0,44133.0,43691.0,43541.0,44426.0,42166.0,38202.0,4.33,293.3,18.21,8.0,3.527,2.0,-1.0,13.54,0.016,0.239,3.0,2.0,0.0,0.0,39.89,41.04,46.25,44.23,45.05,40.63,45.69,42.59,45.15,47.38
2016-06-09 13:09:00-05:00,994.3924,1017.596,505702,30.91,0.0,999.0,24.6,318.3,279.7,277.7,274.6,268.1,268.0,268.5,317.8,776.8,60.15,223.2,1383844.0,319.5,246.8,5.0,0.0,0.0,0.0,0.0,0.0,0.0,0.0,0.0,24.59,39.22,973.0,272.7,269.9,273.9,60.0,59.9,74.7,0.0,275.0,274.0,275.0,222.6,27.04,224.2,601.0,1374333.0,41223.0,126808.0,0.993,0.979,0.748,0.921,106.8,107.4,106.2,106.3,106.9,105.5,91.6,33.99,34.18,33.79,33.83,34.04,33.56,29.14,43470.0,44134.0,43691.0,43541.0,44427.0,42167.0,38203.0,,0.0,0.0,,,2.0,-1.0,13.54,0.016,0.239,3.0,2.0,0.0,0.0,40.37,41.29,45.98,44.06,45.03,41.11,45.52,42.87,44.85,47.41
2016-06-09 13:10:00-05:00,989.6402,1011.9922,505703,30.92,0.0,994.0,24.98,318.1,279.4,277.6,274.6,267.0,266.6,267.1,317.0,773.3,60.14,222.0,1383847.0,319.3,245.1,5.0,0.0,0.0,0.0,0.0,0.0,0.0,0.0,0.0,24.98,40.12,968.0,271.4,268.6,272.6,60.0,59.9,74.7,0.0,275.0,274.0,275.0,221.5,26.8,223.1,601.0,1374337.0,41223.0,126808.0,0.993,0.979,0.748,0.921,105.5,107.1,105.7,105.6,105.9,105.1,91.3,33.55,34.07,33.61,33.58,33.68,33.42,29.04,43470.0,44134.0,43692.0,43542.0,44427.0,42167.0,38203.0,,0.0,0.0,,,2.05,-1.0,13.54,0.016,0.239,3.0,2.0,0.0,0.0,41.57,42.28,46.35,44.82,45.38,41.72,45.96,43.48,45.6,47.46
2016-06-09 13:11:00-05:00,987.2641,1009.7506,505704,30.95,0.0,992.0,24.92,317.5,279.8,277.5,274.4,266.3,266.2,266.6,317.4,772.6,60.15,221.6,1383851.0,318.5,245.2,5.0,0.0,0.0,0.0,0.0,0.0,0.0,0.0,0.0,24.87,40.9,966.0,270.7,267.9,271.8,60.0,59.9,74.7,0.0,275.0,274.0,275.0,220.9,26.76,222.5,601.0,1374341.0,41223.0,126808.0,0.993,0.979,0.748,0.921,106.2,106.8,105.5,105.5,106.5,104.7,91.3,33.72,33.9,33.5,33.5,33.82,33.24,28.98,43471.0,44135.0,43692.0,43542.0,44428.0,42168.0,38204.0,,0.0,0.0,,,2.5,-1.0,13.54,0.016,0.239,3.0,2.0,0.0,0.0,42.52,42.69,46.42,44.69,45.71,41.75,45.93,43.27,45.62,47.44
2016-06-09 13:12:00-05:00,986.076,1007.50916,505705,30.96,0.0,991.0,24.56,316.8,279.3,277.6,274.5,265.8,265.6,266.1,316.4,772.4,60.15,221.1,1383855.0,318.3,244.4,5.0,0.0,0.0,0.0,0.0,0.0,0.0,0.0,0.0,24.48,39.98,965.0,270.2,267.4,271.3,60.0,59.9,74.7,0.0,275.0,274.0,275.0,220.4,26.7,222.0,601.0,1374344.0,41223.0,126809.0,0.993,0.979,0.748,0.921,106.1,106.9,105.4,105.4,106.7,105.0,91.3,33.6,33.86,33.41,33.38,33.8,33.25,28.91,43471.0,44135.0,43693.0,43543.0,44428.0,42168.0,38204.0,,0.0,0.0,,,2.5,-1.0,13.54,0.016,0.239,3.0,2.0,0.0,0.0,41.76,42.85,46.75,44.85,45.64,41.47,46.14,43.45,45.68,47.46
2016-06-09 13:13:00-05:00,986.076,1008.62994,505706,30.98,0.0,992.0,24.58,317.1,279.5,277.4,274.3,266.4,266.2,266.7,316.2,773.4,60.12,221.6,1383858.0,316.4,244.5,5.0,0.0,0.0,0.0,0.0,0.0,0.0,0.0,0.0,24.62,39.22,965.0,270.7,267.9,271.9,60.0,59.9,74.7,0.0,275.0,274.0,275.0,220.8,26.73,222.4,601.0,1374348.0,41223.0,126809.0,0.993,0.979,0.748,0.921,106.2,106.6,105.9,105.7,106.7,104.6,91.5,33.67,33.81,33.58,33.52,33.82,33.17,29.02,43472.0,44136.0,43693.0,43543.0,44429.0,42169.0,38205.0,,0.0,0.0,,,2.0,-1.0,13.54,0.017,0.239,3.0,2.0,0.0,0.0,41.12,41.77,46.73,44.91,45.52,41.5,46.25,43.55,45.14,47.51
2016-06-09 13:14:00-05:00,986.076,1008.62994,505707,30.98,0.0,992.0,24.36,317.1,279.4,277.6,274.5,266.4,266.1,266.6,316.9,774.4,60.15,221.5,1383862.0,317.5,245.4,5.0,0.0,0.0,0.0,0.0,0.0,0.0,0.0,0.0,24.31,38.64,965.0,270.9,268.0,272.1,60.0,59.9,74.7,0.0,275.0,274.0,275.0,221.0,26.73,222.6,601.0,1374352.0,41223.0,126810.0,0.993,0.979,0.748,0.921,106.9,107.2,104.9,105.8,107.2,105.1,90.8,33.91,33.98,33.27,33.54,34.0,33.32,28.78,43472.0,44136.0,43694.0,43544.0,44429.0,42169.0,38205.0,,0.0,0.0,,,2.5,-1.0,13.54,0.017,0.239,3.0,2.0,0.0,0.0,40.12,41.23,46.65,44.76,45.56,41.28,46.05,43.1,45.01,47.48
2016-06-09 13:15:00-05:00,986.076,1008.62994,505708,31.0,0.0,992.0,24.07,318.2,279.5,277.6,274.6,267.0,266.8,267.3,318.3,773.5,60.14,222.1,1383865.0,318.7,246.2,5.0,0.0,0.0,0.0,0.0,0.0,0.0,0.0,0.0,24.04,37.55,966.0,271.5,268.7,272.7,60.0,59.9,74.7,0.0,275.0,274.0,275.0,221.5,26.84,223.2,601.0,1374355.0,41223.0,126810.0,0.993,0.979,0.748,0.921,106.3,106.9,105.5,105.8,106.8,104.6,91.0,33.82,34.02,33.55,33.66,33.98,33.29,28.95,43473.0,44137.0,43694.0,43544.0,44430.0,42170.0,38206.0,,0.0,0.0,,,2.5,-1.0,13.54,0.017,0.239,3.0,2.0,0.0,0.0,38.86,40.83,46.15,44.29,45.05,40.59,45.8,42.18,44.73,47.46
2016-06-09 13:16:00-05:00,983.69995,1006.38837,505709,31.02,0.0,989.0,23.95,318.6,279.5,277.6,274.5,266.7,266.5,267.0,318.1,772.1,60.15,221.9,1383869.0,319.5,245.6,5.0,0.0,0.0,0.0,0.0,0.0,0.0,0.0,0.0,23.87,36.72,964.0,271.2,268.4,272.3,60.0,59.9,74.7,0.0,275.0,274.0,275.0,221.3,26.85,222.9,601.0,1374359.0,41223.0,126811.0,0.993,0.979,0.748,0.921,105.9,107.1,105.4,105.2,106.8,104.6,91.0,33.75,34.11,33.57,33.52,34.01,33.33,28.98,43473.0,44137.0,43695.0,43544.0,44430.0,42170.0,38206.0,,0.0,0.0,,,2.5,-1.0,13.54,0.017,0.239,3.0,2.0,0.0,0.0,37.77,40.43,45.74,43.67,44.65,40.3,45.19,41.83,44.45,47.46
2016-06-09 13:17:00-05:00,983.69995,1006.38837,505710,31.02,0.0,989.0,24.29,319.4,279.3,277.6,274.5,267.4,267.3,267.7,318.6,772.3,60.15,222.5,1383873.0,320.5,246.1,5.0,0.0,0.0,0.0,0.0,0.0,0.0,0.0,0.0,24.17,36.89,963.0,271.9,269.1,273.1,60.0,59.9,74.7,0.0,275.0,274.0,275.0,221.8,26.92,223.5,601.0,1374363.0,41223.0,126811.0,0.993,0.979,0.748,0.921,105.8,106.8,105.3,105.2,106.3,104.6,90.9,33.79,34.12,33.65,33.62,33.97,33.4,29.04,43474.0,44138.0,43695.0,43545.0,44431.0,42171.0,38207.0,,0.0,0.0,,,2.0,-1.0,13.54,0.017,0.239,3.0,2.0,0.0,0.0,37.71,40.27,45.3,43.28,43.5,40.36,44.59,41.26,43.54,47.46
2016-06-09 13:18:00-05:00,983.69995,1006.38837,505711,31.02,0.0,989.0,24.25,319.6,279.6,277.6,274.5,267.7,267.3,267.9,319.0,772.2,60.14,222.7,1383876.0,319.7,246.3,5.0,0.0,0.0,0.0,0.0,0.0,0.0,0.0,0.0,24.14,37.14,963.0,272.1,269.2,273.2,60.0,59.9,74.7,0.0,275.0,274.0,275.0,222.0,26.96,223.6,601.0,1374367.0,41223.0,126812.0,0.993,0.979,0.748,0.921,105.9,106.7,105.2,105.5,106.2,104.5,90.8,33.83,34.09,33.62,33.71,33.93,33.4,29.01,43474.0,44138.0,43696.0,43545.0,44431.0,42171.0,38207.0,,0.0,0.0,,,2.5,-1.0,13.54,0.017,0.239,3.0,2.0,0.0,0.0,38.23,40.34,44.96,43.09,43.59,40.04,44.46,41.12,43.21,47.46
2016-06-09 13:19:00-05:00,981.32385,1004.1468,505712,30.99,0.0,986.0,24.4,320.5,279.5,277.7,274.5,266.9,266.7,267.2,319.7,768.6,60.19,222.0,1383880.0,319.7,245.7,5.0,0.0,0.0,0.0,0.0,0.0,0.0,0.0,0.0,24.33,37.39,960.0,271.3,268.6,272.5,60.0,59.9,74.7,0.0,275.0,274.0,275.0,221.4,26.86,223.0,601.0,1374370.0,41223.0,126812.0,0.993,0.979,0.748,0.921,105.8,106.1,105.2,105.4,105.9,104.0,90.6,33.91,34.0,33.7,33.76,33.93,33.34,29.03,43475.0,44138.0,43696.0,43546.0,44432.0,42171.0,38208.0,,0.0,0.0,,,2.0,-1.0,13.54,0.017,0.239,3.0,2.0,0.0,0.0,38.49,40.78,45.03,43.1,43.82,40.33,44.47,41.62,42.88,47.46
2016-06-09 13:20:00-05:00,978.9478,1000.78455,505713,30.98,0.0,983.0,24.92,319.3,279.4,277.5,274.4,266.2,265.8,266.3,319.4,768.1,60.13,221.4,1383884.0,322.2,245.3,5.0,0.0,0.0,0.0,0.0,0.0,0.0,0.0,0.0,24.98,38.79,958.0,270.6,267.7,271.8,60.0,59.9,74.7,0.0,275.0,274.0,275.0,220.7,26.68,222.4,601.0,1374374.0,41223.0,126812.0,0.993,0.979,0.748,0.921,105.0,105.8,105.4,104.8,105.3,103.8,90.9,33.53,33.78,33.65,33.47,33.61,33.14,29.03,43475.0,44139.0,43696.0,43546.0,44432.0,42172.0,38208.0,,0.0,0.0,,,2.5,-1.0,13.54,0.017,0.239,3.0,2.0,0.0,0.0,39.93,41.01,45.2,43.31,43.75,40.55,44.68,41.46,43.42,47.46
2016-06-09 13:21:00-05:00,978.9478,1000.78455,505714,30.98,0.0,983.0,24.75,319.5,279.2,277.3,274.1,266.7,266.5,267.0,319.4,768.8,60.13,221.6,1383887.0,320.2,245.5,5.0,0.0,0.0,0.0,0.0,0.0,0.0,0.0,0.0,24.71,37.96,958.0,271.2,268.2,272.4,60.0,59.9,74.7,0.0,275.0,274.0,275.0,221.0,26.76,222.6,601.0,1374378.0,41223.0,126813.0,0.993,0.979,0.748,0.921,105.8,106.2,105.0,105.4,106.0,104.3,90.5,33.79,33.93,33.56,33.68,33.86,33.32,28.92,43476.0,44139.0,43697.0,43547.0,44432.0,42172.0,38209.0,,0.0,0.0,,,2.5,-1.0,13.54,0.017,0.239,3.0,2.0,0.0,0.0,39.54,40.54,44.78,42.57,43.24,39.52,44.24,40.59,43.42,47.46
2016-06-09 13:22:00-05:00,977.75977,999.66376,505715,30.99,0.0,982.0,24.8,320.5,279.3,277.3,274.1,266.3,266.3,266.7,320.3,766.3,60.14,221.4,1383891.0,321.8,245.4,5.0,0.0,0.0,0.0,0.0,0.0,0.0,0.0,0.0,24.87,38.63,956.0,270.8,268.0,272.0,60.0,59.9,74.7,0.0,275.0,274.0,275.0,220.8,26.77,222.4,601.0,1374381.0,41223.0,126813.0,0.993,0.979,0.748,0.921,105.3,105.6,104.4,104.7,105.6,103.6,90.1,33.76,33.84,33.46,33.55,33.83,33.22,28.88,43476.0,44140.0,43697.0,43547.0,44433.0,42173.0,38209.0,,0.0,0.0,,,2.5,-1.0,13.54,0.017,0.239,3.0,2.0,0.0,0.0,40.33,41.32,44.83,43.08,43.62,40.5,44.29,41.69,43.44,47.46
2016-06-09 13:23:00-05:00,976.57166,998.5431,505716,31.0,0.0,981.0,24.68,319.9,279.2,277.1,274.0,266.3,265.9,266.4,319.5,766.6,60.15,221.1,1383894.0,321.1,244.9,5.0,0.0,0.0,0.0,0.0,0.0,0.0,0.0,0.0,24.68,38.41,955.0,270.6,267.8,271.8,60.0,59.9,74.7,0.0,275.0,274.0,275.0,220.5,26.74,222.1,601.0,1374385.0,41223.0,126814.0,0.993,0.979,0.748,0.921,105.3,105.8,104.6,104.5,105.6,104.0,90.2,33.7,33.85,33.46,33.43,33.77,33.27,28.85,43476.0,44140.0,43698.0,43548.0,44433.0,42173.0,38209.0,,0.0,0.0,,,2.5,-1.0,13.54,0.017,0.239,3.0,2.0,0.0,0.0,39.98,40.99,44.7,42.85,43.32,39.58,44.02,41.05,43.52,47.46
2016-06-09 13:24:00-05:00,974.1956,995.1807,505717,31.02,0.0,978.0,24.21,320.7,279.2,277.1,274.0,266.1,266.0,266.4,320.1,765.1,60.14,221.1,1383898.0,321.2,244.9,5.0,0.0,0.0,0.0,0.0,0.0,0.0,0.0,0.0,24.1,37.06,952.0,270.5,267.7,271.7,60.0,59.9,74.7,0.0,275.0,274.0,275.0,220.4,26.72,222.0,601.0,1374389.0,41223.0,126814.0,0.993,0.979,0.748,0.921,104.8,105.3,104.2,104.4,105.1,103.4,89.9,33.62,33.78,33.42,33.48,33.71,33.16,28.85,43477.0,44141.0,43698.0,43548.0,44434.0,42174.0,38210.0,,0.0,0.0,,,2.0,-1.0,13.54,0.017,0.239,3.0,2.0,0.0,0.0,38.87,40.75,44.55,42.5,43.07,39.17,43.82,40.47,43.23,47.46
2016-06-09 13:25:00-05:00,973.00757,994.06,505718,31.02,0.0,977.0,23.97,320.9,279.1,277.2,274.1,266.3,265.8,266.4,320.7,764.5,60.14,221.0,1383902.0,322.3,245.2,5.0,0.0,0.0,0.0,0.0,0.0,0.0,0.0,0.0,23.85,36.7,952.0,270.6,267.8,271.8,60.0,59.9,74.7,0.0,275.0,274.0,275.0,220.5,26.73,222.1,601.0,1374392.0,41223.0,126815.0,0.993,0.979,0.748,0.921,104.8,105.8,104.2,104.3,105.3,104.0,89.9,33.63,33.95,33.43,33.45,33.79,33.36,28.83,43477.0,44141.0,43699.0,43549.0,44434.0,42174.0,38210.0,,0.0,0.0,,,2.0,-1.0,13.54,0.017,0.239,3.0,2.0,0.0,0.0,38.23,40.05,43.91,41.65,42.57,38.6,43.36,39.84,43.06,47.42
2016-06-09 13:26:00-05:00,973.00757,994.06,505719,31.01,0.0,977.0,24.14,321.7,278.8,277.1,274.0,266.3,265.9,266.4,320.7,762.6,60.14,221.0,1383905.0,323.2,244.6,5.0,0.0,0.0,0.0,0.0,0.0,0.0,0.0,0.0,24.0,36.54,951.0,270.6,267.8,271.8,60.0,59.9,74.7,0.0,275.0,274.0,275.0,220.4,26.71,222.0,601.0,1374396.0,41223.0,126815.0,0.993,0.979,0.748,0.921,104.3,105.2,104.1,104.0,104.7,103.1,89.9,33.54,33.86,33.51,33.47,33.69,33.17,28.92,43478.0,44142.0,43699.0,43549.0,44435.0,42175.0,38211.0,,0.0,0.0,,,2.05,-1.0,13.54,0.017,0.239,3.0,2.0,0.0,0.0,37.93,39.73,43.87,41.72,42.54,38.94,43.25,40.18,43.13,47.36
2016-06-09 13:27:00-05:00,968.2554,989.57697,505720,31.0,0.0,972.0,24.39,321.5,278.8,277.1,274.0,264.8,264.4,264.9,320.8,759.0,60.15,219.7,1383909.0,321.9,243.5,5.0,0.0,0.0,0.0,0.0,0.0,0.0,0.0,0.0,24.38,37.52,947.0,269.0,266.3,270.1,60.0,59.9,74.7,0.0,274.9,274.0,275.0,219.1,26.54,220.7,601.0,1374400.0,41223.0,126816.0,0.993,0.979,0.748,0.921,103.9,104.7,103.5,103.6,104.2,102.6,89.3,33.4,33.66,33.28,33.32,33.5,32.99,28.72,43478.0,44142.0,43700.0,43550.0,44435.0,42175.0,38211.0,,0.0,0.0,,,2.5,-1.0,13.54,0.017,0.239,3.0,2.0,0.0,0.0,38.67,40.33,44.11,42.3,43.23,39.03,43.77,40.51,43.36,47.36
2016-06-09 13:28:00-05:00,964.6913,985.09393,505721,30.99,0.0,969.0,24.19,320.5,278.7,277.2,274.1,263.5,263.4,263.8,320.1,758.0,60.15,218.8,1383912.0,321.5,242.6,5.0,0.0,0.0,0.0,0.0,0.0,0.0,0.0,0.0,24.07,37.48,944.0,267.8,265.1,268.9,60.0,59.9,74.7,0.0,275.0,274.0,275.0,218.2,26.37,219.8,601.0,1374403.0,41223.0,126816.0,0.993,0.979,0.748,0.921,103.9,104.7,103.5,103.4,104.0,102.5,89.4,33.28,33.57,33.18,33.13,33.32,32.86,28.64,43479.0,44143.0,43700.0,43550.0,44436.0,42176.0,38212.0,,0.0,0.0,,,2.5,-1.0,13.54,0.017,0.239,3.0,2.0,0.0,0.0,38.82,40.01,44.37,42.35,43.16,39.22,43.8,40.55,43.74,47.36
2016-06-09 13:29:00-05:00,964.6913,985.09393,505722,31.01,0.0,969.0,24.43,320.5,278.6,277.2,274.1,263.4,263.0,263.5,320.8,756.9,60.14,218.5,1383916.0,321.5,242.8,5.0,0.0,0.0,0.0,0.0,0.0,0.0,0.0,0.0,24.38,38.56,944.0,267.5,264.8,268.5,60.0,59.9,74.7,0.0,274.9,274.0,275.0,217.9,26.29,219.4,601.0,1374407.0,41223.0,126816.0,0.993,0.979,0.748,0.921,104.0,104.5,103.0,104.2,104.1,102.3,88.8,33.32,33.49,32.99,33.38,33.36,32.79,28.46,43479.0,44143.0,43701.0,43551.0,44436.0,42176.0,38212.0,,0.0,0.0,,,2.0,-1.0,13.54,0.017,0.239,3.0,2.0,0.0,0.0,39.77,40.38,44.5,42.52,43.37,39.46,44.0,40.73,44.05,47.36
2016-06-09 13:30:00-05:00,963.50323,983.97314,505723,31.02,0.0,968.0,24.67,320.1,278.8,277.2,274.2,262.2,262.1,262.5,319.9,755.1,60.15,217.7,1383919.0,321.6,241.6,5.0,0.0,0.0,0.0,0.0,0.0,0.0,0.0,0.0,24.67,39.28,942.0,266.4,263.7,267.4,60.0,59.9,74.7,0.0,275.0,274.0,275.0,217.0,26.19,218.6,601.0,1374410.0,41223.0,126817.0,0.993,0.979,0.748,0.921,103.4,104.3,103.5,103.2,103.4,102.2,89.1,33.11,33.37,33.12,33.02,33.1,32.71,28.53,43480.0,44144.0,43701.0,43551.0,44437.0,42177.0,38213.0,,0.0,0.0,,,2.0,-1.0,13.54,0.017,0.239,3.0,2.0,0.0,0.0,40.31,41.14,45.06,43.2,44.11,40.45,44.62,41.81,44.47,47.36
2016-06-09 13:31:00-05:00,961.1271,980.6109,505724,31.02,0.0,965.0,24.86,318.8,279.0,277.1,274.0,261.4,261.0,261.5,318.4,755.3,60.14,216.9,1383923.0,320.5,240.5,5.0,0.0,0.0,0.0,0.0,0.0,0.0,0.0,0.0,24.91,39.45,939.0,265.4,262.7,266.3,60.0,59.9,74.7,0.0,275.0,274.0,275.0,216.2,26.07,217.7,601.0,1374414.0,41223.0,126817.0,0.993,0.979,0.748,0.921,103.4,104.2,103.0,102.8,103.5,102.3,88.8,32.96,33.22,32.82,32.77,32.98,32.62,28.31,43480.0,44144.0,43702.0,43552.0,44437.0,42177.0,38213.0,,0.0,0.0,,,2.0,-1.0,13.54,0.017,0.239,3.0,2.0,0.0,0.0,40.56,41.09,45.64,43.41,44.28,41.05,44.78,41.97,44.54,47.34
2016-06-09 13:32:00-05:00,958.75104,978.3693,505725,31.02,0.0,963.0,24.96,318.9,279.3,277.1,274.0,260.5,260.0,260.6,318.1,752.9,60.14,216.1,1383926.0,317.7,239.5,5.0,0.0,0.0,0.0,0.0,0.0,0.0,0.0,0.0,24.96,40.08,937.0,264.4,261.8,265.4,60.0,59.9,74.7,0.0,275.0,274.0,275.0,215.4,25.96,216.9,601.0,1374418.0,41223.0,126818.0,0.993,0.979,0.748,0.921,103.1,103.8,102.4,103.3,103.5,101.7,88.5,32.88,33.11,32.67,32.93,33.02,32.42,28.23,43481.0,44145.0,43702.0,43552.0,44438.0,42178.0,38214.0,,0.0,0.0,,,2.0,-1.0,13.54,0.017,0.239,3.0,2.0,0.0,0.0,41.24,41.9,45.97,44.11,44.81,41.44,45.15,42.78,45.55,47.26
2016-06-09 13:33:00-05:00,959.93915,978.3693,505726,31.05,0.0,963.0,25.11,318.0,279.0,277.1,273.9,260.3,259.9,260.4,317.2,754.3,60.14,216.0,1383930.0,317.2,239.2,5.0,0.0,0.0,0.0,0.0,0.0,0.0,0.0,0.0,25.14,40.05,938.0,264.2,261.5,265.1,60.0,59.9,74.7,0.0,275.0,274.0,274.7,215.1,25.88,216.7,601.0,1374421.0,41223.0,126818.0,0.993,0.979,0.748,0.921,102.8,103.9,103.0,102.8,103.2,101.8,89.0,32.67,33.04,32.74,32.69,32.8,32.35,28.28,43481.0,44145.0,43703.0,43552.0,44438.0,42178.0,38214.0,,0.0,0.0,,,2.0,-1.0,13.54,0.017,0.239,3.0,2.0,0.0,0.0,41.16,41.97,46.02,44.32,45.05,41.2,45.35,42.88,45.42,47.26
2016-06-09 13:34:00-05:00,957.563,976.12775,505727,31.07,0.0,960.0,25.44,318.1,278.7,277.3,274.1,259.1,258.7,259.2,317.5,750.3,60.14,214.9,1383934.0,317.5,238.2,5.0,0.0,0.0,0.0,0.0,0.0,0.0,0.0,0.0,25.63,41.42,935.0,262.9,260.4,263.9,60.0,59.9,74.7,0.0,275.0,274.0,274.5,214.1,25.77,215.7,601.0,1374425.0,41223.0,126819.0,0.993,0.979,0.748,0.921,102.5,103.2,102.1,102.1,103.0,101.1,88.3,32.61,32.81,32.49,32.48,32.76,32.16,28.07,43482.0,44145.0,43703.0,43553.0,44439.0,42178.0,38215.0,,0.0,0.0,,,2.0,-1.0,13.54,0.017,0.239,3.0,2.0,0.0,0.0,42.51,42.49,46.41,44.67,45.46,42.11,45.52,43.8,45.43,47.26
2016-06-09 13:35:00-05:00,956.37494,973.8863,505728,31.09,0.0,958.0,25.22,317.5,278.9,277.1,273.9,258.7,258.3,258.8,317.3,749.8,60.13,214.5,1383937.0,319.5,237.9,5.0,0.0,0.0,0.0,0.0,0.0,0.0,0.0,0.0,25.24,40.46,933.0,262.4,259.9,263.3,60.0,59.9,74.7,0.0,275.0,274.0,274.5,213.6,25.68,215.2,601.0,1374428.0,41223.0,126819.0,0.993,0.979,0.748,0.921,102.7,103.7,101.9,101.8,103.1,101.7,88.0,32.59,32.94,32.34,32.33,32.72,32.28,27.95,43482.0,44146.0,43704.0,43553.0,44439.0,42179.0,38215.0,,0.0,0.0,,,2.5,-1.0,13.54,0.017,0.239,3.0,2.0,0.0,0.0,42.17,42.5,46.43,45.07,45.79,42.08,45.91,43.77,45.79,47.26
2016-06-09 13:36:00-05:00,955.18695,973.8863,505729,31.11,0.0,958.0,24.67,317.7,278.8,277.1,273.9,259.2,258.8,259.3,317.3,751.2,60.14,214.9,1383941.0,319.9,238.4,5.0,0.0,0.0,0.0,0.0,0.0,0.0,0.0,0.0,24.62,38.65,933.0,263.0,260.4,263.9,60.0,59.9,74.7,0.0,275.0,274.0,274.3,214.1,25.74,215.6,601.0,1374432.0,41223.0,126820.0,0.993,0.979,0.748,0.921,103.6,104.3,101.7,101.7,104.1,102.2,87.8,32.92,33.15,32.31,32.32,33.06,32.46,27.88,43483.0,44146.0,43704.0,43554.0,44439.0,42179.0,38216.0,,0.0,0.0,,,2.0,-1.0,13.54,0.017,0.239,3.0,2.0,0.0,0.0,40.33,40.9,46.02,44.17,44.97,40.82,45.45,42.57,45.09,47.26
2016-06-09 13:37:00-05:00,955.18695,972.7655,505730,31.12,0.0,957.0,25.07,317.7,278.7,277.0,273.8,259.1,258.5,259.0,317.0,750.5,60.14,214.7,1383944.0,319.2,237.9,5.0,0.0,0.0,0.0,0.0,0.0,0.0,0.0,0.0,25.21,40.19,932.0,262.7,260.1,263.6,60.0,59.9,74.7,0.0,274.9,274.0,274.3,213.9,25.74,215.4,601.0,1374435.0,41223.0,126820.0,0.993,0.979,0.748,0.921,102.7,103.8,102.5,102.1,102.9,101.8,88.5,32.62,32.97,32.57,32.42,32.69,32.33,28.1,43483.0,44147.0,43704.0,43554.0,44440.0,42180.0,38216.0,,0.0,0.0,,,2.0,-1.0,13.54,0.017,0.239,3.0,2.0,0.0,0.0,41.3,41.45,45.96,44.28,45.21,41.33,45.52,43.0,45.09,47.26
2016-06-09 13:38:00-05:00,953.9989,972.7655,505731,31.15,0.0,956.0,25.29,318.1,278.7,277.0,273.8,258.5,258.0,258.6,317.3,748.5,60.15,214.3,1383948.0,318.7,237.5,5.0,0.0,0.0,0.0,0.0,0.0,0.0,0.0,0.0,25.32,40.09,931.0,262.3,259.8,263.2,60.0,59.9,74.7,0.0,274.8,274.0,274.1,213.5,25.73,215.1,601.0,1374439.0,41223.0,126820.0,0.993,0.979,0.748,0.921,102.3,103.0,101.7,101.9,102.8,101.0,87.9,32.54,32.76,32.33,32.4,32.7,32.13,27.95,43483.0,44147.0,43705.0,43555.0,44440.0,42180.0,38217.0,,0.0,0.0,,,2.5,-1.0,13.54,0.017,0.239,3.0,2.0,0.0,0.0,41.42,42.06,46.34,44.9,45.73,41.99,45.83,43.75,45.38,47.36
2016-06-09 13:39:00-05:00,949.24677,966.04095,505732,31.16,0.0,950.0,25.39,318.1,278.8,276.9,273.8,257.3,256.7,257.3,317.5,744.2,60.14,213.2,1383951.0,319.0,236.2,5.0,0.0,0.0,0.0,0.0,0.0,0.0,0.0,0.0,25.43,40.72,926.0,260.9,258.5,261.7,60.0,59.9,74.7,0.0,274.8,274.0,274.1,212.4,25.58,213.9,601.0,1374443.0,41223.0,126821.0,0.993,0.979,0.748,0.921,101.6,102.5,101.3,101.2,102.3,100.5,87.6,32.31,32.62,32.23,32.19,32.53,31.97,27.86,43484.0,44148.0,43705.0,43555.0,44441.0,42181.0,38217.0,,0.0,0.0,,,2.0,-1.0,13.54,0.017,0.239,3.0,2.0,0.0,0.0,41.84,42.43,46.37,44.97,45.58,41.87,45.96,43.97,45.6,47.36
2016-06-09 13:40:00-05:00,945.6827,963.7994,505733,31.16,0.0,947.0,25.16,317.6,278.8,276.9,273.9,256.6,256.0,256.6,317.2,743.4,60.15,212.6,1383954.0,318.7,235.8,5.0,0.0,0.0,0.0,0.0,0.0,0.0,0.0,0.0,25.06,39.67,923.0,260.2,257.8,261.0,60.0,59.9,74.7,0.0,274.8,273.8,274.4,211.8,25.49,213.4,601.0,1374446.0,41223.0,126821.0,0.993,0.979,0.748,0.921,101.5,102.3,100.9,101.1,102.2,100.2,87.3,32.24,32.5,32.05,32.1,32.47,31.82,27.73,43484.0,44148.0,43706.0,43556.0,44441.0,42181.0,38217.0,,0.0,0.0,,,3.0,-1.0,13.54,0.017,0.239,3.0,2.0,0.0,0.0,41.1,41.73,46.26,44.64,45.33,41.14,45.81,43.26,45.7,47.36
2016-06-09 13:41:00-05:00,945.6827,963.7994,505734,31.19,0.0,948.0,24.87,318.1,278.9,276.9,273.8,257.4,256.7,257.3,317.6,744.3,60.15,213.2,1383958.0,319.2,236.4,5.0,0.0,0.0,0.0,0.0,0.0,0.0,0.0,0.0,24.82,38.62,923.0,260.9,258.5,261.8,60.0,59.9,74.7,0.0,275.0,274.0,274.2,212.4,25.56,213.9,601.0,1374450.0,41223.0,126822.0,0.993,0.979,0.748,0.921,101.7,102.7,101.2,101.3,102.3,100.5,87.5,32.37,32.67,32.2,32.21,32.55,31.98,27.83,43485.0,44149.0,43706.0,43556.0,44442.0,42182.0,38218.0,,0.0,0.0,,,2.5,-1.0,13.54,0.017,0.239,3.0,2.0,0.0,0.0,40.17,40.7,45.68,43.83,44.59,40.43,45.19,42.42,44.89,47.36
2016-06-09 13:42:00-05:00,945.6827,962.6786,505735,31.21,0.0,947.0,24.88,318.9,278.9,276.9,273.8,257.5,256.8,257.4,318.1,743.4,60.15,213.4,1383961.0,319.9,236.5,5.0,0.0,0.0,0.0,0.0,0.0,0.0,0.0,0.0,24.84,37.98,923.0,261.1,258.7,261.9,60.0,59.9,74.7,0.0,274.9,273.9,274.4,212.6,25.57,214.1,601.0,1374453.0,41223.0,126822.0,0.993,0.979,0.748,0.921,101.5,102.3,101.1,101.2,102.1,100.1,87.3,32.38,32.63,32.23,32.29,32.56,31.92,27.84,43485.0,44149.0,43707.0,43557.0,44442.0,42182.0,38218.0,,0.0,0.0,,,2.5,-1.0,13.54,0.017,0.239,3.0,2.0,0.0,0.0,39.4,40.49,45.35,43.51,44.38,40.12,44.8,42.16,44.72,47.36
2016-06-09 13:43:00-05:00,942.8313,960.43713,505736,31.23,0.0,944.0,25.09,319.2,278.7,276.9,273.8,256.7,256.1,256.7,318.9,739.8,60.14,212.7,1383965.0,321.8,235.9,5.0,0.0,0.0,0.0,0.0,0.0,0.0,0.0,0.0,25.0,38.45,920.0,260.2,257.8,261.0,60.0,59.9,74.7,0.0,275.0,274.0,274.2,211.8,25.43,213.3,601.0,1374457.0,41223.0,126822.0,0.993,0.979,0.748,0.921,100.8,102.1,100.6,100.6,101.5,99.9,86.9,32.16,32.59,32.12,32.1,32.38,31.88,27.74,43486.0,44150.0,43707.0,43557.0,44443.0,42183.0,38219.0,,0.0,0.0,,,2.0,-1.0,13.54,0.018,0.239,3.0,2.0,0.0,0.0,39.72,40.91,45.55,43.85,44.61,40.65,45.15,42.58,44.95,47.36
2016-06-09 13:44:00-05:00,939.0296,955.9541,505737,31.23,0.0,940.0,25.13,319.3,279.0,276.8,273.7,255.6,255.1,255.6,318.1,737.1,60.15,211.8,1383968.0,319.0,234.5,5.0,0.0,0.0,0.0,0.0,0.0,0.0,0.0,0.0,25.15,39.34,917.0,259.1,256.7,259.9,60.0,59.9,74.7,0.0,275.0,274.0,274.1,211.0,25.27,212.5,601.0,1374460.0,41223.0,126823.0,0.993,0.979,0.748,0.921,100.4,101.4,100.6,100.4,100.9,99.3,86.9,32.06,32.37,32.13,32.05,32.22,31.69,27.74,43486.0,44150.0,43708.0,43558.0,44443.0,42183.0,38219.0,,0.0,0.0,,,2.0,-1.0,13.54,0.018,0.238,3.0,2.0,0.0,0.0,40.51,41.62,45.77,44.37,44.86,41.44,45.29,42.99,45.16,47.36
2016-06-09 13:45:00-05:00,937.2475,953.7125,505738,31.26,0.0,938.0,25.21,318.9,278.5,276.9,273.8,255.3,254.6,255.2,318.0,735.6,60.14,211.4,1383972.0,318.4,233.9,5.0,0.0,0.0,0.0,0.0,0.0,0.0,0.0,0.0,25.23,40.12,915.0,258.6,256.2,259.4,60.0,59.9,74.7,0.0,274.7,273.7,274.0,210.4,25.21,211.9,601.0,1374464.0,41223.0,126823.0,0.993,0.979,0.748,0.921,100.1,101.2,100.4,100.1,100.8,98.9,86.8,31.93,32.26,32.01,31.93,32.14,31.55,27.68,43487.0,44151.0,43708.0,43558.0,44444.0,42184.0,38220.0,,0.0,0.0,,,2.0,-1.0,13.54,0.018,0.238,3.0,2.0,0.0,0.0,41.4,42.06,45.99,44.76,45.11,41.82,45.37,43.47,45.43,47.36
2016-06-09 13:46:00-05:00,937.1287,953.7125,505739,31.26,0.0,938.0,25.32,318.9,278.5,276.7,273.6,255.2,254.6,255.1,318.1,735.7,60.15,211.3,1383975.0,320.7,234.0,5.0,0.0,0.0,0.0,0.0,0.0,0.0,0.0,0.0,25.29,40.33,914.0,258.5,256.2,259.4,60.0,59.9,74.7,0.0,274.2,273.3,274.0,210.3,25.24,211.8,601.0,1374467.0,41223.0,126824.0,0.993,0.979,0.748,0.921,100.6,101.2,99.6,100.3,101.4,99.2,86.2,32.07,32.27,31.75,31.98,32.34,31.62,27.48,43487.0,44151.0,43709.0,43559.0,44444.0,42184.0,38220.0,,0.0,0.0,,,2.5,-1.0,13.54,0.018,0.238,3.0,2.0,0.0,0.0,41.92,41.55,45.78,44.23,44.43,41.41,45.35,42.59,45.72,47.36
2016-06-09 13:47:00-05:00,934.515,950.3503,505740,31.29,0.0,935.0,25.33,319.4,278.4,277.0,273.8,254.4,254.0,254.5,318.7,732.8,60.15,210.8,1383979.0,320.4,233.5,5.0,0.0,0.0,0.0,0.0,0.0,0.0,0.0,0.0,25.32,40.22,912.0,257.7,255.4,258.4,60.0,59.9,74.7,0.0,274.5,273.6,274.3,209.7,25.15,211.2,601.0,1374471.0,41223.0,126824.0,0.993,0.979,0.748,0.921,100.0,100.7,99.8,99.8,100.7,98.7,86.1,31.95,32.15,31.86,31.89,32.18,31.53,27.5,43488.0,44152.0,43709.0,43559.0,44445.0,42185.0,38221.0,,0.0,0.0,,,2.0,-1.0,13.54,0.018,0.238,3.0,2.0,0.0,0.0,42.04,41.77,45.61,44.06,44.72,41.22,45.31,42.57,45.83,47.36
2016-06-09 13:48:00-05:00,928.8124,944.7464,505741,31.3,0.0,930.0,25.55,318.8,278.6,276.6,273.5,253.1,252.3,252.9,318.1,729.4,60.14,209.4,1383982.0,318.9,232.0,5.0,0.0,0.0,0.0,0.0,0.0,0.0,0.0,0.0,25.55,41.28,906.0,256.2,253.9,256.9,60.0,59.9,74.7,0.0,274.0,273.5,274.0,208.4,24.95,209.9,601.0,1374474.0,41223.0,126825.0,0.993,0.979,0.748,0.921,99.6,100.3,99.1,99.2,100.3,98.4,85.5,31.76,31.97,31.58,31.63,31.97,31.36,27.27,43488.0,44152.0,43710.0,43559.0,44445.0,42185.0,38221.0,,0.0,0.0,,,2.0,-1.0,13.54,0.018,0.238,3.0,2.0,0.0,0.0,43.01,42.62,46.06,44.7,45.09,42.12,45.49,43.54,46.01,47.36
2016-06-09 13:49:00-05:00,929.40643,944.7464,505742,31.33,0.0,930.0,25.19,318.4,278.5,276.6,273.5,253.5,252.7,253.4,317.7,731.8,60.15,209.7,1383986.0,318.9,232.5,5.0,0.0,0.0,0.0,0.0,0.0,0.0,0.0,0.0,25.01,40.26,907.0,256.7,254.4,257.4,60.0,59.9,74.7,0.0,274.0,273.2,274.0,208.8,25.04,210.3,601.0,1374478.0,41223.0,126825.0,0.993,0.979,0.748,0.921,100.0,100.8,99.3,99.4,100.4,99.0,85.7,31.85,32.08,31.63,31.65,31.96,31.51,27.28,43489.0,44153.0,43710.0,43560.0,44446.0,42186.0,38222.0,,0.0,0.0,,,2.0,-1.0,13.54,0.018,0.238,3.0,2.0,0.0,0.0,42.4,42.09,45.59,43.94,44.33,40.99,45.1,42.64,45.28,47.41
2016-06-09 13:50:00-05:00,930.71326,945.8672,505743,31.35,0.0,931.0,25.01,318.8,278.4,276.6,273.4,254.0,253.3,253.9,318.3,732.3,60.14,210.1,1383989.0,318.9,233.1,5.0,0.0,0.0,0.0,0.0,0.0,0.0,0.0,0.0,25.05,39.64,907.0,257.3,255.0,258.1,60.0,59.9,74.7,0.0,274.0,273.0,274.0,209.2,25.09,210.7,601.0,1374481.0,41223.0,126825.0,0.993,0.979,0.748,0.921,99.9,100.6,99.4,99.3,99.9,98.8,85.6,31.85,32.07,31.68,31.67,31.85,31.51,27.29,43489.0,44153.0,43711.0,43560.0,44446.0,42186.0,38222.0,,0.0,0.0,,,2.0,-1.0,13.54,0.018,0.238,3.0,2.0,0.0,0.0,41.39,41.4,45.21,43.67,44.24,40.51,44.81,42.39,44.12,47.46
2016-06-09 13:51:00-05:00,926.0799,941.38416,505744,31.37,0.0,926.0,25.44,319.9,278.0,276.6,273.4,252.7,252.0,252.6,319.8,725.1,60.13,208.9,1383992.0,321.6,231.8,5.0,0.0,0.0,0.0,0.0,0.0,0.0,0.0,0.0,25.61,41.91,902.0,255.7,253.5,256.5,60.0,59.9,74.7,0.0,274.0,273.0,274.0,207.9,24.86,209.4,601.0,1374485.0,41223.0,126826.0,0.993,0.979,0.748,0.921,99.3,99.5,98.5,98.4,99.2,98.0,84.7,31.76,31.84,31.5,31.48,31.75,31.37,27.1,43490.0,44153.0,43711.0,43561.0,44447.0,42186.0,38223.0,,0.0,0.0,,,2.5,-1.0,13.54,0.018,0.238,3.0,2.0,0.0,0.0,42.92,42.42,45.78,44.38,44.93,41.87,45.26,43.7,44.57,47.46
2016-06-09 13:52:00-05:00,924.65424,939.1426,505745,31.39,0.0,925.0,25.37,318.8,277.9,276.4,273.2,252.0,251.3,251.9,317.7,725.5,60.13,208.2,1383996.0,321.0,230.5,5.0,0.0,0.0,0.0,0.0,0.0,0.0,0.0,0.0,25.39,42.38,901.0,255.1,252.9,255.8,60.0,59.9,74.7,0.0,274.0,273.0,274.0,207.2,24.78,208.7,601.0,1374488.0,41223.0,126826.0,0.993,0.979,0.748,0.921,99.2,99.8,98.7,98.1,99.1,98.4,85.0,31.63,31.83,31.46,31.29,31.6,31.36,27.08,43490.0,44154.0,43711.0,43561.0,44447.0,42187.0,38223.0,,0.0,0.0,,,2.0,-1.0,13.54,0.018,0.238,3.0,2.0,0.0,0.0,43.73,42.92,45.87,44.34,44.99,41.6,45.53,43.51,44.73,47.46
2016-06-09 13:53:00-05:00,922.6346,936.9011,505746,31.41,0.0,923.0,25.21,317.9,278.2,276.3,273.1,251.4,250.8,251.4,317.4,725.2,60.14,207.7,1383999.0,317.6,230.2,5.0,0.0,0.0,0.0,0.0,0.0,0.0,0.0,0.0,25.23,41.69,899.0,254.3,252.1,255.0,60.0,59.9,74.7,0.0,274.0,273.0,274.0,206.6,24.68,208.1,601.0,1374492.0,41223.0,126827.0,0.993,0.979,0.748,0.921,99.5,99.7,98.4,98.5,99.1,98.1,84.6,31.62,31.68,31.29,31.29,31.51,31.18,26.9,43491.0,44154.0,43712.0,43562.0,44447.0,42187.0,38224.0,,0.0,0.0,,,2.0,-1.0,13.54,0.018,0.238,3.0,2.0,0.0,0.0,43.37,42.64,46.11,44.32,44.99,41.34,45.5,43.46,44.84,47.53
2016-06-09 13:54:00-05:00,919.9021,934.65955,505747,31.44,0.0,920.0,25.54,318.3,277.9,276.2,273.1,250.6,249.9,250.5,317.9,721.7,60.15,206.9,1384003.0,319.4,229.4,5.0,0.0,0.0,0.0,0.0,0.0,0.0,0.0,0.0,25.7,42.64,896.0,253.5,251.4,254.2,60.0,59.9,74.7,0.0,274.0,273.0,274.0,205.9,24.58,207.3,601.0,1374495.0,41223.0,126827.0,0.993,0.979,0.748,0.921,98.8,99.4,98.1,97.9,98.7,97.9,84.4,31.45,31.64,31.22,31.15,31.42,31.15,26.88,43491.0,44155.0,43712.0,43562.0,44448.0,42188.0,38224.0,,0.0,0.0,,,2.0,-1.0,13.54,0.018,0.238,3.0,2.0,0.0,0.0,44.33,43.46,46.29,44.8,45.06,42.65,45.65,44.28,45.33,47.5
2016-06-09 13:55:00-05:00,918.47644,932.4181,505748,31.45,0.0,918.0,25.41,318.3,278.0,276.1,273.1,249.9,249.1,249.7,317.6,719.7,60.14,206.3,1384006.0,319.6,228.6,5.0,0.0,0.0,0.0,0.0,0.0,0.0,0.0,0.0,25.57,42.81,894.0,252.6,250.6,253.3,60.0,59.9,74.7,0.0,274.0,273.0,274.0,205.2,24.5,206.7,601.0,1374498.0,41223.0,126827.0,0.993,0.979,0.748,0.921,98.3,98.8,97.7,97.7,98.4,97.2,84.2,31.27,31.43,31.11,31.1,31.33,30.95,26.8,43491.0,44155.0,43713.0,43563.0,44448.0,42188.0,38224.0,,0.0,0.0,,,2.0,-1.0,13.54,0.018,0.238,3.0,2.0,0.0,0.0,44.86,43.77,46.6,45.36,45.44,43.45,45.81,44.48,46.04,47.54
2016-06-09 13:56:00-05:00,918.71405,931.2973,505749,31.47,0.0,918.0,25.24,316.9,277.7,276.1,273.0,249.7,248.9,249.5,316.3,721.9,60.14,206.0,1384009.0,317.8,228.3,5.0,0.0,0.0,0.0,0.0,0.0,0.0,0.0,0.0,25.44,43.2,894.0,252.6,250.5,253.1,60.0,59.9,74.7,0.0,274.0,273.0,274.0,205.0,24.49,206.5,601.0,1374502.0,41223.0,126828.0,0.993,0.979,0.748,0.921,98.7,99.2,98.3,98.0,98.8,97.8,84.6,31.27,31.42,31.14,31.04,31.29,30.97,26.8,43492.0,44156.0,43713.0,43563.0,44449.0,42189.0,38225.0,,0.0,0.0,,,2.0,-1.0,13.54,0.018,0.238,3.0,2.0,0.0,0.0,45.18,44.07,46.66,45.3,45.35,43.51,45.78,44.52,46.14,47.51
2016-06-09 13:57:00-05:00,915.1499,927.93506,505750,31.5,0.0,914.0,25.26,317.7,277.8,276.4,273.3,248.5,247.6,248.2,317.7,717.3,60.17,205.1,1384013.0,318.7,227.9,5.0,0.0,0.0,0.0,0.0,0.0,0.0,0.0,0.0,25.45,43.16,890.0,251.2,249.2,251.8,60.0,59.9,74.7,0.0,274.0,273.0,274.0,204.1,24.27,205.5,601.0,1374505.0,41223.0,126828.0,0.993,0.979,0.748,0.921,97.9,98.4,97.5,97.6,98.1,96.9,83.8,31.12,31.26,30.96,31.01,31.17,30.79,26.63,43492.0,44156.0,43714.0,43564.0,44449.0,42189.0,38225.0,,0.0,0.0,,,2.0,-1.0,13.54,0.018,0.238,3.0,2.0,0.0,0.0,45.31,44.3,46.98,45.68,45.82,43.86,46.02,44.85,46.29,47.58
2016-06-09 13:58:00-05:00,906.2396,918.96893,505751,31.51,0.0,905.0,25.52,318.1,277.8,276.2,273.2,247.1,246.3,246.9,317.7,711.8,60.22,203.9,1384016.0,319.6,226.1,5.0,0.0,0.0,0.0,0.0,0.0,0.0,0.0,0.0,25.75,42.75,883.0,249.5,247.7,250.0,60.0,59.9,74.7,0.0,274.0,273.0,274.0,202.7,24.17,204.2,601.0,1374509.0,41223.0,126829.0,0.993,0.979,0.748,0.921,97.1,97.6,96.6,96.6,97.5,96.1,83.1,30.9,31.05,30.73,30.71,31.01,30.55,26.43,43493.0,44157.0,43714.0,43564.0,44450.0,42190.0,38226.0,,0.0,0.0,,,2.0,-1.0,13.54,0.018,0.238,3.0,2.0,0.0,0.0,45.17,43.62,46.22,45.2,45.07,43.12,45.65,44.23,45.92,47.6
2016-06-09 13:59:00-05:00,911.467,924.57275,505752,31.54,0.0,910.0,25.4,316.9,278.0,276.0,273.0,248.0,247.3,247.8,316.1,717.8,60.15,204.7,1384019.0,319.5,226.9,5.0,0.0,0.0,0.0,0.0,0.0,0.0,0.0,0.0,25.42,42.05,887.0,250.9,248.9,251.4,60.0,59.9,74.7,0.0,274.0,273.0,274.0,203.7,24.29,205.2,601.0,1374512.0,41223.0,126829.0,0.993,0.979,0.748,0.921,97.8,98.6,97.9,97.1,98.2,97.1,84.4,30.99,31.26,31.02,30.78,31.13,30.76,26.74,43493.0,44157.0,43715.0,43565.0,44450.0,42190.0,38226.0,,0.0,0.0,,,2.0,-1.0,13.54,0.018,0.238,3.0,2.0,0.0,0.0,44.53,43.39,46.26,45.16,45.19,42.78,45.63,44.36,45.7,47.72
2016-06-09 14:00:00-05:00,908.14044,921.2104,505753,31.55,0.0,906.0,25.37,318.2,277.8,276.0,273.0,247.9,247.0,247.6,317.2,714.4,60.15,204.5,1384023.0,319.7,226.6,5.0,0.0,0.0,0.0,0.0,0.0,0.0,0.0,0.0,25.41,41.62,884.0,250.6,248.6,251.2,60.0,59.9,74.7,0.0,274.0,273.0,274.0,203.4,24.23,204.9,601.0,1374515.0,41223.0,126830.0,0.993,0.979,0.748,0.921,97.2,97.7,97.1,97.2,97.8,96.1,83.8,30.92,31.1,30.9,30.91,31.12,30.58,26.66,43494.0,44158.0,43715.0,43565.0,44451.0,42191.0,38227.0,,0.0,0.0,,,2.0,-1.0,13.54,0.018,0.238,3.0,2.0,0.0,0.0,43.81,42.86,46.09,44.6,44.71,41.94,45.52,43.44,45.66,47.74
2016-06-09 14:01:00-05:00,904.81396,917.84814,505754,31.56,0.0,903.0,25.3,319.6,277.8,276.2,273.2,248.0,247.0,247.7,319.0,711.8,60.18,204.6,1384026.0,320.2,227.0,5.0,0.0,0.0,0.0,0.0,0.0,0.0,0.0,0.0,25.27,40.72,880.0,250.5,248.6,251.1,60.0,59.9,74.7,0.0,274.0,273.0,274.0,203.5,24.24,204.9,601.0,1374519.0,41223.0,126830.0,0.993,0.979,0.748,0.921,97.1,97.6,96.3,96.5,97.5,96.0,83.0,31.04,31.19,30.78,30.86,31.16,30.7,26.54,43494.0,44158.0,43716.0,43566.0,44451.0,42191.0,38227.0,5.688,285.9,15.38,8.1,3.528,2.0,-1.0,13.54,0.019,0.238,3.0,2.0,0.0,0.0,42.88,41.85,45.25,43.76,44.04,41.12,44.76,42.5,44.57,47.78
2016-06-09 14:02:00-05:00,905.40796,918.96893,505755,31.58,0.0,904.0,25.47,319.7,277.8,276.4,273.3,248.3,247.2,247.9,318.8,712.9,60.22,204.8,1384029.0,320.7,227.3,5.0,0.0,0.0,0.0,0.0,0.0,0.0,0.0,0.0,25.46,41.16,881.0,251.0,249.0,251.6,60.0,59.9,74.7,0.0,274.0,273.0,274.0,203.9,24.29,205.4,601.0,1374522.0,41223.0,126830.0,0.993,0.979,0.748,0.921,97.3,97.8,96.7,96.5,97.6,96.2,83.4,31.12,31.27,30.93,30.86,31.19,30.77,26.66,43495.0,44159.0,43716.0,43566.0,44452.0,42192.0,38228.0,,0.0,0.0,,,2.545,-1.0,13.54,0.019,0.238,3.0,2.0,0.0,0.0,43.21,41.81,45.05,43.56,43.88,40.9,44.5,42.03,44.17,47.8
2016-06-09 14:03:00-05:00,906.00195,918.96893,505756,31.58,0.0,904.0,25.44,320.6,278.0,276.0,273.0,248.0,247.4,247.9,319.4,710.1,60.22,204.7,1384033.0,321.2,226.8,5.0,0.0,0.0,0.0,0.0,0.0,0.0,0.0,0.0,25.66,42.13,881.0,250.8,248.9,251.3,60.0,59.9,74.7,0.0,274.0,273.0,274.0,203.6,24.29,205.1,601.0,1374526.0,41223.0,126831.0,0.993,0.979,0.748,0.921,96.8,97.5,96.2,96.3,97.2,95.9,83.1,31.04,31.27,30.85,30.87,31.17,30.75,26.64,43495.0,44159.0,43717.0,43566.0,44452.0,42192.0,38228.0,2.053,265.5,26.5,3.5,3.528,2.0,-1.0,13.54,0.019,0.24,3.0,2.0,0.0,0.0,44.0,42.71,45.57,44.34,44.2,42.35,44.9,43.66,44.99,47.77
2016-06-09 14:04:00-05:00,903.3883,915.60657,505757,31.58,0.0,901.0,25.16,320.2,277.9,276.0,272.9,247.4,246.6,247.2,320.1,707.8,60.22,204.0,1384036.0,321.5,226.5,5.0,0.0,0.0,0.0,0.0,0.0,0.0,0.0,0.0,25.3,40.91,878.0,249.9,248.1,250.4,60.0,59.9,74.7,0.0,274.0,273.0,274.0,202.9,24.22,204.4,601.0,1374529.0,41223.0,126831.0,0.993,0.979,0.748,0.921,96.6,97.2,96.1,96.0,97.0,95.6,82.9,30.93,31.12,30.78,30.75,31.06,30.61,26.54,43496.0,44159.0,43717.0,43567.0,44453.0,42192.0,38229.0,3.062,297.7,9.77,5.0,3.53,2.0,-1.0,13.54,0.019,0.24,3.0,2.0,0.0,0.0,42.83,42.19,45.55,44.45,44.75,41.87,45.08,43.18,44.84,47.78
2016-06-09 14:05:00-05:00,897.68567,910.00287,505758,31.58,0.0,895.0,25.26,319.4,277.7,276.0,273.0,246.0,245.1,245.7,319.5,704.9,60.17,202.7,1384039.0,320.1,225.2,5.0,0.0,0.0,0.0,0.0,0.0,0.0,0.0,0.0,25.31,40.92,873.0,248.4,246.5,248.8,60.0,59.9,74.7,0.0,274.0,273.0,274.0,201.6,23.97,203.0,601.0,1374532.0,41223.0,126832.0,0.993,0.979,0.748,0.921,96.1,96.9,95.8,95.6,96.2,95.3,82.5,30.69,30.94,30.6,30.53,30.73,30.43,26.36,43496.0,44160.0,43718.0,43567.0,44453.0,42193.0,38229.0,4.118,307.1,15.57,6.2,3.53,2.0,-1.0,13.54,0.019,0.239,3.0,2.0,0.0,0.0,42.23,41.95,45.78,44.36,44.71,41.48,45.15,43.12,44.71,47.69
2016-06-09 14:06:00-05:00,894.47797,906.6405,505759,31.61,0.0,891.0,25.5,320.2,278.1,276.4,273.4,245.7,244.7,245.3,319.0,703.8,60.18,202.8,1384043.0,320.7,224.5,5.0,0.0,0.0,0.0,0.0,0.0,0.0,0.0,0.0,25.51,39.22,870.0,248.0,246.2,248.5,60.0,59.9,74.7,0.0,274.0,273.0,274.0,201.7,23.97,203.1,601.0,1374536.0,41223.0,126832.0,0.976,0.979,0.748,0.921,96.1,96.5,95.5,95.3,95.8,95.0,82.2,30.78,30.89,30.57,30.53,30.68,30.4,26.32,43497.0,44160.0,43718.0,43568.0,44453.0,42193.0,38230.0,5.89,315.0,14.36,9.1,3.53,2.0,-1.0,13.54,0.019,0.239,3.0,2.0,0.0,0.0,40.94,40.8,44.99,43.33,44.02,40.26,44.71,42.04,43.33,47.66
2016-06-09 14:07:00-05:00,890.79504,902.1575,505760,31.62,0.0,888.0,25.35,321.5,277.9,276.4,273.4,245.7,244.7,245.4,321.0,700.3,60.14,202.8,1384046.0,323.4,224.8,5.0,0.0,0.0,0.0,0.0,0.0,0.0,0.0,0.0,25.35,38.14,866.0,247.9,246.1,248.4,60.0,59.9,74.7,0.0,274.0,273.0,274.0,201.5,23.93,202.9,601.0,1374539.0,41223.0,126832.0,0.993,0.979,0.748,0.921,95.6,96.4,95.0,94.6,95.1,94.9,81.7,30.74,30.98,30.55,30.42,30.58,30.52,26.27,43497.0,44161.0,43718.0,43568.0,44454.0,42194.0,38230.0,,0.0,0.0,,,2.0,-1.0,13.54,0.019,0.239,3.0,2.0,0.0,0.0,39.66,39.97,44.22,42.55,43.21,39.48,43.87,40.97,42.26,47.7
2016-06-09 14:08:00-05:00,897.3292,908.8821,505761,31.62,0.0,894.0,25.23,321.2,278.2,276.3,273.3,247.3,246.3,247.0,320.6,706.5,60.14,204.2,1384049.0,321.9,226.5,5.0,0.0,0.0,0.0,0.0,0.0,0.0,0.0,0.0,25.13,37.51,872.0,249.8,247.8,250.3,60.0,59.9,74.7,0.0,274.0,273.0,274.0,203.1,24.14,204.5,601.0,1374542.0,41223.0,126833.0,0.993,0.979,0.748,0.921,96.7,97.1,96.0,95.7,96.3,95.6,82.5,31.04,31.18,30.82,30.73,30.92,30.7,26.51,43497.0,44161.0,43719.0,43569.0,44454.0,42194.0,38231.0,4.688,287.9,13.5,6.6,3.528,2.0,-1.0,13.54,0.019,0.239,3.0,2.0,0.0,0.0,39.02,39.35,43.79,41.95,42.6,39.03,43.14,40.29,42.48,47.64
2016-06-09 14:09:00-05:00,891.86426,903.27826,505762,31.62,0.0,888.0,25.33,323.3,277.8,276.3,273.3,246.1,245.1,245.7,323.0,698.0,60.15,203.0,1384053.0,324.5,225.4,5.0,0.0,0.0,0.0,0.0,0.0,0.0,0.0,0.0,25.25,38.13,867.0,248.4,246.7,248.9,60.0,59.9,74.7,0.0,274.0,273.0,274.0,201.9,24.02,203.3,601.0,1374546.0,41223.0,126833.0,0.993,0.979,0.748,0.921,95.3,95.9,94.7,94.6,95.1,94.2,81.5,30.82,30.99,30.62,30.58,30.73,30.46,26.34,43498.0,44162.0,43719.0,43569.0,44455.0,42195.0,38231.0,3.44,273.5,18.43,4.9,3.53,2.0,-1.0,13.54,0.019,0.239,3.0,2.0,0.0,0.0,39.56,39.88,43.62,42.01,42.74,39.56,43.2,40.91,42.79,47.68
2016-06-09 14:10:00-05:00,887.2309,898.79517,505763,31.62,0.0,883.0,25.44,323.1,277.9,276.3,273.3,244.5,243.5,244.1,322.5,693.8,60.14,201.7,1384056.0,324.3,223.7,5.0,0.0,0.0,0.0,0.0,0.0,0.0,0.0,0.0,25.47,39.01,863.0,246.7,245.1,247.1,60.0,59.9,74.7,0.0,274.0,273.0,274.0,200.6,23.84,202.0,601.0,1374549.0,41223.0,126834.0,0.993,0.979,0.748,0.921,94.7,95.3,94.3,94.1,94.4,93.6,80.9,30.58,30.8,30.47,30.39,30.51,30.24,26.14,43498.0,44162.0,43720.0,43570.0,44455.0,42195.0,38231.0,3.79,281.5,13.54,6.9,3.528,2.0,-1.0,13.54,0.019,0.239,3.0,2.0,0.0,0.0,40.39,40.41,43.96,42.44,42.93,40.08,43.57,41.54,43.2,47.7
2016-06-09 14:11:00-05:00,887.4685,897.6744,505764,31.63,0.0,883.0,25.49,322.2,278.1,276.3,273.3,244.7,243.7,244.3,321.7,696.1,60.14,202.0,1384059.0,323.2,223.9,5.0,0.0,0.0,0.0,0.0,0.0,0.0,0.0,0.0,25.49,38.67,862.0,246.8,245.1,247.3,60.0,59.9,74.7,0.0,274.0,273.0,274.0,200.7,23.84,202.1,601.0,1374552.0,41223.0,126834.0,0.993,0.979,0.748,0.921,94.9,95.6,94.7,94.4,94.8,93.9,81.3,30.58,30.79,30.51,30.42,30.54,30.26,26.19,43499.0,44163.0,43720.0,43570.0,44456.0,42196.0,38232.0,4.387,281.7,14.17,6.8,3.53,2.0,-1.0,13.54,0.019,0.238,3.0,2.0,0.0,0.0,40.62,40.35,43.82,42.14,42.73,39.47,43.45,40.84,43.23,47.66
2016-06-09 14:12:00-05:00,882.1223,892.63104,505765,31.65,0.0,877.0,25.55,322.4,278.0,276.3,273.3,243.6,242.6,243.2,322.0,692.6,60.15,201.0,1384062.0,323.3,223.0,5.0,0.0,0.0,0.0,0.0,0.0,0.0,0.0,0.0,25.6,38.92,857.0,245.7,244.1,246.2,60.0,59.9,74.7,0.0,274.0,273.0,274.0,199.8,23.67,201.2,601.0,1374556.0,41223.0,126834.0,0.993,0.979,0.748,0.921,94.4,95.0,94.1,94.0,94.3,93.4,80.9,30.44,30.61,30.33,30.31,30.41,30.12,26.08,43499.0,44163.0,43721.0,43571.0,44456.0,42196.0,38232.0,4.897,281.9,14.63,6.9,3.53,2.0,-1.0,13.54,0.019,0.238,3.0,2.0,0.0,0.0,40.81,40.28,43.52,41.78,42.6,39.28,43.32,40.47,43.09,47.66
2016-06-09 14:13:00-05:00,883.548,894.2001,505766,31.64,0.0,878.0,25.35,323.0,278.1,276.4,273.4,244.4,243.5,244.1,322.5,693.6,60.13,201.7,1384066.0,325.0,223.7,5.0,0.0,0.0,0.0,0.0,0.0,0.0,0.0,0.0,25.22,38.36,858.0,246.5,244.7,247.0,60.0,59.9,74.7,0.0,274.0,273.0,274.0,200.5,23.76,201.9,601.0,1374559.0,41223.0,126835.0,0.993,0.979,0.748,0.921,94.5,95.1,94.4,94.3,94.3,93.6,81.1,30.5,30.71,30.49,30.44,30.47,30.24,26.2,43500.0,44164.0,43721.0,43571.0,44457.0,42197.0,38233.0,4.645,286.7,10.67,6.5,3.53,2.0,-1.0,13.54,0.019,0.238,3.0,2.0,0.0,0.0,40.37,39.63,42.99,41.11,41.78,38.64,42.73,39.68,42.85,47.69
2016-06-09 14:14:00-05:00,881.88464,892.29474,505767,31.64,0.0,876.0,25.15,324.4,278.0,276.4,273.4,244.4,243.4,244.0,324.0,691.4,60.15,201.7,1384069.0,325.0,224.0,5.0,0.0,0.0,0.0,0.0,0.0,0.0,0.0,0.0,25.12,37.4,856.0,246.7,244.9,247.1,60.0,59.9,74.7,0.0,274.0,273.0,274.0,200.6,23.78,202.0,601.0,1374562.0,41223.0,126835.0,0.993,0.979,0.748,0.921,94.1,94.8,93.9,93.9,93.9,93.1,80.8,30.54,30.76,30.46,30.45,30.48,30.21,26.2,43500.0,44164.0,43722.0,43572.0,44457.0,42197.0,38233.0,,0.0,0.0,,,2.0,-1.0,13.54,0.019,0.238,3.0,2.0,0.0,0.0,39.37,38.54,42.26,40.56,41.3,37.87,42.15,39.07,42.23,47.72
2016-06-09 14:15:00-05:00,880.8154,890.7257,505768,31.64,0.0,874.0,25.27,324.3,277.7,276.3,273.3,244.2,243.2,243.9,323.5,690.8,60.15,201.5,1384072.0,325.8,223.5,5.0,0.0,0.0,0.0,0.0,0.0,0.0,0.0,0.0,25.2,37.12,855.0,246.4,244.7,246.8,60.0,59.9,74.7,0.0,274.0,273.0,274.0,200.3,23.76,201.7,601.0,1374566.0,41223.0,126836.0,0.993,0.979,0.748,0.921,94.0,94.7,93.8,93.8,94.0,93.1,80.7,30.49,30.69,30.42,30.43,30.49,30.18,26.15,43501.0,44165.0,43722.0,43572.0,44458.0,42198.0,38234.0,3.813,292.7,13.83,5.6,3.525,2.0,-1.0,13.54,0.019,0.238,3.0,2.0,0.0,0.0,38.87,38.94,42.37,40.78,41.7,38.47,42.31,39.49,42.0,47.58
2016-06-09 14:16:00-05:00,878.9146,888.37213,505769,31.65,0.0,872.0,25.3,324.2,277.6,276.3,273.3,243.5,242.5,243.1,323.4,688.7,60.15,200.8,1384076.0,325.1,222.7,5.0,0.0,0.0,0.0,0.0,0.0,0.0,0.0,0.0,25.2,37.08,853.0,245.7,244.0,246.1,60.0,59.9,74.7,0.0,274.0,273.0,274.0,199.7,23.66,201.1,601.0,1374569.0,41223.0,126836.0,0.993,0.979,0.748,0.921,93.7,94.4,93.5,93.5,93.6,92.7,80.4,30.38,30.59,30.32,30.31,30.36,30.05,26.08,43501.0,44165.0,43723.0,43573.0,44458.0,42198.0,38234.0,4.435,282.7,12.38,7.1,3.53,2.0,-1.0,13.54,0.019,0.238,3.0,2.0,0.0,0.0,38.72,39.21,42.59,41.1,41.9,38.8,42.36,39.63,42.31,47.6
2016-06-09 14:17:00-05:00,875.8257,884.6736,505770,31.62,0.0,869.0,25.5,324.0,277.4,276.2,273.2,242.6,241.5,242.2,323.4,686.2,60.16,199.9,1384079.0,324.9,221.9,5.0,0.0,0.0,0.0,0.0,0.0,0.0,0.0,0.0,25.49,37.99,850.0,244.7,243.1,245.1,60.0,59.9,74.7,0.0,274.0,273.0,274.0,198.8,23.55,200.2,601.0,1374572.0,41223.0,126836.0,0.993,0.979,0.748,0.921,93.4,94.0,93.0,93.2,93.4,92.5,80.0,30.25,30.46,30.13,30.19,30.26,29.98,25.92,43502.0,44166.0,43723.0,43573.0,44459.0,42199.0,38235.0,3.657,280.7,24.36,6.4,3.53,2.0,-1.0,13.54,0.019,0.238,3.0,2.0,0.0,0.0,39.53,39.44,42.71,41.27,41.93,39.11,42.51,40.13,42.58,47.58
2016-06-09 14:18:00-05:00,872.618,880.9751,505771,31.62,0.0,865.0,25.81,324.3,277.7,276.0,273.0,241.5,240.4,241.0,323.5,682.0,60.15,199.0,1384082.0,325.3,220.6,5.0,0.0,0.0,0.0,0.0,0.0,0.0,0.0,0.0,25.85,39.15,846.0,243.4,241.9,243.8,60.0,59.9,74.7,0.0,274.0,273.0,274.0,197.8,23.38,199.1,601.0,1374576.0,41223.0,126837.0,0.993,0.979,0.748,0.921,92.8,93.5,92.5,92.3,92.9,91.9,79.52,30.08,30.31,30.01,29.95,30.13,29.81,25.79,43502.0,44166.0,43724.0,43573.0,44459.0,42199.0,38235.0,3.413,279.9,11.44,4.7,3.527,2.0,-1.0,13.54,0.019,0.238,3.0,2.0,0.0,0.0,40.63,40.29,42.95,41.66,42.35,39.5,42.99,40.54,42.92,47.5
2016-06-09 14:19:00-05:00,871.7863,879.74225,505772,31.62,0.0,864.0,25.67,323.2,278.0,276.3,273.3,241.0,239.8,240.5,322.6,683.0,60.14,198.7,1384085.0,324.3,220.3,5.0,0.0,0.0,0.0,0.0,0.0,0.0,0.0,0.0,25.62,38.8,845.0,242.7,241.2,243.1,60.0,59.9,74.7,0.0,274.0,273.0,274.0,197.4,23.34,198.8,601.0,1374579.0,41223.0,126837.0,0.993,0.979,0.748,0.921,93.0,93.5,92.8,92.7,93.0,92.1,79.74,30.05,30.23,29.97,29.96,30.06,29.77,25.77,43503.0,44167.0,43724.0,43574.0,44460.0,42199.0,38236.0,3.725,288.0,12.74,5.9,3.53,2.0,-1.0,13.54,0.019,0.238,3.0,2.0,0.0,0.0,40.16,40.29,42.96,41.69,42.39,39.1,42.96,40.26,42.92,47.52
2016-06-09 14:20:00-05:00,868.935,876.82825,505773,31.62,0.0,861.0,25.62,324.3,277.9,276.3,273.3,240.0,239.1,239.7,324.0,678.0,60.14,198.0,1384089.0,325.3,219.6,5.0,0.0,0.0,0.0,0.0,0.0,0.0,0.0,0.0,25.58,38.79,842.0,241.7,240.3,242.0,60.0,59.9,74.7,0.0,274.0,273.0,274.0,196.6,23.21,197.9,601.0,1374582.0,41223.0,126837.0,0.993,0.979,0.748,0.921,92.1,92.9,91.9,91.7,92.3,91.4,79.1,29.88,30.11,29.82,29.75,29.92,29.64,25.65,43503.0,44167.0,43725.0,43574.0,44460.0,42200.0,38236.0,2.895,278.8,13.3,4.3,3.53,2.0,-1.0,13.54,0.019,0.238,3.0,2.0,0.0,0.0,40.29,40.42,43.23,41.89,42.68,39.34,43.03,40.79,43.46,47.48
2016-06-09 14:21:00-05:00,864.4205,872.009,505774,31.63,0.0,857.0,25.34,323.2,278.1,276.4,273.4,238.7,237.6,238.3,322.5,676.8,60.15,196.9,1384092.0,324.2,218.3,5.0,0.0,0.0,0.0,0.0,0.0,0.0,0.0,0.0,25.26,38.42,837.0,240.3,239.0,240.6,60.0,59.9,74.7,0.0,274.0,273.1,274.0,195.6,23.02,196.9,601.0,1374586.0,41223.0,126838.0,0.993,0.979,0.748,0.921,91.9,92.7,91.9,91.8,92.2,91.3,79.13,29.7,29.97,29.69,29.66,29.8,29.51,25.57,43504.0,44167.0,43725.0,43575.0,44460.0,42200.0,38237.0,3.488,280.7,11.61,5.8,3.53,2.0,-1.0,13.54,0.019,0.238,3.0,2.0,0.0,0.0,40.0,40.31,43.59,42.18,42.87,39.63,43.37,40.78,43.69,47.5
2016-06-09 14:22:00-05:00,858.8367,866.181,505775,31.65,0.0,851.0,25.58,323.2,278.0,276.5,273.5,237.5,236.4,237.0,322.7,673.2,60.14,195.9,1384095.0,323.8,217.2,5.0,0.0,0.0,0.0,0.0,0.0,0.0,0.0,0.0,25.62,38.75,832.0,238.9,237.7,239.2,60.0,59.9,74.7,0.0,274.0,273.1,274.0,194.5,22.88,195.8,601.0,1374589.0,41223.0,126838.0,0.993,0.979,0.748,0.921,91.4,92.2,91.2,91.1,91.5,90.8,78.43,29.53,29.79,29.47,29.43,29.57,29.34,25.35,43504.0,44168.0,43725.0,43575.0,44461.0,42201.0,38237.0,5.422,293.3,17.55,8.6,3.528,2.0,-1.0,13.54,0.019,0.237,3.0,2.0,0.0,0.0,40.41,40.21,43.45,41.93,42.51,39.27,43.16,40.31,43.35,47.5
2016-06-09 14:23:00-05:00,859.0742,866.2931,505776,31.64,0.0,851.0,25.48,323.7,278.1,276.3,273.4,237.9,236.9,237.4,323.1,673.8,60.15,196.2,1384098.0,324.7,217.7,5.0,0.0,0.0,0.0,0.0,0.0,0.0,0.0,0.0,25.41,38.14,833.0,239.4,238.2,239.8,60.0,59.9,74.7,0.0,274.0,273.0,274.0,194.9,22.89,196.2,601.0,1374592.0,41223.0,126839.0,0.993,0.979,0.748,0.921,91.6,92.3,91.4,91.1,91.5,90.9,78.6,29.64,29.88,29.59,29.49,29.63,29.42,25.44,43505.0,44168.0,43726.0,43576.0,44461.0,42201.0,38238.0,4.01,277.7,19.36,6.6,3.526,2.0,-1.0,13.54,0.019,0.237,3.0,2.0,0.0,0.0,40.11,39.73,43.1,41.5,42.01,39.46,42.74,40.27,42.44,47.46
2016-06-09 14:24:00-05:00,857.0546,863.7154,505777,31.65,0.0,848.0,25.83,323.5,277.9,276.3,273.3,237.2,236.3,236.9,322.8,671.5,60.14,195.6,1384101.0,325.6,216.8,5.0,0.0,0.0,0.0,0.0,0.0,0.0,0.0,0.0,25.93,39.3,830.0,238.7,237.5,239.1,60.0,59.9,74.7,0.0,274.0,273.0,274.0,194.2,22.75,195.5,601.0,1374595.0,41223.0,126839.0,0.993,0.979,0.748,0.921,91.4,91.7,90.9,91.5,91.5,90.4,78.16,29.55,29.68,29.41,29.61,29.61,29.23,25.28,43505.0,44169.0,43726.0,43576.0,44462.0,42202.0,38238.0,3.053,265.9,23.06,4.9,3.528,2.0,-1.0,13.54,0.019,0.237,3.0,2.0,0.0,0.0,41.1,40.43,43.3,41.79,42.39,40.1,42.96,41.17,43.07,47.44
2016-06-09 14:25:00-05:00,854.44086,860.8014,505778,31.65,0.0,845.0,25.87,323.9,277.8,276.2,273.2,236.3,235.1,235.7,323.3,667.4,60.14,194.6,1384105.0,325.2,215.7,5.0,0.0,0.0,0.0,0.0,0.0,0.0,0.0,0.0,26.03,40.56,827.0,237.5,236.4,237.9,60.0,59.9,74.7,0.0,274.0,273.0,274.0,193.2,22.62,194.5,601.0,1374599.0,41223.0,126839.0,0.993,0.979,0.748,0.921,91.0,91.4,90.2,90.3,91.2,90.1,77.6,29.46,29.6,29.2,29.25,29.52,29.17,25.13,43505.0,44169.0,43727.0,43577.0,44462.0,42202.0,38238.0,2.552,279.9,16.74,4.2,3.53,2.0,-1.0,13.54,0.019,0.237,3.0,2.0,0.0,0.0,42.15,41.52,43.9,42.38,43.05,40.62,43.56,41.91,43.33,47.46
2016-06-09 14:26:00-05:00,852.6588,858.44775,505779,31.65,0.0,844.0,25.98,322.2,277.6,276.4,273.3,234.9,234.0,234.6,321.7,666.9,60.15,193.6,1384108.0,323.6,214.6,5.0,0.0,0.0,0.0,0.0,0.0,0.0,0.0,0.0,26.16,41.11,825.0,236.2,235.2,236.5,60.0,59.9,74.7,0.0,274.0,273.0,274.0,192.1,22.47,193.4,601.0,1374602.0,41223.0,126840.0,0.993,0.979,0.748,0.921,90.9,91.5,90.0,90.0,91.1,90.3,77.65,29.29,29.47,29.0,28.99,29.34,29.1,25.02,43506.0,44170.0,43727.0,43577.0,44463.0,42203.0,38239.0,,0.0,0.0,,,2.0,-1.0,13.54,0.019,0.237,3.0,2.0,0.0,0.0,42.71,42.02,44.54,43.27,43.93,41.41,44.23,42.85,43.65,47.36
2016-06-09 14:27:00-05:00,850.16394,855.6459,505780,31.65,0.0,841.0,26.18,323.1,277.8,276.1,273.0,234.2,233.5,234.0,322.8,663.3,60.18,193.1,1384111.0,323.9,214.1,5.0,0.0,0.0,0.0,0.0,0.0,0.0,0.0,0.0,26.47,41.69,823.0,235.4,234.5,235.7,60.0,59.9,74.7,0.0,274.0,273.0,274.0,191.4,22.38,192.7,601.0,1374605.0,41223.0,126840.0,0.993,0.979,0.748,0.921,90.3,90.7,89.4,89.4,90.5,89.4,77.24,29.18,29.29,28.9,28.87,29.24,28.88,24.96,43506.0,44170.0,43728.0,43578.0,44463.0,42203.0,38239.0,3.15,267.5,22.4,5.0,3.53,2.0,-1.0,13.54,0.019,0.237,3.0,2.0,0.0,0.0,43.29,42.34,44.74,43.42,43.83,41.79,44.29,43.15,43.95,47.39
2016-06-09 14:28:00-05:00,847.3126,852.5077,505781,31.68,0.0,838.0,26.07,322.5,277.7,276.0,272.9,233.6,232.6,233.1,321.6,661.6,60.14,192.3,1384114.0,324.0,212.7,5.0,0.0,0.0,0.0,0.0,0.0,0.0,0.0,0.0,26.31,41.72,820.0,234.4,233.5,234.7,60.0,59.9,74.7,0.0,274.0,273.0,274.0,190.6,22.24,191.9,601.0,1374608.0,41223.0,126840.0,0.993,0.979,0.748,0.921,89.7,90.1,89.3,89.6,90.1,88.7,77.22,28.94,29.07,28.8,28.91,29.06,28.61,24.9,43507.0,44171.0,43728.0,43578.0,44464.0,42204.0,38240.0,2.818,269.2,18.43,3.8,3.53,2.0,-1.0,13.54,0.019,0.237,3.0,2.0,0.0,0.0,43.51,42.57,44.75,43.57,44.03,41.82,44.36,43.36,44.31,47.34
2016-06-09 14:29:00-05:00,847.075,852.1715,505782,31.69,0.0,837.0,26.17,321.8,277.6,276.0,273.0,233.4,232.6,233.1,320.9,663.0,60.13,192.3,1384117.0,322.7,212.7,5.0,0.0,0.0,0.0,0.0,0.0,0.0,0.0,0.0,26.47,41.91,819.0,234.4,233.6,234.7,60.0,59.9,74.7,0.0,274.0,273.0,274.0,190.6,22.28,191.9,601.0,1374611.0,41223.0,126841.0,0.993,0.979,0.748,0.921,89.8,90.3,89.4,89.8,90.4,89.0,77.42,28.92,29.05,28.78,28.89,29.11,28.64,24.92,43507.0,44171.0,43729.0,43579.0,44464.0,42204.0,38240.0,,0.0,0.0,,,2.0,-1.0,13.54,0.019,0.237,3.0,2.0,0.0,0.0,43.83,42.36,44.64,43.49,43.55,41.91,44.12,43.39,44.52,47.34
2016-06-09 14:30:00-05:00,843.51086,848.24884,505783,31.72,0.0,834.0,26.27,322.3,277.5,276.1,273.0,232.7,231.5,232.2,321.7,659.4,60.15,191.5,1384120.0,322.8,212.1,5.0,0.0,0.0,0.0,0.0,0.0,0.0,0.0,0.0,26.5,42.45,815.0,233.4,232.7,233.7,60.0,59.9,74.7,0.0,274.0,273.0,274.0,189.8,22.16,191.1,601.0,1374614.0,41223.0,126841.0,0.993,0.979,0.748,0.921,89.4,89.9,89.1,89.5,90.1,88.7,77.17,28.81,28.98,28.73,28.84,29.04,28.6,24.87,43508.0,44172.0,43729.0,43579.0,44465.0,42205.0,38241.0,,0.0,0.0,,,2.0,-1.0,13.54,0.019,0.237,3.0,2.0,0.0,0.0,44.3,42.76,44.73,43.59,43.91,42.15,44.31,43.67,44.73,47.33
2016-06-09 14:31:00-05:00,840.5408,844.9986,505784,31.73,0.0,831.0,26.16,322.2,277.3,276.0,272.8,231.9,230.9,231.5,321.5,656.9,60.14,190.8,1384123.0,321.2,211.2,5.0,0.0,0.0,0.0,0.0,0.0,0.0,0.0,0.0,26.32,42.39,812.0,232.7,231.9,232.9,60.0,59.9,74.7,0.0,273.8,273.0,273.5,189.1,22.0,190.4,601.0,1374618.0,41223.0,126842.0,0.993,0.979,0.748,0.921,89.1,89.6,88.8,89.2,89.8,88.4,76.91,28.72,28.87,28.6,28.73,28.92,28.47,24.78,43508.0,44172.0,43730.0,43580.0,44465.0,42205.0,38241.0,,0.0,0.0,,,2.0,-1.0,13.54,0.019,0.237,3.0,2.0,0.0,0.0,44.14,42.49,44.88,43.93,44.42,42.49,44.55,43.75,44.75,47.34
2016-06-09 14:32:00-05:00,836.7391,841.076,505785,31.76,0.0,827.0,26.06,322.0,277.8,275.8,272.7,231.1,230.0,230.7,320.8,654.8,60.13,190.2,1384126.0,320.7,210.1,5.0,0.0,0.0,0.0,0.0,0.0,0.0,0.0,0.0,26.28,42.46,809.0,231.6,230.9,231.9,60.0,59.9,74.7,0.0,273.9,273.0,273.7,188.3,21.89,189.5,601.0,1374621.0,41223.0,126842.0,0.993,0.979,0.748,0.921,88.9,89.4,88.9,88.4,89.6,88.1,77.0,28.62,28.79,28.63,28.47,28.84,28.38,24.79,43509.0,44173.0,43730.0,43580.0,44466.0,42206.0,38242.0,2.923,268.6,24.04,5.3,3.526,2.0,-1.0,13.54,0.019,0.237,3.0,2.0,0.0,0.0,44.43,42.56,44.95,44.26,44.44,42.78,44.55,43.94,44.68,47.34
2016-06-09 14:33:00-05:00,835.9074,840.06726,505786,31.79,0.0,826.0,26.31,321.4,277.4,275.9,272.8,230.6,229.6,230.2,320.5,654.9,60.17,189.8,1384130.0,322.6,209.9,5.0,0.0,0.0,0.0,0.0,0.0,0.0,0.0,0.0,26.54,43.09,808.0,231.3,230.7,231.6,60.0,59.9,74.7,0.0,273.9,273.0,273.8,188.1,21.86,189.4,601.0,1374624.0,41223.0,126842.0,0.993,0.979,0.748,0.921,88.7,89.3,88.5,88.5,89.5,88.1,76.71,28.52,28.69,28.46,28.45,28.76,28.31,24.66,43509.0,44173.0,43731.0,43581.0,44466.0,42206.0,38242.0,3.468,258.6,18.62,5.3,3.53,2.0,-1.0,13.54,0.019,0.237,3.0,2.0,0.0,0.0,44.98,42.75,44.94,44.37,44.37,42.75,44.55,43.83,44.78,47.34
2016-06-09 14:34:00-05:00,833.5314,837.37744,505787,31.8,0.0,823.0,26.25,322.3,277.5,276.0,272.9,230.0,229.1,229.7,321.8,651.7,60.15,189.3,1384133.0,323.9,209.7,5.0,0.0,0.0,0.0,0.0,0.0,0.0,0.0,0.0,26.37,42.6,805.0,230.6,230.0,230.8,60.0,59.9,74.7,0.0,274.0,273.0,274.0,187.6,21.76,188.8,601.0,1374627.0,41223.0,126843.0,0.993,0.979,0.748,0.921,88.4,88.8,88.1,88.2,89.0,87.5,76.32,28.5,28.61,28.4,28.42,28.69,28.22,24.6,43510.0,44174.0,43731.0,43581.0,44467.0,42207.0,38243.0,4.048,276.3,12.92,6.5,3.528,2.0,-1.0,13.54,0.019,0.236,3.0,2.0,0.0,0.0,44.69,42.58,44.77,44.06,44.19,42.31,44.55,43.45,44.57,47.36
2016-06-09 14:35:00-05:00,831.3928,835.36005,505788,31.83,0.0,821.0,26.08,322.2,277.6,275.8,272.8,229.5,228.7,229.2,321.6,650.5,60.15,188.9,1384136.0,323.1,209.2,5.0,0.0,0.0,0.0,0.0,0.0,0.0,0.0,0.0,26.22,42.09,803.0,230.2,229.8,230.5,60.0,59.9,74.7,0.0,274.0,273.0,274.0,187.3,21.75,188.5,601.0,1374630.0,41223.0,126843.0,0.993,0.979,0.748,0.921,88.3,88.5,87.8,88.0,88.7,87.5,76.05,28.44,28.52,28.29,28.33,28.58,28.19,24.5,43510.0,44174.0,43732.0,43581.0,44467.0,42207.0,38243.0,4.057,304.7,15.2,6.7,3.528,2.0,-1.0,13.54,0.019,0.236,3.0,2.0,0.0,0.0,44.04,41.91,44.5,43.66,43.81,41.48,44.59,42.91,43.84,47.44
2016-06-09 14:36:00-05:00,826.9971,830.76495,505789,31.84,0.0,816.0,25.84,323.1,277.2,276.1,273.1,228.6,227.8,228.3,322.7,645.5,60.15,188.2,1384139.0,324.3,208.3,5.0,0.0,0.0,0.0,0.0,0.0,0.0,0.0,0.0,25.91,41.58,799.1,229.0,228.7,229.2,60.0,59.9,74.7,0.0,274.0,273.0,274.0,186.3,21.56,187.6,601.0,1374633.0,41223.0,126843.0,0.993,0.979,0.748,0.921,87.7,87.8,87.2,87.4,87.9,86.8,75.3,28.35,28.38,28.16,28.24,28.39,28.05,24.33,43511.0,44174.0,43732.0,43582.0,44468.0,42207.0,38244.0,4.215,297.1,8.51,6.4,3.526,2.0,-1.0,13.54,0.019,0.236,3.0,2.0,0.0,0.0,43.48,41.36,44.59,43.63,44.0,41.39,44.7,43.06,43.17,47.44
2016-06-09 14:37:00-05:00,826.403,829.9804,505790,31.86,0.0,816.0,25.62,323.3,277.4,276.0,273.0,229.0,228.0,228.6,321.9,646.7,60.19,188.5,1384142.0,325.2,208.2,5.0,0.0,0.0,0.0,0.0,0.0,0.0,0.0,0.0,25.75,39.81,798.8,229.4,229.1,229.6,60.0,59.9,74.7,0.0,274.0,273.0,274.0,186.7,21.67,187.9,601.0,1374636.0,41223.0,126844.0,0.993,0.979,0.748,0.921,88.0,88.2,87.6,87.6,87.9,87.1,75.57,28.46,28.53,28.31,28.31,28.43,28.16,24.43,43511.0,44175.0,43733.0,43582.0,44468.0,42208.0,38244.0,,0.0,0.0,,,2.5,-1.0,13.54,0.019,0.236,3.0,2.0,0.0,0.0,41.69,40.29,44.05,42.83,43.34,40.02,43.91,42.2,42.3,47.44
2016-06-09 14:38:00-05:00,827.2347,830.877,505791,31.87,0.0,817.0,25.89,322.9,277.3,275.8,272.8,229.4,228.3,228.9,322.3,647.8,60.2,188.6,1384145.0,323.4,208.8,5.0,0.0,0.0,0.0,0.0,0.0,0.0,0.0,0.0,26.01,40.82,798.8,229.8,229.4,229.9,60.0,59.9,74.7,0.0,273.7,273.0,273.8,186.8,21.74,188.1,601.0,1374639.0,41223.0,126844.0,0.993,0.979,0.748,0.921,88.1,88.2,87.8,87.7,87.9,87.3,75.63,28.46,28.48,28.35,28.32,28.37,28.19,24.42,43512.0,44175.0,43733.0,43583.0,44468.0,42208.0,38245.0,3.1,305.7,9.9,4.4,3.527,2.0,-1.0,13.54,0.02,0.236,3.0,2.0,0.0,0.0,42.09,40.7,44.02,42.89,43.68,40.49,43.8,42.45,41.74,47.44
2016-06-09 14:39:00-05:00,826.403,829.5321,505792,31.9,0.0,815.0,26.05,322.8,277.4,275.8,272.9,228.7,227.9,228.4,322.1,646.7,60.15,188.2,1384148.0,323.1,208.3,5.0,0.0,0.0,0.0,0.0,0.0,0.0,0.0,0.0,26.15,40.94,797.9,229.2,228.8,229.4,60.0,59.9,74.7,0.0,273.9,273.0,274.0,186.4,21.58,187.7,601.0,1374643.0,41223.0,126844.0,0.993,0.979,0.748,0.921,87.9,88.0,87.4,87.4,87.8,87.1,75.25,28.37,28.41,28.21,28.2,28.33,28.1,24.29,43512.0,44176.0,43733.0,43583.0,44469.0,42209.0,38245.0,,0.0,0.0,,,2.0,-1.0,13.54,0.019,0.236,3.0,2.0,0.0,0.0,42.31,41.05,44.35,43.34,43.99,40.57,44.07,42.72,42.24,47.44
2016-06-09 14:40:00-05:00,824.7398,827.7389,505793,31.9,0.0,814.0,26.17,322.9,277.3,275.7,272.8,228.2,227.3,227.8,322.5,644.5,60.13,187.7,1384151.0,324.7,207.9,5.0,0.0,0.0,0.0,0.0,0.0,0.0,0.0,0.0,26.33,41.67,796.0,228.6,228.3,228.8,60.0,59.9,74.7,0.0,273.6,272.9,273.9,185.9,21.49,187.1,601.0,1374646.0,41223.0,126845.0,0.993,0.979,0.748,0.921,87.9,87.4,86.6,87.0,87.8,86.4,74.7,28.38,28.22,27.96,28.09,28.37,27.9,24.12,43512.0,44176.0,43734.0,43584.0,44469.0,42209.0,38246.0,,0.0,0.0,,,2.0,-1.0,13.54,0.02,0.236,3.0,2.0,0.0,0.0,42.86,41.44,44.5,43.65,44.08,41.54,44.24,43.3,42.76,47.44
2016-06-09 14:41:00-05:00,822.4825,824.8249,505794,31.94,0.0,810.0,26.2,322.9,277.1,275.5,272.6,227.7,226.9,227.4,322.2,643.1,60.15,187.1,1384154.0,324.4,207.2,5.0,0.0,0.0,0.0,0.0,0.0,0.0,0.0,0.0,26.26,41.24,793.6,228.2,227.9,228.4,60.0,59.9,74.7,0.0,273.2,272.3,273.3,185.4,21.45,186.7,601.0,1374649.0,41223.0,126845.0,0.993,0.979,0.748,0.921,87.3,87.5,86.7,87.0,87.5,86.4,74.83,28.19,28.25,27.99,28.1,28.26,27.91,24.16,43513.0,44177.0,43734.0,43584.0,44470.0,42210.0,38246.0,,0.0,0.0,,,2.0,-1.0,13.54,0.019,0.236,3.0,2.0,0.0,0.0,42.91,41.59,44.4,43.62,44.04,41.37,44.35,42.98,43.21,47.44
2016-06-09 14:42:00-05:00,820.93805,823.14374,505795,31.94,0.0,808.0,25.97,323.3,277.1,275.6,272.7,227.5,226.7,227.2,322.6,641.7,60.14,187.0,1384157.0,324.4,207.0,5.0,0.0,0.0,0.0,0.0,0.0,0.0,0.0,0.0,25.96,41.02,791.8,227.8,227.6,228.0,60.0,59.9,74.7,0.0,273.6,272.5,273.5,185.2,21.46,186.4,601.0,1374652.0,41223.0,126846.0,0.993,0.979,0.748,0.921,87.1,87.4,86.7,86.8,87.3,86.3,74.91,28.15,28.25,28.03,28.04,28.21,27.9,24.21,43513.0,44177.0,43735.0,43585.0,44470.0,42210.0,38246.0,3.35,298.6,14.43,7.2,3.528,2.0,-1.0,13.54,0.019,0.236,3.0,2.0,0.0,0.0,42.71,40.95,44.08,42.96,43.51,40.33,43.82,42.25,42.96,47.44
2016-06-09 14:43:00-05:00,821.41327,823.7041,505796,31.95,0.0,809.0,26.06,323.4,277.3,275.6,272.7,227.5,226.6,227.1,323.0,641.4,60.14,187.0,1384160.0,324.6,207.1,5.0,0.0,0.0,0.0,0.0,0.0,0.0,0.0,0.0,26.11,41.25,792.1,227.7,227.5,227.9,60.0,59.9,74.7,0.0,273.7,273.0,273.9,185.2,21.42,186.4,601.0,1374655.0,41223.0,126846.0,0.993,0.979,0.748,0.921,87.1,87.3,86.7,86.9,87.0,86.4,74.85,28.17,28.23,28.04,28.1,28.15,27.95,24.2,43514.0,44178.0,43735.0,43585.0,44471.0,42211.0,38247.0,,0.0,0.0,,,2.05,-1.0,13.54,0.02,0.236,3.0,2.0,0.0,0.0,43.1,41.01,44.08,43.08,43.32,40.67,43.85,42.53,42.79,47.43
2016-06-09 14:44:00-05:00,818.4432,820.4539,505797,31.97,0.0,805.0,26.31,324.1,277.3,275.7,272.8,226.4,225.7,226.1,323.3,637.7,60.16,186.3,1384163.0,325.4,206.1,5.0,0.0,0.0,0.0,0.0,0.0,0.0,0.0,0.0,26.49,41.78,788.7,226.7,226.6,226.9,60.0,59.9,74.7,0.0,273.7,273.0,273.9,184.4,21.32,185.6,601.0,1374658.0,41223.0,126846.0,0.993,0.979,0.748,0.921,86.6,86.7,86.1,86.2,86.4,85.8,74.34,28.06,28.11,27.9,27.93,27.98,27.79,24.09,43514.0,44178.0,43736.0,43586.0,44471.0,42211.0,38247.0,3.935,292.4,21.07,5.6,3.53,2.5,-1.0,13.54,0.02,0.236,3.0,2.0,0.0,0.0,43.49,41.09,44.04,43.1,43.31,40.84,43.8,42.51,42.9,47.34
2016-06-09 14:45:00-05:00,814.1662,815.8588,505798,31.97,0.0,801.0,26.36,323.5,277.3,275.7,272.8,225.4,224.4,225.0,322.6,635.2,60.14,185.3,1384166.0,324.2,204.9,5.0,0.0,0.0,0.0,0.0,0.0,0.0,0.0,0.0,26.47,41.76,784.5,225.4,225.3,225.5,60.0,59.9,74.7,0.0,273.8,273.0,274.0,183.4,21.15,184.6,601.0,1374661.0,41223.0,126847.0,0.993,0.979,0.748,0.921,86.4,86.5,85.8,85.9,85.9,85.5,73.85,27.96,27.96,27.77,27.77,27.79,27.67,23.89,43515.0,44179.0,43736.0,43586.0,44472.0,42212.0,38248.0,,0.0,0.0,,,2.5,-1.0,13.54,0.02,0.236,3.0,2.0,0.0,0.0,43.27,40.91,44.01,43.01,43.65,40.54,43.9,42.22,42.41,47.34
2016-06-09 14:46:00-05:00,807.15674,808.798,505799,32.01,0.0,793.3,25.95,324.7,277.7,276.6,273.5,223.1,222.2,222.8,323.9,628.8,60.15,183.9,1384169.0,325.2,203.6,5.0,0.0,0.0,0.0,0.0,0.0,0.0,0.0,0.0,25.99,40.35,777.6,223.1,223.2,223.2,60.0,59.9,74.7,0.0,274.0,273.8,274.2,182.0,20.91,183.2,601.0,1374664.0,41223.0,126847.0,0.993,0.979,0.748,0.921,85.3,85.5,85.0,84.9,84.8,84.5,73.08,27.7,27.75,27.59,27.57,27.52,27.44,23.73,43515.0,44179.0,43737.0,43587.0,44472.0,42212.0,38248.0,,0.0,0.0,,,2.0,-1.0,13.54,0.02,0.236,3.0,2.0,0.0,0.0,42.25,40.71,43.7,42.47,43.0,39.72,43.27,41.32,42.37,47.34
2016-06-09 14:47:00-05:00,803.83026,805.43567,505800,32.01,0.0,790.1,25.69,323.8,277.9,276.6,273.6,222.9,222.0,222.6,323.2,629.2,60.15,183.8,1384172.0,325.1,203.3,5.0,0.0,0.0,0.0,0.0,0.0,0.0,0.0,0.0,25.74,39.45,775.1,222.7,222.8,222.9,60.0,59.9,74.7,0.0,274.1,273.9,274.3,181.8,20.84,182.9,601.0,1374667.0,41223.0,126847.0,0.993,0.979,0.748,0.921,85.5,85.6,84.9,84.9,84.9,84.7,73.06,27.68,27.71,27.51,27.51,27.51,27.43,23.66,43516.0,44180.0,43737.0,43587.0,44473.0,42213.0,38249.0,5.278,308.7,22.91,9.7,3.53,2.0,-1.0,13.54,0.02,0.236,3.0,2.0,0.0,0.0,40.99,40.1,43.23,41.89,42.57,38.95,42.79,40.75,41.66,47.41
2016-06-09 14:48:00-05:00,802.87976,804.53906,505801,32.01,0.0,788.6,25.49,326.5,277.9,276.5,273.4,223.6,222.6,223.2,325.9,626.3,60.14,184.2,1384175.0,327.6,204.1,5.0,0.0,0.0,0.0,0.0,0.0,0.0,0.0,0.0,25.52,37.51,773.6,223.4,223.4,223.5,60.0,59.9,74.7,0.0,274.0,273.7,274.0,182.3,20.94,183.5,601.0,1374670.0,41223.0,126848.0,0.993,0.979,0.748,0.921,85.1,85.3,84.6,84.6,84.6,84.3,72.75,27.79,27.84,27.62,27.62,27.62,27.53,23.75,43516.0,44180.0,43738.0,43588.0,44473.0,42213.0,38249.0,4.292,315.7,19.69,7.4,3.528,2.0,-1.0,13.54,0.02,0.236,3.0,2.0,0.0,0.0,39.15,38.76,42.5,41.06,41.64,38.24,42.14,39.59,40.77,47.39
2016-06-09 14:49:00-05:00,798.0088,799.49567,505802,32.03,0.0,783.3,25.51,326.8,277.9,276.4,273.4,222.8,221.8,222.5,326.1,623.6,60.14,183.6,1384178.0,328.7,203.4,5.0,0.0,0.0,0.0,0.0,0.0,0.0,0.0,0.0,25.52,36.9,769.3,222.6,222.7,222.8,60.0,59.9,74.7,0.0,274.0,273.4,274.0,181.6,20.79,182.8,601.0,1374673.0,41223.0,126848.0,0.994,0.979,0.748,0.921,84.6,84.8,84.2,84.3,84.3,83.8,72.41,27.66,27.72,27.52,27.55,27.54,27.38,23.67,43517.0,44181.0,43738.0,43588.0,44474.0,42214.0,38250.0,,0.0,0.0,,,2.5,-1.0,13.54,0.02,0.236,3.0,2.0,0.0,0.0,38.15,38.21,42.01,40.62,41.09,37.99,41.76,39.35,40.43,47.44
2016-06-09 14:50:00-05:00,797.29596,798.7111,505803,32.03,0.0,782.1,25.15,327.5,277.9,276.2,273.2,223.0,222.1,222.7,326.7,623.1,60.15,183.7,1384181.0,328.6,203.5,5.0,0.0,0.0,0.0,0.0,0.0,0.0,0.0,0.0,25.1,35.75,768.5,223.0,223.1,223.2,60.0,59.9,74.7,0.0,274.0,273.1,274.0,181.8,20.87,183.0,601.0,1374676.0,41223.0,126848.0,0.993,0.979,0.748,0.921,84.5,84.9,84.1,84.0,84.3,83.7,72.35,27.68,27.79,27.54,27.52,27.6,27.42,23.69,43517.0,44181.0,43739.0,43588.0,44474.0,42214.0,38250.0,4.6,298.5,12.01,7.1,3.53,2.0,-1.0,13.54,0.02,0.236,3.0,2.0,0.0,0.0,37.09,37.67,41.61,39.96,40.64,37.44,41.22,38.72,40.08,47.44
2016-06-09 14:51:00-05:00,796.46436,797.5904,505804,32.01,0.0,781.1,25.16,327.6,277.4,276.0,273.0,223.3,222.5,223.0,327.2,622.2,60.14,183.7,1384184.0,328.7,203.6,5.0,0.0,0.0,0.0,0.0,0.0,0.0,0.0,0.0,25.13,35.65,767.7,223.1,223.2,223.3,60.0,59.9,74.7,0.0,274.0,273.0,274.0,181.8,20.89,183.0,601.0,1374679.0,41223.0,126849.0,0.993,0.979,0.748,0.921,84.4,84.8,84.0,84.0,84.2,83.7,72.32,27.66,27.79,27.53,27.52,27.58,27.41,23.69,43518.0,44182.0,43739.0,43589.0,44475.0,42214.0,38251.0,,0.0,0.0,,,2.0,-1.0,13.54,0.02,0.236,3.0,2.0,0.0,0.0,36.65,37.4,41.35,39.66,40.58,37.34,41.21,38.84,39.74,47.44
2016-06-09 14:52:00-05:00,796.46436,796.9179,505805,32.01,0.0,780.5,25.31,328.4,277.5,276.0,273.1,222.9,221.9,222.5,327.8,619.9,60.14,183.4,1384187.0,329.5,203.2,5.0,0.0,0.0,0.0,0.0,0.0,0.0,0.0,0.0,25.35,36.02,767.1,222.7,222.9,222.9,60.0,59.9,74.7,0.0,274.0,273.0,274.0,181.5,20.85,182.7,601.0,1374682.0,41223.0,126849.0,0.993,0.979,0.748,0.921,84.0,84.4,83.7,83.8,84.1,83.2,72.06,27.58,27.72,27.47,27.51,27.6,27.32,23.66,43518.0,44182.0,43740.0,43589.0,44475.0,42215.0,38251.0,3.113,294.3,19.46,4.9,3.53,2.0,-1.0,13.54,0.02,0.236,3.0,2.0,0.0,0.0,36.94,37.68,41.4,39.81,40.73,37.49,41.13,38.88,40.03,47.44
2016-06-09 14:53:00-05:00,792.18744,792.21075,505806,32.01,0.0,775.9,25.68,327.9,277.4,275.9,273.0,221.5,220.6,221.2,327.3,616.5,60.14,182.2,1384190.0,328.5,201.8,5.0,0.0,0.0,0.0,0.0,0.0,0.0,0.0,0.0,25.66,36.74,763.1,221.3,221.5,221.4,60.0,59.9,74.7,0.0,274.0,273.0,274.0,180.2,20.64,181.4,601.0,1374685.0,41223.0,126849.0,0.994,0.979,0.748,0.921,83.5,84.1,83.3,83.3,83.5,82.7,71.72,27.37,27.56,27.33,27.32,27.38,27.12,23.52,43519.0,44182.0,43740.0,43590.0,44475.0,42215.0,38252.0,3.795,269.8,26.59,5.3,3.53,2.0,-1.0,13.54,0.02,0.236,3.0,2.0,0.0,0.0,37.77,38.4,41.74,40.43,40.89,38.5,41.35,39.57,40.74,47.34
2016-06-09 14:54:00-05:00,788.3857,788.0639,505807,31.98,0.0,771.5,25.85,328.0,277.6,275.7,272.8,220.6,219.5,220.1,327.6,613.5,60.14,181.3,1384193.0,330.1,201.0,5.0,0.0,0.0,0.0,0.0,0.0,0.0,0.0,0.0,25.86,36.68,759.1,220.2,220.4,220.3,60.0,59.9,74.7,0.0,274.0,273.0,274.0,179.3,20.46,180.5,601.0,1374688.0,41223.0,126850.0,0.994,0.979,0.748,0.921,83.1,83.7,83.0,82.8,83.0,82.3,71.44,27.24,27.44,27.23,27.15,27.23,26.99,23.43,43519.0,44183.0,43740.0,43590.0,44476.0,42216.0,38252.0,4.322,284.5,12.35,6.8,3.53,2.0,-1.0,13.54,0.02,0.236,3.0,2.0,0.0,0.0,38.14,38.08,41.52,40.13,40.59,37.75,41.13,38.84,40.81,47.34
2016-06-09 14:55:00-05:00,781.8514,781.5635,505808,31.97,0.0,765.1,25.7,327.7,277.4,275.7,272.9,219.0,218.1,218.7,326.6,609.6,60.15,180.0,1384196.0,330.1,199.1,5.0,0.0,0.0,0.0,0.0,0.0,0.0,0.0,0.0,25.56,36.52,753.0,218.5,218.9,218.7,60.0,59.9,74.7,0.0,274.0,273.0,274.0,178.0,20.25,179.2,601.0,1374691.0,41223.0,126850.0,0.994,0.979,0.748,0.921,82.5,83.2,82.4,82.3,82.5,81.9,70.91,27.04,27.24,27.0,26.95,27.03,26.83,23.23,43520.0,44183.0,43741.0,43591.0,44476.0,42216.0,38253.0,4.942,289.1,13.03,7.4,3.53,2.0,-1.0,13.54,0.02,0.236,3.0,2.0,0.0,0.0,38.05,37.81,41.32,39.91,40.57,37.57,40.88,38.53,40.63,47.33
2016-06-09 14:56:00-05:00,781.495,780.6669,505809,31.96,0.0,764.1,25.72,327.7,276.9,275.8,272.9,219.0,218.0,218.6,326.7,610.0,60.21,179.9,1384199.0,328.1,199.3,5.0,0.0,0.0,0.0,0.0,0.0,0.0,0.0,0.0,25.68,36.76,752.4,218.7,219.1,218.8,60.0,59.9,74.7,0.0,273.7,272.9,273.9,178.1,20.31,179.2,601.0,1374694.0,41223.0,126850.0,0.994,0.979,0.748,0.921,82.6,82.9,82.1,82.0,82.6,81.7,70.65,27.05,27.16,26.91,26.88,27.06,26.77,23.15,43520.0,44184.0,43741.0,43591.0,44477.0,42217.0,38253.0,,0.0,0.0,,,2.5,-1.0,13.54,0.02,0.236,3.0,2.0,0.0,0.0,38.24,37.93,41.28,39.75,40.32,37.43,40.77,38.56,40.25,47.25
2016-06-09 14:57:00-05:00,776.03,775.28723,505810,31.94,0.0,758.4,25.41,329.6,277.0,275.5,272.6,218.3,217.3,217.9,329.3,604.2,60.15,179.2,1384202.0,331.6,199.0,5.0,0.0,0.0,0.0,0.0,0.0,0.0,0.0,0.0,25.32,35.67,747.2,217.8,218.2,217.9,60.0,59.9,74.7,0.0,273.2,272.8,273.7,177.2,20.17,178.4,601.0,1374697.0,41223.0,126851.0,0.994,0.979,0.748,0.921,81.6,82.1,81.5,81.5,81.6,80.8,70.05,26.88,27.07,26.85,26.86,26.9,26.65,23.09,43520.0,44184.0,43742.0,43592.0,44477.0,42217.0,38253.0,4.292,287.6,18.05,8.7,3.53,2.0,-1.0,13.54,0.02,0.236,3.0,2.0,0.0,0.0,37.4,36.92,40.73,39.04,39.5,36.58,40.25,37.92,39.99,47.2
2016-06-09 14:58:00-05:00,773.1787,772.3732,505811,31.93,0.0,755.7,25.5,328.6,276.8,275.6,272.7,217.7,216.6,217.2,328.5,603.3,60.18,178.5,1384205.0,329.1,198.1,5.0,0.0,0.0,0.0,0.0,0.0,0.0,0.0,0.0,25.48,36.23,744.6,217.1,217.5,217.2,60.0,59.9,74.7,0.0,273.0,272.7,273.5,176.6,20.08,177.7,601.0,1374700.0,41223.0,126851.0,0.994,0.979,0.748,0.921,81.6,82.2,81.3,81.4,81.6,80.9,70.03,26.82,27.0,26.72,26.75,26.82,26.6,23.01,43521.0,44185.0,43742.0,43592.0,44478.0,42218.0,38254.0,4.897,282.3,11.97,7.1,3.53,2.0,-1.0,13.54,0.02,0.236,3.0,2.0,0.0,0.0,37.77,37.09,40.78,39.29,39.86,37.07,40.38,38.31,40.17,47.15
2016-06-09 14:59:00-05:00,767.1197,765.98486,505812,31.9,0.0,749.3,25.89,329.8,276.8,275.2,272.3,216.1,215.2,215.7,329.0,597.2,60.13,177.3,1384208.0,331.4,196.5,5.0,0.0,0.0,0.0,0.0,0.0,0.0,0.0,0.0,25.86,36.55,738.5,215.5,216.0,215.6,60.0,59.9,74.7,0.0,273.0,272.5,273.3,175.3,19.83,176.4,601.0,1374703.0,41223.0,126851.0,0.994,0.979,0.748,0.921,80.6,80.9,80.3,80.5,80.8,79.79,69.11,26.59,26.7,26.49,26.54,26.64,26.32,22.79,43521.0,44185.0,43743.0,43593.0,44478.0,42218.0,38254.0,3.582,301.0,13.18,5.5,3.53,2.0,-1.0,13.54,0.02,0.235,3.0,2.0,0.0,0.0,38.21,37.76,40.68,39.27,39.78,37.21,40.25,38.33,39.98,47.15
2016-06-09 15:00:00-05:00,761.41705,759.82074,505813,31.88,0.0,743.2,25.94,329.2,276.8,275.4,272.5,214.4,213.3,213.9,328.7,593.1,60.15,175.8,1384211.0,330.3,195.0,5.0,0.0,0.0,0.0,0.0,0.0,0.0,0.0,0.0,25.83,36.53,732.9,213.6,214.2,213.7,60.0,59.9,74.7,0.0,273.0,272.7,273.3,173.8,19.61,174.9,601.0,1374706.0,41223.0,126852.0,0.994,0.979,0.748,0.921,80.0,80.5,79.72,79.85,80.3,79.32,68.64,26.35,26.48,26.24,26.29,26.44,26.11,22.6,43522.0,44186.0,43743.0,43593.0,44479.0,42219.0,38255.0,3.863,281.2,17.87,6.4,3.53,2.0,-1.0,13.54,0.02,0.235,3.0,2.0,0.0,0.0,38.06,37.77,40.87,39.52,40.02,37.41,40.42,38.61,40.4,47.15
2016-06-09 15:01:00-05:00,761.6547,759.7086,505814,31.86,0.0,743.5,25.58,328.0,276.8,275.3,272.4,214.6,213.7,214.2,327.8,595.4,60.13,176.0,1384214.0,329.9,195.1,5.0,0.0,0.0,0.0,0.0,0.0,0.0,0.0,0.0,25.5,35.84,733.3,213.9,214.4,214.0,60.0,59.9,74.7,0.0,273.0,272.7,273.2,174.0,19.64,175.1,601.0,1374709.0,41223.0,126852.0,0.994,0.979,0.748,0.921,80.5,81.0,80.3,80.5,80.7,79.88,69.23,26.4,26.55,26.35,26.39,26.48,26.2,22.7,43522.0,44186.0,43744.0,43594.0,44479.0,42219.0,38255.0,5.3,288.5,16.12,8.8,3.53,2.0,-1.0,13.54,0.02,0.235,3.0,2.0,0.0,0.0,37.64,37.33,40.43,39.07,39.45,36.68,40.1,37.82,40.14,47.15
2016-06-09 15:02:00-05:00,763.55554,761.50183,505815,31.85,0.0,745.1,25.58,330.1,277.2,275.2,272.4,215.1,214.3,214.8,329.5,593.6,60.12,176.5,1384217.0,332.2,195.6,5.0,0.0,0.0,0.0,0.0,0.0,0.0,0.0,0.0,25.55,35.9,733.9,214.2,214.7,214.3,60.0,59.9,74.7,0.0,273.0,273.0,273.9,174.3,19.67,175.4,601.0,1374712.0,41223.0,126852.0,0.994,0.979,0.748,0.921,80.1,80.8,80.3,80.2,80.2,79.52,69.16,26.44,26.65,26.5,26.47,26.47,26.25,22.83,43523.0,44187.0,43744.0,43594.0,44480.0,42220.0,38256.0,3.058,284.7,15.25,4.6,3.527,2.0,-1.0,13.54,0.02,0.236,3.0,2.0,0.0,0.0,37.38,36.99,40.27,38.86,39.46,36.54,40.0,37.91,40.23,47.06
2016-06-09 15:03:00-05:00,759.2786,757.0188,505816,31.83,0.0,740.7,25.87,329.8,277.1,275.4,272.6,213.4,212.5,213.1,329.3,589.9,60.15,175.1,1384220.0,330.8,194.3,5.0,0.0,0.0,0.0,0.0,0.0,0.0,0.0,0.0,25.84,36.91,730.3,212.6,213.2,212.7,60.0,59.9,74.7,0.0,273.0,273.0,274.0,173.1,19.51,174.2,601.0,1374715.0,41223.0,126853.0,0.994,0.979,0.748,0.921,79.42,79.94,79.51,79.62,79.62,78.77,68.47,26.19,26.36,26.22,26.25,26.25,25.97,22.58,43523.0,44187.0,43745.0,43595.0,44480.0,42220.0,38256.0,3.068,288.1,14.93,5.3,3.53,2.0,-1.0,13.54,0.02,0.236,3.0,2.0,0.0,0.0,38.24,37.85,40.63,39.47,40.08,37.6,40.47,38.6,40.62,47.01
2016-06-09 15:04:00-05:00,757.2589,754.44104,505817,31.82,0.0,738.4,26.04,328.9,276.9,275.7,272.7,212.5,211.6,212.2,328.5,589.0,60.14,174.4,1384222.0,330.2,193.5,5.0,0.0,0.0,0.0,0.0,0.0,0.0,0.0,0.0,26.04,37.65,728.2,211.6,212.3,211.7,60.0,59.9,74.7,0.0,273.1,273.0,274.0,172.4,19.4,173.5,601.0,1374717.0,41223.0,126853.0,0.994,0.979,0.748,0.921,79.39,79.97,79.38,79.43,79.79,78.86,68.49,26.11,26.3,26.11,26.13,26.24,25.94,22.53,43524.0,44188.0,43745.0,43595.0,44481.0,42221.0,38257.0,3.292,262.8,15.63,6.4,3.528,2.0,-1.0,13.54,0.02,0.235,3.0,2.0,0.0,0.0,39.13,38.54,40.97,39.98,40.4,38.15,40.81,39.45,41.04,46.95
2016-06-09 15:05:00-05:00,756.4273,753.2082,505818,31.79,0.0,737.0,26.08,328.3,276.9,275.6,272.6,212.5,211.4,212.1,327.7,589.9,60.15,174.3,1384225.0,329.7,193.3,5.0,0.0,0.0,0.0,0.0,0.0,0.0,0.0,0.0,25.98,37.1,726.9,211.5,212.2,211.6,60.0,59.9,74.7,0.0,273.1,273.0,274.0,172.3,19.39,173.4,601.0,1374720.0,41223.0,126853.0,0.994,0.979,0.748,0.921,79.39,79.94,79.4,79.46,79.78,78.8,68.46,26.06,26.24,26.06,26.08,26.19,25.87,22.47,43524.0,44188.0,43746.0,43596.0,44481.0,42221.0,38257.0,4.96,284.7,12.53,8.0,3.528,2.0,-1.0,13.54,0.02,0.235,3.0,2.0,0.0,0.0,39.08,38.36,40.76,39.69,40.04,37.68,40.69,39.06,40.92,46.9
2016-06-09 15:06:00-05:00,757.7342,754.44104,505819,31.79,0.0,737.8,25.75,328.6,277.7,276.4,273.4,212.4,211.3,212.0,327.9,591.0,60.15,174.8,1384228.0,329.9,193.8,5.0,0.0,0.0,0.0,0.0,0.0,0.0,0.0,0.0,25.64,36.02,727.8,211.5,212.2,211.6,60.0,59.9,74.7,0.0,273.9,273.8,274.6,172.8,19.46,173.8,601.0,1374723.0,41223.0,126854.0,0.994,0.979,0.748,0.921,79.53,80.1,79.53,79.65,79.97,78.95,68.51,26.13,26.33,26.13,26.17,26.28,25.94,22.51,43525.0,44189.0,43746.0,43596.0,44482.0,42222.0,38258.0,4.918,287.1,24.16,28.5,,2.0,-1.0,13.54,0.02,0.235,3.0,2.0,0.0,0.0,38.07,37.69,40.5,39.11,39.65,37.07,40.25,38.3,40.24,46.87
2016-06-09 15:07:00-05:00,757.97174,754.5531,505820,31.78,0.0,737.5,25.91,329.7,277.6,276.3,273.3,212.4,211.5,212.2,329.2,588.8,60.14,174.8,1384231.0,330.8,193.9,5.0,0.0,0.0,0.0,0.0,0.0,0.0,0.0,0.0,25.83,36.81,727.0,211.4,212.1,211.5,60.0,59.9,74.7,0.0,274.0,273.1,274.0,172.6,19.42,173.7,601.0,1374726.0,41223.0,126854.0,0.994,0.979,0.748,0.921,79.49,79.82,79.07,79.12,79.81,78.73,68.08,26.21,26.32,26.07,26.09,26.31,25.96,22.45,43525.0,44189.0,43747.0,43596.0,44482.0,42222.0,38258.0,3.68,297.1,17.34,6.0,3.53,2.0,-1.0,13.54,0.02,0.235,3.0,2.0,0.0,0.0,38.3,37.85,40.4,39.13,39.62,37.04,40.2,38.34,40.23,46.85
2016-06-09 15:08:00-05:00,748.4674,744.8025,505821,31.76,0.0,727.9,26.02,330.9,277.9,276.2,273.2,209.7,208.8,209.4,330.0,579.7,60.14,172.5,1384234.0,332.6,191.3,5.0,0.0,0.0,0.0,0.0,0.0,0.0,0.0,0.0,26.06,37.12,717.7,208.6,209.5,208.7,60.0,59.9,74.7,0.0,274.0,273.7,274.3,170.4,19.05,171.5,601.0,1374729.0,41223.0,126854.0,0.994,0.979,0.748,0.921,78.08,78.51,77.87,77.85,78.33,77.48,67.05,25.84,25.98,25.77,25.76,25.92,25.64,22.19,43526.0,44189.0,43747.0,43597.0,44483.0,42222.0,38259.0,3.66,277.7,24.12,7.4,3.528,2.0,-1.0,13.54,0.02,0.235,3.0,2.0,0.0,0.0,38.71,37.93,40.53,39.29,39.69,37.57,40.32,38.81,40.23,46.85
2016-06-09 15:09:00-05:00,740.86395,736.733,505822,31.74,0.0,720.1,26.01,328.9,278.0,276.2,273.2,207.4,206.5,207.1,327.8,576.3,60.13,170.6,1384237.0,330.0,188.9,5.0,0.0,0.0,0.0,0.0,0.0,0.0,0.0,0.0,26.0,37.03,711.3,206.3,207.2,206.4,60.0,59.9,74.7,0.0,274.0,273.9,274.5,168.6,18.69,169.6,601.0,1374732.0,41223.0,126855.0,0.994,0.979,0.748,0.921,77.68,77.89,77.4,77.45,78.08,77.0,66.72,25.55,25.62,25.45,25.47,25.68,25.32,21.94,43526.0,44190.0,43748.0,43597.0,44483.0,42223.0,38259.0,3.532,300.5,11.3,6.0,3.528,2.0,-1.0,13.54,0.02,0.235,3.0,2.0,0.0,0.0,38.58,38.57,40.83,39.83,40.27,38.04,40.7,39.24,40.42,46.87
2016-06-09 15:10:00-05:00,739.67584,735.16394,505823,31.72,0.0,718.5,25.73,329.3,277.6,276.4,273.4,207.2,206.3,206.9,328.7,575.0,60.19,170.4,1384239.0,330.5,189.0,5.0,0.0,0.0,0.0,0.0,0.0,0.0,0.0,0.0,25.73,36.45,710.1,205.9,206.9,206.0,60.0,59.9,74.7,0.0,274.0,273.9,274.5,168.3,18.7,169.4,601.0,1374735.0,41223.0,126855.0,0.994,0.979,0.748,0.921,77.62,77.98,77.3,77.2,77.9,76.91,66.56,25.56,25.68,25.45,25.42,25.65,25.32,21.91,43527.0,44190.0,43748.0,43598.0,44483.0,42223.0,38260.0,3.772,308.9,21.88,6.1,3.53,2.0,-1.0,13.54,0.02,0.235,3.0,2.0,0.0,0.0,38.14,37.77,40.66,39.67,40.16,37.39,40.55,38.8,40.09,46.85
2016-06-09 15:11:00-05:00,736.34937,731.6895,505824,31.72,0.0,715.1,25.85,329.3,277.8,276.1,273.2,206.4,205.5,206.1,328.9,572.2,60.17,169.7,1384242.0,331.8,188.2,5.0,0.0,0.0,0.0,0.0,0.0,0.0,0.0,0.0,25.85,36.65,707.1,205.1,206.1,205.2,60.0,59.9,74.7,0.0,274.0,273.7,274.4,167.6,18.6,168.6,601.0,1374737.0,41223.0,126855.0,0.994,0.979,0.748,0.921,77.09,77.62,77.08,77.21,77.3,76.51,66.4,25.38,25.56,25.38,25.42,25.45,25.19,21.86,43527.0,44191.0,43748.0,43598.0,44484.0,42224.0,38260.0,4.503,298.8,10.62,6.7,3.53,2.0,-1.0,13.54,0.02,0.235,3.0,2.0,0.0,0.0,38.23,37.46,40.56,39.48,40.04,37.21,40.35,38.57,40.09,46.81
2016-06-09 15:12:00-05:00,737.41864,732.362,505825,31.72,0.0,716.0,25.95,329.0,277.4,276.3,273.4,206.8,205.9,206.5,328.3,573.8,60.14,170.0,1384245.0,329.7,188.4,5.0,0.0,0.0,0.0,0.0,0.0,0.0,0.0,0.0,25.9,36.51,707.3,205.4,206.4,205.6,60.0,59.9,74.7,0.0,274.0,273.5,274.3,167.8,18.58,168.9,601.0,1374740.0,41223.0,126856.0,0.994,0.979,0.748,0.921,77.26,77.78,77.22,77.25,77.41,76.75,66.45,25.42,25.59,25.4,25.41,25.47,25.25,21.86,43527.0,44191.0,43749.0,43599.0,44484.0,42224.0,38261.0,5.59,283.4,9.75,8.1,3.53,2.0,-1.0,13.54,0.02,0.235,3.0,2.0,0.0,0.0,38.19,37.43,40.46,39.19,39.76,36.99,40.22,38.57,39.78,46.72
2016-06-09 15:13:00-05:00,737.6562,732.362,505826,31.69,0.0,715.8,25.94,329.8,277.4,276.1,273.2,207.0,205.9,206.6,329.2,573.1,60.14,170.1,1384248.0,331.4,188.6,5.0,0.0,0.0,0.0,0.0,0.0,0.0,0.0,0.0,25.92,36.61,707.0,205.6,206.6,205.7,60.0,59.9,74.7,0.0,274.0,273.1,274.0,167.9,18.67,169.0,601.0,1374743.0,41223.0,126856.0,0.994,0.979,0.748,0.921,77.23,77.61,76.96,76.95,77.38,76.64,66.16,25.47,25.59,25.38,25.38,25.52,25.27,21.82,43528.0,44192.0,43749.0,43599.0,44485.0,42225.0,38261.0,3.97,286.7,13.4,5.7,3.528,2.0,-1.0,13.54,0.02,0.235,3.0,2.0,0.0,0.0,38.17,37.34,40.17,39.01,39.7,36.86,40.06,38.31,39.69,46.66
2016-06-09 15:14:00-05:00,735.87415,730.23254,505827,31.69,0.0,713.8,25.71,329.6,277.3,276.1,273.2,206.6,205.7,206.3,329.1,572.3,60.15,169.7,1384250.0,330.6,188.3,5.0,0.0,0.0,0.0,0.0,0.0,0.0,0.0,0.0,25.73,35.99,705.4,205.2,206.3,205.4,60.0,59.9,74.7,0.0,274.0,273.0,274.0,167.6,18.63,168.6,601.0,1374746.0,41223.0,126856.0,0.994,0.979,0.748,0.921,77.24,77.53,76.8,76.82,77.27,76.49,66.01,25.45,25.55,25.31,25.32,25.47,25.21,21.76,43528.0,44192.0,43750.0,43600.0,44485.0,42225.0,38261.0,4.568,309.1,11.61,7.0,3.53,2.0,-1.0,13.54,0.02,0.235,3.0,2.0,0.0,0.0,37.47,37.28,40.07,38.83,39.58,36.64,39.99,37.93,39.38,46.59
2016-06-09 15:15:00-05:00,739.9135,733.7069,505828,31.69,0.0,717.4,25.66,329.1,277.6,276.1,273.1,207.5,206.6,207.2,328.9,575.8,60.14,170.5,1384253.0,330.9,189.4,5.0,0.0,0.0,0.0,0.0,0.0,0.0,0.0,0.0,25.7,36.14,708.6,206.3,207.2,206.4,60.0,59.9,74.7,0.0,274.0,273.1,274.0,168.5,18.73,169.5,601.0,1374749.0,41223.0,126857.0,0.994,0.979,0.748,0.921,77.86,78.1,77.38,77.34,77.67,77.13,66.49,25.62,25.7,25.46,25.45,25.56,25.38,21.88,43529.0,44193.0,43750.0,43600.0,44486.0,42226.0,38262.0,4.385,307.2,11.94,6.4,3.53,2.0,-1.0,13.54,0.02,0.235,3.0,2.0,0.0,0.0,37.41,37.03,40.01,38.77,39.55,36.44,39.9,37.91,38.86,46.58
2016-06-09 15:16:00-05:00,739.9135,733.3707,505829,31.66,0.0,716.7,25.44,330.7,277.5,276.0,273.0,207.6,206.6,207.3,330.1,573.8,60.15,170.6,1384256.0,332.1,189.4,5.0,0.0,0.0,0.0,0.0,0.0,0.0,0.0,0.0,25.4,35.28,707.5,206.4,207.3,206.5,60.0,59.9,74.7,0.0,274.0,273.0,274.0,168.5,18.78,169.5,601.0,1374751.0,41223.0,126857.0,0.994,0.979,0.748,0.921,77.36,77.77,77.14,77.08,77.26,76.76,66.29,25.58,25.71,25.51,25.49,25.55,25.38,21.92,43529.0,44193.0,43751.0,43601.0,44486.0,42226.0,38262.0,4.977,293.3,12.11,7.2,3.53,2.0,-1.0,13.54,0.02,0.235,3.0,2.0,0.0,0.0,36.81,36.64,39.89,38.53,39.15,36.25,39.71,37.6,38.93,46.6
2016-06-09 15:17:00-05:00,733.26044,726.75824,505830,31.65,0.0,709.9,25.5,331.6,277.2,276.0,273.1,205.9,205.0,205.6,331.0,567.2,60.14,169.1,1384259.0,332.8,187.7,5.0,0.0,0.0,0.0,0.0,0.0,0.0,0.0,0.0,25.44,35.5,701.3,204.6,205.6,204.6,60.0,59.9,74.7,0.0,274.0,273.0,274.0,167.0,18.53,168.1,601.0,1374754.0,41223.0,126857.0,0.994,0.979,0.748,0.921,76.46,76.84,76.17,76.18,76.38,75.8,65.5,25.36,25.48,25.26,25.26,25.33,25.14,21.72,43530.0,44194.0,43751.0,43601.0,44487.0,42227.0,38263.0,3.662,286.6,16.24,5.1,3.528,2.0,-1.0,13.54,0.02,0.235,3.0,2.0,0.0,0.0,36.74,36.67,39.7,38.43,39.27,36.27,39.44,37.57,39.07,46.64
2016-06-09 15:18:00-05:00,728.2707,721.2665,505831,31.65,0.0,704.6,25.87,330.9,277.1,275.7,272.9,204.5,203.6,204.2,330.2,563.6,60.14,167.8,1384262.0,332.0,186.1,5.0,0.0,0.0,0.0,0.0,0.0,0.0,0.0,0.0,25.84,36.13,696.4,203.0,204.2,203.1,60.0,59.9,74.7,0.0,274.0,273.0,274.0,165.7,18.32,166.7,601.0,1374757.0,41223.0,126857.0,0.994,0.979,0.748,0.921,76.01,76.33,75.82,75.8,75.97,75.4,65.19,25.15,25.26,25.09,25.08,25.14,24.95,21.57,43530.0,44194.0,43752.0,43602.0,44487.0,42227.0,38263.0,,0.0,0.0,,,2.0,-1.0,13.54,0.02,0.235,3.0,2.0,0.0,0.0,37.35,37.04,39.86,38.64,39.27,36.54,39.67,37.92,39.5,46.58
2016-06-09 15:19:00-05:00,722.56805,715.21436,505832,31.65,0.0,698.5,25.98,331.5,277.4,275.7,273.0,202.7,201.8,202.4,330.7,558.2,60.13,166.4,1384264.0,332.3,184.6,5.0,0.0,0.0,0.0,0.0,0.0,0.0,0.0,0.0,25.94,36.47,691.2,201.1,202.3,201.2,60.0,59.9,74.7,0.0,274.0,273.0,274.0,164.2,18.03,165.2,601.0,1374760.0,41223.0,126858.0,0.994,0.979,0.748,0.921,75.12,75.21,74.7,74.97,75.27,74.05,64.31,24.9,24.93,24.76,24.85,24.95,24.54,21.32,43531.0,44195.0,43752.0,43602.0,44488.0,42228.0,38264.0,3.342,276.8,16.23,5.8,3.53,2.0,-1.0,13.54,0.02,0.235,3.0,2.0,0.0,0.0,37.89,37.29,39.99,38.95,39.57,37.18,39.68,38.43,39.65,46.6
2016-06-09 15:20:00-05:00,719.2415,711.5158,505833,31.62,0.0,694.8,25.91,331.3,277.2,275.3,272.6,202.0,201.2,201.8,330.2,555.8,60.12,165.7,1384267.0,332.9,183.5,5.0,0.0,0.0,0.0,0.0,0.0,0.0,0.0,0.0,25.91,36.42,687.4,200.4,201.6,200.5,60.0,59.9,74.7,0.0,273.7,273.0,274.0,163.5,17.93,164.5,601.0,1374762.0,41223.0,126858.0,0.994,0.979,0.748,0.921,74.65,75.03,74.6,74.73,74.77,73.87,64.2,24.73,24.85,24.71,24.75,24.77,24.47,21.27,43531.0,44195.0,43753.0,43603.0,44488.0,42228.0,38264.0,4.718,292.3,16.73,7.9,3.528,2.0,-1.0,13.54,0.02,0.234,3.0,2.0,0.0,0.0,37.9,37.19,39.84,38.77,39.3,36.67,39.59,37.76,39.59,46.5
2016-06-09 15:21:00-05:00,716.2714,708.15356,505834,31.62,0.0,691.6,25.9,331.0,277.1,275.6,272.8,201.2,200.4,201.0,330.3,554.6,60.14,165.0,1384270.0,331.4,183.2,5.0,0.0,0.0,0.0,0.0,0.0,0.0,0.0,0.0,25.92,36.52,684.6,199.6,200.9,199.7,60.0,59.9,74.7,0.0,273.9,273.0,274.0,162.9,17.85,163.9,601.0,1374765.0,41223.0,126858.0,0.994,0.979,0.748,0.921,74.67,74.98,74.39,74.38,74.8,74.04,64.04,24.71,24.82,24.62,24.62,24.76,24.5,21.19,43532.0,44196.0,43753.0,43603.0,44489.0,42229.0,38265.0,3.665,302.4,14.11,5.2,3.527,2.0,-1.0,13.54,0.02,0.234,3.0,2.0,0.0,0.0,37.9,36.76,39.59,38.33,39.13,36.38,39.34,37.58,39.12,46.53
2016-06-09 15:22:00-05:00,715.43976,707.14484,505835,31.62,0.0,690.5,25.7,331.1,277.1,275.7,272.9,200.8,200.0,200.6,330.9,554.0,60.16,164.7,1384272.0,332.2,183.3,5.0,0.0,0.0,0.0,0.0,0.0,0.0,0.0,0.0,25.7,35.95,683.3,199.2,200.5,199.4,60.0,59.9,74.7,0.0,273.9,273.0,274.0,162.7,17.8,163.6,601.0,1374768.0,41223.0,126859.0,0.994,0.979,0.748,0.921,74.44,74.95,74.41,74.19,74.58,74.03,64.05,24.64,24.81,24.63,24.56,24.69,24.51,21.2,43532.0,44196.0,43754.0,43603.0,44489.0,42229.0,38265.0,2.827,285.8,12.5,4.6,3.528,2.0,-1.0,13.54,0.02,0.234,3.0,2.0,0.0,0.0,37.34,36.75,39.67,38.51,39.16,36.58,39.44,37.61,39.21,46.49
2016-06-09 15:23:00-05:00,713.30133,704.56714,505836,31.59,0.0,688.2,25.89,330.9,277.1,275.7,272.8,200.1,199.1,199.8,330.6,552.1,60.22,164.1,1384275.0,332.2,182.5,5.0,0.0,0.0,0.0,0.0,0.0,0.0,0.0,0.0,25.9,36.81,681.0,198.4,199.9,198.5,60.0,59.9,74.7,0.0,274.0,273.0,274.0,162.0,17.82,163.0,601.0,1374770.0,41223.0,126859.0,0.994,0.979,0.748,0.921,74.22,74.51,74.03,74.01,74.29,73.59,63.71,24.56,24.65,24.49,24.49,24.58,24.35,21.08,43533.0,44197.0,43754.0,43604.0,44490.0,42229.0,38265.0,2.983,269.4,23.68,5.0,3.53,2.0,-1.0,13.54,0.02,0.234,3.0,2.0,0.0,0.0,37.91,36.98,39.78,38.61,39.14,36.82,39.52,37.99,39.58,46.63
2016-06-09 15:24:00-05:00,707.95514,698.85126,505837,31.58,0.0,682.5,26.0,331.4,277.1,275.7,272.8,198.4,197.5,198.2,331.2,546.7,60.2,162.7,1384278.0,332.3,181.1,5.0,0.0,0.0,0.0,0.0,0.0,0.0,0.0,0.0,25.9,37.37,675.8,196.6,198.1,196.7,60.0,59.9,74.7,0.0,274.0,273.0,274.0,160.6,17.53,161.5,601.0,1374773.0,41223.0,126859.0,0.994,0.979,0.748,0.921,73.3,73.79,73.32,73.3,73.44,72.85,63.07,24.29,24.45,24.29,24.29,24.33,24.14,20.9,43533.0,44197.0,43755.0,43604.0,44490.0,42230.0,38266.0,,0.0,0.0,,,2.0,-1.0,13.54,0.021,0.234,3.0,2.0,0.0,0.0,38.71,37.71,39.98,39.05,39.44,37.58,39.81,38.84,39.91,46.6
2016-06-09 15:25:00-05:00,703.797,694.2561,505838,31.58,0.0,678.4,25.94,330.3,277.2,275.4,272.6,197.0,196.4,196.9,329.7,544.3,60.14,161.6,1384280.0,333.3,179.4,5.0,0.0,0.0,0.0,0.0,0.0,0.0,0.0,0.0,25.95,37.96,671.8,195.2,196.7,195.4,60.0,59.9,74.7,0.0,273.9,273.0,274.0,159.4,17.3,160.4,601.0,1374776.0,41223.0,126860.0,0.994,0.979,0.748,0.921,73.08,73.28,72.9,73.05,73.2,72.41,62.68,24.14,24.2,24.08,24.13,24.18,23.92,20.7,43534.0,44197.0,43755.0,43605.0,44490.0,42230.0,38266.0,2.4,281.0,20.06,3.6,3.528,2.0,-1.0,13.54,0.02,0.234,3.0,2.0,0.0,0.0,39.29,37.89,40.0,39.28,39.82,37.55,40.0,38.86,40.38,46.62
2016-06-09 15:26:00-05:00,699.16364,689.4368,505839,31.58,0.0,673.7,25.81,329.6,277.2,275.3,272.5,195.5,194.8,195.4,328.7,541.6,60.15,160.3,1384283.0,331.6,178.0,5.0,0.0,0.0,0.0,0.0,0.0,0.0,0.0,0.0,25.76,37.49,667.8,193.8,195.3,194.0,60.0,59.9,74.7,0.0,273.7,273.0,274.0,158.2,17.08,159.2,601.0,1374778.0,41223.0,126860.0,0.994,0.979,0.748,0.921,72.6,72.99,72.67,72.72,72.74,72.1,62.51,23.92,24.05,23.95,23.96,23.97,23.76,20.6,43534.0,44198.0,43755.0,43605.0,44491.0,42231.0,38266.0,2.698,282.5,24.37,4.4,3.527,2.0,-1.0,13.54,0.02,0.234,3.0,2.0,0.0,0.0,39.16,37.87,40.19,39.27,39.74,37.5,40.22,38.9,40.53,46.58
2016-06-09 15:27:00-05:00,698.4508,688.3161,505840,31.58,0.0,672.6,25.87,329.9,276.8,275.4,272.6,195.3,194.6,195.2,329.6,539.9,60.14,160.0,1384286.0,330.7,177.9,5.0,0.0,0.0,0.0,0.0,0.0,0.0,0.0,0.0,25.92,37.77,666.7,193.4,195.0,193.6,60.0,59.9,74.7,0.0,273.2,273.0,274.0,157.9,17.07,158.8,601.0,1374781.0,41223.0,126860.0,0.994,0.979,0.748,0.921,72.23,72.76,72.45,72.48,72.46,71.84,62.25,23.83,24.01,23.9,23.91,23.9,23.7,20.54,43535.0,44198.0,43756.0,43606.0,44491.0,42231.0,38266.0,2.707,289.3,8.7,4.2,3.527,2.0,-1.0,13.54,0.02,0.234,3.0,2.0,0.0,0.0,39.47,38.19,40.38,39.24,39.93,37.72,40.26,39.04,40.51,46.58
2016-06-09 15:28:00-05:00,699.52,688.76434,505841,31.58,0.0,673.1,25.88,329.0,276.9,275.7,272.8,195.4,194.7,195.4,328.2,542.1,60.15,160.3,1384288.0,330.3,177.9,5.0,0.0,0.0,0.0,0.0,0.0,0.0,0.0,0.0,25.86,36.77,667.0,193.5,195.1,193.7,60.0,59.9,74.7,0.0,273.9,273.0,274.0,158.1,17.13,159.0,601.0,1374784.0,41223.0,126860.0,0.994,0.979,0.748,0.921,72.65,73.14,72.63,72.67,72.99,72.13,62.56,23.9,24.06,23.89,23.91,24.01,23.73,20.58,43535.0,44199.0,43756.0,43606.0,44492.0,42232.0,38267.0,4.16,288.8,11.57,5.9,3.526,2.0,-1.0,13.54,0.02,0.234,3.0,2.0,0.0,0.0,38.56,37.84,40.09,39.11,39.6,37.22,40.1,38.47,40.48,46.62
2016-06-09 15:29:00-05:00,693.34216,682.37604,505842,31.58,0.0,666.2,25.92,331.3,276.9,275.8,272.9,193.8,192.9,193.6,330.4,534.5,60.14,158.8,1384291.0,331.5,176.6,5.0,0.0,0.0,0.0,0.0,0.0,0.0,0.0,0.0,25.89,37.09,660.7,191.7,193.3,191.9,60.0,59.9,74.7,0.0,273.9,273.0,274.0,156.7,16.88,157.6,601.0,1374786.0,41223.0,126861.0,0.994,0.979,0.748,0.921,71.61,72.11,71.45,71.41,71.96,71.04,61.64,23.72,23.88,23.67,23.65,23.84,23.53,20.42,43535.0,44199.0,43757.0,43607.0,44492.0,42232.0,38267.0,,0.0,0.0,,,2.0,-1.0,13.54,0.02,0.234,3.0,2.0,0.0,0.0,38.7,37.92,40.16,39.19,39.58,37.43,40.12,38.72,40.33,46.65
2016-06-09 15:30:00-05:00,690.6097,679.3499,505843,31.58,0.0,663.3,25.83,329.9,277.1,275.4,272.5,193.1,192.5,193.1,329.1,534.2,60.15,158.3,1384293.0,331.3,175.8,5.0,0.0,0.0,0.0,0.0,0.0,0.0,0.0,0.0,25.87,36.74,658.6,191.1,192.8,191.3,60.0,59.9,74.7,0.0,273.9,273.0,274.0,156.1,16.82,157.0,601.0,1374789.0,41223.0,126861.0,0.994,0.979,0.748,0.921,71.49,71.98,71.52,71.54,71.85,71.07,61.65,23.59,23.75,23.6,23.6,23.7,23.45,20.34,43536.0,44200.0,43757.0,43607.0,44493.0,42233.0,38267.0,3.092,300.9,12.99,5.2,3.53,2.0,-1.0,13.54,0.021,0.234,3.0,2.0,0.0,0.0,38.2,37.42,40.02,38.83,39.38,37.03,39.76,38.45,39.9,46.76
2016-06-09 15:31:00-05:00,689.89685,678.2292,505844,31.58,0.0,662.3,26.0,330.6,277.0,275.4,272.6,192.7,191.9,192.6,329.8,532.0,60.15,157.9,1384296.0,331.6,175.5,5.0,0.0,0.0,0.0,0.0,0.0,0.0,0.0,0.0,26.08,37.72,656.7,190.6,192.3,190.8,60.0,59.9,74.7,0.0,273.7,273.0,274.0,155.7,16.75,156.6,601.0,1374792.0,41223.0,126861.0,0.994,0.979,0.748,0.921,71.32,71.7,71.25,71.21,71.47,70.86,61.36,23.58,23.7,23.55,23.54,23.63,23.43,20.28,43536.0,44200.0,43758.0,43608.0,44493.0,42233.0,38267.0,3.543,305.0,15.37,28.9,,2.0,-1.0,13.54,0.021,0.234,3.0,2.0,0.0,0.0,38.98,38.17,40.42,39.35,40.21,37.5,40.3,39.21,39.99,46.68
2016-06-09 15:32:00-05:00,684.1942,672.2892,505845,31.59,0.0,656.3,26.21,330.4,276.8,275.4,272.6,191.2,190.4,191.1,329.7,528.0,60.14,156.6,1384299.0,332.4,174.1,5.0,0.0,0.0,0.0,0.0,0.0,0.0,0.0,0.0,26.2,37.51,651.6,189.0,190.8,189.2,60.0,59.9,74.7,0.0,273.6,273.0,274.0,154.4,16.54,155.3,601.0,1374794.0,41223.0,126861.0,0.994,0.979,0.748,0.921,70.77,70.97,70.42,70.55,70.73,70.17,60.65,23.38,23.45,23.27,23.31,23.37,23.18,20.04,43537.0,44201.0,43758.0,43608.0,44494.0,42234.0,38268.0,4.01,302.5,13.59,7.1,3.528,2.0,-1.0,13.54,0.021,0.234,3.0,2.0,0.0,0.0,38.85,38.0,40.28,39.29,39.93,37.16,40.22,38.66,39.64,46.7
2016-06-09 15:33:00-05:00,685.0259,672.62537,505846,31.61,0.0,656.5,25.84,330.2,276.8,275.2,272.4,191.7,190.9,191.6,329.3,529.7,60.14,156.9,1384301.0,332.1,174.4,5.0,0.0,0.0,0.0,0.0,0.0,0.0,0.0,0.0,25.82,36.19,651.9,189.6,191.3,189.8,60.0,59.9,74.7,0.0,273.1,272.9,274.0,154.8,16.59,155.7,601.0,1374797.0,41223.0,126862.0,0.994,0.979,0.748,0.921,70.93,71.3,70.83,70.88,70.88,70.48,60.91,23.42,23.54,23.39,23.4,23.41,23.27,20.11,43537.0,44201.0,43759.0,43609.0,44494.0,42234.0,38268.0,4.827,301.6,15.46,7.3,3.528,2.0,-1.0,13.54,0.021,0.234,3.0,2.0,0.0,0.0,37.77,37.08,39.86,38.71,39.25,36.57,39.79,37.99,38.99,46.73
2016-06-09 15:34:00-05:00,683.9566,671.50464,505847,31.62,0.0,654.8,25.54,332.0,276.7,275.2,272.4,191.9,191.1,191.8,331.4,527.8,60.15,157.0,1384304.0,333.0,174.9,5.0,0.0,0.0,0.0,0.0,0.0,0.0,0.0,0.0,25.49,35.02,650.5,189.7,191.5,189.9,60.0,59.9,74.7,0.0,273.1,272.7,274.0,154.9,16.65,155.8,601.0,1374799.0,41223.0,126862.0,0.994,0.979,0.748,0.921,70.69,71.03,70.56,70.45,70.79,70.12,60.67,23.46,23.58,23.42,23.38,23.5,23.28,20.14,43538.0,44202.0,43759.0,43609.0,44495.0,42235.0,38268.0,3.902,312.6,16.11,7.1,3.528,2.0,-1.0,13.54,0.021,0.234,3.0,2.0,0.0,0.0,36.32,36.37,39.51,38.09,38.75,36.0,39.14,37.36,38.55,46.73
2016-06-09 15:35:00-05:00,680.2737,667.46985,505848,31.61,0.0,650.4,25.6,333.1,276.2,275.1,272.3,191.1,190.5,191.1,332.4,523.8,60.15,156.4,1384306.0,334.3,174.1,5.0,0.0,0.0,0.0,0.0,0.0,0.0,0.0,0.0,25.59,34.78,646.5,189.0,190.8,189.1,60.0,59.9,74.7,0.0,273.0,272.2,273.6,154.2,16.52,155.1,601.0,1374802.0,41223.0,126862.0,0.994,0.979,0.748,0.921,70.03,70.38,69.92,69.94,70.25,69.49,60.18,23.32,23.44,23.28,23.29,23.4,23.14,20.04,43538.0,44202.0,43760.0,43610.0,44495.0,42235.0,38268.0,3.857,312.5,13.74,7.2,3.53,2.0,-1.0,13.54,0.021,0.234,3.0,2.0,0.0,0.0,35.94,35.86,39.01,37.77,38.69,35.78,38.89,37.1,38.17,46.75
2016-06-09 15:36:00-05:00,675.5215,662.3144,505849,31.58,0.0,645.2,25.6,333.4,277.5,276.3,273.5,189.3,188.3,189.0,332.8,519.8,60.15,155.4,1384309.0,334.4,173.0,5.0,0.0,0.0,0.0,0.0,0.0,0.0,0.0,0.0,25.62,34.33,642.1,186.9,188.7,187.0,60.0,59.9,74.7,0.0,274.4,273.4,274.5,153.2,16.34,154.0,601.0,1374804.0,41223.0,126863.0,0.994,0.979,0.748,0.921,69.56,69.88,69.38,69.33,69.76,68.95,59.76,23.19,23.3,23.13,23.12,23.26,22.99,19.93,43539.0,44203.0,43760.0,43610.0,44496.0,42236.0,38268.0,3.723,311.9,19.98,5.5,3.53,2.0,-1.0,13.54,0.021,0.234,3.0,2.0,0.0,0.0,35.32,35.8,38.98,37.88,38.75,36.02,39.03,37.33,37.81,46.77
2016-06-09 15:37:00-05:00,670.41296,656.82263,505850,31.58,0.0,640.0,25.57,333.0,278.4,277.1,274.3,187.5,186.7,187.4,332.5,516.9,60.15,154.4,1384311.0,334.3,171.9,5.0,0.0,0.0,0.0,0.0,0.0,0.0,0.0,0.0,25.59,34.19,638.1,185.1,187.0,185.2,60.0,59.9,74.7,0.0,275.0,274.5,275.8,152.2,16.12,153.0,601.0,1374807.0,41223.0,126863.0,0.994,0.979,0.748,0.921,69.13,69.56,69.01,69.01,69.39,68.6,59.5,23.02,23.17,22.98,22.98,23.11,22.84,19.81,43539.0,44203.0,43761.0,43611.0,44496.0,42236.0,38269.0,,0.0,0.0,,,2.0,-1.0,13.54,0.021,0.234,3.0,2.0,0.0,0.0,35.03,35.67,38.95,37.87,38.62,36.09,39.07,37.15,37.78,46.77
2016-06-09 15:38:00-05:00,670.0565,656.03815,505851,31.58,0.0,639.2,25.37,333.0,278.7,277.0,274.2,187.6,186.6,187.4,332.3,517.1,60.15,154.4,1384314.0,334.1,171.8,5.0,0.0,0.0,0.0,0.0,0.0,0.0,0.0,0.0,25.35,33.26,637.2,185.1,187.0,185.2,60.0,59.9,74.7,0.0,275.0,274.7,275.9,152.2,16.14,153.1,601.0,1374809.0,41223.0,126863.0,0.994,0.979,0.748,0.921,69.07,69.5,68.95,69.06,69.36,68.54,59.46,23.0,23.14,22.96,22.99,23.09,22.82,19.8,43540.0,44204.0,43761.0,43611.0,44497.0,42237.0,38269.0,3.372,327.1,21.54,6.1,3.53,2.0,-1.0,13.54,0.021,0.234,3.0,2.0,0.0,0.0,34.27,35.28,38.69,37.51,38.21,35.89,38.75,36.81,37.35,46.72
2016-06-09 15:39:00-05:00,665.66077,651.443,505852,31.55,0.0,634.2,25.43,334.7,278.1,276.9,274.1,186.2,185.5,186.2,334.2,511.5,60.14,153.2,1384316.0,335.6,170.9,5.0,0.0,0.0,0.0,0.0,0.0,0.0,0.0,0.0,25.38,33.45,632.6,183.7,185.7,183.9,60.0,59.9,74.7,0.0,275.0,274.1,275.1,151.0,15.95,151.8,601.0,1374812.0,41223.0,126863.0,0.994,0.979,0.748,0.921,68.15,68.58,68.11,68.22,68.5,67.68,58.65,22.81,22.95,22.8,22.83,22.93,22.65,19.63,43540.0,44204.0,43762.0,43611.0,44497.0,42237.0,38269.0,2.68,325.7,21.53,28.7,,2.0,-1.0,13.54,0.021,0.234,3.0,2.0,0.0,0.0,34.23,35.58,38.65,37.72,38.52,36.29,38.76,37.17,37.52,46.77
2016-06-09 15:40:00-05:00,663.4035,648.6411,505853,31.55,0.0,631.5,25.66,333.5,278.4,277.2,274.4,185.2,184.5,185.2,333.0,510.9,60.14,152.6,1384319.0,334.2,170.1,5.0,0.0,0.0,0.0,0.0,0.0,0.0,0.0,0.0,25.59,34.09,630.4,182.8,184.7,182.9,60.0,59.9,74.7,0.0,275.3,274.4,275.4,150.4,15.81,151.2,601.0,1374814.0,41223.0,126864.0,0.995,0.979,0.748,0.921,68.11,68.6,68.21,68.09,68.36,67.83,58.74,22.71,22.88,22.75,22.71,22.8,22.62,19.59,43541.0,44204.0,43762.0,43612.0,44498.0,42237.0,38269.0,2.637,313.2,31.64,4.6,3.528,2.0,-1.0,13.54,0.021,0.234,3.0,2.0,0.0,0.0,34.69,35.82,38.95,37.93,38.77,36.48,38.8,37.28,37.52,46.76
2016-06-09 15:41:00-05:00,661.0274,645.8392,505854,31.51,0.0,628.5,25.67,333.7,278.7,277.5,274.7,184.2,183.4,184.1,333.2,508.1,60.15,151.8,1384321.0,334.6,169.3,5.0,0.0,0.0,0.0,0.0,0.0,0.0,0.0,0.0,25.59,34.47,627.8,181.6,183.6,181.8,60.0,59.9,74.7,0.0,275.7,275.0,276.0,149.6,15.68,150.4,601.0,1374817.0,41223.0,126864.0,0.995,0.979,0.748,0.921,67.76,68.19,67.73,67.77,68.03,67.4,58.3,22.61,22.75,22.6,22.61,22.7,22.49,19.45,43541.0,44205.0,43763.0,43612.0,44498.0,42238.0,38270.0,3.815,283.4,13.72,5.9,3.53,2.0,-1.0,13.54,0.021,0.234,3.0,2.0,0.0,0.0,35.22,36.08,39.0,37.97,38.65,36.38,38.79,37.31,37.93,46.68
2016-06-09 15:42:00-05:00,656.27527,641.0199,505855,31.51,0.0,623.8,25.96,334.1,278.9,277.8,274.9,182.6,181.8,182.5,333.9,503.9,60.15,150.6,1384324.0,335.9,168.3,5.0,0.0,0.0,0.0,0.0,0.0,0.0,0.0,0.0,25.97,35.49,622.4,179.9,181.9,180.1,60.0,59.9,74.7,0.0,276.0,275.0,276.0,148.4,15.44,149.2,601.0,1374819.0,41223.0,126864.0,0.995,0.979,0.748,0.921,67.17,67.34,67.02,67.1,67.3,66.64,57.68,22.44,22.49,22.39,22.42,22.48,22.26,19.27,43542.0,44205.0,43763.0,43613.0,44498.0,42238.0,38270.0,3.248,297.9,13.78,5.2,3.53,2.0,-1.0,13.54,0.021,0.234,3.0,2.0,0.0,0.0,36.3,36.57,38.93,37.7,38.56,35.98,38.67,36.95,38.06,46.68
2016-06-09 15:43:00-05:00,650.5726,635.19196,505856,31.5,0.0,618.2,25.91,333.4,279.1,277.5,274.6,180.9,180.2,180.9,332.9,500.0,60.14,149.1,1384326.0,335.9,166.5,5.0,0.0,0.0,0.0,0.0,0.0,0.0,0.0,0.0,25.88,35.89,617.5,178.1,180.1,178.3,60.0,59.9,74.7,0.0,276.0,275.0,276.0,146.8,15.19,147.6,601.0,1374822.0,41223.0,126864.0,0.995,0.979,0.748,0.921,66.66,66.88,66.59,66.49,66.82,66.2,57.28,22.23,22.3,22.2,22.17,22.28,22.07,19.1,43542.0,44206.0,43763.0,43613.0,44499.0,42239.0,38270.0,1.88,287.0,20.34,3.0,3.528,2.0,-1.0,13.54,0.021,0.233,3.0,2.0,0.0,0.0,36.87,37.08,39.2,38.04,38.94,36.51,38.95,37.5,38.31,46.68
2016-06-09 15:44:00-05:00,647.36487,631.6055,505857,31.47,0.0,614.8,25.99,333.1,279.9,278.7,275.7,178.8,178.3,178.9,331.8,497.2,60.16,148.1,1384329.0,333.4,165.0,5.0,0.0,0.0,0.0,0.0,0.0,0.0,0.0,0.0,25.99,36.59,614.3,176.1,178.3,176.3,60.0,59.9,74.7,0.0,276.9,276.0,276.9,145.7,15.06,146.5,601.0,1374824.0,41223.0,126865.0,0.995,0.979,0.748,0.921,66.07,66.21,66.08,66.1,66.25,65.57,56.86,22.0,22.05,22.01,22.01,22.06,21.84,18.94,43542.0,44206.0,43764.0,43614.0,44499.0,42239.0,38270.0,2.377,275.4,21.15,3.3,3.528,2.0,-1.0,13.54,0.021,0.233,3.0,2.0,0.0,0.0,37.67,37.38,39.59,38.61,39.33,37.06,39.28,38.19,38.86,46.68
2016-06-09 15:45:00-05:00,641.3059,625.21716,505858,31.47,0.0,608.4,26.07,332.6,283.7,282.2,279.2,174.9,174.3,175.0,331.7,492.7,60.15,146.6,1384331.0,334.6,163.4,5.0,0.0,0.0,0.0,0.0,0.0,0.0,0.0,0.0,26.06,36.7,608.5,172.0,174.2,172.2,60.0,59.9,74.7,0.0,280.0,279.9,280.9,144.2,14.62,145.0,601.0,1374827.0,41223.0,126865.0,0.995,0.979,0.748,0.921,65.45,65.76,65.53,65.42,65.58,65.03,56.4,21.77,21.87,21.79,21.76,21.81,21.62,18.76,43543.0,44207.0,43764.0,43614.0,44500.0,42240.0,38271.0,2.312,288.0,15.02,4.0,3.53,2.0,-1.0,13.54,0.021,0.233,3.0,2.0,0.0,0.0,37.86,37.58,39.79,38.7,39.52,37.15,39.6,38.41,39.24,46.68
2016-06-09 15:46:00-05:00,637.86053,621.18243,505859,31.48,0.0,604.5,26.28,331.5,281.0,279.9,277.0,175.2,174.6,175.3,330.6,491.2,60.15,145.6,1384334.0,332.5,162.4,5.0,0.0,0.0,0.0,0.0,0.0,0.0,0.0,0.0,26.44,37.29,605.3,172.3,174.5,172.5,60.0,59.9,74.7,0.0,277.8,277.3,278.3,143.2,14.61,144.0,601.0,1374829.0,41223.0,126865.0,0.995,0.979,0.748,0.921,65.32,65.59,65.18,65.1,65.53,64.85,56.2,21.65,21.74,21.6,21.58,21.72,21.49,18.63,43543.0,44207.0,43765.0,43615.0,44500.0,42240.0,38271.0,2.565,281.0,12.29,3.7,3.53,2.0,-1.0,13.54,0.021,0.233,3.0,2.0,0.0,0.0,38.36,37.7,39.76,38.91,39.4,37.53,39.68,38.61,39.35,46.71
2016-06-09 15:47:00-05:00,639.5238,622.07904,505860,31.5,0.0,605.1,26.04,331.4,277.8,276.6,273.7,177.4,176.8,177.5,330.7,492.0,60.14,145.7,1384336.0,332.5,162.7,5.0,0.0,0.0,0.0,0.0,0.0,0.0,0.0,0.0,25.95,36.64,606.0,174.4,176.7,174.7,60.0,59.9,74.7,0.0,274.9,274.1,275.1,143.4,14.76,144.1,601.0,1374831.0,41223.0,126865.0,0.995,0.979,0.748,0.921,65.22,65.71,65.32,65.41,65.6,64.89,56.31,21.61,21.77,21.64,21.67,21.74,21.5,18.66,43544.0,44208.0,43765.0,43615.0,44501.0,42241.0,38271.0,3.485,279.0,16.84,5.5,3.53,2.0,-1.0,13.54,0.021,0.233,3.0,2.0,0.0,0.0,37.94,37.3,39.54,38.75,39.23,37.08,39.44,38.2,39.4,46.77
2016-06-09 15:48:00-05:00,636.9101,619.16504,505861,31.51,0.0,601.8,25.98,332.9,277.7,276.3,273.4,176.5,176.0,176.6,332.0,487.6,60.15,144.9,1384338.0,334.2,161.9,5.0,0.0,0.0,0.0,0.0,0.0,0.0,0.0,0.0,25.97,36.56,602.7,173.6,175.9,173.9,60.0,59.9,74.7,0.0,274.2,274.0,275.0,142.6,14.66,143.3,601.0,1374834.0,41223.0,126866.0,0.995,0.979,0.748,0.921,64.66,65.01,64.67,64.68,65.05,64.24,55.71,21.52,21.64,21.52,21.53,21.65,21.38,18.54,43544.0,44208.0,43766.0,43616.0,44501.0,42241.0,38271.0,2.498,290.0,14.13,3.6,3.528,2.0,-1.0,13.54,0.021,0.233,3.0,2.0,0.0,0.0,37.86,36.98,39.52,38.62,39.21,36.95,39.36,38.29,39.19,46.77
2016-06-09 15:49:00-05:00,630.13824,612.2163,505862,31.51,0.0,594.8,26.0,332.1,277.6,276.4,273.6,174.7,174.2,174.8,331.5,483.6,60.15,143.4,1384341.0,332.6,160.3,5.0,0.0,0.0,0.0,0.0,0.0,0.0,0.0,0.0,26.01,35.82,596.5,171.8,174.1,172.1,60.0,59.9,74.7,0.0,274.6,274.0,275.0,141.1,14.38,141.9,601.0,1374836.0,41223.0,126866.0,0.995,0.979,0.748,0.921,64.05,64.52,64.06,64.16,64.47,63.65,55.25,21.27,21.43,21.27,21.3,21.41,21.14,18.35,43545.0,44209.0,43766.0,43616.0,44502.0,42242.0,38271.0,3.5,308.1,17.35,5.6,3.528,2.0,-1.0,13.54,0.021,0.233,3.0,2.0,0.0,0.0,36.91,36.87,39.42,38.47,39.02,36.69,39.23,37.95,39.18,46.77
2016-06-09 15:50:00-05:00,628.71265,610.199,505863,31.51,0.0,592.6,25.73,332.9,277.7,276.5,273.7,174.6,174.0,174.7,332.3,482.4,60.15,143.4,1384343.0,334.4,160.3,5.0,0.0,0.0,0.0,0.0,0.0,0.0,0.0,0.0,25.75,34.41,594.7,171.6,174.0,171.9,60.0,59.9,74.7,0.0,275.0,274.0,275.0,141.1,14.42,141.8,601.0,1374839.0,41223.0,126866.0,0.995,0.979,0.748,0.921,63.94,64.29,63.89,63.94,64.36,63.49,55.08,21.29,21.4,21.27,21.29,21.43,21.14,18.34,43545.0,44209.0,43767.0,43617.0,44502.0,42242.0,38272.0,,0.0,0.0,,,2.0,-1.0,13.54,0.021,0.233,3.0,2.0,0.0,0.0,35.47,35.76,38.68,37.52,38.31,35.76,38.61,37.25,38.45,46.77
2016-06-09 15:51:00-05:00,626.93054,608.0695,505864,31.51,0.0,590.2,25.76,333.5,277.7,276.5,273.7,174.1,173.6,174.2,332.8,480.2,60.15,143.0,1384345.0,334.6,159.8,5.0,0.0,0.0,0.0,0.0,0.0,0.0,0.0,0.0,25.75,34.05,592.3,171.1,173.6,171.5,60.0,59.9,74.7,0.0,275.0,274.0,275.0,140.7,14.35,141.4,601.0,1374841.0,41223.0,126866.0,0.995,0.979,0.748,0.921,63.7,64.12,63.69,63.65,64.05,63.27,54.95,21.24,21.38,21.24,21.22,21.36,21.1,18.32,43546.0,44210.0,43767.0,43617.0,44503.0,42242.0,38272.0,,0.0,0.0,,,2.0,-1.0,13.54,0.021,0.233,3.0,2.0,0.0,0.0,34.83,35.41,38.29,37.3,38.21,35.59,38.33,37.15,38.01,46.77
2016-06-09 15:52:00-05:00,623.8416,604.7072,505865,31.51,0.0,586.7,26.07,334.1,277.6,276.2,273.5,173.3,173.0,173.5,333.6,476.7,60.14,142.3,1384348.0,335.3,159.0,5.0,0.0,0.0,0.0,0.0,0.0,0.0,0.0,0.0,26.04,34.66,589.3,170.3,172.8,170.6,60.0,59.9,74.7,0.0,274.6,274.0,275.0,140.0,14.22,140.7,601.0,1374843.0,41223.0,126867.0,0.995,0.979,0.748,0.921,63.2,63.7,63.27,63.18,63.54,62.93,54.55,21.11,21.28,21.14,21.11,21.23,21.03,18.23,43546.0,44210.0,43767.0,43617.0,44503.0,42243.0,38272.0,4.013,278.6,19.54,29.0,,2.0,-1.0,13.54,0.021,0.233,3.0,2.0,0.0,0.0,35.42,35.61,38.3,37.35,38.1,35.76,38.4,37.17,38.06,46.77
2016-06-09 15:53:00-05:00,620.03986,600.6725,505866,31.51,0.0,582.3,26.07,334.7,277.8,276.2,273.5,172.0,171.7,172.3,334.2,472.8,60.15,141.2,1384350.0,336.1,158.0,5.0,0.0,0.0,0.0,0.0,0.0,0.0,0.0,0.0,26.0,34.54,585.4,169.1,171.6,169.3,60.0,59.9,74.7,0.0,274.9,274.0,275.0,139.0,14.07,139.7,601.0,1374846.0,41223.0,126867.0,0.995,0.979,0.748,0.921,62.65,63.02,62.65,62.62,62.96,62.22,54.04,20.97,21.09,20.97,20.96,21.07,20.82,18.08,43546.0,44210.0,43768.0,43618.0,44503.0,42243.0,38272.0,2.887,280.6,24.13,5.2,3.53,2.0,-1.0,13.54,0.021,0.233,3.0,2.0,0.0,0.0,35.64,35.78,38.21,37.35,38.0,35.72,38.46,37.07,38.0,46.77
2016-06-09 15:54:00-05:00,618.02026,598.0947,505867,31.48,0.0,579.8,26.14,334.1,277.5,276.2,273.5,171.6,171.3,171.8,333.3,471.8,60.14,140.8,1384352.0,335.3,157.3,5.0,0.0,0.0,0.0,0.0,0.0,0.0,0.0,0.0,26.16,34.93,583.1,168.5,171.1,168.8,60.0,59.9,74.7,0.0,274.6,274.0,275.0,138.5,14.01,139.2,601.0,1374848.0,41223.0,126867.0,0.995,0.979,0.748,0.921,62.58,62.96,62.54,62.43,62.89,62.2,53.83,20.91,21.04,20.89,20.86,21.01,20.78,17.98,43547.0,44211.0,43768.0,43618.0,44504.0,42243.0,38273.0,3.193,275.2,20.43,4.7,3.53,2.0,-1.0,13.54,0.021,0.233,3.0,2.0,0.0,0.0,36.11,35.82,38.05,37.06,37.59,35.65,38.11,36.86,38.06,46.77
2016-06-09 15:55:00-05:00,614.8125,594.7324,505868,31.47,0.0,576.3,26.06,335.3,277.8,276.5,273.7,170.4,170.1,170.6,334.7,468.1,60.14,140.0,1384355.0,336.0,156.7,5.0,0.0,0.0,0.0,0.0,0.0,0.0,0.0,0.0,25.94,34.63,579.4,167.4,170.0,167.7,60.0,59.9,74.7,0.0,274.9,274.0,275.0,137.7,13.88,138.4,601.0,1374850.0,41223.0,126867.0,0.995,0.979,0.748,0.921,61.93,62.33,61.89,61.89,62.34,61.56,53.37,20.77,20.9,20.75,20.75,20.9,20.64,17.9,43547.0,44211.0,43768.0,43618.0,44504.0,42243.0,38273.0,3.003,268.6,16.59,5.3,3.528,2.0,-1.0,13.54,0.021,0.233,3.0,2.0,0.0,0.0,35.98,35.6,37.88,37.0,37.56,35.4,37.9,36.74,38.06,46.76
2016-06-09 15:56:00-05:00,612.674,592.0426,505869,31.47,0.0,573.6,26.04,334.4,277.8,276.3,273.6,169.6,169.4,170.0,333.8,467.5,60.14,139.3,1384357.0,337.5,156.0,5.0,0.0,0.0,0.0,0.0,0.0,0.0,0.0,0.0,25.91,34.91,577.6,166.7,169.3,167.1,60.0,59.9,74.7,0.0,275.0,274.0,275.0,137.1,13.76,137.8,601.0,1374852.0,41223.0,126868.0,0.995,0.979,0.748,0.921,61.83,62.26,61.66,61.78,62.32,61.57,53.24,20.68,20.82,20.62,20.66,20.84,20.59,17.8,43547.0,44211.0,43768.0,43618.0,44504.0,42244.0,38273.0,3.398,293.1,18.56,6.6,3.53,2.0,-1.0,13.54,0.021,0.233,3.0,2.0,0.0,0.0,36.16,35.66,37.74,36.96,37.43,35.5,37.74,36.83,37.98,46.68
2016-06-09 15:57:00-05:00,610.7732,589.5769,505870,31.46,0.0,571.2,26.04,334.4,277.8,276.3,273.5,169.1,168.8,169.4,333.7,465.9,60.19,138.8,1384359.0,336.1,155.4,5.0,0.0,0.0,0.0,0.0,0.0,0.0,0.0,0.0,25.98,35.11,575.2,165.9,168.6,166.3,60.0,59.9,74.7,0.0,274.8,274.0,275.0,136.5,13.71,137.1,601.0,1374855.0,41223.0,126868.0,0.995,0.979,0.748,0.921,61.65,61.87,61.51,61.52,61.98,61.31,53.02,20.61,20.69,20.57,20.57,20.72,20.5,17.73,43547.0,44211.0,43769.0,43619.0,44504.0,42244.0,38273.0,3.183,297.1,13.68,4.4,3.53,2.0,-1.0,13.54,0.021,0.233,3.0,2.0,0.0,0.0,36.31,36.06,38.07,37.32,37.61,35.92,38.05,37.24,37.72,46.71
2016-06-09 15:58:00-05:00,608.6347,587.1112,505871,31.44,0.0,568.6,26.23,334.3,277.8,276.4,273.6,168.1,167.8,168.4,333.1,463.8,60.18,138.0,1384362.0,335.5,154.5,5.0,0.0,0.0,0.0,0.0,0.0,0.0,0.0,0.0,26.25,35.35,573.1,165.0,167.7,165.3,60.0,59.9,74.7,0.0,274.9,274.0,275.0,135.8,13.56,136.4,601.0,1374857.0,41223.0,126868.0,0.995,0.979,0.748,0.921,61.41,61.64,61.24,61.18,61.66,61.06,52.77,20.53,20.6,20.47,20.45,20.61,20.41,17.64,43547.0,44212.0,43769.0,43619.0,44505.0,42244.0,38274.0,2.115,300.2,22.67,4.3,3.528,2.0,-1.0,13.54,0.021,0.233,3.0,2.0,0.0,0.0,36.51,36.13,38.15,37.3,37.79,35.92,38.08,37.27,37.77,46.77
2016-06-09 15:59:00-05:00,604.83295,582.74023,505872,31.44,0.0,564.3,26.38,334.6,277.8,276.3,273.5,166.8,166.6,167.1,334.5,460.3,60.17,136.9,1384364.0,335.5,153.9,5.0,0.0,0.0,0.0,0.0,0.0,0.0,0.0,0.0,26.35,35.35,569.2,163.7,166.4,164.0,60.0,59.9,74.7,0.0,274.9,274.0,275.0,134.7,13.37,135.4,601.0,1374859.0,41223.0,126868.0,0.995,0.979,0.748,0.921,60.8,61.09,60.77,60.71,61.07,60.49,52.39,20.34,20.44,20.33,20.31,20.43,20.24,17.53,43548.0,44212.0,43769.0,43619.0,44505.0,42244.0,38274.0,2.725,288.7,26.93,4.5,3.53,2.0,-1.0,13.54,0.021,0.233,3.0,2.0,0.0,0.0,36.68,36.11,38.28,37.49,37.89,36.05,38.25,37.44,38.06,46.77
2016-06-09 16:00:00-05:00,598.8927,576.80023,505873,31.44,0.0,558.1,26.08,333.9,277.4,276.2,273.5,165.4,165.2,165.7,333.4,456.4,60.14,135.6,1384366.0,334.1,152.1,5.0,0.0,0.0,0.0,0.0,0.0,0.0,0.0,0.0,26.0,34.54,563.7,162.2,164.9,162.6,60.0,59.9,74.7,0.0,274.2,274.0,275.0,133.4,13.14,134.0,601.0,1374861.0,41223.0,126868.0,0.995,0.979,0.748,0.921,60.34,60.56,60.01,60.12,60.6,60.0,51.73,20.15,20.22,20.04,20.08,20.24,20.03,17.27,43548.0,44212.0,43769.0,43619.0,44505.0,42244.0,38274.0,4.0,286.0,13.75,6.1,3.528,2.0,-1.0,13.54,0.021,0.233,3.0,2.0,0.0,0.0,36.01,35.58,38.02,37.07,37.36,35.52,37.95,36.78,37.98,46.77
2016-06-09 16:01:00-05:00,598.8927,576.464,505874,31.44,0.0,557.2,26.04,334.3,277.5,275.9,273.2,165.3,165.2,165.7,333.8,455.4,60.23,135.5,1384368.0,335.5,152.0,5.0,0.0,0.0,0.0,0.0,0.0,0.0,0.0,0.0,26.03,34.49,563.1,162.2,165.0,162.5,60.0,59.9,74.7,0.0,274.2,273.8,274.8,133.3,13.25,134.0,601.0,1374864.0,41223.0,126869.0,0.995,0.979,0.748,0.921,60.14,60.43,60.18,60.21,60.46,59.81,51.78,20.1,20.2,20.12,20.13,20.21,19.99,17.31,43548.0,44212.0,43770.0,43619.0,44505.0,42245.0,38274.0,3.718,276.7,22.96,6.0,3.528,2.0,-1.0,13.54,0.021,0.233,3.0,2.0,0.0,0.0,36.05,35.46,37.53,36.79,37.05,35.29,37.61,36.59,37.69,46.77
2016-06-09 16:02:00-05:00,593.5466,570.9722,505875,31.44,0.0,551.4,26.07,335.8,277.4,276.1,273.4,163.7,163.6,164.1,335.4,449.7,60.22,134.2,1384370.0,337.0,150.8,5.0,0.0,0.0,0.0,0.0,0.0,0.0,0.0,0.0,26.06,34.55,557.6,160.7,163.5,160.9,60.0,59.9,74.7,0.0,274.3,274.0,275.0,132.1,13.03,132.8,601.0,1374866.0,41223.0,126869.0,0.995,0.979,0.748,0.921,59.38,59.67,59.45,59.43,59.75,58.97,51.14,19.94,20.04,19.96,19.96,20.07,19.8,17.17,43548.0,44213.0,43770.0,43620.0,44506.0,42245.0,38275.0,3.572,290.9,22.67,6.3,3.53,2.0,-1.0,13.54,0.021,0.233,3.0,2.0,0.0,0.0,36.07,35.44,37.35,36.6,37.04,35.3,37.48,36.5,37.49,46.68
2016-06-09 16:03:00-05:00,592.1209,568.84283,505876,31.44,0.0,549.3,25.9,336.1,277.6,276.1,273.4,163.3,163.2,163.7,336.0,448.2,60.2,133.9,1384373.0,337.6,150.6,5.0,0.0,0.0,0.0,0.0,0.0,0.0,0.0,0.0,25.83,33.69,555.2,160.2,163.0,160.5,60.0,59.9,74.7,0.0,274.2,274.0,275.0,131.8,12.95,132.4,601.0,1374868.0,41223.0,126869.0,0.995,0.979,0.748,0.921,59.07,59.46,59.17,59.17,59.33,58.77,50.98,19.85,19.98,19.88,19.88,19.94,19.75,17.13,43549.0,44213.0,43770.0,43620.0,44506.0,42245.0,38275.0,,0.0,0.0,,,2.0,-1.0,13.54,0.021,0.232,3.0,2.0,0.0,0.0,35.08,34.75,37.07,36.27,36.74,34.62,37.18,35.91,37.1,46.68
2016-06-09 16:04:00-05:00,586.4183,563.12695,505877,31.44,0.0,543.2,25.93,336.3,277.3,276.1,273.4,161.8,161.7,162.2,335.4,443.9,60.17,132.6,1384375.0,337.5,148.9,5.0,0.0,0.0,0.0,0.0,0.0,0.0,0.0,0.0,25.88,33.5,550.1,158.7,161.5,159.1,60.0,59.9,74.7,0.0,274.0,273.9,275.0,130.6,12.69,131.2,601.0,1374870.0,41223.0,126869.0,0.995,0.979,0.748,0.921,58.64,58.95,58.44,58.4,58.83,58.23,50.47,19.72,19.83,19.66,19.64,19.79,19.58,16.97,43549.0,44213.0,43770.0,43620.0,44506.0,42245.0,38275.0,4.125,307.3,9.28,5.7,3.526,2.0,-1.0,13.54,0.021,0.232,3.0,2.0,0.0,0.0,34.69,34.35,36.87,36.08,36.46,34.46,36.91,35.68,36.69,46.68
2016-06-09 16:05:00-05:00,583.92334,560.1009,505878,31.4,0.0,539.6,26.27,336.9,276.9,275.9,273.1,161.2,161.1,161.7,336.2,441.1,60.14,132.0,1384377.0,337.0,148.3,5.0,0.0,0.0,0.0,0.0,0.0,0.0,0.0,0.0,26.28,34.25,547.2,158.0,160.8,158.4,60.0,59.9,74.7,0.0,274.0,273.4,274.5,129.8,12.6,130.5,601.0,1374872.0,41223.0,126870.0,0.995,0.979,0.748,0.921,58.33,58.67,58.19,58.23,58.47,58.06,50.19,19.65,19.77,19.6,19.62,19.7,19.56,16.91,43549.0,44213.0,43771.0,43620.0,44506.0,42246.0,38275.0,3.693,302.9,10.31,5.3,3.53,2.0,-1.0,13.54,0.021,0.232,3.0,2.0,0.0,0.0,35.41,34.89,36.79,36.22,36.73,34.69,37.02,36.08,36.46,46.68
2016-06-09 16:06:00-05:00,576.5575,552.70386,505879,31.4,0.0,531.9,26.16,336.6,276.9,275.6,272.9,159.3,159.1,159.7,336.2,435.8,60.14,130.3,1384379.0,338.6,146.5,5.0,0.0,0.0,0.0,0.0,0.0,0.0,0.0,0.0,26.13,34.07,540.8,155.9,158.8,156.4,60.0,59.9,74.7,0.0,274.0,273.0,274.0,128.2,12.32,128.8,601.0,1374875.0,41223.0,126870.0,0.995,0.979,0.748,0.921,57.44,57.79,57.55,57.49,57.56,57.23,49.54,19.34,19.45,19.37,19.35,19.38,19.26,16.68,43549.0,44214.0,43771.0,43621.0,44507.0,42246.0,38275.0,3.04,289.8,16.41,4.7,3.527,2.0,-1.0,13.54,0.021,0.232,3.0,2.0,0.0,0.0,35.42,34.63,36.75,36.16,36.63,34.67,36.89,36.08,36.28,46.61
2016-06-09 16:07:00-05:00,573.4686,549.2295,505880,31.39,0.0,528.9,26.29,336.6,276.7,275.5,272.8,158.1,158.1,158.7,335.8,433.1,60.14,129.3,1384381.0,337.0,145.4,5.0,0.0,0.0,0.0,0.0,0.0,0.0,0.0,0.0,26.27,34.65,537.8,154.8,157.7,155.3,60.0,59.9,74.7,0.0,274.0,273.0,274.0,127.2,12.18,127.8,601.0,1374877.0,41223.0,126870.0,0.995,0.979,0.748,0.921,57.1,57.14,56.85,57.1,57.24,56.5,49.03,19.22,19.23,19.14,19.22,19.27,19.02,16.5,43550.0,44214.0,43771.0,43621.0,44507.0,42246.0,38276.0,,0.0,0.0,,,2.0,-1.0,13.54,0.021,0.232,3.0,2.0,0.0,0.0,35.86,35.27,37.01,36.41,36.92,35.3,37.12,36.49,36.53,46.58
2016-06-09 16:08:00-05:00,570.3797,545.7551,505881,31.37,0.0,526.1,26.11,335.8,277.0,275.5,272.8,157.1,156.9,157.6,335.3,431.6,60.15,128.4,1384383.0,337.3,144.7,5.0,0.0,0.0,0.0,0.0,0.0,0.0,0.0,0.0,26.05,34.4,535.1,153.8,156.7,154.3,60.0,59.9,74.7,0.0,274.0,273.0,274.0,126.4,12.09,127.0,601.0,1374879.0,41223.0,126870.0,0.995,0.979,0.748,0.921,56.86,57.09,56.72,56.75,57.08,56.47,48.9,19.09,19.17,19.04,19.05,19.17,18.96,16.42,43550.0,44214.0,43771.0,43621.0,44507.0,42246.0,38276.0,2.842,286.9,19.2,5.6,3.528,2.0,-1.0,13.54,0.021,0.232,3.0,2.0,0.0,0.0,35.68,35.26,37.2,36.58,36.89,35.47,37.35,36.61,36.6,46.58
2016-06-09 16:09:00-05:00,567.766,542.8411,505882,31.37,0.0,523.1,25.97,336.2,277.1,275.5,272.8,156.3,156.4,156.9,335.7,429.2,60.15,127.9,1384386.0,337.2,144.1,5.0,0.0,0.0,0.0,0.0,0.0,0.0,0.0,0.0,26.01,33.81,532.0,153.0,155.9,153.5,60.0,59.9,74.7,0.0,274.0,273.0,274.1,125.8,12.0,126.3,601.0,1374881.0,41223.0,126870.0,0.995,0.979,0.748,0.921,56.5,56.71,56.31,56.31,56.76,56.1,48.51,19.0,19.07,18.93,18.93,19.08,18.86,16.31,43550.0,44214.0,43771.0,43621.0,44507.0,42247.0,38276.0,,0.0,0.0,,,2.0,-1.0,13.54,0.021,0.232,3.0,2.0,0.0,0.0,35.22,34.75,36.94,36.27,36.66,34.98,37.15,36.16,36.64,46.58
2016-06-09 16:10:00-05:00,565.5087,540.26337,505883,31.37,0.0,520.3,25.99,335.6,277.1,275.7,273.1,155.3,155.3,155.9,334.9,427.8,60.14,127.2,1384388.0,337.3,143.2,5.0,0.0,0.0,0.0,0.0,0.0,0.0,0.0,0.0,25.96,33.72,529.5,152.1,155.0,152.6,60.0,59.9,74.7,0.0,274.0,273.5,274.8,125.2,11.88,125.7,601.0,1374883.0,41223.0,126871.0,0.996,0.979,0.748,0.921,56.32,56.51,56.18,56.15,56.53,55.9,48.49,18.9,18.96,18.86,18.85,18.97,18.76,16.27,43550.0,44214.0,43772.0,43622.0,44507.0,42247.0,38276.0,4.055,300.5,13.59,6.4,3.526,2.0,-1.0,13.54,0.021,0.232,3.0,2.0,0.0,0.0,34.98,34.71,36.87,36.08,36.63,34.88,36.94,35.95,36.36,46.65
2016-06-09 16:11:00-05:00,565.3899,539.59094,505884,31.37,0.0,519.3,26.11,335.9,277.0,275.5,272.8,155.2,155.1,155.7,335.4,426.9,60.14,126.9,1384390.0,337.1,143.2,5.0,0.0,0.0,0.0,0.0,0.0,0.0,0.0,0.0,26.09,34.17,528.9,151.9,154.9,152.4,60.0,59.9,74.7,0.0,274.0,273.0,274.1,124.9,11.88,125.5,601.0,1374885.0,41223.0,126871.0,0.995,0.979,0.748,0.921,56.15,56.36,55.99,55.97,56.39,55.76,48.37,18.86,18.93,18.8,18.8,18.94,18.73,16.25,43551.0,44215.0,43772.0,43622.0,44508.0,42247.0,38277.0,2.608,275.7,20.76,4.0,3.53,2.0,-1.0,13.54,0.021,0.232,3.0,2.0,0.0,0.0,35.55,35.04,36.92,36.34,36.75,35.37,37.09,36.5,36.38,46.68
2016-06-09 16:12:00-05:00,562.53864,536.1166,505885,31.33,0.0,515.9,26.11,336.7,277.2,275.8,273.1,154.0,154.0,154.6,336.2,423.2,60.15,126.0,1384392.0,337.6,142.3,5.0,0.0,0.0,0.0,0.0,0.0,0.0,0.0,0.0,26.14,34.43,525.5,150.7,153.6,151.2,60.0,59.9,74.7,0.0,274.0,273.9,274.9,124.1,11.71,124.6,601.0,1374887.0,41223.0,126871.0,0.996,0.979,0.748,0.921,55.52,55.76,55.49,55.55,55.79,55.2,47.94,18.69,18.77,18.68,18.7,18.78,18.58,16.14,43551.0,44215.0,43772.0,43622.0,44508.0,42247.0,38277.0,2.622,283.1,21.96,4.0,3.526,2.0,-1.0,13.54,0.021,0.232,3.0,2.0,0.0,0.0,35.8,35.49,37.04,36.45,36.85,35.54,37.14,36.75,36.61,46.68
2016-06-09 16:13:00-05:00,558.02405,531.0731,505886,31.33,0.0,510.9,26.09,336.3,277.1,275.8,273.1,152.5,152.6,153.2,335.8,419.6,60.15,124.8,1384394.0,337.3,140.9,5.0,0.0,0.0,0.0,0.0,0.0,0.0,0.0,0.0,26.13,34.27,521.1,149.3,152.2,149.8,60.0,59.9,74.7,0.0,274.0,273.8,274.9,122.9,11.5,123.4,601.0,1374889.0,41223.0,126871.0,0.996,0.979,0.748,0.921,55.08,55.3,54.99,55.12,55.42,54.74,47.59,18.52,18.6,18.49,18.53,18.64,18.4,16.0,43551.0,44215.0,43772.0,43622.0,44508.0,42247.0,38277.0,,0.0,0.0,,,2.0,-1.0,13.54,0.021,0.232,3.0,2.0,0.0,0.0,35.67,35.32,36.96,36.5,36.71,35.47,37.08,36.72,36.67,46.68
2016-06-09 16:14:00-05:00,556.71716,529.39197,505887,31.33,0.0,508.9,26.08,335.9,277.1,275.7,273.0,151.9,152.0,152.6,335.4,418.2,60.14,124.3,1384396.0,337.8,140.2,5.0,0.0,0.0,0.0,0.0,0.0,0.0,0.0,0.0,26.07,34.25,519.4,148.7,151.6,149.2,60.0,59.9,74.7,0.0,274.0,273.6,274.7,122.4,11.46,122.9,601.0,1374891.0,41223.0,126871.0,0.996,0.979,0.748,0.921,54.92,55.17,54.82,54.99,55.17,54.55,47.39,18.45,18.53,18.41,18.47,18.53,18.33,15.92,43551.0,44215.0,43773.0,43623.0,44508.0,42248.0,38277.0,,0.0,0.0,,,2.05,-1.0,13.54,0.021,0.232,3.0,2.0,0.0,0.0,35.43,35.08,36.88,36.4,36.65,35.35,36.94,36.47,36.59,46.68
2016-06-09 16:15:00-05:00,551.7274,524.0123,505888,31.33,0.0,503.5,25.93,337.0,276.8,275.6,272.9,150.4,150.5,151.1,336.4,413.0,60.15,123.0,1384398.0,338.5,138.9,5.0,0.0,0.0,0.0,0.0,0.0,0.0,0.0,0.0,25.95,34.37,514.4,147.2,150.1,147.7,60.0,59.9,74.7,0.0,274.0,273.1,274.2,121.1,11.25,121.6,601.0,1374893.0,41223.0,126871.0,0.996,0.979,0.748,0.921,54.15,54.45,54.18,54.27,54.51,53.86,46.76,18.25,18.34,18.25,18.29,18.37,18.15,15.76,43551.0,44216.0,43773.0,43623.0,44509.0,42248.0,38278.0,,0.0,0.0,,,2.5,-1.0,13.54,0.021,0.232,3.0,2.0,0.0,0.0,35.64,35.01,36.73,36.4,36.6,35.29,36.97,36.51,36.67,46.68
2016-06-09 16:16:00-05:00,548.75726,520.7621,505889,31.32,0.0,499.8,25.96,336.8,276.8,275.5,272.9,149.6,149.7,150.2,336.4,410.7,60.13,122.3,1384400.0,337.6,138.2,5.0,0.0,0.0,0.0,0.0,0.0,0.0,0.0,0.0,25.93,34.17,511.3,146.4,149.2,146.8,60.0,59.9,74.7,0.0,274.0,273.1,274.2,120.4,11.09,120.9,601.0,1374895.0,41223.0,126872.0,0.996,0.979,0.748,0.921,53.68,54.31,53.96,53.83,53.97,53.7,46.56,18.08,18.29,18.17,18.13,18.18,18.08,15.68,43552.0,44216.0,43773.0,43623.0,44509.0,42248.0,38278.0,2.775,284.5,20.08,4.5,3.528,2.0,-1.0,13.54,0.021,0.232,3.0,2.0,0.0,0.0,35.35,34.68,36.47,35.93,36.24,34.85,36.71,35.97,36.41,46.58
2016-06-09 16:17:00-05:00,546.9752,518.6326,505890,31.3,0.0,497.4,25.89,336.3,276.6,275.4,272.8,149.0,149.1,149.7,335.3,409.7,60.14,121.8,1384402.0,336.6,137.4,5.0,0.0,0.0,0.0,0.0,0.0,0.0,0.0,0.0,25.87,33.85,509.0,145.8,148.7,146.3,60.0,59.9,74.7,0.0,274.0,273.0,274.0,119.9,11.01,120.4,601.0,1374897.0,41223.0,126872.0,0.996,0.979,0.748,0.921,53.77,54.01,53.7,53.79,54.04,53.42,46.39,18.08,18.16,18.06,18.09,18.17,17.96,15.6,43552.0,44216.0,43773.0,43623.0,44509.0,42248.0,38278.0,,0.0,0.0,,,2.0,-1.0,13.54,0.021,0.232,3.0,2.0,0.0,0.0,35.09,34.45,36.38,35.75,36.17,34.65,36.46,35.78,36.39,46.58
2016-06-09 16:18:00-05:00,540.5598,512.0202,505891,31.3,0.0,490.5,25.96,337.6,276.6,275.5,272.9,147.1,147.2,147.8,337.1,403.8,60.18,120.2,1384404.0,339.9,136.1,5.0,0.0,0.0,0.0,0.0,0.0,0.0,0.0,0.0,26.01,33.51,502.8,143.9,146.8,144.3,60.0,59.9,74.7,0.0,274.0,273.0,274.0,118.3,10.78,118.8,601.0,1374899.0,41223.0,126872.0,0.996,0.979,0.748,0.921,52.7,53.08,52.92,52.77,52.89,52.54,45.67,17.79,17.92,17.86,17.81,17.85,17.74,15.42,43552.0,44216.0,43774.0,43623.0,44509.0,42249.0,38278.0,3.083,310.1,23.95,5.6,3.526,2.0,-1.0,13.54,0.021,0.232,3.0,2.0,0.0,0.0,34.6,34.27,36.07,35.6,35.89,34.26,36.19,35.52,35.84,46.58
2016-06-09 16:19:00-05:00,536.0452,507.2009,505892,31.3,0.0,485.5,26.02,337.4,276.7,275.2,272.6,145.9,146.1,146.6,336.1,400.4,60.22,119.1,1384406.0,338.5,134.5,5.0,0.0,0.0,0.0,0.0,0.0,0.0,0.0,0.0,25.97,33.26,498.4,142.6,145.6,143.0,60.0,59.9,74.7,0.0,274.0,273.0,274.0,117.2,10.7,117.7,601.0,1374901.0,41223.0,126872.0,0.996,0.979,0.748,0.921,52.36,52.6,52.36,52.37,52.55,51.99,45.19,17.67,17.75,17.66,17.67,17.73,17.54,15.25,43552.0,44217.0,43774.0,43624.0,44510.0,42249.0,38279.0,,0.0,0.0,,,2.0,-1.0,13.54,0.021,0.232,3.0,2.0,0.0,0.0,34.62,34.17,35.85,35.39,35.78,34.07,35.97,35.21,35.86,46.56
2016-06-09 16:20:00-05:00,533.4316,504.17484,505893,31.3,0.0,482.3,26.13,337.1,276.6,275.4,272.9,144.8,145.0,145.6,337.0,398.2,60.22,118.3,1384408.0,338.0,134.2,5.0,0.0,0.0,0.0,0.0,0.0,0.0,0.0,0.0,26.13,33.38,495.6,141.5,144.6,142.0,60.0,59.9,74.7,0.0,274.0,273.0,274.1,116.5,10.57,117.0,601.0,1374903.0,41223.0,126872.0,0.996,0.979,0.748,0.921,52.11,52.36,52.05,52.08,52.35,51.76,44.91,17.57,17.65,17.54,17.56,17.64,17.45,15.14,43553.0,44217.0,43774.0,43624.0,44510.0,42249.0,38279.0,,0.0,0.0,,,2.0,-1.0,13.54,0.021,0.232,3.0,2.0,0.0,0.0,34.66,34.16,35.75,35.34,35.77,34.19,35.87,35.36,35.83,46.5
2016-06-09 16:21:00-05:00,532.1247,502.26953,505894,31.3,0.0,480.3,26.08,337.3,276.9,275.2,272.6,144.3,144.5,145.1,337.3,396.5,60.23,117.8,1384410.0,339.1,133.7,5.0,0.0,0.0,0.0,0.0,0.0,0.0,0.0,0.0,26.04,33.18,493.7,141.0,144.2,141.5,60.0,59.9,74.7,0.0,274.0,273.0,274.0,116.0,10.53,116.5,601.0,1374905.0,41223.0,126873.0,0.996,0.979,0.748,0.921,51.76,52.12,51.89,51.85,52.0,51.49,44.79,17.46,17.58,17.5,17.49,17.54,17.37,15.11,43553.0,44217.0,43774.0,43624.0,44510.0,42249.0,38279.0,3.293,290.8,13.76,5.5,3.527,2.0,-1.0,13.54,0.021,0.232,3.0,2.0,0.0,0.0,34.37,34.1,35.65,35.28,35.73,34.06,35.91,35.2,35.9,46.58
2016-06-09 16:22:00-05:00,531.17426,500.81253,505895,31.3,0.0,478.4,26.06,336.7,276.9,275.4,272.8,143.9,144.1,144.7,336.5,396.1,60.23,117.6,1384412.0,338.7,133.3,5.0,0.0,0.0,0.0,0.0,0.0,0.0,0.0,0.0,25.98,33.09,492.2,140.6,143.7,141.0,60.0,59.9,74.7,0.0,274.0,273.0,274.4,115.7,10.49,116.2,601.0,1374907.0,41223.0,126873.0,0.996,0.979,0.748,0.921,51.75,52.05,51.79,51.89,52.06,51.51,44.71,17.42,17.53,17.44,17.47,17.53,17.34,15.05,43553.0,44217.0,43775.0,43624.0,44510.0,42250.0,38279.0,4.342,287.5,17.48,6.1,3.527,2.0,-1.0,13.54,0.021,0.231,3.0,2.0,0.0,0.0,34.45,33.66,35.42,34.98,35.35,33.61,35.65,34.7,35.46,46.58
2016-06-09 16:23:00-05:00,527.49133,497.114,505896,31.3,0.0,474.3,25.93,338.7,277.0,275.4,272.8,142.7,143.1,143.5,338.1,391.3,60.14,116.6,1384414.0,340.4,132.3,5.0,0.0,0.0,0.0,0.0,0.0,0.0,0.0,0.0,25.82,33.05,488.5,139.4,142.4,139.9,60.0,59.9,74.7,0.0,274.0,273.0,274.2,114.8,10.24,115.2,601.0,1374909.0,41223.0,126873.0,0.996,0.979,0.748,0.921,51.07,51.31,51.05,51.18,51.32,50.7,44.06,17.29,17.38,17.29,17.33,17.38,17.17,14.92,43553.0,44218.0,43775.0,43625.0,44511.0,42250.0,38279.0,2.707,281.8,26.46,4.1,3.528,2.0,-1.0,13.54,0.021,0.231,3.0,2.0,0.0,0.0,34.42,33.65,35.28,34.8,35.15,33.63,35.47,34.64,35.46,46.58
2016-06-09 16:24:00-05:00,525.59045,494.5363,505897,31.28,0.0,471.5,25.95,338.3,276.5,275.1,272.5,142.1,142.2,142.8,337.8,389.4,60.14,115.9,1384416.0,340.3,131.6,5.0,0.0,0.0,0.0,0.0,0.0,0.0,0.0,0.0,25.91,33.29,486.0,138.7,141.7,139.2,60.0,59.9,74.7,0.0,274.0,273.0,274.0,114.1,10.12,114.6,601.0,1374911.0,41223.0,126873.0,0.996,0.979,0.748,0.921,50.77,51.06,50.99,50.86,50.98,50.54,44.02,17.17,17.28,17.25,17.21,17.25,17.1,14.89,43554.0,44218.0,43775.0,43625.0,44511.0,42250.0,38280.0,3.128,295.4,15.98,5.4,3.528,2.0,-1.0,13.54,0.021,0.232,3.0,2.0,0.0,0.0,34.59,33.83,35.41,34.92,35.34,33.75,35.54,34.79,35.38,46.58
2016-06-09 16:25:00-05:00,523.6896,491.95853,505898,31.26,0.0,469.1,25.93,337.8,276.6,275.2,272.5,141.3,141.5,142.1,337.6,387.9,60.14,115.3,1384418.0,340.7,131.0,5.0,0.0,0.0,0.0,0.0,0.0,0.0,0.0,0.0,25.88,33.21,484.0,138.0,140.9,138.5,60.0,59.9,74.7,0.0,274.0,273.0,274.0,113.5,10.03,114.0,601.0,1374913.0,41223.0,126873.0,0.996,0.979,0.748,0.921,50.63,50.81,50.72,50.68,50.86,50.31,43.78,17.1,17.16,17.13,17.12,17.18,16.99,14.79,43554.0,44218.0,43775.0,43625.0,44511.0,42250.0,38280.0,,0.0,0.0,,,2.0,-1.0,13.54,0.021,0.231,3.0,2.0,0.0,0.0,34.48,33.95,35.46,35.03,35.39,33.81,35.65,34.83,35.22,46.58
2016-06-09 16:26:00-05:00,520.0066,488.14792,505899,31.26,0.0,465.1,25.98,338.9,276.4,275.2,272.5,140.2,140.4,141.0,338.8,384.0,60.13,114.3,1384419.0,339.4,130.1,5.0,0.0,0.0,0.0,0.0,0.0,0.0,0.0,0.0,26.13,33.46,480.3,136.9,139.8,137.4,60.0,59.9,74.7,0.0,274.0,273.0,274.0,112.6,9.88,113.0,601.0,1374915.0,41223.0,126873.0,0.996,0.979,0.748,0.921,49.81,50.28,50.23,50.08,50.01,49.75,43.31,16.88,17.04,17.02,16.97,16.94,16.86,14.68,43554.0,44218.0,43775.0,43625.0,44511.0,42251.0,38280.0,,0.0,0.0,,,2.0,-1.0,13.54,0.021,0.231,3.0,2.0,0.0,0.0,34.54,33.7,35.33,34.92,35.18,33.72,35.5,34.58,35.12,46.58
2016-06-09 16:27:00-05:00,513.4724,481.53543,505900,31.26,0.0,458.5,26.52,339.0,276.1,275.0,272.4,138.1,138.4,139.0,338.1,378.5,60.12,112.6,1384421.0,342.2,128.0,5.0,0.0,0.0,0.0,0.0,0.0,0.0,0.0,0.0,26.64,34.36,474.0,134.8,137.8,135.3,60.0,59.9,74.7,0.0,273.7,273.0,274.0,110.8,9.6,111.3,601.0,1374916.0,41223.0,126874.0,0.996,0.979,0.748,0.921,49.39,49.32,49.11,49.39,49.58,48.9,42.32,16.74,16.72,16.65,16.74,16.81,16.58,14.35,43554.0,44218.0,43776.0,43626.0,44511.0,42251.0,38280.0,2.412,287.7,19.55,3.4,3.527,2.0,-1.0,13.54,0.021,0.231,3.0,2.0,0.0,0.0,35.37,34.23,35.42,34.98,35.26,34.01,35.59,34.81,35.22,46.56
2016-06-09 16:28:00-05:00,508.1262,475.81955,505901,31.26,0.0,452.8,26.34,338.2,276.2,275.0,272.4,136.4,136.7,137.3,338.5,374.7,60.19,111.1,1384423.0,340.3,126.8,5.0,0.0,0.0,0.0,0.0,0.0,0.0,0.0,0.0,26.4,34.24,469.0,133.1,136.1,133.6,60.0,59.9,74.7,0.0,274.0,273.0,274.0,109.5,9.45,109.9,601.0,1374918.0,41223.0,126874.0,0.996,0.979,0.748,0.921,48.72,48.9,48.84,48.89,48.86,48.41,42.14,16.48,16.54,16.52,16.53,16.52,16.37,14.25,43555.0,44219.0,43776.0,43626.0,44512.0,42251.0,38281.0,,0.0,0.0,,,2.0,-1.0,13.54,0.021,0.231,3.0,2.0,0.0,0.0,35.39,34.35,35.47,35.07,35.39,34.23,35.72,35.28,35.18,46.48
2016-06-09 16:29:00-05:00,503.49283,471.11237,505902,31.26,0.0,448.1,26.08,338.1,276.1,275.0,272.4,135.1,135.4,135.9,338.2,371.4,60.15,110.0,1384425.0,338.6,125.6,5.0,0.0,0.0,0.0,0.0,0.0,0.0,0.0,0.0,26.17,33.81,464.6,131.7,134.8,132.3,60.0,59.9,74.7,0.0,273.9,273.0,274.0,108.4,9.25,108.8,601.0,1374920.0,41223.0,126874.0,0.996,0.979,0.748,0.921,48.28,48.49,48.17,48.26,48.4,48.04,41.48,16.32,16.39,16.29,16.32,16.36,16.24,14.02,43555.0,44219.0,43776.0,43626.0,44512.0,42251.0,38281.0,3.385,256.1,20.52,6.3,3.527,2.0,-1.0,13.54,0.021,0.231,3.0,2.0,0.0,0.0,35.17,34.14,35.39,35.12,35.34,34.29,35.6,35.33,35.22,46.48
2016-06-09 16:30:00-05:00,498.85944,466.18097,505903,31.26,0.0,443.1,25.86,338.2,276.1,274.8,272.2,133.7,134.1,134.7,336.7,368.1,60.16,108.9,1384427.0,339.9,123.9,5.0,0.0,0.0,0.0,0.0,0.0,0.0,0.0,0.0,25.81,32.9,460.0,130.4,133.5,131.0,60.0,59.9,74.7,0.0,273.5,273.0,274.0,107.3,9.09,107.7,601.0,1374922.0,41223.0,126874.0,0.996,0.979,0.748,0.921,47.77,47.89,47.69,47.87,47.99,47.46,41.21,16.16,16.2,16.13,16.19,16.23,16.05,13.94,43555.0,44219.0,43776.0,43626.0,44512.0,42251.0,38281.0,,0.0,0.0,,,2.0,-1.0,13.54,0.021,0.231,3.0,2.0,0.0,0.0,34.28,33.94,35.2,35.01,35.11,34.0,35.4,34.9,34.92,46.56
2016-06-09 16:31:00-05:00,496.00818,463.04288,505904,31.26,0.0,439.6,25.68,338.1,276.3,274.7,272.2,132.9,133.4,133.9,337.2,365.8,60.19,108.2,1384428.0,338.5,123.3,5.0,0.0,0.0,0.0,0.0,0.0,0.0,0.0,0.0,25.62,32.33,457.0,129.5,132.7,130.0,60.0,59.9,74.7,0.0,273.5,273.0,274.0,106.5,9.05,106.9,601.0,1374924.0,41223.0,126874.0,0.996,0.979,0.748,0.921,47.48,47.62,47.41,47.53,47.74,47.19,40.99,16.05,16.1,16.03,16.07,16.14,15.95,13.86,43555.0,44219.0,43777.0,43626.0,44512.0,42252.0,38281.0,3.058,299.0,13.2,5.5,3.527,2.0,-1.0,13.54,0.021,0.231,3.0,2.0,0.0,0.0,33.63,33.4,34.93,34.69,34.94,33.55,35.12,34.53,34.71,46.58
2016-06-09 16:32:00-05:00,495.17654,461.81,505905,31.26,0.0,437.9,25.8,337.3,276.2,274.9,272.4,132.3,132.6,133.2,336.6,365.1,60.14,107.7,1384430.0,341.5,122.9,5.0,0.0,0.0,0.0,0.0,0.0,0.0,0.0,0.0,25.79,32.75,455.7,128.9,132.0,129.5,60.0,59.9,74.7,0.0,274.0,273.0,274.0,106.1,8.9,106.5,601.0,1374925.0,41223.0,126874.0,0.996,0.979,0.748,0.921,47.34,47.61,47.34,47.33,47.58,47.16,40.92,15.97,16.06,15.97,15.97,16.05,15.91,13.8,43555.0,44220.0,43777.0,43627.0,44513.0,42252.0,38282.0,2.615,283.3,8.96,3.7,3.528,2.0,-1.0,13.54,0.021,0.231,3.0,2.0,0.0,0.0,33.72,33.49,34.95,34.71,35.0,33.75,35.1,34.82,34.78,46.63
2016-06-09 16:33:00-05:00,491.37482,457.6632,505906,31.26,0.0,433.8,26.18,338.8,276.5,275.0,272.5,130.9,131.3,131.8,338.2,360.5,60.14,106.6,1384432.0,341.5,121.9,5.0,0.0,0.0,0.0,0.0,0.0,0.0,0.0,0.0,26.2,33.51,452.1,127.5,130.6,128.1,60.0,59.9,74.7,0.0,274.0,273.0,274.0,105.0,8.74,105.4,601.0,1374927.0,41223.0,126874.0,0.997,0.979,0.748,0.921,46.69,46.9,46.67,46.49,47.0,46.47,40.36,15.82,15.89,15.81,15.75,15.93,15.75,13.68,43556.0,44220.0,43777.0,43627.0,44513.0,42252.0,38282.0,,0.0,0.0,,,2.5,-1.0,13.54,0.021,0.231,3.0,2.0,0.0,0.0,34.44,33.96,35.05,34.89,35.13,33.94,35.18,35.07,34.94,46.68
2016-06-09 16:34:00-05:00,474.86102,441.8605,505907,31.26,0.0,418.6,26.24,340.2,276.2,275.0,272.4,126.4,126.8,127.3,339.0,347.7,60.17,102.8,1384434.0,340.7,117.9,5.0,0.0,0.0,0.0,0.0,0.0,0.0,0.0,0.0,26.17,33.28,436.4,122.9,126.0,123.4,60.0,59.9,74.7,0.0,274.0,273.0,274.0,101.2,8.16,101.6,601.0,1374929.0,41223.0,126875.0,0.997,0.979,0.748,0.921,44.81,44.97,44.81,44.77,45.13,44.5,38.78,15.24,15.29,15.24,15.23,15.35,15.13,13.19,43556.0,44220.0,43777.0,43627.0,44513.0,42252.0,38282.0,2.838,277.9,24.91,6.4,3.526,2.0,-1.0,13.54,0.021,0.231,3.0,2.0,0.0,0.0,34.48,34.0,34.95,34.74,34.93,33.76,35.13,34.9,35.1,46.62
2016-06-09 16:35:00-05:00,477.8311,444.10202,505908,31.25,0.0,420.3,26.12,337.6,276.3,274.9,272.4,127.0,127.6,128.1,337.2,351.2,60.16,103.4,1384435.0,338.2,118.4,5.0,0.0,0.0,0.0,0.0,0.0,0.0,0.0,0.0,25.98,33.07,439.5,123.6,126.7,124.2,60.0,59.9,74.7,0.0,274.0,273.0,274.0,101.8,8.31,102.1,601.0,1374930.0,41223.0,126875.0,0.997,0.979,0.748,0.921,45.3,45.49,45.41,45.52,45.65,45.09,39.32,15.29,15.36,15.33,15.37,15.41,15.22,13.27,43556.0,44220.0,43778.0,43627.0,44513.0,42253.0,38282.0,2.88,274.9,10.38,6.2,3.527,2.0,-1.0,13.54,0.021,0.231,3.0,2.0,0.0,0.0,34.29,33.47,34.74,34.48,34.74,33.42,35.0,34.63,34.91,46.59
2016-06-09 16:36:00-05:00,481.03885,446.3435,505909,31.25,0.0,421.9,26.3,337.7,276.2,274.9,272.4,127.6,128.1,128.6,338.0,352.3,60.17,103.8,1384437.0,338.5,119.1,5.0,0.0,0.0,0.0,0.0,0.0,0.0,0.0,0.0,26.26,33.58,441.5,124.1,127.2,124.7,60.0,59.9,74.7,0.0,273.8,273.0,274.0,102.2,8.33,102.5,601.0,1374932.0,41223.0,126875.0,0.997,0.979,0.748,0.921,45.42,45.64,45.68,45.71,45.73,45.18,39.5,15.33,15.41,15.42,15.43,15.44,15.26,13.34,43556.0,44221.0,43778.0,43628.0,44514.0,42253.0,38283.0,2.14,296.7,13.47,4.4,3.527,2.0,-1.0,13.54,0.021,0.231,3.0,2.0,0.0,0.0,34.8,33.72,34.79,34.61,34.98,33.68,35.2,34.92,34.99,46.58
2016-06-09 16:37:00-05:00,477.94992,442.86917,505910,31.25,0.0,418.3,26.2,338.9,276.3,274.9,272.4,126.4,126.8,127.4,337.8,348.8,60.22,102.9,1384439.0,339.8,117.8,5.0,0.0,0.0,0.0,0.0,0.0,0.0,0.0,0.0,26.25,33.54,438.3,123.0,126.1,123.4,60.0,59.9,74.7,0.0,274.0,273.0,274.0,101.3,8.25,101.6,601.0,1374934.0,41223.0,126875.0,0.997,0.979,0.748,0.921,45.05,45.15,44.99,45.04,45.34,44.68,38.9,15.27,15.3,15.24,15.26,15.36,15.14,13.18,43557.0,44221.0,43778.0,43628.0,44514.0,42253.0,38283.0,3.665,261.5,23.23,5.6,3.527,2.0,-1.0,13.54,0.021,0.231,3.0,2.0,0.0,0.0,34.84,34.01,34.92,34.66,34.95,33.78,35.35,35.08,34.93,46.58
2016-06-09 16:38:00-05:00,476.40546,440.73975,505911,31.26,0.0,415.8,26.04,338.6,276.4,274.7,272.2,125.8,126.3,126.8,338.2,347.3,60.22,102.3,1384441.0,340.2,117.5,5.0,0.0,0.0,0.0,0.0,0.0,0.0,0.0,0.0,25.89,33.2,436.3,122.4,125.5,122.9,60.0,59.9,74.7,0.0,274.0,273.0,274.0,100.8,8.19,101.1,601.0,1374936.0,41223.0,126875.0,0.997,0.979,0.748,0.921,44.75,44.97,44.87,44.84,45.02,44.55,38.83,15.15,15.23,15.19,15.18,15.25,15.08,13.15,43557.0,44221.0,43778.0,43628.0,44514.0,42253.0,38283.0,,0.0,0.0,,,2.0,-1.0,13.54,0.021,0.231,3.0,2.0,0.0,0.0,34.5,33.65,34.56,34.36,34.51,33.56,35.1,34.8,34.5,46.61
2016-06-09 16:39:00-05:00,472.60373,436.705,505912,31.26,0.0,411.4,25.77,339.6,276.5,274.9,272.4,124.6,125.0,125.5,339.2,343.4,60.22,101.3,1384442.0,340.7,116.5,5.0,0.0,0.0,0.0,0.0,0.0,0.0,0.0,0.0,25.74,32.26,432.2,121.1,124.2,121.6,60.0,59.9,74.7,0.0,274.0,273.0,274.0,99.8,8.02,100.1,601.0,1374937.0,41223.0,126875.0,0.997,0.979,0.748,0.921,44.2,44.41,44.26,44.27,44.54,43.98,38.32,15.01,15.08,15.03,15.03,15.12,14.93,13.01,43557.0,44221.0,43779.0,43628.0,44514.0,42254.0,38283.0,4.37,297.2,19.09,5.8,3.521,2.0,-1.0,13.54,0.021,0.231,3.0,2.0,0.0,0.0,33.6,33.3,34.34,34.12,34.42,33.14,34.95,34.42,34.26,46.66
2016-06-09 16:40:00-05:00,467.97034,431.99777,505913,31.26,0.0,406.3,25.67,340.1,276.3,275.0,272.5,123.2,123.7,124.2,339.8,339.5,60.23,100.2,1384444.0,341.6,115.4,5.0,0.0,0.0,0.0,0.0,0.0,0.0,0.0,0.0,25.65,31.57,427.5,119.8,122.9,120.2,60.0,59.9,74.7,0.0,274.0,273.0,274.0,98.7,7.881,99.0,601.0,1374939.0,41223.0,126875.0,0.997,0.979,0.748,0.921,43.7,43.86,43.69,43.71,43.98,43.44,37.84,14.86,14.92,14.86,14.87,14.96,14.77,12.87,43557.0,44222.0,43779.0,43629.0,44514.0,42254.0,38283.0,3.625,317.2,17.9,5.4,3.53,2.0,-1.0,13.54,0.021,0.231,3.0,2.0,0.0,0.0,32.61,32.72,34.12,33.79,34.09,33.03,34.58,34.15,33.8,46.68
2016-06-09 16:41:00-05:00,465.23785,428.85965,505914,31.26,0.0,402.8,25.8,339.8,276.4,274.9,272.4,122.3,122.9,123.3,339.0,337.3,60.21,99.5,1384446.0,340.8,114.3,5.0,0.0,0.0,0.0,0.0,0.0,0.0,0.0,0.0,25.8,31.81,424.4,118.8,121.9,119.2,60.0,59.9,74.7,0.0,274.0,273.0,274.0,97.9,7.752,98.2,601.0,1374940.0,41223.0,126876.0,0.997,0.979,0.748,0.921,43.38,43.54,43.42,43.51,43.55,43.15,37.56,14.74,14.8,14.75,14.78,14.8,14.66,12.76,43558.0,44222.0,43779.0,43629.0,44515.0,42254.0,38284.0,3.92,303.4,13.75,7.7,3.527,2.0,-1.0,13.54,0.021,0.231,3.0,2.0,0.0,0.0,32.7,32.71,33.96,33.68,33.88,32.76,34.3,33.69,33.59,46.68
2016-06-09 16:42:00-05:00,461.1985,424.48868,505915,31.26,0.0,398.0,25.83,340.6,276.1,274.8,272.3,121.1,121.6,122.1,340.0,333.6,60.17,98.4,1384447.0,343.0,113.4,5.0,0.0,0.0,0.0,0.0,0.0,0.0,0.0,0.0,25.78,31.26,420.1,117.6,120.6,118.1,60.0,59.9,74.7,0.0,273.8,273.0,274.0,96.9,7.57,97.2,601.0,1374942.0,41223.0,126876.0,0.997,0.979,0.748,0.921,42.89,43.02,43.01,42.85,43.07,42.64,37.18,14.61,14.65,14.64,14.59,14.67,14.52,12.66,43558.0,44222.0,43779.0,43629.0,44515.0,42254.0,38284.0,3.017,331.0,27.69,5.6,3.527,2.0,-1.0,13.54,0.021,0.231,3.0,2.0,0.0,0.0,32.4,32.34,33.64,33.32,33.64,32.39,34.04,33.26,33.16,46.71
2016-06-09 16:43:00-05:00,455.9711,419.109,505916,31.23,0.0,391.8,25.7,340.8,275.9,275.0,272.4,119.6,120.1,120.5,340.3,329.3,60.15,97.1,1384449.0,341.9,112.1,5.0,0.0,0.0,0.0,0.0,0.0,0.0,0.0,0.0,25.71,31.09,414.9,116.0,119.0,116.4,60.0,59.9,74.7,0.0,274.0,273.0,274.0,95.6,7.367,95.9,601.0,1374944.0,41223.0,126876.0,0.997,0.979,0.748,0.921,42.2,42.37,42.27,42.29,42.43,42.04,36.52,14.38,14.44,14.41,14.41,14.46,14.33,12.45,43558.0,44222.0,43779.0,43629.0,44515.0,42255.0,38284.0,2.918,310.0,26.04,5.6,3.526,2.0,-1.0,13.54,0.021,0.231,3.0,2.0,0.0,0.0,32.08,32.12,33.45,33.08,33.49,32.34,33.84,33.1,33.12,46.77
2016-06-09 16:44:00-05:00,450.03088,413.28104,505917,31.23,0.0,385.7,25.85,341.6,275.9,274.7,272.2,117.8,118.3,118.8,340.9,324.1,60.15,95.6,1384450.0,343.1,110.5,5.0,0.0,0.0,0.0,0.0,0.0,0.0,0.0,0.0,25.85,31.19,409.2,114.3,117.3,114.7,60.0,59.9,74.7,0.0,273.5,273.0,274.0,94.1,7.145,94.4,601.0,1374945.0,41223.0,126876.0,0.997,0.979,0.748,0.921,41.51,41.64,41.57,41.53,41.7,41.37,35.92,14.18,14.22,14.2,14.18,14.24,14.13,12.27,43558.0,44222.0,43780.0,43630.0,44515.0,42255.0,38284.0,3.607,273.8,37.61,6.9,3.526,2.0,-1.0,13.54,0.021,0.231,3.0,2.0,0.0,0.0,31.99,32.23,33.29,33.06,33.38,32.26,33.66,33.05,32.91,46.72
2016-06-09 16:45:00-05:00,447.2984,409.91876,505918,31.23,0.0,382.0,25.92,340.2,275.9,274.8,272.2,116.8,117.2,117.6,339.5,322.2,60.14,94.7,1384452.0,340.4,109.4,5.0,0.0,0.0,0.0,0.0,0.0,0.0,0.0,0.0,25.97,31.81,406.7,113.3,116.3,113.8,60.0,59.9,74.7,0.0,273.6,273.0,274.0,93.3,7.001,93.6,601.0,1374947.0,41223.0,126876.0,0.997,0.979,0.748,0.921,41.26,41.45,41.39,41.22,41.51,41.1,35.81,14.04,14.1,14.08,14.02,14.12,13.98,12.18,43558.0,44223.0,43780.0,43630.0,44516.0,42255.0,38285.0,2.0,252.4,13.81,2.7,3.524,2.0,-1.0,13.54,0.021,0.23,3.0,2.0,0.0,0.0,32.71,32.49,33.35,33.17,33.4,32.64,33.63,33.63,33.14,46.68
2016-06-09 16:46:00-05:00,446.46677,408.57385,505919,31.22,0.0,380.3,26.12,340.6,276.1,274.8,272.2,116.2,116.7,117.2,340.0,320.6,60.14,94.3,1384454.0,342.6,109.0,5.0,0.0,0.0,0.0,0.0,0.0,0.0,0.0,0.0,26.05,31.67,405.2,112.7,115.6,113.2,60.0,59.9,74.7,0.0,273.7,273.0,274.0,92.9,6.911,93.1,601.0,1374948.0,41223.0,126876.0,0.997,0.979,0.748,0.921,40.97,41.21,41.18,41.12,41.19,40.84,35.61,13.96,14.04,14.03,14.01,14.03,13.91,12.13,43559.0,44223.0,43780.0,43630.0,44516.0,42255.0,38285.0,,0.0,0.0,,,2.0,-1.0,13.54,0.021,0.23,3.0,2.0,0.0,0.0,32.73,32.25,33.27,33.08,33.32,32.38,33.66,33.21,33.06,46.68
2016-06-09 16:47:00-05:00,442.4274,404.42703,505920,31.19,0.0,376.0,26.1,341.4,276.0,274.9,272.4,114.8,115.4,115.8,340.7,316.6,60.15,93.1,1384455.0,345.0,107.9,5.0,0.0,0.0,0.0,0.0,0.0,0.0,0.0,0.0,26.02,31.85,401.4,111.3,114.3,111.7,60.0,59.9,74.7,0.0,274.0,273.0,274.0,91.7,6.735,92.0,601.0,1374950.0,41223.0,126876.0,0.997,0.979,0.748,0.921,40.4,40.72,40.47,40.53,40.72,40.4,35.03,13.79,13.9,13.81,13.84,13.9,13.79,11.96,43559.0,44223.0,43780.0,43630.0,44516.0,42255.0,38285.0,3.422,311.3,40.57,5.3,3.528,2.0,-1.0,13.54,0.021,0.23,3.0,2.0,0.0,0.0,32.74,32.44,33.55,33.39,33.58,32.95,33.99,33.81,33.04,46.68
2016-06-09 16:48:00-05:00,434.94272,397.14206,505921,31.19,0.0,368.8,26.18,340.9,276.1,274.5,272.1,112.6,113.3,113.7,340.1,311.4,60.14,91.3,1384457.0,341.7,105.9,5.0,0.0,0.0,0.0,0.0,0.0,0.0,0.0,0.0,26.15,32.19,394.4,109.2,112.2,109.6,60.0,59.9,74.7,0.0,273.3,273.0,274.0,89.9,6.502,90.1,601.0,1374951.0,41223.0,126876.0,0.997,0.979,0.748,0.921,39.67,39.87,39.65,39.69,39.97,39.61,34.32,13.52,13.59,13.52,13.53,13.63,13.5,11.7,43559.0,44223.0,43781.0,43630.0,44516.0,42256.0,38285.0,3.037,292.4,17.8,5.0,3.528,2.0,-1.0,13.54,0.021,0.23,3.0,2.0,0.0,0.0,33.12,32.61,33.61,33.52,33.65,33.04,34.02,33.88,33.18,46.63
2016-06-09 16:49:00-05:00,426.50763,388.9605,505922,31.19,0.0,361.2,26.26,339.6,276.0,274.7,272.3,110.3,111.0,111.3,339.2,306.5,60.15,89.4,1384458.0,341.1,103.9,5.0,0.0,0.0,0.0,0.0,0.0,0.0,0.0,0.0,26.22,32.39,387.1,106.9,109.8,107.2,60.0,59.9,74.7,0.0,273.5,273.0,274.0,88.0,6.202,88.3,601.0,1374953.0,41223.0,126876.0,0.998,0.979,0.748,0.921,38.96,39.13,39.08,39.13,39.24,38.89,33.83,13.23,13.29,13.27,13.28,13.32,13.2,11.48,43559.0,44224.0,43781.0,43631.0,44517.0,42256.0,38286.0,3.05,271.6,25.14,5.7,3.527,2.0,-1.0,13.54,0.021,0.23,3.0,2.0,0.0,0.0,33.34,32.7,33.6,33.5,33.59,32.99,33.96,33.88,33.28,46.58
2016-06-09 16:50:00-05:00,432.68542,394.00394,505923,31.17,0.0,365.1,26.12,338.7,276.0,275.0,272.5,111.5,112.2,112.5,338.1,310.1,60.15,90.5,1384460.0,339.7,104.8,5.0,0.0,0.0,0.0,0.0,0.0,0.0,0.0,0.0,26.05,31.82,391.9,108.1,111.1,108.5,60.0,59.9,74.7,0.0,274.0,273.0,274.0,89.1,6.387,89.3,601.0,1374954.0,41223.0,126877.0,0.997,0.979,0.748,0.921,39.42,39.64,39.67,39.77,39.75,39.38,34.33,13.35,13.42,13.43,13.47,13.46,13.33,11.63,43560.0,44224.0,43781.0,43631.0,44517.0,42256.0,38286.0,3.028,292.2,16.55,5.3,3.526,2.0,-1.0,13.54,0.021,0.23,3.0,2.0,0.0,0.0,32.95,32.33,33.37,33.27,33.45,32.63,33.79,33.54,33.22,46.62
2016-06-09 16:51:00-05:00,428.0521,389.29675,505924,31.16,0.0,360.2,26.1,341.2,276.1,274.8,272.3,110.1,110.7,111.1,340.9,304.8,60.14,89.2,1384461.0,343.7,103.9,5.0,0.0,0.0,0.0,0.0,0.0,0.0,0.0,0.0,25.94,31.84,387.3,106.6,109.6,107.0,60.0,59.9,74.7,0.0,274.0,273.0,274.0,87.9,6.166,88.1,601.0,1374956.0,41223.0,126877.0,0.998,0.979,0.748,0.921,38.68,38.68,38.68,38.88,39.05,38.38,33.47,13.2,13.2,13.2,13.26,13.32,13.09,11.42,43560.0,44224.0,43781.0,43631.0,44517.0,42256.0,38286.0,1.782,289.4,16.17,3.2,3.526,2.0,-1.0,13.54,0.021,0.23,3.0,2.0,0.0,0.0,32.87,32.28,33.3,33.21,33.42,32.67,33.71,33.68,33.06,46.68
2016-06-09 16:52:00-05:00,424.72556,385.59824,505925,31.16,0.0,356.2,26.08,340.9,276.1,275.0,272.5,108.8,109.6,109.9,340.5,302.1,60.2,88.2,1384463.0,342.9,102.9,5.0,0.0,0.0,0.0,0.0,0.0,0.0,0.0,0.0,25.99,31.71,383.8,105.4,108.4,105.8,60.0,59.9,74.7,0.0,274.0,273.0,274.0,86.9,6.044,87.1,601.0,1374957.0,41223.0,126877.0,0.998,0.979,0.748,0.921,38.25,38.45,38.45,38.48,38.58,38.17,33.3,13.04,13.11,13.1,13.12,13.15,13.01,11.35,43560.0,44224.0,43782.0,43631.0,44517.0,42257.0,38286.0,2.587,288.2,27.13,4.2,3.528,2.0,-1.0,13.54,0.021,0.23,3.0,2.0,0.0,0.0,32.86,32.07,33.22,33.12,33.24,32.49,33.62,33.51,33.1,46.71
2016-06-09 16:53:00-05:00,421.51785,382.01178,505926,31.16,0.0,352.5,26.1,340.3,276.3,274.9,272.4,107.7,108.4,108.7,340.3,299.5,60.21,87.3,1384464.0,341.0,101.9,5.0,0.0,0.0,0.0,0.0,0.0,0.0,0.0,0.0,26.03,31.68,380.7,104.3,107.2,104.6,60.0,59.9,74.7,0.0,274.0,273.0,274.0,86.0,5.917,86.2,601.0,1374959.0,41223.0,126877.0,0.998,0.979,0.748,0.921,37.88,38.1,38.09,38.18,38.26,37.81,32.99,12.89,12.96,12.96,12.99,13.02,12.86,11.23,43560.0,44225.0,43782.0,43632.0,44518.0,42257.0,38286.0,1.167,302.5,35.79,3.4,3.528,2.0,-1.0,13.54,0.021,0.23,3.0,2.0,0.0,0.0,32.79,32.15,33.17,33.08,33.26,32.57,33.6,33.72,33.17,46.77
2016-06-09 16:54:00-05:00,420.0922,380.2186,505927,31.16,0.0,350.2,26.13,340.2,276.1,274.8,272.3,107.0,107.7,108.0,339.6,297.9,60.22,86.7,1384465.0,342.1,101.2,5.0,0.0,0.0,0.0,0.0,0.0,0.0,0.0,0.0,26.06,31.91,379.0,103.6,106.5,103.9,60.0,59.9,74.7,0.0,273.9,273.0,274.0,85.4,5.822,85.5,601.0,1374960.0,41223.0,126877.0,0.998,0.979,0.748,0.921,37.62,37.85,37.78,37.86,37.98,37.51,32.75,12.8,12.88,12.85,12.88,12.92,12.76,11.14,43561.0,44225.0,43782.0,43632.0,44518.0,42257.0,38287.0,,0.0,0.0,,,2.0,-1.0,13.54,0.021,0.23,3.0,2.0,0.0,0.0,32.87,32.27,33.12,33.12,33.29,32.62,33.58,33.78,33.3,46.77
2016-06-09 16:55:00-05:00,415.6964,375.51138,505928,31.16,0.0,345.4,26.16,340.3,276.6,275.2,272.6,105.3,106.0,106.4,339.9,294.1,60.22,85.4,1384467.0,341.2,99.9,5.0,0.0,0.0,0.0,0.0,0.0,0.0,0.0,0.0,26.11,31.79,374.2,102.0,104.9,102.2,60.0,59.9,74.7,0.0,274.0,273.3,274.3,84.1,5.613,84.3,601.0,1374962.0,41223.0,126877.0,0.998,0.979,0.748,0.921,37.12,37.29,37.21,37.28,37.44,36.95,32.25,12.63,12.69,12.66,12.69,12.74,12.58,10.98,43561.0,44225.0,43782.0,43632.0,44518.0,42257.0,38287.0,,0.0,0.0,,,2.0,-1.0,13.54,0.021,0.23,3.0,2.0,0.0,0.0,32.73,32.2,33.06,33.04,33.17,32.54,33.5,33.6,33.29,46.77
2016-06-09 16:56:00-05:00,382.1936,345.36285,505929,31.16,0.0,317.7,26.09,348.9,276.3,275.0,272.4,95.9,96.7,97.0,348.2,267.3,60.22,77.49,1384468.0,349.9,93.0,5.0,0.0,0.0,0.0,0.0,0.0,0.0,0.0,0.0,25.99,31.57,343.7,92.7,95.4,92.8,60.0,59.9,74.7,0.0,274.0,273.1,274.1,76.39,4.381,76.52,601.0,1374963.0,41223.0,126877.0,0.998,0.979,0.748,0.921,32.88,33.16,33.01,33.06,33.24,32.73,28.61,11.46,11.56,11.51,11.53,11.59,11.41,9.98,43561.0,44225.0,43782.0,43632.0,44518.0,42258.0,38287.0,2.383,274.5,13.27,5.7,3.527,2.0,-1.0,13.54,0.021,0.23,3.0,2.0,0.0,0.0,32.64,32.07,32.9,32.96,33.14,32.38,33.37,33.51,33.12,46.77
2016-06-09 16:57:00-05:00,405.12283,364.0796,505930,31.16,0.0,334.8,26.1,339.2,276.3,274.9,272.4,102.1,102.9,103.2,338.6,286.5,60.21,82.7,1384470.0,341.4,97.0,5.0,0.0,0.0,0.0,0.0,0.0,0.0,0.0,0.0,25.95,31.31,364.5,98.8,101.8,99.1,60.0,59.9,74.7,0.0,274.0,273.0,274.0,81.5,5.225,81.7,601.0,1374964.0,41223.0,126877.0,0.998,0.979,0.748,0.921,36.11,36.3,36.27,36.35,36.51,35.99,31.39,12.24,12.31,12.3,12.33,12.38,12.2,10.64,43561.0,44225.0,43783.0,43633.0,44518.0,42258.0,38287.0,3.802,293.0,18.74,7.0,3.527,2.0,-1.0,13.54,0.021,0.23,3.0,2.0,0.0,0.0,32.36,31.81,32.63,32.75,32.89,32.18,33.22,33.3,32.78,46.77
2016-06-09 16:58:00-05:00,411.18185,369.2351,505931,31.16,0.0,338.1,25.89,341.3,276.3,275.2,272.8,103.4,104.2,104.5,340.7,288.5,60.22,83.8,1384471.0,342.1,98.3,5.0,0.0,0.0,0.0,0.0,0.0,0.0,0.0,0.0,25.78,30.9,368.7,100.1,103.0,100.3,60.0,59.9,74.7,0.0,274.0,273.2,274.6,82.6,5.376,82.8,601.0,1374966.0,41223.0,126877.0,0.998,0.979,0.748,0.921,36.34,36.54,36.45,36.44,36.67,36.26,31.62,12.4,12.47,12.44,12.44,12.51,12.38,10.79,43562.0,44226.0,43783.0,43633.0,44519.0,42258.0,38288.0,3.833,302.2,21.46,5.5,3.528,2.0,-1.0,13.54,0.021,0.229,3.0,2.0,0.0,0.0,32.12,31.34,32.32,32.34,32.47,31.69,32.84,32.53,32.41,46.77
2016-06-09 16:59:00-05:00,407.2613,365.0883,505932,31.16,0.0,333.6,25.83,342.9,276.2,275.1,272.6,102.2,103.0,103.3,342.5,284.4,60.23,82.8,1384472.0,344.6,97.4,5.0,0.0,0.0,0.0,0.0,0.0,0.0,0.0,0.0,25.79,30.56,364.5,98.9,101.8,99.1,60.0,59.9,74.7,0.0,274.0,273.0,274.2,81.5,5.245,81.7,601.0,1374967.0,41223.0,126877.0,0.998,0.979,0.748,0.921,35.71,35.94,35.89,35.96,36.0,35.67,31.12,12.24,12.32,12.3,12.33,12.34,12.23,10.67,43562.0,44226.0,43783.0,43633.0,44519.0,42258.0,38288.0,4.542,294.7,25.52,6.7,3.528,2.0,-1.0,13.54,0.022,0.229,3.0,2.0,0.0,0.0,31.72,31.2,32.02,32.06,32.18,31.47,32.54,32.14,31.92,46.77
2016-06-09 17:00:00-05:00,399.53903,357.57916,505933,31.15,0.0,326.2,25.85,344.0,276.6,275.1,272.8,99.8,100.6,100.9,343.3,278.2,60.22,80.8,1384474.0,344.8,95.5,5.0,0.0,0.0,0.0,0.0,0.0,0.0,0.0,0.0,25.78,30.66,356.6,96.5,99.4,96.7,60.0,59.9,74.7,0.0,274.0,273.4,274.9,79.69,4.918,79.84,601.0,1374968.0,41223.0,126877.0,0.998,0.979,0.748,0.921,34.67,34.87,34.99,35.06,34.98,34.6,30.32,11.92,11.99,12.03,12.05,12.03,11.9,10.43,43562.0,44226.0,43783.0,43633.0,44519.0,42259.0,38288.0,4.26,289.7,10.6,7.0,3.527,2.0,-1.0,13.54,0.021,0.229,3.0,2.0,0.0,0.0,31.75,31.03,31.72,31.79,31.92,31.25,32.29,31.91,31.78,46.77
2016-06-09 17:01:00-05:00,396.92535,354.44104,505934,31.13,0.0,322.8,25.81,341.8,276.6,275.4,273.0,98.9,99.8,100.0,341.2,277.1,60.16,80.1,1384475.0,344.3,94.5,5.0,0.0,0.0,0.0,0.0,0.0,0.0,0.0,0.0,25.79,30.47,354.1,95.6,98.5,95.8,60.0,59.9,74.7,0.0,274.1,273.8,275.0,79.0,4.772,79.14,601.0,1374970.0,41223.0,126878.0,0.998,0.979,0.748,0.921,34.68,34.83,34.83,34.92,34.97,34.63,30.19,11.85,11.91,11.9,11.93,11.95,11.84,10.32,43562.0,44226.0,43784.0,43634.0,44519.0,42259.0,38288.0,4.248,307.1,11.18,6.8,3.526,2.0,-1.0,13.54,0.021,0.229,3.0,2.0,0.0,0.0,31.62,30.85,31.54,31.56,31.72,31.1,32.08,31.67,31.45,46.76
2016-06-09 17:02:00-05:00,389.9159,347.71646,505935,31.12,0.0,316.0,25.57,343.8,277.1,275.8,273.4,96.7,97.5,97.7,343.2,271.2,60.15,78.36,1384476.0,345.1,93.1,5.0,0.0,0.0,0.0,0.0,0.0,0.0,0.0,0.0,25.47,29.71,347.2,93.4,96.2,93.6,60.0,59.9,74.7,0.0,274.9,274.0,275.1,77.28,4.49,77.41,601.0,1374971.0,41223.0,126878.0,0.998,0.979,0.748,0.921,33.75,33.87,33.92,34.04,33.97,33.61,29.41,11.6,11.64,11.66,11.7,11.68,11.55,10.11,43562.0,44227.0,43784.0,43634.0,44520.0,42259.0,38289.0,4.475,304.5,14.21,7.3,3.527,2.0,-1.0,13.54,0.021,0.229,3.0,2.0,0.0,0.0,30.81,30.42,31.33,31.38,31.58,30.81,31.8,31.44,31.13,46.68
2016-06-09 17:03:00-05:00,380.88675,339.42282,505936,31.11,0.0,307.6,25.57,344.9,277.1,275.7,273.4,94.3,95.1,95.3,344.3,265.5,60.14,76.37,1384478.0,346.2,91.4,5.0,0.0,0.0,0.0,0.0,0.0,0.0,0.0,0.0,25.42,29.33,338.6,90.9,93.7,91.1,60.0,59.9,74.7,0.0,275.0,274.0,275.1,75.26,4.191,75.37,601.0,1374972.0,41223.0,126878.0,0.998,0.979,0.748,0.921,32.76,32.89,32.94,33.02,33.0,32.59,28.53,11.3,11.34,11.36,11.39,11.38,11.24,9.84,43563.0,44227.0,43784.0,43634.0,44520.0,42259.0,38289.0,4.307,307.7,17.78,7.7,3.527,2.0,-1.0,13.54,0.021,0.229,3.0,2.0,0.0,0.0,30.31,30.12,31.09,31.04,31.25,30.52,31.48,31.05,30.78,46.68
2016-06-09 17:04:00-05:00,352.61133,314.42984,505937,31.09,0.0,285.0,25.54,350.8,277.2,275.9,273.5,86.5,87.3,87.6,349.9,244.4,60.14,69.92,1384479.0,351.6,85.5,5.0,0.0,0.0,0.0,0.0,0.0,0.0,0.0,0.0,25.46,29.22,313.8,83.4,86.0,83.4,60.0,59.9,74.7,0.0,275.0,274.0,275.3,69.03,3.198,69.1,601.0,1374973.0,41223.0,126878.0,0.999,0.979,0.748,0.921,29.56,29.74,29.76,29.76,29.75,29.41,25.74,10.37,10.43,10.44,10.44,10.43,10.31,9.03,43563.0,44227.0,43784.0,43634.0,44520.0,42259.0,38289.0,3.583,294.2,8.53,5.9,3.528,2.0,-1.0,13.54,0.021,0.229,3.0,2.0,0.0,0.0,29.9,30.0,30.91,30.84,31.04,30.45,31.23,31.05,30.62,46.64
2016-06-09 17:05:00-05:00,375.54056,332.9224,505938,31.08,0.0,301.2,25.72,340.8,277.3,276.1,273.7,92.2,93.2,93.4,340.2,263.5,60.14,74.82,1384480.0,342.2,89.6,5.0,0.0,0.0,0.0,0.0,0.0,0.0,0.0,0.0,25.62,29.45,334.2,89.1,91.8,89.3,60.0,59.9,74.7,0.0,275.0,274.5,275.8,73.83,3.966,73.94,601.0,1374974.0,41223.0,126878.0,0.999,0.979,0.748,0.921,32.58,32.68,32.69,32.73,32.84,32.51,28.36,11.1,11.14,11.14,11.15,11.19,11.08,9.66,43563.0,44227.0,43785.0,43634.0,44520.0,42260.0,38289.0,2.877,325.2,23.56,6.3,3.528,2.0,-1.0,13.54,0.021,0.229,3.0,2.0,0.0,0.0,30.12,30.13,30.83,30.83,31.06,30.47,31.22,31.05,30.53,46.58
2016-06-09 17:06:00-05:00,379.4611,335.61224,505939,31.05,0.0,302.8,25.88,341.4,277.2,275.8,273.5,92.9,93.9,94.1,340.8,264.9,60.13,75.32,1384481.0,341.5,90.3,5.0,0.0,0.0,0.0,0.0,0.0,0.0,0.0,0.0,25.78,29.71,336.8,89.7,92.5,89.9,60.0,59.9,74.7,0.0,275.0,274.0,275.1,74.28,4.045,74.39,601.0,1374976.0,41223.0,126878.0,0.999,0.979,0.748,0.921,32.64,32.75,32.75,32.83,32.95,32.55,28.4,11.14,11.18,11.18,11.21,11.25,11.11,9.69,43563.0,44228.0,43785.0,43635.0,44521.0,42260.0,38290.0,3.262,292.5,17.69,5.4,3.527,2.0,-1.0,13.54,0.021,0.229,3.0,2.0,0.0,0.0,30.48,30.26,30.93,30.99,31.19,30.78,31.3,31.27,30.54,46.48
2016-06-09 17:07:00-05:00,364.72937,322.38724,505940,31.03,0.0,291.0,25.74,344.5,277.2,275.9,273.5,89.1,90.0,90.2,343.6,253.8,60.15,72.11,1384483.0,345.5,87.2,5.0,0.0,0.0,0.0,0.0,0.0,0.0,0.0,0.0,25.59,29.18,323.8,86.0,88.7,86.1,60.0,59.9,74.7,0.0,275.0,274.0,275.4,71.19,3.577,71.28,601.0,1374977.0,41223.0,126878.0,0.999,0.979,0.748,0.921,31.04,31.16,31.17,31.25,31.3,30.95,27.04,10.69,10.73,10.73,10.76,10.78,10.66,9.31,43564.0,44228.0,43785.0,43635.0,44521.0,42260.0,38290.0,4.262,310.2,16.65,6.3,3.526,2.0,-1.0,13.54,0.021,0.229,3.0,2.0,0.0,0.0,30.17,29.92,30.69,30.68,30.86,30.33,31.12,30.81,30.41,46.43
2016-06-09 17:08:00-05:00,346.19586,306.47244,505941,31.02,0.0,275.9,25.6,347.1,277.4,275.9,273.5,84.4,85.3,85.4,346.2,240.9,60.15,68.14,1384484.0,348.6,83.4,5.0,0.0,0.0,0.0,0.0,0.0,0.0,0.0,0.0,25.51,28.78,307.5,81.3,83.9,81.4,60.0,59.9,74.7,0.0,275.0,274.2,275.6,67.3,2.972,67.37,601.0,1374978.0,41223.0,126878.0,0.999,0.979,0.748,0.921,29.02,29.21,29.22,29.28,29.37,28.95,25.38,10.07,10.13,10.14,10.16,10.19,10.04,8.81,43564.0,44228.0,43785.0,43635.0,44521.0,42260.0,38290.0,4.467,294.7,12.37,6.5,3.527,2.0,-1.0,13.54,0.021,0.229,3.0,2.0,0.0,0.0,29.67,29.61,30.47,30.5,30.76,30.13,30.94,30.68,30.23,46.38
2016-06-09 17:09:00-05:00,302.5947,269.26312,505942,31.0,0.0,242.5,25.48,348.7,277.2,276.0,273.6,73.65,74.7,74.86,347.9,214.0,60.15,59.23,1384485.0,349.6,74.41,5.0,0.0,0.0,0.0,0.0,0.0,0.0,0.0,0.0,25.4,28.6,268.7,70.75,73.28,70.79,60.0,59.9,74.7,0.0,275.0,274.3,275.9,58.65,1.661,58.68,601.0,1374979.0,41223.0,126878.0,1.0,0.979,0.748,0.921,25.21,25.36,25.38,25.41,25.46,25.12,22.05,8.78,8.83,8.84,8.85,8.87,8.75,7.68,43564.0,44228.0,43786.0,43635.0,44521.0,42261.0,38290.0,,0.0,0.0,,,2.0,-1.0,13.54,0.021,0.228,3.0,2.0,0.0,0.0,29.42,29.38,30.26,30.39,30.6,30.04,30.73,30.62,30.03,46.38
2016-06-09 17:10:00-05:00,316.49478,279.2379,505943,30.98,0.0,252.4,25.35,340.9,277.5,276.0,273.6,76.99,78.02,78.21,340.4,225.8,60.14,62.05,1384486.0,342.3,76.8,5.0,0.0,0.0,0.0,0.0,0.0,0.0,0.0,0.0,25.35,28.22,282.3,73.83,76.46,73.99,60.0,59.9,74.7,0.0,275.0,274.6,275.9,61.28,2.075,61.32,601.0,1374980.0,41223.0,126878.0,0.999,0.979,0.748,0.921,27.15,27.3,27.31,27.32,27.42,27.08,23.66,9.25,9.3,9.3,9.31,9.34,9.23,8.06,43564.0,44229.0,43786.0,43636.0,44522.0,42261.0,38290.0,3.457,311.4,22.5,5.8,3.526,2.0,-1.0,13.54,0.021,0.228,3.0,2.0,0.0,0.0,28.95,29.02,29.93,30.01,30.19,29.64,30.4,30.21,29.71,46.36
2016-06-09 17:11:00-05:00,344.7702,302.3256,505944,30.95,0.0,271.6,25.43,336.6,277.3,275.8,273.4,83.2,84.2,84.4,336.1,243.1,60.15,67.18,1384487.0,337.5,81.7,5.0,0.0,0.0,0.0,0.0,0.0,0.0,0.0,0.0,25.4,28.06,305.5,79.96,82.7,80.3,60.0,59.9,74.7,0.0,275.0,274.0,275.1,66.32,2.829,66.38,601.0,1374981.0,41223.0,126878.0,0.999,0.979,0.748,0.921,29.62,29.81,29.87,29.9,29.94,29.62,25.91,9.97,10.03,10.05,10.06,10.07,9.97,8.72,43565.0,44229.0,43786.0,43636.0,44522.0,42261.0,38291.0,2.955,312.9,18.3,6.1,3.528,2.0,-1.0,13.54,0.021,0.228,3.0,2.0,0.0,0.0,28.85,28.8,29.7,29.84,29.95,29.61,30.21,30.05,29.53,46.38
2016-06-09 17:12:00-05:00,369.95676,322.72348,505945,30.92,0.0,288.5,25.6,338.0,277.2,275.8,273.3,88.6,89.7,89.8,337.8,256.0,60.14,71.74,1384488.0,339.5,86.5,5.0,0.0,0.0,0.0,0.0,0.0,0.0,0.0,0.0,25.58,28.38,326.0,85.4,88.2,85.8,60.0,59.9,74.7,0.0,275.0,274.0,275.0,70.8,3.524,70.89,601.0,1374982.0,41223.0,126878.0,0.999,0.979,0.748,0.921,31.4,31.5,31.59,31.63,31.73,31.3,27.45,10.61,10.65,10.68,10.69,10.72,10.58,9.28,43565.0,44229.0,43786.0,43636.0,44522.0,42261.0,38291.0,3.84,297.0,8.18,5.2,3.528,2.0,-1.0,13.54,0.021,0.229,3.0,2.0,0.0,0.0,29.21,28.93,29.66,29.85,30.01,29.64,30.24,30.08,29.58,46.28
2016-06-09 17:13:00-05:00,369.3627,321.82684,505946,30.89,0.0,286.9,25.57,344.5,277.2,275.8,273.4,88.5,89.4,89.6,343.5,251.8,60.12,71.58,1384489.0,345.1,86.5,5.0,0.0,0.0,0.0,0.0,0.0,0.0,0.0,0.0,25.46,28.37,325.1,85.3,88.0,85.6,60.0,59.9,74.7,0.0,275.0,274.0,275.0,70.65,3.45,70.74,601.0,1374983.0,41223.0,126878.0,0.999,0.979,0.748,0.921,30.72,30.81,30.99,31.05,31.03,30.58,26.9,10.58,10.61,10.67,10.69,10.69,10.53,9.27,43565.0,44229.0,43786.0,43636.0,44522.0,42262.0,38291.0,3.202,299.4,22.06,6.3,3.528,2.0,-1.0,13.54,0.021,0.229,3.0,2.0,0.0,0.0,29.24,28.86,29.69,29.79,29.92,29.51,30.16,29.97,29.64,46.28
2016-06-09 17:14:00-05:00,314.5939,277.10846,505947,30.88,0.0,245.9,25.59,351.7,277.0,275.7,273.2,74.92,75.87,76.06,350.9,215.6,60.12,60.17,1384490.0,352.2,75.56,5.0,0.0,0.0,0.0,0.0,0.0,0.0,0.0,0.0,25.49,28.38,275.8,72.08,74.57,72.16,60.0,59.9,74.7,0.0,275.0,274.0,275.0,59.68,1.782,59.72,601.0,1374984.0,41223.0,126878.0,0.766,0.979,0.748,0.921,24.97,25.21,25.55,25.58,25.37,24.98,22.26,8.76,8.85,8.97,8.98,8.9,8.76,7.811,43565.0,44229.0,43787.0,43637.0,44522.0,42262.0,38291.0,3.395,297.2,10.63,5.1,3.528,2.0,-1.0,13.54,0.021,0.228,3.0,2.0,0.0,0.0,29.25,28.96,29.64,29.74,29.92,29.53,30.11,30.01,29.59,46.2
2016-06-09 17:15:00-05:00,255.66695,227.23454,505948,30.84,0.0,204.6,25.4,352.8,277.2,275.6,273.1,61.51,62.53,62.69,352.4,182.0,60.14,48.97,1384491.0,353.5,64.14,5.0,0.0,0.0,0.0,0.0,0.0,0.0,0.0,0.0,25.28,28.04,229.1,58.44,60.8,58.48,60.0,59.9,74.7,0.0,275.0,274.0,275.0,48.42,0.13,48.42,601.0,1374985.0,41223.0,126878.0,0.6,0.979,0.748,0.921,20.41,20.89,20.99,20.87,20.82,20.53,18.27,7.199,7.366,7.402,7.359,7.341,7.241,6.442,43565.0,44230.0,43787.0,43637.0,44523.0,42262.0,38291.0,2.622,315.4,11.85,5.0,3.528,2.0,-1.0,13.54,0.021,0.227,3.0,2.0,0.0,0.0,28.72,28.7,29.38,29.59,29.74,29.33,29.9,29.82,29.39,46.17
2016-06-09 17:16:00-05:00,260.18152,229.92436,505949,30.81,0.0,206.6,25.43,343.5,276.5,275.3,272.8,63.07,64.15,64.28,342.1,188.9,60.14,50.24,1384492.0,344.4,64.58,5.0,0.0,0.0,0.0,0.0,0.0,0.0,0.0,0.0,25.31,27.9,233.3,59.9,62.33,60.02,60.0,59.9,74.7,0.0,274.7,274.0,275.0,49.61,0.291,49.62,601.0,1374986.0,41223.0,126878.0,0.7,0.979,0.748,0.921,21.81,22.02,22.01,22.01,22.1,21.79,19.17,7.486,7.559,7.555,7.553,7.586,7.478,6.578,43566.0,44230.0,43787.0,43637.0,44523.0,42262.0,38291.0,3.585,285.2,12.22,7.5,3.525,2.0,-1.0,13.54,0.021,0.227,3.0,2.0,0.0,0.0,28.57,28.59,29.18,29.39,29.48,29.25,29.69,29.64,29.24,46.09
2016-06-09 17:17:00-05:00,312.57425,272.28918,505950,30.79,0.0,241.2,25.39,332.7,276.8,275.4,272.8,73.72,74.87,74.99,331.9,221.3,60.12,59.2,1384493.0,336.8,73.42,5.0,0.0,0.0,0.0,0.0,0.0,0.0,0.0,0.0,25.29,27.83,276.0,70.69,73.29,71.02,60.0,59.9,74.7,0.0,274.5,274.0,275.0,58.59,1.656,58.62,601.0,1374987.0,41223.0,126878.0,1.0,0.979,0.748,0.921,26.36,26.52,26.59,26.67,26.74,26.4,23.15,8.77,8.82,8.84,8.87,8.89,8.78,7.699,43566.0,44230.0,43787.0,43637.0,44523.0,42262.0,38292.0,3.678,296.5,10.68,6.0,3.528,2.0,-1.0,13.54,0.021,0.228,3.0,2.0,0.0,0.0,28.61,28.41,28.97,29.16,29.23,28.99,29.44,29.4,29.06,45.99
2016-06-09 17:18:00-05:00,251.62761,222.75148,505951,30.75,0.0,198.4,25.53,342.7,276.8,275.5,273.1,61.0,62.03,62.11,342.3,184.0,60.15,48.49,1384494.0,343.2,62.96,5.0,0.0,0.0,0.0,0.0,0.0,0.0,0.0,0.0,25.43,27.89,223.3,57.91,60.32,57.98,60.0,59.9,74.7,0.0,274.8,274.0,275.0,47.99,0.079,47.99,601.0,1374988.0,41223.0,126878.0,0.067,0.979,0.748,0.921,20.85,20.97,21.16,21.21,21.19,20.83,18.42,7.144,7.185,7.251,7.266,7.259,7.137,6.311,43566.0,44230.0,43787.0,43637.0,44523.0,42262.0,38292.0,3.795,308.1,16.99,5.5,3.526,2.0,-1.0,13.54,0.021,0.227,3.0,2.0,0.0,0.0,28.67,28.34,28.76,28.97,29.09,28.84,29.25,29.23,28.89,45.94
2016-06-09 17:19:00-05:00,260.41916,228.46738,505952,30.72,0.0,204.3,25.57,339.7,276.8,275.4,273.1,62.59,63.67,63.72,339.1,189.2,60.15,49.83,1384495.0,341.0,64.09,5.0,0.0,0.0,0.0,0.0,0.0,0.0,0.0,0.0,25.38,27.88,233.0,59.41,61.92,59.5,60.0,59.9,74.7,0.0,274.9,274.0,275.0,49.26,0.288,49.26,601.0,1374989.0,41223.0,126878.0,-0.1,0.979,0.748,0.921,21.92,22.04,22.13,22.13,22.22,21.89,19.24,7.438,7.48,7.511,7.51,7.539,7.428,6.53,43566.0,44230.0,43788.0,43637.0,44523.0,42263.0,38292.0,3.138,294.3,9.18,5.5,3.528,2.0,-1.0,13.54,0.021,0.227,3.0,2.0,0.0,0.0,28.58,28.25,28.52,28.82,28.92,28.66,29.12,29.15,28.68,45.86
2016-06-09 17:20:00-05:00,244.61815,215.80276,505953,30.68,0.0,191.8,25.51,341.5,276.6,275.6,273.2,58.78,60.02,60.0,341.0,179.0,60.14,46.73,1384495.0,343.2,60.97,5.0,0.0,0.0,0.0,0.0,0.0,0.0,0.0,0.0,25.46,27.88,217.0,55.75,58.25,55.82,60.0,59.9,74.7,0.0,275.0,274.0,275.0,46.22,-0.166,46.23,601.0,1374989.0,41223.0,126878.0,-0.2,0.979,0.748,0.921,20.31,20.38,20.44,20.49,20.59,20.24,17.85,6.926,6.948,6.97,6.986,7.019,6.901,6.086,43566.0,44230.0,43788.0,43638.0,44523.0,42263.0,38292.0,3.055,303.8,18.07,5.4,3.527,2.0,-1.0,13.54,0.021,0.227,3.0,2.0,0.0,0.0,28.64,28.28,28.47,28.78,28.86,28.7,29.04,29.12,28.55,45.76
2016-06-09 17:21:00-05:00,275.7449,239.89915,505954,30.65,0.0,212.3,25.38,336.0,276.7,275.6,273.2,65.13,66.22,66.3,335.6,197.1,60.14,51.99,1384496.0,336.9,66.13,5.0,0.0,0.0,0.0,0.0,0.0,0.0,0.0,0.0,25.25,27.51,243.8,62.03,64.53,62.16,60.0,59.9,74.7,0.0,275.0,274.0,275.0,51.43,0.611,51.43,601.0,1374990.0,41223.0,126878.0,0.933,0.979,0.748,0.921,22.95,23.07,23.15,23.23,23.21,22.97,20.16,7.709,7.748,7.777,7.802,7.797,7.716,6.771,43566.0,44231.0,43788.0,43638.0,44524.0,42263.0,38292.0,3.52,293.7,9.32,5.1,3.527,2.0,-1.0,13.54,0.021,0.227,3.0,2.0,0.0,0.0,28.32,28.11,28.39,28.61,28.68,28.6,28.88,28.92,28.42,45.69
2016-06-09 17:22:00-05:00,281.68512,243.82182,505955,30.61,0.0,216.1,25.38,333.0,277.0,275.7,273.3,65.87,66.97,67.03,332.2,200.5,60.15,52.65,1384497.0,335.0,66.58,5.0,0.0,0.0,0.0,0.0,0.0,0.0,0.0,0.0,25.19,27.51,249.7,62.7,65.25,62.92,60.0,59.9,74.7,0.0,275.0,274.2,275.5,52.06,0.701,52.06,601.0,1374991.0,41223.0,126878.0,1.0,0.979,0.748,0.921,23.48,23.68,23.71,23.77,23.87,23.52,20.66,7.814,7.881,7.893,7.913,7.945,7.83,6.877,43567.0,44231.0,43788.0,43638.0,44524.0,42263.0,38292.0,3.608,319.8,20.85,5.2,3.528,2.0,-1.0,13.54,0.021,0.227,3.0,2.0,0.0,0.0,28.29,27.99,28.27,28.47,28.53,28.47,28.76,28.72,28.32,45.61
2016-06-09 17:23:00-05:00,303.1887,261.19363,505956,30.58,0.0,229.5,25.4,338.7,276.9,275.6,273.2,70.62,71.7,71.82,337.5,209.9,60.14,56.63,1384498.0,339.2,70.82,5.0,0.0,0.0,0.0,0.0,0.0,0.0,0.0,0.0,25.28,27.54,266.7,67.63,70.11,67.78,60.0,59.9,74.7,0.0,275.0,274.0,275.0,56.05,1.23,56.07,601.0,1374992.0,41223.0,126878.0,1.0,0.979,0.748,0.921,24.8,24.91,24.95,25.09,25.11,24.81,21.7,8.4,8.43,8.45,8.5,8.5,8.4,7.349,43567.0,44231.0,43788.0,43638.0,44524.0,42263.0,38292.0,3.07,308.5,15.17,4.8,3.527,2.0,-1.0,13.54,0.021,0.227,3.0,2.0,0.0,0.0,28.34,27.98,28.22,28.4,28.42,28.48,28.68,28.75,28.22,45.55
2016-06-09 17:24:00-05:00,292.6151,252.67584,505957,30.55,0.0,221.7,25.41,346.8,276.8,275.7,273.2,68.33,69.35,69.47,346.0,200.2,60.17,54.66,1384499.0,348.6,69.24,5.0,0.0,0.0,0.0,0.0,0.0,0.0,0.0,0.0,25.3,27.46,257.5,65.37,67.77,65.39,60.0,59.9,74.7,0.0,275.0,274.0,275.0,54.14,0.947,54.15,601.0,1374993.0,41223.0,126878.0,1.0,0.979,0.748,0.921,23.32,23.44,23.57,23.62,23.62,23.3,20.47,8.08,8.13,8.17,8.19,8.19,8.08,7.097,43567.0,44231.0,43789.0,43638.0,44524.0,42264.0,38292.0,3.557,301.3,19.2,5.5,3.527,2.0,-1.0,13.54,0.021,0.227,3.0,2.0,0.0,0.0,28.23,28.03,28.24,28.48,28.52,28.55,28.78,28.92,28.22,45.45
2016-06-09 17:25:00-05:00,252.10283,220.2858,505958,30.5,0.0,194.8,25.38,352.3,276.8,275.8,273.5,59.25,60.24,60.32,351.1,175.6,60.15,47.05,1384500.0,352.0,61.63,5.0,0.0,0.0,0.0,0.0,0.0,0.0,0.0,0.0,25.2,27.34,224.4,56.14,58.46,56.02,60.0,59.9,74.7,0.0,275.0,274.3,275.7,46.49,-0.17,46.49,601.0,1374994.0,41223.0,126878.0,-0.3,0.979,0.748,0.921,19.78,19.88,20.0,20.12,20.11,19.67,17.38,6.963,6.999,7.043,7.083,7.079,6.925,6.12,43567.0,44231.0,43789.0,43639.0,44524.0,42264.0,38292.0,2.55,304.7,14.68,5.6,3.527,2.0,-1.0,13.54,0.021,0.227,3.0,2.0,0.0,0.0,28.07,27.9,28.11,28.4,28.4,28.48,28.65,28.75,28.16,45.48
2016-06-09 17:26:00-05:00,262.32,227.90698,505959,30.44,0.0,200.8,25.42,341.4,276.3,275.3,272.9,62.06,63.13,63.22,340.7,186.2,60.19,49.36,1384501.0,343.2,63.41,5.0,0.0,0.0,0.0,0.0,0.0,0.0,0.0,0.0,25.3,27.48,233.8,58.89,61.34,58.91,60.0,59.9,74.7,0.0,274.2,274.2,275.2,48.74,0.233,48.74,601.0,1374995.0,41223.0,126878.0,1.0,0.979,0.748,0.921,21.43,21.6,21.63,21.69,21.82,21.46,18.84,7.315,7.374,7.382,7.404,7.447,7.324,6.431,43567.0,44232.0,43789.0,43639.0,44525.0,42264.0,38292.0,1.787,323.3,27.84,3.6,3.526,2.0,-1.0,13.54,0.021,0.227,3.0,2.0,0.0,0.0,28.24,27.92,28.06,28.34,28.37,28.4,28.53,28.69,28.11,45.36
2016-06-09 17:27:00-05:00,261.72598,227.45868,505960,30.41,0.0,199.4,25.67,341.5,276.4,275.4,272.9,61.63,62.73,62.77,341.1,185.4,60.12,48.99,1384502.0,342.3,63.19,5.0,0.0,0.0,0.0,0.0,0.0,0.0,0.0,0.0,25.42,27.74,231.9,58.56,60.96,58.62,60.0,59.9,74.7,0.0,274.0,274.0,275.0,48.47,0.111,48.47,601.0,1374995.0,41223.0,126878.0,0.3,0.979,0.748,0.921,21.18,21.33,21.41,21.51,21.54,21.23,18.67,7.223,7.276,7.303,7.337,7.346,7.243,6.369,43568.0,44232.0,43789.0,43639.0,44525.0,42264.0,38292.0,1.952,347.6,31.18,4.0,3.527,2.0,-1.0,13.54,0.021,0.227,3.0,2.0,0.0,0.0,28.51,28.0,28.0,28.32,28.34,28.49,28.53,28.75,28.13,45.32
2016-06-09 17:28:00-05:00,239.98479,210.19896,505961,30.38,0.0,185.3,25.49,346.4,276.1,275.3,272.9,57.12,58.27,58.27,346.3,171.9,60.14,45.22,1384502.0,345.9,59.52,5.0,0.0,0.0,0.0,0.0,0.0,0.0,0.0,0.0,25.33,27.44,214.5,54.13,56.45,54.04,60.0,59.9,74.7,0.0,274.0,274.0,275.0,44.73,-0.445,44.73,601.0,1374996.0,41223.0,126878.0,-0.633,0.979,0.748,0.921,19.32,19.44,19.62,19.61,19.64,19.31,17.1,6.689,6.731,6.795,6.79,6.802,6.685,5.921,43568.0,44232.0,43789.0,43639.0,44525.0,42264.0,38292.0,3.483,318.8,12.89,5.0,3.528,2.0,-1.0,13.54,0.021,0.227,3.0,2.0,0.0,0.0,28.28,27.9,27.96,28.32,28.19,28.48,28.5,28.73,27.96,45.21
2016-06-09 17:29:00-05:00,258.6371,223.87224,505962,30.36,0.0,197.4,25.39,344.4,276.3,275.3,272.8,60.86,61.89,61.97,344.2,181.8,60.14,48.32,1384503.0,345.7,62.52,5.0,0.0,0.0,0.0,0.0,0.0,0.0,0.0,0.0,25.19,27.18,231.8,57.72,60.05,57.66,60.0,59.9,74.7,0.0,274.0,274.0,275.0,47.72,0.005,47.72,601.0,1374997.0,41223.0,126878.0,0.533,0.979,0.748,0.921,20.99,21.07,21.15,21.15,21.23,20.92,18.38,7.225,7.253,7.279,7.278,7.309,7.2,6.326,43568.0,44232.0,43789.0,43639.0,44525.0,42264.0,38292.0,,0.0,0.0,,,2.0,-1.0,13.54,0.021,0.227,3.0,2.0,0.0,0.0,27.99,27.7,27.72,28.09,28.09,28.29,28.29,28.48,27.83,45.16
2016-06-09 17:30:00-05:00,241.76686,211.20763,505963,30.32,0.0,185.6,25.34,349.3,276.3,275.2,272.8,57.04,58.11,58.15,348.5,170.8,60.15,45.12,1384504.0,349.5,59.47,5.0,0.0,0.0,0.0,0.0,0.0,0.0,0.0,0.0,25.22,27.09,215.6,54.02,56.36,53.95,60.0,59.9,74.7,0.0,274.0,274.0,275.0,44.65,-0.425,44.66,601.0,1374998.0,41223.0,126878.0,-0.433,0.979,0.748,0.921,19.07,19.22,19.35,19.34,19.33,19.08,16.88,6.655,6.706,6.755,6.751,6.747,6.658,5.892,43568.0,44232.0,43789.0,43639.0,44525.0,42264.0,38292.0,,0.0,0.0,,,2.0,-1.0,13.54,0.021,0.227,3.0,2.0,0.0,0.0,27.92,27.65,27.7,28.03,28.05,28.27,28.27,28.45,27.75,45.1
2016-06-09 17:31:00-05:00,192.46304,172.7655,505964,30.29,0.0,154.8,25.21,350.7,276.5,275.3,272.8,46.71,48.04,47.97,349.9,145.1,60.15,36.61,1384505.0,351.5,50.76,5.0,0.0,0.0,0.0,0.0,0.0,0.0,0.0,0.0,25.12,26.88,176.3,43.87,46.16,43.74,60.0,59.9,74.7,0.0,274.6,274.0,275.0,36.22,-1.749,36.26,601.0,1374998.0,41223.0,126878.0,-0.999,0.979,0.748,0.921,15.51,15.69,15.76,15.73,15.88,15.52,13.73,5.437,5.502,5.526,5.516,5.566,5.442,4.812,43568.0,44232.0,43789.0,43639.0,44525.0,42264.0,38292.0,3.582,309.5,11.13,5.4,3.528,2.0,-1.0,13.54,0.021,0.226,3.0,2.0,0.0,0.0,27.66,27.41,27.52,27.82,27.9,27.98,28.06,28.21,27.54,45.06
2016-06-09 17:32:00-05:00,170.95946,155.84198,505965,30.25,0.0,140.4,25.22,348.1,276.1,275.3,272.9,42.54,43.97,43.82,347.4,135.9,60.13,33.15,1384505.0,350.2,47.19,5.0,0.0,0.0,0.0,0.0,0.0,0.0,0.0,0.0,25.06,26.7,158.5,39.85,42.15,39.76,60.0,59.9,74.7,0.0,274.7,274.0,275.0,32.87,-2.268,32.95,601.0,1374999.0,41223.0,126878.0,-0.998,0.979,0.748,0.921,14.07,14.27,14.37,14.45,14.49,14.1,12.56,4.897,4.966,5.001,5.029,5.041,4.908,4.372,43568.0,44232.0,43789.0,43639.0,44525.0,42264.0,38292.0,2.653,325.4,21.77,4.6,3.528,2.0,-1.0,13.54,0.021,0.226,3.0,2.0,0.0,0.0,27.47,27.12,27.26,27.61,27.6,27.87,27.8,27.95,27.23,45.01
2016-06-09 17:33:00-05:00,148.03023,137.12526,505966,30.21,0.0,125.4,25.2,343.7,276.7,275.3,273.0,37.65,39.18,38.97,343.2,125.3,60.13,29.12,1384506.0,344.2,42.96,5.0,0.0,0.0,0.0,0.0,0.0,0.0,0.0,0.0,25.02,26.45,140.0,35.08,37.4,35.06,60.0,59.9,74.7,0.0,275.0,274.0,275.0,28.88,-2.885,29.03,601.0,1374999.0,41224.0,126878.0,-0.995,0.979,0.748,0.921,12.69,12.8,12.93,12.99,13.04,12.66,11.3,4.359,4.396,4.441,4.461,4.478,4.35,3.882,43568.0,44232.0,43789.0,43639.0,44525.0,42264.0,38292.0,3.105,308.5,13.74,6.0,3.53,2.0,-1.0,13.54,0.021,0.226,3.0,2.0,0.0,0.0,27.16,26.92,26.95,27.33,27.34,27.59,27.44,27.64,26.95,44.93
2016-06-09 17:34:00-05:00,188.4237,167.0496,505967,30.16,0.0,149.2,25.13,336.1,276.8,275.4,273.1,45.31,46.77,46.56,335.4,146.1,60.14,35.51,1384506.0,337.3,49.01,5.0,0.0,0.0,0.0,0.0,0.0,0.0,0.0,0.0,24.98,26.32,172.6,42.4,44.86,42.47,60.0,59.9,74.7,0.0,275.0,274.1,275.1,35.12,-1.896,35.18,601.0,1375000.0,41224.0,126878.0,-0.999,0.979,0.748,0.921,15.68,15.83,15.98,16.0,16.1,15.76,13.99,5.269,5.319,5.371,5.375,5.411,5.296,4.703,43568.0,44232.0,43789.0,43639.0,44525.0,42264.0,38292.0,1.832,313.6,14.59,4.9,3.527,2.0,-1.0,13.54,0.021,0.226,3.0,2.0,0.0,0.0,27.0,26.83,26.77,27.12,27.24,27.51,27.31,27.51,26.76,44.85
2016-06-09 17:35:00-05:00,234.99503,202.12947,505968,30.12,0.0,177.0,25.17,337.5,276.8,275.7,273.3,54.49,55.82,55.73,337.1,168.5,60.14,43.18,1384507.0,337.9,56.79,5.0,0.0,0.0,0.0,0.0,0.0,0.0,0.0,0.0,25.01,26.38,210.4,51.31,53.8,51.42,60.0,59.9,74.7,0.0,275.0,274.1,275.3,42.58,-0.756,42.59,601.0,1375001.0,41224.0,126878.0,-1.0,0.979,0.748,0.921,19.0,19.02,19.2,19.26,19.35,19.01,16.78,6.411,6.417,6.478,6.5,6.528,6.414,5.661,43568.0,44232.0,43789.0,43639.0,44525.0,42264.0,38292.0,,0.0,0.0,,,2.0,-1.0,13.54,0.021,0.226,3.0,2.0,0.0,0.0,27.05,26.81,26.75,27.15,27.18,27.44,27.31,27.56,26.78,44.76
2016-06-09 17:36:00-05:00,219.66925,190.80977,505969,30.07,0.0,167.5,25.27,343.0,276.8,275.4,273.0,51.8,53.12,53.05,342.4,159.7,60.14,40.9,1384508.0,342.9,54.63,5.0,0.0,0.0,0.0,0.0,0.0,0.0,0.0,0.0,25.15,26.53,198.2,48.77,51.13,48.76,60.0,59.9,74.7,0.0,275.0,274.1,275.1,40.37,-1.155,40.39,601.0,1375001.0,41224.0,126878.0,-0.999,0.979,0.748,0.921,17.74,17.76,18.04,18.04,17.95,17.79,15.7,6.08,6.084,6.182,6.183,6.151,6.095,5.381,43568.0,44232.0,43789.0,43639.0,44525.0,42264.0,38292.0,1.377,319.6,21.19,2.1,3.528,2.0,-1.0,13.54,0.021,0.226,3.0,2.0,0.0,0.0,27.15,26.86,26.68,27.05,27.13,27.38,27.25,27.46,26.84,44.63
2016-06-09 17:37:00-05:00,253.17207,216.36314,505970,30.02,0.0,188.3,25.32,342.4,276.3,275.3,272.7,58.31,59.45,59.53,342.2,175.6,60.13,46.26,1384509.0,343.3,60.09,5.0,0.0,0.0,0.0,0.0,0.0,0.0,0.0,0.0,25.2,26.69,225.5,55.19,57.52,55.27,60.0,59.9,74.7,0.0,274.4,274.0,275.0,45.68,-0.325,45.69,601.0,1375002.0,41224.0,126878.0,-1.0,0.979,0.748,0.921,20.07,20.06,20.3,20.36,20.28,20.07,17.7,6.871,6.868,6.949,6.971,6.944,6.87,6.06,43568.0,44232.0,43790.0,43639.0,44525.0,42264.0,38292.0,1.178,315.3,19.99,3.8,3.528,2.0,-1.0,13.54,0.021,0.227,3.0,2.0,0.0,0.0,27.44,26.96,26.78,27.14,27.16,27.56,27.3,27.66,26.94,44.53
2016-06-09 17:38:00-05:00,221.3325,192.82715,505971,29.99,0.0,169.5,25.34,349.5,276.2,275.2,272.7,52.12,53.37,53.31,348.8,158.0,60.17,41.07,1384509.0,350.5,55.05,5.0,0.0,0.0,0.0,0.0,0.0,0.0,0.0,0.0,25.18,26.65,199.3,49.13,51.46,49.06,60.0,59.9,74.7,0.0,274.0,274.0,275.0,40.6,-1.082,40.62,601.0,1375003.0,41224.0,126878.0,-0.999,0.979,0.748,0.921,17.34,17.32,17.7,17.7,17.68,17.36,15.42,6.054,6.046,6.179,6.179,6.173,6.061,5.383,43568.0,44232.0,43790.0,43639.0,44525.0,42264.0,38292.0,1.845,290.6,18.27,3.3,3.528,2.0,-1.0,13.54,0.021,0.226,3.0,2.0,0.0,0.0,27.45,26.92,26.81,27.22,27.2,27.66,27.31,27.74,27.05,44.42
2016-06-09 17:39:00-05:00,252.10283,215.13031,505972,29.95,0.0,186.9,25.4,340.4,276.2,275.3,272.7,57.78,58.95,59.02,339.0,175.0,60.12,45.81,1384510.0,341.4,59.29,5.0,0.0,0.0,0.0,0.0,0.0,0.0,0.0,0.0,25.28,26.78,225.1,54.73,57.05,54.78,60.0,59.9,74.7,0.0,274.0,274.0,275.0,45.27,-0.408,45.28,601.0,1375003.0,41224.0,126878.0,-0.7,0.979,0.748,0.921,19.98,20.02,20.19,20.22,20.33,20.04,17.62,6.798,6.81,6.868,6.879,6.916,6.817,5.994,43568.0,44232.0,43790.0,43640.0,44525.0,42264.0,38292.0,2.26,292.8,17.5,4.6,3.528,2.0,-1.0,13.54,0.021,0.226,3.0,2.0,0.0,0.0,27.58,26.96,26.88,27.28,27.27,27.76,27.38,27.82,27.07,44.31
2016-06-09 17:40:00-05:00,227.51033,196.63773,505973,29.9,0.0,171.5,25.29,345.5,276.1,275.3,272.7,52.98,54.23,54.22,344.9,161.2,60.17,41.82,1384511.0,346.8,55.58,5.0,0.0,0.0,0.0,0.0,0.0,0.0,0.0,0.0,25.24,26.73,204.6,50.05,52.36,49.99,60.0,59.9,74.7,0.0,274.0,274.0,275.0,41.37,-0.99,41.38,601.0,1375004.0,41224.0,126878.0,-1.0,0.979,0.748,0.921,17.9,17.86,18.18,18.24,18.25,17.93,15.87,6.18,6.169,6.276,6.298,6.301,6.193,5.482,43568.0,44232.0,43790.0,43640.0,44525.0,42264.0,38292.0,2.178,301.9,17.62,4.6,3.528,2.0,-1.0,13.54,0.021,0.226,3.0,2.0,0.0,0.0,27.56,26.94,26.9,27.28,27.27,27.73,27.41,27.87,27.15,44.21
2016-06-09 17:41:00-05:00,232.26253,198.76718,505974,29.87,0.0,173.2,25.35,343.5,276.1,275.5,272.9,53.11,54.28,54.28,343.5,161.9,60.22,41.89,1384512.0,345.0,55.53,5.0,0.0,0.0,0.0,0.0,0.0,0.0,0.0,0.0,25.15,26.64,209.9,50.03,52.35,49.95,60.0,59.9,74.7,0.0,274.2,274.0,275.0,41.35,-0.957,41.37,601.0,1375005.0,41224.0,126878.0,-0.966,0.979,0.748,0.921,18.23,18.19,18.5,18.54,18.4,18.27,16.11,6.251,6.236,6.344,6.358,6.308,6.264,5.525,43568.0,44232.0,43790.0,43640.0,44525.0,42264.0,38292.0,2.437,298.3,21.95,3.9,3.526,2.0,-1.0,13.54,0.021,0.226,3.0,2.0,0.0,0.0,27.35,26.92,26.82,27.23,27.22,27.75,27.41,27.9,27.05,44.14
2016-06-09 17:42:00-05:00,245.09337,207.95743,505975,29.84,0.0,177.6,25.31,346.2,276.5,275.3,272.7,54.93,56.1,56.12,345.5,165.6,60.23,43.43,1384512.0,347.1,57.19,5.0,0.0,0.0,0.0,0.0,0.0,0.0,0.0,0.0,25.2,26.75,217.0,51.96,54.28,51.87,60.0,59.9,74.7,0.0,274.1,274.0,275.0,42.95,-0.713,42.96,601.0,1375006.0,41224.0,126878.0,-1.0,0.979,0.748,0.921,18.5,18.37,18.87,18.84,18.81,18.63,16.44,6.4,6.355,6.528,6.518,6.506,6.444,5.688,43568.0,44232.0,43790.0,43640.0,44525.0,42264.0,38292.0,2.355,308.0,19.71,4.9,3.528,2.0,-1.0,13.54,0.02,0.226,3.0,2.0,0.0,0.0,27.5,26.97,26.9,27.35,27.33,27.71,27.48,27.95,27.13,44.09
2016-06-09 17:43:00-05:00,180.10739,159.5405,505976,29.81,0.0,140.5,25.16,354.4,275.9,275.1,272.7,41.95,43.29,43.21,353.4,132.0,60.16,32.6,1384513.0,354.6,46.63,5.0,0.0,0.0,0.0,0.0,0.0,0.0,0.0,0.0,25.11,26.58,165.0,39.41,41.53,39.25,60.0,59.9,74.7,0.0,274.0,274.0,275.0,32.37,-2.405,32.47,601.0,1375006.0,41224.0,126878.0,-0.997,0.979,0.748,0.921,13.75,13.66,13.95,14.02,14.01,13.79,12.17,4.869,4.837,4.938,4.965,4.962,4.883,4.311,43568.0,44232.0,43790.0,43640.0,44525.0,42264.0,38292.0,1.793,306.0,17.22,4.1,3.528,2.0,-1.0,13.54,0.02,0.226,3.0,2.0,0.0,0.0,27.3,26.84,26.81,27.24,27.22,27.6,27.3,27.77,27.03,44.01
2016-06-09 17:44:00-05:00,172.62273,152.70386,505977,29.77,0.0,134.6,25.13,344.5,275.9,275.2,272.7,41.1,42.41,42.27,344.6,132.0,60.16,31.86,1384513.0,345.4,45.48,5.0,0.0,0.0,0.0,0.0,0.0,0.0,0.0,0.0,25.02,26.49,159.7,38.4,40.54,38.26,60.0,59.9,74.7,0.0,274.0,274.0,275.0,31.56,-2.543,31.66,601.0,1375007.0,41224.0,126878.0,-0.997,0.979,0.748,0.921,13.81,13.77,14.07,14.08,14.12,13.85,12.31,4.755,4.741,4.848,4.85,4.862,4.771,4.241,43568.0,44232.0,43790.0,43640.0,44525.0,42264.0,38292.0,1.577,328.4,32.95,3.5,3.527,2.0,-1.0,13.54,0.02,0.226,3.0,2.0,0.0,0.0,27.12,26.76,26.65,27.07,27.09,27.52,27.13,27.73,26.89,43.95
2016-06-09 17:45:00-05:00,159.91066,142.05661,505978,29.75,0.0,125.8,25.12,346.2,276.0,275.2,272.8,38.06,39.45,39.3,346.1,124.5,60.15,29.37,1384514.0,348.5,43.06,5.0,0.0,0.0,0.0,0.0,0.0,0.0,0.0,0.0,25.02,26.32,149.3,35.53,37.65,35.39,60.0,59.9,74.7,0.0,274.1,274.0,275.0,29.13,-2.934,29.28,601.0,1375007.0,41224.0,126878.0,-0.995,0.979,0.748,0.921,12.72,12.63,13.0,13.02,13.02,12.72,11.33,4.4,4.369,4.498,4.504,4.505,4.4,3.921,43568.0,44232.0,43790.0,43640.0,44525.0,42264.0,38292.0,2.32,304.1,10.98,4.4,3.528,2.0,-1.0,13.54,0.021,0.226,3.0,2.0,0.0,0.0,26.98,26.63,26.51,27.01,26.99,27.4,27.04,27.56,26.76,43.86
2016-06-09 17:46:00-05:00,201.61098,170.52397,505979,29.72,0.0,145.5,25.18,337.8,275.9,274.8,272.5,44.69,46.12,45.95,337.3,142.8,60.14,34.89,1384515.0,340.3,48.16,5.0,0.0,0.0,0.0,0.0,0.0,0.0,0.0,0.0,25.01,26.2,181.2,41.88,44.14,41.81,60.0,59.9,74.7,0.0,273.9,273.7,274.8,34.5,-2.064,34.57,601.0,1375008.0,41224.0,126878.0,-0.998,0.979,0.748,0.921,15.38,15.33,15.68,15.68,15.72,15.44,13.66,5.193,5.177,5.295,5.295,5.308,5.215,4.612,43568.0,44232.0,43790.0,43640.0,44525.0,42264.0,38292.0,2.12,320.1,15.99,3.5,3.528,2.0,-1.0,13.54,0.02,0.226,3.0,2.0,0.0,0.0,26.96,26.43,26.35,26.78,26.85,27.23,26.88,27.31,26.6,43.8
2016-06-09 17:47:00-05:00,218.71881,182.29196,505980,29.68,0.0,152.7,25.19,339.0,275.2,274.4,272.0,47.24,48.64,48.48,338.3,148.3,60.13,36.94,1384515.0,340.1,50.14,5.0,0.0,0.0,0.0,0.0,0.0,0.0,0.0,0.0,25.05,26.23,193.1,44.42,46.71,44.37,60.0,59.9,74.7,0.0,273.7,273.0,274.0,36.56,-1.73,36.6,601.0,1375008.0,41224.0,126878.0,-0.999,0.979,0.748,0.921,16.18,16.17,16.49,16.48,16.5,16.28,14.38,5.482,5.478,5.588,5.585,5.59,5.518,4.872,43568.0,44232.0,43790.0,43640.0,44525.0,42264.0,38292.0,1.502,317.0,13.74,2.5,3.528,2.0,-1.0,13.54,0.02,0.226,3.0,2.0,0.0,0.0,26.95,26.5,26.3,26.82,26.84,27.26,26.88,27.39,26.56,43.75
2016-06-09 17:48:00-05:00,206.48196,172.7655,505981,29.64,0.0,146.2,25.26,341.7,275.4,274.1,271.8,45.24,46.73,46.5,341.5,142.3,60.14,35.27,1384516.0,342.9,48.57,5.0,0.0,0.0,0.0,0.0,0.0,0.0,0.0,0.0,25.1,26.2,184.2,42.45,44.75,42.35,60.0,59.9,74.7,0.0,273.2,273.0,274.0,34.89,-1.97,34.94,601.0,1375009.0,41224.0,126878.0,-0.998,0.979,0.748,0.921,15.38,15.29,15.65,15.68,15.73,15.42,13.64,5.254,5.221,5.346,5.354,5.371,5.267,4.658,43568.0,44232.0,43790.0,43640.0,44525.0,42264.0,38292.0,2.43,309.0,13.91,4.5,3.527,2.0,-1.0,13.54,0.02,0.226,3.0,2.0,0.0,0.0,26.86,26.5,26.25,26.72,26.73,27.18,26.82,27.31,26.53,43.65
2016-06-09 17:49:00-05:00,211.59055,176.35193,505982,29.61,0.0,147.7,25.28,344.7,275.1,274.1,271.9,45.81,47.24,47.04,344.0,143.0,60.13,35.72,1384516.0,345.8,49.15,5.0,0.0,0.0,0.0,0.0,0.0,0.0,0.0,0.0,25.13,26.22,186.3,43.07,45.36,42.97,60.0,59.9,74.7,0.0,273.2,273.0,274.0,35.4,-1.882,35.45,601.0,1375009.0,41224.0,126878.0,-0.998,0.979,0.748,0.921,15.35,15.2,15.66,15.69,15.68,15.41,13.67,5.285,5.231,5.391,5.401,5.399,5.306,4.704,43568.0,44232.0,43790.0,43640.0,44525.0,42264.0,38292.0,,0.0,0.0,,,2.0,-1.0,13.54,0.02,0.226,3.0,2.0,0.0,0.0,26.93,26.4,26.23,26.71,26.69,27.26,26.8,27.34,26.47,43.57
2016-06-09 17:50:00-05:00,152.30719,134.32335,505983,29.58,0.0,118.5,25.26,350.0,274.9,273.9,271.7,35.75,37.19,36.97,349.7,117.3,60.14,27.31,1384517.0,351.3,41.0,5.0,0.0,0.0,0.0,0.0,0.0,0.0,0.0,0.0,25.08,26.18,140.8,33.4,35.53,33.25,60.0,59.9,74.7,0.0,273.0,273.0,274.0,27.21,-3.205,27.4,601.0,1375010.0,41224.0,126878.0,-0.993,0.979,0.748,0.921,11.73,11.67,12.0,11.99,11.99,11.75,10.46,4.105,4.083,4.201,4.197,4.198,4.112,3.66,43568.0,44232.0,43790.0,43640.0,44525.0,42264.0,38292.0,,0.0,0.0,,,2.0,-1.0,13.54,0.02,0.225,3.0,2.0,0.0,0.0,26.81,26.4,26.13,26.64,26.64,27.14,26.72,27.19,26.43,43.45
2016-06-09 17:51:00-05:00,136.03099,122.443275,505984,29.55,0.0,109.4,25.06,344.3,275.2,273.6,271.4,33.24,34.78,34.47,343.9,112.3,60.15,25.24,1384517.0,345.8,38.6,5.0,0.0,0.0,0.0,0.0,0.0,0.0,0.0,0.0,24.89,25.87,127.7,30.98,33.14,30.92,60.0,59.9,74.7,0.0,273.0,273.0,274.0,25.18,-3.522,25.42,601.0,1375010.0,41224.0,126878.0,-0.99,0.979,0.748,0.921,11.04,11.0,11.32,11.29,11.31,11.06,9.89,3.802,3.786,3.895,3.886,3.893,3.805,3.404,43568.0,44232.0,43790.0,43640.0,44525.0,42264.0,38292.0,,0.0,0.0,,,2.0,-1.0,13.54,0.02,0.225,3.0,2.0,0.0,0.0,26.5,26.17,25.91,26.43,26.48,26.97,26.52,27.01,26.22,43.36
2016-06-09 17:52:00-05:00,134.60533,120.53797,505985,29.52,0.0,107.5,25.07,340.6,275.3,273.9,271.7,32.61,34.18,33.9,340.6,111.6,60.17,24.76,1384518.0,342.4,38.02,5.0,0.0,0.0,0.0,0.0,0.0,0.0,0.0,0.0,24.9,25.82,126.8,30.36,32.55,30.34,60.0,59.9,74.7,0.0,273.5,273.0,274.0,24.68,-3.611,24.94,601.0,1375011.0,41224.0,126878.0,-0.989,0.979,0.748,0.921,10.92,10.93,11.19,11.23,11.27,10.96,9.82,3.718,3.72,3.809,3.824,3.837,3.733,3.344,43568.0,44232.0,43790.0,43640.0,44525.0,42264.0,38292.0,2.308,299.1,12.1,3.4,3.528,2.0,-1.0,13.54,0.02,0.225,3.0,2.0,0.0,0.0,26.41,25.99,25.74,26.26,26.28,26.85,26.35,26.78,26.02,43.26
2016-06-09 17:53:00-05:00,139.23871,123.11572,505986,29.48,0.0,108.2,24.97,342.9,275.0,274.0,271.8,32.98,34.5,34.25,341.8,111.8,60.2,25.06,1384518.0,344.4,38.19,5.0,0.0,0.0,0.0,0.0,0.0,0.0,0.0,0.0,24.76,25.61,129.9,30.7,32.9,30.65,60.0,59.9,74.7,0.0,273.2,273.0,274.0,24.96,-3.547,25.21,601.0,1375011.0,41224.0,126878.0,-0.99,0.979,0.748,0.921,11.0,10.94,11.28,11.33,11.26,11.01,9.89,3.77,3.75,3.865,3.883,3.86,3.775,3.391,43568.0,44232.0,43790.0,43640.0,44525.0,42264.0,38292.0,,0.0,0.0,,,2.0,-1.0,13.54,0.02,0.225,3.0,2.0,0.0,0.0,26.26,25.83,25.58,26.1,26.1,26.82,26.2,26.62,25.85,43.18
2016-06-09 17:54:00-05:00,143.87207,125.35726,505987,29.44,0.0,109.0,24.97,341.3,275.0,274.0,271.7,33.33,34.95,34.66,340.6,113.0,60.23,25.39,1384519.0,342.4,38.49,5.0,0.0,0.0,0.0,0.0,0.0,0.0,0.0,0.0,24.72,25.48,133.0,31.01,33.26,31.01,60.0,59.9,74.7,0.0,273.2,273.0,274.0,25.25,-3.484,25.49,601.0,1375012.0,41224.0,126878.0,-0.991,0.979,0.748,0.921,11.17,11.15,11.46,11.47,11.48,11.21,10.06,3.811,3.805,3.911,3.915,3.918,3.825,3.432,43568.0,44232.0,43790.0,43640.0,44525.0,42264.0,38292.0,2.072,293.4,27.5,4.5,3.528,2.0,-1.0,13.54,0.02,0.225,3.0,2.0,0.0,0.0,26.1,25.7,25.44,25.97,25.94,26.65,26.02,26.49,25.72,43.08
2016-06-09 17:55:00-05:00,159.19783,134.65958,505988,29.4,0.0,114.3,24.95,340.6,275.4,274.2,271.9,35.13,36.67,36.45,340.5,117.4,60.17,26.89,1384519.0,342.6,39.98,5.0,0.0,0.0,0.0,0.0,0.0,0.0,0.0,0.0,24.76,25.44,144.5,32.74,34.95,32.71,60.0,59.9,74.7,0.0,274.0,273.0,274.0,26.73,-3.293,26.93,601.0,1375012.0,41224.0,126878.0,-0.992,0.979,0.748,0.921,11.88,11.82,12.16,12.15,12.17,11.88,10.67,4.044,4.025,4.14,4.137,4.145,4.046,3.634,43568.0,44232.0,43790.0,43640.0,44525.0,42264.0,38292.0,1.397,310.1,30.71,3.4,3.528,2.0,-1.0,13.54,0.02,0.225,3.0,2.0,0.0,0.0,26.02,25.67,25.32,25.86,25.86,26.64,25.89,26.38,25.64,42.97
2016-06-09 17:56:00-05:00,211.35294,168.95491,505989,29.36,0.0,135.6,25.06,328.7,275.9,274.9,272.6,41.55,43.07,42.84,329.1,136.9,60.16,32.31,1384520.0,330.1,45.04,5.0,0.0,0.0,0.0,0.0,0.0,0.0,0.0,0.0,24.82,25.46,183.6,38.79,41.06,38.75,60.0,59.9,74.7,0.0,274.0,273.9,274.9,31.92,-2.509,32.02,601.0,1375013.0,41224.0,126878.0,-0.997,0.979,0.748,0.921,14.63,14.65,14.96,14.94,14.93,14.74,13.09,4.809,4.815,4.917,4.91,4.906,4.844,4.301,43568.0,44232.0,43790.0,43640.0,44525.0,42264.0,38292.0,1.608,315.4,15.99,4.6,3.528,2.0,-1.0,13.54,0.02,0.226,3.0,2.0,0.0,0.0,26.07,25.65,25.31,25.89,25.86,26.66,25.91,26.5,25.63,42.84
2016-06-09 17:57:00-05:00,214.20425,170.63605,505990,29.32,0.0,136.3,25.06,329.3,276.2,275.0,272.7,41.82,43.36,43.12,329.5,137.5,60.19,32.56,1384520.0,330.8,45.27,5.0,0.0,0.0,0.0,0.0,0.0,0.0,0.0,0.0,24.94,25.6,184.3,39.15,41.47,39.11,60.0,59.9,74.7,0.0,274.0,274.0,275.0,32.26,-2.428,32.35,601.0,1375013.0,41224.0,126878.0,-0.997,0.979,0.748,0.921,14.65,14.65,15.01,15.01,14.95,14.77,13.09,4.821,4.821,4.939,4.939,4.919,4.862,4.307,43568.0,44232.0,43790.0,43640.0,44525.0,42264.0,38292.0,1.942,300.1,20.24,4.1,3.528,2.0,-1.0,13.54,0.02,0.226,3.0,2.0,0.0,0.0,26.18,25.83,25.37,26.01,25.96,26.74,26.05,26.64,25.68,42.72
2016-06-09 17:58:00-05:00,192.93828,156.06613,505991,29.28,0.0,127.9,25.14,337.5,276.3,275.0,272.7,39.59,41.12,40.87,336.9,129.6,60.15,30.69,1384521.0,338.6,43.64,5.0,0.0,0.0,0.0,0.0,0.0,0.0,0.0,0.0,24.98,25.64,169.0,37.02,39.24,36.95,60.0,59.9,74.7,0.0,274.1,274.0,275.0,30.43,-2.738,30.55,601.0,1375014.0,41224.0,126878.0,-0.996,0.979,0.748,0.921,13.58,13.43,13.85,13.88,13.87,13.61,12.11,4.582,4.531,4.672,4.685,4.679,4.593,4.086,43568.0,44232.0,43790.0,43640.0,44525.0,42264.0,38292.0,1.635,294.2,17.06,2.9,3.528,2.0,-1.0,13.54,0.02,0.225,3.0,2.0,0.0,0.0,26.23,25.86,25.37,26.04,25.97,26.77,26.05,26.64,25.68,42.59
2016-06-09 17:59:00-05:00,162.04915,135.4441,505992,29.24,0.0,115.1,25.21,342.8,276.3,274.9,272.6,35.66,37.11,36.86,342.6,118.1,60.14,27.36,1384521.0,344.5,40.46,5.0,0.0,0.0,0.0,0.0,0.0,0.0,0.0,0.0,25.01,25.66,145.7,33.25,35.37,33.13,60.0,59.9,74.7,0.0,274.2,274.0,275.0,27.18,-3.278,27.38,601.0,1375014.0,41224.0,126878.0,-0.993,0.979,0.748,0.921,11.99,11.84,12.24,12.24,12.27,12.02,10.71,4.108,4.059,4.193,4.193,4.206,4.117,3.671,43568.0,44232.0,43790.0,43640.0,44525.0,42264.0,38292.0,2.867,273.7,16.57,4.5,3.528,2.0,-1.0,13.54,0.02,0.225,3.0,2.0,0.0,0.0,26.23,25.86,25.31,25.99,25.92,26.69,26.0,26.58,25.68,42.46
2016-06-09 18:00:00-05:00,209.92729,165.48055,505993,29.22,0.0,131.9,25.27,336.7,276.2,274.9,272.6,41.0,42.49,42.25,336.1,133.1,60.2,31.83,1384522.0,337.9,44.75,5.0,0.0,0.0,0.0,0.0,0.0,0.0,0.0,0.0,25.0,25.6,181.3,38.39,40.59,38.27,60.0,59.9,74.7,0.0,274.2,274.0,275.0,31.55,-2.572,31.66,601.0,1375015.0,41224.0,126878.0,-0.997,0.979,0.748,0.921,14.1,13.98,14.38,14.43,14.41,14.17,12.58,4.748,4.705,4.843,4.859,4.852,4.771,4.236,43568.0,44232.0,43790.0,43640.0,44525.0,42264.0,38292.0,2.217,287.8,14.02,4.2,3.528,2.0,-1.0,13.54,0.02,0.225,3.0,2.0,0.0,0.0,26.21,25.86,25.27,25.96,25.91,26.71,26.01,26.61,25.68,42.4
2016-06-09 18:01:00-05:00,215.5111,168.39452,505994,29.19,0.0,132.7,25.05,342.5,276.0,274.9,272.6,41.71,43.18,42.93,341.8,132.7,60.2,32.41,1384523.0,344.2,45.36,5.0,0.0,0.0,0.0,0.0,0.0,0.0,0.0,0.0,24.88,25.46,184.8,39.1,41.32,38.96,60.0,59.9,74.7,0.0,274.0,274.0,275.0,32.15,-2.464,32.24,601.0,1375015.0,41225.0,126878.0,-0.997,0.979,0.748,0.921,14.14,13.87,14.42,14.41,14.44,14.22,12.65,4.842,4.75,4.937,4.933,4.944,4.869,4.332,43568.0,44232.0,43790.0,43640.0,44525.0,42264.0,38292.0,2.883,313.9,12.99,4.4,3.528,2.0,-1.0,13.54,0.02,0.225,3.0,2.0,0.0,0.0,26.11,25.78,25.27,25.96,25.96,26.67,26.05,26.56,25.72,42.23
2016-06-09 18:02:00-05:00,209.80849,164.47186,505995,29.16,0.0,129.4,25.0,346.8,276.1,275.1,272.8,40.66,42.1,41.9,346.1,129.0,60.14,31.55,1384523.0,347.6,44.65,5.0,0.0,0.0,0.0,0.0,0.0,0.0,0.0,0.0,24.89,25.47,180.0,38.13,40.23,37.96,60.0,59.9,74.7,0.0,274.0,274.0,275.0,31.31,-2.646,31.42,601.0,1375016.0,41225.0,126878.0,-0.996,0.979,0.748,0.921,13.58,13.24,13.87,13.91,13.89,13.62,12.16,4.709,4.592,4.809,4.824,4.817,4.721,4.218,43568.0,44232.0,43790.0,43640.0,44525.0,42264.0,38292.0,2.803,319.7,11.01,4.6,3.528,2.0,-1.0,13.54,0.02,0.226,3.0,2.0,0.0,0.0,26.07,25.76,25.27,26.04,25.96,26.74,26.05,26.59,25.76,42.15
2016-06-09 18:03:00-05:00,177.49371,143.62569,505996,29.13,0.0,116.5,25.01,348.6,276.3,275.0,272.7,36.05,37.55,37.35,348.1,117.7,60.14,27.73,1384524.0,349.8,40.95,5.0,0.0,0.0,0.0,0.0,0.0,0.0,0.0,0.0,24.85,25.46,156.6,33.76,35.83,33.59,60.0,59.9,74.7,0.0,274.2,274.0,275.0,27.6,-3.212,27.79,601.0,1375016.0,41225.0,126878.0,-0.993,0.979,0.748,0.921,11.92,11.74,12.23,12.18,12.25,11.98,10.72,4.154,4.091,4.264,4.245,4.269,4.177,3.735,43568.0,44232.0,43790.0,43640.0,44525.0,42264.0,38292.0,2.463,290.1,15.3,3.7,3.528,2.0,-1.0,13.54,0.02,0.225,3.0,2.0,0.0,0.0,26.07,25.76,25.24,25.99,25.97,26.67,26.05,26.51,25.77,42.05
2016-06-09 18:04:00-05:00,145.06012,122.55534,505997,29.1,0.0,102.9,24.91,349.5,275.8,274.9,272.6,31.4,32.86,32.62,348.8,105.9,60.13,23.79,1384524.0,350.7,36.94,5.0,0.0,0.0,0.0,0.0,0.0,0.0,0.0,0.0,24.77,25.3,132.4,29.3,31.35,29.17,60.0,59.9,74.7,0.0,274.1,274.0,275.0,23.75,-3.797,24.06,601.0,1375017.0,41225.0,126878.0,-0.987,0.979,0.748,0.921,10.25,10.13,10.51,10.5,10.56,10.23,9.23,3.58,3.539,3.672,3.666,3.687,3.575,3.223,43568.0,44232.0,43790.0,43640.0,44525.0,42264.0,38292.0,3.413,278.7,15.83,5.6,3.527,2.0,-1.0,13.54,0.02,0.225,3.0,2.0,0.0,0.0,25.92,25.65,25.14,25.87,25.87,26.58,25.91,26.33,25.72,42.0
2016-06-09 18:05:00-05:00,97.06315,91.73438,505998,29.07,0.0,83.4,24.85,348.7,275.9,274.9,272.6,24.78,26.27,25.98,348.1,90.3,60.15,18.26,1384524.0,349.7,31.43,5.0,0.0,0.0,0.0,0.0,0.0,0.0,0.0,0.0,24.64,25.14,96.7,23.07,25.11,23.08,60.0,59.9,74.7,0.0,274.0,274.0,275.0,18.32,-4.65,18.91,601.0,1375017.0,41225.0,126878.0,-0.968,0.979,0.748,0.921,7.922,8.02,8.19,8.24,8.26,7.943,7.208,2.762,2.795,2.856,2.873,2.878,2.769,2.513,43568.0,44232.0,43790.0,43640.0,44525.0,42264.0,38292.0,3.528,287.1,7.709,4.7,3.528,2.0,-1.0,13.54,0.02,0.225,3.0,2.0,0.0,0.0,25.69,25.47,24.98,25.68,25.69,26.38,25.74,26.12,25.51,41.9
2016-06-09 18:06:00-05:00,73.6587,75.1471,505999,29.04,0.0,71.53,24.75,343.9,275.9,275.0,272.7,21.0,22.48,22.19,343.6,82.3,60.14,15.11,1384525.0,346.3,28.27,5.0,0.0,0.0,0.0,0.0,0.0,0.0,0.0,0.0,24.5,24.94,78.81,19.61,21.71,19.8,60.0,59.9,74.7,0.0,274.4,274.0,275.0,15.23,-5.109,16.07,601.0,1375017.0,41225.0,126878.0,-0.948,0.979,0.748,0.921,6.763,6.881,7.006,6.996,7.121,6.753,6.174,2.326,2.366,2.409,2.406,2.449,2.322,2.123,43568.0,44232.0,43790.0,43640.0,44525.0,42264.0,38292.0,2.7,296.0,7.94,4.1,3.528,2.0,-1.0,13.54,0.02,0.224,3.0,2.0,0.0,0.0,25.48,25.29,24.75,25.44,25.45,26.23,25.48,25.84,25.3,41.88
2016-06-09 18:07:00-05:00,92.073364,83.55282,506000,29.0,0.0,73.43,24.67,342.9,276.3,275.1,272.8,21.88,23.45,23.06,342.4,83.8,60.14,15.87,1384525.0,344.0,28.69,5.0,0.0,0.0,0.0,0.0,0.0,0.0,0.0,0.0,24.43,24.73,90.8,20.39,22.5,20.55,60.0,59.9,74.7,0.0,274.8,274.0,275.0,15.96,-4.994,16.72,601.0,1375017.0,41225.0,126878.0,-0.954,0.979,0.748,0.921,7.103,7.157,7.379,7.386,7.435,7.153,6.513,2.435,2.454,2.53,2.533,2.549,2.452,2.233,43568.0,44232.0,43790.0,43640.0,44525.0,42264.0,38292.0,1.785,303.8,14.28,4.3,3.528,2.0,-1.0,13.54,0.02,0.224,3.0,2.0,0.0,0.0,25.27,25.09,24.56,25.26,25.27,26.1,25.26,25.7,25.06,41.8
2016-06-09 18:08:00-05:00,109.06239,91.51023,506001,28.96,0.0,75.69,24.78,342.7,276.5,275.0,272.9,22.8,24.42,24.1,342.1,86.6,60.15,16.7,1384525.0,343.6,29.62,5.0,0.0,0.0,0.0,0.0,0.0,0.0,0.0,0.0,24.57,24.67,101.8,21.25,23.38,21.4,60.0,59.9,74.7,0.0,275.0,274.0,275.3,16.75,-4.91,17.46,601.0,1375018.0,41225.0,126878.0,-0.96,0.979,0.748,0.921,7.488,7.442,7.689,7.746,7.807,7.509,6.806,2.566,2.55,2.635,2.655,2.675,2.573,2.332,43568.0,44232.0,43790.0,43640.0,44525.0,42264.0,38292.0,1.852,261.1,17.04,3.4,3.528,2.0,-1.0,13.54,0.02,0.224,3.0,2.0,0.0,0.0,25.17,25.0,24.39,25.13,25.13,26.0,25.11,25.58,24.94,41.69
2016-06-09 18:09:00-05:00,132.46684,103.50239,506002,28.91,0.0,80.9,24.84,343.4,276.8,275.1,272.8,24.79,26.35,26.03,342.8,91.2,60.14,18.33,1384526.0,344.6,31.26,5.0,0.0,0.0,0.0,0.0,0.0,0.0,0.0,0.0,24.56,24.52,117.1,23.02,25.14,23.11,60.0,59.9,74.7,0.0,275.0,274.0,275.4,18.35,-4.668,18.93,601.0,1375018.0,41225.0,126878.0,-0.969,0.979,0.748,0.921,8.16,8.04,8.41,8.42,8.46,8.2,7.449,2.802,2.762,2.887,2.891,2.906,2.814,2.558,43568.0,44232.0,43790.0,43640.0,44525.0,42264.0,38292.0,2.953,258.0,13.29,3.7,3.527,2.0,-1.0,13.54,0.02,0.224,3.0,2.0,0.0,0.0,25.06,24.88,24.28,25.01,25.01,25.89,25.0,25.44,24.81,41.56
2016-06-09 18:10:00-05:00,162.88077,119.64137,506003,28.87,0.0,88.5,24.96,343.8,276.5,275.4,273.2,27.53,29.05,28.76,343.5,97.6,60.15,20.62,1384526.0,345.3,33.51,5.0,0.0,0.0,0.0,0.0,0.0,0.0,0.0,0.0,24.72,24.54,137.6,25.58,27.72,25.59,60.0,59.9,74.7,0.0,275.0,274.0,275.9,20.63,-4.299,21.08,601.0,1375018.0,41225.0,126878.0,-0.979,0.979,0.748,0.921,9.13,8.93,9.39,9.43,9.44,9.2,8.32,3.138,3.07,3.229,3.241,3.246,3.164,2.861,43568.0,44232.0,43790.0,43640.0,44525.0,42264.0,38292.0,,0.0,0.0,,,2.0,-1.0,13.54,0.02,0.224,3.0,2.0,0.0,0.0,25.06,24.85,24.2,24.98,24.98,25.86,24.96,25.44,24.75,41.48
2016-06-09 18:11:00-05:00,177.49371,127.03841,506004,28.82,0.0,92.1,24.84,346.1,276.9,275.6,273.3,28.96,30.54,30.27,345.6,100.8,60.13,21.88,1384526.0,347.6,34.82,5.0,0.0,0.0,0.0,0.0,0.0,0.0,0.0,0.0,24.62,24.46,147.0,27.0,29.1,26.99,60.0,59.9,74.7,0.0,275.0,274.6,276.0,21.87,-4.144,22.26,601.0,1375019.0,41225.0,126878.0,-0.983,0.979,0.748,0.921,9.6,9.34,9.85,9.92,9.91,9.66,8.72,3.323,3.231,3.408,3.434,3.429,3.344,3.017,43568.0,44232.0,43790.0,43640.0,44525.0,42264.0,38292.0,2.752,290.9,11.19,3.8,3.527,2.0,-1.0,13.54,0.02,0.224,3.0,2.0,0.0,0.0,25.06,24.8,24.2,24.98,24.98,25.86,24.98,25.44,24.72,41.38
2016-06-09 18:12:00-05:00,172.97914,124.34857,506005,28.78,0.0,91.2,24.79,346.3,277.0,275.5,273.2,28.8,30.36,30.08,345.2,99.8,60.13,21.74,1384527.0,347.1,34.44,5.0,0.0,0.0,0.0,0.0,0.0,0.0,0.0,0.0,24.6,24.43,143.7,26.85,28.9,26.79,60.0,59.9,74.7,0.0,275.0,274.8,276.0,21.71,-4.186,22.11,601.0,1375019.0,41225.0,126878.0,-0.982,0.979,0.748,0.921,9.48,9.26,9.82,9.84,9.79,9.58,8.68,3.283,3.208,3.399,3.408,3.389,3.317,3.007,43568.0,44232.0,43790.0,43640.0,44525.0,42264.0,38292.0,2.16,313.7,38.17,4.0,3.528,2.0,-1.0,13.54,0.02,0.224,3.0,2.0,0.0,0.0,25.03,24.79,24.2,24.98,24.96,25.9,24.98,25.37,24.72,41.28
2016-06-09 18:13:00-05:00,169.1774,122.10705,506006,28.74,0.0,90.4,24.84,346.4,276.6,275.7,273.4,28.73,30.23,29.94,345.5,99.6,60.23,21.65,1384527.0,347.7,34.42,5.0,0.0,0.0,0.0,0.0,0.0,0.0,0.0,0.0,24.66,24.44,141.1,26.71,28.78,26.65,60.0,59.9,74.7,0.0,275.0,274.8,276.0,21.6,-4.171,22.0,601.0,1375019.0,41225.0,126878.0,-0.982,0.979,0.748,0.921,9.46,9.25,9.72,9.75,9.77,9.51,8.59,3.275,3.205,3.365,3.375,3.385,3.293,2.977,43568.0,44232.0,43790.0,43640.0,44525.0,42264.0,38292.0,3.503,299.8,12.56,5.4,3.526,2.0,-1.0,13.54,0.02,0.224,3.0,2.0,0.0,0.0,25.04,24.79,24.2,24.98,24.92,25.91,24.96,25.37,24.72,41.15
2016-06-09 18:14:00-05:00,125.813805,99.01933,506007,28.7,0.0,81.2,24.7,348.3,276.6,275.4,273.1,25.05,26.58,26.36,347.7,90.5,60.2,18.58,1384528.0,349.5,31.45,5.0,0.0,0.0,0.0,0.0,0.0,0.0,0.0,0.0,24.5,24.36,110.7,23.37,25.43,23.41,60.0,59.9,74.7,0.0,275.0,274.3,275.9,18.64,-4.629,19.21,601.0,1375020.0,41225.0,126878.0,-0.97,0.979,0.748,0.921,8.1,8.11,8.35,8.37,8.41,8.18,7.365,2.822,2.824,2.909,2.915,2.929,2.848,2.565,43568.0,44232.0,43790.0,43640.0,44525.0,42264.0,38292.0,3.62,295.6,6.141,5.5,3.528,2.0,-1.0,13.54,0.02,0.224,3.0,2.0,0.0,0.0,24.9,24.7,24.1,24.88,24.85,25.83,24.85,25.27,24.65,41.07
2016-06-09 18:15:00-05:00,126.17022,98.57103,506008,28.67,0.0,80.7,24.66,342.9,276.7,275.4,273.1,25.11,26.64,26.34,342.8,91.4,60.15,18.61,1384528.0,344.3,31.33,5.0,0.0,0.0,0.0,0.0,0.0,0.0,0.0,0.0,24.43,24.29,112.6,23.33,25.41,23.41,60.0,59.9,74.7,0.0,275.0,274.3,276.0,18.63,-4.647,19.2,601.0,1375020.0,41226.0,126878.0,-0.97,0.979,0.748,0.921,8.29,8.28,8.54,8.57,8.62,8.33,7.527,2.844,2.84,2.928,2.939,2.958,2.858,2.581,43568.0,44232.0,43790.0,43640.0,44525.0,42264.0,38292.0,2.853,299.0,12.59,5.4,3.528,2.0,-1.0,13.54,0.02,0.224,3.0,2.0,0.0,0.0,24.81,24.61,24.01,24.72,24.7,25.84,24.74,25.13,24.57,40.97
2016-06-09 18:16:00-05:00,121.65566,96.105354,506009,28.63,0.0,78.88,24.69,346.5,276.4,275.3,273.1,24.53,26.1,25.79,346.1,89.4,60.14,18.14,1384528.0,347.6,30.96,5.0,0.0,0.0,0.0,0.0,0.0,0.0,0.0,0.0,24.47,24.24,108.4,22.88,24.94,22.96,60.0,59.9,74.7,0.0,275.0,274.0,275.8,18.2,-4.723,18.81,601.0,1375020.0,41226.0,126878.0,-0.968,0.979,0.748,0.921,7.968,7.991,8.24,8.2,8.27,8.04,7.288,2.761,2.769,2.855,2.842,2.866,2.786,2.525,43568.0,44232.0,43790.0,43640.0,44525.0,42264.0,38292.0,2.288,294.0,13.68,3.8,3.528,2.0,-1.0,13.54,0.02,0.224,3.0,2.0,0.0,0.0,24.77,24.59,23.96,24.69,24.67,25.82,24.69,25.08,24.52,40.89
2016-06-09 18:17:00-05:00,116.90348,92.51892,506010,28.58,0.0,76.62,24.79,344.3,276.5,275.5,273.2,23.88,25.42,25.16,344.2,87.5,60.21,17.59,1384529.0,345.6,30.12,5.0,0.0,0.0,0.0,0.0,0.0,0.0,0.0,0.0,24.55,24.22,105.4,22.18,24.27,22.29,60.0,59.9,74.7,0.0,275.0,274.2,276.0,17.59,-4.795,18.24,601.0,1375021.0,41226.0,126878.0,-0.965,0.979,0.748,0.921,7.81,7.793,8.04,8.07,8.06,7.844,7.104,2.689,2.683,2.77,2.78,2.775,2.701,2.446,43568.0,44232.0,43790.0,43640.0,44525.0,42264.0,38292.0,2.305,296.0,10.45,4.7,3.528,2.0,-1.0,13.54,0.02,0.224,3.0,2.0,0.0,0.0,24.77,24.51,23.92,24.64,24.59,25.77,24.62,25.05,24.42,40.76
2016-06-09 18:18:00-05:00,100.508484,83.77697,506011,28.54,0.0,72.75,24.74,346.0,276.7,275.1,272.9,22.31,23.87,23.59,345.8,84.0,60.21,16.27,1384529.0,347.1,29.03,5.0,0.0,0.0,0.0,0.0,0.0,0.0,0.0,0.0,24.51,24.14,93.6,20.83,22.94,20.98,60.0,59.9,74.7,0.0,275.0,274.0,275.5,16.36,-4.966,17.1,601.0,1375021.0,41226.0,126878.0,-0.957,0.979,0.748,0.921,7.215,7.255,7.457,7.472,7.457,7.247,6.596,2.496,2.51,2.58,2.585,2.58,2.507,2.282,43568.0,44232.0,43790.0,43640.0,44525.0,42264.0,38292.0,2.123,293.6,20.79,4.6,3.528,2.0,-1.0,13.54,0.095,0.224,3.0,2.0,0.0,0.0,24.64,24.48,23.83,24.57,24.51,25.71,24.53,24.96,24.34,40.68
2016-06-09 18:19:00-05:00,86.01434,75.1471,506012,28.5,0.0,68.25,24.71,344.9,276.5,275.2,273.0,20.65,22.16,21.85,344.8,79.68,60.22,14.85,1384529.0,346.1,27.47,5.0,0.0,0.0,0.0,0.0,0.0,0.0,0.0,0.0,24.46,24.06,83.8,19.33,21.44,19.54,60.0,59.9,74.7,0.0,275.0,274.0,275.6,14.99,-5.179,15.86,601.0,1375021.0,41226.0,126878.0,-0.945,0.979,0.748,0.921,6.674,6.711,6.887,6.921,6.913,6.687,6.091,2.302,2.315,2.375,2.387,2.384,2.306,2.101,43568.0,44232.0,43790.0,43640.0,44525.0,42264.0,38292.0,2.057,281.1,19.24,3.0,3.526,2.0,-1.0,13.58,0.046,0.223,3.0,2.0,0.0,0.0,24.58,24.35,23.78,24.55,24.43,25.58,24.41,24.85,24.24,40.6
2016-06-09 18:20:00-05:00,93.0238,76.379944,506013,28.45,0.0,66.02,24.68,344.7,276.4,275.2,272.9,20.23,21.68,21.45,343.7,79.01,60.16,14.48,1384530.0,345.9,27.16,5.0,0.0,0.0,0.0,0.0,0.0,0.0,0.0,0.0,24.38,23.99,87.6,18.95,21.04,19.17,60.0,59.9,74.7,0.0,275.0,274.0,275.5,14.62,-5.245,15.53,601.0,1375021.0,41226.0,126878.0,-0.941,0.979,0.748,0.921,6.516,6.516,6.768,6.778,6.686,6.556,5.996,2.246,2.246,2.332,2.336,2.304,2.259,2.066,43568.0,44232.0,43790.0,43640.0,44525.0,42264.0,38292.0,1.692,307.5,13.48,3.8,3.528,2.0,-1.0,13.58,0.032,0.223,3.0,2.0,0.0,0.0,24.56,24.3,23.65,24.37,24.35,25.48,24.28,24.72,24.15,40.5
2016-06-09 18:21:00-05:00,98.96402,77.0524,506014,28.4,0.0,63.47,24.56,345.4,276.5,275.3,272.9,19.59,21.07,20.83,344.6,76.86,60.22,13.96,1384530.0,346.9,26.48,5.0,0.0,0.0,0.0,0.0,0.0,0.0,0.0,0.0,24.31,23.85,90.2,18.4,20.48,18.62,60.0,59.9,74.7,0.0,275.0,274.2,275.7,14.11,-5.288,15.07,601.0,1375022.0,41226.0,126878.0,-0.936,0.979,0.748,0.921,6.283,6.247,6.523,6.55,6.423,6.324,5.801,2.17,2.157,2.253,2.262,2.218,2.184,2.003,43568.0,44232.0,43790.0,43640.0,44525.0,42264.0,38292.0,2.385,314.3,19.08,4.9,3.527,2.0,-1.0,13.57,0.027,0.223,3.0,2.0,0.0,0.0,24.45,24.2,23.62,24.35,24.27,25.43,24.2,24.73,24.05,40.43
2016-06-09 18:22:00-05:00,94.56826,73.24181,506015,28.35,0.0,60.37,24.47,346.4,276.4,275.5,273.1,18.5,20.03,19.76,345.7,74.19,60.14,13.07,1384530.0,348.1,25.65,5.0,0.0,0.0,0.0,0.0,0.0,0.0,0.0,0.0,24.23,23.77,85.7,17.52,19.55,17.77,60.0,59.9,74.7,0.0,275.0,274.6,276.0,13.26,-5.434,14.33,601.0,1375022.0,41226.0,126878.0,-0.925,0.979,0.748,0.921,5.893,5.886,6.155,6.143,6.014,5.947,5.487,2.041,2.038,2.131,2.127,2.083,2.059,1.9,43568.0,44232.0,43790.0,43640.0,44525.0,42264.0,38292.0,2.35,321.0,14.04,3.7,3.527,2.0,-1.0,13.57,0.025,0.223,3.0,2.0,0.0,0.0,24.34,24.09,23.54,24.27,24.19,25.35,24.14,24.68,23.98,40.43
2016-06-09 18:23:00-05:00,86.37076,67.638,506016,28.29,0.0,57.49,24.48,345.3,276.6,275.4,273.1,17.53,18.89,18.68,345.1,71.71,60.19,12.18,1384530.0,346.6,24.74,5.0,0.0,0.0,0.0,0.0,0.0,0.0,0.0,0.0,24.22,23.64,79.44,16.58,18.68,16.89,60.0,59.9,74.7,0.0,275.0,274.6,275.9,12.38,-5.539,13.57,601.0,1375022.0,41226.0,126878.0,-0.913,0.979,0.748,0.921,5.539,5.53,5.789,5.82,5.678,5.603,5.163,1.913,1.909,1.999,2.009,1.96,1.934,1.783,43568.0,44232.0,43790.0,43640.0,44525.0,42264.0,38292.0,1.733,304.9,12.45,2.9,3.528,2.0,-1.0,13.57,0.024,0.223,3.0,2.0,0.0,0.0,24.19,23.96,23.41,24.14,24.06,25.22,24.05,24.55,23.88,40.43
2016-06-09 18:24:00-05:00,82.68783,64.724014,506017,28.23,0.0,55.48,24.48,345.9,276.9,275.5,273.1,16.79,18.23,17.96,344.7,71.3,60.2,11.6,1384531.0,346.9,24.58,5.0,0.0,0.0,0.0,0.0,0.0,0.0,0.0,0.0,24.25,23.55,75.87,15.98,18.09,16.29,60.0,59.9,74.7,0.0,275.0,275.0,276.0,11.82,-5.587,13.08,601.0,1375022.0,41226.0,126878.0,-0.904,0.979,0.748,0.921,5.332,5.31,5.531,5.563,5.449,5.366,4.921,1.844,1.836,1.913,1.924,1.884,1.856,1.702,43568.0,44232.0,43790.0,43640.0,44525.0,42264.0,38292.0,2.53,285.2,20.32,4.7,3.527,2.0,-1.0,13.58,0.024,0.223,3.0,2.0,0.0,0.0,24.09,23.89,23.28,24.01,23.95,25.12,23.95,24.42,23.77,40.52
2016-06-09 18:25:00-05:00,77.698044,61.24965,506018,28.17,0.0,53.31,24.52,346.5,276.5,275.4,273.1,16.0,17.41,17.21,346.2,69.19,60.16,10.93,1384531.0,348.6,23.95,5.0,0.0,0.0,0.0,0.0,0.0,0.0,0.0,0.0,24.23,23.43,71.42,15.34,17.46,15.67,60.0,59.9,74.7,0.0,275.0,274.5,275.5,11.2,-5.66,12.55,601.0,1375022.0,41226.0,126878.0,-0.892,0.979,0.748,0.921,5.025,5.03,5.252,5.266,5.149,5.067,4.688,1.741,1.743,1.82,1.825,1.784,1.755,1.624,43568.0,44232.0,43790.0,43640.0,44525.0,42264.0,38292.0,2.308,286.8,10.63,4.2,3.528,2.0,-1.0,13.57,0.023,0.223,3.0,2.0,0.0,0.0,23.96,23.81,23.2,23.93,23.85,25.01,23.82,24.32,23.64,40.53
2016-06-09 18:26:00-05:00,59.520977,52.619785,506019,28.1,0.0,50.49,24.5,345.8,276.0,275.0,272.6,14.66,15.93,15.89,344.8,66.12,60.14,9.76,1384531.0,348.2,22.8,5.0,0.0,0.0,0.0,0.0,0.0,0.0,0.0,0.0,24.19,23.35,57.94,14.3,16.34,14.68,60.0,59.9,74.7,0.0,274.8,274.0,275.0,10.1,-5.823,11.66,601.0,1375023.0,41226.0,126878.0,-0.866,0.979,0.748,0.921,4.587,4.672,4.758,4.806,4.811,4.617,4.212,1.586,1.615,1.645,1.662,1.663,1.596,1.456,43568.0,44232.0,43790.0,43640.0,44525.0,42264.0,38292.0,2.185,298.4,15.27,3.7,3.528,2.0,-1.0,13.57,0.023,0.223,3.0,2.0,0.0,0.0,23.85,23.76,23.09,23.79,23.7,24.89,23.67,24.16,23.51,40.58
2016-06-09 18:27:00-05:00,86.48956,61.810036,506020,28.04,0.0,51.02,24.23,345.8,276.3,275.1,272.7,15.54,16.87,16.68,345.0,68.19,60.22,10.49,1384531.0,347.1,23.53,5.0,0.0,0.0,0.0,0.0,0.0,0.0,0.0,0.0,23.92,23.18,69.31,14.88,17.02,15.26,60.0,59.9,74.7,0.0,275.0,274.0,275.0,10.76,-5.669,12.16,601.0,1375023.0,41227.0,126878.0,-0.884,0.979,0.748,0.921,4.901,4.852,5.115,5.111,4.947,4.985,4.53,1.694,1.678,1.768,1.767,1.71,1.723,1.566,43568.0,44232.0,43790.0,43640.0,44525.0,42264.0,38292.0,2.323,311.6,6.612,3.5,3.528,2.0,-1.0,13.58,0.023,0.223,3.0,2.0,0.0,0.0,23.7,23.62,22.96,23.64,23.59,24.8,23.54,24.06,23.46,40.63
2016-06-09 18:28:00-05:00,67.24326,54.076775,506021,27.97,0.0,49.7,24.28,346.5,276.5,275.0,272.7,14.6,15.99,15.83,345.7,66.34,60.13,9.75,1384531.0,348.1,22.94,5.0,0.0,0.0,0.0,0.0,0.0,0.0,0.0,0.0,23.99,23.11,57.66,14.25,16.32,14.65,60.0,59.9,74.7,0.0,275.0,274.0,275.2,10.09,-5.807,11.65,601.0,1375023.0,41227.0,126878.0,-0.867,0.979,0.748,0.921,4.59,4.618,4.763,4.808,4.756,4.605,4.234,1.59,1.6,1.65,1.666,1.648,1.596,1.467,43568.0,44232.0,43790.0,43640.0,44525.0,42264.0,38292.0,1.987,308.6,18.67,3.4,3.528,2.0,-1.0,13.57,0.022,0.223,3.0,2.0,0.0,0.0,23.61,23.56,22.86,23.54,23.48,24.69,23.46,23.96,23.4,40.73
2016-06-09 18:29:00-05:00,61.18424,51.162792,506022,27.9,0.0,48.9,24.38,346.1,276.3,275.1,272.9,14.35,15.49,15.24,345.6,64.81,60.13,9.38,1384532.0,348.5,22.4,5.0,0.0,0.0,0.0,0.0,0.0,0.0,0.0,0.0,24.1,23.04,53.45,13.89,16.0,14.36,60.0,59.9,74.7,0.0,275.0,274.0,275.5,9.76,-5.858,11.38,601.0,1375023.0,41227.0,126878.0,-0.857,0.979,0.748,0.921,4.437,4.512,4.613,4.611,4.605,4.449,4.093,1.536,1.562,1.597,1.596,1.594,1.54,1.417,43568.0,44232.0,43790.0,43640.0,44525.0,42264.0,38292.0,1.428,321.7,16.74,2.3,3.528,2.0,-1.0,13.57,0.022,0.223,3.0,2.0,0.0,0.0,23.51,23.46,22.71,23.44,23.33,24.65,23.28,23.85,23.33,40.8
2016-06-09 18:30:00-05:00,65.93642,52.619785,506023,27.84,0.0,49.37,24.33,346.1,276.4,275.1,272.8,14.47,15.8,15.72,345.6,66.3,60.14,9.63,1384532.0,347.2,22.91,5.0,0.0,0.0,0.0,0.0,0.0,0.0,0.0,0.0,24.01,22.91,52.86,14.09,16.21,14.53,60.0,59.9,74.7,0.0,275.0,274.0,275.3,9.97,-5.8,11.53,601.0,1375023.0,41227.0,126878.0,-0.864,0.979,0.748,0.921,4.533,4.567,4.692,4.746,4.687,4.559,4.157,1.569,1.581,1.624,1.643,1.622,1.578,1.439,43568.0,44232.0,43790.0,43640.0,44525.0,42264.0,38292.0,,0.0,0.0,,,2.0,-1.0,13.57,0.022,0.223,3.0,2.0,0.0,0.0,23.41,23.36,22.62,23.31,23.23,24.57,23.18,23.77,23.23,40.87
2016-06-09 18:31:00-05:00,65.10478,52.39563,506024,27.77,0.0,49.6,24.31,346.3,276.6,275.2,272.9,14.54,15.91,15.78,345.6,66.61,60.13,9.7,1384532.0,346.4,23.02,5.0,0.0,0.0,0.0,0.0,0.0,0.0,0.0,0.0,24.0,22.8,52.85,14.13,16.26,14.56,60.0,59.9,74.7,0.0,275.0,274.0,275.6,10.03,-5.786,11.58,601.0,1375023.0,41227.0,126878.0,-0.866,0.979,0.748,0.921,4.516,4.608,4.766,4.738,4.695,4.589,4.232,1.564,1.596,1.651,1.641,1.626,1.589,1.466,43568.0,44232.0,43790.0,43640.0,44525.0,42264.0,38292.0,1.13,293.9,18.56,2.1,3.527,2.0,-1.0,13.57,0.022,0.223,3.0,2.0,0.0,0.0,23.33,23.22,22.5,23.22,23.12,24.51,23.07,23.62,23.13,40.94
2016-06-09 18:32:00-05:00,64.62956,51.83525,506025,27.7,0.0,49.54,24.36,346.2,276.7,275.4,273.2,14.52,15.91,15.67,345.1,66.6,60.17,9.67,1384532.0,346.4,22.98,5.0,0.0,0.0,0.0,0.0,0.0,0.0,0.0,0.0,24.0,22.79,52.47,14.04,16.22,14.51,60.0,59.9,74.7,0.0,275.0,274.4,276.0,9.99,-5.758,11.53,601.0,1375024.0,41227.0,126878.0,-0.866,0.979,0.748,0.921,4.542,4.628,4.756,4.727,4.712,4.583,4.199,1.572,1.602,1.646,1.636,1.631,1.586,1.453,43568.0,44232.0,43790.0,43640.0,44525.0,42264.0,38292.0,1.805,280.0,9.05,3.9,3.528,2.0,-1.0,13.57,0.022,0.223,3.0,2.0,0.0,0.0,23.31,23.14,22.45,23.14,23.04,24.46,22.97,23.56,23.03,40.99
2016-06-09 18:33:00-05:00,74.490326,54.97338,506026,27.63,0.0,50.06,24.36,346.6,276.7,275.4,273.2,14.75,16.16,16.07,346.1,67.48,60.2,9.92,1384532.0,348.1,23.35,5.0,0.0,0.0,0.0,0.0,0.0,0.0,0.0,0.0,24.02,22.75,52.89,14.25,16.52,14.71,60.0,59.9,74.7,0.0,275.0,274.6,276.0,10.27,-5.672,11.73,601.0,1375024.0,41227.0,126878.0,-0.875,0.979,0.748,0.921,4.672,4.702,4.87,4.861,4.79,4.713,4.313,1.62,1.63,1.688,1.685,1.66,1.633,1.495,43568.0,44232.0,43790.0,43640.0,44525.0,42264.0,38292.0,1.683,289.1,15.77,3.4,3.528,2.0,-1.0,13.57,0.022,0.223,3.0,2.0,0.0,0.0,23.28,23.12,22.36,23.05,22.96,24.5,22.89,23.53,22.97,41.02
2016-06-09 18:34:00-05:00,100.38967,62.594566,506027,27.56,0.0,51.28,24.27,346.8,277.0,275.5,273.1,15.65,17.0,16.77,346.2,69.0,60.16,10.6,1384533.0,349.0,23.89,5.0,0.0,0.0,0.0,0.0,0.0,0.0,0.0,0.0,23.91,22.73,54.17,14.87,17.13,15.29,60.0,59.9,74.7,0.0,275.0,274.8,276.0,10.86,-5.596,12.22,601.0,1375024.0,41227.0,126878.0,-0.889,0.979,0.748,0.921,4.928,4.904,5.145,5.117,4.985,5.027,4.589,1.709,1.701,1.784,1.775,1.729,1.744,1.591,43568.0,44232.0,43790.0,43640.0,44525.0,42264.0,38292.0,1.772,301.3,11.77,2.5,3.528,2.0,-1.0,13.57,0.022,0.223,3.0,2.0,0.0,0.0,23.22,23.04,22.36,23.04,22.92,24.51,22.84,23.53,22.95,41.04
2016-06-09 18:35:00-05:00,104.78543,64.05156,506028,27.49,0.0,52.44,24.27,347.7,277.0,275.7,273.4,16.02,17.42,17.05,346.9,70.28,60.22,10.91,1384533.0,349.2,24.38,5.0,0.0,0.0,0.0,0.0,0.0,0.0,0.0,0.0,23.91,22.66,55.45,15.12,17.44,15.54,60.0,59.9,74.7,0.0,275.1,275.0,276.0,11.17,-5.504,12.45,601.0,1375024.0,41227.0,126878.0,-0.897,0.979,0.748,0.921,5.055,5.005,5.241,5.239,5.127,5.125,4.682,1.758,1.74,1.822,1.822,1.783,1.782,1.628,43568.0,44232.0,43790.0,43640.0,44525.0,42264.0,38292.0,1.628,289.8,7.349,2.1,3.53,2.0,-1.0,13.57,0.022,0.223,3.0,2.0,0.0,0.0,23.15,23.04,22.41,23.11,22.89,24.48,22.84,23.53,22.88,41.04
2016-06-09 18:36:00-05:00,96.82555,61.137573,506029,27.42,0.0,52.78,24.34,347.0,276.5,275.6,273.2,15.86,17.41,17.05,346.3,70.36,60.23,10.85,1384533.0,348.5,24.36,5.0,0.0,0.0,0.0,0.0,0.0,0.0,0.0,0.0,23.95,22.58,55.72,15.05,17.39,15.49,60.0,59.9,74.7,0.0,275.0,274.9,276.0,11.11,-5.476,12.39,601.0,1375024.0,41227.0,126878.0,-0.897,0.979,0.748,0.921,5.029,5.011,5.219,5.208,5.139,5.105,4.64,1.745,1.739,1.811,1.807,1.783,1.771,1.61,43568.0,44232.0,43790.0,43640.0,44525.0,42264.0,38292.0,1.265,293.4,9.86,1.7,3.53,2.0,-1.0,13.57,0.022,0.223,3.0,2.0,0.0,0.0,23.14,22.97,22.35,23.04,22.88,24.41,22.78,23.48,22.87,41.04
2016-06-09 18:37:00-05:00,89.816086,59.232285,506030,27.36,0.0,53.55,24.3,347.0,276.5,275.4,273.1,16.06,17.51,17.22,345.8,70.8,60.2,10.98,1384533.0,347.9,24.48,5.0,0.0,0.0,0.0,0.0,0.0,0.0,0.0,0.0,23.95,22.61,56.3,15.12,17.5,15.56,60.0,59.9,74.7,0.0,275.0,274.4,275.9,11.2,-5.446,12.46,601.0,1375024.0,41228.0,126878.0,-0.899,0.979,0.748,0.921,5.061,5.065,5.224,5.248,5.19,5.12,4.66,1.756,1.757,1.812,1.821,1.801,1.776,1.617,43568.0,44232.0,43790.0,43640.0,44525.0,42264.0,38292.0,1.782,283.3,11.35,2.2,3.53,2.0,-1.0,13.57,0.022,0.223,3.0,2.0,0.0,0.0,23.09,22.94,22.36,23.05,22.9,24.41,22.82,23.52,22.77,41.04
2016-06-09 18:38:00-05:00,74.37152,55.645844,506031,27.29,0.0,54.12,24.24,346.9,276.7,275.4,273.0,16.01,17.36,17.2,345.8,70.73,60.14,10.92,1384534.0,347.7,24.45,5.0,0.0,0.0,0.0,0.0,0.0,0.0,0.0,0.0,23.93,22.57,56.49,15.14,17.46,15.58,60.0,59.9,74.7,0.0,275.0,274.3,275.9,11.18,-5.482,12.46,601.0,1375025.0,41228.0,126878.0,-0.898,0.979,0.748,0.921,5.051,5.075,5.205,5.268,5.224,5.056,4.6,1.752,1.76,1.805,1.827,1.812,1.754,1.596,43568.0,44232.0,43790.0,43640.0,44525.0,42264.0,38292.0,,0.0,0.0,,,2.0,-1.0,13.57,0.022,0.223,3.0,2.0,0.0,0.0,23.07,22.91,22.35,23.02,22.85,24.41,22.83,23.52,22.77,41.04
2016-06-09 18:39:00-05:00,58.09533,50.826565,506032,27.22,0.0,52.65,24.14,346.9,276.9,275.5,273.1,15.38,16.7,16.51,345.7,68.38,60.2,10.37,1384534.0,348.0,23.64,5.0,0.0,0.0,0.0,0.0,0.0,0.0,0.0,0.0,23.8,22.58,54.67,14.58,16.91,15.06,60.0,59.9,74.7,0.0,275.0,274.8,276.0,10.66,-5.534,12.02,601.0,1375025.0,41228.0,126878.0,-0.888,0.979,0.748,0.921,4.827,4.922,4.984,5.009,5.026,4.837,4.397,1.675,1.707,1.729,1.738,1.743,1.678,1.525,43568.0,44232.0,43790.0,43640.0,44525.0,42264.0,38292.0,2.037,306.3,10.13,2.9,3.527,2.0,-1.0,13.57,0.022,0.223,3.0,2.0,0.0,0.0,23.13,22.84,22.36,22.95,22.83,24.35,22.79,23.46,22.77,41.05
2016-06-09 18:40:00-05:00,58.332935,49.48165,506033,27.15,0.0,51.11,23.95,347.0,276.9,275.7,273.3,14.66,16.03,16.03,345.7,67.47,60.19,9.85,1384534.0,347.2,23.32,5.0,0.0,0.0,0.0,0.0,0.0,0.0,0.0,0.0,23.63,22.57,52.94,14.13,16.45,14.63,60.0,59.9,74.7,0.0,275.0,275.0,276.0,10.23,-5.593,11.66,601.0,1375025.0,41228.0,126878.0,-0.877,0.979,0.748,0.921,4.603,4.701,4.804,4.821,4.826,4.652,4.214,1.598,1.631,1.667,1.673,1.675,1.614,1.462,43568.0,44232.0,43790.0,43640.0,44525.0,42264.0,38292.0,2.312,301.8,14.09,4.4,3.528,2.0,-1.0,13.57,0.022,0.223,3.0,2.0,0.0,0.0,23.13,22.9,22.27,22.93,22.76,24.32,22.76,23.41,22.77,41.09
2016-06-09 18:41:00-05:00,52.392715,47.015972,506034,27.08,0.0,49.44,23.94,346.8,276.9,275.7,273.4,14.19,15.56,15.46,346.1,66.4,60.19,9.44,1384534.0,348.0,22.98,5.0,0.0,0.0,0.0,0.0,0.0,0.0,0.0,0.0,23.62,22.5,51.16,13.67,16.01,14.22,60.0,59.9,74.7,0.0,275.1,275.0,276.0,9.77,-5.662,11.29,601.0,1375025.0,41228.0,126878.0,-0.865,0.979,0.748,0.921,4.472,4.55,4.596,4.637,4.663,4.45,4.021,1.551,1.578,1.594,1.608,1.617,1.543,1.394,43568.0,44232.0,43790.0,43640.0,44525.0,42264.0,38292.0,,0.0,0.0,,,2.0,-1.0,13.57,0.022,0.223,3.0,2.0,0.0,0.0,23.11,22.89,22.27,22.87,22.7,24.32,22.69,23.34,22.71,41.1
2016-06-09 18:42:00-05:00,52.74913,45.67106,506035,27.02,0.0,47.6,24.04,347.0,276.8,275.6,273.3,13.62,14.96,14.84,346.3,64.2,60.14,8.93,1384534.0,348.5,22.23,5.0,0.0,0.0,0.0,0.0,0.0,0.0,0.0,0.0,23.71,22.53,49.31,13.21,15.53,13.82,60.0,59.9,74.7,0.0,275.0,274.9,276.0,9.28,-5.731,10.91,601.0,1375025.0,41228.0,126878.0,-0.851,0.979,0.748,0.921,4.257,4.333,4.374,4.415,4.446,4.253,3.852,1.477,1.504,1.518,1.532,1.543,1.476,1.337,43568.0,44232.0,43790.0,43640.0,44525.0,42264.0,38292.0,1.937,293.5,13.41,3.4,3.528,2.0,-1.0,13.57,0.022,0.223,3.0,2.0,0.0,0.0,23.1,22.85,22.25,22.82,22.66,24.3,22.66,23.34,22.64,41.19
2016-06-09 18:43:00-05:00,49.42261,43.765762,506036,26.95,0.0,45.99,24.1,347.0,276.9,275.7,273.4,13.12,14.31,14.3,346.3,63.67,60.13,8.46,1384535.0,347.9,22.05,5.0,0.0,0.0,0.0,0.0,0.0,0.0,0.0,0.0,23.73,22.45,47.68,12.76,15.1,13.41,60.0,59.9,74.7,0.0,275.1,275.0,276.0,8.82,-5.795,10.55,601.0,1375025.0,41228.0,126878.0,-0.836,0.979,0.748,0.921,4.062,4.154,4.215,4.257,4.239,4.061,3.711,1.409,1.441,1.462,1.477,1.471,1.409,1.288,43568.0,44232.0,43790.0,43640.0,44525.0,42264.0,38292.0,,0.0,0.0,,,2.0,-1.0,13.58,0.022,0.223,3.0,2.0,0.0,0.0,23.02,22.79,22.17,22.76,22.61,24.22,22.57,23.28,22.58,41.25
2016-06-09 18:44:00-05:00,48.11576,42.532925,506037,26.88,0.0,44.84,23.95,347.3,276.7,275.9,273.5,12.65,14.01,13.92,346.9,63.24,60.16,8.14,1384535.0,348.6,21.94,5.0,0.0,0.0,0.0,0.0,0.0,0.0,0.0,0.0,23.57,22.39,46.53,12.48,14.81,13.15,60.0,59.9,74.7,0.0,275.3,275.0,276.0,8.52,-5.848,10.33,601.0,1375026.0,41228.0,126878.0,-0.824,0.979,0.748,0.921,3.964,4.047,4.093,4.101,4.128,3.953,3.588,1.376,1.405,1.421,1.424,1.433,1.373,1.246,43568.0,44232.0,43790.0,43640.0,44525.0,42264.0,38292.0,2.193,303.3,8.78,3.0,3.53,2.0,-1.0,13.58,0.022,0.223,3.0,2.0,0.0,0.0,22.92,22.7,22.14,22.66,22.56,24.25,22.56,23.21,22.56,41.22
2016-06-09 18:45:00-05:00,56.432068,42.98123,506038,26.82,0.0,44.14,23.9,347.2,276.9,275.7,273.4,12.56,13.66,13.45,346.6,62.77,60.14,7.895,1384535.0,346.5,21.76,5.0,0.0,0.0,0.0,0.0,0.0,0.0,0.0,0.0,23.56,22.28,45.89,12.3,14.68,12.98,60.0,59.9,74.7,0.0,275.0,275.0,276.0,8.35,-5.839,10.19,601.0,1375026.0,41228.0,126878.0,-0.819,0.979,0.748,0.921,3.886,3.932,4.014,3.974,4.066,3.907,3.56,1.349,1.365,1.394,1.38,1.412,1.356,1.236,43568.0,44232.0,43790.0,43640.0,44525.0,42264.0,38292.0,1.303,292.9,15.62,1.7,3.53,2.0,-1.0,13.57,0.022,0.223,3.0,2.0,0.0,0.0,22.78,22.61,22.02,22.57,22.48,24.27,22.48,23.11,22.43,41.18
2016-06-09 18:46:00-05:00,67.36206,44.214066,506039,26.73,0.0,44.3,23.93,347.3,277.4,275.7,273.3,12.65,13.8,13.65,345.9,63.01,60.19,8.02,1384535.0,348.9,21.79,5.0,0.0,0.0,0.0,0.0,0.0,0.0,0.0,0.0,23.54,22.14,46.05,12.31,14.73,12.98,60.0,59.9,74.7,0.0,275.2,275.0,276.0,8.42,-5.785,10.21,601.0,1375026.0,41228.0,126878.0,-0.824,0.979,0.748,0.921,3.892,3.975,4.021,4.02,4.021,3.947,3.603,1.352,1.381,1.397,1.396,1.397,1.371,1.251,43568.0,44232.0,43790.0,43640.0,44525.0,42264.0,38292.0,,0.0,0.0,,,2.0,-1.0,13.57,0.022,0.223,3.0,2.0,0.0,0.0,22.69,22.51,21.97,22.56,22.38,24.14,22.35,23.03,22.37,41.15
2016-06-09 18:47:00-05:00,58.451736,42.196697,506040,26.65,0.0,43.58,23.92,347.5,277.1,275.9,273.5,12.43,13.42,13.37,346.3,62.32,60.14,7.781,1384535.0,349.6,21.58,5.0,0.0,0.0,0.0,0.0,0.0,0.0,0.0,0.0,23.56,22.09,45.42,12.16,14.58,12.84,60.0,59.9,74.7,0.0,275.7,275.0,276.0,8.23,-5.832,10.09,601.0,1375026.0,41228.0,126878.0,-0.816,0.979,0.748,0.921,3.825,3.877,3.929,3.953,3.968,3.854,3.461,1.329,1.347,1.365,1.374,1.379,1.339,1.203,43568.0,44232.0,43790.0,43640.0,44525.0,42264.0,38292.0,1.662,288.2,11.46,2.7,3.527,2.0,-1.0,13.58,0.021,0.223,3.0,2.0,0.0,0.0,22.62,22.41,21.83,22.44,22.32,24.04,22.23,22.95,22.3,41.15
2016-06-09 18:48:00-05:00,49.779022,39.95517,506041,26.59,0.0,42.7,23.94,347.9,277.0,276.0,273.7,11.99,13.31,13.2,347.3,60.96,60.14,7.579,1384536.0,348.9,21.17,5.0,0.0,0.0,0.0,0.0,0.0,0.0,0.0,0.0,23.56,22.0,44.59,11.91,14.37,12.62,60.0,59.9,74.7,0.0,275.8,275.0,276.0,7.988,-5.846,9.9,601.0,1375026.0,41229.0,126878.0,-0.807,0.979,0.748,0.921,3.704,3.8,3.848,3.835,3.904,3.75,3.397,1.289,1.322,1.339,1.334,1.358,1.305,1.182,43568.0,44232.0,43790.0,43640.0,44525.0,42264.0,38292.0,1.262,291.8,9.87,1.8,3.528,2.0,-1.0,13.57,0.021,0.223,3.0,2.0,0.0,0.0,22.49,22.35,21.78,22.36,22.23,23.93,22.14,22.85,22.27,41.15
2016-06-09 18:49:00-05:00,45.264458,38.946484,506042,26.52,0.0,42.51,23.95,347.9,276.9,276.1,273.8,11.93,13.28,13.19,346.9,60.71,60.15,7.554,1384536.0,349.5,21.06,5.0,0.0,0.0,0.0,0.0,0.0,0.0,0.0,0.0,23.55,21.95,44.29,11.81,14.29,12.57,60.0,59.9,74.7,0.0,276.0,275.0,276.0,7.918,-5.841,9.84,601.0,1375026.0,41229.0,126878.0,-0.805,0.979,0.748,0.921,3.683,3.762,3.801,3.797,3.874,3.712,3.362,1.281,1.309,1.322,1.321,1.347,1.291,1.169,43568.0,44232.0,43790.0,43640.0,44525.0,42264.0,38292.0,1.89,283.5,17.19,2.9,3.528,2.0,-1.0,13.57,0.021,0.223,3.0,2.0,0.0,0.0,22.4,22.28,21.73,22.28,22.17,24.01,22.07,22.8,22.2,41.15
2016-06-09 18:50:00-05:00,52.74913,40.067245,506043,26.45,0.0,42.52,23.96,347.9,277.5,276.2,273.9,12.14,13.31,13.26,346.6,61.16,60.14,7.65,1384536.0,349.4,21.2,5.0,0.0,0.0,0.0,0.0,0.0,0.0,0.0,0.0,23.6,21.9,44.29,11.87,14.37,12.6,60.0,59.9,74.7,0.0,276.0,275.1,277.0,7.982,-5.84,9.89,601.0,1375026.0,41229.0,126878.0,-0.807,0.979,0.748,0.921,3.723,3.832,3.847,3.851,3.887,3.808,3.408,1.295,1.333,1.338,1.34,1.352,1.325,1.186,43568.0,44232.0,43790.0,43640.0,44525.0,42264.0,38292.0,1.17,292.5,10.16,1.5,3.53,2.0,-1.0,13.57,0.021,0.223,3.0,2.0,0.0,0.0,22.36,22.23,21.68,22.25,22.12,23.94,22.04,22.76,22.14,41.15
2016-06-09 18:51:00-05:00,58.926956,40.739704,506044,26.39,0.0,42.19,23.97,348.1,277.3,276.3,273.9,11.9,13.22,13.11,347.4,60.75,60.14,7.512,1384536.0,349.3,21.1,5.0,0.0,0.0,0.0,0.0,0.0,0.0,0.0,0.0,23.61,21.93,43.88,11.77,14.27,12.53,60.0,59.9,74.7,0.0,276.0,275.0,276.9,7.888,-5.834,9.81,601.0,1375027.0,41229.0,126878.0,-0.804,0.979,0.748,0.921,3.681,3.753,3.814,3.826,3.807,3.762,3.373,1.281,1.306,1.328,1.332,1.325,1.309,1.174,43568.0,44232.0,43790.0,43640.0,44525.0,42264.0,38292.0,,0.0,0.0,,,2.0,-1.0,13.57,0.021,0.223,3.0,2.0,0.0,0.0,22.36,22.17,21.62,22.17,22.07,23.86,21.97,22.7,22.1,41.15
2016-06-09 18:52:00-05:00,44.076412,37.153267,506045,26.32,0.0,40.76,23.9,348.4,277.3,276.3,274.0,11.46,12.58,12.46,347.7,59.87,60.14,7.029,1384536.0,349.5,20.82,5.0,0.0,0.0,0.0,0.0,0.0,0.0,0.0,0.0,23.55,21.81,42.43,11.37,13.93,12.19,60.0,59.9,74.7,0.0,276.0,275.0,276.9,7.48,-5.849,9.5,601.0,1375027.0,41229.0,126878.0,-0.787,0.979,0.748,0.921,3.502,3.607,3.625,3.641,3.636,3.552,3.194,1.22,1.256,1.263,1.268,1.267,1.237,1.113,43568.0,44232.0,43790.0,43640.0,44525.0,42264.0,38292.0,2.052,294.7,9.41,2.7,3.528,2.0,-1.0,13.58,0.021,0.223,3.0,2.0,0.0,0.0,22.33,22.09,21.58,22.1,21.97,23.81,21.89,22.64,22.03,41.15
2016-06-09 18:53:00-05:00,33.859238,34.015133,506046,26.25,0.0,38.97,23.91,348.5,277.3,276.2,273.8,10.81,12.03,11.87,347.5,59.19,60.14,6.524,1384536.0,349.7,20.57,5.0,0.0,0.0,0.0,0.0,0.0,0.0,0.0,0.0,23.54,21.84,40.58,10.93,13.45,11.84,60.0,59.9,74.7,0.0,276.0,275.0,276.3,6.954,-5.927,9.14,601.0,1375027.0,41229.0,126878.0,-0.761,0.979,0.748,0.921,3.297,3.36,3.372,3.41,3.444,3.295,2.959,1.149,1.171,1.175,1.189,1.2,1.148,1.031,43568.0,44232.0,43790.0,43640.0,44525.0,42264.0,38292.0,,0.0,0.0,,,2.0,-1.0,13.58,0.022,0.223,3.0,2.0,0.0,0.0,22.35,22.07,21.49,22.06,21.97,23.78,21.83,22.56,21.97,41.15
2016-06-09 18:54:00-05:00,30.88913,32.446064,506047,26.19,0.0,37.62,23.89,348.3,277.6,276.2,273.9,10.33,11.36,11.35,347.4,57.33,60.15,6.059,1384536.0,349.9,19.91,5.0,0.0,0.0,0.0,0.0,0.0,0.0,0.0,0.0,23.5,21.91,39.14,10.58,13.15,11.55,60.0,59.9,74.7,0.0,276.0,275.0,276.7,6.579,-5.945,8.87,601.0,1375027.0,41229.0,126878.0,-0.742,0.979,0.748,0.921,3.12,3.214,3.249,3.235,3.289,3.149,2.855,1.087,1.119,1.132,1.127,1.145,1.097,0.994,43568.0,44232.0,43790.0,43640.0,44525.0,42264.0,38292.0,2.243,289.2,15.96,2.8,3.526,2.0,-1.0,13.59,0.085,0.222,3.0,2.0,0.0,0.0,22.35,22.07,21.49,22.03,21.92,23.84,21.78,22.56,21.9,41.15
2016-06-09 18:55:00-05:00,30.295109,31.549454,506048,26.12,0.0,36.5,23.82,348.6,277.4,276.3,274.0,10.3,11.2,11.22,347.8,56.33,60.15,5.971,1384537.0,350.0,19.59,5.0,0.0,0.0,0.0,0.0,0.0,0.0,0.0,0.0,23.44,21.81,37.85,10.37,12.94,11.36,60.0,59.9,74.7,0.0,276.0,275.1,276.9,6.288,-5.994,8.69,601.0,1375027.0,41229.0,126878.0,-0.724,0.979,0.748,0.921,3.005,3.098,3.106,3.12,3.158,3.014,2.725,1.047,1.08,1.083,1.088,1.101,1.051,0.95,43568.0,44232.0,43790.0,43640.0,44525.0,42264.0,38292.0,2.0,289.6,13.87,2.8,3.53,2.0,-1.0,13.61,0.044,0.222,3.0,2.0,0.0,0.0,22.28,22.05,21.42,21.99,21.88,23.84,21.78,22.51,21.8,41.15
2016-06-09 18:56:00-05:00,30.65152,30.092464,506049,26.06,0.0,34.43,23.78,348.9,277.3,276.3,274.0,9.49,10.28,10.3,347.7,55.57,60.14,5.225,1384537.0,349.8,19.32,5.0,0.0,0.0,0.0,0.0,0.0,0.0,0.0,0.0,23.38,21.71,35.66,9.96,12.51,11.01,60.0,59.9,74.7,0.0,276.0,275.1,276.7,5.735,-6.04,8.33,601.0,1375027.0,41229.0,126878.0,-0.688,0.979,0.748,0.921,2.751,2.84,2.877,2.876,2.888,2.771,2.519,0.96,0.991,1.004,1.004,1.008,0.967,0.879,43568.0,44232.0,43790.0,43640.0,44525.0,42264.0,38292.0,1.713,303.7,9.69,2.7,3.53,2.0,-1.0,13.61,0.034,0.222,3.0,2.0,0.0,0.0,22.22,21.94,21.39,21.91,21.79,23.74,21.79,22.45,21.8,41.15
2016-06-09 18:57:00-05:00,25.305326,27.402634,506050,25.99,0.0,31.99,23.74,354.4,277.2,276.5,274.2,7.541,8.29,8.47,352.6,45.22,60.22,4.093,1384537.0,354.5,15.73,4.85,0.0,0.0,0.0,0.0,0.0,0.0,0.0,0.0,23.41,21.75,33.22,9.79,11.96,10.76,60.0,59.9,74.7,0.0,276.0,275.5,277.0,4.296,-6.496,8.07,601.0,1375027.0,41229.0,126878.0,-0.539,0.979,0.748,0.921,2.054,2.158,2.184,2.19,2.207,2.082,1.921,0.716,0.754,0.763,0.765,0.771,0.726,0.671,43568.0,44232.0,43790.0,43640.0,44525.0,42264.0,38292.0,2.05,288.3,8.45,3.1,3.528,2.0,-1.0,13.61,0.029,0.222,3.0,2.0,0.0,0.0,22.25,21.86,21.36,21.87,21.78,23.66,21.65,22.36,21.72,41.13
2016-06-09 18:58:00-05:00,24.117285,25.72149,506051,25.93,0.0,30.28,23.82,363.8,277.6,276.3,274.1,4.479,4.532,4.569,363.4,26.9,60.2,2.153,1384537.0,364.7,9.38,4.517,0.0,0.0,0.0,0.0,0.0,0.0,0.0,0.0,23.44,21.68,31.47,10.38,11.68,10.96,60.0,59.9,74.7,0.0,276.0,275.3,277.0,2.191,-7.538,8.3,601.0,1375027.0,41230.0,126878.0,-0.279,0.979,0.748,0.921,1.115,1.246,1.3,1.264,1.306,1.17,1.121,0.387,0.435,0.455,0.441,0.457,0.407,0.392,43568.0,44232.0,43790.0,43640.0,44525.0,42264.0,38292.0,2.695,281.1,13.38,3.4,3.53,2.0,-1.0,13.61,0.027,0.222,3.0,2.0,0.0,0.0,22.23,21.82,21.37,21.85,21.73,23.68,21.58,22.36,21.66,41.07
2016-06-09 18:59:00-05:00,27.324999,25.273188,506052,25.87,0.0,29.1,23.87,360.9,277.1,276.2,273.9,4.853,4.98,5.105,360.3,30.06,60.16,2.317,1384537.0,363.1,10.44,4.583,0.0,0.0,0.0,0.0,0.0,0.0,0.0,0.0,23.49,21.64,30.39,10.29,11.62,10.9,60.0,59.9,74.7,0.0,276.0,275.0,276.5,2.337,-7.438,8.19,601.0,1375027.0,41230.0,126878.0,-0.302,0.979,0.748,0.921,1.256,1.36,1.399,1.412,1.393,1.301,1.22,0.437,0.475,0.489,0.493,0.486,0.453,0.426,43568.0,44232.0,43790.0,43640.0,44525.0,42264.0,38292.0,,0.0,0.0,,,2.0,-1.0,13.61,0.026,0.222,3.0,2.0,0.0,0.0,22.11,21.76,21.3,21.87,21.79,23.62,21.59,22.32,21.61,41.02
2016-06-09 19:00:00-05:00,27.681414,24.712805,506053,25.81,0.0,28.47,23.8,359.4,277.5,276.2,273.8,4.949,5.619,5.719,358.3,32.81,60.14,2.485,1384537.0,360.7,11.4,4.65,0.0,0.0,0.0,0.0,0.0,0.0,0.0,0.0,23.42,21.59,29.7,10.14,11.59,10.82,60.0,59.9,74.7,0.0,276.0,275.2,276.8,2.56,-7.319,8.1,601.0,1375027.0,41230.0,126878.0,-0.332,0.979,0.748,0.921,1.351,1.432,1.446,1.45,1.48,1.384,1.286,0.47,0.5,0.506,0.507,0.517,0.482,0.449,43568.0,44232.0,43790.0,43640.0,44525.0,42264.0,38292.0,,0.0,0.0,,,2.0,-1.0,13.61,0.025,0.222,3.0,2.0,0.0,0.0,22.03,21.67,21.27,21.81,21.74,23.6,21.45,22.29,21.61,40.97
2016-06-09 19:01:00-05:00,22.454021,22.919584,506054,25.75,0.0,27.56,23.79,359.2,277.4,276.4,273.9,4.727,5.51,5.664,358.5,31.69,60.15,2.377,1384537.0,359.7,11.03,4.65,0.0,0.0,0.0,0.0,0.0,0.0,0.0,0.0,23.38,21.52,28.88,10.05,11.44,10.76,60.0,59.9,74.7,0.0,276.0,275.3,276.8,2.419,-7.304,8.01,601.0,1375027.0,41230.0,126878.0,-0.319,0.979,0.748,0.921,1.273,1.38,1.375,1.379,1.416,1.306,1.195,0.443,0.482,0.481,0.482,0.495,0.455,0.417,43568.0,44232.0,43790.0,43640.0,44525.0,42264.0,38292.0,,0.0,0.0,,,2.0,-1.0,13.61,0.025,0.222,3.0,2.0,0.0,0.0,21.98,21.6,21.15,21.7,21.63,23.68,21.44,22.19,21.53,40.87
2016-06-09 19:02:00-05:00,28.98826,23.928272,506055,25.68,0.0,27.45,23.65,359.9,277.4,276.4,273.9,4.606,5.173,5.518,359.1,30.62,60.15,2.261,1384537.0,361.2,10.67,4.633,0.0,0.0,0.0,0.0,0.0,0.0,0.0,0.0,23.26,21.5,28.77,10.09,11.45,10.8,60.0,59.9,74.7,0.0,276.0,275.4,276.6,2.322,-7.358,8.03,601.0,1375027.0,41230.0,126878.0,-0.306,0.979,0.748,0.921,1.246,1.314,1.38,1.357,1.341,1.296,1.186,0.434,0.459,0.483,0.474,0.469,0.452,0.414,43568.0,44232.0,43790.0,43640.0,44525.0,42264.0,38292.0,1.627,302.7,27.95,4.0,3.53,2.0,-1.0,13.61,0.025,0.222,3.0,2.0,0.0,0.0,22.0,21.59,21.1,21.69,21.59,23.64,21.48,22.18,21.51,40.81
2016-06-09 19:03:00-05:00,33.265217,24.712805,506056,25.63,0.0,27.78,23.69,361.9,277.8,276.7,274.2,4.325,5.007,5.078,360.6,28.19,60.12,2.179,1384537.0,361.8,9.81,4.583,0.0,0.0,0.0,0.0,0.0,0.0,0.0,0.0,23.3,21.35,29.24,10.27,11.5,10.86,60.0,59.9,74.7,0.0,276.0,276.0,277.0,2.211,-7.487,8.15,601.0,1375027.0,41230.0,126878.0,-0.287,0.979,0.748,0.921,1.148,1.185,1.269,1.241,1.26,1.175,1.093,0.399,0.413,0.444,0.433,0.44,0.409,0.382,43568.0,44232.0,43790.0,43640.0,44525.0,42264.0,38292.0,2.025,262.3,15.61,4.6,3.528,2.0,-1.0,13.61,0.024,0.222,3.0,2.0,0.0,0.0,21.88,21.47,21.07,21.61,21.51,23.48,21.35,22.05,21.44,40.71
2016-06-09 19:04:00-05:00,33.62163,24.600729,506057,25.56,0.0,27.77,23.75,363.5,277.7,276.6,274.1,3.813,4.368,4.519,362.5,24.89,60.15,1.911,1384537.0,365.2,8.66,4.517,0.0,0.0,0.0,0.0,0.0,0.0,0.0,0.0,23.39,21.41,29.2,10.43,11.52,10.93,60.0,59.9,74.7,0.0,276.0,276.0,277.0,1.891,-7.664,8.25,601.0,1375027.0,41230.0,126878.0,-0.246,0.979,0.748,0.921,1.034,1.076,1.163,1.143,1.123,1.057,1.007,0.36,0.376,0.408,0.4,0.393,0.368,0.352,43568.0,44232.0,43790.0,43640.0,44525.0,42264.0,38292.0,2.058,306.9,17.78,3.3,3.53,2.0,-1.0,13.61,0.024,0.222,3.0,2.0,0.0,0.0,21.87,21.5,21.09,21.53,21.5,23.35,21.34,22.05,21.52,40.66
2016-06-09 19:05:00-05:00,33.027607,24.264502,506058,25.51,0.0,27.42,23.64,363.6,277.9,276.7,274.2,3.757,4.259,4.464,362.7,24.81,60.15,1.85,1384537.0,364.8,8.64,4.517,0.0,0.0,0.0,0.0,0.0,0.0,0.0,0.0,23.24,21.38,28.95,10.41,11.51,10.91,60.0,59.9,74.7,0.0,276.1,276.0,277.0,1.837,-7.68,8.24,601.0,1375027.0,41230.0,126878.0,-0.24,0.979,0.748,0.921,1.016,1.065,1.138,1.099,1.105,1.046,0.987,0.354,0.372,0.399,0.385,0.387,0.365,0.346,43568.0,44232.0,43790.0,43640.0,44525.0,42264.0,38292.0,2.225,288.1,13.07,3.1,3.53,2.0,-1.0,13.61,0.024,0.222,3.0,2.0,0.0,0.0,21.87,21.5,21.07,21.53,21.5,23.33,21.35,22.02,21.49,40.59
2016-06-09 19:06:00-05:00,31.839567,24.264502,506059,25.45,0.0,28.0,23.67,360.8,277.5,276.1,273.6,4.446,5.153,5.252,360.5,28.83,60.14,2.243,1384537.0,361.9,10.05,4.6,0.0,0.0,0.0,0.0,0.0,0.0,0.0,0.0,23.3,21.31,29.63,10.36,11.57,10.94,60.0,59.9,74.7,0.0,276.0,275.1,276.1,2.263,-7.522,8.2,601.0,1375028.0,41231.0,126878.0,-0.291,0.979,0.748,0.921,1.233,1.305,1.393,1.365,1.353,1.321,1.204,0.429,0.456,0.488,0.477,0.473,0.461,0.422,43568.0,44232.0,43790.0,43640.0,44525.0,42264.0,38292.0,1.972,276.2,21.05,3.1,3.53,2.0,-1.0,13.61,0.024,0.222,3.0,2.0,0.0,0.0,21.77,21.38,21.01,21.46,21.43,23.25,21.22,21.95,21.42,40.46
2016-06-09 19:07:00-05:00,31.72076,24.600729,506060,25.39,0.0,28.76,23.59,359.6,277.6,276.1,273.6,5.282,5.619,5.719,358.4,31.37,60.2,2.575,1384538.0,361.0,10.89,4.667,0.0,0.0,0.0,0.0,0.0,0.0,0.0,0.0,23.21,21.46,30.45,10.31,11.65,10.9,60.0,59.9,74.7,0.0,276.0,275.0,276.2,2.679,-7.374,8.21,601.0,1375028.0,41231.0,126878.0,-0.339,0.979,0.748,0.921,1.379,1.468,1.536,1.495,1.484,1.466,1.313,0.48,0.512,0.537,0.522,0.517,0.511,0.458,43568.0,44232.0,43790.0,43640.0,44525.0,42264.0,38292.0,2.715,301.1,16.4,3.7,3.53,2.0,-1.0,13.61,0.023,0.222,3.0,2.0,0.0,0.0,21.84,21.43,21.01,21.46,21.5,23.22,21.25,21.95,21.42,40.35
2016-06-09 19:08:00-05:00,31.245544,25.16111,506061,25.34,0.0,29.28,23.52,360.6,277.4,276.2,273.7,5.299,5.555,5.572,359.6,31.05,60.13,2.574,1384538.0,361.8,10.81,4.633,0.0,0.0,0.0,0.0,0.0,0.0,0.0,0.0,23.17,21.49,31.01,10.34,11.68,10.92,60.0,59.9,74.7,0.0,276.0,275.0,276.0,2.704,-7.364,8.24,601.0,1375028.0,41231.0,126878.0,-0.341,0.979,0.748,0.921,1.381,1.476,1.539,1.497,1.483,1.48,1.3,0.481,0.516,0.539,0.524,0.518,0.517,0.454,43568.0,44232.0,43790.0,43640.0,44525.0,42264.0,38292.0,2.707,302.6,13.04,4.6,3.53,2.0,-1.0,13.61,0.023,0.222,3.0,2.0,0.0,0.0,21.9,21.5,21.01,21.5,21.46,23.25,21.3,21.96,21.42,40.28
2016-06-09 19:09:00-05:00,30.65152,25.16111,506062,25.28,0.0,29.6,23.41,359.6,277.2,276.1,273.7,5.587,5.674,5.742,358.9,32.33,60.15,2.68,1384538.0,360.9,11.24,4.65,0.0,0.0,0.0,0.0,0.0,0.0,0.0,0.0,23.07,21.51,31.28,10.27,11.69,10.89,60.0,59.9,74.7,0.0,276.0,275.0,276.0,2.828,-7.275,8.21,601.0,1375028.0,41231.0,126878.0,-0.358,0.979,0.748,0.921,1.429,1.523,1.603,1.566,1.558,1.506,1.371,0.497,0.531,0.56,0.546,0.543,0.524,0.478,43568.0,44232.0,43790.0,43640.0,44525.0,42264.0,38292.0,3.82,306.3,22.59,6.3,3.528,2.0,-1.0,13.61,0.023,0.222,3.0,2.0,0.0,0.0,21.97,21.5,21.01,21.5,21.48,23.33,21.3,21.98,21.5,40.28
2016-06-09 19:10:00-05:00,28.75065,24.264502,506063,25.22,0.0,28.82,23.51,362.9,277.3,276.3,273.9,4.593,4.916,4.986,361.6,27.59,60.14,2.249,1384538.0,362.7,9.61,4.55,0.0,0.0,0.0,0.0,0.0,0.0,0.0,0.0,23.21,21.62,30.48,10.33,11.6,10.93,60.0,59.9,74.7,0.0,276.0,275.0,276.4,2.292,-7.493,8.23,602.0,1375028.0,41231.0,126878.0,-0.293,0.979,0.748,0.921,1.131,1.236,1.286,1.276,1.268,1.224,1.108,0.393,0.432,0.45,0.446,0.443,0.426,0.388,43568.0,44232.0,43790.0,43640.0,44525.0,42264.0,38292.0,2.142,337.8,19.56,3.2,3.528,2.0,-1.0,13.61,0.023,0.222,3.0,2.0,0.0,0.0,22.03,21.56,21.05,21.5,21.5,23.35,21.36,22.0,21.62,40.28
2016-06-09 19:11:00-05:00,26.136957,22.80751,506064,25.17,0.0,27.6,23.55,363.7,277.4,276.3,273.9,3.785,4.341,4.519,362.7,24.9,60.21,1.89,1384538.0,365.1,8.68,4.517,0.0,0.0,0.0,0.0,0.0,0.0,0.0,0.0,23.16,21.6,29.21,10.34,11.52,10.89,60.0,59.9,74.7,0.0,276.0,275.1,276.6,1.873,-7.611,8.19,602.0,1375028.0,41231.0,126878.0,-0.247,0.979,0.748,0.921,0.986,1.1,1.169,1.127,1.126,1.08,1.006,0.343,0.385,0.41,0.395,0.394,0.377,0.352,43568.0,44232.0,43790.0,43640.0,44525.0,42264.0,38292.0,2.562,313.0,18.88,5.3,3.53,2.0,-1.0,13.61,0.023,0.222,3.0,2.0,0.0,0.0,22.06,21.5,21.01,21.5,21.46,23.39,21.36,21.97,21.62,40.28
2016-06-09 19:12:00-05:00,23.285654,21.238441,506065,25.12,0.0,26.27,23.48,362.9,277.4,276.2,273.8,3.722,3.74,4.328,361.8,24.67,60.21,1.649,1384538.0,364.5,8.58,4.517,0.0,0.0,0.0,0.0,0.0,0.0,0.0,0.0,23.13,21.56,27.85,10.25,11.42,10.89,60.0,59.9,74.7,0.0,276.0,275.0,276.3,1.697,-7.641,8.13,602.0,1375028.0,41231.0,126878.0,-0.228,0.979,0.748,0.921,0.915,1.01,1.098,1.052,1.051,0.965,0.931,0.318,0.353,0.385,0.368,0.368,0.336,0.326,43568.0,44232.0,43790.0,43640.0,44525.0,42264.0,38292.0,2.298,303.0,12.59,3.6,3.526,2.0,-1.0,13.61,0.023,0.222,3.0,2.0,0.0,0.0,22.07,21.5,21.01,21.5,21.43,23.39,21.33,21.95,21.6,40.18
2016-06-09 19:13:00-05:00,20.79076,19.557299,506066,25.06,0.0,24.95,23.53,360.1,277.6,276.2,273.8,4.086,4.042,4.222,359.4,26.66,60.18,1.647,1384538.0,361.5,9.25,4.583,0.0,0.0,0.0,0.0,0.0,0.0,0.0,0.0,23.15,21.46,26.44,10.1,11.36,10.83,60.0,59.9,74.7,0.0,276.0,275.0,276.2,1.709,-7.559,8.0,602.0,1375028.0,41231.0,126878.0,-0.233,0.979,0.748,0.921,0.99,1.061,1.091,1.115,1.087,1.038,0.969,0.344,0.37,0.381,0.389,0.379,0.361,0.339,43568.0,44232.0,43790.0,43640.0,44525.0,42264.0,38292.0,2.197,289.5,7.997,2.7,3.53,2.0,-1.0,13.61,0.023,0.222,3.0,2.0,0.0,0.0,22.01,21.4,20.93,21.38,21.4,23.31,21.23,21.89,21.45,40.18
2016-06-09 19:14:00-05:00,17.820652,17.876158,506067,25.01,0.0,23.55,23.45,357.0,277.6,276.1,273.7,4.254,4.448,4.466,355.8,28.46,60.15,1.665,1384538.0,358.7,9.82,4.633,0.0,0.0,0.0,0.0,0.0,0.0,0.0,0.0,23.08,21.41,24.97,9.86,11.21,10.72,60.0,59.9,74.7,0.0,276.0,275.0,276.3,1.658,-7.475,7.845,602.0,1375028.0,41232.0,126878.0,-0.229,0.979,0.748,0.921,0.954,1.02,1.072,1.092,1.085,1.007,0.935,0.33,0.354,0.373,0.379,0.377,0.349,0.325,43568.0,44232.0,43790.0,43640.0,44525.0,42264.0,38292.0,2.295,303.3,12.08,3.4,3.53,2.0,-1.0,13.61,0.023,0.222,3.0,2.0,0.0,0.0,21.87,21.4,20.88,21.36,21.34,23.29,21.22,21.9,21.42,40.18
2016-06-09 19:15:00-05:00,13.662499,16.082937,506068,24.95,0.0,22.19,23.45,352.0,277.5,276.2,273.9,3.762,4.205,4.466,351.3,28.42,60.15,1.46,1384538.0,353.0,9.62,4.633,0.0,0.0,0.0,0.0,0.0,0.0,0.0,0.0,23.06,21.34,23.51,9.77,11.16,10.69,60.0,59.9,74.7,0.0,276.0,275.0,276.8,1.54,-7.463,7.792,602.0,1375028.0,41232.0,126878.0,-0.216,0.979,0.748,0.921,0.866,0.973,1.055,1.065,1.036,0.962,0.893,0.291,0.33,0.359,0.362,0.352,0.326,0.303,43568.0,44232.0,43790.0,43640.0,44525.0,42264.0,38292.0,1.885,321.2,12.36,2.7,3.53,2.0,-1.0,13.61,0.023,0.222,3.0,2.0,0.0,0.0,21.83,21.32,20.76,21.32,21.3,23.18,21.1,21.75,21.32,40.18
2016-06-09 19:16:00-05:00,9.741957,14.177641,506069,24.87,0.0,20.85,23.29,349.9,277.4,276.4,274.0,3.672,4.047,4.516,348.8,28.71,60.14,1.353,1384538.0,351.3,9.65,4.65,0.0,0.0,0.0,0.0,0.0,0.0,0.0,0.0,22.93,21.26,22.08,9.67,11.09,10.69,60.0,59.9,74.7,0.0,276.0,275.2,276.9,1.471,-7.433,7.73,602.0,1375028.0,41232.0,126878.0,-0.208,0.979,0.748,0.921,0.85,0.981,1.076,0.967,0.958,0.902,0.882,0.285,0.331,0.364,0.326,0.323,0.303,0.298,43568.0,44232.0,43790.0,43640.0,44525.0,42264.0,38292.0,,0.0,0.0,,,2.0,-1.0,13.61,0.022,0.222,3.0,2.0,0.0,0.0,21.78,21.22,20.66,21.14,21.15,23.08,20.97,21.63,21.32,40.17
2016-06-09 19:17:00-05:00,7.7222824,12.720651,506070,24.83,0.0,19.53,23.31,350.3,277.9,276.3,273.8,3.184,3.323,4.034,348.4,26.87,60.14,0.987,1384538.0,351.3,8.99,4.6,0.0,0.0,0.0,0.0,0.0,0.0,0.0,0.0,22.98,21.21,20.67,9.74,11.03,10.7,60.0,59.9,74.7,0.0,276.0,276.0,277.0,1.218,-7.516,7.744,602.0,1375028.0,41232.0,126878.0,-0.174,0.979,0.748,0.921,0.719,0.855,0.932,0.777,0.833,0.772,0.735,0.24,0.287,0.314,0.262,0.28,0.259,0.248,43568.0,44232.0,43790.0,43640.0,44525.0,42264.0,38292.0,2.117,292.3,11.78,3.5,3.53,2.0,-1.0,13.61,0.022,0.222,3.0,2.0,0.0,0.0,21.71,21.14,20.65,21.12,21.14,23.07,20.93,21.58,21.19,40.1
2016-06-09 19:18:00-05:00,6.2966304,11.487813,506071,24.8,0.0,18.13,23.35,352.1,277.8,276.4,274.0,2.667,2.61,2.798,351.0,21.86,60.14,0.614,1384538.0,353.1,7.3,4.517,0.0,0.0,0.0,0.0,0.0,0.0,0.0,0.0,22.97,21.2,19.23,9.93,11.07,10.8,60.0,59.9,74.7,0.0,276.0,276.0,277.0,0.777,-7.734,7.872,602.0,1375028.0,41232.0,126878.0,-0.115,0.979,0.748,0.921,0.561,0.695,0.746,0.598,0.644,0.594,0.57,0.187,0.233,0.251,0.202,0.217,0.198,0.192,43568.0,44232.0,43790.0,43640.0,44525.0,42264.0,38292.0,1.858,298.9,8.94,2.6,3.528,2.0,-1.0,13.61,0.022,0.222,3.0,2.0,0.0,0.0,21.68,21.12,20.57,21.15,21.06,23.03,20.86,21.52,21.06,40.11
2016-06-09 19:19:00-05:00,4.870979,10.030821,506072,24.74,0.0,16.76,23.33,350.7,277.8,276.4,273.9,2.667,2.61,2.624,350.0,21.15,60.14,0.562,1384538.0,351.5,7.064,4.517,0.0,0.0,0.0,0.0,0.0,0.0,0.0,0.0,22.98,21.14,17.76,9.93,11.07,10.83,60.0,59.9,74.7,0.0,276.0,275.8,276.7,0.647,-7.768,7.873,602.0,1375028.0,41232.0,126878.0,-0.097,0.979,0.748,0.921,0.492,0.601,0.693,0.55,0.562,0.504,0.512,0.163,0.201,0.233,0.185,0.189,0.168,0.172,43568.0,44232.0,43790.0,43640.0,44525.0,42264.0,38292.0,,0.0,0.0,,,2.0,-1.0,13.61,0.022,0.222,3.0,2.0,0.0,0.0,21.66,21.07,20.58,21.02,21.01,23.05,20.75,21.45,20.97,40.09
2016-06-09 19:20:00-05:00,3.3265219,8.797983,506073,24.69,0.0,15.49,23.3,346.8,277.8,276.4,273.8,3.011,2.947,2.963,346.2,23.61,60.14,0.637,1384538.0,348.4,7.853,4.6,0.0,0.0,0.0,0.0,0.0,0.0,0.0,0.0,22.91,20.99,16.4,9.76,11.02,10.84,60.0,59.9,74.7,0.0,276.0,276.0,277.0,0.589,-7.688,7.762,602.0,1375028.0,41232.0,126878.0,-0.088,0.979,0.748,0.921,0.522,0.589,0.665,0.557,0.618,0.558,0.557,0.173,0.197,0.223,0.187,0.207,0.186,0.187,43568.0,44232.0,43790.0,43640.0,44525.0,42264.0,38292.0,2.142,299.8,15.52,2.7,3.528,2.0,-1.0,13.61,0.022,0.222,3.0,2.0,0.0,0.0,21.5,20.91,20.46,20.92,20.9,22.97,20.72,21.36,20.93,40.0
2016-06-09 19:21:00-05:00,2.1384785,7.565144,506074,24.64,0.0,14.36,23.27,344.3,277.7,276.5,274.0,3.356,3.283,3.302,343.3,26.29,60.15,0.709,1384538.0,345.6,8.74,4.65,0.0,0.0,0.0,0.0,0.0,0.0,0.0,0.0,22.89,20.8,15.21,9.52,10.88,10.71,60.0,59.9,74.7,0.0,276.0,276.0,276.8,0.521,-7.565,7.618,602.0,1375028.0,41232.0,126878.0,-0.078,0.979,0.748,0.921,0.495,0.605,0.663,0.613,0.651,0.557,0.574,0.164,0.202,0.222,0.205,0.217,0.185,0.192,43568.0,44232.0,43790.0,43640.0,44525.0,42264.0,38292.0,,0.0,0.0,,,2.0,-1.0,13.61,0.022,0.222,3.0,2.0,0.0,0.0,21.31,20.7,20.29,20.75,20.8,23.12,20.52,21.18,20.8,39.99
2016-06-09 19:22:00-05:00,1.425652,6.556459,506075,24.58,0.0,13.46,23.24,343.8,276.1,274.9,272.5,3.27,3.283,3.302,342.5,25.95,60.2,0.672,1384538.0,345.3,8.61,4.65,0.0,0.0,0.0,0.0,0.0,0.0,0.0,0.0,22.88,20.87,14.2,9.44,10.84,10.76,60.0,59.9,74.7,0.0,274.3,274.3,275.3,0.346,-7.503,7.533,602.0,1375028.0,41233.0,126878.0,-0.054,0.979,0.748,0.921,0.469,0.473,0.502,0.509,0.498,0.44,0.456,0.156,0.158,0.168,0.17,0.166,0.146,0.152,43568.0,44232.0,43790.0,43640.0,44525.0,42264.0,38292.0,,0.0,0.0,,,2.0,-1.0,13.61,0.022,0.222,3.0,2.0,0.0,0.0,21.29,20.8,20.23,20.71,20.72,23.1,20.53,21.21,20.64,39.92
2016-06-09 19:23:00-05:00,0.7128262,5.9960775,506076,24.53,0.0,12.66,23.11,343.0,273.4,272.3,269.9,3.184,3.283,3.302,342.2,25.7,60.14,0.634,1384538.0,343.8,8.54,4.65,0.0,0.0,0.0,0.0,0.0,0.0,0.0,0.0,22.75,20.72,13.32,9.44,10.78,10.79,60.0,59.9,74.7,0.0,272.0,271.5,272.6,0.211,-7.426,7.443,602.0,1375028.0,41233.0,126878.0,-0.035,0.979,0.748,0.921,0.38,0.475,0.49,0.462,0.548,0.435,0.439,0.126,0.158,0.164,0.154,0.183,0.145,0.147,43568.0,44232.0,43790.0,43640.0,44525.0,42264.0,38292.0,,0.0,0.0,,,2.0,-1.0,13.61,0.022,0.222,3.0,2.0,0.0,0.0,21.16,20.73,20.2,20.67,20.66,23.05,20.48,21.14,20.59,39.91
2016-06-09 19:24:00-05:00,-0.23760873,5.323621,506077,24.48,0.0,11.82,23.16,344.6,273.3,272.4,269.9,2.323,2.863,2.878,343.3,21.5,60.13,0.463,1384538.0,345.8,7.114,4.55,0.0,0.0,0.0,0.0,0.0,0.0,0.0,0.0,22.77,20.61,12.48,9.66,10.84,10.91,60.0,59.9,74.7,0.0,272.0,271.1,272.3,0.014,-7.583,7.592,602.0,1375028.0,41233.0,126878.0,-0.007,0.979,0.748,0.921,0.255,0.321,0.375,0.346,0.318,0.261,0.335,0.084,0.107,0.125,0.115,0.106,0.086,0.111,43568.0,44232.0,43790.0,43640.0,44525.0,42264.0,38292.0,1.74,289.9,21.89,2.6,3.53,2.0,-1.0,13.61,0.022,0.222,3.0,2.0,0.0,0.0,21.01,20.61,20.07,20.54,20.54,22.94,20.36,20.96,20.48,40.0
2016-06-09 19:25:00-05:00,-1.0692391,4.539087,506078,24.43,0.0,11.09,23.17,341.2,273.3,272.0,269.7,1.979,2.526,2.624,340.3,19.47,60.14,0.393,1384538.0,343.3,6.311,4.517,0.0,0.0,0.0,0.0,0.0,0.0,0.0,0.0,22.8,20.71,11.63,9.82,10.91,10.97,60.0,59.9,74.7,0.0,272.0,271.0,272.0,-0.068,-7.679,7.686,602.0,1375028.0,41233.0,126878.0,0.004,0.979,0.748,0.921,0.232,0.27,0.324,0.333,0.301,0.224,0.292,0.075,0.088,0.106,0.109,0.098,0.072,0.096,43568.0,44232.0,43790.0,43640.0,44525.0,42264.0,38292.0,,0.0,0.0,,,2.0,-1.0,13.61,0.022,0.221,3.0,2.0,0.0,0.0,21.08,20.62,20.04,20.46,20.48,22.92,20.32,20.98,20.37,39.92
2016-06-09 19:26:00-05:00,-1.7820649,3.7545533,506079,24.38,0.0,10.29,23.2,338.2,274.4,272.9,270.6,1.807,2.357,2.624,337.7,19.48,60.15,0.364,1384539.0,338.9,6.255,4.533,0.0,0.0,0.0,0.0,0.0,0.0,0.0,0.0,22.83,20.53,10.79,9.88,10.96,11.0,60.0,59.9,74.7,0.0,272.8,271.9,273.2,-0.087,-7.734,7.741,602.0,1375028.0,41233.0,126878.0,0.007,0.979,0.748,0.921,0.249,0.284,0.317,0.321,0.309,0.254,0.279,0.079,0.092,0.103,0.104,0.1,0.082,0.09,43568.0,44232.0,43790.0,43640.0,44525.0,42264.0,38292.0,,0.0,0.0,,,2.0,-1.0,13.61,0.022,0.222,3.0,2.0,0.0,0.0,20.92,20.57,19.99,20.44,20.42,22.85,20.23,20.95,20.32,39.89
2016-06-09 19:27:00-05:00,-2.7324998,3.0820959,506080,24.32,0.0,9.64,23.14,333.7,274.5,273.2,270.9,1.721,2.442,2.963,333.0,23.02,60.18,0.347,1384539.0,334.0,7.372,4.617,0.0,0.0,0.0,0.0,0.0,0.0,0.0,0.0,22.75,20.44,10.01,9.65,10.87,10.97,60.0,59.9,74.7,0.0,273.0,272.2,273.6,-0.09,-7.629,7.635,602.0,1375028.0,41233.0,126878.0,0.008,0.979,0.748,0.921,0.283,0.314,0.334,0.333,0.338,0.286,0.296,0.09,0.101,0.108,0.107,0.108,0.091,0.096,43568.0,44232.0,43790.0,43640.0,44525.0,42264.0,38292.0,,0.0,0.0,,,2.0,-1.0,13.61,0.022,0.222,3.0,2.0,0.0,0.0,20.8,20.46,19.88,20.3,20.28,22.69,20.07,20.74,20.2,39.87
2016-06-09 19:28:00-05:00,-3.5641303,2.2975626,506081,24.28,0.0,8.97,23.13,330.2,274.7,273.1,270.7,1.979,2.778,3.302,329.0,24.02,60.22,0.399,1384539.0,331.9,7.614,4.65,0.0,0.0,0.0,0.0,0.0,0.0,0.0,0.0,22.72,20.44,9.3,9.44,10.8,10.92,60.0,59.9,74.7,0.0,273.0,272.0,273.7,-0.093,-7.507,7.512,602.0,1375028.0,41233.0,126878.0,0.009,0.979,0.748,0.921,0.284,0.319,0.331,0.341,0.341,0.297,0.292,0.09,0.102,0.106,0.109,0.109,0.094,0.093,43568.0,44232.0,43790.0,43640.0,44525.0,42264.0,38292.0,2.718,296.8,8.51,4.0,3.53,2.0,-1.0,13.61,0.022,0.221,3.0,2.0,0.0,0.0,20.84,20.43,19.75,20.23,20.17,22.64,19.99,20.66,20.14,39.81
2016-06-09 19:29:00-05:00,-4.1581516,1.7371811,506082,24.23,0.0,8.48,23.06,323.6,274.4,273.1,270.7,2.839,3.115,3.302,321.1,24.18,60.15,0.573,1384539.0,324.1,7.495,4.65,0.0,0.0,0.0,0.0,0.0,0.0,0.0,0.0,22.64,20.3,8.72,9.41,10.78,10.86,60.0,59.9,74.7,0.0,273.0,272.0,273.2,-0.014,-7.47,7.475,602.0,1375028.0,41233.0,126878.0,-0.002,0.979,0.748,0.921,0.319,0.342,0.407,0.387,0.35,0.331,0.33,0.099,0.106,0.128,0.121,0.109,0.103,0.103,43568.0,44232.0,43790.0,43640.0,44525.0,42264.0,38292.0,1.93,297.2,11.89,4.0,3.53,2.0,-1.0,13.61,0.022,0.221,3.0,2.0,0.0,0.0,20.74,20.3,19.68,20.13,20.07,22.54,19.89,20.56,20.12,39.81
2016-06-09 19:30:00-05:00,-4.8709784,1.2888767,506083,24.17,0.0,8.01,23.02,322.0,274.5,273.1,270.9,2.409,3.031,3.302,320.7,24.12,60.13,0.486,1384539.0,321.6,7.468,4.65,0.0,0.0,0.0,0.0,0.0,0.0,0.0,0.0,22.61,20.3,8.27,9.42,10.78,10.88,60.0,59.9,74.7,0.0,273.0,272.0,273.7,-0.064,-7.485,7.49,602.0,1375028.0,41234.0,126878.0,0.005,0.979,0.748,0.921,0.281,0.344,0.36,0.355,0.353,0.302,0.296,0.086,0.107,0.112,0.111,0.11,0.093,0.092,43568.0,44232.0,43790.0,43640.0,44525.0,42264.0,38292.0,1.843,289.0,11.35,3.1,3.53,2.0,-1.0,13.61,0.022,0.221,3.0,2.0,0.0,0.0,20.74,20.27,19.6,20.04,20.01,22.51,19.79,20.46,20.08,39.75
2016-06-09 19:31:00-05:00,-5.4649997,0.9526477,506084,24.12,0.0,7.584,22.95,326.1,274.4,273.4,271.1,1.291,1.6,2.455,324.7,19.52,60.13,0.226,1384539.0,326.9,6.113,4.517,0.0,0.0,0.0,0.0,0.0,0.0,0.0,0.0,22.56,20.23,7.852,9.75,10.9,11.01,60.0,59.9,74.7,0.0,273.0,272.3,274.0,-0.236,-7.705,7.71,602.0,1375028.0,41234.0,126878.0,0.029,0.979,0.748,0.921,0.176,0.208,0.25,0.243,0.254,0.191,0.189,0.055,0.065,0.079,0.077,0.08,0.06,0.059,43568.0,44232.0,43790.0,43640.0,44525.0,42264.0,38292.0,2.805,294.3,13.35,4.0,3.53,2.0,-1.0,13.61,0.022,0.221,3.0,2.0,0.0,0.0,20.64,20.23,19.59,20.04,19.99,22.58,19.75,20.53,20.0,39.69
2016-06-09 19:32:00-05:00,-5.583804,0.7284954,506085,24.07,0.0,7.297,22.96,312.4,274.6,273.2,271.0,2.667,2.61,2.624,311.7,19.27,60.17,0.538,1384539.0,314.7,5.712,4.517,0.0,0.0,0.0,0.0,0.0,0.0,0.0,0.0,22.54,20.37,7.49,9.82,10.9,10.92,60.0,59.9,74.7,0.0,273.0,272.4,274.0,-0.045,-7.718,7.726,602.0,1375028.0,41234.0,126878.0,0.001,0.979,0.748,0.921,0.27,0.31,0.334,0.332,0.322,0.286,0.287,0.08,0.092,0.1,0.099,0.096,0.085,0.086,43568.0,44232.0,43790.0,43640.0,44525.0,42264.0,38292.0,2.873,301.4,10.69,4.1,3.53,2.0,-1.0,13.61,0.069,0.221,3.0,2.0,0.0,0.0,20.74,20.23,19.55,20.04,19.96,22.56,19.75,20.51,20.06,39.61
2016-06-09 19:33:00-05:00,-5.583804,0.504343,506086,24.02,0.0,7.0,22.87,311.3,274.4,273.3,271.1,2.667,2.61,2.624,310.1,19.12,60.13,0.538,1384539.0,311.3,5.634,4.517,0.0,0.0,0.0,0.0,0.0,0.0,0.0,0.0,22.49,20.28,7.181,9.86,10.94,10.93,60.0,59.9,74.7,0.0,273.0,272.0,274.0,-0.068,-7.744,7.75,602.0,1375028.0,41234.0,126878.0,0.005,0.979,0.748,0.921,0.257,0.302,0.314,0.309,0.303,0.278,0.278,0.076,0.09,0.093,0.092,0.09,0.082,0.083,43568.0,44232.0,43790.0,43640.0,44525.0,42264.0,38292.0,2.553,294.3,27.67,3.8,3.53,2.0,-1.0,13.65,0.039,0.221,3.0,2.0,0.0,0.0,20.74,20.23,19.55,20.04,19.96,22.58,19.75,20.53,20.06,39.61
2016-06-09 19:34:00-05:00,-5.7026086,0.39226672,506087,23.97,0.0,6.619,22.91,307.8,274.6,273.1,270.9,3.098,3.031,3.048,307.7,22.06,60.14,0.625,1384539.0,308.8,6.524,4.617,0.0,0.0,0.0,0.0,0.0,0.0,0.0,0.0,22.53,20.3,6.943,9.64,10.83,10.9,60.0,59.9,74.7,0.0,273.0,272.1,273.9,-0.049,-7.592,7.597,602.0,1375028.0,41234.0,126878.0,0.003,0.979,0.748,0.921,0.306,0.335,0.35,0.348,0.347,0.313,0.307,0.09,0.1,0.104,0.103,0.103,0.093,0.091,43568.0,44232.0,43790.0,43640.0,44525.0,42264.0,38292.0,2.335,288.8,12.22,3.6,3.53,2.0,-1.0,13.65,0.031,0.221,3.0,2.0,0.0,0.0,20.69,20.23,19.55,20.04,19.94,22.64,19.76,20.56,20.0,39.59
2016-06-09 19:35:00-05:00,-5.940217,0.39226672,506088,23.92,0.0,6.498,22.94,306.1,274.5,273.0,270.8,3.356,3.283,3.302,305.2,23.85,60.14,0.677,1384539.0,307.3,7.024,4.65,0.0,0.0,0.0,0.0,0.0,0.0,0.0,0.0,22.59,20.17,6.76,9.44,10.76,10.82,60.0,59.9,74.7,0.0,273.0,272.0,273.5,-0.048,-7.487,7.491,602.0,1375028.0,41234.0,126878.0,0.003,0.979,0.748,0.921,0.312,0.342,0.362,0.361,0.351,0.316,0.317,0.092,0.101,0.107,0.107,0.104,0.093,0.094,43568.0,44232.0,43790.0,43640.0,44525.0,42264.0,38292.0,,0.0,0.0,,,2.0,-1.0,13.65,0.028,0.221,3.0,2.0,0.0,0.0,20.56,20.15,19.5,20.01,19.93,22.63,19.73,20.49,19.96,39.51
2016-06-09 19:36:00-05:00,-6.2966304,-0.056038223,506089,23.87,0.0,6.146,22.87,305.9,274.9,273.7,271.4,3.27,3.115,3.302,305.0,23.77,60.16,0.631,1384539.0,307.9,7.005,4.65,0.0,0.0,0.0,0.0,0.0,0.0,0.0,0.0,22.48,20.07,6.532,9.41,10.75,10.83,60.0,59.9,74.7,0.0,273.8,272.9,273.9,-0.087,-7.49,7.494,602.0,1375028.0,41234.0,126878.0,0.009,0.979,0.748,0.921,0.297,0.321,0.338,0.344,0.332,0.302,0.293,0.087,0.095,0.1,0.102,0.098,0.089,0.087,43568.0,44232.0,43790.0,43640.0,44525.0,42264.0,38292.0,2.063,290.5,9.03,2.9,3.531,2.0,-1.0,13.65,0.027,0.221,3.0,2.0,0.0,0.0,20.46,20.04,19.45,19.88,19.84,22.44,19.65,20.31,19.91,39.45
2016-06-09 19:37:00-05:00,-6.4154344,-0.2801907,506090,23.82,0.0,5.94,22.88,305.6,275.1,273.8,271.6,3.27,2.778,3.302,305.1,23.76,60.16,0.562,1384539.0,305.6,7.01,4.65,0.0,0.0,0.0,0.0,0.0,0.0,0.0,0.0,22.5,20.13,6.275,9.4,10.74,10.86,60.0,59.9,74.7,0.0,273.9,273.0,274.0,-0.13,-7.491,7.494,602.0,1375028.0,41234.0,126878.0,0.015,0.979,0.748,0.921,0.267,0.319,0.321,0.319,0.302,0.284,0.276,0.078,0.095,0.095,0.095,0.089,0.084,0.082,43568.0,44232.0,43790.0,43640.0,44525.0,42264.0,38292.0,2.428,289.2,12.88,3.1,3.53,2.0,-1.0,13.65,0.026,0.221,3.0,2.0,0.0,0.0,20.41,20.07,19.44,19.86,19.84,22.39,19.65,20.35,19.8,39.41
2016-06-09 19:38:00-05:00,-7.0094566,-0.6164193,506091,23.77,0.0,5.532,22.88,308.6,274.9,273.8,271.6,2.753,0.842,2.794,307.1,20.1,60.14,0.176,1384539.0,310.3,5.916,4.533,0.0,0.0,0.0,0.0,0.0,0.0,0.0,0.0,22.52,20.16,5.872,9.7,10.86,10.94,60.0,59.9,74.7,0.0,273.9,273.0,274.0,-0.23,-7.672,7.676,602.0,1375028.0,41235.0,126878.0,0.028,0.979,0.748,0.921,0.196,0.217,0.23,0.235,0.226,0.202,0.2,0.058,0.064,0.068,0.07,0.067,0.06,0.059,43568.0,44232.0,43790.0,43640.0,44525.0,42264.0,38292.0,2.628,310.6,22.43,4.1,3.528,2.0,-1.0,13.65,0.025,0.221,3.0,2.0,0.0,0.0,20.5,20.1,19.44,19.91,19.83,22.41,19.63,20.36,19.93,39.33
2016-06-09 19:39:00-05:00,-7.1282606,-1.0647241,506092,23.72,0.0,4.925,22.94,307.5,274.9,273.5,271.3,2.151,0.0,2.624,307.0,18.88,60.14,0.0,1384539.0,308.6,5.571,4.517,0.0,0.0,0.0,0.0,0.0,0.0,0.0,0.0,22.57,20.21,5.294,9.83,10.9,11.0,60.0,59.9,74.7,0.0,273.0,273.0,274.0,-0.296,-7.749,7.755,602.0,1375028.0,41235.0,126878.0,0.037,0.979,0.748,0.921,0.164,0.185,0.198,0.198,0.195,0.174,0.171,0.048,0.055,0.059,0.059,0.058,0.051,0.051,43568.0,44232.0,43790.0,43640.0,44525.0,42264.0,38292.0,2.553,296.5,8.31,3.7,3.528,2.0,-1.0,13.65,0.025,0.221,3.0,2.0,0.0,0.0,20.51,20.09,19.45,19.86,19.83,22.42,19.65,20.38,19.88,39.3
2016-06-09 19:40:00-05:00,-7.841087,-1.7371814,506093,23.67,0.0,4.242,22.84,305.3,274.9,273.4,271.2,1.205,0.0,1.439,304.1,18.86,60.15,0.0,1384539.0,306.6,5.544,4.517,0.0,0.0,0.0,0.0,0.0,0.0,0.0,0.0,22.43,20.23,4.48,9.86,10.94,11.05,60.0,59.9,74.7,0.0,273.0,273.0,274.0,-0.369,-7.79,7.799,602.0,1375028.0,41235.0,126878.0,0.048,0.979,0.748,0.921,0.137,0.149,0.15,0.154,0.162,0.141,0.13,0.04,0.044,0.044,0.046,0.048,0.042,0.039,43568.0,44232.0,43790.0,43640.0,44525.0,42264.0,38292.0,2.455,308.2,11.22,3.5,3.527,2.0,-1.0,13.65,0.025,0.221,3.0,2.0,0.0,0.0,20.61,20.12,19.45,19.86,19.83,22.39,19.65,20.38,19.88,39.22
2016-06-09 19:41:00-05:00,-8.553913,-2.4096386,506094,23.63,0.0,3.583,22.72,311.6,274.6,273.7,271.4,0.0,0.0,0.0,310.8,0.0,60.16,0.0,1384539.0,312.9,0.0,4.0,0.0,0.0,0.0,0.0,0.0,0.0,0.0,0.0,22.27,20.11,3.649,11.42,11.61,11.39,60.0,59.9,74.7,0.0,273.0,273.0,274.0,-0.383,-8.73,8.74,602.0,1375028.0,41235.0,126878.0,0.044,0.979,0.748,0.921,0.007,0.018,0.022,0.022,0.035,-0.001,0.016,0.002,0.005,0.007,0.007,0.011,0.0,0.005,43568.0,44232.0,43790.0,43640.0,44525.0,42264.0,38292.0,2.705,306.7,13.2,3.3,3.53,2.0,-1.0,13.65,0.025,0.221,3.0,2.0,0.0,0.0,20.55,20.05,19.41,19.81,19.71,22.31,19.63,20.31,19.96,39.22
2016-06-09 19:42:00-05:00,-8.910326,-2.9700198,506095,23.58,0.0,3.205,22.65,308.6,275.2,273.5,271.3,0.0,0.0,0.0,307.8,0.0,60.2,0.0,1384539.0,309.8,0.0,4.0,0.0,0.0,0.0,0.0,0.0,0.0,0.0,0.0,22.26,20.17,3.209,11.43,11.6,11.39,60.0,59.9,74.7,0.0,273.3,273.0,274.0,-0.384,-8.73,8.74,602.0,1375028.0,41235.0,126878.0,0.044,0.979,0.748,0.921,0.004,0.021,0.019,0.01,0.026,0.005,0.017,0.001,0.006,0.006,0.003,0.008,0.001,0.005,43568.0,44232.0,43790.0,43640.0,44525.0,42264.0,38292.0,2.932,298.2,9.06,3.7,3.53,2.0,-1.0,13.65,0.024,0.221,3.0,2.0,0.0,0.0,20.61,20.02,19.39,19.8,19.73,22.29,19.6,20.32,19.92,39.22
2016-06-09 19:43:00-05:00,-9.266739,-3.0820959,506096,23.53,0.0,2.947,22.64,307.5,274.7,273.6,271.3,0.0,0.0,0.0,306.6,0.0,60.14,0.0,1384539.0,308.6,0.0,4.0,0.0,0.0,0.0,0.0,0.0,0.0,0.0,0.0,22.27,20.16,3.043,11.42,11.6,11.38,60.0,59.9,74.7,0.0,273.1,273.0,274.0,-0.383,-8.72,8.73,602.0,1375028.0,41235.0,126878.0,0.044,0.979,0.748,0.921,0.006,0.019,0.017,0.018,0.02,0.005,0.027,0.002,0.006,0.005,0.006,0.006,0.001,0.008,43568.0,44232.0,43790.0,43640.0,44525.0,42264.0,38292.0,3.05,301.9,13.84,4.4,3.526,2.0,-1.0,13.65,0.024,0.221,3.0,2.0,0.0,0.0,20.63,19.99,19.46,19.85,19.73,22.29,19.58,20.37,19.96,39.12
2016-06-09 19:44:00-05:00,-9.504348,-3.1941724,506097,23.48,0.0,2.763,22.77,304.4,274.7,273.3,271.0,0.0,0.0,0.0,303.5,0.0,60.15,0.0,1384539.0,305.6,0.0,4.0,0.0,0.0,0.0,0.0,0.0,0.0,0.0,0.0,22.39,20.28,2.738,11.41,11.6,11.37,60.0,59.9,74.7,0.0,273.0,272.5,274.0,-0.382,-8.71,8.72,602.0,1375028.0,41235.0,126878.0,0.044,0.979,0.748,0.921,0.007,0.016,0.017,0.021,0.018,0.005,0.026,0.002,0.005,0.005,0.006,0.005,0.001,0.008,43568.0,44232.0,43790.0,43640.0,44525.0,42264.0,38292.0,2.102,302.7,8.27,3.0,3.53,2.0,-1.0,13.65,0.024,0.221,3.0,2.0,0.0,0.0,20.71,20.04,19.46,19.9,19.82,22.31,19.6,20.45,19.92,39.12
2016-06-09 19:45:00-05:00,-9.741957,-3.6424768,506098,23.42,0.0,2.439,22.86,299.5,274.6,273.3,271.0,0.0,0.0,0.0,298.6,0.0,60.14,0.0,1384539.0,300.7,0.0,4.0,0.0,0.0,0.0,0.0,0.0,0.0,0.0,0.0,22.45,20.37,2.29,11.41,11.6,11.38,60.0,59.9,74.7,0.0,273.0,272.2,274.0,-0.383,-8.71,8.72,602.0,1375028.0,41236.0,126878.0,0.044,0.979,0.748,0.921,0.006,0.015,0.019,0.019,0.019,0.004,0.02,0.002,0.004,0.006,0.006,0.006,0.001,0.006,43568.0,44232.0,43790.0,43640.0,44525.0,42264.0,38292.0,2.528,305.0,12.75,4.2,3.528,2.0,-1.0,13.65,0.024,0.221,3.0,2.0,0.0,0.0,20.81,20.07,19.4,19.87,19.82,22.29,19.61,20.39,19.85,39.02
2016-06-09 19:46:00-05:00,-10.3359785,-3.7545533,506099,23.37,0.0,2.05,22.79,296.5,274.6,273.2,271.0,0.0,0.0,0.0,295.6,0.0,60.14,0.0,1384539.0,297.6,0.0,4.0,0.0,0.0,0.0,0.0,0.0,0.0,0.0,0.0,22.4,20.26,2.093,11.41,11.59,11.38,60.0,59.9,74.7,0.0,273.0,272.2,273.9,-0.383,-8.72,8.72,602.0,1375028.0,41236.0,126878.0,0.044,0.979,0.748,0.921,0.006,0.018,0.019,0.019,0.016,0.015,0.022,0.002,0.005,0.006,0.006,0.005,0.004,0.006,43568.0,44232.0,43790.0,43640.0,44525.0,42264.0,38292.0,2.258,298.1,12.44,3.8,3.53,2.0,-1.0,13.65,0.024,0.221,3.0,2.0,0.0,0.0,20.73,20.08,19.38,19.85,19.75,22.26,19.61,20.33,19.78,39.02
2016-06-09 19:47:00-05:00,-10.3359785,-3.7545533,506100,23.32,0.0,2.207,22.72,297.2,274.7,273.4,271.1,0.0,0.0,0.0,296.3,0.0,60.2,0.0,1384539.0,298.4,0.0,4.0,0.0,0.0,0.0,0.0,0.0,0.0,0.0,0.0,22.35,20.12,2.135,11.42,11.6,11.39,60.0,59.9,74.7,0.0,273.0,272.8,274.0,-0.383,-8.73,8.74,602.0,1375028.0,41236.0,126878.0,0.044,0.979,0.748,0.921,0.008,0.013,0.02,0.017,0.02,0.005,0.019,0.002,0.004,0.006,0.005,0.006,0.001,0.006,43568.0,44232.0,43790.0,43640.0,44525.0,42264.0,38292.0,2.012,297.7,7.449,2.4,3.527,2.0,-1.0,13.65,0.023,0.221,3.0,2.0,0.0,0.0,20.58,19.88,19.3,19.74,19.67,22.11,19.53,20.18,19.67,38.94
2016-06-09 19:48:00-05:00,-10.3359785,-3.8666298,506101,23.28,0.0,2.078,22.6,296.8,274.6,273.4,271.1,0.0,0.0,0.0,295.9,0.0,60.22,0.0,1384539.0,298.0,0.0,4.0,0.0,0.0,0.0,0.0,0.0,0.0,0.0,0.0,22.21,20.03,2.112,11.42,11.6,11.4,60.0,59.9,74.7,0.0,273.0,272.7,274.0,-0.383,-8.73,8.73,602.0,1375028.0,41236.0,126878.0,0.044,0.979,0.748,0.921,0.006,0.016,0.018,0.017,0.018,0.013,0.019,0.002,0.005,0.005,0.005,0.005,0.004,0.006,43568.0,44232.0,43790.0,43640.0,44525.0,42264.0,38292.0,,0.0,0.0,,,2.0,-1.0,13.65,0.023,0.221,3.0,2.0,0.0,0.0,20.47,19.89,19.25,19.66,19.61,22.1,19.46,20.14,19.57,38.94
2016-06-09 19:49:00-05:00,-11.048804,-4.4270105,506102,23.24,0.0,1.781,22.6,288.8,274.7,273.1,270.8,0.0,0.0,0.0,288.0,0.0,60.15,0.0,1384539.0,290.1,0.0,4.0,0.0,0.0,0.0,0.0,0.0,0.0,0.0,0.0,22.17,19.86,1.639,11.41,11.59,11.37,60.0,59.9,74.7,0.0,273.0,272.1,273.6,-0.382,-8.71,8.72,602.0,1375028.0,41236.0,126878.0,0.044,0.979,0.748,0.921,0.008,0.014,0.026,0.016,0.022,0.01,0.025,0.002,0.004,0.008,0.005,0.006,0.003,0.007,43568.0,44232.0,43790.0,43640.0,44525.0,42264.0,38292.0,1.977,293.8,9.86,2.8,3.53,2.0,-1.0,13.65,0.023,0.221,3.0,2.0,0.0,0.0,20.31,19.75,19.17,19.64,19.56,22.03,19.43,20.13,19.47,38.88
2016-06-09 19:50:00-05:00,-11.76163,-5.099468,506103,23.19,0.0,1.3,22.53,273.3,274.4,272.9,270.6,0.0,0.0,0.0,272.5,0.0,60.14,0.0,1384539.0,221.9,0.0,0.533,0.0,0.0,0.0,0.0,0.0,0.0,0.0,0.0,22.17,19.73,1.035,1.762,1.792,1.755,60.0,59.9,74.7,0.0,273.0,272.0,273.2,-0.058,-1.317,1.318,602.0,1375028.0,41236.0,126878.0,0.842,0.979,0.748,0.921,0.005,0.011,0.018,0.015,0.018,0.011,0.02,0.001,0.003,0.005,0.004,0.005,0.003,0.006,43568.0,44232.0,43790.0,43640.0,44525.0,42264.0,38292.0,1.745,291.0,10.89,2.8,3.53,2.0,-1.0,13.65,0.023,0.22,3.0,2.0,0.0,0.0,20.16,19.67,19.04,19.51,19.44,22.02,19.3,19.98,19.38,38.92
2016-06-09 19:51:00-05:00,-12.355653,-5.4356966,506104,23.15,0.0,0.915,22.53,254.9,274.3,272.9,270.6,0.0,0.0,0.0,254.2,0.0,60.16,0.0,1384539.0,110.2,0.0,0.0,0.0,0.0,0.0,0.0,0.0,0.0,0.0,0.0,22.11,19.6,0.647,0.0,0.0,0.0,60.0,59.9,74.7,0.0,273.0,272.0,273.4,0.0,0.0,0.0,602.0,1375028.0,41236.0,126878.0,1.0,0.979,0.748,0.921,0.006,0.011,0.016,0.015,0.018,0.012,0.018,0.002,0.003,0.004,0.004,0.005,0.003,0.005,43568.0,44232.0,43790.0,43640.0,44525.0,42264.0,38292.0,1.822,300.0,8.76,2.4,3.53,2.0,-1.0,13.64,0.023,0.22,3.0,2.0,0.0,0.0,19.98,19.54,18.96,19.41,19.35,21.96,19.18,19.85,19.28,38.84
2016-06-09 19:52:00-05:00,-12.712065,-5.6598487,506105,23.1,0.0,0.915,22.47,241.0,274.3,272.9,270.7,0.0,0.0,0.0,240.1,0.0,60.19,0.0,1384539.0,52.73,0.0,0.0,0.0,0.0,0.0,0.0,0.0,0.0,0.0,0.0,22.05,19.4,0.46,0.0,0.0,0.0,60.0,59.9,74.7,0.0,273.0,272.0,273.7,0.0,0.0,0.0,602.0,1375028.0,41236.0,126878.0,1.0,0.979,0.748,0.921,0.007,0.011,0.016,0.015,0.018,0.013,0.019,0.002,0.003,0.004,0.004,0.004,0.003,0.005,43568.0,44232.0,43790.0,43640.0,44525.0,42264.0,38292.0,1.74,284.8,12.71,2.5,3.53,2.0,-1.0,13.65,0.023,0.22,3.0,2.0,0.0,0.0,19.8,19.39,18.86,19.3,19.2,21.66,19.04,19.72,19.2,38.82
2016-06-09 19:53:00-05:00,-12.949674,-5.9960775,506106,23.06,0.0,0.877,22.46,230.7,274.3,272.8,270.5,0.0,0.0,0.0,229.8,0.0,60.18,0.0,1384539.0,25.55,0.0,0.0,0.0,0.0,0.0,0.0,0.0,0.0,0.0,0.0,22.02,19.38,0.356,0.0,0.0,0.0,60.0,59.9,74.7,0.0,273.0,272.0,273.3,0.0,0.0,0.0,602.0,1375028.0,41236.0,126878.0,1.0,0.979,0.748,0.921,0.007,0.01,0.016,0.015,0.018,0.013,0.018,0.002,0.002,0.004,0.003,0.004,0.003,0.004,43568.0,44232.0,43790.0,43640.0,44525.0,42264.0,38292.0,1.953,286.3,11.07,2.6,3.53,2.0,-1.0,13.65,0.023,0.22,3.0,2.0,0.0,0.0,19.72,19.36,18.78,19.17,19.15,21.61,18.97,19.62,19.05,38.74
2016-06-09 19:54:00-05:00,-13.187283,-6.1081543,506107,23.02,0.0,0.707,22.42,220.9,274.4,272.8,270.6,0.0,0.0,0.0,220.1,0.0,60.22,0.0,1384539.0,21.56,0.0,0.0,0.0,0.0,0.0,0.0,0.0,0.0,0.0,0.0,21.98,19.27,0.314,0.0,0.0,0.0,60.0,59.9,74.7,0.0,273.0,272.0,273.4,0.0,0.0,0.0,602.0,1375028.0,41236.0,126878.0,1.0,0.979,0.748,0.921,0.008,0.012,0.015,0.015,0.018,0.013,0.019,0.002,0.003,0.003,0.003,0.004,0.003,0.004,43568.0,44232.0,43790.0,43640.0,44525.0,42264.0,38292.0,1.745,285.0,14.38,2.6,3.53,2.0,-1.0,13.65,0.023,0.22,3.0,2.0,0.0,0.0,19.58,19.26,18.73,19.14,19.09,21.69,18.86,19.56,18.94,38.71
2016-06-09 19:55:00-05:00,-13.543695,-6.1081543,506108,22.97,0.0,0.468,22.35,211.1,274.2,272.9,270.7,0.0,0.0,0.0,210.3,0.0,60.23,0.0,1384539.0,21.53,0.0,0.0,0.0,0.0,0.0,0.0,0.0,0.0,0.0,0.0,21.9,19.09,0.267,0.0,0.0,0.0,60.0,59.9,74.7,0.0,273.0,272.0,273.2,0.0,0.0,0.0,602.0,1375028.0,41236.0,126878.0,1.0,0.979,0.748,0.921,0.007,0.011,0.016,0.014,0.018,0.014,0.018,0.002,0.002,0.003,0.003,0.004,0.003,0.004,43568.0,44232.0,43790.0,43640.0,44525.0,42264.0,38292.0,1.727,282.4,12.18,2.6,3.53,2.0,-1.0,13.65,0.023,0.22,3.0,2.0,0.0,0.0,19.43,19.17,18.63,19.07,18.97,21.73,18.78,19.46,18.86,38.64
2016-06-09 19:56:00-05:00,-13.543695,-6.1081543,506109,22.93,0.0,0.409,22.27,201.2,275.0,273.4,271.1,0.0,0.0,0.0,200.4,0.0,60.15,0.0,1384539.0,21.69,0.0,0.0,0.0,0.0,0.0,0.0,0.0,0.0,0.0,0.0,21.81,18.99,0.245,0.0,0.0,0.0,60.0,59.9,74.7,0.0,273.8,272.8,273.9,0.0,0.0,0.0,602.0,1375028.0,41236.0,126878.0,1.0,0.979,0.748,0.921,0.008,0.011,0.015,0.014,0.018,0.014,0.017,0.002,0.002,0.003,0.003,0.004,0.003,0.003,43568.0,44232.0,43790.0,43640.0,44525.0,42264.0,38292.0,2.135,290.9,5.424,3.0,3.53,2.0,-1.0,13.65,0.022,0.22,3.0,2.0,0.0,0.0,19.3,19.12,18.58,18.96,18.89,21.69,18.66,19.33,18.83,38.58
2016-06-09 19:57:00-05:00,-13.543695,-6.1081543,506110,22.88,0.0,0.407,22.16,191.0,274.9,273.5,271.2,0.0,0.0,0.0,190.3,0.0,60.22,0.0,1384539.0,21.52,0.0,0.0,0.0,0.0,0.0,0.0,0.0,0.0,0.0,0.0,21.68,18.9,0.192,0.0,0.0,0.0,60.0,59.9,74.7,0.0,273.9,273.0,274.0,0.0,0.0,0.0,602.0,1375028.0,41236.0,126878.0,1.0,0.979,0.748,0.921,0.008,0.011,0.015,0.013,0.018,0.015,0.018,0.002,0.002,0.003,0.003,0.003,0.003,0.003,43568.0,44232.0,43790.0,43640.0,44525.0,42264.0,38292.0,1.42,290.9,17.69,2.2,3.528,2.0,-1.0,13.65,0.022,0.22,3.0,2.0,0.0,0.0,19.22,19.1,18.49,18.89,18.83,21.61,18.58,19.31,18.71,38.55
2016-06-09 19:58:00-05:00,-13.543695,-6.1081543,506111,22.83,0.0,0.407,22.07,180.3,275.0,273.6,271.4,0.0,0.0,0.0,179.7,0.0,60.21,0.0,1384539.0,21.57,0.0,0.0,0.0,0.0,0.0,0.0,0.0,0.0,0.0,0.0,21.63,18.84,0.191,0.0,0.0,0.0,60.0,59.9,74.7,0.0,274.0,273.0,274.0,0.0,0.0,0.0,602.0,1375028.0,41236.0,126878.0,1.0,0.979,0.748,0.921,0.007,0.011,0.014,0.014,0.018,0.015,0.018,0.001,0.002,0.003,0.002,0.003,0.003,0.003,43568.0,44232.0,43790.0,43640.0,44525.0,42264.0,38292.0,1.882,289.4,11.96,3.2,3.527,2.0,-1.0,13.65,0.022,0.22,3.0,2.0,0.0,0.0,19.15,19.04,18.44,18.84,18.81,21.55,18.58,19.3,18.67,38.48
2016-06-09 19:59:00-05:00,-13.424891,-6.1081543,506112,22.79,0.0,0.407,22.0,169.0,274.9,273.7,271.4,0.0,0.0,0.0,168.3,0.0,60.14,0.0,1384539.0,21.63,0.0,0.0,0.0,0.0,0.0,0.0,0.0,0.0,0.0,0.0,21.5,18.71,0.15,0.0,0.0,0.0,60.0,59.9,74.7,0.0,274.0,273.0,274.0,0.0,0.0,0.0,602.0,1375028.0,41236.0,126878.0,1.0,0.979,0.748,0.921,0.009,0.011,0.014,0.014,0.019,0.015,0.018,0.002,0.002,0.002,0.002,0.003,0.003,0.003,43568.0,44232.0,43790.0,43640.0,44525.0,42264.0,38292.0,2.298,286.1,10.35,3.4,3.53,2.0,-1.0,13.65,0.022,0.22,3.0,2.0,0.0,0.0,19.04,19.04,18.41,18.83,18.76,21.64,18.58,19.31,18.67,38.45
2016-06-09 20:00:00-05:00,-13.068479,-6.1081543,506113,22.74,0.0,0.407,21.96,157.5,275.0,273.5,271.2,0.0,0.0,0.0,156.7,0.0,60.15,0.0,1384539.0,21.54,0.0,0.0,0.0,0.0,0.0,0.0,0.0,0.0,0.0,0.0,21.54,18.66,0.061,0.0,0.0,0.0,60.0,59.9,74.7,0.0,274.0,273.0,274.0,0.0,0.0,0.0,602.0,1375028.0,41236.0,126878.0,1.0,0.979,0.748,0.921,0.009,0.01,0.013,0.013,0.018,0.014,0.018,0.001,0.002,0.002,0.002,0.003,0.002,0.003,43568.0,44232.0,43790.0,43640.0,44525.0,42264.0,38292.0,1.813,297.8,10.74,2.6,3.53,2.0,-1.0,13.65,0.022,0.22,3.0,2.0,0.0,0.0,18.99,18.99,18.39,18.78,18.78,21.52,18.58,19.27,18.62,38.35
2016-06-09 20:01:00-05:00,-12.712065,-6.1081543,506114,22.69,0.0,0.407,21.97,145.8,274.9,273.7,271.4,0.0,0.0,0.0,145.3,0.0,60.13,0.0,1384539.0,21.47,0.0,0.0,0.0,0.0,0.0,0.0,0.0,0.0,0.0,0.0,21.53,18.64,0.038,0.0,0.0,0.0,60.0,59.9,74.7,0.0,273.9,273.0,274.0,0.0,0.0,0.0,602.0,1375028.0,41236.0,126878.0,1.0,0.979,0.748,0.921,0.009,0.011,0.013,0.014,0.018,0.015,0.018,0.001,0.002,0.002,0.002,0.003,0.002,0.003,43568.0,44232.0,43790.0,43640.0,44525.0,42264.0,38292.0,1.872,292.3,8.62,2.5,3.53,2.0,-1.0,13.65,0.022,0.22,3.0,2.0,0.0,0.0,19.03,18.97,18.39,18.81,18.78,21.52,18.58,19.28,18.6,38.28
2016-06-09 20:02:00-05:00,-12.712065,-6.1081543,506115,22.65,0.0,0.407,21.99,133.9,274.9,273.9,271.7,0.0,0.0,0.0,133.3,0.0,60.14,0.0,1384539.0,21.56,0.0,0.0,0.0,0.0,0.0,0.0,0.0,0.0,0.0,0.0,21.56,18.62,0.038,0.0,0.0,0.0,60.0,59.9,74.7,0.0,274.0,273.0,274.0,0.0,0.0,0.0,602.0,1375028.0,41236.0,126878.0,1.0,0.979,0.748,0.921,0.009,0.01,0.014,0.014,0.018,0.015,0.017,0.001,0.001,0.002,0.002,0.002,0.002,0.002,43568.0,44232.0,43790.0,43640.0,44525.0,42264.0,38292.0,2.037,300.8,12.28,3.0,3.53,2.0,-1.0,13.65,0.022,0.22,3.0,2.0,0.0,0.0,19.01,18.96,18.39,18.78,18.75,21.5,18.49,19.27,18.6,38.23
2016-06-09 20:03:00-05:00,-12.712065,-5.9960775,506116,22.6,0.0,0.407,21.96,121.5,275.3,273.9,271.5,0.0,0.0,0.0,120.9,0.0,60.15,0.0,1384539.0,21.58,0.0,0.0,0.0,0.0,0.0,0.0,0.0,0.0,0.0,0.0,21.56,18.7,0.038,0.0,0.0,0.0,60.0,59.9,74.7,0.0,274.0,273.0,274.2,0.0,0.0,0.0,602.0,1375028.0,41236.0,126878.0,1.0,0.979,0.748,0.921,0.009,0.011,0.013,0.015,0.018,0.015,0.017,0.001,0.001,0.002,0.002,0.002,0.002,0.002,43568.0,44232.0,43790.0,43640.0,44525.0,42264.0,38292.0,2.358,298.8,14.01,3.2,3.53,2.0,-1.0,13.65,0.022,0.22,3.0,2.0,0.0,0.0,19.01,18.97,18.32,18.75,18.68,21.47,18.49,19.25,18.62,38.15
2016-06-09 20:04:00-05:00,-12.712065,-5.771925,506117,22.56,0.0,0.407,22.02,109.0,275.3,273.9,271.6,0.0,0.0,0.0,108.6,0.0,60.13,0.0,1384539.0,21.56,0.0,0.0,0.0,0.0,0.0,0.0,0.0,0.0,0.0,0.0,21.61,18.83,0.038,0.0,0.0,0.0,60.0,59.9,74.7,0.0,274.0,273.0,274.3,0.0,0.0,0.0,602.0,1375028.0,41236.0,126878.0,1.0,0.979,0.748,0.921,0.009,0.011,0.013,0.014,0.018,0.016,0.017,0.001,0.001,0.001,0.002,0.002,0.002,0.002,43568.0,44232.0,43790.0,43640.0,44525.0,42264.0,38292.0,2.22,297.3,11.66,2.8,3.53,2.0,-1.0,13.65,0.022,0.22,3.0,2.0,0.0,0.0,19.09,18.96,18.29,18.78,18.68,21.45,18.5,19.27,18.54,38.1
2016-06-09 20:05:00-05:00,-12.712065,-5.6598487,506118,22.51,0.0,0.407,21.96,97.4,275.3,273.9,271.6,0.0,0.0,0.0,97.0,0.0,60.15,0.0,1384539.0,21.61,0.0,0.0,0.0,0.0,0.0,0.0,0.0,0.0,0.0,0.0,21.56,18.86,0.037,0.0,0.0,0.0,60.0,59.9,74.7,0.0,274.0,273.0,274.6,0.0,0.0,0.0,602.0,1375028.0,41236.0,126878.0,1.0,0.979,0.748,0.921,0.008,0.011,0.013,0.014,0.018,0.015,0.018,0.001,0.001,0.001,0.001,0.002,0.001,0.002,43568.0,44232.0,43790.0,43640.0,44525.0,42264.0,38292.0,2.408,300.0,13.3,4.0,3.53,2.0,-1.0,13.65,0.022,0.22,3.0,2.0,0.0,0.0,19.14,18.88,18.34,18.78,18.7,21.45,18.49,19.25,18.54,38.02
2016-06-09 20:06:00-05:00,-12.712065,-5.6598487,506119,22.46,0.0,0.407,21.93,86.1,274.8,273.5,271.2,0.0,0.0,0.0,85.6,0.0,60.15,0.0,1384539.0,21.56,0.0,0.0,0.0,0.0,0.0,0.0,0.0,0.0,0.0,0.0,21.53,18.94,0.028,0.0,0.0,0.0,60.0,59.9,74.7,0.0,273.3,273.0,274.1,0.0,0.0,0.0,602.0,1375028.0,41236.0,126878.0,1.0,0.979,0.748,0.921,0.01,0.011,0.013,0.014,0.018,0.015,0.017,0.001,0.001,0.001,0.001,0.002,0.001,0.001,43568.0,44232.0,43790.0,43640.0,44525.0,42264.0,38292.0,2.483,301.8,8.71,3.3,3.531,2.0,-1.0,13.65,0.022,0.22,3.0,2.0,0.0,0.0,19.31,18.97,18.38,18.82,18.61,21.42,18.49,19.24,18.59,37.96
2016-06-09 20:07:00-05:00,-12.712065,-5.771925,506120,22.42,0.0,0.407,21.84,74.86,274.7,273.5,271.2,0.0,0.0,0.0,74.37,0.0,60.14,0.0,1384539.0,21.59,0.0,0.0,0.0,0.0,0.0,0.0,0.0,0.0,0.0,0.0,21.42,18.85,0.018,0.0,0.0,0.0,60.0,59.9,74.7,0.0,273.5,273.0,274.0,0.0,0.0,0.0,602.0,1375028.0,41236.0,126878.0,1.0,0.979,0.748,0.921,0.009,0.011,0.012,0.013,0.019,0.016,0.017,0.001,0.001,0.001,0.001,0.001,0.001,0.001,43568.0,44232.0,43790.0,43640.0,44525.0,42264.0,38292.0,2.132,307.9,8.27,2.9,3.531,2.0,-1.0,13.65,0.022,0.22,3.0,2.0,0.0,0.0,19.28,18.94,18.33,18.73,18.68,21.37,18.44,19.22,18.6,37.91
2016-06-09 20:08:00-05:00,-12.712065,-5.771925,506121,22.38,0.0,0.407,21.93,65.01,274.7,273.5,271.3,0.0,0.0,0.0,64.57,0.0,60.14,0.0,1384539.0,21.59,0.0,0.0,0.0,0.0,0.0,0.0,0.0,0.0,0.0,0.0,21.56,18.96,0.003,0.0,0.0,0.0,60.0,59.9,74.7,0.0,273.6,273.0,274.0,0.0,0.0,0.0,602.0,1375028.0,41236.0,126878.0,1.0,0.979,0.748,0.921,0.009,0.012,0.013,0.014,0.018,0.015,0.017,0.001,0.001,0.001,0.001,0.001,0.001,0.001,43568.0,44232.0,43790.0,43640.0,44525.0,42264.0,38292.0,2.618,302.9,11.69,4.0,3.531,2.0,-1.0,13.65,0.022,0.22,3.0,2.0,0.0,0.0,19.4,18.89,18.33,18.77,18.71,21.39,18.4,19.26,18.56,37.81
2016-06-09 20:09:00-05:00,-12.712065,-5.771925,506122,22.33,0.0,0.407,21.86,56.6,275.0,273.5,271.3,0.0,0.0,0.0,56.14,0.0,60.15,0.0,1384539.0,21.62,0.0,0.0,0.0,0.0,0.0,0.0,0.0,0.0,0.0,0.0,21.47,18.85,-0.013,0.0,0.0,0.0,60.0,59.9,74.7,0.0,273.9,273.0,274.0,0.0,0.0,0.0,602.0,1375028.0,41236.0,126878.0,1.0,0.979,0.748,0.921,0.009,0.011,0.013,0.014,0.017,0.015,0.018,0.001,0.001,0.001,0.001,0.001,0.001,0.001,43568.0,44232.0,43790.0,43640.0,44525.0,42264.0,38292.0,2.065,292.4,11.54,3.3,3.531,2.0,-1.0,13.65,0.022,0.22,3.0,2.0,0.0,0.0,19.32,18.8,18.3,18.72,18.67,21.26,18.49,19.23,18.6,37.76
2016-06-09 20:10:00-05:00,-12.712065,-5.771925,506123,22.29,0.0,0.407,21.84,49.02,275.1,273.3,271.2,0.0,0.0,0.0,48.54,0.0,60.15,0.0,1384539.0,21.59,0.0,0.0,0.0,0.0,0.0,0.0,0.0,0.0,0.0,0.0,21.45,18.79,-0.028,0.0,0.0,0.0,60.0,59.9,74.7,0.0,273.9,273.0,274.0,0.0,0.0,0.0,602.0,1375028.0,41236.0,126878.0,1.0,0.979,0.748,0.921,0.01,0.011,0.012,0.013,0.018,0.015,0.017,0.0,0.001,0.001,0.001,0.001,0.001,0.001,43568.0,44232.0,43790.0,43640.0,44525.0,42264.0,38292.0,2.238,302.0,9.64,3.2,3.53,2.0,-1.0,13.65,0.022,0.22,3.0,2.0,0.0,0.0,19.26,18.85,18.28,18.69,18.59,21.42,18.49,19.19,18.51,37.64
2016-06-09 20:11:00-05:00,-12.712065,-5.9960775,506124,22.24,0.0,0.407,21.84,42.89,274.9,273.5,271.3,0.0,0.0,0.0,42.32,0.0,60.15,0.0,1384539.0,21.57,0.0,0.0,0.0,0.0,0.0,0.0,0.0,0.0,0.0,0.0,21.38,18.76,-0.029,0.0,0.0,0.0,60.0,59.9,74.7,0.0,274.0,273.0,274.0,0.0,0.0,0.0,602.0,1375028.0,41236.0,126878.0,1.0,0.979,0.748,0.921,0.01,0.01,0.012,0.013,0.018,0.014,0.017,0.0,0.0,0.001,0.001,0.001,0.001,0.001,43568.0,44232.0,43790.0,43640.0,44525.0,42264.0,38292.0,1.867,291.5,6.224,2.8,3.53,2.0,-1.0,13.65,0.022,0.22,3.0,2.0,0.0,0.0,19.24,18.81,18.18,18.64,18.57,21.49,18.41,19.11,18.49,37.56
2016-06-09 20:12:00-05:00,-12.712065,-6.1081543,506125,22.2,0.0,0.407,21.78,35.67,275.1,273.4,271.2,0.0,0.0,0.0,35.41,0.0,60.15,0.0,1384539.0,21.76,0.0,0.0,0.0,0.0,0.0,0.0,0.0,0.0,0.0,0.0,21.36,18.69,-0.033,0.0,0.0,0.0,60.0,59.9,74.7,0.0,273.9,273.0,274.0,0.0,0.0,0.0,602.0,1375028.0,41236.0,126878.0,1.0,0.979,0.748,0.921,0.009,0.011,0.012,0.014,0.018,0.015,0.017,0.0,0.0,0.0,0.0,0.001,0.001,0.001,43568.0,44232.0,43790.0,43640.0,44525.0,42264.0,38292.0,1.723,296.2,16.11,2.6,3.531,2.0,-1.0,13.65,0.022,0.22,3.0,2.0,0.0,0.0,19.19,18.8,18.15,18.61,18.51,21.32,18.33,19.09,18.39,37.52
2016-06-09 20:13:00-05:00,-12.712065,-6.1081543,506126,22.15,0.0,0.407,21.81,30.38,275.0,273.4,271.1,0.0,0.0,0.0,30.22,0.0,60.15,0.0,1384539.0,21.4,0.0,0.0,0.0,0.0,0.0,0.0,0.0,0.0,0.0,0.0,21.35,18.62,-0.037,0.0,0.0,0.0,60.0,59.9,74.7,0.0,273.7,273.0,274.0,0.0,0.0,0.0,602.0,1375028.0,41236.0,126878.0,1.0,0.979,0.748,0.921,0.009,0.01,0.013,0.014,0.018,0.015,0.016,0.0,0.0,0.0,0.0,0.001,0.0,0.0,43568.0,44232.0,43790.0,43640.0,44525.0,42264.0,38292.0,1.592,295.4,18.68,2.6,3.531,2.0,-1.0,13.65,0.022,0.22,3.0,2.0,0.0,0.0,19.11,18.69,18.1,18.59,18.46,21.26,18.3,19.06,18.31,37.44
2016-06-09 20:14:00-05:00,-12.712065,-6.1081543,506127,22.11,0.0,0.407,21.73,25.83,275.0,273.3,271.1,0.0,0.0,0.0,25.67,0.0,60.19,0.0,1384539.0,21.59,0.0,0.0,0.0,0.0,0.0,0.0,0.0,0.0,0.0,0.0,21.24,18.49,-0.036,0.0,0.0,0.0,60.0,59.9,74.7,0.0,273.6,273.0,274.0,0.0,0.0,0.0,602.0,1375028.0,41236.0,126878.0,1.0,0.979,0.748,0.921,0.01,0.01,0.012,0.013,0.018,0.015,0.017,0.0,0.0,0.0,0.0,0.0,0.0,0.0,43568.0,44232.0,43790.0,43640.0,44525.0,42264.0,38292.0,1.452,298.5,10.85,2.5,3.531,2.0,-1.0,13.65,0.022,0.22,3.0,2.0,0.0,0.0,18.92,18.64,18.1,18.49,18.4,21.13,18.25,19.0,18.28,37.37
2016-06-09 20:15:00-05:00,-12.949674,-6.1081543,506128,22.07,0.0,0.407,21.68,21.86,275.1,273.4,271.1,0.0,0.0,0.0,21.73,0.0,60.24,0.0,1384539.0,21.61,0.0,0.0,0.0,0.0,0.0,0.0,0.0,0.0,0.0,0.0,21.25,18.51,-0.037,0.0,0.0,0.0,60.0,59.9,74.7,0.0,273.9,273.0,274.0,0.0,0.0,0.0,602.0,1375028.0,41236.0,126878.0,1.0,0.979,0.748,0.921,0.009,0.011,0.012,0.013,0.017,0.016,0.017,0.0,0.0,0.0,0.0,0.0,0.0,0.0,43568.0,44232.0,43790.0,43640.0,44525.0,42264.0,38292.0,1.508,296.5,20.36,2.2,3.53,2.0,-1.0,13.65,0.022,0.22,3.0,2.0,0.0,0.0,18.98,18.67,17.97,18.43,18.34,21.01,18.18,18.88,18.18,37.33
2016-06-09 20:16:00-05:00,-13.187283,-6.1081543,506129,22.02,0.0,0.407,21.75,18.44,275.0,273.5,271.3,0.0,0.0,0.0,18.31,0.0,60.15,0.0,1384539.0,21.63,0.0,0.0,0.0,0.0,0.0,0.0,0.0,0.0,0.0,0.0,21.38,18.53,-0.037,0.0,0.0,0.0,60.0,59.9,74.7,0.0,274.0,273.0,274.0,0.0,0.0,0.0,602.0,1375028.0,41236.0,126878.0,1.0,0.979,0.748,0.921,0.009,0.011,0.012,0.012,0.018,0.015,0.018,0.0,0.0,0.0,0.0,0.0,0.0,0.0,43568.0,44232.0,43790.0,43640.0,44525.0,42264.0,38292.0,1.978,296.2,11.37,2.6,3.53,2.0,-1.0,13.65,0.022,0.22,3.0,2.0,0.0,0.0,19.03,18.6,17.91,18.33,18.3,20.97,18.08,18.82,18.1,37.25
2016-06-09 20:17:00-05:00,-13.187283,-6.1081543,506130,21.98,0.0,0.407,21.76,15.53,275.2,273.6,271.3,0.0,0.0,0.0,15.44,0.0,60.14,0.0,1384539.0,21.64,0.0,0.0,0.0,0.0,0.0,0.0,0.0,0.0,0.0,0.0,21.35,18.47,-0.037,0.0,0.0,0.0,60.0,59.9,74.7,0.0,274.0,273.0,274.0,0.0,0.0,0.0,602.0,1375028.0,41236.0,126878.0,1.0,0.979,0.748,0.921,0.009,0.011,0.012,0.013,0.017,0.015,0.017,0.0,0.0,0.0,0.0,0.0,0.0,0.0,43568.0,44232.0,43790.0,43640.0,44525.0,42264.0,38292.0,2.103,297.3,19.01,3.4,3.53,2.0,-1.0,13.65,0.022,0.22,3.0,2.0,0.0,0.0,18.93,18.59,17.91,18.33,18.2,20.92,18.05,18.8,18.14,37.15
2016-06-09 20:18:00-05:00,-12.949674,-6.1081543,506131,21.94,0.0,0.407,21.79,13.05,274.8,273.7,271.4,0.0,0.0,0.0,12.98,0.0,60.14,0.0,1384539.0,21.6,0.0,0.0,0.0,0.0,0.0,0.0,0.0,0.0,0.0,0.0,21.37,18.68,-0.037,0.0,0.0,0.0,60.0,59.9,74.7,0.0,274.0,273.0,274.0,0.0,0.0,0.0,602.0,1375028.0,41236.0,126878.0,1.0,0.979,0.748,0.921,0.009,0.01,0.012,0.013,0.018,0.016,0.017,0.0,0.0,0.0,0.0,0.0,0.0,0.0,43568.0,44232.0,43790.0,43640.0,44525.0,42264.0,38292.0,2.505,303.9,11.32,4.1,3.531,2.0,-1.0,13.65,0.022,0.22,3.0,2.0,0.0,0.0,19.1,18.59,17.91,18.45,18.3,21.0,18.13,18.95,18.23,37.09
2016-06-09 20:19:00-05:00,-12.593261,-6.1081543,506132,21.9,0.0,0.407,21.59,10.95,275.1,273.7,271.4,0.0,0.0,0.0,10.97,0.0,60.15,0.0,1384539.0,21.67,0.0,0.0,0.0,0.0,0.0,0.0,0.0,0.0,0.0,0.0,21.16,18.53,-0.037,0.0,0.0,0.0,60.0,59.9,74.7,0.0,274.0,273.0,274.0,0.0,0.0,0.0,602.0,1375028.0,41236.0,126878.0,1.0,0.979,0.748,0.921,0.007,0.01,0.012,0.013,0.018,0.015,0.016,0.0,0.0,0.0,0.0,0.0,0.0,0.0,43568.0,44232.0,43790.0,43640.0,44525.0,42264.0,38292.0,2.242,302.9,12.81,3.1,3.53,2.0,-1.0,13.65,0.021,0.22,3.0,2.0,0.0,0.0,19.05,18.66,17.97,18.47,18.3,21.03,18.19,18.96,18.3,36.96
2016-06-09 20:20:00-05:00,-12.474457,-6.1081543,506133,21.86,0.0,0.407,21.67,9.22,275.3,273.8,271.4,0.0,0.0,0.0,9.37,0.0,60.15,0.0,1384539.0,21.65,0.0,0.0,0.0,0.0,0.0,0.0,0.0,0.0,0.0,0.0,21.26,18.61,-0.038,0.0,0.0,0.0,60.0,59.9,74.7,0.0,274.0,273.0,274.0,0.0,0.0,0.0,602.0,1375028.0,41236.0,126878.0,1.0,0.979,0.748,0.921,0.01,0.011,0.012,0.013,0.018,0.015,0.017,0.0,0.0,0.0,0.0,0.0,0.0,0.0,43568.0,44232.0,43790.0,43640.0,44525.0,42264.0,38292.0,1.955,308.0,13.38,3.2,3.53,2.0,-1.0,13.65,0.021,0.22,3.0,2.0,0.0,0.0,19.1,18.57,17.91,18.38,18.23,20.95,18.1,18.87,18.29,36.89
2016-06-09 20:21:00-05:00,-12.712065,-6.1081543,506134,21.82,0.0,0.407,21.65,7.805,275.4,273.7,271.4,0.0,0.0,0.0,7.979,0.0,60.15,0.0,1384539.0,21.59,0.0,0.0,0.0,0.0,0.0,0.0,0.0,0.0,0.0,0.0,21.28,18.64,-0.038,0.0,0.0,0.0,60.0,59.9,74.7,0.0,274.0,273.0,274.0,0.0,0.0,0.0,602.0,1375028.0,41236.0,126878.0,1.0,0.979,0.748,0.921,0.009,0.011,0.012,0.013,0.018,0.015,0.016,0.0,0.0,0.0,0.0,0.0,0.0,0.0,43568.0,44232.0,43790.0,43640.0,44525.0,42264.0,38292.0,2.463,308.6,11.2,4.2,3.53,2.0,-1.0,13.65,0.045,0.22,3.0,2.0,0.0,0.0,19.16,18.54,17.91,18.28,18.17,20.9,18.05,18.77,18.35,36.81
2016-06-09 20:22:00-05:00,-12.712065,-6.1081543,506135,21.75,0.0,0.407,21.59,6.63,275.4,274.0,271.6,0.0,0.0,0.0,6.944,0.0,60.21,0.0,1384539.0,21.62,0.0,0.0,0.0,0.0,0.0,0.0,0.0,0.0,0.0,0.0,21.21,18.71,-0.038,0.0,0.0,0.0,60.0,59.9,74.7,0.0,274.0,273.0,274.1,0.0,0.0,0.0,602.0,1375028.0,41236.0,126878.0,1.0,0.979,0.748,0.921,0.009,0.011,0.011,0.013,0.018,0.015,0.017,0.0,0.0,0.0,0.0,0.0,0.0,0.0,43568.0,44232.0,43790.0,43640.0,44525.0,42264.0,38292.0,2.078,299.7,10.13,3.2,3.53,2.0,-1.0,13.68,0.033,0.219,3.0,2.0,0.0,0.0,19.21,18.54,17.84,18.28,18.12,20.9,17.99,18.72,18.4,36.7
2016-06-09 20:23:00-05:00,-12.830869,-6.1081543,506136,21.71,0.0,0.407,21.61,5.664,275.5,274.2,271.8,0.0,0.0,0.0,5.998,0.0,60.21,0.0,1384539.0,21.62,0.0,0.0,0.0,0.0,0.0,0.0,0.0,0.0,0.0,0.0,21.21,18.8,-0.037,0.0,0.0,0.0,60.0,59.9,74.7,0.0,274.0,273.4,275.0,0.0,0.0,0.0,602.0,1375028.0,41236.0,126878.0,1.0,0.979,0.748,0.921,0.008,0.01,0.012,0.014,0.018,0.015,0.017,0.0,0.0,0.0,0.0,0.0,0.0,0.0,43568.0,44232.0,43790.0,43640.0,44525.0,42264.0,38292.0,2.722,300.9,9.07,4.2,3.53,2.0,-1.0,13.68,0.025,0.219,3.0,2.0,0.0,0.0,19.31,18.62,17.82,18.28,18.15,20.85,18.02,18.74,18.35,36.63
2016-06-09 20:24:00-05:00,-12.712065,-6.1081543,506137,21.67,0.0,0.407,21.52,4.857,275.5,274.1,271.7,0.0,0.0,0.0,5.199,0.0,60.2,0.0,1384539.0,21.7,0.0,0.0,0.0,0.0,0.0,0.0,0.0,0.0,0.0,0.0,21.14,18.56,-0.038,0.0,0.0,0.0,60.0,59.9,74.7,0.0,274.0,273.3,274.9,0.0,0.0,0.0,602.0,1375028.0,41236.0,126878.0,1.0,0.979,0.748,0.921,0.009,0.011,0.012,0.012,0.017,0.015,0.016,0.0,0.0,0.0,0.0,0.0,0.0,0.0,43568.0,44232.0,43790.0,43640.0,44525.0,42264.0,38292.0,1.893,303.6,8.23,2.6,3.53,2.0,-1.0,13.68,0.024,0.219,3.0,2.0,0.0,0.0,19.14,18.55,17.81,18.25,18.1,20.82,17.99,18.69,18.4,36.51
2016-06-09 20:25:00-05:00,-12.712065,-6.1081543,506138,21.63,0.0,0.407,21.63,4.153,275.7,274.3,271.9,0.0,0.0,0.0,4.585,0.0,60.22,0.0,1384539.0,21.68,0.0,0.0,0.0,0.0,0.0,0.0,0.0,0.0,0.0,0.0,21.2,18.61,-0.037,0.0,0.0,0.0,60.0,59.9,74.7,0.0,274.0,273.8,275.0,0.0,0.0,0.0,602.0,1375028.0,41236.0,126878.0,1.0,0.979,0.748,0.921,0.009,0.011,0.012,0.013,0.018,0.015,0.017,0.0,0.0,0.0,0.0,0.0,0.0,0.0,43568.0,44232.0,43790.0,43640.0,44525.0,42264.0,38292.0,1.933,301.9,9.15,2.5,3.53,2.0,-1.0,13.68,0.023,0.219,3.0,2.0,0.0,0.0,19.19,18.47,17.71,18.19,18.07,20.8,17.91,18.69,18.27,36.47
2016-06-09 20:26:00-05:00,-12.830869,-6.1081543,506139,21.6,0.0,0.407,21.61,3.532,275.7,274.5,272.0,0.0,0.0,0.0,4.043,0.0,60.16,0.0,1384539.0,21.56,0.0,0.0,0.0,0.0,0.0,0.0,0.0,0.0,0.0,0.0,21.19,18.65,-0.037,0.0,0.0,0.0,60.0,59.9,74.7,0.0,274.1,274.0,275.0,0.0,0.0,0.0,602.0,1375028.0,41236.0,126878.0,1.0,0.979,0.748,0.921,0.009,0.01,0.012,0.013,0.018,0.015,0.017,0.0,0.0,0.0,0.0,0.0,0.0,0.0,43568.0,44232.0,43790.0,43640.0,44525.0,42264.0,38292.0,2.025,300.6,16.75,2.9,3.531,2.0,-1.0,13.68,0.023,0.219,3.0,2.0,0.0,0.0,19.16,18.48,17.71,18.18,18.0,20.87,17.94,18.67,18.22,36.35
2016-06-09 20:27:00-05:00,-12.712065,-6.1081543,506140,21.55,0.0,0.407,21.55,3.03,275.7,274.2,271.9,0.0,0.0,0.0,3.649,0.0,60.2,0.0,1384539.0,21.72,0.0,0.0,0.0,0.0,0.0,0.0,0.0,0.0,0.0,0.0,21.15,18.65,-0.038,0.0,0.0,0.0,60.0,59.9,74.7,0.0,274.0,273.9,275.0,0.0,0.0,0.0,602.0,1375028.0,41236.0,126878.0,1.0,0.979,0.748,0.921,0.009,0.01,0.012,0.013,0.018,0.015,0.016,0.0,0.0,0.0,0.0,0.0,0.0,0.0,43568.0,44232.0,43790.0,43640.0,44525.0,42264.0,38292.0,2.363,311.3,16.99,3.7,3.531,2.0,-1.0,13.68,0.023,0.219,3.0,2.0,0.0,0.0,19.19,18.49,17.71,18.2,18.0,20.87,17.94,18.69,18.24,36.27
2016-06-09 20:28:00-05:00,-12.712065,-6.1081543,506141,21.52,0.0,0.407,21.79,2.644,275.5,274.2,271.8,0.0,0.0,0.0,3.282,0.0,60.21,0.0,1384539.0,21.64,0.0,0.0,0.0,0.0,0.0,0.0,0.0,0.0,0.0,0.0,21.37,18.97,-0.038,0.0,0.0,0.0,60.0,59.9,74.7,0.0,274.0,273.8,274.9,0.0,0.0,0.0,602.0,1375028.0,41236.0,126878.0,1.0,0.979,0.748,0.921,0.008,0.01,0.012,0.013,0.018,0.015,0.017,0.0,0.0,0.0,0.0,0.0,0.0,0.0,43568.0,44232.0,43790.0,43640.0,44525.0,42264.0,38292.0,2.967,296.3,11.47,4.7,3.531,2.0,-1.0,13.68,0.023,0.219,3.0,2.0,0.0,0.0,19.37,18.59,17.73,18.19,18.07,20.87,17.94,18.77,18.22,36.19
2016-06-09 20:29:00-05:00,-12.236848,-6.1081543,506142,21.48,0.0,0.407,21.76,2.305,275.5,274.1,271.7,0.0,0.0,0.0,2.835,0.0,60.21,0.0,1384539.0,21.69,0.0,0.0,0.0,0.0,0.0,0.0,0.0,0.0,0.0,0.0,21.34,18.97,-0.038,0.0,0.0,0.0,60.0,59.9,74.7,0.0,274.0,273.3,274.8,0.0,0.0,0.0,602.0,1375028.0,41236.0,126878.0,1.0,0.979,0.748,0.921,0.008,0.01,0.013,0.013,0.018,0.015,0.017,0.0,0.0,0.0,0.0,0.0,0.0,0.0,43568.0,44232.0,43790.0,43640.0,44525.0,42264.0,38292.0,1.97,311.9,14.95,3.1,3.53,2.0,-1.0,13.68,0.022,0.219,3.0,2.0,0.0,0.0,19.42,18.71,17.84,18.3,18.15,21.06,18.04,18.88,18.37,36.09
2016-06-09 20:30:00-05:00,-11.999239,-5.771925,506143,21.44,0.0,0.407,21.77,2.022,275.3,274.0,271.6,0.0,0.0,0.0,2.818,0.0,60.15,0.0,1384539.0,21.7,0.0,0.0,0.0,0.0,0.0,0.0,0.0,0.0,0.0,0.0,21.36,18.91,-0.037,0.0,0.0,0.0,60.0,59.9,74.7,0.0,274.0,273.0,274.4,0.0,0.0,0.0,602.0,1375028.0,41236.0,126878.0,1.0,0.979,0.748,0.921,0.008,0.011,0.012,0.013,0.018,0.015,0.017,0.0,0.0,0.0,0.0,0.0,0.0,0.0,43568.0,44232.0,43790.0,43640.0,44525.0,42264.0,38292.0,2.373,311.3,13.22,3.2,3.53,2.0,-1.0,13.68,0.022,0.219,3.0,2.0,0.0,0.0,19.37,18.66,17.81,18.25,18.1,20.94,18.05,18.84,18.37,35.98
2016-06-09 20:31:00-05:00,-12.236848,-5.771925,506144,21.41,0.0,0.407,21.72,1.759,275.7,273.8,271.4,0.0,0.0,0.0,2.544,0.0,60.14,0.0,1384539.0,21.64,0.0,0.0,0.0,0.0,0.0,0.0,0.0,0.0,0.0,0.0,21.34,18.95,-0.038,0.0,0.0,0.0,60.0,59.9,74.7,0.0,274.0,273.3,274.5,0.0,0.0,0.0,602.0,1375028.0,41236.0,126878.0,1.0,0.979,0.748,0.921,0.009,0.011,0.011,0.013,0.018,0.015,0.016,0.0,0.0,0.0,0.0,0.0,0.0,0.0,43568.0,44232.0,43790.0,43640.0,44525.0,42264.0,38292.0,1.977,295.5,12.63,2.9,3.53,2.0,-1.0,13.68,0.022,0.219,3.0,2.0,0.0,0.0,19.42,18.64,17.74,18.17,18.05,20.89,17.99,18.7,18.35,35.89
2016-06-09 20:32:00-05:00,-12.355653,-6.1081543,506145,21.38,0.0,0.407,21.63,1.684,275.6,274.3,271.9,0.0,0.0,0.0,2.239,0.0,60.21,0.0,1384539.0,21.67,0.0,0.0,0.0,0.0,0.0,0.0,0.0,0.0,0.0,0.0,21.23,18.98,-0.037,0.0,0.0,0.0,60.0,59.9,74.7,0.0,274.0,273.9,275.0,0.0,0.0,0.0,602.0,1375028.0,41236.0,126878.0,1.0,0.979,0.748,0.921,0.009,0.01,0.012,0.013,0.018,0.015,0.016,0.0,0.0,0.0,0.0,0.0,0.0,0.0,43568.0,44232.0,43790.0,43640.0,44525.0,42264.0,38292.0,3.253,308.7,15.23,5.2,3.53,2.0,-1.0,13.68,0.022,0.219,3.0,2.0,0.0,0.0,19.45,18.64,17.75,18.17,18.1,20.93,17.94,18.74,18.3,35.81
2016-06-09 20:33:00-05:00,-12.355653,-5.8840017,506146,21.34,0.0,0.407,21.62,1.62,275.9,274.4,272.1,0.0,0.0,0.0,2.173,0.0,60.18,0.0,1384539.0,21.76,0.0,0.0,0.0,0.0,0.0,0.0,0.0,0.0,0.0,0.0,21.24,19.18,-0.038,0.0,0.0,0.0,60.0,59.9,74.7,0.0,274.5,274.0,275.0,0.0,0.0,0.0,602.0,1375028.0,41236.0,126878.0,1.0,0.979,0.748,0.921,0.008,0.011,0.012,0.012,0.017,0.015,0.016,0.0,0.0,0.0,0.0,0.0,0.0,0.0,43568.0,44232.0,43790.0,43640.0,44525.0,42264.0,38292.0,3.758,299.2,10.43,6.1,3.53,2.0,-1.0,13.68,0.022,0.219,3.0,2.0,0.0,0.0,19.54,18.72,17.81,18.23,18.13,20.96,18.0,18.82,18.5,35.71
2016-06-09 20:34:00-05:00,-11.999239,-5.6598487,506147,21.31,0.0,0.407,21.58,1.444,276.2,274.5,272.1,0.0,0.0,0.0,2.075,0.0,60.15,0.0,1384539.0,21.56,0.0,0.0,0.0,0.0,0.0,0.0,0.0,0.0,0.0,0.0,21.17,19.21,-0.038,0.0,0.0,0.0,60.0,59.9,74.7,0.0,274.6,274.0,275.0,0.0,0.0,0.0,602.0,1375028.0,41236.0,126878.0,1.0,0.979,0.748,0.921,0.009,0.01,0.012,0.012,0.018,0.015,0.016,0.0,0.0,0.0,0.0,0.0,0.0,0.0,43568.0,44232.0,43790.0,43640.0,44525.0,42264.0,38292.0,3.127,307.3,7.225,4.8,3.528,2.0,-1.0,13.68,0.022,0.219,3.0,2.0,0.0,0.0,19.61,18.88,17.91,18.38,18.28,21.14,18.07,18.96,18.61,35.62
2016-06-09 20:35:00-05:00,-11.999239,-5.6598487,506148,21.28,0.0,0.407,21.57,1.35,276.0,274.8,272.4,0.0,0.0,0.0,1.847,0.0,60.22,0.0,1384539.0,21.69,0.0,0.0,0.0,0.0,0.0,0.0,0.0,0.0,0.0,0.0,21.16,19.21,-0.038,0.0,0.0,0.0,60.0,59.9,74.7,0.0,275.0,274.0,275.0,0.0,0.0,0.0,602.0,1375028.0,41236.0,126878.0,1.0,0.979,0.748,0.921,0.009,0.011,0.013,0.013,0.018,0.015,0.017,0.0,0.0,0.0,0.0,0.0,0.0,0.0,43568.0,44232.0,43790.0,43640.0,44525.0,42264.0,38292.0,2.713,308.8,19.94,4.4,3.53,2.0,-1.0,13.68,0.022,0.219,3.0,2.0,0.0,0.0,19.6,18.96,17.94,18.4,18.3,21.14,18.12,18.9,18.66,35.52
2016-06-09 20:36:00-05:00,-11.999239,-5.6598487,506149,21.25,0.0,0.407,21.44,1.298,275.5,274.1,271.7,0.0,0.0,0.0,1.739,0.0,60.14,0.0,1384539.0,21.64,0.0,0.0,0.0,0.0,0.0,0.0,0.0,0.0,0.0,0.0,21.11,18.99,-0.037,0.0,0.0,0.0,60.0,59.9,74.7,0.0,274.2,273.3,274.6,0.0,0.0,0.0,602.0,1375028.0,41236.0,126878.0,1.0,0.979,0.748,0.921,0.008,0.011,0.012,0.013,0.019,0.015,0.016,0.0,0.0,0.0,0.0,0.0,0.0,0.0,43568.0,44232.0,43790.0,43640.0,44525.0,42264.0,38292.0,2.483,306.4,7.957,3.6,3.53,2.0,-1.0,13.69,0.022,0.219,3.0,2.0,0.0,0.0,19.46,18.92,17.96,18.4,18.25,21.15,18.17,18.88,18.61,35.45
2016-06-09 20:37:00-05:00,-11.999239,-5.6598487,506150,21.23,0.0,0.407,21.57,1.091,275.7,274.1,271.6,0.0,0.0,0.0,1.66,0.0,60.17,0.0,1384539.0,21.72,0.0,0.0,0.0,0.0,0.0,0.0,0.0,0.0,0.0,0.0,21.17,18.94,-0.038,0.0,0.0,0.0,60.0,59.9,74.7,0.0,274.0,273.6,274.9,0.0,0.0,0.0,602.0,1375028.0,41236.0,126878.0,1.0,0.979,0.748,0.921,0.009,0.009,0.012,0.013,0.018,0.015,0.016,0.0,0.0,0.0,0.0,0.0,0.0,0.0,43568.0,44232.0,43790.0,43640.0,44525.0,42264.0,38292.0,2.518,302.5,10.52,3.7,3.531,2.0,-1.0,13.68,0.022,0.219,3.0,2.0,0.0,0.0,19.39,18.8,17.91,18.31,18.2,21.04,18.08,18.79,18.58,35.32
2016-06-09 20:38:00-05:00,-11.999239,-5.6598487,506151,21.19,0.0,0.407,21.61,1.08,275.7,274.1,271.7,0.0,0.0,0.0,1.608,0.0,60.16,0.0,1384539.0,21.66,0.0,0.0,0.0,0.0,0.0,0.0,0.0,0.0,0.0,0.0,21.21,18.91,-0.038,0.0,0.0,0.0,60.0,59.9,74.7,0.0,274.0,273.9,275.0,0.0,0.0,0.0,602.0,1375028.0,41236.0,126878.0,1.0,0.979,0.748,0.921,0.008,0.01,0.011,0.013,0.018,0.015,0.015,0.0,0.0,0.0,0.0,0.0,0.0,0.0,43568.0,44232.0,43790.0,43640.0,44525.0,42264.0,38292.0,2.98,296.3,7.135,4.6,3.53,2.0,-1.0,13.68,0.022,0.219,3.0,2.0,0.0,0.0,19.41,18.75,17.91,18.32,18.18,21.04,18.04,18.82,18.51,35.22
2016-06-09 20:39:00-05:00,-11.999239,-5.6598487,506152,21.17,0.0,0.407,21.49,1.08,275.6,274.3,271.8,0.0,0.0,0.0,1.608,0.0,60.14,0.0,1384539.0,21.63,0.0,0.0,0.0,0.0,0.0,0.0,0.0,0.0,0.0,0.0,21.08,18.88,-0.038,0.0,0.0,0.0,60.0,59.9,74.7,0.0,274.0,274.0,275.0,0.0,0.0,0.0,602.0,1375028.0,41236.0,126878.0,1.0,0.979,0.748,0.921,0.008,0.01,0.012,0.013,0.019,0.014,0.015,0.0,0.0,0.0,0.0,0.0,0.0,0.0,43568.0,44232.0,43790.0,43640.0,44525.0,42264.0,38292.0,3.488,303.0,14.83,5.9,3.53,2.0,-1.0,13.68,0.022,0.219,3.0,2.0,0.0,0.0,19.35,18.69,17.96,18.3,18.17,21.04,18.02,18.81,18.55,35.13
2016-06-09 20:40:00-05:00,-11.999239,-5.6598487,506153,21.13,0.0,0.407,21.54,1.08,275.8,274.3,271.9,0.0,0.0,0.0,1.608,0.0,60.14,0.0,1384539.0,21.7,0.0,0.0,0.0,0.0,0.0,0.0,0.0,0.0,0.0,0.0,21.17,19.0,-0.038,0.0,0.0,0.0,60.0,59.9,74.7,0.0,274.0,274.0,275.0,0.0,0.0,0.0,602.0,1375028.0,41236.0,126878.0,1.0,0.979,0.748,0.921,0.009,0.01,0.012,0.013,0.017,0.015,0.016,0.0,0.0,0.0,0.0,0.0,0.0,0.0,43568.0,44232.0,43790.0,43640.0,44525.0,42264.0,38292.0,2.857,299.3,8.53,4.7,3.531,2.0,-1.0,13.68,0.022,0.219,3.0,2.0,0.0,0.0,19.41,18.72,17.96,18.37,18.22,21.02,18.05,18.79,18.53,35.03
2016-06-09 20:41:00-05:00,-11.999239,-5.6598487,506154,21.11,0.0,0.407,21.52,1.08,275.7,274.2,271.9,0.0,0.0,0.0,1.608,0.0,60.15,0.0,1384539.0,21.68,0.0,0.0,0.0,0.0,0.0,0.0,0.0,0.0,0.0,0.0,21.12,18.95,-0.036,0.0,0.0,0.0,60.0,59.9,74.7,0.0,274.2,273.9,274.9,0.0,0.0,0.0,602.0,1375028.0,41236.0,126878.0,1.0,0.979,0.748,0.921,0.009,0.01,0.012,0.012,0.017,0.014,0.016,0.0,0.0,0.0,0.0,0.0,0.0,0.0,43568.0,44232.0,43790.0,43640.0,44525.0,42264.0,38292.0,2.838,299.3,9.16,4.2,3.531,2.0,-1.0,13.68,0.022,0.219,3.0,2.0,0.0,0.0,19.41,18.7,17.93,18.31,18.25,21.07,18.05,18.83,18.48,34.94
2016-06-09 20:42:00-05:00,-11.999239,-5.6598487,506155,21.08,0.0,0.407,21.45,0.882,275.6,274.3,271.9,0.0,0.0,0.0,1.595,0.0,60.13,0.0,1384539.0,21.76,0.0,0.0,0.0,0.0,0.0,0.0,0.0,0.0,0.0,0.0,21.03,18.93,-0.036,0.0,0.0,0.0,60.0,59.9,74.7,0.0,274.0,274.0,275.0,0.0,0.0,0.0,602.0,1375028.0,41236.0,126878.0,1.0,0.979,0.748,0.921,0.01,0.011,0.011,0.012,0.017,0.014,0.017,0.0,0.0,0.0,0.0,0.0,0.0,0.0,43568.0,44232.0,43790.0,43640.0,44525.0,42264.0,38292.0,2.97,306.7,10.11,4.6,3.53,2.0,-1.0,13.68,0.022,0.219,3.0,2.0,0.0,0.0,19.36,18.69,18.01,18.37,18.27,21.0,18.06,18.77,18.5,34.85
2016-06-09 20:43:00-05:00,-11.999239,-5.6598487,506156,21.06,0.0,0.407,21.38,0.81,275.8,274.1,271.8,0.0,0.0,0.0,1.601,0.0,60.12,0.0,1384539.0,21.77,0.0,0.0,0.0,0.0,0.0,0.0,0.0,0.0,0.0,0.0,20.96,18.74,-0.037,0.0,0.0,0.0,60.0,59.9,74.7,0.0,274.0,274.0,275.0,0.0,0.0,0.0,602.0,1375028.0,41236.0,126878.0,1.0,0.979,0.748,0.921,0.009,0.01,0.011,0.013,0.017,0.015,0.016,0.0,0.0,0.0,0.0,0.0,0.0,0.0,43568.0,44232.0,43790.0,43640.0,44525.0,42264.0,38292.0,2.455,299.6,14.02,3.7,3.53,2.0,-1.0,13.68,0.022,0.219,3.0,2.0,0.0,0.0,19.26,18.55,17.91,18.3,18.15,20.94,17.99,18.7,18.46,34.75
2016-06-09 20:44:00-05:00,-11.999239,-5.6598487,506157,21.03,0.0,0.407,21.45,0.81,275.4,274.1,271.7,0.0,0.0,0.0,1.607,0.0,60.15,0.0,1384539.0,21.7,0.0,0.0,0.0,0.0,0.0,0.0,0.0,0.0,0.0,0.0,21.08,18.77,-0.038,0.0,0.0,0.0,60.0,59.9,74.7,0.0,274.0,273.2,274.9,0.0,0.0,0.0,602.0,1375028.0,41236.0,126878.0,1.0,0.979,0.748,0.921,0.008,0.01,0.012,0.013,0.018,0.015,0.016,0.0,0.0,0.0,0.0,0.0,0.0,0.0,43568.0,44232.0,43790.0,43640.0,44525.0,42264.0,38292.0,2.242,298.7,14.7,3.2,3.53,2.0,-1.0,13.68,0.022,0.219,3.0,2.0,0.0,0.0,19.22,18.54,17.88,18.3,18.17,20.96,17.91,18.78,18.37,34.7
2016-06-09 20:45:00-05:00,-11.999239,-5.6598487,506158,21.01,0.0,0.407,21.42,0.81,275.4,274.1,271.7,0.0,0.0,0.0,1.606,0.0,60.17,0.0,1384539.0,21.73,0.0,0.0,0.0,0.0,0.0,0.0,0.0,0.0,0.0,0.0,21.01,18.62,-0.038,0.0,0.0,0.0,60.0,59.9,74.7,0.0,274.0,273.2,274.7,0.0,0.0,0.0,602.0,1375028.0,41236.0,126878.0,1.0,0.979,0.748,0.921,0.009,0.01,0.013,0.012,0.017,0.015,0.015,0.0,0.0,0.0,0.0,0.0,0.0,0.0,43568.0,44232.0,43790.0,43640.0,44525.0,42264.0,38292.0,2.403,295.4,12.02,3.3,3.53,2.0,-1.0,13.68,0.022,0.219,3.0,2.0,0.0,0.0,19.05,18.48,17.85,18.27,18.14,20.91,17.91,18.74,18.24,34.6
2016-06-09 20:46:00-05:00,-12.474457,-5.9960775,506159,20.98,0.0,0.407,21.39,0.81,275.5,274.4,272.0,0.0,0.0,0.0,1.588,0.0,60.21,0.0,1384539.0,21.69,0.0,0.0,0.0,0.0,0.0,0.0,0.0,0.0,0.0,0.0,20.99,18.41,-0.037,0.0,0.0,0.0,60.0,59.9,74.7,0.0,274.0,274.0,275.0,0.0,0.0,0.0,602.0,1375028.0,41236.0,126878.0,1.0,0.979,0.748,0.921,0.008,0.01,0.012,0.013,0.017,0.014,0.016,0.0,0.0,0.0,0.0,0.0,0.0,0.0,43568.0,44232.0,43790.0,43640.0,44525.0,42264.0,38292.0,1.827,305.1,11.25,2.8,3.531,2.0,-1.0,13.68,0.022,0.219,3.0,2.0,0.0,0.0,18.86,18.26,17.73,18.11,17.99,20.69,17.78,18.46,18.19,34.5
2016-06-09 20:47:00-05:00,-12.830869,-6.1081543,506160,20.95,0.0,0.412,21.38,0.81,275.7,274.5,272.2,0.0,0.0,0.0,1.6,0.0,60.21,0.0,1384539.0,21.71,0.0,0.0,0.0,0.0,0.0,0.0,0.0,0.0,0.0,0.0,20.93,18.28,-0.037,0.0,0.0,0.0,60.0,59.9,74.7,0.0,274.6,274.0,275.0,0.0,0.0,0.0,602.0,1375028.0,41236.0,126878.0,1.0,0.979,0.748,0.921,0.009,0.01,0.012,0.013,0.018,0.015,0.017,0.0,0.0,0.0,0.0,0.0,0.0,0.0,43568.0,44232.0,43790.0,43640.0,44525.0,42264.0,38292.0,1.48,291.5,16.0,2.2,3.53,2.0,-1.0,13.68,0.022,0.219,3.0,2.0,0.0,0.0,18.7,18.14,17.6,17.91,17.85,20.45,17.58,18.32,18.07,34.42
2016-06-09 20:48:00-05:00,-13.187283,-6.1081543,506161,20.92,0.0,0.411,21.32,0.81,276.3,274.3,272.0,0.0,0.0,0.0,1.587,0.0,60.16,0.0,1384539.0,21.65,0.0,0.0,0.0,0.0,0.0,0.0,0.0,0.0,0.0,0.0,20.87,18.23,-0.037,0.0,0.0,0.0,60.0,59.9,74.7,0.0,275.0,274.0,275.0,0.0,0.0,0.0,602.0,1375028.0,41236.0,126878.0,1.0,0.979,0.748,0.921,0.009,0.01,0.011,0.013,0.018,0.014,0.016,0.0,0.0,0.0,0.0,0.0,0.0,0.0,43568.0,44232.0,43790.0,43640.0,44525.0,42264.0,38292.0,1.808,292.7,15.11,3.0,3.531,2.0,-1.0,13.68,0.021,0.219,3.0,2.0,0.0,0.0,18.68,18.09,17.47,17.83,17.8,20.45,17.54,18.24,17.86,34.34
2016-06-09 20:49:00-05:00,-13.187283,-6.22023,506162,20.89,0.0,0.411,21.19,0.81,276.3,274.6,272.2,0.0,0.0,0.0,1.591,0.0,60.13,0.0,1384539.0,21.66,0.0,0.0,0.0,0.0,0.0,0.0,0.0,0.0,0.0,0.0,20.77,18.19,-0.038,0.0,0.0,0.0,60.0,59.9,74.7,0.0,275.0,274.0,275.0,0.0,0.0,0.0,602.0,1375028.0,41236.0,126878.0,1.0,0.979,0.748,0.921,0.009,0.009,0.011,0.012,0.018,0.015,0.016,0.0,0.0,0.0,0.0,0.0,0.0,0.0,43568.0,44232.0,43790.0,43640.0,44525.0,42264.0,38292.0,2.423,292.5,10.98,4.1,3.53,2.0,-1.0,13.68,0.021,0.219,3.0,2.0,0.0,0.0,18.62,18.16,17.46,17.88,17.8,20.5,17.57,18.32,17.83,34.28
2016-06-09 20:50:00-05:00,-13.068479,-6.1081543,506163,20.87,0.0,0.41,21.17,0.81,276.5,274.6,272.3,0.0,0.0,0.0,1.565,0.0,60.13,0.0,1384539.0,21.78,0.0,0.0,0.0,0.0,0.0,0.0,0.0,0.0,0.0,0.0,20.79,18.08,-0.037,0.0,0.0,0.0,60.0,59.9,74.7,0.0,275.0,274.0,275.0,0.0,0.0,0.0,602.0,1375028.0,41236.0,126878.0,1.0,0.979,0.748,0.921,0.009,0.01,0.011,0.012,0.017,0.015,0.016,0.0,0.0,0.0,0.0,0.0,0.0,0.0,43568.0,44232.0,43790.0,43640.0,44525.0,42264.0,38292.0,1.808,293.3,13.36,3.1,3.53,2.0,-1.0,13.68,0.021,0.219,3.0,2.0,0.0,0.0,18.5,18.17,17.43,17.91,17.82,20.42,17.6,18.34,17.81,34.21
2016-06-09 20:51:00-05:00,-12.712065,-6.1081543,506164,20.84,0.0,0.419,21.14,0.81,276.4,274.9,272.5,0.0,0.0,0.0,1.543,0.0,60.2,0.0,1384539.0,21.73,0.0,0.0,0.0,0.0,0.0,0.0,0.0,0.0,0.0,0.0,20.71,17.88,-0.038,0.0,0.0,0.0,60.0,59.9,74.7,0.0,275.0,274.0,275.3,0.0,0.0,0.0,602.0,1375028.0,41236.0,126878.0,1.0,0.979,0.748,0.921,0.009,0.01,0.011,0.012,0.017,0.014,0.016,0.0,0.0,0.0,0.0,0.0,0.0,0.0,43568.0,44232.0,43790.0,43640.0,44525.0,42264.0,38292.0,1.625,285.2,10.68,2.3,3.53,2.0,-1.0,13.69,0.021,0.219,3.0,2.0,0.0,0.0,18.31,18.09,17.43,17.85,17.77,20.39,17.59,18.29,17.65,34.11
2016-06-09 20:52:00-05:00,-12.712065,-6.1081543,506165,20.8,0.0,0.418,21.09,0.81,276.6,275.0,272.6,0.0,0.0,0.0,1.544,0.0,60.23,0.0,1384539.0,21.73,0.0,0.0,0.0,0.0,0.0,0.0,0.0,0.0,0.0,0.0,20.69,17.77,-0.038,0.0,0.0,0.0,60.0,59.9,74.7,0.0,275.0,274.1,275.9,0.0,0.0,0.0,602.0,1375028.0,41236.0,126878.0,1.0,0.979,0.748,0.921,0.009,0.01,0.012,0.012,0.018,0.014,0.016,0.0,0.0,0.0,0.0,0.0,0.0,0.0,43568.0,44232.0,43790.0,43640.0,44525.0,42264.0,38292.0,1.497,295.4,18.69,2.7,3.531,2.0,-1.0,13.68,0.021,0.219,3.0,2.0,0.0,0.0,18.16,17.87,17.38,17.75,17.65,20.26,17.47,18.17,17.59,34.05
2016-06-09 20:53:00-05:00,-12.830869,-6.1081543,506166,20.78,0.0,0.418,21.05,0.81,276.6,275.1,272.6,0.0,0.0,0.0,1.567,0.0,60.23,0.0,1384539.0,21.68,0.0,0.0,0.0,0.0,0.0,0.0,0.0,0.0,0.0,0.0,20.67,17.69,-0.038,0.0,0.0,0.0,60.0,59.9,74.7,0.0,275.0,274.1,275.5,0.0,0.0,0.0,602.0,1375028.0,41236.0,126878.0,1.0,0.979,0.748,0.921,0.009,0.009,0.012,0.012,0.018,0.014,0.016,0.0,0.0,0.0,0.0,0.0,0.0,0.0,43568.0,44232.0,43790.0,43640.0,44525.0,42264.0,38292.0,2.058,297.9,19.14,3.1,3.531,2.0,-1.0,13.68,0.021,0.219,3.0,2.0,0.0,0.0,18.1,17.82,17.26,17.67,17.56,20.22,17.41,18.08,17.53,33.95
2016-06-09 20:54:00-05:00,-13.068479,-6.1081543,506167,20.75,0.0,0.42,21.04,0.81,276.6,275.1,272.7,0.0,0.0,0.0,1.531,0.0,60.23,0.0,1384539.0,21.71,0.0,0.0,0.0,0.0,0.0,0.0,0.0,0.0,0.0,0.0,20.64,17.69,-0.038,0.0,0.0,0.0,60.0,59.9,74.7,0.0,275.0,274.4,276.0,0.0,0.0,0.0,602.0,1375028.0,41236.0,126878.0,1.0,0.979,0.748,0.921,0.008,0.01,0.011,0.012,0.017,0.014,0.016,0.0,0.0,0.0,0.0,0.0,0.0,0.0,43568.0,44232.0,43790.0,43640.0,44525.0,42264.0,38292.0,1.995,290.3,9.96,2.9,3.531,2.0,-1.0,13.68,0.021,0.219,3.0,2.0,0.0,0.0,18.08,17.82,17.21,17.59,17.52,19.83,17.33,18.04,17.51,33.92
2016-06-09 20:55:00-05:00,-12.712065,-6.1081543,506168,20.72,0.0,0.423,20.86,0.81,276.6,275.1,272.7,0.0,0.0,0.0,1.518,0.0,60.17,0.0,1384539.0,21.78,0.0,0.0,0.0,0.0,0.0,0.0,0.0,0.0,0.0,0.0,20.4,17.5,-0.038,0.0,0.0,0.0,60.0,59.9,74.7,0.0,275.0,274.2,276.0,0.0,0.0,0.0,602.0,1375028.0,41236.0,126878.0,1.0,0.979,0.748,0.921,0.009,0.01,0.011,0.012,0.017,0.015,0.015,0.0,0.0,0.0,0.0,0.0,0.0,0.0,43568.0,44232.0,43790.0,43640.0,44525.0,42264.0,38292.0,1.463,297.0,11.32,2.0,3.53,2.0,-1.0,13.68,0.021,0.219,3.0,2.0,0.0,0.0,17.88,17.8,17.22,17.62,17.54,19.9,17.33,18.13,17.46,33.82
2016-06-09 20:56:00-05:00,-12.712065,-6.1081543,506169,20.69,0.0,0.427,20.79,0.85,276.2,274.5,272.1,0.0,0.0,0.0,1.575,0.0,60.22,0.0,1384539.0,21.69,0.0,0.0,0.0,0.0,0.0,0.0,0.0,0.0,0.0,0.0,20.34,17.33,-0.037,0.0,0.0,0.0,60.0,59.9,74.7,0.0,274.6,274.0,275.1,0.0,0.0,0.0,602.0,1375028.0,41236.0,126878.0,1.0,0.979,0.748,0.921,0.008,0.009,0.011,0.013,0.017,0.015,0.015,0.0,0.0,0.0,0.0,0.0,0.0,0.0,43568.0,44232.0,43790.0,43640.0,44525.0,42264.0,38292.0,2.07,287.5,12.29,2.9,3.53,2.0,-1.0,13.68,0.021,0.219,3.0,2.0,0.0,0.0,17.74,17.72,17.2,17.62,17.43,19.85,17.33,18.08,17.4,33.75
2016-06-09 20:57:00-05:00,-12.712065,-6.1081543,506170,20.66,0.0,0.431,20.75,0.81,275.5,274.3,271.8,0.0,0.0,0.0,1.557,0.0,60.21,0.0,1384539.0,21.73,0.0,0.0,0.0,0.0,0.0,0.0,0.0,0.0,0.0,0.0,20.3,17.27,-0.037,0.0,0.0,0.0,60.0,59.9,74.7,0.0,274.0,273.8,275.0,0.0,0.0,0.0,602.0,1375028.0,41236.0,126878.0,1.0,0.979,0.748,0.921,0.008,0.01,0.012,0.012,0.017,0.015,0.015,0.0,0.0,0.0,0.0,0.0,0.0,0.0,43568.0,44232.0,43790.0,43640.0,44525.0,42264.0,38292.0,1.652,288.8,10.11,2.4,3.531,2.0,-1.0,13.68,0.021,0.219,3.0,2.0,0.0,0.0,17.66,17.67,17.08,17.54,17.44,19.77,17.29,18.13,17.34,33.7
2016-06-09 20:58:00-05:00,-12.355653,-6.1081543,506171,20.63,0.0,0.435,20.75,0.807,275.7,274.2,271.8,0.0,0.0,0.0,1.506,0.0,60.22,0.0,1384539.0,21.74,0.0,0.0,0.0,0.0,0.0,0.0,0.0,0.0,0.0,0.0,20.3,17.22,-0.038,0.0,0.0,0.0,60.0,59.9,74.7,0.0,274.0,274.0,275.0,0.0,0.0,0.0,602.0,1375028.0,41236.0,126878.0,1.0,0.979,0.748,0.921,0.009,0.01,0.011,0.012,0.018,0.015,0.015,0.0,0.0,0.0,0.0,0.0,0.0,0.0,43568.0,44232.0,43790.0,43640.0,44525.0,42264.0,38292.0,1.648,300.9,8.85,2.3,3.531,2.0,-1.0,13.68,0.021,0.219,3.0,2.0,0.0,0.0,17.61,17.65,17.1,17.52,17.46,19.99,17.25,18.08,17.33,33.59
2016-06-09 20:59:00-05:00,-12.712065,-6.1081543,506172,20.6,0.0,0.444,20.83,0.809,275.6,274.3,271.8,0.0,0.0,0.0,1.521,0.0,60.22,0.0,1384539.0,21.72,0.0,0.0,0.0,0.0,0.0,0.0,0.0,0.0,0.0,0.0,20.42,17.15,-0.038,0.0,0.0,0.0,60.0,59.9,74.7,0.0,274.0,274.0,275.0,0.0,0.0,0.0,602.0,1375028.0,41236.0,126878.0,1.0,0.979,0.748,0.921,0.008,0.01,0.012,0.013,0.018,0.014,0.016,0.0,0.0,0.0,0.0,0.0,0.0,0.0,43568.0,44232.0,43790.0,43640.0,44525.0,42264.0,38292.0,1.545,287.2,15.05,2.2,3.531,2.0,-1.0,13.68,0.021,0.219,3.0,2.0,0.0,0.0,17.52,17.46,16.99,17.44,17.36,19.77,17.13,17.88,17.28,33.56
2016-06-09 21:00:00-05:00,-12.712065,-6.1081543,506173,20.57,0.0,0.444,20.75,0.808,275.8,274.4,271.9,0.0,0.0,0.0,1.498,0.0,60.22,0.0,1384539.0,21.71,0.0,0.0,0.0,0.0,0.0,0.0,0.0,0.0,0.0,0.0,20.32,16.97,-0.036,0.0,0.0,0.0,60.0,59.9,74.7,0.0,274.1,274.0,275.0,0.0,0.0,0.0,602.0,1375028.0,41236.0,126878.0,1.0,0.979,0.748,0.921,0.008,0.009,0.011,0.012,0.017,0.013,0.015,0.0,0.0,0.0,0.0,0.0,0.0,0.0,43568.0,44232.0,43790.0,43640.0,44525.0,42264.0,38292.0,1.65,290.0,12.2,2.9,3.531,2.0,-1.0,13.68,0.021,0.219,3.0,2.0,0.0,0.0,17.39,17.43,16.89,17.38,17.26,19.61,17.05,17.82,17.15,33.46
2016-06-09 21:01:00-05:00,-12.949674,-6.1081543,506174,20.54,0.0,0.443,20.85,0.81,275.9,274.7,272.2,0.0,0.0,0.0,1.525,0.0,60.21,0.0,1384539.0,21.74,0.0,0.0,0.0,0.0,0.0,0.0,0.0,0.0,0.0,0.0,20.42,17.05,-0.022,0.0,0.0,0.0,60.0,59.9,74.7,0.0,274.9,274.0,275.0,0.0,0.0,0.0,602.0,1375028.0,41236.0,126878.0,1.0,0.979,0.748,0.921,0.009,0.01,0.011,0.012,0.017,0.015,0.015,0.0,0.0,0.0,0.0,0.0,0.0,0.0,43568.0,44232.0,43790.0,43640.0,44525.0,42264.0,38292.0,1.435,299.2,10.03,2.6,3.53,2.0,-1.0,13.68,0.021,0.219,3.0,2.0,0.0,0.0,17.38,17.39,16.84,17.28,17.28,19.57,17.04,17.78,17.13,33.39
2016-06-09 21:02:00-05:00,-13.187283,-6.1081543,506175,20.51,0.0,0.446,20.81,0.808,275.9,274.5,272.0,0.0,0.0,0.0,1.547,0.0,60.22,0.0,1384539.0,21.74,0.0,0.0,0.0,0.0,0.0,0.0,0.0,0.0,0.0,0.0,20.35,16.98,-0.01,0.0,0.0,0.0,60.0,59.9,74.7,0.0,274.3,274.0,275.0,0.0,0.0,0.0,602.0,1375028.0,41236.0,126878.0,1.0,0.979,0.748,0.921,0.009,0.01,0.012,0.012,0.017,0.014,0.015,0.0,0.0,0.0,0.0,0.0,0.0,0.0,43568.0,44232.0,43790.0,43640.0,44525.0,42264.0,38292.0,1.332,292.5,15.7,1.9,3.53,2.0,-1.0,13.68,0.02,0.219,3.0,2.0,0.0,0.0,17.31,17.36,16.84,17.23,17.17,19.58,16.94,17.7,17.0,33.35
2016-06-09 21:03:00-05:00,-13.187283,-6.1081543,506176,20.48,0.0,0.448,20.82,0.804,276.0,274.4,271.9,0.0,0.0,0.0,1.521,0.0,60.14,0.0,1384539.0,21.71,0.0,0.0,0.0,0.0,0.0,0.0,0.0,0.0,0.0,0.0,20.39,17.1,-0.01,0.0,0.0,0.0,60.0,59.9,74.7,0.0,274.0,273.9,274.9,0.0,0.0,0.0,602.0,1375028.0,41236.0,126878.0,1.0,0.979,0.748,0.921,0.009,0.01,0.011,0.012,0.018,0.013,0.016,0.0,0.0,0.0,0.0,0.0,0.0,0.0,43568.0,44232.0,43790.0,43640.0,44525.0,42264.0,38292.0,1.39,292.1,9.25,2.5,3.53,2.0,-1.0,13.68,0.02,0.219,3.0,2.0,0.0,0.0,17.43,17.31,16.74,17.15,17.07,19.59,16.84,17.64,16.96,33.3
2016-06-09 21:04:00-05:00,-13.187283,-6.1081543,506177,20.45,0.0,0.449,20.8,0.801,275.7,274.2,271.8,0.0,0.0,0.0,1.527,0.0,60.14,0.0,1384539.0,21.75,0.0,0.0,0.0,0.0,0.0,0.0,0.0,0.0,0.0,0.0,20.34,17.08,0.046,0.0,0.0,0.0,60.0,59.9,74.7,0.0,274.0,273.9,275.0,0.0,0.0,0.0,602.0,1375028.0,41236.0,126878.0,1.0,0.979,0.748,0.921,0.007,0.01,0.011,0.012,0.017,0.014,0.016,0.0,0.0,0.0,0.0,0.0,0.0,0.0,43568.0,44232.0,43790.0,43640.0,44525.0,42264.0,38292.0,1.47,294.1,13.92,2.6,3.53,2.0,-1.0,13.68,0.02,0.219,3.0,2.0,0.0,0.0,17.46,17.39,16.74,17.21,17.15,19.72,16.89,17.73,16.91,33.21
2016-06-09 21:05:00-05:00,-13.187283,-6.1081543,506178,20.42,0.0,0.45,20.73,0.791,275.8,274.5,272.0,0.0,0.0,0.0,1.492,0.0,60.14,0.0,1384539.0,21.72,0.0,0.0,0.0,0.0,0.0,0.0,0.0,0.0,0.0,0.0,20.28,16.96,0.001,0.0,0.0,0.0,60.0,59.9,74.7,0.0,274.5,274.0,275.0,0.0,0.0,0.0,602.0,1375028.0,41236.0,126878.0,1.0,0.979,0.748,0.921,0.008,0.01,0.011,0.012,0.017,0.013,0.016,0.0,0.0,0.0,0.0,0.0,0.0,0.0,43568.0,44232.0,43790.0,43640.0,44525.0,42264.0,38292.0,1.592,284.8,21.21,2.4,3.531,2.0,-1.0,13.68,0.02,0.219,3.0,2.0,0.0,0.0,17.38,17.26,16.73,17.17,17.06,19.68,16.84,17.62,16.83,33.18
2016-06-09 21:06:00-05:00,-12.830869,-6.1081543,506179,20.38,0.0,0.452,20.65,0.783,276.1,274.5,272.0,0.0,0.0,0.0,1.487,0.0,60.15,0.0,1384539.0,21.72,0.0,0.0,0.0,0.0,0.0,0.0,0.0,0.0,0.0,0.0,20.14,16.81,-0.003,0.0,0.0,0.0,60.0,59.9,74.7,0.0,275.0,274.0,275.0,0.0,0.0,0.0,602.0,1375028.0,41236.0,126878.0,1.0,0.979,0.748,0.921,0.008,0.01,0.011,0.013,0.017,0.013,0.016,0.0,0.0,0.0,0.0,0.0,0.0,0.0,43568.0,44232.0,43790.0,43640.0,44525.0,42264.0,38292.0,1.87,288.2,8.29,2.4,3.527,2.0,-1.0,13.68,0.02,0.219,3.0,2.0,0.0,0.0,17.2,17.18,16.7,17.13,17.08,19.57,16.84,17.72,16.79,33.17
2016-06-09 21:07:00-05:00,-12.712065,-6.1081543,506180,20.36,0.0,0.453,20.63,0.79,275.8,274.7,272.3,0.0,0.0,0.0,1.514,0.0,60.15,0.0,1384539.0,21.74,0.0,0.0,0.0,0.0,0.0,0.0,0.0,0.0,0.0,0.0,20.15,16.77,-0.028,0.0,0.0,0.0,60.0,59.9,74.7,0.0,275.0,274.0,275.0,0.0,0.0,0.0,602.0,1375028.0,41236.0,126878.0,1.0,0.979,0.748,0.921,0.007,0.009,0.011,0.012,0.016,0.013,0.015,0.0,0.0,0.0,0.0,0.0,0.0,0.0,43568.0,44232.0,43790.0,43640.0,44525.0,42264.0,38292.0,1.402,283.7,15.37,2.3,3.53,2.0,-1.0,13.68,0.02,0.219,3.0,2.0,0.0,0.0,17.15,17.1,16.65,17.12,17.02,19.53,16.79,17.57,16.76,33.14
2016-06-09 21:08:00-05:00,-13.068479,-6.1081543,506181,20.32,0.0,0.454,20.63,0.766,275.9,274.8,272.3,0.0,0.0,0.0,1.551,0.0,60.15,0.0,1384539.0,21.71,0.0,0.0,0.0,0.0,0.0,0.0,0.0,0.0,0.0,0.0,20.17,16.62,-0.038,0.0,0.0,0.0,60.0,59.9,74.7,0.0,275.0,274.0,275.0,0.0,0.0,0.0,602.0,1375028.0,41236.0,126878.0,1.0,0.979,0.748,0.921,0.007,0.01,0.011,0.012,0.017,0.013,0.015,0.0,0.0,0.0,0.0,0.0,0.0,0.0,43568.0,44232.0,43790.0,43640.0,44525.0,42264.0,38292.0,1.273,297.0,11.23,1.8,3.531,2.0,-1.0,13.68,0.02,0.219,3.0,2.0,0.0,0.0,17.04,16.99,16.56,17.0,16.92,19.32,16.7,17.54,16.73,33.06
2016-06-09 21:09:00-05:00,-13.187283,-6.1081543,506182,20.29,0.0,0.457,20.61,0.758,276.1,274.7,272.2,0.0,0.0,0.0,1.569,0.0,60.14,0.0,1384539.0,21.71,0.0,0.0,0.0,0.0,0.0,0.0,0.0,0.0,0.0,0.0,20.15,16.5,-0.038,0.0,0.0,0.0,60.0,59.9,74.7,0.0,275.0,274.0,275.0,0.0,0.0,0.0,602.0,1375028.0,41236.0,126878.0,1.0,0.979,0.748,0.921,0.009,0.009,0.011,0.011,0.017,0.012,0.015,0.0,0.0,0.0,0.0,0.0,0.0,0.0,43568.0,44232.0,43790.0,43640.0,44525.0,42264.0,38292.0,1.418,293.0,8.68,2.5,3.53,2.0,-1.0,13.68,0.02,0.219,3.0,2.0,0.0,0.0,16.94,16.84,16.45,16.92,16.84,19.12,16.61,17.44,16.63,33.01
2016-06-09 21:10:00-05:00,-13.543695,-6.4443827,506183,20.26,0.0,0.465,20.59,0.765,276.2,274.8,272.3,0.0,0.0,0.0,1.541,0.0,60.14,0.0,1384539.0,21.7,0.0,0.0,0.0,0.0,0.0,0.0,0.0,0.0,0.0,0.0,20.04,16.35,-0.038,0.0,0.0,0.0,60.0,59.9,74.7,0.0,275.0,274.0,275.0,0.0,0.0,0.0,602.0,1375028.0,41236.0,126878.0,1.0,0.979,0.748,0.921,0.009,0.009,0.011,0.012,0.017,0.014,0.015,0.0,0.0,0.0,0.0,0.0,0.0,0.0,43568.0,44232.0,43790.0,43640.0,44525.0,42264.0,38292.0,1.318,281.2,13.71,1.8,3.53,2.0,-1.0,13.68,0.02,0.219,3.0,2.0,0.0,0.0,16.76,16.78,16.4,16.82,16.76,19.28,16.45,17.33,16.58,32.95
2016-06-09 21:11:00-05:00,-13.543695,-6.4443827,506184,20.22,0.0,0.473,20.53,0.758,276.3,274.7,272.3,0.0,0.0,0.0,1.532,0.0,60.15,0.0,1384539.0,21.77,0.0,0.0,0.0,0.0,0.0,0.0,0.0,0.0,0.0,0.0,20.0,16.28,-0.037,0.0,0.0,0.0,60.0,59.9,74.7,0.0,275.0,274.0,275.0,0.0,0.0,0.0,602.0,1375028.0,41236.0,126878.0,1.0,0.979,0.748,0.921,0.008,0.009,0.01,0.012,0.016,0.013,0.015,0.0,0.0,0.0,0.0,0.0,0.0,0.0,43568.0,44232.0,43790.0,43640.0,44525.0,42264.0,38292.0,1.628,296.2,10.89,2.5,3.531,2.0,-1.0,13.68,0.02,0.218,3.0,2.0,0.0,0.0,16.63,16.66,16.27,16.74,16.65,19.22,16.35,17.2,16.55,32.88
2016-06-09 21:12:00-05:00,-13.543695,-6.4443827,506185,20.19,0.0,0.472,20.56,0.736,276.2,274.6,272.2,0.0,0.0,0.0,1.542,0.0,60.19,0.0,1384539.0,21.74,0.0,0.0,0.0,0.0,0.0,0.0,0.0,0.0,0.0,0.0,20.06,16.23,-0.038,0.0,0.0,0.0,60.0,59.9,74.7,0.0,275.0,274.0,275.0,0.0,0.0,0.0,602.0,1375028.0,41236.0,126878.0,1.0,0.979,0.748,0.921,0.008,0.01,0.011,0.012,0.016,0.014,0.016,0.0,0.0,0.0,0.0,0.0,0.0,0.0,43568.0,44232.0,43790.0,43640.0,44525.0,42264.0,38292.0,1.657,299.7,16.49,2.9,3.53,2.0,-1.0,13.68,0.02,0.218,3.0,2.0,0.0,0.0,16.61,16.71,16.17,16.66,16.55,19.04,16.33,17.13,16.57,32.88
2016-06-09 21:13:00-05:00,-13.543695,-6.4443827,506186,20.15,0.0,0.471,20.55,0.731,276.1,274.8,272.4,0.0,0.0,0.0,1.561,0.0,60.22,0.0,1384539.0,21.73,0.0,0.0,0.0,0.0,0.0,0.0,0.0,0.0,0.0,0.0,20.09,16.21,-0.038,0.0,0.0,0.0,60.0,59.9,74.7,0.0,275.0,274.0,275.0,0.0,0.0,0.0,602.0,1375028.0,41236.0,126878.0,1.0,0.979,0.748,0.921,0.008,0.009,0.01,0.011,0.017,0.014,0.015,0.0,0.0,0.0,0.0,0.0,0.0,0.0,43568.0,44232.0,43790.0,43640.0,44525.0,42264.0,38292.0,1.54,287.9,15.79,2.4,3.531,2.0,-1.0,13.68,0.02,0.218,3.0,2.0,0.0,0.0,16.54,16.65,16.16,16.6,16.46,18.99,16.25,17.04,16.55,32.78
2016-06-09 21:14:00-05:00,-13.543695,-6.4443827,506187,20.12,0.0,0.473,20.51,0.724,276.2,274.8,272.4,0.0,0.0,0.0,1.544,0.0,60.22,0.0,1384539.0,21.74,0.0,0.0,0.0,0.0,0.0,0.0,0.0,0.0,0.0,0.0,20.03,16.14,-0.038,0.0,0.0,0.0,60.0,59.9,74.7,0.0,275.0,274.0,275.0,0.0,0.0,0.0,602.0,1375028.0,41236.0,126878.0,1.0,0.979,0.748,0.921,0.008,0.009,0.01,0.012,0.017,0.013,0.015,0.0,0.0,0.0,0.0,0.0,0.0,0.0,43568.0,44232.0,43790.0,43640.0,44525.0,42264.0,38292.0,1.63,288.5,9.17,2.7,3.53,2.0,-1.0,13.68,0.02,0.218,3.0,2.0,0.0,0.0,16.45,16.59,16.09,16.56,16.42,18.9,16.17,17.02,16.44,32.75
2016-06-09 21:15:00-05:00,-13.781304,-6.4443827,506188,20.09,0.0,0.47,20.51,0.726,276.4,274.7,272.3,0.0,0.0,0.0,1.522,0.0,60.13,0.0,1384539.0,21.78,0.0,0.0,0.0,0.0,0.0,0.0,0.0,0.0,0.0,0.0,20.02,16.09,-0.038,0.0,0.0,0.0,60.0,59.9,74.7,0.0,275.0,274.0,275.0,0.0,0.0,0.0,602.0,1375028.0,41236.0,126878.0,1.0,0.979,0.748,0.921,0.008,0.01,0.01,0.011,0.017,0.013,0.014,0.0,0.0,0.0,0.0,0.0,0.0,0.0,43568.0,44232.0,43790.0,43640.0,44525.0,42264.0,38292.0,1.657,289.6,10.94,2.1,3.531,2.0,-1.0,13.68,0.02,0.218,3.0,2.0,0.0,0.0,16.42,16.48,16.08,16.47,16.37,18.9,16.06,16.84,16.37,32.69
2016-06-09 21:16:00-05:00,-13.900108,-6.5564585,506189,20.05,0.0,0.469,20.45,0.745,276.4,275.0,272.6,0.0,0.0,0.0,1.569,0.0,60.19,0.0,1384539.0,21.76,0.0,0.0,0.0,0.0,0.0,0.0,0.0,0.0,0.0,0.0,19.96,16.12,-0.038,0.0,0.0,0.0,60.0,59.9,74.7,0.0,275.0,274.1,275.4,0.0,0.0,0.0,602.0,1375028.0,41236.0,126878.0,1.0,0.979,0.748,0.921,0.009,0.009,0.011,0.012,0.017,0.013,0.015,0.0,0.0,0.0,0.0,0.0,0.0,0.0,43568.0,44232.0,43790.0,43640.0,44525.0,42264.0,38292.0,1.263,302.0,18.86,1.9,3.531,2.0,-1.0,13.68,0.02,0.218,3.0,2.0,0.0,0.0,16.39,16.47,15.99,16.38,16.37,18.82,16.06,16.84,16.37,32.6
2016-06-09 21:17:00-05:00,-13.662499,-6.4443827,506190,20.02,0.0,0.467,20.43,0.728,276.5,275.2,272.7,0.0,0.0,0.0,1.484,0.0,60.22,0.0,1384539.0,21.71,0.0,0.0,0.0,0.0,0.0,0.0,0.0,0.0,0.0,0.0,19.98,16.29,-0.037,0.0,0.0,0.0,60.0,59.9,74.7,0.0,275.0,274.9,276.0,0.0,0.0,0.0,602.0,1375028.0,41236.0,126878.0,1.0,0.979,0.748,0.921,0.008,0.01,0.01,0.012,0.016,0.013,0.014,0.0,0.0,0.0,0.0,0.0,0.0,0.0,43568.0,44232.0,43790.0,43640.0,44525.0,42264.0,38292.0,1.428,279.8,14.01,2.1,3.53,2.0,-1.0,13.68,0.02,0.218,3.0,2.0,0.0,0.0,16.55,16.63,15.99,16.47,16.37,18.88,16.09,16.92,16.31,32.59
2016-06-09 21:18:00-05:00,-13.543695,-6.4443827,506191,19.99,0.0,0.466,20.44,0.721,276.5,275.2,272.8,0.0,0.0,0.0,1.559,0.0,60.22,0.0,1384539.0,21.77,0.0,0.0,0.0,0.0,0.0,0.0,0.0,0.0,0.0,0.0,19.9,16.15,-0.037,0.0,0.0,0.0,60.0,59.9,74.7,0.0,275.0,275.0,276.0,0.0,0.0,0.0,602.0,1375028.0,41236.0,126878.0,1.0,0.979,0.748,0.921,0.008,0.01,0.011,0.011,0.016,0.013,0.015,0.0,0.0,0.0,0.0,0.0,0.0,0.0,43568.0,44232.0,43790.0,43640.0,44525.0,42264.0,38292.0,1.542,296.8,9.47,2.0,3.531,2.0,-1.0,13.68,0.02,0.218,3.0,2.0,0.0,0.0,16.53,16.42,15.96,16.47,16.34,18.9,16.12,16.99,16.27,32.49
2016-06-09 21:19:00-05:00,-13.543695,-6.4443827,506192,19.95,0.0,0.464,20.34,0.699,276.4,275.3,272.9,0.0,0.0,0.0,1.536,0.0,60.2,0.0,1384539.0,21.75,0.0,0.0,0.0,0.0,0.0,0.0,0.0,0.0,0.0,0.0,19.85,16.14,-0.038,0.0,0.0,0.0,60.0,59.9,74.7,0.0,275.0,275.0,276.0,0.0,0.0,0.0,602.0,1375028.0,41236.0,126878.0,1.0,0.979,0.748,0.921,0.008,0.009,0.01,0.011,0.017,0.013,0.015,0.0,0.0,0.0,0.0,0.0,0.0,0.0,43568.0,44232.0,43790.0,43640.0,44525.0,42264.0,38292.0,1.558,280.6,15.62,3.1,3.531,2.0,-1.0,13.68,0.02,0.218,3.0,2.0,0.0,0.0,16.51,16.37,15.97,16.38,16.27,18.88,16.08,16.83,16.24,32.49
2016-06-09 21:20:00-05:00,-13.543695,-6.4443827,506193,19.92,0.0,0.463,20.35,0.685,276.7,275.2,272.8,0.0,0.0,0.0,1.549,0.0,60.18,0.0,1384539.0,21.73,0.0,0.0,0.0,0.0,0.0,0.0,0.0,0.0,0.0,0.0,19.85,16.1,-0.037,0.0,0.0,0.0,60.0,59.9,74.7,0.0,275.0,274.9,276.0,0.0,0.0,0.0,602.0,1375028.0,41236.0,126878.0,1.0,0.979,0.748,0.921,0.008,0.009,0.011,0.012,0.017,0.013,0.014,0.0,0.0,0.0,0.0,0.0,0.0,0.0,43568.0,44232.0,43790.0,43640.0,44525.0,42264.0,38292.0,1.932,301.5,8.67,3.0,3.53,2.0,-1.0,13.68,0.02,0.218,3.0,2.0,0.0,0.0,16.42,16.42,15.99,16.37,16.33,19.0,16.08,16.85,16.26,32.41
2016-06-09 21:21:00-05:00,-13.3060875,-6.332306,506194,19.89,0.0,0.463,20.3,0.684,276.7,275.3,272.9,0.0,0.0,0.0,1.521,0.0,60.18,0.0,1384539.0,21.77,0.0,0.0,0.0,0.0,0.0,0.0,0.0,0.0,0.0,0.0,19.82,16.02,-0.038,0.0,0.0,0.0,60.0,59.9,74.7,0.0,275.0,275.0,276.0,0.0,0.0,0.0,602.0,1375028.0,41236.0,126878.0,1.0,0.979,0.748,0.921,0.008,0.009,0.01,0.011,0.016,0.013,0.014,0.0,0.0,0.0,0.0,0.0,0.0,0.0,43568.0,44232.0,43790.0,43640.0,44525.0,42264.0,38292.0,1.255,297.6,13.89,1.9,3.53,2.0,-1.0,13.68,0.02,0.218,3.0,2.0,0.0,0.0,16.4,16.32,15.98,16.39,16.3,18.9,16.06,16.87,16.32,32.36
2016-06-09 21:22:00-05:00,-13.187283,-6.22023,506195,19.85,0.0,0.462,20.37,0.686,276.9,275.4,273.0,0.0,0.0,0.0,1.533,0.0,60.24,0.0,1384539.0,21.74,0.0,0.0,0.0,0.0,0.0,0.0,0.0,0.0,0.0,0.0,19.95,16.04,-0.038,0.0,0.0,0.0,60.0,59.9,74.7,0.0,275.5,275.0,276.0,0.0,0.0,0.0,602.0,1375028.0,41236.0,126878.0,1.0,0.979,0.748,0.921,0.008,0.008,0.011,0.011,0.016,0.013,0.015,0.0,0.0,0.0,0.0,0.0,0.0,0.0,43568.0,44232.0,43790.0,43640.0,44525.0,42264.0,38292.0,1.333,293.0,9.85,2.0,3.531,2.0,-1.0,13.68,0.019,0.218,3.0,2.0,0.0,0.0,16.41,16.3,15.92,16.37,16.24,18.85,16.01,16.79,16.29,32.29
2016-06-09 21:23:00-05:00,-13.543695,-6.332306,506196,19.83,0.0,0.461,20.39,0.695,277.1,275.5,273.1,0.0,0.0,0.0,1.557,0.0,60.19,0.0,1384539.0,21.72,0.0,0.0,0.0,0.0,0.0,0.0,0.0,0.0,0.0,0.0,19.97,16.23,-0.037,0.0,0.0,0.0,60.0,59.9,74.7,0.0,276.0,275.0,276.0,0.0,0.0,0.0,602.0,1375028.0,41236.0,126878.0,1.0,0.979,0.748,0.921,0.007,0.009,0.01,0.011,0.017,0.013,0.014,0.0,0.0,0.0,0.0,0.0,0.0,0.0,43568.0,44232.0,43790.0,43640.0,44525.0,42264.0,38292.0,1.01,288.3,16.19,1.8,3.531,2.0,-1.0,13.68,0.019,0.218,3.0,2.0,0.0,0.0,16.62,16.41,15.87,16.34,16.21,18.93,15.88,16.76,16.16,32.28
2016-06-09 21:24:00-05:00,-13.187283,-6.1081543,506197,19.79,0.0,0.461,20.32,0.686,277.0,275.7,273.2,0.0,0.0,0.0,1.411,0.0,60.19,0.0,1384539.0,21.77,0.0,0.0,0.0,0.0,0.0,0.0,0.0,0.0,0.0,0.0,19.89,16.17,-0.037,0.0,0.0,0.0,60.0,59.9,74.7,0.0,276.0,275.0,276.0,0.0,0.0,0.0,602.0,1375028.0,41236.0,126878.0,1.0,0.979,0.748,0.921,0.008,0.009,0.011,0.012,0.015,0.013,0.015,0.0,0.0,0.0,0.0,0.0,0.0,0.0,43568.0,44232.0,43790.0,43640.0,44525.0,42264.0,38292.0,1.485,296.5,8.35,2.0,3.531,2.0,-1.0,13.68,0.019,0.218,3.0,2.0,0.0,0.0,16.65,16.38,15.91,16.47,16.26,19.04,15.95,16.9,16.08,32.2
2016-06-09 21:25:00-05:00,-13.187283,-6.1081543,506198,19.76,0.0,0.46,20.22,0.675,277.0,275.6,273.2,0.0,0.0,0.0,1.308,0.0,60.16,0.0,1384539.0,21.73,0.0,0.0,0.0,0.0,0.0,0.0,0.0,0.0,0.0,0.0,19.75,16.0,-0.038,0.0,0.0,0.0,60.0,59.9,74.7,0.0,276.0,275.0,276.0,0.0,0.0,0.0,602.0,1375028.0,41236.0,126878.0,1.0,0.979,0.748,0.921,0.007,0.008,0.01,0.01,0.017,0.013,0.014,0.0,0.0,0.0,0.0,0.0,0.0,0.0,43568.0,44232.0,43790.0,43640.0,44525.0,42264.0,38292.0,1.57,294.3,10.62,2.1,3.53,2.0,-1.0,13.68,0.019,0.218,3.0,2.0,0.0,0.0,16.49,16.29,15.87,16.32,16.18,18.88,15.88,16.86,16.05,32.1
2016-06-09 21:26:00-05:00,-13.187283,-6.1081543,506199,19.73,0.0,0.46,20.23,0.676,276.4,274.7,272.3,0.0,0.0,0.0,1.28,0.0,60.15,0.0,1384539.0,21.76,0.0,0.0,0.0,0.0,0.0,0.0,0.0,0.0,0.0,0.0,19.79,15.84,-0.037,0.0,0.0,0.0,60.0,59.9,74.7,0.0,275.1,274.2,275.2,0.0,0.0,0.0,602.0,1375028.0,41236.0,126878.0,1.0,0.979,0.748,0.921,0.007,0.009,0.01,0.011,0.016,0.013,0.015,0.0,0.0,0.0,0.0,0.0,0.0,0.0,43568.0,44232.0,43790.0,43640.0,44525.0,42264.0,38292.0,1.325,286.9,10.81,1.8,3.531,2.0,-1.0,13.68,0.019,0.218,3.0,2.0,0.0,0.0,16.35,16.19,15.84,16.31,16.13,18.82,15.85,16.73,15.95,32.1
2016-06-09 21:27:00-05:00,-13.187283,-6.1081543,506200,19.69,0.0,0.46,20.18,0.679,276.2,274.8,272.3,0.0,0.0,0.0,1.312,0.0,60.15,0.0,1384539.0,21.79,0.0,0.0,0.0,0.0,0.0,0.0,0.0,0.0,0.0,0.0,19.72,15.84,-0.038,0.0,0.0,0.0,60.0,59.9,74.7,0.0,275.0,274.0,275.0,0.0,0.0,0.0,602.0,1375028.0,41236.0,126878.0,1.0,0.979,0.748,0.921,0.007,0.009,0.01,0.011,0.017,0.013,0.015,0.0,0.0,0.0,0.0,0.0,0.0,0.0,43568.0,44232.0,43790.0,43640.0,44525.0,42264.0,38292.0,1.273,290.4,12.13,1.7,3.531,2.0,-1.0,13.68,0.019,0.218,3.0,2.0,0.0,0.0,16.25,16.14,15.71,16.2,16.13,19.16,15.68,16.66,15.88,32.0
2016-06-09 21:28:00-05:00,-13.187283,-6.1081543,506201,19.66,0.0,0.459,20.18,0.68,276.3,274.8,272.4,0.0,0.0,0.0,1.365,0.0,60.15,0.0,1384539.0,21.76,0.0,0.0,0.0,0.0,0.0,0.0,0.0,0.0,0.0,0.0,19.74,15.92,-0.038,0.0,0.0,0.0,60.0,59.9,74.7,0.0,275.0,274.0,275.0,0.0,0.0,0.0,602.0,1375028.0,41236.0,126878.0,1.0,0.979,0.748,0.921,0.008,0.01,0.01,0.011,0.016,0.013,0.014,0.0,0.0,0.0,0.0,0.0,0.0,0.0,43568.0,44232.0,43790.0,43640.0,44525.0,42264.0,38292.0,1.943,287.6,5.709,2.8,3.53,2.0,-1.0,13.69,0.019,0.218,3.0,2.0,0.0,0.0,16.31,16.24,15.71,16.21,16.13,19.29,15.74,16.77,15.88,32.0
2016-06-09 21:29:00-05:00,-13.187283,-6.1081543,506202,19.63,0.0,0.459,20.24,0.676,276.3,274.6,272.2,0.0,0.0,0.0,1.277,0.0,60.14,0.0,1384539.0,21.72,0.0,0.0,0.0,0.0,0.0,0.0,0.0,0.0,0.0,0.0,19.81,15.88,-0.038,0.0,0.0,0.0,60.0,59.9,74.7,0.0,274.9,273.9,275.0,0.0,0.0,0.0,602.0,1375028.0,41236.0,126878.0,1.0,0.979,0.748,0.921,0.008,0.009,0.011,0.011,0.016,0.013,0.014,0.0,0.0,0.0,0.0,0.0,0.0,0.0,43568.0,44232.0,43790.0,43640.0,44525.0,42264.0,38292.0,1.38,292.2,6.852,1.9,3.53,2.0,-1.0,13.68,0.035,0.218,3.0,2.0,0.0,0.0,16.28,16.23,15.71,16.21,16.13,19.23,15.76,16.72,15.88,31.9
2016-06-09 21:30:00-05:00,-13.187283,-6.1081543,506203,19.6,0.0,0.459,20.19,0.668,276.2,275.0,272.5,0.0,0.0,0.0,1.376,0.0,60.16,0.0,1384539.0,21.74,0.0,0.0,0.0,0.0,0.0,0.0,0.0,0.0,0.0,0.0,19.73,15.81,-0.038,0.0,0.0,0.0,60.0,59.9,74.7,0.0,275.0,274.0,275.0,0.0,0.0,0.0,602.0,1375028.0,41236.0,126878.0,1.0,0.979,0.748,0.921,0.007,0.009,0.011,0.011,0.015,0.012,0.014,0.0,0.0,0.0,0.0,0.0,0.0,0.0,43568.0,44232.0,43790.0,43640.0,44525.0,42264.0,38292.0,1.282,294.9,11.05,2.0,3.53,2.0,-1.0,13.72,0.025,0.218,3.0,2.0,0.0,0.0,16.22,16.16,15.64,16.13,16.0,19.18,15.74,16.6,15.82,31.9
2016-06-09 21:31:00-05:00,-13.424891,-6.1081543,506204,19.56,0.0,0.459,20.16,0.65,276.8,274.9,272.5,0.0,0.0,0.0,1.382,0.0,60.21,0.0,1384539.0,21.77,0.0,0.0,0.0,0.0,0.0,0.0,0.0,0.0,0.0,0.0,19.71,15.83,-0.038,0.0,0.0,0.0,60.0,59.9,74.7,0.0,275.0,274.1,275.6,0.0,0.0,0.0,602.0,1375028.0,41236.0,126878.0,1.0,0.979,0.748,0.921,0.007,0.009,0.011,0.011,0.016,0.014,0.015,0.0,0.0,0.0,0.0,0.0,0.0,0.0,43568.0,44232.0,43790.0,43640.0,44525.0,42264.0,38292.0,1.53,285.4,10.72,2.1,3.53,2.0,-1.0,13.72,0.022,0.218,3.0,2.0,0.0,0.0,16.23,16.26,15.58,16.07,16.0,19.13,15.68,16.57,15.78,31.82
2016-06-09 21:32:00-05:00,-13.187283,-6.1081543,506205,19.52,0.0,0.459,20.14,0.66,276.6,275.3,272.8,0.0,0.0,0.0,1.324,0.0,60.22,0.0,1384539.0,21.75,0.0,0.0,0.0,0.0,0.0,0.0,0.0,0.0,0.0,0.0,19.66,15.7,-0.038,0.0,0.0,0.0,60.0,59.9,74.7,0.0,275.0,275.0,276.0,0.0,0.0,0.0,602.0,1375028.0,41236.0,126878.0,1.0,0.979,0.748,0.921,0.007,0.009,0.011,0.011,0.016,0.013,0.014,0.0,0.0,0.0,0.0,0.0,0.0,0.0,43568.0,44232.0,43790.0,43640.0,44525.0,42264.0,38292.0,1.468,281.7,11.1,2.1,3.526,2.0,-1.0,13.72,0.021,0.218,3.0,2.0,0.0,0.0,16.15,16.16,15.58,16.1,16.0,19.13,15.69,16.55,15.69,31.8
2016-06-09 21:33:00-05:00,-13.187283,-6.1081543,506206,19.51,0.0,0.46,20.11,0.66,277.0,275.3,272.9,0.0,0.0,0.0,1.406,0.0,60.22,0.0,1384539.0,21.75,0.0,0.0,0.0,0.0,0.0,0.0,0.0,0.0,0.0,0.0,19.64,15.66,-0.037,0.0,0.0,0.0,60.0,59.9,74.7,0.0,275.2,275.0,276.0,0.0,0.0,0.0,602.0,1375028.0,41236.0,126878.0,1.0,0.979,0.748,0.921,0.007,0.009,0.011,0.01,0.015,0.013,0.015,0.0,0.0,0.0,0.0,0.0,0.0,0.0,43568.0,44232.0,43790.0,43640.0,44525.0,42264.0,38292.0,1.29,290.3,12.49,1.7,3.53,2.0,-1.0,13.72,0.021,0.218,3.0,2.0,0.0,0.0,16.05,16.16,15.58,16.05,15.97,19.07,15.68,16.55,15.67,31.71
2016-06-09 21:34:00-05:00,-13.187283,-6.1081543,506207,19.47,0.0,0.464,20.08,0.653,276.8,275.5,273.0,0.0,0.0,0.0,1.371,0.0,60.22,0.0,1384539.0,21.77,0.0,0.0,0.0,0.0,0.0,0.0,0.0,0.0,0.0,0.0,19.62,15.63,-0.038,0.0,0.0,0.0,60.0,59.9,74.7,0.0,275.5,275.0,276.0,0.0,0.0,0.0,602.0,1375028.0,41236.0,126878.0,1.0,0.979,0.748,0.921,0.007,0.009,0.01,0.011,0.016,0.012,0.014,0.0,0.0,0.0,0.0,0.0,0.0,0.0,43568.0,44232.0,43790.0,43640.0,44525.0,42264.0,38292.0,1.31,289.7,11.0,1.9,3.53,2.0,-1.0,13.72,0.021,0.218,3.0,2.0,0.0,0.0,15.97,16.08,15.53,16.0,15.95,18.9,15.63,16.52,15.57,31.71
2016-06-09 21:35:00-05:00,-12.949674,-6.1081543,506208,19.44,0.0,0.463,20.07,0.631,276.8,275.4,273.0,0.0,0.0,0.0,1.307,0.0,60.18,0.0,1384539.0,21.78,0.0,0.0,0.0,0.0,0.0,0.0,0.0,0.0,0.0,0.0,19.65,15.61,-0.038,0.0,0.0,0.0,60.0,59.9,74.7,0.0,275.3,275.0,276.0,0.0,0.0,0.0,602.0,1375028.0,41236.0,126878.0,1.0,0.979,0.748,0.921,0.007,0.009,0.01,0.011,0.016,0.013,0.014,0.0,0.0,0.0,0.0,0.0,0.0,0.0,43568.0,44232.0,43790.0,43640.0,44525.0,42264.0,38292.0,1.665,291.0,8.47,3.0,3.527,2.0,-1.0,13.72,0.02,0.218,3.0,2.0,0.0,0.0,15.97,15.96,15.49,15.98,15.9,18.8,15.59,16.47,15.52,31.67
2016-06-09 21:36:00-05:00,-13.187283,-6.1081543,506209,19.41,0.0,0.465,20.07,0.62,276.6,275.3,272.8,0.0,0.0,0.0,1.388,0.0,60.15,0.0,1384539.0,21.75,0.0,0.0,0.0,0.0,0.0,0.0,0.0,0.0,0.0,0.0,19.59,15.5,-0.038,0.0,0.0,0.0,60.0,59.9,74.7,0.0,275.0,275.0,276.0,0.0,0.0,0.0,602.0,1375028.0,41236.0,126878.0,1.0,0.979,0.748,0.921,0.007,0.009,0.01,0.01,0.016,0.012,0.014,0.0,0.0,0.0,0.0,0.0,0.0,0.0,43568.0,44232.0,43790.0,43640.0,44525.0,42264.0,38292.0,1.872,294.8,11.87,2.5,3.531,2.0,-1.0,13.72,0.02,0.218,3.0,2.0,0.0,0.0,15.87,15.95,15.45,15.97,15.89,18.67,15.56,16.52,15.61,31.65
2016-06-09 21:37:00-05:00,-13.068479,-6.1081543,506210,19.37,0.0,0.468,20.04,0.599,277.1,275.3,272.9,0.0,0.0,0.0,1.353,0.0,60.16,0.0,1384539.0,21.78,0.0,0.0,0.0,0.0,0.0,0.0,0.0,0.0,0.0,0.0,19.59,15.42,-0.038,0.0,0.0,0.0,60.0,59.9,74.7,0.0,275.7,275.0,276.0,0.0,0.0,0.0,602.0,1375028.0,41236.0,126878.0,1.0,0.979,0.748,0.921,0.008,0.008,0.009,0.01,0.016,0.013,0.014,0.0,0.0,0.0,0.0,0.0,0.0,0.0,43568.0,44232.0,43790.0,43640.0,44525.0,42264.0,38292.0,1.242,285.4,9.91,2.0,3.528,2.0,-1.0,13.72,0.02,0.218,3.0,2.0,0.0,0.0,15.78,15.92,15.38,15.92,15.84,18.79,15.45,16.44,15.57,31.6
2016-06-09 21:38:00-05:00,-13.187283,-6.1081543,506211,19.34,0.0,0.47,20.03,0.618,277.1,275.3,272.9,0.0,0.0,0.0,1.399,0.0,60.22,0.0,1384539.0,21.76,0.0,0.0,0.0,0.0,0.0,0.0,0.0,0.0,0.0,0.0,19.6,15.43,-0.038,0.0,0.0,0.0,60.0,59.9,74.7,0.0,275.7,275.0,276.0,0.0,0.0,0.0,602.0,1375028.0,41236.0,126878.0,1.0,0.979,0.748,0.921,0.007,0.008,0.01,0.01,0.015,0.012,0.013,0.0,0.0,0.0,0.0,0.0,0.0,0.0,43568.0,44232.0,43790.0,43640.0,44525.0,42264.0,38292.0,1.275,287.4,16.69,1.8,3.528,2.0,-1.0,13.72,0.02,0.218,3.0,2.0,0.0,0.0,15.76,15.87,15.31,15.84,15.77,18.78,15.38,16.34,15.54,31.51
2016-06-09 21:39:00-05:00,-13.187283,-6.1081543,506212,19.31,0.0,0.477,20.02,0.636,277.2,275.4,273.0,0.0,0.0,0.0,1.461,0.0,60.22,0.0,1384539.0,21.75,0.0,0.0,0.0,0.0,0.0,0.0,0.0,0.0,0.0,0.0,19.52,15.42,-0.038,0.0,0.0,0.0,60.0,59.9,74.7,0.0,276.0,275.0,276.0,0.0,0.0,0.0,602.0,1375028.0,41236.0,126878.0,1.0,0.979,0.748,0.921,0.007,0.009,0.009,0.011,0.016,0.013,0.013,0.0,0.0,0.0,0.0,0.0,0.0,0.0,43568.0,44232.0,43790.0,43640.0,44525.0,42264.0,38292.0,1.31,283.1,19.42,2.0,3.528,2.0,-1.0,13.72,0.02,0.218,3.0,2.0,0.0,0.0,15.74,15.79,15.28,15.77,15.76,18.93,15.38,16.26,15.46,31.46
2016-06-09 21:40:00-05:00,-13.543695,-6.1081543,506213,19.28,0.0,0.478,19.99,0.699,277.2,275.7,273.2,0.0,0.0,0.0,1.512,0.0,60.22,0.0,1384539.0,21.76,0.0,0.0,0.0,0.0,0.0,0.0,0.0,0.0,0.0,0.0,19.45,15.33,-0.038,0.0,0.0,0.0,60.0,59.9,74.7,0.0,276.0,275.0,276.0,0.0,0.0,0.0,602.0,1375028.0,41236.0,126878.0,1.0,0.979,0.748,0.921,0.007,0.008,0.01,0.01,0.016,0.013,0.014,0.0,0.0,0.0,0.0,0.0,0.0,0.0,43568.0,44232.0,43790.0,43640.0,44525.0,42264.0,38292.0,1.205,287.1,10.77,1.5,3.53,2.0,-1.0,13.72,0.02,0.218,3.0,2.0,0.0,0.0,15.63,15.77,15.27,15.72,15.68,18.77,15.32,16.15,15.39,31.47
2016-06-09 21:41:00-05:00,-13.543695,-6.1081543,506214,19.25,0.0,0.481,19.93,0.592,277.4,275.8,273.3,0.0,0.0,0.0,1.428,0.0,60.22,0.0,1384539.0,21.77,0.0,0.0,0.0,0.0,0.0,0.0,0.0,0.0,0.0,0.0,19.43,15.26,-0.038,0.0,0.0,0.0,60.0,59.9,74.7,0.0,276.0,275.0,276.0,0.0,0.0,0.0,602.0,1375028.0,41236.0,126878.0,1.0,0.979,0.748,0.921,0.007,0.008,0.01,0.01,0.016,0.013,0.013,0.0,0.0,0.0,0.0,0.0,0.0,0.0,43568.0,44232.0,43790.0,43640.0,44525.0,42264.0,38292.0,1.66,287.8,8.53,2.1,3.531,2.0,-1.0,13.72,0.02,0.218,3.0,2.0,0.0,0.0,15.6,15.73,15.25,15.76,15.71,18.54,15.37,16.2,15.36,31.33
2016-06-09 21:42:00-05:00,-13.424891,-6.1081543,506215,19.22,0.0,0.485,19.94,0.591,277.4,275.8,273.4,0.0,0.0,0.0,1.521,0.0,60.22,0.0,1384539.0,21.77,0.0,0.0,0.0,0.0,0.0,0.0,0.0,0.0,0.0,0.0,19.44,15.37,-0.038,0.0,0.0,0.0,60.0,59.9,74.7,0.0,276.0,275.0,276.0,0.0,0.0,0.0,602.0,1375028.0,41236.0,126878.0,1.0,0.979,0.748,0.921,0.007,0.009,0.009,0.011,0.017,0.013,0.014,0.0,0.0,0.0,0.0,0.0,0.0,0.0,43568.0,44232.0,43790.0,43640.0,44525.0,42264.0,38292.0,1.625,289.1,7.977,2.3,3.53,2.0,-1.0,13.72,0.02,0.218,3.0,2.0,0.0,0.0,15.7,15.81,15.27,15.76,15.68,18.61,15.3,16.18,15.33,31.33
2016-06-09 21:43:00-05:00,-13.187283,-6.1081543,506216,19.19,0.0,0.489,19.92,0.582,277.4,275.8,273.3,0.0,0.0,0.0,1.469,0.0,60.22,0.0,1384539.0,21.75,0.0,0.0,0.0,0.0,0.0,0.0,0.0,0.0,0.0,0.0,19.41,15.41,-0.038,0.0,0.0,0.0,60.0,59.9,74.7,0.0,276.0,275.0,276.0,0.0,0.0,0.0,602.0,1375028.0,41236.0,126878.0,1.0,0.979,0.748,0.921,0.007,0.008,0.009,0.01,0.015,0.012,0.014,0.0,0.0,0.0,0.0,0.0,0.0,0.0,43568.0,44232.0,43790.0,43640.0,44525.0,42264.0,38292.0,1.675,287.9,6.736,2.3,3.53,2.0,-1.0,13.72,0.02,0.218,3.0,2.0,0.0,0.0,15.74,15.77,15.28,15.69,15.61,18.59,15.28,16.18,15.37,31.25
2016-06-09 21:44:00-05:00,-13.187283,-6.1081543,506217,19.16,0.0,0.492,19.86,0.561,277.6,275.8,273.3,0.0,0.0,0.0,1.486,0.0,60.22,0.0,1384539.0,21.75,0.0,0.0,0.0,0.0,0.0,0.0,0.0,0.0,0.0,0.0,19.36,15.5,-0.038,0.0,0.0,0.0,60.0,59.9,74.7,0.0,276.0,275.0,276.0,0.0,0.0,0.0,602.0,1375028.0,41236.0,126878.0,1.0,0.979,0.748,0.921,0.007,0.009,0.01,0.011,0.015,0.012,0.014,0.0,0.0,0.0,0.0,0.0,0.0,0.0,43568.0,44232.0,43790.0,43640.0,44525.0,42264.0,38292.0,1.5,288.4,6.328,2.2,3.531,2.0,-1.0,13.72,0.02,0.218,3.0,2.0,0.0,0.0,15.89,15.79,15.24,15.69,15.58,18.61,15.27,16.2,15.28,31.22
2016-06-09 21:45:00-05:00,-12.830869,-6.1081543,506218,19.13,0.0,0.494,19.82,0.554,277.5,276.0,273.5,0.0,0.0,0.0,1.43,0.0,60.21,0.0,1384539.0,21.77,0.0,0.0,0.0,0.0,0.0,0.0,0.0,0.0,0.0,0.0,19.38,15.5,-0.038,0.0,0.0,0.0,60.0,59.9,74.7,0.0,276.0,275.0,276.0,0.0,0.0,0.0,602.0,1375028.0,41236.0,126878.0,1.0,0.979,0.748,0.921,0.008,0.008,0.01,0.01,0.015,0.012,0.013,0.0,0.0,0.0,0.0,0.0,0.0,0.0,43568.0,44232.0,43790.0,43640.0,44525.0,42264.0,38292.0,1.375,289.1,8.15,1.9,3.531,2.0,-1.0,13.72,0.02,0.218,3.0,2.0,0.0,0.0,15.84,15.77,15.25,15.69,15.6,18.59,15.28,16.2,15.2,31.27
2016-06-09 21:46:00-05:00,-12.712065,-6.1081543,506219,19.1,0.0,0.497,19.83,0.546,276.6,274.8,272.4,0.0,0.0,0.0,1.514,0.0,60.21,0.0,1384539.0,21.77,0.0,0.0,0.0,0.0,0.0,0.0,0.0,0.0,0.0,0.0,19.36,15.43,-0.037,0.0,0.0,0.0,60.0,59.9,74.7,0.0,275.2,274.2,275.2,0.0,0.0,0.0,602.0,1375028.0,41236.0,126878.0,1.0,0.979,0.748,0.921,0.007,0.009,0.009,0.011,0.016,0.011,0.014,0.0,0.0,0.0,0.0,0.0,0.0,0.0,43568.0,44232.0,43790.0,43640.0,44525.0,42264.0,38292.0,1.493,283.9,13.85,2.7,3.531,2.0,-1.0,13.72,0.02,0.218,3.0,2.0,0.0,0.0,15.79,15.76,15.19,15.64,15.58,18.75,15.23,16.25,15.25,31.14
2016-06-09 21:47:00-05:00,-12.712065,-6.1081543,506220,19.07,0.0,0.499,19.75,0.555,276.2,274.7,272.3,0.0,0.0,0.0,1.512,0.0,60.22,0.0,1384539.0,21.77,0.0,0.0,0.0,0.0,0.0,0.0,0.0,0.0,0.0,0.0,19.28,15.48,-0.038,0.0,0.0,0.0,60.0,59.9,74.7,0.0,275.0,274.0,275.0,0.0,0.0,0.0,602.0,1375028.0,41236.0,126878.0,1.0,0.979,0.748,0.921,0.007,0.008,0.009,0.011,0.016,0.011,0.014,0.0,0.0,0.0,0.0,0.0,0.0,0.0,43568.0,44232.0,43790.0,43640.0,44525.0,42264.0,38292.0,1.818,286.6,13.22,2.6,3.53,2.0,-1.0,13.72,0.02,0.218,3.0,2.0,0.0,0.0,15.86,15.77,15.27,15.7,15.59,18.76,15.28,16.29,15.29,31.12
2016-06-09 21:48:00-05:00,-12.712065,-6.1081543,506221,19.04,0.0,0.5,19.69,0.542,276.4,274.5,272.2,0.0,0.0,0.0,1.532,0.0,60.22,0.0,1384539.0,21.76,0.0,0.0,0.0,0.0,0.0,0.0,0.0,0.0,0.0,0.0,19.21,15.56,-0.038,0.0,0.0,0.0,60.01,59.9,74.7,0.0,275.0,274.0,275.0,0.0,0.0,0.0,602.0,1375028.0,41236.0,126878.0,1.0,0.979,0.748,0.921,0.007,0.008,0.01,0.011,0.015,0.011,0.013,0.0,0.0,0.0,0.0,0.0,0.0,0.0,43568.0,44232.0,43790.0,43640.0,44525.0,42264.0,38292.0,1.357,296.9,11.58,2.1,3.531,2.0,-1.0,13.72,0.02,0.218,3.0,2.0,0.0,0.0,15.94,15.77,15.2,15.68,15.58,18.76,15.28,16.26,15.27,31.13
2016-06-09 21:49:00-05:00,-12.712065,-6.1081543,506222,19.01,0.0,0.501,19.66,0.54,276.2,274.4,272.0,0.0,0.0,0.0,1.5,0.0,60.21,0.0,1384539.0,21.76,0.0,0.0,0.0,0.0,0.0,0.0,0.0,0.0,0.0,0.0,19.24,15.51,-0.038,0.0,0.0,0.0,60.0,59.9,74.7,0.0,275.0,274.0,275.0,0.0,0.0,0.0,602.0,1375028.0,41236.0,126878.0,1.0,0.979,0.748,0.921,0.007,0.008,0.01,0.01,0.015,0.012,0.013,0.0,0.0,0.0,0.0,0.0,0.0,0.0,43568.0,44232.0,43790.0,43640.0,44525.0,42264.0,38292.0,1.867,285.1,11.52,3.0,3.531,2.0,-1.0,13.72,0.02,0.218,3.0,2.0,0.0,0.0,15.91,15.72,15.17,15.64,15.55,18.61,15.23,16.18,15.3,31.01
2016-06-09 21:50:00-05:00,-12.712065,-6.1081543,506223,18.96,0.0,0.503,19.72,0.542,276.1,274.5,272.2,0.0,0.0,0.0,1.411,0.0,60.21,0.0,1384539.0,21.78,0.0,0.0,0.0,0.0,0.0,0.0,0.0,0.0,0.0,0.0,19.28,15.73,-0.038,0.0,0.0,0.0,60.0,59.9,74.7,0.0,275.0,274.0,275.0,0.0,0.0,0.0,602.0,1375028.0,41236.0,126878.0,1.0,0.979,0.748,0.921,0.007,0.009,0.009,0.011,0.016,0.012,0.013,0.0,0.0,0.0,0.0,0.0,0.0,0.0,43568.0,44232.0,43790.0,43640.0,44525.0,42264.0,38292.0,1.883,286.8,12.94,2.6,3.531,2.0,-1.0,13.72,0.02,0.218,3.0,2.0,0.0,0.0,16.01,15.81,15.17,15.64,15.55,18.86,15.22,16.23,15.3,31.03
2016-06-09 21:51:00-05:00,-12.712065,-6.1081543,506224,18.93,0.0,0.504,19.69,0.54,276.0,274.6,272.3,0.0,0.0,0.0,1.484,0.0,60.21,0.0,1384539.0,21.78,0.0,0.0,0.0,0.0,0.0,0.0,0.0,0.0,0.0,0.0,19.26,15.68,-0.038,0.0,0.0,0.0,60.0,59.9,74.7,0.0,275.0,274.0,275.0,0.0,0.0,0.0,602.0,1375028.0,41236.0,126878.0,1.0,0.979,0.748,0.921,0.006,0.007,0.01,0.01,0.016,0.013,0.013,0.0,0.0,0.0,0.0,0.0,0.0,0.0,43568.0,44232.0,43790.0,43640.0,44525.0,42264.0,38292.0,1.55,281.9,14.21,2.4,3.531,2.0,-1.0,13.72,0.019,0.217,3.0,2.0,0.0,0.0,15.96,15.81,15.28,15.73,15.61,18.96,15.32,16.39,15.3,31.03
2016-06-09 21:52:00-05:00,-12.355653,-6.1081543,506225,18.9,0.0,0.504,19.63,0.54,276.3,274.3,272.1,0.0,0.0,0.0,1.441,0.0,60.22,0.0,1384539.0,21.77,0.0,0.0,0.0,0.0,0.0,0.0,0.0,0.0,0.0,0.0,19.19,15.68,-0.038,0.0,0.0,0.0,60.0,59.9,74.7,0.0,275.0,274.0,275.0,0.0,0.0,0.0,602.0,1375028.0,41236.0,126878.0,1.0,0.979,0.748,0.921,0.007,0.008,0.009,0.011,0.015,0.013,0.013,0.0,0.0,0.0,0.0,0.0,0.0,0.0,43568.0,44232.0,43790.0,43640.0,44525.0,42264.0,38292.0,1.21,300.8,15.52,2.3,3.53,2.0,-1.0,13.72,0.019,0.218,3.0,2.0,0.0,0.0,15.97,15.76,15.35,15.82,15.69,18.98,15.38,16.44,15.35,30.98
2016-06-09 21:53:00-05:00,-12.355653,-6.1081543,506226,18.87,0.0,0.505,19.79,0.54,275.9,274.5,272.2,0.0,0.0,0.0,1.402,0.0,60.22,0.0,1384539.0,21.76,0.0,0.0,0.0,0.0,0.0,0.0,0.0,0.0,0.0,0.0,19.38,15.87,-0.037,0.0,0.0,0.0,60.0,59.9,74.7,0.0,274.9,273.9,274.9,0.0,0.0,0.0,602.0,1375028.0,41236.0,126878.0,1.0,0.979,0.748,0.921,0.007,0.008,0.009,0.011,0.015,0.012,0.013,0.0,0.0,0.0,0.0,0.0,0.0,0.0,43568.0,44232.0,43790.0,43640.0,44525.0,42264.0,38292.0,2.272,289.3,8.71,3.6,3.53,2.0,-1.0,13.72,0.019,0.218,3.0,2.0,0.0,0.0,16.14,15.82,15.4,15.76,15.68,18.95,15.38,16.34,15.34,30.93
2016-06-09 21:54:00-05:00,-12.236848,-5.9960775,506227,18.84,0.0,0.506,19.72,0.54,276.0,274.7,272.3,0.0,0.0,0.0,1.339,0.0,60.22,0.0,1384539.0,21.77,0.0,0.0,0.0,0.0,0.0,0.0,0.0,0.0,0.0,0.0,19.29,15.86,-0.038,0.0,0.0,0.0,60.0,59.9,74.7,0.0,275.0,274.0,275.0,0.0,0.0,0.0,602.0,1375028.0,41236.0,126878.0,1.0,0.979,0.748,0.921,0.007,0.008,0.009,0.011,0.015,0.012,0.014,0.0,0.0,0.0,0.0,0.0,0.0,0.0,43568.0,44232.0,43790.0,43640.0,44525.0,42264.0,38292.0,2.017,294.2,17.74,3.1,3.53,2.0,-1.0,13.72,0.019,0.218,3.0,2.0,0.0,0.0,16.12,15.87,15.4,15.83,15.68,19.0,15.45,16.41,15.43,30.85
2016-06-09 21:55:00-05:00,-11.999239,-5.771925,506228,18.82,0.0,0.506,19.69,0.54,276.2,274.7,272.4,0.0,0.0,0.0,1.418,0.0,60.22,0.0,1384539.0,21.77,0.0,0.0,0.0,0.0,0.0,0.0,0.0,0.0,0.0,0.0,19.27,15.94,-0.038,0.0,0.0,0.0,60.0,59.9,74.7,0.0,275.0,274.0,275.0,0.0,0.0,0.0,602.0,1375028.0,41236.0,126878.0,1.0,0.979,0.748,0.921,0.007,0.008,0.01,0.011,0.015,0.013,0.013,0.0,0.0,0.0,0.0,0.0,0.0,0.0,43568.0,44232.0,43790.0,43640.0,44525.0,42264.0,38292.0,2.052,293.7,16.11,3.5,3.527,2.0,-1.0,13.72,0.019,0.218,3.0,2.0,0.0,0.0,16.15,15.98,15.5,15.96,15.83,19.07,15.55,16.6,15.53,30.82
2016-06-09 21:56:00-05:00,-11.999239,-5.6598487,506229,18.79,0.0,0.507,19.71,0.54,276.3,274.9,272.5,0.0,0.0,0.0,1.359,0.0,60.22,0.0,1384539.0,21.76,0.0,0.0,0.0,0.0,0.0,0.0,0.0,0.0,0.0,0.0,19.34,15.95,-0.038,0.0,0.0,0.0,60.0,59.9,74.7,0.0,275.0,274.0,275.3,0.0,0.0,0.0,602.0,1375028.0,41236.0,126878.0,1.0,0.979,0.748,0.921,0.006,0.008,0.01,0.011,0.015,0.012,0.013,0.0,0.0,0.0,0.0,0.0,0.0,0.0,43568.0,44232.0,43790.0,43640.0,44525.0,42264.0,38292.0,1.923,290.7,30.48,3.4,3.527,2.0,-1.0,13.72,0.019,0.217,3.0,2.0,0.0,0.0,16.2,16.0,15.58,16.02,15.85,19.09,15.63,16.61,15.61,30.75
2016-06-09 21:57:00-05:00,-11.880434,-5.6598487,506230,18.77,0.0,0.507,19.77,0.54,276.3,274.8,272.5,0.0,0.0,0.0,1.468,0.0,60.22,0.0,1384539.0,21.77,0.0,0.0,0.0,0.0,0.0,0.0,0.0,0.0,0.0,0.0,19.32,15.95,-0.038,0.0,0.0,0.0,60.0,59.9,74.7,0.0,275.0,274.0,275.3,0.0,0.0,0.0,602.0,1375028.0,41236.0,126878.0,1.0,0.979,0.748,0.921,0.007,0.008,0.009,0.01,0.015,0.012,0.014,0.0,0.0,0.0,0.0,0.0,0.0,0.0,43568.0,44232.0,43790.0,43640.0,44525.0,42264.0,38292.0,1.957,298.0,13.91,2.7,3.531,2.0,-1.0,13.72,0.019,0.217,3.0,2.0,0.0,0.0,16.17,16.17,15.62,16.07,15.94,19.13,15.68,16.7,15.69,30.69
2016-06-09 21:58:00-05:00,-11.999239,-5.6598487,506231,18.74,0.0,0.507,19.86,0.54,276.3,274.9,272.4,0.0,0.0,0.0,1.375,0.0,60.22,0.0,1384539.0,21.75,0.0,0.0,0.0,0.0,0.0,0.0,0.0,0.0,0.0,0.0,19.47,16.16,-0.038,0.0,0.0,0.0,60.0,59.9,74.7,0.0,275.0,274.0,275.0,0.0,0.0,0.0,602.0,1375028.0,41236.0,126878.0,1.0,0.979,0.748,0.921,0.007,0.008,0.009,0.01,0.015,0.012,0.013,0.0,0.0,0.0,0.0,0.0,0.0,0.0,43568.0,44232.0,43790.0,43640.0,44525.0,42264.0,38292.0,2.098,292.6,16.28,3.1,3.53,2.0,-1.0,13.72,0.019,0.217,3.0,2.0,0.0,0.0,16.38,16.18,15.58,16.05,15.92,19.1,15.69,16.61,15.69,30.64
2016-06-09 21:59:00-05:00,-11.880434,-5.6598487,506232,18.72,0.0,0.508,19.92,0.54,276.2,274.9,272.5,0.0,0.0,0.0,1.389,0.0,60.22,0.0,1384539.0,21.77,0.0,0.0,0.0,0.0,0.0,0.0,0.0,0.0,0.0,0.0,19.51,16.26,-0.038,0.0,0.0,0.0,60.0,59.9,74.7,0.0,275.0,274.0,275.1,0.0,0.0,0.0,602.0,1375028.0,41236.0,126878.0,1.0,0.979,0.748,0.921,0.007,0.007,0.009,0.011,0.015,0.011,0.013,0.0,0.0,0.0,0.0,0.0,0.0,0.0,43568.0,44232.0,43790.0,43640.0,44525.0,42264.0,38292.0,2.4,293.2,14.03,3.7,3.53,2.0,-1.0,13.72,0.019,0.218,3.0,2.0,0.0,0.0,16.56,16.28,15.7,16.15,16.06,19.21,15.81,16.71,15.74,30.62
2016-06-09 22:00:00-05:00,-11.642826,-5.547773,506233,18.7,0.0,0.508,19.89,0.54,276.4,275.0,272.5,0.0,0.0,0.0,1.457,0.0,60.21,0.0,1384539.0,21.76,0.0,0.0,0.0,0.0,0.0,0.0,0.0,0.0,0.0,0.0,19.48,16.26,-0.037,0.0,0.0,0.0,60.0,59.9,74.7,0.0,275.0,274.0,275.1,0.0,0.0,0.0,602.0,1375028.0,41236.0,126878.0,1.0,0.979,0.748,0.921,0.006,0.008,0.01,0.01,0.016,0.012,0.013,0.0,0.0,0.0,0.0,0.0,0.0,0.0,43568.0,44232.0,43790.0,43640.0,44525.0,42264.0,38292.0,2.673,292.4,13.21,3.9,3.53,2.0,-1.0,13.72,0.019,0.218,3.0,2.0,0.0,0.0,16.59,16.38,15.81,16.29,16.17,19.36,15.86,16.84,15.94,30.54
2016-06-09 22:01:00-05:00,-11.286413,-5.3236203,506234,18.68,0.0,0.508,20.02,0.54,276.7,275.1,272.6,0.0,0.0,0.0,1.46,0.0,60.22,0.0,1384539.0,21.77,0.0,0.0,0.0,0.0,0.0,0.0,0.0,0.0,0.0,0.0,19.62,16.35,-0.037,0.0,0.0,0.0,60.02,59.9,74.7,0.0,275.0,274.7,275.7,0.0,0.0,0.0,602.0,1375028.0,41236.0,126878.0,1.0,0.979,0.748,0.921,0.006,0.008,0.008,0.01,0.015,0.012,0.013,0.0,0.0,0.0,0.0,0.0,0.0,0.0,43568.0,44232.0,43790.0,43640.0,44525.0,42264.0,38292.0,2.39,300.8,16.49,3.2,3.53,2.0,-1.0,13.72,0.019,0.218,3.0,2.0,0.0,0.0,16.63,16.44,15.88,16.36,16.25,19.47,16.06,16.97,15.96,30.48
2016-06-09 22:02:00-05:00,-11.167608,-5.3236203,506235,18.66,0.0,0.508,19.99,0.54,276.6,275.2,272.7,0.0,0.0,0.0,1.52,0.0,60.22,0.0,1384539.0,21.76,0.0,0.0,0.0,0.0,0.0,0.0,0.0,0.0,0.0,0.0,19.57,16.44,-0.038,0.0,0.0,0.0,60.0,59.9,74.7,0.0,275.0,274.9,276.0,0.0,0.0,0.0,602.0,1375028.0,41236.0,126878.0,1.0,0.979,0.748,0.921,0.006,0.008,0.009,0.011,0.017,0.011,0.013,0.0,0.0,0.0,0.0,0.0,0.0,0.0,43568.0,44232.0,43790.0,43640.0,44525.0,42264.0,38292.0,2.132,300.4,10.18,3.1,3.531,2.0,-1.0,13.72,0.019,0.217,3.0,2.0,0.0,0.0,16.79,16.57,15.88,16.39,16.27,19.42,16.06,16.95,16.03,30.44
2016-06-09 22:03:00-05:00,-11.167608,-5.3236203,506236,18.64,0.0,0.508,19.91,0.54,276.6,275.2,272.8,0.0,0.0,0.0,1.507,0.0,60.16,0.0,1384539.0,21.78,0.0,0.0,0.0,0.0,0.0,0.0,0.0,0.0,0.0,0.0,19.45,16.38,-0.038,0.0,0.0,0.0,60.0,59.9,74.7,0.0,275.0,275.0,276.0,0.0,0.0,0.0,602.0,1375028.0,41236.0,126878.0,1.0,0.979,0.748,0.921,0.007,0.008,0.009,0.01,0.014,0.012,0.014,0.0,0.0,0.0,0.0,0.0,0.0,0.0,43568.0,44232.0,43790.0,43640.0,44525.0,42264.0,38292.0,1.962,303.8,10.77,2.5,3.53,2.0,-1.0,13.72,0.019,0.218,3.0,2.0,0.0,0.0,16.76,16.56,15.96,16.4,16.33,19.43,16.1,16.95,16.07,30.43
2016-06-09 22:04:00-05:00,-11.167608,-5.3236203,506237,18.62,0.0,0.506,19.99,0.54,276.8,275.2,272.7,0.0,0.0,0.0,1.46,0.0,60.14,0.0,1384539.0,21.77,0.0,0.0,0.0,0.0,0.0,0.0,0.0,0.0,0.0,0.0,19.55,16.6,-0.038,0.0,0.0,0.0,60.0,59.9,74.7,0.0,275.0,275.0,276.0,0.0,0.0,0.0,602.0,1375028.0,41236.0,126878.0,1.0,0.979,0.748,0.921,0.006,0.007,0.009,0.011,0.015,0.012,0.013,0.0,0.0,0.0,0.0,0.0,0.0,0.0,43568.0,44232.0,43790.0,43640.0,44525.0,42264.0,38292.0,1.992,304.4,14.18,3.5,3.531,2.0,-1.0,13.72,0.019,0.217,3.0,2.0,0.0,0.0,16.92,16.53,15.92,16.36,16.27,19.44,16.07,16.94,16.02,30.35
2016-06-09 22:05:00-05:00,-11.286413,-5.3236203,506238,18.61,0.0,0.508,19.97,0.54,276.8,275.1,272.6,0.0,0.0,0.0,1.431,0.0,60.13,0.0,1384539.0,21.77,0.0,0.0,0.0,0.0,0.0,0.0,0.0,0.0,0.0,0.0,19.53,16.64,-0.038,0.0,0.0,0.0,59.98,59.9,74.7,0.0,275.0,274.8,275.9,0.0,0.0,0.0,602.0,1375028.0,41236.0,126878.0,1.0,0.979,0.748,0.921,0.007,0.007,0.009,0.01,0.014,0.011,0.012,0.0,0.0,0.0,0.0,0.0,0.0,0.0,43568.0,44232.0,43790.0,43640.0,44525.0,42264.0,38292.0,2.505,306.3,11.23,3.5,3.53,2.0,-1.0,13.72,0.019,0.218,3.0,2.0,0.0,0.0,17.04,16.56,15.96,16.36,16.27,19.41,16.08,16.98,16.1,30.26
2016-06-09 22:06:00-05:00,-11.524022,-5.3236203,506239,18.59,0.0,0.508,19.85,0.54,277.0,275.2,272.7,0.0,0.0,0.0,1.45,0.0,60.14,0.0,1384539.0,21.78,0.0,0.0,0.0,0.0,0.0,0.0,0.0,0.0,0.0,0.0,19.4,16.62,-0.038,0.0,0.0,0.0,60.0,59.9,74.7,0.0,275.0,275.0,276.0,0.0,0.0,0.0,602.0,1375028.0,41236.0,126878.0,1.0,0.979,0.748,0.921,0.006,0.008,0.009,0.01,0.014,0.012,0.013,0.0,0.0,0.0,0.0,0.0,0.0,0.0,43568.0,44232.0,43790.0,43640.0,44525.0,42264.0,38292.0,2.512,305.9,13.26,3.4,3.531,2.0,-1.0,13.72,0.019,0.218,3.0,2.0,0.0,0.0,17.08,16.63,15.88,16.41,16.27,19.39,16.12,16.95,16.25,30.25
2016-06-09 22:07:00-05:00,-11.76163,-5.6598487,506240,18.57,0.0,0.509,19.97,0.54,277.0,275.2,272.8,0.0,0.0,0.0,1.504,0.0,60.13,0.0,1384539.0,21.77,0.0,0.0,0.0,0.0,0.0,0.0,0.0,0.0,0.0,0.0,19.49,16.67,-0.038,0.0,0.0,0.0,60.0,59.9,74.7,0.0,275.2,275.0,276.0,0.0,0.0,0.0,602.0,1375028.0,41236.0,126878.0,1.0,0.979,0.748,0.921,0.006,0.009,0.009,0.01,0.014,0.011,0.012,0.0,0.0,0.0,0.0,0.0,0.0,0.0,43568.0,44232.0,43790.0,43640.0,44525.0,42264.0,38292.0,1.795,301.1,13.96,2.4,3.531,2.0,-1.0,13.72,0.019,0.217,3.0,2.0,0.0,0.0,17.1,16.56,15.88,16.4,16.25,19.33,16.09,16.93,16.26,30.22
2016-06-09 22:08:00-05:00,-11.999239,-5.6598487,506241,18.56,0.0,0.509,20.05,0.54,277.1,275.3,272.9,0.0,0.0,0.0,1.479,0.0,60.14,0.0,1384539.0,21.77,0.0,0.0,0.0,0.0,0.0,0.0,0.0,0.0,0.0,0.0,19.58,16.91,-0.034,0.0,0.0,0.0,60.0,59.9,74.7,0.0,275.7,275.0,276.0,0.0,0.0,0.0,602.0,1375028.0,41236.0,126878.0,1.0,0.979,0.748,0.921,0.007,0.007,0.008,0.01,0.015,0.011,0.013,0.0,0.0,0.0,0.0,0.0,0.0,0.0,43568.0,44232.0,43790.0,43640.0,44525.0,42264.0,38292.0,2.408,290.7,8.6,3.5,3.531,2.0,-1.0,13.72,0.019,0.218,3.0,2.0,0.0,0.0,17.3,16.66,15.92,16.38,16.27,19.41,16.09,17.0,16.18,30.14
2016-06-09 22:09:00-05:00,-11.880434,-5.6598487,506242,18.54,0.0,0.509,19.98,0.54,277.3,275.5,273.0,0.0,0.0,0.0,1.542,0.0,60.14,0.0,1384539.0,21.78,0.0,0.0,0.0,0.0,0.0,0.0,0.0,0.0,0.0,0.0,19.53,16.71,-0.038,0.0,0.0,0.0,60.0,59.9,74.7,0.0,276.0,275.0,276.0,0.0,0.0,0.0,602.0,1375028.0,41236.0,126878.0,1.0,0.979,0.748,0.921,0.007,0.008,0.009,0.01,0.015,0.011,0.012,0.0,0.0,0.0,0.0,0.0,0.0,0.0,43568.0,44232.0,43790.0,43640.0,44525.0,42264.0,38292.0,2.175,302.5,14.36,4.3,3.531,2.0,-1.0,13.72,0.019,0.217,3.0,2.0,0.0,0.0,17.22,16.69,15.97,16.4,16.27,19.39,16.1,16.97,16.28,30.07
2016-06-09 22:10:00-05:00,-11.880434,-5.6598487,506243,18.52,0.0,0.509,20.06,0.54,277.0,275.8,273.3,0.0,0.0,0.0,1.508,0.0,60.14,0.0,1384539.0,21.77,0.0,0.0,0.0,0.0,0.0,0.0,0.0,0.0,0.0,0.0,19.62,16.76,-0.038,0.0,0.0,0.0,60.0,59.9,74.7,0.0,276.0,275.0,276.0,0.0,0.0,0.0,602.0,1375028.0,41236.0,126878.0,1.0,0.979,0.748,0.921,0.006,0.008,0.009,0.01,0.014,0.011,0.013,0.0,0.0,0.0,0.0,0.0,0.0,0.0,43568.0,44232.0,43790.0,43640.0,44525.0,42264.0,38292.0,2.255,296.7,10.84,4.1,3.531,2.0,-1.0,13.72,0.019,0.218,3.0,2.0,0.0,0.0,17.23,16.66,15.97,16.31,16.25,19.39,16.07,16.97,16.36,30.05
2016-06-09 22:11:00-05:00,-11.76163,-5.6598487,506244,18.51,0.0,0.509,20.1,0.54,277.8,275.7,273.2,0.0,0.0,0.0,1.513,0.0,60.14,0.0,1384539.0,21.77,0.0,0.0,0.0,0.0,0.0,0.0,0.0,0.0,0.0,0.0,19.74,16.91,-0.038,0.0,0.0,0.0,60.0,59.9,74.7,0.0,276.0,275.0,276.0,0.0,0.0,0.0,602.0,1375028.0,41236.0,126878.0,1.0,0.979,0.748,0.921,0.006,0.007,0.009,0.01,0.015,0.011,0.013,0.0,0.0,0.0,0.0,0.0,0.0,0.0,43568.0,44232.0,43790.0,43640.0,44525.0,42264.0,38292.0,2.098,301.5,19.89,3.4,3.531,2.0,-1.0,13.72,0.019,0.218,3.0,2.0,0.0,0.0,17.3,16.74,15.97,16.36,16.23,19.44,16.1,17.0,16.3,29.97
2016-06-09 22:12:00-05:00,-11.524022,-5.6598487,506245,18.5,0.0,0.509,20.09,0.54,276.6,274.7,272.3,0.0,0.0,0.0,1.443,0.0,60.15,0.0,1384539.0,21.76,0.0,0.0,0.0,0.0,0.0,0.0,0.0,0.0,0.0,0.0,19.67,16.92,-0.038,0.0,0.0,0.0,60.0,59.9,74.7,0.0,275.1,274.1,275.1,0.0,0.0,0.0,602.0,1375028.0,41236.0,126878.0,1.0,0.979,0.748,0.921,0.006,0.008,0.008,0.01,0.014,0.012,0.013,0.0,0.0,0.0,0.0,0.0,0.0,0.0,43568.0,44232.0,43790.0,43640.0,44525.0,42264.0,38292.0,2.567,312.7,16.26,3.9,3.53,2.0,-1.0,13.72,0.019,0.218,3.0,2.0,0.0,0.0,17.33,16.84,16.07,16.46,16.27,19.49,16.17,17.03,16.44,29.92
2016-06-09 22:13:00-05:00,-11.524022,-5.6598487,506246,18.48,0.0,0.509,20.04,0.54,276.2,274.6,272.1,0.0,0.0,0.0,1.431,0.0,60.15,0.0,1384539.0,21.77,0.0,0.0,0.0,0.0,0.0,0.0,0.0,0.0,0.0,0.0,19.64,17.02,-0.038,0.0,0.0,0.0,60.0,59.9,74.7,0.0,275.0,274.0,275.0,0.0,0.0,0.0,602.0,1375028.0,41236.0,126878.0,1.0,0.979,0.748,0.921,0.007,0.007,0.009,0.01,0.015,0.012,0.013,0.0,0.0,0.0,0.0,0.0,0.0,0.0,43568.0,44232.0,43790.0,43640.0,44525.0,42264.0,38292.0,2.77,301.9,15.39,3.6,3.53,2.0,-1.0,13.72,0.019,0.218,3.0,2.0,0.0,0.0,17.46,16.87,16.06,16.46,16.32,19.44,16.12,17.02,16.49,29.86
2016-06-09 22:14:00-05:00,-11.524022,-5.547773,506247,18.46,0.0,0.509,20.08,0.54,276.3,274.7,272.2,0.0,0.0,0.0,1.467,0.0,60.14,0.0,1384539.0,21.77,0.0,0.0,0.0,0.0,0.0,0.0,0.0,0.0,0.0,0.0,19.63,17.06,-0.037,0.0,0.0,0.0,60.0,59.9,74.7,0.0,275.0,274.0,275.0,0.0,0.0,0.0,602.0,1375028.0,41236.0,126878.0,1.0,0.979,0.748,0.921,0.007,0.008,0.009,0.01,0.015,0.011,0.012,0.0,0.0,0.0,0.0,0.0,0.0,0.0,43568.0,44232.0,43790.0,43640.0,44525.0,42264.0,38292.0,2.902,300.7,10.61,3.8,3.528,2.0,-1.0,13.72,0.019,0.218,3.0,2.0,0.0,0.0,17.52,16.89,16.07,16.51,16.36,19.56,16.22,17.05,16.61,29.86
2016-06-09 22:15:00-05:00,-11.167608,-5.4356966,506248,18.46,0.0,0.509,19.93,0.54,276.4,274.8,272.3,0.0,0.0,0.0,1.419,0.0,60.14,0.0,1384539.0,21.78,0.0,0.0,0.0,0.0,0.0,0.0,0.0,0.0,0.0,0.0,19.53,17.1,-0.038,0.0,0.0,0.0,60.0,59.9,74.7,0.0,275.0,274.0,275.0,0.0,0.0,0.0,602.0,1375028.0,41236.0,126878.0,1.0,0.979,0.748,0.921,0.005,0.007,0.009,0.01,0.015,0.011,0.013,0.0,0.0,0.0,0.0,0.0,0.0,0.0,43568.0,44232.0,43790.0,43640.0,44525.0,42264.0,38292.0,2.62,307.5,15.78,4.2,3.528,2.0,-1.0,13.72,0.019,0.217,3.0,2.0,0.0,0.0,17.56,16.92,16.07,16.56,16.4,19.59,16.27,17.05,16.65,29.77
2016-06-09 22:16:00-05:00,-11.167608,-5.3236203,506249,18.45,0.0,0.509,19.92,0.54,276.1,274.3,271.9,0.0,0.0,0.0,1.385,0.0,60.13,0.0,1384539.0,21.78,0.0,0.0,0.0,0.0,0.0,0.0,0.0,0.0,0.0,0.0,19.51,17.13,-0.038,0.0,0.0,0.0,60.0,59.9,74.7,0.0,275.0,274.0,275.0,0.0,0.0,0.0,602.0,1375028.0,41236.0,126878.0,1.0,0.979,0.748,0.921,0.006,0.008,0.009,0.01,0.015,0.011,0.012,0.0,0.0,0.0,0.0,0.0,0.0,0.0,43568.0,44232.0,43790.0,43640.0,44525.0,42264.0,38292.0,2.853,311.7,11.82,3.5,3.531,2.0,-1.0,13.72,0.019,0.218,3.0,2.0,0.0,0.0,17.62,16.95,16.14,16.53,16.45,19.64,16.27,17.13,16.7,29.76
2016-06-09 22:17:00-05:00,-11.167608,-5.3236203,506250,18.43,0.0,0.509,19.96,0.54,275.7,274.4,271.9,0.0,0.0,0.0,1.423,0.0,60.18,0.0,1384539.0,21.78,0.0,0.0,0.0,0.0,0.0,0.0,0.0,0.0,0.0,0.0,19.56,17.23,-0.037,0.0,0.0,0.0,60.0,59.9,74.7,0.0,274.3,274.0,275.0,0.0,0.0,0.0,602.0,1375028.0,41236.0,126878.0,1.0,0.979,0.748,0.921,0.006,0.008,0.009,0.01,0.015,0.011,0.013,0.0,0.0,0.0,0.0,0.0,0.0,0.0,43568.0,44232.0,43790.0,43640.0,44525.0,42264.0,38292.0,2.868,303.1,9.22,3.7,3.531,2.0,-1.0,13.72,0.019,0.218,3.0,2.0,0.0,0.0,17.65,16.98,16.17,16.64,16.46,19.65,16.32,17.16,16.79,29.67
2016-06-09 22:18:00-05:00,-11.167608,-5.3236203,506251,18.43,0.0,0.509,20.08,0.54,275.6,274.3,271.8,0.0,0.0,0.0,1.431,0.0,60.15,0.0,1384539.0,21.76,0.0,0.0,0.0,0.0,0.0,0.0,0.0,0.0,0.0,0.0,19.61,17.36,-0.038,0.0,0.0,0.0,60.0,59.9,74.7,0.0,274.0,273.9,274.9,0.0,0.0,0.0,602.0,1375028.0,41236.0,126878.0,1.0,0.979,0.748,0.921,0.006,0.007,0.008,0.01,0.015,0.011,0.013,0.0,0.0,0.0,0.0,0.0,0.0,0.0,43568.0,44232.0,43790.0,43640.0,44525.0,42264.0,38292.0,2.473,303.7,10.7,3.6,3.53,2.0,-1.0,13.72,0.019,0.218,3.0,2.0,0.0,0.0,17.82,17.05,16.27,16.72,16.58,19.77,16.47,17.28,16.8,29.64
2016-06-09 22:19:00-05:00,-11.167608,-5.3236203,506252,18.41,0.0,0.509,19.95,0.54,275.8,274.4,271.8,0.0,0.0,0.0,1.526,0.0,60.14,0.0,1384539.0,21.77,0.0,0.0,0.0,0.0,0.0,0.0,0.0,0.0,0.0,0.0,19.52,17.22,-0.038,0.0,0.0,0.0,60.0,59.9,74.7,0.0,274.4,274.0,275.0,0.0,0.0,0.0,602.0,1375028.0,41236.0,126878.0,1.0,0.979,0.748,0.921,0.006,0.007,0.008,0.011,0.015,0.011,0.012,0.0,0.0,0.0,0.0,0.0,0.0,0.0,43568.0,44232.0,43790.0,43640.0,44525.0,42264.0,38292.0,2.768,319.3,12.03,4.5,3.531,2.0,-1.0,13.72,0.019,0.218,3.0,2.0,0.0,0.0,17.72,17.05,16.27,16.76,16.56,19.78,16.46,17.24,16.83,29.56
2016-06-09 22:20:00-05:00,-11.167608,-5.3236203,506253,18.4,0.0,0.509,19.97,0.54,276.0,274.4,271.9,0.0,0.0,0.0,1.4,0.0,60.14,0.0,1384539.0,21.78,0.0,0.0,0.0,0.0,0.0,0.0,0.0,0.0,0.0,0.0,19.54,17.38,-0.037,0.0,0.0,0.0,60.0,59.9,74.7,0.0,275.0,274.0,275.0,0.0,0.0,0.0,602.0,1375028.0,41236.0,126878.0,1.0,0.979,0.748,0.921,0.006,0.007,0.009,0.009,0.014,0.011,0.013,0.0,0.0,0.0,0.0,0.0,0.0,0.0,43568.0,44232.0,43790.0,43640.0,44525.0,42264.0,38292.0,3.262,307.9,12.9,5.0,3.531,2.0,-1.0,13.72,0.019,0.218,3.0,2.0,0.0,0.0,17.82,17.07,16.27,16.72,16.59,19.72,16.46,17.24,16.95,29.54
2016-06-09 22:21:00-05:00,-11.167608,-5.3236203,506254,18.4,0.0,0.509,20.08,0.54,276.0,274.6,272.1,0.0,0.0,0.0,1.422,0.0,60.18,0.0,1384539.0,21.77,0.0,0.0,0.0,0.0,0.0,0.0,0.0,0.0,0.0,0.0,19.66,17.59,-0.038,0.0,0.0,0.0,60.0,59.9,74.7,0.0,275.0,274.0,275.0,0.0,0.0,0.0,602.0,1375028.0,41236.0,126878.0,1.0,0.979,0.748,0.921,0.006,0.008,0.009,0.009,0.015,0.012,0.012,0.0,0.0,0.0,0.0,0.0,0.0,0.0,43568.0,44232.0,43790.0,43640.0,44525.0,42264.0,38292.0,3.857,300.3,8.84,5.5,3.53,2.0,-1.0,13.72,0.018,0.218,3.0,2.0,0.0,0.0,18.0,17.23,16.38,16.87,16.72,19.85,16.59,17.42,17.07,29.46
2016-06-09 22:22:00-05:00,-11.048804,-5.3236203,506255,18.39,0.0,0.509,20.15,0.54,275.9,274.6,272.1,0.0,0.0,0.0,1.379,0.0,60.16,0.0,1384539.0,21.78,0.0,0.0,0.0,0.0,0.0,0.0,0.0,0.0,0.0,0.0,19.71,17.71,-0.038,0.0,0.0,0.0,60.0,59.9,74.7,0.0,275.0,274.0,275.0,0.0,0.0,0.0,602.0,1375028.0,41236.0,126878.0,1.0,0.979,0.748,0.921,0.006,0.008,0.009,0.01,0.014,0.011,0.012,0.0,0.0,0.0,0.0,0.0,0.0,0.0,43568.0,44232.0,43790.0,43640.0,44525.0,42264.0,38292.0,4.25,303.7,13.91,5.7,3.53,2.0,-1.0,13.72,0.018,0.218,3.0,2.0,0.0,0.0,18.13,17.28,16.5,16.97,16.82,19.98,16.69,17.54,17.15,29.43
2016-06-09 22:23:00-05:00,-10.692391,-5.3236203,506256,18.38,0.0,0.509,20.03,0.54,276.1,274.6,272.1,0.0,0.0,0.0,1.48,0.0,60.14,0.0,1384539.0,21.77,0.0,0.0,0.0,0.0,0.0,0.0,0.0,0.0,0.0,0.0,19.61,17.69,-0.038,0.0,0.0,0.0,60.0,59.9,74.7,0.0,275.0,274.0,275.0,0.0,0.0,0.0,602.0,1375028.0,41236.0,126878.0,1.0,0.979,0.748,0.921,0.006,0.007,0.009,0.01,0.014,0.011,0.011,0.0,0.0,0.0,0.0,0.0,0.0,0.0,43568.0,44232.0,43790.0,43640.0,44525.0,42264.0,38292.0,2.62,306.9,9.77,3.5,3.531,2.0,-1.0,13.72,0.018,0.217,3.0,2.0,0.0,0.0,18.16,17.41,16.6,17.05,16.95,20.01,16.77,17.57,17.27,29.35
2016-06-09 22:24:00-05:00,-10.573587,-5.3236203,506257,18.38,0.0,0.509,20.09,0.54,276.1,274.7,272.2,0.0,0.0,0.0,1.488,0.0,60.17,0.0,1384539.0,21.78,0.0,0.0,0.0,0.0,0.0,0.0,0.0,0.0,0.0,0.0,19.7,17.69,-0.038,0.0,0.0,0.0,60.0,59.9,74.7,0.0,275.0,274.0,275.0,0.0,0.0,0.0,602.0,1375028.0,41236.0,126878.0,1.0,0.979,0.748,0.921,0.006,0.008,0.009,0.01,0.014,0.011,0.012,0.0,0.0,0.0,0.0,0.0,0.0,0.0,43568.0,44232.0,43790.0,43640.0,44525.0,42264.0,38292.0,3.608,303.2,11.9,5.5,3.531,2.0,-1.0,13.72,0.018,0.218,3.0,2.0,0.0,0.0,18.09,17.44,16.66,17.11,17.05,20.08,16.87,17.67,17.14,29.28
2016-06-09 22:25:00-05:00,-10.573587,-5.3236203,506258,18.38,0.0,0.509,19.96,0.54,276.2,274.6,272.1,0.0,0.0,0.0,1.51,0.0,60.2,0.0,1384539.0,21.77,0.0,0.0,0.0,0.0,0.0,0.0,0.0,0.0,0.0,0.0,19.57,17.57,-0.037,0.0,0.0,0.0,60.0,59.9,74.7,0.0,275.0,274.0,275.0,0.0,0.0,0.0,602.0,1375028.0,41236.0,126878.0,1.0,0.979,0.748,0.921,0.006,0.007,0.009,0.009,0.014,0.012,0.012,0.0,0.0,0.0,0.0,0.0,0.0,0.0,43568.0,44232.0,43790.0,43640.0,44525.0,42264.0,38292.0,3.247,303.8,8.98,5.0,3.53,2.0,-1.0,13.72,0.018,0.218,3.0,2.0,0.0,0.0,18.03,17.49,16.66,17.15,17.05,20.08,16.94,17.65,17.26,29.27
2016-06-09 22:26:00-05:00,-10.692391,-5.3236203,506259,18.38,0.0,0.509,20.13,0.54,276.4,274.7,272.2,0.0,0.0,0.0,1.378,0.0,60.12,0.0,1384539.0,21.77,0.0,0.0,0.0,0.0,0.0,0.0,0.0,0.0,0.0,0.0,19.69,17.73,-0.038,0.0,0.0,0.0,60.0,59.9,74.7,0.0,275.0,274.0,275.0,0.0,0.0,0.0,602.0,1375028.0,41236.0,126878.0,1.0,0.979,0.748,0.921,0.006,0.008,0.009,0.009,0.014,0.011,0.012,0.0,0.0,0.0,0.0,0.0,0.0,0.0,43568.0,44232.0,43790.0,43640.0,44525.0,42264.0,38292.0,2.683,306.2,16.18,4.5,3.53,2.0,-1.0,13.72,0.018,0.217,3.0,2.0,0.0,0.0,18.14,17.54,16.76,17.21,17.08,20.14,17.02,17.7,17.29,29.2
2016-06-09 22:27:00-05:00,-10.811195,-5.3236203,506260,18.38,0.0,0.509,20.2,0.54,276.6,274.7,272.2,0.0,0.0,0.0,1.435,0.0,60.18,0.0,1384539.0,21.78,0.0,0.0,0.0,0.0,0.0,0.0,0.0,0.0,0.0,0.0,19.77,17.8,-0.038,0.0,0.0,0.0,60.0,59.9,74.7,0.0,275.0,274.0,275.0,0.0,0.0,0.0,602.0,1375028.0,41236.0,126878.0,1.0,0.979,0.748,0.921,0.006,0.007,0.008,0.009,0.014,0.011,0.012,0.0,0.0,0.0,0.0,0.0,0.0,0.0,43568.0,44232.0,43790.0,43640.0,44525.0,42264.0,38292.0,3.077,305.1,11.65,4.5,3.531,2.0,-1.0,13.72,0.018,0.217,3.0,2.0,0.0,0.0,18.26,17.5,16.77,17.24,17.08,20.08,17.05,17.67,17.28,29.12
2016-06-09 22:28:00-05:00,-11.048804,-5.3236203,506261,18.38,0.0,0.509,20.21,0.62,276.6,274.8,272.3,0.0,0.0,0.0,1.522,0.0,60.15,0.0,1384539.0,21.78,0.0,0.0,0.0,0.0,0.0,0.0,0.0,0.0,0.0,0.0,19.78,17.87,-0.038,0.0,0.0,0.0,60.0,59.9,74.7,0.0,275.0,274.0,275.0,0.0,0.0,0.0,602.0,1375028.0,41236.0,126878.0,1.0,0.979,0.748,0.921,0.007,0.007,0.008,0.009,0.015,0.011,0.012,0.0,0.0,0.0,0.0,0.0,0.0,0.0,43568.0,44232.0,43790.0,43640.0,44525.0,42264.0,38292.0,2.87,304.8,8.58,4.1,3.531,2.0,-1.0,13.72,0.018,0.218,3.0,2.0,0.0,0.0,18.29,17.59,16.76,17.24,17.15,20.08,17.05,17.76,17.25,29.07
2016-06-09 22:29:00-05:00,-11.167608,-5.3236203,506262,18.38,0.0,0.509,20.14,0.54,276.6,274.7,272.2,0.0,0.0,0.0,1.491,0.0,60.2,0.0,1384539.0,21.77,0.0,0.0,0.0,0.0,0.0,0.0,0.0,0.0,0.0,0.0,19.74,17.85,-0.038,0.0,0.0,0.0,60.0,59.9,74.7,0.0,275.0,274.0,275.0,0.0,0.0,0.0,602.0,1375028.0,41236.0,126878.0,1.0,0.979,0.748,0.921,0.006,0.007,0.009,0.009,0.014,0.011,0.013,0.0,0.0,0.0,0.0,0.0,0.0,0.0,43568.0,44232.0,43790.0,43640.0,44525.0,42264.0,38292.0,3.237,299.3,9.15,4.7,3.531,2.0,-1.0,13.72,0.018,0.218,3.0,2.0,0.0,0.0,18.32,17.59,16.76,17.21,17.1,20.05,17.05,17.7,17.29,29.02
2016-06-09 22:30:00-05:00,-11.167608,-5.3236203,506263,18.38,0.0,0.509,20.18,0.54,276.6,275.0,272.4,0.0,0.0,0.0,1.53,0.0,60.23,0.0,1384539.0,21.76,0.0,0.0,0.0,0.0,0.0,0.0,0.0,0.0,0.0,0.0,19.79,17.92,-0.038,0.0,0.0,0.0,60.0,59.9,74.7,0.0,275.0,274.0,275.1,0.0,0.0,0.0,602.0,1375028.0,41236.0,126878.0,1.0,0.979,0.748,0.921,0.006,0.007,0.009,0.01,0.014,0.011,0.012,0.0,0.0,0.0,0.0,0.0,0.0,0.0,43568.0,44232.0,43790.0,43640.0,44525.0,42264.0,38292.0,3.108,309.9,10.28,5.3,3.531,2.0,-1.0,13.72,0.018,0.217,3.0,2.0,0.0,0.0,18.37,17.75,16.82,17.28,17.21,20.18,17.08,17.82,17.29,28.97
2016-06-09 22:31:00-05:00,-11.167608,-5.3236203,506264,18.38,0.0,0.509,20.21,0.54,276.5,275.0,272.4,0.0,0.0,0.0,1.52,0.0,60.14,0.0,1384539.0,21.78,0.0,0.0,0.0,0.0,0.0,0.0,0.0,0.0,0.0,0.0,19.82,17.95,-0.038,0.0,0.0,0.0,60.0,59.9,74.7,0.0,275.0,274.0,275.0,0.0,0.0,0.0,602.0,1375028.0,41236.0,126878.0,1.0,0.979,0.748,0.921,0.006,0.006,0.008,0.01,0.015,0.01,0.012,0.0,0.0,0.0,0.0,0.0,0.0,0.0,43568.0,44232.0,43790.0,43640.0,44525.0,42264.0,38292.0,2.692,301.8,9.84,3.7,3.53,2.0,-1.0,13.72,0.018,0.217,3.0,2.0,0.0,0.0,18.39,17.78,16.85,17.34,17.24,20.18,17.15,17.83,17.22,28.89
2016-06-09 22:32:00-05:00,-11.167608,-5.3236203,506265,18.38,0.0,0.509,20.2,0.54,276.8,274.9,272.5,0.0,0.0,0.0,1.498,0.0,60.21,0.0,1384539.0,21.77,0.0,0.0,0.0,0.0,0.0,0.0,0.0,0.0,0.0,0.0,19.79,18.0,-0.037,0.0,0.0,0.0,60.0,59.9,74.7,0.0,275.0,274.0,275.3,0.0,0.0,0.0,602.0,1375028.0,41236.0,126878.0,1.0,0.979,0.748,0.921,0.006,0.007,0.008,0.009,0.015,0.01,0.012,0.0,0.0,0.0,0.0,0.0,0.0,0.0,43568.0,44232.0,43790.0,43640.0,44525.0,42264.0,38292.0,2.965,306.2,15.29,4.6,3.53,2.0,-1.0,13.72,0.018,0.218,3.0,2.0,0.0,0.0,18.4,17.75,16.85,17.34,17.23,20.18,17.15,17.81,17.18,28.83
2016-06-09 22:33:00-05:00,-11.167608,-5.3236203,506266,18.38,0.0,0.509,20.07,0.54,276.7,275.1,272.5,0.0,0.0,0.0,1.513,0.0,60.15,0.0,1384539.0,21.77,0.0,0.0,0.0,0.0,0.0,0.0,0.0,0.0,0.0,0.0,19.66,17.9,-0.038,0.0,0.0,0.0,60.0,59.9,74.7,0.0,275.0,274.2,275.6,0.0,0.0,0.0,602.0,1375028.0,41236.0,126878.0,1.0,0.979,0.748,0.921,0.006,0.007,0.009,0.009,0.014,0.011,0.012,0.0,0.0,0.0,0.0,0.0,0.0,0.0,43568.0,44232.0,43790.0,43640.0,44525.0,42264.0,38292.0,2.84,310.9,13.78,5.4,3.53,2.0,-1.0,13.72,0.018,0.217,3.0,2.0,0.0,0.0,18.34,17.71,16.85,17.34,17.24,20.08,17.15,17.76,17.28,28.78
2016-06-09 22:34:00-05:00,-11.167608,-5.3236203,506267,18.38,0.0,0.509,20.14,0.54,277.0,274.9,272.5,0.0,0.0,0.0,1.528,0.0,60.12,0.0,1384539.0,21.78,0.0,0.0,0.0,0.0,0.0,0.0,0.0,0.0,0.0,0.0,19.71,17.88,-0.037,0.0,0.0,0.0,60.0,59.9,74.7,0.0,275.0,274.2,276.0,0.0,0.0,0.0,602.0,1375028.0,41236.0,126878.0,1.0,0.979,0.748,0.921,0.007,0.007,0.008,0.01,0.014,0.011,0.012,0.0,0.0,0.0,0.0,0.0,0.0,0.0,43568.0,44232.0,43790.0,43640.0,44525.0,42264.0,38292.0,2.337,300.7,11.68,4.4,3.53,2.0,-1.0,13.72,0.018,0.218,3.0,2.0,0.0,0.0,18.34,17.7,16.85,17.26,17.16,20.05,17.05,17.7,17.25,28.68
2016-06-09 22:35:00-05:00,-11.167608,-5.3236203,506268,18.38,0.0,0.509,20.12,0.69,276.7,275.0,272.5,0.0,0.0,0.0,1.67,0.0,60.14,0.0,1384539.0,21.79,0.0,0.0,0.0,0.0,0.0,0.0,0.0,0.0,0.0,0.0,19.69,17.9,-0.038,0.0,0.0,0.0,60.0,59.9,74.7,0.0,275.0,274.0,275.6,0.0,0.0,0.0,602.0,1375028.0,41236.0,126878.0,1.0,0.979,0.748,0.921,0.006,0.007,0.008,0.009,0.014,0.012,0.013,0.0,0.0,0.0,0.0,0.0,0.0,0.0,43568.0,44232.0,43790.0,43640.0,44525.0,42264.0,38292.0,3.447,309.7,13.26,5.5,3.528,2.0,-1.0,13.72,0.018,0.217,3.0,2.0,0.0,0.0,18.33,17.71,16.85,17.28,17.18,20.06,17.07,17.72,17.21,28.65
2016-06-09 22:36:00-05:00,-11.167608,-5.3236203,506269,18.38,0.0,0.509,20.13,0.54,276.4,275.3,272.8,0.0,0.0,0.0,1.566,0.0,60.18,0.0,1384539.0,21.78,0.0,0.0,0.0,0.0,0.0,0.0,0.0,0.0,0.0,0.0,19.71,17.89,-0.038,0.0,0.0,0.0,60.0,59.9,74.7,0.0,275.0,274.4,275.8,0.0,0.0,0.0,602.0,1375028.0,41236.0,126878.0,1.0,0.979,0.748,0.921,0.005,0.007,0.008,0.01,0.015,0.011,0.012,0.0,0.0,0.0,0.0,0.0,0.0,0.0,43568.0,44232.0,43790.0,43640.0,44525.0,42264.0,38292.0,3.332,300.7,11.48,4.4,3.53,2.0,-1.0,13.72,0.018,0.217,3.0,2.0,0.0,0.0,18.3,17.73,16.85,17.34,17.24,20.08,17.13,17.75,17.26,28.58
2016-06-09 22:37:00-05:00,-11.167608,-5.3236203,506270,18.4,0.0,0.509,20.28,0.54,277.2,275.1,272.7,0.0,0.0,0.0,1.599,0.0,60.22,0.0,1384539.0,21.77,0.0,0.0,0.0,0.0,0.0,0.0,0.0,0.0,0.0,0.0,19.9,18.08,-0.038,0.0,0.0,0.0,60.0,59.9,74.7,0.0,275.6,275.0,276.0,0.0,0.0,0.0,602.0,1375028.0,41236.0,126878.0,1.0,0.979,0.748,0.921,0.006,0.007,0.008,0.01,0.014,0.01,0.012,0.0,0.0,0.0,0.0,0.0,0.0,0.0,43568.0,44232.0,43790.0,43640.0,44525.0,42264.0,38292.0,3.98,302.0,9.07,5.6,3.53,2.0,-1.0,13.72,0.018,0.217,3.0,2.0,0.0,0.0,18.43,17.82,16.95,17.44,17.33,20.26,17.24,17.88,17.31,28.55
2016-06-09 22:38:00-05:00,-10.811195,-5.3236203,506271,18.4,0.0,0.509,20.21,0.54,276.8,275.3,272.8,0.0,0.0,0.0,1.581,0.0,60.22,0.0,1384539.0,21.78,0.0,0.0,0.0,0.0,0.0,0.0,0.0,0.0,0.0,0.0,19.83,18.04,-0.038,0.0,0.0,0.0,60.0,59.9,74.7,0.0,275.7,275.0,276.0,0.0,0.0,0.0,602.0,1375028.0,41236.0,126878.0,1.0,0.979,0.748,0.921,0.005,0.007,0.008,0.009,0.015,0.011,0.012,0.0,0.0,0.0,0.0,0.0,0.0,0.0,43568.0,44232.0,43790.0,43640.0,44525.0,42264.0,38292.0,3.703,302.4,17.91,5.8,3.53,2.0,-1.0,13.72,0.018,0.217,3.0,2.0,0.0,0.0,18.47,17.75,17.05,17.44,17.37,20.24,17.29,17.88,17.37,28.48
2016-06-09 22:39:00-05:00,-10.692391,-5.3236203,506272,18.4,0.0,0.509,20.11,0.54,277.0,275.5,273.0,0.0,0.0,0.0,1.584,0.0,60.21,0.0,1384539.0,21.78,0.0,0.0,0.0,0.0,0.0,0.0,0.0,0.0,0.0,0.0,19.7,17.95,-0.038,0.0,0.0,0.0,60.0,59.9,74.7,0.0,276.0,275.0,276.0,0.0,0.0,0.0,602.0,1375028.0,41236.0,126878.0,1.0,0.979,0.748,0.921,0.006,0.007,0.009,0.009,0.014,0.01,0.013,0.0,0.0,0.0,0.0,0.0,0.0,0.0,43568.0,44232.0,43790.0,43640.0,44525.0,42264.0,38292.0,3.473,307.8,10.93,5.1,3.53,2.0,-1.0,13.72,0.018,0.217,3.0,2.0,0.0,0.0,18.39,17.78,17.05,17.47,17.41,20.24,17.36,17.99,17.47,28.4
2016-06-09 22:40:00-05:00,-10.692391,-5.3236203,506273,18.4,0.0,0.509,20.27,0.54,277.1,275.5,273.0,0.0,0.0,0.0,1.588,0.0,60.22,0.0,1384539.0,21.77,0.0,0.0,0.0,0.0,0.0,0.0,0.0,0.0,0.0,0.0,19.85,18.08,-0.038,0.0,0.0,0.0,60.0,59.9,74.7,0.0,276.0,275.0,276.0,0.0,0.0,0.0,602.0,1375028.0,41236.0,126878.0,1.0,0.979,0.748,0.921,0.006,0.008,0.009,0.01,0.014,0.011,0.012,0.0,0.0,0.0,0.0,0.0,0.0,0.0,43568.0,44232.0,43790.0,43640.0,44525.0,42264.0,38292.0,3.36,301.8,6.78,5.1,3.531,2.0,-1.0,13.72,0.018,0.218,3.0,2.0,0.0,0.0,18.42,17.83,17.07,17.5,17.44,20.27,17.36,18.01,17.49,28.34
2016-06-09 22:41:00-05:00,-10.692391,-5.3236203,506274,18.4,0.0,0.509,20.29,0.54,277.3,275.5,273.0,0.0,0.0,0.0,1.599,0.0,60.21,0.0,1384539.0,21.78,0.0,0.0,0.0,0.0,0.0,0.0,0.0,0.0,0.0,0.0,19.89,18.08,-0.036,0.0,0.0,0.0,60.0,59.9,74.7,0.0,276.0,275.0,276.0,0.0,0.0,0.0,602.0,1375028.0,41236.0,126878.0,1.0,0.979,0.748,0.921,0.005,0.006,0.008,0.01,0.014,0.011,0.012,0.0,0.0,0.0,0.0,0.0,0.0,0.0,43568.0,44232.0,43790.0,43640.0,44525.0,42264.0,38292.0,2.595,308.7,12.93,4.3,3.531,2.0,-1.0,13.72,0.018,0.218,3.0,2.0,0.0,0.0,18.47,17.88,17.08,17.52,17.44,20.21,17.34,17.98,17.47,28.29
2016-06-09 22:42:00-05:00,-11.048804,-5.3236203,506275,18.41,0.0,0.509,20.25,0.54,277.1,275.6,273.1,0.0,0.0,0.0,1.579,0.0,60.22,0.0,1384539.0,21.78,0.0,0.0,0.0,0.0,0.0,0.0,0.0,0.0,0.0,0.0,19.88,18.1,-0.038,0.0,0.0,0.0,60.0,59.9,74.7,0.0,276.0,275.0,276.0,0.0,0.0,0.0,602.0,1375028.0,41236.0,126878.0,1.0,0.979,0.748,0.921,0.006,0.007,0.008,0.009,0.015,0.011,0.011,0.0,0.0,0.0,0.0,0.0,0.0,0.0,43568.0,44232.0,43790.0,43640.0,44525.0,42264.0,38292.0,3.472,301.6,8.23,5.2,3.531,2.0,-1.0,13.72,0.017,0.217,3.0,2.0,0.0,0.0,18.47,17.88,17.05,17.47,17.39,20.21,17.36,17.94,17.52,28.24
2016-06-09 22:43:00-05:00,-11.167608,-5.3236203,506276,18.42,0.0,0.509,20.22,0.54,277.2,275.1,272.7,0.0,0.0,0.0,1.546,0.0,60.2,0.0,1384539.0,21.78,0.0,0.0,0.0,0.0,0.0,0.0,0.0,0.0,0.0,0.0,19.8,18.0,-0.038,0.0,0.0,0.0,60.0,59.9,74.7,0.0,275.7,274.8,275.9,0.0,0.0,0.0,602.0,1375028.0,41236.0,126878.0,1.0,0.979,0.748,0.921,0.005,0.007,0.008,0.009,0.015,0.011,0.012,0.0,0.0,0.0,0.0,0.0,0.0,0.0,43568.0,44232.0,43790.0,43640.0,44525.0,42264.0,38292.0,3.43,300.0,8.12,5.2,3.531,2.0,-1.0,13.72,0.017,0.217,3.0,2.0,0.0,0.0,18.43,17.91,17.11,17.54,17.44,20.29,17.44,18.03,17.49,28.19
2016-06-09 22:44:00-05:00,-11.167608,-5.3236203,506277,18.43,0.0,0.509,20.09,0.54,276.8,275.0,272.5,0.0,0.0,0.0,1.586,0.0,60.13,0.0,1384539.0,21.78,0.0,0.0,0.0,0.0,0.0,0.0,0.0,0.0,0.0,0.0,19.7,17.86,-0.038,0.0,0.0,0.0,60.0,59.9,74.7,0.0,275.0,274.4,275.9,0.0,0.0,0.0,602.0,1375028.0,41236.0,126878.0,1.0,0.979,0.748,0.921,0.006,0.007,0.008,0.009,0.014,0.01,0.011,0.0,0.0,0.0,0.0,0.0,0.0,0.0,43568.0,44232.0,43790.0,43640.0,44525.0,42264.0,38292.0,2.727,303.3,10.75,4.2,3.531,2.0,-1.0,13.72,0.017,0.217,3.0,2.0,0.0,0.0,18.32,17.83,17.05,17.5,17.41,20.18,17.32,17.93,17.46,28.13
2016-06-09 22:45:00-05:00,-11.167608,-5.3236203,506278,18.43,0.0,0.509,20.07,0.54,276.9,275.0,272.5,0.0,0.0,0.0,1.599,0.0,60.15,0.0,1384539.0,21.78,0.0,0.0,0.0,0.0,0.0,0.0,0.0,0.0,0.0,0.0,19.67,17.87,-0.037,0.0,0.0,0.0,60.0,59.9,74.7,0.0,275.0,274.6,275.9,0.0,0.0,0.0,602.0,1375028.0,41236.0,126878.0,1.0,0.979,0.748,0.921,0.006,0.007,0.008,0.009,0.014,0.011,0.011,0.0,0.0,0.0,0.0,0.0,0.0,0.0,43568.0,44232.0,43790.0,43640.0,44525.0,42264.0,38292.0,2.517,300.5,9.72,3.7,3.531,2.0,-1.0,13.72,0.017,0.217,3.0,2.0,0.0,0.0,18.26,17.83,17.0,17.44,17.34,20.14,17.26,17.83,17.34,28.09
2016-06-09 22:46:00-05:00,-11.167608,-5.3236203,506279,18.43,0.0,0.509,20.13,0.54,276.9,275.2,272.7,0.0,0.0,0.0,1.598,0.0,60.18,0.0,1384539.0,21.78,0.0,0.0,0.0,0.0,0.0,0.0,0.0,0.0,0.0,0.0,19.76,17.97,-0.038,0.0,0.0,0.0,60.0,59.9,74.7,0.0,275.4,275.0,276.0,0.0,0.0,0.0,602.0,1375028.0,41236.0,126878.0,1.0,0.979,0.748,0.921,0.005,0.007,0.009,0.01,0.014,0.011,0.012,0.0,0.0,0.0,0.0,0.0,0.0,0.0,43568.0,44232.0,43790.0,43640.0,44525.0,42264.0,38292.0,2.688,298.2,11.72,4.6,3.53,2.0,-1.0,13.72,0.017,0.217,3.0,2.0,0.0,0.0,18.35,17.88,17.02,17.44,17.32,20.13,17.24,17.88,17.29,28.03
2016-06-09 22:47:00-05:00,-11.167608,-5.3236203,506280,18.43,0.0,0.509,20.08,0.54,276.8,275.3,272.7,0.0,0.0,0.0,1.607,0.0,60.15,0.0,1384539.0,21.78,0.0,0.0,0.0,0.0,0.0,0.0,0.0,0.0,0.0,0.0,19.67,17.84,-0.038,0.0,0.0,0.0,60.0,59.9,74.7,0.0,275.5,275.0,276.0,0.0,0.0,0.0,602.0,1375028.0,41236.0,126878.0,1.0,0.979,0.748,0.921,0.006,0.007,0.008,0.009,0.014,0.01,0.011,0.0,0.0,0.0,0.0,0.0,0.0,0.0,43568.0,44232.0,43790.0,43640.0,44525.0,42264.0,38292.0,2.635,308.4,10.59,3.7,3.53,2.0,-1.0,13.72,0.017,0.217,3.0,2.0,0.0,0.0,18.29,17.78,16.97,17.41,17.31,20.01,17.23,17.8,17.26,27.99
2016-06-09 22:48:00-05:00,-11.642826,-5.3236203,506281,18.43,0.0,0.509,20.01,0.54,276.6,275.2,272.6,0.0,0.0,0.0,1.602,0.0,60.13,0.0,1384539.0,21.77,0.0,0.0,0.0,0.0,0.0,0.0,0.0,0.0,0.0,0.0,19.6,17.76,-0.038,0.0,0.0,0.0,60.0,59.9,74.7,0.0,275.0,274.9,275.9,0.0,0.0,0.0,602.0,1375028.0,41236.0,126878.0,1.0,0.979,0.748,0.921,0.006,0.007,0.008,0.009,0.014,0.01,0.012,0.0,0.0,0.0,0.0,0.0,0.0,0.0,43568.0,44232.0,43790.0,43640.0,44525.0,42264.0,38292.0,1.972,308.0,27.21,2.9,3.53,2.0,-1.0,13.72,0.017,0.217,3.0,2.0,0.0,0.0,18.21,17.65,16.9,17.31,17.23,19.98,17.11,17.67,17.24,27.93
2016-06-09 22:49:00-05:00,-11.999239,-5.547773,506282,18.44,0.0,0.509,20.02,0.54,276.5,275.1,272.6,0.0,0.0,0.0,1.601,0.0,60.15,0.0,1384539.0,21.78,0.0,0.0,0.0,0.0,0.0,0.0,0.0,0.0,0.0,0.0,19.61,17.73,-0.038,0.0,0.0,0.0,60.0,59.9,74.7,0.0,275.0,274.5,275.5,0.0,0.0,0.0,602.0,1375028.0,41236.0,126878.0,1.0,0.979,0.748,0.921,0.005,0.006,0.008,0.009,0.014,0.011,0.012,0.0,0.0,0.0,0.0,0.0,0.0,0.0,43568.0,44232.0,43790.0,43640.0,44525.0,42264.0,38292.0,2.665,308.4,11.45,3.4,3.531,2.0,-1.0,13.72,0.017,0.217,3.0,2.0,0.0,0.0,18.21,17.6,16.85,17.24,17.11,19.93,17.05,17.58,17.08,27.9
2016-06-09 22:50:00-05:00,-11.999239,-5.6598487,506283,18.45,0.0,0.509,19.95,0.54,276.9,275.2,272.6,0.0,0.0,0.0,1.606,0.0,60.14,0.0,1384539.0,21.78,0.0,0.0,0.0,0.0,0.0,0.0,0.0,0.0,0.0,0.0,19.55,17.69,-0.037,0.0,0.0,0.0,60.0,59.9,74.7,0.0,275.3,275.0,276.0,0.0,0.0,0.0,602.0,1375028.0,41236.0,126878.0,1.0,0.979,0.748,0.921,0.006,0.006,0.008,0.009,0.014,0.01,0.012,0.0,0.0,0.0,0.0,0.0,0.0,0.0,43568.0,44232.0,43790.0,43640.0,44525.0,42264.0,38292.0,3.02,303.4,11.85,4.0,3.53,2.0,-1.0,13.72,0.017,0.218,3.0,2.0,0.0,0.0,18.12,17.59,16.84,17.19,17.08,19.88,17.0,17.54,17.1,27.9
2016-06-09 22:51:00-05:00,-11.999239,-5.6598487,506284,18.45,0.0,0.509,20.0,0.54,277.2,275.4,272.8,0.0,0.0,0.0,1.607,0.0,60.14,0.0,1384539.0,21.78,0.0,0.0,0.0,0.0,0.0,0.0,0.0,0.0,0.0,0.0,19.59,17.75,-0.038,0.0,0.0,0.0,60.0,59.9,74.7,0.0,276.0,275.0,276.0,0.0,0.0,0.0,602.0,1375028.0,41236.0,126878.0,1.0,0.979,0.748,0.921,0.006,0.007,0.008,0.009,0.014,0.01,0.012,0.0,0.0,0.0,0.0,0.0,0.0,0.0,43568.0,44232.0,43790.0,43640.0,44525.0,42264.0,38292.0,2.783,313.3,12.24,4.5,3.53,2.0,-1.0,13.72,0.017,0.217,3.0,2.0,0.0,0.0,18.21,17.6,16.77,17.16,17.05,19.85,16.97,17.57,17.13,27.81
2016-06-09 22:52:00-05:00,-11.999239,-5.6598487,506285,18.45,0.0,0.509,19.81,0.54,277.0,275.8,273.1,0.0,0.0,0.0,1.607,0.0,60.22,0.0,1384539.0,21.78,0.0,0.0,0.0,0.0,0.0,0.0,0.0,0.0,0.0,0.0,19.42,17.6,-0.038,0.0,0.0,0.0,60.0,59.9,74.7,0.0,276.0,275.0,276.0,0.0,0.0,0.0,602.0,1375028.0,41236.0,126878.0,1.0,0.979,0.748,0.921,0.006,0.007,0.008,0.009,0.013,0.01,0.012,0.0,0.0,0.0,0.0,0.0,0.0,0.0,43568.0,44232.0,43790.0,43640.0,44525.0,42264.0,38292.0,2.453,307.7,9.27,4.2,3.53,2.0,-1.0,13.72,0.017,0.217,3.0,2.0,0.0,0.0,18.04,17.47,16.71,17.1,17.03,19.78,16.89,17.44,17.06,27.8
2016-06-09 22:53:00-05:00,-11.999239,-5.6598487,506286,18.45,0.0,0.509,19.79,0.54,277.6,275.7,273.0,0.0,0.0,0.0,1.606,0.0,60.21,0.0,1384539.0,21.78,0.0,0.0,0.0,0.0,0.0,0.0,0.0,0.0,0.0,0.0,19.37,17.49,-0.037,0.0,0.0,0.0,60.0,59.9,74.7,0.0,276.0,275.0,276.0,0.0,0.0,0.0,602.0,1375028.0,41236.0,126878.0,1.0,0.979,0.748,0.921,0.006,0.007,0.008,0.01,0.014,0.01,0.012,0.0,0.0,0.0,0.0,0.0,0.0,0.0,43568.0,44232.0,43790.0,43640.0,44525.0,42264.0,38292.0,2.492,301.6,7.811,3.5,3.531,2.0,-1.0,13.72,0.017,0.217,3.0,2.0,0.0,0.0,17.95,17.34,16.66,17.05,16.95,19.64,16.85,17.39,17.06,27.72
2016-06-09 22:54:00-05:00,-11.999239,-5.6598487,506287,18.45,0.0,0.509,19.67,0.54,277.3,275.9,273.2,0.0,0.0,0.0,1.608,0.0,60.22,0.0,1384539.0,21.78,0.0,0.0,0.0,0.0,0.0,0.0,0.0,0.0,0.0,0.0,19.28,17.39,-0.036,0.0,0.0,0.0,60.0,59.9,74.7,0.0,276.0,275.0,276.0,0.0,0.0,0.0,602.0,1375028.0,41236.0,126878.0,1.0,0.979,0.748,0.921,0.006,0.007,0.008,0.008,0.014,0.011,0.012,0.0,0.0,0.0,0.0,0.0,0.0,0.0,43568.0,44232.0,43790.0,43640.0,44525.0,42264.0,38292.0,2.79,304.3,9.26,4.7,3.528,2.0,-1.0,13.72,0.017,0.217,3.0,2.0,0.0,0.0,17.86,17.33,16.56,16.95,16.85,19.61,16.76,17.37,17.1,27.7
2016-06-09 22:55:00-05:00,-11.999239,-5.6598487,506288,18.44,0.0,0.509,19.73,0.706,277.5,276.0,273.3,0.0,0.0,0.0,1.754,0.0,60.22,0.0,1384539.0,21.78,0.0,0.0,0.0,0.0,0.0,0.0,0.0,0.0,0.0,0.0,19.31,17.3,-0.037,0.0,0.0,0.0,60.0,59.9,74.7,0.0,276.0,275.1,276.0,0.0,0.0,0.0,602.0,1375028.0,41236.0,126878.0,1.0,0.979,0.748,0.921,0.006,0.007,0.008,0.009,0.013,0.01,0.011,0.0,0.0,0.0,0.0,0.0,0.0,0.0,43568.0,44232.0,43790.0,43640.0,44525.0,42264.0,38292.0,2.715,303.9,15.11,4.6,3.528,2.0,-1.0,13.72,0.017,0.217,3.0,2.0,0.0,0.0,17.78,17.26,16.56,16.95,16.85,19.6,16.79,17.39,17.03,27.7
2016-06-09 22:56:00-05:00,-11.999239,-5.6598487,506289,18.43,0.0,0.509,19.72,0.54,277.0,275.4,272.7,0.0,0.0,0.0,1.601,0.0,60.16,0.0,1384539.0,21.76,0.0,0.0,0.0,0.0,0.0,0.0,0.0,0.0,0.0,0.0,19.32,17.21,-0.038,0.0,0.0,0.0,60.0,59.9,74.7,0.0,275.2,275.0,275.8,0.0,0.0,0.0,602.0,1375028.0,41236.0,126878.0,1.0,0.979,0.748,0.921,0.006,0.007,0.008,0.008,0.014,0.011,0.012,0.0,0.0,0.0,0.0,0.0,0.0,0.0,43568.0,44232.0,43790.0,43640.0,44525.0,42264.0,38292.0,2.608,300.2,12.48,4.1,3.528,2.0,-1.0,13.72,0.017,0.217,3.0,2.0,0.0,0.0,17.65,17.29,16.56,16.94,16.85,19.59,16.76,17.36,17.08,27.62
2016-06-09 22:57:00-05:00,-11.999239,-5.6598487,506290,18.43,0.0,0.509,19.72,0.54,276.9,275.3,272.6,0.0,0.0,0.0,1.608,0.0,60.15,0.0,1384539.0,21.78,0.0,0.0,0.0,0.0,0.0,0.0,0.0,0.0,0.0,0.0,19.3,17.2,-0.038,0.0,0.0,0.0,60.0,59.9,74.7,0.0,275.2,275.0,276.0,0.0,0.0,0.0,602.0,1375028.0,41236.0,126878.0,1.0,0.979,0.748,0.921,0.005,0.006,0.009,0.009,0.014,0.01,0.012,0.0,0.0,0.0,0.0,0.0,0.0,0.0,43568.0,44232.0,43790.0,43640.0,44525.0,42264.0,38292.0,2.805,301.3,14.47,4.0,3.53,2.0,-1.0,13.72,0.017,0.217,3.0,2.0,0.0,0.0,17.62,17.24,16.5,16.87,16.84,19.54,16.72,17.36,16.96,27.6
2016-06-09 22:58:00-05:00,-11.999239,-5.6598487,506291,18.43,0.0,0.509,19.7,0.54,276.8,275.5,272.8,0.0,0.0,0.0,1.608,0.0,60.14,0.0,1384539.0,21.78,0.0,0.0,0.0,0.0,0.0,0.0,0.0,0.0,0.0,0.0,19.33,17.26,-0.038,0.0,0.0,0.0,60.0,59.9,74.7,0.0,275.6,275.0,276.0,0.0,0.0,0.0,602.0,1375028.0,41236.0,126878.0,1.0,0.979,0.748,0.921,0.005,0.007,0.008,0.008,0.013,0.01,0.012,0.0,0.0,0.0,0.0,0.0,0.0,0.0,43568.0,44232.0,43790.0,43640.0,44525.0,42264.0,38292.0,2.655,295.6,10.37,3.5,3.53,2.0,-1.0,13.72,0.017,0.217,3.0,2.0,0.0,0.0,17.65,17.23,16.46,16.92,16.85,19.59,16.76,17.34,16.95,27.54
2016-06-09 22:59:00-05:00,-11.999239,-5.6598487,506292,18.43,0.0,0.509,19.76,0.54,277.3,275.3,272.7,0.0,0.0,0.0,1.608,0.0,60.14,0.0,1384539.0,21.78,0.0,0.0,0.0,0.0,0.0,0.0,0.0,0.0,0.0,0.0,19.34,17.1,-0.038,0.0,0.0,0.0,60.0,59.9,74.7,0.0,276.0,275.0,276.0,0.0,0.0,0.0,602.0,1375028.0,41236.0,126878.0,1.0,0.979,0.748,0.921,0.005,0.006,0.007,0.009,0.013,0.011,0.011,0.0,0.0,0.0,0.0,0.0,0.0,0.0,43568.0,44232.0,43790.0,43640.0,44525.0,42264.0,38292.0,2.103,312.6,10.87,3.3,3.53,2.0,-1.0,13.72,0.017,0.217,3.0,2.0,0.0,0.0,17.57,17.16,16.44,16.89,16.82,19.54,16.67,17.31,16.87,27.5
2016-06-09 23:00:00-05:00,-11.999239,-5.6598487,506293,18.42,0.0,0.509,19.79,0.54,277.2,275.6,273.0,0.0,0.0,0.0,1.608,0.0,60.15,0.0,1384539.0,21.78,0.0,0.0,0.0,0.0,0.0,0.0,0.0,0.0,0.0,0.0,19.33,17.01,-0.037,0.0,0.0,0.0,60.0,59.9,74.7,0.0,276.0,275.0,276.0,0.0,0.0,0.0,602.0,1375028.0,41236.0,126878.0,1.0,0.979,0.748,0.921,0.005,0.006,0.007,0.009,0.015,0.01,0.012,0.0,0.0,0.0,0.0,0.0,0.0,0.0,43568.0,44232.0,43790.0,43640.0,44525.0,42264.0,38292.0,2.485,300.4,10.08,3.1,3.528,2.0,-1.0,13.72,0.017,0.217,3.0,2.0,0.0,0.0,17.52,17.0,16.33,16.76,16.69,19.39,16.57,17.16,16.82,27.5
2016-06-09 23:01:00-05:00,-12.118043,-5.6598487,506294,18.4,0.0,0.509,19.65,0.54,276.9,275.7,273.1,0.0,0.0,0.0,1.614,0.0,60.14,0.0,1384539.0,21.78,0.0,0.0,0.0,0.0,0.0,0.0,0.0,0.0,0.0,0.0,19.2,16.95,-0.038,0.0,0.0,0.0,60.0,59.9,74.7,0.0,276.0,275.0,276.0,0.0,0.0,0.0,602.0,1375028.0,41236.0,126878.0,1.0,0.979,0.748,0.921,0.006,0.006,0.008,0.009,0.014,0.009,0.011,0.0,0.0,0.0,0.0,0.0,0.0,0.0,43568.0,44232.0,43790.0,43640.0,44525.0,42264.0,38292.0,2.622,302.7,8.61,3.4,3.526,2.0,-1.0,13.72,0.017,0.217,3.0,2.0,0.0,0.0,17.46,16.95,16.27,16.66,16.66,19.38,16.46,17.15,16.74,27.45
2016-06-09 23:02:00-05:00,-12.474457,-5.9960775,506295,18.4,0.0,0.509,19.61,0.54,277.3,275.6,273.0,0.0,0.0,0.0,1.608,0.0,60.14,0.0,1384539.0,21.79,0.0,0.0,0.0,0.0,0.0,0.0,0.0,0.0,0.0,0.0,19.23,16.84,-0.038,0.0,0.0,0.0,60.0,59.9,74.7,0.0,276.0,275.0,276.0,0.0,0.0,0.0,602.0,1375028.0,41236.0,126878.0,1.0,0.979,0.748,0.921,0.004,0.006,0.007,0.008,0.015,0.011,0.011,0.0,0.0,0.0,0.0,0.0,0.0,0.0,43568.0,44232.0,43790.0,43640.0,44525.0,42264.0,38292.0,1.945,306.9,8.52,2.5,3.53,2.0,-1.0,13.72,0.017,0.217,3.0,2.0,0.0,0.0,17.34,16.82,16.23,16.61,16.54,19.18,16.36,17.03,16.69,27.41
2016-06-09 23:03:00-05:00,-12.712065,-6.1081543,506296,18.4,0.0,0.509,19.57,0.54,277.3,275.8,273.2,0.0,0.0,0.0,1.608,0.0,60.14,0.0,1384539.0,21.78,0.0,0.0,0.0,0.0,0.0,0.0,0.0,0.0,0.0,0.0,19.14,16.76,-0.038,0.0,0.0,0.0,60.0,59.9,74.7,0.0,276.0,275.0,276.0,0.0,0.0,0.0,602.0,1375028.0,41236.0,126878.0,1.0,0.979,0.748,0.921,0.005,0.006,0.008,0.009,0.013,0.011,0.011,0.0,0.0,0.0,0.0,0.0,0.0,0.0,43568.0,44232.0,43790.0,43640.0,44525.0,42264.0,38292.0,2.28,310.7,10.62,2.9,3.531,2.0,-1.0,13.72,0.017,0.217,3.0,2.0,0.0,0.0,17.28,16.69,16.1,16.5,16.41,19.03,16.23,16.87,16.69,27.39
2016-06-09 23:04:00-05:00,-13.068479,-6.1081543,506297,18.38,0.0,0.509,19.57,0.54,277.4,275.8,273.2,0.0,0.0,0.0,1.608,0.0,60.14,0.0,1384539.0,21.78,0.0,0.0,0.0,0.0,0.0,0.0,0.0,0.0,0.0,0.0,19.14,16.75,-0.038,0.0,0.0,0.0,60.0,59.9,74.7,0.0,276.0,275.0,276.0,0.0,0.0,0.0,602.0,1375028.0,41236.0,126878.0,1.0,0.979,0.748,0.921,0.005,0.006,0.008,0.009,0.014,0.01,0.01,0.0,0.0,0.0,0.0,0.0,0.0,0.0,43568.0,44232.0,43790.0,43640.0,44525.0,42264.0,38292.0,2.315,300.6,7.836,3.1,3.53,2.0,-1.0,13.72,0.017,0.217,3.0,2.0,0.0,0.0,17.23,16.59,15.99,16.33,16.28,18.9,16.1,16.71,16.6,27.36
2016-06-09 23:05:00-05:00,-13.187283,-6.1081543,506298,18.38,0.0,0.509,19.55,0.54,277.3,276.1,273.4,0.0,0.0,0.0,1.605,0.0,60.14,0.0,1384539.0,21.78,0.0,0.0,0.0,0.0,0.0,0.0,0.0,0.0,0.0,0.0,19.1,16.73,-0.037,0.0,0.0,0.0,60.0,59.9,74.7,0.0,276.0,275.0,276.0,0.0,0.0,0.0,602.0,1375028.0,41236.0,126878.0,1.0,0.979,0.748,0.921,0.005,0.005,0.008,0.009,0.013,0.01,0.011,0.0,0.0,0.0,0.0,0.0,0.0,0.0,43568.0,44232.0,43790.0,43640.0,44525.0,42264.0,38292.0,1.747,308.1,18.35,2.5,3.531,2.0,-1.0,13.72,0.017,0.217,3.0,2.0,0.0,0.0,17.22,16.64,15.97,16.3,16.3,18.94,16.12,16.72,16.49,27.31
2016-06-09 23:06:00-05:00,-13.068479,-6.1081543,506299,18.36,0.0,0.509,19.48,0.54,277.0,275.3,272.7,0.0,0.0,0.0,1.608,0.0,60.14,0.0,1384539.0,21.78,0.0,0.0,0.0,0.0,0.0,0.0,0.0,0.0,0.0,0.0,19.04,16.75,-0.038,0.0,0.0,0.0,60.0,59.9,74.7,0.0,275.1,275.0,276.0,0.0,0.0,0.0,602.0,1375028.0,41236.0,126878.0,1.0,0.979,0.748,0.921,0.006,0.006,0.007,0.009,0.013,0.01,0.01,0.0,0.0,0.0,0.0,0.0,0.0,0.0,43568.0,44232.0,43790.0,43640.0,44525.0,42264.0,38292.0,1.742,309.6,12.92,2.3,3.53,2.0,-1.0,13.72,0.017,0.217,3.0,2.0,0.0,0.0,17.21,16.66,15.94,16.35,16.27,18.92,16.14,16.77,16.49,27.31
2016-06-09 23:07:00-05:00,-12.712065,-6.1081543,506300,18.35,0.0,0.509,19.44,0.54,277.0,275.3,272.7,0.0,0.0,0.0,1.607,0.0,60.14,0.0,1384539.0,21.78,0.0,0.0,0.0,0.0,0.0,0.0,0.0,0.0,0.0,0.0,19.0,16.68,-0.038,0.0,0.0,0.0,60.0,59.9,74.7,0.0,275.3,275.0,276.0,0.0,0.0,0.0,602.0,1375028.0,41236.0,126878.0,1.0,0.979,0.748,0.921,0.005,0.006,0.008,0.009,0.014,0.01,0.011,0.0,0.0,0.0,0.0,0.0,0.0,0.0,43568.0,44232.0,43790.0,43640.0,44525.0,42264.0,38292.0,2.405,299.9,10.01,3.8,3.528,2.0,-1.0,13.72,0.017,0.217,3.0,2.0,0.0,0.0,17.15,16.64,15.92,16.33,16.27,18.9,16.09,16.76,16.46,27.28
2016-06-09 23:08:00-05:00,-12.712065,-6.1081543,506301,18.35,0.0,0.509,19.5,0.54,277.1,275.6,272.9,0.0,0.0,0.0,1.604,0.0,60.14,0.0,1384539.0,21.78,0.0,0.0,0.0,0.0,0.0,0.0,0.0,0.0,0.0,0.0,19.07,16.71,-0.038,0.0,0.0,0.0,60.0,59.9,74.7,0.0,275.9,275.0,276.0,0.0,0.0,0.0,602.0,1375028.0,41236.0,126878.0,1.0,0.979,0.748,0.921,0.005,0.005,0.007,0.01,0.014,0.01,0.011,0.0,0.0,0.0,0.0,0.0,0.0,0.0,43568.0,44232.0,43790.0,43640.0,44525.0,42264.0,38292.0,1.923,306.4,15.49,2.9,3.528,2.0,-1.0,13.72,0.017,0.217,3.0,2.0,0.0,0.0,17.15,16.56,15.88,16.25,16.19,18.85,16.07,16.69,16.53,27.21
2016-06-09 23:09:00-05:00,-12.712065,-6.1081543,506302,18.33,0.0,0.509,19.43,0.54,277.2,275.7,273.0,0.0,0.0,0.0,1.607,0.0,60.14,0.0,1384539.0,21.79,0.0,0.0,0.0,0.0,0.0,0.0,0.0,0.0,0.0,0.0,19.02,16.72,-0.038,0.0,0.0,0.0,60.0,59.9,74.7,0.0,276.0,275.0,276.0,0.0,0.0,0.0,602.0,1375028.0,41236.0,126878.0,1.0,0.979,0.748,0.921,0.005,0.006,0.007,0.008,0.013,0.009,0.011,0.0,0.0,0.0,0.0,0.0,0.0,0.0,43568.0,44232.0,43790.0,43640.0,44525.0,42264.0,38292.0,1.85,314.1,10.5,3.4,3.53,2.0,-1.0,13.72,0.017,0.217,3.0,2.0,0.0,0.0,17.17,16.63,15.88,16.27,16.12,18.84,16.01,16.66,16.49,27.21
2016-06-09 23:10:00-05:00,-12.712065,-6.1081543,506303,18.33,0.0,0.509,19.41,0.54,277.2,275.5,272.8,0.0,0.0,0.0,1.608,0.0,60.15,0.0,1384539.0,21.78,0.0,0.0,0.0,0.0,0.0,0.0,0.0,0.0,0.0,0.0,18.93,16.67,-0.038,0.0,0.0,0.0,60.0,59.9,74.7,0.0,275.9,274.9,275.9,0.0,0.0,0.0,602.0,1375028.0,41236.0,126878.0,1.0,0.979,0.748,0.921,0.005,0.007,0.008,0.009,0.013,0.01,0.011,0.0,0.0,0.0,0.0,0.0,0.0,0.0,43568.0,44232.0,43790.0,43640.0,44525.0,42264.0,38292.0,2.208,302.6,12.89,3.1,3.53,2.0,-1.0,13.72,0.017,0.217,3.0,2.0,0.0,0.0,17.13,16.66,15.86,16.27,16.09,18.82,16.0,16.66,16.42,27.11
2016-06-09 23:11:00-05:00,-12.712065,-6.1081543,506304,18.3,0.0,0.507,19.38,0.54,277.2,275.5,272.9,0.0,0.0,0.0,1.608,0.0,60.15,0.0,1384539.0,21.79,0.0,0.0,0.0,0.0,0.0,0.0,0.0,0.0,0.0,0.0,18.99,16.68,-0.038,0.0,0.0,0.0,60.0,59.9,74.7,0.0,276.0,275.0,276.0,0.0,0.0,0.0,602.0,1375028.0,41236.0,126878.0,1.0,0.979,0.748,0.921,0.005,0.006,0.007,0.008,0.013,0.01,0.011,0.0,0.0,0.0,0.0,0.0,0.0,0.0,43568.0,44232.0,43790.0,43640.0,44525.0,42264.0,38292.0,1.987,301.9,14.62,2.9,3.531,2.0,-1.0,13.72,0.017,0.217,3.0,2.0,0.0,0.0,17.12,16.56,15.79,16.2,16.07,18.81,15.97,16.66,16.39,27.11
2016-06-09 23:12:00-05:00,-12.712065,-6.1081543,506305,18.3,0.0,0.509,19.45,0.54,277.1,275.8,273.1,0.0,0.0,0.0,1.595,0.0,60.13,0.0,1384539.0,21.78,0.0,0.0,0.0,0.0,0.0,0.0,0.0,0.0,0.0,0.0,19.0,16.73,-0.038,0.0,0.0,0.0,60.0,59.9,74.7,0.0,276.0,275.0,276.0,0.0,0.0,0.0,602.0,1375028.0,41236.0,126878.0,1.0,0.979,0.748,0.921,0.005,0.007,0.008,0.008,0.014,0.01,0.011,0.0,0.0,0.0,0.0,0.0,0.0,0.0,43568.0,44232.0,43790.0,43640.0,44525.0,42264.0,38292.0,1.653,306.6,16.86,2.5,3.53,2.0,-1.0,13.72,0.017,0.217,3.0,2.0,0.0,0.0,17.18,16.54,15.78,16.14,16.07,18.74,15.94,16.61,16.3,27.11
2016-06-09 23:13:00-05:00,-12.712065,-6.1081543,506306,18.28,0.0,0.507,19.45,0.54,277.1,275.8,273.1,0.0,0.0,0.0,1.607,0.0,60.14,0.0,1384539.0,21.79,0.0,0.0,0.0,0.0,0.0,0.0,0.0,0.0,0.0,0.0,19.02,16.77,-0.037,0.0,0.0,0.0,60.0,59.9,74.7,0.0,276.0,275.0,276.0,0.0,0.0,0.0,602.0,1375028.0,41236.0,126878.0,1.0,0.979,0.748,0.921,0.005,0.005,0.007,0.009,0.013,0.009,0.011,0.0,0.0,0.0,0.0,0.0,0.0,0.0,43568.0,44232.0,43790.0,43640.0,44525.0,42264.0,38292.0,2.102,305.6,15.33,3.3,3.53,2.0,-1.0,13.72,0.017,0.217,3.0,2.0,0.0,0.0,17.23,16.46,15.71,16.1,16.04,18.72,15.89,16.59,16.2,27.1
2016-06-09 23:14:00-05:00,-12.712065,-6.1081543,506307,18.27,0.0,0.509,19.4,0.54,277.5,275.9,273.2,0.0,0.0,0.0,1.608,0.0,60.2,0.0,1384539.0,21.78,0.0,0.0,0.0,0.0,0.0,0.0,0.0,0.0,0.0,0.0,18.98,16.68,-0.038,0.0,0.0,0.0,60.0,59.9,74.7,0.0,276.0,275.0,276.0,0.0,0.0,0.0,602.0,1375028.0,41236.0,126878.0,1.0,0.979,0.748,0.921,0.005,0.005,0.007,0.008,0.014,0.009,0.011,0.0,0.0,0.0,0.0,0.0,0.0,0.0,43568.0,44232.0,43790.0,43640.0,44525.0,42264.0,38292.0,2.142,298.5,8.28,3.2,3.531,2.0,-1.0,13.72,0.017,0.217,3.0,2.0,0.0,0.0,17.23,16.41,15.68,16.09,15.99,18.71,15.88,16.56,16.13,27.03
2016-06-09 23:15:00-05:00,-12.712065,-6.1081543,506308,18.25,0.0,0.509,19.27,0.54,277.5,275.9,273.3,0.0,0.0,0.0,1.606,0.0,60.21,0.0,1384539.0,21.79,0.0,0.0,0.0,0.0,0.0,0.0,0.0,0.0,0.0,0.0,18.85,16.63,-0.037,0.0,0.0,0.0,60.0,59.9,74.7,0.0,276.0,275.0,276.0,0.0,0.0,0.0,602.0,1375028.0,41236.0,126878.0,1.0,0.979,0.748,0.921,0.005,0.006,0.007,0.008,0.013,0.009,0.01,0.0,0.0,0.0,0.0,0.0,0.0,0.0,43568.0,44232.0,43790.0,43640.0,44525.0,42264.0,38292.0,2.24,308.9,10.32,3.2,3.53,2.0,-1.0,13.72,0.017,0.217,3.0,2.0,0.0,0.0,17.2,16.36,15.68,16.07,15.97,18.66,15.88,16.54,16.14,27.02
2016-06-09 23:16:00-05:00,-12.712065,-6.1081543,506309,18.25,0.0,0.507,19.25,0.54,276.9,275.5,272.8,0.0,0.0,0.0,1.608,0.0,60.22,0.0,1384539.0,21.78,0.0,0.0,0.0,0.0,0.0,0.0,0.0,0.0,0.0,0.0,18.8,16.6,-0.038,0.0,0.0,0.0,60.0,59.9,74.7,0.0,275.3,275.0,276.0,0.0,0.0,0.0,602.0,1375028.0,41236.0,126878.0,1.0,0.979,0.748,0.921,0.004,0.007,0.008,0.008,0.013,0.009,0.011,0.0,0.0,0.0,0.0,0.0,0.0,0.0,43568.0,44232.0,43790.0,43640.0,44525.0,42264.0,38292.0,1.958,302.8,16.45,3.0,3.53,2.0,-1.0,13.72,0.017,0.217,3.0,2.0,0.0,0.0,17.13,16.35,15.66,16.05,15.89,18.61,15.78,16.51,16.15,27.0
2016-06-09 23:17:00-05:00,-12.712065,-6.1081543,506310,18.23,0.0,0.509,19.31,0.54,276.6,275.2,272.6,0.0,0.0,0.0,1.607,0.0,60.14,0.0,1384539.0,21.79,0.0,0.0,0.0,0.0,0.0,0.0,0.0,0.0,0.0,0.0,18.89,16.7,-0.038,0.0,0.0,0.0,60.0,59.9,74.7,0.0,275.0,275.0,276.0,0.0,0.0,0.0,602.0,1375028.0,41236.0,126878.0,1.0,0.979,0.748,0.921,0.005,0.005,0.008,0.008,0.013,0.01,0.011,0.0,0.0,0.0,0.0,0.0,0.0,0.0,43568.0,44232.0,43790.0,43640.0,44525.0,42264.0,38292.0,1.382,309.8,12.74,2.0,3.53,2.0,-1.0,13.72,0.017,0.217,3.0,2.0,0.0,0.0,17.22,16.27,15.62,15.99,15.88,18.6,15.8,16.46,16.15,26.96
2016-06-09 23:18:00-05:00,-12.712065,-6.1081543,506311,18.22,0.0,0.509,19.33,0.541,276.7,275.2,272.5,0.0,0.0,0.0,1.601,0.0,60.15,0.0,1384539.0,21.78,0.0,0.0,0.0,0.0,0.0,0.0,0.0,0.0,0.0,0.0,18.86,16.69,-0.038,0.0,0.0,0.0,60.0,59.9,74.7,0.0,275.0,275.0,276.0,0.0,0.0,0.0,602.0,1375028.0,41236.0,126878.0,1.0,0.979,0.748,0.921,0.005,0.006,0.008,0.008,0.013,0.009,0.01,0.0,0.0,0.0,0.0,0.0,0.0,0.0,43568.0,44232.0,43790.0,43640.0,44525.0,42264.0,38292.0,1.622,300.9,7.544,2.0,3.53,2.0,-1.0,13.72,0.017,0.217,3.0,2.0,0.0,0.0,17.2,16.32,15.58,15.93,15.88,18.55,15.78,16.38,16.01,26.92
2016-06-09 23:19:00-05:00,-12.712065,-6.1081543,506312,18.2,0.0,0.509,19.19,0.54,276.9,275.3,272.8,0.0,0.0,0.0,1.608,0.0,60.14,0.0,1384539.0,21.79,0.0,0.0,0.0,0.0,0.0,0.0,0.0,0.0,0.0,0.0,18.77,16.57,-0.038,0.0,0.0,0.0,60.0,59.9,74.7,0.0,275.1,275.0,276.0,0.0,0.0,0.0,602.0,1375028.0,41236.0,126878.0,1.0,0.979,0.748,0.921,0.004,0.006,0.007,0.008,0.013,0.009,0.011,0.0,0.0,0.0,0.0,0.0,0.0,0.0,43568.0,44232.0,43790.0,43640.0,44525.0,42264.0,38292.0,1.215,313.2,12.87,1.8,3.53,2.0,-1.0,13.72,0.017,0.217,3.0,2.0,0.0,0.0,17.12,16.28,15.49,15.92,15.84,18.58,15.7,16.38,15.89,26.92
2016-06-09 23:20:00-05:00,-12.712065,-6.1081543,506313,18.2,0.0,0.509,19.11,0.54,277.4,275.9,273.4,0.0,0.0,0.0,1.608,0.0,60.13,0.0,1384539.0,21.79,0.0,0.0,0.0,0.0,0.0,0.0,0.0,0.0,0.0,0.0,18.61,16.35,-0.038,0.0,0.0,0.0,60.0,59.9,74.7,0.0,276.0,275.0,276.0,0.0,0.0,0.0,602.0,1375028.0,41236.0,126878.0,1.0,0.979,0.748,0.921,0.005,0.006,0.007,0.009,0.013,0.009,0.01,0.0,0.0,0.0,0.0,0.0,0.0,0.0,43568.0,44232.0,43790.0,43640.0,44525.0,42264.0,38292.0,0.953,315.4,7.634,1.3,3.531,2.0,-1.0,13.72,0.017,0.217,3.0,2.0,0.0,0.0,16.9,16.23,15.47,15.88,15.75,18.55,15.65,16.25,15.84,26.88
2016-06-09 23:21:00-05:00,-12.830869,-6.1081543,506314,18.17,0.0,0.509,19.03,0.54,277.4,275.7,273.2,0.0,0.0,0.0,1.608,0.0,60.14,0.0,1384539.0,21.78,0.0,0.0,0.0,0.0,0.0,0.0,0.0,0.0,0.0,0.0,18.55,16.24,-0.037,0.0,0.0,0.0,60.0,59.9,74.7,0.0,276.0,275.0,276.0,0.0,0.0,0.0,602.0,1375028.0,41236.0,126878.0,1.0,0.979,0.748,0.921,0.004,0.006,0.007,0.008,0.013,0.009,0.01,0.0,0.0,0.0,0.0,0.0,0.0,0.0,43568.0,44232.0,43790.0,43640.0,44525.0,42264.0,38292.0,1.132,320.8,12.54,1.5,3.53,2.0,-1.0,13.72,0.017,0.217,3.0,2.0,0.0,0.0,16.78,16.14,15.37,15.79,15.61,18.58,15.55,16.1,15.76,26.82
2016-06-09 23:22:00-05:00,-13.3060875,-6.1081543,506315,18.15,0.0,0.509,19.09,0.54,276.9,275.7,273.2,0.0,0.0,0.0,1.608,0.0,60.13,0.0,1384539.0,21.78,0.0,0.0,0.0,0.0,0.0,0.0,0.0,0.0,0.0,0.0,18.62,16.19,-0.037,0.0,0.0,0.0,60.0,59.9,74.7,0.0,276.0,275.0,276.0,0.0,0.0,0.0,602.0,1375028.0,41236.0,126878.0,1.0,0.979,0.748,0.921,0.004,0.006,0.008,0.009,0.014,0.009,0.01,0.0,0.0,0.0,0.0,0.0,0.0,0.0,43568.0,44232.0,43790.0,43640.0,44525.0,42264.0,38292.0,1.183,337.0,15.59,1.9,3.531,2.0,-1.0,13.72,0.017,0.217,3.0,2.0,0.0,0.0,16.7,16.0,15.26,15.62,15.49,18.35,15.39,15.91,15.7,26.8
2016-06-09 23:23:00-05:00,-13.543695,-6.4443827,506316,18.15,0.0,0.509,19.09,0.54,277.2,275.4,272.9,0.0,0.0,0.0,1.608,0.0,60.17,0.0,1384539.0,21.79,0.0,0.0,0.0,0.0,0.0,0.0,0.0,0.0,0.0,0.0,18.66,16.15,-0.038,0.0,0.0,0.0,60.0,59.9,74.7,0.0,275.9,275.0,276.0,0.0,0.0,0.0,602.0,1375028.0,41236.0,126878.0,1.0,0.979,0.748,0.921,0.005,0.005,0.007,0.008,0.013,0.009,0.01,0.0,0.0,0.0,0.0,0.0,0.0,0.0,43568.0,44232.0,43790.0,43640.0,44525.0,42264.0,38292.0,1.077,332.2,11.96,1.8,3.53,2.0,-1.0,13.72,0.017,0.217,3.0,2.0,0.0,0.0,16.65,15.89,15.11,15.53,15.45,18.34,15.22,15.8,15.63,26.72
2016-06-09 23:24:00-05:00,-13.543695,-6.4443827,506317,18.12,0.0,0.509,19.16,0.54,276.9,275.4,272.9,0.0,0.0,0.0,1.608,0.0,60.14,0.0,1384539.0,21.79,0.0,0.0,0.0,0.0,0.0,0.0,0.0,0.0,0.0,0.0,18.61,16.12,-0.038,0.0,0.0,0.0,60.0,59.9,74.7,0.0,275.5,275.0,276.0,0.0,0.0,0.0,602.0,1375028.0,41236.0,126878.0,1.0,0.979,0.748,0.921,0.004,0.006,0.007,0.008,0.014,0.009,0.01,0.0,0.0,0.0,0.0,0.0,0.0,0.0,43568.0,44232.0,43790.0,43640.0,44525.0,42264.0,38292.0,1.58,338.1,15.85,2.4,3.531,2.0,-1.0,13.72,0.017,0.217,3.0,2.0,0.0,0.0,16.58,15.79,15.1,15.55,15.39,18.14,15.16,15.79,15.66,26.72
2016-06-09 23:25:00-05:00,-13.543695,-6.4443827,506318,18.11,0.0,0.509,19.07,0.54,276.7,275.2,272.6,0.0,0.0,0.0,1.608,0.0,60.14,0.0,1384539.0,21.78,0.0,0.0,0.0,0.0,0.0,0.0,0.0,0.0,0.0,0.0,18.6,16.03,-0.037,0.0,0.0,0.0,60.0,59.9,74.7,0.0,275.0,275.0,276.0,0.0,0.0,0.0,602.0,1375028.0,41236.0,126878.0,1.0,0.979,0.748,0.921,0.004,0.007,0.008,0.008,0.013,0.01,0.01,0.0,0.0,0.0,0.0,0.0,0.0,0.0,43568.0,44232.0,43790.0,43640.0,44525.0,42264.0,38292.0,1.093,331.6,12.0,1.5,3.531,2.0,-1.0,13.72,0.017,0.217,3.0,2.0,0.0,0.0,16.47,15.71,14.97,15.44,15.39,18.12,15.08,15.71,15.63,26.7
2016-06-09 23:26:00-05:00,-13.543695,-6.4443827,506319,18.09,0.0,0.509,19.2,0.54,276.9,275.2,272.6,0.0,0.0,0.0,1.608,0.0,60.15,0.0,1384539.0,21.78,0.0,0.0,0.0,0.0,0.0,0.0,0.0,0.0,0.0,0.0,18.72,16.14,-0.038,0.0,0.0,0.0,60.0,59.9,74.7,0.0,275.0,275.0,276.0,0.0,0.0,0.0,602.0,1375028.0,41236.0,126878.0,1.0,0.979,0.748,0.921,0.005,0.006,0.007,0.009,0.013,0.009,0.01,0.0,0.0,0.0,0.0,0.0,0.0,0.0,43568.0,44232.0,43790.0,43640.0,44525.0,42264.0,38292.0,0.92,317.0,18.43,1.4,3.531,2.0,-1.0,13.72,0.017,0.217,3.0,2.0,0.0,0.0,16.55,15.78,14.9,15.36,15.27,18.44,14.98,15.68,15.53,26.62
2016-06-09 23:27:00-05:00,-13.543695,-6.4443827,506320,18.07,0.0,0.509,19.01,0.717,276.9,275.4,272.7,0.0,0.0,0.0,1.788,0.0,60.21,0.0,1384539.0,21.78,0.0,0.0,0.0,0.0,0.0,0.0,0.0,0.0,0.0,0.0,18.57,15.94,-0.037,0.0,0.0,0.0,60.0,59.9,74.7,0.0,275.3,275.0,276.0,0.0,0.0,0.0,602.0,1375028.0,41236.0,126878.0,1.0,0.979,0.748,0.921,0.005,0.006,0.007,0.008,0.013,0.009,0.01,0.0,0.0,0.0,0.0,0.0,0.0,0.0,43568.0,44232.0,43790.0,43640.0,44525.0,42264.0,38292.0,1.445,336.7,16.92,2.0,3.531,2.0,-1.0,13.72,0.017,0.217,3.0,2.0,0.0,0.0,16.43,15.76,14.87,15.29,15.23,18.48,14.9,15.63,15.47,26.62
2016-06-09 23:28:00-05:00,-13.543695,-6.1081543,506321,18.05,0.0,0.509,19.03,0.54,277.1,275.5,272.8,0.0,0.0,0.0,1.62,0.0,60.22,0.0,1384539.0,21.78,0.0,0.0,0.0,0.0,0.0,0.0,0.0,0.0,0.0,0.0,18.56,15.92,-0.038,0.0,0.0,0.0,60.0,59.9,74.7,0.0,275.9,275.0,276.0,0.0,0.0,0.0,602.0,1375028.0,41236.0,126878.0,1.0,0.979,0.748,0.921,0.005,0.006,0.007,0.008,0.012,0.009,0.011,0.0,0.0,0.0,0.0,0.0,0.0,0.0,43568.0,44232.0,43790.0,43640.0,44525.0,42264.0,38292.0,1.235,343.4,13.68,2.0,3.531,2.0,-1.0,13.72,0.017,0.217,3.0,2.0,0.0,0.0,16.35,15.76,14.84,15.29,15.39,18.37,14.98,15.71,15.65,26.61
2016-06-09 23:29:00-05:00,-13.543695,-6.1081543,506322,18.03,0.0,0.509,19.11,0.746,277.5,275.3,272.6,0.0,0.0,0.0,1.833,0.0,60.22,0.0,1384539.0,21.78,0.0,0.0,0.0,0.0,0.0,0.0,0.0,0.0,0.0,0.0,18.61,15.99,-0.038,0.0,0.0,0.0,60.0,59.9,74.7,0.0,276.0,275.0,276.0,0.0,0.0,0.0,602.0,1375028.0,41236.0,126878.0,1.0,0.979,0.748,0.921,0.005,0.005,0.007,0.008,0.012,0.009,0.011,0.0,0.0,0.0,0.0,0.0,0.0,0.0,43568.0,44232.0,43790.0,43640.0,44525.0,42264.0,38292.0,1.487,340.1,11.82,2.1,3.531,2.0,-1.0,13.72,0.016,0.217,3.0,2.0,0.0,0.0,16.37,15.75,14.83,15.19,15.24,18.22,14.88,15.57,15.6,26.54
2016-06-09 23:30:00-05:00,-13.543695,-6.1081543,506323,18.01,0.0,0.509,19.06,0.759,276.8,275.5,272.9,0.0,0.0,0.0,1.865,0.0,60.22,0.0,1384539.0,21.78,0.0,0.0,0.0,0.0,0.0,0.0,0.0,0.0,0.0,0.0,18.55,15.96,-0.038,0.0,0.0,0.0,60.0,59.9,74.7,0.0,276.0,275.0,276.0,0.0,0.0,0.0,602.0,1375028.0,41236.0,126878.0,1.0,0.979,0.748,0.921,0.004,0.006,0.007,0.008,0.013,0.008,0.01,0.0,0.0,0.0,0.0,0.0,0.0,0.0,43568.0,44232.0,43790.0,43640.0,44525.0,42264.0,38292.0,1.227,304.6,19.98,1.8,3.531,2.0,-1.0,13.72,0.017,0.217,3.0,2.0,0.0,0.0,16.4,15.71,14.78,15.11,15.1,18.17,14.75,15.49,15.58,26.53
2016-06-09 23:31:00-05:00,-13.543695,-6.1081543,506324,17.99,0.0,0.507,18.95,0.54,276.8,275.6,272.9,0.0,0.0,0.0,1.62,0.0,60.19,0.0,1384539.0,21.78,0.0,0.0,0.0,0.0,0.0,0.0,0.0,0.0,0.0,0.0,18.51,15.93,-0.037,0.0,0.0,0.0,60.0,59.9,74.7,0.0,276.0,275.0,276.0,0.0,0.0,0.0,602.0,1375028.0,41236.0,126878.0,1.0,0.979,0.748,0.921,0.004,0.006,0.007,0.008,0.013,0.009,0.01,0.0,0.0,0.0,0.0,0.0,0.0,0.0,43568.0,44232.0,43790.0,43640.0,44525.0,42264.0,38292.0,0.902,314.7,17.1,1.9,3.531,2.0,-1.0,13.72,0.017,0.217,3.0,2.0,0.0,0.0,16.32,15.68,14.87,15.2,15.16,18.33,14.89,15.68,15.57,26.53
2016-06-09 23:32:00-05:00,-13.068479,-6.1081543,506325,17.97,0.0,0.507,18.87,0.54,277.2,275.4,272.7,0.0,0.0,0.0,1.608,0.0,60.15,0.0,1384539.0,21.78,0.0,0.0,0.0,0.0,0.0,0.0,0.0,0.0,0.0,0.0,18.38,15.82,-0.038,0.0,0.0,0.0,60.0,59.9,74.7,0.0,276.0,275.0,276.0,0.0,0.0,0.0,602.0,1375028.0,41236.0,126878.0,1.0,0.979,0.748,0.921,0.005,0.006,0.008,0.008,0.012,0.008,0.01,0.0,0.0,0.0,0.0,0.0,0.0,0.0,43568.0,44232.0,43790.0,43640.0,44525.0,42264.0,38292.0,1.45,311.8,13.83,2.1,3.531,2.0,-1.0,13.72,0.016,0.217,3.0,2.0,0.0,0.0,16.19,15.58,14.84,15.26,15.14,18.26,14.92,15.68,15.52,26.51
2016-06-09 23:33:00-05:00,-12.712065,-6.1081543,506326,17.95,0.0,0.509,18.89,0.54,277.1,275.6,272.9,0.0,0.0,0.0,1.615,0.0,60.14,0.0,1384539.0,21.78,0.0,0.0,0.0,0.0,0.0,0.0,0.0,0.0,0.0,0.0,18.43,15.81,-0.038,0.0,0.0,0.0,60.0,59.9,74.7,0.0,276.0,275.0,276.0,0.0,0.0,0.0,602.0,1375028.0,41236.0,126878.0,1.0,0.979,0.748,0.921,0.005,0.005,0.007,0.007,0.013,0.009,0.01,0.0,0.0,0.0,0.0,0.0,0.0,0.0,43568.0,44232.0,43790.0,43640.0,44525.0,42264.0,38292.0,1.32,301.4,10.0,1.8,3.531,2.0,-1.0,13.72,0.016,0.217,3.0,2.0,0.0,0.0,16.27,15.53,14.8,15.19,15.14,18.23,14.9,15.73,15.42,26.43
2016-06-09 23:34:00-05:00,-12.712065,-6.1081543,506327,17.93,0.0,0.509,19.08,0.54,277.3,275.6,273.0,0.0,0.0,0.0,1.608,0.0,60.15,0.0,1384539.0,21.79,0.0,0.0,0.0,0.0,0.0,0.0,0.0,0.0,0.0,0.0,18.61,16.02,-0.038,0.0,0.0,0.0,60.0,59.9,74.7,0.0,276.0,275.0,276.0,0.0,0.0,0.0,602.0,1375028.0,41236.0,126878.0,1.0,0.979,0.748,0.921,0.005,0.005,0.007,0.008,0.012,0.008,0.01,0.0,0.0,0.0,0.0,0.0,0.0,0.0,43568.0,44232.0,43790.0,43640.0,44525.0,42264.0,38292.0,1.558,299.5,9.33,2.0,3.531,2.0,-1.0,13.72,0.016,0.217,3.0,2.0,0.0,0.0,16.47,15.55,14.75,15.16,15.11,18.24,14.85,15.63,15.41,26.43
2016-06-09 23:35:00-05:00,-12.712065,-6.1081543,506328,17.91,0.0,0.509,19.1,0.54,277.6,275.5,272.9,0.0,0.0,0.0,1.608,0.0,60.14,0.0,1384539.0,21.79,0.0,0.0,0.0,0.0,0.0,0.0,0.0,0.0,0.0,0.0,18.67,16.11,-0.038,0.0,0.0,0.0,60.0,59.9,74.7,0.0,276.0,275.0,276.0,0.0,0.0,0.0,602.0,1375028.0,41236.0,126878.0,1.0,0.979,0.748,0.921,0.005,0.005,0.007,0.009,0.012,0.009,0.01,0.0,0.0,0.0,0.0,0.0,0.0,0.0,43568.0,44232.0,43790.0,43640.0,44525.0,42264.0,38292.0,1.415,314.8,13.58,2.2,3.531,2.0,-1.0,13.72,0.016,0.217,3.0,2.0,0.0,0.0,16.61,15.58,14.75,15.16,15.1,18.27,14.9,15.68,15.32,26.39
2016-06-09 23:36:00-05:00,-12.712065,-6.1081543,506329,17.89,0.0,0.507,19.13,0.54,276.6,275.0,272.4,0.0,0.0,0.0,1.608,0.0,60.14,0.0,1384539.0,21.78,0.0,0.0,0.0,0.0,0.0,0.0,0.0,0.0,0.0,0.0,18.66,16.07,-0.038,0.0,0.0,0.0,60.0,59.9,74.7,0.0,275.2,274.2,275.2,0.0,0.0,0.0,602.0,1375028.0,41236.0,126878.0,1.0,0.979,0.748,0.921,0.005,0.006,0.007,0.008,0.012,0.008,0.011,0.0,0.0,0.0,0.0,0.0,0.0,0.0,43568.0,44232.0,43790.0,43640.0,44525.0,42264.0,38292.0,1.232,310.6,23.18,1.8,3.53,2.0,-1.0,13.72,0.016,0.217,3.0,2.0,0.0,0.0,16.64,15.52,14.71,15.1,15.08,18.23,14.8,15.57,15.34,26.33
2016-06-09 23:37:00-05:00,-12.712065,-6.1081543,506330,17.87,0.0,0.507,18.92,0.54,276.5,275.0,272.2,0.0,0.0,0.0,1.608,0.0,60.15,0.0,1384539.0,21.77,0.0,0.0,0.0,0.0,0.0,0.0,0.0,0.0,0.0,0.0,18.43,15.95,-0.037,0.0,0.0,0.0,60.0,59.9,74.7,0.0,275.0,274.0,275.0,0.0,0.0,0.0,602.0,1375028.0,41236.0,126878.0,1.0,0.979,0.748,0.921,0.005,0.006,0.006,0.008,0.012,0.009,0.01,0.0,0.0,0.0,0.0,0.0,0.0,0.0,43568.0,44232.0,43790.0,43640.0,44525.0,42264.0,38292.0,1.148,312.8,10.8,1.7,3.531,2.0,-1.0,13.72,0.016,0.217,3.0,2.0,0.0,0.0,16.5,15.62,14.71,15.15,15.1,18.31,14.88,15.63,15.24,26.33
2016-06-09 23:38:00-05:00,-12.712065,-6.1081543,506331,17.85,0.0,0.502,18.92,0.54,276.4,275.0,272.3,0.0,0.0,0.0,1.608,0.0,60.23,0.0,1384539.0,21.78,0.0,0.0,0.0,0.0,0.0,0.0,0.0,0.0,0.0,0.0,18.41,15.97,-0.036,0.0,0.0,0.0,60.0,59.9,74.7,0.0,275.0,274.1,275.0,0.0,0.0,0.0,602.0,1375028.0,41236.0,126878.0,1.0,0.979,0.748,0.921,0.004,0.005,0.007,0.008,0.012,0.009,0.009,0.0,0.0,0.0,0.0,0.0,0.0,0.0,43568.0,44232.0,43790.0,43640.0,44525.0,42264.0,38292.0,1.352,314.3,9.79,2.0,3.531,2.0,-1.0,13.72,0.016,0.217,3.0,2.0,0.0,0.0,16.53,15.58,14.71,15.16,15.06,18.27,14.89,15.55,15.26,26.33
2016-06-09 23:39:00-05:00,-12.712065,-6.1081543,506332,17.84,0.0,0.505,18.87,0.54,276.6,274.9,272.2,0.0,0.0,0.0,1.608,0.0,60.22,0.0,1384539.0,21.79,0.0,0.0,0.0,0.0,0.0,0.0,0.0,0.0,0.0,0.0,18.38,15.96,-0.038,0.0,0.0,0.0,60.0,59.9,74.7,0.0,275.0,274.0,275.0,0.0,0.0,0.0,602.0,1375028.0,41236.0,126878.0,1.0,0.979,0.748,0.921,0.004,0.006,0.007,0.008,0.013,0.009,0.011,0.0,0.0,0.0,0.0,0.0,0.0,0.0,43568.0,44232.0,43790.0,43640.0,44525.0,42264.0,38292.0,1.032,334.8,19.14,1.7,3.53,2.0,-1.0,13.72,0.016,0.217,3.0,2.0,0.0,0.0,16.45,15.58,14.71,15.1,14.93,18.21,14.74,15.44,15.21,26.26
2016-06-09 23:40:00-05:00,-12.949674,-6.1081543,506333,17.82,0.0,0.507,18.82,0.54,276.6,275.1,272.4,0.0,0.0,0.0,1.611,0.0,60.22,0.0,1384539.0,21.78,0.0,0.0,0.0,0.0,0.0,0.0,0.0,0.0,0.0,0.0,18.36,15.73,-0.038,0.0,0.0,0.0,60.0,59.9,74.7,0.0,275.0,274.7,275.0,0.0,0.0,0.0,602.0,1375028.0,41236.0,126878.0,1.0,0.979,0.748,0.921,0.004,0.006,0.007,0.008,0.013,0.009,0.01,0.0,0.0,0.0,0.0,0.0,0.0,0.0,43568.0,44232.0,43790.0,43640.0,44525.0,42264.0,38292.0,1.448,346.3,10.43,2.1,3.531,2.0,-1.0,13.72,0.016,0.217,3.0,2.0,0.0,0.0,16.27,15.58,14.64,15.01,14.93,17.93,14.65,15.37,15.23,26.23
2016-06-09 23:41:00-05:00,-12.830869,-6.1081543,506334,17.8,0.0,0.505,18.75,0.54,276.7,275.1,272.3,0.0,0.0,0.0,1.625,0.0,60.21,0.0,1384539.0,21.78,0.0,0.0,0.0,0.0,0.0,0.0,0.0,0.0,0.0,0.0,18.3,15.62,-0.038,0.0,0.0,0.0,60.0,59.9,74.7,0.0,275.0,275.0,275.0,0.0,0.0,0.0,602.0,1375028.0,41236.0,126878.0,1.0,0.979,0.748,0.921,0.004,0.006,0.006,0.008,0.012,0.009,0.01,0.0,0.0,0.0,0.0,0.0,0.0,0.0,43568.0,44232.0,43790.0,43640.0,44525.0,42264.0,38292.0,1.5,340.2,15.11,2.0,3.531,2.0,-1.0,13.72,0.016,0.217,3.0,2.0,0.0,0.0,16.11,15.47,14.61,15.01,15.03,18.23,14.65,15.44,15.26,26.23
2016-06-09 23:42:00-05:00,-12.712065,-6.1081543,506335,17.78,0.0,0.509,18.79,0.54,276.5,275.2,272.4,0.0,0.0,0.0,1.616,0.0,60.13,0.0,1384539.0,21.78,0.0,0.0,0.0,0.0,0.0,0.0,0.0,0.0,0.0,0.0,18.24,15.53,-0.038,0.0,0.0,0.0,60.0,59.9,74.7,0.0,275.0,275.0,275.0,0.0,0.0,0.0,602.0,1375028.0,41236.0,126878.0,1.0,0.979,0.748,0.921,0.004,0.006,0.007,0.008,0.013,0.009,0.011,0.0,0.0,0.0,0.0,0.0,0.0,0.0,43568.0,44232.0,43790.0,43640.0,44525.0,42264.0,38292.0,1.323,343.8,14.34,1.9,3.528,2.0,-1.0,13.72,0.016,0.217,3.0,2.0,0.0,0.0,15.98,15.36,14.61,14.98,15.08,18.17,14.65,15.42,15.31,26.18
2016-06-09 23:43:00-05:00,-12.830869,-6.1081543,506336,17.76,0.0,0.507,18.79,0.54,276.5,275.2,272.3,0.0,0.0,0.0,1.616,0.0,60.15,0.0,1384539.0,21.78,0.0,0.0,0.0,0.0,0.0,0.0,0.0,0.0,0.0,0.0,18.3,15.47,-0.038,0.0,0.0,0.0,60.0,59.9,74.7,0.0,275.0,274.8,275.0,0.0,0.0,0.0,602.0,1375028.0,41236.0,126878.0,1.0,0.979,0.748,0.921,0.004,0.006,0.007,0.008,0.013,0.009,0.009,0.0,0.0,0.0,0.0,0.0,0.0,0.0,43568.0,44232.0,43790.0,43640.0,44525.0,42264.0,38292.0,1.348,340.9,12.32,2.0,3.531,2.0,-1.0,13.72,0.016,0.217,3.0,2.0,0.0,0.0,15.82,15.37,14.51,14.9,15.11,17.97,14.56,15.29,15.31,26.13
2016-06-09 23:44:00-05:00,-13.187283,-6.1081543,506337,17.74,0.0,0.509,18.79,0.54,276.8,275.0,272.2,0.0,0.0,0.0,1.619,0.0,60.14,0.0,1384539.0,21.78,0.0,0.0,0.0,0.0,0.0,0.0,0.0,0.0,0.0,0.0,18.29,15.51,-0.038,0.0,0.0,0.0,60.0,59.9,74.7,0.0,275.0,274.9,275.0,0.0,0.0,0.0,602.0,1375028.0,41236.0,126878.0,1.0,0.979,0.748,0.921,0.004,0.006,0.006,0.008,0.013,0.009,0.01,0.0,0.0,0.0,0.0,0.0,0.0,0.0,43568.0,44232.0,43790.0,43640.0,44525.0,42264.0,38292.0,0.74,342.7,32.98,1.6,3.531,2.0,-1.0,13.72,0.016,0.217,3.0,2.0,0.0,0.0,15.85,15.29,14.49,14.84,15.06,17.81,14.51,15.21,15.28,26.13
2016-06-09 23:45:00-05:00,-13.543695,-6.1081543,506338,17.72,0.0,0.507,18.86,0.54,276.6,275.2,272.4,0.0,0.0,0.0,1.609,0.0,60.13,0.0,1384539.0,21.79,0.0,0.0,0.0,0.0,0.0,0.0,0.0,0.0,0.0,0.0,18.41,15.6,-0.038,0.0,0.0,0.0,60.0,59.9,74.7,0.0,275.0,275.0,275.0,0.0,0.0,0.0,602.0,1375028.0,41236.0,126878.0,1.0,0.979,0.748,0.921,0.004,0.005,0.007,0.007,0.012,0.008,0.009,0.0,0.0,0.0,0.0,0.0,0.0,0.0,43568.0,44232.0,43790.0,43640.0,44525.0,42264.0,38292.0,1.297,344.7,34.72,2.0,3.528,2.0,-1.0,13.72,0.016,0.217,3.0,2.0,0.0,0.0,15.88,15.29,14.43,14.75,14.88,17.77,14.46,15.15,15.15,26.12
2016-06-09 23:46:00-05:00,-13.543695,-6.1081543,506339,17.69,0.0,0.507,18.85,0.54,276.6,275.3,272.5,0.0,0.0,0.0,1.624,0.0,60.2,0.0,1384539.0,21.79,0.0,0.0,0.0,0.0,0.0,0.0,0.0,0.0,0.0,0.0,18.33,15.56,-0.038,0.0,0.0,0.0,60.0,59.9,74.7,0.0,275.0,275.0,275.2,0.0,0.0,0.0,602.0,1375028.0,41236.0,126878.0,1.0,0.979,0.748,0.921,0.004,0.006,0.007,0.008,0.012,0.008,0.01,0.0,0.0,0.0,0.0,0.0,0.0,0.0,43568.0,44232.0,43790.0,43640.0,44525.0,42264.0,38292.0,0.953,329.5,23.16,1.5,3.531,2.0,-1.0,13.72,0.016,0.217,3.0,2.0,0.0,0.0,15.86,15.26,14.38,14.72,14.92,17.72,14.41,15.12,15.21,26.06
2016-06-09 23:47:00-05:00,-13.543695,-6.1081543,506340,17.67,0.0,0.496,18.73,0.659,276.9,275.3,272.6,0.0,0.0,0.0,1.787,0.0,60.18,0.0,1384539.0,21.78,0.0,0.0,0.0,0.0,0.0,0.0,0.0,0.0,0.0,0.0,18.22,15.34,-0.038,0.0,0.0,0.0,60.0,59.9,74.7,0.0,275.4,275.0,275.9,0.0,0.0,0.0,602.0,1375028.0,41236.0,126878.0,1.0,0.979,0.748,0.921,0.004,0.006,0.007,0.008,0.013,0.009,0.01,0.0,0.0,0.0,0.0,0.0,0.0,0.0,43568.0,44232.0,43790.0,43640.0,44525.0,42264.0,38292.0,0.798,1.626,18.59,1.3,3.531,2.0,-1.0,13.72,0.016,0.217,3.0,2.0,0.0,0.0,15.7,15.15,14.33,14.67,14.75,17.66,14.31,15.05,15.06,26.04
2016-06-09 23:48:00-05:00,-13.543695,-6.1081543,506341,17.65,0.0,0.509,18.79,0.54,277.2,275.4,272.6,0.0,0.0,0.0,1.637,0.0,60.21,0.0,1384539.0,21.78,0.0,0.0,0.0,0.0,0.0,0.0,0.0,0.0,0.0,0.0,18.32,15.39,-0.037,0.0,0.0,0.0,60.0,59.9,74.7,0.0,276.0,275.0,276.0,0.0,0.0,0.0,602.0,1375028.0,41236.0,126878.0,1.0,0.979,0.748,0.921,0.004,0.006,0.006,0.008,0.011,0.009,0.01,0.0,0.0,0.0,0.0,0.0,0.0,0.0,43568.0,44232.0,43790.0,43640.0,44525.0,42264.0,38292.0,1.038,353.0,25.97,1.7,3.531,2.0,-1.0,13.72,0.016,0.217,3.0,2.0,0.0,0.0,15.69,15.1,14.26,14.56,14.84,17.91,14.22,14.87,15.02,25.95
2016-06-09 23:49:00-05:00,-13.543695,-6.1081543,506342,17.63,0.0,0.507,18.79,0.54,277.1,275.4,272.7,0.0,0.0,0.0,1.635,0.0,60.21,0.0,1384539.0,21.78,0.0,0.0,0.0,0.0,0.0,0.0,0.0,0.0,0.0,0.0,18.38,15.38,-0.038,0.0,0.0,0.0,60.0,59.9,74.7,0.0,276.0,275.0,276.0,0.0,0.0,0.0,602.0,1375028.0,41236.0,126878.0,1.0,0.979,0.748,0.921,0.004,0.006,0.006,0.009,0.012,0.008,0.01,0.0,0.0,0.0,0.0,0.0,0.0,0.0,43568.0,44232.0,43790.0,43640.0,44525.0,42264.0,38292.0,0.737,352.0,25.36,1.2,3.53,2.0,-1.0,13.72,0.016,0.217,3.0,2.0,0.0,0.0,15.7,15.03,14.27,14.58,14.76,17.79,14.17,14.97,15.02,25.94
2016-06-09 23:50:00-05:00,-13.543695,-6.1081543,506343,17.6,0.0,0.498,18.98,0.54,277.2,275.3,272.6,0.0,0.0,0.0,1.622,0.0,60.22,0.0,1384539.0,21.78,0.0,0.0,0.0,0.0,0.0,0.0,0.0,0.0,0.0,0.0,18.59,15.57,-0.038,0.0,0.0,0.0,60.0,59.9,74.7,0.0,275.8,275.0,276.0,0.0,0.0,0.0,602.0,1375028.0,41236.0,126878.0,1.0,0.979,0.748,0.921,0.004,0.005,0.007,0.008,0.012,0.008,0.01,0.0,0.0,0.0,0.0,0.0,0.0,0.0,43568.0,44232.0,43790.0,43640.0,44525.0,42264.0,38292.0,1.182,346.5,29.3,1.9,3.531,2.0,-1.0,13.72,0.016,0.217,3.0,2.0,0.0,0.0,15.7,15.1,14.3,14.65,14.76,17.85,14.26,15.01,15.02,25.99
2016-06-09 23:51:00-05:00,-13.3060875,-6.1081543,506344,17.59,0.0,0.502,18.88,0.54,276.9,275.3,272.6,0.0,0.0,0.0,1.629,0.0,60.16,0.0,1384539.0,21.79,0.0,0.0,0.0,0.0,0.0,0.0,0.0,0.0,0.0,0.0,18.46,15.52,-0.037,0.0,0.0,0.0,60.0,59.9,74.7,0.0,275.5,275.0,276.0,0.0,0.0,0.0,602.0,1375028.0,41236.0,126878.0,1.0,0.979,0.748,0.921,0.005,0.005,0.007,0.008,0.012,0.009,0.009,0.0,0.0,0.0,0.0,0.0,0.0,0.0,43568.0,44232.0,43790.0,43640.0,44525.0,42264.0,38292.0,0.895,16.89,17.67,1.8,3.531,2.0,-1.0,13.72,0.016,0.217,3.0,2.0,0.0,0.0,15.71,15.12,14.35,14.74,14.85,17.9,14.37,15.13,15.02,25.96
2016-06-09 23:52:00-05:00,-13.068479,-6.1081543,506345,17.56,0.0,0.507,18.78,0.54,276.8,275.3,272.5,0.0,0.0,0.0,1.641,0.0,60.15,0.0,1384539.0,21.78,0.0,0.0,0.0,0.0,0.0,0.0,0.0,0.0,0.0,0.0,18.35,15.39,-0.038,0.0,0.0,0.0,60.0,59.9,74.7,0.0,275.1,275.0,275.8,0.0,0.0,0.0,602.0,1375028.0,41236.0,126878.0,1.0,0.979,0.748,0.921,0.003,0.005,0.007,0.008,0.012,0.009,0.01,0.0,0.0,0.0,0.0,0.0,0.0,0.0,43568.0,44232.0,43790.0,43640.0,44525.0,42264.0,38292.0,1.767,357.0,29.13,2.8,3.53,2.0,-1.0,13.72,0.016,0.217,3.0,2.0,0.0,0.0,15.54,14.92,14.28,14.71,14.89,17.77,14.35,15.07,14.97,25.89
2016-06-09 23:53:00-05:00,-12.830869,-6.1081543,506346,17.54,0.0,0.502,18.76,0.54,276.8,275.3,272.6,0.0,0.0,0.0,1.637,0.0,60.15,0.0,1384539.0,21.79,0.0,0.0,0.0,0.0,0.0,0.0,0.0,0.0,0.0,0.0,18.34,15.29,-0.036,0.0,0.0,0.0,60.0,59.9,74.7,0.0,275.1,275.0,276.0,0.0,0.0,0.0,602.0,1375028.0,41236.0,126878.0,1.0,0.979,0.748,0.921,0.004,0.005,0.006,0.008,0.012,0.008,0.01,0.0,0.0,0.0,0.0,0.0,0.0,0.0,43568.0,44232.0,43790.0,43640.0,44525.0,42264.0,38292.0,1.507,335.4,14.53,1.9,3.528,2.0,-1.0,13.72,0.016,0.217,3.0,2.0,0.0,0.0,15.49,15.04,14.3,14.77,14.84,17.85,14.33,15.03,15.1,25.95
2016-06-09 23:54:00-05:00,-12.830869,-6.1081543,506347,17.52,0.0,0.505,18.78,0.6,277.2,275.2,272.4,0.0,0.0,0.0,1.702,0.0,60.15,0.0,1384539.0,21.79,0.0,0.0,0.0,0.0,0.0,0.0,0.0,0.0,0.0,0.0,18.34,15.39,-0.038,0.0,0.0,0.0,60.0,59.9,74.7,0.0,275.3,275.0,275.9,0.0,0.0,0.0,602.0,1375028.0,41236.0,126878.0,1.0,0.979,0.748,0.921,0.004,0.005,0.007,0.008,0.012,0.009,0.009,0.0,0.0,0.0,0.0,0.0,0.0,0.0,43568.0,44232.0,43790.0,43640.0,44525.0,42264.0,38292.0,1.507,338.7,30.3,2.5,3.531,2.0,-1.0,13.72,0.016,0.217,3.0,2.0,0.0,0.0,15.64,15.13,14.32,14.74,14.76,17.93,14.31,15.08,15.15,25.93
2016-06-09 23:55:00-05:00,-12.712065,-6.1081543,506348,17.49,0.0,0.494,18.73,0.619,277.0,275.4,272.6,0.0,0.0,0.0,1.775,0.0,60.15,0.0,1384539.0,21.79,0.0,0.0,0.0,0.0,0.0,0.0,0.0,0.0,0.0,0.0,18.29,15.44,-0.037,0.0,0.0,0.0,60.0,59.9,74.7,0.0,275.8,275.0,276.0,0.0,0.0,0.0,602.0,1375028.0,41236.0,126878.0,1.0,0.979,0.748,0.921,0.004,0.006,0.006,0.009,0.012,0.009,0.01,0.0,0.0,0.0,0.0,0.0,0.0,0.0,43568.0,44232.0,43790.0,43640.0,44525.0,42264.0,38292.0,1.015,13.58,52.34,2.2,3.53,2.0,-1.0,13.72,0.031,0.217,3.0,2.0,0.0,0.0,15.64,15.15,14.4,14.89,14.81,18.1,14.43,15.31,15.18,25.85
2016-06-09 23:56:00-05:00,-12.712065,-6.1081543,506349,17.45,0.0,0.496,18.7,0.54,277.2,275.4,272.6,0.0,0.0,0.0,1.644,0.0,60.14,0.0,1384539.0,21.79,0.0,0.0,0.0,0.0,0.0,0.0,0.0,0.0,0.0,0.0,18.28,15.44,-0.037,0.0,0.0,0.0,60.0,59.9,74.7,0.0,276.0,275.0,276.0,0.0,0.0,0.0,602.0,1375028.0,41236.0,126878.0,1.0,0.979,0.748,0.921,0.004,0.005,0.007,0.008,0.012,0.009,0.01,0.0,0.0,0.0,0.0,0.0,0.0,0.0,43568.0,44232.0,43790.0,43640.0,44525.0,42264.0,38292.0,1.387,349.7,26.61,2.6,3.53,2.0,-1.0,13.76,0.019,0.216,3.0,2.0,0.0,0.0,15.68,15.2,14.32,14.81,14.84,17.93,14.42,15.19,15.15,25.83
2016-06-09 23:57:00-05:00,-12.593261,-5.9960775,506350,17.43,0.0,0.5,18.73,0.54,277.2,275.7,272.9,0.0,0.0,0.0,1.635,0.0,60.21,0.0,1384539.0,21.78,0.0,0.0,0.0,0.0,0.0,0.0,0.0,0.0,0.0,0.0,18.27,15.43,-0.038,0.0,0.0,0.0,60.0,59.9,74.7,0.0,276.0,275.0,276.0,0.0,0.0,0.0,602.0,1375028.0,41236.0,126878.0,1.0,0.979,0.748,0.921,0.004,0.005,0.007,0.008,0.012,0.009,0.01,0.0,0.0,0.0,0.0,0.0,0.0,0.0,43568.0,44232.0,43790.0,43640.0,44525.0,42264.0,38292.0,1.702,335.9,11.6,3.2,3.53,2.0,-1.0,13.76,0.018,0.216,3.0,2.0,0.0,0.0,15.66,15.2,14.42,14.87,14.91,18.02,14.55,15.3,15.24,25.83
2016-06-09 23:58:00-05:00,-12.118043,-5.6598487,506351,17.41,0.0,0.496,18.75,0.54,277.1,275.8,273.0,0.0,0.0,0.0,1.642,0.0,60.2,0.0,1384539.0,21.79,0.0,0.0,0.0,0.0,0.0,0.0,0.0,0.0,0.0,0.0,18.27,15.52,-0.037,0.0,0.0,0.0,60.0,59.9,74.7,0.0,276.0,275.0,276.0,0.0,0.0,0.0,602.0,1375028.0,41236.0,126878.0,1.0,0.979,0.748,0.921,0.005,0.005,0.006,0.007,0.012,0.008,0.009,0.0,0.0,0.0,0.0,0.0,0.0,0.0,43568.0,44232.0,43790.0,43640.0,44525.0,42264.0,38292.0,1.602,336.2,15.59,2.6,3.531,2.0,-1.0,13.76,0.017,0.216,3.0,2.0,0.0,0.0,15.82,15.23,14.44,14.95,14.87,18.1,14.6,15.37,15.31,25.83
2016-06-09 23:59:00-05:00,-11.999239,-5.6598487,506352,17.39,0.0,0.505,18.65,0.54,277.2,275.7,272.9,0.0,0.0,0.0,1.623,0.0,60.15,0.0,1384539.0,21.78,0.0,0.0,0.0,0.0,0.0,0.0,0.0,0.0,0.0,0.0,18.13,15.51,-0.038,0.0,0.0,0.0,60.0,59.9,74.7,0.0,276.0,275.0,276.0,0.0,0.0,0.0,602.0,1375028.0,41236.0,126878.0,1.0,0.979,0.748,0.921,0.003,0.004,0.007,0.008,0.012,0.008,0.01,0.0,0.0,0.0,0.0,0.0,0.0,0.0,43568.0,44232.0,43790.0,43640.0,44525.0,42264.0,38292.0,1.975,343.4,19.7,3.0,3.531,2.0,-1.0,13.76,0.017,0.216,3.0,2.0,0.0,0.0,15.87,15.3,14.48,14.94,14.81,18.12,14.6,15.34,15.36,25.75
