TIMESTAMP,Pyra1_Wm2_Avg,Pyra2_Wm2_Avg,RECORD,CR1000Temp_C_Avg,DoorOpen_Min,RefCell1_Wm2_Avg,AmbTemp_C_Avg,InvVDVoltage_V_Avg,InvVa_Avg,InvVb_Avg,InvVc_Avg,InvIa_Avg,InvIb_Avg,InvIc_Avg,InvVDCin_Avg,InvIDCin_Avg,InvFreq_Avg,InvPAC_kW_Avg,InvEtot_kWh_Max,InvVPVin_Avg,InvPDC_kW_Avg,InvOpStatus_Avg,InvMainFault_Max,InvDriveFault_Max,InvVoltageFault_Max,InvGridFault_Max,InvTempFault_Max,InvSystemFault_Max,InvSystemWarn_Max,InvPVMStatus_Max,SEWSAmbientTemp_C_Avg,SEWSModuleTemp_C_Avg,SEWSPOAIrrad_Wm2_Avg,PwrMtrIa_Avg,PwrMtrIb_Avg,PwrMtrIc_Avg,PwrMtrFreq_Avg,PwrMtrFreqMin_Min,PwrMtrFreqMax_Max,PwrMtrPhaseRev_Avg,PwrMtrVa_Avg,PwrMtrVb_Avg,PwrMtrVc_Avg,PwrMtrP_kW_Avg,PwrMtrP_kVAR_Avg,PwrMtrP_kVA_Avg,PwrMtrEdel_kWh_Max,PwrMtrErec_kWh_Max,PwrMtrEdel_kVARh_Max,PwrMtrErec_kVARh_Max,PwrMtrPF_Avg,PwrMtrVaTHDMax_Max,PwrMtrVbTHDMax_Max,PwrMtrVcTHDMax_Max,ShuntCurrent_A_Avg_1,ShuntCurrent_A_Avg_2,ShuntCurrent_A_Avg_3,ShuntCurrent_A_Avg_4,ShuntCurrent_A_Avg_5,ShuntCurrent_A_Avg_6,ShuntCurrent_A_Avg_7,ShuntPDC_kW_Avg_1,ShuntPDC_kW_Avg_2,ShuntPDC_kW_Avg_3,ShuntPDC_kW_Avg_4,ShuntPDC_kW_Avg_5,ShuntPDC_kW_Avg_6,ShuntPDC_kW_Avg_7,ShuntEtot_kWh_Max_1,ShuntEtot_kWh_Max_2,ShuntEtot_kWh_Max_3,ShuntEtot_kWh_Max_4,ShuntEtot_kWh_Max_5,ShuntEtot_kWh_Max_6,ShuntEtot_kWh_Max_7,WindSpeedAve_ms,WindDirAve_deg,WindDirStdDev_deg,WindSpeed_ms_Max,WindRef_V_Min,WindHeatStateID_Avg,WindValid_Avg,Battery_V_Min,Battery_A_Avg,Load_A_Avg,ChgState_Min,ChgSource_Min,CkBatt_Max,Qloss_Ah_Max,RTD_C_Avg_1,RTD_C_Avg_2,RTD_C_Avg_3,RTD_C_Avg_4,RTD_C_Avg_5,RTD_C_Avg_6,RTD_C_Avg_7,RTD_C_Avg_8,RTD_C_Avg_9,RTD_C_Avg_10
2016-07-25 00:00:00-05:00,-9.147935,-3.4183247,571137,28.31,0.0,0.291,27.92,2.542,,,,,,,,,,,-2147484000.0,,,,-7999.0,-7999.0,-7999.0,-7999.0,-7999.0,-7999.0,-7999.0,-7999.0,27.48,26.31,-0.038,0.0,0.0,0.0,60.0,59.9,74.7,0.0,274.0,273.0,275.0,0.0,0.0,0.0,618.0,1439241.0,42554.0,133065.0,1.0,0.979,0.748,0.921,0.005,0.006,0.008,0.008,0.013,0.009,0.01,0.0,0.0,0.0,0.0,0.0,0.0,0.0,52752.0,53548.0,53005.0,52841.0,53834.0,51219.0,46606.0,,0.0,0.0,,,2.0,-1.0,13.54,0.024,0.221,3.0,2.0,0.0,0.0,26.75,26.64,26.14,26.36,26.55,29.81,26.44,26.75,26.33,36.71
2016-07-25 00:01:00-05:00,-9.147935,-3.4183247,571138,28.3,0.0,0.291,27.99,2.572,,,,,,,,,,,-2147484000.0,,,,-7999.0,-7999.0,-7999.0,-7999.0,-7999.0,-7999.0,-7999.0,-7999.0,27.64,26.4,-0.038,0.0,0.0,0.0,60.0,59.9,74.7,0.0,274.0,273.0,275.0,0.0,0.0,0.0,618.0,1439241.0,42554.0,133065.0,1.0,0.979,0.748,0.921,0.005,0.006,0.008,0.009,0.012,0.009,0.009,0.0,0.0,0.0,0.0,0.0,0.0,0.0,52752.0,53548.0,53005.0,52841.0,53834.0,51219.0,46606.0,0.79,296.7,12.72,1.3,3.512,2.0,-1.0,13.54,0.024,0.221,3.0,2.0,0.0,0.0,26.91,26.64,26.16,26.36,26.55,29.87,26.46,26.75,26.38,36.71
2016-07-25 00:02:00-05:00,-9.02913,-3.4183247,571139,28.3,0.0,0.285,28.14,2.6,,,,,,,,,,,-2147484000.0,,,,-7999.0,-7999.0,-7999.0,-7999.0,-7999.0,-7999.0,-7999.0,-7999.0,27.79,26.51,-0.038,0.0,0.0,0.0,60.0,59.9,74.7,0.0,274.0,273.0,275.0,0.0,0.0,0.0,618.0,1439241.0,42554.0,133065.0,1.0,0.979,0.748,0.921,0.005,0.006,0.008,0.009,0.011,0.008,0.009,0.0,0.0,0.0,0.0,0.0,0.0,0.0,52752.0,53548.0,53005.0,52841.0,53834.0,51219.0,46606.0,,0.0,0.0,,,2.0,-1.0,13.54,0.024,0.221,3.0,2.0,0.0,0.0,27.07,26.76,26.16,26.39,26.55,29.87,26.46,26.8,26.39,36.67
2016-07-25 00:03:00-05:00,-8.672717,-3.4183247,571140,28.3,0.0,0.289,28.23,2.675,,,,,,,,,,,-2147484000.0,,,,-7999.0,-7999.0,-7999.0,-7999.0,-7999.0,-7999.0,-7999.0,-7999.0,27.91,26.63,-0.037,0.0,0.0,0.0,60.0,59.9,74.7,0.0,274.0,273.0,275.0,0.0,0.0,0.0,618.0,1439241.0,42554.0,133065.0,1.0,0.979,0.748,0.921,0.005,0.005,0.008,0.009,0.012,0.008,0.009,0.0,0.0,0.0,0.0,0.0,0.0,0.0,52752.0,53548.0,53005.0,52841.0,53834.0,51219.0,46606.0,,0.0,0.0,,,2.0,-1.0,13.54,0.024,0.221,3.0,2.0,0.0,0.0,27.2,26.84,26.19,26.46,26.6,29.97,26.52,26.88,26.44,36.61
2016-07-25 00:04:00-05:00,-8.316304,-3.4183247,571141,28.3,0.0,0.291,28.21,2.84,,,,,,,,,,,-2147484000.0,,,,-7999.0,-7999.0,-7999.0,-7999.0,-7999.0,-7999.0,-7999.0,-7999.0,27.89,26.72,-0.038,0.0,0.0,0.0,60.0,59.9,74.7,0.0,274.0,273.0,275.0,0.0,0.0,0.0,618.0,1439241.0,42554.0,133065.0,1.0,0.979,0.748,0.921,0.005,0.005,0.007,0.009,0.012,0.01,0.01,0.0,0.0,0.0,0.0,0.0,0.0,0.0,52752.0,53548.0,53005.0,52841.0,53834.0,51219.0,46606.0,,0.0,0.0,,,2.0,-1.0,13.54,0.024,0.221,3.0,2.0,0.0,0.0,27.31,26.9,26.26,26.52,26.65,30.09,26.55,26.94,26.56,36.61
2016-07-25 00:05:00-05:00,-8.316304,-3.1941724,571142,28.3,0.0,0.292,28.14,2.885,,,,,,,,,,,-2147484000.0,,,,-7999.0,-7999.0,-7999.0,-7999.0,-7999.0,-7999.0,-7999.0,-7999.0,27.8,26.76,-0.037,0.0,0.0,0.0,60.0,59.9,74.7,0.0,274.0,273.0,275.0,0.0,0.0,0.0,618.0,1439241.0,42554.0,133065.0,1.0,0.979,0.748,0.921,0.004,0.006,0.007,0.009,0.013,0.009,0.011,0.0,0.0,0.0,0.0,0.0,0.0,0.0,52752.0,53548.0,53005.0,52841.0,53834.0,51219.0,46606.0,1.687,338.1,13.6,2.9,3.512,2.0,-1.0,13.54,0.024,0.221,3.0,2.0,0.0,0.0,27.31,26.93,26.36,26.59,26.65,30.14,26.6,27.04,26.63,36.61
2016-07-25 00:06:00-05:00,-7.841087,-3.0820959,571143,28.3,0.0,0.29,28.12,2.952,,,,,,,,,,,-2147484000.0,,,,-7999.0,-7999.0,-7999.0,-7999.0,-7999.0,-7999.0,-7999.0,-7999.0,27.77,26.77,-0.037,0.0,0.0,0.0,60.0,59.9,74.7,0.0,274.0,273.0,275.0,0.0,0.0,0.0,618.0,1439241.0,42554.0,133065.0,1.0,0.979,0.748,0.921,0.004,0.006,0.007,0.009,0.013,0.008,0.01,0.0,0.0,0.0,0.0,0.0,0.0,0.0,52752.0,53548.0,53005.0,52841.0,53834.0,51219.0,46606.0,,0.0,0.0,,,2.5,-1.0,13.54,0.024,0.221,3.0,2.0,0.0,0.0,27.31,27.0,26.36,26.65,26.75,30.18,26.67,27.14,26.74,36.61
2016-07-25 00:07:00-05:00,-7.484674,-2.8579435,571144,28.3,0.0,0.293,28.15,2.979,,,,,,,,,,,-2147484000.0,,,,-7999.0,-7999.0,-7999.0,-7999.0,-7999.0,-7999.0,-7999.0,-7999.0,27.82,26.87,-0.038,0.0,0.0,0.0,60.0,59.9,74.7,0.0,274.0,273.0,275.0,0.0,0.0,0.0,618.0,1439241.0,42554.0,133065.0,1.0,0.979,0.748,0.921,0.004,0.007,0.007,0.009,0.012,0.009,0.01,0.0,0.0,0.0,0.0,0.0,0.0,0.0,52752.0,53548.0,53005.0,52841.0,53834.0,51219.0,46606.0,,0.0,0.0,,,2.0,-1.0,13.54,0.024,0.221,3.0,2.0,0.0,0.0,27.33,27.03,26.46,26.75,26.81,30.27,26.75,27.14,26.89,36.6
2016-07-25 00:08:00-05:00,-7.484674,-2.6337912,571145,28.3,0.0,0.291,28.06,2.99,,,,,,,,,,,-2147484000.0,,,,-7999.0,-7999.0,-7999.0,-7999.0,-7999.0,-7999.0,-7999.0,-7999.0,27.74,26.91,-0.038,0.0,0.0,0.0,60.0,59.9,74.7,0.0,274.0,273.0,275.0,0.0,0.0,0.0,618.0,1439241.0,42554.0,133065.0,1.0,0.979,0.748,0.921,0.004,0.006,0.008,0.009,0.011,0.009,0.01,0.0,0.0,0.0,0.0,0.0,0.0,0.0,52752.0,53548.0,53005.0,52841.0,53834.0,51219.0,46606.0,,0.0,0.0,,,2.0,-1.0,13.54,0.024,0.221,3.0,2.0,0.0,0.0,27.38,27.05,26.49,26.75,26.88,30.32,26.81,27.24,26.96,36.51
2016-07-25 00:09:00-05:00,-7.484674,-2.6337912,571146,28.3,0.0,0.291,27.97,2.954,,,,,,,,,,,-2147484000.0,,,,-7999.0,-7999.0,-7999.0,-7999.0,-7999.0,-7999.0,-7999.0,-7999.0,27.63,26.92,-0.036,0.0,0.0,0.0,60.0,59.9,74.7,0.0,274.0,273.0,275.0,0.0,0.0,0.0,618.0,1439241.0,42554.0,133065.0,1.0,0.979,0.748,0.921,0.005,0.006,0.007,0.009,0.011,0.009,0.01,0.0,0.0,0.0,0.0,0.0,0.0,0.0,52752.0,53548.0,53005.0,52841.0,53834.0,51219.0,46606.0,,0.0,0.0,,,2.0,-1.0,13.54,0.024,0.221,3.0,2.0,0.0,0.0,27.38,27.06,26.55,26.77,26.94,30.3,26.86,27.24,26.98,36.51
2016-07-25 00:10:00-05:00,-7.484674,-2.6337912,571147,28.3,0.0,0.293,27.82,2.927,,,,,,,,,,,-2147484000.0,,,,-7999.0,-7999.0,-7999.0,-7999.0,-7999.0,-7999.0,-7999.0,-7999.0,27.5,26.89,-0.038,0.0,0.0,0.0,60.0,59.9,74.7,0.0,274.0,273.0,275.0,0.0,0.0,0.0,618.0,1439241.0,42554.0,133065.0,1.0,0.979,0.748,0.921,0.005,0.006,0.008,0.008,0.012,0.008,0.01,0.0,0.0,0.0,0.0,0.0,0.0,0.0,52752.0,53548.0,53005.0,52841.0,53834.0,51219.0,46606.0,,0.0,0.0,,,2.0,-1.0,13.54,0.024,0.221,3.0,2.0,0.0,0.0,27.31,27.08,26.55,26.85,26.94,30.28,26.94,27.24,26.98,36.51
2016-07-25 00:11:00-05:00,-7.7222824,-2.6337912,571148,28.3,0.0,0.295,27.65,2.872,,,,,,,,,,,-2147484000.0,,,,-7999.0,-7999.0,-7999.0,-7999.0,-7999.0,-7999.0,-7999.0,-7999.0,27.34,26.85,-0.037,0.0,0.0,0.0,60.0,59.9,74.7,0.0,274.0,273.0,275.0,0.0,0.0,0.0,618.0,1439241.0,42554.0,133065.0,1.0,0.979,0.748,0.921,0.004,0.006,0.007,0.009,0.012,0.01,0.01,0.0,0.0,0.0,0.0,0.0,0.0,0.0,52752.0,53548.0,53005.0,52841.0,53834.0,51219.0,46606.0,,0.0,0.0,,,2.0,-1.0,13.54,0.024,0.221,3.0,2.0,0.0,0.0,27.31,27.03,26.55,26.85,26.94,30.28,26.94,27.24,27.0,36.5
2016-07-25 00:12:00-05:00,-7.959892,-2.7458675,571149,28.3,0.0,0.297,27.57,2.86,,,,,,,,,,,-2147484000.0,,,,-7999.0,-7999.0,-7999.0,-7999.0,-7999.0,-7999.0,-7999.0,-7999.0,27.27,26.84,-0.038,0.0,0.0,0.0,60.0,59.9,74.7,0.0,274.0,273.0,275.0,0.0,0.0,0.0,618.0,1439241.0,42554.0,133065.0,1.0,0.979,0.748,0.921,0.005,0.006,0.008,0.008,0.012,0.009,0.01,0.0,0.0,0.0,0.0,0.0,0.0,0.0,52752.0,53548.0,53005.0,52841.0,53834.0,51219.0,46606.0,,0.0,0.0,,,2.0,-1.0,13.54,0.024,0.221,3.0,2.0,0.0,0.0,27.28,27.03,26.55,26.83,26.94,30.28,26.93,27.2,27.0,36.42
2016-07-25 00:13:00-05:00,-8.316304,-3.0820959,571150,28.3,0.0,0.298,27.63,2.657,,,,,,,,,,,-2147484000.0,,,,-7999.0,-7999.0,-7999.0,-7999.0,-7999.0,-7999.0,-7999.0,-7999.0,27.33,26.85,-0.038,0.0,0.0,0.0,60.0,59.9,74.7,0.0,274.0,273.0,275.0,0.0,0.0,0.0,618.0,1439241.0,42554.0,133065.0,1.0,0.979,0.748,0.921,0.004,0.005,0.007,0.008,0.012,0.009,0.01,0.0,0.0,0.0,0.0,0.0,0.0,0.0,52752.0,53548.0,53005.0,52841.0,53834.0,51219.0,46606.0,,0.0,0.0,,,2.5,-1.0,13.54,0.024,0.221,3.0,2.0,0.0,0.0,27.22,27.03,26.55,26.77,26.94,30.3,26.93,27.14,27.05,36.42
2016-07-25 00:14:00-05:00,-8.316304,-3.0820959,571151,28.3,0.0,0.299,27.51,2.581,,,,,,,,,,,-2147484000.0,,,,-7999.0,-7999.0,-7999.0,-7999.0,-7999.0,-7999.0,-7999.0,-7999.0,27.2,26.78,-0.038,0.0,0.0,0.0,60.0,59.9,74.7,0.0,274.0,273.0,275.0,0.0,0.0,0.0,618.0,1439241.0,42554.0,133065.0,1.0,0.979,0.748,0.921,0.006,0.006,0.007,0.009,0.012,0.008,0.009,0.0,0.0,0.0,0.0,0.0,0.0,0.0,52752.0,53548.0,53005.0,52841.0,53834.0,51219.0,46606.0,,0.0,0.0,,,2.0,-1.0,13.54,0.024,0.221,3.0,2.0,0.0,0.0,27.22,27.03,26.55,26.75,26.91,30.29,26.93,27.14,27.04,36.42
2016-07-25 00:15:00-05:00,-8.316304,-3.0820959,571152,28.3,0.0,0.3,27.48,2.386,,,,,,,,,,,-2147484000.0,,,,-7999.0,-7999.0,-7999.0,-7999.0,-7999.0,-7999.0,-7999.0,-7999.0,27.15,26.74,-0.037,0.0,0.0,0.0,60.0,59.9,74.7,0.0,273.2,272.2,274.2,0.0,0.0,0.0,618.0,1439241.0,42554.0,133065.0,1.0,0.979,0.748,0.921,0.005,0.006,0.008,0.007,0.012,0.008,0.009,0.0,0.0,0.0,0.0,0.0,0.0,0.0,52752.0,53548.0,53005.0,52841.0,53834.0,51219.0,46606.0,,0.0,0.0,,,2.0,-1.0,13.54,0.023,0.221,3.0,2.0,0.0,0.0,27.15,27.0,26.53,26.75,26.88,30.26,26.85,27.14,27.02,36.38
2016-07-25 00:16:00-05:00,-8.672717,-3.4183247,571153,28.3,0.0,0.301,27.4,2.151,,,,,,,,,,,-2147484000.0,,,,-7999.0,-7999.0,-7999.0,-7999.0,-7999.0,-7999.0,-7999.0,-7999.0,27.09,26.69,-0.037,0.0,0.0,0.0,60.0,59.9,74.7,0.0,273.0,272.0,274.0,0.0,0.0,0.0,618.0,1439241.0,42554.0,133065.0,1.0,0.979,0.748,0.921,0.004,0.006,0.007,0.009,0.011,0.009,0.009,0.0,0.0,0.0,0.0,0.0,0.0,0.0,52752.0,53548.0,53005.0,52841.0,53834.0,51219.0,46606.0,1.725,338.0,13.18,2.1,3.512,2.0,-1.0,13.54,0.023,0.221,3.0,2.0,0.0,0.0,27.12,26.95,26.46,26.75,26.85,30.23,26.85,27.06,26.97,36.32
2016-07-25 00:17:00-05:00,-9.02913,-3.4183247,571154,28.28,0.0,0.3,27.34,1.951,,,,,,,,,,,-2147484000.0,,,,-7999.0,-7999.0,-7999.0,-7999.0,-7999.0,-7999.0,-7999.0,-7999.0,27.01,26.64,-0.037,0.0,0.0,0.0,60.0,59.9,74.7,0.0,273.0,272.0,274.0,0.0,0.0,0.0,618.0,1439241.0,42554.0,133065.0,1.0,0.979,0.748,0.921,0.005,0.005,0.008,0.009,0.012,0.008,0.01,0.0,0.0,0.0,0.0,0.0,0.0,0.0,52752.0,53548.0,53005.0,52841.0,53834.0,51219.0,46606.0,,0.0,0.0,,,2.0,-1.0,13.54,0.023,0.221,3.0,2.0,0.0,0.0,27.02,26.93,26.46,26.68,26.83,30.22,26.76,27.04,26.95,36.32
2016-07-25 00:18:00-05:00,-9.147935,-3.4183247,571155,28.27,0.0,0.297,27.35,1.781,,,,,,,,,,,-2147484000.0,,,,-7999.0,-7999.0,-7999.0,-7999.0,-7999.0,-7999.0,-7999.0,-7999.0,27.02,26.59,-0.032,0.0,0.0,0.0,60.0,59.9,74.7,0.0,273.0,272.0,274.0,0.0,0.0,0.0,618.0,1439241.0,42554.0,133065.0,1.0,0.979,0.748,0.921,0.004,0.005,0.007,0.008,0.012,0.008,0.009,0.0,0.0,0.0,0.0,0.0,0.0,0.0,52752.0,53548.0,53005.0,52841.0,53834.0,51219.0,46606.0,,0.0,0.0,,,2.0,-1.0,13.54,0.023,0.221,3.0,2.0,0.0,0.0,26.99,26.88,26.36,26.65,26.75,30.33,26.75,26.99,26.86,36.27
2016-07-25 00:19:00-05:00,-9.147935,-3.4183247,571156,28.27,0.0,0.298,27.35,1.73,,,,,,,,,,,-2147484000.0,,,,-7999.0,-7999.0,-7999.0,-7999.0,-7999.0,-7999.0,-7999.0,-7999.0,27.03,26.55,-0.032,0.0,0.0,0.0,60.0,59.9,74.7,0.0,272.0,271.0,273.0,0.0,0.0,0.0,618.0,1439241.0,42554.0,133065.0,1.0,0.979,0.748,0.921,0.004,0.006,0.007,0.009,0.013,0.008,0.009,0.0,0.0,0.0,0.0,0.0,0.0,0.0,52752.0,53548.0,53005.0,52841.0,53834.0,51219.0,46606.0,1.465,355.4,11.7,2.1,3.512,2.0,-1.0,13.54,0.023,0.221,3.0,2.0,0.0,0.0,26.92,26.84,26.36,26.62,26.75,30.35,26.75,26.94,26.82,36.22
2016-07-25 00:20:00-05:00,-9.147935,-3.4183247,571157,28.27,0.0,0.299,27.33,1.653,,,,,,,,,,,-2147484000.0,,,,-7999.0,-7999.0,-7999.0,-7999.0,-7999.0,-7999.0,-7999.0,-7999.0,26.99,26.47,-0.037,0.0,0.0,0.0,60.0,59.9,74.7,0.0,272.0,270.9,273.0,0.0,0.0,0.0,618.0,1439241.0,42554.0,133065.0,1.0,0.979,0.748,0.921,0.004,0.005,0.007,0.009,0.012,0.008,0.009,0.0,0.0,0.0,0.0,0.0,0.0,0.0,52752.0,53548.0,53005.0,52841.0,53834.0,51219.0,46606.0,1.338,7.661,12.57,1.8,3.51,2.0,-1.0,13.54,0.023,0.221,3.0,2.0,0.0,0.0,26.87,26.82,26.34,26.55,26.75,29.94,26.65,26.91,26.83,36.22
2016-07-25 00:21:00-05:00,-9.147935,-3.4183247,571158,28.27,0.0,0.3,27.27,1.646,,,,,,,,,,,-2147484000.0,,,,-7999.0,-7999.0,-7999.0,-7999.0,-7999.0,-7999.0,-7999.0,-7999.0,26.96,26.42,-0.038,0.0,0.0,0.0,60.0,59.9,74.7,0.0,272.0,270.4,272.9,0.0,0.0,0.0,618.0,1439241.0,42554.0,133065.0,1.0,0.979,0.748,0.921,0.006,0.005,0.007,0.008,0.011,0.009,0.01,0.0,0.0,0.0,0.0,0.0,0.0,0.0,52752.0,53548.0,53005.0,52841.0,53834.0,51219.0,46606.0,,0.0,0.0,,,2.0,-1.0,13.54,0.023,0.221,3.0,2.0,0.0,0.0,26.83,26.77,26.26,26.54,26.65,29.87,26.65,26.85,26.73,36.17
2016-07-25 00:22:00-05:00,-9.504348,-3.4183247,571159,28.25,0.0,0.301,27.26,1.643,,,,,,,,,,,-2147484000.0,,,,-7999.0,-7999.0,-7999.0,-7999.0,-7999.0,-7999.0,-7999.0,-7999.0,26.91,26.33,-0.037,0.0,0.0,0.0,60.0,59.9,74.7,0.0,272.0,270.7,273.0,0.0,0.0,0.0,618.0,1439241.0,42554.0,133065.0,1.0,0.979,0.748,0.921,0.005,0.006,0.007,0.009,0.012,0.008,0.01,0.0,0.0,0.0,0.0,0.0,0.0,0.0,52752.0,53548.0,53005.0,52841.0,53834.0,51219.0,46606.0,,0.0,0.0,,,2.0,-1.0,13.54,0.023,0.221,3.0,2.0,0.0,0.0,26.73,26.71,26.23,26.49,26.65,30.04,26.55,26.78,26.78,36.12
2016-07-25 00:23:00-05:00,-9.504348,-3.4183247,571160,28.23,0.0,0.302,27.22,1.479,,,,,,,,,,,-2147484000.0,,,,-7999.0,-7999.0,-7999.0,-7999.0,-7999.0,-7999.0,-7999.0,-7999.0,26.86,26.26,-0.038,0.0,0.0,0.0,60.0,59.9,74.7,0.0,272.0,271.0,273.0,0.0,0.0,0.0,618.0,1439241.0,42554.0,133065.0,1.0,0.979,0.748,0.921,0.004,0.006,0.007,0.008,0.012,0.008,0.009,0.0,0.0,0.0,0.0,0.0,0.0,0.0,52752.0,53548.0,53005.0,52841.0,53834.0,51219.0,46606.0,,0.0,0.0,,,2.0,-1.0,13.54,0.023,0.221,3.0,2.0,0.0,0.0,26.68,26.64,26.16,26.46,26.59,30.21,26.55,26.75,26.62,36.11
2016-07-25 00:24:00-05:00,-9.504348,-3.4183247,571161,28.23,0.0,0.299,27.18,1.334,,,,,,,,,,,-2147484000.0,,,,-7999.0,-7999.0,-7999.0,-7999.0,-7999.0,-7999.0,-7999.0,-7999.0,26.83,26.18,-0.037,0.0,0.0,0.0,60.0,59.9,74.7,0.0,272.0,271.0,273.0,0.0,0.0,0.0,618.0,1439241.0,42554.0,133065.0,1.0,0.979,0.748,0.921,0.005,0.005,0.007,0.009,0.012,0.009,0.009,0.0,0.0,0.0,0.0,0.0,0.0,0.0,52752.0,53548.0,53005.0,52841.0,53834.0,51219.0,46606.0,,0.0,0.0,,,2.0,-1.0,13.54,0.023,0.221,3.0,2.0,0.0,0.0,26.6,26.64,26.16,26.39,26.55,30.18,26.54,26.75,26.68,36.02
2016-07-25 00:25:00-05:00,-9.504348,-3.4183247,571162,28.23,0.0,0.298,27.19,1.121,,,,,,,,,,,-2147484000.0,,,,-7999.0,-7999.0,-7999.0,-7999.0,-7999.0,-7999.0,-7999.0,-7999.0,26.82,26.12,-0.038,0.0,0.0,0.0,60.0,59.9,74.7,0.0,272.0,271.0,273.0,0.0,0.0,0.0,618.0,1439241.0,42554.0,133065.0,1.0,0.979,0.748,0.921,0.004,0.005,0.008,0.009,0.012,0.008,0.01,0.0,0.0,0.0,0.0,0.0,0.0,0.0,52752.0,53548.0,53005.0,52841.0,53834.0,51219.0,46606.0,0.67,339.9,54.55,1.5,3.51,2.0,-1.0,13.54,0.023,0.221,3.0,2.0,0.0,0.0,26.53,26.54,26.11,26.36,26.51,30.01,26.44,26.66,26.62,36.02
2016-07-25 00:26:00-05:00,-9.860761,-3.7545533,571163,28.2,0.0,0.299,27.19,1.084,,,,,,,,,,,-2147484000.0,,,,-7999.0,-7999.0,-7999.0,-7999.0,-7999.0,-7999.0,-7999.0,-7999.0,26.85,26.06,-0.036,0.0,0.0,0.0,60.0,59.9,74.7,0.0,272.9,271.4,273.4,0.0,0.0,0.0,618.0,1439241.0,42554.0,133065.0,1.0,0.979,0.748,0.921,0.005,0.005,0.007,0.008,0.012,0.008,0.01,0.0,0.0,0.0,0.0,0.0,0.0,0.0,52752.0,53548.0,53005.0,52841.0,53834.0,51219.0,46606.0,0.638,37.35,48.87,1.3,3.51,2.0,-1.0,13.54,0.023,0.221,3.0,2.0,0.0,0.0,26.45,26.54,26.03,26.31,26.44,29.73,26.36,26.6,26.52,36.02
2016-07-25 00:27:00-05:00,-9.979566,-3.7545533,571164,28.2,0.0,0.3,27.23,0.897,,,,,,,,,,,-2147484000.0,,,,-7999.0,-7999.0,-7999.0,-7999.0,-7999.0,-7999.0,-7999.0,-7999.0,26.9,26.02,-0.037,0.0,0.0,0.0,60.0,59.9,74.7,0.0,272.3,271.3,273.3,0.0,0.0,0.0,618.0,1439241.0,42554.0,133065.0,1.0,0.979,0.748,0.921,0.004,0.006,0.007,0.009,0.012,0.009,0.009,0.0,0.0,0.0,0.0,0.0,0.0,0.0,52752.0,53548.0,53005.0,52841.0,53834.0,51219.0,46606.0,,0.0,0.0,,,2.0,-1.0,13.54,0.023,0.221,3.0,2.0,0.0,0.0,26.39,26.48,25.97,26.23,26.36,29.8,26.32,26.52,26.45,35.97
2016-07-25 00:28:00-05:00,-9.979566,-4.0907817,571165,28.17,0.0,0.301,27.25,0.814,,,,,,,,,,,-2147484000.0,,,,-7999.0,-7999.0,-7999.0,-7999.0,-7999.0,-7999.0,-7999.0,-7999.0,26.89,25.96,-0.034,0.0,0.0,0.0,60.0,59.9,74.7,0.0,272.0,271.0,273.0,0.0,0.0,0.0,618.0,1439241.0,42554.0,133065.0,1.0,0.979,0.748,0.921,0.005,0.005,0.007,0.008,0.011,0.008,0.009,0.0,0.0,0.0,0.0,0.0,0.0,0.0,52752.0,53548.0,53005.0,52841.0,53834.0,51219.0,46606.0,0.702,75.42,5.254,0.9,3.512,2.0,-1.0,13.54,0.023,0.221,3.0,2.0,0.0,0.0,26.34,26.41,25.88,26.14,26.32,29.95,26.21,26.42,26.34,35.93
2016-07-25 00:29:00-05:00,-10.3359785,-4.2028584,571166,28.17,0.0,0.301,27.2,0.832,,,,,,,,,,,-2147484000.0,,,,-7999.0,-7999.0,-7999.0,-7999.0,-7999.0,-7999.0,-7999.0,-7999.0,26.83,25.87,-0.038,0.0,0.0,0.0,60.0,59.9,74.7,0.0,272.0,271.0,273.0,0.0,0.0,0.0,618.0,1439241.0,42554.0,133065.0,1.0,0.979,0.748,0.921,0.005,0.006,0.007,0.007,0.012,0.008,0.009,0.0,0.0,0.0,0.0,0.0,0.0,0.0,52752.0,53548.0,53005.0,52841.0,53834.0,51219.0,46606.0,0.568,81.7,12.13,0.8,3.51,2.0,-1.0,13.54,0.023,0.221,3.0,2.0,0.0,0.0,26.27,26.31,25.8,26.06,26.23,29.92,26.13,26.36,26.26,35.93
2016-07-25 00:30:00-05:00,-10.692391,-4.2028584,571167,28.16,0.0,0.302,27.19,0.816,,,,,,,,,,,-2147484000.0,,,,-7999.0,-7999.0,-7999.0,-7999.0,-7999.0,-7999.0,-7999.0,-7999.0,26.8,25.78,-0.038,0.0,0.0,0.0,60.0,59.9,74.7,0.0,272.0,271.0,273.0,0.0,0.0,0.0,618.0,1439241.0,42554.0,133065.0,1.0,0.979,0.748,0.921,0.004,0.007,0.006,0.009,0.012,0.008,0.01,0.0,0.0,0.0,0.0,0.0,0.0,0.0,52752.0,53548.0,53005.0,52841.0,53834.0,51219.0,46606.0,0.755,74.54,10.68,1.0,3.51,2.0,-1.0,13.54,0.023,0.221,3.0,2.0,0.0,0.0,26.17,26.25,25.72,25.97,26.13,29.92,26.05,26.27,26.16,35.86
2016-07-25 00:31:00-05:00,-10.692391,-4.2028584,571168,28.14,0.0,0.303,27.19,0.829,,,,,,,,,,,-2147484000.0,,,,-7999.0,-7999.0,-7999.0,-7999.0,-7999.0,-7999.0,-7999.0,-7999.0,26.77,25.72,-0.037,0.0,0.0,0.0,60.0,59.9,74.7,0.0,272.1,271.0,273.0,0.0,0.0,0.0,618.0,1439241.0,42554.0,133065.0,1.0,0.979,0.748,0.921,0.005,0.006,0.007,0.008,0.011,0.009,0.009,0.0,0.0,0.0,0.0,0.0,0.0,0.0,52752.0,53548.0,53005.0,52841.0,53834.0,51219.0,46606.0,,0.0,0.0,,,2.5,-1.0,13.54,0.023,0.221,3.0,2.0,0.0,0.0,26.09,26.18,25.66,25.93,26.06,29.69,25.98,26.18,26.09,35.83
2016-07-25 00:32:00-05:00,-10.692391,-4.2028584,571169,28.13,0.0,0.303,27.15,0.82,,,,,,,,,,,-2147484000.0,,,,-7999.0,-7999.0,-7999.0,-7999.0,-7999.0,-7999.0,-7999.0,-7999.0,26.78,25.65,-0.038,0.0,0.0,0.0,60.0,59.9,74.7,0.0,272.0,271.0,273.0,0.0,0.0,0.0,618.0,1439241.0,42554.0,133065.0,1.0,0.979,0.748,0.921,0.005,0.006,0.008,0.008,0.012,0.009,0.009,0.0,0.0,0.0,0.0,0.0,0.0,0.0,52752.0,53548.0,53005.0,52841.0,53834.0,51219.0,46606.0,,0.0,0.0,,,2.0,-1.0,13.54,0.023,0.221,3.0,2.0,0.0,0.0,26.04,26.1,25.58,25.87,26.0,29.41,25.92,26.11,25.96,35.83
2016-07-25 00:33:00-05:00,-10.692391,-4.2028584,571170,28.1,0.0,0.303,27.16,0.787,,,,,,,,,,,-2147484000.0,,,,-7999.0,-7999.0,-7999.0,-7999.0,-7999.0,-7999.0,-7999.0,-7999.0,26.78,25.59,-0.038,0.0,0.0,0.0,60.0,59.9,74.7,0.0,272.7,271.7,273.7,0.0,0.0,0.0,618.0,1439241.0,42554.0,133065.0,1.0,0.979,0.748,0.921,0.005,0.005,0.006,0.008,0.012,0.009,0.009,0.0,0.0,0.0,0.0,0.0,0.0,0.0,52752.0,53548.0,53005.0,52841.0,53834.0,51219.0,46606.0,0.305,25.0,51.25,0.9,3.51,2.0,-1.0,13.54,0.023,0.221,3.0,2.0,0.0,0.0,25.99,26.05,25.53,25.79,25.97,29.24,25.85,26.06,25.9,35.78
2016-07-25 00:34:00-05:00,-10.692391,-4.2028584,571171,28.1,0.0,0.304,27.2,0.874,,,,,,,,,,,-2147484000.0,,,,-7999.0,-7999.0,-7999.0,-7999.0,-7999.0,-7999.0,-7999.0,-7999.0,26.77,25.52,-0.038,0.0,0.0,0.0,60.0,59.9,74.7,0.0,273.0,272.0,274.0,0.0,0.0,0.0,618.0,1439241.0,42554.0,133065.0,1.0,0.979,0.748,0.921,0.005,0.005,0.008,0.008,0.012,0.008,0.01,0.0,0.0,0.0,0.0,0.0,0.0,0.0,52752.0,53548.0,53005.0,52841.0,53834.0,51219.0,46606.0,0.348,350.1,41.14,0.6,3.51,2.0,-1.0,13.54,0.023,0.221,3.0,2.0,0.0,0.0,25.91,25.96,25.48,25.75,25.92,29.48,25.77,26.0,25.87,35.76
2016-07-25 00:35:00-05:00,-10.692391,-4.2028584,571172,28.07,0.0,0.304,27.17,1.08,,,,,,,,,,,-2147484000.0,,,,-7999.0,-7999.0,-7999.0,-7999.0,-7999.0,-7999.0,-7999.0,-7999.0,26.78,25.45,-0.038,0.0,0.0,0.0,60.0,59.9,74.7,0.0,273.0,272.0,274.0,0.0,0.0,0.0,618.0,1439241.0,42554.0,133065.0,1.0,0.979,0.748,0.921,0.005,0.006,0.007,0.008,0.012,0.008,0.009,0.0,0.0,0.0,0.0,0.0,0.0,0.0,52752.0,53548.0,53005.0,52841.0,53834.0,51219.0,46606.0,0.477,37.55,22.65,0.8,3.51,2.0,-1.0,13.54,0.023,0.221,3.0,2.0,0.0,0.0,25.85,25.91,25.4,25.67,25.87,29.49,25.72,25.97,25.8,35.73
2016-07-25 00:36:00-05:00,-10.692391,-4.2028584,571173,28.06,0.0,0.304,27.14,1.122,,,,,,,,,,,-2147484000.0,,,,-7999.0,-7999.0,-7999.0,-7999.0,-7999.0,-7999.0,-7999.0,-7999.0,26.77,25.41,-0.038,0.0,0.0,0.0,60.0,59.9,74.7,0.0,273.2,272.5,274.2,0.0,0.0,0.0,618.0,1439241.0,42554.0,133065.0,1.0,0.979,0.748,0.921,0.004,0.006,0.007,0.008,0.011,0.008,0.009,0.0,0.0,0.0,0.0,0.0,0.0,0.0,52752.0,53548.0,53005.0,52841.0,53834.0,51219.0,46606.0,0.273,329.4,43.81,0.5,3.51,2.0,-1.0,13.54,0.023,0.221,3.0,2.0,0.0,0.0,25.82,25.86,25.37,25.64,25.85,29.21,25.67,25.92,25.75,35.71
2016-07-25 00:37:00-05:00,-10.692391,-4.2028584,571174,28.04,0.0,0.304,27.09,0.95,,,,,,,,,,,-2147484000.0,,,,-7999.0,-7999.0,-7999.0,-7999.0,-7999.0,-7999.0,-7999.0,-7999.0,26.76,25.42,-0.038,0.0,0.0,0.0,60.0,59.9,74.7,0.0,273.0,272.6,274.0,0.0,0.0,0.0,618.0,1439241.0,42554.0,133065.0,1.0,0.979,0.748,0.921,0.005,0.005,0.007,0.008,0.011,0.008,0.009,0.0,0.0,0.0,0.0,0.0,0.0,0.0,52752.0,53548.0,53005.0,52841.0,53834.0,51219.0,46606.0,0.42,343.1,55.91,1.0,3.51,2.0,-1.0,13.54,0.023,0.221,3.0,2.0,0.0,0.0,25.85,25.86,25.31,25.58,25.75,29.3,25.59,25.87,25.7,35.63
2016-07-25 00:38:00-05:00,-10.692391,-4.2028584,571175,28.03,0.0,0.304,27.02,1.087,,,,,,,,,,,-2147484000.0,,,,-7999.0,-7999.0,-7999.0,-7999.0,-7999.0,-7999.0,-7999.0,-7999.0,26.71,25.41,-0.038,0.0,0.0,0.0,60.0,59.9,74.7,0.0,273.0,272.6,274.0,0.0,0.0,0.0,618.0,1439241.0,42554.0,133065.0,1.0,0.979,0.748,0.921,0.004,0.006,0.008,0.008,0.011,0.009,0.009,0.0,0.0,0.0,0.0,0.0,0.0,0.0,52752.0,53548.0,53005.0,52841.0,53834.0,51219.0,46606.0,0.598,310.0,18.89,1.1,3.51,2.0,-1.0,13.54,0.023,0.221,3.0,2.0,0.0,0.0,25.88,25.79,25.28,25.58,25.69,29.23,25.58,25.84,25.7,35.63
2016-07-25 00:39:00-05:00,-10.692391,-4.2028584,571176,28.01,0.0,0.305,27.01,0.922,,,,,,,,,,,-2147484000.0,,,,-7999.0,-7999.0,-7999.0,-7999.0,-7999.0,-7999.0,-7999.0,-7999.0,26.7,25.41,-0.037,0.0,0.0,0.0,60.0,59.9,74.7,0.0,273.8,272.2,274.1,0.0,0.0,0.0,618.0,1439241.0,42554.0,133065.0,1.0,0.979,0.748,0.921,0.004,0.005,0.007,0.009,0.012,0.008,0.009,0.0,0.0,0.0,0.0,0.0,0.0,0.0,52752.0,53548.0,53005.0,52841.0,53834.0,51219.0,46606.0,0.802,308.8,11.97,1.4,3.509,2.0,-1.0,13.54,0.022,0.221,3.0,2.0,0.0,0.0,25.95,25.76,25.2,25.48,25.58,29.22,25.52,25.77,25.62,35.63
2016-07-25 00:40:00-05:00,-10.692391,-4.2028584,571177,27.99,0.0,0.305,27.04,0.94,,,,,,,,,,,-2147484000.0,,,,-7999.0,-7999.0,-7999.0,-7999.0,-7999.0,-7999.0,-7999.0,-7999.0,26.71,25.42,-0.038,0.0,0.0,0.0,60.0,59.9,74.7,0.0,274.0,272.1,274.3,0.0,0.0,0.0,618.0,1439241.0,42554.0,133065.0,1.0,0.979,0.748,0.921,0.005,0.006,0.006,0.008,0.012,0.008,0.01,0.0,0.0,0.0,0.0,0.0,0.0,0.0,52752.0,53548.0,53005.0,52841.0,53834.0,51219.0,46606.0,,0.0,0.0,,,2.0,-1.0,13.54,0.022,0.221,3.0,2.0,0.0,0.0,25.95,25.74,25.19,25.48,25.58,29.49,25.48,25.77,25.61,35.63
2016-07-25 00:41:00-05:00,-10.692391,-4.2028584,571178,27.97,0.0,0.305,27.01,0.909,,,,,,,,,,,-2147484000.0,,,,-7999.0,-7999.0,-7999.0,-7999.0,-7999.0,-7999.0,-7999.0,-7999.0,26.68,25.41,-0.038,0.0,0.0,0.0,60.0,59.9,74.7,0.0,274.0,272.5,274.9,0.0,0.0,0.0,618.0,1439241.0,42554.0,133065.0,1.0,0.979,0.748,0.921,0.004,0.005,0.007,0.009,0.012,0.008,0.008,0.0,0.0,0.0,0.0,0.0,0.0,0.0,52752.0,53548.0,53005.0,52841.0,53834.0,51219.0,46606.0,,0.0,0.0,,,2.0,-1.0,13.54,0.022,0.221,3.0,2.0,0.0,0.0,25.95,25.69,25.19,25.48,25.54,29.61,25.48,25.77,25.54,35.58
2016-07-25 00:42:00-05:00,-10.692391,-4.2028584,571179,27.95,0.0,0.305,26.96,0.904,,,,,,,,,,,-2147484000.0,,,,-7999.0,-7999.0,-7999.0,-7999.0,-7999.0,-7999.0,-7999.0,-7999.0,26.62,25.38,-0.037,0.0,0.0,0.0,60.0,59.9,74.7,0.0,274.0,272.2,274.8,0.0,0.0,0.0,618.0,1439241.0,42554.0,133065.0,1.0,0.979,0.748,0.921,0.005,0.006,0.006,0.008,0.012,0.008,0.009,0.0,0.0,0.0,0.0,0.0,0.0,0.0,52752.0,53548.0,53005.0,52841.0,53834.0,51219.0,46606.0,,0.0,0.0,,,2.0,-1.0,13.54,0.022,0.221,3.0,2.0,0.0,0.0,25.95,25.66,25.19,25.41,25.51,29.74,25.48,25.77,25.51,35.53
2016-07-25 00:43:00-05:00,-10.692391,-4.2028584,571180,27.93,0.0,0.305,26.94,0.819,,,,,,,,,,,-2147484000.0,,,,-7999.0,-7999.0,-7999.0,-7999.0,-7999.0,-7999.0,-7999.0,-7999.0,26.61,25.36,-0.037,0.0,0.0,0.0,60.0,59.9,74.7,0.0,274.0,272.1,274.8,0.0,0.0,0.0,618.0,1439241.0,42554.0,133065.0,1.0,0.979,0.748,0.921,0.004,0.004,0.007,0.008,0.011,0.008,0.009,0.0,0.0,0.0,0.0,0.0,0.0,0.0,52752.0,53548.0,53005.0,52841.0,53834.0,51219.0,46606.0,,0.0,0.0,,,2.0,-1.0,13.54,0.022,0.221,3.0,2.0,0.0,0.0,25.91,25.66,25.1,25.38,25.48,29.43,25.41,25.74,25.49,35.53
2016-07-25 00:44:00-05:00,-10.692391,-4.2028584,571181,27.91,0.0,0.305,26.95,0.813,,,,,,,,,,,-2147484000.0,,,,-7999.0,-7999.0,-7999.0,-7999.0,-7999.0,-7999.0,-7999.0,-7999.0,26.59,25.31,-0.038,0.0,0.0,0.0,60.0,59.9,74.7,0.0,274.0,272.1,274.7,0.0,0.0,0.0,618.0,1439241.0,42554.0,133065.0,1.0,0.979,0.748,0.921,0.004,0.006,0.007,0.008,0.012,0.008,0.009,0.0,0.0,0.0,0.0,0.0,0.0,0.0,52752.0,53548.0,53005.0,52841.0,53834.0,51219.0,46606.0,0.565,332.9,31.11,0.9,3.51,2.0,-1.0,13.54,0.022,0.221,3.0,2.0,0.0,0.0,25.8,25.63,25.09,25.37,25.46,28.92,25.38,25.66,25.48,35.48
2016-07-25 00:45:00-05:00,-10.692391,-4.2028584,571182,27.91,0.0,0.305,26.92,0.895,,,,,,,,,,,-2147484000.0,,,,-7999.0,-7999.0,-7999.0,-7999.0,-7999.0,-7999.0,-7999.0,-7999.0,26.57,25.24,-0.037,0.0,0.0,0.0,60.0,59.9,74.7,0.0,274.0,272.5,274.5,0.0,0.0,0.0,618.0,1439241.0,42554.0,133065.0,1.0,0.979,0.748,0.921,0.005,0.006,0.007,0.008,0.012,0.008,0.008,0.0,0.0,0.0,0.0,0.0,0.0,0.0,52752.0,53548.0,53005.0,52841.0,53834.0,51219.0,46606.0,0.455,325.4,16.77,0.7,3.51,2.0,-1.0,13.54,0.022,0.221,3.0,2.0,0.0,0.0,25.75,25.57,25.06,25.31,25.48,28.78,25.35,25.58,25.41,35.44
2016-07-25 00:46:00-05:00,-10.692391,-4.2028584,571183,27.88,0.0,0.305,26.93,0.805,,,,,,,,,,,-2147484000.0,,,,-7999.0,-7999.0,-7999.0,-7999.0,-7999.0,-7999.0,-7999.0,-7999.0,26.56,25.22,-0.038,0.0,0.0,0.0,60.0,59.9,74.7,0.0,274.0,272.2,274.9,0.0,0.0,0.0,618.0,1439241.0,42554.0,133065.0,1.0,0.979,0.748,0.921,0.004,0.006,0.007,0.007,0.012,0.008,0.008,0.0,0.0,0.0,0.0,0.0,0.0,0.0,52752.0,53548.0,53005.0,52841.0,53834.0,51219.0,46606.0,0.358,0.522,38.85,0.6,3.509,2.0,-1.0,13.54,0.022,0.221,3.0,2.0,0.0,0.0,25.75,25.57,24.99,25.27,25.45,28.76,25.28,25.58,25.37,35.44
2016-07-25 00:47:00-05:00,-10.692391,-4.2028584,571184,27.86,0.0,0.305,26.93,0.81,,,,,,,,,,,-2147484000.0,,,,-7999.0,-7999.0,-7999.0,-7999.0,-7999.0,-7999.0,-7999.0,-7999.0,26.54,25.17,-0.038,0.0,0.0,0.0,60.0,59.9,74.7,0.0,274.0,272.6,275.0,0.0,0.0,0.0,618.0,1439241.0,42554.0,133065.0,1.0,0.979,0.748,0.921,0.005,0.005,0.006,0.009,0.012,0.008,0.009,0.0,0.0,0.0,0.0,0.0,0.0,0.0,52752.0,53548.0,53005.0,52841.0,53834.0,51219.0,46606.0,0.337,44.81,50.89,0.6,3.509,2.0,-1.0,13.54,0.022,0.221,3.0,2.0,0.0,0.0,25.65,25.5,24.96,25.19,25.38,28.47,25.19,25.51,25.35,35.41
2016-07-25 00:48:00-05:00,-10.692391,-4.2028584,571185,27.85,0.0,0.305,26.92,0.81,,,,,,,,,,,-2147484000.0,,,,-7999.0,-7999.0,-7999.0,-7999.0,-7999.0,-7999.0,-7999.0,-7999.0,26.57,25.13,-0.037,0.0,0.0,0.0,60.0,59.9,74.7,0.0,274.0,273.0,275.0,0.0,0.0,0.0,618.0,1439241.0,42554.0,133065.0,1.0,0.979,0.748,0.921,0.005,0.006,0.007,0.008,0.012,0.008,0.009,0.0,0.0,0.0,0.0,0.0,0.0,0.0,52752.0,53548.0,53005.0,52841.0,53834.0,51219.0,46606.0,,0.0,0.0,,,2.0,-1.0,13.54,0.022,0.221,3.0,2.0,0.0,0.0,25.6,25.45,24.89,25.19,25.35,28.42,25.19,25.48,25.31,35.34
2016-07-25 00:49:00-05:00,-10.692391,-4.2028584,571186,27.83,0.0,0.305,26.93,0.81,,,,,,,,,,,-2147484000.0,,,,-7999.0,-7999.0,-7999.0,-7999.0,-7999.0,-7999.0,-7999.0,-7999.0,26.56,25.09,-0.038,0.0,0.0,0.0,60.0,59.9,74.7,0.0,274.0,273.0,275.0,0.0,0.0,0.0,618.0,1439241.0,42554.0,133065.0,1.0,0.979,0.748,0.921,0.005,0.005,0.006,0.008,0.012,0.009,0.009,0.0,0.0,0.0,0.0,0.0,0.0,0.0,52752.0,53548.0,53005.0,52841.0,53834.0,51219.0,46606.0,0.54,36.58,9.54,0.7,3.51,2.0,-1.0,13.54,0.022,0.221,3.0,2.0,0.0,0.0,25.56,25.45,24.88,25.19,25.33,28.24,25.19,25.46,25.31,35.34
2016-07-25 00:50:00-05:00,-10.692391,-4.2028584,571187,27.8,0.0,0.305,26.98,0.846,,,,,,,,,,,-2147484000.0,,,,-7999.0,-7999.0,-7999.0,-7999.0,-7999.0,-7999.0,-7999.0,-7999.0,26.63,25.07,-0.038,0.0,0.0,0.0,60.0,59.9,74.7,0.0,274.0,273.0,275.0,0.0,0.0,0.0,618.0,1439241.0,42554.0,133065.0,1.0,0.979,0.748,0.921,0.004,0.005,0.008,0.008,0.012,0.008,0.009,0.0,0.0,0.0,0.0,0.0,0.0,0.0,52752.0,53548.0,53005.0,52841.0,53834.0,51219.0,46606.0,,0.0,0.0,,,2.0,-1.0,13.54,0.022,0.221,3.0,2.0,0.0,0.0,25.54,25.44,24.81,25.19,25.28,28.19,25.17,25.48,25.3,35.28
2016-07-25 00:51:00-05:00,-10.692391,-4.2028584,571188,27.78,0.0,0.305,27.04,1.017,,,,,,,,,,,-2147484000.0,,,,-7999.0,-7999.0,-7999.0,-7999.0,-7999.0,-7999.0,-7999.0,-7999.0,26.68,25.09,-0.037,0.0,0.0,0.0,60.0,59.9,74.7,0.0,274.0,273.0,275.0,0.0,0.0,0.0,618.0,1439241.0,42554.0,133065.0,1.0,0.979,0.748,0.921,0.005,0.005,0.007,0.009,0.012,0.008,0.009,0.0,0.0,0.0,0.0,0.0,0.0,0.0,52752.0,53548.0,53005.0,52841.0,53834.0,51219.0,46606.0,0.655,11.33,22.33,1.0,3.51,2.0,-1.0,13.54,0.022,0.221,3.0,2.0,0.0,0.0,25.54,25.4,24.8,25.12,25.28,28.13,25.12,25.48,25.31,35.24
2016-07-25 00:52:00-05:00,-10.4547825,-4.2028584,571189,27.76,0.0,0.305,27.06,0.814,,,,,,,,,,,-2147484000.0,,,,-7999.0,-7999.0,-7999.0,-7999.0,-7999.0,-7999.0,-7999.0,-7999.0,26.71,25.14,-0.037,0.0,0.0,0.0,60.0,59.9,74.7,0.0,274.0,273.0,275.0,0.0,0.0,0.0,618.0,1439241.0,42554.0,133065.0,1.0,0.979,0.748,0.921,0.004,0.005,0.007,0.008,0.011,0.008,0.009,0.0,0.0,0.0,0.0,0.0,0.0,0.0,52752.0,53548.0,53005.0,52841.0,53834.0,51219.0,46606.0,0.525,9.33,47.82,1.2,3.508,2.0,-1.0,13.54,0.022,0.221,3.0,2.0,0.0,0.0,25.56,25.39,24.8,25.14,25.3,28.13,25.1,25.48,25.31,35.24
2016-07-25 00:53:00-05:00,-10.3359785,-4.2028584,571190,27.75,0.0,0.305,27.19,0.936,,,,,,,,,,,-2147484000.0,,,,-7999.0,-7999.0,-7999.0,-7999.0,-7999.0,-7999.0,-7999.0,-7999.0,26.84,25.21,-0.037,0.0,0.0,0.0,60.0,59.9,74.7,0.0,274.0,273.0,275.0,0.0,0.0,0.0,618.0,1439241.0,42554.0,133065.0,1.0,0.979,0.748,0.921,0.004,0.006,0.007,0.008,0.012,0.008,0.009,0.0,0.0,0.0,0.0,0.0,0.0,0.0,52752.0,53548.0,53005.0,52841.0,53834.0,51219.0,46606.0,1.228,10.18,11.66,1.5,3.51,2.0,-1.0,13.54,0.022,0.221,3.0,2.0,0.0,0.0,25.56,25.42,24.81,25.14,25.33,28.14,25.09,25.48,25.31,35.24
2016-07-25 00:54:00-05:00,-10.09837,-4.2028584,571191,27.73,0.0,0.305,27.24,0.989,,,,,,,,,,,-2147484000.0,,,,-7999.0,-7999.0,-7999.0,-7999.0,-7999.0,-7999.0,-7999.0,-7999.0,26.89,25.25,-0.038,0.0,0.0,0.0,60.0,59.9,74.7,0.0,274.0,273.0,275.0,0.0,0.0,0.0,618.0,1439241.0,42554.0,133065.0,1.0,0.979,0.748,0.921,0.004,0.006,0.007,0.008,0.011,0.008,0.008,0.0,0.0,0.0,0.0,0.0,0.0,0.0,52752.0,53548.0,53005.0,52841.0,53834.0,51219.0,46606.0,1.293,5.642,9.17,1.6,3.51,2.0,-1.0,13.54,0.022,0.221,3.0,2.0,0.0,0.0,25.64,25.47,24.88,25.21,25.32,28.22,25.19,25.58,25.39,35.21
2016-07-25 00:55:00-05:00,-9.979566,-4.2028584,571192,27.71,0.0,0.305,27.11,0.949,,,,,,,,,,,-2147484000.0,,,,-7999.0,-7999.0,-7999.0,-7999.0,-7999.0,-7999.0,-7999.0,-7999.0,26.75,25.29,-0.038,0.0,0.0,0.0,60.0,59.9,74.7,0.0,274.0,273.0,275.0,0.0,0.0,0.0,618.0,1439241.0,42554.0,133065.0,1.0,0.979,0.748,0.921,0.004,0.006,0.007,0.008,0.012,0.009,0.009,0.0,0.0,0.0,0.0,0.0,0.0,0.0,52752.0,53548.0,53005.0,52841.0,53834.0,51219.0,46606.0,0.95,353.9,14.52,1.4,3.509,2.0,-1.0,13.54,0.056,0.22,3.0,2.0,0.0,0.0,25.65,25.47,24.93,25.2,25.35,28.22,25.19,25.58,25.46,35.14
2016-07-25 00:56:00-05:00,-9.979566,-3.978706,571193,27.69,0.0,0.305,26.96,1.08,,,,,,,,,,,-2147484000.0,,,,-7999.0,-7999.0,-7999.0,-7999.0,-7999.0,-7999.0,-7999.0,-7999.0,26.65,25.32,-0.037,0.0,0.0,0.0,60.0,59.9,74.7,0.0,274.0,272.1,274.2,0.0,0.0,0.0,618.0,1439241.0,42554.0,133065.0,1.0,0.979,0.748,0.921,0.005,0.006,0.007,0.008,0.011,0.008,0.009,0.0,0.0,0.0,0.0,0.0,0.0,0.0,52752.0,53548.0,53005.0,52841.0,53834.0,51219.0,46606.0,0.805,327.2,17.38,1.4,3.51,2.0,-1.0,13.58,0.03,0.22,3.0,2.0,0.0,0.0,25.65,25.47,24.95,25.23,25.38,28.21,25.19,25.58,25.51,35.14
2016-07-25 00:57:00-05:00,-9.979566,-3.7545533,571194,27.67,0.0,0.305,26.89,1.035,,,,,,,,,,,-2147484000.0,,,,-7999.0,-7999.0,-7999.0,-7999.0,-7999.0,-7999.0,-7999.0,-7999.0,26.56,25.3,-0.038,0.0,0.0,0.0,60.0,59.9,74.7,0.0,274.0,272.0,274.1,0.0,0.0,0.0,618.0,1439241.0,42554.0,133065.0,1.0,0.979,0.748,0.921,0.005,0.006,0.006,0.008,0.011,0.007,0.009,0.0,0.0,0.0,0.0,0.0,0.0,0.0,52752.0,53548.0,53005.0,52841.0,53834.0,51219.0,46606.0,0.71,341.6,24.04,1.1,3.51,2.0,-1.0,13.58,0.025,0.22,3.0,2.0,0.0,0.0,25.65,25.5,24.98,25.21,25.31,28.25,25.19,25.58,25.51,35.14
2016-07-25 00:58:00-05:00,-9.979566,-3.7545533,571195,27.66,0.0,0.305,26.85,1.08,,,,,,,,,,,-2147484000.0,,,,-7999.0,-7999.0,-7999.0,-7999.0,-7999.0,-7999.0,-7999.0,-7999.0,26.55,25.3,-0.038,0.0,0.0,0.0,60.0,59.9,74.7,0.0,274.0,272.3,274.3,0.0,0.0,0.0,618.0,1439241.0,42554.0,133065.0,1.0,0.979,0.748,0.921,0.005,0.005,0.007,0.008,0.011,0.008,0.009,0.0,0.0,0.0,0.0,0.0,0.0,0.0,52752.0,53548.0,53005.0,52841.0,53834.0,51219.0,46606.0,0.715,328.9,25.99,1.4,3.512,2.0,-1.0,13.57,0.025,0.22,3.0,2.0,0.0,0.0,25.67,25.52,25.0,25.21,25.35,28.27,25.19,25.59,25.51,35.1
2016-07-25 00:59:00-05:00,-9.979566,-3.7545533,571196,27.64,0.0,0.305,26.83,1.057,,,,,,,,,,,-2147484000.0,,,,-7999.0,-7999.0,-7999.0,-7999.0,-7999.0,-7999.0,-7999.0,-7999.0,26.51,25.31,-0.038,0.0,0.0,0.0,60.0,59.9,74.7,0.0,274.0,272.7,274.1,0.0,0.0,0.0,618.0,1439241.0,42554.0,133065.0,1.0,0.979,0.748,0.921,0.005,0.006,0.007,0.008,0.012,0.009,0.009,0.0,0.0,0.0,0.0,0.0,0.0,0.0,52752.0,53548.0,53005.0,52841.0,53834.0,51219.0,46606.0,0.542,332.9,31.54,1.2,3.51,2.0,-1.0,13.57,0.024,0.22,3.0,2.0,0.0,0.0,25.69,25.5,24.96,25.24,25.45,28.4,25.19,25.58,25.48,35.05
2016-07-25 01:00:00-05:00,-9.979566,-3.7545533,571197,27.63,0.0,0.305,26.87,0.827,,,,,,,,,,,-2147484000.0,,,,-7999.0,-7999.0,-7999.0,-7999.0,-7999.0,-7999.0,-7999.0,-7999.0,26.51,25.3,-0.038,0.0,0.0,0.0,60.0,59.9,74.7,0.0,274.0,272.2,274.0,0.0,0.0,0.0,618.0,1439241.0,42554.0,133065.0,1.0,0.979,0.748,0.921,0.005,0.005,0.007,0.008,0.012,0.008,0.008,0.0,0.0,0.0,0.0,0.0,0.0,0.0,52752.0,53548.0,53005.0,52841.0,53834.0,51219.0,46606.0,0.492,13.11,52.63,0.9,3.512,2.0,-1.0,13.57,0.024,0.22,3.0,2.0,0.0,0.0,25.77,25.5,24.98,25.28,25.39,28.48,25.19,25.58,25.46,35.05
2016-07-25 01:01:00-05:00,-9.979566,-3.8666298,571198,27.61,0.0,0.305,26.9,0.82,,,,,,,,,,,-2147484000.0,,,,-7999.0,-7999.0,-7999.0,-7999.0,-7999.0,-7999.0,-7999.0,-7999.0,26.56,25.29,-0.038,0.0,0.0,0.0,60.0,59.9,74.7,0.0,274.0,272.3,274.2,0.0,0.0,0.0,618.0,1439241.0,42554.0,133065.0,1.0,0.979,0.748,0.921,0.004,0.006,0.007,0.009,0.011,0.008,0.009,0.0,0.0,0.0,0.0,0.0,0.0,0.0,52752.0,53548.0,53005.0,52841.0,53834.0,51219.0,46606.0,0.968,11.52,32.82,1.6,3.51,2.0,-1.0,13.58,0.024,0.22,3.0,2.0,0.0,0.0,25.77,25.53,25.0,25.28,25.34,28.37,25.21,25.53,25.41,35.03
2016-07-25 01:02:00-05:00,-9.979566,-3.8666298,571199,27.59,0.0,0.305,26.94,0.838,,,,,,,,,,,-2147484000.0,,,,-7999.0,-7999.0,-7999.0,-7999.0,-7999.0,-7999.0,-7999.0,-7999.0,26.6,25.29,-0.034,0.0,0.0,0.0,60.0,59.9,74.7,0.0,274.0,272.7,274.7,0.0,0.0,0.0,618.0,1439241.0,42554.0,133065.0,1.0,0.979,0.748,0.921,0.005,0.006,0.008,0.008,0.011,0.008,0.009,0.0,0.0,0.0,0.0,0.0,0.0,0.0,52752.0,53548.0,53005.0,52841.0,53834.0,51219.0,46606.0,0.655,38.26,28.18,1.0,3.51,2.0,-1.0,13.58,0.024,0.22,3.0,2.0,0.0,0.0,25.72,25.47,24.95,25.26,25.39,28.11,25.19,25.53,25.43,34.95
2016-07-25 01:03:00-05:00,-9.979566,-4.0907817,571200,27.57,0.0,0.305,26.97,1.036,,,,,,,,,,,-2147484000.0,,,,-7999.0,-7999.0,-7999.0,-7999.0,-7999.0,-7999.0,-7999.0,-7999.0,26.6,25.22,-0.037,0.0,0.0,0.0,60.0,59.9,74.7,0.0,274.0,273.0,274.9,0.0,0.0,0.0,618.0,1439241.0,42554.0,133065.0,1.0,0.979,0.748,0.921,0.005,0.006,0.007,0.008,0.011,0.008,0.01,0.0,0.0,0.0,0.0,0.0,0.0,0.0,52752.0,53548.0,53005.0,52841.0,53834.0,51219.0,46606.0,0.538,76.57,22.74,0.8,3.51,2.0,-1.0,13.58,0.024,0.22,3.0,2.0,0.0,0.0,25.69,25.49,24.9,25.2,25.38,28.16,25.15,25.48,25.41,34.95
2016-07-25 01:04:00-05:00,-9.979566,-4.0907817,571201,27.56,0.0,0.305,27.01,1.102,,,,,,,,,,,-2147484000.0,,,,-7999.0,-7999.0,-7999.0,-7999.0,-7999.0,-7999.0,-7999.0,-7999.0,26.56,25.16,-0.038,0.0,0.0,0.0,60.0,59.9,74.7,0.0,274.0,273.0,275.0,0.0,0.0,0.0,618.0,1439241.0,42554.0,133065.0,1.0,0.979,0.748,0.921,0.005,0.005,0.007,0.008,0.012,0.008,0.009,0.0,0.0,0.0,0.0,0.0,0.0,0.0,52752.0,53548.0,53005.0,52841.0,53834.0,51219.0,46606.0,,0.0,0.0,,,2.5,-1.0,13.57,0.024,0.22,3.0,2.0,0.0,0.0,25.56,25.47,24.9,25.2,25.35,28.16,25.14,25.48,25.34,34.95
2016-07-25 01:05:00-05:00,-9.979566,-4.0907817,571202,27.54,0.0,0.305,26.97,1.08,,,,,,,,,,,-2147484000.0,,,,-7999.0,-7999.0,-7999.0,-7999.0,-7999.0,-7999.0,-7999.0,-7999.0,26.56,25.1,-0.037,0.0,0.0,0.0,60.0,59.9,74.7,0.0,274.0,273.0,275.0,0.0,0.0,0.0,618.0,1439241.0,42554.0,133065.0,1.0,0.979,0.748,0.921,0.004,0.006,0.006,0.009,0.012,0.008,0.009,0.0,0.0,0.0,0.0,0.0,0.0,0.0,52752.0,53548.0,53005.0,52841.0,53834.0,51219.0,46606.0,0.31,119.8,75.51,0.6,3.51,2.0,-1.0,13.57,0.024,0.22,3.0,2.0,0.0,0.0,25.56,25.47,24.9,25.2,25.37,28.14,25.18,25.49,25.36,34.85
2016-07-25 01:06:00-05:00,-9.979566,-4.2028584,571203,27.53,0.0,0.305,26.95,1.089,,,,,,,,,,,-2147484000.0,,,,-7999.0,-7999.0,-7999.0,-7999.0,-7999.0,-7999.0,-7999.0,-7999.0,26.57,25.08,-0.038,0.0,0.0,0.0,60.0,59.9,74.7,0.0,274.0,273.0,275.0,0.0,0.0,0.0,618.0,1439241.0,42554.0,133065.0,1.0,0.979,0.748,0.921,0.004,0.005,0.006,0.008,0.012,0.008,0.01,0.0,0.0,0.0,0.0,0.0,0.0,0.0,52752.0,53548.0,53005.0,52841.0,53834.0,51219.0,46606.0,0.49,88.9,14.05,0.8,3.512,2.0,-1.0,13.58,0.024,0.22,3.0,2.0,0.0,0.0,25.5,25.41,24.9,25.18,25.37,28.23,25.1,25.43,25.31,34.85
2016-07-25 01:07:00-05:00,-9.979566,-4.2028584,571204,27.51,0.0,0.305,26.94,1.235,,,,,,,,,,,-2147484000.0,,,,-7999.0,-7999.0,-7999.0,-7999.0,-7999.0,-7999.0,-7999.0,-7999.0,26.58,25.07,-0.038,0.0,0.0,0.0,60.0,59.9,74.7,0.0,274.0,273.0,275.0,0.0,0.0,0.0,618.0,1439241.0,42554.0,133065.0,1.0,0.979,0.748,0.921,0.004,0.006,0.007,0.008,0.011,0.008,0.008,0.0,0.0,0.0,0.0,0.0,0.0,0.0,52752.0,53548.0,53005.0,52841.0,53834.0,51219.0,46606.0,0.428,70.85,36.0,0.9,3.512,2.0,-1.0,13.57,0.024,0.22,3.0,2.0,0.0,0.0,25.46,25.39,24.88,25.13,25.33,28.39,25.09,25.44,25.26,34.85
2016-07-25 01:08:00-05:00,-9.979566,-4.2028584,571205,27.5,0.0,0.305,26.97,1.35,,,,,,,,,,,-2147484000.0,,,,-7999.0,-7999.0,-7999.0,-7999.0,-7999.0,-7999.0,-7999.0,-7999.0,26.58,25.07,-0.038,0.0,0.0,0.0,60.0,59.9,74.7,0.0,274.0,273.0,275.0,0.0,0.0,0.0,618.0,1439241.0,42554.0,133065.0,1.0,0.979,0.748,0.921,0.005,0.005,0.007,0.008,0.012,0.007,0.009,0.0,0.0,0.0,0.0,0.0,0.0,0.0,52752.0,53548.0,53005.0,52841.0,53834.0,51219.0,46606.0,0.447,72.95,33.44,1.0,3.51,2.0,-1.0,13.57,0.024,0.22,3.0,2.0,0.0,0.0,25.51,25.41,24.9,25.1,25.31,28.27,25.11,25.47,25.21,34.85
2016-07-25 01:09:00-05:00,-9.979566,-4.2028584,571206,27.48,0.0,0.305,26.96,1.596,,,,,,,,,,,-2147484000.0,,,,-7999.0,-7999.0,-7999.0,-7999.0,-7999.0,-7999.0,-7999.0,-7999.0,26.57,25.08,-0.037,0.0,0.0,0.0,60.0,59.9,74.7,0.0,274.0,273.0,275.0,0.0,0.0,0.0,618.0,1439241.0,42554.0,133065.0,1.0,0.979,0.748,0.921,0.005,0.006,0.007,0.008,0.011,0.008,0.009,0.0,0.0,0.0,0.0,0.0,0.0,0.0,52752.0,53548.0,53005.0,52841.0,53834.0,51219.0,46606.0,0.723,51.73,9.99,1.0,3.512,2.0,-1.0,13.58,0.023,0.22,3.0,2.0,0.0,0.0,25.51,25.42,24.87,25.1,25.39,28.22,25.16,25.49,25.21,34.82
2016-07-25 01:10:00-05:00,-9.979566,-4.0907817,571207,27.47,0.0,0.305,26.91,1.626,,,,,,,,,,,-2147484000.0,,,,-7999.0,-7999.0,-7999.0,-7999.0,-7999.0,-7999.0,-7999.0,-7999.0,26.53,25.07,-0.038,0.0,0.0,0.0,60.0,59.9,74.7,0.0,274.0,273.0,275.0,0.0,0.0,0.0,618.0,1439241.0,42554.0,133065.0,1.0,0.979,0.748,0.921,0.005,0.006,0.007,0.008,0.012,0.008,0.008,0.0,0.0,0.0,0.0,0.0,0.0,0.0,52752.0,53548.0,53005.0,52841.0,53834.0,51219.0,46606.0,0.62,53.37,6.574,0.8,3.512,2.0,-1.0,13.58,0.023,0.22,3.0,2.0,0.0,0.0,25.57,25.42,24.9,25.1,25.39,28.22,25.14,25.47,25.21,34.77
2016-07-25 01:11:00-05:00,-9.979566,-3.8666298,571208,27.46,0.0,0.305,26.91,1.634,,,,,,,,,,,-2147484000.0,,,,-7999.0,-7999.0,-7999.0,-7999.0,-7999.0,-7999.0,-7999.0,-7999.0,26.5,25.06,-0.038,0.0,0.0,0.0,60.0,59.9,74.7,0.0,274.0,273.0,275.0,0.0,0.0,0.0,618.0,1439241.0,42554.0,133065.0,1.0,0.979,0.748,0.921,0.004,0.006,0.007,0.008,0.012,0.008,0.009,0.0,0.0,0.0,0.0,0.0,0.0,0.0,52752.0,53548.0,53005.0,52841.0,53834.0,51219.0,46606.0,0.565,52.58,7.451,0.8,3.512,2.0,-1.0,13.58,0.023,0.22,3.0,2.0,0.0,0.0,25.51,25.48,24.9,25.1,25.39,28.44,25.16,25.49,25.21,34.75
2016-07-25 01:12:00-05:00,-9.979566,-3.7545533,571209,27.44,0.0,0.305,26.87,1.691,,,,,,,,,,,-2147484000.0,,,,-7999.0,-7999.0,-7999.0,-7999.0,-7999.0,-7999.0,-7999.0,-7999.0,26.44,25.07,-0.037,0.0,0.0,0.0,60.0,59.9,74.7,0.0,274.0,273.0,275.0,0.0,0.0,0.0,618.0,1439241.0,42554.0,133065.0,1.0,0.979,0.748,0.921,0.004,0.005,0.007,0.008,0.011,0.008,0.009,0.0,0.0,0.0,0.0,0.0,0.0,0.0,52752.0,53548.0,53005.0,52841.0,53834.0,51219.0,46606.0,0.827,27.2,22.42,1.2,3.512,2.0,-1.0,13.57,0.023,0.22,3.0,2.0,0.0,0.0,25.5,25.48,24.9,25.13,25.38,28.52,25.18,25.49,25.21,34.75
2016-07-25 01:13:00-05:00,-9.623153,-3.7545533,571210,27.43,0.0,0.305,26.85,1.763,,,,,,,,,,,-2147484000.0,,,,-7999.0,-7999.0,-7999.0,-7999.0,-7999.0,-7999.0,-7999.0,-7999.0,26.45,25.08,-0.037,0.0,0.0,0.0,60.0,59.9,74.7,0.0,274.0,273.0,275.0,0.0,0.0,0.0,618.0,1439241.0,42554.0,133065.0,1.0,0.979,0.748,0.921,0.004,0.005,0.006,0.008,0.011,0.008,0.009,0.0,0.0,0.0,0.0,0.0,0.0,0.0,52752.0,53548.0,53005.0,52841.0,53834.0,51219.0,46606.0,0.943,57.76,11.14,1.6,3.512,2.0,-1.0,13.57,0.023,0.22,3.0,2.0,0.0,0.0,25.55,25.54,24.9,25.2,25.39,28.43,25.28,25.55,25.26,34.72
2016-07-25 01:14:00-05:00,-9.504348,-3.7545533,571211,27.4,0.0,0.305,26.84,1.759,,,,,,,,,,,-2147484000.0,,,,-7999.0,-7999.0,-7999.0,-7999.0,-7999.0,-7999.0,-7999.0,-7999.0,26.5,25.12,-0.038,0.0,0.0,0.0,60.0,59.9,74.7,0.0,274.0,273.0,275.0,0.0,0.0,0.0,618.0,1439241.0,42554.0,133065.0,1.0,0.979,0.748,0.921,0.005,0.005,0.006,0.008,0.011,0.008,0.008,0.0,0.0,0.0,0.0,0.0,0.0,0.0,52752.0,53548.0,53005.0,52841.0,53834.0,51219.0,46606.0,0.623,57.41,22.23,0.9,3.512,2.0,-1.0,13.57,0.023,0.22,3.0,2.0,0.0,0.0,25.55,25.58,24.9,25.2,25.39,28.35,25.29,25.49,25.31,34.65
2016-07-25 01:15:00-05:00,-9.385543,-3.530401,571212,27.4,0.0,0.305,26.88,2.379,,,,,,,,,,,-2147484000.0,,,,-7999.0,-7999.0,-7999.0,-7999.0,-7999.0,-7999.0,-7999.0,-7999.0,26.5,25.14,-0.038,0.0,0.0,0.0,60.0,59.9,74.7,0.0,274.0,273.0,275.0,0.0,0.0,0.0,618.0,1439241.0,42554.0,133065.0,1.0,0.979,0.748,0.921,0.005,0.005,0.006,0.008,0.011,0.008,0.009,0.0,0.0,0.0,0.0,0.0,0.0,0.0,52752.0,53548.0,53005.0,52841.0,53834.0,51219.0,46606.0,0.675,65.13,20.89,1.2,3.512,2.0,-1.0,13.57,0.023,0.22,3.0,2.0,0.0,0.0,25.55,25.58,24.97,25.2,25.42,28.34,25.29,25.57,25.31,34.65
2016-07-25 01:16:00-05:00,-9.147935,-3.4183247,571213,27.4,0.0,0.305,26.86,2.076,,,,,,,,,,,-2147484000.0,,,,-7999.0,-7999.0,-7999.0,-7999.0,-7999.0,-7999.0,-7999.0,-7999.0,26.49,25.16,-0.038,0.0,0.0,0.0,60.0,59.9,74.7,0.0,274.0,273.0,274.1,0.0,0.0,0.0,618.0,1439241.0,42554.0,133065.0,1.0,0.979,0.748,0.921,0.005,0.006,0.006,0.007,0.011,0.008,0.008,0.0,0.0,0.0,0.0,0.0,0.0,0.0,52752.0,53548.0,53005.0,52841.0,53834.0,51219.0,46606.0,,0.0,0.0,,,2.0,-1.0,13.57,0.023,0.22,3.0,2.0,0.0,0.0,25.62,25.58,24.98,25.23,25.49,28.37,25.29,25.59,25.31,34.65
2016-07-25 01:17:00-05:00,-9.147935,-3.4183247,571214,27.37,0.0,0.305,26.84,2.267,,,,,,,,,,,-2147484000.0,,,,-7999.0,-7999.0,-7999.0,-7999.0,-7999.0,-7999.0,-7999.0,-7999.0,26.46,25.15,-0.038,0.0,0.0,0.0,60.0,59.9,74.7,0.0,274.0,272.4,274.0,0.0,0.0,0.0,618.0,1439241.0,42554.0,133065.0,1.0,0.979,0.748,0.921,0.004,0.005,0.006,0.008,0.011,0.008,0.008,0.0,0.0,0.0,0.0,0.0,0.0,0.0,52752.0,53548.0,53005.0,52841.0,53834.0,51219.0,46606.0,0.493,63.5,26.98,1.1,3.512,2.0,-1.0,13.57,0.023,0.22,3.0,2.0,0.0,0.0,25.66,25.56,25.0,25.29,25.49,28.42,25.29,25.59,25.31,34.65
2016-07-25 01:18:00-05:00,-9.147935,-3.4183247,571215,27.37,0.0,0.305,26.89,2.188,,,,,,,,,,,-2147484000.0,,,,-7999.0,-7999.0,-7999.0,-7999.0,-7999.0,-7999.0,-7999.0,-7999.0,26.45,25.15,-0.038,0.0,0.0,0.0,60.0,59.9,74.7,0.0,274.0,272.2,274.0,0.0,0.0,0.0,618.0,1439241.0,42554.0,133065.0,1.0,0.979,0.748,0.921,0.004,0.005,0.007,0.007,0.011,0.008,0.008,0.0,0.0,0.0,0.0,0.0,0.0,0.0,52752.0,53548.0,53005.0,52841.0,53834.0,51219.0,46606.0,,0.0,0.0,,,2.5,-1.0,13.57,0.023,0.22,3.0,2.0,0.0,0.0,25.63,25.58,25.0,25.29,25.49,28.42,25.29,25.59,25.31,34.64
2016-07-25 01:19:00-05:00,-9.147935,-3.4183247,571216,27.37,0.0,0.305,26.84,2.374,,,,,,,,,,,-2147484000.0,,,,-7999.0,-7999.0,-7999.0,-7999.0,-7999.0,-7999.0,-7999.0,-7999.0,26.45,25.16,-0.038,0.0,0.0,0.0,60.0,59.9,74.7,0.0,274.0,273.0,274.1,0.0,0.0,0.0,618.0,1439241.0,42554.0,133065.0,1.0,0.979,0.748,0.921,0.005,0.005,0.007,0.009,0.011,0.008,0.008,0.0,0.0,0.0,0.0,0.0,0.0,0.0,52752.0,53548.0,53005.0,52841.0,53834.0,51219.0,46606.0,,0.0,0.0,,,2.0,-1.0,13.57,0.023,0.22,3.0,2.0,0.0,0.0,25.66,25.58,25.03,25.29,25.49,28.68,25.31,25.64,25.31,34.6
2016-07-25 01:20:00-05:00,-9.147935,-3.4183247,571217,27.34,0.0,0.305,26.83,2.598,,,,,,,,,,,-2147484000.0,,,,-7999.0,-7999.0,-7999.0,-7999.0,-7999.0,-7999.0,-7999.0,-7999.0,26.45,25.16,-0.037,0.0,0.0,0.0,60.0,59.9,74.7,0.0,274.0,273.0,274.5,0.0,0.0,0.0,618.0,1439241.0,42554.0,133065.0,1.0,0.979,0.748,0.921,0.005,0.005,0.007,0.008,0.012,0.008,0.009,0.0,0.0,0.0,0.0,0.0,0.0,0.0,52752.0,53548.0,53005.0,52841.0,53834.0,51219.0,46606.0,0.528,61.7,16.36,0.8,3.512,2.0,-1.0,13.57,0.023,0.22,3.0,2.0,0.0,0.0,25.66,25.61,25.1,25.29,25.49,28.89,25.39,25.68,25.31,34.56
2016-07-25 01:21:00-05:00,-9.147935,-3.4183247,571218,27.34,0.0,0.305,26.84,2.768,,,,,,,,,,,-2147484000.0,,,,-7999.0,-7999.0,-7999.0,-7999.0,-7999.0,-7999.0,-7999.0,-7999.0,26.46,25.19,-0.038,0.0,0.0,0.0,60.0,59.9,74.7,0.0,274.0,273.0,274.3,0.0,0.0,0.0,618.0,1439241.0,42554.0,133065.0,1.0,0.979,0.748,0.921,0.005,0.005,0.006,0.008,0.011,0.008,0.008,0.0,0.0,0.0,0.0,0.0,0.0,0.0,52752.0,53548.0,53005.0,52841.0,53834.0,51219.0,46606.0,0.375,58.91,42.37,0.7,3.512,2.0,-1.0,13.57,0.023,0.22,3.0,2.0,0.0,0.0,25.66,25.67,25.1,25.29,25.51,29.14,25.39,25.67,25.33,34.56
2016-07-25 01:22:00-05:00,-8.791522,-3.4183247,571219,27.34,0.0,0.305,26.87,2.834,,,,,,,,,,,-2147484000.0,,,,-7999.0,-7999.0,-7999.0,-7999.0,-7999.0,-7999.0,-7999.0,-7999.0,26.47,25.2,-0.038,0.0,0.0,0.0,60.0,59.9,74.7,0.0,274.0,273.0,274.7,0.0,0.0,0.0,618.0,1439241.0,42554.0,133065.0,1.0,0.979,0.748,0.921,0.004,0.005,0.007,0.008,0.011,0.007,0.008,0.0,0.0,0.0,0.0,0.0,0.0,0.0,52752.0,53548.0,53005.0,52841.0,53834.0,51219.0,46606.0,0.485,44.49,11.26,0.7,3.512,2.0,-1.0,13.57,0.023,0.22,3.0,2.0,0.0,0.0,25.66,25.67,25.1,25.29,25.49,29.2,25.39,25.68,25.39,34.56
2016-07-25 01:23:00-05:00,-8.672717,-3.4183247,571220,27.34,0.0,0.305,26.88,2.884,,,,,,,,,,,-2147484000.0,,,,-7999.0,-7999.0,-7999.0,-7999.0,-7999.0,-7999.0,-7999.0,-7999.0,26.49,25.22,-0.038,0.0,0.0,0.0,60.0,59.9,74.7,0.0,274.0,273.0,275.0,0.0,0.0,0.0,618.0,1439241.0,42554.0,133065.0,1.0,0.979,0.748,0.921,0.005,0.005,0.007,0.008,0.011,0.007,0.01,0.0,0.0,0.0,0.0,0.0,0.0,0.0,52752.0,53548.0,53005.0,52841.0,53834.0,51219.0,46606.0,0.63,37.42,11.55,0.8,3.512,2.0,-1.0,13.57,0.023,0.22,3.0,2.0,0.0,0.0,25.68,25.67,25.1,25.38,25.59,29.22,25.41,25.68,25.41,34.54
2016-07-25 01:24:00-05:00,-8.672717,-3.4183247,571221,27.31,0.0,0.305,26.93,3.102,,,,,,,,,,,-2147484000.0,,,,-7999.0,-7999.0,-7999.0,-7999.0,-7999.0,-7999.0,-7999.0,-7999.0,26.53,25.27,-0.038,0.0,0.0,0.0,60.0,59.9,74.7,0.0,274.0,273.0,274.5,0.0,0.0,0.0,618.0,1439241.0,42554.0,133065.0,1.0,0.979,0.748,0.921,0.005,0.005,0.006,0.009,0.011,0.008,0.008,0.0,0.0,0.0,0.0,0.0,0.0,0.0,52752.0,53548.0,53005.0,52841.0,53834.0,51219.0,46606.0,0.475,56.24,26.17,0.7,3.512,2.0,-1.0,13.57,0.023,0.22,3.0,2.0,0.0,0.0,25.76,25.71,25.16,25.39,25.59,29.3,25.46,25.68,25.41,34.46
2016-07-25 01:25:00-05:00,-8.672717,-3.4183247,571222,27.31,0.0,0.305,26.92,3.246,,,,,,,,,,,-2147484000.0,,,,-7999.0,-7999.0,-7999.0,-7999.0,-7999.0,-7999.0,-7999.0,-7999.0,26.55,25.29,-0.038,0.0,0.0,0.0,60.0,59.9,74.7,0.0,274.0,273.0,274.8,0.0,0.0,0.0,618.0,1439241.0,42554.0,133065.0,1.0,0.979,0.748,0.921,0.004,0.005,0.008,0.008,0.011,0.008,0.009,0.0,0.0,0.0,0.0,0.0,0.0,0.0,52752.0,53548.0,53005.0,52841.0,53834.0,51219.0,46606.0,0.413,43.99,16.51,0.6,3.512,2.0,-1.0,13.57,0.023,0.22,3.0,2.0,0.0,0.0,25.76,25.75,25.2,25.39,25.59,29.14,25.46,25.68,25.49,34.46
2016-07-25 01:26:00-05:00,-8.435108,-3.4183247,571223,27.31,0.0,0.305,26.93,3.374,,,,,,,,,,,-2147484000.0,,,,-7999.0,-7999.0,-7999.0,-7999.0,-7999.0,-7999.0,-7999.0,-7999.0,26.54,25.3,-0.038,0.0,0.0,0.0,60.0,59.9,74.7,0.0,274.0,273.0,275.0,0.0,0.0,0.0,618.0,1439241.0,42554.0,133065.0,1.0,0.979,0.748,0.921,0.004,0.006,0.007,0.008,0.012,0.008,0.009,0.0,0.0,0.0,0.0,0.0,0.0,0.0,52752.0,53548.0,53005.0,52841.0,53834.0,51219.0,46606.0,0.417,49.73,21.1,0.6,3.512,2.0,-1.0,13.57,0.023,0.22,3.0,2.0,0.0,0.0,25.76,25.77,25.2,25.39,25.59,29.11,25.49,25.78,25.51,34.46
2016-07-25 01:27:00-05:00,-8.316304,-3.0820959,571224,27.29,0.0,0.305,26.96,3.378,,,,,,,,,,,-2147484000.0,,,,-7999.0,-7999.0,-7999.0,-7999.0,-7999.0,-7999.0,-7999.0,-7999.0,26.53,25.33,-0.038,0.0,0.0,0.0,60.0,59.9,74.7,0.0,274.0,273.0,275.0,0.0,0.0,0.0,618.0,1439241.0,42554.0,133065.0,1.0,0.979,0.748,0.921,0.004,0.005,0.007,0.008,0.012,0.008,0.008,0.0,0.0,0.0,0.0,0.0,0.0,0.0,52752.0,53548.0,53005.0,52841.0,53834.0,51219.0,46606.0,0.43,86.8,20.9,0.6,3.512,2.0,-1.0,13.57,0.023,0.22,3.0,2.0,0.0,0.0,25.84,25.77,25.2,25.46,25.59,29.5,25.49,25.78,25.51,34.46
2016-07-25 01:28:00-05:00,-8.316304,-3.0820959,571225,27.28,0.0,0.305,26.88,3.382,,,,,,,,,,,-2147484000.0,,,,-7999.0,-7999.0,-7999.0,-7999.0,-7999.0,-7999.0,-7999.0,-7999.0,26.5,25.35,-0.037,0.0,0.0,0.0,60.0,59.9,74.7,0.0,274.0,273.0,275.0,0.0,0.0,0.0,618.0,1439241.0,42554.0,133065.0,1.0,0.979,0.748,0.921,0.004,0.006,0.006,0.008,0.012,0.007,0.008,0.0,0.0,0.0,0.0,0.0,0.0,0.0,52752.0,53548.0,53005.0,52841.0,53834.0,51219.0,46606.0,0.427,125.1,14.33,0.6,3.512,2.0,-1.0,13.58,0.023,0.22,3.0,2.0,0.0,0.0,25.86,25.77,25.2,25.47,25.62,29.59,25.49,25.78,25.51,34.46
2016-07-25 01:29:00-05:00,-8.316304,-3.0820959,571226,27.28,0.0,0.305,26.84,3.374,,,,,,,,,,,-2147484000.0,,,,-7999.0,-7999.0,-7999.0,-7999.0,-7999.0,-7999.0,-7999.0,-7999.0,26.47,25.35,-0.038,0.0,0.0,0.0,60.0,59.9,74.7,0.0,274.0,273.0,275.0,0.0,0.0,0.0,618.0,1439241.0,42554.0,133065.0,1.0,0.979,0.748,0.921,0.004,0.006,0.007,0.008,0.011,0.008,0.009,0.0,0.0,0.0,0.0,0.0,0.0,0.0,52752.0,53548.0,53005.0,52841.0,53834.0,51219.0,46606.0,0.258,138.1,26.09,0.4,3.512,2.0,-1.0,13.57,0.023,0.22,3.0,2.0,0.0,0.0,25.86,25.77,25.29,25.49,25.66,29.49,25.49,25.78,25.52,34.46
2016-07-25 01:30:00-05:00,-8.316304,-3.0820959,571227,27.28,0.0,0.305,26.92,3.374,,,,,,,,,,,-2147484000.0,,,,-7999.0,-7999.0,-7999.0,-7999.0,-7999.0,-7999.0,-7999.0,-7999.0,26.46,25.35,-0.037,0.0,0.0,0.0,60.0,59.9,74.7,0.0,274.0,273.0,275.0,0.0,0.0,0.0,618.0,1439241.0,42554.0,133065.0,1.0,0.979,0.748,0.921,0.004,0.004,0.007,0.008,0.011,0.008,0.009,0.0,0.0,0.0,0.0,0.0,0.0,0.0,52752.0,53548.0,53005.0,52841.0,53834.0,51219.0,46606.0,0.158,160.2,30.46,0.3,3.512,2.0,-1.0,13.57,0.023,0.22,3.0,2.0,0.0,0.0,25.86,25.85,25.29,25.49,25.68,29.35,25.59,25.81,25.57,34.46
2016-07-25 01:31:00-05:00,-8.316304,-3.0820959,571228,27.28,0.0,0.305,26.91,3.37,,,,,,,,,,,-2147484000.0,,,,-7999.0,-7999.0,-7999.0,-7999.0,-7999.0,-7999.0,-7999.0,-7999.0,26.48,25.37,-0.038,0.0,0.0,0.0,60.0,59.9,74.7,0.0,274.0,273.0,275.0,0.0,0.0,0.0,618.0,1439241.0,42554.0,133065.0,1.0,0.979,0.748,0.921,0.004,0.006,0.007,0.008,0.012,0.008,0.009,0.0,0.0,0.0,0.0,0.0,0.0,0.0,52752.0,53548.0,53005.0,52841.0,53834.0,51219.0,46606.0,0.253,160.7,11.0,0.3,3.512,2.0,-1.0,13.57,0.023,0.22,3.0,2.0,0.0,0.0,25.86,25.85,25.29,25.52,25.68,29.22,25.59,25.88,25.61,34.46
2016-07-25 01:32:00-05:00,-8.316304,-3.0820959,571229,27.28,0.0,0.305,26.9,3.142,,,,,,,,,,,-2147484000.0,,,,-7999.0,-7999.0,-7999.0,-7999.0,-7999.0,-7999.0,-7999.0,-7999.0,26.45,25.39,-0.038,0.0,0.0,0.0,60.0,59.9,74.7,0.0,274.0,273.0,275.0,0.0,0.0,0.0,618.0,1439241.0,42554.0,133065.0,1.0,0.979,0.748,0.921,0.004,0.006,0.006,0.008,0.011,0.008,0.008,0.0,0.0,0.0,0.0,0.0,0.0,0.0,52752.0,53548.0,53005.0,52841.0,53834.0,51219.0,46606.0,0.297,148.0,9.81,0.4,3.512,2.0,-1.0,13.57,0.023,0.22,3.0,2.0,0.0,0.0,25.86,25.87,25.29,25.59,25.68,29.17,25.59,25.88,25.61,34.46
2016-07-25 01:33:00-05:00,-8.316304,-3.0820959,571230,27.28,0.0,0.305,26.91,3.031,,,,,,,,,,,-2147484000.0,,,,-7999.0,-7999.0,-7999.0,-7999.0,-7999.0,-7999.0,-7999.0,-7999.0,26.45,25.39,-0.038,0.0,0.0,0.0,60.0,59.9,74.7,0.0,274.0,273.0,275.0,0.0,0.0,0.0,618.0,1439241.0,42554.0,133065.0,1.0,0.979,0.748,0.921,0.004,0.005,0.007,0.007,0.01,0.008,0.008,0.0,0.0,0.0,0.0,0.0,0.0,0.0,52752.0,53548.0,53005.0,52841.0,53834.0,51219.0,46606.0,0.127,197.5,66.0,0.3,3.512,2.0,-1.0,13.57,0.023,0.22,3.0,2.0,0.0,0.0,25.86,25.87,25.36,25.59,25.68,29.1,25.59,25.88,25.61,34.43
2016-07-25 01:34:00-05:00,-8.316304,-3.0820959,571231,27.28,0.0,0.305,26.91,2.843,,,,,,,,,,,-2147484000.0,,,,-7999.0,-7999.0,-7999.0,-7999.0,-7999.0,-7999.0,-7999.0,-7999.0,26.46,25.4,-0.038,0.0,0.0,0.0,60.0,59.9,74.7,0.0,274.0,273.0,275.0,0.0,0.0,0.0,618.0,1439241.0,42554.0,133065.0,1.0,0.979,0.748,0.921,0.004,0.005,0.007,0.008,0.011,0.009,0.008,0.0,0.0,0.0,0.0,0.0,0.0,0.0,52752.0,53548.0,53005.0,52841.0,53834.0,51219.0,46606.0,0.332,58.89,48.57,0.6,3.512,2.0,-1.0,13.57,0.023,0.22,3.0,2.0,0.0,0.0,25.86,25.87,25.39,25.59,25.68,29.01,25.62,25.88,25.61,34.38
2016-07-25 01:35:00-05:00,-8.316304,-2.9700198,571232,27.28,0.0,0.305,26.91,2.834,,,,,,,,,,,-2147484000.0,,,,-7999.0,-7999.0,-7999.0,-7999.0,-7999.0,-7999.0,-7999.0,-7999.0,26.44,25.4,-0.038,0.0,0.0,0.0,60.0,59.9,74.7,0.0,274.0,273.0,275.0,0.0,0.0,0.0,618.0,1439241.0,42554.0,133065.0,1.0,0.979,0.748,0.921,0.005,0.005,0.007,0.008,0.012,0.008,0.008,0.0,0.0,0.0,0.0,0.0,0.0,0.0,52752.0,53548.0,53005.0,52841.0,53834.0,51219.0,46606.0,0.238,20.47,38.51,0.4,3.51,2.0,-1.0,13.57,0.023,0.22,3.0,2.0,0.0,0.0,25.91,25.87,25.39,25.59,25.73,29.01,25.68,25.94,25.7,34.36
2016-07-25 01:36:00-05:00,-8.316304,-2.9700198,571233,27.27,0.0,0.305,26.87,2.831,,,,,,,,,,,-2147484000.0,,,,-7999.0,-7999.0,-7999.0,-7999.0,-7999.0,-7999.0,-7999.0,-7999.0,26.4,25.41,-0.037,0.0,0.0,0.0,60.0,59.9,74.7,0.0,274.0,273.0,275.0,0.0,0.0,0.0,618.0,1439241.0,42554.0,133065.0,1.0,0.979,0.748,0.921,0.003,0.006,0.006,0.008,0.012,0.007,0.008,0.0,0.0,0.0,0.0,0.0,0.0,0.0,52752.0,53548.0,53005.0,52841.0,53834.0,51219.0,46606.0,0.52,11.26,11.08,0.8,3.512,2.0,-1.0,13.57,0.023,0.22,3.0,2.0,0.0,0.0,25.92,25.95,25.39,25.59,25.78,29.01,25.68,25.98,25.7,34.36
2016-07-25 01:37:00-05:00,-8.316304,-2.8579435,571234,27.25,0.0,0.305,26.78,2.728,,,,,,,,,,,-2147484000.0,,,,-7999.0,-7999.0,-7999.0,-7999.0,-7999.0,-7999.0,-7999.0,-7999.0,26.35,25.41,-0.036,0.0,0.0,0.0,60.0,59.9,74.7,0.0,274.0,273.0,275.0,0.0,0.0,0.0,618.0,1439241.0,42554.0,133065.0,1.0,0.979,0.748,0.921,0.004,0.004,0.007,0.007,0.011,0.007,0.009,0.0,0.0,0.0,0.0,0.0,0.0,0.0,52752.0,53548.0,53005.0,52841.0,53834.0,51219.0,46606.0,0.257,287.3,82.7,0.7,3.512,2.0,-1.0,13.57,0.023,0.22,3.0,2.0,0.0,0.0,25.89,25.93,25.44,25.65,25.78,28.92,25.68,25.98,25.7,34.36
2016-07-25 01:38:00-05:00,-8.316304,-2.8579435,571235,27.25,0.0,0.305,26.8,2.564,,,,,,,,,,,-2147484000.0,,,,-7999.0,-7999.0,-7999.0,-7999.0,-7999.0,-7999.0,-7999.0,-7999.0,26.35,25.4,-0.037,0.0,0.0,0.0,60.0,59.9,74.7,0.0,274.0,273.0,275.0,0.0,0.0,0.0,618.0,1439241.0,42554.0,133065.0,1.0,0.979,0.748,0.921,0.004,0.006,0.006,0.007,0.011,0.008,0.008,0.0,0.0,0.0,0.0,0.0,0.0,0.0,52752.0,53548.0,53005.0,52841.0,53834.0,51219.0,46606.0,0.3,150.7,23.08,0.7,3.512,2.0,-1.0,13.57,0.023,0.22,3.0,2.0,0.0,0.0,25.92,25.87,25.49,25.67,25.78,28.91,25.68,25.98,25.7,34.36
2016-07-25 01:39:00-05:00,-8.316304,-2.9700198,571236,27.25,0.0,0.305,26.73,2.489,,,,,,,,,,,-2147484000.0,,,,-7999.0,-7999.0,-7999.0,-7999.0,-7999.0,-7999.0,-7999.0,-7999.0,26.32,25.4,-0.037,0.0,0.0,0.0,60.0,59.9,74.7,0.0,274.0,273.0,275.0,0.0,0.0,0.0,618.0,1439241.0,42554.0,133065.0,1.0,0.979,0.748,0.921,0.004,0.005,0.007,0.007,0.011,0.007,0.007,0.0,0.0,0.0,0.0,0.0,0.0,0.0,52752.0,53548.0,53005.0,52841.0,53834.0,51219.0,46606.0,,0.0,0.0,,,2.0,-1.0,13.58,0.023,0.22,3.0,2.0,0.0,0.0,25.88,25.87,25.45,25.68,25.78,28.82,25.68,25.94,25.7,34.36
2016-07-25 01:40:00-05:00,-8.316304,-3.0820959,571237,27.25,0.0,0.305,26.75,2.291,,,,,,,,,,,-2147484000.0,,,,-7999.0,-7999.0,-7999.0,-7999.0,-7999.0,-7999.0,-7999.0,-7999.0,26.31,25.41,-0.038,0.0,0.0,0.0,60.0,59.9,74.7,0.0,274.0,273.0,275.0,0.0,0.0,0.0,618.0,1439241.0,42554.0,133065.0,1.0,0.979,0.748,0.921,0.004,0.004,0.006,0.007,0.011,0.008,0.009,0.0,0.0,0.0,0.0,0.0,0.0,0.0,52752.0,53548.0,53005.0,52841.0,53834.0,51219.0,46606.0,0.562,178.6,18.55,0.8,3.512,2.0,-1.0,13.58,0.023,0.22,3.0,2.0,0.0,0.0,25.88,25.87,25.49,25.67,25.78,28.81,25.68,25.98,25.7,34.36
2016-07-25 01:41:00-05:00,-8.316304,-3.0820959,571238,27.25,0.0,0.305,26.75,2.05,,,,,,,,,,,-2147484000.0,,,,-7999.0,-7999.0,-7999.0,-7999.0,-7999.0,-7999.0,-7999.0,-7999.0,26.31,25.42,-0.038,0.0,0.0,0.0,60.0,59.9,74.7,0.0,274.0,273.0,275.0,0.0,0.0,0.0,618.0,1439241.0,42554.0,133065.0,1.0,0.979,0.748,0.921,0.004,0.004,0.006,0.007,0.012,0.008,0.008,0.0,0.0,0.0,0.0,0.0,0.0,0.0,52752.0,53548.0,53005.0,52841.0,53834.0,51219.0,46606.0,,0.0,0.0,,,2.0,-1.0,13.58,0.022,0.22,3.0,2.0,0.0,0.0,25.86,25.87,25.41,25.67,25.71,28.81,25.68,25.92,25.7,34.36
2016-07-25 01:42:00-05:00,-8.553913,-3.0820959,571239,27.25,0.0,0.305,26.72,2.024,,,,,,,,,,,-2147484000.0,,,,-7999.0,-7999.0,-7999.0,-7999.0,-7999.0,-7999.0,-7999.0,-7999.0,26.31,25.4,-0.038,0.0,0.0,0.0,60.0,59.9,74.7,0.0,274.0,273.0,275.0,0.0,0.0,0.0,618.0,1439241.0,42554.0,133065.0,1.0,0.979,0.748,0.921,0.004,0.005,0.007,0.008,0.011,0.008,0.008,0.0,0.0,0.0,0.0,0.0,0.0,0.0,52752.0,53548.0,53005.0,52841.0,53834.0,51219.0,46606.0,0.423,177.1,13.02,0.6,3.512,2.0,-1.0,13.58,0.022,0.22,3.0,2.0,0.0,0.0,25.86,25.87,25.39,25.59,25.68,28.81,25.68,25.88,25.7,34.36
2016-07-25 01:43:00-05:00,-8.672717,-3.0820959,571240,27.25,0.0,0.305,26.68,1.941,,,,,,,,,,,-2147484000.0,,,,-7999.0,-7999.0,-7999.0,-7999.0,-7999.0,-7999.0,-7999.0,-7999.0,26.3,25.38,-0.036,0.0,0.0,0.0,60.0,59.9,74.7,0.0,274.0,273.0,275.0,0.0,0.0,0.0,618.0,1439241.0,42554.0,133065.0,1.0,0.979,0.748,0.921,0.004,0.006,0.006,0.007,0.012,0.008,0.008,0.0,0.0,0.0,0.0,0.0,0.0,0.0,52752.0,53548.0,53005.0,52841.0,53834.0,51219.0,46606.0,0.352,155.9,18.15,0.7,3.512,2.0,-1.0,13.57,0.022,0.22,3.0,2.0,0.0,0.0,25.86,25.87,25.39,25.59,25.68,28.89,25.66,25.88,25.69,34.35
2016-07-25 01:44:00-05:00,-9.02913,-3.1941724,571241,27.25,0.0,0.305,26.73,1.844,,,,,,,,,,,-2147484000.0,,,,-7999.0,-7999.0,-7999.0,-7999.0,-7999.0,-7999.0,-7999.0,-7999.0,26.29,25.37,-0.038,0.0,0.0,0.0,60.0,59.9,74.7,0.0,274.0,273.0,275.0,0.0,0.0,0.0,618.0,1439241.0,42554.0,133065.0,1.0,0.979,0.748,0.921,0.004,0.006,0.006,0.007,0.011,0.008,0.008,0.0,0.0,0.0,0.0,0.0,0.0,0.0,52752.0,53548.0,53005.0,52841.0,53834.0,51219.0,46606.0,0.515,161.6,10.16,0.6,3.51,2.0,-1.0,13.57,0.022,0.22,3.0,2.0,0.0,0.0,25.86,25.87,25.39,25.59,25.68,28.99,25.67,25.88,25.61,34.33
2016-07-25 01:45:00-05:00,-9.147935,-3.4183247,571242,27.24,0.0,0.305,26.68,1.983,,,,,,,,,,,-2147484000.0,,,,-7999.0,-7999.0,-7999.0,-7999.0,-7999.0,-7999.0,-7999.0,-7999.0,26.25,25.34,-0.038,0.0,0.0,0.0,60.0,59.9,74.7,0.0,274.0,273.0,275.0,0.0,0.0,0.0,618.0,1439241.0,42554.0,133065.0,1.0,0.979,0.748,0.921,0.004,0.005,0.006,0.007,0.011,0.008,0.008,0.0,0.0,0.0,0.0,0.0,0.0,0.0,52752.0,53548.0,53005.0,52841.0,53834.0,51219.0,46606.0,,0.0,0.0,,,2.0,-1.0,13.57,0.022,0.22,3.0,2.0,0.0,0.0,25.86,25.87,25.39,25.59,25.68,29.12,25.65,25.88,25.61,34.3
2016-07-25 01:46:00-05:00,-9.147935,-3.4183247,571243,27.24,0.0,0.305,26.67,2.024,,,,,,,,,,,-2147484000.0,,,,-7999.0,-7999.0,-7999.0,-7999.0,-7999.0,-7999.0,-7999.0,-7999.0,26.24,25.33,-0.038,0.0,0.0,0.0,60.0,59.9,74.7,0.0,274.0,273.0,274.5,0.0,0.0,0.0,618.0,1439241.0,42554.0,133065.0,1.0,0.979,0.748,0.921,0.004,0.004,0.006,0.008,0.01,0.007,0.008,0.0,0.0,0.0,0.0,0.0,0.0,0.0,52752.0,53548.0,53005.0,52841.0,53834.0,51219.0,46606.0,0.293,165.8,14.45,0.5,3.512,2.0,-1.0,13.57,0.022,0.22,3.0,2.0,0.0,0.0,25.82,25.8,25.34,25.59,25.68,29.04,25.59,25.88,25.61,34.26
2016-07-25 01:47:00-05:00,-9.147935,-3.4183247,571244,27.22,0.0,0.305,26.62,2.024,,,,,,,,,,,-2147484000.0,,,,-7999.0,-7999.0,-7999.0,-7999.0,-7999.0,-7999.0,-7999.0,-7999.0,26.24,25.31,-0.038,0.0,0.0,0.0,60.0,59.9,74.7,0.0,274.0,273.0,274.3,0.0,0.0,0.0,618.0,1439241.0,42554.0,133065.0,1.0,0.979,0.748,0.921,0.004,0.005,0.006,0.007,0.012,0.008,0.008,0.0,0.0,0.0,0.0,0.0,0.0,0.0,52752.0,53548.0,53005.0,52841.0,53834.0,51219.0,46606.0,0.505,172.7,7.685,0.6,3.512,2.0,-1.0,13.58,0.022,0.22,3.0,2.0,0.0,0.0,25.76,25.77,25.29,25.59,25.67,28.91,25.59,25.88,25.54,34.26
2016-07-25 01:48:00-05:00,-9.147935,-3.4183247,571245,27.21,0.0,0.305,26.62,2.024,,,,,,,,,,,-2147484000.0,,,,-7999.0,-7999.0,-7999.0,-7999.0,-7999.0,-7999.0,-7999.0,-7999.0,26.24,25.28,-0.038,0.0,0.0,0.0,60.0,59.9,74.7,0.0,274.0,273.0,274.2,0.0,0.0,0.0,618.0,1439241.0,42554.0,133065.0,1.0,0.979,0.748,0.921,0.004,0.006,0.006,0.008,0.011,0.008,0.008,0.0,0.0,0.0,0.0,0.0,0.0,0.0,52752.0,53548.0,53005.0,52841.0,53834.0,51219.0,46606.0,0.455,177.2,8.06,0.6,3.512,2.0,-1.0,13.58,0.022,0.22,3.0,2.0,0.0,0.0,25.76,25.77,25.29,25.55,25.67,28.91,25.59,25.88,25.51,34.26
2016-07-25 01:49:00-05:00,-9.147935,-3.4183247,571246,27.21,0.0,0.305,26.55,2.024,,,,,,,,,,,-2147484000.0,,,,-7999.0,-7999.0,-7999.0,-7999.0,-7999.0,-7999.0,-7999.0,-7999.0,26.2,25.26,-0.037,0.0,0.0,0.0,60.0,59.9,74.7,0.0,274.0,273.0,274.8,0.0,0.0,0.0,618.0,1439241.0,42554.0,133065.0,1.0,0.979,0.748,0.921,0.004,0.005,0.006,0.007,0.01,0.007,0.008,0.0,0.0,0.0,0.0,0.0,0.0,0.0,52752.0,53548.0,53005.0,52841.0,53834.0,51219.0,46606.0,0.467,175.0,11.67,0.6,3.512,2.0,-1.0,13.57,0.022,0.22,3.0,2.0,0.0,0.0,25.76,25.77,25.29,25.49,25.6,28.81,25.59,25.78,25.51,34.26
2016-07-25 01:50:00-05:00,-9.147935,-3.4183247,571247,27.21,0.0,0.305,26.52,2.024,,,,,,,,,,,-2147484000.0,,,,-7999.0,-7999.0,-7999.0,-7999.0,-7999.0,-7999.0,-7999.0,-7999.0,26.16,25.24,-0.038,0.0,0.0,0.0,60.0,59.9,74.7,0.0,274.0,273.0,275.0,0.0,0.0,0.0,618.0,1439241.0,42554.0,133065.0,1.0,0.979,0.748,0.921,0.003,0.004,0.007,0.008,0.011,0.007,0.009,0.0,0.0,0.0,0.0,0.0,0.0,0.0,52752.0,53548.0,53005.0,52841.0,53834.0,51219.0,46606.0,0.502,169.4,12.92,0.7,3.512,2.0,-1.0,13.57,0.022,0.22,3.0,2.0,0.0,0.0,25.76,25.77,25.29,25.49,25.59,28.71,25.59,25.78,25.51,34.26
2016-07-25 01:51:00-05:00,-9.147935,-3.4183247,571248,27.21,0.0,0.305,26.48,2.024,,,,,,,,,,,-2147484000.0,,,,-7999.0,-7999.0,-7999.0,-7999.0,-7999.0,-7999.0,-7999.0,-7999.0,26.12,25.23,-0.038,0.0,0.0,0.0,60.0,59.9,74.7,0.0,274.0,273.0,275.0,0.0,0.0,0.0,618.0,1439241.0,42554.0,133065.0,1.0,0.979,0.748,0.921,0.004,0.005,0.006,0.007,0.011,0.008,0.009,0.0,0.0,0.0,0.0,0.0,0.0,0.0,52752.0,53548.0,53005.0,52841.0,53834.0,51219.0,46606.0,0.488,166.5,11.96,0.6,3.512,2.0,-1.0,13.57,0.022,0.22,3.0,2.0,0.0,0.0,25.68,25.77,25.29,25.49,25.59,28.71,25.59,25.78,25.51,34.26
2016-07-25 01:52:00-05:00,-9.147935,-3.4183247,571249,27.21,0.0,0.305,26.47,2.024,,,,,,,,,,,-2147484000.0,,,,-7999.0,-7999.0,-7999.0,-7999.0,-7999.0,-7999.0,-7999.0,-7999.0,26.11,25.19,-0.037,0.0,0.0,0.0,60.0,59.9,74.7,0.0,274.0,273.0,275.0,0.0,0.0,0.0,618.0,1439241.0,42554.0,133065.0,1.0,0.979,0.748,0.921,0.004,0.005,0.006,0.007,0.011,0.007,0.008,0.0,0.0,0.0,0.0,0.0,0.0,0.0,52752.0,53548.0,53005.0,52841.0,53834.0,51219.0,46606.0,0.412,170.8,11.29,0.6,3.512,2.0,-1.0,13.57,0.022,0.22,3.0,2.0,0.0,0.0,25.66,25.75,25.29,25.49,25.59,28.83,25.59,25.78,25.51,34.26
2016-07-25 01:53:00-05:00,-9.147935,-3.4183247,571250,27.21,0.0,0.305,26.45,2.141,,,,,,,,,,,-2147484000.0,,,,-7999.0,-7999.0,-7999.0,-7999.0,-7999.0,-7999.0,-7999.0,-7999.0,26.12,25.18,-0.038,0.0,0.0,0.0,60.0,59.9,74.7,0.0,274.0,273.0,275.0,0.0,0.0,0.0,618.0,1439241.0,42554.0,133065.0,1.0,0.979,0.748,0.921,0.004,0.005,0.007,0.007,0.012,0.006,0.008,0.0,0.0,0.0,0.0,0.0,0.0,0.0,52752.0,53548.0,53005.0,52841.0,53834.0,51219.0,46606.0,0.342,177.0,12.57,0.5,3.512,2.0,-1.0,13.57,0.022,0.22,3.0,2.0,0.0,0.0,25.66,25.67,25.29,25.49,25.59,28.97,25.57,25.78,25.51,34.2
2016-07-25 01:54:00-05:00,-9.147935,-3.4183247,571251,27.2,0.0,0.305,26.47,2.294,,,,,,,,,,,-2147484000.0,,,,-7999.0,-7999.0,-7999.0,-7999.0,-7999.0,-7999.0,-7999.0,-7999.0,26.11,25.16,-0.037,0.0,0.0,0.0,60.0,59.9,74.7,0.0,274.0,273.0,275.0,0.0,0.0,0.0,618.0,1439241.0,42554.0,133065.0,1.0,0.979,0.748,0.921,0.003,0.004,0.007,0.007,0.01,0.007,0.008,0.0,0.0,0.0,0.0,0.0,0.0,0.0,52752.0,53548.0,53005.0,52841.0,53834.0,51219.0,46606.0,0.195,169.8,27.45,0.4,3.512,2.0,-1.0,13.57,0.022,0.22,3.0,2.0,0.0,0.0,25.66,25.67,25.29,25.49,25.59,29.01,25.59,25.73,25.51,34.16
2016-07-25 01:55:00-05:00,-9.147935,-3.4183247,571252,27.18,0.0,0.305,26.48,2.303,,,,,,,,,,,-2147484000.0,,,,-7999.0,-7999.0,-7999.0,-7999.0,-7999.0,-7999.0,-7999.0,-7999.0,26.1,25.15,-0.033,0.0,0.0,0.0,60.0,59.9,74.7,0.0,274.0,273.0,275.0,0.0,0.0,0.0,618.0,1439241.0,42554.0,133065.0,1.0,0.979,0.748,0.921,0.004,0.005,0.006,0.008,0.011,0.007,0.008,0.0,0.0,0.0,0.0,0.0,0.0,0.0,52752.0,53548.0,53005.0,52841.0,53834.0,51219.0,46606.0,0.123,160.4,22.84,0.2,3.513,2.0,-1.0,13.57,0.022,0.22,3.0,2.0,0.0,0.0,25.66,25.67,25.29,25.47,25.59,28.99,25.49,25.7,25.44,34.16
2016-07-25 01:56:00-05:00,-9.147935,-3.4183247,571253,27.18,0.0,0.305,26.48,2.294,,,,,,,,,,,-2147484000.0,,,,-7999.0,-7999.0,-7999.0,-7999.0,-7999.0,-7999.0,-7999.0,-7999.0,26.08,25.15,-0.033,0.0,0.0,0.0,60.0,59.9,74.7,0.0,274.0,273.0,275.0,0.0,0.0,0.0,618.0,1439241.0,42554.0,133065.0,1.0,0.979,0.748,0.921,0.004,0.005,0.006,0.007,0.011,0.007,0.008,0.0,0.0,0.0,0.0,0.0,0.0,0.0,52752.0,53548.0,53005.0,52841.0,53834.0,51219.0,46606.0,0.233,142.2,4.177,0.3,3.512,2.0,-1.0,13.57,0.022,0.22,3.0,2.0,0.0,0.0,25.66,25.67,25.29,25.49,25.59,28.89,25.49,25.7,25.41,34.16
2016-07-25 01:57:00-05:00,-9.147935,-3.4183247,571254,27.18,0.0,0.305,26.48,2.294,,,,,,,,,,,-2147484000.0,,,,-7999.0,-7999.0,-7999.0,-7999.0,-7999.0,-7999.0,-7999.0,-7999.0,26.05,25.14,-0.027,0.0,0.0,0.0,60.0,59.9,74.7,0.0,274.1,273.0,275.0,0.0,0.0,0.0,618.0,1439241.0,42554.0,133065.0,1.0,0.979,0.748,0.921,0.004,0.004,0.006,0.008,0.011,0.008,0.009,0.0,0.0,0.0,0.0,0.0,0.0,0.0,52752.0,53548.0,53005.0,52841.0,53834.0,51219.0,46606.0,0.268,141.2,9.91,0.3,3.512,2.0,-1.0,13.57,0.022,0.22,3.0,2.0,0.0,0.0,25.66,25.67,25.29,25.49,25.59,28.81,25.49,25.68,25.41,34.16
2016-07-25 01:58:00-05:00,-9.147935,-3.4183247,571255,27.18,0.0,0.305,26.54,2.299,,,,,,,,,,,-2147484000.0,,,,-7999.0,-7999.0,-7999.0,-7999.0,-7999.0,-7999.0,-7999.0,-7999.0,26.05,25.14,-0.036,0.0,0.0,0.0,60.0,59.9,74.7,0.0,274.1,273.0,275.0,0.0,0.0,0.0,618.0,1439241.0,42554.0,133065.0,1.0,0.979,0.748,0.921,0.003,0.005,0.007,0.008,0.011,0.008,0.009,0.0,0.0,0.0,0.0,0.0,0.0,0.0,52752.0,53548.0,53005.0,52841.0,53834.0,51219.0,46606.0,0.293,115.2,23.24,0.4,3.512,2.0,-1.0,13.58,0.022,0.22,3.0,2.0,0.0,0.0,25.66,25.67,25.29,25.46,25.59,28.75,25.49,25.73,25.41,34.16
2016-07-25 01:59:00-05:00,-9.147935,-3.3062484,571256,27.18,0.0,0.305,26.54,2.294,,,,,,,,,,,-2147484000.0,,,,-7999.0,-7999.0,-7999.0,-7999.0,-7999.0,-7999.0,-7999.0,-7999.0,26.05,25.12,-0.038,0.0,0.0,0.0,60.0,59.9,74.7,0.0,274.0,273.0,275.0,0.0,0.0,0.0,618.0,1439241.0,42554.0,133065.0,1.0,0.979,0.748,0.921,0.004,0.005,0.007,0.007,0.01,0.007,0.008,0.0,0.0,0.0,0.0,0.0,0.0,0.0,52752.0,53548.0,53005.0,52841.0,53834.0,51219.0,46606.0,0.26,111.2,14.53,0.4,3.512,2.0,-1.0,13.57,0.022,0.22,3.0,2.0,0.0,0.0,25.66,25.67,25.21,25.44,25.59,28.71,25.49,25.7,25.41,34.1
2016-07-25 02:00:00-05:00,-8.791522,-3.0820959,571257,27.16,0.0,0.305,26.58,2.291,,,,,,,,,,,-2147484000.0,,,,-7999.0,-7999.0,-7999.0,-7999.0,-7999.0,-7999.0,-7999.0,-7999.0,26.04,25.11,-0.038,0.0,0.0,0.0,60.0,59.9,74.7,0.0,274.0,273.0,275.0,0.0,0.0,0.0,618.0,1439241.0,42554.0,133065.0,1.0,0.979,0.748,0.921,0.004,0.005,0.006,0.008,0.011,0.007,0.008,0.0,0.0,0.0,0.0,0.0,0.0,0.0,52752.0,53548.0,53005.0,52841.0,53834.0,51219.0,46606.0,0.133,94.2,32.76,0.3,3.512,2.0,-1.0,13.57,0.022,0.22,3.0,2.0,0.0,0.0,25.66,25.67,25.2,25.46,25.52,28.71,25.49,25.68,25.41,34.07
2016-07-25 02:01:00-05:00,-8.672717,-3.0820959,571258,27.15,0.0,0.305,26.58,2.145,,,,,,,,,,,-2147484000.0,,,,-7999.0,-7999.0,-7999.0,-7999.0,-7999.0,-7999.0,-7999.0,-7999.0,26.06,25.1,-0.038,0.0,0.0,0.0,60.0,59.9,74.7,0.0,274.0,273.0,275.0,0.0,0.0,0.0,618.0,1439241.0,42554.0,133065.0,1.0,0.979,0.748,0.921,0.004,0.005,0.006,0.007,0.01,0.008,0.008,0.0,0.0,0.0,0.0,0.0,0.0,0.0,52752.0,53548.0,53005.0,52841.0,53834.0,51219.0,46606.0,0.2,138.4,13.57,0.3,3.512,2.0,-1.0,13.57,0.022,0.22,3.0,2.0,0.0,0.0,25.66,25.67,25.2,25.49,25.49,28.66,25.49,25.75,25.41,34.07
2016-07-25 02:02:00-05:00,-8.672717,-3.0820959,571259,27.15,0.0,0.305,26.71,2.024,,,,,,,,,,,-2147484000.0,,,,-7999.0,-7999.0,-7999.0,-7999.0,-7999.0,-7999.0,-7999.0,-7999.0,26.09,25.13,-0.037,0.0,0.0,0.0,60.0,59.9,74.7,0.0,274.0,273.0,275.0,0.0,0.0,0.0,618.0,1439241.0,42554.0,133065.0,1.0,0.979,0.748,0.921,0.004,0.005,0.006,0.008,0.011,0.007,0.008,0.0,0.0,0.0,0.0,0.0,0.0,0.0,52752.0,53548.0,53005.0,52841.0,53834.0,51219.0,46606.0,0.175,101.1,32.16,0.3,3.512,2.0,-1.0,13.57,0.022,0.22,3.0,2.0,0.0,0.0,25.66,25.67,25.2,25.49,25.56,28.61,25.49,25.72,25.41,34.07
2016-07-25 02:03:00-05:00,-8.672717,-3.0820959,571260,27.15,0.0,0.305,26.71,2.024,,,,,,,,,,,-2147484000.0,,,,-7999.0,-7999.0,-7999.0,-7999.0,-7999.0,-7999.0,-7999.0,-7999.0,26.08,25.17,-0.038,0.0,0.0,0.0,60.0,59.9,74.7,0.0,274.0,273.0,275.0,0.0,0.0,0.0,618.0,1439241.0,42554.0,133065.0,1.0,0.979,0.748,0.921,0.003,0.005,0.006,0.008,0.01,0.007,0.008,0.0,0.0,0.0,0.0,0.0,0.0,0.0,52752.0,53548.0,53005.0,52841.0,53834.0,51219.0,46606.0,0.183,38.29,26.35,0.3,3.512,2.0,-1.0,13.57,0.022,0.22,3.0,2.0,0.0,0.0,25.66,25.67,25.2,25.47,25.59,28.61,25.49,25.68,25.41,34.07
2016-07-25 02:04:00-05:00,-8.672717,-3.0820959,571261,27.15,0.0,0.305,26.76,1.994,,,,,,,,,,,-2147484000.0,,,,-7999.0,-7999.0,-7999.0,-7999.0,-7999.0,-7999.0,-7999.0,-7999.0,26.08,25.16,-0.037,0.0,0.0,0.0,60.0,59.9,74.7,0.0,274.9,273.9,275.9,0.0,0.0,0.0,618.0,1439241.0,42554.0,133065.0,1.0,0.979,0.748,0.921,0.003,0.005,0.005,0.007,0.011,0.008,0.008,0.0,0.0,0.0,0.0,0.0,0.0,0.0,52752.0,53548.0,53005.0,52841.0,53834.0,51219.0,46606.0,0.212,42.55,30.98,0.5,3.512,2.0,-1.0,13.58,0.022,0.22,3.0,2.0,0.0,0.0,25.66,25.69,25.2,25.44,25.57,28.53,25.47,25.68,25.39,34.07
2016-07-25 02:05:00-05:00,-8.672717,-3.0820959,571262,27.15,0.0,0.305,26.74,1.824,,,,,,,,,,,-2147484000.0,,,,-7999.0,-7999.0,-7999.0,-7999.0,-7999.0,-7999.0,-7999.0,-7999.0,26.1,25.15,-0.036,0.0,0.0,0.0,60.0,59.9,74.7,0.0,275.0,274.0,276.0,0.0,0.0,0.0,618.0,1439241.0,42554.0,133065.0,1.0,0.979,0.748,0.921,0.004,0.005,0.006,0.007,0.011,0.007,0.008,0.0,0.0,0.0,0.0,0.0,0.0,0.0,52752.0,53548.0,53005.0,52841.0,53834.0,51219.0,46606.0,0.117,182.5,53.92,0.2,3.512,2.0,-1.0,13.57,0.022,0.22,3.0,2.0,0.0,0.0,25.66,25.67,25.2,25.44,25.54,28.43,25.48,25.68,25.31,34.07
2016-07-25 02:06:00-05:00,-8.672717,-3.1941724,571263,27.15,0.0,0.305,26.78,1.774,,,,,,,,,,,-2147484000.0,,,,-7999.0,-7999.0,-7999.0,-7999.0,-7999.0,-7999.0,-7999.0,-7999.0,26.21,25.18,-0.037,0.0,0.0,0.0,60.0,59.9,74.7,0.0,275.0,274.0,276.0,0.0,0.0,0.0,618.0,1439241.0,42554.0,133065.0,1.0,0.979,0.748,0.921,0.005,0.004,0.006,0.007,0.011,0.007,0.007,0.0,0.0,0.0,0.0,0.0,0.0,0.0,52752.0,53548.0,53005.0,52841.0,53834.0,51219.0,46606.0,0.362,344.6,28.14,0.8,3.512,2.0,-1.0,13.57,0.022,0.22,3.0,2.0,0.0,0.0,25.66,25.67,25.2,25.44,25.49,28.42,25.42,25.68,25.31,34.07
2016-07-25 02:07:00-05:00,-8.791522,-3.4183247,571264,27.15,0.0,0.305,26.8,1.774,,,,,,,,,,,-2147484000.0,,,,-7999.0,-7999.0,-7999.0,-7999.0,-7999.0,-7999.0,-7999.0,-7999.0,26.31,25.17,-0.038,0.0,0.0,0.0,60.0,59.9,74.7,0.0,275.0,274.0,276.0,0.0,0.0,0.0,618.0,1439241.0,42554.0,133065.0,1.0,0.979,0.748,0.921,0.004,0.004,0.007,0.008,0.011,0.007,0.008,0.0,0.0,0.0,0.0,0.0,0.0,0.0,52752.0,53548.0,53005.0,52841.0,53834.0,51219.0,46606.0,0.527,315.4,32.67,0.8,3.512,2.0,-1.0,13.58,0.022,0.22,3.0,2.0,0.0,0.0,25.76,25.67,25.2,25.39,25.49,28.4,25.39,25.68,25.34,34.07
2016-07-25 02:08:00-05:00,-8.791522,-3.4183247,571265,27.15,0.0,0.305,26.87,1.798,,,,,,,,,,,-2147484000.0,,,,-7999.0,-7999.0,-7999.0,-7999.0,-7999.0,-7999.0,-7999.0,-7999.0,26.41,25.22,-0.036,0.0,0.0,0.0,60.0,59.9,74.7,0.0,275.0,274.0,276.0,0.0,0.0,0.0,618.0,1439241.0,42554.0,133065.0,1.0,0.979,0.748,0.921,0.003,0.005,0.007,0.007,0.01,0.007,0.008,0.0,0.0,0.0,0.0,0.0,0.0,0.0,52752.0,53548.0,53005.0,52841.0,53834.0,51219.0,46606.0,0.738,269.3,7.719,0.9,3.512,2.0,-1.0,13.57,0.022,0.22,3.0,2.0,0.0,0.0,25.76,25.67,25.2,25.39,25.49,28.32,25.41,25.68,25.36,34.08
2016-07-25 02:09:00-05:00,-8.553913,-3.3062484,571266,27.13,0.0,0.305,26.96,1.804,,,,,,,,,,,-2147484000.0,,,,-7999.0,-7999.0,-7999.0,-7999.0,-7999.0,-7999.0,-7999.0,-7999.0,26.54,25.25,-0.038,0.0,0.0,0.0,60.0,59.9,74.7,0.0,275.0,274.0,276.0,0.0,0.0,0.0,618.0,1439241.0,42554.0,133065.0,1.0,0.979,0.748,0.921,0.004,0.004,0.006,0.007,0.011,0.008,0.008,0.0,0.0,0.0,0.0,0.0,0.0,0.0,52752.0,53548.0,53005.0,52841.0,53834.0,51219.0,46606.0,,0.0,0.0,,,2.0,-1.0,13.58,0.022,0.22,3.0,2.0,0.0,0.0,25.76,25.67,25.2,25.39,25.49,28.42,25.39,25.68,25.33,34.03
2016-07-25 02:10:00-05:00,-8.316304,-3.0820959,571267,27.12,0.0,0.305,27.02,1.797,,,,,,,,,,,-2147484000.0,,,,-7999.0,-7999.0,-7999.0,-7999.0,-7999.0,-7999.0,-7999.0,-7999.0,26.64,25.28,-0.038,0.0,0.0,0.0,60.0,59.9,74.7,0.0,275.0,274.0,276.0,0.0,0.0,0.0,618.0,1439241.0,42554.0,133065.0,1.0,0.979,0.748,0.921,0.004,0.005,0.006,0.008,0.01,0.008,0.008,0.0,0.0,0.0,0.0,0.0,0.0,0.0,52752.0,53548.0,53005.0,52841.0,53834.0,51219.0,46606.0,0.157,242.3,60.03,0.3,3.512,2.0,-1.0,13.57,0.022,0.22,3.0,2.0,0.0,0.0,25.78,25.67,25.2,25.39,25.49,28.44,25.41,25.68,25.34,33.97
2016-07-25 02:11:00-05:00,-8.316304,-3.0820959,571268,27.12,0.0,0.305,27.11,1.826,,,,,,,,,,,-2147484000.0,,,,-7999.0,-7999.0,-7999.0,-7999.0,-7999.0,-7999.0,-7999.0,-7999.0,26.69,25.32,-0.038,0.0,0.0,0.0,60.0,59.9,74.7,0.0,275.0,274.0,276.0,0.0,0.0,0.0,618.0,1439241.0,42554.0,133065.0,1.0,0.979,0.748,0.921,0.003,0.005,0.006,0.007,0.01,0.008,0.008,0.0,0.0,0.0,0.0,0.0,0.0,0.0,52752.0,53548.0,53005.0,52841.0,53834.0,51219.0,46606.0,0.203,176.1,34.48,0.5,3.512,2.0,-1.0,13.57,0.022,0.22,3.0,2.0,0.0,0.0,25.84,25.67,25.2,25.39,25.49,28.52,25.41,25.68,25.31,33.99
2016-07-25 02:12:00-05:00,-8.316304,-3.0820959,571269,27.12,0.0,0.305,27.14,1.811,,,,,,,,,,,-2147484000.0,,,,-7999.0,-7999.0,-7999.0,-7999.0,-7999.0,-7999.0,-7999.0,-7999.0,26.69,25.31,-0.038,0.0,0.0,0.0,60.0,59.9,74.7,0.0,275.0,274.0,276.0,0.0,0.0,0.0,618.0,1439241.0,42554.0,133065.0,1.0,0.979,0.748,0.921,0.004,0.004,0.006,0.007,0.01,0.007,0.008,0.0,0.0,0.0,0.0,0.0,0.0,0.0,52752.0,53548.0,53005.0,52841.0,53834.0,51219.0,46606.0,0.083,98.1,61.15,0.3,3.512,2.0,-1.0,13.57,0.022,0.22,3.0,2.0,0.0,0.0,25.84,25.67,25.18,25.39,25.49,28.58,25.39,25.68,25.31,33.99
2016-07-25 02:13:00-05:00,-8.316304,-3.0820959,571270,27.12,0.0,0.305,27.14,1.875,,,,,,,,,,,-2147484000.0,,,,-7999.0,-7999.0,-7999.0,-7999.0,-7999.0,-7999.0,-7999.0,-7999.0,26.68,25.33,-0.038,0.0,0.0,0.0,60.0,59.9,74.7,0.0,275.0,274.0,276.0,0.0,0.0,0.0,618.0,1439241.0,42554.0,133065.0,1.0,0.979,0.748,0.921,0.004,0.004,0.006,0.007,0.01,0.008,0.007,0.0,0.0,0.0,0.0,0.0,0.0,0.0,52752.0,53548.0,53005.0,52841.0,53834.0,51219.0,46606.0,0.145,247.9,74.31,0.3,3.512,2.0,-1.0,13.57,0.022,0.22,3.0,2.0,0.0,0.0,25.86,25.67,25.2,25.39,25.5,28.61,25.39,25.68,25.31,33.98
2016-07-25 02:14:00-05:00,-8.316304,-3.0820959,571271,27.12,0.0,0.305,27.13,1.964,,,,,,,,,,,-2147484000.0,,,,-7999.0,-7999.0,-7999.0,-7999.0,-7999.0,-7999.0,-7999.0,-7999.0,26.68,25.35,-0.038,0.0,0.0,0.0,60.0,59.9,74.7,0.0,275.0,274.0,276.0,0.0,0.0,0.0,618.0,1439241.0,42554.0,133065.0,1.0,0.979,0.748,0.921,0.004,0.005,0.006,0.007,0.011,0.007,0.007,0.0,0.0,0.0,0.0,0.0,0.0,0.0,52752.0,53548.0,53005.0,52841.0,53834.0,51219.0,46606.0,0.385,256.6,19.63,0.6,3.512,2.0,-1.0,13.57,0.022,0.22,3.0,2.0,0.0,0.0,25.86,25.67,25.2,25.39,25.49,28.63,25.39,25.68,25.31,33.97
2016-07-25 02:15:00-05:00,-8.316304,-3.0820959,571272,27.12,0.0,0.305,27.17,2.021,,,,,,,,,,,-2147484000.0,,,,-7999.0,-7999.0,-7999.0,-7999.0,-7999.0,-7999.0,-7999.0,-7999.0,26.69,25.35,-0.038,0.0,0.0,0.0,60.0,59.9,74.7,0.0,275.0,274.0,276.0,0.0,0.0,0.0,618.0,1439241.0,42554.0,133065.0,1.0,0.979,0.748,0.921,0.004,0.004,0.005,0.006,0.011,0.008,0.008,0.0,0.0,0.0,0.0,0.0,0.0,0.0,52752.0,53548.0,53005.0,52841.0,53834.0,51219.0,46606.0,0.418,278.1,15.93,0.7,3.512,2.0,-1.0,13.57,0.022,0.22,3.0,2.0,0.0,0.0,25.86,25.76,25.2,25.41,25.49,28.71,25.39,25.68,25.31,33.97
2016-07-25 02:16:00-05:00,-8.316304,-3.0820959,571273,27.11,0.0,0.305,27.12,2.024,,,,,,,,,,,-2147484000.0,,,,-7999.0,-7999.0,-7999.0,-7999.0,-7999.0,-7999.0,-7999.0,-7999.0,26.71,25.37,-0.038,0.0,0.0,0.0,60.0,59.9,74.7,0.0,275.0,274.0,276.0,0.0,0.0,0.0,618.0,1439241.0,42554.0,133065.0,1.0,0.979,0.748,0.921,0.004,0.005,0.006,0.007,0.011,0.007,0.008,0.0,0.0,0.0,0.0,0.0,0.0,0.0,52752.0,53548.0,53005.0,52841.0,53834.0,51219.0,46606.0,0.423,265.2,15.1,0.6,3.512,2.0,-1.0,13.58,0.022,0.22,3.0,2.0,0.0,0.0,25.86,25.71,25.2,25.39,25.49,28.71,25.39,25.68,25.38,33.97
2016-07-25 02:17:00-05:00,-8.316304,-2.9700198,571274,27.11,0.0,0.305,27.15,2.024,,,,,,,,,,,-2147484000.0,,,,-7999.0,-7999.0,-7999.0,-7999.0,-7999.0,-7999.0,-7999.0,-7999.0,26.71,25.4,-0.038,0.0,0.0,0.0,60.0,59.9,74.7,0.0,275.0,274.0,276.0,0.0,0.0,0.0,618.0,1439241.0,42554.0,133065.0,1.0,0.979,0.748,0.921,0.004,0.004,0.006,0.007,0.011,0.007,0.008,0.0,0.0,0.0,0.0,0.0,0.0,0.0,52752.0,53548.0,53005.0,52841.0,53834.0,51219.0,46606.0,0.295,200.6,19.1,0.5,3.51,2.0,-1.0,13.57,0.022,0.22,3.0,2.0,0.0,0.0,25.86,25.67,25.2,25.39,25.49,28.71,25.39,25.68,25.37,33.97
2016-07-25 02:18:00-05:00,-8.316304,-2.7458675,571275,27.09,0.0,0.305,27.14,1.921,,,,,,,,,,,-2147484000.0,,,,-7999.0,-7999.0,-7999.0,-7999.0,-7999.0,-7999.0,-7999.0,-7999.0,26.7,25.38,-0.037,0.0,0.0,0.0,60.0,59.9,74.7,0.0,275.0,274.0,276.0,0.0,0.0,0.0,618.0,1439241.0,42554.0,133065.0,1.0,0.979,0.748,0.921,0.004,0.004,0.005,0.007,0.01,0.008,0.008,0.0,0.0,0.0,0.0,0.0,0.0,0.0,52752.0,53548.0,53005.0,52841.0,53834.0,51219.0,46606.0,0.327,137.2,22.66,0.5,3.512,2.0,-1.0,13.57,0.022,0.22,3.0,2.0,0.0,0.0,25.86,25.67,25.2,25.39,25.52,28.71,25.39,25.68,25.38,33.97
2016-07-25 02:19:00-05:00,-8.316304,-2.6337912,571276,27.09,0.0,0.305,27.16,1.816,,,,,,,,,,,-2147484000.0,,,,-7999.0,-7999.0,-7999.0,-7999.0,-7999.0,-7999.0,-7999.0,-7999.0,26.68,25.39,-0.038,0.0,0.0,0.0,60.0,59.9,74.7,0.0,275.0,274.0,276.0,0.0,0.0,0.0,618.0,1439241.0,42554.0,133065.0,1.0,0.979,0.748,0.921,0.004,0.004,0.006,0.007,0.011,0.007,0.008,0.0,0.0,0.0,0.0,0.0,0.0,0.0,52752.0,53548.0,53005.0,52841.0,53834.0,51219.0,46606.0,0.285,96.2,13.48,0.4,3.512,2.0,-1.0,13.57,0.022,0.22,3.0,2.0,0.0,0.0,25.86,25.67,25.2,25.39,25.57,28.69,25.39,25.7,25.31,33.97
2016-07-25 02:20:00-05:00,-8.316304,-2.7458675,571277,27.09,0.0,0.305,27.11,1.797,,,,,,,,,,,-2147484000.0,,,,-7999.0,-7999.0,-7999.0,-7999.0,-7999.0,-7999.0,-7999.0,-7999.0,26.63,25.35,-0.038,0.0,0.0,0.0,60.0,59.9,74.7,0.0,275.0,274.0,276.0,0.0,0.0,0.0,618.0,1439241.0,42554.0,133065.0,1.0,0.979,0.748,0.921,0.003,0.004,0.006,0.007,0.01,0.007,0.007,0.0,0.0,0.0,0.0,0.0,0.0,0.0,52752.0,53548.0,53005.0,52841.0,53834.0,51219.0,46606.0,0.198,110.2,17.01,0.3,3.512,2.0,-1.0,13.57,0.022,0.22,3.0,2.0,0.0,0.0,25.86,25.67,25.2,25.39,25.55,28.61,25.39,25.68,25.31,33.9
2016-07-25 02:21:00-05:00,-8.316304,-2.9700198,571278,27.09,0.0,0.305,27.11,1.761,,,,,,,,,,,-2147484000.0,,,,-7999.0,-7999.0,-7999.0,-7999.0,-7999.0,-7999.0,-7999.0,-7999.0,26.61,25.36,-0.038,0.0,0.0,0.0,60.0,59.9,74.7,0.0,275.0,274.0,276.0,0.0,0.0,0.0,618.0,1439241.0,42554.0,133065.0,1.0,0.979,0.748,0.921,0.004,0.005,0.006,0.007,0.01,0.007,0.007,0.0,0.0,0.0,0.0,0.0,0.0,0.0,52752.0,53548.0,53005.0,52841.0,53834.0,51219.0,46606.0,0.232,123.1,12.36,0.3,3.512,2.0,-1.0,13.57,0.022,0.22,3.0,2.0,0.0,0.0,25.86,25.67,25.2,25.39,25.55,28.6,25.39,25.68,25.31,33.92
2016-07-25 02:22:00-05:00,-8.316304,-3.0820959,571279,27.09,0.0,0.305,27.09,1.763,,,,,,,,,,,-2147484000.0,,,,-7999.0,-7999.0,-7999.0,-7999.0,-7999.0,-7999.0,-7999.0,-7999.0,26.55,25.33,-0.038,0.0,0.0,0.0,60.0,59.9,74.7,0.0,275.0,274.0,276.0,0.0,0.0,0.0,618.0,1439241.0,42554.0,133065.0,1.0,0.979,0.748,0.921,0.004,0.004,0.006,0.006,0.01,0.007,0.008,0.0,0.0,0.0,0.0,0.0,0.0,0.0,52752.0,53548.0,53005.0,52841.0,53834.0,51219.0,46606.0,,0.0,0.0,,,2.0,-1.0,13.57,0.022,0.22,3.0,2.0,0.0,0.0,25.84,25.67,25.2,25.39,25.54,28.52,25.39,25.68,25.31,33.89
2016-07-25 02:23:00-05:00,-8.316304,-3.0820959,571280,27.09,0.0,0.305,27.1,1.754,,,,,,,,,,,-2147484000.0,,,,-7999.0,-7999.0,-7999.0,-7999.0,-7999.0,-7999.0,-7999.0,-7999.0,26.56,25.31,-0.038,0.0,0.0,0.0,60.0,59.9,74.7,0.0,275.0,274.0,276.0,0.0,0.0,0.0,618.0,1439241.0,42554.0,133065.0,1.0,0.979,0.748,0.921,0.004,0.005,0.006,0.007,0.011,0.007,0.008,0.0,0.0,0.0,0.0,0.0,0.0,0.0,52752.0,53548.0,53005.0,52841.0,53834.0,51219.0,46606.0,0.44,141.7,5.322,0.6,3.512,2.0,-1.0,13.58,0.022,0.22,3.0,2.0,0.0,0.0,25.76,25.67,25.16,25.39,25.51,28.5,25.39,25.68,25.31,33.9
2016-07-25 02:24:00-05:00,-8.316304,-3.0820959,571281,27.09,0.0,0.305,27.07,1.754,,,,,,,,,,,-2147484000.0,,,,-7999.0,-7999.0,-7999.0,-7999.0,-7999.0,-7999.0,-7999.0,-7999.0,26.51,25.3,-0.038,0.0,0.0,0.0,60.0,59.9,74.7,0.0,275.0,274.0,276.0,0.0,0.0,0.0,618.0,1439241.0,42554.0,133065.0,1.0,0.979,0.748,0.921,0.004,0.005,0.006,0.008,0.01,0.007,0.007,0.0,0.0,0.0,0.0,0.0,0.0,0.0,52752.0,53548.0,53005.0,52841.0,53834.0,51219.0,46606.0,0.517,152.1,6.112,0.6,3.512,2.0,-1.0,13.58,0.022,0.22,3.0,2.0,0.0,0.0,25.76,25.67,25.16,25.39,25.51,28.53,25.39,25.68,25.31,33.87
2016-07-25 02:25:00-05:00,-8.316304,-3.0820959,571282,27.09,0.0,0.305,27.01,1.754,,,,,,,,,,,-2147484000.0,,,,-7999.0,-7999.0,-7999.0,-7999.0,-7999.0,-7999.0,-7999.0,-7999.0,26.49,25.27,-0.034,0.0,0.0,0.0,60.0,59.9,74.7,0.0,275.0,274.0,276.0,0.0,0.0,0.0,618.0,1439241.0,42554.0,133065.0,1.0,0.979,0.748,0.921,0.003,0.004,0.005,0.008,0.01,0.007,0.006,0.0,0.0,0.0,0.0,0.0,0.0,0.0,52752.0,53548.0,53005.0,52841.0,53834.0,51219.0,46606.0,0.645,162.7,7.517,0.9,3.512,2.0,-1.0,13.57,0.022,0.22,3.0,2.0,0.0,0.0,25.76,25.67,25.18,25.39,25.49,28.6,25.47,25.68,25.31,33.89
2016-07-25 02:26:00-05:00,-8.316304,-3.0820959,571283,27.09,0.0,0.305,26.93,2.188,,,,,,,,,,,-2147484000.0,,,,-7999.0,-7999.0,-7999.0,-7999.0,-7999.0,-7999.0,-7999.0,-7999.0,26.46,25.26,-0.027,0.0,0.0,0.0,60.0,59.9,74.7,0.0,275.0,274.0,276.0,0.0,0.0,0.0,618.0,1439241.0,42554.0,133065.0,1.0,0.979,0.748,0.921,0.003,0.005,0.006,0.007,0.01,0.007,0.007,0.0,0.0,0.0,0.0,0.0,0.0,0.0,52752.0,53548.0,53005.0,52841.0,53834.0,51219.0,46606.0,0.71,164.1,7.1,0.9,3.512,2.0,-1.0,13.58,0.022,0.22,3.0,2.0,0.0,0.0,25.76,25.67,25.2,25.39,25.49,28.61,25.49,25.65,25.31,33.87
2016-07-25 02:27:00-05:00,-8.316304,-3.0820959,571284,27.09,0.0,0.305,26.8,1.976,,,,,,,,,,,-2147484000.0,,,,-7999.0,-7999.0,-7999.0,-7999.0,-7999.0,-7999.0,-7999.0,-7999.0,26.43,25.23,-0.032,0.0,0.0,0.0,60.0,59.9,74.7,0.0,275.0,274.0,276.0,0.0,0.0,0.0,618.0,1439241.0,42554.0,133065.0,1.0,0.979,0.748,0.921,0.004,0.004,0.005,0.008,0.011,0.007,0.007,0.0,0.0,0.0,0.0,0.0,0.0,0.0,52752.0,53548.0,53005.0,52841.0,53834.0,51219.0,46606.0,0.822,166.0,7.323,1.0,3.512,2.0,-1.0,13.57,0.022,0.22,3.0,2.0,0.0,0.0,25.76,25.66,25.18,25.36,25.49,28.71,25.49,25.66,25.31,33.89
2016-07-25 02:28:00-05:00,-8.672717,-3.0820959,571285,27.09,0.0,0.305,26.72,2.01,,,,,,,,,,,-2147484000.0,,,,-7999.0,-7999.0,-7999.0,-7999.0,-7999.0,-7999.0,-7999.0,-7999.0,26.34,25.22,-0.029,0.0,0.0,0.0,60.0,59.9,74.7,0.0,275.0,274.0,276.0,0.0,0.0,0.0,618.0,1439241.0,42554.0,133065.0,1.0,0.979,0.748,0.921,0.003,0.004,0.005,0.008,0.01,0.007,0.008,0.0,0.0,0.0,0.0,0.0,0.0,0.0,52752.0,53548.0,53005.0,52841.0,53834.0,51219.0,46606.0,0.81,163.2,9.6,1.1,3.512,2.0,-1.0,13.57,0.022,0.22,3.0,2.0,0.0,0.0,25.7,25.58,25.1,25.31,25.49,28.81,25.44,25.59,25.31,33.89
2016-07-25 02:29:00-05:00,-8.672717,-3.0820959,571286,27.09,0.0,0.305,26.54,1.714,,,,,,,,,,,-2147484000.0,,,,-7999.0,-7999.0,-7999.0,-7999.0,-7999.0,-7999.0,-7999.0,-7999.0,26.24,25.19,-0.038,0.0,0.0,0.0,60.0,59.9,74.7,0.0,275.1,274.0,276.0,0.0,0.0,0.0,618.0,1439241.0,42554.0,133065.0,1.0,0.979,0.748,0.921,0.003,0.005,0.006,0.007,0.01,0.007,0.007,0.0,0.0,0.0,0.0,0.0,0.0,0.0,52752.0,53548.0,53005.0,52841.0,53834.0,51219.0,46606.0,0.792,160.9,11.83,1.0,3.513,2.0,-1.0,13.57,0.022,0.22,3.0,2.0,0.0,0.0,25.66,25.58,25.1,25.29,25.49,28.88,25.39,25.59,25.31,33.89
2016-07-25 02:30:00-05:00,-8.910326,-3.1941724,571287,27.07,0.0,0.305,26.47,1.625,,,,,,,,,,,-2147484000.0,,,,-7999.0,-7999.0,-7999.0,-7999.0,-7999.0,-7999.0,-7999.0,-7999.0,26.2,25.14,-0.034,0.0,0.0,0.0,60.0,59.9,74.7,0.0,275.2,274.0,276.0,0.0,0.0,0.0,618.0,1439241.0,42554.0,133065.0,1.0,0.979,0.748,0.921,0.003,0.004,0.006,0.007,0.01,0.007,0.007,0.0,0.0,0.0,0.0,0.0,0.0,0.0,52752.0,53548.0,53005.0,52841.0,53834.0,51219.0,46606.0,0.703,155.8,11.11,0.9,3.512,2.0,-1.0,13.57,0.022,0.22,3.0,2.0,0.0,0.0,25.66,25.58,25.1,25.29,25.46,28.76,25.39,25.59,25.33,33.85
2016-07-25 02:31:00-05:00,-9.147935,-3.4183247,571288,27.06,0.0,0.305,26.43,1.622,,,,,,,,,,,-2147484000.0,,,,-7999.0,-7999.0,-7999.0,-7999.0,-7999.0,-7999.0,-7999.0,-7999.0,26.19,25.12,-0.037,0.0,0.0,0.0,60.0,59.9,74.7,0.0,275.2,274.0,276.0,0.0,0.0,0.0,618.0,1439241.0,42554.0,133065.0,1.0,0.979,0.748,0.921,0.003,0.004,0.005,0.006,0.01,0.006,0.007,0.0,0.0,0.0,0.0,0.0,0.0,0.0,52752.0,53548.0,53005.0,52841.0,53834.0,51219.0,46606.0,,0.0,0.0,,,2.0,-1.0,13.57,0.022,0.22,3.0,2.0,0.0,0.0,25.58,25.58,25.1,25.29,25.39,28.65,25.39,25.59,25.26,33.83
2016-07-25 02:32:00-05:00,-9.147935,-3.4183247,571289,27.06,0.0,0.305,26.43,1.941,,,,,,,,,,,-2147484000.0,,,,-7999.0,-7999.0,-7999.0,-7999.0,-7999.0,-7999.0,-7999.0,-7999.0,26.17,25.1,-0.029,0.0,0.0,0.0,60.0,59.9,74.7,0.0,275.1,274.0,276.0,0.0,0.0,0.0,618.0,1439241.0,42554.0,133065.0,1.0,0.979,0.748,0.921,0.003,0.005,0.006,0.008,0.01,0.007,0.008,0.0,0.0,0.0,0.0,0.0,0.0,0.0,52752.0,53548.0,53005.0,52841.0,53834.0,51219.0,46606.0,0.557,159.9,13.34,0.7,3.51,2.0,-1.0,13.57,0.022,0.22,3.0,2.0,0.0,0.0,25.57,25.58,25.03,25.29,25.39,28.6,25.31,25.52,25.21,33.81
2016-07-25 02:33:00-05:00,-9.147935,-3.4183247,571290,27.06,0.0,0.305,26.46,1.753,,,,,,,,,,,-2147484000.0,,,,-7999.0,-7999.0,-7999.0,-7999.0,-7999.0,-7999.0,-7999.0,-7999.0,26.12,25.07,-0.025,0.0,0.0,0.0,60.0,59.9,74.7,0.0,275.7,274.0,276.0,0.0,0.0,0.0,618.0,1439241.0,42554.0,133065.0,1.0,0.979,0.748,0.921,0.003,0.004,0.006,0.008,0.01,0.006,0.008,0.0,0.0,0.0,0.0,0.0,0.0,0.0,52752.0,53548.0,53005.0,52841.0,53834.0,51219.0,46606.0,0.338,153.8,15.49,0.6,,2.0,-1.0,13.57,0.022,0.221,3.0,2.0,0.0,0.0,25.57,25.54,25.0,25.26,25.36,28.45,25.29,25.49,25.21,33.79
2016-07-25 02:34:00-05:00,-9.147935,-3.4183247,571291,27.06,0.0,0.305,26.48,2.035,,,,,,,,,,,-2147484000.0,,,,-7999.0,-7999.0,-7999.0,-7999.0,-7999.0,-7999.0,-7999.0,-7999.0,26.12,25.03,-0.035,18.18,18.18,18.18,77.09,0.0,74.7,0.0,275.3,274.0,276.0,0.0,0.0,0.0,618.0,1439241.0,42554.0,133065.0,1.0,0.979,0.748,0.921,0.004,0.004,0.005,0.007,0.01,0.006,0.007,0.0,0.0,0.0,0.0,0.0,0.0,0.0,52752.0,53548.0,53005.0,52841.0,53834.0,51219.0,46606.0,,0.0,0.0,,,2.6,-1.0,13.57,0.022,0.222,3.0,2.0,0.0,0.0,25.48,25.48,25.0,25.22,25.29,28.42,25.29,25.49,25.18,33.79
2016-07-25 02:35:00-05:00,-9.147935,-3.4183247,571292,27.06,0.0,0.305,26.47,1.754,,,,,,,,,,,-2147484000.0,,,,-7999.0,-7999.0,-7999.0,-7999.0,-7999.0,-7999.0,-7999.0,-7999.0,26.11,25.0,-0.038,0.0,0.0,0.0,60.0,59.9,74.7,0.0,275.4,274.0,276.0,0.0,0.0,0.0,618.0,1439241.0,42554.0,133065.0,1.0,0.979,0.748,0.921,0.004,0.004,0.006,0.007,0.01,0.007,0.007,0.0,0.0,0.0,0.0,0.0,0.0,0.0,52752.0,53548.0,53005.0,52841.0,53834.0,51219.0,46606.0,,0.0,0.0,,,2.0,-1.0,13.57,0.022,0.22,3.0,2.0,0.0,0.0,25.47,25.48,25.0,25.2,25.29,28.55,25.29,25.49,25.12,33.79
2016-07-25 02:36:00-05:00,-9.147935,-3.4183247,571293,27.05,0.0,0.305,26.51,1.756,,,,,,,,,,,-2147484000.0,,,,-7999.0,-7999.0,-7999.0,-7999.0,-7999.0,-7999.0,-7999.0,-7999.0,26.12,24.98,-0.038,0.0,0.0,0.0,60.0,59.9,74.7,0.0,276.0,274.0,276.0,0.0,0.0,0.0,618.0,1439241.0,42554.0,133065.0,1.0,0.979,0.748,0.921,0.003,0.004,0.006,0.007,0.01,0.007,0.008,0.0,0.0,0.0,0.0,0.0,0.0,0.0,52752.0,53548.0,53005.0,52841.0,53834.0,51219.0,46606.0,,0.0,0.0,,,2.0,-1.0,13.57,0.022,0.22,3.0,2.0,0.0,0.0,25.47,25.46,25.0,25.2,25.29,28.56,25.29,25.49,25.12,33.8
2016-07-25 02:37:00-05:00,-9.147935,-3.4183247,571294,27.03,0.0,0.305,26.53,1.761,,,,,,,,,,,-2147484000.0,,,,-7999.0,-7999.0,-7999.0,-7999.0,-7999.0,-7999.0,-7999.0,-7999.0,26.11,24.95,-0.036,0.0,0.0,0.0,60.0,59.9,74.7,0.0,276.0,274.0,276.0,0.0,0.0,0.0,618.0,1439241.0,42554.0,133065.0,1.0,0.979,0.748,0.921,0.004,0.004,0.005,0.007,0.01,0.007,0.007,0.0,0.0,0.0,0.0,0.0,0.0,0.0,52752.0,53548.0,53005.0,52841.0,53834.0,51219.0,46606.0,,0.0,0.0,,,2.0,-1.0,13.57,0.022,0.22,3.0,2.0,0.0,0.0,25.47,25.48,24.98,25.2,25.29,28.43,25.21,25.49,25.13,33.68
2016-07-25 02:38:00-05:00,-9.147935,-3.4183247,571295,27.03,0.0,0.305,26.56,1.771,,,,,,,,,,,-2147484000.0,,,,-7999.0,-7999.0,-7999.0,-7999.0,-7999.0,-7999.0,-7999.0,-7999.0,26.1,24.93,-0.038,0.0,0.0,0.0,60.0,59.9,74.7,0.0,276.0,274.0,276.0,0.0,0.0,0.0,618.0,1439241.0,42554.0,133065.0,1.0,0.979,0.748,0.921,0.003,0.005,0.006,0.007,0.01,0.008,0.007,0.0,0.0,0.0,0.0,0.0,0.0,0.0,52752.0,53548.0,53005.0,52841.0,53834.0,51219.0,46606.0,,0.0,0.0,,,2.0,-1.0,13.57,0.022,0.22,3.0,2.0,0.0,0.0,25.47,25.46,24.92,25.2,25.29,28.42,25.2,25.49,25.13,33.71
2016-07-25 02:39:00-05:00,-9.147935,-3.4183247,571296,27.03,0.0,0.305,26.58,1.763,,,,,,,,,,,-2147484000.0,,,,-7999.0,-7999.0,-7999.0,-7999.0,-7999.0,-7999.0,-7999.0,-7999.0,26.14,24.93,-0.037,0.0,0.0,0.0,60.0,59.9,74.7,0.0,276.0,274.0,276.0,0.0,0.0,0.0,618.0,1439241.0,42554.0,133065.0,1.0,0.979,0.748,0.921,0.003,0.004,0.006,0.007,0.01,0.006,0.007,0.0,0.0,0.0,0.0,0.0,0.0,0.0,52752.0,53548.0,53005.0,52841.0,53834.0,51219.0,46606.0,,0.0,0.0,,,2.0,-1.0,13.57,0.022,0.22,3.0,2.0,0.0,0.0,25.47,25.45,24.9,25.2,25.29,28.55,25.2,25.49,25.13,33.71
2016-07-25 02:40:00-05:00,-9.147935,-3.4183247,571297,27.03,0.0,0.305,26.57,1.757,,,,,,,,,,,-2147484000.0,,,,-7999.0,-7999.0,-7999.0,-7999.0,-7999.0,-7999.0,-7999.0,-7999.0,26.17,24.94,-0.037,0.0,0.0,0.0,60.0,59.9,74.7,0.0,276.0,274.2,276.0,0.0,0.0,0.0,618.0,1439241.0,42554.0,133065.0,1.0,0.979,0.748,0.921,0.003,0.004,0.006,0.007,0.01,0.007,0.006,0.0,0.0,0.0,0.0,0.0,0.0,0.0,52752.0,53548.0,53005.0,52841.0,53834.0,51219.0,46606.0,,0.0,0.0,,,2.5,-1.0,13.58,0.022,0.22,3.0,2.0,0.0,0.0,25.47,25.38,24.9,25.2,25.29,28.66,25.2,25.46,25.13,33.73
2016-07-25 02:41:00-05:00,-9.147935,-3.4183247,571298,27.03,0.0,0.305,26.6,1.754,,,,,,,,,,,-2147484000.0,,,,-7999.0,-7999.0,-7999.0,-7999.0,-7999.0,-7999.0,-7999.0,-7999.0,26.17,24.96,-0.038,0.0,0.0,0.0,60.0,59.9,74.7,0.0,276.0,275.0,276.0,0.0,0.0,0.0,618.0,1439241.0,42554.0,133065.0,1.0,0.979,0.748,0.921,0.003,0.004,0.005,0.007,0.01,0.006,0.008,0.0,0.0,0.0,0.0,0.0,0.0,0.0,52752.0,53548.0,53005.0,52841.0,53834.0,51219.0,46606.0,0.52,247.2,3.912,0.6,3.512,2.0,-1.0,13.58,0.022,0.22,3.0,2.0,0.0,0.0,25.47,25.38,24.9,25.14,25.26,28.6,25.2,25.45,25.15,33.75
2016-07-25 02:42:00-05:00,-9.147935,-3.4183247,571299,27.03,0.0,0.305,26.66,1.754,,,,,,,,,,,-2147484000.0,,,,-7999.0,-7999.0,-7999.0,-7999.0,-7999.0,-7999.0,-7999.0,-7999.0,26.17,24.96,-0.037,0.0,0.0,0.0,60.0,59.9,74.7,0.0,276.0,274.1,276.0,0.0,0.0,0.0,618.0,1439241.0,42554.0,133065.0,1.0,0.979,0.748,0.921,0.003,0.005,0.006,0.007,0.009,0.007,0.008,0.0,0.0,0.0,0.0,0.0,0.0,0.0,52752.0,53548.0,53005.0,52841.0,53834.0,51219.0,46606.0,0.622,239.8,5.374,0.7,3.512,2.0,-1.0,13.57,0.022,0.22,3.0,2.0,0.0,0.0,25.45,25.38,24.9,25.1,25.21,28.52,25.18,25.47,25.15,33.75
2016-07-25 02:43:00-05:00,-8.910326,-3.4183247,571300,27.0,0.0,0.305,26.63,1.675,,,,,,,,,,,-2147484000.0,,,,-7999.0,-7999.0,-7999.0,-7999.0,-7999.0,-7999.0,-7999.0,-7999.0,26.17,24.95,-0.038,0.0,0.0,0.0,60.0,59.9,74.7,0.0,276.0,274.1,276.0,0.0,0.0,0.0,618.0,1439241.0,42554.0,133065.0,1.0,0.979,0.748,0.921,0.003,0.004,0.005,0.007,0.01,0.006,0.006,0.0,0.0,0.0,0.0,0.0,0.0,0.0,52752.0,53548.0,53005.0,52841.0,53834.0,51219.0,46606.0,0.493,231.2,3.331,0.6,3.512,2.0,-1.0,13.57,0.022,0.22,3.0,2.0,0.0,0.0,25.47,25.38,24.9,25.1,25.21,28.42,25.16,25.49,25.12,33.73
2016-07-25 02:44:00-05:00,-8.672717,-3.0820959,571301,27.0,0.0,0.305,26.7,1.622,,,,,,,,,,,-2147484000.0,,,,-7999.0,-7999.0,-7999.0,-7999.0,-7999.0,-7999.0,-7999.0,-7999.0,26.17,24.92,-0.037,0.0,0.0,0.0,60.0,59.9,74.7,0.0,276.0,274.0,276.0,0.0,0.0,0.0,618.0,1439241.0,42554.0,133065.0,1.0,0.979,0.748,0.921,0.003,0.004,0.005,0.007,0.01,0.008,0.008,0.0,0.0,0.0,0.0,0.0,0.0,0.0,52752.0,53548.0,53005.0,52841.0,53834.0,51219.0,46606.0,0.37,228.6,3.924,0.4,3.512,2.0,-1.0,13.57,0.022,0.22,3.0,2.0,0.0,0.0,25.44,25.38,24.9,25.1,25.2,28.35,25.11,25.47,25.12,33.77
2016-07-25 02:45:00-05:00,-8.672717,-3.0820959,571302,27.0,0.0,0.305,26.77,1.619,,,,,,,,,,,-2147484000.0,,,,-7999.0,-7999.0,-7999.0,-7999.0,-7999.0,-7999.0,-7999.0,-7999.0,26.18,24.92,-0.038,0.0,0.0,0.0,60.0,59.9,74.7,0.0,276.0,274.0,276.0,0.0,0.0,0.0,618.0,1439241.0,42554.0,133065.0,1.0,0.979,0.748,0.921,0.003,0.004,0.005,0.008,0.01,0.006,0.007,0.0,0.0,0.0,0.0,0.0,0.0,0.0,52752.0,53548.0,53005.0,52841.0,53834.0,51219.0,46606.0,0.472,232.3,3.204,0.7,3.512,2.0,-1.0,13.57,0.022,0.22,3.0,2.0,0.0,0.0,25.44,25.38,24.9,25.1,25.2,28.22,25.1,25.43,25.17,33.69
2016-07-25 02:46:00-05:00,-8.553913,-3.0820959,571303,26.99,0.0,0.305,26.79,1.619,,,,,,,,,,,-2147484000.0,,,,-7999.0,-7999.0,-7999.0,-7999.0,-7999.0,-7999.0,-7999.0,-7999.0,26.23,24.95,-0.038,0.0,0.0,0.0,60.0,59.9,74.7,0.0,275.8,274.0,276.0,0.0,0.0,0.0,618.0,1439241.0,42554.0,133065.0,1.0,0.979,0.748,0.921,0.003,0.004,0.006,0.006,0.01,0.007,0.007,0.0,0.0,0.0,0.0,0.0,0.0,0.0,52752.0,53548.0,53005.0,52841.0,53834.0,51219.0,46606.0,0.585,233.7,7.338,0.7,3.512,2.0,-1.0,13.57,0.022,0.22,3.0,2.0,0.0,0.0,25.45,25.38,24.9,25.1,25.2,28.19,25.1,25.39,25.05,33.65
2016-07-25 02:47:00-05:00,-8.435108,-3.0820959,571304,26.99,0.0,0.305,26.74,1.551,,,,,,,,,,,-2147484000.0,,,,-7999.0,-7999.0,-7999.0,-7999.0,-7999.0,-7999.0,-7999.0,-7999.0,26.21,24.94,-0.037,0.0,0.0,0.0,60.0,59.9,74.7,0.0,275.4,274.0,276.0,0.0,0.0,0.0,618.0,1439241.0,42554.0,133065.0,1.0,0.979,0.748,0.921,0.003,0.004,0.005,0.007,0.01,0.008,0.007,0.0,0.0,0.0,0.0,0.0,0.0,0.0,52752.0,53548.0,53005.0,52841.0,53834.0,51219.0,46606.0,,0.0,0.0,,,2.5,-1.0,13.57,0.022,0.22,3.0,2.0,0.0,0.0,25.39,25.38,24.9,25.1,25.2,28.14,25.1,25.39,25.05,33.65
2016-07-25 02:48:00-05:00,-8.553913,-3.0820959,571305,26.97,0.0,0.305,26.68,1.354,,,,,,,,,,,-2147484000.0,,,,-7999.0,-7999.0,-7999.0,-7999.0,-7999.0,-7999.0,-7999.0,-7999.0,26.16,24.92,-0.038,0.0,0.0,0.0,60.0,59.9,74.7,0.0,275.3,274.0,276.0,0.0,0.0,0.0,618.0,1439241.0,42554.0,133065.0,1.0,0.979,0.748,0.921,0.003,0.004,0.006,0.008,0.01,0.006,0.008,0.0,0.0,0.0,0.0,0.0,0.0,0.0,52752.0,53548.0,53005.0,52841.0,53834.0,51219.0,46606.0,0.635,226.8,8.76,0.9,3.51,2.0,-1.0,13.57,0.022,0.22,3.0,2.0,0.0,0.0,25.37,25.38,24.9,25.1,25.2,28.21,25.1,25.39,25.02,33.67
2016-07-25 02:49:00-05:00,-8.672717,-3.0820959,571306,26.96,0.0,0.305,26.61,1.35,,,,,,,,,,,-2147484000.0,,,,-7999.0,-7999.0,-7999.0,-7999.0,-7999.0,-7999.0,-7999.0,-7999.0,26.11,24.88,-0.036,0.0,0.0,0.0,60.0,59.9,74.7,0.0,275.7,274.0,276.0,0.0,0.0,0.0,618.0,1439241.0,42554.0,133065.0,1.0,0.979,0.748,0.921,0.003,0.004,0.005,0.007,0.01,0.006,0.008,0.0,0.0,0.0,0.0,0.0,0.0,0.0,52752.0,53548.0,53005.0,52841.0,53834.0,51219.0,46606.0,,0.0,0.0,,,2.0,-1.0,13.57,0.022,0.22,3.0,2.0,0.0,0.0,25.37,25.38,24.82,25.06,25.2,28.26,25.1,25.29,25.05,33.65
2016-07-25 02:50:00-05:00,-8.672717,-3.0820959,571307,26.96,0.0,0.305,26.61,1.354,,,,,,,,,,,-2147484000.0,,,,-7999.0,-7999.0,-7999.0,-7999.0,-7999.0,-7999.0,-7999.0,-7999.0,26.11,24.83,-0.036,0.0,0.0,0.0,60.0,59.9,74.7,0.0,275.9,274.0,276.0,0.0,0.0,0.0,618.0,1439241.0,42554.0,133065.0,1.0,0.979,0.748,0.921,0.004,0.004,0.005,0.007,0.011,0.007,0.006,0.0,0.0,0.0,0.0,0.0,0.0,0.0,52752.0,53548.0,53005.0,52841.0,53834.0,51219.0,46606.0,0.315,199.0,20.23,0.4,3.512,2.0,-1.0,13.57,0.022,0.22,3.0,2.0,0.0,0.0,25.29,25.28,24.8,25.0,25.13,28.22,25.03,25.29,25.0,33.67
2016-07-25 02:51:00-05:00,-8.791522,-3.0820959,571308,26.96,0.0,0.305,26.58,1.35,,,,,,,,,,,-2147484000.0,,,,-7999.0,-7999.0,-7999.0,-7999.0,-7999.0,-7999.0,-7999.0,-7999.0,26.09,24.79,-0.038,0.0,0.0,0.0,60.0,59.9,74.7,0.0,276.0,274.0,276.0,0.0,0.0,0.0,618.0,1439241.0,42554.0,133065.0,1.0,0.979,0.748,0.921,0.003,0.004,0.005,0.007,0.01,0.007,0.007,0.0,0.0,0.0,0.0,0.0,0.0,0.0,52752.0,53548.0,53005.0,52841.0,53834.0,51219.0,46606.0,0.442,204.1,13.4,0.6,3.512,2.0,-1.0,13.57,0.022,0.22,3.0,2.0,0.0,0.0,25.27,25.28,24.8,25.0,25.1,28.13,25.0,25.29,24.97,33.67
2016-07-25 02:52:00-05:00,-9.02913,-3.0820959,571309,26.95,0.0,0.305,26.6,1.35,,,,,,,,,,,-2147484000.0,,,,-7999.0,-7999.0,-7999.0,-7999.0,-7999.0,-7999.0,-7999.0,-7999.0,26.04,24.75,-0.037,0.0,0.0,0.0,60.0,59.9,74.7,0.0,275.8,274.0,276.0,0.0,0.0,0.0,618.0,1439241.0,42554.0,133065.0,1.0,0.979,0.748,0.921,0.003,0.005,0.005,0.006,0.01,0.007,0.007,0.0,0.0,0.0,0.0,0.0,0.0,0.0,52752.0,53548.0,53005.0,52841.0,53834.0,51219.0,46606.0,,0.0,0.0,,,2.0,-1.0,13.57,0.022,0.22,3.0,2.0,0.0,0.0,25.26,25.27,24.8,25.0,25.1,28.13,25.0,25.29,24.94,33.62
2016-07-25 02:53:00-05:00,-9.147935,-3.0820959,571310,26.93,0.0,0.305,26.52,1.35,,,,,,,,,,,-2147484000.0,,,,-7999.0,-7999.0,-7999.0,-7999.0,-7999.0,-7999.0,-7999.0,-7999.0,26.01,24.72,-0.038,0.0,0.0,0.0,60.0,59.9,74.7,0.0,275.8,274.1,276.0,0.0,0.0,0.0,618.0,1439241.0,42554.0,133065.0,1.0,0.979,0.748,0.921,0.003,0.004,0.005,0.007,0.01,0.007,0.007,0.0,0.0,0.0,0.0,0.0,0.0,0.0,52752.0,53548.0,53005.0,52841.0,53834.0,51219.0,46606.0,0.31,155.0,20.55,0.5,3.51,2.0,-1.0,13.57,0.022,0.22,3.0,2.0,0.0,0.0,25.19,25.23,24.79,25.0,25.1,28.15,25.0,25.26,24.99,33.55
2016-07-25 02:54:00-05:00,-9.147935,-3.3062484,571311,26.93,0.0,0.305,26.55,1.35,,,,,,,,,,,-2147484000.0,,,,-7999.0,-7999.0,-7999.0,-7999.0,-7999.0,-7999.0,-7999.0,-7999.0,25.97,24.67,-0.038,0.0,0.0,0.0,60.0,59.9,74.7,0.0,276.0,275.0,276.0,0.0,0.0,0.0,618.0,1439241.0,42554.0,133065.0,1.0,0.979,0.748,0.921,0.003,0.004,0.006,0.007,0.01,0.006,0.007,0.0,0.0,0.0,0.0,0.0,0.0,0.0,52752.0,53548.0,53005.0,52841.0,53834.0,51219.0,46606.0,,0.0,0.0,,,2.0,-1.0,13.57,0.022,0.22,3.0,2.0,0.0,0.0,25.14,25.19,24.71,24.92,25.1,28.04,24.9,25.2,24.91,33.59
2016-07-25 02:55:00-05:00,-9.147935,-3.4183247,571312,26.93,0.0,0.305,26.54,1.35,,,,,,,,,,,-2147484000.0,,,,-7999.0,-7999.0,-7999.0,-7999.0,-7999.0,-7999.0,-7999.0,-7999.0,25.97,24.64,-0.038,0.0,0.0,0.0,60.0,59.9,74.7,0.0,276.0,275.0,276.0,0.0,0.0,0.0,618.0,1439241.0,42554.0,133065.0,1.0,0.979,0.748,0.921,0.003,0.005,0.006,0.007,0.01,0.007,0.006,0.0,0.0,0.0,0.0,0.0,0.0,0.0,52752.0,53548.0,53005.0,52841.0,53834.0,51219.0,46606.0,,0.0,0.0,,,2.5,-1.0,13.57,0.022,0.22,3.0,2.0,0.0,0.0,25.08,25.19,24.71,24.9,25.1,28.0,24.9,25.18,24.86,33.59
2016-07-25 02:56:00-05:00,-9.147935,-3.4183247,571313,26.91,0.0,0.305,26.48,1.329,,,,,,,,,,,-2147484000.0,,,,-7999.0,-7999.0,-7999.0,-7999.0,-7999.0,-7999.0,-7999.0,-7999.0,25.95,24.57,-0.038,0.0,0.0,0.0,60.0,59.9,74.7,0.0,276.0,275.0,276.0,0.0,0.0,0.0,618.0,1439241.0,42554.0,133065.0,1.0,0.979,0.748,0.921,0.003,0.004,0.006,0.007,0.01,0.007,0.007,0.0,0.0,0.0,0.0,0.0,0.0,0.0,52752.0,53548.0,53005.0,52841.0,53834.0,51219.0,46606.0,0.517,152.7,7.502,0.7,3.512,2.0,-1.0,13.57,0.021,0.22,3.0,2.0,0.0,0.0,25.08,25.12,24.64,24.89,25.01,27.87,24.9,25.1,24.9,33.59
2016-07-25 02:57:00-05:00,-9.504348,-3.4183247,571314,26.9,0.0,0.305,26.52,1.35,,,,,,,,,,,-2147484000.0,,,,-7999.0,-7999.0,-7999.0,-7999.0,-7999.0,-7999.0,-7999.0,-7999.0,25.94,24.54,-0.038,0.0,0.0,0.0,60.0,59.9,74.7,0.0,276.0,275.0,276.0,0.0,0.0,0.0,618.0,1439241.0,42554.0,133065.0,1.0,0.979,0.748,0.921,0.003,0.004,0.005,0.007,0.01,0.006,0.007,0.0,0.0,0.0,0.0,0.0,0.0,0.0,52752.0,53548.0,53005.0,52841.0,53834.0,51219.0,46606.0,,0.0,0.0,,,2.0,-1.0,13.57,0.021,0.22,3.0,2.0,0.0,0.0,25.0,25.09,24.61,24.8,25.0,27.79,24.87,25.1,24.82,33.58
2016-07-25 02:58:00-05:00,-9.741957,-3.4183247,571315,26.9,0.0,0.305,26.38,1.331,,,,,,,,,,,-2147484000.0,,,,-7999.0,-7999.0,-7999.0,-7999.0,-7999.0,-7999.0,-7999.0,-7999.0,25.91,24.48,-0.038,0.0,0.0,0.0,60.0,59.9,74.7,0.0,276.0,275.0,276.0,0.0,0.0,0.0,618.0,1439241.0,42554.0,133065.0,1.0,0.979,0.748,0.921,0.003,0.004,0.006,0.006,0.01,0.007,0.007,0.0,0.0,0.0,0.0,0.0,0.0,0.0,52752.0,53548.0,53005.0,52841.0,53834.0,51219.0,46606.0,0.513,164.8,8.69,0.8,3.512,2.0,-1.0,13.57,0.021,0.22,3.0,2.0,0.0,0.0,24.98,25.02,24.53,24.77,24.9,27.65,24.82,25.0,24.8,33.51
2016-07-25 02:59:00-05:00,-9.979566,-3.530401,571316,26.9,0.0,0.305,26.24,1.453,,,,,,,,,,,-2147484000.0,,,,-7999.0,-7999.0,-7999.0,-7999.0,-7999.0,-7999.0,-7999.0,-7999.0,25.82,24.4,-0.038,0.0,0.0,0.0,60.0,59.9,74.7,0.0,276.0,275.0,276.0,0.0,0.0,0.0,618.0,1439241.0,42554.0,133065.0,1.0,0.979,0.748,0.921,0.003,0.005,0.006,0.007,0.011,0.006,0.007,0.0,0.0,0.0,0.0,0.0,0.0,0.0,52752.0,53548.0,53005.0,52841.0,53834.0,51219.0,46606.0,0.423,161.9,11.13,0.6,3.512,2.0,-1.0,13.57,0.021,0.22,3.0,2.0,0.0,0.0,24.88,24.99,24.51,24.71,24.87,27.46,24.8,24.98,24.74,33.49
2016-07-25 03:00:00-05:00,-9.979566,-3.7545533,571317,26.88,0.0,0.305,26.24,1.35,,,,,,,,,,,-2147484000.0,,,,-7999.0,-7999.0,-7999.0,-7999.0,-7999.0,-7999.0,-7999.0,-7999.0,25.75,24.33,-0.038,0.0,0.0,0.0,60.0,59.9,74.7,0.0,276.0,275.0,276.0,0.0,0.0,0.0,618.0,1439241.0,42554.0,133065.0,1.0,0.979,0.748,0.921,0.003,0.004,0.006,0.006,0.009,0.006,0.007,0.0,0.0,0.0,0.0,0.0,0.0,0.0,52752.0,53548.0,53005.0,52841.0,53834.0,51219.0,46606.0,0.455,169.1,11.54,0.6,3.51,2.0,-1.0,13.57,0.021,0.22,3.0,2.0,0.0,0.0,24.79,24.89,24.43,24.67,24.8,27.54,24.71,24.9,24.7,33.49
2016-07-25 03:01:00-05:00,-10.09837,-3.7545533,571318,26.87,0.0,0.305,26.18,1.499,,,,,,,,,,,-2147484000.0,,,,-7999.0,-7999.0,-7999.0,-7999.0,-7999.0,-7999.0,-7999.0,-7999.0,25.72,24.26,-0.038,0.0,0.0,0.0,60.0,59.9,74.7,0.0,276.0,274.3,276.0,0.0,0.0,0.0,618.0,1439241.0,42554.0,133065.0,1.0,0.979,0.748,0.921,0.003,0.005,0.005,0.007,0.01,0.006,0.008,0.0,0.0,0.0,0.0,0.0,0.0,0.0,52752.0,53548.0,53005.0,52841.0,53834.0,51219.0,46606.0,,0.0,0.0,,,2.0,-1.0,13.57,0.021,0.22,3.0,2.0,0.0,0.0,24.7,24.83,24.41,24.61,24.72,27.49,24.69,24.87,24.64,33.49
2016-07-25 03:02:00-05:00,-10.3359785,-3.7545533,571319,26.85,0.0,0.305,26.17,1.404,,,,,,,,,,,-2147484000.0,,,,-7999.0,-7999.0,-7999.0,-7999.0,-7999.0,-7999.0,-7999.0,-7999.0,25.71,24.19,-0.038,0.0,0.0,0.0,60.0,59.9,74.7,0.0,276.0,274.0,276.0,0.0,0.0,0.0,618.0,1439241.0,42554.0,133065.0,1.0,0.979,0.748,0.921,0.004,0.004,0.005,0.007,0.01,0.006,0.007,0.0,0.0,0.0,0.0,0.0,0.0,0.0,52752.0,53548.0,53005.0,52841.0,53834.0,51219.0,46606.0,0.522,175.4,11.13,0.7,3.512,2.0,-1.0,13.57,0.021,0.22,3.0,2.0,0.0,0.0,24.69,24.8,24.35,24.56,24.71,27.44,24.61,24.8,24.61,33.49
2016-07-25 03:03:00-05:00,-10.3359785,-3.7545533,571320,26.84,0.0,0.305,26.16,1.368,,,,,,,,,,,-2147484000.0,,,,-7999.0,-7999.0,-7999.0,-7999.0,-7999.0,-7999.0,-7999.0,-7999.0,25.69,24.14,-0.038,0.0,0.0,0.0,60.0,59.9,74.7,0.0,275.6,274.0,276.0,0.0,0.0,0.0,618.0,1439241.0,42554.0,133065.0,1.0,0.979,0.748,0.921,0.003,0.004,0.006,0.007,0.01,0.007,0.007,0.0,0.0,0.0,0.0,0.0,0.0,0.0,52752.0,53548.0,53005.0,52841.0,53834.0,51219.0,46606.0,0.563,167.8,5.664,0.7,3.512,2.0,-1.0,13.58,0.021,0.22,3.0,2.0,0.0,0.0,24.62,24.78,24.32,24.51,24.68,27.46,24.61,24.72,24.54,33.41
2016-07-25 03:04:00-05:00,-10.3359785,-3.8666298,571321,26.83,0.0,0.305,26.15,1.554,,,,,,,,,,,-2147484000.0,,,,-7999.0,-7999.0,-7999.0,-7999.0,-7999.0,-7999.0,-7999.0,-7999.0,25.66,24.1,-0.038,0.0,0.0,0.0,60.0,59.9,74.7,0.0,275.9,274.0,276.0,0.0,0.0,0.0,618.0,1439241.0,42554.0,133065.0,1.0,0.979,0.748,0.921,0.004,0.004,0.005,0.007,0.009,0.006,0.007,0.0,0.0,0.0,0.0,0.0,0.0,0.0,52752.0,53548.0,53005.0,52841.0,53834.0,51219.0,46606.0,0.492,161.2,9.26,0.6,3.51,2.0,-1.0,13.57,0.021,0.22,3.0,2.0,0.0,0.0,24.59,24.7,24.25,24.48,24.61,27.54,24.51,24.71,24.49,33.39
2016-07-25 03:05:00-05:00,-10.3359785,-3.8666298,571322,26.82,0.0,0.305,26.07,1.743,,,,,,,,,,,-2147484000.0,,,,-7999.0,-7999.0,-7999.0,-7999.0,-7999.0,-7999.0,-7999.0,-7999.0,25.62,24.04,-0.037,0.0,0.0,0.0,60.0,59.9,74.7,0.0,276.0,274.0,276.0,0.0,0.0,0.0,618.0,1439241.0,42554.0,133065.0,1.0,0.979,0.748,0.921,0.004,0.005,0.006,0.005,0.01,0.006,0.007,0.0,0.0,0.0,0.0,0.0,0.0,0.0,52752.0,53548.0,53005.0,52841.0,53834.0,51219.0,46606.0,0.515,159.2,9.58,0.7,3.512,2.0,-1.0,13.57,0.021,0.22,3.0,2.0,0.0,0.0,24.51,24.68,24.22,24.41,24.58,27.66,24.51,24.66,24.43,33.39
2016-07-25 03:06:00-05:00,-10.3359785,-3.978706,571323,26.81,0.0,0.305,26.11,1.707,,,,,,,,,,,-2147484000.0,,,,-7999.0,-7999.0,-7999.0,-7999.0,-7999.0,-7999.0,-7999.0,-7999.0,25.61,24.0,-0.038,0.0,0.0,0.0,60.0,59.9,74.7,0.0,275.2,274.0,276.0,0.0,0.0,0.0,618.0,1439241.0,42554.0,133065.0,1.0,0.979,0.748,0.921,0.003,0.004,0.005,0.007,0.01,0.007,0.007,0.0,0.0,0.0,0.0,0.0,0.0,0.0,52752.0,53548.0,53005.0,52841.0,53834.0,51219.0,46606.0,0.567,140.9,10.32,0.8,3.512,2.0,-1.0,13.57,0.021,0.22,3.0,2.0,0.0,0.0,24.49,24.6,24.12,24.41,24.56,27.42,24.49,24.61,24.44,33.39
2016-07-25 03:07:00-05:00,-10.3359785,-4.2028584,571324,26.78,0.0,0.305,26.1,1.7,,,,,,,,,,,-2147484000.0,,,,-7999.0,-7999.0,-7999.0,-7999.0,-7999.0,-7999.0,-7999.0,-7999.0,25.53,23.97,-0.037,0.0,0.0,0.0,60.0,59.9,74.7,0.0,275.1,274.0,276.0,0.0,0.0,0.0,618.0,1439241.0,42554.0,133065.0,1.0,0.979,0.748,0.921,0.003,0.003,0.006,0.007,0.01,0.007,0.007,0.0,0.0,0.0,0.0,0.0,0.0,0.0,52752.0,53548.0,53005.0,52841.0,53834.0,51219.0,46606.0,,0.0,0.0,,,2.0,-1.0,13.57,0.021,0.22,3.0,2.0,0.0,0.0,24.41,24.6,24.12,24.33,24.51,27.28,24.41,24.54,24.34,33.39
2016-07-25 03:08:00-05:00,-10.3359785,-4.2028584,571325,26.78,0.0,0.305,25.99,1.419,,,,,,,,,,,-2147484000.0,,,,-7999.0,-7999.0,-7999.0,-7999.0,-7999.0,-7999.0,-7999.0,-7999.0,25.5,23.94,-0.038,0.0,0.0,0.0,60.0,59.9,74.7,0.0,275.6,274.0,276.0,0.0,0.0,0.0,618.0,1439241.0,42554.0,133065.0,1.0,0.979,0.748,0.921,0.003,0.003,0.005,0.007,0.01,0.006,0.007,0.0,0.0,0.0,0.0,0.0,0.0,0.0,52752.0,53548.0,53005.0,52841.0,53834.0,51219.0,46606.0,0.627,133.3,9.71,0.8,3.512,2.0,-1.0,13.57,0.021,0.22,3.0,2.0,0.0,0.0,24.4,24.54,24.12,24.32,24.51,27.33,24.41,24.51,24.33,33.31
2016-07-25 03:09:00-05:00,-10.3359785,-4.2028584,571326,26.77,0.0,0.305,25.95,1.576,,,,,,,,,,,-2147484000.0,,,,-7999.0,-7999.0,-7999.0,-7999.0,-7999.0,-7999.0,-7999.0,-7999.0,25.5,23.9,-0.038,0.0,0.0,0.0,60.0,59.9,74.7,0.0,275.7,274.0,276.0,0.0,0.0,0.0,618.0,1439241.0,42554.0,133065.0,1.0,0.979,0.748,0.921,0.003,0.004,0.006,0.007,0.01,0.007,0.007,0.0,0.0,0.0,0.0,0.0,0.0,0.0,52752.0,53548.0,53005.0,52841.0,53834.0,51219.0,46606.0,0.568,125.3,4.475,0.7,3.51,2.0,-1.0,13.57,0.021,0.22,3.0,2.0,0.0,0.0,24.3,24.5,24.06,24.28,24.46,27.18,24.33,24.51,24.3,33.3
2016-07-25 03:10:00-05:00,-10.3359785,-4.2028584,571327,26.74,0.0,0.305,25.99,1.116,,,,,,,,,,,-2147484000.0,,,,-7999.0,-7999.0,-7999.0,-7999.0,-7999.0,-7999.0,-7999.0,-7999.0,25.5,23.85,-0.038,0.0,0.0,0.0,60.0,59.9,74.7,0.0,275.2,274.0,276.0,0.0,0.0,0.0,618.0,1439241.0,42554.0,133065.0,1.0,0.979,0.748,0.921,0.003,0.004,0.006,0.006,0.01,0.006,0.007,0.0,0.0,0.0,0.0,0.0,0.0,0.0,52752.0,53548.0,53005.0,52841.0,53834.0,51219.0,46606.0,0.412,124.3,5.323,0.5,3.512,2.0,-1.0,13.57,0.021,0.22,3.0,2.0,0.0,0.0,24.3,24.5,24.02,24.22,24.43,27.0,24.28,24.46,24.25,33.3
2016-07-25 03:11:00-05:00,-10.3359785,-4.2028584,571328,26.73,0.0,0.305,25.96,1.08,,,,,,,,,,,-2147484000.0,,,,-7999.0,-7999.0,-7999.0,-7999.0,-7999.0,-7999.0,-7999.0,-7999.0,25.49,23.79,-0.037,0.0,0.0,0.0,60.0,59.9,74.7,0.0,275.0,274.0,276.0,0.0,0.0,0.0,618.0,1439241.0,42554.0,133065.0,1.0,0.979,0.748,0.921,0.003,0.005,0.006,0.008,0.01,0.006,0.007,0.0,0.0,0.0,0.0,0.0,0.0,0.0,52752.0,53548.0,53005.0,52841.0,53834.0,51219.0,46606.0,0.438,119.1,5.655,0.5,3.512,2.0,-1.0,13.57,0.021,0.22,3.0,2.0,0.0,0.0,24.3,24.41,23.99,24.22,24.41,26.89,24.22,24.41,24.22,33.26
2016-07-25 03:12:00-05:00,-10.3359785,-4.2028584,571329,26.68,0.0,0.305,25.97,1.08,,,,,,,,,,,-2147484000.0,,,,-7999.0,-7999.0,-7999.0,-7999.0,-7999.0,-7999.0,-7999.0,-7999.0,25.51,23.77,-0.038,0.0,0.0,0.0,60.0,59.9,74.7,0.0,274.5,273.5,275.4,0.0,0.0,0.0,618.0,1439241.0,42554.0,133065.0,1.0,0.979,0.748,0.921,0.004,0.004,0.005,0.007,0.01,0.006,0.006,0.0,0.0,0.0,0.0,0.0,0.0,0.0,52752.0,53548.0,53005.0,52841.0,53834.0,51219.0,46606.0,0.398,103.7,7.571,0.5,3.512,2.0,-1.0,13.58,0.021,0.22,3.0,2.0,0.0,0.0,24.2,24.41,23.93,24.15,24.41,26.81,24.19,24.41,24.15,33.2
2016-07-25 03:13:00-05:00,-10.3359785,-4.0907817,571330,26.68,0.0,0.305,25.94,1.08,,,,,,,,,,,-2147484000.0,,,,-7999.0,-7999.0,-7999.0,-7999.0,-7999.0,-7999.0,-7999.0,-7999.0,25.47,23.74,-0.037,0.0,0.0,0.0,60.0,59.9,74.7,0.0,274.0,273.0,274.6,0.0,0.0,0.0,618.0,1439241.0,42554.0,133065.0,1.0,0.979,0.748,0.921,0.003,0.004,0.006,0.007,0.01,0.007,0.007,0.0,0.0,0.0,0.0,0.0,0.0,0.0,52752.0,53548.0,53005.0,52841.0,53834.0,51219.0,46606.0,0.302,99.0,8.16,0.5,3.512,2.0,-1.0,13.58,0.021,0.22,3.0,2.0,0.0,0.0,24.2,24.41,23.91,24.12,24.36,26.59,24.12,24.35,24.08,33.2
2016-07-25 03:14:00-05:00,-10.3359785,-3.978706,571331,26.65,0.0,0.305,25.98,1.082,,,,,,,,,,,-2147484000.0,,,,-7999.0,-7999.0,-7999.0,-7999.0,-7999.0,-7999.0,-7999.0,-7999.0,25.45,23.72,-0.037,0.0,0.0,0.0,60.0,59.9,74.7,0.0,274.0,273.0,274.5,0.0,0.0,0.0,618.0,1439241.0,42554.0,133065.0,1.0,0.979,0.748,0.921,0.003,0.005,0.006,0.007,0.01,0.006,0.007,0.0,0.0,0.0,0.0,0.0,0.0,0.0,52752.0,53548.0,53005.0,52841.0,53834.0,51219.0,46606.0,0.323,126.3,9.41,0.4,3.512,2.0,-1.0,13.58,0.021,0.22,3.0,2.0,0.0,0.0,24.2,24.41,23.86,24.12,24.32,26.47,24.12,24.32,24.05,33.2
2016-07-25 03:15:00-05:00,-10.3359785,-3.8666298,571332,26.64,0.0,0.305,25.97,1.234,,,,,,,,,,,-2147484000.0,,,,-7999.0,-7999.0,-7999.0,-7999.0,-7999.0,-7999.0,-7999.0,-7999.0,25.45,23.68,-0.038,0.0,0.0,0.0,60.0,59.9,74.7,0.0,273.9,272.9,274.1,0.0,0.0,0.0,618.0,1439241.0,42554.0,133065.0,1.0,0.979,0.748,0.921,0.003,0.004,0.006,0.007,0.009,0.007,0.007,0.0,0.0,0.0,0.0,0.0,0.0,0.0,52752.0,53548.0,53005.0,52841.0,53834.0,51219.0,46606.0,0.243,186.2,12.64,0.4,3.51,2.0,-1.0,13.57,0.021,0.22,3.0,2.0,0.0,0.0,24.2,24.39,23.88,24.12,24.32,26.42,24.09,24.32,24.05,33.18
2016-07-25 03:16:00-05:00,-10.3359785,-3.7545533,571333,26.62,0.0,0.305,25.91,1.398,,,,,,,,,,,-2147484000.0,,,,-7999.0,-7999.0,-7999.0,-7999.0,-7999.0,-7999.0,-7999.0,-7999.0,25.43,23.66,-0.038,0.0,0.0,0.0,60.0,59.9,74.7,0.0,274.5,273.5,274.9,0.0,0.0,0.0,618.0,1439241.0,42554.0,133065.0,1.0,0.979,0.748,0.921,0.003,0.005,0.006,0.007,0.011,0.007,0.007,0.0,0.0,0.0,0.0,0.0,0.0,0.0,52752.0,53548.0,53005.0,52841.0,53834.0,51219.0,46606.0,0.27,201.2,13.32,0.4,3.512,2.0,-1.0,13.58,0.021,0.22,3.0,2.0,0.0,0.0,24.15,24.31,23.83,24.1,24.22,26.39,24.06,24.32,24.05,33.17
2016-07-25 03:17:00-05:00,-10.3359785,-3.7545533,571334,26.62,0.0,0.305,25.9,1.791,,,,,,,,,,,-2147484000.0,,,,-7999.0,-7999.0,-7999.0,-7999.0,-7999.0,-7999.0,-7999.0,-7999.0,25.41,23.61,-0.022,0.0,0.0,0.0,60.0,59.9,74.7,0.0,279.6,278.6,279.6,0.0,0.0,0.0,618.0,1439241.0,42554.0,133065.0,1.0,0.979,0.748,0.921,0.003,0.004,0.006,0.007,0.009,0.006,0.007,0.0,0.0,0.0,0.0,0.0,0.0,0.0,52752.0,53548.0,53005.0,52841.0,53834.0,51219.0,46606.0,0.34,189.4,12.99,0.5,3.512,2.0,-1.0,13.57,0.021,0.22,3.0,2.0,0.0,0.0,24.1,24.31,23.81,24.1,24.22,26.42,24.02,24.22,24.02,33.1
2016-07-25 03:18:00-05:00,-10.3359785,-3.7545533,571335,26.59,0.0,0.305,25.89,1.815,,,,,,,,,,,-2147484000.0,,,,-7999.0,-7999.0,-7999.0,-7999.0,-7999.0,-7999.0,-7999.0,-7999.0,25.36,23.58,-0.029,0.0,0.0,0.0,60.0,59.9,74.7,0.0,279.0,278.0,279.0,0.0,0.0,0.0,618.0,1439241.0,42554.0,133065.0,1.0,0.979,0.748,0.921,0.003,0.005,0.006,0.007,0.01,0.006,0.007,0.0,0.0,0.0,0.0,0.0,0.0,0.0,52752.0,53548.0,53005.0,52841.0,53834.0,51219.0,46606.0,0.153,203.8,35.04,0.3,3.512,2.0,-1.0,13.57,0.021,0.22,3.0,2.0,0.0,0.0,24.1,24.31,23.79,24.09,24.2,26.32,24.02,24.22,23.95,33.1
2016-07-25 03:19:00-05:00,-10.3359785,-3.8666298,571336,26.59,0.0,0.305,25.82,2.238,,,,,,,,,,,-2147484000.0,,,,-7999.0,-7999.0,-7999.0,-7999.0,-7999.0,-7999.0,-7999.0,-7999.0,25.35,23.56,-0.037,0.0,0.0,0.0,60.0,59.9,74.7,0.0,279.0,278.0,279.0,0.0,0.0,0.0,618.0,1439241.0,42554.0,133065.0,1.0,0.979,0.748,0.921,0.003,0.003,0.006,0.007,0.01,0.006,0.007,0.0,0.0,0.0,0.0,0.0,0.0,0.0,52752.0,53548.0,53005.0,52841.0,53834.0,51219.0,46606.0,0.167,237.9,15.3,0.3,3.512,2.0,-1.0,13.57,0.021,0.22,3.0,2.0,0.0,0.0,24.01,24.22,23.73,24.02,24.16,26.28,23.97,24.22,23.95,33.07
2016-07-25 03:20:00-05:00,-10.573587,-4.0907817,571337,26.56,0.0,0.305,25.81,2.03,,,,,,,,,,,-2147484000.0,,,,-7999.0,-7999.0,-7999.0,-7999.0,-7999.0,-7999.0,-7999.0,-7999.0,25.28,23.53,-0.038,0.0,0.0,0.0,60.0,59.9,74.7,0.0,279.0,278.0,279.0,0.0,0.0,0.0,618.0,1439241.0,42554.0,133065.0,1.0,0.979,0.748,0.921,0.003,0.004,0.006,0.007,0.01,0.007,0.007,0.0,0.0,0.0,0.0,0.0,0.0,0.0,52752.0,53548.0,53005.0,52841.0,53834.0,51219.0,46606.0,0.28,227.7,15.24,0.4,3.512,2.0,-1.0,13.57,0.021,0.22,3.0,2.0,0.0,0.0,24.01,24.21,23.73,24.02,24.12,26.27,23.93,24.22,23.95,33.0
2016-07-25 03:21:00-05:00,-10.692391,-4.2028584,571338,26.55,0.0,0.305,25.76,2.097,,,,,,,,,,,-2147484000.0,,,,-7999.0,-7999.0,-7999.0,-7999.0,-7999.0,-7999.0,-7999.0,-7999.0,25.26,23.53,-0.038,0.0,0.0,0.0,60.0,59.9,74.7,0.0,279.0,278.0,279.0,0.0,0.0,0.0,618.0,1439241.0,42554.0,133065.0,1.0,0.979,0.748,0.921,0.003,0.004,0.005,0.007,0.01,0.006,0.008,0.0,0.0,0.0,0.0,0.0,0.0,0.0,52752.0,53548.0,53005.0,52841.0,53834.0,51219.0,46606.0,0.283,198.3,14.73,0.4,3.512,2.0,-1.0,13.57,0.021,0.22,3.0,2.0,0.0,0.0,24.01,24.21,23.73,24.01,24.12,26.27,23.93,24.15,23.92,33.0
2016-07-25 03:22:00-05:00,-10.692391,-4.2028584,571339,26.53,0.0,0.305,25.77,3.829,,,,,,,,,,,-2147484000.0,,,,-7999.0,-7999.0,-7999.0,-7999.0,-7999.0,-7999.0,-7999.0,-7999.0,25.25,23.5,-0.038,0.0,0.0,0.0,60.0,59.9,74.7,0.0,279.0,278.0,279.0,0.0,0.0,0.0,618.0,1439241.0,42554.0,133065.0,1.0,0.979,0.748,0.921,0.003,0.004,0.005,0.007,0.01,0.006,0.007,0.0,0.0,0.0,0.0,0.0,0.0,0.0,52752.0,53548.0,53005.0,52841.0,53834.0,51219.0,46606.0,0.202,234.5,18.36,0.3,3.512,2.0,-1.0,13.58,0.021,0.22,3.0,2.0,0.0,0.0,24.01,24.23,23.73,23.98,24.12,26.29,23.93,24.12,23.89,33.0
2016-07-25 03:23:00-05:00,-10.692391,-4.2028584,571340,26.51,0.0,0.305,25.79,2.402,,,,,,,,,,,-2147484000.0,,,,-7999.0,-7999.0,-7999.0,-7999.0,-7999.0,-7999.0,-7999.0,-7999.0,25.27,23.5,-0.038,0.0,0.0,0.0,60.0,59.9,74.7,0.0,279.0,278.0,279.0,0.0,0.0,0.0,618.0,1439241.0,42554.0,133065.0,1.0,0.979,0.748,0.921,0.003,0.004,0.005,0.007,0.01,0.006,0.008,0.0,0.0,0.0,0.0,0.0,0.0,0.0,52752.0,53548.0,53005.0,52841.0,53834.0,51219.0,46606.0,,0.0,0.0,,,2.0,-1.0,13.57,0.021,0.22,3.0,2.0,0.0,0.0,24.01,24.21,23.65,24.01,24.09,26.29,23.91,24.12,23.86,33.0
2016-07-25 03:24:00-05:00,-10.692391,-4.2028584,571341,26.5,0.0,0.305,25.79,2.295,,,,,,,,,,,-2147484000.0,,,,-7999.0,-7999.0,-7999.0,-7999.0,-7999.0,-7999.0,-7999.0,-7999.0,25.32,23.52,-0.037,0.0,0.0,0.0,60.0,59.9,74.7,0.0,279.0,278.0,279.0,0.0,0.0,0.0,618.0,1439241.0,42554.0,133065.0,1.0,0.979,0.748,0.921,0.003,0.004,0.006,0.006,0.01,0.007,0.007,0.0,0.0,0.0,0.0,0.0,0.0,0.0,52752.0,53548.0,53005.0,52841.0,53834.0,51219.0,46606.0,0.553,291.4,10.86,0.8,3.512,2.0,-1.0,13.57,0.021,0.22,3.0,2.0,0.0,0.0,24.01,24.14,23.63,23.97,24.05,26.35,23.84,24.12,23.86,32.99
2016-07-25 03:25:00-05:00,-10.692391,-4.2028584,571342,26.48,0.0,0.305,25.9,2.295,,,,,,,,,,,-2147484000.0,,,,-7999.0,-7999.0,-7999.0,-7999.0,-7999.0,-7999.0,-7999.0,-7999.0,25.36,23.54,-0.038,0.0,0.0,0.0,60.0,59.9,74.7,0.0,279.0,278.0,279.0,0.0,0.0,0.0,618.0,1439241.0,42554.0,133065.0,1.0,0.979,0.748,0.921,0.003,0.005,0.005,0.007,0.011,0.007,0.006,0.0,0.0,0.0,0.0,0.0,0.0,0.0,52752.0,53548.0,53005.0,52841.0,53834.0,51219.0,46606.0,,0.0,0.0,,,2.0,-1.0,13.57,0.021,0.22,3.0,2.0,0.0,0.0,24.01,24.13,23.63,23.93,24.04,26.47,23.83,24.09,23.86,32.93
2016-07-25 03:26:00-05:00,-10.692391,-4.2028584,571343,26.47,0.0,0.305,25.83,2.066,,,,,,,,,,,-2147484000.0,,,,-7999.0,-7999.0,-7999.0,-7999.0,-7999.0,-7999.0,-7999.0,-7999.0,25.3,23.49,-0.037,0.0,0.0,0.0,60.0,59.9,74.7,0.0,277.1,276.0,277.6,0.0,0.0,0.0,618.0,1439241.0,42554.0,133065.0,1.0,0.979,0.748,0.921,0.003,0.004,0.005,0.007,0.01,0.006,0.007,0.0,0.0,0.0,0.0,0.0,0.0,0.0,52752.0,53548.0,53005.0,52841.0,53834.0,51219.0,46606.0,0.437,332.7,9.74,0.6,3.513,2.0,-1.0,13.57,0.021,0.22,3.0,2.0,0.0,0.0,24.01,24.11,23.62,23.93,24.02,26.47,23.83,24.12,23.84,32.91
2016-07-25 03:27:00-05:00,-10.3359785,-4.2028584,571344,26.45,0.0,0.305,25.86,2.115,,,,,,,,,,,-2147484000.0,,,,-7999.0,-7999.0,-7999.0,-7999.0,-7999.0,-7999.0,-7999.0,-7999.0,25.29,23.51,-0.038,0.0,0.0,0.0,60.0,59.9,74.7,0.0,276.0,275.0,276.0,0.0,0.0,0.0,618.0,1439241.0,42554.0,133065.0,1.0,0.979,0.748,0.921,0.003,0.004,0.005,0.007,0.009,0.007,0.007,0.0,0.0,0.0,0.0,0.0,0.0,0.0,52752.0,53548.0,53005.0,52841.0,53834.0,51219.0,46606.0,0.452,327.2,5.812,0.6,3.512,2.0,-1.0,13.57,0.021,0.22,3.0,2.0,0.0,0.0,23.96,24.11,23.62,23.93,23.99,26.46,23.83,24.19,23.84,32.91
2016-07-25 03:28:00-05:00,-10.217174,-4.2028584,571345,26.43,0.0,0.305,25.82,2.238,,,,,,,,,,,-2147484000.0,,,,-7999.0,-7999.0,-7999.0,-7999.0,-7999.0,-7999.0,-7999.0,-7999.0,25.32,23.47,-0.038,0.0,0.0,0.0,60.0,59.9,74.7,0.0,276.0,275.0,276.0,0.0,0.0,0.0,618.0,1439241.0,42554.0,133065.0,1.0,0.979,0.748,0.921,0.003,0.003,0.006,0.007,0.011,0.007,0.007,0.0,0.0,0.0,0.0,0.0,0.0,0.0,52752.0,53548.0,53005.0,52841.0,53834.0,51219.0,46606.0,0.358,319.8,18.99,0.5,3.512,2.0,-1.0,13.57,0.021,0.22,3.0,2.0,0.0,0.0,23.91,24.11,23.58,23.93,23.94,26.3,23.81,24.12,23.86,32.91
2016-07-25 03:29:00-05:00,-9.979566,-4.2028584,571346,26.41,0.0,0.305,25.87,2.079,,,,,,,,,,,-2147484000.0,,,,-7999.0,-7999.0,-7999.0,-7999.0,-7999.0,-7999.0,-7999.0,-7999.0,25.32,23.46,-0.037,0.0,0.0,0.0,60.0,59.9,74.7,0.0,276.0,275.0,276.0,0.0,0.0,0.0,618.0,1439241.0,42554.0,133065.0,1.0,0.979,0.748,0.921,0.003,0.004,0.006,0.007,0.009,0.007,0.007,0.0,0.0,0.0,0.0,0.0,0.0,0.0,52752.0,53548.0,53005.0,52841.0,53834.0,51219.0,46606.0,,0.0,0.0,,,2.0,-1.0,13.57,0.021,0.22,3.0,2.0,0.0,0.0,23.91,24.13,23.57,23.93,23.93,26.29,23.73,24.12,23.84,32.87
2016-07-25 03:30:00-05:00,-9.979566,-4.2028584,571347,26.39,0.0,0.305,25.91,2.055,,,,,,,,,,,-2147484000.0,,,,-7999.0,-7999.0,-7999.0,-7999.0,-7999.0,-7999.0,-7999.0,-7999.0,25.32,23.41,-0.037,0.0,0.0,0.0,60.0,59.9,74.7,0.0,276.0,275.0,276.0,0.0,0.0,0.0,618.0,1439241.0,42554.0,133065.0,1.0,0.979,0.748,0.921,0.003,0.005,0.006,0.006,0.01,0.007,0.007,0.0,0.0,0.0,0.0,0.0,0.0,0.0,52752.0,53548.0,53005.0,52841.0,53834.0,51219.0,46606.0,0.308,275.8,17.87,0.5,3.512,2.5,-1.0,13.57,0.021,0.22,3.0,2.0,0.0,0.0,23.91,24.17,23.54,23.91,23.99,26.2,23.73,24.12,23.77,32.81
2016-07-25 03:31:00-05:00,-9.979566,-4.2028584,571348,26.37,0.0,0.305,25.91,2.133,,,,,,,,,,,-2147484000.0,,,,-7999.0,-7999.0,-7999.0,-7999.0,-7999.0,-7999.0,-7999.0,-7999.0,25.33,23.42,-0.038,0.0,0.0,0.0,60.0,59.9,74.7,0.0,276.0,275.0,276.0,0.0,0.0,0.0,618.0,1439241.0,42554.0,133065.0,1.0,0.979,0.748,0.921,0.003,0.004,0.006,0.006,0.01,0.006,0.007,0.0,0.0,0.0,0.0,0.0,0.0,0.0,52752.0,53548.0,53005.0,52841.0,53834.0,51219.0,46606.0,0.278,269.1,13.34,0.4,3.512,2.0,-1.0,13.57,0.021,0.22,3.0,2.0,0.0,0.0,23.91,24.06,23.54,23.91,23.93,26.17,23.73,24.12,23.77,32.81
2016-07-25 03:32:00-05:00,-9.979566,-4.2028584,571349,26.37,0.0,0.305,25.9,2.111,,,,,,,,,,,-2147484000.0,,,,-7999.0,-7999.0,-7999.0,-7999.0,-7999.0,-7999.0,-7999.0,-7999.0,25.28,23.34,-0.038,0.0,0.0,0.0,60.0,59.9,74.7,0.0,276.0,275.0,276.0,0.0,0.0,0.0,618.0,1439241.0,42554.0,133065.0,1.0,0.979,0.748,0.921,0.003,0.004,0.006,0.006,0.009,0.006,0.006,0.0,0.0,0.0,0.0,0.0,0.0,0.0,52752.0,53548.0,53005.0,52841.0,53834.0,51219.0,46606.0,0.398,264.8,16.8,0.6,3.512,2.0,-1.0,13.57,0.021,0.22,3.0,2.0,0.0,0.0,23.91,24.09,23.54,23.84,23.88,26.15,23.73,24.11,23.76,32.81
2016-07-25 03:33:00-05:00,-9.979566,-4.2028584,571350,26.34,0.0,0.305,25.97,2.136,,,,,,,,,,,-2147484000.0,,,,-7999.0,-7999.0,-7999.0,-7999.0,-7999.0,-7999.0,-7999.0,-7999.0,25.29,23.35,-0.038,0.0,0.0,0.0,60.0,59.9,74.7,0.0,276.0,275.0,276.0,0.0,0.0,0.0,618.0,1439241.0,42554.0,133065.0,1.0,0.979,0.748,0.921,0.003,0.004,0.006,0.007,0.01,0.007,0.007,0.0,0.0,0.0,0.0,0.0,0.0,0.0,52752.0,53548.0,53005.0,52841.0,53834.0,51219.0,46606.0,0.482,276.7,12.29,0.7,3.512,2.0,-1.0,13.57,0.021,0.22,3.0,2.0,0.0,0.0,23.83,24.08,23.5,23.84,23.83,26.15,23.63,24.08,23.74,32.79
2016-07-25 03:34:00-05:00,-9.979566,-3.8666298,571351,26.33,0.0,0.305,25.97,2.122,,,,,,,,,,,-2147484000.0,,,,-7999.0,-7999.0,-7999.0,-7999.0,-7999.0,-7999.0,-7999.0,-7999.0,25.32,23.35,-0.037,0.0,0.0,0.0,60.0,59.9,74.7,0.0,276.0,275.0,276.0,0.0,0.0,0.0,618.0,1439241.0,42554.0,133065.0,1.0,0.979,0.748,0.921,0.004,0.004,0.005,0.007,0.01,0.007,0.006,0.0,0.0,0.0,0.0,0.0,0.0,0.0,52752.0,53548.0,53005.0,52841.0,53834.0,51219.0,46606.0,,0.0,0.0,,,2.0,-1.0,13.57,0.02,0.22,3.0,2.0,0.0,0.0,23.89,24.11,23.49,23.75,23.83,26.21,23.63,24.02,23.68,32.73
2016-07-25 03:35:00-05:00,-9.741957,-3.7545533,571352,26.31,0.0,0.305,26.0,2.413,,,,,,,,,,,-2147484000.0,,,,-7999.0,-7999.0,-7999.0,-7999.0,-7999.0,-7999.0,-7999.0,-7999.0,25.35,23.37,-0.038,0.0,0.0,0.0,60.0,59.9,74.7,0.0,276.0,275.0,276.0,0.0,0.0,0.0,618.0,1439241.0,42554.0,133065.0,1.0,0.979,0.748,0.921,0.003,0.004,0.005,0.007,0.01,0.006,0.007,0.0,0.0,0.0,0.0,0.0,0.0,0.0,52752.0,53548.0,53005.0,52841.0,53834.0,51219.0,46606.0,,0.0,0.0,,,2.0,-1.0,13.57,0.02,0.22,3.0,2.0,0.0,0.0,23.87,24.09,23.44,23.77,23.84,26.35,23.63,24.04,23.66,32.73
2016-07-25 03:36:00-05:00,-9.623153,-3.7545533,571353,26.29,0.0,0.305,26.05,2.295,,,,,,,,,,,-2147484000.0,,,,-7999.0,-7999.0,-7999.0,-7999.0,-7999.0,-7999.0,-7999.0,-7999.0,25.35,23.37,-0.037,0.0,0.0,0.0,60.0,59.9,74.7,0.0,275.1,274.1,275.9,0.0,0.0,0.0,618.0,1439241.0,42554.0,133065.0,1.0,0.979,0.748,0.921,0.002,0.004,0.005,0.007,0.009,0.005,0.006,0.0,0.0,0.0,0.0,0.0,0.0,0.0,52752.0,53548.0,53005.0,52841.0,53834.0,51219.0,46606.0,,0.0,0.0,,,2.0,-1.0,13.57,0.02,0.22,3.0,2.0,0.0,0.0,23.89,24.1,23.44,23.73,23.83,26.71,23.63,24.02,23.66,32.71
2016-07-25 03:37:00-05:00,-9.623153,-3.4183247,571354,26.28,0.0,0.305,26.01,2.357,,,,,,,,,,,-2147484000.0,,,,-7999.0,-7999.0,-7999.0,-7999.0,-7999.0,-7999.0,-7999.0,-7999.0,25.33,23.35,-0.038,0.0,0.0,0.0,60.0,59.9,74.7,0.0,275.0,274.0,275.9,0.0,0.0,0.0,618.0,1439241.0,42554.0,133065.0,1.0,0.979,0.748,0.921,0.004,0.005,0.006,0.006,0.01,0.006,0.007,0.0,0.0,0.0,0.0,0.0,0.0,0.0,52752.0,53548.0,53005.0,52841.0,53834.0,51219.0,46606.0,,0.0,0.0,,,2.0,-1.0,13.57,0.02,0.22,3.0,2.0,0.0,0.0,23.91,24.12,23.45,23.73,23.85,26.87,23.62,24.02,23.66,32.71
2016-07-25 03:38:00-05:00,-9.504348,-3.4183247,571355,26.25,0.0,0.305,26.06,2.565,,,,,,,,,,,-2147484000.0,,,,-7999.0,-7999.0,-7999.0,-7999.0,-7999.0,-7999.0,-7999.0,-7999.0,25.4,23.39,-0.038,0.0,0.0,0.0,60.0,59.9,74.7,0.0,275.0,274.0,276.0,0.0,0.0,0.0,618.0,1439241.0,42554.0,133065.0,1.0,0.979,0.748,0.921,0.002,0.004,0.006,0.007,0.01,0.006,0.006,0.0,0.0,0.0,0.0,0.0,0.0,0.0,52752.0,53548.0,53005.0,52841.0,53834.0,51219.0,46606.0,0.52,284.8,15.62,0.8,3.512,2.0,-1.0,13.57,0.02,0.22,3.0,2.0,0.0,0.0,23.91,24.12,23.46,23.73,23.85,26.83,23.61,24.04,23.66,32.68
2016-07-25 03:39:00-05:00,-9.504348,-3.4183247,571356,26.25,0.0,0.305,26.06,2.386,,,,,,,,,,,-2147484000.0,,,,-7999.0,-7999.0,-7999.0,-7999.0,-7999.0,-7999.0,-7999.0,-7999.0,25.56,23.42,-0.037,0.0,0.0,0.0,60.0,59.9,74.7,0.0,275.0,274.0,276.0,0.0,0.0,0.0,618.0,1439241.0,42554.0,133065.0,1.0,0.979,0.748,0.921,0.003,0.004,0.006,0.007,0.01,0.006,0.007,0.0,0.0,0.0,0.0,0.0,0.0,0.0,52752.0,53548.0,53005.0,52841.0,53834.0,51219.0,46606.0,,0.0,0.0,,,2.0,-1.0,13.58,0.02,0.22,3.0,2.0,0.0,0.0,23.91,24.12,23.44,23.73,23.8,26.77,23.63,24.04,23.66,32.61
2016-07-25 03:40:00-05:00,-9.504348,-3.4183247,571357,26.22,0.0,0.305,26.36,1.916,,,,,,,,,,,-2147484000.0,,,,-7999.0,-7999.0,-7999.0,-7999.0,-7999.0,-7999.0,-7999.0,-7999.0,25.86,23.57,-0.038,0.0,0.0,0.0,60.0,59.9,74.7,0.0,275.5,274.0,276.0,0.0,0.0,0.0,618.0,1439241.0,42554.0,133065.0,1.0,0.979,0.748,0.921,0.002,0.004,0.006,0.007,0.01,0.006,0.007,0.0,0.0,0.0,0.0,0.0,0.0,0.0,52752.0,53548.0,53005.0,52841.0,53834.0,51219.0,46606.0,,0.0,0.0,,,2.0,-1.0,13.57,0.02,0.22,3.0,2.0,0.0,0.0,24.06,24.12,23.44,23.73,23.83,26.77,23.68,24.04,23.66,32.61
2016-07-25 03:41:00-05:00,-9.504348,-3.4183247,571358,26.22,0.0,0.305,26.53,1.759,,,,,,,,,,,-2147484000.0,,,,-7999.0,-7999.0,-7999.0,-7999.0,-7999.0,-7999.0,-7999.0,-7999.0,26.07,23.72,-0.038,0.0,0.0,0.0,60.0,59.9,74.7,0.0,276.0,274.0,276.0,0.0,0.0,0.0,618.0,1439241.0,42554.0,133065.0,1.0,0.979,0.748,0.921,0.003,0.004,0.005,0.007,0.009,0.006,0.007,0.0,0.0,0.0,0.0,0.0,0.0,0.0,52752.0,53548.0,53005.0,52841.0,53834.0,51219.0,46606.0,0.708,279.9,12.08,1.0,3.512,2.0,-1.0,13.58,0.02,0.22,3.0,2.0,0.0,0.0,24.3,24.11,23.44,23.76,23.78,26.7,23.58,24.01,23.66,32.61
2016-07-25 03:42:00-05:00,-9.504348,-3.4183247,571359,26.2,0.0,0.305,26.6,1.777,,,,,,,,,,,-2147484000.0,,,,-7999.0,-7999.0,-7999.0,-7999.0,-7999.0,-7999.0,-7999.0,-7999.0,26.17,23.83,-0.038,0.0,0.0,0.0,60.0,59.9,74.7,0.0,275.9,274.0,276.0,0.0,0.0,0.0,618.0,1439241.0,42554.0,133065.0,1.0,0.979,0.748,0.921,0.004,0.004,0.006,0.007,0.01,0.007,0.006,0.0,0.0,0.0,0.0,0.0,0.0,0.0,52752.0,53548.0,53005.0,52841.0,53834.0,51219.0,46606.0,,0.0,0.0,,,2.0,-1.0,13.57,0.02,0.22,3.0,2.0,0.0,0.0,24.4,24.14,23.44,23.75,23.75,26.62,23.65,23.97,23.74,32.61
2016-07-25 03:43:00-05:00,-9.504348,-3.4183247,571360,26.19,0.0,0.305,26.58,1.719,,,,,,,,,,,-2147484000.0,,,,-7999.0,-7999.0,-7999.0,-7999.0,-7999.0,-7999.0,-7999.0,-7999.0,26.16,23.89,-0.036,0.0,0.0,0.0,60.0,59.9,74.7,0.0,275.8,274.0,276.0,0.0,0.0,0.0,618.0,1439241.0,42554.0,133065.0,1.0,0.979,0.748,0.921,0.003,0.004,0.006,0.007,0.01,0.006,0.007,0.0,0.0,0.0,0.0,0.0,0.0,0.0,52752.0,53548.0,53005.0,52841.0,53834.0,51219.0,46606.0,0.887,279.9,7.418,1.1,3.512,2.0,-1.0,13.57,0.02,0.22,3.0,2.0,0.0,0.0,24.5,24.22,23.44,23.73,23.8,26.55,23.63,24.04,23.76,32.61
2016-07-25 03:44:00-05:00,-9.504348,-3.4183247,571361,26.18,0.0,0.305,26.65,1.641,,,,,,,,,,,-2147484000.0,,,,-7999.0,-7999.0,-7999.0,-7999.0,-7999.0,-7999.0,-7999.0,-7999.0,26.22,24.06,-0.037,0.0,0.0,0.0,60.0,59.9,74.7,0.0,275.6,274.0,276.0,0.0,0.0,0.0,618.0,1439241.0,42554.0,133065.0,1.0,0.979,0.748,0.921,0.003,0.004,0.006,0.007,0.01,0.006,0.007,0.0,0.0,0.0,0.0,0.0,0.0,0.0,52752.0,53548.0,53005.0,52841.0,53834.0,51219.0,46606.0,0.885,284.8,7.398,1.1,3.512,2.0,-1.0,13.57,0.02,0.22,3.0,2.0,0.0,0.0,24.72,24.3,23.5,23.78,23.89,26.61,23.72,24.19,23.84,32.6
2016-07-25 03:45:00-05:00,-9.147935,-3.4183247,571362,26.16,0.0,0.305,26.68,1.62,,,,,,,,,,,-2147484000.0,,,,-7999.0,-7999.0,-7999.0,-7999.0,-7999.0,-7999.0,-7999.0,-7999.0,26.3,24.23,-0.037,0.0,0.0,0.0,60.0,59.9,74.7,0.0,275.9,274.0,276.0,0.0,0.0,0.0,618.0,1439241.0,42554.0,133065.0,1.0,0.979,0.748,0.921,0.003,0.004,0.006,0.007,0.011,0.006,0.007,0.0,0.0,0.0,0.0,0.0,0.0,0.0,52752.0,53548.0,53005.0,52841.0,53834.0,51219.0,46606.0,1.015,287.5,8.05,1.4,3.512,2.0,-1.0,13.57,0.02,0.22,3.0,2.0,0.0,0.0,24.94,24.41,23.62,23.93,23.99,26.73,23.76,24.32,23.87,32.61
2016-07-25 03:46:00-05:00,-8.791522,-3.4183247,571363,26.16,0.0,0.305,26.7,1.62,,,,,,,,,,,-2147484000.0,,,,-7999.0,-7999.0,-7999.0,-7999.0,-7999.0,-7999.0,-7999.0,-7999.0,26.31,24.36,-0.036,0.0,0.0,0.0,60.0,59.9,74.7,0.0,275.9,274.0,276.0,0.0,0.0,0.0,618.0,1439241.0,42554.0,133065.0,1.0,0.979,0.748,0.921,0.003,0.004,0.006,0.006,0.01,0.006,0.007,0.0,0.0,0.0,0.0,0.0,0.0,0.0,52752.0,53548.0,53005.0,52841.0,53834.0,51219.0,46606.0,1.048,287.7,4.355,1.3,3.512,2.0,-1.0,13.57,0.02,0.22,3.0,2.0,0.0,0.0,25.12,24.51,23.77,24.01,24.04,26.83,23.91,24.4,23.95,32.51
2016-07-25 03:47:00-05:00,-8.316304,-3.4183247,571364,26.14,0.0,0.305,26.65,1.62,,,,,,,,,,,-2147484000.0,,,,-7999.0,-7999.0,-7999.0,-7999.0,-7999.0,-7999.0,-7999.0,-7999.0,26.26,24.45,-0.038,0.0,0.0,0.0,60.0,59.9,74.7,0.0,275.7,274.0,276.0,0.0,0.0,0.0,618.0,1439241.0,42554.0,133065.0,1.0,0.979,0.748,0.921,0.002,0.004,0.006,0.007,0.01,0.007,0.007,0.0,0.0,0.0,0.0,0.0,0.0,0.0,52752.0,53548.0,53005.0,52841.0,53834.0,51219.0,46606.0,1.123,293.0,4.07,1.4,3.512,2.0,-1.0,13.57,0.02,0.22,3.0,2.0,0.0,0.0,25.2,24.51,23.8,24.07,24.12,26.87,23.93,24.46,23.95,32.51
2016-07-25 03:48:00-05:00,-8.316304,-3.4183247,571365,26.13,0.0,0.305,26.66,1.62,,,,,,,,,,,-2147484000.0,,,,-7999.0,-7999.0,-7999.0,-7999.0,-7999.0,-7999.0,-7999.0,-7999.0,26.29,24.55,-0.038,0.0,0.0,0.0,60.0,59.9,74.7,0.0,275.3,274.0,276.0,0.0,0.0,0.0,618.0,1439241.0,42554.0,133065.0,1.0,0.979,0.748,0.921,0.003,0.004,0.005,0.007,0.01,0.007,0.007,0.0,0.0,0.0,0.0,0.0,0.0,0.0,52752.0,53548.0,53005.0,52841.0,53834.0,51219.0,46606.0,,0.0,0.0,,,2.0,-1.0,13.57,0.02,0.22,3.0,2.0,0.0,0.0,25.28,24.58,23.87,24.16,24.12,26.95,24.02,24.51,24.04,32.51
2016-07-25 03:49:00-05:00,-8.316304,-3.1941724,571366,26.13,0.0,0.305,26.62,1.591,,,,,,,,,,,-2147484000.0,,,,-7999.0,-7999.0,-7999.0,-7999.0,-7999.0,-7999.0,-7999.0,-7999.0,26.29,24.57,-0.038,0.0,0.0,0.0,60.0,59.9,74.7,0.0,275.0,274.0,276.0,0.0,0.0,0.0,618.0,1439241.0,42554.0,133065.0,1.0,0.979,0.748,0.921,0.003,0.005,0.005,0.006,0.01,0.006,0.007,0.0,0.0,0.0,0.0,0.0,0.0,0.0,52752.0,53548.0,53005.0,52841.0,53834.0,51219.0,46606.0,0.87,284.1,8.18,1.1,3.512,2.0,-1.0,13.57,0.02,0.22,3.0,2.0,0.0,0.0,25.27,24.61,23.88,24.18,24.15,26.91,24.04,24.51,24.05,32.51
2016-07-25 03:50:00-05:00,-8.316304,-3.0820959,571367,26.13,0.0,0.305,26.61,1.464,,,,,,,,,,,-2147484000.0,,,,-7999.0,-7999.0,-7999.0,-7999.0,-7999.0,-7999.0,-7999.0,-7999.0,26.29,24.62,-0.036,0.0,0.0,0.0,60.0,59.9,74.7,0.0,275.1,274.0,276.0,0.0,0.0,0.0,618.0,1439241.0,42554.0,133065.0,1.0,0.979,0.748,0.921,0.002,0.004,0.005,0.007,0.011,0.006,0.006,0.0,0.0,0.0,0.0,0.0,0.0,0.0,52752.0,53548.0,53005.0,52841.0,53834.0,51219.0,46606.0,,0.0,0.0,,,2.0,-1.0,13.57,0.02,0.22,3.0,2.0,0.0,0.0,25.28,24.61,23.96,24.15,24.22,26.95,24.06,24.58,24.05,32.51
2016-07-25 03:51:00-05:00,-8.316304,-3.1941724,571368,26.13,0.0,0.305,26.56,1.351,,,,,,,,,,,-2147484000.0,,,,-7999.0,-7999.0,-7999.0,-7999.0,-7999.0,-7999.0,-7999.0,-7999.0,26.23,24.61,-0.038,0.0,0.0,0.0,60.0,59.9,74.7,0.0,275.0,274.0,276.0,0.0,0.0,0.0,618.0,1439241.0,42554.0,133065.0,1.0,0.979,0.748,0.921,0.003,0.004,0.006,0.007,0.01,0.007,0.007,0.0,0.0,0.0,0.0,0.0,0.0,0.0,52752.0,53548.0,53005.0,52841.0,53834.0,51219.0,46606.0,,0.0,0.0,,,2.0,-1.0,13.57,0.02,0.22,3.0,2.0,0.0,0.0,25.28,24.61,23.95,24.12,24.2,26.96,24.04,24.53,24.05,32.45
2016-07-25 03:52:00-05:00,-8.316304,-3.4183247,571369,26.13,0.0,0.305,26.55,1.352,,,,,,,,,,,-2147484000.0,,,,-7999.0,-7999.0,-7999.0,-7999.0,-7999.0,-7999.0,-7999.0,-7999.0,26.19,24.59,-0.038,0.0,0.0,0.0,60.0,59.9,74.7,0.0,275.0,274.0,276.0,0.0,0.0,0.0,618.0,1439241.0,42554.0,133065.0,1.0,0.979,0.748,0.921,0.003,0.004,0.005,0.006,0.01,0.006,0.006,0.0,0.0,0.0,0.0,0.0,0.0,0.0,52752.0,53548.0,53005.0,52841.0,53834.0,51219.0,46606.0,0.648,285.8,8.24,0.9,3.51,2.0,-1.0,13.57,0.02,0.22,3.0,2.0,0.0,0.0,25.23,24.61,23.94,24.15,24.12,26.9,24.02,24.53,23.95,32.42
2016-07-25 03:53:00-05:00,-8.672717,-3.4183247,571370,26.13,0.0,0.305,26.46,1.405,,,,,,,,,,,-2147484000.0,,,,-7999.0,-7999.0,-7999.0,-7999.0,-7999.0,-7999.0,-7999.0,-7999.0,26.13,24.51,-0.037,0.0,0.0,0.0,60.0,59.9,74.7,0.0,275.0,274.0,276.0,0.0,0.0,0.0,618.0,1439241.0,42554.0,133065.0,1.0,0.979,0.748,0.921,0.002,0.004,0.006,0.007,0.01,0.007,0.006,0.0,0.0,0.0,0.0,0.0,0.0,0.0,52752.0,53548.0,53005.0,52841.0,53834.0,51219.0,46606.0,0.417,282.2,21.81,0.6,3.512,2.0,-1.0,13.58,0.02,0.22,3.0,2.0,0.0,0.0,25.19,24.59,23.9,24.14,24.17,26.87,24.04,24.48,23.95,32.42
2016-07-25 03:54:00-05:00,-9.02913,-3.4183247,571371,26.1,0.0,0.305,26.42,1.464,,,,,,,,,,,-2147484000.0,,,,-7999.0,-7999.0,-7999.0,-7999.0,-7999.0,-7999.0,-7999.0,-7999.0,26.1,24.45,-0.038,0.0,0.0,0.0,60.0,59.9,74.7,0.0,275.0,274.0,276.0,0.0,0.0,0.0,618.0,1439241.0,42554.0,133065.0,1.0,0.979,0.748,0.921,0.003,0.004,0.006,0.006,0.01,0.006,0.007,0.0,0.0,0.0,0.0,0.0,0.0,0.0,52752.0,53548.0,53005.0,52841.0,53834.0,51219.0,46606.0,0.393,251.7,18.06,0.6,3.512,2.0,-1.0,13.58,0.02,0.22,3.0,2.0,0.0,0.0,25.07,24.51,23.88,24.17,24.12,26.8,24.01,24.41,23.95,32.42
2016-07-25 03:55:00-05:00,-9.147935,-3.4183247,571372,26.1,0.0,0.305,26.45,1.435,,,,,,,,,,,-2147484000.0,,,,-7999.0,-7999.0,-7999.0,-7999.0,-7999.0,-7999.0,-7999.0,-7999.0,26.08,24.38,-0.038,0.0,0.0,0.0,60.0,59.9,74.7,0.0,275.0,274.0,275.8,0.0,0.0,0.0,618.0,1439241.0,42554.0,133065.0,1.0,0.979,0.748,0.921,0.002,0.005,0.005,0.008,0.01,0.006,0.007,0.0,0.0,0.0,0.0,0.0,0.0,0.0,52752.0,53548.0,53005.0,52841.0,53834.0,51219.0,46606.0,0.293,247.7,20.2,0.4,3.512,2.0,-1.0,13.57,0.02,0.22,3.0,2.0,0.0,0.0,25.01,24.51,23.82,24.06,24.14,26.75,23.95,24.41,23.92,32.42
2016-07-25 03:56:00-05:00,-9.266739,-3.530401,571373,26.1,0.0,0.305,26.44,1.485,,,,,,,,,,,-2147484000.0,,,,-7999.0,-7999.0,-7999.0,-7999.0,-7999.0,-7999.0,-7999.0,-7999.0,26.03,24.3,-0.038,0.0,0.0,0.0,60.0,59.9,74.7,0.0,275.0,274.0,275.4,0.0,0.0,0.0,618.0,1439241.0,42554.0,133065.0,1.0,0.979,0.748,0.921,0.003,0.004,0.005,0.006,0.01,0.007,0.007,0.0,0.0,0.0,0.0,0.0,0.0,0.0,52752.0,53548.0,53005.0,52841.0,53834.0,51219.0,46606.0,0.268,244.6,39.61,0.4,3.512,2.0,-1.0,13.57,0.02,0.22,3.0,2.0,0.0,0.0,24.93,24.48,23.81,24.08,24.12,26.67,23.94,24.37,23.86,32.42
2016-07-25 03:57:00-05:00,-9.504348,-3.7545533,571374,26.1,0.0,0.305,26.44,1.698,,,,,,,,,,,-2147484000.0,,,,-7999.0,-7999.0,-7999.0,-7999.0,-7999.0,-7999.0,-7999.0,-7999.0,26.0,24.24,-0.038,0.0,0.0,0.0,60.0,59.9,74.7,0.0,275.0,274.0,275.8,0.0,0.0,0.0,618.0,1439241.0,42554.0,133065.0,1.0,0.979,0.748,0.921,0.003,0.004,0.005,0.006,0.01,0.007,0.007,0.0,0.0,0.0,0.0,0.0,0.0,0.0,52752.0,53548.0,53005.0,52841.0,53834.0,51219.0,46606.0,0.183,127.7,45.63,0.4,3.512,2.0,-1.0,13.57,0.02,0.22,3.0,2.0,0.0,0.0,24.81,24.41,23.82,24.01,24.18,26.59,23.91,24.3,23.86,32.4
2016-07-25 03:58:00-05:00,-9.860761,-3.7545533,571375,26.08,0.0,0.305,26.39,2.06,,,,,,,,,,,-2147484000.0,,,,-7999.0,-7999.0,-7999.0,-7999.0,-7999.0,-7999.0,-7999.0,-7999.0,25.93,24.18,-0.038,0.0,0.0,0.0,60.0,59.9,74.7,0.0,275.0,274.0,275.4,0.0,0.0,0.0,618.0,1439241.0,42554.0,133065.0,1.0,0.979,0.748,0.921,0.004,0.003,0.005,0.007,0.01,0.006,0.006,0.0,0.0,0.0,0.0,0.0,0.0,0.0,52752.0,53548.0,53005.0,52841.0,53834.0,51219.0,46606.0,,0.0,0.0,,,2.0,-1.0,13.57,0.02,0.22,3.0,2.0,0.0,0.0,24.74,24.38,23.76,23.98,24.1,26.57,23.88,24.24,23.79,32.4
2016-07-25 03:59:00-05:00,-9.979566,-3.7545533,571376,26.07,0.0,0.305,26.23,1.722,,,,,,,,,,,-2147484000.0,,,,-7999.0,-7999.0,-7999.0,-7999.0,-7999.0,-7999.0,-7999.0,-7999.0,25.76,24.09,-0.038,0.0,0.0,0.0,60.0,59.9,74.7,0.0,275.0,274.0,275.0,0.0,0.0,0.0,618.0,1439241.0,42554.0,133065.0,1.0,0.979,0.748,0.921,0.003,0.003,0.005,0.006,0.01,0.006,0.006,0.0,0.0,0.0,0.0,0.0,0.0,0.0,52752.0,53548.0,53005.0,52841.0,53834.0,51219.0,46606.0,,0.0,0.0,,,2.0,-1.0,13.57,0.02,0.22,3.0,2.0,0.0,0.0,24.65,24.32,23.7,24.02,24.11,26.52,23.83,24.2,23.76,32.32
2016-07-25 04:00:00-05:00,-9.979566,-3.7545533,571377,26.07,0.0,0.305,26.14,1.62,,,,,,,,,,,-2147484000.0,,,,-7999.0,-7999.0,-7999.0,-7999.0,-7999.0,-7999.0,-7999.0,-7999.0,25.62,24.03,-0.038,0.0,0.0,0.0,60.0,59.9,74.7,0.0,275.0,274.0,275.1,0.0,0.0,0.0,618.0,1439241.0,42554.0,133065.0,1.0,0.979,0.748,0.921,0.003,0.004,0.005,0.007,0.01,0.006,0.006,0.0,0.0,0.0,0.0,0.0,0.0,0.0,52752.0,53548.0,53005.0,52841.0,53834.0,51219.0,46606.0,0.568,118.4,3.701,0.6,3.512,2.0,-1.0,13.58,0.02,0.22,3.0,2.0,0.0,0.0,24.58,24.32,23.72,23.98,24.04,26.47,23.83,24.12,23.76,32.32
2016-07-25 04:01:00-05:00,-9.979566,-3.7545533,571378,26.07,0.0,0.305,25.99,1.69,,,,,,,,,,,-2147484000.0,,,,-7999.0,-7999.0,-7999.0,-7999.0,-7999.0,-7999.0,-7999.0,-7999.0,25.56,23.97,-0.038,0.0,0.0,0.0,60.0,59.9,74.7,0.0,275.0,274.0,275.0,0.0,0.0,0.0,618.0,1439241.0,42554.0,133065.0,1.0,0.979,0.748,0.921,0.003,0.005,0.006,0.006,0.01,0.007,0.008,0.0,0.0,0.0,0.0,0.0,0.0,0.0,52752.0,53548.0,53005.0,52841.0,53834.0,51219.0,46606.0,,0.0,0.0,,,2.0,-1.0,13.57,0.02,0.22,3.0,2.0,0.0,0.0,24.5,24.25,23.71,23.9,24.05,26.47,23.81,24.12,23.76,32.32
2016-07-25 04:02:00-05:00,-9.979566,-3.7545533,571379,26.05,0.0,0.305,25.84,1.799,,,,,,,,,,,-2147484000.0,,,,-7999.0,-7999.0,-7999.0,-7999.0,-7999.0,-7999.0,-7999.0,-7999.0,25.53,23.89,-0.038,0.0,0.0,0.0,60.0,59.9,74.7,0.0,275.0,273.7,275.0,0.0,0.0,0.0,618.0,1439241.0,42554.0,133065.0,1.0,0.979,0.748,0.921,0.003,0.004,0.006,0.007,0.01,0.007,0.007,0.0,0.0,0.0,0.0,0.0,0.0,0.0,52752.0,53548.0,53005.0,52841.0,53834.0,51219.0,46606.0,0.678,150.2,8.78,0.9,3.512,2.0,-1.0,13.57,0.02,0.219,3.0,2.0,0.0,0.0,24.41,24.22,23.74,23.94,23.98,26.57,23.83,24.14,23.76,32.32
2016-07-25 04:03:00-05:00,-9.979566,-3.7545533,571380,26.04,0.0,0.305,25.68,1.833,,,,,,,,,,,-2147484000.0,,,,-7999.0,-7999.0,-7999.0,-7999.0,-7999.0,-7999.0,-7999.0,-7999.0,25.48,23.83,-0.038,0.0,0.0,0.0,60.0,59.9,74.7,0.0,275.0,273.0,275.0,0.0,0.0,0.0,618.0,1439241.0,42554.0,133065.0,1.0,0.979,0.748,0.921,0.003,0.003,0.006,0.006,0.01,0.007,0.007,0.0,0.0,0.0,0.0,0.0,0.0,0.0,52752.0,53548.0,53005.0,52841.0,53834.0,51219.0,46606.0,0.72,158.0,10.5,0.9,3.512,2.0,-1.0,13.57,0.02,0.22,3.0,2.0,0.0,0.0,24.37,24.22,23.64,23.9,23.99,26.57,23.84,24.07,23.76,32.3
2016-07-25 04:04:00-05:00,-10.217174,-3.8666298,571381,26.04,0.0,0.305,25.56,2.446,,,,,,,,,,,-2147484000.0,,,,-7999.0,-7999.0,-7999.0,-7999.0,-7999.0,-7999.0,-7999.0,-7999.0,25.44,23.78,-0.038,0.0,0.0,0.0,60.0,59.9,74.7,0.0,275.0,273.0,275.0,0.0,0.0,0.0,618.0,1439241.0,42554.0,133065.0,1.0,0.979,0.748,0.921,0.003,0.004,0.006,0.007,0.01,0.006,0.007,0.0,0.0,0.0,0.0,0.0,0.0,0.0,52752.0,53548.0,53005.0,52841.0,53834.0,51219.0,46606.0,,0.0,0.0,,,2.0,-1.0,13.57,0.02,0.219,3.0,2.0,0.0,0.0,24.31,24.15,23.64,23.84,24.0,26.54,23.85,24.06,23.76,32.24
2016-07-25 04:05:00-05:00,-10.3359785,-4.2028584,571382,26.02,0.0,0.305,25.43,2.866,,,,,,,,,,,-2147484000.0,,,,-7999.0,-7999.0,-7999.0,-7999.0,-7999.0,-7999.0,-7999.0,-7999.0,25.36,23.72,-0.038,0.0,0.0,0.0,60.0,59.9,74.7,0.0,275.0,273.0,275.0,0.0,0.0,0.0,618.0,1439241.0,42554.0,133065.0,1.0,0.979,0.748,0.921,0.003,0.004,0.005,0.007,0.01,0.007,0.006,0.0,0.0,0.0,0.0,0.0,0.0,0.0,52752.0,53548.0,53005.0,52841.0,53834.0,51219.0,46606.0,,0.0,0.0,,,2.0,-1.0,13.57,0.02,0.219,3.0,2.0,0.0,0.0,24.22,24.12,23.64,23.84,23.96,26.39,23.79,24.06,23.66,32.24
2016-07-25 04:06:00-05:00,-10.4547825,-4.2028584,571383,26.01,0.0,0.305,25.32,3.391,,,,,,,,,,,-2147484000.0,,,,-7999.0,-7999.0,-7999.0,-7999.0,-7999.0,-7999.0,-7999.0,-7999.0,25.26,23.65,-0.037,0.0,0.0,0.0,60.0,59.9,74.7,0.0,274.5,273.0,275.0,0.0,0.0,0.0,618.0,1439241.0,42554.0,133065.0,1.0,0.979,0.748,0.921,0.003,0.005,0.005,0.007,0.01,0.006,0.007,0.0,0.0,0.0,0.0,0.0,0.0,0.0,52752.0,53548.0,53005.0,52841.0,53834.0,51219.0,46606.0,,0.0,0.0,,,2.0,-1.0,13.57,0.02,0.219,3.0,2.0,0.0,0.0,24.18,24.12,23.59,23.84,23.92,26.34,23.77,23.93,23.66,32.22
2016-07-25 04:07:00-05:00,-10.692391,-4.2028584,571384,26.01,0.0,0.305,25.29,2.8,,,,,,,,,,,-2147484000.0,,,,-7999.0,-7999.0,-7999.0,-7999.0,-7999.0,-7999.0,-7999.0,-7999.0,25.19,23.59,-0.037,0.0,0.0,0.0,60.0,59.9,74.7,0.0,274.3,273.0,275.0,0.0,0.0,0.0,618.0,1439241.0,42554.0,133065.0,1.0,0.979,0.748,0.921,0.002,0.003,0.006,0.007,0.01,0.006,0.006,0.0,0.0,0.0,0.0,0.0,0.0,0.0,52752.0,53548.0,53005.0,52841.0,53834.0,51219.0,46606.0,0.478,161.2,15.4,0.7,3.512,2.0,-1.0,13.58,0.02,0.219,3.0,2.0,0.0,0.0,24.11,24.1,23.54,23.75,23.9,26.4,23.75,23.96,23.66,32.22
2016-07-25 04:08:00-05:00,-10.692391,-4.2028584,571385,26.0,0.0,0.305,25.26,3.048,,,,,,,,,,,-2147484000.0,,,,-7999.0,-7999.0,-7999.0,-7999.0,-7999.0,-7999.0,-7999.0,-7999.0,25.08,23.54,-0.038,0.0,0.0,0.0,60.0,59.9,74.7,0.0,274.2,273.0,275.0,0.0,0.0,0.0,618.0,1439241.0,42554.0,133065.0,1.0,0.979,0.748,0.921,0.003,0.004,0.005,0.006,0.01,0.006,0.007,0.0,0.0,0.0,0.0,0.0,0.0,0.0,52752.0,53548.0,53005.0,52841.0,53834.0,51219.0,46606.0,,0.0,0.0,,,2.0,-1.0,13.58,0.02,0.219,3.0,2.0,0.0,0.0,24.01,24.02,23.54,23.74,23.8,26.51,23.7,23.9,23.66,32.22
2016-07-25 04:09:00-05:00,-10.692391,-4.2028584,571386,25.98,0.0,0.305,25.26,2.808,,,,,,,,,,,-2147484000.0,,,,-7999.0,-7999.0,-7999.0,-7999.0,-7999.0,-7999.0,-7999.0,-7999.0,25.05,23.48,-0.037,0.0,0.0,0.0,60.0,59.9,74.7,0.0,274.3,273.0,275.0,0.0,0.0,0.0,618.0,1439241.0,42554.0,133065.0,1.0,0.979,0.748,0.921,0.003,0.004,0.005,0.006,0.01,0.006,0.006,0.0,0.0,0.0,0.0,0.0,0.0,0.0,52752.0,53548.0,53005.0,52841.0,53834.0,51219.0,46606.0,0.305,147.6,13.21,0.5,3.51,2.0,-1.0,13.58,0.02,0.219,3.0,2.0,0.0,0.0,24.0,24.02,23.45,23.71,23.84,26.54,23.65,23.84,23.59,32.2
2016-07-25 04:10:00-05:00,-10.811195,-4.2028584,571387,25.98,0.0,0.305,25.24,2.794,,,,,,,,,,,-2147484000.0,,,,-7999.0,-7999.0,-7999.0,-7999.0,-7999.0,-7999.0,-7999.0,-7999.0,25.0,23.4,-0.038,0.0,0.0,0.0,60.0,59.9,74.7,0.0,274.4,273.0,275.0,0.0,0.0,0.0,618.0,1439241.0,42554.0,133065.0,1.0,0.979,0.748,0.921,0.002,0.004,0.005,0.006,0.009,0.006,0.007,0.0,0.0,0.0,0.0,0.0,0.0,0.0,52752.0,53548.0,53005.0,52841.0,53834.0,51219.0,46606.0,0.12,138.5,30.18,0.2,3.51,2.0,-1.0,13.58,0.02,0.219,3.0,2.0,0.0,0.0,23.92,23.94,23.45,23.66,23.84,26.37,23.59,23.8,23.56,32.14
2016-07-25 04:11:00-05:00,-11.048804,-4.4270105,571388,25.96,0.0,0.305,25.23,2.997,,,,,,,,,,,-2147484000.0,,,,-7999.0,-7999.0,-7999.0,-7999.0,-7999.0,-7999.0,-7999.0,-7999.0,24.95,23.32,-0.038,0.0,0.0,0.0,60.0,59.9,74.7,0.0,274.1,273.0,275.0,0.0,0.0,0.0,618.0,1439241.0,42554.0,133065.0,1.0,0.979,0.748,0.921,0.002,0.004,0.005,0.006,0.009,0.006,0.006,0.0,0.0,0.0,0.0,0.0,0.0,0.0,52752.0,53548.0,53005.0,52841.0,53834.0,51219.0,46606.0,0.243,178.1,35.59,0.4,3.51,2.0,-1.0,13.57,0.02,0.219,3.0,2.0,0.0,0.0,23.82,23.91,23.4,23.64,23.74,26.21,23.54,23.8,23.47,32.12
2016-07-25 04:12:00-05:00,-11.167608,-4.539087,571389,25.95,0.0,0.305,25.2,3.241,,,,,,,,,,,-2147484000.0,,,,-7999.0,-7999.0,-7999.0,-7999.0,-7999.0,-7999.0,-7999.0,-7999.0,24.94,23.27,-0.037,0.0,0.0,0.0,60.0,59.9,74.7,0.0,274.0,273.0,275.0,0.0,0.0,0.0,618.0,1439241.0,42554.0,133065.0,1.0,0.979,0.748,0.921,0.003,0.004,0.005,0.006,0.01,0.006,0.007,0.0,0.0,0.0,0.0,0.0,0.0,0.0,52752.0,53548.0,53005.0,52841.0,53834.0,51219.0,46606.0,0.328,198.6,11.81,0.5,3.512,2.0,-1.0,13.57,0.02,0.219,3.0,2.0,0.0,0.0,23.79,23.84,23.35,23.56,23.68,26.05,23.48,23.75,23.47,32.16
2016-07-25 04:13:00-05:00,-11.167608,-4.539087,571390,25.93,0.0,0.305,25.23,3.78,,,,,,,,,,,-2147484000.0,,,,-7999.0,-7999.0,-7999.0,-7999.0,-7999.0,-7999.0,-7999.0,-7999.0,24.95,23.22,-0.034,0.0,0.0,0.0,60.0,59.9,74.7,0.0,274.0,273.0,275.0,0.0,0.0,0.0,618.0,1439241.0,42554.0,133065.0,1.0,0.979,0.748,0.921,0.003,0.003,0.005,0.006,0.01,0.007,0.006,0.0,0.0,0.0,0.0,0.0,0.0,0.0,52752.0,53548.0,53005.0,52841.0,53834.0,51219.0,46606.0,0.303,175.2,6.061,0.4,3.513,2.0,-1.0,13.57,0.02,0.219,3.0,2.0,0.0,0.0,23.72,23.83,23.32,23.54,23.64,26.12,23.41,23.72,23.37,32.13
2016-07-25 04:14:00-05:00,-11.167608,-4.539087,571391,25.92,0.0,0.305,25.2,3.783,,,,,,,,,,,-2147484000.0,,,,-7999.0,-7999.0,-7999.0,-7999.0,-7999.0,-7999.0,-7999.0,-7999.0,24.92,23.15,-0.038,0.0,0.0,0.0,60.0,59.9,74.7,0.0,274.0,273.0,275.0,0.0,0.0,0.0,618.0,1439241.0,42554.0,133065.0,1.0,0.979,0.748,0.921,0.004,0.003,0.005,0.007,0.01,0.006,0.006,0.0,0.0,0.0,0.0,0.0,0.0,0.0,52752.0,53548.0,53005.0,52841.0,53834.0,51219.0,46606.0,0.345,193.4,7.906,0.4,3.512,2.0,-1.0,13.57,0.02,0.219,3.0,2.0,0.0,0.0,23.62,23.73,23.25,23.46,23.59,26.02,23.39,23.66,23.37,32.13
2016-07-25 04:15:00-05:00,-11.167608,-4.3149343,571392,25.9,0.0,0.305,25.16,4.417,,,,,,,,,,,-2147484000.0,,,,-7999.0,-7999.0,-7999.0,-7999.0,-7999.0,-7999.0,-7999.0,-7999.0,24.91,23.09,-0.038,0.0,0.0,0.0,60.0,59.9,74.7,0.0,274.0,273.0,274.7,0.0,0.0,0.0,618.0,1439241.0,42554.0,133065.0,1.0,0.979,0.748,0.921,0.002,0.004,0.005,0.007,0.01,0.005,0.006,0.0,0.0,0.0,0.0,0.0,0.0,0.0,52752.0,53548.0,53005.0,52841.0,53834.0,51219.0,46606.0,0.428,202.3,8.84,0.5,3.51,2.0,-1.0,13.57,0.02,0.219,3.0,2.0,0.0,0.0,23.62,23.73,23.23,23.45,23.54,26.02,23.33,23.62,23.29,32.11
2016-07-25 04:16:00-05:00,-10.93,-4.2028584,571393,25.89,0.0,0.305,25.26,4.927,,,,,,,,,,,-2147484000.0,,,,-7999.0,-7999.0,-7999.0,-7999.0,-7999.0,-7999.0,-7999.0,-7999.0,24.89,23.05,-0.037,0.0,0.0,0.0,60.0,59.9,74.7,0.0,274.0,273.0,274.6,0.0,0.0,0.0,618.0,1439241.0,42554.0,133065.0,1.0,0.979,0.748,0.921,0.002,0.003,0.005,0.007,0.009,0.006,0.007,0.0,0.0,0.0,0.0,0.0,0.0,0.0,52752.0,53548.0,53005.0,52841.0,53834.0,51219.0,46606.0,0.483,218.6,11.98,0.6,3.512,2.0,-1.0,13.57,0.02,0.219,3.0,2.0,0.0,0.0,23.57,23.73,23.15,23.45,23.54,25.99,23.33,23.64,23.27,32.12
2016-07-25 04:17:00-05:00,-10.692391,-4.2028584,571394,25.88,0.0,0.305,25.23,5.447,,,,,,,,,,,-2147484000.0,,,,-7999.0,-7999.0,-7999.0,-7999.0,-7999.0,-7999.0,-7999.0,-7999.0,24.86,23.02,-0.037,0.0,0.0,0.0,60.0,59.9,74.7,0.0,274.0,273.0,274.0,0.0,0.0,0.0,618.0,1439241.0,42554.0,133065.0,1.0,0.979,0.748,0.921,0.003,0.005,0.006,0.007,0.01,0.007,0.007,0.0,0.0,0.0,0.0,0.0,0.0,0.0,52752.0,53548.0,53005.0,52841.0,53834.0,51219.0,46606.0,0.468,220.1,11.96,0.7,3.512,2.0,-1.0,13.57,0.02,0.219,3.0,2.0,0.0,0.0,23.53,23.73,23.15,23.43,23.53,25.9,23.33,23.62,23.22,32.1
2016-07-25 04:18:00-05:00,-10.692391,-4.2028584,571395,25.85,0.0,0.305,25.26,6.09,,,,,,,,,,,-2147484000.0,,,,-7999.0,-7999.0,-7999.0,-7999.0,-7999.0,-7999.0,-7999.0,-7999.0,24.83,23.0,-0.038,0.0,0.0,0.0,60.0,59.9,74.7,0.0,274.0,273.0,274.1,0.0,0.0,0.0,618.0,1439241.0,42554.0,133065.0,1.0,0.979,0.748,0.921,0.003,0.004,0.006,0.006,0.01,0.006,0.006,0.0,0.0,0.0,0.0,0.0,0.0,0.0,52752.0,53548.0,53005.0,52841.0,53834.0,51219.0,46606.0,0.5,221.6,9.49,0.7,3.512,2.0,-1.0,13.57,0.02,0.219,3.0,2.0,0.0,0.0,23.51,23.63,23.12,23.41,23.45,25.87,23.35,23.54,23.17,32.1
2016-07-25 04:19:00-05:00,-10.692391,-4.2028584,571396,25.84,0.0,0.305,25.27,7.041,,,,,,,,,,,-2147484000.0,,,,-7999.0,-7999.0,-7999.0,-7999.0,-7999.0,-7999.0,-7999.0,-7999.0,24.82,22.98,-0.038,0.0,0.0,0.0,60.0,59.9,74.7,0.0,274.0,273.0,274.1,0.0,0.0,0.0,618.0,1439241.0,42554.0,133065.0,1.0,0.979,0.748,0.921,0.003,0.004,0.005,0.007,0.01,0.006,0.006,0.0,0.0,0.0,0.0,0.0,0.0,0.0,52752.0,53548.0,53005.0,52841.0,53834.0,51219.0,46606.0,0.51,225.4,8.95,0.7,3.512,2.0,-1.0,13.57,0.02,0.219,3.0,2.0,0.0,0.0,23.46,23.63,23.06,23.35,23.45,25.84,23.27,23.53,23.17,32.1
2016-07-25 04:20:00-05:00,-10.692391,-4.2028584,571397,25.83,0.0,0.305,25.29,8.11,,,,,,,,,,,-2147484000.0,,,,-7999.0,-7999.0,-7999.0,-7999.0,-7999.0,-7999.0,-7999.0,-7999.0,24.82,22.93,-0.038,0.0,0.0,0.0,60.0,59.9,74.7,0.0,274.0,273.0,274.2,0.0,0.0,0.0,618.0,1439241.0,42554.0,133065.0,1.0,0.979,0.748,0.921,0.003,0.004,0.005,0.006,0.009,0.006,0.007,0.0,0.0,0.0,0.0,0.0,0.0,0.0,52752.0,53548.0,53005.0,52841.0,53834.0,51219.0,46606.0,0.462,240.1,10.41,0.6,3.512,2.0,-1.0,13.57,0.02,0.219,3.0,2.0,0.0,0.0,23.43,23.63,23.06,23.33,23.45,25.94,23.25,23.53,23.16,32.04
2016-07-25 04:21:00-05:00,-10.692391,-4.2028584,571398,25.81,0.0,0.305,25.29,9.3,,,,,,,,,,,-2147484000.0,,,,-7999.0,-7999.0,-7999.0,-7999.0,-7999.0,-7999.0,-7999.0,-7999.0,24.82,22.91,-0.037,0.0,0.0,0.0,60.0,59.9,74.7,0.0,274.0,273.0,274.3,0.0,0.0,0.0,618.0,1439241.0,42554.0,133065.0,1.0,0.979,0.748,0.921,0.003,0.004,0.005,0.006,0.01,0.006,0.006,0.0,0.0,0.0,0.0,0.0,0.0,0.0,52752.0,53548.0,53005.0,52841.0,53834.0,51219.0,46606.0,0.613,254.1,5.468,0.7,3.512,2.0,-1.0,13.57,0.02,0.219,3.0,2.0,0.0,0.0,23.43,23.57,23.06,23.27,23.43,25.99,23.22,23.48,23.09,32.04
2016-07-25 04:22:00-05:00,-10.692391,-4.2028584,571399,25.79,0.0,0.305,25.32,10.81,,,,,,,,,,,-2147484000.0,,,,-7999.0,-7999.0,-7999.0,-7999.0,-7999.0,-7999.0,-7999.0,-7999.0,24.88,22.92,-0.036,0.0,0.0,0.0,60.0,59.9,74.7,0.0,274.0,273.0,274.0,0.0,0.0,0.0,618.0,1439241.0,42554.0,133065.0,1.0,0.979,0.748,0.921,0.003,0.003,0.005,0.007,0.01,0.006,0.006,0.0,0.0,0.0,0.0,0.0,0.0,0.0,52752.0,53548.0,53005.0,52841.0,53834.0,51219.0,46606.0,0.688,267.7,7.809,0.9,3.512,2.0,-1.0,13.57,0.02,0.219,3.0,2.0,0.0,0.0,23.43,23.54,22.97,23.25,23.35,25.9,23.15,23.45,23.11,32.04
2016-07-25 04:23:00-05:00,-10.692391,-4.2028584,571400,25.76,0.0,0.305,25.37,12.72,,,,,,,,,,,-2147484000.0,,,,-7999.0,-7999.0,-7999.0,-7999.0,-7999.0,-7999.0,-7999.0,-7999.0,24.95,22.93,-0.038,0.0,0.0,0.0,60.0,59.9,74.7,0.0,274.0,273.0,274.0,0.0,0.0,0.0,618.0,1439241.0,42554.0,133065.0,1.0,0.979,0.748,0.921,0.002,0.004,0.005,0.007,0.009,0.006,0.006,0.0,0.0,0.0,0.0,0.0,0.0,0.0,52752.0,53548.0,53005.0,52841.0,53834.0,51219.0,46606.0,0.482,251.5,13.61,0.6,3.512,2.0,-1.0,13.57,0.019,0.219,3.0,2.0,0.0,0.0,23.43,23.54,22.96,23.25,23.32,25.79,23.14,23.45,23.01,32.04
2016-07-25 04:24:00-05:00,-10.3359785,-4.2028584,571401,25.76,0.0,0.305,25.45,14.99,,,,,,,,,,,-2147484000.0,,,,-7999.0,-7999.0,-7999.0,-7999.0,-7999.0,-7999.0,-7999.0,-7999.0,24.97,22.91,-0.038,0.0,0.0,0.0,60.0,59.9,74.7,0.0,274.0,273.0,274.0,0.0,0.0,0.0,618.0,1439241.0,42554.0,133065.0,1.0,0.979,0.748,0.921,0.003,0.003,0.006,0.007,0.009,0.006,0.007,0.0,0.0,0.0,0.0,0.0,0.0,0.0,52752.0,53548.0,53005.0,52841.0,53834.0,51219.0,46606.0,,0.0,0.0,,,2.0,-1.0,13.57,0.02,0.219,3.0,2.0,0.0,0.0,23.43,23.54,22.96,23.15,23.25,25.89,23.06,23.45,23.03,31.97
2016-07-25 04:25:00-05:00,-10.3359785,-4.2028584,571402,25.73,0.0,0.305,25.52,17.76,,,,,,,,,,,-2147484000.0,,,,-7999.0,-7999.0,-7999.0,-7999.0,-7999.0,-7999.0,-7999.0,-7999.0,25.04,22.94,-0.036,0.0,0.0,0.0,60.0,59.9,74.7,0.0,274.0,273.0,274.0,0.0,0.0,0.0,618.0,1439241.0,42554.0,133065.0,1.0,0.979,0.748,0.921,0.003,0.003,0.005,0.007,0.01,0.006,0.008,0.0,0.0,0.0,0.0,0.0,0.0,0.0,52752.0,53548.0,53005.0,52841.0,53834.0,51219.0,46606.0,0.672,270.9,12.44,0.8,3.512,2.0,-1.0,13.57,0.02,0.219,3.0,2.0,0.0,0.0,23.5,23.54,22.94,23.15,23.25,26.12,23.06,23.45,23.07,31.94
2016-07-25 04:26:00-05:00,-10.09837,-4.2028584,571403,25.73,0.0,0.305,25.66,21.03,,,,,,,,,,,-2147484000.0,,,,-7999.0,-7999.0,-7999.0,-7999.0,-7999.0,-7999.0,-7999.0,-7999.0,25.2,23.05,-0.038,0.0,0.0,0.0,60.0,59.9,74.7,0.0,274.0,273.0,274.0,0.0,0.0,0.0,618.0,1439241.0,42554.0,133065.0,1.0,0.979,0.748,0.921,0.003,0.004,0.006,0.006,0.009,0.007,0.007,0.0,0.0,0.0,0.0,0.0,0.0,0.0,52752.0,53548.0,53005.0,52841.0,53834.0,51219.0,46606.0,0.802,285.9,6.132,1.0,3.512,2.0,-1.0,13.57,0.019,0.219,3.0,2.0,0.0,0.0,23.66,23.49,22.89,23.15,23.25,26.18,23.06,23.45,23.07,31.94
2016-07-25 04:27:00-05:00,-9.979566,-4.2028584,571404,25.7,0.0,0.305,25.82,24.93,,,,,,,,,,,-2147484000.0,,,,-7999.0,-7999.0,-7999.0,-7999.0,-7999.0,-7999.0,-7999.0,-7999.0,25.39,23.21,-0.034,0.0,0.0,0.0,60.0,59.9,74.7,0.0,274.0,273.0,274.1,0.0,0.0,0.0,618.0,1439241.0,42554.0,133065.0,1.0,0.979,0.748,0.921,0.003,0.004,0.006,0.006,0.01,0.007,0.007,0.0,0.0,0.0,0.0,0.0,0.0,0.0,52752.0,53548.0,53005.0,52841.0,53834.0,51219.0,46606.0,,0.0,0.0,,,2.0,-1.0,13.57,0.019,0.219,3.0,2.0,0.0,0.0,23.8,23.54,22.93,23.19,23.25,26.3,23.06,23.53,23.05,31.94
2016-07-25 04:28:00-05:00,-9.860761,-3.8666298,571405,25.7,0.0,0.305,25.82,29.55,,,,,,,,,,,-2147484000.0,,,,-7999.0,-7999.0,-7999.0,-7999.0,-7999.0,-7999.0,-7999.0,-7999.0,25.43,23.3,-0.038,0.0,0.0,0.0,60.0,59.9,74.7,0.0,274.0,273.0,274.0,0.0,0.0,0.0,618.0,1439241.0,42554.0,133065.0,1.0,0.979,0.748,0.921,0.002,0.004,0.005,0.007,0.01,0.006,0.007,0.0,0.0,0.0,0.0,0.0,0.0,0.0,52752.0,53548.0,53005.0,52841.0,53834.0,51219.0,46606.0,0.697,290.9,11.74,1.0,3.512,2.0,-1.0,13.57,0.021,0.22,3.0,2.0,0.0,0.0,23.95,23.59,22.96,23.25,23.29,26.45,23.09,23.6,23.08,31.94
2016-07-25 04:29:00-05:00,-9.504348,-3.7545533,571406,25.68,0.0,0.305,25.79,34.86,,,,,,,,,,,-2147484000.0,,,,-7999.0,-7999.0,-7999.0,-7999.0,-7999.0,-7999.0,-7999.0,-7999.0,25.42,23.38,-0.034,0.0,0.0,0.0,60.0,59.9,74.7,0.0,274.0,273.0,274.0,0.0,0.0,0.0,618.0,1439241.0,42554.0,133065.0,1.0,0.979,0.748,0.921,0.003,0.003,0.005,0.007,0.009,0.006,0.007,0.0,0.0,0.0,0.0,0.0,0.0,0.0,52752.0,53548.0,53005.0,52841.0,53834.0,51219.0,46606.0,0.992,276.1,4.763,1.3,3.509,2.0,-1.0,13.6,0.049,0.219,3.0,2.0,0.0,0.0,24.01,23.63,22.96,23.25,23.25,26.48,23.15,23.64,23.08,31.92
2016-07-25 04:30:00-05:00,-9.504348,-3.7545533,571407,25.67,0.0,0.305,25.81,40.94,,,,,,,,,,,-2147484000.0,,,,-7999.0,-7999.0,-7999.0,-7999.0,-7999.0,-7999.0,-7999.0,-7999.0,25.44,23.46,-0.033,0.0,0.0,0.0,60.0,59.9,74.7,0.0,274.0,272.6,274.0,0.0,0.0,0.0,618.0,1439241.0,42554.0,133065.0,1.0,0.979,0.748,0.921,0.003,0.004,0.006,0.007,0.01,0.006,0.007,0.0,0.0,0.0,0.0,0.0,0.0,0.0,52752.0,53548.0,53005.0,52841.0,53834.0,51219.0,46606.0,1.123,273.7,5.673,1.3,3.512,2.0,-1.0,13.61,0.024,0.219,3.0,2.0,0.0,0.0,24.08,23.63,22.96,23.25,23.28,26.47,23.15,23.66,23.08,31.89
2016-07-25 04:31:00-05:00,-9.147935,-3.7545533,571408,25.64,0.0,0.305,25.79,47.94,,,,,,,,,,,-2147484000.0,,,,-7999.0,-7999.0,-7999.0,-7999.0,-7999.0,-7999.0,-7999.0,-7999.0,25.44,23.54,-0.031,0.0,0.0,0.0,60.0,59.9,74.7,0.0,273.9,272.0,274.0,0.0,0.0,0.0,618.0,1439241.0,42554.0,133065.0,1.0,0.979,0.748,0.921,0.002,0.005,0.005,0.006,0.009,0.006,0.006,0.0,0.0,0.0,0.0,0.0,0.0,0.0,52752.0,53548.0,53005.0,52841.0,53834.0,51219.0,46606.0,0.917,274.9,5.703,1.1,3.512,2.0,-1.0,13.61,0.022,0.219,3.0,2.0,0.0,0.0,24.11,23.68,23.06,23.33,23.35,26.59,23.15,23.74,23.07,31.84
2016-07-25 04:32:00-05:00,-9.147935,-3.7545533,571409,25.64,0.0,0.305,25.75,55.81,,,,,,,,,,,-2147484000.0,,,,-7999.0,-7999.0,-7999.0,-7999.0,-7999.0,-7999.0,-7999.0,-7999.0,25.41,23.54,-0.02,0.0,0.0,0.0,60.0,59.9,74.7,0.0,273.5,272.0,274.0,0.0,0.0,0.0,618.0,1439241.0,42554.0,133065.0,1.0,0.979,0.748,0.921,0.002,0.004,0.005,0.007,0.01,0.006,0.007,0.0,0.0,0.0,0.0,0.001,0.0,0.0,52752.0,53548.0,53005.0,52841.0,53834.0,51219.0,46606.0,0.998,273.3,5.781,1.3,3.51,2.0,-1.0,13.61,0.022,0.219,3.0,2.0,0.0,0.0,24.14,23.73,23.06,23.35,23.33,26.57,23.19,23.74,23.08,31.84
2016-07-25 04:33:00-05:00,-9.147935,-3.7545533,571410,25.64,0.0,0.305,25.72,64.28,,,,,,,,,,,-2147484000.0,,,,-7999.0,-7999.0,-7999.0,-7999.0,-7999.0,-7999.0,-7999.0,-7999.0,25.37,23.57,-0.011,0.0,0.0,0.0,60.0,59.9,74.7,0.0,273.9,272.3,274.0,0.0,0.0,0.0,618.0,1439241.0,42554.0,133065.0,1.0,0.979,0.748,0.921,0.003,0.003,0.005,0.006,0.01,0.006,0.007,0.0,0.0,0.0,0.0,0.001,0.0,0.0,52752.0,53548.0,53005.0,52841.0,53834.0,51219.0,46606.0,0.948,285.1,8.3,1.2,3.51,2.0,-1.0,13.61,0.022,0.219,3.0,2.0,0.0,0.0,24.11,23.73,23.06,23.35,23.35,26.57,23.25,23.74,23.08,31.82
2016-07-25 04:34:00-05:00,-9.147935,-3.7545533,571411,25.61,0.0,0.305,25.68,73.12,,,,,,,,,,,-2147484000.0,,,,-7999.0,-7999.0,-7999.0,-7999.0,-7999.0,-7999.0,-7999.0,-7999.0,25.34,23.6,0.0,0.0,0.0,0.0,60.0,59.9,74.7,0.0,274.0,272.8,274.0,0.0,0.0,0.0,618.0,1439241.0,42554.0,133065.0,1.0,0.979,0.748,0.921,0.003,0.004,0.005,0.007,0.01,0.005,0.006,0.0,0.0,0.0,0.001,0.001,0.0,0.0,52752.0,53548.0,53005.0,52841.0,53834.0,51219.0,46606.0,1.09,290.0,6.963,1.3,3.512,2.0,-1.0,13.61,0.021,0.219,3.0,2.0,0.0,0.0,24.15,23.73,23.06,23.35,23.35,26.57,23.25,23.79,23.08,31.82
2016-07-25 04:35:00-05:00,-9.147935,-3.7545533,571412,25.61,0.0,0.305,25.63,82.1,,,,,,,,,,,-2147484000.0,,,,-7999.0,-7999.0,-7999.0,-7999.0,-7999.0,-7999.0,-7999.0,-7999.0,25.3,23.59,0.027,0.0,0.0,0.0,60.0,59.9,74.7,0.0,274.0,272.9,274.0,0.0,0.0,0.0,618.0,1439241.0,42554.0,133065.0,1.0,0.979,0.748,0.921,0.002,0.004,0.006,0.007,0.01,0.005,0.007,0.0,0.0,0.0,0.001,0.001,0.0,0.001,52752.0,53548.0,53005.0,52841.0,53834.0,51219.0,46606.0,1.04,290.6,5.358,1.3,3.512,2.0,-1.0,13.61,0.021,0.219,3.0,2.0,0.0,0.0,24.21,23.73,23.06,23.35,23.35,26.57,23.25,23.74,23.08,31.81
2016-07-25 04:36:00-05:00,-9.147935,-3.7545533,571413,25.59,0.0,0.305,25.58,91.5,,,,,,,,,,,-2147484000.0,,,,-7999.0,-7999.0,-7999.0,-7999.0,-7999.0,-7999.0,-7999.0,-7999.0,25.25,23.61,0.031,0.0,0.0,0.0,60.0,59.9,74.7,0.0,274.0,273.0,274.0,0.0,0.0,0.0,618.0,1439241.0,42554.0,133065.0,1.0,0.979,0.748,0.921,0.003,0.004,0.005,0.006,0.01,0.006,0.007,0.0,0.0,0.0,0.001,0.001,0.001,0.001,52752.0,53548.0,53005.0,52841.0,53834.0,51219.0,46606.0,1.078,288.9,7.063,1.5,3.51,2.0,-1.0,13.61,0.021,0.219,3.0,2.0,0.0,0.0,24.18,23.73,23.06,23.35,23.35,26.59,23.25,23.74,23.1,31.76
2016-07-25 04:37:00-05:00,-9.147935,-3.7545533,571414,25.58,0.0,0.305,25.51,101.0,,,,,,,,,,,-2147484000.0,,,,-7999.0,-7999.0,-7999.0,-7999.0,-7999.0,-7999.0,-7999.0,-7999.0,25.18,23.56,0.036,0.0,0.0,0.0,60.0,59.9,74.7,0.0,274.0,272.5,274.0,0.0,0.0,0.0,618.0,1439241.0,42554.0,133065.0,1.0,0.979,0.748,0.921,0.003,0.003,0.006,0.007,0.009,0.005,0.006,0.0,0.0,0.001,0.001,0.001,0.001,0.001,52752.0,53548.0,53005.0,52841.0,53834.0,51219.0,46606.0,1.392,286.0,5.768,1.9,3.509,2.0,-1.0,13.61,0.021,0.219,3.0,2.0,0.0,0.0,24.11,23.73,23.06,23.35,23.35,26.66,23.25,23.74,23.18,31.74
2016-07-25 04:38:00-05:00,-9.266739,-3.7545533,571415,25.58,0.0,0.305,25.51,110.6,,,,,,,,,,,-2147484000.0,,,,-7999.0,-7999.0,-7999.0,-7999.0,-7999.0,-7999.0,-7999.0,-7999.0,25.15,23.56,0.038,0.0,0.0,0.0,60.0,59.9,74.7,0.0,274.0,272.8,274.0,0.0,0.0,0.0,618.0,1439241.0,42554.0,133065.0,1.0,0.979,0.748,0.921,0.002,0.004,0.006,0.007,0.01,0.006,0.007,0.0,0.0,0.001,0.001,0.001,0.001,0.001,52752.0,53548.0,53005.0,52841.0,53834.0,51219.0,46606.0,1.455,288.0,8.98,2.0,3.512,2.0,-1.0,13.61,0.021,0.219,3.0,2.0,0.0,0.0,24.11,23.73,23.06,23.35,23.35,26.69,23.25,23.74,23.18,31.74
2016-07-25 04:39:00-05:00,-9.504348,-3.7545533,571416,25.55,0.0,0.305,25.44,120.2,,,,,,,,,,,-2147484000.0,,,,-7999.0,-7999.0,-7999.0,-7999.0,-7999.0,-7999.0,-7999.0,-7999.0,25.12,23.51,0.038,0.0,0.0,0.0,60.0,59.9,74.7,0.0,274.0,272.3,274.0,0.0,0.0,0.0,618.0,1439241.0,42554.0,133065.0,1.0,0.979,0.748,0.921,0.002,0.003,0.006,0.006,0.01,0.005,0.007,0.0,0.0,0.001,0.001,0.001,0.001,0.001,52752.0,53548.0,53005.0,52841.0,53834.0,51219.0,46606.0,1.225,284.8,9.61,1.7,3.512,2.0,-1.0,13.61,0.021,0.219,3.0,2.0,0.0,0.0,24.01,23.73,23.06,23.35,23.35,26.67,23.25,23.74,23.18,31.71
2016-07-25 04:40:00-05:00,-9.504348,-3.7545533,571417,25.55,0.0,0.305,25.4,129.7,,,,,,,,,,,-2147484000.0,,,,-7999.0,-7999.0,-7999.0,-7999.0,-7999.0,-7999.0,-7999.0,-7999.0,25.03,23.47,0.038,0.0,0.0,0.0,60.0,59.9,74.7,0.0,274.0,272.0,274.0,0.0,0.0,0.0,618.0,1439241.0,42554.0,133065.0,1.0,0.979,0.748,0.921,0.002,0.004,0.005,0.007,0.01,0.006,0.006,0.0,0.001,0.001,0.001,0.001,0.001,0.001,52752.0,53548.0,53005.0,52841.0,53834.0,51219.0,46606.0,1.388,278.9,13.4,1.9,3.512,2.0,-1.0,13.61,0.021,0.219,3.0,2.0,0.0,0.0,24.01,23.68,23.07,23.35,23.37,26.72,23.28,23.79,23.18,31.74
2016-07-25 04:41:00-05:00,-9.504348,-3.7545533,571418,25.53,0.0,0.305,25.34,139.4,,,,,,,,,,,-2147484000.0,,,,-7999.0,-7999.0,-7999.0,-7999.0,-7999.0,-7999.0,-7999.0,-7999.0,24.98,23.43,0.038,0.0,0.0,0.0,60.0,59.9,74.7,0.0,274.0,272.0,274.0,0.0,0.0,0.0,618.0,1439241.0,42554.0,133065.0,1.0,0.979,0.748,0.921,0.003,0.004,0.006,0.007,0.01,0.006,0.007,0.0,0.001,0.001,0.001,0.001,0.001,0.001,52752.0,53548.0,53005.0,52841.0,53834.0,51219.0,46606.0,1.142,264.8,8.64,1.7,3.512,2.0,-1.0,13.61,0.021,0.219,3.0,2.0,0.0,0.0,23.92,23.73,23.07,23.35,23.43,26.71,23.33,23.77,23.18,31.68
2016-07-25 04:42:00-05:00,-9.504348,-3.7545533,571419,25.52,0.0,0.305,25.29,149.9,,,,,,,,,,,-2147484000.0,,,,-7999.0,-7999.0,-7999.0,-7999.0,-7999.0,-7999.0,-7999.0,-7999.0,24.96,23.38,0.038,0.0,0.0,0.0,60.0,59.9,74.7,0.0,273.8,272.0,274.0,0.0,0.0,0.0,618.0,1439241.0,42554.0,133065.0,1.0,0.979,0.748,0.921,0.002,0.004,0.006,0.007,0.01,0.006,0.007,0.0,0.001,0.001,0.001,0.001,0.001,0.001,52752.0,53548.0,53005.0,52841.0,53834.0,51219.0,46606.0,0.748,265.3,11.39,1.0,3.512,2.0,-1.0,13.61,0.021,0.219,3.0,2.0,0.0,0.0,23.85,23.67,23.06,23.35,23.38,26.65,23.25,23.72,23.18,31.65
2016-07-25 04:43:00-05:00,-9.504348,-3.7545533,571420,25.52,0.0,0.305,25.3,161.1,,,,,,,,,,,-2147484000.0,,,,-7999.0,-7999.0,-7999.0,-7999.0,-7999.0,-7999.0,-7999.0,-7999.0,24.92,23.36,0.066,0.0,0.0,0.0,60.0,59.9,74.7,0.0,273.9,272.0,274.0,0.0,0.0,0.0,618.0,1439241.0,42554.0,133065.0,1.0,0.979,0.748,0.921,0.002,0.004,0.006,0.007,0.009,0.005,0.007,0.0,0.001,0.001,0.001,0.001,0.001,0.001,52752.0,53548.0,53005.0,52841.0,53834.0,51219.0,46606.0,,0.0,0.0,,,2.0,-1.0,13.61,0.021,0.219,3.0,2.0,0.0,0.0,23.82,23.63,23.06,23.35,23.35,26.76,23.25,23.64,23.18,31.65
2016-07-25 04:44:00-05:00,-9.623153,-3.7545533,571421,25.49,0.0,0.305,25.32,171.1,,,,,,,,,,,-2147484000.0,,,,-7999.0,-7999.0,-7999.0,-7999.0,-7999.0,-7999.0,-7999.0,-7999.0,24.91,23.3,0.175,0.0,0.0,0.0,60.0,59.9,74.7,0.0,273.9,272.0,274.0,0.0,0.0,0.0,618.0,1439241.0,42554.0,133065.0,1.0,0.979,0.748,0.921,0.003,0.004,0.007,0.007,0.01,0.005,0.008,0.0,0.001,0.001,0.001,0.002,0.001,0.001,52752.0,53548.0,53005.0,52841.0,53834.0,51219.0,46606.0,1.018,281.5,18.52,1.8,3.51,2.0,-1.0,13.61,0.021,0.219,3.0,2.0,0.0,0.0,23.72,23.63,23.06,23.35,23.35,26.78,23.25,23.64,23.18,31.58
2016-07-25 04:45:00-05:00,-9.623153,-3.7545533,571422,25.49,0.0,0.314,25.28,180.8,,,,,,,,,,,-2147484000.0,,,,-7999.0,-7999.0,-7999.0,-7999.0,-7999.0,-7999.0,-7999.0,-7999.0,24.88,23.28,0.191,0.0,0.0,0.0,60.0,59.9,74.7,0.0,273.8,272.0,274.0,0.0,0.0,0.0,618.0,1439241.0,42554.0,133065.0,1.0,0.979,0.748,0.921,0.002,0.004,0.006,0.006,0.009,0.005,0.007,0.0,0.001,0.001,0.001,0.002,0.001,0.001,52752.0,53548.0,53005.0,52841.0,53834.0,51219.0,46606.0,0.902,287.8,16.86,1.4,3.512,2.0,-1.0,13.61,0.021,0.219,3.0,2.0,0.0,0.0,23.69,23.62,23.06,23.33,23.33,26.81,23.25,23.64,23.18,31.55
2016-07-25 04:46:00-05:00,-9.623153,-3.7545533,571423,25.48,0.0,0.4,25.26,190.2,,,,,,,,,,,-2147484000.0,,,,-7999.0,-7999.0,-7999.0,-7999.0,-7999.0,-7999.0,-7999.0,-7999.0,24.86,23.23,0.191,0.0,0.0,0.0,60.0,59.9,74.7,0.0,274.0,272.9,274.7,0.0,0.0,0.0,618.0,1439241.0,42554.0,133065.0,1.0,0.979,0.748,0.921,0.002,0.004,0.006,0.007,0.01,0.005,0.007,0.0,0.001,0.001,0.001,0.002,0.001,0.001,52752.0,53548.0,53005.0,52841.0,53834.0,51219.0,46606.0,1.198,282.8,11.83,1.7,3.512,2.0,-1.0,13.61,0.021,0.219,3.0,2.0,0.0,0.0,23.62,23.57,22.99,23.25,23.35,26.75,23.25,23.62,23.18,31.55
2016-07-25 04:47:00-05:00,-9.623153,-3.7545533,571424,25.46,0.0,0.547,25.22,199.3,,,,,,,,,,,-2147484000.0,,,,-7999.0,-7999.0,-7999.0,-7999.0,-7999.0,-7999.0,-7999.0,-7999.0,24.83,23.2,0.23,0.0,0.0,0.0,60.0,59.9,74.7,0.0,274.0,273.0,274.5,0.0,0.0,0.0,618.0,1439241.0,42554.0,133065.0,1.0,0.979,0.748,0.921,0.003,0.004,0.006,0.007,0.009,0.004,0.007,0.001,0.001,0.001,0.001,0.002,0.001,0.001,52752.0,53548.0,53005.0,52841.0,53834.0,51219.0,46606.0,1.322,281.1,7.843,1.8,3.512,2.0,-1.0,13.61,0.021,0.219,3.0,2.0,0.0,0.0,23.62,23.54,22.96,23.25,23.32,26.66,23.19,23.56,23.18,31.55
2016-07-25 04:48:00-05:00,-9.504348,-3.7545533,571425,25.46,0.0,0.716,25.19,208.2,,,,,,,,,,,-2147484000.0,,,,-7999.0,-7999.0,-7999.0,-7999.0,-7999.0,-7999.0,-7999.0,-7999.0,24.8,23.16,0.267,0.0,0.0,0.0,60.0,59.9,74.7,0.0,274.3,273.0,274.5,0.0,0.0,0.0,618.0,1439241.0,42554.0,133065.0,1.0,0.979,0.748,0.921,0.002,0.005,0.006,0.007,0.009,0.004,0.007,0.0,0.001,0.001,0.001,0.002,0.001,0.001,52752.0,53548.0,53005.0,52841.0,53834.0,51219.0,46606.0,1.14,282.5,7.67,1.4,3.512,2.0,-1.0,13.61,0.021,0.219,3.0,2.0,0.0,0.0,23.56,23.54,22.96,23.25,23.27,26.65,23.15,23.56,23.18,31.55
2016-07-25 04:49:00-05:00,-9.504348,-3.7545533,571426,25.44,0.0,0.809,25.19,216.9,,,,,,,,,,,-2147484000.0,,,,-7999.0,-7999.0,-7999.0,-7999.0,-7999.0,-7999.0,-7999.0,-7999.0,24.8,23.12,0.273,0.0,0.0,0.0,60.0,59.9,74.7,0.0,274.8,273.0,275.0,0.0,0.0,0.0,618.0,1439241.0,42554.0,133065.0,1.0,0.979,0.748,0.921,0.002,0.004,0.006,0.006,0.009,0.005,0.008,0.0,0.001,0.001,0.001,0.002,0.001,0.002,52752.0,53548.0,53005.0,52841.0,53834.0,51219.0,46606.0,0.945,279.9,7.233,1.2,3.512,2.0,-1.0,13.61,0.02,0.219,3.0,2.0,0.0,0.0,23.53,23.54,22.96,23.24,23.25,26.58,23.15,23.54,23.15,31.53
2016-07-25 04:50:00-05:00,-9.504348,-3.7545533,571427,25.43,0.0,0.814,25.18,225.0,,,,,,,,,,,-2147484000.0,,,,-7999.0,-7999.0,-7999.0,-7999.0,-7999.0,-7999.0,-7999.0,-7999.0,24.79,23.07,0.34,0.0,0.0,0.0,60.0,59.9,74.7,0.0,274.7,273.0,275.0,0.0,0.0,0.0,618.0,1439241.0,42554.0,133065.0,1.0,0.979,0.748,0.921,0.002,0.004,0.006,0.007,0.009,0.005,0.006,0.001,0.001,0.001,0.002,0.002,0.001,0.001,52752.0,53548.0,53005.0,52841.0,53834.0,51219.0,46606.0,0.952,277.5,11.8,1.5,3.512,2.0,-1.0,13.61,0.02,0.219,3.0,2.0,0.0,0.0,23.46,23.54,22.89,23.17,23.25,26.68,23.09,23.46,23.08,31.45
2016-07-25 04:51:00-05:00,-9.504348,-3.4183247,571428,25.4,0.0,0.814,25.18,232.6,,,,,,,,,,,-2147484000.0,,,,-7999.0,-7999.0,-7999.0,-7999.0,-7999.0,-7999.0,-7999.0,-7999.0,24.83,23.04,0.367,0.0,0.0,0.0,60.0,59.9,74.7,0.0,275.0,273.2,275.0,0.0,0.0,0.0,618.0,1439241.0,42554.0,133065.0,1.0,0.979,0.748,0.921,0.003,0.004,0.006,0.007,0.01,0.004,0.006,0.001,0.001,0.001,0.002,0.002,0.001,0.001,52752.0,53548.0,53005.0,52841.0,53834.0,51219.0,46606.0,0.95,278.0,13.96,1.7,3.51,2.0,-1.0,13.61,0.02,0.219,3.0,2.0,0.0,0.0,23.43,23.47,22.86,23.15,23.25,26.58,23.07,23.48,23.08,31.45
2016-07-25 04:52:00-05:00,-9.504348,-3.4183247,571429,25.4,0.0,0.814,25.17,239.7,,,,,,,,,,,-2147484000.0,,,,-7999.0,-7999.0,-7999.0,-7999.0,-7999.0,-7999.0,-7999.0,-7999.0,24.82,23.03,0.42,0.0,0.0,0.0,60.0,59.9,74.7,0.0,274.2,273.0,275.0,0.0,0.0,0.0,618.0,1439241.0,42554.0,133065.0,1.0,0.979,0.748,0.921,0.002,0.004,0.006,0.006,0.009,0.005,0.006,0.001,0.001,0.001,0.002,0.002,0.001,0.001,52752.0,53548.0,53005.0,52841.0,53834.0,51219.0,46606.0,1.0,283.5,12.47,1.3,3.512,2.0,-1.0,13.61,0.02,0.219,3.0,2.0,0.0,0.0,23.43,23.45,22.86,23.15,23.2,26.48,23.06,23.45,23.08,31.45
2016-07-25 04:53:00-05:00,-9.504348,-3.4183247,571430,25.39,0.0,0.814,25.18,246.3,,,,,,,,,,,-2147484000.0,,,,-7999.0,-7999.0,-7999.0,-7999.0,-7999.0,-7999.0,-7999.0,-7999.0,24.83,23.02,0.552,0.0,0.0,0.0,60.0,59.9,74.7,0.0,274.5,273.0,275.0,0.0,0.0,0.0,618.0,1439241.0,42554.0,133065.0,1.0,0.979,0.748,0.921,0.002,0.003,0.005,0.006,0.01,0.006,0.006,0.0,0.001,0.001,0.002,0.002,0.001,0.001,52752.0,53548.0,53005.0,52841.0,53834.0,51219.0,46606.0,1.198,288.4,12.2,1.5,3.512,2.0,-1.0,13.61,0.02,0.219,3.0,2.0,0.0,0.0,23.41,23.44,22.86,23.14,23.15,26.53,23.06,23.45,23.08,31.42
2016-07-25 04:54:00-05:00,-9.147935,-3.4183247,571431,25.37,0.0,0.818,25.18,252.2,,,,,,,,,,,-2147484000.0,,,,-7999.0,-7999.0,-7999.0,-7999.0,-7999.0,-7999.0,-7999.0,-7999.0,24.81,23.03,0.614,0.0,0.0,0.0,60.0,59.9,74.7,0.0,274.0,273.0,275.0,0.0,0.0,0.0,618.0,1439241.0,42554.0,133065.0,1.0,0.979,0.748,0.921,0.003,0.005,0.006,0.006,0.009,0.006,0.006,0.001,0.001,0.001,0.002,0.002,0.002,0.002,52752.0,53548.0,53005.0,52841.0,53834.0,51219.0,46606.0,,0.0,0.0,,,2.0,-1.0,13.61,0.02,0.219,3.0,2.0,0.0,0.0,23.41,23.47,22.86,23.15,23.15,26.58,23.06,23.45,23.08,31.37
2016-07-25 04:55:00-05:00,-8.910326,-3.4183247,571432,25.36,0.0,1.104,25.18,257.5,,,,,,,,,,,-2147484000.0,,,,-7999.0,-7999.0,-7999.0,-7999.0,-7999.0,-7999.0,-7999.0,-7999.0,24.84,23.03,0.671,0.0,0.0,0.0,60.0,59.9,74.7,0.0,274.1,273.0,275.0,0.0,0.0,0.0,618.0,1439241.0,42554.0,133065.0,1.0,0.979,0.748,0.921,0.003,0.004,0.005,0.006,0.01,0.006,0.006,0.001,0.001,0.001,0.002,0.002,0.002,0.002,52752.0,53548.0,53005.0,52841.0,53834.0,51219.0,46606.0,1.13,300.8,8.92,1.8,3.512,2.0,-1.0,13.61,0.02,0.219,3.0,2.0,0.0,0.0,23.46,23.44,22.86,23.15,23.15,26.58,23.06,23.45,23.08,31.35
2016-07-25 04:56:00-05:00,-8.672717,-3.0820959,571433,25.34,0.0,1.322,25.24,262.4,,,,,,,,,,,-2147484000.0,,,,-7999.0,-7999.0,-7999.0,-7999.0,-7999.0,-7999.0,-7999.0,-7999.0,24.87,23.07,0.74,0.0,0.0,0.0,60.0,59.9,74.7,0.0,274.7,273.3,275.0,0.0,0.0,0.0,618.0,1439241.0,42554.0,133065.0,1.0,0.979,0.748,0.921,0.003,0.005,0.005,0.006,0.009,0.006,0.007,0.001,0.001,0.001,0.002,0.002,0.002,0.002,52752.0,53548.0,53005.0,52841.0,53834.0,51219.0,46606.0,1.058,303.1,7.692,1.5,3.512,2.0,-1.0,13.61,0.02,0.219,3.0,2.0,0.0,0.0,23.53,23.46,22.88,23.15,23.19,26.6,23.06,23.5,23.13,31.35
2016-07-25 04:57:00-05:00,-8.672717,-3.0820959,571434,25.34,0.0,1.324,25.22,266.8,,,,,,,,,,,-2147484000.0,,,,-7999.0,-7999.0,-7999.0,-7999.0,-7999.0,-7999.0,-7999.0,-7999.0,24.9,23.16,0.82,0.0,0.0,0.0,60.0,59.9,74.7,0.0,274.6,273.2,275.0,0.0,0.0,0.0,618.0,1439241.0,42554.0,133065.0,1.0,0.979,0.748,0.921,0.002,0.004,0.005,0.007,0.01,0.006,0.006,0.001,0.001,0.001,0.002,0.003,0.002,0.002,52752.0,53548.0,53005.0,52841.0,53834.0,51219.0,46606.0,0.823,309.1,10.57,1.1,3.512,2.0,-1.0,13.61,0.02,0.219,3.0,2.0,0.0,0.0,23.61,23.54,22.86,23.19,23.25,26.62,23.09,23.54,23.18,31.35
2016-07-25 04:58:00-05:00,-8.435108,-2.8579435,571435,25.32,0.0,1.327,25.24,270.9,,,,,,,,,,,-2147484000.0,,,,-7999.0,-7999.0,-7999.0,-7999.0,-7999.0,-7999.0,-7999.0,-7999.0,24.9,23.19,0.964,0.0,0.0,0.0,60.0,59.9,74.7,0.0,274.4,273.0,275.0,0.0,0.0,0.0,618.0,1439241.0,42554.0,133065.0,1.0,0.979,0.748,0.921,0.004,0.005,0.005,0.006,0.009,0.005,0.006,0.001,0.001,0.001,0.002,0.003,0.001,0.002,52752.0,53548.0,53005.0,52841.0,53834.0,51219.0,46606.0,0.867,301.5,9.49,1.1,3.512,2.0,-1.0,13.61,0.02,0.219,3.0,2.0,0.0,0.0,23.64,23.54,22.88,23.15,23.27,26.58,23.12,23.54,23.13,31.35
2016-07-25 04:59:00-05:00,-8.316304,-2.6337912,571436,25.31,0.0,1.477,25.22,274.8,,,,,,,,,,,-2147484000.0,,,,-7999.0,-7999.0,-7999.0,-7999.0,-7999.0,-7999.0,-7999.0,-7999.0,24.91,23.24,1.052,0.0,0.0,0.0,60.0,59.9,74.7,0.0,274.5,273.1,275.0,0.0,0.0,0.0,618.0,1439241.0,42554.0,133065.0,1.0,0.979,0.748,0.921,0.003,0.004,0.005,0.007,0.009,0.007,0.006,0.001,0.001,0.001,0.002,0.003,0.002,0.002,52752.0,53548.0,53005.0,52841.0,53834.0,51219.0,46606.0,0.593,312.8,9.84,1.0,3.512,2.0,-1.0,13.61,0.02,0.219,3.0,2.0,0.0,0.0,23.7,23.54,22.86,23.15,23.24,26.58,23.1,23.54,23.12,31.29
2016-07-25 05:00:00-05:00,-7.959892,-2.6337912,571437,25.28,0.0,1.794,25.25,278.5,,,,,,,,,,,-2147484000.0,,,,-7999.0,-7999.0,-7999.0,-7999.0,-7999.0,-7999.0,-7999.0,-7999.0,24.9,23.25,1.151,0.0,0.0,0.0,60.0,59.9,74.7,0.0,274.9,273.0,275.0,0.0,0.0,0.0,618.0,1439241.0,42554.0,133065.0,1.0,0.979,0.748,0.921,0.003,0.004,0.006,0.007,0.009,0.006,0.006,0.001,0.001,0.002,0.002,0.003,0.002,0.002,52752.0,53548.0,53005.0,52841.0,53834.0,51219.0,46606.0,0.757,307.2,14.09,1.1,3.512,2.0,-1.0,13.61,0.02,0.219,3.0,2.0,0.0,0.0,23.71,23.54,22.86,23.15,23.23,26.58,23.11,23.53,23.12,31.25
2016-07-25 05:01:00-05:00,-7.959892,-2.2975626,571438,25.28,0.0,1.834,25.25,282.4,,,,,,,,,,,-2147484000.0,,,,-7999.0,-7999.0,-7999.0,-7999.0,-7999.0,-7999.0,-7999.0,-7999.0,24.9,23.26,1.352,0.0,0.0,0.0,60.0,59.9,74.7,0.0,274.1,273.0,275.0,0.0,0.0,0.0,618.0,1439241.0,42554.0,133065.0,1.0,0.979,0.748,0.921,0.003,0.003,0.005,0.006,0.01,0.006,0.007,0.001,0.001,0.001,0.002,0.003,0.002,0.002,52752.0,53548.0,53005.0,52841.0,53834.0,51219.0,46606.0,1.015,318.7,8.01,1.2,3.512,2.0,-1.0,13.61,0.02,0.219,3.0,2.0,0.0,0.0,23.84,23.52,22.86,23.15,23.19,26.55,23.07,23.46,23.17,31.25
2016-07-25 05:02:00-05:00,-7.7222824,-2.1854863,571439,25.28,0.0,2.096,25.28,287.0,,,,,,,,,,,-2147484000.0,,,,-7999.0,-7999.0,-7999.0,-7999.0,-7999.0,-7999.0,-7999.0,-7999.0,24.88,23.27,1.577,0.0,0.0,0.0,60.0,59.9,74.7,0.0,274.0,273.0,275.0,0.0,0.0,0.0,618.0,1439241.0,42554.0,133065.0,1.0,0.979,0.748,0.921,0.003,0.005,0.006,0.007,0.01,0.006,0.006,0.001,0.001,0.002,0.002,0.003,0.002,0.002,52752.0,53548.0,53005.0,52841.0,53834.0,51219.0,46606.0,1.085,324.6,7.136,1.4,3.51,2.0,-1.0,13.61,0.02,0.219,3.0,2.0,0.0,0.0,23.82,23.45,22.86,23.15,23.15,26.47,23.08,23.47,23.2,31.25
2016-07-25 05:03:00-05:00,-7.1282606,-1.7371814,571440,25.25,0.0,2.356,25.21,291.7,,,,,,,,,,,-2147484000.0,,,,-7999.0,-7999.0,-7999.0,-7999.0,-7999.0,-7999.0,-7999.0,-7999.0,24.87,23.27,1.909,0.0,0.0,0.0,60.0,59.9,74.7,0.0,274.0,273.0,274.9,0.0,0.0,0.0,618.0,1439241.0,42554.0,133065.0,1.0,0.979,0.748,0.921,0.002,0.004,0.005,0.006,0.01,0.006,0.006,0.001,0.001,0.001,0.002,0.003,0.002,0.002,52752.0,53548.0,53005.0,52841.0,53834.0,51219.0,46606.0,1.152,322.0,13.38,1.5,3.512,2.0,-1.0,13.61,0.02,0.219,3.0,2.0,0.0,0.0,23.84,23.45,22.86,23.17,23.17,26.37,23.06,23.5,23.28,31.25
2016-07-25 05:04:00-05:00,-6.6530433,-1.4009527,571441,25.25,0.0,2.829,25.17,296.4,,,,,,,,,,,-2147484000.0,,,,-7999.0,-7999.0,-7999.0,-7999.0,-7999.0,-7999.0,-7999.0,-7999.0,24.85,23.29,2.263,0.0,0.0,0.0,60.0,59.9,74.7,0.0,274.0,273.0,275.0,0.0,0.0,0.0,618.0,1439241.0,42554.0,133065.0,1.0,0.979,0.748,0.921,0.002,0.004,0.005,0.007,0.01,0.006,0.007,0.001,0.001,0.001,0.002,0.003,0.002,0.002,52752.0,53548.0,53005.0,52841.0,53834.0,51219.0,46606.0,1.053,323.0,9.35,1.3,3.512,2.0,-1.0,13.61,0.02,0.219,3.0,2.0,0.0,0.0,23.85,23.49,22.9,23.15,23.15,26.39,23.12,23.54,23.29,31.17
2016-07-25 05:05:00-05:00,-6.177826,-0.95264786,571442,25.24,0.0,3.186,25.05,300.7,,,,,,,,,,,-2147484000.0,,,,-7999.0,-7999.0,-7999.0,-7999.0,-7999.0,-7999.0,-7999.0,-7999.0,24.78,23.32,2.678,0.0,0.0,0.0,60.0,59.9,74.7,0.0,274.0,273.0,274.5,0.0,0.0,0.0,618.0,1439241.0,42554.0,133065.0,1.0,0.979,0.748,0.921,0.002,0.004,0.004,0.007,0.01,0.005,0.006,0.001,0.001,0.001,0.002,0.003,0.002,0.002,52752.0,53548.0,53005.0,52841.0,53834.0,51219.0,46606.0,,0.0,0.0,,,2.0,-1.0,13.61,0.02,0.219,3.0,2.0,0.0,0.0,23.85,23.54,22.89,23.17,23.19,26.39,23.15,23.54,23.37,31.16
2016-07-25 05:06:00-05:00,-5.4649997,-0.39226672,571443,25.22,0.0,3.624,25.02,304.8,,,,,,,,,,,-2147484000.0,,,,-7999.0,-7999.0,-7999.0,-7999.0,-7999.0,-7999.0,-7999.0,-7999.0,24.74,23.31,3.142,0.0,0.0,0.0,60.0,59.9,74.7,0.0,274.0,273.0,275.0,0.0,0.0,0.0,618.0,1439241.0,42554.0,133065.0,1.0,0.979,0.748,0.921,0.001,0.004,0.004,0.008,0.01,0.005,0.006,0.0,0.001,0.001,0.003,0.003,0.002,0.002,52752.0,53548.0,53005.0,52841.0,53834.0,51219.0,46606.0,1.333,314.8,10.01,1.8,3.512,2.0,-1.0,13.61,0.02,0.219,3.0,2.0,0.0,0.0,23.87,23.54,22.99,23.19,23.29,26.39,23.15,23.56,23.38,31.16
2016-07-25 05:07:00-05:00,-4.8709784,0.16811424,571444,25.22,0.0,4.106,25.11,309.0,,,,,,,,,,,-2147484000.0,,,,-7999.0,-7999.0,-7999.0,-7999.0,-7999.0,-7999.0,-7999.0,-7999.0,24.76,23.34,3.647,0.0,0.0,0.0,60.0,59.9,74.7,0.0,274.0,273.0,275.0,0.0,0.0,0.0,618.0,1439241.0,42554.0,133065.0,1.0,0.979,0.748,0.921,-0.001,0.003,0.004,0.008,0.009,0.005,0.012,0.0,0.001,0.001,0.002,0.003,0.001,0.004,52752.0,53548.0,53005.0,52841.0,53834.0,51219.0,46606.0,1.153,313.8,11.43,1.6,3.512,2.0,-1.0,13.61,0.02,0.219,3.0,2.0,0.0,0.0,23.97,23.54,22.94,23.27,23.27,26.39,23.22,23.61,23.39,31.16
2016-07-25 05:08:00-05:00,-4.1581516,0.7284954,571445,25.2,0.0,4.654,25.16,312.7,,,,,,,,,,,-2147484000.0,,,,-7999.0,-7999.0,-7999.0,-7999.0,-7999.0,-7999.0,-7999.0,-7999.0,24.81,23.38,4.223,0.0,0.0,0.0,60.0,59.9,74.7,0.0,274.0,273.0,274.8,0.0,0.0,0.0,618.0,1439241.0,42554.0,133065.0,1.0,0.979,0.748,0.921,-0.006,0.002,0.004,0.006,0.007,0.0,0.025,-0.002,0.001,0.001,0.002,0.002,0.0,0.008,52752.0,53548.0,53005.0,52841.0,53834.0,51219.0,46606.0,1.05,312.2,10.6,1.3,3.512,2.0,-1.0,13.61,0.02,0.219,3.0,2.0,0.0,0.0,24.0,23.54,22.96,23.25,23.27,26.39,23.25,23.64,23.47,31.16
2016-07-25 05:09:00-05:00,-3.5641303,1.4009526,571446,25.19,0.0,5.236,25.21,315.5,,,,,,,,,,,-2147484000.0,,,,-7999.0,-7999.0,-7999.0,-7999.0,-7999.0,-7999.0,-7999.0,-7999.0,24.86,23.4,4.827,0.0,0.0,0.0,60.0,59.9,74.7,0.0,274.0,273.0,274.4,0.0,0.0,0.0,618.0,1439241.0,42554.0,133065.0,1.0,0.979,0.748,0.921,-0.007,0.003,0.004,0.014,0.007,-0.01,0.029,-0.002,0.001,0.001,0.005,0.002,-0.003,0.009,52752.0,53548.0,53005.0,52841.0,53834.0,51219.0,46606.0,1.03,305.7,12.98,1.3,3.512,2.0,-1.0,13.61,0.02,0.219,3.0,2.0,0.0,0.0,24.1,23.54,22.96,23.27,23.27,26.39,23.25,23.64,23.47,31.16
2016-07-25 05:10:00-05:00,-2.7324998,2.07341,571447,25.19,0.0,5.879,25.23,318.1,,,,,,,,,,,-2147484000.0,,,,-7999.0,-7999.0,-7999.0,-7999.0,-7999.0,-7999.0,-7999.0,-7999.0,24.88,23.41,5.492,0.0,0.0,0.0,60.0,59.9,74.7,0.0,274.0,273.0,274.7,0.0,0.0,0.0,618.0,1439241.0,42554.0,133065.0,1.0,0.979,0.748,0.921,-0.012,0.003,0.003,0.022,0.007,-0.018,0.035,-0.004,0.001,0.001,0.007,0.002,-0.006,0.011,52752.0,53548.0,53005.0,52841.0,53834.0,51219.0,46606.0,1.202,305.0,7.471,1.7,3.512,2.0,-1.0,13.61,0.02,0.219,3.0,2.0,0.0,0.0,24.1,23.54,22.96,23.3,23.27,26.41,23.25,23.64,23.47,31.14
2016-07-25 05:11:00-05:00,-2.0196736,2.7458675,571448,25.16,0.0,6.566,25.22,320.7,,,,,,,,,,,-2147484000.0,,,,-7999.0,-7999.0,-7999.0,-7999.0,-7999.0,-7999.0,-7999.0,-7999.0,24.87,23.38,6.203,0.0,0.0,0.0,60.0,59.9,74.7,0.0,274.0,273.0,274.5,0.0,0.0,0.0,618.0,1439241.0,42554.0,133065.0,1.0,0.979,0.748,0.921,-0.015,0.002,0.004,0.039,0.006,-0.021,0.026,-0.005,0.001,0.001,0.013,0.002,-0.007,0.008,52752.0,53548.0,53005.0,52841.0,53834.0,51219.0,46606.0,0.937,306.1,8.7,1.3,3.512,2.0,-1.0,13.61,0.02,0.219,3.0,2.0,0.0,0.0,24.07,23.54,22.96,23.27,23.25,26.49,23.29,23.66,23.47,31.06
2016-07-25 05:12:00-05:00,-1.1880432,3.530401,571449,25.16,0.0,7.252,25.23,323.0,,,,,,,,,,,-2147484000.0,,,,-7999.0,-7999.0,-7999.0,-7999.0,-7999.0,-7999.0,-7999.0,-7999.0,24.88,23.4,6.953,0.0,0.0,0.0,60.0,59.9,74.7,0.0,278.1,276.9,278.9,0.0,0.0,0.0,618.0,1439241.0,42554.0,133065.0,1.0,0.979,0.748,0.921,-0.002,0.003,0.004,0.03,0.007,-0.018,0.016,-0.001,0.001,0.001,0.01,0.002,-0.006,0.005,52752.0,53548.0,53005.0,52841.0,53834.0,51219.0,46606.0,0.725,304.1,12.46,1.1,3.512,2.0,-1.0,13.61,0.02,0.219,3.0,2.0,0.0,0.0,24.07,23.56,22.99,23.27,23.25,26.49,23.27,23.64,23.47,31.06
2016-07-25 05:13:00-05:00,-0.3564129,4.4270105,571450,25.16,0.0,8.11,25.29,324.3,,,,,,,,,,,-2147484000.0,,,,-7999.0,-7999.0,-7999.0,-7999.0,-7999.0,-7999.0,-7999.0,-7999.0,24.92,23.44,7.755,4.043,4.11,4.043,60.0,59.9,74.7,0.0,278.0,277.0,279.0,-0.15,-3.143,3.147,618.0,1439241.0,42554.0,133065.0,0.667,0.979,0.748,0.921,0.02,0.014,0.016,0.042,0.019,-0.01,0.029,0.006,0.004,0.005,0.013,0.006,-0.004,0.009,52752.0,53548.0,53005.0,52841.0,53834.0,51219.0,46606.0,,0.0,0.0,,,2.0,-1.0,13.61,0.02,0.219,3.0,2.0,0.0,0.0,24.12,23.62,22.96,23.25,23.3,26.49,23.28,23.66,23.47,31.06
2016-07-25 05:14:00-05:00,0.5940216,5.211544,571451,25.16,0.0,8.93,25.29,317.6,,,,,,,,,,,-2147484000.0,,,,-7999.0,-7999.0,-7999.0,-7999.0,-7999.0,-7999.0,-7999.0,-7999.0,24.94,23.46,8.62,10.14,11.23,11.12,60.0,59.9,74.7,0.0,278.0,277.0,279.0,0.212,-8.2,8.22,618.0,1439241.0,42555.0,133065.0,-0.03,0.979,0.748,0.921,0.428,0.465,0.474,0.475,0.489,0.417,0.411,0.128,0.14,0.143,0.143,0.147,0.124,0.124,52752.0,53548.0,53005.0,52841.0,53834.0,51219.0,46606.0,0.962,294.1,6.17,1.2,3.512,2.0,-1.0,13.61,0.02,0.219,3.0,2.0,0.0,0.0,24.11,23.63,23.01,23.25,23.35,26.4,23.25,23.66,23.47,31.06
2016-07-25 05:15:00-05:00,1.5444566,5.9960775,571452,25.13,0.0,9.83,25.32,327.4,,,,,,,,,,,-2147484000.0,,,,-7999.0,-7999.0,-7999.0,-7999.0,-7999.0,-7999.0,-7999.0,-7999.0,24.95,23.47,9.53,10.11,11.24,11.18,60.0,59.9,74.7,0.0,278.0,277.0,279.0,0.237,-8.19,8.21,618.0,1439241.0,42555.0,133065.0,-0.033,0.979,0.748,0.921,0.435,0.479,0.485,0.486,0.493,0.426,0.415,0.136,0.151,0.153,0.153,0.155,0.134,0.131,52752.0,53548.0,53005.0,52841.0,53834.0,51219.0,46606.0,0.638,296.8,11.82,0.9,3.51,2.0,-1.0,13.61,0.02,0.219,3.0,2.0,0.0,0.0,24.12,23.65,23.04,23.25,23.37,26.39,23.25,23.71,23.47,31.05
2016-07-25 05:16:00-05:00,2.2572832,6.780611,571453,25.13,0.0,10.8,25.32,329.4,,,,,,,,,,,-2147484000.0,,,,-7999.0,-7999.0,-7999.0,-7999.0,-7999.0,-7999.0,-7999.0,-7999.0,24.99,23.48,10.51,10.09,11.23,11.13,60.0,59.9,74.7,0.0,276.5,275.5,277.1,0.336,-8.11,8.14,618.0,1439241.0,42555.0,133065.0,-0.047,0.979,0.748,0.921,0.457,0.524,0.537,0.529,0.537,0.465,0.466,0.144,0.166,0.17,0.168,0.17,0.146,0.148,52752.0,53548.0,53005.0,52841.0,53834.0,51219.0,46606.0,0.713,291.0,9.66,1.0,3.51,2.0,-1.0,13.61,0.02,0.219,3.0,2.0,0.0,0.0,24.12,23.63,23.04,23.34,23.37,26.39,23.3,23.74,23.47,30.96
2016-07-25 05:17:00-05:00,3.3265219,7.789297,571454,25.13,0.0,11.81,25.35,332.5,,,,,,,,,,,-2147484000.0,,,,-7999.0,-7999.0,-7999.0,-7999.0,-7999.0,-7999.0,-7999.0,-7999.0,25.0,23.48,11.49,10.13,11.21,11.13,60.0,59.9,74.7,0.0,275.0,274.0,276.0,0.433,-8.06,8.1,618.0,1439241.0,42555.0,133065.0,-0.06,0.979,0.748,0.921,0.487,0.551,0.549,0.555,0.54,0.488,0.478,0.154,0.176,0.175,0.177,0.172,0.154,0.152,52752.0,53548.0,53005.0,52841.0,53834.0,51219.0,46606.0,0.69,303.8,7.938,0.9,3.51,2.0,-1.0,13.61,0.02,0.219,3.0,2.0,0.0,0.0,24.12,23.65,23.08,23.37,23.38,26.47,23.37,23.79,23.47,30.96
2016-07-25 05:18:00-05:00,4.514565,8.91006,571455,25.11,0.0,12.84,25.37,339.0,,,,,,,,,,,-2147484000.0,,,,-7999.0,-7999.0,-7999.0,-7999.0,-7999.0,-7999.0,-7999.0,-7999.0,25.03,23.55,12.53,10.37,11.33,11.2,60.0,59.9,74.7,0.0,275.0,274.0,276.0,0.308,-8.21,8.25,618.0,1439241.0,42555.0,133065.0,-0.045,0.979,0.748,0.921,0.417,0.477,0.488,0.493,0.487,0.393,0.416,0.133,0.154,0.157,0.159,0.157,0.125,0.134,52752.0,53548.0,53005.0,52841.0,53834.0,51219.0,46606.0,0.725,308.7,11.49,1.1,3.51,2.0,-1.0,13.61,0.02,0.219,3.0,2.0,0.0,0.0,24.12,23.68,23.09,23.41,23.45,26.49,23.39,23.84,23.47,30.96
2016-07-25 05:19:00-05:00,5.702609,10.030821,571456,25.1,0.0,13.93,25.39,344.0,,,,,,,,,,,-2147484000.0,,,,-7999.0,-7999.0,-7999.0,-7999.0,-7999.0,-7999.0,-7999.0,-7999.0,25.05,23.59,13.58,10.37,11.33,11.21,60.0,59.9,74.7,0.0,275.0,274.0,276.0,0.242,-8.23,8.26,618.0,1439241.0,42555.0,133065.0,-0.036,0.979,0.748,0.921,0.398,0.462,0.408,0.439,0.468,0.402,0.323,0.13,0.153,0.135,0.145,0.155,0.132,0.107,52752.0,53548.0,53005.0,52841.0,53834.0,51219.0,46606.0,0.72,328.5,11.21,1.0,3.51,2.0,-1.0,13.61,0.02,0.219,3.0,2.0,0.0,0.0,24.2,23.73,23.15,23.45,23.45,26.49,23.43,23.84,23.57,30.96
2016-07-25 05:20:00-05:00,6.8906527,11.039507,571457,25.1,0.0,14.96,25.35,343.6,,,,,,,,,,,-2147484000.0,,,,-7999.0,-7999.0,-7999.0,-7999.0,-7999.0,-7999.0,-7999.0,-7999.0,25.01,23.64,14.62,10.29,11.32,11.15,60.0,59.9,74.7,0.0,275.0,274.0,275.7,0.419,-8.13,8.18,618.0,1439241.0,42555.0,133065.0,-0.059,0.979,0.748,0.921,0.519,0.581,0.499,0.569,0.607,0.531,0.386,0.171,0.193,0.166,0.189,0.201,0.175,0.128,52752.0,53548.0,53005.0,52841.0,53834.0,51219.0,46606.0,0.908,340.4,7.022,1.2,3.512,2.0,-1.0,13.61,0.02,0.219,3.0,2.0,0.0,0.0,24.22,23.73,23.21,23.45,23.47,26.49,23.43,23.84,23.6,30.96
2016-07-25 05:21:00-05:00,7.959892,12.048194,571458,25.1,0.0,15.98,25.35,341.8,,,,,,,,,,,-2147484000.0,,,,-7999.0,-7999.0,-7999.0,-7999.0,-7999.0,-7999.0,-7999.0,-7999.0,25.0,23.69,15.64,10.06,11.25,11.08,60.0,59.9,74.7,0.0,275.0,274.0,275.9,0.636,-7.989,8.05,618.0,1439241.0,42555.0,133065.0,-0.087,0.979,0.748,0.921,0.563,0.658,0.656,0.641,0.672,0.571,0.538,0.185,0.218,0.218,0.212,0.223,0.188,0.178,52752.0,53548.0,53005.0,52841.0,53834.0,51219.0,46606.0,1.077,334.2,8.17,1.3,3.51,2.0,-1.0,13.61,0.02,0.219,3.0,2.0,0.0,0.0,24.22,23.8,23.21,23.45,23.47,26.55,23.46,23.85,23.67,30.96
2016-07-25 05:22:00-05:00,8.791522,13.168955,571459,25.1,0.0,17.02,25.34,341.0,,,,,,,,,,,-2147484000.0,,,,-7999.0,-7999.0,-7999.0,-7999.0,-7999.0,-7999.0,-7999.0,-7999.0,25.02,23.7,16.67,10.06,11.23,11.04,60.0,59.9,74.7,0.0,275.0,274.0,276.0,0.823,-7.942,8.04,618.0,1439241.0,42556.0,133065.0,-0.112,0.979,0.748,0.921,0.634,0.748,0.755,0.779,0.735,0.648,0.643,0.208,0.247,0.249,0.257,0.242,0.212,0.212,52752.0,53548.0,53005.0,52841.0,53834.0,51219.0,46606.0,1.053,344.8,10.54,1.4,3.509,2.0,-1.0,13.61,0.02,0.219,3.0,2.0,0.0,0.0,24.27,23.83,23.29,23.47,23.53,26.58,23.45,23.84,23.75,30.96
2016-07-25 05:23:00-05:00,9.860762,14.289718,571460,25.07,0.0,18.08,25.38,343.1,,,,,,,,,,,-2147484000.0,,,,-7999.0,-7999.0,-7999.0,-7999.0,-7999.0,-7999.0,-7999.0,-7999.0,25.03,23.73,17.7,10.09,11.26,11.02,60.0,59.9,74.7,0.0,275.0,274.0,275.5,1.021,-7.905,8.05,618.0,1439241.0,42556.0,133065.0,-0.138,0.979,0.748,0.921,0.648,0.853,0.873,0.832,0.861,0.733,0.796,0.213,0.283,0.29,0.276,0.285,0.242,0.264,52752.0,53548.0,53005.0,52841.0,53834.0,51219.0,46606.0,0.822,339.3,11.53,1.3,3.51,2.0,-1.0,13.61,0.02,0.22,3.0,2.0,0.0,0.0,24.22,23.96,23.31,23.53,23.54,26.58,23.48,23.9,23.77,30.96
2016-07-25 05:24:00-05:00,11.286413,15.4104805,571461,25.07,0.0,19.14,25.45,347.0,,,,,,,,,,,-2147484000.0,,,,-7999.0,-7999.0,-7999.0,-7999.0,-7999.0,-7999.0,-7999.0,-7999.0,25.09,23.76,18.73,10.27,11.33,11.03,60.0,59.9,74.7,0.0,275.0,274.0,275.9,1.055,-7.984,8.16,618.0,1439241.0,42556.0,133065.0,-0.142,0.979,0.748,0.921,0.613,0.874,0.871,0.832,0.841,0.718,0.758,0.202,0.291,0.29,0.277,0.28,0.237,0.252,52752.0,53548.0,53005.0,52841.0,53834.0,51219.0,46606.0,0.863,341.5,5.442,1.1,3.512,2.0,-1.0,13.61,0.02,0.219,3.0,2.0,0.0,0.0,24.28,23.93,23.39,23.63,23.61,26.68,23.64,24.02,23.82,30.96
2016-07-25 05:25:00-05:00,12.59326,16.643318,571462,25.07,0.0,20.27,25.38,349.5,,,,,,,,,,,-2147484000.0,,,,-7999.0,-7999.0,-7999.0,-7999.0,-7999.0,-7999.0,-7999.0,-7999.0,25.06,23.8,19.8,10.43,11.39,11.09,60.0,59.9,74.7,0.0,275.0,274.0,275.9,1.003,-8.07,8.26,618.0,1439241.0,42556.0,133065.0,-0.135,0.979,0.748,0.921,0.586,0.839,0.854,0.822,0.832,0.67,0.733,0.193,0.28,0.285,0.274,0.277,0.221,0.244,52752.0,53548.0,53005.0,52841.0,53834.0,51219.0,46606.0,1.018,328.8,6.726,1.6,3.51,2.0,-1.0,13.61,0.02,0.219,3.0,2.0,0.0,0.0,24.32,23.96,23.47,23.68,23.71,26.68,23.69,24.1,23.9,30.96
2016-07-25 05:26:00-05:00,14.137718,17.876158,571463,25.07,0.0,21.44,25.38,350.6,,,,,,,,,,,-2147484000.0,,,,-7999.0,-7999.0,-7999.0,-7999.0,-7999.0,-7999.0,-7999.0,-7999.0,25.04,23.84,20.87,10.45,11.41,11.09,60.0,59.9,74.7,0.0,275.0,274.0,276.0,0.99,-8.08,8.27,618.0,1439241.0,42556.0,133065.0,-0.133,0.979,0.748,0.921,0.629,0.764,0.779,0.776,0.809,0.663,0.696,0.208,0.255,0.261,0.26,0.271,0.22,0.233,52752.0,53548.0,53005.0,52841.0,53834.0,51219.0,46606.0,1.108,315.7,14.59,1.6,3.51,2.0,-1.0,13.61,0.02,0.219,3.0,2.0,0.0,0.0,24.33,24.11,23.55,23.74,23.83,26.76,23.77,24.15,23.95,30.96
2016-07-25 05:27:00-05:00,15.32576,19.108994,571464,25.07,0.0,22.49,25.39,347.7,,,,,,,,,,,-2147484000.0,,,,-7999.0,-7999.0,-7999.0,-7999.0,-7999.0,-7999.0,-7999.0,-7999.0,25.04,23.88,21.92,10.24,11.41,11.01,60.0,59.9,74.7,0.0,275.0,274.0,276.0,1.382,-7.882,8.15,618.0,1439241.0,42556.0,133065.0,-0.183,0.979,0.748,0.921,0.842,1.008,1.003,1.006,0.99,0.895,0.894,0.28,0.338,0.336,0.338,0.331,0.298,0.3,52752.0,53548.0,53005.0,52841.0,53834.0,51219.0,46606.0,0.983,304.9,10.65,1.5,3.51,2.0,-1.0,13.61,0.02,0.219,3.0,2.0,0.0,0.0,24.41,24.12,23.62,23.89,23.86,26.83,23.84,24.23,24.01,30.96
2016-07-25 05:28:00-05:00,16.513803,20.229757,571465,25.07,0.0,23.52,25.36,348.1,,,,,,,,,,,-2147484000.0,,,,-7999.0,-7999.0,-7999.0,-7999.0,-7999.0,-7999.0,-7999.0,-7999.0,24.99,23.89,22.89,10.22,11.41,10.97,60.0,59.9,74.7,0.0,275.0,274.0,276.0,1.676,-7.794,8.14,618.0,1439241.0,42556.0,133065.0,-0.22,0.979,0.748,0.921,0.922,1.107,1.108,1.126,1.151,0.952,1.032,0.308,0.372,0.373,0.379,0.387,0.318,0.347,52752.0,53548.0,53005.0,52841.0,53834.0,51219.0,46606.0,0.885,309.6,9.05,1.3,3.51,2.0,-1.0,13.61,0.02,0.219,3.0,2.0,0.0,0.0,24.41,24.14,23.67,23.87,23.85,26.81,23.89,24.34,24.06,30.96
2016-07-25 05:29:00-05:00,17.583044,21.238441,571466,25.05,0.0,24.49,25.34,350.7,,,,,,,,,,,-2147484000.0,,,,-7999.0,-7999.0,-7999.0,-7999.0,-7999.0,-7999.0,-7999.0,-7999.0,24.99,23.9,23.84,10.23,11.47,10.99,60.0,59.9,74.7,0.0,275.0,274.0,276.0,1.856,-7.751,8.17,618.0,1439241.0,42557.0,133065.0,-0.242,0.979,0.748,0.921,0.986,1.193,1.162,1.201,1.246,1.042,1.069,0.333,0.406,0.395,0.408,0.424,0.353,0.363,52752.0,53548.0,53005.0,52841.0,53834.0,51219.0,46606.0,0.897,307.7,8.52,1.2,3.51,2.0,-1.0,13.61,0.02,0.219,3.0,2.0,0.0,0.0,24.45,24.14,23.69,23.91,24.01,26.86,23.94,24.31,24.09,30.96
2016-07-25 05:30:00-05:00,18.414675,22.247128,571467,25.05,0.0,25.45,25.34,353.9,,,,,,,,,,,-2147484000.0,,,,-7999.0,-7999.0,-7999.0,-7999.0,-7999.0,-7999.0,-7999.0,-7999.0,25.03,23.93,24.75,10.28,11.52,11.01,60.0,59.9,74.7,0.0,275.0,274.0,276.0,2.003,-7.726,8.21,618.0,1439241.0,42557.0,133065.0,-0.259,0.979,0.748,0.921,1.053,1.227,1.22,1.246,1.271,1.052,1.093,0.361,0.423,0.421,0.429,0.438,0.361,0.377,52752.0,53548.0,53005.0,52841.0,53834.0,51219.0,46606.0,0.905,307.7,9.45,1.5,3.51,2.0,-1.0,13.61,0.02,0.219,3.0,2.0,0.0,0.0,24.51,24.17,23.75,23.96,23.95,26.88,23.95,24.37,24.16,30.96
2016-07-25 05:31:00-05:00,19.246305,23.255814,571468,25.04,0.0,26.38,25.39,358.2,,,,,,,,,,,-2147484000.0,,,,-7999.0,-7999.0,-7999.0,-7999.0,-7999.0,-7999.0,-7999.0,-7999.0,25.04,23.98,25.67,10.55,11.61,11.1,60.0,59.9,74.7,0.0,275.0,274.0,275.7,1.667,-7.928,8.37,618.0,1439241.0,42557.0,133065.0,-0.214,0.979,0.748,0.921,0.865,1.059,1.016,1.02,1.053,0.901,0.887,0.296,0.366,0.351,0.352,0.364,0.309,0.306,52752.0,53548.0,53005.0,52841.0,53834.0,51219.0,46606.0,,0.0,0.0,,,2.0,-1.0,13.61,0.02,0.22,3.0,2.0,0.0,0.0,24.59,24.19,23.73,23.97,24.0,26.81,24.05,24.36,24.16,31.04
2016-07-25 05:32:00-05:00,20.19674,24.152424,571469,25.04,0.0,27.31,25.39,358.7,,,,,,,,,,,-2147484000.0,,,,-7999.0,-7999.0,-7999.0,-7999.0,-7999.0,-7999.0,-7999.0,-7999.0,25.04,23.98,26.57,10.67,11.65,11.15,60.0,59.9,74.7,0.0,275.0,274.0,275.3,1.731,-7.953,8.44,618.0,1439241.0,42557.0,133065.0,-0.22,0.979,0.748,0.921,0.924,1.102,1.076,1.086,1.108,0.899,0.938,0.317,0.381,0.372,0.375,0.383,0.308,0.324,52752.0,53548.0,53005.0,52841.0,53834.0,51219.0,46606.0,,0.0,0.0,,,2.0,-1.0,13.61,0.02,0.219,3.0,2.0,0.0,0.0,24.61,24.29,23.78,23.95,24.09,26.88,24.02,24.35,24.16,31.06
2016-07-25 05:33:00-05:00,21.02837,25.049034,571470,25.04,0.0,28.19,25.4,358.4,,,,,,,,,,,-2147484000.0,,,,-7999.0,-7999.0,-7999.0,-7999.0,-7999.0,-7999.0,-7999.0,-7999.0,25.04,24.01,27.42,10.71,11.73,11.18,60.0,59.9,74.7,0.0,275.0,274.0,275.1,1.914,-7.912,8.47,618.0,1439241.0,42557.0,133065.0,-0.24,0.979,0.748,0.921,1.035,1.218,1.191,1.206,1.228,1.023,1.045,0.355,0.422,0.413,0.417,0.424,0.351,0.361,52752.0,53548.0,53005.0,52841.0,53834.0,51219.0,46606.0,0.735,292.9,14.58,1.0,3.509,2.0,-1.0,13.61,0.02,0.219,3.0,2.0,0.0,0.0,24.61,24.29,23.81,24.0,24.06,26.88,24.03,24.36,24.2,31.06
2016-07-25 05:34:00-05:00,21.86,25.945644,571471,25.04,0.0,29.05,25.43,355.4,,,,,,,,,,,-2147484000.0,,,,-7999.0,-7999.0,-7999.0,-7999.0,-7999.0,-7999.0,-7999.0,-7999.0,25.05,24.0,28.26,10.58,11.81,11.14,60.0,59.9,74.7,0.0,275.0,274.0,275.0,2.613,-7.661,8.43,618.0,1439241.0,42557.0,133065.0,-0.321,0.979,0.748,0.921,1.349,1.481,1.487,1.494,1.533,1.322,1.28,0.464,0.512,0.514,0.516,0.529,0.455,0.442,52752.0,53548.0,53005.0,52841.0,53834.0,51219.0,46606.0,,0.0,0.0,,,2.0,-1.0,13.61,0.02,0.22,3.0,2.0,0.0,0.0,24.61,24.22,23.85,24.09,24.05,26.88,24.05,24.45,24.19,31.13
2016-07-25 05:35:00-05:00,22.454021,26.730177,571472,25.05,0.0,29.88,25.45,355.5,,,,,,,,,,,-2147484000.0,,,,-7999.0,-7999.0,-7999.0,-7999.0,-7999.0,-7999.0,-7999.0,-7999.0,25.07,24.02,29.07,10.62,11.87,11.19,60.0,59.9,74.7,0.0,274.9,273.4,275.0,2.754,-7.636,8.48,618.0,1439241.0,42557.0,133065.0,-0.345,0.979,0.748,0.921,1.441,1.592,1.569,1.589,1.621,1.415,1.367,0.496,0.551,0.543,0.55,0.561,0.488,0.473,52752.0,53548.0,53005.0,52841.0,53834.0,51219.0,46606.0,0.68,268.7,18.91,1.1,3.51,2.0,-1.0,13.61,0.02,0.22,3.0,2.0,0.0,0.0,24.61,24.24,23.81,24.07,24.08,26.88,24.05,24.42,24.26,31.16
2016-07-25 05:36:00-05:00,23.166847,27.514711,571473,25.05,0.0,30.61,25.51,355.5,,,,,,,,,,,-2147484000.0,,,,-7999.0,-7999.0,-7999.0,-7999.0,-7999.0,-7999.0,-7999.0,-7999.0,25.1,24.05,29.8,10.7,11.92,11.23,60.0,59.9,74.7,0.0,274.8,273.2,275.0,2.889,-7.617,8.54,618.0,1439241.0,42557.0,133065.0,-0.347,0.979,0.748,0.921,1.433,1.615,1.599,1.601,1.658,1.436,1.374,0.493,0.559,0.553,0.553,0.573,0.495,0.475,52752.0,53548.0,53005.0,52841.0,53834.0,51219.0,46606.0,0.608,276.0,18.33,0.8,3.51,2.0,-1.0,13.61,0.02,0.22,3.0,2.0,0.0,0.0,24.61,24.34,23.9,24.07,24.13,26.88,24.1,24.44,24.26,31.16
2016-07-25 05:37:00-05:00,23.879675,28.299244,571474,25.07,0.0,31.31,25.49,355.7,,,,,,,,,,,-2147484000.0,,,,-7999.0,-7999.0,-7999.0,-7999.0,-7999.0,-7999.0,-7999.0,-7999.0,25.13,24.08,30.48,10.74,11.99,11.26,60.0,59.9,74.7,0.0,274.3,273.0,275.0,2.968,-7.603,8.57,618.0,1439241.0,42558.0,133065.0,-0.355,0.979,0.748,0.921,1.465,1.669,1.614,1.649,1.686,1.451,1.417,0.504,0.577,0.558,0.571,0.583,0.5,0.49,52752.0,53548.0,53005.0,52841.0,53834.0,51219.0,46606.0,0.648,268.1,10.77,0.9,3.51,2.0,-1.0,13.61,0.02,0.22,3.0,2.0,0.0,0.0,24.61,24.32,23.93,24.1,24.15,26.88,24.13,24.42,24.26,31.21
2016-07-25 05:38:00-05:00,24.592499,29.083778,571475,25.07,0.0,32.07,25.52,356.7,,,,,,,,,,,-2147484000.0,,,,-7999.0,-7999.0,-7999.0,-7999.0,-7999.0,-7999.0,-7999.0,-7999.0,25.16,24.11,31.16,10.82,12.06,11.34,60.0,59.9,74.7,0.0,274.2,273.0,275.0,3.041,-7.604,8.64,618.0,1439241.0,42558.0,133065.0,-0.358,0.979,0.748,0.921,1.463,1.676,1.653,1.655,1.695,1.459,1.448,0.503,0.58,0.573,0.573,0.587,0.503,0.501,52752.0,53548.0,53005.0,52841.0,53834.0,51219.0,46606.0,0.645,276.7,12.95,1.0,3.512,2.0,-1.0,13.61,0.02,0.22,3.0,2.0,0.0,0.0,24.67,24.33,23.94,24.14,24.17,26.88,24.13,24.46,24.29,31.25
2016-07-25 05:39:00-05:00,25.42413,29.86831,571476,25.07,0.0,32.76,25.53,344.8,,,,,,,,,,,-2147484000.0,,,,-7999.0,-7999.0,-7999.0,-7999.0,-7999.0,-7999.0,-7999.0,-7999.0,25.17,24.14,31.87,10.53,12.37,11.31,60.0,59.9,74.7,0.0,274.0,273.0,275.0,5.231,-6.839,8.61,618.0,1439241.0,42558.0,133065.0,-0.607,0.979,0.748,0.921,2.52,2.705,2.654,2.666,2.74,2.495,2.328,0.869,0.933,0.915,0.919,0.945,0.86,0.803,52752.0,53548.0,53005.0,52841.0,53834.0,51219.0,46606.0,0.853,279.8,7.208,1.0,3.51,2.0,-1.0,13.61,0.02,0.22,3.0,2.0,0.0,0.0,24.71,24.43,23.95,24.19,24.3,26.88,24.18,24.54,24.35,31.32
2016-07-25 05:40:00-05:00,26.374565,30.876997,571477,25.07,0.0,33.65,25.58,344.8,,,,,,,,,,,-2147484000.0,,,,-7999.0,-7999.0,-7999.0,-7999.0,-7999.0,-7999.0,-7999.0,-7999.0,25.22,24.17,32.69,10.66,12.52,11.43,60.0,59.9,74.7,0.0,274.2,273.1,275.0,5.442,-6.82,8.73,618.0,1439241.0,42558.0,133065.0,-0.624,0.979,0.748,0.921,2.601,2.79,2.742,2.774,2.838,2.574,2.401,0.897,0.962,0.945,0.957,0.979,0.887,0.828,52752.0,53548.0,53005.0,52841.0,53834.0,51219.0,46606.0,0.76,269.9,7.928,0.9,3.509,2.0,-1.0,13.61,0.02,0.22,3.0,2.0,0.0,0.0,24.71,24.43,24.01,24.16,24.24,26.94,24.25,24.54,24.35,31.35
2016-07-25 05:41:00-05:00,27.324999,31.773605,571478,25.07,0.0,34.46,25.61,344.6,,,,,,,,,,,-2147484000.0,,,,-7999.0,-7999.0,-7999.0,-7999.0,-7999.0,-7999.0,-7999.0,-7999.0,25.23,24.2,33.5,10.77,12.64,11.53,60.0,59.9,74.7,0.0,274.0,273.0,275.0,5.615,-6.801,8.82,618.0,1439242.0,42558.0,133065.0,-0.636,0.979,0.748,0.921,2.675,2.873,2.821,2.819,2.932,2.643,2.467,0.922,0.99,0.972,0.972,1.01,0.911,0.85,52752.0,53548.0,53005.0,52841.0,53834.0,51219.0,46606.0,0.497,268.0,11.27,0.7,3.51,2.0,-1.0,13.61,0.02,0.22,3.0,2.0,0.0,0.0,24.71,24.47,24.03,24.25,24.26,26.97,24.23,24.52,24.35,31.44
2016-07-25 05:42:00-05:00,28.15663,32.55814,571479,25.07,0.0,35.2,25.61,344.6,,,,,,,,,,,-2147484000.0,,,,-7999.0,-7999.0,-7999.0,-7999.0,-7999.0,-7999.0,-7999.0,-7999.0,25.25,24.23,34.26,10.87,12.79,11.65,60.0,59.9,74.7,0.0,274.2,273.1,275.0,5.81,-6.785,8.93,618.0,1439242.0,42558.0,133065.0,-0.65,0.979,0.748,0.921,2.777,2.958,2.889,2.94,3.007,2.697,2.545,0.957,1.019,0.996,1.013,1.036,0.929,0.877,52752.0,53548.0,53005.0,52841.0,53834.0,51219.0,46606.0,,0.0,0.0,,,2.0,-1.0,13.61,0.02,0.22,3.0,2.0,0.0,0.0,24.74,24.53,24.09,24.24,24.34,26.97,24.24,24.61,24.35,31.47
2016-07-25 05:43:00-05:00,28.98826,33.342674,571480,25.09,0.0,35.91,25.61,344.5,,,,,,,,,,,-2147484000.0,,,,-7999.0,-7999.0,-7999.0,-7999.0,-7999.0,-7999.0,-7999.0,-7999.0,25.26,24.27,34.96,11.01,12.94,11.78,60.0,59.9,74.7,0.0,274.0,273.0,275.0,6.013,-6.758,9.05,618.0,1439242.0,42558.0,133065.0,-0.665,0.979,0.748,0.921,2.862,3.06,2.997,3.029,3.123,2.804,2.64,0.986,1.054,1.032,1.044,1.076,0.966,0.909,52752.0,53548.0,53005.0,52841.0,53834.0,51219.0,46606.0,0.578,268.1,8.46,1.0,3.509,2.0,-1.0,13.61,0.02,0.22,3.0,2.0,0.0,0.0,24.8,24.51,24.14,24.25,24.33,26.97,24.24,24.62,24.35,31.55
2016-07-25 05:44:00-05:00,29.81989,34.239285,571481,25.1,0.0,36.66,25.65,344.8,,,,,,,,,,,-2147484000.0,,,,-7999.0,-7999.0,-7999.0,-7999.0,-7999.0,-7999.0,-7999.0,-7999.0,25.29,24.31,35.65,11.15,13.1,11.91,60.0,59.9,74.7,0.0,274.0,273.0,275.0,6.215,-6.732,9.16,618.0,1439242.0,42558.0,133065.0,-0.678,0.979,0.748,0.921,2.956,3.141,3.084,3.123,3.208,2.893,2.721,1.019,1.083,1.063,1.077,1.106,0.997,0.938,52752.0,53548.0,53005.0,52841.0,53834.0,51219.0,46606.0,0.74,301.3,8.58,1.2,3.509,2.0,-1.0,13.61,0.02,0.22,3.0,2.0,0.0,0.0,24.8,24.51,24.12,24.3,24.33,26.97,24.33,24.62,24.42,31.56
2016-07-25 05:45:00-05:00,30.770327,35.02382,571482,25.1,0.0,37.41,25.68,344.6,,,,,,,,,,,-2147484000.0,,,,-7999.0,-7999.0,-7999.0,-7999.0,-7999.0,-7999.0,-7999.0,-7999.0,25.32,24.34,36.39,11.29,13.26,12.03,60.0,59.9,74.7,0.0,274.1,273.0,275.0,6.41,-6.715,9.28,618.0,1439242.0,42558.0,133065.0,-0.69,0.979,0.748,0.921,3.035,3.234,3.167,3.208,3.301,2.99,2.795,1.046,1.114,1.091,1.105,1.137,1.03,0.963,52752.0,53548.0,53005.0,52841.0,53834.0,51219.0,46606.0,,0.0,0.0,,,2.0,-1.0,13.61,0.02,0.22,3.0,2.0,0.0,0.0,24.84,24.53,24.11,24.35,24.41,27.06,24.33,24.72,24.45,31.68
2016-07-25 05:46:00-05:00,31.839567,35.920425,571483,25.1,0.0,38.26,25.73,344.7,,,,,,,,,,,-2147484000.0,,,,-7999.0,-7999.0,-7999.0,-7999.0,-7999.0,-7999.0,-7999.0,-7999.0,25.35,24.37,37.21,11.4,13.41,12.16,60.0,59.9,74.7,0.0,274.0,273.0,275.0,6.605,-6.666,9.39,618.0,1439242.0,42559.0,133065.0,-0.704,0.979,0.748,0.921,3.091,3.306,3.235,3.259,3.398,3.047,2.842,1.065,1.14,1.115,1.123,1.171,1.05,0.98,52752.0,53548.0,53005.0,52841.0,53834.0,51219.0,46606.0,,0.0,0.0,,,2.0,-1.0,13.61,0.02,0.22,3.0,2.0,0.0,0.0,24.9,24.61,24.18,24.34,24.44,27.07,24.46,24.73,24.45,31.74
2016-07-25 05:47:00-05:00,32.908806,37.04119,571484,25.11,0.0,39.18,25.79,344.4,,,,,,,,,,,-2147484000.0,,,,-7999.0,-7999.0,-7999.0,-7999.0,-7999.0,-7999.0,-7999.0,-7999.0,25.37,24.42,38.07,11.54,13.58,12.29,60.0,59.9,74.7,0.0,274.0,273.0,275.0,6.813,-6.636,9.51,618.0,1439242.0,42559.0,133065.0,-0.716,0.979,0.748,0.921,3.209,3.422,3.312,3.386,3.495,3.104,2.922,1.105,1.178,1.14,1.166,1.203,1.069,1.006,52752.0,53548.0,53005.0,52841.0,53834.0,51219.0,46606.0,,0.0,0.0,,,2.5,-1.0,13.61,0.02,0.22,3.0,2.0,0.0,0.0,24.9,24.65,24.21,24.43,24.54,27.07,24.42,24.77,24.55,31.81
2016-07-25 05:48:00-05:00,33.978043,37.825726,571485,25.13,0.0,40.07,25.77,344.4,,,,,,,,,,,-2147484000.0,,,,-7999.0,-7999.0,-7999.0,-7999.0,-7999.0,-7999.0,-7999.0,-7999.0,25.37,24.45,38.94,11.69,13.76,12.46,60.0,59.9,74.7,0.0,274.3,273.0,275.0,7.059,-6.6,9.66,618.0,1439242.0,42559.0,133065.0,-0.73,0.979,0.748,0.921,3.272,3.5,3.446,3.471,3.579,3.175,3.031,1.127,1.205,1.187,1.195,1.232,1.093,1.044,52752.0,53548.0,53005.0,52841.0,53834.0,51219.0,46606.0,,0.0,0.0,,,2.5,-1.0,13.61,0.02,0.22,3.0,2.0,0.0,0.0,24.9,24.71,24.28,24.46,24.52,27.14,24.51,24.81,24.55,31.87
2016-07-25 05:49:00-05:00,35.047283,38.946484,571486,25.13,0.0,41.02,25.77,344.2,,,,,,,,,,,-2147484000.0,,,,-7999.0,-7999.0,-7999.0,-7999.0,-7999.0,-7999.0,-7999.0,-7999.0,25.38,24.49,39.85,11.94,14.01,12.66,60.0,59.9,74.7,0.0,274.0,273.0,275.0,7.336,-6.548,9.83,618.0,1439242.0,42559.0,133065.0,-0.746,0.979,0.748,0.921,3.403,3.635,3.559,3.606,3.714,3.269,3.117,1.171,1.251,1.225,1.241,1.278,1.125,1.073,52752.0,53548.0,53005.0,52841.0,53834.0,51219.0,46606.0,,0.0,0.0,,,2.0,-1.0,13.61,0.02,0.22,3.0,2.0,0.0,0.0,25.0,24.71,24.25,24.47,24.56,27.17,24.54,24.85,24.55,31.94
2016-07-25 05:50:00-05:00,36.11652,39.95517,571487,25.14,0.0,42.07,25.73,343.9,,,,,,,,,,,-2147484000.0,,,,-7999.0,-7999.0,-7999.0,-7999.0,-7999.0,-7999.0,-7999.0,-7999.0,25.39,24.54,40.85,12.17,14.22,12.84,60.0,59.9,74.7,0.0,274.0,273.0,274.8,7.603,-6.502,10.0,618.0,1439243.0,42559.0,133065.0,-0.76,0.979,0.748,0.921,3.5,3.768,3.683,3.725,3.844,3.393,3.213,1.204,1.296,1.267,1.281,1.322,1.167,1.105,52752.0,53548.0,53005.0,52841.0,53834.0,51219.0,46606.0,0.643,301.1,8.61,0.9,3.51,2.0,-1.0,13.61,0.02,0.22,3.0,2.0,0.0,0.0,25.03,24.8,24.32,24.52,24.62,27.27,24.6,24.91,24.61,32.0
2016-07-25 05:51:00-05:00,37.304565,41.07593,571488,25.16,0.0,43.17,25.78,344.0,,,,,,,,,,,-2147484000.0,,,,-7999.0,-7999.0,-7999.0,-7999.0,-7999.0,-7999.0,-7999.0,-7999.0,25.42,24.59,41.95,12.44,14.41,13.04,60.0,59.9,74.7,0.0,274.0,273.0,274.7,7.846,-6.484,10.18,618.0,1439243.0,42559.0,133065.0,-0.771,0.979,0.748,0.921,3.615,3.873,3.766,3.814,3.978,3.519,3.305,1.243,1.332,1.295,1.312,1.368,1.211,1.137,52752.0,53548.0,53005.0,52841.0,53834.0,51219.0,46606.0,0.598,302.2,11.36,0.8,3.51,2.0,-1.0,13.61,0.02,0.22,3.0,2.0,0.0,0.0,25.1,24.84,24.37,24.67,24.64,27.3,24.62,25.0,24.65,32.1
2016-07-25 05:52:00-05:00,38.730217,42.420845,571489,25.16,0.0,44.52,25.74,344.1,,,,,,,,,,,-2147484000.0,,,,-7999.0,-7999.0,-7999.0,-7999.0,-7999.0,-7999.0,-7999.0,-7999.0,25.43,24.65,43.22,12.7,14.68,13.28,60.0,59.9,74.7,0.0,274.0,273.0,274.7,8.16,-6.439,10.39,618.0,1439243.0,42559.0,133065.0,-0.785,0.979,0.748,0.921,3.753,3.996,3.909,3.965,4.108,3.622,3.436,1.292,1.375,1.345,1.365,1.414,1.247,1.183,52752.0,53548.0,53005.0,52841.0,53834.0,51219.0,46606.0,,0.0,0.0,,,2.0,-1.0,13.61,0.02,0.22,3.0,2.0,0.0,0.0,25.15,24.92,24.37,24.66,24.72,27.37,24.72,25.03,24.74,32.15
2016-07-25 05:53:00-05:00,40.512283,43.765762,571490,25.17,0.0,46.01,25.75,343.8,,,,,,,,,,,-2147484000.0,,,,-7999.0,-7999.0,-7999.0,-7999.0,-7999.0,-7999.0,-7999.0,-7999.0,25.45,24.72,44.75,13.07,15.02,13.62,60.0,59.9,74.7,0.0,274.0,273.0,274.6,8.57,-6.373,10.68,618.0,1439243.0,42559.0,133065.0,-0.802,0.979,0.748,0.921,3.904,4.194,4.086,4.131,4.288,3.796,3.611,1.342,1.442,1.405,1.42,1.474,1.305,1.241,52752.0,53548.0,53005.0,52841.0,53834.0,51219.0,46606.0,0.572,324.8,11.02,0.9,3.51,2.0,-1.0,13.61,0.02,0.22,3.0,2.0,0.0,0.0,25.18,24.9,24.5,24.74,24.77,27.45,24.77,25.11,24.78,32.25
2016-07-25 05:54:00-05:00,42.17554,45.33483,571491,25.19,0.0,47.56,25.74,343.6,,,,,,,,,,,-2147484000.0,,,,-7999.0,-7999.0,-7999.0,-7999.0,-7999.0,-7999.0,-7999.0,-7999.0,25.44,24.76,46.26,13.49,15.41,13.99,60.0,59.9,74.7,0.0,274.0,273.0,274.4,9.0,-6.311,10.99,618.0,1439243.0,42559.0,133065.0,-0.819,0.979,0.748,0.921,4.077,4.368,4.25,4.305,4.497,3.949,3.793,1.401,1.5,1.46,1.479,1.545,1.357,1.303,52752.0,53548.0,53005.0,52841.0,53834.0,51219.0,46606.0,0.538,337.0,11.98,0.9,3.51,2.0,-1.0,13.61,0.02,0.22,3.0,2.0,0.0,0.0,25.29,24.98,24.5,24.77,24.81,27.46,24.81,25.14,24.84,32.33
2016-07-25 05:55:00-05:00,43.72,46.903896,571492,25.2,0.0,49.07,25.71,343.5,,,,,,,,,,,-2147484000.0,,,,-7999.0,-7999.0,-7999.0,-7999.0,-7999.0,-7999.0,-7999.0,-7999.0,25.42,24.79,47.9,13.86,15.74,14.3,60.0,59.9,74.7,0.0,274.0,273.0,274.1,9.39,-6.255,11.28,618.0,1439243.0,42560.0,133065.0,-0.832,0.979,0.748,0.921,4.244,4.561,4.404,4.476,4.674,4.115,3.939,1.458,1.566,1.513,1.537,1.605,1.413,1.353,52752.0,53548.0,53005.0,52841.0,53834.0,51219.0,46606.0,0.737,11.52,37.0,1.1,3.51,2.0,-1.0,13.61,0.02,0.22,3.0,2.0,0.0,0.0,25.29,25.07,24.56,24.83,24.88,27.53,24.91,25.22,24.94,32.39
2016-07-25 05:56:00-05:00,45.026848,48.24881,571493,25.22,0.0,50.38,25.75,343.6,,,,,,,,,,,-2147484000.0,,,,-7999.0,-7999.0,-7999.0,-7999.0,-7999.0,-7999.0,-7999.0,-7999.0,25.46,24.87,49.99,14.15,16.03,14.55,60.0,59.9,74.7,0.0,274.7,273.3,274.9,9.7,-6.226,11.52,618.0,1439243.0,42560.0,133065.0,-0.841,0.979,0.748,0.921,4.403,4.707,4.533,4.599,4.856,4.227,4.04,1.513,1.617,1.557,1.58,1.668,1.452,1.388,52752.0,53548.0,53005.0,52841.0,53834.0,51219.0,46606.0,,0.0,0.0,,,2.0,-1.0,13.61,0.02,0.22,3.0,2.0,0.0,0.0,25.36,25.13,24.65,24.88,24.96,27.56,24.98,25.29,24.96,32.49
2016-07-25 05:57:00-05:00,46.09609,49.257496,571494,25.22,0.0,51.28,25.93,343.5,,,,,,,,,,,-2147484000.0,,,,-7999.0,-7999.0,-7999.0,-7999.0,-7999.0,-7999.0,-7999.0,-7999.0,25.64,24.97,51.94,14.36,16.26,14.74,60.0,59.9,74.7,0.0,274.5,273.1,275.0,9.93,-6.19,11.7,618.0,1439244.0,42560.0,133065.0,-0.848,0.979,0.748,0.921,4.541,4.824,4.606,4.688,4.97,4.28,4.147,1.56,1.657,1.582,1.61,1.707,1.47,1.424,52752.0,53548.0,53005.0,52841.0,53834.0,51219.0,46606.0,0.65,66.23,6.366,0.8,3.51,2.0,-1.0,13.61,0.02,0.22,3.0,2.0,0.0,0.0,25.49,25.2,24.62,24.93,25.03,27.66,25.03,25.3,25.04,32.56
2016-07-25 05:58:00-05:00,46.214893,49.81788,571495,25.25,0.0,51.72,26.05,343.7,,,,,,,,,,,-2147484000.0,,,,-7999.0,-7999.0,-7999.0,-7999.0,-7999.0,-7999.0,-7999.0,-7999.0,25.77,25.1,53.0,14.55,16.46,14.92,60.0,59.9,74.7,0.0,274.3,273.1,275.0,10.12,-6.162,11.85,618.0,1439244.0,42560.0,133065.0,-0.854,0.979,0.748,0.921,4.622,4.893,4.68,4.738,5.088,4.342,4.241,1.588,1.681,1.608,1.628,1.748,1.492,1.457,52752.0,53548.0,53005.0,52841.0,53834.0,51219.0,46606.0,,0.0,0.0,,,2.0,-1.0,13.61,0.02,0.22,3.0,2.0,0.0,0.0,25.57,25.25,24.73,25.01,25.01,27.66,25.04,25.35,25.04,32.66
2016-07-25 05:59:00-05:00,46.333694,50.154106,571496,25.26,0.0,52.16,26.13,343.6,,,,,,,,,,,-2147484000.0,,,,-7999.0,-7999.0,-7999.0,-7999.0,-7999.0,-7999.0,-7999.0,-7999.0,25.87,25.17,53.71,14.64,16.59,15.0,60.0,59.9,74.7,0.0,275.0,274.0,275.1,10.26,-6.148,11.96,618.0,1439244.0,42560.0,133065.0,-0.858,0.979,0.748,0.921,4.716,4.932,4.729,4.819,5.221,4.353,4.283,1.62,1.694,1.625,1.655,1.794,1.495,1.471,52752.0,53548.0,53005.0,52841.0,53834.0,51219.0,46606.0,0.692,55.15,9.65,0.9,3.509,2.0,-1.0,13.61,0.02,0.22,3.0,2.0,0.0,0.0,25.63,25.29,24.78,25.01,25.12,27.71,25.11,25.4,25.14,32.72
2016-07-25 06:00:00-05:00,46.808914,50.378258,571497,25.28,0.0,52.21,26.3,343.7,,,,,,,,,,,-2147484000.0,,,,-7999.0,-7999.0,-7999.0,-7999.0,-7999.0,-7999.0,-7999.0,-7999.0,25.99,25.24,54.26,14.71,16.66,15.07,60.0,59.9,74.7,0.0,275.0,274.0,275.0,10.34,-6.133,12.02,618.0,1439244.0,42560.0,133065.0,-0.86,0.979,0.748,0.921,4.75,4.949,4.728,4.82,5.282,4.379,4.311,1.632,1.701,1.625,1.656,1.815,1.505,1.481,52752.0,53548.0,53005.0,52841.0,53834.0,51219.0,46606.0,0.807,45.25,9.62,1.0,3.51,2.0,-1.0,13.61,0.02,0.22,3.0,2.0,0.0,0.0,25.7,25.29,24.81,25.13,25.19,27.76,25.19,25.42,25.14,32.83
2016-07-25 06:01:00-05:00,47.402935,50.826565,571498,25.3,0.0,52.32,26.47,343.6,,,,,,,,,,,-2147484000.0,,,,-7999.0,-7999.0,-7999.0,-7999.0,-7999.0,-7999.0,-7999.0,-7999.0,26.16,25.31,54.6,14.76,16.69,15.14,60.0,59.9,74.7,0.0,275.0,273.8,275.0,10.39,-6.113,12.05,618.0,1439244.0,42560.0,133065.0,-0.862,0.979,0.748,0.921,4.756,4.987,4.737,4.834,5.38,4.389,4.326,1.634,1.713,1.627,1.661,1.848,1.508,1.486,52752.0,53548.0,53005.0,52841.0,53834.0,51219.0,46606.0,0.625,32.18,15.36,0.9,3.51,2.0,-1.0,13.61,0.02,0.22,3.0,2.0,0.0,0.0,25.81,25.38,24.88,25.14,25.22,27.82,25.22,25.5,25.2,32.95
2016-07-25 06:02:00-05:00,47.75935,51.050716,571499,25.33,0.0,52.61,26.56,344.0,,,,,,,,,,,-2147484000.0,,,,-7999.0,-7999.0,-7999.0,-7999.0,-7999.0,-7999.0,-7999.0,-7999.0,26.31,25.38,54.67,14.76,16.72,15.16,60.0,59.9,74.7,0.0,275.5,274.2,275.5,10.42,-6.124,12.09,618.0,1439244.0,42560.0,133065.0,-0.862,0.979,0.748,0.921,4.757,5.009,4.717,4.885,5.424,4.346,4.323,1.636,1.723,1.622,1.68,1.866,1.495,1.487,52752.0,53548.0,53005.0,52841.0,53834.0,51219.0,46606.0,0.545,35.98,36.11,0.9,3.51,2.0,-1.0,13.61,0.02,0.22,3.0,2.0,0.0,0.0,25.84,25.42,24.91,25.2,25.27,27.85,25.32,25.57,25.23,33.07
2016-07-25 06:03:00-05:00,47.28413,51.050716,571500,25.35,0.0,52.71,26.55,344.0,,,,,,,,,,,-2147484000.0,,,,-7999.0,-7999.0,-7999.0,-7999.0,-7999.0,-7999.0,-7999.0,-7999.0,26.38,25.5,54.67,14.78,16.78,15.21,60.0,59.9,74.7,0.0,276.0,274.7,276.0,10.49,-6.139,12.16,618.0,1439245.0,42560.0,133065.0,-0.863,0.979,0.748,0.921,4.751,5.06,4.741,4.893,5.482,4.354,4.404,1.634,1.741,1.631,1.683,1.886,1.498,1.515,52752.0,53548.0,53005.0,52841.0,53834.0,51219.0,46606.0,,0.0,0.0,,,2.0,-1.0,13.61,0.02,0.22,3.0,2.0,0.0,0.0,25.96,25.49,24.96,25.29,25.3,27.87,25.34,25.6,25.3,33.18
2016-07-25 06:04:00-05:00,47.28413,51.162792,571501,25.39,0.0,52.71,26.49,343.5,,,,,,,,,,,-2147484000.0,,,,-7999.0,-7999.0,-7999.0,-7999.0,-7999.0,-7999.0,-7999.0,-7999.0,26.41,25.61,54.67,14.88,16.91,15.32,60.0,59.9,74.7,0.0,276.0,274.8,276.0,10.62,-6.123,12.26,618.0,1439245.0,42560.0,133065.0,-0.866,0.979,0.748,0.921,4.796,5.16,4.761,4.935,5.577,4.373,4.468,1.647,1.772,1.635,1.695,1.915,1.502,1.535,52752.0,53548.0,53005.0,52841.0,53834.0,51219.0,46606.0,,0.0,0.0,,,2.0,-1.0,13.61,0.02,0.22,3.0,2.0,0.0,0.0,26.02,25.52,25.01,25.32,25.4,27.95,25.4,25.66,25.33,33.34
2016-07-25 06:05:00-05:00,47.75935,51.49902,571502,25.42,0.0,53.02,26.51,343.3,,,,,,,,,,,-2147484000.0,,,,-7999.0,-7999.0,-7999.0,-7999.0,-7999.0,-7999.0,-7999.0,-7999.0,26.41,25.71,54.89,15.0,17.05,15.45,60.0,59.9,74.7,0.0,275.8,274.2,276.0,10.74,-6.101,12.35,618.0,1439245.0,42561.0,133065.0,-0.869,0.979,0.748,0.921,4.835,5.254,4.765,4.963,5.662,4.399,4.519,1.66,1.804,1.636,1.704,1.943,1.51,1.551,52752.0,53548.0,53005.0,52841.0,53834.0,51219.0,46606.0,0.497,284.8,56.94,1.2,3.509,2.0,-1.0,13.61,0.02,0.22,3.0,2.0,0.0,0.0,26.17,25.62,25.03,25.37,25.4,28.0,25.43,25.71,25.38,33.47
2016-07-25 06:06:00-05:00,47.87815,51.83525,571503,25.47,0.0,53.21,26.48,343.5,,,,,,,,,,,-2147484000.0,,,,-7999.0,-7999.0,-7999.0,-7999.0,-7999.0,-7999.0,-7999.0,-7999.0,26.44,25.79,55.1,15.13,17.19,15.56,60.0,59.9,74.7,0.0,275.2,273.8,275.2,10.84,-6.059,12.42,618.0,1439245.0,42561.0,133065.0,-0.873,0.979,0.748,0.921,4.884,5.323,4.786,5.006,5.756,4.419,4.568,1.678,1.829,1.644,1.72,1.977,1.518,1.569,52752.0,53548.0,53005.0,52841.0,53834.0,51219.0,46606.0,,0.0,0.0,,,2.0,-1.0,13.61,0.02,0.22,3.0,2.0,0.0,0.0,26.25,25.68,25.11,25.4,25.5,28.05,25.53,25.77,25.46,33.61
2016-07-25 06:07:00-05:00,48.70978,52.283554,571504,25.51,0.0,53.62,26.49,343.9,,,,,,,,,,,-2147484000.0,,,,-7999.0,-7999.0,-7999.0,-7999.0,-7999.0,-7999.0,-7999.0,-7999.0,26.43,25.89,55.28,15.24,17.32,15.69,60.0,59.9,74.7,0.0,274.8,273.0,275.0,10.95,-6.031,12.5,618.0,1439245.0,42561.0,133065.0,-0.876,0.979,0.748,0.921,4.925,5.419,4.816,5.056,5.812,4.439,4.625,1.694,1.864,1.656,1.739,1.999,1.526,1.59,52752.0,53548.0,53005.0,52841.0,53834.0,51219.0,46606.0,1.157,302.2,13.59,1.6,3.51,2.0,-1.0,13.61,0.02,0.22,3.0,2.0,0.0,0.0,26.36,25.75,25.2,25.5,25.58,28.06,25.6,25.82,25.53,33.77
2016-07-25 06:08:00-05:00,49.541412,52.843937,571505,25.57,0.0,53.98,26.48,343.9,,,,,,,,,,,-2147484000.0,,,,-7999.0,-7999.0,-7999.0,-7999.0,-7999.0,-7999.0,-7999.0,-7999.0,26.48,26.0,55.52,15.43,17.54,15.88,60.0,59.9,74.7,0.0,274.2,273.0,275.0,11.14,-5.994,12.65,618.0,1439246.0,42561.0,133065.0,-0.881,0.979,0.748,0.921,4.945,5.527,4.878,5.093,5.895,4.481,4.719,1.701,1.901,1.677,1.752,2.027,1.541,1.623,52752.0,53548.0,53005.0,52841.0,53834.0,51219.0,46606.0,0.848,305.8,16.45,1.4,3.51,2.0,-1.0,13.61,0.02,0.22,3.0,2.0,0.0,0.0,26.46,25.83,25.27,25.57,25.63,28.14,25.66,25.92,25.61,33.93
2016-07-25 06:09:00-05:00,50.254242,53.51639,571506,25.63,0.0,54.55,26.48,343.5,,,,,,,,,,,-2147484000.0,,,,-7999.0,-7999.0,-7999.0,-7999.0,-7999.0,-7999.0,-7999.0,-7999.0,26.5,26.06,55.89,15.74,17.84,16.16,60.0,59.9,74.7,0.0,274.0,273.0,275.0,11.44,-5.935,12.89,618.0,1439246.0,42561.0,133065.0,-0.888,0.979,0.748,0.921,5.08,5.729,4.991,5.257,6.119,4.569,4.814,1.745,1.967,1.714,1.806,2.101,1.569,1.653,52752.0,53548.0,53005.0,52841.0,53834.0,51219.0,46606.0,1.123,291.5,11.19,1.5,3.509,2.0,-1.0,13.61,0.02,0.22,3.0,2.0,0.0,0.0,26.54,25.91,25.34,25.61,25.69,28.14,25.74,25.99,25.69,34.08
2016-07-25 06:10:00-05:00,51.085873,54.413002,571507,25.68,0.0,55.11,26.54,342.3,,,,,,,,,,,-2147484000.0,,,,-7999.0,-7999.0,-7999.0,-7999.0,-7999.0,-7999.0,-7999.0,-7999.0,26.53,26.16,56.77,16.11,18.25,16.56,60.0,59.9,74.7,0.0,274.1,273.0,275.0,11.85,-5.871,13.22,618.0,1439246.0,42561.0,133065.0,-0.896,0.979,0.748,0.921,5.232,6.054,5.101,5.45,6.465,4.7,4.943,1.791,2.072,1.746,1.865,2.213,1.609,1.692,52752.0,53548.0,53005.0,52841.0,53834.0,51219.0,46606.0,0.937,294.9,8.21,1.2,3.509,2.0,-1.0,13.61,0.02,0.22,3.0,2.0,0.0,0.0,26.65,25.98,25.4,25.69,25.79,28.23,25.79,26.05,25.72,34.25
2016-07-25 06:11:00-05:00,52.74913,55.645844,571508,25.75,0.0,55.7,26.57,343.2,,,,,,,,,,,-2147484000.0,,,,-7999.0,-7999.0,-7999.0,-7999.0,-7999.0,-7999.0,-7999.0,-7999.0,26.57,26.25,57.46,16.44,18.56,16.87,60.0,59.9,74.7,0.0,274.0,273.0,274.1,12.15,-5.816,13.47,618.0,1439246.0,42561.0,133065.0,-0.902,0.979,0.748,0.921,5.254,6.267,5.122,5.575,6.712,4.723,5.013,1.803,2.151,1.758,1.913,2.304,1.621,1.72,52752.0,53548.0,53005.0,52841.0,53834.0,51219.0,46606.0,0.715,302.1,16.36,1.0,3.509,2.0,-1.0,13.61,0.02,0.221,3.0,2.0,0.0,0.0,26.75,26.07,25.47,25.76,25.81,28.32,25.84,26.12,25.77,34.4
2016-07-25 06:12:00-05:00,62.015873,60.01681,571509,25.82,0.0,57.82,26.6,343.0,,,,,,,,,,,-2147484000.0,,,,-7999.0,-7999.0,-7999.0,-7999.0,-7999.0,-7999.0,-7999.0,-7999.0,26.6,26.31,58.0,16.63,18.76,17.05,60.0,59.9,74.7,0.0,274.0,273.0,274.7,12.35,-5.787,13.64,618.0,1439246.0,42561.0,133065.0,-0.906,0.979,0.748,0.921,5.293,6.406,5.179,5.73,6.88,4.753,5.044,1.815,2.197,1.776,1.965,2.359,1.63,1.73,52752.0,53548.0,53005.0,52841.0,53834.0,51219.0,46606.0,0.987,295.5,21.18,1.5,3.51,2.0,-1.0,13.61,0.02,0.22,3.0,2.0,0.0,0.0,26.83,26.14,25.56,25.79,25.89,28.33,25.91,26.17,25.78,34.53
2016-07-25 06:13:00-05:00,74.84674,63.26702,571510,25.88,0.0,61.24,26.59,342.1,,,,,,,,,,,-2147484000.0,,,,-7999.0,-7999.0,-7999.0,-7999.0,-7999.0,-7999.0,-7999.0,-7999.0,26.64,26.39,59.1,16.99,19.11,17.38,60.0,59.9,74.7,0.0,274.0,272.9,274.0,12.69,-5.728,13.92,618.0,1439247.0,42561.0,133065.0,-0.911,0.979,0.748,0.921,5.432,6.574,5.256,6.0,7.183,4.802,5.136,1.858,2.249,1.798,2.052,2.457,1.643,1.757,52752.0,53548.0,53005.0,52841.0,53834.0,51219.0,46606.0,0.71,342.3,15.13,1.0,3.51,2.0,-1.0,13.61,0.02,0.221,3.0,2.0,0.0,0.0,26.93,26.26,25.58,25.86,25.92,28.42,25.9,26.14,25.83,34.64
2016-07-25 06:14:00-05:00,74.60913,61.473804,571511,25.96,0.0,62.31,26.65,342.4,,,,,,,,,,,-2147484000.0,,,,-7999.0,-7999.0,-7999.0,-7999.0,-7999.0,-7999.0,-7999.0,-7999.0,26.65,26.49,60.49,17.41,19.55,17.77,60.0,59.9,74.7,0.0,274.0,272.7,274.0,13.09,-5.66,14.26,618.0,1439247.0,42561.0,133065.0,-0.918,0.979,0.748,0.921,5.581,6.754,5.31,6.362,7.494,4.831,5.219,1.911,2.312,1.818,2.178,2.566,1.654,1.787,52752.0,53548.0,53005.0,52841.0,53834.0,51219.0,46606.0,0.962,346.5,12.86,1.4,3.509,2.0,-1.0,13.57,0.007,0.221,3.0,2.0,0.0,0.0,27.01,26.39,25.63,25.87,25.95,28.46,25.95,26.17,25.89,34.8
2016-07-25 06:15:00-05:00,69.144135,62.258335,571512,26.04,0.0,61.54,26.69,341.4,,,,,,,,,,,-2147484000.0,,,,-7999.0,-7999.0,-7999.0,-7999.0,-7999.0,-7999.0,-7999.0,-7999.0,26.73,26.56,62.03,17.74,19.91,18.11,60.0,59.9,74.7,0.0,273.9,272.2,274.0,13.42,-5.607,14.55,618.0,1439247.0,42562.0,133065.0,-0.923,0.979,0.748,0.921,5.646,6.974,5.365,6.689,7.755,4.882,5.331,1.927,2.38,1.831,2.283,2.647,1.667,1.82,52752.0,53548.0,53005.0,52841.0,53834.0,51219.0,46606.0,,0.0,0.0,,,2.5,-1.0,13.57,-0.007,0.221,3.0,2.0,0.0,0.0,27.09,26.48,25.59,25.88,25.98,28.53,25.98,26.27,26.01,34.96
2016-07-25 06:16:00-05:00,63.679134,61.24965,571513,26.12,0.0,60.09,26.71,342.3,,,,,,,,,,,-2147484000.0,,,,-7999.0,-7999.0,-7999.0,-7999.0,-7999.0,-7999.0,-7999.0,-7999.0,26.79,26.71,64.15,18.09,20.24,18.4,60.0,59.9,74.7,0.0,274.2,272.9,274.8,13.76,-5.575,14.85,618.0,1439247.0,42562.0,133065.0,-0.927,0.979,0.748,0.921,5.68,7.188,5.399,6.964,7.938,4.938,5.414,1.944,2.46,1.848,2.384,2.717,1.69,1.853,52752.0,53548.0,53005.0,52841.0,53834.0,51219.0,46606.0,,0.0,0.0,,,2.0,-1.0,13.57,0.015,0.221,3.0,2.0,0.0,0.0,27.15,26.6,25.69,25.98,26.06,28.53,26.09,26.32,26.06,35.14
2016-07-25 06:17:00-05:00,58.808155,59.456432,571514,26.21,0.0,59.39,26.83,343.0,,,,,,,,,,,-2147484000.0,,,,-7999.0,-7999.0,-7999.0,-7999.0,-7999.0,-7999.0,-7999.0,-7999.0,26.85,26.8,67.52,18.35,20.51,18.64,60.0,59.9,74.7,0.0,274.0,273.0,274.5,14.0,-5.523,15.05,618.0,1439247.0,42562.0,133065.0,-0.93,0.979,0.748,0.921,5.766,7.32,5.396,7.271,8.04,4.954,5.442,1.978,2.511,1.851,2.494,2.757,1.699,1.866,52752.0,53548.0,53005.0,52841.0,53834.0,51219.0,46606.0,0.672,289.0,14.38,1.2,3.51,2.0,-1.0,13.57,0.017,0.221,3.0,2.0,0.0,0.0,27.19,26.69,25.68,25.98,26.09,28.63,26.09,26.37,26.1,35.3
2016-07-25 06:18:00-05:00,61.421852,61.137573,571515,26.3,0.0,60.8,26.85,342.2,,,,,,,,,,,-2147484000.0,,,,-7999.0,-7999.0,-7999.0,-7999.0,-7999.0,-7999.0,-7999.0,-7999.0,26.89,26.91,73.25,18.65,20.83,18.92,60.0,59.9,74.7,0.0,274.2,273.0,275.0,14.31,-5.483,15.33,618.0,1439248.0,42562.0,133065.0,-0.934,0.979,0.748,0.921,5.886,7.54,5.476,7.488,8.23,5.059,5.556,2.014,2.58,1.874,2.562,2.815,1.731,1.901,52752.0,53548.0,53005.0,52841.0,53834.0,51219.0,46606.0,,0.0,0.0,,,2.5,-1.0,13.57,0.017,0.221,3.0,2.0,0.0,0.0,27.31,26.77,25.72,26.06,26.12,28.6,26.17,26.47,26.19,35.49
2016-07-25 06:19:00-05:00,67.718475,63.71533,571516,26.39,0.0,62.35,26.85,341.7,,,,,,,,,,,-2147484000.0,,,,-7999.0,-7999.0,-7999.0,-7999.0,-7999.0,-7999.0,-7999.0,-7999.0,26.86,27.03,79.11,19.13,21.33,19.38,60.0,59.9,74.7,0.0,274.0,273.0,275.0,14.75,-5.404,15.71,618.0,1439248.0,42562.0,133065.0,-0.939,0.979,0.748,0.921,6.033,7.823,5.571,7.768,8.52,5.167,5.675,2.062,2.673,1.904,2.654,2.91,1.766,1.939,52752.0,53548.0,53005.0,52841.0,53834.0,51219.0,46606.0,,0.0,0.0,,,2.0,-1.0,13.58,0.018,0.222,3.0,2.0,0.0,0.0,27.41,26.9,25.78,26.07,26.19,28.63,26.24,26.47,26.2,35.68
2016-07-25 06:20:00-05:00,64.86717,63.939484,571517,26.48,0.0,61.86,26.93,341.7,,,,,,,,,,,-2147484000.0,,,,-7999.0,-7999.0,-7999.0,-7999.0,-7999.0,-7999.0,-7999.0,-7999.0,27.0,27.13,84.4,19.57,21.76,19.79,60.0,59.9,74.7,0.0,274.1,273.0,275.0,15.17,-5.339,16.08,618.0,1439248.0,42562.0,133065.0,-0.943,0.979,0.748,0.921,6.154,8.09,5.666,8.15,8.79,5.208,5.804,2.103,2.765,1.936,2.784,3.004,1.779,1.983,52752.0,53548.0,53005.0,52841.0,53834.0,51219.0,46606.0,,0.0,0.0,,,2.0,-1.0,13.58,0.018,0.222,3.0,2.0,0.0,0.0,27.57,26.99,25.85,26.17,26.27,28.65,26.29,26.56,26.3,35.84
2016-07-25 06:21:00-05:00,58.57054,61.473804,571518,26.58,0.0,60.4,27.01,342.0,,,,,,,,,,,-2147484000.0,,,,-7999.0,-7999.0,-7999.0,-7999.0,-7999.0,-7999.0,-7999.0,-7999.0,27.09,27.22,88.8,19.95,22.14,20.17,60.0,59.9,74.7,0.0,274.0,273.0,275.0,15.53,-5.276,16.4,618.0,1439248.0,42562.0,133065.0,-0.947,0.979,0.748,0.921,6.243,8.33,5.687,8.42,9.01,5.228,5.928,2.135,2.85,1.945,2.881,3.083,1.788,2.028,52752.0,53548.0,53005.0,52841.0,53834.0,51219.0,46606.0,0.868,279.2,11.81,1.3,3.509,2.0,-1.0,13.57,0.018,0.221,3.0,2.0,0.0,0.0,27.62,27.14,25.88,26.2,26.3,28.71,26.37,26.65,26.26,36.02
2016-07-25 06:22:00-05:00,57.97652,60.913425,571519,26.69,0.0,60.77,27.0,341.4,,,,,,,,,,,-2147484000.0,,,,-7999.0,-7999.0,-7999.0,-7999.0,-7999.0,-7999.0,-7999.0,-7999.0,27.16,27.3,93.3,20.33,22.51,20.54,60.0,59.9,74.7,0.0,274.0,273.0,274.8,15.87,-5.216,16.71,618.0,1439249.0,42562.0,133065.0,-0.95,0.979,0.748,0.921,6.34,8.6,5.746,8.66,9.22,5.245,6.096,2.165,2.937,1.962,2.957,3.148,1.791,2.081,52752.0,53548.0,53005.0,52841.0,53834.0,51219.0,46606.0,,0.0,0.0,,,2.0,-1.0,13.57,0.019,0.221,3.0,2.0,0.0,0.0,27.75,27.25,25.98,26.27,26.39,28.78,26.42,26.68,26.29,36.22
2016-07-25 06:23:00-05:00,58.57054,61.473804,571520,26.82,0.0,61.21,27.12,341.1,,,,,,,,,,,-2147484000.0,,,,-7999.0,-7999.0,-7999.0,-7999.0,-7999.0,-7999.0,-7999.0,-7999.0,27.31,27.43,97.9,20.82,23.0,21.02,60.0,59.9,74.7,0.0,274.0,273.0,274.3,16.31,-5.157,17.1,618.0,1439249.0,42562.0,133065.0,-0.953,0.979,0.748,0.921,6.504,8.92,5.859,8.88,9.41,5.314,6.336,2.219,3.042,1.999,3.028,3.209,1.813,2.161,52752.0,53548.0,53005.0,52841.0,53834.0,51219.0,46606.0,1.068,298.0,14.82,1.6,3.51,2.0,-1.0,13.58,0.019,0.221,3.0,2.0,0.0,0.0,27.88,27.38,26.01,26.32,26.45,28.81,26.47,26.76,26.35,36.3
2016-07-25 06:24:00-05:00,59.402176,62.034187,571521,26.92,0.0,61.72,27.23,340.2,,,,,,,,,,,-2147484000.0,,,,-7999.0,-7999.0,-7999.0,-7999.0,-7999.0,-7999.0,-7999.0,-7999.0,27.5,27.58,102.9,21.42,23.63,21.61,60.0,59.9,74.7,0.0,274.2,273.0,275.0,16.89,-5.067,17.63,618.0,1439249.0,42562.0,133065.0,-0.958,0.979,0.748,0.921,6.821,9.29,6.013,9.15,9.8,5.362,6.67,2.321,3.16,2.046,3.112,3.335,1.825,2.269,52752.0,53548.0,53005.0,52841.0,53834.0,51219.0,46606.0,1.107,294.6,9.81,1.6,3.51,2.0,-1.0,13.58,0.019,0.222,3.0,2.0,0.0,0.0,28.07,27.51,26.07,26.42,26.48,28.88,26.56,26.82,26.49,36.48
2016-07-25 06:25:00-05:00,59.87739,62.594566,571522,27.03,0.0,62.15,27.26,339.9,,,,,,,,,,,-2147484000.0,,,,-7999.0,-7999.0,-7999.0,-7999.0,-7999.0,-7999.0,-7999.0,-7999.0,27.54,27.66,107.7,21.94,24.16,22.12,60.0,59.9,74.7,0.0,274.0,273.0,275.0,17.37,-4.975,18.07,618.0,1439250.0,42562.0,133065.0,-0.961,0.979,0.748,0.921,7.064,9.57,6.093,9.41,10.11,5.373,6.982,2.401,3.254,2.071,3.197,3.434,1.826,2.373,52752.0,53548.0,53005.0,52841.0,53834.0,51219.0,46606.0,1.108,298.2,13.54,1.7,3.51,2.0,-1.0,13.57,0.019,0.222,3.0,2.0,0.0,0.0,28.14,27.63,26.14,26.47,26.58,28.96,26.59,26.82,26.63,36.69
2016-07-25 06:26:00-05:00,60.590218,63.042873,571523,27.13,0.0,62.41,27.41,340.3,,,,,,,,,,,-2147484000.0,,,,-7999.0,-7999.0,-7999.0,-7999.0,-7999.0,-7999.0,-7999.0,-7999.0,27.72,27.84,111.8,22.35,24.58,22.52,60.0,59.9,74.7,0.0,274.0,273.0,275.0,17.74,-4.93,18.41,618.0,1439250.0,42563.0,133065.0,-0.963,0.979,0.748,0.921,7.269,9.76,6.159,9.55,10.29,5.465,7.187,2.474,3.32,2.096,3.25,3.502,1.86,2.446,52752.0,53548.0,53005.0,52841.0,53834.0,51219.0,46606.0,1.148,307.7,6.726,1.6,3.503,2.0,-1.0,13.57,0.019,0.222,3.0,2.0,0.0,0.0,28.34,27.73,26.22,26.44,26.59,29.01,26.6,26.87,26.76,36.87
2016-07-25 06:27:00-05:00,61.65946,64.27571,571524,27.24,0.0,63.11,27.45,339.0,,,,,,,,,,,-2147484000.0,,,,-7999.0,-7999.0,-7999.0,-7999.0,-7999.0,-7999.0,-7999.0,-7999.0,27.71,27.94,115.2,22.72,24.99,22.91,60.0,59.9,74.7,0.0,274.1,273.0,274.8,18.09,-4.862,18.73,618.0,1439250.0,42563.0,133065.0,-0.966,0.979,0.748,0.921,7.56,9.94,6.313,9.77,10.53,5.524,7.326,2.563,3.37,2.14,3.312,3.569,1.873,2.484,52752.0,53548.0,53005.0,52841.0,53834.0,51219.0,46606.0,0.955,297.9,20.58,1.7,3.505,2.0,-1.0,13.57,0.019,0.222,3.0,2.0,0.0,0.0,28.36,27.78,26.33,26.55,26.62,29.1,26.68,26.94,26.91,37.08
2016-07-25 06:28:00-05:00,63.797935,66.06893,571525,27.35,0.0,64.5,27.46,339.1,,,,,,,,,,,-2147484000.0,,,,-7999.0,-7999.0,-7999.0,-7999.0,-7999.0,-7999.0,-7999.0,-7999.0,27.78,28.05,118.8,23.36,25.65,23.53,60.0,59.9,74.7,0.0,274.4,272.9,274.8,18.67,-4.761,19.27,618.0,1439250.0,42563.0,133065.0,-0.969,0.979,0.748,0.921,7.854,10.4,6.519,10.03,10.78,5.615,7.515,2.663,3.527,2.21,3.402,3.654,1.904,2.548,52752.0,53548.0,53005.0,52841.0,53834.0,51219.0,46606.0,1.093,292.7,9.35,1.5,3.507,2.0,-1.0,13.57,0.019,0.222,3.0,2.0,0.0,0.0,28.47,27.88,26.47,26.59,26.7,29.12,26.75,26.98,27.04,37.27
2016-07-25 06:29:00-05:00,67.36206,68.98291,571526,27.45,0.0,67.16,27.41,337.9,,,,,,,,,,,-2147484000.0,,,,-7999.0,-7999.0,-7999.0,-7999.0,-7999.0,-7999.0,-7999.0,-7999.0,27.75,28.15,119.5,23.96,26.24,24.12,60.0,59.9,74.7,0.0,274.2,273.0,275.0,19.21,-4.698,19.77,618.0,1439251.0,42563.0,133065.0,-0.971,0.979,0.748,0.921,8.14,10.81,6.969,10.13,11.02,5.73,7.693,2.751,3.652,2.355,3.422,3.725,1.936,2.6,52752.0,53548.0,53005.0,52841.0,53834.0,51219.0,46606.0,,0.0,0.0,,,2.0,-1.0,13.57,0.019,0.222,3.0,2.0,0.0,0.0,28.55,28.01,26.65,26.67,26.77,29.16,26.86,27.11,27.2,37.48
2016-07-25 06:30:00-05:00,95.04348,85.34604,571527,27.55,0.0,82.2,27.52,337.6,,,,,,,,,,,-2147484000.0,,,,-7999.0,-7999.0,-7999.0,-7999.0,-7999.0,-7999.0,-7999.0,-7999.0,27.8,28.29,120.0,24.72,27.0,24.88,60.0,59.9,74.7,0.0,274.0,273.0,274.9,19.87,-4.615,20.4,618.0,1439251.0,42563.0,133065.0,-0.974,0.979,0.748,0.921,8.42,11.07,7.551,10.37,11.28,5.95,7.891,2.843,3.739,2.549,3.5,3.809,2.009,2.664,52752.0,53548.0,53005.0,52841.0,53834.0,51219.0,46606.0,0.825,290.9,14.01,1.4,3.505,2.0,-1.0,13.54,-0.007,0.222,3.0,2.0,0.0,0.0,28.68,28.11,26.86,26.82,26.96,29.17,26.99,27.25,27.38,37.69
2016-07-25 06:31:00-05:00,139.0011,116.50323,571528,27.66,0.0,100.0,27.62,337.6,,,,,,,,,,,-2147484000.0,,,,-7999.0,-7999.0,-7999.0,-7999.0,-7999.0,-7999.0,-7999.0,-7999.0,27.88,28.45,119.6,25.33,27.56,25.43,60.0,59.9,74.7,0.0,274.0,273.0,275.0,20.37,-4.545,20.87,618.0,1439251.0,42563.0,133065.0,-0.976,0.979,0.748,0.921,8.64,11.25,7.977,10.53,11.46,6.101,8.03,2.915,3.798,2.693,3.554,3.87,2.059,2.711,52752.0,53548.0,53005.0,52841.0,53834.0,51219.0,46606.0,0.658,305.9,11.24,1.0,3.507,2.0,-1.0,13.54,-0.024,0.223,3.0,2.0,0.0,0.001,28.84,28.24,27.01,26.98,27.74,29.31,27.17,27.42,27.51,37.88
2016-07-25 06:32:00-05:00,160.62347,132.86636,571529,27.76,0.0,107.5,27.69,337.4,,,,,,,,,,,-2147484000.0,,,,-7999.0,-7999.0,-7999.0,-7999.0,-7999.0,-7999.0,-7999.0,-7999.0,28.05,28.58,121.7,26.03,28.27,26.12,60.0,59.9,74.7,0.0,274.0,273.0,274.6,20.97,-4.458,21.44,618.0,1439252.0,42563.0,133065.0,-0.978,0.979,0.748,0.921,8.9,11.55,8.38,10.81,11.77,6.291,8.2,3.004,3.896,2.828,3.646,3.97,2.122,2.767,52752.0,53548.0,53005.0,52841.0,53834.0,51219.0,46606.0,,0.0,0.0,,,2.5,-1.0,13.54,0.007,0.223,3.0,2.0,0.0,0.001,28.99,28.38,27.19,27.14,28.98,29.47,27.42,27.61,27.64,38.13
2016-07-25 06:33:00-05:00,167.15773,138.58224,571530,27.86,0.0,111.7,27.83,337.1,,,,,,,,,,,-2147484000.0,,,,-7999.0,-7999.0,-7999.0,-7999.0,-7999.0,-7999.0,-7999.0,-7999.0,28.05,28.75,127.1,27.07,29.31,27.14,60.0,59.9,74.7,0.0,274.0,272.9,274.3,21.86,-4.314,22.28,618.0,1439252.0,42563.0,133065.0,-0.981,0.979,0.748,0.921,9.21,12.04,8.87,11.2,12.22,6.52,8.52,3.104,4.058,2.989,3.775,4.118,2.198,2.874,52752.0,53548.0,53005.0,52841.0,53834.0,51219.0,46606.0,0.743,271.6,20.6,1.2,3.507,2.0,-1.0,13.54,0.012,0.223,3.0,2.0,0.0,0.001,29.12,28.51,27.38,27.32,29.16,29.68,27.61,27.81,27.75,38.36
2016-07-25 06:34:00-05:00,172.0287,142.95322,571531,27.96,0.0,115.4,27.78,337.3,,,,,,,,,,,-2147484000.0,,,,-7999.0,-7999.0,-7999.0,-7999.0,-7999.0,-7999.0,-7999.0,-7999.0,27.91,28.85,133.1,28.03,30.29,28.09,60.0,59.9,74.7,0.0,274.0,272.9,274.0,22.7,-4.186,23.08,618.0,1439253.0,42563.0,133065.0,-0.983,0.979,0.748,0.921,9.5,12.5,9.35,11.56,12.66,6.736,8.85,3.204,4.215,3.154,3.898,4.269,2.272,2.987,52752.0,53548.0,53005.0,52841.0,53834.0,51219.0,46606.0,,0.0,0.0,,,2.0,-1.0,13.54,0.014,0.223,3.0,2.0,0.0,0.001,29.23,28.59,27.55,27.51,29.09,29.89,27.82,28.0,27.94,38.62
2016-07-25 06:35:00-05:00,175.35522,146.09135,571532,28.06,0.0,118.4,27.86,337.6,,,,,,,,,,,-2147484000.0,,,,-7999.0,-7999.0,-7999.0,-7999.0,-7999.0,-7999.0,-7999.0,-7999.0,27.93,28.97,138.2,28.84,31.1,28.88,60.0,59.9,74.7,0.0,274.0,272.6,274.0,23.4,-4.077,23.75,618.0,1439253.0,42563.0,133065.0,-0.985,0.979,0.748,0.921,9.72,12.81,9.86,11.86,12.96,6.813,9.1,3.28,4.323,3.329,4.004,4.374,2.3,3.073,52752.0,53548.0,53005.0,52841.0,53834.0,51219.0,46606.0,,0.0,0.0,,,2.0,-1.0,13.54,0.015,0.223,3.0,2.0,0.0,0.0,29.38,28.71,27.69,27.69,29.01,30.04,27.98,28.1,28.09,38.74
2016-07-25 06:36:00-05:00,177.85013,148.55702,571533,28.16,0.0,121.0,27.96,337.4,,,,,,,,,,,-2147484000.0,,,,-7999.0,-7999.0,-7999.0,-7999.0,-7999.0,-7999.0,-7999.0,-7999.0,28.06,29.14,142.7,29.61,31.88,29.62,60.0,59.9,74.7,0.0,274.0,272.4,274.0,24.05,-3.978,24.38,618.0,1439253.0,42563.0,133065.0,-0.987,0.979,0.748,0.921,10.02,13.09,10.39,12.13,13.25,6.909,9.34,3.38,4.416,3.503,4.091,4.471,2.331,3.151,52752.0,53548.0,53005.0,52841.0,53834.0,51219.0,46606.0,1.297,315.5,13.81,1.8,3.507,2.0,-1.0,13.54,0.016,0.223,3.0,2.0,0.0,0.0,29.53,28.87,27.86,27.87,29.01,30.2,28.14,28.2,28.22,38.96
2016-07-25 06:37:00-05:00,178.91936,150.23817,571534,28.26,0.0,122.9,27.99,338.5,,,,,,,,,,,-2147484000.0,,,,-7999.0,-7999.0,-7999.0,-7999.0,-7999.0,-7999.0,-7999.0,-7999.0,28.08,29.29,146.2,30.25,32.52,30.25,60.0,59.9,74.7,0.0,273.8,272.1,274.0,24.58,-3.885,24.88,618.0,1439254.0,42563.0,133065.0,-0.988,0.979,0.748,0.921,10.14,13.23,10.88,12.27,13.42,6.994,9.55,3.431,4.478,3.683,4.152,4.541,2.367,3.232,52752.0,53548.0,53005.0,52841.0,53834.0,51219.0,46606.0,,0.0,0.0,,,2.0,-1.0,13.54,0.016,0.223,3.0,2.0,0.0,0.0,29.67,29.0,27.99,28.01,29.06,30.41,28.3,28.4,28.4,39.19
2016-07-25 06:38:00-05:00,185.09718,155.50575,571535,28.35,0.0,127.4,28.03,337.2,,,,,,,,,,,-2147484000.0,,,,-7999.0,-7999.0,-7999.0,-7999.0,-7999.0,-7999.0,-7999.0,-7999.0,28.18,29.42,153.2,31.47,33.76,31.45,60.0,59.9,74.7,0.0,274.0,272.2,274.0,25.63,-3.719,25.9,618.0,1439254.0,42563.0,133065.0,-0.99,0.979,0.748,0.921,10.52,13.81,11.62,12.76,13.94,7.195,10.1,3.547,4.657,3.92,4.302,4.701,2.426,3.407,52752.0,53548.0,53005.0,52841.0,53834.0,51219.0,46606.0,0.813,281.2,26.8,1.4,3.505,2.0,-1.0,13.54,0.016,0.224,3.0,2.0,0.0,0.0,29.74,29.13,28.07,28.19,28.98,30.61,28.51,28.63,28.58,39.42
2016-07-25 06:39:00-05:00,189.49294,159.65259,571536,28.44,0.0,130.9,28.08,336.7,,,,,,,,,,,-2147484000.0,,,,-7999.0,-7999.0,-7999.0,-7999.0,-7999.0,-7999.0,-7999.0,-7999.0,28.23,29.63,158.6,32.57,34.88,32.54,60.0,59.9,74.7,0.0,274.0,272.6,274.1,26.59,-3.585,26.83,618.0,1439255.0,42563.0,133065.0,-0.991,0.979,0.748,0.921,10.84,14.25,12.28,13.17,14.41,7.481,10.61,3.651,4.796,4.134,4.435,4.852,2.519,3.573,52752.0,53548.0,53005.0,52841.0,53834.0,51219.0,46606.0,0.565,286.5,37.46,1.2,3.505,2.0,-1.0,13.54,0.017,0.224,3.0,2.0,0.0,0.0,29.89,29.23,28.25,28.38,29.05,30.74,28.69,28.79,28.77,39.63
2016-07-25 06:40:00-05:00,191.86902,162.23033,571537,28.54,0.0,133.4,28.11,336.5,,,,,,,,,,,-2147484000.0,,,,-7999.0,-7999.0,-7999.0,-7999.0,-7999.0,-7999.0,-7999.0,-7999.0,28.36,29.77,162.3,33.42,35.72,33.38,60.0,59.9,74.7,0.0,274.0,272.5,274.0,27.31,-3.465,27.52,618.0,1439255.0,42563.0,133065.0,-0.992,0.979,0.748,0.921,11.04,14.54,12.86,13.4,14.71,7.657,11.0,3.716,4.892,4.327,4.509,4.95,2.576,3.7,52752.0,53548.0,53005.0,52841.0,53834.0,51219.0,46606.0,0.658,259.2,37.6,1.3,3.507,2.0,-1.0,13.54,0.017,0.224,3.0,2.0,0.0,0.0,30.04,29.41,28.43,28.61,29.16,30.99,28.9,29.07,28.95,39.83
2016-07-25 06:41:00-05:00,192.34425,163.46317,571538,28.66,0.0,134.8,28.07,336.4,,,,,,,,,,,-2147484000.0,,,,-7999.0,-7999.0,-7999.0,-7999.0,-7999.0,-7999.0,-7999.0,-7999.0,28.03,29.88,163.9,33.9,36.18,33.84,60.0,59.9,74.7,0.0,273.8,272.0,274.0,27.68,-3.412,27.89,618.0,1439256.0,42564.0,133065.0,-0.992,0.979,0.748,0.921,11.12,14.68,13.26,13.45,14.85,7.612,11.32,3.739,4.938,4.46,4.523,4.996,2.56,3.806,52752.0,53548.0,53005.0,52841.0,53834.0,51219.0,46606.0,,0.0,0.0,,,2.0,-1.0,13.54,0.017,0.224,3.0,2.0,0.0,0.0,30.23,29.58,28.59,28.81,29.26,31.12,29.07,29.34,29.16,40.04
2016-07-25 06:42:00-05:00,189.96817,162.23033,571539,28.75,0.0,134.9,28.08,335.5,,,,,,,,,,,-2147484000.0,,,,-7999.0,-7999.0,-7999.0,-7999.0,-7999.0,-7999.0,-7999.0,-7999.0,28.0,29.99,163.0,33.9,36.23,33.87,60.0,59.9,74.7,0.0,273.6,272.0,274.0,27.69,-3.402,27.9,618.0,1439256.0,42564.0,133065.0,-0.993,0.979,0.748,0.921,11.15,14.65,13.41,13.45,14.86,7.56,11.46,3.739,4.913,4.498,4.514,4.986,2.536,3.844,52752.0,53548.0,53005.0,52841.0,53834.0,51219.0,46606.0,1.313,237.9,10.04,1.8,3.507,2.0,-1.0,13.54,0.017,0.224,3.0,2.0,0.0,0.0,30.41,29.71,28.72,28.98,29.36,31.21,29.24,29.48,29.3,40.22
2016-07-25 06:43:00-05:00,190.9186,163.7994,571540,28.83,0.0,136.5,28.04,336.3,,,,,,,,,,,-2147484000.0,,,,-7999.0,-7999.0,-7999.0,-7999.0,-7999.0,-7999.0,-7999.0,-7999.0,27.99,30.09,164.5,34.45,36.8,34.41,60.0,59.9,74.7,0.0,273.7,272.0,274.0,28.16,-3.326,28.36,618.0,1439256.0,42564.0,133065.0,-0.993,0.979,0.748,0.921,11.28,14.85,13.7,13.64,14.99,7.619,11.71,3.792,4.993,4.607,4.588,5.039,2.562,3.939,52752.0,53548.0,53005.0,52841.0,53834.0,51219.0,46606.0,,0.0,0.0,,,2.0,-1.0,13.54,0.017,0.224,3.0,2.0,0.0,0.0,30.57,29.84,28.85,29.15,29.39,31.31,29.39,29.7,29.44,40.4
2016-07-25 06:44:00-05:00,191.27501,164.80809,571541,28.92,0.0,138.1,27.95,335.4,,,,,,,,,,,-2147484000.0,,,,-7999.0,-7999.0,-7999.0,-7999.0,-7999.0,-7999.0,-7999.0,-7999.0,27.8,30.15,165.4,34.97,37.32,34.91,60.0,59.9,74.7,0.0,273.3,272.0,274.0,28.59,-3.249,28.78,618.0,1439257.0,42564.0,133065.0,-0.994,0.979,0.748,0.921,11.46,15.08,14.05,13.8,15.23,7.778,11.95,3.843,5.056,4.711,4.629,5.107,2.608,4.009,52752.0,53548.0,53005.0,52841.0,53834.0,51219.0,46606.0,1.382,241.3,9.4,2.1,3.507,2.0,-1.0,13.54,0.017,0.224,3.0,2.0,0.0,0.0,30.67,29.93,28.98,29.34,29.52,31.44,29.54,29.86,29.56,40.57
2016-07-25 06:45:00-05:00,197.21523,170.29982,571542,28.99,0.0,142.8,27.87,335.0,,,,,,,,,,,-2147484000.0,,,,-7999.0,-7999.0,-7999.0,-7999.0,-7999.0,-7999.0,-7999.0,-7999.0,27.72,30.23,170.8,36.2,38.59,36.16,60.0,59.9,74.7,0.0,273.5,272.0,274.0,29.63,-3.092,29.79,618.0,1439257.0,42564.0,133065.0,-0.995,0.979,0.748,0.921,11.85,15.63,14.67,14.27,15.77,7.924,12.55,3.969,5.237,4.914,4.78,5.283,2.654,4.202,52752.0,53548.0,53005.0,52841.0,53834.0,51219.0,46606.0,0.805,271.5,26.05,1.5,3.508,2.0,-1.0,13.54,0.017,0.224,3.0,2.0,0.0,0.0,30.78,30.0,29.08,29.44,29.57,31.59,29.69,30.06,29.65,40.74
2016-07-25 06:46:00-05:00,202.56142,175.23117,571543,29.06,0.0,147.2,27.91,334.8,,,,,,,,,,,-2147484000.0,,,,-7999.0,-7999.0,-7999.0,-7999.0,-7999.0,-7999.0,-7999.0,-7999.0,27.87,30.39,175.7,37.32,39.73,37.27,60.0,59.9,74.7,0.0,273.9,272.2,274.1,30.63,-2.949,30.77,618.0,1439258.0,42564.0,133065.0,-0.995,0.979,0.748,0.921,12.14,16.13,15.21,14.71,16.3,8.02,13.16,4.065,5.401,5.093,4.923,5.455,2.685,4.405,52752.0,53548.0,53005.0,52841.0,53834.0,51219.0,46606.0,1.117,234.1,12.38,1.5,3.503,2.0,-1.0,13.54,0.017,0.224,3.0,2.0,0.0,0.0,30.96,30.13,29.23,29.6,29.67,31.69,29.85,30.17,29.8,40.87
2016-07-25 06:47:00-05:00,205.53152,178.25722,571544,29.13,0.0,150.3,27.96,335.7,,,,,,,,,,,-2147484000.0,,,,-7999.0,-7999.0,-7999.0,-7999.0,-7999.0,-7999.0,-7999.0,-7999.0,27.99,30.58,178.7,38.2,40.66,38.16,60.0,59.9,74.7,0.0,274.0,272.1,274.0,31.38,-2.781,31.51,618.0,1439258.0,42564.0,133065.0,-0.996,0.979,0.748,0.921,12.37,16.41,15.67,14.95,16.59,8.08,13.64,4.152,5.507,5.26,5.019,5.567,2.713,4.579,52752.0,53548.0,53005.0,52841.0,53834.0,51219.0,46606.0,,0.0,0.0,,,2.0,-1.0,13.54,0.017,0.224,3.0,2.0,0.0,0.0,31.14,30.33,29.34,29.75,29.8,31.85,29.9,30.47,29.98,41.01
2016-07-25 06:48:00-05:00,206.36316,179.8263,571545,29.2,0.0,152.3,27.97,335.0,,,,,,,,,,,-2147484000.0,,,,-7999.0,-7999.0,-7999.0,-7999.0,-7999.0,-7999.0,-7999.0,-7999.0,27.98,30.68,180.4,38.87,41.29,38.83,60.0,59.9,74.7,0.0,274.0,272.1,274.0,31.92,-2.727,32.04,618.0,1439259.0,42564.0,133065.0,-0.996,0.979,0.748,0.921,12.64,16.67,16.01,15.2,16.84,8.18,13.98,4.235,5.584,5.363,5.093,5.64,2.741,4.683,52752.0,53548.0,53005.0,52841.0,53834.0,51219.0,46606.0,,0.0,0.0,,,2.0,-1.0,13.54,0.018,0.224,3.0,2.0,0.0,0.0,31.32,30.46,29.49,29.93,29.96,31.97,30.11,30.64,30.13,41.17
2016-07-25 06:49:00-05:00,212.54099,185.65427,571546,29.26,0.0,157.3,27.96,335.1,,,,,,,,,,,-2147484000.0,,,,-7999.0,-7999.0,-7999.0,-7999.0,-7999.0,-7999.0,-7999.0,-7999.0,27.96,30.79,186.2,40.38,42.82,40.31,60.0,59.9,74.7,0.0,273.9,272.1,274.0,33.19,-2.513,33.29,618.0,1439260.0,42564.0,133065.0,-0.997,0.979,0.748,0.921,13.13,17.26,16.73,15.69,17.46,8.39,14.7,4.402,5.785,5.605,5.257,5.85,2.811,4.926,52752.0,53548.0,53005.0,52841.0,53834.0,51219.0,46606.0,1.018,233.7,13.24,1.4,3.51,2.0,-1.0,13.5,-0.048,0.225,3.0,2.0,0.0,0.001,31.45,30.59,29.64,30.11,30.12,32.08,30.25,30.75,30.31,41.32
2016-07-25 06:50:00-05:00,215.86751,188.90446,571547,29.33,0.0,160.6,28.07,334.5,,,,,,,,,,,-2147484000.0,,,,-7999.0,-7999.0,-7999.0,-7999.0,-7999.0,-7999.0,-7999.0,-7999.0,28.01,30.95,189.4,41.39,43.83,41.33,60.0,59.9,74.7,0.0,273.2,272.0,274.0,34.0,-2.369,34.08,618.0,1439260.0,42564.0,133065.0,-0.998,0.979,0.748,0.921,13.52,17.68,17.28,16.04,17.84,8.51,15.16,4.52,5.913,5.781,5.364,5.965,2.845,5.071,52752.0,53548.0,53005.0,52841.0,53834.0,51219.0,46606.0,0.812,235.6,9.07,1.2,3.51,2.0,-1.0,13.5,-0.014,0.225,3.0,2.0,0.0,0.001,31.66,30.7,29.77,30.26,30.26,32.18,30.43,30.92,30.4,41.43
2016-07-25 06:51:00-05:00,217.76837,191.146,571548,29.39,0.0,163.1,28.06,335.7,,,,,,,,,,,-2147484000.0,,,,-7999.0,-7999.0,-7999.0,-7999.0,-7999.0,-7999.0,-7999.0,-7999.0,27.95,31.06,191.3,42.07,44.53,42.03,60.0,59.9,74.7,0.0,273.9,272.0,274.0,34.61,-2.274,34.68,618.0,1439261.0,42564.0,133065.0,-0.998,0.979,0.748,0.921,13.77,17.91,17.56,16.22,18.08,8.55,15.37,4.622,6.013,5.895,5.445,6.069,2.871,5.158,52752.0,53548.0,53005.0,52841.0,53834.0,51219.0,46606.0,0.73,250.9,19.8,1.4,3.507,2.0,-1.0,13.5,0.005,0.225,3.0,2.0,0.0,0.001,31.79,30.85,29.93,30.43,30.42,32.36,30.62,31.13,30.54,41.56
2016-07-25 06:52:00-05:00,220.61969,194.17206,571549,29.46,0.0,166.3,28.13,334.4,,,,,,,,,,,-2147484000.0,,,,-7999.0,-7999.0,-7999.0,-7999.0,-7999.0,-7999.0,-7999.0,-7999.0,28.02,31.2,194.3,42.98,45.44,42.94,60.0,59.9,74.7,0.0,273.3,272.0,274.0,35.34,-2.168,35.41,618.0,1439261.0,42564.0,133065.0,-0.998,0.979,0.748,0.921,14.29,18.3,18.08,16.59,18.48,8.63,15.8,4.777,6.118,6.045,5.546,6.179,2.887,5.282,52752.0,53548.0,53005.0,52841.0,53834.0,51219.0,46606.0,0.727,238.4,21.12,1.4,3.507,2.0,-1.0,13.5,0.011,0.225,3.0,2.0,0.0,0.001,31.91,31.03,30.09,30.56,30.56,32.42,30.79,31.27,30.72,41.71
2016-07-25 06:53:00-05:00,223.35219,197.08604,571550,29.52,0.0,169.2,28.09,335.0,,,,,,,,,,,-2147484000.0,,,,-7999.0,-7999.0,-7999.0,-7999.0,-7999.0,-7999.0,-7999.0,-7999.0,28.09,31.37,196.8,43.81,46.24,43.74,60.0,59.9,74.7,0.0,273.2,272.0,274.0,36.02,-2.066,36.08,618.0,1439262.0,42564.0,133065.0,-0.998,0.979,0.748,0.921,14.67,18.62,18.4,16.73,18.74,8.73,16.07,4.914,6.238,6.165,5.603,6.278,2.924,5.384,52752.0,53548.0,53005.0,52841.0,53834.0,51219.0,46606.0,,0.0,0.0,,,2.0,-1.0,13.5,0.013,0.225,3.0,2.0,0.0,0.001,32.1,31.11,30.21,30.76,30.71,32.53,30.97,31.44,30.83,41.81
2016-07-25 06:54:00-05:00,227.27274,200.78455,571551,29.58,0.0,172.9,28.17,334.1,,,,,,,,,,,-2147484000.0,,,,-7999.0,-7999.0,-7999.0,-7999.0,-7999.0,-7999.0,-7999.0,-7999.0,28.28,31.58,200.4,44.89,47.32,44.8,60.0,59.9,74.7,0.0,273.0,272.0,273.9,36.87,-1.927,36.92,618.0,1439263.0,42564.0,133065.0,-0.999,0.979,0.748,0.921,15.21,19.08,18.89,17.13,19.25,8.89,16.47,5.081,6.375,6.311,5.721,6.43,2.969,5.504,52752.0,53548.0,53005.0,52841.0,53834.0,51219.0,46606.0,1.022,251.0,19.02,1.5,3.507,2.0,-1.0,13.5,0.014,0.225,3.0,2.0,0.0,0.001,32.32,31.25,30.37,30.91,30.83,32.77,31.07,31.69,31.03,41.95
2016-07-25 06:55:00-05:00,229.76761,203.3623,571552,29.64,0.0,175.6,28.32,334.6,,,,,,,,,,,-2147484000.0,,,,-7999.0,-7999.0,-7999.0,-7999.0,-7999.0,-7999.0,-7999.0,-7999.0,28.56,31.69,202.4,45.63,48.07,45.55,60.0,59.9,74.7,0.0,273.0,272.0,273.9,37.5,-1.833,37.54,618.0,1439263.0,42564.0,133065.0,-0.999,0.979,0.748,0.921,15.56,19.34,19.17,17.37,19.53,8.98,16.71,5.205,6.472,6.414,5.81,6.534,3.005,5.59,52752.0,53548.0,53005.0,52841.0,53834.0,51219.0,46606.0,,0.0,0.0,,,2.0,-1.0,13.5,0.014,0.225,3.0,2.0,0.0,0.0,32.46,31.45,30.51,31.13,31.02,32.88,31.27,31.9,31.16,42.05
2016-07-25 06:56:00-05:00,232.61891,206.16422,571553,29.7,0.0,178.4,28.37,334.2,,,,,,,,,,,-2147484000.0,,,,-7999.0,-7999.0,-7999.0,-7999.0,-7999.0,-7999.0,-7999.0,-7999.0,28.55,31.75,205.0,46.44,48.93,46.38,60.0,59.9,74.7,0.0,273.4,272.0,274.0,38.22,-1.723,38.26,618.0,1439264.0,42564.0,133065.0,-0.999,0.979,0.748,0.921,16.13,19.7,19.54,17.68,19.86,9.1,17.02,5.392,6.585,6.53,5.908,6.638,3.042,5.687,52752.0,53548.0,53005.0,52841.0,53834.0,51219.0,46606.0,,0.0,0.0,,,2.0,-1.0,13.5,0.014,0.225,3.0,2.0,0.0,0.0,32.58,31.58,30.7,31.3,31.2,32.93,31.41,32.03,31.4,42.15
2016-07-25 06:57:00-05:00,236.06424,209.41443,571554,29.77,0.0,181.7,28.43,333.9,,,,,,,,,,,-2147484000.0,,,,-7999.0,-7999.0,-7999.0,-7999.0,-7999.0,-7999.0,-7999.0,-7999.0,28.59,31.85,207.9,47.39,49.93,47.34,60.0,59.9,74.7,0.0,273.5,272.0,274.0,39.03,-1.59,39.06,618.0,1439264.0,42564.0,133065.0,-0.999,0.979,0.748,0.921,16.87,20.09,19.86,17.96,20.24,9.24,17.31,5.632,6.707,6.63,5.995,6.756,3.084,5.779,52752.0,53548.0,53005.0,52841.0,53834.0,51219.0,46606.0,,0.0,0.0,,,2.0,-1.0,13.5,0.015,0.225,3.0,2.0,0.0,0.0,32.72,31.61,30.77,31.35,31.25,32.83,31.54,32.03,31.53,42.23
2016-07-25 06:58:00-05:00,239.86598,213.225,571555,29.83,0.0,185.4,28.4,333.4,,,,,,,,,,,-2147484000.0,,,,-7999.0,-7999.0,-7999.0,-7999.0,-7999.0,-7999.0,-7999.0,-7999.0,28.56,32.08,211.2,48.44,50.94,48.37,60.0,59.9,74.7,0.0,273.4,272.0,274.0,39.89,-1.502,39.92,618.0,1439265.0,42564.0,133065.0,-0.999,0.979,0.748,0.921,17.53,20.46,20.31,18.31,20.67,9.4,17.7,5.844,6.822,6.773,6.106,6.892,3.133,5.901,52752.0,53548.0,53005.0,52841.0,53834.0,51219.0,46606.0,0.968,252.5,12.86,1.6,3.509,2.0,-1.0,13.5,0.015,0.225,3.0,2.0,0.0,0.0,32.95,31.81,30.94,31.54,31.41,33.09,31.69,32.28,31.63,42.32
2016-07-25 06:59:00-05:00,244.85577,217.70807,571556,29.9,0.0,189.7,28.53,332.6,,,,,,,,,,,-2147484000.0,,,,-7999.0,-7999.0,-7999.0,-7999.0,-7999.0,-7999.0,-7999.0,-7999.0,28.78,32.21,215.5,49.74,52.28,49.67,60.0,59.9,74.7,0.0,273.0,272.0,273.9,40.92,-1.305,40.94,618.0,1439266.0,42564.0,133065.0,-0.999,0.979,0.748,0.921,18.03,21.06,20.84,18.65,21.21,9.82,18.14,5.996,7.004,6.93,6.202,7.054,3.265,6.033,52752.0,53548.0,53005.0,52841.0,53834.0,51219.0,46606.0,0.582,250.6,36.73,1.2,3.507,2.0,-1.0,13.5,0.015,0.225,3.0,2.0,0.0,0.0,33.1,32.02,31.15,31.74,31.64,33.3,31.8,32.55,31.84,42.41
2016-07-25 07:00:00-05:00,249.48915,221.96695,571557,29.96,0.0,193.9,28.49,332.5,,,,,,,,,,,-2147484000.0,,,,-7999.0,-7999.0,-7999.0,-7999.0,-7999.0,-7999.0,-7999.0,-7999.0,28.72,32.18,219.5,51.01,53.57,50.96,60.0,59.9,74.7,0.0,273.0,272.0,274.0,42.01,-1.126,42.03,618.0,1439266.0,42564.0,133065.0,-1.0,0.979,0.748,0.921,18.55,21.54,21.34,19.06,21.71,10.4,18.58,6.168,7.162,7.095,6.335,7.216,3.459,6.178,52752.0,53548.0,53005.0,52841.0,53834.0,51219.0,46606.0,,0.0,0.0,,,2.0,-1.0,13.5,0.015,0.226,3.0,2.0,0.0,0.0,33.08,32.16,31.3,31.88,31.71,33.38,32.0,32.68,31.99,42.51
2016-07-25 07:01:00-05:00,253.29086,225.44133,571558,30.03,0.0,197.5,28.56,331.8,,,,,,,,,,,-2147484000.0,,,,-7999.0,-7999.0,-7999.0,-7999.0,-7999.0,-7999.0,-7999.0,-7999.0,28.81,32.43,222.7,52.34,54.87,52.29,60.0,59.9,74.7,0.0,273.0,272.0,274.0,43.11,-0.987,43.12,618.0,1439267.0,42564.0,133065.0,-1.0,0.979,0.748,0.921,19.12,21.99,21.79,19.47,22.17,11.38,18.97,6.342,7.293,7.23,6.458,7.354,3.776,6.292,52752.0,53548.0,53005.0,52841.0,53835.0,51219.0,46606.0,1.16,293.0,10.93,1.7,3.51,2.0,-1.0,13.5,0.016,0.226,3.0,2.0,0.0,0.0,33.16,32.26,31.45,32.03,31.94,33.5,32.2,32.88,32.14,42.63
2016-07-25 07:02:00-05:00,257.09262,229.13983,571559,30.09,0.0,201.2,28.7,331.9,,,,,,,,,,,-2147484000.0,,,,-7999.0,-7999.0,-7999.0,-7999.0,-7999.0,-7999.0,-7999.0,-7999.0,28.95,32.55,226.1,53.81,56.28,53.75,60.0,59.9,74.7,0.0,272.8,271.6,273.3,44.22,-0.81,44.23,618.0,1439268.0,42564.0,133065.0,-1.0,0.979,0.748,0.921,19.28,22.37,22.16,19.82,22.57,12.76,19.29,6.401,7.424,7.356,6.58,7.491,4.235,6.404,52752.0,53548.0,53005.0,52841.0,53835.0,51219.0,46606.0,1.073,294.2,14.3,1.6,3.512,2.0,-1.0,13.5,0.016,0.226,3.0,2.0,0.0,0.0,33.35,32.37,31.56,32.18,32.1,33.63,32.34,33.03,32.25,42.72
2016-07-25 07:03:00-05:00,260.65674,232.6142,571560,30.16,0.0,204.6,28.5,331.3,,,,,,,,,,,-2147484000.0,,,,-7999.0,-7999.0,-7999.0,-7999.0,-7999.0,-7999.0,-7999.0,-7999.0,28.8,32.48,229.3,55.11,57.53,55.05,60.0,59.9,74.7,0.0,273.0,271.9,273.8,45.32,-0.663,45.32,618.0,1439269.0,42564.0,133065.0,-1.0,0.979,0.748,0.921,19.7,22.79,22.59,20.25,22.99,13.89,19.66,6.525,7.55,7.484,6.707,7.615,4.6,6.514,52752.0,53549.0,53005.0,52841.0,53835.0,51219.0,46606.0,1.097,306.2,13.18,1.6,3.51,2.0,-1.0,13.5,0.016,0.226,3.0,2.0,0.0,0.0,33.13,32.4,31.64,32.23,32.18,33.55,32.49,33.09,32.33,42.82
2016-07-25 07:04:00-05:00,263.86444,235.97647,571561,30.23,0.0,208.0,28.41,330.6,,,,,,,,,,,-2147484000.0,,,,-7999.0,-7999.0,-7999.0,-7999.0,-7999.0,-7999.0,-7999.0,-7999.0,28.66,32.54,232.2,56.11,58.53,56.05,60.0,59.9,74.7,0.0,273.0,271.9,273.6,46.13,-0.522,46.14,618.0,1439269.0,42564.0,133065.0,-1.0,0.979,0.748,0.921,19.92,23.22,23.02,20.7,23.4,14.31,20.02,6.583,7.675,7.608,6.843,7.733,4.73,6.618,52752.0,53549.0,53006.0,52841.0,53835.0,51219.0,46606.0,1.005,311.9,8.41,1.4,3.512,2.0,-1.0,13.5,0.016,0.226,3.0,2.0,0.0,0.0,33.17,32.5,31.89,32.38,32.38,33.64,32.65,33.22,32.41,42.93
2016-07-25 07:05:00-05:00,267.19098,239.33876,571562,30.3,0.0,211.7,28.44,332.2,,,,,,,,,,,-2147484000.0,,,,-7999.0,-7999.0,-7999.0,-7999.0,-7999.0,-7999.0,-7999.0,-7999.0,28.69,32.53,235.4,57.47,59.89,57.4,60.0,59.9,74.7,0.0,272.8,271.5,273.1,47.21,-0.356,47.21,618.0,1439270.0,42564.0,133065.0,-1.0,0.979,0.748,0.921,20.34,23.5,23.33,21.18,23.71,14.79,20.3,6.757,7.808,7.751,7.037,7.878,4.912,6.744,52752.0,53549.0,53006.0,52842.0,53835.0,51219.0,46606.0,1.287,301.7,12.73,2.1,3.51,2.0,-1.0,13.5,0.016,0.226,3.0,2.0,0.0,0.0,33.13,32.64,32.02,32.57,32.62,33.87,32.85,33.5,32.53,43.06
2016-07-25 07:06:00-05:00,271.11154,243.26143,571563,30.37,0.0,215.6,28.24,332.6,,,,,,,,,,,-2147484000.0,,,,-7999.0,-7999.0,-7999.0,-7999.0,-7999.0,-7999.0,-7999.0,-7999.0,28.44,32.35,239.1,58.85,61.22,58.78,60.0,59.9,74.7,0.0,272.8,271.8,273.5,48.35,-0.201,48.35,618.0,1439271.0,42564.0,133065.0,-1.0,0.979,0.748,0.921,20.92,24.0,23.75,21.64,24.15,15.54,20.65,6.958,7.982,7.898,7.197,8.03,5.169,6.869,52752.0,53549.0,53006.0,52842.0,53836.0,51219.0,46606.0,1.613,287.5,19.99,2.6,3.512,2.0,-1.0,13.5,0.016,0.226,3.0,2.0,0.0,0.0,32.97,32.62,32.17,32.57,32.61,33.82,32.93,33.38,32.63,43.16
2016-07-25 07:07:00-05:00,274.43805,246.84789,571564,30.44,0.0,219.1,28.04,332.3,,,,,,,,,,,-2147484000.0,,,,-7999.0,-7999.0,-7999.0,-7999.0,-7999.0,-7999.0,-7999.0,-7999.0,28.04,32.1,242.2,59.9,62.27,59.82,60.0,59.9,74.7,0.0,273.0,272.0,273.2,49.21,-0.08,49.21,618.0,1439272.0,42564.0,133065.0,-0.4,0.979,0.748,0.921,21.37,24.41,24.14,22.06,24.52,15.9,20.98,7.101,8.11,8.02,7.33,8.15,5.283,6.973,52752.0,53550.0,53006.0,52842.0,53836.0,51219.0,46606.0,1.748,294.2,11.46,2.3,3.51,2.0,-1.0,13.5,0.016,0.226,3.0,2.0,0.0,0.0,32.74,32.49,32.18,32.61,32.57,33.65,33.03,33.25,32.77,43.26
2016-07-25 07:08:00-05:00,278.47742,250.88263,571565,30.49,0.0,223.1,28.02,331.9,,,,,,,,,,,-2147484000.0,,,,-7999.0,-7999.0,-7999.0,-7999.0,-7999.0,-7999.0,-7999.0,-7999.0,28.2,32.19,245.9,61.18,63.57,61.12,60.0,59.9,74.7,0.0,272.5,271.5,273.0,50.22,0.059,50.22,618.0,1439273.0,42564.0,133065.0,0.833,0.979,0.748,0.921,21.88,24.81,24.62,22.77,24.97,16.19,21.39,7.261,8.23,8.17,7.558,8.29,5.374,7.1,52752.0,53550.0,53007.0,52842.0,53836.0,51219.0,46606.0,1.457,318.2,19.26,2.2,3.51,2.0,-1.0,13.5,0.016,0.226,3.0,2.0,0.0,0.0,32.82,32.69,32.33,32.72,32.73,33.81,33.11,33.4,32.76,43.37
2016-07-25 07:09:00-05:00,282.51675,254.91737,571566,30.56,0.0,227.1,28.23,331.8,,,,,,,,,,,-2147484000.0,,,,-7999.0,-7999.0,-7999.0,-7999.0,-7999.0,-7999.0,-7999.0,-7999.0,28.26,32.49,249.7,62.48,64.89,62.46,60.0,59.9,74.7,0.0,272.4,271.4,273.1,51.29,0.195,51.29,618.0,1439274.0,42564.0,133065.0,1.0,0.979,0.748,0.921,22.41,25.34,25.12,23.34,25.44,16.53,21.83,7.435,8.41,8.33,7.744,8.44,5.483,7.241,52752.0,53550.0,53007.0,52842.0,53836.0,51219.0,46607.0,1.433,299.4,15.25,2.0,3.507,2.0,-1.0,13.5,0.016,0.226,3.0,2.0,0.0,0.0,33.01,32.89,32.54,33.0,32.96,34.06,33.3,33.67,32.87,43.47
2016-07-25 07:10:00-05:00,286.08087,258.72797,571567,30.62,0.0,231.1,28.42,333.1,,,,,,,,,,,-2147484000.0,,,,-7999.0,-7999.0,-7999.0,-7999.0,-7999.0,-7999.0,-7999.0,-7999.0,28.36,32.81,253.4,63.86,66.27,63.82,60.0,59.9,74.7,0.0,272.8,271.5,273.0,52.44,0.359,52.44,618.0,1439274.0,42564.0,133065.0,1.0,0.979,0.748,0.921,22.86,25.68,25.49,24.26,25.83,16.76,22.13,7.617,8.55,8.49,8.08,8.6,5.585,7.373,52753.0,53550.0,53007.0,52843.0,53837.0,51219.0,46607.0,1.358,300.3,12.34,1.9,3.508,2.0,-1.0,13.5,0.016,0.226,3.0,2.0,0.0,0.0,33.4,33.06,32.72,33.17,33.16,34.28,33.5,33.93,33.02,43.57
2016-07-25 07:11:00-05:00,289.76382,262.65063,571568,30.68,0.0,235.1,28.52,332.8,,,,,,,,,,,-2147484000.0,,,,-7999.0,-7999.0,-7999.0,-7999.0,-7999.0,-7999.0,-7999.0,-7999.0,28.43,33.02,257.0,65.17,67.54,65.11,60.0,59.9,74.7,0.0,272.8,271.6,273.1,53.5,0.511,53.5,618.0,1439275.0,42564.0,133065.0,1.0,0.979,0.748,0.921,23.22,26.17,25.92,24.93,26.24,17.19,22.52,7.729,8.71,8.63,8.3,8.73,5.72,7.496,52753.0,53551.0,53007.0,52843.0,53837.0,51219.0,46607.0,1.573,308.5,7.548,2.0,3.512,2.0,-1.0,13.5,0.016,0.226,3.0,2.0,0.0,0.0,33.69,33.36,32.88,33.37,33.35,34.45,33.63,34.25,33.11,43.65
2016-07-25 07:12:00-05:00,293.32794,266.57327,571569,30.74,0.0,239.1,28.65,332.7,,,,,,,,,,,-2147484000.0,,,,-7999.0,-7999.0,-7999.0,-7999.0,-7999.0,-7999.0,-7999.0,-7999.0,28.63,33.32,260.7,66.33,68.73,66.27,60.0,59.9,74.7,0.0,272.5,271.3,273.0,54.43,0.652,54.43,618.0,1439276.0,42564.0,133065.0,1.0,0.979,0.748,0.921,23.58,26.56,26.32,25.63,26.73,17.58,22.87,7.845,8.84,8.76,8.53,8.89,5.848,7.609,52753.0,53551.0,53007.0,52843.0,53837.0,51219.0,46607.0,1.205,289.2,15.57,1.9,3.512,2.0,-1.0,13.5,0.017,0.226,3.0,2.0,0.0,0.0,34.06,33.49,33.04,33.63,33.53,34.67,33.84,34.46,33.31,43.77
2016-07-25 07:13:00-05:00,297.01086,270.49597,571570,30.81,0.0,243.2,28.75,333.0,,,,,,,,,,,-2147484000.0,,,,-7999.0,-7999.0,-7999.0,-7999.0,-7999.0,-7999.0,-7999.0,-7999.0,28.75,33.67,264.4,67.57,69.97,67.49,60.0,59.9,74.7,0.0,272.8,271.7,273.1,55.45,0.819,55.45,618.0,1439277.0,42564.0,133065.0,1.0,0.979,0.748,0.921,23.97,27.07,26.79,25.91,27.09,18.19,23.24,7.982,9.01,8.92,8.63,9.02,6.056,7.738,52753.0,53551.0,53008.0,52843.0,53837.0,51219.0,46607.0,0.905,291.3,21.48,1.5,3.512,2.0,-1.0,13.5,0.017,0.226,3.0,2.0,0.0,0.0,34.39,33.57,33.14,33.68,33.65,34.54,34.01,34.51,33.6,43.88
2016-07-25 07:14:00-05:00,300.2186,274.19446,571571,30.86,0.0,247.0,28.74,332.8,,,,,,,,,,,-2147484000.0,,,,-7999.0,-7999.0,-7999.0,-7999.0,-7999.0,-7999.0,-7999.0,-7999.0,28.73,33.89,267.7,68.77,71.18,68.72,60.0,59.9,74.7,0.0,272.6,271.4,273.0,56.44,0.953,56.45,618.0,1439278.0,42564.0,133065.0,1.0,0.979,0.748,0.921,24.38,27.44,27.19,26.65,27.55,18.5,23.63,8.11,9.13,9.05,8.87,9.17,6.158,7.863,52754.0,53551.0,53008.0,52844.0,53838.0,51219.0,46608.0,0.897,268.1,31.3,1.6,3.507,2.0,-1.0,13.5,0.017,0.227,3.0,2.0,0.0,0.0,34.68,33.82,33.32,33.89,33.83,34.94,34.13,34.71,33.8,43.98
2016-07-25 07:15:00-05:00,301.88187,276.54807,571572,30.93,0.0,249.7,28.63,333.8,,,,,,,,,,,-2147484000.0,,,,-7999.0,-7999.0,-7999.0,-7999.0,-7999.0,-7999.0,-7999.0,-7999.0,28.69,34.07,269.9,69.62,72.04,69.57,60.0,59.9,74.7,0.0,272.7,271.2,273.0,57.13,1.052,57.14,618.0,1439279.0,42564.0,133066.0,1.0,0.979,0.748,0.921,24.61,27.65,27.33,27.03,27.84,18.81,23.79,8.21,9.23,9.12,9.02,9.29,6.276,7.94,52754.0,53552.0,53008.0,52844.0,53838.0,51219.0,46608.0,,0.0,0.0,,,2.0,-1.0,13.5,0.017,0.227,3.0,2.0,0.0,0.0,34.96,34.09,33.52,34.1,34.05,35.18,34.3,35.01,34.13,44.06
2016-07-25 07:16:00-05:00,303.78275,279.12582,571573,31.0,0.0,252.5,28.78,333.3,,,,,,,,,,,-2147484000.0,,,,-7999.0,-7999.0,-7999.0,-7999.0,-7999.0,-7999.0,-7999.0,-7999.0,28.91,34.19,272.4,70.4,72.85,70.35,60.0,59.9,74.7,0.0,273.2,272.1,274.0,57.96,1.146,57.97,618.0,1439280.0,42564.0,133066.0,1.0,0.979,0.748,0.921,24.95,27.93,27.64,27.68,28.19,19.36,24.06,8.32,9.31,9.21,9.23,9.4,6.452,8.02,52754.0,53552.0,53008.0,52844.0,53838.0,51219.0,46608.0,0.882,265.3,29.55,1.4,3.51,2.0,-1.0,13.51,0.017,0.227,3.0,2.0,0.0,0.0,35.19,34.25,33.68,34.28,34.2,35.26,34.48,35.15,34.34,44.19
2016-07-25 07:17:00-05:00,307.10925,282.82434,571574,31.05,0.0,256.5,28.81,332.4,,,,,,,,,,,-2147484000.0,,,,-7999.0,-7999.0,-7999.0,-7999.0,-7999.0,-7999.0,-7999.0,-7999.0,28.81,34.33,276.1,71.28,73.76,71.27,60.0,59.9,74.7,0.0,274.7,273.5,275.0,58.94,1.265,58.95,618.0,1439281.0,42564.0,133066.0,1.0,0.979,0.748,0.921,25.38,28.43,28.2,28.33,28.7,19.87,24.54,8.44,9.45,9.37,9.42,9.54,6.606,8.16,52754.0,53552.0,53009.0,52844.0,53838.0,51219.0,46608.0,0.987,290.0,24.21,1.5,3.508,2.0,-1.0,13.5,0.017,0.227,3.0,2.0,0.0,0.0,35.33,34.45,33.86,34.43,34.41,35.18,34.69,35.36,34.4,44.31
2016-07-25 07:18:00-05:00,310.55457,286.747,571575,31.11,0.0,260.6,28.84,332.6,,,,,,,,,,,-2147484000.0,,,,-7999.0,-7999.0,-7999.0,-7999.0,-7999.0,-7999.0,-7999.0,-7999.0,28.97,34.47,279.6,72.47,74.96,72.46,60.0,59.9,74.7,0.0,275.0,273.5,275.0,59.94,1.403,59.96,618.0,1439282.0,42564.0,133066.0,1.0,0.979,0.748,0.921,25.74,28.87,28.63,28.71,29.07,20.42,24.84,8.56,9.6,9.52,9.55,9.67,6.791,8.26,52755.0,53552.0,53009.0,52845.0,53839.0,51219.0,46609.0,,0.0,0.0,,,2.0,-1.0,13.5,0.017,0.227,3.0,2.0,0.0,0.0,35.4,34.53,33.94,34.63,34.48,35.35,34.85,35.5,34.45,44.4
2016-07-25 07:19:00-05:00,313.6435,290.44553,571576,31.17,0.0,264.2,28.59,332.4,,,,,,,,,,,-2147484000.0,,,,-7999.0,-7999.0,-7999.0,-7999.0,-7999.0,-7999.0,-7999.0,-7999.0,28.81,34.31,283.3,73.79,76.29,73.77,60.0,59.9,74.7,0.0,274.4,273.1,275.0,60.97,1.569,60.99,618.0,1439283.0,42564.0,133066.0,1.0,0.979,0.748,0.921,26.19,29.25,29.08,29.22,29.58,21.02,25.25,8.7,9.72,9.66,9.71,9.83,6.986,8.39,52755.0,53552.0,53009.0,52845.0,53839.0,51219.0,46609.0,1.035,300.7,14.31,1.8,3.512,2.0,-1.0,13.5,0.017,0.227,3.0,2.0,0.0,0.0,35.07,34.51,34.12,34.66,34.59,35.33,34.94,35.57,34.57,44.48
2016-07-25 07:20:00-05:00,317.56403,294.8165,571577,31.24,0.0,268.6,28.43,333.1,,,,,,,,,,,-2147484000.0,,,,-7999.0,-7999.0,-7999.0,-7999.0,-7999.0,-7999.0,-7999.0,-7999.0,28.7,34.13,287.3,75.12,77.63,75.11,60.0,59.9,74.7,0.0,274.0,273.0,275.0,62.06,1.725,62.08,618.0,1439284.0,42564.0,133066.0,1.0,0.979,0.748,0.921,26.5,29.73,29.5,29.65,30.01,21.54,25.61,8.83,9.9,9.82,9.87,9.99,7.173,8.53,52755.0,53553.0,53009.0,52845.0,53839.0,51220.0,46609.0,1.372,293.3,8.56,2.0,3.512,2.0,-1.0,13.5,0.017,0.227,3.0,2.0,0.0,0.0,34.87,34.46,34.22,34.69,34.74,35.19,35.01,35.54,34.6,44.6
2016-07-25 07:21:00-05:00,320.65295,298.62708,571578,31.29,0.0,272.5,28.28,333.3,,,,,,,,,,,-2147484000.0,,,,-7999.0,-7999.0,-7999.0,-7999.0,-7999.0,-7999.0,-7999.0,-7999.0,28.46,33.89,290.7,76.3,78.82,76.29,60.0,59.9,74.7,0.0,274.0,273.0,275.0,62.99,1.885,63.02,618.0,1439285.0,42564.0,133066.0,1.0,0.979,0.748,0.921,26.86,30.21,29.93,29.96,30.35,22.02,25.97,8.95,10.07,9.97,9.98,10.12,7.34,8.65,52755.0,53553.0,53010.0,52845.0,53839.0,51220.0,46609.0,,0.0,0.0,,,2.0,-1.0,13.5,0.017,0.227,3.0,2.0,0.0,0.0,34.57,34.48,34.25,34.64,34.72,35.12,35.03,35.49,34.7,44.73
2016-07-25 07:22:00-05:00,323.86066,302.54974,571579,31.35,0.0,276.5,28.08,333.0,,,,,,,,,,,-2147484000.0,,,,-7999.0,-7999.0,-7999.0,-7999.0,-7999.0,-7999.0,-7999.0,-7999.0,28.23,33.89,294.4,77.45,79.94,77.43,60.0,59.9,74.7,0.0,274.0,273.0,275.0,63.92,2.0,63.95,618.0,1439286.0,42564.0,133066.0,1.0,0.979,0.748,0.921,27.3,30.66,30.31,30.43,30.85,22.53,26.32,9.09,10.21,10.09,10.13,10.27,7.501,8.76,52756.0,53553.0,53010.0,52846.0,53839.0,51220.0,46610.0,1.437,276.6,10.38,1.8,3.51,2.0,-1.0,13.5,0.017,0.227,3.0,2.0,0.0,0.0,34.36,34.55,34.31,34.73,34.83,35.08,35.06,35.41,34.89,44.76
2016-07-25 07:23:00-05:00,326.59317,305.91205,571580,31.41,0.0,280.0,28.05,333.0,,,,,,,,,,,-2147484000.0,,,,-7999.0,-7999.0,-7999.0,-7999.0,-7999.0,-7999.0,-7999.0,-7999.0,28.09,34.03,297.5,78.44,81.0,78.42,60.0,59.9,74.7,0.0,274.0,273.0,275.0,64.72,2.133,64.76,618.0,1439287.0,42564.0,133066.0,0.999,0.979,0.748,0.921,27.52,31.01,30.81,30.76,31.08,22.87,26.71,9.16,10.33,10.26,10.24,10.35,7.616,8.89,52756.0,53553.0,53010.0,52846.0,53840.0,51220.0,46610.0,,0.0,0.0,,,2.0,-1.0,13.5,0.017,0.227,3.0,2.0,0.0,0.0,34.56,34.6,34.46,34.83,34.95,35.13,35.21,35.57,35.04,44.79
2016-07-25 07:24:00-05:00,329.68207,309.49847,571581,31.46,0.0,284.0,28.46,332.7,,,,,,,,,,,-2147484000.0,,,,-7999.0,-7999.0,-7999.0,-7999.0,-7999.0,-7999.0,-7999.0,-7999.0,28.53,34.6,301.0,79.65,82.2,79.63,60.0,59.9,74.7,0.0,274.0,273.0,275.0,65.71,2.279,65.75,618.0,1439288.0,42564.0,133066.0,0.999,0.979,0.748,0.921,28.0,31.46,31.17,31.21,31.62,23.52,27.05,9.31,10.47,10.37,10.38,10.52,7.826,9.0,52756.0,53554.0,53010.0,52846.0,53840.0,51221.0,46610.0,0.587,277.1,40.15,1.5,3.512,2.0,-1.0,13.46,-0.063,0.228,3.0,2.0,0.0,0.001,35.12,34.96,34.64,35.06,35.16,35.58,35.35,35.86,35.26,44.91
2016-07-25 07:25:00-05:00,333.24622,313.30908,571582,31.52,0.0,288.1,28.48,332.9,,,,,,,,,,,-2147484000.0,,,,-7999.0,-7999.0,-7999.0,-7999.0,-7999.0,-7999.0,-7999.0,-7999.0,28.63,34.74,304.8,80.9,83.4,80.9,60.0,59.9,74.7,0.0,274.0,273.0,275.0,66.75,2.432,66.79,618.0,1439289.0,42564.0,133066.0,0.999,0.979,0.748,0.921,28.37,31.91,31.59,31.63,32.05,24.12,27.41,9.44,10.62,10.52,10.53,10.67,8.03,9.12,52756.0,53554.0,53011.0,52846.0,53840.0,51221.0,46610.0,,0.0,0.0,,,2.0,-1.0,13.46,-0.006,0.228,3.0,2.0,0.0,0.001,35.27,35.25,34.91,35.33,35.45,36.04,35.61,36.16,35.47,45.01
2016-07-25 07:26:00-05:00,336.81033,317.11966,571583,31.58,0.0,292.1,28.71,332.7,,,,,,,,,,,-2147484000.0,,,,-7999.0,-7999.0,-7999.0,-7999.0,-7999.0,-7999.0,-7999.0,-7999.0,28.83,35.1,308.4,82.3,84.9,82.3,60.0,59.9,74.7,0.0,273.1,272.1,274.1,67.69,2.613,67.74,618.0,1439291.0,42564.0,133066.0,0.999,0.979,0.748,0.921,28.75,32.33,32.04,32.1,32.53,24.59,27.8,9.57,10.76,10.66,10.68,10.82,8.18,9.25,52756.0,53554.0,53011.0,52846.0,53840.0,51221.0,46610.0,,0.0,0.0,,,2.5,-1.0,13.47,0.007,0.228,3.0,2.0,0.0,0.001,35.8,35.49,34.99,35.56,35.61,36.16,35.79,36.35,35.62,45.11
2016-07-25 07:27:00-05:00,340.37445,321.1544,571584,31.64,0.0,296.1,28.58,331.1,,,,,,,,,,,-2147484000.0,,,,-7999.0,-7999.0,-7999.0,-7999.0,-7999.0,-7999.0,-7999.0,-7999.0,28.74,34.9,312.2,83.5,86.1,83.5,60.0,59.9,74.7,0.0,273.0,272.0,273.9,68.6,2.768,68.66,618.0,1439292.0,42564.0,133066.0,0.999,0.979,0.748,0.921,29.23,32.94,32.6,32.66,33.07,25.17,28.28,9.68,10.91,10.79,10.81,10.95,8.33,9.36,52757.0,53554.0,53011.0,52847.0,53841.0,51221.0,46611.0,1.282,293.4,11.55,2.0,3.51,2.0,-1.0,13.47,0.011,0.228,3.0,2.0,0.0,0.001,35.61,35.42,35.07,35.5,35.67,36.04,35.96,36.3,35.73,45.25
2016-07-25 07:28:00-05:00,343.8198,325.0771,571585,31.7,0.0,300.1,28.58,332.1,,,,,,,,,,,-2147484000.0,,,,-7999.0,-7999.0,-7999.0,-7999.0,-7999.0,-7999.0,-7999.0,-7999.0,28.74,35.23,315.8,84.7,87.3,84.7,60.0,59.9,74.7,0.0,272.8,272.0,273.7,69.59,2.918,69.65,618.0,1439293.0,42564.0,133066.0,0.999,0.979,0.748,0.921,29.58,33.24,32.98,33.05,33.43,25.65,28.57,9.82,11.04,10.95,10.97,11.1,8.52,9.49,52757.0,53555.0,53011.0,52847.0,53841.0,51222.0,46611.0,1.283,284.4,19.35,2.1,3.512,2.0,-1.0,13.47,0.013,0.228,3.0,2.0,0.0,0.001,35.84,35.48,35.31,35.7,35.88,36.33,36.07,36.57,35.89,45.35
2016-07-25 07:29:00-05:00,347.3839,328.99976,571586,31.76,0.0,304.2,28.57,331.7,,,,,,,,,,,-2147484000.0,,,,-7999.0,-7999.0,-7999.0,-7999.0,-7999.0,-7999.0,-7999.0,-7999.0,28.78,35.3,319.6,86.0,88.6,86.0,60.0,59.9,74.7,0.0,272.9,272.0,273.5,70.61,3.092,70.68,618.0,1439294.0,42564.0,133066.0,0.999,0.979,0.748,0.921,30.09,33.72,33.38,33.56,33.94,26.26,28.93,9.98,11.19,11.07,11.13,11.26,8.71,9.6,52757.0,53555.0,53011.0,52847.0,53841.0,51222.0,46611.0,1.09,302.0,12.34,1.6,3.51,2.0,-1.0,13.47,0.014,0.228,3.0,2.0,0.0,0.001,35.87,35.64,35.61,35.98,36.11,36.64,36.28,36.9,35.99,45.48
2016-07-25 07:30:00-05:00,350.94806,332.81033,571587,31.82,0.0,308.2,28.48,332.2,,,,,,,,,,,-2147484000.0,,,,-7999.0,-7999.0,-7999.0,-7999.0,-7999.0,-7999.0,-7999.0,-7999.0,28.64,35.09,323.1,87.2,89.8,87.2,60.0,59.9,74.7,0.0,272.8,272.0,273.0,71.58,3.256,71.66,618.0,1439295.0,42564.0,133066.0,0.999,0.979,0.748,0.921,30.31,34.24,33.85,33.77,34.21,26.81,29.34,10.07,11.38,11.25,11.22,11.37,8.91,9.75,52757.0,53555.0,53012.0,52847.0,53841.0,51222.0,46611.0,1.395,297.1,9.92,2.1,3.512,2.0,-1.0,13.47,0.014,0.228,3.0,2.0,0.0,0.001,35.56,35.71,35.8,36.19,36.27,36.62,36.45,37.02,36.09,45.56
2016-07-25 07:31:00-05:00,354.27457,336.50885,571588,31.88,0.0,311.9,28.53,331.9,,,,,,,,,,,-2147484000.0,,,,-7999.0,-7999.0,-7999.0,-7999.0,-7999.0,-7999.0,-7999.0,-7999.0,28.64,35.18,326.4,88.3,90.9,88.3,60.0,59.9,74.7,0.0,272.3,271.5,273.0,72.42,3.384,72.5,618.0,1439296.0,42564.0,133066.0,0.999,0.979,0.748,0.921,30.65,34.71,34.35,34.14,34.65,27.27,29.76,10.17,11.52,11.4,11.33,11.5,9.05,9.88,52758.0,53555.0,53012.0,52848.0,53842.0,51222.0,46612.0,1.523,284.6,10.29,2.2,3.51,2.0,-1.0,13.47,0.014,0.229,3.0,2.0,0.0,0.0,35.72,35.8,35.82,36.18,36.37,36.5,36.62,37.02,36.26,45.69
2016-07-25 07:32:00-05:00,357.00708,339.87112,571589,31.94,0.0,315.4,28.45,331.0,,,,,,,,,,,-2147484000.0,,,,-7999.0,-7999.0,-7999.0,-7999.0,-7999.0,-7999.0,-7999.0,-7999.0,28.44,35.14,329.6,89.4,91.9,89.3,60.0,59.9,74.7,0.0,272.0,271.3,273.0,73.21,3.5,73.29,618.0,1439298.0,42564.0,133066.0,0.999,0.979,0.748,0.921,31.07,35.02,34.67,34.76,35.19,27.73,30.07,10.28,11.59,11.48,11.51,11.65,9.18,9.95,52758.0,53556.0,53012.0,52848.0,53842.0,51223.0,46612.0,0.845,289.8,25.98,1.4,3.51,2.0,-1.0,13.47,0.014,0.229,3.0,2.0,0.0,0.0,35.68,35.92,36.0,36.37,36.54,36.68,36.75,37.12,36.32,45.81
2016-07-25 07:33:00-05:00,360.096,343.45758,571590,32.0,0.0,319.0,28.36,331.1,,,,,,,,,,,-2147484000.0,,,,-7999.0,-7999.0,-7999.0,-7999.0,-7999.0,-7999.0,-7999.0,-7999.0,28.46,34.97,332.8,90.4,93.0,90.4,60.0,59.9,74.7,0.0,272.0,271.0,272.9,74.06,3.633,74.15,618.0,1439299.0,42564.0,133066.0,0.999,0.979,0.748,0.921,31.33,35.33,35.08,35.14,35.5,28.25,30.37,10.37,11.7,11.62,11.64,11.76,9.36,10.06,52758.0,53556.0,53012.0,52848.0,53842.0,51223.0,46612.0,1.243,295.3,15.64,2.3,3.51,2.0,-1.0,13.47,0.015,0.229,3.0,2.0,0.0,0.0,35.55,35.81,36.09,36.45,36.65,36.61,36.83,37.15,36.54,45.9
2016-07-25 07:34:00-05:00,362.8285,346.7078,571591,32.06,0.0,322.1,28.25,331.4,,,,,,,,,,,-2147484000.0,,,,-7999.0,-7999.0,-7999.0,-7999.0,-7999.0,-7999.0,-7999.0,-7999.0,28.37,34.78,335.9,91.6,94.2,91.6,60.0,59.9,74.7,0.0,272.0,271.0,273.0,75.0,3.773,75.1,618.0,1439300.0,42564.0,133066.0,0.999,0.979,0.748,0.921,31.68,35.72,35.47,35.48,35.84,28.92,30.73,10.5,11.84,11.75,11.76,11.88,9.58,10.18,52758.0,53556.0,53013.0,52848.0,53842.0,51223.0,46612.0,1.492,280.9,17.07,2.6,3.512,2.0,-1.0,13.47,0.015,0.229,3.0,2.0,0.0,0.0,35.29,35.78,36.05,36.5,36.73,36.58,36.91,37.06,36.56,46.02
2016-07-25 07:35:00-05:00,365.91742,350.4063,571592,32.11,0.0,325.8,28.29,331.6,,,,,,,,,,,-2147484000.0,,,,-7999.0,-7999.0,-7999.0,-7999.0,-7999.0,-7999.0,-7999.0,-7999.0,28.43,34.72,339.2,92.9,95.5,92.9,60.0,59.9,74.7,0.0,272.0,271.0,272.7,75.98,3.924,76.09,618.0,1439301.0,42564.0,133066.0,0.999,0.979,0.748,0.921,32.11,36.12,35.81,35.84,36.27,29.47,31.0,10.65,11.98,11.88,11.89,12.03,9.77,10.28,52759.0,53556.0,53013.0,52849.0,53843.0,51223.0,46613.0,1.843,296.3,8.65,2.5,3.512,2.0,-1.0,13.47,0.015,0.229,3.0,2.0,0.0,0.0,35.14,35.69,36.19,36.45,36.65,36.48,36.94,36.91,36.64,46.12
2016-07-25 07:36:00-05:00,368.5311,353.54443,571593,32.16,0.0,328.9,28.42,332.0,,,,,,,,,,,-2147484000.0,,,,-7999.0,-7999.0,-7999.0,-7999.0,-7999.0,-7999.0,-7999.0,-7999.0,28.55,34.81,342.0,93.5,96.2,93.5,60.0,59.9,74.7,0.0,272.8,271.9,273.7,76.83,4.024,76.93,618.0,1439303.0,42564.0,133066.0,0.999,0.979,0.748,0.921,32.38,36.36,36.14,36.17,36.59,30.08,31.3,10.75,12.07,12.0,12.01,12.15,9.99,10.39,52759.0,53556.0,53013.0,52849.0,53843.0,51223.0,46613.0,1.622,306.2,11.77,2.2,3.512,2.0,-1.0,13.47,0.015,0.229,3.0,2.0,0.0,0.0,35.17,35.7,36.18,36.44,36.65,36.47,36.88,36.88,36.58,46.23
2016-07-25 07:37:00-05:00,372.0952,357.4671,571594,32.21,0.0,332.8,28.49,330.8,,,,,,,,,,,-2147484000.0,,,,-7999.0,-7999.0,-7999.0,-7999.0,-7999.0,-7999.0,-7999.0,-7999.0,28.6,34.89,345.7,94.6,97.2,94.6,60.0,59.9,74.7,0.0,273.1,272.6,274.0,77.81,4.14,77.92,618.0,1439304.0,42564.0,133066.0,0.999,0.979,0.748,0.921,32.84,36.89,36.66,36.72,37.1,30.91,31.74,10.86,12.2,12.13,12.15,12.27,10.22,10.5,52759.0,53557.0,53013.0,52849.0,53843.0,51224.0,46613.0,,0.0,0.0,,,2.0,-1.0,13.47,0.015,0.229,3.0,2.0,0.0,0.0,35.23,35.67,36.19,36.37,36.67,36.23,36.88,36.8,36.54,46.28
2016-07-25 07:38:00-05:00,375.89697,361.61392,571595,32.27,0.0,337.0,28.44,331.2,,,,,,,,,,,-2147484000.0,,,,-7999.0,-7999.0,-7999.0,-7999.0,-7999.0,-7999.0,-7999.0,-7999.0,28.55,34.73,349.5,96.0,98.6,96.0,60.0,59.9,74.7,0.0,273.0,272.0,274.0,78.87,4.313,78.99,618.0,1439305.0,42564.0,133067.0,0.999,0.979,0.748,0.921,33.24,37.32,37.14,37.19,37.5,31.51,32.14,11.01,12.36,12.3,12.32,12.42,10.44,10.64,52759.0,53557.0,53014.0,52849.0,53843.0,51224.0,46613.0,1.662,301.1,19.31,2.5,3.512,2.0,-1.0,13.47,0.015,0.229,3.0,2.0,0.0,0.0,35.1,35.69,36.26,36.47,36.8,36.37,37.01,36.86,36.61,46.4
2016-07-25 07:39:00-05:00,378.98587,364.9762,571596,32.31,0.0,340.4,28.45,331.2,,,,,,,,,,,-2147484000.0,,,,-7999.0,-7999.0,-7999.0,-7999.0,-7999.0,-7999.0,-7999.0,-7999.0,28.53,34.63,352.5,97.1,99.7,97.1,60.0,59.9,74.7,0.0,273.0,272.1,274.0,79.82,4.457,79.94,618.0,1439307.0,42564.0,133067.0,0.998,0.979,0.748,0.921,33.61,37.71,37.49,37.57,37.89,32.18,32.46,11.13,12.49,12.42,12.44,12.55,10.66,10.75,52760.0,53557.0,53014.0,52850.0,53843.0,51224.0,46614.0,1.918,297.0,7.737,2.7,3.512,2.0,-1.0,13.47,0.016,0.229,3.0,2.0,0.0,0.0,34.99,35.84,36.41,36.57,36.93,36.44,37.09,36.98,36.74,46.47
2016-07-25 07:40:00-05:00,381.24316,367.55396,571597,32.35,0.0,343.0,28.57,332.2,,,,,,,,,,,-2147484000.0,,,,-7999.0,-7999.0,-7999.0,-7999.0,-7999.0,-7999.0,-7999.0,-7999.0,28.6,34.67,354.9,98.0,100.7,98.0,60.0,59.9,74.7,0.0,273.0,272.1,274.0,80.6,4.563,80.7,618.0,1439308.0,42564.0,133067.0,0.998,0.979,0.748,0.921,33.78,38.06,37.67,37.73,38.07,32.54,32.58,11.22,12.64,12.51,12.53,12.65,10.81,10.82,52760.0,53557.0,53014.0,52850.0,53844.0,51224.0,46614.0,,0.0,0.0,,,2.0,-1.0,13.47,0.016,0.23,3.0,2.0,0.0,0.0,35.16,35.94,36.52,36.63,36.98,36.41,37.24,37.04,36.67,46.53
2016-07-25 07:41:00-05:00,384.09445,370.6921,571598,32.4,0.0,346.3,28.68,332.0,,,,,,,,,,,-2147484000.0,,,,-7999.0,-7999.0,-7999.0,-7999.0,-7999.0,-7999.0,-7999.0,-7999.0,28.72,34.84,357.8,99.0,101.6,99.0,60.0,59.9,74.7,0.0,273.0,272.1,274.0,81.3,4.671,81.5,618.0,1439309.0,42564.0,133067.0,0.998,0.979,0.748,0.921,34.13,38.53,38.06,38.04,38.46,32.98,32.9,11.33,12.79,12.64,12.63,12.77,10.95,10.92,52760.0,53558.0,53014.0,52850.0,53844.0,51225.0,46614.0,2.057,293.7,11.17,3.0,3.51,2.0,-1.0,13.47,0.016,0.23,3.0,2.0,0.0,0.0,35.32,36.05,36.54,36.65,36.99,36.47,37.24,37.04,36.78,46.6
2016-07-25 07:42:00-05:00,387.77737,374.61475,571599,32.44,0.0,350.3,28.77,331.1,,,,,,,,,,,-2147484000.0,,,,-7999.0,-7999.0,-7999.0,-7999.0,-7999.0,-7999.0,-7999.0,-7999.0,28.9,35.06,361.4,99.9,102.6,99.9,60.0,59.9,74.7,0.0,273.9,272.9,274.9,82.3,4.8,82.5,618.0,1439311.0,42564.0,133067.0,0.998,0.979,0.748,0.921,34.55,38.95,38.55,38.64,38.97,33.71,33.34,11.44,12.9,12.76,12.79,12.9,11.16,11.04,52760.0,53558.0,53015.0,52850.0,53844.0,51225.0,46614.0,1.663,287.9,17.38,2.8,3.512,2.0,-1.0,13.47,0.016,0.23,3.0,2.0,0.0,0.0,35.61,36.18,36.6,36.76,37.09,36.5,37.37,37.01,36.86,46.66
2016-07-25 07:43:00-05:00,392.17316,379.32196,571600,32.49,0.0,355.1,28.72,330.3,,,,,,,,,,,-2147484000.0,,,,-7999.0,-7999.0,-7999.0,-7999.0,-7999.0,-7999.0,-7999.0,-7999.0,28.76,34.87,365.8,101.2,103.9,101.2,60.0,59.9,74.7,0.0,274.0,273.1,275.0,83.5,4.97,83.6,618.0,1439312.0,42564.0,133067.0,0.998,0.979,0.748,0.921,35.12,39.59,39.22,39.26,39.63,34.36,33.88,11.6,13.07,12.95,12.97,13.09,11.35,11.19,52760.0,53558.0,53015.0,52850.0,53844.0,51225.0,46614.0,2.145,291.6,7.453,2.9,3.51,2.0,-1.0,13.47,0.016,0.23,3.0,2.0,0.0,0.0,35.48,36.08,36.71,36.82,37.19,36.52,37.44,36.94,37.08,46.74
2016-07-25 07:44:00-05:00,395.97488,383.46878,571601,32.54,0.0,359.3,28.76,331.6,,,,,,,,,,,-2147484000.0,,,,-7999.0,-7999.0,-7999.0,-7999.0,-7999.0,-7999.0,-7999.0,-7999.0,28.78,35.03,369.6,102.5,105.2,102.5,60.0,59.9,74.7,0.0,274.0,273.0,275.0,84.5,5.103,84.7,618.0,1439314.0,42564.0,133067.0,0.998,0.979,0.748,0.921,35.42,39.94,39.5,39.54,39.91,34.75,34.14,11.74,13.24,13.1,13.11,13.23,11.52,11.32,52761.0,53558.0,53015.0,52851.0,53845.0,51225.0,46615.0,1.86,293.3,14.77,3.1,3.51,2.0,-1.0,13.47,0.016,0.23,3.0,2.0,0.0,0.0,35.56,36.13,36.76,36.84,37.2,36.58,37.51,36.98,37.2,46.85
2016-07-25 07:45:00-05:00,397.9946,386.04654,571602,32.58,0.0,361.9,28.72,332.2,,,,,,,,,,,-2147484000.0,,,,-7999.0,-7999.0,-7999.0,-7999.0,-7999.0,-7999.0,-7999.0,-7999.0,28.71,35.02,371.7,103.3,106.0,103.3,60.0,59.9,74.7,0.0,274.0,273.0,275.0,85.2,5.234,85.3,618.0,1439315.0,42564.0,133067.0,0.998,0.979,0.748,0.921,35.62,40.09,39.84,39.83,40.1,34.96,34.38,11.83,13.32,13.23,13.23,13.32,11.61,11.42,52761.0,53559.0,53015.0,52851.0,53845.0,51226.0,46615.0,,0.0,0.0,,,2.0,-1.0,13.46,0.016,0.23,3.0,2.0,0.0,0.0,35.45,36.22,36.83,36.94,37.3,36.62,37.57,37.11,37.31,46.95
2016-07-25 07:46:00-05:00,400.01425,388.62427,571603,32.63,0.0,364.6,28.73,332.0,,,,,,,,,,,-2147484000.0,,,,-7999.0,-7999.0,-7999.0,-7999.0,-7999.0,-7999.0,-7999.0,-7999.0,28.77,35.34,374.1,103.9,106.6,104.0,60.0,59.9,74.7,0.0,274.0,273.1,275.0,85.7,5.269,85.9,618.0,1439316.0,42564.0,133067.0,0.998,0.979,0.748,0.921,35.85,40.49,40.06,39.96,40.4,35.32,34.55,11.9,13.44,13.3,13.27,13.41,11.73,11.47,52761.0,53559.0,53015.0,52851.0,53845.0,51226.0,46615.0,1.677,294.3,13.59,2.4,3.51,2.0,-1.0,13.46,0.016,0.23,3.0,2.0,0.0,0.0,35.74,36.45,36.99,37.14,37.48,36.91,37.76,37.46,37.36,47.03
2016-07-25 07:47:00-05:00,403.69717,392.43488,571604,32.71,0.0,368.7,28.64,330.7,,,,,,,,,,,-2147484000.0,,,,-7999.0,-7999.0,-7999.0,-7999.0,-7999.0,-7999.0,-7999.0,-7999.0,28.7,35.24,377.9,105.0,107.7,105.1,60.0,59.9,74.7,0.0,274.0,273.2,275.0,86.6,5.395,86.8,618.0,1439318.0,42564.0,133067.0,0.998,0.979,0.748,0.921,36.35,40.99,40.56,40.65,41.03,35.8,35.06,12.02,13.56,13.41,13.44,13.57,11.84,11.59,52761.0,53559.0,53016.0,52851.0,53845.0,51226.0,46615.0,1.473,288.6,13.06,2.2,3.512,2.0,-1.0,13.47,0.016,0.23,3.0,2.0,0.0,0.0,35.73,36.57,37.24,37.25,37.61,37.03,37.92,37.58,37.56,47.13
2016-07-25 07:48:00-05:00,407.97412,397.14206,571605,32.75,0.0,373.5,28.62,331.7,,,,,,,,,,,-2147484000.0,,,,-7999.0,-7999.0,-7999.0,-7999.0,-7999.0,-7999.0,-7999.0,-7999.0,28.67,35.28,382.3,106.3,109.0,106.4,60.0,59.9,74.7,0.0,274.2,273.3,274.9,87.7,5.561,87.9,618.0,1439319.0,42564.0,133067.0,0.998,0.979,0.748,0.921,36.68,41.4,41.03,41.09,41.4,36.12,35.39,12.16,13.73,13.61,13.63,13.73,11.98,11.74,52762.0,53559.0,53016.0,52852.0,53846.0,51226.0,46616.0,1.528,276.7,10.09,2.0,3.51,2.0,-1.0,13.47,0.016,0.23,3.0,2.0,0.0,0.0,35.8,36.62,37.3,37.3,37.71,37.09,38.02,37.57,37.94,47.22
2016-07-25 07:49:00-05:00,410.94424,400.50436,571606,32.79,0.0,377.0,28.65,331.1,,,,,,,,,,,-2147484000.0,,,,-7999.0,-7999.0,-7999.0,-7999.0,-7999.0,-7999.0,-7999.0,-7999.0,28.74,35.33,385.2,107.2,109.9,107.3,60.0,59.9,74.7,0.0,274.1,273.1,275.0,88.4,5.676,88.6,618.0,1439321.0,42564.0,133067.0,0.998,0.979,0.748,0.921,36.98,41.84,41.44,41.43,41.73,36.58,35.66,12.25,13.85,13.72,13.72,13.82,12.11,11.81,52762.0,53559.0,53016.0,52852.0,53846.0,51226.0,46616.0,1.61,287.2,9.53,2.2,3.512,2.0,-1.0,13.47,0.016,0.23,3.0,2.0,0.0,0.0,35.68,36.61,37.53,37.53,37.9,37.24,38.19,37.78,38.19,47.32
2016-07-25 07:50:00-05:00,414.03317,403.75458,571607,32.84,0.0,380.3,28.65,330.8,,,,,,,,,,,-2147484000.0,,,,-7999.0,-7999.0,-7999.0,-7999.0,-7999.0,-7999.0,-7999.0,-7999.0,28.76,35.33,388.4,108.2,110.9,108.3,60.0,59.9,74.7,0.0,274.1,273.3,275.0,89.2,5.798,89.4,618.0,1439322.0,42564.0,133068.0,0.998,0.979,0.748,0.921,37.4,42.25,41.83,41.87,42.25,36.86,36.12,12.37,13.98,13.84,13.85,13.98,12.19,11.95,52762.0,53560.0,53016.0,52852.0,53846.0,51227.0,46616.0,1.21,283.9,24.6,2.1,3.51,2.0,-1.0,13.47,0.016,0.23,3.0,2.0,0.0,0.0,35.62,36.67,37.71,37.65,38.04,37.28,38.3,37.74,38.33,47.37
2016-07-25 07:51:00-05:00,418.31012,408.23764,571608,32.88,0.0,384.9,28.85,330.5,,,,,,,,,,,-2147484000.0,,,,-7999.0,-7999.0,-7999.0,-7999.0,-7999.0,-7999.0,-7999.0,-7999.0,28.85,35.87,392.7,109.3,112.1,109.5,60.0,59.9,74.7,0.0,274.1,273.1,275.0,90.2,5.951,90.4,618.0,1439324.0,42564.0,133068.0,0.998,0.979,0.748,0.921,37.81,42.79,42.36,42.32,42.74,37.3,36.6,12.49,14.14,14.0,13.98,14.12,12.33,12.09,52762.0,53560.0,53017.0,52852.0,53846.0,51227.0,46616.0,1.135,278.4,17.08,1.7,3.512,2.0,-1.0,13.47,0.017,0.23,3.0,2.0,0.0,0.0,36.09,37.02,37.82,37.86,38.28,37.62,38.49,37.96,38.7,47.46
2016-07-25 07:52:00-05:00,422.70587,412.83276,571609,32.92,0.0,389.6,29.13,330.4,,,,,,,,,,,-2147484000.0,,,,-7999.0,-7999.0,-7999.0,-7999.0,-7999.0,-7999.0,-7999.0,-7999.0,29.16,36.27,396.7,110.6,113.3,110.7,60.0,59.9,74.7,0.0,274.0,273.0,275.0,91.1,6.104,91.3,618.0,1439325.0,42564.0,133068.0,0.998,0.979,0.748,0.921,38.23,43.22,42.73,42.81,43.22,37.72,36.93,12.63,14.28,14.12,14.15,14.28,12.46,12.2,52763.0,53560.0,53017.0,52853.0,53846.0,51227.0,46617.0,1.295,303.1,15.53,2.2,3.512,2.0,-1.0,13.47,0.017,0.231,3.0,2.0,0.0,0.0,36.56,37.49,38.17,38.28,38.65,38.27,38.8,38.46,38.96,47.56
2016-07-25 07:53:00-05:00,425.9136,416.08298,571610,32.97,0.0,393.1,29.14,329.8,,,,,,,,,,,-2147484000.0,,,,-7999.0,-7999.0,-7999.0,-7999.0,-7999.0,-7999.0,-7999.0,-7999.0,29.19,36.3,399.7,111.4,114.2,111.6,60.0,59.9,74.7,0.0,274.0,273.0,275.0,91.8,6.218,92.0,618.0,1439327.0,42564.0,133068.0,0.998,0.979,0.748,0.921,38.6,43.65,43.21,43.19,43.6,38.1,37.3,12.73,14.39,14.25,14.24,14.38,12.56,12.3,52763.0,53560.0,53017.0,52853.0,53847.0,51227.0,46617.0,0.92,305.0,20.05,1.9,3.51,2.0,-1.0,13.47,0.017,0.231,3.0,2.0,0.0,0.0,36.81,37.55,38.4,38.43,38.88,38.45,39.02,38.69,39.14,47.65
2016-07-25 07:54:00-05:00,428.40848,418.7728,571611,33.02,0.0,396.1,29.21,330.4,,,,,,,,,,,-2147484000.0,,,,-7999.0,-7999.0,-7999.0,-7999.0,-7999.0,-7999.0,-7999.0,-7999.0,29.27,36.89,402.3,112.2,115.0,112.4,60.0,59.9,74.7,0.0,274.0,273.0,274.9,92.5,6.337,92.7,618.0,1439328.0,42564.0,133068.0,0.998,0.979,0.748,0.921,38.74,43.78,43.47,43.43,43.72,38.29,37.56,12.8,14.46,14.36,14.35,14.44,12.65,12.41,52763.0,53561.0,53017.0,52853.0,53847.0,51228.0,46617.0,,0.0,0.0,,,2.0,-1.0,13.47,0.017,0.231,3.0,2.0,0.0,0.0,37.34,37.82,38.67,38.64,39.11,38.72,39.29,39.07,39.4,47.73
2016-07-25 07:55:00-05:00,431.14096,421.68677,571612,33.07,0.0,399.4,29.31,329.8,,,,,,,,,,,-2147484000.0,,,,-7999.0,-7999.0,-7999.0,-7999.0,-7999.0,-7999.0,-7999.0,-7999.0,29.37,37.19,404.8,113.1,115.8,113.3,60.0,59.9,74.7,0.0,274.0,273.0,274.7,93.1,6.434,93.4,618.0,1439330.0,42564.0,133068.0,0.998,0.979,0.748,0.921,39.16,44.2,43.78,43.84,44.24,38.67,37.81,12.91,14.58,14.44,14.46,14.59,12.76,12.47,52763.0,53561.0,53018.0,52853.0,53847.0,51228.0,46617.0,,0.0,0.0,,,2.0,-1.0,13.47,0.017,0.231,3.0,2.0,0.0,0.0,37.78,38.01,39.02,38.95,39.36,39.06,39.42,39.49,39.58,47.87
2016-07-25 07:56:00-05:00,433.6359,424.60077,571613,33.12,0.0,402.9,29.3,329.1,,,,,,,,,,,-2147484000.0,,,,-7999.0,-7999.0,-7999.0,-7999.0,-7999.0,-7999.0,-7999.0,-7999.0,29.45,37.43,407.6,113.9,116.7,114.1,60.0,59.9,74.7,0.0,273.9,272.9,274.1,93.7,6.526,93.9,618.0,1439331.0,42564.0,133068.0,0.998,0.979,0.748,0.921,39.58,44.63,44.15,44.25,44.75,39.03,38.13,13.02,14.69,14.53,14.56,14.73,12.84,12.55,52764.0,53561.0,53018.0,52854.0,53847.0,51228.0,46618.0,1.113,274.5,19.17,1.7,3.512,2.0,-1.0,13.47,0.017,0.231,3.0,2.0,0.0,0.0,37.98,38.04,39.21,39.19,39.67,39.21,39.77,39.76,39.94,47.96
2016-07-25 07:57:00-05:00,437.55643,428.74756,571614,33.18,0.0,406.9,29.57,329.2,,,,,,,,,,,-2147484000.0,,,,-7999.0,-7999.0,-7999.0,-7999.0,-7999.0,-7999.0,-7999.0,-7999.0,29.75,37.98,411.5,115.0,117.8,115.2,60.0,59.9,74.7,0.0,273.9,272.9,274.1,94.6,6.667,94.8,618.0,1439333.0,42564.0,133068.0,0.998,0.979,0.748,0.921,39.75,44.98,44.55,44.51,44.97,39.35,38.5,13.08,14.81,14.66,14.65,14.8,12.95,12.67,52764.0,53561.0,53018.0,52854.0,53848.0,51228.0,46618.0,1.573,289.7,8.92,2.2,3.512,2.0,-1.0,13.47,0.017,0.231,3.0,2.0,0.0,0.0,38.53,38.42,39.31,39.34,39.8,39.23,39.95,39.84,40.04,48.08
2016-07-25 07:58:00-05:00,441.23935,432.55817,571615,33.23,0.0,410.8,29.33,327.6,,,,,,,,,,,-2147484000.0,,,,-7999.0,-7999.0,-7999.0,-7999.0,-7999.0,-7999.0,-7999.0,-7999.0,29.48,37.58,414.9,116.0,118.7,116.1,60.0,59.9,74.7,0.0,274.0,273.0,274.3,95.4,6.778,95.6,618.0,1439335.0,42564.0,133068.0,0.997,0.979,0.748,0.921,40.32,45.71,45.14,45.02,45.51,40.0,38.97,13.21,14.97,14.79,14.75,14.91,13.1,12.76,52764.0,53562.0,53018.0,52854.0,53848.0,51229.0,46618.0,1.568,287.7,8.18,2.1,3.512,2.0,-1.0,13.47,0.017,0.231,3.0,2.0,0.0,0.0,38.19,38.38,39.39,39.34,39.87,39.15,40.16,39.73,40.22,48.17
2016-07-25 07:59:00-05:00,443.37784,435.02383,571616,33.3,0.0,413.4,29.19,328.4,,,,,,,,,,,-2147484000.0,,,,-7999.0,-7999.0,-7999.0,-7999.0,-7999.0,-7999.0,-7999.0,-7999.0,29.15,37.69,417.2,116.8,119.5,116.9,60.0,59.9,74.7,0.0,273.8,272.9,274.1,96.0,6.867,96.3,618.0,1439336.0,42564.0,133069.0,0.997,0.979,0.748,0.921,40.59,45.79,45.31,45.37,45.82,40.09,39.14,13.33,15.03,14.88,14.9,15.04,13.16,12.85,52764.0,53562.0,53018.0,52854.0,53848.0,51229.0,46618.0,0.878,290.0,29.95,1.5,3.512,2.0,-1.0,13.47,0.017,0.231,3.0,2.0,0.0,0.0,38.04,38.45,39.51,39.41,40.06,39.39,40.19,39.83,40.42,48.31
2016-07-25 08:00:00-05:00,446.58554,438.4982,571617,33.35,0.0,417.0,29.33,327.6,,,,,,,,,,,-2147484000.0,,,,-7999.0,-7999.0,-7999.0,-7999.0,-7999.0,-7999.0,-7999.0,-7999.0,29.32,38.18,420.4,117.8,120.5,117.9,60.0,59.9,74.7,0.0,273.4,272.6,274.0,96.8,6.99,97.0,618.0,1439338.0,42564.0,133069.0,0.997,0.979,0.748,0.921,40.98,46.25,45.85,45.85,46.29,40.53,39.58,13.42,15.15,15.02,15.02,15.16,13.28,12.96,52764.0,53562.0,53019.0,52854.0,53848.0,51229.0,46618.0,0.792,282.6,22.96,1.4,3.512,2.0,-1.0,13.47,0.017,0.231,3.0,2.0,0.0,0.0,38.45,38.89,39.84,39.7,40.31,39.96,40.45,40.27,40.65,48.44
2016-07-25 08:01:00-05:00,449.31805,441.52426,571618,33.42,0.0,421.2,29.47,327.9,,,,,,,,,,,-2147484000.0,,,,-7999.0,-7999.0,-7999.0,-7999.0,-7999.0,-7999.0,-7999.0,-7999.0,29.54,38.65,423.4,118.6,121.3,118.7,60.0,59.9,74.7,0.0,273.5,272.5,274.0,97.4,7.09,97.7,618.0,1439339.0,42564.0,133069.0,0.997,0.979,0.748,0.921,41.18,46.57,46.16,45.98,46.49,40.85,39.84,13.5,15.27,15.13,15.08,15.24,13.39,13.06,52765.0,53562.0,53019.0,52855.0,53849.0,51229.0,46619.0,0.927,254.0,24.72,1.7,3.51,2.0,-1.0,13.47,0.017,0.231,3.0,2.0,0.0,0.0,39.04,39.3,40.06,39.95,40.57,40.12,40.6,40.29,41.02,48.53
2016-07-25 08:02:00-05:00,453.3574,445.55902,571619,33.48,0.0,426.6,29.58,326.0,,,,,,,,,,,-2147484000.0,,,,-7999.0,-7999.0,-7999.0,-7999.0,-7999.0,-7999.0,-7999.0,-7999.0,29.7,39.3,427.5,119.6,122.3,119.7,60.0,59.9,74.7,0.0,273.6,272.4,274.0,98.3,7.221,98.5,618.0,1439341.0,42564.0,133069.0,0.997,0.979,0.748,0.921,41.73,47.08,46.81,46.78,47.18,41.36,40.43,13.6,15.35,15.26,15.25,15.38,13.48,13.18,52765.0,53563.0,53019.0,52855.0,53849.0,51230.0,46619.0,0.76,236.4,26.5,1.4,3.512,2.0,-1.0,13.47,0.017,0.232,3.0,2.0,0.0,0.0,39.8,39.87,40.48,40.55,41.01,41.47,40.75,41.15,41.32,48.67
2016-07-25 08:03:00-05:00,454.18903,446.79184,571620,33.53,0.0,427.7,29.59,327.3,,,,,,,,,,,-2147484000.0,,,,-7999.0,-7999.0,-7999.0,-7999.0,-7999.0,-7999.0,-7999.0,-7999.0,29.69,39.6,427.7,119.8,122.5,120.0,60.0,59.9,74.7,0.0,273.5,272.5,274.0,98.4,7.244,98.7,618.0,1439343.0,42564.0,133069.0,0.997,0.979,0.748,0.921,41.73,46.96,46.59,46.66,47.12,41.33,40.21,13.65,15.37,15.25,15.27,15.42,13.52,13.16,52765.0,53563.0,53019.0,52855.0,53849.0,51230.0,46619.0,1.248,244.6,31.54,1.9,3.512,2.0,-1.0,13.47,0.017,0.231,3.0,2.0,0.0,0.0,40.15,40.28,40.74,40.88,41.32,41.91,41.02,41.58,41.56,48.81
2016-07-25 08:04:00-05:00,456.3275,448.69714,571621,33.6,0.0,432.3,29.78,325.7,,,,,,,,,,,-2147484000.0,,,,-7999.0,-7999.0,-7999.0,-7999.0,-7999.0,-7999.0,-7999.0,-7999.0,29.98,40.03,430.4,120.3,123.1,120.5,60.0,59.9,74.7,0.0,273.2,272.2,274.0,98.9,7.307,99.1,618.0,1439344.0,42564.0,133069.0,0.997,0.979,0.748,0.921,42.32,47.59,47.07,47.02,47.42,41.89,40.64,13.78,15.49,15.32,15.3,15.44,13.64,13.23,52765.0,53563.0,53020.0,52855.0,53849.0,51230.0,46619.0,1.185,278.9,18.15,1.8,3.512,2.0,-1.0,13.47,0.017,0.232,3.0,2.0,0.0,0.0,40.73,40.55,40.91,40.96,41.32,41.84,41.27,41.81,41.64,48.93
2016-07-25 08:05:00-05:00,466.30707,458.67188,571622,33.65,0.0,438.9,30.11,325.0,,,,,,,,,,,-2147484000.0,,,,-7999.0,-7999.0,-7999.0,-7999.0,-7999.0,-7999.0,-7999.0,-7999.0,30.22,40.44,439.2,123.2,126.0,123.4,60.0,59.9,74.7,0.0,273.1,272.0,274.0,101.2,7.68,101.5,618.0,1439346.0,42564.0,133069.0,0.997,0.979,0.748,0.921,43.63,48.62,48.2,48.26,48.74,42.83,41.59,14.18,15.8,15.66,15.68,15.84,13.92,13.52,52766.0,53563.0,53020.0,52856.0,53850.0,51230.0,46620.0,1.187,282.5,19.85,2.0,3.51,2.0,-1.0,13.47,0.017,0.232,3.0,2.0,0.0,0.0,41.21,40.81,41.17,41.3,41.61,42.2,41.44,42.18,41.84,49.06
2016-07-25 08:06:00-05:00,471.8909,464.61194,571623,33.72,0.0,444.0,30.0,323.7,,,,,,,,,,,-2147484000.0,,,,-7999.0,-7999.0,-7999.0,-7999.0,-7999.0,-7999.0,-7999.0,-7999.0,30.06,40.67,444.4,125.0,127.8,125.2,60.0,59.9,74.7,0.0,273.0,272.0,274.0,102.6,7.898,102.9,618.0,1439348.0,42564.0,133069.0,0.997,0.979,0.748,0.921,44.7,49.38,48.97,48.99,49.45,43.67,42.25,14.47,15.99,15.85,15.86,16.01,14.13,13.68,52766.0,53563.0,53020.0,52856.0,53850.0,51230.0,46620.0,1.467,277.7,13.27,2.2,3.51,2.0,-1.0,13.47,0.018,0.232,3.0,2.0,0.0,0.0,41.46,41.04,41.32,41.46,41.73,42.29,41.74,42.39,42.07,49.19
2016-07-25 08:07:00-05:00,476.049,469.20703,571624,33.78,0.0,448.2,29.91,322.5,,,,,,,,,,,-2147484000.0,,,,-7999.0,-7999.0,-7999.0,-7999.0,-7999.0,-7999.0,-7999.0,-7999.0,29.86,40.97,448.8,126.3,129.1,126.5,60.0,59.9,74.7,0.0,273.0,272.0,274.0,103.6,8.06,104.0,618.0,1439350.0,42564.0,133070.0,0.997,0.979,0.748,0.921,45.39,50.04,49.54,49.61,50.1,44.43,42.77,14.63,16.14,15.97,16.0,16.15,14.33,13.79,52766.0,53564.0,53020.0,52856.0,53850.0,51231.0,46620.0,,0.0,0.0,,,2.0,-1.0,13.47,0.018,0.232,3.0,2.0,0.0,0.0,41.76,41.25,41.56,41.61,41.94,42.26,41.94,42.5,42.21,49.3
2016-07-25 08:08:00-05:00,479.6132,473.24182,571625,33.83,0.0,453.3,29.76,321.7,,,,,,,,,,,-2147484000.0,,,,-7999.0,-7999.0,-7999.0,-7999.0,-7999.0,-7999.0,-7999.0,-7999.0,29.87,41.32,452.8,127.3,130.1,127.5,60.0,59.9,74.7,0.0,273.0,272.2,274.0,104.5,8.18,104.8,618.0,1439351.0,42564.0,133070.0,0.997,0.979,0.748,0.921,46.06,50.52,50.09,50.18,50.65,44.96,43.23,14.82,16.25,16.11,16.14,16.29,14.46,13.91,52766.0,53564.0,53021.0,52856.0,53850.0,51231.0,46620.0,1.392,234.4,13.47,2.5,3.512,2.0,-1.0,13.47,0.018,0.232,3.0,2.0,0.0,0.0,42.17,41.42,41.87,41.91,42.33,43.03,42.18,43.05,42.54,49.43
2016-07-25 08:09:00-05:00,483.05847,477.16446,571626,33.9,0.0,457.7,29.77,320.3,,,,,,,,,,,-2147484000.0,,,,-7999.0,-7999.0,-7999.0,-7999.0,-7999.0,-7999.0,-7999.0,-7999.0,30.02,41.48,456.7,128.6,131.4,128.8,60.0,59.9,74.7,0.0,273.0,272.0,274.0,105.5,8.35,105.8,618.0,1439353.0,42564.0,133070.0,0.997,0.979,0.748,0.921,46.95,51.15,50.72,50.76,51.16,45.75,43.85,15.04,16.38,16.25,16.26,16.39,14.65,14.04,52767.0,53564.0,53021.0,52857.0,53850.0,51231.0,46621.0,,0.0,0.0,,,2.5,-1.0,13.47,0.018,0.232,3.0,2.0,0.0,0.0,42.37,41.63,42.15,42.26,42.59,43.27,42.29,43.21,42.7,49.55
2016-07-25 08:10:00-05:00,485.55338,480.4147,571627,33.95,0.0,461.2,29.68,321.1,,,,,,,,,,,-2147484000.0,,,,-7999.0,-7999.0,-7999.0,-7999.0,-7999.0,-7999.0,-7999.0,-7999.0,30.06,41.66,459.3,129.7,132.6,130.0,60.0,59.9,74.7,0.0,273.0,272.0,274.0,106.4,8.49,106.7,618.0,1439355.0,42564.0,133070.0,0.997,0.979,0.748,0.921,47.53,51.37,51.01,51.05,51.51,45.86,44.13,15.26,16.49,16.38,16.39,16.54,14.72,14.17,52767.0,53564.0,53021.0,52857.0,53851.0,51231.0,46621.0,1.455,224.9,15.83,2.6,3.512,2.0,-1.0,13.47,0.018,0.232,3.0,2.0,0.0,0.0,42.64,41.99,42.25,42.53,42.62,43.44,42.18,43.35,42.98,49.67
2016-07-25 08:11:00-05:00,484.24655,479.8543,571628,34.0,0.0,465.1,29.65,322.2,,,,,,,,,,,-2147484000.0,,,,-7999.0,-7999.0,-7999.0,-7999.0,-7999.0,-7999.0,-7999.0,-7999.0,30.01,41.49,460.2,129.7,132.5,130.0,60.0,59.9,74.7,0.0,273.0,272.0,274.0,106.4,8.5,106.8,618.0,1439357.0,42564.0,133070.0,0.997,0.979,0.748,0.921,47.69,51.35,50.78,50.81,51.39,45.67,43.92,15.36,16.54,16.36,16.37,16.56,14.71,14.15,52767.0,53565.0,53021.0,52857.0,53851.0,51232.0,46621.0,1.805,225.5,13.14,2.6,3.512,2.0,-1.0,13.43,-0.066,0.233,3.0,2.0,0.0,0.001,42.54,42.03,42.23,42.64,42.48,43.52,42.08,43.57,43.06,49.76
2016-07-25 08:12:00-05:00,474.26697,471.89688,571629,34.05,0.0,455.7,29.72,325.8,,,,,,,,,,,-2147484000.0,,,,-7999.0,-7999.0,-7999.0,-7999.0,-7999.0,-7999.0,-7999.0,-7999.0,30.15,41.64,448.8,127.7,130.5,127.9,60.0,59.9,74.7,0.0,273.0,272.0,274.0,104.7,8.26,105.1,618.0,1439358.0,42564.0,133070.0,0.997,0.979,0.748,0.921,46.1,49.52,49.17,49.28,49.69,44.32,42.69,15.02,16.13,16.02,16.05,16.19,14.44,13.91,52767.0,53565.0,53022.0,52857.0,53851.0,51232.0,46621.0,1.318,238.9,37.25,2.3,3.51,2.0,-1.0,13.44,-0.004,0.233,3.0,2.0,0.0,0.001,42.69,41.98,42.16,42.57,42.53,43.87,41.99,43.78,43.2,49.95
2016-07-25 08:13:00-05:00,353.91815,353.2082,571630,34.1,0.0,343.6,29.97,331.7,,,,,,,,,,,-2147484000.0,,,,-7999.0,-7999.0,-7999.0,-7999.0,-7999.0,-7999.0,-7999.0,-7999.0,30.29,41.94,335.7,94.5,96.9,94.5,60.0,59.9,74.7,0.0,273.0,272.0,273.6,77.51,4.011,77.62,618.0,1439360.0,42564.0,133070.0,0.999,0.979,0.748,0.921,33.58,36.21,35.87,35.91,36.43,32.49,31.11,11.13,12.0,11.89,11.9,12.07,10.77,10.31,52767.0,53565.0,53022.0,52857.0,53851.0,51232.0,46622.0,1.05,237.4,38.99,2.3,3.51,2.0,-1.0,13.44,0.008,0.231,3.0,2.0,0.0,0.001,42.8,41.91,42.03,42.56,42.48,43.89,42.04,43.47,42.98,50.02
2016-07-25 08:14:00-05:00,436.7248,433.56683,571631,34.13,0.0,422.8,29.91,316.0,,,,,,,,,,,-2147484000.0,,,,-7999.0,-7999.0,-7999.0,-7999.0,-7999.0,-7999.0,-7999.0,-7999.0,30.2,41.58,415.0,117.5,120.3,117.8,60.0,59.9,74.7,0.0,273.0,272.0,273.3,96.4,6.946,96.6,618.0,1439361.0,42564.0,133070.0,0.997,0.979,0.748,0.921,44.98,47.25,46.72,46.7,47.04,43.96,40.2,14.2,14.92,14.75,14.74,14.85,13.88,12.69,52768.0,53565.0,53022.0,52858.0,53852.0,51232.0,46622.0,1.737,238.8,17.04,2.5,3.51,2.0,-1.0,13.44,0.012,0.232,3.0,2.0,0.0,0.001,42.54,41.89,41.91,42.54,42.49,44.13,41.87,43.5,42.83,50.18
2016-07-25 08:15:00-05:00,467.49512,464.05154,571632,34.18,0.0,451.3,30.1,316.4,,,,,,,,,,,-2147484000.0,,,,-7999.0,-7999.0,-7999.0,-7999.0,-7999.0,-7999.0,-7999.0,-7999.0,30.3,41.69,445.7,126.5,129.3,126.8,60.0,59.9,74.7,0.0,273.0,272.0,273.0,103.6,8.07,104.0,618.0,1439363.0,42564.0,133071.0,0.997,0.979,0.748,0.921,47.94,50.32,49.81,50.07,50.79,46.93,43.11,15.16,15.92,15.75,15.83,16.06,14.84,13.64,52768.0,53566.0,53022.0,52858.0,53852.0,51233.0,46622.0,1.533,271.5,20.96,3.0,3.51,2.0,-1.0,13.44,0.014,0.233,3.0,2.0,0.0,0.001,42.64,41.84,41.95,42.59,42.52,43.79,42.02,43.62,42.7,50.3
2016-07-25 08:16:00-05:00,455.25827,452.73184,571633,34.21,0.0,438.0,30.19,315.3,,,,,,,,,,,-2147484000.0,,,,-7999.0,-7999.0,-7999.0,-7999.0,-7999.0,-7999.0,-7999.0,-7999.0,30.19,41.62,429.1,123.1,125.9,123.4,60.0,59.9,74.7,0.0,273.2,272.1,273.9,101.1,7.673,101.4,618.0,1439365.0,42564.0,133071.0,0.997,0.979,0.748,0.921,46.36,48.67,48.55,48.8,49.19,45.93,42.26,14.6,15.33,15.29,15.37,15.49,14.46,13.31,52768.0,53566.0,53022.0,52858.0,53852.0,51233.0,46622.0,1.32,281.0,25.36,2.4,3.512,2.0,-1.0,13.44,0.014,0.233,3.0,2.0,0.0,0.001,42.48,41.87,42.1,42.59,42.67,43.94,42.28,43.59,42.85,50.41
2016-07-25 08:17:00-05:00,373.63968,371.58868,571634,34.24,0.0,362.2,30.17,321.3,,,,,,,,,,,-2147484000.0,,,,-7999.0,-7999.0,-7999.0,-7999.0,-7999.0,-7999.0,-7999.0,-7999.0,30.14,41.26,351.0,101.3,103.9,101.4,60.0,59.9,74.7,0.0,273.0,272.0,274.0,83.2,4.91,83.4,618.0,1439366.0,42564.0,133071.0,0.998,0.979,0.748,0.921,37.96,39.59,39.3,39.36,39.72,37.44,34.04,12.19,12.71,12.62,12.64,12.76,12.02,10.93,52768.0,53566.0,53023.0,52858.0,53852.0,51233.0,46622.0,1.772,291.6,10.85,2.8,3.512,2.0,-1.0,13.44,0.014,0.232,3.0,2.0,0.0,0.0,42.0,41.71,41.92,42.44,42.64,43.48,42.12,43.47,42.4,50.53
2016-07-25 08:18:00-05:00,415.4588,411.71198,571635,34.27,0.0,405.1,30.28,320.1,,,,,,,,,,,-2147484000.0,,,,-7999.0,-7999.0,-7999.0,-7999.0,-7999.0,-7999.0,-7999.0,-7999.0,30.26,41.33,399.9,112.7,115.5,113.0,60.0,59.9,74.7,0.0,273.0,272.0,273.9,92.5,6.367,92.8,618.0,1439368.0,42564.0,133071.0,0.998,0.979,0.748,0.921,43.57,45.08,44.06,44.01,44.97,42.66,37.77,13.91,14.39,14.07,14.05,14.35,13.62,12.05,52769.0,53566.0,53023.0,52859.0,53853.0,51233.0,46623.0,2.078,286.8,16.54,3.1,3.512,2.0,-1.0,13.44,0.015,0.232,3.0,2.0,0.0,0.0,42.07,41.55,41.84,42.3,42.52,43.24,42.05,43.26,42.03,50.68
2016-07-25 08:19:00-05:00,514.5416,511.23563,571636,34.31,0.0,497.9,30.16,315.4,,,,,,,,,,,-2147484000.0,,,,-7999.0,-7999.0,-7999.0,-7999.0,-7999.0,-7999.0,-7999.0,-7999.0,30.19,41.61,489.8,140.3,143.2,140.7,60.0,59.9,74.7,0.0,273.1,272.1,274.0,115.1,9.9,115.5,618.0,1439369.0,42564.0,133071.0,0.996,0.979,0.748,0.921,54.16,55.67,55.21,55.22,55.68,53.78,47.75,17.08,17.56,17.41,17.42,17.56,16.96,15.06,52769.0,53567.0,53023.0,52859.0,53853.0,51234.0,46623.0,1.598,246.5,18.15,2.6,3.512,2.0,-1.0,13.44,0.015,0.234,3.0,2.0,0.0,0.0,42.44,41.89,42.09,42.41,42.69,43.34,42.42,43.26,42.3,50.74
2016-07-25 08:20:00-05:00,523.6896,521.3225,571637,34.34,0.0,507.3,30.02,323.7,,,,,,,,,,,-2147484000.0,,,,-7999.0,-7999.0,-7999.0,-7999.0,-7999.0,-7999.0,-7999.0,-7999.0,30.14,41.91,497.9,143.6,146.4,143.9,60.0,59.9,74.7,0.0,273.2,272.1,274.0,117.8,10.31,118.2,618.0,1439371.0,42564.0,133071.0,0.996,0.979,0.748,0.921,53.99,55.58,55.04,55.01,55.57,53.28,47.59,17.47,17.99,17.81,17.8,17.98,17.24,15.4,52769.0,53567.0,53023.0,52859.0,53853.0,51234.0,46623.0,1.803,237.5,9.08,2.7,3.51,2.0,-1.0,13.44,0.015,0.234,3.0,2.0,0.0,0.0,42.84,42.3,42.51,42.82,43.0,44.0,42.69,43.55,42.87,50.88
2016-07-25 08:21:00-05:00,520.36304,518.6326,571638,34.37,0.0,504.9,29.95,323.5,,,,,,,,,,,-2147484000.0,,,,-7999.0,-7999.0,-7999.0,-7999.0,-7999.0,-7999.0,-7999.0,-7999.0,30.18,42.26,494.8,142.7,145.5,142.9,60.0,59.9,74.7,0.0,273.1,272.0,274.0,117.0,10.18,117.4,618.0,1439373.0,42564.0,133071.0,0.996,0.979,0.748,0.921,53.79,55.41,54.76,54.69,55.3,53.14,47.32,17.4,17.92,17.71,17.69,17.89,17.19,15.31,52769.0,53567.0,53024.0,52859.0,53853.0,51234.0,46623.0,1.475,250.6,16.93,2.4,3.512,2.0,-1.0,13.44,0.016,0.234,3.0,2.0,0.0,0.0,43.35,42.72,42.79,43.21,43.37,44.6,42.97,44.15,43.1,50.96
2016-07-25 08:22:00-05:00,521.90753,521.0983,571639,34.41,0.0,507.6,30.12,321.9,,,,,,,,,,,-2147484000.0,,,,-7999.0,-7999.0,-7999.0,-7999.0,-7999.0,-7999.0,-7999.0,-7999.0,30.46,42.76,497.7,143.1,145.9,143.4,60.0,59.9,74.7,0.0,273.0,272.0,274.0,117.3,10.23,117.8,618.0,1439375.0,42564.0,133072.0,0.996,0.979,0.748,0.921,53.8,55.59,55.22,55.21,55.55,53.25,47.77,17.32,17.89,17.78,17.77,17.88,17.14,15.38,52770.0,53567.0,53024.0,52860.0,53854.0,51234.0,46624.0,0.903,256.0,24.3,1.4,3.51,2.0,-1.0,13.44,0.016,0.234,3.0,2.0,0.0,0.0,43.96,43.05,43.12,43.51,43.76,44.83,43.33,44.52,43.5,51.07
2016-07-25 08:23:00-05:00,524.64,524.57275,571640,34.43,0.0,511.1,30.07,322.0,,,,,,,,,,,-2147484000.0,,,,-7999.0,-7999.0,-7999.0,-7999.0,-7999.0,-7999.0,-7999.0,-7999.0,30.33,42.85,500.8,144.1,146.9,144.4,60.0,59.9,74.7,0.0,273.0,272.0,274.0,118.1,10.37,118.5,618.0,1439377.0,42564.0,133072.0,0.996,0.979,0.748,0.921,54.66,55.92,55.41,55.48,56.02,53.77,47.88,17.6,18.01,17.84,17.87,18.04,17.32,15.42,52770.0,53567.0,53024.0,52860.0,53854.0,51234.0,46624.0,1.518,244.7,19.38,3.1,3.512,2.0,-1.0,13.44,0.016,0.234,3.0,2.0,0.0,0.0,44.14,43.44,43.62,43.92,44.26,45.4,43.64,44.9,43.97,51.17
2016-07-25 08:24:00-05:00,522.858,523.3399,571641,34.46,0.0,511.0,30.07,322.1,,,,,,,,,,,-2147484000.0,,,,-7999.0,-7999.0,-7999.0,-7999.0,-7999.0,-7999.0,-7999.0,-7999.0,30.44,43.15,499.7,143.9,146.7,144.1,60.0,59.9,74.7,0.0,273.0,272.0,274.0,118.0,10.36,118.4,618.0,1439379.0,42564.0,133072.0,0.996,0.979,0.748,0.921,54.67,55.9,55.24,55.22,55.7,54.12,47.83,17.61,18.0,17.79,17.78,17.94,17.43,15.41,52770.0,53568.0,53024.0,52860.0,53854.0,51235.0,46624.0,1.397,218.9,20.9,2.3,3.512,2.0,-1.0,13.44,0.016,0.234,3.0,2.0,0.0,0.0,44.34,43.62,44.01,44.29,44.56,45.96,43.78,45.24,44.23,51.28
2016-07-25 08:25:00-05:00,523.45197,524.46063,571642,34.5,0.0,511.3,30.22,321.5,,,,,,,,,,,-2147484000.0,,,,-7999.0,-7999.0,-7999.0,-7999.0,-7999.0,-7999.0,-7999.0,-7999.0,30.68,43.65,501.2,144.5,147.3,144.7,60.0,59.9,74.7,0.0,273.0,272.0,273.6,118.3,10.42,118.8,618.0,1439381.0,42564.0,133072.0,0.996,0.979,0.748,0.921,55.02,56.08,55.46,55.46,56.1,54.34,48.07,17.69,18.02,17.83,17.83,18.03,17.47,15.45,52770.0,53568.0,53025.0,52860.0,53854.0,51235.0,46624.0,1.015,245.5,30.94,1.9,3.512,2.0,-1.0,13.44,0.016,0.234,3.0,2.0,0.0,0.0,44.7,43.78,44.19,44.5,44.78,45.99,43.96,45.63,44.43,51.39
2016-07-25 08:26:00-05:00,523.80835,525.13306,571643,34.54,0.0,511.8,30.29,323.3,,,,,,,,,,,-2147484000.0,,,,-7999.0,-7999.0,-7999.0,-7999.0,-7999.0,-7999.0,-7999.0,-7999.0,30.62,43.76,501.0,144.7,147.4,144.9,60.0,59.9,74.7,0.0,273.0,272.0,273.9,118.5,10.44,118.9,618.0,1439383.0,42564.0,133072.0,0.996,0.979,0.748,0.921,55.03,55.83,55.23,55.21,55.81,54.31,47.86,17.79,18.04,17.85,17.84,18.04,17.55,15.47,52771.0,53568.0,53025.0,52861.0,53854.0,51235.0,46625.0,1.293,235.5,21.15,2.3,3.512,2.0,-1.0,13.44,0.016,0.234,3.0,2.0,0.0,0.0,44.94,44.0,44.37,44.6,44.83,46.11,44.21,45.83,44.83,51.51
2016-07-25 08:27:00-05:00,520.83826,522.6674,571644,34.57,0.0,508.6,30.06,323.3,,,,,,,,,,,-2147484000.0,,,,-7999.0,-7999.0,-7999.0,-7999.0,-7999.0,-7999.0,-7999.0,-7999.0,30.35,43.97,498.8,144.2,146.9,144.4,60.0,59.9,74.7,0.0,273.0,272.0,273.5,118.0,10.33,118.4,618.0,1439385.0,42564.0,133072.0,0.996,0.979,0.748,0.921,54.86,55.46,55.05,54.81,55.53,54.32,47.55,17.73,17.93,17.79,17.72,17.95,17.56,15.37,52771.0,53568.0,53025.0,52861.0,53855.0,51235.0,46625.0,1.87,241.0,9.8,2.7,3.512,2.0,-1.0,13.44,0.016,0.234,3.0,2.0,0.0,0.0,45.12,44.21,44.52,44.76,45.01,45.94,44.32,45.55,45.09,51.58
2016-07-25 08:28:00-05:00,517.2742,519.64136,571645,34.61,0.0,506.9,30.05,322.4,,,,,,,,,,,-2147484000.0,,,,-7999.0,-7999.0,-7999.0,-7999.0,-7999.0,-7999.0,-7999.0,-7999.0,30.37,44.12,495.8,143.2,146.0,143.5,60.0,59.9,74.7,0.0,273.0,272.0,273.7,117.3,10.22,117.7,618.0,1439387.0,42564.0,133073.0,0.996,0.979,0.748,0.921,54.7,55.19,54.75,54.71,55.33,54.13,47.29,17.63,17.79,17.65,17.64,17.84,17.45,15.24,52771.0,53569.0,53025.0,52861.0,53855.0,51236.0,46625.0,1.465,237.9,20.41,2.5,3.512,2.0,-1.0,13.44,0.016,0.234,3.0,2.0,0.0,0.0,45.27,44.4,44.6,44.89,45.12,46.08,44.46,45.65,45.23,51.73
2016-07-25 08:29:00-05:00,495.77054,498.7952,571646,34.65,0.0,488.4,30.06,327.5,,,,,,,,,,,-2147484000.0,,,,-7999.0,-7999.0,-7999.0,-7999.0,-7999.0,-7999.0,-7999.0,-7999.0,30.24,43.87,475.2,137.3,140.0,137.5,60.0,59.9,74.7,0.0,273.0,272.0,273.7,112.4,9.44,112.8,618.0,1439389.0,42564.0,133073.0,0.996,0.979,0.748,0.921,51.49,52.12,51.54,51.54,52.09,51.0,44.66,16.86,17.07,16.88,16.88,17.06,16.7,14.62,52771.0,53569.0,53026.0,52861.0,53855.0,51236.0,46625.0,1.623,244.8,21.71,2.5,3.512,2.0,-1.0,13.44,0.016,0.234,3.0,2.0,0.0,0.0,45.23,44.27,44.51,44.82,44.99,45.67,44.5,45.39,45.28,51.81
2016-07-25 08:30:00-05:00,500.64154,504.06277,571647,34.68,0.0,494.4,30.13,319.6,,,,,,,,,,,-2147484000.0,,,,-7999.0,-7999.0,-7999.0,-7999.0,-7999.0,-7999.0,-7999.0,-7999.0,30.38,43.8,482.2,139.3,142.1,139.5,60.0,59.9,74.7,0.0,272.5,271.5,273.0,113.9,9.7,114.3,618.0,1439391.0,42564.0,133073.0,0.996,0.979,0.748,0.921,53.6,54.19,53.66,53.63,54.42,53.05,46.42,17.13,17.32,17.15,17.14,17.39,16.95,14.83,52771.0,53569.0,53026.0,52861.0,53855.0,51236.0,46625.0,1.735,224.3,17.73,3.0,3.512,2.0,-1.0,13.44,0.016,0.234,3.0,2.0,0.0,0.0,45.22,44.16,44.36,44.65,44.94,45.52,44.25,45.37,45.06,51.92
2016-07-25 08:31:00-05:00,515.25446,519.081,571648,34.72,0.0,509.0,30.28,318.6,,,,,,,,,,,-2147484000.0,,,,-7999.0,-7999.0,-7999.0,-7999.0,-7999.0,-7999.0,-7999.0,-7999.0,30.86,44.47,495.4,143.2,145.9,143.4,60.0,59.9,74.7,0.0,273.0,272.0,273.3,117.2,10.21,117.6,618.0,1439393.0,42564.0,133073.0,0.996,0.979,0.748,0.921,55.23,55.87,55.36,55.25,55.84,54.87,47.84,17.6,17.8,17.64,17.6,17.79,17.48,15.24,52772.0,53569.0,53026.0,52862.0,53856.0,51236.0,46626.0,0.618,234.8,28.57,1.4,3.51,2.0,-1.0,13.44,0.017,0.234,3.0,2.0,0.0,0.0,45.68,44.39,44.63,45.01,45.35,46.17,44.34,45.89,45.27,52.0
2016-07-25 08:32:00-05:00,530.2238,534.2113,571649,34.74,0.0,524.0,30.49,316.3,,,,,,,,,,,-2147484000.0,,,,-7999.0,-7999.0,-7999.0,-7999.0,-7999.0,-7999.0,-7999.0,-7999.0,31.09,44.49,510.9,147.3,150.1,147.5,60.0,59.9,74.7,0.0,272.9,271.9,273.0,120.4,10.75,120.9,618.0,1439395.0,42564.0,133073.0,0.996,0.979,0.748,0.921,57.12,57.87,57.27,57.22,57.95,56.8,49.61,18.06,18.3,18.11,18.09,18.33,17.96,15.69,52772.0,53570.0,53026.0,52862.0,53856.0,51237.0,46626.0,1.23,229.0,22.25,1.9,3.512,2.0,-1.0,13.44,0.017,0.235,3.0,2.0,0.0,0.0,45.76,44.65,44.76,45.15,45.33,46.28,44.32,46.25,45.48,52.1
2016-07-25 08:33:00-05:00,532.4811,536.789,571650,34.79,0.0,526.8,30.6,321.0,,,,,,,,,,,-2147484000.0,,,,-7999.0,-7999.0,-7999.0,-7999.0,-7999.0,-7999.0,-7999.0,-7999.0,31.21,44.62,512.7,148.1,150.9,148.3,60.0,59.9,74.7,0.0,272.8,271.8,273.0,121.1,10.86,121.6,618.0,1439397.0,42564.0,133073.0,0.996,0.979,0.748,0.921,56.73,57.31,56.77,56.76,57.44,56.26,49.08,18.21,18.39,18.22,18.22,18.44,18.06,15.75,52772.0,53570.0,53026.0,52862.0,53856.0,51237.0,46626.0,0.997,255.3,32.88,1.9,3.512,2.0,-1.0,13.43,0.017,0.235,3.0,2.0,0.0,0.0,45.9,44.96,44.99,45.48,45.68,46.69,44.49,46.74,45.61,52.23
2016-07-25 08:34:00-05:00,535.92645,540.5996,571651,34.83,0.0,530.4,30.7,322.4,,,,,,,,,,,-2147484000.0,,,,-7999.0,-7999.0,-7999.0,-7999.0,-7999.0,-7999.0,-7999.0,-7999.0,31.18,44.84,515.8,149.2,151.9,149.3,60.0,59.9,74.7,0.0,273.0,271.9,273.0,121.9,10.99,122.4,618.0,1439399.0,42564.0,133074.0,0.996,0.979,0.748,0.921,56.8,57.45,56.94,56.83,57.4,56.45,49.31,18.31,18.52,18.35,18.32,18.5,18.19,15.89,52772.0,53570.0,53027.0,52862.0,53856.0,51237.0,46626.0,,0.0,0.0,,,2.0,-1.0,13.43,0.017,0.235,3.0,2.0,0.0,0.0,46.26,44.94,45.17,45.27,45.54,46.24,44.97,46.42,45.79,52.34
2016-07-25 08:35:00-05:00,533.1939,538.47015,571652,34.87,0.0,528.3,30.59,319.7,,,,,,,,,,,-2147484000.0,,,,-7999.0,-7999.0,-7999.0,-7999.0,-7999.0,-7999.0,-7999.0,-7999.0,30.88,44.84,513.9,148.6,151.4,148.8,60.0,59.9,74.7,0.0,272.2,271.1,273.0,121.3,10.93,121.8,618.0,1439401.0,42564.0,133074.0,0.996,0.979,0.748,0.921,57.06,57.69,57.17,57.09,57.7,56.66,49.48,18.24,18.44,18.27,18.25,18.44,18.11,15.81,52773.0,53570.0,53027.0,52863.0,53857.0,51237.0,46627.0,1.882,240.7,13.9,3.7,3.512,2.0,-1.0,13.44,0.017,0.235,3.0,2.0,0.0,0.0,46.25,45.12,45.34,45.62,45.55,46.92,45.18,46.61,45.95,52.46
2016-07-25 08:36:00-05:00,528.6794,534.32336,571653,34.91,0.0,524.7,30.81,320.8,,,,,,,,,,,-2147484000.0,,,,-7999.0,-7999.0,-7999.0,-7999.0,-7999.0,-7999.0,-7999.0,-7999.0,31.04,44.83,510.2,147.1,149.9,147.3,60.0,59.9,74.7,0.0,273.0,271.9,273.9,120.5,10.75,121.0,618.0,1439403.0,42564.0,133074.0,0.996,0.979,0.748,0.921,56.43,57.1,56.48,56.43,57.18,56.05,48.89,18.1,18.31,18.11,18.1,18.34,17.98,15.68,52773.0,53571.0,53027.0,52863.0,53857.0,51238.0,46627.0,,0.0,0.0,,,2.0,-1.0,13.44,0.017,0.235,3.0,2.0,0.0,0.0,46.21,44.72,45.28,45.45,45.76,46.08,45.32,46.35,45.82,52.57
2016-07-25 08:37:00-05:00,528.56055,534.7716,571654,34.97,0.0,524.8,30.71,321.8,,,,,,,,,,,-2147484000.0,,,,-7999.0,-7999.0,-7999.0,-7999.0,-7999.0,-7999.0,-7999.0,-7999.0,31.12,45.19,509.2,147.0,149.8,147.2,60.0,59.9,74.7,0.0,273.1,272.1,274.0,120.4,10.69,120.9,618.0,1439405.0,42564.0,133074.0,0.996,0.979,0.748,0.921,56.06,56.83,56.26,56.18,56.94,55.84,48.78,18.04,18.28,18.1,18.07,18.32,17.97,15.69,52773.0,53571.0,53027.0,52863.0,53857.0,51238.0,46627.0,1.145,228.2,19.56,2.2,3.512,2.0,-1.0,13.44,0.017,0.235,3.0,2.0,0.0,0.0,46.35,45.28,45.57,45.84,46.08,46.79,45.46,46.91,46.09,52.67
2016-07-25 08:38:00-05:00,529.03577,535.33203,571655,35.02,0.0,525.6,30.8,319.2,,,,,,,,,,,-2147484000.0,,,,-7999.0,-7999.0,-7999.0,-7999.0,-7999.0,-7999.0,-7999.0,-7999.0,31.1,45.65,510.1,146.8,149.6,147.1,60.0,59.9,74.7,0.0,273.7,272.4,274.0,120.4,10.7,120.9,618.0,1439407.0,42564.0,133074.0,0.996,0.979,0.748,0.921,56.73,57.27,56.72,56.75,57.45,56.31,49.03,18.1,18.27,18.1,18.11,18.33,17.97,15.65,52773.0,53571.0,53028.0,52863.0,53857.0,51238.0,46627.0,1.322,237.3,17.85,1.9,3.512,2.0,-1.0,13.44,0.017,0.235,3.0,2.0,0.0,0.0,46.72,45.28,45.7,45.92,46.3,46.74,45.59,47.12,46.24,52.8
2016-07-25 08:39:00-05:00,522.0263,528.49536,571656,35.06,0.0,518.8,30.69,321.4,,,,,,,,,,,-2147484000.0,,,,-7999.0,-7999.0,-7999.0,-7999.0,-7999.0,-7999.0,-7999.0,-7999.0,31.15,45.64,503.8,145.1,147.9,145.3,60.0,59.9,74.7,0.0,273.2,272.0,274.0,118.9,10.45,119.4,618.0,1439409.0,42564.0,133075.0,0.996,0.979,0.748,0.921,55.65,56.28,55.76,55.65,56.28,55.27,48.24,17.88,18.09,17.92,17.88,18.09,17.76,15.5,52774.0,53571.0,53028.0,52864.0,53858.0,51238.0,46628.0,1.318,224.3,17.54,2.2,3.512,2.0,-1.0,13.44,0.017,0.235,3.0,2.0,0.0,0.0,46.82,45.53,45.87,46.24,46.45,46.85,45.51,47.36,46.43,52.93
2016-07-25 08:40:00-05:00,526.0657,532.97845,571657,35.11,0.0,521.9,30.94,319.1,,,,,,,,,,,-2147484000.0,,,,-7999.0,-7999.0,-7999.0,-7999.0,-7999.0,-7999.0,-7999.0,-7999.0,31.3,45.39,506.1,146.4,149.1,146.6,60.0,59.9,74.7,0.0,273.0,272.0,274.0,119.9,10.59,120.4,618.0,1439411.0,42564.0,133075.0,0.996,0.979,0.748,0.921,56.49,57.02,56.5,56.5,57.04,56.15,48.8,18.02,18.19,18.02,18.03,18.2,17.91,15.57,52774.0,53571.0,53028.0,52864.0,53858.0,51238.0,46628.0,,0.0,0.0,,,2.0,-1.0,13.44,0.017,0.235,3.0,2.0,0.0,0.0,46.87,45.38,45.77,46.18,46.26,46.38,45.59,47.24,46.48,53.03
2016-07-25 08:41:00-05:00,526.18445,533.42676,571658,35.16,0.0,524.9,31.35,317.0,,,,,,,,,,,-2147484000.0,,,,-7999.0,-7999.0,-7999.0,-7999.0,-7999.0,-7999.0,-7999.0,-7999.0,31.53,45.4,509.3,146.6,149.4,146.8,60.0,59.9,74.7,0.0,273.1,272.1,274.0,120.1,10.64,120.5,618.0,1439413.0,42564.0,133075.0,0.996,0.979,0.748,0.921,56.94,57.69,56.88,56.94,57.94,56.52,49.27,18.04,18.28,18.02,18.04,18.36,17.91,15.61,52774.0,53572.0,53028.0,52864.0,53858.0,51239.0,46628.0,1.77,285.5,15.72,3.0,3.512,2.0,-1.0,13.44,0.017,0.235,3.0,2.0,0.0,0.0,46.74,45.24,45.73,46.05,46.23,45.86,45.58,46.91,46.17,53.13
2016-07-25 08:42:00-05:00,539.13416,546.7638,571659,35.21,0.0,537.7,31.5,315.0,,,,,,,,,,,-2147484000.0,,,,-7999.0,-7999.0,-7999.0,-7999.0,-7999.0,-7999.0,-7999.0,-7999.0,31.64,45.37,520.1,149.7,152.5,149.9,60.0,59.9,74.7,0.0,274.0,272.9,274.1,122.8,11.08,123.3,618.0,1439415.0,42564.0,133075.0,0.996,0.979,0.748,0.921,58.63,59.29,58.7,58.75,59.38,58.25,50.75,18.47,18.67,18.49,18.5,18.7,18.35,15.98,52774.0,53572.0,53029.0,52864.0,53858.0,51239.0,46628.0,1.372,266.2,29.36,2.1,3.512,2.0,-1.0,13.44,0.017,0.235,3.0,2.0,0.0,0.0,46.71,45.3,45.83,46.23,46.37,46.21,45.61,47.29,46.18,53.25
2016-07-25 08:43:00-05:00,534.1444,542.16864,571660,35.26,0.0,533.2,31.42,317.2,,,,,,,,,,,-2147484000.0,,,,-7999.0,-7999.0,-7999.0,-7999.0,-7999.0,-7999.0,-7999.0,-7999.0,31.53,44.79,515.5,148.7,151.4,148.9,60.0,59.9,74.7,0.0,273.5,272.6,274.0,121.9,10.9,122.4,618.0,1439417.0,42564.0,133075.0,0.996,0.979,0.748,0.921,57.72,58.36,57.94,57.81,58.48,57.27,50.07,18.31,18.51,18.38,18.33,18.55,18.16,15.88,52775.0,53572.0,53029.0,52865.0,53858.0,51239.0,46629.0,,0.0,0.0,,,2.0,-1.0,13.44,0.017,0.236,3.0,2.0,0.0,0.0,46.35,45.22,45.84,46.3,46.47,46.17,45.74,47.18,46.38,53.34
2016-07-25 08:44:00-05:00,543.17346,551.58307,571661,35.31,0.0,542.8,31.07,314.8,,,,,,,,,,,-2147484000.0,,,,-7999.0,-7999.0,-7999.0,-7999.0,-7999.0,-7999.0,-7999.0,-7999.0,31.21,43.69,524.7,151.3,154.0,151.5,60.0,59.9,74.7,0.0,273.0,272.0,274.0,123.9,11.26,124.4,618.0,1439419.0,42564.0,133075.0,0.996,0.979,0.748,0.921,59.26,59.96,59.36,59.22,59.77,58.85,51.23,18.65,18.87,18.68,18.63,18.81,18.52,16.12,52775.0,53572.0,53029.0,52865.0,53859.0,51239.0,46629.0,1.972,306.1,11.96,3.0,3.512,2.0,-1.0,13.44,0.017,0.236,3.0,2.0,0.0,0.0,45.15,44.67,45.74,46.05,46.36,45.36,45.91,46.57,46.09,53.44
2016-07-25 08:45:00-05:00,549.5889,558.86804,571662,35.36,0.0,549.3,30.95,315.4,,,,,,,,,,,-2147484000.0,,,,-7999.0,-7999.0,-7999.0,-7999.0,-7999.0,-7999.0,-7999.0,-7999.0,31.07,43.29,526.6,153.5,156.2,153.7,60.0,59.9,74.7,0.0,273.0,272.1,274.0,125.7,11.53,126.2,618.0,1439421.0,42564.0,133076.0,0.996,0.979,0.748,0.921,59.97,60.57,59.97,60.01,60.59,59.49,51.74,18.91,19.1,18.91,18.93,19.11,18.76,16.32,52775.0,53573.0,53029.0,52865.0,53859.0,51240.0,46629.0,2.325,298.1,7.366,3.6,3.512,2.0,-1.0,13.44,0.018,0.236,3.0,2.0,0.0,0.0,44.37,44.17,45.64,45.59,46.26,44.59,45.79,46.1,45.86,53.52
2016-07-25 08:46:00-05:00,566.81555,577.0244,571663,35.41,0.0,567.1,30.69,316.6,,,,,,,,,,,-2147484000.0,,,,-7999.0,-7999.0,-7999.0,-7999.0,-7999.0,-7999.0,-7999.0,-7999.0,30.79,41.92,548.7,158.9,161.5,159.1,60.0,59.9,74.7,0.0,273.0,272.0,273.8,129.9,12.24,130.5,618.0,1439423.0,42564.0,133076.0,0.996,0.979,0.748,0.921,61.81,62.52,61.84,61.84,62.43,61.29,53.34,19.57,19.79,19.58,19.58,19.76,19.4,16.89,52775.0,53573.0,53030.0,52865.0,53859.0,51240.0,46629.0,2.182,302.9,30.79,3.4,3.512,2.0,-1.0,13.44,0.018,0.236,3.0,2.0,0.0,0.0,42.92,43.63,45.41,45.07,45.8,44.0,45.54,45.43,45.5,53.6
2016-07-25 08:47:00-05:00,559.92487,570.9722,571664,35.46,0.0,561.1,30.65,321.9,,,,,,,,,,,-2147484000.0,,,,-7999.0,-7999.0,-7999.0,-7999.0,-7999.0,-7999.0,-7999.0,-7999.0,30.64,41.72,542.5,157.5,160.1,157.5,60.0,59.9,74.7,0.0,273.0,272.0,273.8,128.7,12.03,129.3,618.0,1439425.0,42564.0,133076.0,0.996,0.979,0.748,0.921,60.04,60.93,60.15,60.1,60.88,59.56,51.99,19.32,19.61,19.36,19.34,19.59,19.17,16.74,52775.0,53573.0,53030.0,52865.0,53859.0,51240.0,46629.0,2.243,283.2,17.85,3.7,3.512,2.0,-1.0,13.44,0.018,0.236,3.0,2.0,0.0,0.0,42.34,43.45,45.33,45.1,45.79,43.88,45.56,45.14,45.55,53.67
2016-07-25 08:48:00-05:00,567.05316,578.59344,571665,35.5,0.0,568.8,30.71,319.9,,,,,,,,,,,-2147484000.0,,,,-7999.0,-7999.0,-7999.0,-7999.0,-7999.0,-7999.0,-7999.0,-7999.0,30.61,41.77,550.2,159.6,162.1,159.7,60.0,59.9,74.7,0.0,273.0,272.0,273.1,130.3,12.3,130.9,618.0,1439428.0,42564.0,133076.0,0.996,0.979,0.748,0.921,61.41,62.01,61.25,61.35,62.05,60.61,52.77,19.64,19.83,19.59,19.62,19.84,19.39,16.88,52776.0,53573.0,53030.0,52866.0,53860.0,51240.0,46630.0,2.122,281.9,11.84,2.9,3.512,2.0,-1.0,13.44,0.018,0.236,3.0,2.0,0.0,0.0,42.26,43.51,45.27,45.09,45.94,43.71,45.68,45.07,45.68,53.71
2016-07-25 08:49:00-05:00,567.40955,579.2659,571666,35.54,0.0,569.6,30.72,321.8,,,,,,,,,,,-2147484000.0,,,,-7999.0,-7999.0,-7999.0,-7999.0,-7999.0,-7999.0,-7999.0,-7999.0,30.74,42.05,549.1,159.9,162.5,160.0,60.0,59.9,74.7,0.0,272.8,271.9,273.0,130.5,12.34,131.1,618.0,1439430.0,42564.0,133076.0,0.996,0.979,0.748,0.921,61.0,61.87,61.1,61.06,61.61,60.44,52.72,19.63,19.91,19.66,19.65,19.82,19.45,16.97,52776.0,53574.0,53030.0,52866.0,53860.0,51241.0,46630.0,1.492,288.1,17.0,2.4,3.512,2.0,-1.0,13.44,0.018,0.236,3.0,2.0,0.0,0.0,42.56,43.62,45.31,44.99,46.07,43.63,45.87,45.04,45.96,53.79
2016-07-25 08:50:00-05:00,557.43,569.73944,571667,35.59,0.0,560.0,30.89,322.0,,,,,,,,,,,-2147484000.0,,,,-7999.0,-7999.0,-7999.0,-7999.0,-7999.0,-7999.0,-7999.0,-7999.0,30.93,42.57,539.5,157.0,159.6,157.1,60.0,59.9,74.7,0.0,272.6,271.6,273.0,128.2,11.95,128.7,618.0,1439432.0,42564.0,133077.0,0.996,0.979,0.748,0.921,59.94,60.62,59.98,59.92,60.42,59.41,51.67,19.29,19.51,19.3,19.29,19.45,19.12,16.63,52776.0,53574.0,53030.0,52866.0,53860.0,51241.0,46630.0,1.217,292.6,31.09,2.9,3.51,2.0,-1.0,13.44,0.018,0.236,3.0,2.0,0.0,0.0,42.95,44.29,45.4,45.43,46.49,44.15,46.05,45.47,46.24,53.78
2016-07-25 08:51:00-05:00,559.3309,571.75684,571668,35.65,0.0,562.9,30.89,318.4,,,,,,,,,,,-2147484000.0,,,,-7999.0,-7999.0,-7999.0,-7999.0,-7999.0,-7999.0,-7999.0,-7999.0,30.97,41.81,543.4,157.7,160.4,157.8,60.0,59.9,74.7,0.0,272.8,271.6,273.0,128.8,12.03,129.4,618.0,1439434.0,42564.0,133077.0,0.996,0.979,0.748,0.921,60.94,61.61,60.88,60.84,61.51,60.28,52.45,19.4,19.61,19.38,19.37,19.58,19.19,16.7,52776.0,53574.0,53031.0,52866.0,53860.0,51241.0,46630.0,2.628,307.0,9.74,3.7,3.512,2.0,-1.0,13.44,0.018,0.236,3.0,2.0,0.0,0.0,42.45,44.04,45.54,45.43,46.3,44.14,46.1,45.08,45.92,53.88
2016-07-25 08:52:00-05:00,574.6566,587.67163,571669,35.69,0.0,578.5,30.62,318.1,,,,,,,,,,,-2147484000.0,,,,-7999.0,-7999.0,-7999.0,-7999.0,-7999.0,-7999.0,-7999.0,-7999.0,30.58,40.72,559.2,162.5,165.1,162.6,60.0,59.9,74.7,0.0,272.1,271.0,273.0,132.5,12.62,133.1,618.0,1439436.0,42564.0,133077.0,0.995,0.979,0.748,0.921,62.85,63.52,62.72,62.72,63.49,62.12,54.02,19.99,20.21,19.95,19.95,20.2,19.76,17.18,52777.0,53574.0,53031.0,52867.0,53861.0,51241.0,46631.0,,0.0,0.0,,,2.0,-1.0,13.44,0.018,0.236,3.0,2.0,0.0,0.0,41.29,43.32,45.39,45.04,45.72,43.61,45.74,44.56,45.4,53.93
2016-07-25 08:53:00-05:00,577.6268,591.3701,571670,35.74,0.0,581.6,30.4,320.9,,,,,,,,,,,-2147484000.0,,,,-7999.0,-7999.0,-7999.0,-7999.0,-7999.0,-7999.0,-7999.0,-7999.0,30.43,39.95,560.8,163.7,166.2,163.7,60.0,59.9,74.7,0.0,272.0,271.0,273.0,133.4,12.8,134.0,618.0,1439439.0,42564.0,133077.0,0.995,0.979,0.748,0.921,62.72,63.37,62.75,62.62,63.14,61.98,53.94,20.12,20.33,20.14,20.09,20.26,19.89,17.31,52777.0,53574.0,53031.0,52867.0,53861.0,51241.0,46631.0,3.023,295.6,8.36,4.3,3.512,2.0,-1.0,13.44,0.018,0.236,3.0,2.0,0.0,0.0,40.5,42.72,44.99,44.47,45.3,42.93,45.37,43.95,45.26,53.98
2016-07-25 08:54:00-05:00,575.13184,589.3527,571671,35.78,0.0,579.5,30.43,321.6,,,,,,,,,,,-2147484000.0,,,,-7999.0,-7999.0,-7999.0,-7999.0,-7999.0,-7999.0,-7999.0,-7999.0,30.48,40.03,558.7,163.3,165.7,163.3,60.0,59.9,74.7,0.0,272.0,271.0,273.0,133.0,12.71,133.6,618.0,1439441.0,42564.0,133077.0,0.995,0.979,0.748,0.921,62.3,63.24,62.15,61.97,62.8,61.81,53.56,20.03,20.33,19.98,19.93,20.19,19.87,17.22,52777.0,53575.0,53031.0,52867.0,53861.0,51242.0,46631.0,2.268,297.7,8.5,3.3,3.512,2.0,-1.0,13.44,0.018,0.236,3.0,2.0,0.0,0.0,40.31,42.66,45.02,44.39,45.25,42.98,45.28,44.08,45.23,54.03
2016-07-25 08:55:00-05:00,581.90375,596.4136,571672,35.82,0.0,586.7,30.63,320.0,,,,,,,,,,,-2147484000.0,,,,-7999.0,-7999.0,-7999.0,-7999.0,-7999.0,-7999.0,-7999.0,-7999.0,30.6,40.25,565.8,165.5,167.9,165.5,60.0,59.9,74.7,0.0,272.0,271.0,272.8,134.7,12.99,135.3,618.0,1439443.0,42564.0,133078.0,0.995,0.979,0.748,0.921,63.34,64.26,63.3,63.12,63.94,62.83,54.56,20.27,20.56,20.26,20.2,20.46,20.1,17.46,52777.0,53575.0,53032.0,52867.0,53861.0,51242.0,46631.0,1.837,290.0,11.5,3.1,3.512,2.0,-1.0,13.44,0.018,0.236,3.0,2.0,0.0,0.0,40.45,42.75,44.94,44.34,45.26,42.72,45.08,43.91,45.25,54.06
2016-07-25 08:56:00-05:00,594.3782,609.3023,571673,35.85,0.0,599.8,30.77,318.3,,,,,,,,,,,-2147484000.0,,,,-7999.0,-7999.0,-7999.0,-7999.0,-7999.0,-7999.0,-7999.0,-7999.0,30.69,40.7,579.7,168.2,170.6,168.2,60.0,59.9,74.7,0.0,272.9,271.9,273.8,137.3,13.38,138.0,618.0,1439445.0,42564.0,133078.0,0.995,0.979,0.748,0.921,65.0,65.96,65.08,64.99,65.72,64.39,56.08,20.69,20.99,20.71,20.68,20.92,20.49,17.85,52778.0,53575.0,53032.0,52868.0,53862.0,51242.0,46632.0,1.843,287.4,16.96,2.4,3.51,2.0,-1.0,13.44,0.019,0.237,3.0,2.0,0.0,0.0,40.72,43.05,45.23,44.57,45.51,43.17,45.25,44.1,45.65,54.06
2016-07-25 08:57:00-05:00,602.3381,617.70807,571674,35.9,0.0,608.0,30.69,320.6,,,,,,,,,,,-2147484000.0,,,,-7999.0,-7999.0,-7999.0,-7999.0,-7999.0,-7999.0,-7999.0,-7999.0,30.54,40.77,586.5,170.5,172.8,170.5,60.0,59.9,74.7,0.0,272.9,271.9,273.2,139.1,13.67,139.8,618.0,1439448.0,42564.0,133078.0,0.995,0.979,0.748,0.921,65.33,66.27,65.35,65.35,66.02,64.69,56.33,20.94,21.25,20.95,20.95,21.17,20.74,18.06,52778.0,53576.0,53032.0,52868.0,53862.0,51242.0,46632.0,1.657,300.0,16.81,2.7,3.512,2.0,-1.0,13.44,0.019,0.237,3.0,2.0,0.0,0.0,41.08,43.31,45.53,44.99,45.68,43.61,45.65,44.65,45.86,54.17
2016-07-25 08:58:00-05:00,606.2586,621.967,571675,35.94,0.0,612.1,30.77,320.1,,,,,,,,,,,-2147484000.0,,,,-7999.0,-7999.0,-7999.0,-7999.0,-7999.0,-7999.0,-7999.0,-7999.0,30.64,41.14,590.1,171.4,173.7,171.4,60.0,59.9,74.7,0.0,272.9,271.8,273.2,139.8,13.79,140.5,618.0,1439450.0,42564.0,133078.0,0.995,0.979,0.748,0.921,65.73,66.61,65.75,65.86,66.43,65.0,56.69,21.04,21.32,21.05,21.08,21.27,20.81,18.15,52778.0,53576.0,53032.0,52868.0,53862.0,51243.0,46632.0,,0.0,0.0,,,2.0,-1.0,13.44,0.019,0.237,3.0,2.0,0.0,0.0,41.44,43.54,45.86,45.34,46.02,44.05,45.97,45.11,46.3,54.16
2016-07-25 08:59:00-05:00,606.3774,622.30316,571676,35.98,0.0,612.8,30.78,319.7,,,,,,,,,,,-2147484000.0,,,,-7999.0,-7999.0,-7999.0,-7999.0,-7999.0,-7999.0,-7999.0,-7999.0,30.78,41.83,590.5,171.2,173.5,171.1,60.0,59.9,74.7,0.0,273.0,272.0,273.8,139.7,13.77,140.4,618.0,1439452.0,42564.0,133079.0,0.995,0.979,0.748,0.921,65.86,66.73,65.86,65.94,66.44,65.18,56.84,21.05,21.33,21.06,21.08,21.24,20.84,18.17,52778.0,53577.0,53033.0,52868.0,53863.0,51243.0,46632.0,,0.0,0.0,,,2.0,-1.0,13.44,0.019,0.237,3.0,2.0,0.0,0.0,41.93,43.9,46.2,45.68,46.48,44.39,46.28,45.66,46.64,54.16
2016-07-25 09:00:00-05:00,605.18933,621.18243,571677,36.02,0.0,611.9,31.1,319.8,,,,,,,,,,,-2147484000.0,,,,-7999.0,-7999.0,-7999.0,-7999.0,-7999.0,-7999.0,-7999.0,-7999.0,31.05,42.73,589.1,170.4,172.7,170.3,60.0,59.9,74.7,0.0,273.1,272.0,274.0,139.3,13.67,140.0,618.0,1439455.0,42564.0,133079.0,0.995,0.979,0.748,0.921,65.71,66.48,65.62,65.56,66.25,64.99,56.58,21.01,21.26,20.98,20.97,21.19,20.78,18.09,52779.0,53577.0,53033.0,52869.0,53863.0,51243.0,46633.0,1.915,300.2,13.82,2.5,3.51,2.0,-1.0,13.44,0.019,0.237,3.0,2.0,0.0,0.0,42.62,44.8,46.72,46.25,46.95,45.02,46.69,46.16,46.59,54.26
2016-07-25 09:01:00-05:00,609.58514,625.7775,571678,36.07,0.0,616.8,31.25,317.9,,,,,,,,,,,-2147484000.0,,,,-7999.0,-7999.0,-7999.0,-7999.0,-7999.0,-7999.0,-7999.0,-7999.0,31.21,43.46,594.4,171.5,173.8,171.4,60.0,59.9,74.7,0.0,273.0,272.0,274.0,140.1,13.82,140.8,618.0,1439457.0,42564.0,133079.0,0.995,0.979,0.748,0.921,66.48,67.32,66.33,66.38,67.11,65.77,57.22,21.13,21.4,21.09,21.1,21.33,20.91,18.19,52779.0,53578.0,53033.0,52869.0,53864.0,51243.0,46633.0,,0.0,0.0,,,2.0,-1.0,13.44,0.019,0.237,3.0,2.0,0.0,0.0,43.72,45.19,46.97,46.69,47.26,45.62,46.9,46.43,46.82,54.3
2016-07-25 09:02:00-05:00,615.4065,631.7176,571679,36.13,0.0,622.5,31.45,317.9,,,,,,,,,,,-2147484000.0,,,,-7999.0,-7999.0,-7999.0,-7999.0,-7999.0,-7999.0,-7999.0,-7999.0,31.49,43.99,598.8,172.8,175.0,172.7,60.0,59.9,74.7,0.0,273.0,272.0,274.0,141.1,13.96,141.8,618.0,1439459.0,42564.0,133079.0,0.995,0.979,0.748,0.921,66.83,67.67,66.8,66.91,67.55,66.22,57.72,21.24,21.51,21.24,21.27,21.47,21.05,18.35,52779.0,53578.0,53034.0,52870.0,53864.0,51244.0,46633.0,,0.0,0.0,,,2.0,-1.0,13.44,0.019,0.237,3.0,2.0,0.0,0.0,44.53,45.8,47.28,46.96,47.69,46.04,47.17,47.13,47.38,54.35
2016-07-25 09:03:00-05:00,602.69446,619.053,571680,36.17,0.0,610.3,31.54,319.9,,,,,,,,,,,-2147484000.0,,,,-7999.0,-7999.0,-7999.0,-7999.0,-7999.0,-7999.0,-7999.0,-7999.0,31.55,44.47,585.4,169.0,171.3,168.9,60.0,59.9,74.7,0.0,273.0,272.0,274.0,138.0,13.46,138.7,618.0,1439462.0,42564.0,133079.0,0.995,0.979,0.748,0.921,64.82,65.63,65.03,65.11,65.54,64.15,56.19,20.73,20.99,20.79,20.82,20.96,20.51,17.97,52780.0,53578.0,53034.0,52870.0,53864.0,51244.0,46633.0,1.593,286.9,19.72,2.6,3.508,2.0,-1.0,13.44,0.019,0.237,3.0,2.0,0.0,0.0,45.11,46.07,47.56,47.28,48.0,46.48,47.54,47.62,47.67,54.4
2016-07-25 09:04:00-05:00,602.69446,618.8288,571681,36.23,0.0,611.2,31.49,315.1,,,,,,,,,,,-2147484000.0,,,,-7999.0,-7999.0,-7999.0,-7999.0,-7999.0,-7999.0,-7999.0,-7999.0,31.54,45.0,587.8,168.7,171.1,168.7,60.0,59.9,74.7,0.0,273.5,272.4,274.0,138.0,13.44,138.7,618.0,1439464.0,42564.0,133080.0,0.995,0.979,0.748,0.921,65.76,66.77,65.98,66.18,66.78,65.12,57.12,20.71,21.03,20.78,20.85,21.04,20.51,17.99,52780.0,53579.0,53034.0,52870.0,53865.0,51244.0,46633.0,1.863,275.1,11.65,2.6,3.512,2.0,-1.0,13.44,0.019,0.237,3.0,2.0,0.0,0.0,45.77,46.1,47.62,47.2,48.08,46.19,47.66,47.26,47.95,54.45
2016-07-25 09:05:00-05:00,605.427,621.85486,571682,36.29,0.0,613.8,31.44,313.2,,,,,,,,,,,-2147484000.0,,,,-7999.0,-7999.0,-7999.0,-7999.0,-7999.0,-7999.0,-7999.0,-7999.0,31.38,45.41,588.6,169.1,171.4,169.1,60.0,59.9,74.7,0.0,273.5,272.2,274.0,138.4,13.47,139.0,618.0,1439466.0,42564.0,133080.0,0.995,0.979,0.748,0.921,66.82,67.34,66.56,66.53,67.2,66.02,57.34,20.92,21.08,20.84,20.83,21.04,20.67,17.95,52780.0,53579.0,53035.0,52870.0,53865.0,51245.0,46634.0,1.832,291.5,17.29,3.0,3.51,2.0,-1.0,13.41,-0.012,0.237,3.0,2.0,0.0,0.001,46.18,46.53,47.69,47.25,48.1,46.25,47.72,47.46,48.0,54.55
2016-07-25 09:06:00-05:00,641.4247,658.9521,571683,36.33,0.0,650.3,31.52,312.5,,,,,,,,,,,-2147484000.0,,,,-7999.0,-7999.0,-7999.0,-7999.0,-7999.0,-7999.0,-7999.0,-7999.0,31.41,45.33,625.0,179.4,181.3,179.2,60.0,59.9,74.7,0.0,273.0,272.0,274.0,146.4,14.81,147.2,618.0,1439469.0,42564.0,133080.0,0.995,0.979,0.748,0.921,70.72,71.48,70.56,70.6,71.22,70.03,60.81,22.1,22.34,22.05,22.06,22.25,21.88,19.0,52781.0,53580.0,53035.0,52871.0,53866.0,51245.0,46634.0,,0.0,0.0,,,2.0,-1.0,13.41,-0.045,0.238,3.0,2.0,0.0,0.001,46.25,46.34,47.9,47.41,48.4,46.28,47.83,47.73,47.87,54.55
2016-07-25 09:07:00-05:00,643.08795,661.1936,571684,36.39,0.0,651.8,31.55,316.5,,,,,,,,,,,-2147484000.0,,,,-7999.0,-7999.0,-7999.0,-7999.0,-7999.0,-7999.0,-7999.0,-7999.0,31.5,45.8,625.6,179.9,181.9,179.8,60.0,59.9,74.7,0.0,273.1,272.0,274.0,146.9,14.86,147.6,618.0,1439471.0,42564.0,133080.0,0.995,0.979,0.748,0.921,70.11,70.78,69.99,69.96,70.55,69.28,60.3,22.19,22.4,22.15,22.14,22.33,21.92,19.08,52781.0,53580.0,53036.0,52871.0,53866.0,51245.0,46634.0,1.855,308.1,17.88,2.9,3.512,2.0,-1.0,13.41,0.004,0.238,3.0,2.0,0.0,0.001,46.61,46.05,47.98,47.36,48.29,46.12,48.05,47.64,47.98,54.63
2016-07-25 09:08:00-05:00,645.82043,664.1076,571685,36.45,0.0,652.6,31.94,314.4,,,,,,,,,,,-2147484000.0,,,,-7999.0,-7999.0,-7999.0,-7999.0,-7999.0,-7999.0,-7999.0,-7999.0,32.13,46.26,627.8,180.7,182.6,180.6,60.0,59.9,74.7,0.0,273.0,272.0,273.9,147.3,14.95,148.1,618.0,1439474.0,42564.0,133081.0,0.995,0.979,0.748,0.921,70.87,71.44,70.67,70.7,71.1,70.01,60.82,22.28,22.46,22.22,22.23,22.35,22.01,19.12,52782.0,53580.0,53036.0,52872.0,53867.0,51246.0,46634.0,2.045,296.2,9.62,2.8,3.512,2.0,-1.0,13.41,0.011,0.238,3.0,2.0,0.0,0.001,47.13,46.38,48.15,47.65,48.51,46.24,48.32,47.92,47.92,54.68
2016-07-25 09:09:00-05:00,656.7504,675.53937,571686,36.51,0.0,666.2,31.75,313.5,,,,,,,,,,,-2147484000.0,,,,-7999.0,-7999.0,-7999.0,-7999.0,-7999.0,-7999.0,-7999.0,-7999.0,31.86,46.27,639.0,183.6,185.4,183.4,60.0,59.9,74.7,0.0,273.0,272.0,274.0,149.7,15.31,150.4,618.0,1439476.0,42564.0,133081.0,0.995,0.979,0.748,0.921,72.3,72.9,72.15,72.02,72.37,71.47,62.01,22.66,22.85,22.61,22.57,22.68,22.4,19.44,52782.0,53581.0,53037.0,52872.0,53867.0,51246.0,46635.0,1.692,291.5,14.41,2.9,3.512,2.0,-1.0,13.41,0.014,0.239,3.0,2.0,0.0,0.001,46.96,46.64,48.36,47.82,48.8,46.63,48.54,47.9,48.07,54.78
2016-07-25 09:10:00-05:00,663.7599,683.27264,571687,36.58,0.0,673.3,31.36,314.5,,,,,,,,,,,-2147484000.0,,,,-7999.0,-7999.0,-7999.0,-7999.0,-7999.0,-7999.0,-7999.0,-7999.0,31.45,46.21,645.8,185.5,187.2,185.3,60.0,59.9,74.7,0.0,273.0,272.0,274.0,151.2,15.58,152.0,618.0,1439479.0,42564.0,133081.0,0.995,0.979,0.748,0.921,72.79,73.41,72.49,72.45,72.81,72.0,62.26,22.89,23.08,22.8,22.78,22.9,22.64,19.58,52783.0,53581.0,53037.0,52873.0,53868.0,51247.0,46635.0,1.357,301.5,12.55,2.2,3.512,2.0,-1.0,13.41,0.014,0.239,3.0,2.0,0.0,0.001,46.73,46.9,48.73,48.14,49.19,47.05,48.65,48.37,48.53,54.84
2016-07-25 09:11:00-05:00,666.6112,686.41077,571688,36.65,0.0,673.9,31.21,314.6,,,,,,,,,,,-2147484000.0,,,,-7999.0,-7999.0,-7999.0,-7999.0,-7999.0,-7999.0,-7999.0,-7999.0,31.38,46.4,648.7,186.1,187.8,185.9,60.0,59.9,74.7,0.0,273.0,272.0,273.8,151.6,15.62,152.4,618.0,1439481.0,42564.0,133081.0,0.995,0.979,0.748,0.921,72.9,73.57,72.67,72.66,72.86,72.13,62.36,22.93,23.14,22.86,22.86,22.92,22.69,19.62,52783.0,53582.0,53038.0,52873.0,53868.0,51247.0,46635.0,1.528,288.1,19.94,2.2,3.512,2.0,-1.0,13.41,0.015,0.239,3.0,2.0,0.0,0.001,47.07,46.92,49.0,48.52,49.64,47.35,48.88,48.82,48.72,54.94
2016-07-25 09:12:00-05:00,668.9873,688.8764,571689,36.72,0.0,676.5,31.35,313.8,,,,,,,,,,,-2147484000.0,,,,-7999.0,-7999.0,-7999.0,-7999.0,-7999.0,-7999.0,-7999.0,-7999.0,31.53,46.61,651.1,186.4,188.0,186.2,60.0,59.9,74.7,0.0,273.0,272.0,273.9,151.8,15.66,152.6,618.0,1439484.0,42564.0,133082.0,0.995,0.979,0.748,0.921,73.25,74.02,73.04,72.88,73.2,72.56,62.6,22.99,23.23,22.92,22.87,22.97,22.77,19.64,52784.0,53582.0,53038.0,52874.0,53868.0,51248.0,46635.0,1.375,290.9,14.44,2.0,3.512,2.0,-1.0,13.41,0.016,0.239,3.0,2.0,0.0,0.0,47.16,47.33,49.34,49.04,50.14,47.76,49.31,49.35,49.15,54.99
2016-07-25 09:13:00-05:00,671.007,691.23004,571690,36.79,0.0,677.9,31.44,313.4,,,,,,,,,,,-2147484000.0,,,,-7999.0,-7999.0,-7999.0,-7999.0,-7999.0,-7999.0,-7999.0,-7999.0,31.59,46.61,653.9,186.7,188.3,186.5,60.0,59.9,74.7,0.0,273.0,272.0,273.8,152.0,15.71,152.8,618.0,1439486.0,42564.0,133082.0,0.995,0.979,0.748,0.921,73.62,74.18,73.2,73.1,73.51,72.63,62.7,23.07,23.24,22.94,22.91,23.03,22.76,19.65,52784.0,53583.0,53038.0,52874.0,53869.0,51248.0,46636.0,1.533,311.6,14.29,2.5,3.512,2.0,-1.0,13.41,0.016,0.239,3.0,2.0,0.0,0.0,47.17,47.74,49.6,49.21,50.12,48.18,49.71,49.47,49.39,55.07
2016-07-25 09:14:00-05:00,674.3335,695.04065,571691,36.87,0.0,681.6,31.48,312.1,,,,,,,,,,,-2147484000.0,,,,-7999.0,-7999.0,-7999.0,-7999.0,-7999.0,-7999.0,-7999.0,-7999.0,31.51,46.1,657.2,187.8,189.4,187.6,60.0,59.9,74.7,0.0,272.4,271.6,273.1,152.8,15.83,153.6,618.0,1439489.0,42564.0,133082.0,0.995,0.979,0.748,0.921,74.37,74.94,74.03,73.79,74.14,73.42,63.39,23.21,23.38,23.1,23.03,23.14,22.91,19.78,52785.0,53583.0,53039.0,52875.0,53869.0,51249.0,46636.0,1.912,298.7,19.85,2.6,3.51,2.0,-1.0,13.41,0.016,0.239,3.0,2.0,0.0,0.0,46.8,47.33,49.54,48.79,49.91,47.49,49.78,48.66,49.23,55.09
2016-07-25 09:15:00-05:00,677.066,698.1788,571692,36.95,0.0,684.2,31.74,312.9,,,,,,,,,,,-2147484000.0,,,,-7999.0,-7999.0,-7999.0,-7999.0,-7999.0,-7999.0,-7999.0,-7999.0,31.81,46.97,659.9,188.7,190.2,188.4,60.0,59.9,74.7,0.0,272.3,271.6,273.0,153.4,15.94,154.3,618.0,1439491.0,42564.0,133083.0,0.995,0.979,0.748,0.921,74.38,74.98,74.07,73.82,73.98,73.48,63.49,23.27,23.46,23.18,23.1,23.15,22.99,19.87,52785.0,53584.0,53039.0,52875.0,53870.0,51249.0,46636.0,2.075,307.5,9.25,2.8,3.512,2.0,-1.0,13.41,0.016,0.239,3.0,2.0,0.0,0.0,47.57,47.66,49.78,49.2,50.16,47.95,50.12,49.23,49.21,55.19
2016-07-25 09:16:00-05:00,679.32324,700.4203,571693,37.02,0.0,686.0,31.95,312.4,,,,,,,,,,,-2147484000.0,,,,-7999.0,-7999.0,-7999.0,-7999.0,-7999.0,-7999.0,-7999.0,-7999.0,31.86,47.12,662.3,189.3,190.8,189.0,60.0,59.9,74.7,0.0,272.0,271.1,273.0,153.8,16.0,154.6,618.0,1439494.0,42564.0,133083.0,0.995,0.979,0.748,0.921,74.77,75.37,74.44,74.12,74.23,73.85,63.71,23.35,23.54,23.25,23.15,23.19,23.07,19.9,52786.0,53584.0,53040.0,52876.0,53870.0,51250.0,46636.0,,0.0,0.0,,,2.0,-1.0,13.41,0.017,0.239,3.0,2.0,0.0,0.0,47.86,47.94,49.72,49.25,50.34,47.47,50.26,49.02,49.36,55.2
2016-07-25 09:17:00-05:00,681.8181,703.44635,571694,37.1,0.0,688.9,32.09,312.0,,,,,,,,,,,-2147484000.0,,,,-7999.0,-7999.0,-7999.0,-7999.0,-7999.0,-7999.0,-7999.0,-7999.0,32.06,47.45,664.6,189.9,191.4,189.7,60.0,59.9,74.7,0.0,272.0,271.1,273.0,154.3,16.05,155.1,618.0,1439496.0,42564.0,133083.0,0.995,0.979,0.748,0.921,74.93,75.67,74.78,74.38,74.58,74.18,63.99,23.38,23.61,23.33,23.2,23.27,23.14,19.96,52786.0,53585.0,53040.0,52876.0,53871.0,51250.0,46637.0,,0.0,0.0,,,2.0,-1.0,13.41,0.017,0.239,3.0,2.0,0.0,0.0,48.3,47.79,49.42,48.94,50.22,47.11,50.14,48.65,49.61,55.3
2016-07-25 09:18:00-05:00,683.6002,705.46375,571695,37.17,0.0,690.7,32.09,311.7,,,,,,,,,,,-2147484000.0,,,,-7999.0,-7999.0,-7999.0,-7999.0,-7999.0,-7999.0,-7999.0,-7999.0,32.27,48.08,666.7,190.4,191.8,190.1,60.0,59.9,74.7,0.0,272.0,271.0,272.9,154.4,16.09,155.2,618.0,1439499.0,42564.0,133083.0,0.995,0.979,0.748,0.921,75.06,75.66,74.96,74.77,74.87,74.13,64.12,23.4,23.59,23.36,23.31,23.34,23.11,19.99,52787.0,53585.0,53041.0,52877.0,53871.0,51251.0,46637.0,,0.0,0.0,,,2.0,-1.0,13.41,0.017,0.239,3.0,2.0,0.0,0.0,49.08,48.41,49.81,49.44,50.76,48.22,50.15,49.38,50.08,55.4
2016-07-25 09:19:00-05:00,686.45154,708.4898,571696,37.25,0.0,693.6,32.15,311.3,,,,,,,,,,,-2147484000.0,,,,-7999.0,-7999.0,-7999.0,-7999.0,-7999.0,-7999.0,-7999.0,-7999.0,32.73,49.24,668.9,190.9,192.3,190.6,60.0,59.9,74.7,0.0,272.0,271.0,272.8,154.8,16.17,155.6,618.0,1439502.0,42564.0,133084.0,0.995,0.979,0.748,0.921,75.33,75.89,75.12,75.05,75.14,74.41,64.41,23.45,23.62,23.38,23.36,23.39,23.16,20.05,52787.0,53586.0,53041.0,52877.0,53872.0,51251.0,46637.0,1.067,214.4,29.39,2.1,3.512,2.0,-1.0,13.41,0.017,0.239,3.0,2.0,0.0,0.0,50.14,49.39,50.37,50.22,51.28,49.36,50.4,50.51,50.69,55.48
2016-07-25 09:20:00-05:00,687.402,709.4985,571697,37.33,0.0,695.7,32.41,310.7,,,,,,,,,,,-2147484000.0,,,,-7999.0,-7999.0,-7999.0,-7999.0,-7999.0,-7999.0,-7999.0,-7999.0,33.25,50.22,670.2,190.9,192.4,190.6,60.0,59.9,74.7,0.0,272.0,271.0,272.6,154.8,16.17,155.6,618.0,1439504.0,42564.0,133084.0,0.995,0.979,0.748,0.921,75.5,76.16,75.39,75.13,75.35,74.76,64.64,23.46,23.66,23.42,23.34,23.41,23.23,20.08,52787.0,53586.0,53042.0,52878.0,53872.0,51252.0,46637.0,0.885,211.2,37.2,1.7,3.512,2.0,-1.0,13.41,0.017,0.239,3.0,2.0,0.0,0.0,51.02,49.97,51.19,50.93,51.84,50.1,51.0,51.42,51.38,55.56
2016-07-25 09:21:00-05:00,691.0849,713.0849,571698,37.43,0.0,700.2,32.07,310.1,,,,,,,,,,,-2147484000.0,,,,-7999.0,-7999.0,-7999.0,-7999.0,-7999.0,-7999.0,-7999.0,-7999.0,32.63,50.38,674.4,191.9,193.3,191.6,60.0,59.9,74.7,0.0,271.4,270.7,272.2,155.4,16.3,156.3,618.0,1439507.0,42564.0,133084.0,0.995,0.979,0.748,0.921,75.87,76.58,75.8,75.66,75.87,75.07,65.08,23.52,23.74,23.5,23.46,23.52,23.27,20.18,52788.0,53587.0,53042.0,52878.0,53873.0,51252.0,46637.0,,0.0,0.0,,,2.0,-1.0,13.41,0.017,0.239,3.0,2.0,0.0,0.0,51.41,50.36,51.5,51.22,52.2,50.85,51.1,51.86,51.78,55.64
2016-07-25 09:22:00-05:00,695.48065,717.4559,571699,37.52,0.0,704.4,31.87,310.1,,,,,,,,,,,-2147484000.0,,,,-7999.0,-7999.0,-7999.0,-7999.0,-7999.0,-7999.0,-7999.0,-7999.0,32.34,50.5,677.8,192.7,194.2,192.4,60.0,59.9,74.7,0.0,271.3,270.7,272.3,156.1,16.41,157.0,618.0,1439509.0,42564.0,133084.0,0.995,0.979,0.748,0.921,76.12,76.9,76.09,75.78,76.24,75.37,65.46,23.6,23.85,23.59,23.5,23.64,23.37,20.3,52788.0,53587.0,53043.0,52878.0,53873.0,51253.0,46638.0,1.968,238.2,10.95,2.9,3.512,2.0,-1.0,13.41,0.017,0.239,3.0,2.0,0.0,0.0,51.7,50.48,51.77,51.48,52.26,51.05,51.4,51.77,51.95,55.76
2016-07-25 09:23:00-05:00,697.738,719.9215,571700,37.59,0.0,705.9,31.71,309.5,,,,,,,,,,,-2147484000.0,,,,-7999.0,-7999.0,-7999.0,-7999.0,-7999.0,-7999.0,-7999.0,-7999.0,32.41,51.02,680.0,193.0,194.4,192.7,60.0,59.9,74.7,0.0,271.4,270.5,272.3,156.3,16.4,157.2,618.0,1439512.0,42564.0,133085.0,0.895,0.979,0.748,0.921,76.51,77.05,76.27,76.29,76.64,75.59,65.66,23.68,23.84,23.6,23.61,23.72,23.39,20.32,52789.0,53588.0,53043.0,52879.0,53874.0,51253.0,46638.0,1.375,225.8,19.75,2.1,3.512,2.0,-1.0,13.41,0.017,0.24,3.0,2.0,0.0,0.0,52.1,50.95,51.91,51.89,52.49,51.69,51.28,52.54,52.25,55.84
2016-07-25 09:24:00-05:00,700.47046,722.6114,571701,37.66,0.0,713.2,31.49,308.3,,,,,,,,,,,-2147484000.0,,,,-7999.0,-7999.0,-7999.0,-7999.0,-7999.0,-7999.0,-7999.0,-7999.0,31.75,50.84,682.6,193.4,194.8,193.1,60.0,59.9,74.7,0.0,272.0,271.0,272.7,156.7,16.47,157.6,618.0,1439515.0,42564.0,133085.0,0.995,0.979,0.748,0.921,76.95,77.71,76.91,76.74,76.95,76.23,66.24,23.72,23.95,23.71,23.65,23.72,23.5,20.42,52789.0,53588.0,53044.0,52879.0,53874.0,51253.0,46638.0,1.783,250.4,10.25,2.5,3.512,2.0,-1.0,13.41,0.018,0.24,3.0,2.0,0.0,0.0,52.14,50.86,52.31,52.03,52.8,51.77,51.56,52.65,52.59,55.92
2016-07-25 09:25:00-05:00,702.60895,725.18915,571702,37.71,0.0,716.1,31.67,308.9,,,,,,,,,,,-2147484000.0,,,,-7999.0,-7999.0,-7999.0,-7999.0,-7999.0,-7999.0,-7999.0,-7999.0,31.97,51.1,684.7,193.8,195.2,193.5,60.0,59.9,74.7,0.0,272.0,271.0,272.9,157.1,16.54,158.0,618.0,1439517.0,42564.0,133085.0,0.995,0.979,0.748,0.921,77.01,77.76,76.86,76.54,77.11,76.3,66.14,23.79,24.02,23.74,23.64,23.82,23.57,20.43,52790.0,53588.0,53044.0,52880.0,53875.0,51254.0,46638.0,1.355,236.0,17.73,2.4,3.512,2.0,-1.0,13.41,0.018,0.24,3.0,2.0,0.0,0.0,52.62,50.86,52.22,51.66,52.56,50.8,51.68,52.37,52.78,56.0
2016-07-25 09:26:00-05:00,704.6286,727.0944,571703,37.77,0.0,717.1,32.07,308.9,,,,,,,,,,,-2147484000.0,,,,-7999.0,-7999.0,-7999.0,-7999.0,-7999.0,-7999.0,-7999.0,-7999.0,32.57,51.16,686.3,193.7,195.1,193.4,60.0,59.9,74.7,0.0,272.4,271.5,273.4,157.5,16.57,158.4,618.0,1439520.0,42564.0,133086.0,0.995,0.979,0.748,0.921,77.06,77.93,77.1,76.83,77.38,76.42,66.28,23.8,24.07,23.81,23.73,23.9,23.6,20.47,52790.0,53589.0,53045.0,52880.0,53875.0,51254.0,46639.0,1.588,235.4,23.14,3.0,3.51,2.0,-1.0,13.41,0.018,0.24,3.0,2.0,0.0,0.0,52.74,51.19,52.42,52.07,52.68,51.58,51.72,53.06,53.03,56.07
2016-07-25 09:27:00-05:00,706.41064,728.8877,571704,37.83,0.0,720.2,31.87,308.6,,,,,,,,,,,-2147484000.0,,,,-7999.0,-7999.0,-7999.0,-7999.0,-7999.0,-7999.0,-7999.0,-7999.0,32.49,51.41,688.3,193.8,195.2,193.5,60.0,59.9,74.7,0.0,273.0,272.0,274.0,157.8,16.59,158.7,618.0,1439522.0,42564.0,133086.0,0.995,0.979,0.748,0.921,77.2,77.95,77.22,76.97,77.65,76.49,66.44,23.83,24.06,23.83,23.75,23.97,23.61,20.51,52791.0,53589.0,53045.0,52881.0,53875.0,51255.0,46639.0,,0.0,0.0,,,2.0,-1.0,13.41,0.018,0.24,3.0,2.0,0.0,0.0,52.78,51.49,52.23,52.29,52.77,51.97,51.01,53.57,53.14,56.18
2016-07-25 09:28:00-05:00,708.19275,730.79297,571705,37.88,0.0,721.4,31.91,309.1,,,,,,,,,,,-2147484000.0,,,,-7999.0,-7999.0,-7999.0,-7999.0,-7999.0,-7999.0,-7999.0,-7999.0,32.49,51.56,690.2,194.1,195.4,193.8,60.0,59.9,74.7,0.0,273.0,272.0,274.0,158.0,16.61,158.9,618.0,1439525.0,42564.0,133086.0,0.995,0.979,0.748,0.921,77.37,78.1,76.95,76.87,77.87,76.66,66.24,23.91,24.14,23.78,23.76,24.07,23.69,20.47,52791.0,53590.0,53046.0,52881.0,53876.0,51255.0,46639.0,1.418,244.6,16.53,2.5,3.512,2.5,-1.0,13.41,0.018,0.24,3.0,2.0,0.0,0.0,52.98,51.69,52.63,52.54,53.03,52.26,51.54,53.51,53.33,56.25
2016-07-25 09:29:00-05:00,711.40045,733.819,571706,37.93,0.0,721.6,32.13,307.5,,,,,,,,,,,-2147484000.0,,,,-7999.0,-7999.0,-7999.0,-7999.0,-7999.0,-7999.0,-7999.0,-7999.0,32.76,52.18,693.1,194.5,195.9,194.2,60.0,59.9,74.7,0.0,273.0,272.0,274.0,158.5,16.65,159.3,618.0,1439528.0,42564.0,133086.0,0.995,0.979,0.748,0.921,77.79,78.49,77.86,77.55,78.18,77.17,67.0,23.92,24.13,23.94,23.84,24.04,23.73,20.6,52792.0,53590.0,53046.0,52882.0,53876.0,51256.0,46639.0,1.042,239.0,34.09,1.6,3.51,2.0,-1.0,13.41,0.018,0.24,3.0,2.0,0.0,0.0,53.58,51.88,52.68,52.51,53.26,52.03,51.79,53.49,53.58,56.33
2016-07-25 09:30:00-05:00,713.8953,736.6209,571707,37.99,0.0,723.3,32.19,307.6,,,,,,,,,,,-2147484000.0,,,,-7999.0,-7999.0,-7999.0,-7999.0,-7999.0,-7999.0,-7999.0,-7999.0,32.76,52.5,695.6,195.1,196.3,194.8,60.0,59.9,74.7,0.0,273.0,272.0,274.0,158.9,16.74,159.8,618.0,1439530.0,42564.0,133087.0,0.994,0.979,0.748,0.921,78.06,78.94,78.07,77.8,78.41,77.56,67.14,24.01,24.28,24.01,23.93,24.12,23.86,20.65,52792.0,53591.0,53046.0,52882.0,53877.0,51256.0,46640.0,1.14,283.3,28.99,2.0,3.512,2.0,-1.0,13.41,0.018,0.24,3.0,2.0,0.0,0.0,54.03,52.28,53.07,52.97,53.82,52.9,52.11,54.07,53.71,56.4
2016-07-25 09:31:00-05:00,716.8654,739.75903,571708,38.04,0.0,728.0,32.77,306.8,,,,,,,,,,,-2147484000.0,,,,-7999.0,-7999.0,-7999.0,-7999.0,-7999.0,-7999.0,-7999.0,-7999.0,33.65,53.5,697.7,195.8,197.0,195.4,60.0,59.9,74.7,0.0,273.0,272.0,274.0,159.4,16.8,160.3,618.0,1439533.0,42564.0,133087.0,0.994,0.979,0.748,0.921,78.61,79.23,78.54,78.21,78.86,77.91,67.58,24.12,24.31,24.09,23.99,24.19,23.9,20.73,52793.0,53591.0,53047.0,52883.0,53877.0,51257.0,46640.0,1.63,297.7,16.1,2.3,3.512,2.0,-1.0,13.41,0.019,0.24,3.0,2.0,0.0,0.0,54.73,52.59,53.41,53.39,54.11,53.57,52.41,54.32,53.41,56.48
2016-07-25 09:32:00-05:00,719.59796,743.0093,571709,38.1,0.0,731.2,33.27,306.7,,,,,,,,,,,-2147484000.0,,,,-7999.0,-7999.0,-7999.0,-7999.0,-7999.0,-7999.0,-7999.0,-7999.0,34.1,53.5,700.4,196.6,197.8,196.2,60.0,59.9,74.7,0.0,273.0,272.0,274.0,160.0,16.93,160.8,618.0,1439536.0,42564.0,133087.0,0.994,0.979,0.748,0.921,79.0,79.59,78.77,78.38,79.07,78.26,67.71,24.23,24.41,24.16,24.04,24.25,24.01,20.77,52793.0,53592.0,53047.0,52883.0,53878.0,51257.0,46640.0,1.833,304.7,10.97,2.9,3.512,2.0,-1.0,13.39,0.013,0.24,3.0,2.0,0.0,0.0,54.82,52.77,53.71,53.54,53.92,53.38,52.7,54.26,53.34,56.58
2016-07-25 09:33:00-05:00,721.97406,746.3715,571710,38.18,0.0,735.1,33.22,306.1,,,,,,,,,,,-2147484000.0,,,,-7999.0,-7999.0,-7999.0,-7999.0,-7999.0,-7999.0,-7999.0,-7999.0,33.64,53.3,703.1,197.3,198.5,197.0,60.0,59.9,74.7,0.0,273.0,272.0,274.0,160.5,17.04,161.4,618.0,1439538.0,42564.0,133087.0,0.994,0.979,0.748,0.921,79.63,80.0,79.1,78.92,79.59,78.64,67.92,24.37,24.49,24.21,24.15,24.36,24.07,20.79,52794.0,53592.0,53048.0,52884.0,53878.0,51258.0,46640.0,1.5,308.6,17.87,2.3,3.512,2.0,-1.0,13.39,-0.069,0.241,3.0,2.0,0.0,0.001,54.63,52.43,53.78,53.32,54.0,52.95,52.62,54.27,53.15,56.62
2016-07-25 09:34:00-05:00,723.16205,748.72516,571711,38.24,0.0,737.5,33.17,306.1,,,,,,,,,,,-2147484000.0,,,,-7999.0,-7999.0,-7999.0,-7999.0,-7999.0,-7999.0,-7999.0,-7999.0,33.89,53.69,705.5,197.7,198.9,197.4,60.0,59.9,74.7,0.0,273.0,272.0,274.0,160.8,17.07,161.7,618.0,1439541.0,42564.0,133088.0,0.994,0.979,0.748,0.921,79.64,80.1,79.44,79.14,79.5,78.82,68.24,24.38,24.52,24.32,24.22,24.33,24.12,20.89,52794.0,53593.0,53048.0,52884.0,53879.0,51258.0,46640.0,1.135,317.2,29.17,2.0,3.512,2.0,-1.0,13.39,0.001,0.241,3.0,2.0,0.0,0.001,54.78,52.7,54.09,53.67,54.46,53.56,53.21,54.77,53.27,56.62
2016-07-25 09:35:00-05:00,725.063,751.07874,571712,38.33,0.0,738.5,33.09,305.9,,,,,,,,,,,-2147484000.0,,,,-7999.0,-7999.0,-7999.0,-7999.0,-7999.0,-7999.0,-7999.0,-7999.0,33.46,53.99,707.7,198.3,199.5,198.0,60.0,59.9,74.7,0.0,272.7,271.7,273.7,161.2,17.14,162.1,618.0,1439544.0,42564.0,133088.0,0.994,0.979,0.748,0.921,79.95,80.3,79.56,79.37,79.78,78.99,68.37,24.46,24.57,24.34,24.28,24.4,24.16,20.91,52795.0,53593.0,53049.0,52885.0,53879.0,51259.0,46641.0,1.47,262.5,22.55,2.6,3.51,2.0,-1.0,13.39,0.01,0.241,3.0,2.0,0.0,0.001,54.96,53.19,54.27,54.05,54.66,53.93,53.59,55.14,53.74,56.69
2016-07-25 09:36:00-05:00,724.35016,750.9667,571713,38.4,0.0,739.6,32.87,306.3,,,,,,,,,,,-2147484000.0,,,,-7999.0,-7999.0,-7999.0,-7999.0,-7999.0,-7999.0,-7999.0,-7999.0,33.15,53.98,707.9,198.3,199.5,198.0,60.0,59.9,74.7,0.0,272.2,271.2,273.2,161.1,17.15,162.0,618.0,1439546.0,42564.0,133088.0,0.994,0.979,0.748,0.921,79.92,80.4,79.48,79.19,79.8,79.01,68.27,24.47,24.62,24.34,24.25,24.44,24.19,20.91,52795.0,53594.0,53049.0,52885.0,53880.0,51259.0,46641.0,,0.0,0.0,,,2.0,-1.0,13.39,0.013,0.241,3.0,2.0,0.0,0.001,54.96,53.45,54.47,54.23,55.02,54.15,53.66,55.23,54.1,56.78
2016-07-25 09:37:00-05:00,726.251,752.7599,571714,38.48,0.0,740.3,32.3,305.3,,,,,,,,,,,-2147484000.0,,,,-7999.0,-7999.0,-7999.0,-7999.0,-7999.0,-7999.0,-7999.0,-7999.0,32.83,53.77,710.0,198.9,200.0,198.6,60.0,59.9,74.7,0.0,272.0,271.0,273.0,161.4,17.21,162.4,618.0,1439549.0,42564.0,133089.0,0.994,0.979,0.748,0.921,80.2,80.8,79.82,79.55,80.4,79.42,68.59,24.5,24.68,24.37,24.29,24.55,24.25,20.94,52795.0,53594.0,53050.0,52885.0,53880.0,51260.0,46641.0,1.955,233.0,9.44,2.7,3.51,2.0,-1.0,13.39,0.014,0.241,3.0,2.0,0.0,0.001,54.77,53.37,54.33,54.32,54.76,54.53,53.6,55.32,54.4,56.86
2016-07-25 09:38:00-05:00,727.7954,754.3289,571715,38.55,0.0,741.9,32.3,305.7,,,,,,,,,,,-2147484000.0,,,,-7999.0,-7999.0,-7999.0,-7999.0,-7999.0,-7999.0,-7999.0,-7999.0,32.93,54.23,711.4,199.1,200.2,198.7,60.0,59.9,74.7,0.0,272.0,271.0,273.0,161.6,17.23,162.5,618.0,1439552.0,42564.0,133089.0,0.994,0.979,0.748,0.921,80.1,80.7,79.78,79.68,80.3,79.25,68.62,24.49,24.65,24.39,24.35,24.53,24.22,20.97,52796.0,53595.0,53050.0,52886.0,53881.0,51260.0,46641.0,1.562,237.2,16.6,3.0,3.512,2.0,-1.0,13.39,0.015,0.241,3.0,2.0,0.0,0.001,55.13,53.7,54.05,54.09,54.88,54.35,53.5,55.45,54.73,56.96
2016-07-25 09:39:00-05:00,730.6467,757.57916,571716,38.62,0.0,747.4,32.31,305.0,,,,,,,,,,,-2147484000.0,,,,-7999.0,-7999.0,-7999.0,-7999.0,-7999.0,-7999.0,-7999.0,-7999.0,32.83,54.14,714.1,199.8,200.9,199.4,60.0,59.9,74.7,0.0,272.0,271.0,273.0,162.1,17.31,163.0,618.0,1439554.0,42564.0,133089.0,0.994,0.979,0.748,0.921,80.6,81.1,80.3,79.96,80.7,79.79,69.03,24.57,24.75,24.49,24.39,24.6,24.34,21.05,52796.0,53595.0,53051.0,52886.0,53881.0,51260.0,46642.0,1.225,240.5,20.37,2.2,3.512,2.0,-1.0,13.39,0.015,0.241,3.0,2.0,0.0,0.0,55.18,53.66,54.12,54.22,55.0,53.95,53.65,55.11,54.97,57.03
2016-07-25 09:40:00-05:00,734.3297,762.06226,571717,38.68,0.0,754.2,32.36,304.0,,,,,,,,,,,-2147484000.0,,,,-7999.0,-7999.0,-7999.0,-7999.0,-7999.0,-7999.0,-7999.0,-7999.0,33.28,54.53,718.9,201.0,202.0,200.6,60.0,59.9,74.7,0.0,272.1,271.1,273.1,162.9,17.43,163.8,618.0,1439557.0,42564.0,133089.0,0.994,0.979,0.748,0.921,81.3,81.8,81.0,80.6,81.5,80.4,69.67,24.71,24.86,24.62,24.52,24.78,24.45,21.18,52797.0,53595.0,53051.0,52887.0,53882.0,51261.0,46642.0,,0.0,0.0,,,2.5,-1.0,13.39,0.016,0.241,3.0,2.0,0.0,0.0,55.71,53.9,54.31,54.42,55.36,53.98,53.83,55.65,55.33,57.08
2016-07-25 09:41:00-05:00,738.48785,766.65735,571718,38.74,0.0,760.1,32.51,303.8,,,,,,,,,,,-2147484000.0,,,,-7999.0,-7999.0,-7999.0,-7999.0,-7999.0,-7999.0,-7999.0,-7999.0,33.99,55.59,722.8,201.3,202.3,200.9,60.0,59.9,74.7,0.0,272.9,272.0,274.0,163.6,17.51,164.6,618.0,1439560.0,42564.0,133090.0,0.994,0.979,0.748,0.921,81.7,82.2,81.3,81.0,81.9,80.8,69.95,24.81,24.96,24.7,24.62,24.87,24.55,21.25,52797.0,53596.0,53052.0,52887.0,53882.0,51261.0,46643.0,1.29,218.3,11.58,1.9,3.512,2.0,-1.0,13.39,0.016,0.241,3.0,2.0,0.0,0.0,56.3,54.47,54.96,55.06,55.9,55.15,54.18,56.1,55.53,57.17
2016-07-25 09:42:00-05:00,739.67584,768.2264,571719,38.81,0.0,761.7,32.85,303.9,,,,,,,,,,,-2147484000.0,,,,-7999.0,-7999.0,-7999.0,-7999.0,-7999.0,-7999.0,-7999.0,-7999.0,34.19,56.01,724.0,200.9,202.0,200.4,60.0,59.9,74.7,0.0,273.2,272.8,274.9,163.7,17.59,164.7,618.0,1439563.0,42564.0,133090.0,0.994,0.979,0.748,0.921,81.6,82.1,81.3,80.9,81.8,80.8,70.01,24.81,24.96,24.69,24.58,24.85,24.56,21.27,52798.0,53596.0,53052.0,52888.0,53883.0,51262.0,46643.0,0.912,223.3,29.69,1.7,3.512,2.0,-1.0,13.39,0.016,0.242,3.0,2.0,0.0,0.0,56.85,54.83,55.11,55.31,55.96,55.75,54.04,56.42,55.78,57.26
2016-07-25 09:43:00-05:00,739.7947,768.5626,571720,38.88,0.0,761.8,32.58,304.0,,,,,,,,,,,-2147484000.0,,,,-7999.0,-7999.0,-7999.0,-7999.0,-7999.0,-7999.0,-7999.0,-7999.0,33.75,55.1,725.1,200.9,202.0,200.5,60.0,59.9,74.7,0.0,273.7,272.9,275.0,163.9,17.58,164.8,618.0,1439565.0,42564.0,133090.0,0.994,0.979,0.748,0.921,81.5,82.3,81.4,81.3,81.8,81.0,70.35,24.78,25.01,24.75,24.7,24.87,24.6,21.38,52798.0,53597.0,53053.0,52888.0,53883.0,51262.0,46644.0,2.033,225.5,8.75,3.2,3.51,2.0,-1.0,13.39,0.016,0.242,3.0,2.0,0.0,0.0,56.24,54.79,55.27,55.45,56.04,55.89,54.18,56.68,56.05,57.34
2016-07-25 09:44:00-05:00,740.9827,770.2438,571721,38.93,0.0,763.4,32.45,303.2,,,,,,,,,,,-2147484000.0,,,,-7999.0,-7999.0,-7999.0,-7999.0,-7999.0,-7999.0,-7999.0,-7999.0,33.59,55.34,727.0,201.5,202.5,201.0,60.0,59.9,74.7,0.0,273.4,272.7,274.8,164.2,17.59,165.2,618.0,1439568.0,42564.0,133091.0,0.994,0.979,0.748,0.921,82.2,82.7,81.7,81.4,82.4,81.3,70.75,24.91,25.08,24.78,24.67,24.98,24.66,21.45,52799.0,53597.0,53053.0,52889.0,53883.0,51263.0,46644.0,1.325,224.7,21.72,2.2,3.51,2.0,-1.0,13.39,0.016,0.242,3.0,2.0,0.0,0.0,56.18,54.46,55.42,55.52,56.29,56.06,54.29,56.7,56.1,57.42
2016-07-25 09:45:00-05:00,741.81433,771.58875,571722,39.0,0.0,765.1,32.86,303.9,,,,,,,,,,,-2147484000.0,,,,-7999.0,-7999.0,-7999.0,-7999.0,-7999.0,-7999.0,-7999.0,-7999.0,34.24,55.47,728.2,202.0,202.9,201.5,60.0,59.9,74.7,0.0,273.0,272.0,274.1,164.5,17.61,165.5,618.0,1439571.0,42564.0,133091.0,0.994,0.979,0.748,0.921,82.0,82.6,81.6,81.4,82.3,81.2,70.69,24.9,25.11,24.78,24.73,25.0,24.67,21.48,52799.0,53598.0,53053.0,52889.0,53884.0,51263.0,46645.0,1.073,203.9,37.8,1.9,3.512,2.0,-1.0,13.39,0.017,0.242,3.0,2.0,0.0,0.0,56.36,54.5,55.58,55.68,56.43,56.48,54.13,57.3,56.43,57.45
2016-07-25 09:46:00-05:00,744.4281,774.61475,571723,39.06,0.0,768.5,33.2,303.5,,,,,,,,,,,-2147484000.0,,,,-7999.0,-7999.0,-7999.0,-7999.0,-7999.0,-7999.0,-7999.0,-7999.0,34.9,55.76,731.1,202.7,203.6,202.3,60.0,59.9,74.7,0.0,273.0,272.4,274.4,165.1,17.73,166.1,618.0,1439574.0,42564.0,133091.0,0.994,0.979,0.748,0.921,82.2,82.9,82.0,81.8,82.6,81.5,71.13,24.95,25.17,24.89,24.83,25.06,24.73,21.59,52800.0,53598.0,53054.0,52890.0,53884.0,51264.0,46645.0,1.345,195.5,30.53,2.6,3.512,2.0,-1.0,13.39,0.017,0.242,3.0,2.0,0.0,0.0,56.64,54.86,56.15,55.81,56.52,57.35,54.03,57.63,56.42,57.54
2016-07-25 09:47:00-05:00,744.07166,774.5027,571724,39.11,0.0,769.0,33.53,303.6,,,,,,,,,,,-2147484000.0,,,,-7999.0,-7999.0,-7999.0,-7999.0,-7999.0,-7999.0,-7999.0,-7999.0,35.23,55.97,730.8,216.0,216.9,215.6,75.67,10.3,74.7,0.238,273.0,272.0,274.0,165.1,17.76,166.0,618.0,1439576.0,42564.0,133092.0,0.994,0.979,0.748,0.921,82.2,83.0,82.2,81.8,82.7,81.6,71.32,24.94,25.2,24.94,24.83,25.1,24.77,21.65,52800.0,53599.0,53054.0,52890.0,53885.0,51264.0,46645.0,1.368,193.7,25.39,3.2,3.512,2.0,-1.0,13.39,0.017,0.242,3.0,2.0,0.0,0.0,56.9,55.04,56.42,55.98,56.79,57.66,54.4,58.01,56.71,57.58
2016-07-25 09:48:00-05:00,745.97253,776.6321,571725,39.17,0.0,771.6,34.22,303.1,,,,,,,,,,,-2147484000.0,,,,-7999.0,-7999.0,-7999.0,-7999.0,-7999.0,-7999.0,-7999.0,-7999.0,36.13,56.13,732.6,216.5,217.4,216.2,75.67,10.3,74.7,0.237,273.0,272.0,274.0,165.5,17.82,166.5,618.0,1439579.0,42564.0,133092.0,0.994,0.979,0.748,0.921,82.3,83.2,82.4,82.1,82.9,81.9,71.61,24.95,25.23,24.97,24.9,25.12,24.81,21.7,52801.0,53599.0,53055.0,52891.0,53885.0,51265.0,46646.0,,0.0,0.0,,,2.0,-1.0,13.39,0.017,0.242,3.0,2.0,0.0,0.0,56.93,55.18,56.63,56.08,56.8,58.11,54.31,58.07,56.99,57.65
2016-07-25 09:49:00-05:00,748.11096,778.9857,571726,39.23,0.0,773.9,33.94,302.8,,,,,,,,,,,-2147484000.0,,,,-7999.0,-7999.0,-7999.0,-7999.0,-7999.0,-7999.0,-7999.0,-7999.0,35.17,56.02,735.6,204.0,204.9,203.6,60.0,59.9,74.7,0.0,273.0,272.0,274.0,166.1,17.89,167.0,618.0,1439582.0,42564.0,133092.0,0.994,0.979,0.748,0.921,82.9,83.7,82.8,82.4,83.4,82.3,71.98,25.09,25.35,25.07,24.94,25.24,24.93,21.79,52801.0,53600.0,53055.0,52891.0,53886.0,51265.0,46646.0,1.822,235.9,21.67,2.9,3.512,2.0,-1.0,13.39,0.017,0.242,3.0,2.0,0.0,0.0,56.75,55.18,56.69,56.22,56.76,57.92,54.59,57.87,57.0,57.67
2016-07-25 09:50:00-05:00,752.62555,783.805,571727,39.27,0.0,778.4,32.86,303.1,,,,,,,,,,,-2147484000.0,,,,-7999.0,-7999.0,-7999.0,-7999.0,-7999.0,-7999.0,-7999.0,-7999.0,33.52,55.15,740.2,205.5,206.2,205.1,60.0,59.9,74.7,0.0,273.0,272.0,274.0,167.1,18.05,168.1,618.0,1439585.0,42564.0,133092.0,0.994,0.979,0.748,0.921,83.5,84.4,83.2,82.7,84.0,82.8,72.36,25.3,25.57,25.22,25.06,25.45,25.1,21.93,52802.0,53600.0,53056.0,52892.0,53886.0,51266.0,46647.0,,0.0,0.0,,,2.0,-1.0,13.39,0.017,0.242,3.0,2.0,0.0,0.0,56.39,54.9,56.73,55.99,56.58,57.43,54.68,57.41,57.01,57.75
2016-07-25 09:51:00-05:00,755.47687,787.27936,571728,39.33,0.0,781.8,32.77,303.4,,,,,,,,,,,-2147484000.0,,,,-7999.0,-7999.0,-7999.0,-7999.0,-7999.0,-7999.0,-7999.0,-7999.0,33.8,55.39,743.1,206.5,207.2,206.1,60.0,59.9,74.7,0.0,273.0,272.0,274.0,167.8,18.2,168.8,618.0,1439587.0,42564.0,133093.0,0.994,0.979,0.748,0.921,83.6,84.6,83.5,83.1,84.1,83.0,72.54,25.35,25.66,25.33,25.22,25.51,25.17,22.01,52802.0,53601.0,53056.0,52892.0,53887.0,51266.0,46647.0,1.662,226.5,15.09,2.4,3.51,2.0,-1.0,13.39,0.017,0.242,3.0,2.0,0.0,0.0,56.28,54.86,56.37,56.04,56.48,57.58,54.33,57.63,56.87,57.75
2016-07-25 09:52:00-05:00,757.7342,789.8571,571729,39.36,0.0,784.4,32.64,303.3,,,,,,,,,,,-2147484000.0,,,,-7999.0,-7999.0,-7999.0,-7999.0,-7999.0,-7999.0,-7999.0,-7999.0,33.62,55.72,745.7,206.9,207.6,206.5,60.0,59.9,74.7,0.0,273.0,272.0,274.0,168.1,18.24,169.1,618.0,1439590.0,42564.0,133093.0,0.994,0.979,0.748,0.921,83.9,84.7,83.5,83.1,84.5,83.2,72.58,25.44,25.7,25.33,25.2,25.62,25.22,22.01,52802.0,53601.0,53057.0,52893.0,53887.0,51267.0,46648.0,,0.0,0.0,,,2.0,-1.0,13.39,0.017,0.242,3.0,2.0,0.0,0.0,56.83,55.16,56.45,56.14,56.73,57.42,54.53,57.37,56.78,57.75
2016-07-25 09:53:00-05:00,760.4666,793.10736,571730,39.4,0.0,787.8,32.89,303.0,,,,,,,,,,,-2147484000.0,,,,-7999.0,-7999.0,-7999.0,-7999.0,-7999.0,-7999.0,-7999.0,-7999.0,34.4,56.69,748.8,207.4,208.1,207.0,60.0,59.9,74.7,0.0,272.4,271.8,273.9,168.4,18.29,169.4,618.0,1439593.0,42564.0,133093.0,0.994,0.979,0.748,0.921,83.9,85.1,83.9,83.5,84.6,83.5,72.92,25.43,25.78,25.42,25.31,25.62,25.31,22.09,52803.0,53602.0,53057.0,52893.0,53888.0,51267.0,46648.0,0.722,215.4,16.66,1.2,3.51,2.0,-1.0,13.35,-0.017,0.242,3.0,2.0,0.0,0.001,57.44,55.74,56.51,56.22,57.05,57.81,54.85,57.76,57.22,57.75
2016-07-25 09:54:00-05:00,762.8427,795.90924,571731,39.44,0.0,791.0,32.92,301.1,,,,,,,,,,,-2147484000.0,,,,-7999.0,-7999.0,-7999.0,-7999.0,-7999.0,-7999.0,-7999.0,-7999.0,34.01,56.34,751.7,208.2,208.8,207.7,60.0,59.9,74.7,0.0,272.1,271.3,273.4,168.9,18.38,169.9,618.0,1439596.0,42564.0,133094.0,0.994,0.979,0.748,0.921,84.9,85.6,84.6,84.3,85.5,84.1,73.52,25.55,25.76,25.47,25.39,25.73,25.33,22.14,52803.0,53602.0,53058.0,52893.0,53888.0,51268.0,46649.0,1.43,216.4,32.54,2.5,3.512,2.0,-1.0,13.35,-0.047,0.243,3.0,2.0,0.0,0.001,57.62,55.87,56.88,56.41,57.16,58.74,55.01,58.27,57.52,57.75
2016-07-25 09:55:00-05:00,765.93164,799.3836,571732,39.47,0.0,794.4,33.1,302.2,,,,,,,,,,,-2147484000.0,,,,-7999.0,-7999.0,-7999.0,-7999.0,-7999.0,-7999.0,-7999.0,-7999.0,34.34,55.68,755.2,209.5,210.0,209.0,60.0,59.9,74.7,0.0,272.1,271.6,273.7,170.0,18.55,171.0,618.0,1439599.0,42564.0,133094.0,0.994,0.979,0.748,0.921,85.0,85.8,84.9,84.4,85.7,84.3,73.79,25.68,25.93,25.65,25.51,25.89,25.48,22.3,52804.0,53603.0,53058.0,52894.0,53889.0,51268.0,46649.0,2.258,195.6,23.74,2.9,3.512,2.0,-1.0,13.36,0.002,0.243,3.0,2.0,0.0,0.001,57.12,55.67,56.78,56.2,56.75,58.21,54.26,58.16,57.51,57.75
2016-07-25 09:56:00-05:00,767.00085,800.61646,571733,39.52,0.0,796.2,33.36,303.1,,,,,,,,,,,-2147484000.0,,,,-7999.0,-7999.0,-7999.0,-7999.0,-7999.0,-7999.0,-7999.0,-7999.0,34.69,55.15,757.0,210.6,211.1,210.2,60.0,59.9,74.7,0.0,272.0,271.0,273.0,170.7,18.68,171.7,618.0,1439602.0,42564.0,133094.0,0.994,0.979,0.748,0.921,85.0,85.9,85.0,84.7,85.8,84.5,73.95,25.77,26.04,25.77,25.67,25.99,25.6,22.41,52804.0,53603.0,53059.0,52894.0,53889.0,51268.0,46650.0,,0.0,0.0,,,2.5,-1.0,13.36,0.01,0.243,3.0,2.0,0.0,0.001,56.27,55.51,56.34,55.85,55.91,57.94,53.21,58.01,56.83,57.75
2016-07-25 09:57:00-05:00,769.4958,803.19415,571734,39.54,0.0,799.2,32.98,303.4,,,,,,,,,,,-2147484000.0,,,,-7999.0,-7999.0,-7999.0,-7999.0,-7999.0,-7999.0,-7999.0,-7999.0,33.93,54.54,760.2,211.4,211.9,210.9,60.0,59.9,74.7,0.0,272.0,271.0,273.0,171.3,18.8,172.3,618.0,1439604.0,42564.0,133095.0,0.994,0.979,0.748,0.921,85.2,86.3,85.1,84.6,86.0,84.6,74.12,25.84,26.18,25.83,25.66,26.09,25.67,22.48,52805.0,53603.0,53059.0,52895.0,53890.0,51269.0,46650.0,,0.0,0.0,,,2.0,-1.0,13.36,0.012,0.243,3.0,2.0,0.0,0.001,55.58,55.08,56.44,56.03,56.2,58.13,53.72,58.12,56.85,57.75
2016-07-25 09:58:00-05:00,771.6342,805.772,571735,39.57,0.0,801.0,32.92,302.6,,,,,,,,,,,-2147484000.0,,,,-7999.0,-7999.0,-7999.0,-7999.0,-7999.0,-7999.0,-7999.0,-7999.0,33.89,54.59,762.3,212.1,212.4,211.6,60.0,59.9,74.7,0.0,272.0,271.0,273.0,171.7,18.84,172.7,618.0,1439607.0,42564.0,133095.0,0.994,0.979,0.748,0.921,85.6,86.8,85.6,85.2,86.5,85.1,74.48,25.9,26.26,25.89,25.77,26.16,25.74,22.54,52805.0,53604.0,53060.0,52895.0,53890.0,51269.0,46651.0,,0.0,0.0,,,2.0,-1.0,13.36,0.013,0.243,3.0,2.0,0.0,0.001,55.53,54.81,56.4,56.15,56.1,58.03,53.49,58.04,56.78,57.75
2016-07-25 09:59:00-05:00,772.9411,807.341,571736,39.61,0.0,803.0,32.75,302.7,,,,,,,,,,,-2147484000.0,,,,-7999.0,-7999.0,-7999.0,-7999.0,-7999.0,-7999.0,-7999.0,-7999.0,33.64,54.51,764.3,212.6,212.9,212.2,60.0,59.9,74.7,0.0,271.9,271.0,273.0,171.9,18.88,173.0,618.0,1439610.0,42564.0,133095.0,0.994,0.979,0.748,0.921,85.7,86.9,86.0,85.4,86.4,85.2,74.79,25.93,26.29,26.02,25.84,26.15,25.77,22.64,52806.0,53604.0,53060.0,52896.0,53890.0,51270.0,46651.0,,0.0,0.0,,,2.0,-1.0,13.36,0.014,0.243,3.0,2.0,0.0,0.001,55.54,54.94,56.43,56.15,56.18,58.21,53.87,57.92,56.85,57.75
2016-07-25 10:00:00-05:00,774.0103,808.9101,571737,39.62,0.0,805.0,33.31,303.5,,,,,,,,,,,-2147484000.0,,,,-7999.0,-7999.0,-7999.0,-7999.0,-7999.0,-7999.0,-7999.0,-7999.0,34.38,54.93,765.9,213.0,213.3,212.6,60.0,59.9,74.7,0.0,272.0,271.0,273.0,172.4,18.95,173.4,618.0,1439613.0,42564.0,133096.0,0.994,0.979,0.748,0.921,85.8,86.8,85.7,85.1,86.6,85.1,74.55,26.03,26.34,25.99,25.82,26.27,25.84,22.62,52806.0,53605.0,53061.0,52896.0,53891.0,51270.0,46652.0,,0.0,0.0,,,2.0,-1.0,13.36,0.014,0.243,3.0,2.0,0.0,0.0,55.8,54.69,56.35,56.14,55.81,58.12,54.14,57.74,56.85,57.73
2016-07-25 10:01:00-05:00,775.67365,811.0395,571738,39.66,0.0,807.0,33.4,303.2,,,,,,,,,,,-2147484000.0,,,,-7999.0,-7999.0,-7999.0,-7999.0,-7999.0,-7999.0,-7999.0,-7999.0,34.45,54.93,767.8,213.5,213.9,213.0,60.0,59.9,74.7,0.0,272.0,271.0,273.0,172.8,19.08,173.8,618.0,1439616.0,42564.0,133096.0,0.994,0.979,0.748,0.921,86.0,87.2,86.1,85.5,87.0,85.5,74.95,26.08,26.43,26.09,25.93,26.36,25.92,22.72,52807.0,53605.0,53061.0,52897.0,53891.0,51271.0,46652.0,1.578,211.7,12.67,2.7,3.51,2.0,-1.0,13.36,0.015,0.243,3.0,2.0,0.0,0.0,55.79,55.01,56.38,56.12,55.98,58.3,53.5,58.22,57.02,57.7
2016-07-25 10:02:00-05:00,777.57446,813.0569,571739,39.7,0.0,809.0,33.47,303.2,,,,,,,,,,,-2147484000.0,,,,-7999.0,-7999.0,-7999.0,-7999.0,-7999.0,-7999.0,-7999.0,-7999.0,34.25,54.7,769.8,214.5,214.9,214.0,60.0,59.9,74.7,0.0,271.0,270.1,272.3,173.2,19.17,174.3,618.0,1439619.0,42564.0,133096.0,0.994,0.979,0.748,0.921,86.3,87.4,86.4,85.9,87.3,85.7,75.26,26.16,26.5,26.18,26.03,26.45,25.99,22.82,52807.0,53606.0,53061.0,52897.0,53892.0,51271.0,46652.0,1.655,236.8,16.08,2.9,3.51,2.0,-1.0,13.36,0.015,0.243,3.0,2.0,0.0,0.0,55.8,55.25,56.53,56.15,56.28,58.76,53.58,58.17,57.15,57.67
2016-07-25 10:03:00-05:00,779.5942,815.5226,571740,39.72,0.0,811.0,33.15,302.3,,,,,,,,,,,-2147484000.0,,,,-7999.0,-7999.0,-7999.0,-7999.0,-7999.0,-7999.0,-7999.0,-7999.0,33.61,54.64,771.7,214.7,215.1,214.3,60.0,59.9,74.7,0.0,271.2,270.5,272.8,173.5,19.2,174.5,618.0,1439622.0,42564.0,133096.0,0.994,0.979,0.748,0.921,86.5,87.6,86.5,86.2,87.5,86.1,75.34,26.15,26.49,26.16,26.04,26.45,26.02,22.77,52808.0,53606.0,53062.0,52898.0,53892.0,51272.0,46653.0,1.595,242.6,8.66,2.5,3.51,2.0,-1.0,13.36,0.015,0.243,3.0,2.0,0.0,0.0,55.77,55.26,56.61,56.21,56.38,58.81,53.86,57.68,57.27,57.6
2016-07-25 10:04:00-05:00,781.3762,817.9882,571741,39.75,0.0,813.0,32.97,302.6,,,,,,,,,,,-2147484000.0,,,,-7999.0,-7999.0,-7999.0,-7999.0,-7999.0,-7999.0,-7999.0,-7999.0,33.41,54.74,773.7,215.1,215.5,214.7,60.0,59.9,74.7,0.0,271.0,270.2,272.5,173.7,19.26,174.8,618.0,1439625.0,42564.0,133097.0,0.994,0.979,0.748,0.921,86.7,87.8,86.6,86.3,87.6,86.1,75.4,26.25,26.56,26.22,26.11,26.5,26.06,22.82,52808.0,53607.0,53062.0,52898.0,53893.0,51272.0,46653.0,1.847,244.3,7.643,2.9,3.51,2.0,-1.0,13.36,0.015,0.243,3.0,2.0,0.0,0.0,55.94,55.53,56.55,56.35,56.45,58.73,54.27,57.37,57.37,57.53
2016-07-25 10:05:00-05:00,784.3463,821.4626,571742,39.77,0.0,817.0,32.83,302.3,,,,,,,,,,,-2147484000.0,,,,-7999.0,-7999.0,-7999.0,-7999.0,-7999.0,-7999.0,-7999.0,-7999.0,33.33,54.79,776.4,216.0,216.2,215.5,60.0,59.9,74.7,0.0,271.0,270.0,272.2,174.3,19.28,175.4,618.0,1439627.0,42564.0,133097.0,0.994,0.979,0.748,0.921,87.3,88.2,87.1,86.7,88.2,86.5,75.63,26.38,26.65,26.34,26.2,26.65,26.15,22.86,52809.0,53607.0,53063.0,52899.0,53893.0,51273.0,46654.0,1.383,234.2,8.63,2.2,3.51,2.0,-1.0,13.36,0.015,0.243,3.0,2.0,0.0,0.0,56.12,55.49,56.59,56.45,56.35,58.59,54.62,57.68,57.43,57.53
2016-07-25 10:06:00-05:00,785.8908,823.48,571743,39.8,0.0,818.0,32.82,302.5,,,,,,,,,,,-2147484000.0,,,,-7999.0,-7999.0,-7999.0,-7999.0,-7999.0,-7999.0,-7999.0,-7999.0,33.43,54.96,778.0,216.2,216.3,215.7,60.0,59.9,74.7,0.0,271.1,270.5,272.8,174.6,19.28,175.7,618.0,1439630.0,42564.0,133097.0,0.994,0.979,0.748,0.921,87.2,88.2,87.3,86.8,88.1,86.5,75.59,26.38,26.68,26.4,26.26,26.66,26.16,22.86,52809.0,53608.0,53063.0,52899.0,53894.0,51273.0,46654.0,,0.0,0.0,,,2.0,-1.0,13.36,0.016,0.243,3.0,2.0,0.0,0.0,56.45,55.55,56.45,56.42,56.5,58.47,54.9,57.4,57.61,57.53
2016-07-25 10:07:00-05:00,788.148,825.7215,571744,39.8,0.0,821.0,32.88,301.7,,,,,,,,,,,-2147484000.0,,,,-7999.0,-7999.0,-7999.0,-7999.0,-7999.0,-7999.0,-7999.0,-7999.0,33.79,55.75,780.1,216.3,216.5,215.9,60.0,59.9,74.7,0.0,271.0,270.1,272.8,174.7,19.3,175.8,618.0,1439633.0,42564.0,133098.0,0.994,0.979,0.748,0.921,87.5,88.7,87.6,87.3,88.5,87.0,75.92,26.39,26.74,26.43,26.32,26.68,26.24,22.9,52810.0,53608.0,53064.0,52900.0,53894.0,51274.0,46655.0,,0.0,0.0,,,2.0,-1.0,13.36,0.016,0.243,3.0,2.0,0.0,0.0,56.94,55.68,56.86,56.83,57.17,59.35,55.07,57.86,57.92,57.55
2016-07-25 10:08:00-05:00,789.2173,826.73016,571745,39.83,0.0,822.0,32.9,301.8,,,,,,,,,,,-2147484000.0,,,,-7999.0,-7999.0,-7999.0,-7999.0,-7999.0,-7999.0,-7999.0,-7999.0,33.99,56.04,781.4,216.2,216.4,215.8,60.0,59.9,74.7,0.0,271.0,270.0,272.7,174.6,19.29,175.7,618.0,1439636.0,42564.0,133098.0,0.994,0.979,0.748,0.921,87.4,88.6,87.3,87.0,88.4,87.0,75.74,26.36,26.74,26.36,26.25,26.67,26.26,22.85,52810.0,53609.0,53064.0,52900.0,53895.0,51274.0,46655.0,,0.0,0.0,,,2.0,-1.0,13.36,0.016,0.243,3.0,2.0,0.0,0.0,57.07,56.01,57.09,57.29,57.57,60.87,55.12,58.68,58.06,57.53
2016-07-25 10:09:00-05:00,791.3558,828.8596,571746,39.85,0.0,824.0,33.15,299.7,,,,,,,,,,,-2147484000.0,,,,-7999.0,-7999.0,-7999.0,-7999.0,-7999.0,-7999.0,-7999.0,-7999.0,34.3,56.81,783.7,216.3,216.6,215.9,60.0,59.9,74.7,0.0,271.0,270.0,272.7,174.7,19.32,175.8,618.0,1439639.0,42564.0,133098.0,0.994,0.979,0.748,0.921,88.1,89.2,88.1,87.7,89.0,87.5,76.24,26.41,26.73,26.4,26.27,26.66,26.22,22.85,52810.0,53609.0,53065.0,52900.0,53895.0,51275.0,46656.0,,0.0,0.0,,,2.0,-1.0,13.36,0.016,0.243,3.0,2.0,0.0,0.0,57.8,56.34,57.48,57.65,58.11,61.14,55.65,58.92,58.4,57.64
2016-07-25 10:10:00-05:00,793.9695,831.66156,571747,39.89,0.0,827.0,33.28,299.6,,,,,,,,,,,-2147484000.0,,,,-7999.0,-7999.0,-7999.0,-7999.0,-7999.0,-7999.0,-7999.0,-7999.0,34.7,57.48,786.1,216.7,216.9,216.3,60.0,59.9,74.7,0.0,271.1,270.0,272.6,175.0,19.36,176.0,618.0,1439642.0,42564.0,133099.0,0.994,0.979,0.748,0.921,88.1,89.1,88.6,88.1,88.8,87.5,76.7,26.38,26.71,26.55,26.38,26.59,26.2,22.98,52811.0,53610.0,53065.0,52901.0,53896.0,51275.0,46656.0,0.992,221.3,32.59,1.8,3.51,2.0,-1.0,13.36,0.016,0.243,3.0,2.0,0.0,0.0,58.39,56.89,57.65,57.76,58.13,61.43,56.06,59.32,58.61,57.65
2016-07-25 10:11:00-05:00,796.8208,835.02386,571748,39.93,0.0,831.0,33.52,299.5,,,,,,,,,,,-2147484000.0,,,,-7999.0,-7999.0,-7999.0,-7999.0,-7999.0,-7999.0,-7999.0,-7999.0,35.01,58.07,788.8,216.8,217.0,216.4,60.0,59.9,74.7,0.0,271.4,270.4,272.7,175.3,19.39,176.3,618.0,1439645.0,42564.0,133099.0,0.994,0.979,0.748,0.921,88.3,89.5,88.5,88.2,89.1,87.8,76.6,26.45,26.79,26.51,26.42,26.69,26.3,22.94,52811.0,53610.0,53066.0,52901.0,53896.0,51275.0,46657.0,,0.0,0.0,,,2.0,-1.0,13.36,0.016,0.243,3.0,2.0,0.0,0.0,59.05,57.33,58.12,58.24,58.73,63.19,56.57,59.9,59.04,57.63
2016-07-25 10:12:00-05:00,798.84045,837.15326,571749,39.97,0.0,834.0,33.84,299.2,,,,,,,,,,,-2147484000.0,,,,-7999.0,-7999.0,-7999.0,-7999.0,-7999.0,-7999.0,-7999.0,-7999.0,35.34,58.48,790.3,216.2,216.4,215.7,60.0,59.9,74.7,0.0,272.7,271.7,273.7,175.5,19.36,176.5,618.0,1439648.0,42564.0,133099.0,0.994,0.979,0.748,0.921,88.4,89.4,88.6,88.2,89.1,87.9,76.79,26.44,26.76,26.51,26.39,26.67,26.3,22.97,52812.0,53610.0,53066.0,52902.0,53897.0,51276.0,46657.0,,0.0,0.0,,,2.0,-1.0,13.36,0.016,0.243,3.0,2.0,0.0,0.0,59.5,57.66,58.86,58.79,58.9,64.44,57.1,60.55,59.61,57.65
2016-07-25 10:13:00-05:00,799.9097,838.3861,571750,40.01,0.0,835.0,33.73,298.7,,,,,,,,,,,-2147484000.0,,,,-7999.0,-7999.0,-7999.0,-7999.0,-7999.0,-7999.0,-7999.0,-7999.0,34.67,58.03,791.6,216.1,216.4,215.7,60.0,59.9,74.7,0.0,273.0,272.0,274.0,175.6,19.39,176.6,618.0,1439651.0,42564.0,133100.0,0.994,0.979,0.748,0.921,88.8,89.9,88.8,88.4,89.6,88.4,76.94,26.52,26.84,26.51,26.4,26.75,26.4,22.98,52812.0,53611.0,53067.0,52902.0,53897.0,51276.0,46658.0,,0.0,0.0,,,2.0,-1.0,13.36,0.016,0.243,3.0,2.0,0.0,0.0,59.45,57.61,59.03,58.74,59.15,64.28,57.26,60.0,59.73,57.73
2016-07-25 10:14:00-05:00,801.45416,840.29144,571751,40.07,0.0,836.0,33.63,299.0,,,,,,,,,,,-2147484000.0,,,,-7999.0,-7999.0,-7999.0,-7999.0,-7999.0,-7999.0,-7999.0,-7999.0,34.32,57.37,793.3,229.7,230.0,229.4,75.67,10.3,74.7,0.235,273.0,272.0,274.0,176.0,19.47,177.1,618.0,1439654.0,42564.0,133100.0,0.994,0.979,0.748,0.921,89.0,89.8,88.9,88.7,89.7,88.2,77.03,26.62,26.86,26.59,26.52,26.81,26.38,23.03,52813.0,53611.0,53067.0,52903.0,53898.0,51277.0,46658.0,,0.0,0.0,,,2.0,-1.0,13.36,0.017,0.245,3.0,2.0,0.0,0.0,58.97,57.56,58.71,58.61,58.94,64.08,57.17,59.69,59.5,57.73
2016-07-25 10:15:00-05:00,802.87976,842.3088,571752,40.1,0.0,838.0,33.73,298.8,,,,,,,,,,,-2147484000.0,,,,-7999.0,-7999.0,-7999.0,-7999.0,-7999.0,-7999.0,-7999.0,-7999.0,34.34,57.07,794.6,217.5,217.7,217.1,60.0,59.9,74.7,0.0,272.4,271.6,273.7,176.4,19.56,177.5,618.0,1439657.0,42564.0,133100.0,0.994,0.979,0.748,0.921,89.3,90.2,89.1,89.0,90.0,88.7,77.27,26.68,26.96,26.63,26.58,26.9,26.49,23.08,52813.0,53612.0,53068.0,52903.0,53898.0,51277.0,46659.0,1.508,255.6,18.9,2.6,3.512,2.0,-1.0,13.36,0.017,0.246,3.0,2.0,0.0,0.0,58.81,57.14,58.44,58.39,59.02,63.26,57.12,59.15,59.08,57.78
2016-07-25 10:16:00-05:00,804.42426,844.43823,571753,40.15,0.0,840.0,33.79,298.8,,,,,,,,,,,-2147484000.0,,,,-7999.0,-7999.0,-7999.0,-7999.0,-7999.0,-7999.0,-7999.0,-7999.0,34.18,56.97,796.1,218.1,218.3,217.7,60.0,59.9,74.7,0.0,272.0,271.2,273.4,176.8,19.63,177.8,618.0,1439660.0,42564.0,133101.0,0.994,0.979,0.748,0.921,89.5,90.4,89.4,89.1,90.2,88.8,77.36,26.72,27.01,26.7,26.62,26.93,26.53,23.11,52814.0,53612.0,53068.0,52904.0,53898.0,51278.0,46659.0,1.443,268.9,24.65,2.8,3.512,2.0,-1.0,13.36,0.017,0.246,3.0,2.0,0.0,0.0,58.43,56.82,58.5,58.32,59.09,62.87,57.15,59.02,59.05,57.82
2016-07-25 10:17:00-05:00,806.6815,846.90393,571754,40.18,0.0,843.0,33.75,298.6,,,,,,,,,,,-2147484000.0,,,,-7999.0,-7999.0,-7999.0,-7999.0,-7999.0,-7999.0,-7999.0,-7999.0,34.33,57.38,798.6,218.7,218.7,218.2,60.0,59.9,74.7,0.0,272.0,271.0,273.2,177.1,19.7,178.2,618.0,1439663.0,42564.0,133101.0,0.994,0.979,0.748,0.921,89.8,90.7,89.6,89.2,90.5,89.2,77.61,26.8,27.08,26.75,26.62,27.02,26.62,23.17,52814.0,53613.0,53068.0,52904.0,53899.0,51278.0,46660.0,,0.0,0.0,,,2.0,-1.0,13.36,0.017,0.246,3.0,2.0,0.0,0.0,58.59,57.36,58.73,58.56,59.37,63.44,56.98,59.72,59.15,57.82
2016-07-25 10:18:00-05:00,808.3448,848.47296,571755,40.23,0.0,844.0,33.84,298.3,,,,,,,,,,,-2147484000.0,,,,-7999.0,-7999.0,-7999.0,-7999.0,-7999.0,-7999.0,-7999.0,-7999.0,35.08,57.82,801.0,219.1,219.1,218.6,60.0,59.9,74.7,0.0,272.0,271.0,273.0,177.2,19.73,178.3,618.0,1439666.0,42564.0,133101.0,0.994,0.979,0.748,0.921,89.8,90.8,89.7,89.4,90.7,89.2,77.72,26.8,27.09,26.77,26.67,27.04,26.62,23.18,52815.0,53613.0,53069.0,52905.0,53899.0,51279.0,46660.0,,0.0,0.0,,,2.0,-1.0,13.36,0.017,0.246,3.0,2.0,0.0,0.0,58.93,57.69,58.83,58.66,59.57,63.19,57.08,59.86,59.45,57.92
2016-07-25 10:19:00-05:00,810.60205,850.93866,571756,40.28,0.0,847.0,34.24,297.0,,,,,,,,,,,-2147484000.0,,,,-7999.0,-7999.0,-7999.0,-7999.0,-7999.0,-7999.0,-7999.0,-7999.0,35.72,58.86,803.0,219.3,219.4,218.9,60.0,59.9,74.7,0.0,272.0,271.0,273.0,177.4,19.75,178.5,618.0,1439668.0,42564.0,133102.0,0.994,0.979,0.748,0.921,90.4,91.3,90.3,90.1,90.9,89.7,78.18,26.84,27.12,26.83,26.75,27.01,26.64,23.22,52815.0,53614.0,53069.0,52905.0,53900.0,51279.0,46660.0,,0.0,0.0,,,2.0,-1.0,13.36,0.017,0.246,3.0,2.0,0.0,0.0,59.53,58.0,59.32,59.29,59.99,65.1,57.32,60.78,59.64,57.92
2016-07-25 10:20:00-05:00,812.3841,853.0681,571757,40.33,0.0,849.0,34.03,297.5,,,,,,,,,,,-2147484000.0,,,,-7999.0,-7999.0,-7999.0,-7999.0,-7999.0,-7999.0,-7999.0,-7999.0,34.62,58.18,805.0,219.7,219.7,219.3,60.0,59.9,74.7,0.0,272.0,271.0,273.0,177.8,19.78,178.9,618.0,1439671.0,42564.0,133102.0,0.994,0.979,0.748,0.921,90.3,91.4,90.3,89.9,91.1,89.8,78.21,26.87,27.18,26.87,26.75,27.1,26.72,23.26,52816.0,53614.0,53070.0,52906.0,53900.0,51280.0,46661.0,,0.0,0.0,,,2.0,-1.0,13.36,0.017,0.246,3.0,2.0,0.0,0.0,59.39,57.91,59.56,59.4,60.23,66.29,57.75,60.52,59.87,58.01
2016-07-25 10:21:00-05:00,814.5226,855.6459,571758,40.37,0.0,852.0,33.96,297.3,,,,,,,,,,,-2147484000.0,,,,-7999.0,-7999.0,-7999.0,-7999.0,-7999.0,-7999.0,-7999.0,-7999.0,34.31,57.43,807.0,220.3,220.2,219.9,60.0,59.9,74.7,0.0,272.0,271.0,273.0,178.3,19.87,179.4,618.0,1439674.0,42564.0,133102.0,0.994,0.979,0.748,0.921,90.7,91.6,90.6,90.5,91.5,90.0,78.36,26.97,27.24,26.94,26.89,27.21,26.75,23.29,52816.0,53615.0,53070.0,52906.0,53901.0,51280.0,46661.0,1.238,252.7,35.23,2.2,3.512,2.0,-1.0,13.36,0.017,0.246,3.0,2.0,0.0,0.0,59.16,57.39,59.45,58.85,59.9,64.82,57.56,59.9,59.9,58.02
2016-07-25 10:22:00-05:00,817.13635,859.0081,571759,40.43,0.0,856.0,33.88,297.0,,,,,,,,,,,-2147484000.0,,,,-7999.0,-7999.0,-7999.0,-7999.0,-7999.0,-7999.0,-7999.0,-7999.0,34.05,58.42,810.0,220.5,220.4,220.0,60.0,59.9,74.7,0.0,272.0,271.2,273.7,178.6,19.93,179.8,618.0,1439677.0,42564.0,133103.0,0.994,0.979,0.748,0.921,91.0,91.9,90.8,90.6,91.7,90.3,78.51,27.03,27.3,26.98,26.9,27.23,26.82,23.32,52817.0,53615.0,53071.0,52907.0,53901.0,51281.0,46662.0,1.038,279.0,23.67,2.0,3.51,2.0,-1.0,13.36,0.017,0.245,3.0,2.0,0.0,0.0,59.55,57.77,59.81,59.16,60.16,65.34,58.12,60.57,59.95,58.09
2016-07-25 10:23:00-05:00,819.86884,861.9221,571760,40.49,0.0,859.0,34.12,296.9,,,,,,,,,,,-2147484000.0,,,,-7999.0,-7999.0,-7999.0,-7999.0,-7999.0,-7999.0,-7999.0,-7999.0,34.57,58.62,813.0,221.0,220.9,220.5,60.0,59.9,74.7,0.0,272.0,271.0,273.4,178.9,19.98,180.0,618.0,1439680.0,42564.0,133103.0,0.994,0.979,0.748,0.921,91.5,92.2,90.9,90.6,92.0,90.6,78.52,27.16,27.37,26.97,26.91,27.32,26.89,23.31,52817.0,53616.0,53071.0,52907.0,53902.0,51281.0,46662.0,0.972,269.7,28.36,1.6,3.51,2.0,-1.0,13.36,0.017,0.245,3.0,2.0,0.0,0.0,59.7,58.34,60.06,59.47,60.48,66.45,58.41,60.98,59.61,58.12
2016-07-25 10:24:00-05:00,822.4825,864.0516,571761,40.54,0.0,861.0,34.31,296.6,,,,,,,,,,,-2147484000.0,,,,-7999.0,-7999.0,-7999.0,-7999.0,-7999.0,-7999.0,-7999.0,-7999.0,34.89,59.05,815.0,221.3,221.2,220.9,60.0,59.9,74.7,0.0,272.0,271.0,273.0,179.1,20.05,180.3,618.0,1439683.0,42564.0,133103.0,0.994,0.979,0.748,0.921,91.6,92.3,91.3,91.1,92.1,90.7,78.95,27.17,27.36,27.07,27.01,27.31,26.89,23.41,52817.0,53616.0,53072.0,52908.0,53902.0,51282.0,46663.0,,0.0,0.0,,,2.0,-1.0,13.36,0.017,0.245,3.0,2.0,0.0,0.0,60.27,58.67,59.97,59.67,60.73,67.27,58.21,61.43,60.2,58.13
2016-07-25 10:25:00-05:00,824.027,865.6206,571762,40.61,0.0,863.0,34.55,296.0,,,,,,,,,,,-2147484000.0,,,,-7999.0,-7999.0,-7999.0,-7999.0,-7999.0,-7999.0,-7999.0,-7999.0,35.32,59.31,816.0,221.8,221.7,221.4,60.0,59.9,74.7,0.0,272.0,271.0,273.0,179.5,20.09,180.6,618.0,1439686.0,42564.0,133104.0,0.994,0.979,0.748,0.921,91.7,92.6,91.6,91.4,92.2,91.1,79.55,27.14,27.4,27.13,27.05,27.3,26.98,23.55,52818.0,53617.0,53072.0,52908.0,53903.0,51282.0,46663.0,,0.0,0.0,,,2.0,-1.0,13.36,0.017,0.245,3.0,2.0,0.0,0.0,60.74,58.76,59.94,59.75,60.82,64.08,58.44,61.26,60.43,58.22
2016-07-25 10:26:00-05:00,825.69025,867.638,571763,40.66,0.0,864.0,34.13,296.2,,,,,,,,,,,-2147484000.0,,,,-7999.0,-7999.0,-7999.0,-7999.0,-7999.0,-7999.0,-7999.0,-7999.0,34.74,58.31,818.0,223.2,223.0,222.8,60.0,59.9,74.7,0.0,271.1,270.4,272.4,180.2,20.25,181.3,618.0,1439689.0,42564.0,133104.0,0.994,0.979,0.748,0.921,92.0,92.8,91.8,91.5,92.9,91.4,79.78,27.24,27.5,27.2,27.09,27.51,27.06,23.63,52818.0,53617.0,53073.0,52908.0,53903.0,51283.0,46664.0,,0.0,0.0,,,2.0,-1.0,13.36,0.018,0.245,3.0,2.0,0.0,0.0,60.04,58.2,59.73,59.45,60.06,63.42,58.47,60.24,60.26,58.28
2016-07-25 10:27:00-05:00,828.5415,870.7761,571764,40.72,0.0,867.0,34.14,296.3,,,,,,,,,,,-2147484000.0,,,,-7999.0,-7999.0,-7999.0,-7999.0,-7999.0,-7999.0,-7999.0,-7999.0,34.85,58.28,821.0,224.4,224.0,224.0,60.0,59.9,74.7,0.0,271.0,270.0,272.0,180.9,20.36,182.0,618.0,1439692.0,42564.0,133104.0,0.994,0.979,0.748,0.921,92.5,93.4,92.2,91.8,93.3,91.9,80.2,27.4,27.66,27.31,27.19,27.64,27.24,23.76,52819.0,53618.0,53073.0,52909.0,53904.0,51283.0,46664.0,,0.0,0.0,,,2.0,-1.0,13.36,0.018,0.245,3.0,2.0,0.0,0.0,59.72,57.85,59.58,59.07,59.98,62.48,58.49,59.84,59.69,58.32
2016-07-25 10:28:00-05:00,830.44244,872.5694,571765,40.79,0.0,869.0,34.14,297.1,,,,,,,,,,,-2147484000.0,,,,-7999.0,-7999.0,-7999.0,-7999.0,-7999.0,-7999.0,-7999.0,-7999.0,35.25,58.52,823.0,224.8,224.4,224.4,60.0,59.9,74.7,0.0,271.0,270.0,272.0,181.2,20.41,182.3,618.0,1439695.0,42564.0,133105.0,0.994,0.979,0.748,0.921,92.1,93.1,91.9,91.6,93.1,91.5,80.1,27.37,27.64,27.31,27.21,27.67,27.19,23.79,52819.0,53618.0,53074.0,52909.0,53904.0,51283.0,46665.0,1.557,218.4,14.55,2.4,3.512,2.0,-1.0,13.36,0.018,0.245,3.0,2.0,0.0,0.0,59.76,58.16,59.82,59.2,60.1,63.37,57.75,60.55,60.23,58.38
2016-07-25 10:29:00-05:00,830.9176,873.2418,571766,40.84,0.0,870.0,34.05,296.7,,,,,,,,,,,-2147484000.0,,,,-7999.0,-7999.0,-7999.0,-7999.0,-7999.0,-7999.0,-7999.0,-7999.0,34.84,59.0,823.0,224.7,224.3,224.3,60.0,59.9,74.7,0.0,271.0,270.0,272.0,181.0,20.38,182.2,618.0,1439698.0,42564.0,133105.0,0.994,0.979,0.748,0.921,92.5,93.3,92.1,91.9,93.2,91.7,80.1,27.45,27.68,27.32,27.27,27.67,27.21,23.77,52820.0,53618.0,53074.0,52910.0,53905.0,51284.0,46665.0,,0.0,0.0,,,2.55,-1.0,13.36,0.018,0.245,3.0,2.0,0.0,0.0,60.21,58.49,60.09,59.6,60.38,64.47,57.53,61.37,60.43,58.29
2016-07-25 10:30:00-05:00,832.81854,874.923,571767,40.9,0.0,872.0,33.88,296.2,,,,,,,,,,,-2147484000.0,,,,-7999.0,-7999.0,-7999.0,-7999.0,-7999.0,-7999.0,-7999.0,-7999.0,34.13,59.06,825.0,225.2,224.8,224.8,60.0,59.9,74.7,0.0,270.8,270.0,272.0,181.2,20.43,182.4,618.0,1439701.0,42564.0,133105.0,0.994,0.979,0.748,0.921,92.6,93.6,92.5,92.0,93.3,92.1,80.4,27.44,27.72,27.39,27.23,27.63,27.29,23.8,52820.0,53619.0,53075.0,52910.0,53905.0,51284.0,46666.0,0.893,251.6,41.6,1.8,3.512,2.0,-1.0,13.36,0.018,0.245,3.0,2.0,0.0,0.0,60.33,58.42,60.26,59.62,60.51,63.38,58.21,60.7,60.48,58.36
2016-07-25 10:31:00-05:00,834.957,877.6128,571768,40.95,0.0,874.0,33.99,296.0,,,,,,,,,,,-2147484000.0,,,,-7999.0,-7999.0,-7999.0,-7999.0,-7999.0,-7999.0,-7999.0,-7999.0,34.25,58.79,827.0,225.8,225.3,225.4,60.0,59.9,74.7,0.0,270.6,269.8,271.9,181.6,20.49,182.7,618.0,1439704.0,42564.0,133106.0,0.994,0.979,0.748,0.921,92.9,93.7,92.5,92.3,93.7,92.2,80.3,27.5,27.73,27.39,27.31,27.72,27.29,23.76,52821.0,53619.0,53075.0,52911.0,53905.0,51285.0,46666.0,1.253,282.9,24.79,1.9,3.509,2.0,-1.0,13.36,0.018,0.245,3.0,2.0,0.0,0.0,60.19,58.37,60.26,59.61,60.51,62.87,58.4,60.73,60.48,58.39
2016-07-25 10:32:00-05:00,836.145,879.29395,571769,41.01,0.0,875.0,34.56,296.0,,,,,,,,,,,-2147484000.0,,,,-7999.0,-7999.0,-7999.0,-7999.0,-7999.0,-7999.0,-7999.0,-7999.0,35.22,59.1,828.0,226.1,225.6,225.7,60.0,59.9,74.7,0.0,270.0,269.3,271.8,181.8,20.51,182.9,618.0,1439707.0,42564.0,133106.0,0.994,0.979,0.748,0.921,92.8,94.0,92.9,92.3,93.4,92.5,80.5,27.47,27.82,27.5,27.31,27.65,27.37,23.83,52821.0,53620.0,53076.0,52911.0,53906.0,51285.0,46667.0,,0.0,0.0,,,2.0,-1.0,13.36,0.018,0.245,3.0,2.0,0.0,0.0,60.45,57.86,60.09,59.41,60.46,61.77,58.36,60.18,60.69,58.41
2016-07-25 10:33:00-05:00,835.55096,879.406,571770,41.07,0.0,875.0,34.75,296.2,,,,,,,,,,,-2147484000.0,,,,-7999.0,-7999.0,-7999.0,-7999.0,-7999.0,-7999.0,-7999.0,-7999.0,35.22,58.61,828.0,226.0,225.5,225.6,60.0,59.9,74.7,0.0,270.0,269.3,271.9,181.7,20.5,182.8,618.0,1439710.0,42564.0,133106.0,0.994,0.979,0.748,0.921,93.0,94.1,92.9,92.0,93.5,92.5,80.4,27.54,27.87,27.5,27.26,27.68,27.4,23.81,52822.0,53620.0,53076.0,52912.0,53906.0,51286.0,46667.0,,0.0,0.0,,,2.5,-1.0,13.36,0.018,0.245,3.0,2.0,0.0,0.0,59.76,57.81,60.02,59.28,60.54,61.29,58.38,60.23,60.03,58.49
2016-07-25 10:34:00-05:00,835.3134,879.6302,571771,41.11,0.0,875.0,34.53,296.2,,,,,,,,,,,-2147484000.0,,,,-7999.0,-7999.0,-7999.0,-7999.0,-7999.0,-7999.0,-7999.0,-7999.0,34.69,57.44,828.0,226.6,226.0,226.2,60.0,59.9,74.7,0.0,270.0,269.0,271.4,182.0,20.57,183.2,618.0,1439714.0,42564.0,133107.0,0.994,0.979,0.748,0.921,93.6,94.2,92.7,92.5,93.8,92.5,80.2,27.73,27.89,27.47,27.41,27.78,27.39,23.77,52822.0,53621.0,53076.0,52912.0,53907.0,51286.0,46667.0,,0.0,0.0,,,2.0,-1.0,13.36,0.018,0.245,3.0,2.0,0.0,0.0,58.47,57.5,59.53,58.68,60.0,60.04,58.35,59.13,58.51,58.56
2016-07-25 10:35:00-05:00,838.5211,883.6649,571772,41.18,0.0,879.0,34.17,296.3,,,,,,,,,,,-2147484000.0,,,,-7999.0,-7999.0,-7999.0,-7999.0,-7999.0,-7999.0,-7999.0,-7999.0,34.31,56.87,832.0,227.8,227.2,227.4,60.0,59.9,74.7,0.0,270.0,269.0,271.1,182.9,20.76,184.0,618.0,1439717.0,42564.0,133107.0,0.994,0.979,0.748,0.921,93.8,94.4,93.2,92.8,94.1,92.8,80.6,27.78,27.98,27.61,27.51,27.88,27.5,23.89,52823.0,53621.0,53077.0,52913.0,53907.0,51287.0,46668.0,1.495,269.5,33.51,2.5,3.51,2.0,-1.0,13.36,0.019,0.245,3.0,2.0,0.0,0.0,57.89,57.13,59.42,58.38,59.98,59.18,58.29,58.95,58.77,58.59
2016-07-25 10:36:00-05:00,843.1545,888.4842,571773,41.24,0.0,884.0,34.33,296.2,,,,,,,,,,,-2147484000.0,,,,-7999.0,-7999.0,-7999.0,-7999.0,-7999.0,-7999.0,-7999.0,-7999.0,34.87,57.76,837.0,228.2,227.5,227.7,60.0,59.9,74.7,0.0,271.0,270.1,272.2,183.8,20.87,185.0,618.0,1439720.0,42564.0,133107.0,0.994,0.979,0.748,0.921,94.4,95.0,93.7,93.4,94.8,93.3,81.1,27.96,28.13,27.74,27.67,28.06,27.63,24.01,52823.0,53622.0,53077.0,52913.0,53908.0,51287.0,46668.0,1.27,267.9,13.38,2.4,3.503,2.0,-1.0,13.36,0.019,0.245,3.0,2.0,0.0,0.0,58.69,57.53,59.64,58.82,60.44,60.3,58.77,59.62,59.06,58.62
2016-07-25 10:37:00-05:00,846.2434,891.6223,571774,41.3,0.0,888.0,34.3,296.0,,,,,,,,,,,-2147484000.0,,,,-7999.0,-7999.0,-7999.0,-7999.0,-7999.0,-7999.0,-7999.0,-7999.0,34.51,58.1,840.0,226.9,226.2,226.4,60.0,59.9,74.7,0.0,273.0,272.1,274.9,184.3,20.82,185.5,618.0,1439723.0,42564.0,133108.0,0.994,0.979,0.748,0.921,94.6,95.2,94.0,93.9,94.8,93.6,81.2,27.99,28.17,27.82,27.79,28.08,27.71,24.04,52824.0,53622.0,53078.0,52914.0,53908.0,51288.0,46669.0,,0.0,0.0,,,2.0,-1.0,13.36,0.019,0.245,3.0,2.0,0.0,0.0,59.3,57.9,59.79,58.92,60.55,59.73,58.75,59.73,59.56,58.69
2016-07-25 10:38:00-05:00,847.075,892.29474,571775,41.36,0.0,889.0,34.55,296.3,,,,,,,,,,,-2147484000.0,,,,-7999.0,-7999.0,-7999.0,-7999.0,-7999.0,-7999.0,-7999.0,-7999.0,34.79,58.1,841.0,226.7,226.1,226.2,60.0,59.9,74.7,0.0,273.0,272.0,274.2,184.1,20.76,185.3,618.0,1439726.0,42564.0,133108.0,0.994,0.979,0.748,0.921,94.2,95.4,93.9,93.3,94.8,93.6,81.2,27.92,28.26,27.81,27.63,28.09,27.74,24.04,52824.0,53623.0,53078.0,52914.0,53909.0,51288.0,46669.0,,0.0,0.0,,,2.0,-1.0,13.36,0.019,0.245,3.0,2.0,0.0,0.0,59.57,58.07,59.99,59.51,60.83,60.49,59.24,60.15,60.08,58.69
2016-07-25 10:39:00-05:00,849.92633,895.4329,571776,41.43,0.0,891.0,34.84,296.0,,,,,,,,,,,-2147484000.0,,,,-7999.0,-7999.0,-7999.0,-7999.0,-7999.0,-7999.0,-7999.0,-7999.0,35.45,58.66,843.0,227.1,226.5,226.5,60.0,59.9,74.7,0.0,273.0,272.0,274.0,184.3,20.9,185.5,618.0,1439729.0,42564.0,133108.0,0.994,0.979,0.748,0.921,94.6,95.3,94.0,93.9,95.1,93.4,81.4,28.02,28.2,27.84,27.8,28.14,27.66,24.1,52825.0,53623.0,53079.0,52915.0,53909.0,51289.0,46670.0,,0.0,0.0,,,2.0,-1.0,13.36,0.019,0.245,3.0,2.0,0.0,0.0,59.85,58.23,60.46,59.91,61.41,61.61,59.67,60.76,60.42,58.77
2016-07-25 10:40:00-05:00,852.3024,896.5537,571777,41.5,0.0,893.0,34.92,296.1,,,,,,,,,,,-2147484000.0,,,,-7999.0,-7999.0,-7999.0,-7999.0,-7999.0,-7999.0,-7999.0,-7999.0,35.49,58.94,845.0,227.5,226.9,227.0,60.0,59.9,74.7,0.0,273.0,272.0,274.0,184.5,20.9,185.7,618.0,1439732.0,42564.0,133109.0,0.994,0.979,0.748,0.921,94.6,95.1,94.1,94.2,94.9,93.3,81.4,28.03,28.16,27.86,27.89,28.09,27.64,24.12,52825.0,53624.0,53079.0,52915.0,53910.0,51289.0,46670.0,,0.0,0.0,,,2.0,-1.0,13.36,0.019,0.245,3.0,2.0,0.0,0.0,60.2,58.33,60.6,60.18,61.4,61.21,60.04,60.54,60.65,58.78
2016-07-25 10:41:00-05:00,853.84686,898.79517,571778,41.57,0.0,895.0,35.02,296.0,,,,,,,,,,,-2147484000.0,,,,-7999.0,-7999.0,-7999.0,-7999.0,-7999.0,-7999.0,-7999.0,-7999.0,35.42,58.73,846.0,227.4,226.7,226.9,60.0,59.9,74.7,0.0,273.5,272.9,274.9,184.8,20.87,186.0,618.0,1439735.0,42564.0,133109.0,0.994,0.979,0.748,0.921,95.3,95.8,94.2,94.0,95.1,93.9,81.3,28.21,28.35,27.88,27.82,28.16,27.8,24.07,52825.0,53624.0,53080.0,52915.0,53910.0,51290.0,46671.0,,0.0,0.0,,,2.0,-1.0,13.32,-0.04,0.246,3.0,2.0,0.0,0.001,59.96,58.35,60.29,59.63,61.13,60.78,59.79,59.98,60.12,58.8
2016-07-25 10:42:00-05:00,855.1537,899.91595,571779,41.65,0.0,896.0,34.57,295.9,,,,,,,,,,,-2147484000.0,,,,-7999.0,-7999.0,-7999.0,-7999.0,-7999.0,-7999.0,-7999.0,-7999.0,35.05,58.33,847.0,227.6,226.8,227.1,60.0,59.9,74.7,0.0,273.5,273.0,275.0,185.1,20.88,186.2,618.0,1439738.0,42564.0,133109.0,0.994,0.979,0.748,0.921,95.2,95.9,94.7,94.1,95.1,94.1,81.6,28.17,28.39,28.01,27.84,28.14,27.84,24.16,52826.0,53625.0,53080.0,52916.0,53911.0,51290.0,46671.0,,0.0,0.0,,,2.0,-1.0,13.32,-0.025,0.246,3.0,2.0,0.0,0.001,59.66,58.92,60.59,60.15,61.22,62.2,59.78,60.83,60.39,58.88
2016-07-25 10:43:00-05:00,857.5298,903.27826,571780,41.69,0.0,897.0,34.36,295.9,,,,,,,,,,,-2147484000.0,,,,-7999.0,-7999.0,-7999.0,-7999.0,-7999.0,-7999.0,-7999.0,-7999.0,34.97,58.46,850.0,228.4,227.6,227.9,60.0,59.9,74.7,0.0,273.0,272.3,274.5,185.5,20.97,186.7,618.0,1439741.0,42564.0,133110.0,0.994,0.979,0.748,0.921,95.3,96.6,94.5,93.7,95.4,94.4,81.7,28.21,28.59,27.97,27.74,28.25,27.95,24.18,52826.0,53625.0,53081.0,52916.0,53911.0,51290.0,46672.0,,0.0,0.0,,,2.0,-1.0,13.32,0.007,0.246,3.0,2.0,0.0,0.001,59.57,58.85,60.58,60.18,61.08,62.03,59.67,60.73,60.81,58.88
2016-07-25 10:44:00-05:00,859.78705,905.51984,571781,41.76,0.0,900.0,34.49,296.1,,,,,,,,,,,-2147484000.0,,,,-7999.0,-7999.0,-7999.0,-7999.0,-7999.0,-7999.0,-7999.0,-7999.0,35.1,59.14,851.0,228.9,228.1,228.4,60.0,59.9,74.7,0.0,273.0,272.0,274.0,185.8,21.09,187.0,618.0,1439744.0,42564.0,133110.0,0.994,0.979,0.748,0.921,95.6,96.2,94.7,94.2,95.6,94.2,81.9,28.32,28.5,28.05,27.9,28.3,27.89,24.25,52827.0,53625.0,53081.0,52917.0,53912.0,51291.0,46672.0,2.247,280.3,19.33,3.0,3.509,2.0,-1.0,13.32,0.012,0.246,3.0,2.0,0.0,0.001,60.14,58.89,60.6,59.84,61.01,61.83,59.88,60.6,60.52,58.92
2016-07-25 10:45:00-05:00,863.5888,910.00287,571782,41.8,0.0,904.0,34.94,296.1,,,,,,,,,,,-2147484000.0,,,,-7999.0,-7999.0,-7999.0,-7999.0,-7999.0,-7999.0,-7999.0,-7999.0,35.45,58.57,855.0,230.2,229.4,229.6,60.0,59.9,74.7,0.0,273.0,272.0,274.1,186.8,21.31,188.0,618.0,1439747.0,42564.0,133111.0,0.994,0.979,0.748,0.921,96.2,96.8,95.3,94.9,96.0,94.8,82.5,28.5,28.66,28.23,28.11,28.44,28.08,24.42,52827.0,53626.0,53082.0,52917.0,53912.0,51291.0,46673.0,,0.0,0.0,,,2.0,-1.0,13.32,0.014,0.246,3.0,2.0,0.0,0.001,60.03,58.8,60.36,59.59,60.72,60.63,59.84,60.13,59.68,58.98
2016-07-25 10:46:00-05:00,872.0239,918.96893,571783,41.84,0.0,913.0,34.83,295.9,,,,,,,,,,,-2147484000.0,,,,-7999.0,-7999.0,-7999.0,-7999.0,-7999.0,-7999.0,-7999.0,-7999.0,35.01,57.93,866.0,232.8,231.7,232.3,60.0,59.9,74.7,0.0,273.0,272.0,274.0,188.8,21.51,190.0,618.0,1439751.0,42564.0,133111.0,0.994,0.979,0.748,0.921,97.5,97.9,96.1,95.8,97.5,95.8,83.1,28.85,28.98,28.44,28.35,28.86,28.35,24.59,52828.0,53626.0,53082.0,52918.0,53913.0,51292.0,46673.0,,0.0,0.0,,,2.5,-1.0,13.32,0.015,0.246,3.0,2.0,0.0,0.001,59.25,58.52,60.19,59.76,60.73,60.84,59.58,60.22,59.67,58.98
2016-07-25 10:47:00-05:00,807.5131,853.40436,571784,41.87,0.0,846.0,34.69,299.9,,,,,,,,,,,-2147484000.0,,,,-7999.0,-7999.0,-7999.0,-7999.0,-7999.0,-7999.0,-7999.0,-7999.0,34.77,58.17,782.1,217.3,217.4,216.7,60.0,59.9,74.7,0.0,272.7,272.0,274.0,176.3,19.67,177.4,618.0,1439753.0,42564.0,133111.0,0.994,0.979,0.748,0.921,88.5,88.5,88.8,88.8,88.7,88.3,77.59,26.53,26.51,26.6,26.61,26.58,26.44,23.25,52828.0,53627.0,53083.0,52918.0,53913.0,51292.0,46674.0,0.867,205.8,65.79,1.8,3.504,2.0,-1.0,13.32,0.015,0.246,3.0,2.0,0.0,0.001,59.53,58.57,59.94,59.14,60.14,60.12,59.55,59.49,60.25,58.98
2016-07-25 10:48:00-05:00,828.5415,874.25055,571785,41.92,0.0,872.0,34.55,303.5,,,,,,,,,,,-2147484000.0,,,,-7999.0,-7999.0,-7999.0,-7999.0,-7999.0,-7999.0,-7999.0,-7999.0,34.69,57.52,818.0,222.3,222.2,221.7,60.0,59.9,74.7,0.0,272.5,271.8,274.0,180.2,20.28,181.3,618.0,1439756.0,42564.0,133112.0,0.994,0.979,0.748,0.921,89.6,90.8,89.9,89.8,91.2,89.0,78.4,27.17,27.56,27.27,27.24,27.66,26.98,23.78,52829.0,53627.0,53083.0,52919.0,53913.0,51293.0,46674.0,,0.0,0.0,,,2.0,-1.0,13.32,0.016,0.245,3.0,2.0,0.0,0.0,58.75,57.79,59.63,59.07,60.16,59.86,59.29,59.53,59.96,59.0
2016-07-25 10:49:00-05:00,820.4628,866.40515,571786,41.97,0.0,863.0,34.13,301.6,,,,,,,,,,,-2147484000.0,,,,-7999.0,-7999.0,-7999.0,-7999.0,-7999.0,-7999.0,-7999.0,-7999.0,34.16,55.51,814.0,220.5,220.5,219.9,60.0,59.9,74.7,0.0,272.1,271.6,274.0,178.7,19.99,179.9,618.0,1439759.0,42564.0,133112.0,0.994,0.979,0.748,0.921,90.3,91.2,89.6,89.4,90.5,89.2,77.54,27.23,27.5,27.02,26.95,27.27,26.88,23.37,52829.0,53628.0,53083.0,52919.0,53914.0,51293.0,46674.0,,0.0,0.0,,,2.0,-1.0,13.32,0.016,0.245,3.0,2.0,0.0,0.0,56.58,56.85,59.25,58.6,59.87,58.8,59.18,58.21,59.54,59.08
2016-07-25 10:50:00-05:00,864.8957,914.4859,571787,42.02,0.0,909.0,34.23,296.1,,,,,,,,,,,-2147484000.0,,,,-7999.0,-7999.0,-7999.0,-7999.0,-7999.0,-7999.0,-7999.0,-7999.0,34.36,56.07,860.0,233.2,232.1,232.6,60.0,59.9,74.7,0.0,272.0,271.2,273.6,188.5,21.64,189.8,618.0,1439763.0,42564.0,133112.0,0.993,0.979,0.748,0.921,97.0,97.7,96.2,96.1,97.2,95.6,83.2,28.72,28.93,28.48,28.46,28.78,28.3,24.64,52830.0,53628.0,53084.0,52920.0,53914.0,51294.0,46675.0,,0.0,0.0,,,2.0,-1.0,13.32,0.016,0.246,3.0,2.0,0.0,0.0,56.75,56.83,59.07,58.45,59.62,58.7,59.13,58.41,59.45,59.08
2016-07-25 10:51:00-05:00,857.411,907.7613,571788,42.06,0.0,897.0,34.06,298.9,,,,,,,,,,,-2147484000.0,,,,-7999.0,-7999.0,-7999.0,-7999.0,-7999.0,-7999.0,-7999.0,-7999.0,34.49,56.84,830.0,230.0,229.2,229.5,60.0,59.9,74.7,0.0,272.0,271.0,273.5,186.1,21.23,187.3,618.0,1439766.0,42564.0,133113.0,0.994,0.979,0.748,0.921,94.0,93.8,94.2,94.0,94.0,93.6,81.9,28.08,28.02,28.14,28.09,28.08,27.98,24.47,52830.0,53629.0,53084.0,52920.0,53915.0,51294.0,46675.0,,0.0,0.0,,,2.0,-1.0,13.32,0.016,0.246,3.0,2.0,0.0,0.0,57.53,57.78,59.54,59.12,59.71,60.35,59.09,59.59,60.13,59.08
2016-07-25 10:52:00-05:00,417.4785,446.1194,571789,42.1,0.0,433.6,33.76,308.9,,,,,,,,,,,-2147484000.0,,,,-7999.0,-7999.0,-7999.0,-7999.0,-7999.0,-7999.0,-7999.0,-7999.0,34.5,56.42,380.6,110.5,112.7,110.1,60.0,59.9,74.7,0.0,272.0,271.0,273.5,90.2,6.097,90.4,618.0,1439767.0,42564.0,133113.0,0.998,0.979,0.748,0.921,45.25,41.95,43.97,43.02,39.58,44.59,37.63,13.94,12.92,13.54,13.24,12.19,13.73,11.58,52830.0,53629.0,53085.0,52920.0,53915.0,51295.0,46676.0,1.767,228.3,16.42,2.7,3.509,2.0,-1.0,13.32,0.016,0.24,3.0,2.0,0.0,0.0,57.14,57.87,58.83,58.93,59.8,61.39,58.24,58.99,59.64,59.18
2016-07-25 10:53:00-05:00,582.3789,613.3371,571790,42.11,0.0,625.8,33.65,299.3,,,,,,,,,,,-2147484000.0,,,,-7999.0,-7999.0,-7999.0,-7999.0,-7999.0,-7999.0,-7999.0,-7999.0,34.53,55.11,678.8,153.2,154.7,152.9,60.0,59.9,74.7,0.0,272.0,271.0,273.2,124.6,11.38,125.1,618.0,1439769.0,42564.0,133113.0,0.996,0.979,0.748,0.921,73.5,71.8,60.54,60.97,65.91,61.47,48.45,21.93,21.41,18.05,18.19,19.66,18.32,14.46,52831.0,53629.0,53085.0,52921.0,53915.0,51295.0,46676.0,,0.0,0.0,,,2.0,-1.0,13.32,0.017,0.24,3.0,2.0,0.0,0.0,55.9,56.66,57.01,57.08,57.92,61.78,55.85,57.38,58.16,59.18
2016-07-25 10:54:00-05:00,876.18207,926.8143,571791,42.15,0.0,921.0,33.92,298.0,,,,,,,,,,,-2147484000.0,,,,-7999.0,-7999.0,-7999.0,-7999.0,-7999.0,-7999.0,-7999.0,-7999.0,34.74,55.82,875.0,238.5,237.0,238.2,60.0,59.9,74.7,0.0,272.0,271.0,273.0,192.6,22.17,193.9,618.0,1439772.0,42564.0,133113.0,0.993,0.979,0.748,0.921,98.1,98.7,97.5,97.5,99.0,96.8,84.5,29.24,29.42,29.05,29.04,29.51,28.84,25.17,52831.0,53630.0,53085.0,52921.0,53916.0,51295.0,46676.0,,0.0,0.0,,,2.0,-1.0,13.32,0.017,0.246,3.0,2.0,0.0,0.0,56.96,56.78,57.65,57.59,58.14,62.58,56.33,58.14,58.87,59.16
2016-07-25 10:55:00-05:00,867.2718,926.8143,571792,42.16,0.0,861.0,33.87,297.9,,,,,,,,,,,-2147484000.0,,,,-7999.0,-7999.0,-7999.0,-7999.0,-7999.0,-7999.0,-7999.0,-7999.0,34.61,55.97,874.0,238.5,237.0,238.0,60.0,59.9,74.7,0.0,272.0,271.0,273.0,192.4,22.27,193.7,618.0,1439776.0,42564.0,133114.0,0.993,0.979,0.748,0.921,97.9,99.0,97.8,97.5,98.8,97.1,84.7,29.15,29.49,29.11,29.04,29.42,28.92,25.23,52832.0,53630.0,53086.0,52922.0,53916.0,51296.0,46677.0,2.228,234.3,20.89,3.3,3.509,2.0,-1.0,13.32,0.017,0.246,3.0,2.0,0.0,0.0,57.36,57.06,57.74,57.81,58.1,62.78,56.54,58.43,59.44,59.08
2016-07-25 10:56:00-05:00,869.1726,800.8406,571793,42.16,0.0,925.0,33.78,297.9,,,,,,,,,,,-2147484000.0,,,,-7999.0,-7999.0,-7999.0,-7999.0,-7999.0,-7999.0,-7999.0,-7999.0,34.44,56.5,876.0,239.4,237.9,239.0,60.0,59.9,74.7,0.0,270.9,270.1,272.1,192.4,22.32,193.7,618.0,1439779.0,42564.0,133114.0,0.993,0.979,0.748,0.921,98.0,99.0,97.8,97.5,98.9,97.0,84.7,29.21,29.5,29.12,29.05,29.46,28.91,25.22,52832.0,53631.0,53086.0,52922.0,53917.0,51296.0,46677.0,,0.0,0.0,,,2.0,-1.0,13.32,0.017,0.246,3.0,2.0,0.0,0.0,57.74,57.32,58.23,58.41,58.53,63.49,57.16,58.77,59.88,59.08
2016-07-25 10:57:00-05:00,880.45905,929.05585,571794,42.16,0.0,926.0,33.9,297.0,,,,,,,,,,,-2147484000.0,,,,-7999.0,-7999.0,-7999.0,-7999.0,-7999.0,-7999.0,-7999.0,-7999.0,34.99,57.71,878.0,239.1,237.6,238.6,60.0,59.9,74.7,0.0,271.0,270.0,272.0,192.2,22.28,193.5,618.0,1439782.0,42564.0,133114.0,0.993,0.979,0.748,0.921,98.2,99.2,98.0,97.7,99.0,97.2,84.9,29.16,29.47,29.12,29.0,29.4,28.87,25.22,52833.0,53631.0,53087.0,52923.0,53917.0,51297.0,46678.0,1.07,197.6,31.68,1.9,3.507,2.0,-1.0,13.32,0.017,0.246,3.0,2.0,0.0,0.0,58.66,57.8,58.93,58.97,59.23,64.16,57.34,59.51,60.18,59.08
2016-07-25 10:58:00-05:00,883.66675,932.4181,571795,42.16,0.0,930.0,34.43,296.2,,,,,,,,,,,-2147484000.0,,,,-7999.0,-7999.0,-7999.0,-7999.0,-7999.0,-7999.0,-7999.0,-7999.0,35.8,58.67,881.0,239.4,237.9,239.0,60.0,59.9,74.7,0.0,270.7,269.9,272.0,192.4,22.26,193.7,618.0,1439785.0,42564.0,133115.0,0.993,0.979,0.748,0.921,98.4,99.5,98.3,98.0,99.3,97.6,85.2,29.15,29.47,29.1,29.03,29.41,28.91,25.23,52833.0,53632.0,53087.0,52923.0,53918.0,51297.0,46678.0,,0.0,0.0,,,2.0,-1.0,13.32,0.017,0.246,3.0,2.0,0.0,0.0,59.51,58.27,59.37,59.32,59.9,64.7,56.99,60.68,60.92,59.08
2016-07-25 10:59:00-05:00,884.9736,933.5389,571796,42.19,0.0,931.0,34.48,296.6,,,,,,,,,,,-2147484000.0,,,,-7999.0,-7999.0,-7999.0,-7999.0,-7999.0,-7999.0,-7999.0,-7999.0,35.8,59.25,882.0,239.0,237.5,238.5,60.0,59.9,74.7,0.0,270.1,269.6,272.0,191.9,22.19,193.2,618.0,1439789.0,42564.0,133115.0,0.993,0.979,0.748,0.921,98.1,99.2,98.0,97.5,98.8,97.3,85.0,29.09,29.42,29.06,28.92,29.3,28.85,25.2,52834.0,53632.0,53088.0,52924.0,53918.0,51298.0,46679.0,,0.0,0.0,,,2.0,-1.0,13.32,0.017,0.246,3.0,2.0,0.0,0.0,60.18,58.84,59.98,59.8,60.47,64.63,57.62,61.32,61.29,59.08
2016-07-25 11:00:00-05:00,885.4488,934.65955,571797,42.2,0.0,931.0,34.28,296.1,,,,,,,,,,,-2147484000.0,,,,-7999.0,-7999.0,-7999.0,-7999.0,-7999.0,-7999.0,-7999.0,-7999.0,35.34,59.59,881.0,238.6,237.1,238.1,60.0,59.9,74.7,0.0,270.0,269.6,272.0,191.6,22.1,192.9,618.0,1439792.0,42564.0,133116.0,0.993,0.979,0.748,0.921,98.2,99.1,98.1,97.6,98.7,97.3,84.9,29.07,29.33,29.03,28.9,29.22,28.81,25.14,52834.0,53633.0,53088.0,52924.0,53919.0,51298.0,46679.0,1.882,228.1,10.6,3.1,3.509,2.0,-1.0,13.32,0.018,0.246,3.0,2.0,0.0,0.0,60.69,59.15,60.32,60.13,60.66,64.46,58.26,61.16,61.39,59.08
2016-07-25 11:01:00-05:00,882.83514,932.4181,571798,42.21,0.0,928.0,34.24,296.2,,,,,,,,,,,-2147484000.0,,,,-7999.0,-7999.0,-7999.0,-7999.0,-7999.0,-7999.0,-7999.0,-7999.0,35.15,60.46,878.0,237.4,236.0,236.9,60.0,59.9,74.7,0.0,270.1,269.6,272.0,190.6,21.99,191.9,618.0,1439795.0,42564.0,133116.0,0.993,0.979,0.748,0.921,97.7,98.4,97.4,97.0,97.9,96.8,84.2,28.94,29.16,28.85,28.73,29.0,28.67,24.95,52835.0,53633.0,53089.0,52925.0,53919.0,51299.0,46680.0,,0.0,0.0,,,2.0,-1.0,13.32,0.018,0.246,3.0,2.0,0.0,0.0,61.39,59.66,60.62,60.67,61.1,66.36,58.13,61.89,61.6,59.08
2016-07-25 11:02:00-05:00,883.90436,933.5389,571799,42.25,0.0,929.0,34.65,296.0,,,,,,,,,,,-2147484000.0,,,,-7999.0,-7999.0,-7999.0,-7999.0,-7999.0,-7999.0,-7999.0,-7999.0,35.66,60.9,880.0,236.8,235.5,236.3,60.0,59.9,74.7,0.0,271.0,270.0,272.0,190.5,21.95,191.8,618.0,1439798.0,42564.0,133116.0,0.993,0.979,0.748,0.921,97.7,98.5,97.3,97.0,97.9,96.8,84.1,28.92,29.17,28.82,28.7,28.99,28.65,24.9,52835.0,53634.0,53089.0,52925.0,53920.0,51299.0,46680.0,1.112,311.7,20.8,1.7,3.512,2.0,-1.0,13.32,0.018,0.246,3.0,2.0,0.0,0.0,62.05,60.12,61.19,61.06,61.66,67.38,58.93,62.21,61.6,59.06
2016-07-25 11:03:00-05:00,887.4685,938.0219,571800,42.27,0.0,933.0,35.06,295.9,,,,,,,,,,,-2147484000.0,,,,-7999.0,-7999.0,-7999.0,-7999.0,-7999.0,-7999.0,-7999.0,-7999.0,36.14,61.44,883.0,237.1,235.8,236.6,60.0,59.9,74.7,0.0,271.0,270.0,272.3,190.9,22.04,192.1,618.0,1439801.0,42564.0,133117.0,0.993,0.979,0.748,0.921,97.7,98.6,97.7,97.2,98.0,96.9,84.5,28.92,29.19,28.91,28.76,28.99,28.67,25.02,52835.0,53634.0,53090.0,52925.0,53920.0,51300.0,46681.0,,0.0,0.0,,,2.0,-1.0,13.32,0.018,0.246,3.0,2.0,0.0,0.0,62.57,60.31,61.45,61.24,61.94,67.91,59.08,62.45,61.46,59.08
2016-07-25 11:04:00-05:00,885.5676,935.78033,571801,42.31,0.0,931.0,34.89,296.2,,,,,,,,,,,-2147484000.0,,,,-7999.0,-7999.0,-7999.0,-7999.0,-7999.0,-7999.0,-7999.0,-7999.0,35.85,61.78,881.0,236.0,234.7,235.5,60.0,59.9,74.7,0.0,271.0,270.0,272.1,190.0,21.85,191.2,618.0,1439804.0,42564.0,133117.0,0.993,0.979,0.748,0.921,97.7,97.8,96.8,96.7,97.8,96.2,83.8,28.95,28.97,28.68,28.65,28.96,28.48,24.83,52836.0,53635.0,53090.0,52926.0,53921.0,51300.0,46681.0,1.092,233.3,12.53,2.2,3.503,2.0,-1.0,13.32,0.018,0.246,3.0,2.0,0.0,0.0,62.98,60.63,61.46,61.39,62.13,67.78,59.09,62.7,61.95,59.08
2016-07-25 11:05:00-05:00,883.07275,933.5389,571802,42.35,0.0,928.0,35.43,296.1,,,,,,,,,,,-2147484000.0,,,,-7999.0,-7999.0,-7999.0,-7999.0,-7999.0,-7999.0,-7999.0,-7999.0,36.72,62.72,880.0,234.6,233.3,234.1,60.0,59.9,74.7,0.0,271.0,270.4,272.9,189.0,21.6,190.3,618.0,1439808.0,42564.0,133117.0,0.994,0.979,0.748,0.921,96.8,98.0,96.6,95.9,96.8,96.3,83.5,28.68,29.03,28.6,28.4,28.66,28.52,24.74,52836.0,53635.0,53091.0,52926.0,53921.0,51300.0,46682.0,0.993,318.2,48.91,2.7,3.509,2.0,-1.0,13.32,0.018,0.246,3.0,2.0,0.0,0.0,63.77,60.99,61.83,61.68,62.7,67.68,59.88,62.91,62.56,59.02
2016-07-25 11:06:00-05:00,891.1514,941.38416,571803,42.4,0.0,937.0,35.32,296.0,,,,,,,,,,,-2147484000.0,,,,-7999.0,-7999.0,-7999.0,-7999.0,-7999.0,-7999.0,-7999.0,-7999.0,36.65,63.27,888.0,236.6,235.2,236.2,60.0,59.9,74.7,0.0,270.9,270.0,272.1,190.3,21.85,191.6,618.0,1439811.0,42564.0,133118.0,0.993,0.979,0.748,0.921,97.9,98.7,97.1,96.6,97.7,97.0,84.1,28.97,29.22,28.74,28.58,28.92,28.71,24.89,52837.0,53635.0,53091.0,52927.0,53922.0,51301.0,46682.0,,0.0,0.0,,,2.0,-1.0,13.32,0.018,0.246,3.0,2.0,0.0,0.0,64.26,61.3,62.32,61.99,63.05,67.96,59.99,63.38,62.22,59.03
2016-07-25 11:07:00-05:00,896.6164,946.988,571804,42.45,0.0,942.0,35.28,296.0,,,,,,,,,,,-2147484000.0,,,,-7999.0,-7999.0,-7999.0,-7999.0,-7999.0,-7999.0,-7999.0,-7999.0,36.65,63.25,892.0,237.6,236.2,237.2,60.0,59.9,74.7,0.0,270.5,270.0,272.0,190.9,21.98,192.2,618.0,1439814.0,42564.0,133118.0,0.993,0.979,0.748,0.921,98.5,98.5,97.5,97.2,98.5,96.8,84.5,29.14,29.16,28.84,28.78,29.16,28.66,25.02,52837.0,53636.0,53092.0,52927.0,53922.0,51301.0,46682.0,0.73,211.8,58.51,1.5,3.508,2.0,-1.0,13.32,0.018,0.246,3.0,2.0,0.0,0.0,64.5,61.85,62.77,62.28,63.01,66.9,60.58,63.71,62.89,59.06
2016-07-25 11:08:00-05:00,900.2994,950.3503,571805,42.5,0.0,945.0,34.81,296.0,,,,,,,,,,,-2147484000.0,,,,-7999.0,-7999.0,-7999.0,-7999.0,-7999.0,-7999.0,-7999.0,-7999.0,36.18,63.0,895.0,238.1,236.7,237.7,60.0,59.9,74.7,0.0,270.8,270.0,272.0,191.4,22.03,192.7,618.0,1439817.0,42564.0,133118.0,0.993,0.979,0.748,0.921,98.1,99.5,97.8,96.8,98.3,97.7,84.9,29.03,29.44,28.94,28.65,29.08,28.93,25.12,52838.0,53636.0,53092.0,52928.0,53923.0,51302.0,46683.0,1.397,228.6,13.14,2.3,3.509,2.0,-1.0,13.32,0.018,0.246,3.0,2.0,0.0,0.0,64.09,62.05,63.03,62.49,63.22,67.21,60.73,63.67,63.1,59.06
2016-07-25 11:09:00-05:00,903.7447,954.8333,571806,42.56,0.0,949.0,34.65,296.0,,,,,,,,,,,-2147484000.0,,,,-7999.0,-7999.0,-7999.0,-7999.0,-7999.0,-7999.0,-7999.0,-7999.0,35.69,62.04,899.0,239.3,237.8,238.9,60.0,59.9,74.7,0.0,270.6,269.9,272.0,192.3,22.15,193.5,618.0,1439820.0,42564.0,133119.0,0.993,0.979,0.748,0.921,98.7,99.6,98.1,97.7,99.4,97.6,85.1,29.22,29.47,29.02,28.92,29.41,28.88,25.18,52838.0,53637.0,53093.0,52928.0,53923.0,51302.0,46683.0,,0.0,0.0,,,2.0,-1.0,13.32,0.019,0.246,3.0,2.0,0.0,0.0,63.7,61.58,62.74,62.38,62.76,67.0,60.77,63.06,63.12,59.06
2016-07-25 11:10:00-05:00,906.7148,958.19556,571807,42.61,0.0,951.0,34.75,296.0,,,,,,,,,,,-2147484000.0,,,,-7999.0,-7999.0,-7999.0,-7999.0,-7999.0,-7999.0,-7999.0,-7999.0,35.52,61.09,901.0,240.6,238.9,240.2,60.0,59.9,74.7,0.0,270.1,269.4,271.8,193.1,22.27,194.4,618.0,1439824.0,42564.0,133119.0,0.993,0.979,0.748,0.921,99.2,100.2,98.7,98.3,99.8,98.2,85.6,29.37,29.66,29.21,29.1,29.55,29.07,25.33,52839.0,53637.0,53093.0,52929.0,53923.0,51303.0,46684.0,,0.0,0.0,,,2.0,-1.0,13.32,0.019,0.246,3.0,2.0,0.0,0.0,63.09,61.14,62.41,62.32,62.4,66.78,60.78,63.01,62.8,59.06
2016-07-25 11:11:00-05:00,904.2199,954.8333,571808,42.65,0.0,948.0,34.76,296.0,,,,,,,,,,,-2147484000.0,,,,-7999.0,-7999.0,-7999.0,-7999.0,-7999.0,-7999.0,-7999.0,-7999.0,35.74,61.34,898.0,240.3,238.7,239.9,60.0,59.9,74.7,0.0,270.0,269.1,271.7,192.8,22.24,194.0,618.0,1439827.0,42564.0,133120.0,0.993,0.979,0.748,0.921,98.7,99.7,98.7,98.2,99.5,98.0,85.5,29.21,29.52,29.21,29.06,29.45,28.99,25.29,52839.0,53638.0,53093.0,52929.0,53924.0,51303.0,46684.0,,0.0,0.0,,,2.0,-1.0,13.32,0.019,0.246,3.0,2.0,0.0,0.0,62.99,60.94,62.08,62.32,62.13,66.5,60.44,63.28,62.77,59.09
2016-07-25 11:12:00-05:00,906.00195,957.0749,571809,42.69,0.0,950.0,34.67,296.0,,,,,,,,,,,-2147484000.0,,,,-7999.0,-7999.0,-7999.0,-7999.0,-7999.0,-7999.0,-7999.0,-7999.0,35.38,61.04,902.0,241.0,239.4,240.7,60.0,59.9,74.7,0.0,270.0,269.0,271.4,193.3,22.33,194.6,618.0,1439830.0,42564.0,133120.0,0.993,0.979,0.748,0.921,99.2,100.1,98.6,98.4,100.2,97.9,85.2,29.36,29.62,29.19,29.13,29.68,28.99,25.23,52840.0,53638.0,53094.0,52930.0,53924.0,51304.0,46685.0,,0.0,0.0,,,2.5,-1.0,13.32,0.019,0.246,3.0,2.0,0.0,0.0,62.76,60.89,61.84,62.12,62.19,65.43,60.42,62.5,62.68,59.15
2016-07-25 11:13:00-05:00,916.69434,967.1616,571810,42.72,0.0,961.0,34.85,296.0,,,,,,,,,,,-2147484000.0,,,,-7999.0,-7999.0,-7999.0,-7999.0,-7999.0,-7999.0,-7999.0,-7999.0,36.02,61.82,912.0,243.1,241.3,242.8,60.0,59.9,74.7,0.0,270.0,269.0,271.7,195.0,22.58,196.3,618.0,1439833.0,42564.0,133120.0,0.993,0.979,0.748,0.921,100.6,101.0,99.2,99.8,101.5,98.9,85.7,29.79,29.89,29.36,29.53,30.06,29.28,25.38,52840.0,53639.0,53094.0,52930.0,53925.0,51304.0,46685.0,,0.0,0.0,,,2.0,-1.0,13.32,0.019,0.246,3.0,2.0,0.0,0.0,63.26,60.87,62.24,62.37,62.65,65.75,60.8,63.23,63.05,59.15
2016-07-25 11:14:00-05:00,921.68414,972.7655,571811,42.75,0.0,966.0,35.42,296.1,,,,,,,,,,,-2147484000.0,,,,-7999.0,-7999.0,-7999.0,-7999.0,-7999.0,-7999.0,-7999.0,-7999.0,37.21,62.37,917.0,243.9,242.2,243.7,60.0,59.9,74.7,0.0,270.0,269.0,271.1,195.5,22.71,196.8,618.0,1439837.0,42564.0,133121.0,0.993,0.979,0.748,0.921,100.3,101.7,99.8,99.5,101.2,99.7,86.2,29.7,30.1,29.54,29.46,29.97,29.51,25.53,52841.0,53639.0,53095.0,52931.0,53925.0,51305.0,46686.0,,0.0,0.0,,,2.5,-1.0,13.32,0.019,0.247,3.0,2.0,0.0,0.0,63.49,60.95,62.77,62.73,62.81,65.7,61.36,63.85,63.52,59.15
2016-07-25 11:15:00-05:00,926.91156,978.3693,571812,42.79,0.0,971.0,35.49,296.0,,,,,,,,,,,-2147484000.0,,,,-7999.0,-7999.0,-7999.0,-7999.0,-7999.0,-7999.0,-7999.0,-7999.0,37.19,61.3,923.0,245.8,243.9,245.5,60.0,59.9,74.7,0.0,269.8,269.0,271.0,196.8,22.9,198.2,618.0,1439840.0,42564.0,133121.0,0.993,0.979,0.748,0.921,100.9,101.5,100.7,100.6,101.9,99.2,87.4,29.88,30.04,29.82,29.77,30.15,29.38,25.87,52841.0,53640.0,53095.0,52931.0,53926.0,51305.0,46686.0,,0.0,0.0,,,2.5,-1.0,13.32,0.019,0.247,3.0,2.0,0.0,0.0,62.89,61.11,62.99,62.68,63.18,65.93,60.93,64.03,63.56,59.15
2016-07-25 11:16:00-05:00,935.3467,987.3354,571813,42.81,0.0,981.0,35.84,296.0,,,,,,,,,,,-2147484000.0,,,,-7999.0,-7999.0,-7999.0,-7999.0,-7999.0,-7999.0,-7999.0,-7999.0,37.68,60.71,933.0,248.0,245.9,247.7,60.0,59.9,74.7,0.0,270.8,269.8,272.0,199.3,23.25,200.6,618.0,1439843.0,42564.0,133121.0,0.993,0.979,0.748,0.921,102.0,103.2,102.0,101.4,103.1,101.4,88.7,30.19,30.55,30.18,30.0,30.51,30.0,26.26,52842.0,53640.0,53096.0,52932.0,53926.0,51306.0,46687.0,,0.0,0.0,,,2.0,-1.0,13.32,0.019,0.247,3.0,2.0,0.0,0.0,62.27,61.21,63.14,62.54,62.6,66.04,60.27,64.09,63.59,59.14
2016-07-25 11:17:00-05:00,950.4348,1001.90533,571814,42.85,0.0,997.0,35.97,296.1,,,,,,,,,,,-2147484000.0,,,,-7999.0,-7999.0,-7999.0,-7999.0,-7999.0,-7999.0,-7999.0,-7999.0,37.35,60.81,949.0,250.5,248.3,250.3,60.0,59.9,74.7,0.0,272.0,271.1,273.6,202.3,23.65,203.7,618.0,1439846.0,42564.0,133122.0,0.993,0.979,0.748,0.921,103.6,104.4,103.4,102.7,104.7,102.6,90.1,30.66,30.9,30.6,30.42,30.99,30.37,26.66,52842.0,53641.0,53096.0,52932.0,53927.0,51306.0,46687.0,,0.0,0.0,,,2.0,-1.0,13.32,0.019,0.247,3.0,2.0,0.0,0.0,62.18,61.33,62.91,62.14,62.33,65.98,59.74,63.98,63.35,59.06
2016-07-25 11:18:00-05:00,962.3152,1015.35443,571815,42.85,0.0,1009.0,35.68,296.1,,,,,,,,,,,-2147484000.0,,,,-7999.0,-7999.0,-7999.0,-7999.0,-7999.0,-7999.0,-7999.0,-7999.0,37.08,61.27,960.0,252.6,250.3,252.5,60.0,59.9,74.7,0.0,272.0,271.4,273.9,204.2,23.87,205.6,618.0,1439850.0,42564.0,133122.0,0.993,0.979,0.748,0.921,104.9,105.2,104.1,103.9,106.1,103.5,91.1,31.04,31.13,30.82,30.76,31.41,30.65,26.96,52842.0,53641.0,53097.0,52932.0,53927.0,51307.0,46688.0,,0.0,0.0,,,2.0,-1.0,13.32,0.019,0.248,3.0,2.0,0.0,0.0,62.47,61.49,63.06,62.58,63.11,65.96,60.38,63.64,63.86,59.06
2016-07-25 11:19:00-05:00,968.2554,1020.9583,571816,42.86,0.0,1016.0,35.45,296.0,,,,,,,,,,,-2147484000.0,,,,-7999.0,-7999.0,-7999.0,-7999.0,-7999.0,-7999.0,-7999.0,-7999.0,36.13,61.14,970.0,253.9,251.6,253.9,60.0,59.9,74.7,0.0,272.0,271.0,273.5,205.0,23.99,206.4,618.0,1439853.0,42564.0,133123.0,0.993,0.979,0.748,0.921,104.7,106.5,104.6,103.8,106.0,104.5,91.5,30.98,31.53,30.96,30.73,31.37,30.91,27.08,52843.0,53642.0,53097.0,52933.0,53928.0,51307.0,46688.0,,0.0,0.0,,,2.0,-1.0,13.32,0.019,0.248,3.0,2.0,0.0,0.0,62.58,61.32,63.32,62.78,63.01,66.03,60.73,63.49,64.11,59.06
2016-07-25 11:20:00-05:00,988.45215,1042.2527,571817,42.9,0.0,1037.0,35.13,295.9,,,,,,,,,,,-2147484000.0,,,,-7999.0,-7999.0,-7999.0,-7999.0,-7999.0,-7999.0,-7999.0,-7999.0,36.13,62.13,988.0,257.8,255.3,257.8,60.0,59.9,74.7,0.0,272.0,271.0,273.1,208.0,24.48,209.4,618.0,1439857.0,42564.0,133123.0,0.993,0.979,0.748,0.921,106.7,108.0,106.1,105.9,107.7,106.0,92.6,31.58,31.97,31.39,31.32,31.86,31.35,27.4,52843.0,53642.0,53098.0,52933.0,53928.0,51307.0,46689.0,,0.0,0.0,,,2.0,-1.0,13.32,0.019,0.248,3.0,2.0,0.0,0.0,63.36,61.72,63.81,63.09,63.62,66.25,61.22,64.23,64.22,58.97
2016-07-25 11:21:00-05:00,1001.52057,1057.9435,571818,42.92,0.0,1053.0,35.24,296.0,,,,,,,,,,,-2147484000.0,,,,-7999.0,-7999.0,-7999.0,-7999.0,-7999.0,-7999.0,-7999.0,-7999.0,36.23,61.81,1002.0,260.7,258.2,260.8,60.0,59.9,74.7,0.0,271.7,271.0,273.0,210.3,24.87,211.8,618.0,1439860.0,42564.0,133123.0,0.993,0.979,0.748,0.921,108.1,109.3,107.5,106.7,108.6,107.3,93.7,32.01,32.34,31.81,31.59,32.16,31.76,27.73,52844.0,53643.0,53098.0,52934.0,53929.0,51308.0,46689.0,,0.0,0.0,,,2.0,-1.0,13.32,0.019,0.248,3.0,2.0,0.0,0.0,63.27,62.04,64.17,63.29,64.19,65.41,62.16,63.9,63.78,58.96
2016-07-25 11:22:00-05:00,1000.3325,1059.0642,571819,42.96,0.0,1054.0,34.89,296.0,,,,,,,,,,,-2147484000.0,,,,-7999.0,-7999.0,-7999.0,-7999.0,-7999.0,-7999.0,-7999.0,-7999.0,35.38,57.83,1003.0,261.4,258.9,261.6,60.0,59.9,74.7,0.0,271.5,271.0,273.0,210.7,24.96,212.2,618.0,1439864.0,42564.0,133124.0,0.993,0.979,0.748,0.921,108.6,109.5,107.8,106.8,109.0,107.1,93.7,32.15,32.41,31.91,31.61,32.26,31.69,27.74,52844.0,53643.0,53099.0,52934.0,53929.0,51308.0,46689.0,,0.0,0.0,,,2.0,-1.0,13.32,0.02,0.248,3.0,2.0,0.0,0.0,60.11,60.34,64.43,63.56,63.88,65.04,62.53,63.67,62.92,58.96
2016-07-25 11:23:00-05:00,986.076,1044.4943,571820,43.0,0.0,1038.0,34.63,296.0,,,,,,,,,,,-2147484000.0,,,,-7999.0,-7999.0,-7999.0,-7999.0,-7999.0,-7999.0,-7999.0,-7999.0,35.02,56.87,990.0,258.9,256.5,258.9,60.0,59.9,74.7,0.0,271.0,270.3,273.0,208.5,24.68,209.9,618.0,1439867.0,42564.0,133124.0,0.993,0.979,0.748,0.921,107.3,108.5,106.7,105.9,107.9,105.8,92.5,31.78,32.12,31.57,31.34,31.96,31.32,27.38,52845.0,53643.0,53099.0,52935.0,53930.0,51309.0,46690.0,1.817,298.8,7.797,2.7,3.51,2.0,-1.0,13.32,0.02,0.248,3.0,2.0,0.0,0.0,58.65,59.0,63.96,62.63,63.45,62.59,62.11,62.73,62.46,58.87
2016-07-25 11:24:00-05:00,881.2907,934.65955,571821,43.04,0.0,913.0,34.64,296.0,,,,,,,,,,,-2147484000.0,,,,-7999.0,-7999.0,-7999.0,-7999.0,-7999.0,-7999.0,-7999.0,-7999.0,34.96,57.49,785.8,227.3,226.1,227.1,60.0,59.9,74.7,0.0,271.0,270.2,273.0,183.2,20.73,184.4,618.0,1439870.0,42564.0,133125.0,0.994,0.979,0.748,0.921,92.3,88.0,93.5,93.2,89.0,95.0,80.6,27.31,26.04,27.67,27.59,26.34,28.11,23.85,52845.0,53644.0,53100.0,52935.0,53930.0,51309.0,46690.0,,0.0,0.0,,,2.0,-1.0,13.32,0.02,0.247,3.0,2.0,0.0,0.0,58.13,60.06,64.27,63.07,64.22,62.99,62.59,63.02,62.98,58.86
2016-07-25 11:25:00-05:00,215.39229,227.23454,571822,43.07,0.0,221.7,34.55,300.9,,,,,,,,,,,-2147484000.0,,,,-7999.0,-7999.0,-7999.0,-7999.0,-7999.0,-7999.0,-7999.0,-7999.0,34.88,54.58,205.2,53.37,55.61,52.86,60.0,59.9,74.7,0.0,271.0,270.3,273.0,43.54,-0.972,43.55,618.0,1439871.0,42564.0,133125.0,-0.933,0.979,0.748,0.921,22.15,22.24,21.68,21.29,21.87,21.44,18.57,6.665,6.69,6.522,6.405,6.579,6.45,5.588,52845.0,53644.0,53100.0,52935.0,53930.0,51309.0,46690.0,1.783,293.7,14.72,2.6,3.512,2.0,-1.0,13.32,0.019,0.236,3.0,2.0,0.0,0.0,54.84,58.32,61.97,61.15,62.31,60.37,60.19,60.16,61.11,58.86
2016-07-25 11:26:00-05:00,198.9973,210.98349,571823,43.1,0.0,207.8,34.29,296.8,,,,,,,,,,,-2147484000.0,,,,-7999.0,-7999.0,-7999.0,-7999.0,-7999.0,-7999.0,-7999.0,-7999.0,34.51,52.28,195.9,50.8,53.1,50.32,60.0,59.9,74.7,0.0,272.7,271.8,273.9,41.66,-1.332,41.68,618.0,1439872.0,42564.0,133125.0,-0.999,0.979,0.748,0.921,21.22,21.78,21.12,21.03,21.76,20.59,18.42,6.298,6.465,6.269,6.242,6.458,6.111,5.467,52845.0,53644.0,53100.0,52935.0,53930.0,51309.0,46690.0,,0.0,0.0,,,2.0,-1.0,13.32,0.02,0.236,3.0,2.0,0.0,0.0,52.21,56.02,58.8,58.69,59.65,58.33,57.38,57.97,58.25,58.78
2016-07-25 11:27:00-05:00,217.05554,231.49342,571824,43.14,0.0,229.6,34.33,295.9,,,,,,,,,,,-2147484000.0,,,,-7999.0,-7999.0,-7999.0,-7999.0,-7999.0,-7999.0,-7999.0,-7999.0,34.59,50.92,223.2,57.45,59.7,57.0,60.0,59.9,74.7,0.0,272.0,271.8,274.0,47.11,-0.539,47.11,618.0,1439872.0,42564.0,133125.0,-0.633,0.979,0.748,0.921,24.37,25.1,23.77,23.68,24.9,23.3,20.52,7.211,7.427,7.032,7.006,7.369,6.893,6.072,52845.0,53644.0,53100.0,52935.0,53930.0,51309.0,46690.0,1.553,247.8,26.76,3.1,3.51,2.0,-1.0,13.32,0.02,0.236,3.0,2.0,0.0,0.0,50.96,54.62,56.47,56.77,57.48,57.68,55.15,56.4,56.17,58.76
2016-07-25 11:28:00-05:00,283.4672,302.43768,571825,43.1,0.0,303.4,34.4,296.0,,,,,,,,,,,-2147484000.0,,,,-7999.0,-7999.0,-7999.0,-7999.0,-7999.0,-7999.0,-7999.0,-7999.0,34.42,49.29,408.2,79.93,82.4,79.57,60.0,59.9,74.7,0.0,272.0,271.7,274.0,65.54,2.153,65.59,618.0,1439874.0,42564.0,133125.0,0.999,0.979,0.748,0.921,38.93,40.6,30.58,29.75,33.43,30.79,25.27,11.52,12.02,9.05,8.81,9.9,9.12,7.48,52846.0,53644.0,53100.0,52936.0,53930.0,51310.0,46691.0,2.093,256.9,23.98,3.8,3.504,2.0,-1.0,13.32,0.02,0.237,3.0,2.0,0.0,0.0,49.66,52.54,54.19,54.49,54.95,55.88,53.28,53.85,54.2,58.68
2016-07-25 11:29:00-05:00,518.9374,550.3503,571826,43.06,0.0,562.6,34.1,297.1,,,,,,,,,,,-2147484000.0,,,,-7999.0,-7999.0,-7999.0,-7999.0,-7999.0,-7999.0,-7999.0,-7999.0,34.16,48.11,608.2,132.9,134.3,132.5,60.0,59.9,74.7,0.0,272.0,272.0,274.0,108.2,8.85,108.7,618.0,1439875.0,42564.0,133125.0,0.997,0.979,0.748,0.921,59.01,63.89,54.07,52.34,62.45,53.48,42.83,17.51,18.96,16.05,15.54,18.55,15.87,12.71,52846.0,53645.0,53100.0,52936.0,53931.0,51310.0,46691.0,,0.0,0.0,,,2.0,-1.0,13.32,0.02,0.239,3.0,2.0,0.0,0.0,48.69,51.14,52.77,52.8,53.82,54.13,52.05,52.56,53.12,58.65
2016-07-25 11:30:00-05:00,612.08,655.14154,571827,43.04,0.0,642.4,34.22,297.9,,,,,,,,,,,-2147484000.0,,,,-7999.0,-7999.0,-7999.0,-7999.0,-7999.0,-7999.0,-7999.0,-7999.0,34.23,49.3,560.4,167.8,167.8,167.6,60.0,59.9,74.7,0.0,272.8,272.0,274.0,136.3,13.34,137.1,618.0,1439878.0,42564.0,133125.0,0.996,0.979,0.748,0.921,67.1,64.73,69.46,70.31,65.86,68.78,60.31,19.91,19.23,20.6,20.86,19.56,20.4,17.89,52846.0,53645.0,53101.0,52936.0,53931.0,51310.0,46691.0,,0.0,0.0,,,2.0,-1.0,13.32,0.02,0.243,3.0,2.0,0.0,0.0,49.96,51.42,53.43,53.01,53.67,54.07,53.0,52.61,53.28,58.57
2016-07-25 11:31:00-05:00,238.67795,258.39172,571828,43.0,0.0,258.1,34.6,309.7,,,,,,,,,,,-2147484000.0,,,,-7999.0,-7999.0,-7999.0,-7999.0,-7999.0,-7999.0,-7999.0,-7999.0,34.6,48.66,244.2,67.42,69.65,66.96,60.0,59.9,74.7,0.0,273.3,272.4,274.5,55.42,0.676,55.43,618.0,1439879.0,42564.0,133125.0,1.0,0.979,0.748,0.921,26.54,26.98,26.93,27.04,27.33,26.34,23.66,8.22,8.35,8.34,8.37,8.46,8.16,7.325,52847.0,53645.0,53101.0,52936.0,53931.0,51311.0,46691.0,,0.0,0.0,,,2.5,-1.0,13.32,0.02,0.236,3.0,2.0,0.0,0.0,49.16,50.52,52.38,52.06,51.84,53.31,51.84,51.2,52.53,58.53
2016-07-25 11:32:00-05:00,223.47098,244.15804,571829,42.95,0.0,245.1,34.55,310.7,,,,,,,,,,,-2147484000.0,,,,-7999.0,-7999.0,-7999.0,-7999.0,-7999.0,-7999.0,-7999.0,-7999.0,34.39,47.18,232.1,63.94,66.17,63.47,60.0,59.9,74.7,0.0,275.0,274.0,276.1,52.88,0.26,52.88,618.0,1439879.0,42564.0,133125.0,1.0,0.979,0.748,0.921,25.2,25.66,25.72,25.78,26.01,25.12,22.65,7.829,7.971,7.989,8.01,8.08,7.804,7.036,52847.0,53645.0,53101.0,52937.0,53931.0,51311.0,46691.0,,0.0,0.0,,,2.0,-1.0,13.32,0.02,0.236,3.0,2.0,0.0,0.0,48.07,48.98,50.77,50.38,49.9,52.26,50.26,49.76,51.01,58.45
2016-07-25 11:33:00-05:00,211.94696,231.38136,571830,42.9,0.0,233.3,34.65,315.3,,,,,,,,,,,-2147484000.0,,,,-7999.0,-7999.0,-7999.0,-7999.0,-7999.0,-7999.0,-7999.0,-7999.0,34.45,46.82,221.1,60.82,63.03,60.34,60.0,59.9,74.7,0.0,275.0,274.0,276.0,50.28,-0.104,50.28,618.0,1439880.0,42564.0,133125.0,-0.133,0.979,0.748,0.921,23.6,24.0,24.08,24.17,24.36,23.51,21.2,7.44,7.564,7.59,7.62,7.677,7.412,6.681,52847.0,53646.0,53101.0,52937.0,53932.0,51311.0,46691.0,1.827,70.62,11.87,2.7,3.513,2.0,-1.0,13.32,0.02,0.235,3.0,2.0,0.0,0.0,47.52,48.55,49.74,49.5,48.78,51.77,49.24,49.28,49.77,58.35
2016-07-25 11:34:00-05:00,199.71013,217.70807,571831,42.84,0.0,218.9,35.01,312.8,,,,,,,,,,,-2147484000.0,,,,-7999.0,-7999.0,-7999.0,-7999.0,-7999.0,-7999.0,-7999.0,-7999.0,35.06,46.47,209.5,57.4,59.66,56.94,60.0,59.9,74.7,0.0,275.0,274.0,276.0,47.49,-0.471,47.49,618.0,1439881.0,42564.0,133125.0,-1.0,0.979,0.748,0.921,22.52,22.93,22.99,23.1,23.28,22.42,20.23,7.045,7.172,7.19,7.224,7.282,7.014,6.328,52847.0,53646.0,53101.0,52937.0,53932.0,51311.0,46691.0,1.085,65.15,28.49,1.7,3.513,2.0,-1.0,13.32,0.02,0.235,3.0,2.0,0.0,0.0,47.11,47.65,48.42,48.16,47.22,50.79,48.04,47.94,48.47,58.25
2016-07-25 11:35:00-05:00,196.97763,213.00085,571832,42.78,0.0,213.0,35.17,315.2,,,,,,,,,,,-2147484000.0,,,,-7999.0,-7999.0,-7999.0,-7999.0,-7999.0,-7999.0,-7999.0,-7999.0,35.29,46.05,204.8,56.12,58.41,55.64,60.0,59.9,74.7,0.0,274.4,273.9,276.0,46.38,-0.621,46.38,618.0,1439882.0,42564.0,133125.0,-1.0,0.979,0.748,0.921,21.87,22.19,22.28,22.37,22.53,21.68,19.58,6.89,6.993,7.021,7.048,7.1,6.831,6.169,52847.0,53646.0,53102.0,52937.0,53932.0,51311.0,46691.0,,0.0,0.0,,,2.0,-1.0,13.32,0.02,0.235,3.0,2.0,0.0,0.0,46.56,47.16,47.52,47.28,46.23,50.32,47.08,47.48,47.76,58.18
2016-07-25 11:36:00-05:00,182.24588,198.76718,571833,42.72,0.0,199.3,34.78,315.8,,,,,,,,,,,-2147484000.0,,,,-7999.0,-7999.0,-7999.0,-7999.0,-7999.0,-7999.0,-7999.0,-7999.0,34.65,45.14,191.9,52.36,54.79,51.9,60.0,59.9,74.7,0.0,273.2,272.6,275.2,43.12,-1.046,43.14,618.0,1439883.0,42564.0,133125.0,-1.0,0.979,0.748,0.921,20.26,20.73,20.69,20.77,21.0,20.12,18.24,6.398,6.548,6.535,6.558,6.631,6.353,5.761,52847.0,53646.0,53102.0,52937.0,53932.0,51311.0,46691.0,,0.0,0.0,,,2.0,-1.0,13.32,0.02,0.235,3.0,2.0,0.0,0.0,45.83,46.39,46.84,46.81,46.01,49.76,46.13,47.15,46.76,58.11
2016-07-25 11:37:00-05:00,189.84935,206.27628,571834,42.65,0.0,206.2,34.25,308.5,,,,,,,,,,,-2147484000.0,,,,-7999.0,-7999.0,-7999.0,-7999.0,-7999.0,-7999.0,-7999.0,-7999.0,34.11,44.42,200.1,54.6,57.04,54.18,60.0,59.9,74.7,0.0,273.0,272.5,275.0,44.98,-0.759,44.98,618.0,1439883.0,42564.0,133125.0,-1.0,0.979,0.748,0.921,21.63,22.2,22.07,22.16,22.58,21.44,19.39,6.672,6.848,6.808,6.836,6.965,6.614,5.981,52847.0,53646.0,53102.0,52937.0,53932.0,51311.0,46691.0,0.702,283.8,35.05,1.9,3.512,2.0,-1.0,13.32,0.02,0.235,3.0,2.0,0.0,0.0,45.01,45.43,46.04,45.89,45.68,48.26,45.65,46.16,46.04,57.98
2016-07-25 11:38:00-05:00,223.94621,242.02861,571835,42.58,0.0,240.9,34.0,305.2,,,,,,,,,,,-2147484000.0,,,,-7999.0,-7999.0,-7999.0,-7999.0,-7999.0,-7999.0,-7999.0,-7999.0,34.01,43.45,225.0,64.0,66.42,63.67,60.0,59.9,74.7,0.0,273.0,272.6,274.9,52.71,0.352,52.72,618.0,1439884.0,42564.0,133125.0,0.033,0.979,0.748,0.921,24.59,25.5,26.32,27.23,26.81,24.73,24.26,7.502,7.78,8.02,8.3,8.17,7.54,7.39,52847.0,53646.0,53102.0,52938.0,53932.0,51311.0,46691.0,2.21,287.1,9.76,3.5,3.512,2.0,-1.0,13.32,0.02,0.235,3.0,2.0,0.0,0.0,43.92,44.57,45.26,45.2,45.19,47.14,45.1,45.47,45.31,57.85
2016-07-25 11:39:00-05:00,247.11307,266.79745,571836,42.5,0.0,264.1,34.11,303.9,,,,,,,,,,,-2147484000.0,,,,-7999.0,-7999.0,-7999.0,-7999.0,-7999.0,-7999.0,-7999.0,-7999.0,34.19,42.83,247.8,71.08,73.56,70.79,60.0,59.9,74.7,0.0,273.0,272.0,274.1,58.47,1.24,58.48,618.0,1439885.0,42564.0,133125.0,1.0,0.979,0.748,0.921,27.86,28.48,29.18,29.75,29.34,28.36,26.36,8.47,8.65,8.87,9.04,8.92,8.62,8.01,52848.0,53646.0,53102.0,52938.0,53933.0,51311.0,46692.0,2.042,265.2,25.56,3.1,3.513,2.0,-1.0,13.32,0.02,0.235,3.0,2.0,0.0,0.0,43.45,44.3,44.79,44.75,44.75,47.13,44.74,44.88,44.64,57.69
2016-07-25 11:40:00-05:00,281.4475,302.886,571837,42.43,0.0,306.3,34.16,305.8,,,,,,,,,,,-2147484000.0,,,,-7999.0,-7999.0,-7999.0,-7999.0,-7999.0,-7999.0,-7999.0,-7999.0,34.19,42.55,357.7,83.6,86.2,83.3,60.0,59.9,74.7,0.0,273.0,272.0,274.2,68.74,2.797,68.81,618.0,1439886.0,42564.0,133125.0,0.999,0.979,0.748,0.921,31.69,36.18,32.37,33.56,43.66,30.95,28.84,9.68,11.03,9.89,10.24,13.27,9.46,8.8,52848.0,53647.0,53102.0,52938.0,53933.0,51312.0,46692.0,1.393,248.6,27.14,2.5,3.513,2.0,-1.0,13.32,0.02,0.236,3.0,2.0,0.0,0.0,43.29,44.06,44.43,44.4,44.32,46.96,44.45,44.74,44.43,57.5
2016-07-25 11:41:00-05:00,1022.9054,1081.4795,571838,42.35,0.0,1085.0,34.31,376.8,,,,,,,,,,,-2147484000.0,,,,-7999.0,-7999.0,-7999.0,-7999.0,-7999.0,-7999.0,-7999.0,-7999.0,34.4,44.79,1088.0,127.2,128.0,126.8,60.0,59.9,74.7,0.0,273.0,272.2,274.5,99.8,7.481,103.4,618.0,1439888.0,42564.0,133125.0,0.645,0.979,0.748,0.921,40.36,48.48,43.85,45.65,50.33,38.14,40.1,14.28,16.68,15.25,15.73,17.12,13.46,13.88,52848.0,53647.0,53103.0,52938.0,53933.0,51312.0,46692.0,,0.0,0.0,,,2.0,-1.0,13.32,0.021,0.245,3.0,2.0,0.0,0.0,46.06,45.3,46.24,45.74,45.87,48.52,46.16,46.69,45.7,57.34
2016-07-25 11:42:00-05:00,1077.5554,1139.759,571839,42.27,0.0,1128.0,34.57,364.5,,,,,,,,,,,-2147484000.0,,,,-7999.0,-7999.0,-7999.0,-7999.0,-7999.0,-7999.0,-7999.0,-7999.0,34.9,48.37,1087.0,220.0,220.4,219.4,60.0,59.9,74.7,0.0,273.0,272.2,274.8,178.9,20.37,180.1,618.0,1439891.0,42564.0,133126.0,0.994,0.979,0.748,0.921,76.48,76.54,74.83,73.78,74.21,74.12,64.27,27.84,27.86,27.24,26.85,27.01,26.98,23.39,52848.0,53647.0,53103.0,52939.0,53934.0,51312.0,46693.0,,0.0,0.0,,,2.0,-1.0,13.32,0.021,0.248,3.0,2.0,0.0,0.0,49.81,48.21,49.71,48.78,49.17,51.74,49.54,50.09,49.05,57.2
2016-07-25 11:43:00-05:00,1072.8032,1133.0345,571840,42.23,0.0,1121.0,34.55,342.0,,,,,,,,,,,-2147484000.0,,,,-7999.0,-7999.0,-7999.0,-7999.0,-7999.0,-7999.0,-7999.0,-7999.0,35.13,51.37,1080.0,261.0,259.5,261.6,60.0,59.9,74.7,0.0,273.0,272.0,274.7,211.9,25.54,213.5,618.0,1439894.0,42564.0,133126.0,0.993,0.979,0.748,0.921,95.5,96.2,94.5,93.4,94.8,93.6,81.7,32.65,32.89,32.29,31.91,32.4,31.98,27.93,52849.0,53648.0,53103.0,52939.0,53934.0,51313.0,46693.0,1.227,240.0,16.84,2.3,3.513,2.0,-1.0,13.32,0.021,0.248,3.0,2.0,0.0,0.0,52.9,50.98,52.55,51.7,52.24,54.63,51.97,53.26,52.06,57.12
2016-07-25 11:44:00-05:00,814.4038,859.56854,571841,42.2,0.0,845.0,34.43,329.1,,,,,,,,,,,-2147484000.0,,,,-7999.0,-7999.0,-7999.0,-7999.0,-7999.0,-7999.0,-7999.0,-7999.0,35.46,53.44,756.9,214.4,214.8,214.0,60.0,59.9,74.7,0.0,273.0,272.6,274.9,174.5,19.62,175.6,618.0,1439897.0,42564.0,133126.0,0.994,0.979,0.748,0.921,78.69,77.1,81.0,82.7,78.32,79.84,74.1,25.87,25.37,26.61,27.2,25.78,26.23,24.37,52849.0,53648.0,53104.0,52940.0,53935.0,51313.0,46693.0,,0.0,0.0,,,2.0,-1.0,13.32,0.02,0.244,3.0,2.0,0.0,0.0,54.63,52.64,54.22,53.57,53.76,56.22,53.28,54.73,54.03,57.02
2016-07-25 11:45:00-05:00,848.9759,893.86383,571842,42.2,0.0,880.0,34.39,328.5,,,,,,,,,,,-2147484000.0,,,,-7999.0,-7999.0,-7999.0,-7999.0,-7999.0,-7999.0,-7999.0,-7999.0,35.21,54.02,746.9,219.1,219.4,218.6,60.0,59.9,74.7,0.0,272.9,272.2,274.8,178.1,20.2,179.3,618.0,1439900.0,42564.0,133127.0,0.994,0.979,0.748,0.921,69.43,74.03,85.6,89.5,86.4,79.25,81.4,22.76,24.29,28.08,29.4,28.36,25.99,26.72,52850.0,53649.0,53104.0,52940.0,53935.0,51314.0,46694.0,,0.0,0.0,,,2.0,-1.0,13.32,0.021,0.245,3.0,2.0,0.0,0.0,55.4,53.72,55.24,54.63,55.04,57.23,54.16,55.86,54.93,57.02
2016-07-25 11:46:00-05:00,1060.9227,1112.8607,571843,42.2,0.0,1100.0,34.6,314.0,,,,,,,,,,,-2147484000.0,,,,-7999.0,-7999.0,-7999.0,-7999.0,-7999.0,-7999.0,-7999.0,-7999.0,35.25,55.47,1061.0,277.3,274.9,278.2,60.0,59.9,74.7,0.0,272.6,271.8,274.0,224.5,27.38,226.2,618.0,1439904.0,42564.0,133127.0,0.993,0.979,0.748,0.921,110.2,110.9,108.6,107.5,109.0,108.4,94.1,34.58,34.81,34.08,33.72,34.19,34.0,29.53,52850.0,53649.0,53105.0,52941.0,53936.0,51314.0,46694.0,,0.0,0.0,,,2.0,-1.0,13.32,0.021,0.248,3.0,2.0,0.0,0.0,57.05,55.02,56.73,55.87,56.23,58.4,55.65,56.94,56.12,57.02
2016-07-25 11:47:00-05:00,1066.863,1116.223,571844,42.2,0.0,1104.0,35.0,297.9,,,,,,,,,,,-2147484000.0,,,,-7999.0,-7999.0,-7999.0,-7999.0,-7999.0,-7999.0,-7999.0,-7999.0,35.71,57.11,1058.0,276.5,273.3,277.0,60.0,59.9,74.7,0.0,278.0,277.0,279.0,227.8,27.53,229.4,618.0,1439908.0,42564.0,133128.0,0.993,0.979,0.748,0.921,117.0,117.7,116.0,115.3,116.9,115.8,100.2,34.84,35.04,34.55,34.34,34.82,34.48,29.84,52851.0,53650.0,53105.0,52941.0,53936.0,51315.0,46695.0,,0.0,0.0,,,2.0,-1.0,13.32,0.021,0.248,3.0,2.0,0.0,0.0,58.82,56.41,58.22,57.38,57.98,59.58,57.24,58.41,58.02,57.02
2016-07-25 11:48:00-05:00,914.4371,953.7125,571845,42.2,0.0,939.0,35.08,298.0,,,,,,,,,,,-2147484000.0,,,,-7999.0,-7999.0,-7999.0,-7999.0,-7999.0,-7999.0,-7999.0,-7999.0,35.67,57.88,857.0,232.6,231.6,232.4,60.0,59.9,74.7,0.0,278.0,277.0,279.0,192.0,21.99,193.3,618.0,1439911.0,42564.0,133128.0,0.994,0.979,0.748,0.921,103.1,96.7,98.2,95.3,92.6,102.9,81.9,30.73,28.82,29.22,28.35,27.59,30.64,24.37,52851.0,53650.0,53106.0,52942.0,53936.0,51315.0,46695.0,,0.0,0.0,,,2.0,-1.0,13.32,0.021,0.246,3.0,2.0,0.0,0.0,59.46,57.47,59.21,58.49,58.95,60.51,58.1,59.42,59.16,57.02
2016-07-25 11:49:00-05:00,825.09625,856.4304,571846,42.25,0.0,844.0,35.42,304.8,,,,,,,,,,,-2147484000.0,,,,-7999.0,-7999.0,-7999.0,-7999.0,-7999.0,-7999.0,-7999.0,-7999.0,36.22,59.46,800.0,202.8,202.5,202.4,60.0,59.9,74.7,0.0,278.0,277.0,279.0,167.5,18.18,168.6,618.0,1439914.0,42564.0,133128.0,0.995,0.979,0.748,0.921,85.0,85.4,84.4,81.7,82.4,85.4,69.0,25.82,25.97,25.6,24.77,25.04,25.92,20.92,52852.0,53651.0,53106.0,52942.0,53937.0,51316.0,46696.0,,0.0,0.0,,,2.0,-1.0,13.32,0.021,0.245,3.0,2.0,0.0,0.0,60.75,58.32,59.75,59.08,59.62,60.68,58.86,60.49,60.28,57.0
2016-07-25 11:50:00-05:00,455.6147,470.1037,571847,42.27,0.0,448.5,35.51,308.2,,,,,,,,,,,-2147484000.0,,,,-7999.0,-7999.0,-7999.0,-7999.0,-7999.0,-7999.0,-7999.0,-7999.0,36.56,59.26,453.8,104.5,106.6,104.1,60.0,59.9,74.7,0.0,277.7,276.9,279.0,86.9,5.403,87.1,618.0,1439915.0,42564.0,133128.0,0.565,0.979,0.748,0.921,53.55,46.33,40.7,35.44,34.28,45.62,27.22,16.45,14.26,12.51,10.9,10.57,14.0,8.38,52852.0,53651.0,53106.0,52942.0,53937.0,51316.0,46696.0,0.78,171.3,43.96,1.4,3.512,2.5,-1.0,13.32,0.021,0.24,3.0,2.0,0.0,0.0,60.25,58.39,59.26,59.19,59.45,61.14,58.15,60.64,60.24,56.92
2016-07-25 11:51:00-05:00,221.3325,223.76016,571848,42.32,0.0,219.8,34.91,305.6,,,,,,,,,,,-2147484000.0,,,,-7999.0,-7999.0,-7999.0,-7999.0,-7999.0,-7999.0,-7999.0,-7999.0,35.9,57.35,208.4,53.19,55.43,52.68,60.0,59.9,74.7,0.0,278.0,277.0,279.0,44.39,-1.045,44.4,618.0,1439916.0,42565.0,133128.0,-1.0,0.979,0.748,0.921,21.65,22.12,21.99,21.93,22.17,21.49,19.32,6.616,6.761,6.72,6.702,6.775,6.567,5.904,52852.0,53651.0,53106.0,52942.0,53937.0,51316.0,46696.0,1.437,236.3,14.08,2.4,3.512,2.0,-1.0,13.32,0.021,0.235,3.0,2.0,0.0,0.0,58.13,56.94,57.13,57.62,58.05,59.66,55.99,58.74,58.48,56.92
2016-07-25 11:52:00-05:00,205.53152,211.43178,571849,42.35,0.0,208.9,34.42,298.5,,,,,,,,,,,-2147484000.0,,,,-7999.0,-7999.0,-7999.0,-7999.0,-7999.0,-7999.0,-7999.0,-7999.0,35.32,55.13,199.8,51.72,54.03,51.26,60.0,59.9,74.7,0.0,278.0,277.0,279.0,43.2,-1.222,43.22,618.0,1439917.0,42565.0,133128.0,-1.0,0.979,0.748,0.921,21.49,21.96,21.94,21.91,22.2,21.29,19.27,6.415,6.555,6.549,6.539,6.627,6.355,5.751,52852.0,53651.0,53106.0,52942.0,53937.0,51316.0,46696.0,,0.0,0.0,,,2.0,-1.0,13.32,0.021,0.235,3.0,2.0,0.0,0.0,56.01,55.01,55.05,55.58,56.16,57.64,54.02,56.46,56.25,56.9
2016-07-25 11:53:00-05:00,208.02641,216.69937,571850,42.35,0.0,214.8,34.65,295.8,,,,,,,,,,,-2147484000.0,,,,-7999.0,-7999.0,-7999.0,-7999.0,-7999.0,-7999.0,-7999.0,-7999.0,35.56,53.63,206.9,53.79,56.12,53.37,60.0,59.9,74.7,0.0,278.0,277.0,279.0,44.95,-0.955,44.96,618.0,1439918.0,42565.0,133128.0,-1.0,0.979,0.748,0.921,22.62,23.16,22.95,22.97,23.42,22.44,20.13,6.69,6.85,6.79,6.794,6.929,6.638,5.956,52852.0,53651.0,53106.0,52942.0,53937.0,51316.0,46696.0,1.218,260.6,35.82,2.1,3.512,2.0,-1.0,13.32,0.021,0.235,3.0,2.0,0.0,0.0,54.3,53.31,53.18,53.79,54.48,55.61,52.42,54.51,54.27,56.92
2016-07-25 11:54:00-05:00,217.05554,229.13983,571851,42.34,0.0,227.8,34.47,295.8,,,,,,,,,,,-2147484000.0,,,,-7999.0,-7999.0,-7999.0,-7999.0,-7999.0,-7999.0,-7999.0,-7999.0,35.4,52.15,220.0,57.64,59.89,57.24,60.0,59.9,74.7,0.0,278.0,277.0,279.0,48.17,-0.489,48.18,618.0,1439918.0,42565.0,133128.0,-1.0,0.979,0.748,0.921,24.21,24.79,24.58,24.65,25.14,24.03,21.54,7.162,7.334,7.272,7.293,7.436,7.108,6.372,52852.0,53651.0,53107.0,52942.0,53937.0,51316.0,46696.0,1.127,235.8,25.94,2.0,3.512,2.0,-1.0,13.32,0.021,0.235,3.0,2.0,0.0,0.0,52.77,51.99,51.63,52.29,52.76,54.42,50.93,53.32,52.59,56.99
2016-07-25 11:55:00-05:00,236.42065,252.00339,571852,42.31,0.0,250.5,34.23,295.9,,,,,,,,,,,-2147484000.0,,,,-7999.0,-7999.0,-7999.0,-7999.0,-7999.0,-7999.0,-7999.0,-7999.0,35.07,50.89,242.0,64.03,66.35,63.68,60.0,59.9,74.7,0.0,278.0,277.0,279.0,53.56,0.288,53.56,618.0,1439919.0,42565.0,133128.0,0.7,0.979,0.748,0.921,26.86,27.47,27.28,27.38,27.91,26.63,23.9,7.948,8.13,8.07,8.1,8.26,7.881,7.072,52852.0,53651.0,53107.0,52943.0,53938.0,51316.0,46696.0,1.272,236.9,17.41,1.9,3.51,2.0,-1.0,13.32,0.021,0.236,3.0,2.0,0.0,0.0,51.59,50.81,50.45,51.08,51.78,53.34,49.71,52.07,51.4,57.0
2016-07-25 11:56:00-05:00,256.4986,274.41864,571853,42.27,0.0,272.2,34.37,296.2,,,,,,,,,,,-2147484000.0,,,,-7999.0,-7999.0,-7999.0,-7999.0,-7999.0,-7999.0,-7999.0,-7999.0,35.2,49.85,261.2,70.1,72.54,69.76,60.0,59.9,74.7,0.0,277.1,276.7,279.0,58.57,1.068,58.58,618.0,1439920.0,42565.0,133128.0,1.0,0.979,0.748,0.921,29.36,30.0,29.77,29.82,30.3,29.19,26.04,8.7,8.89,8.82,8.83,8.97,8.65,7.713,52853.0,53652.0,53107.0,52943.0,53938.0,51316.0,46696.0,,0.0,0.0,,,2.0,-1.0,13.32,0.021,0.236,3.0,2.0,0.0,0.0,50.85,49.58,49.5,49.74,50.77,51.91,48.86,50.79,50.32,56.97
2016-07-25 11:57:00-05:00,264.57727,284.0572,571854,42.24,0.0,280.7,34.17,305.3,,,,,,,,,,,-2147484000.0,,,,-7999.0,-7999.0,-7999.0,-7999.0,-7999.0,-7999.0,-7999.0,-7999.0,34.91,48.99,266.0,73.61,76.0,73.24,60.0,59.9,74.7,0.0,277.0,276.4,279.0,61.45,1.472,61.47,618.0,1439921.0,42565.0,133128.0,1.0,0.979,0.748,0.921,29.89,30.37,30.38,30.39,30.68,29.81,26.64,9.13,9.27,9.28,9.28,9.37,9.1,8.13,52853.0,53652.0,53107.0,52943.0,53938.0,51317.0,46696.0,1.713,221.5,20.03,2.9,3.508,2.0,-1.0,13.32,0.021,0.236,3.0,2.0,0.0,0.0,49.77,48.83,48.98,49.3,50.17,51.72,48.11,50.35,49.64,56.92
2016-07-25 11:58:00-05:00,308.89133,329.56012,571855,42.19,0.0,334.9,34.13,300.5,,,,,,,,,,,-2147484000.0,,,,-7999.0,-7999.0,-7999.0,-7999.0,-7999.0,-7999.0,-7999.0,-7999.0,34.56,48.15,323.6,87.4,90.1,87.2,60.0,59.9,74.7,0.0,277.0,276.2,279.0,72.97,3.292,73.06,618.0,1439922.0,42565.0,133129.0,0.999,0.979,0.748,0.921,33.44,35.97,36.55,38.86,40.61,33.71,34.1,10.04,10.79,10.96,11.65,12.17,10.12,10.22,52853.0,53652.0,53108.0,52943.0,53938.0,51317.0,46697.0,,0.0,0.0,,,2.0,-1.0,13.32,0.021,0.236,3.0,2.0,0.0,0.0,49.01,48.14,48.36,48.64,49.45,51.07,47.62,49.63,48.74,56.87
2016-07-25 11:59:00-05:00,332.29578,358.4758,571856,42.14,0.0,345.5,34.11,302.1,,,,,,,,,,,-2147484000.0,,,,-7999.0,-7999.0,-7999.0,-7999.0,-7999.0,-7999.0,-7999.0,-7999.0,34.16,47.35,322.0,89.3,91.9,89.0,60.0,59.9,74.7,0.0,277.0,276.1,278.9,74.48,3.491,74.57,618.0,1439924.0,42565.0,133129.0,0.999,0.979,0.748,0.921,36.66,36.69,37.4,37.08,36.48,37.11,31.91,11.06,11.07,11.28,11.19,11.01,11.19,9.63,52853.0,53652.0,53108.0,52944.0,53939.0,51317.0,46697.0,1.73,257.8,31.04,2.8,3.51,2.0,-1.0,13.32,0.022,0.237,3.0,2.0,0.0,0.0,48.4,47.62,48.1,48.23,48.99,50.38,47.51,49.0,48.27,56.82
2016-07-25 12:00:00-05:00,566.81555,600.6725,571857,42.08,0.0,606.2,34.25,299.4,,,,,,,,,,,-2147484000.0,,,,-7999.0,-7999.0,-7999.0,-7999.0,-7999.0,-7999.0,-7999.0,-7999.0,34.33,47.17,707.8,154.2,155.9,154.1,60.0,59.9,74.7,0.0,277.0,276.4,279.0,127.9,11.95,128.5,618.0,1439926.0,42565.0,133129.0,0.996,0.979,0.748,0.921,73.04,76.48,61.39,57.81,68.47,62.85,45.64,21.8,22.84,18.33,17.28,20.49,18.76,13.65,52854.0,53653.0,53108.0,52944.0,53939.0,51317.0,46697.0,1.618,290.8,23.0,3.2,3.512,2.0,-1.0,13.32,0.022,0.24,3.0,2.0,0.0,0.0,48.5,47.2,47.87,47.76,48.73,49.1,47.73,48.37,48.11,56.77
2016-07-25 12:01:00-05:00,785.4155,829.9804,571858,42.04,0.0,839.0,34.28,304.8,,,,,,,,,,,-2147484000.0,,,,-7999.0,-7999.0,-7999.0,-7999.0,-7999.0,-7999.0,-7999.0,-7999.0,34.59,48.65,893.0,197.5,197.5,197.6,60.0,59.9,74.7,0.0,277.0,276.0,278.8,161.6,17.3,163.0,618.0,1439929.0,42565.0,133129.0,0.947,0.979,0.748,0.921,81.8,89.5,76.27,76.83,91.1,72.6,65.87,24.32,26.6,22.68,22.84,27.09,21.58,19.61,52854.0,53653.0,53109.0,52944.0,53939.0,51318.0,46697.0,,0.0,0.0,,,2.0,-1.0,13.32,0.022,0.243,3.0,2.0,0.0,0.0,49.99,48.31,48.68,48.47,49.57,50.03,48.63,49.41,49.39,56.72
2016-07-25 12:02:00-05:00,833.2937,888.82043,571859,41.99,0.0,862.0,34.39,382.0,,,,,,,,,,,-2147484000.0,,,,-7999.0,-7999.0,-7999.0,-7999.0,-7999.0,-7999.0,-7999.0,-7999.0,34.9,50.9,741.5,87.2,88.8,86.5,60.0,59.9,74.7,0.0,277.0,276.0,278.2,69.03,2.624,72.14,618.0,1439930.0,42565.0,133129.0,0.451,0.979,0.748,0.921,25.57,24.02,30.18,30.03,25.7,28.75,29.51,9.54,8.96,11.24,11.17,9.56,10.7,11.01,52854.0,53653.0,53109.0,52944.0,53939.0,51318.0,46698.0,,0.0,0.0,,,2.0,-1.0,13.32,0.022,0.246,3.0,2.0,0.0,0.0,52.43,50.7,51.48,51.03,52.02,52.93,51.24,52.38,51.77,56.7
2016-07-25 12:03:00-05:00,235.23262,250.43433,571860,41.96,0.0,246.4,34.56,361.7,,,,,,,,,,,-2147484000.0,,,,-7999.0,-7999.0,-7999.0,-7999.0,-7999.0,-7999.0,-7999.0,-7999.0,34.95,50.69,231.3,28.54,30.46,27.8,60.0,59.9,74.7,0.0,277.0,276.1,278.7,22.77,-4.117,23.48,618.0,1439930.0,42565.0,133129.0,-0.94,0.979,0.748,0.921,10.19,10.5,10.05,9.26,9.92,9.71,9.09,3.659,3.771,3.611,3.323,3.56,3.484,3.266,52854.0,53653.0,53109.0,52944.0,53939.0,51318.0,46698.0,,0.0,0.0,,,2.0,-1.0,13.32,0.021,0.236,3.0,2.0,0.0,0.0,51.81,51.0,51.28,51.38,52.33,52.75,51.03,52.16,51.86,56.66
2016-07-25 12:04:00-05:00,231.31207,246.28749,571861,41.92,0.0,243.8,34.57,339.1,,,,,,,,,,,-2147484000.0,,,,-7999.0,-7999.0,-7999.0,-7999.0,-7999.0,-7999.0,-7999.0,-7999.0,34.99,49.88,232.0,54.2,56.2,53.37,60.0,59.9,74.7,0.0,277.0,276.1,279.0,44.99,-0.838,45.01,618.0,1439931.0,42565.0,133129.0,-0.766,0.979,0.748,0.921,19.98,20.75,20.27,19.91,20.49,19.94,17.84,6.76,7.02,6.859,6.735,6.933,6.746,6.037,52854.0,53653.0,53109.0,52944.0,53940.0,51318.0,46698.0,1.187,232.7,30.77,2.0,3.512,2.0,-1.0,13.32,0.022,0.235,3.0,2.0,0.0,0.0,50.83,50.19,50.17,50.56,51.53,51.76,49.9,51.04,50.86,56.62
2016-07-25 12:05:00-05:00,376.96622,395.1247,571862,41.89,0.0,408.4,34.45,317.2,,,,,,,,,,,-2147484000.0,,,,-7999.0,-7999.0,-7999.0,-7999.0,-7999.0,-7999.0,-7999.0,-7999.0,35.03,49.24,462.7,95.7,98.1,95.3,60.0,59.9,74.7,0.0,277.0,276.3,278.9,79.65,4.367,79.83,618.0,1439932.0,42565.0,133129.0,0.999,0.979,0.748,0.921,40.62,47.17,35.58,35.32,46.11,33.99,29.04,12.77,14.82,11.21,11.13,14.5,10.71,9.16,52855.0,53654.0,53109.0,52945.0,53940.0,51318.0,46698.0,,0.0,0.0,,,2.0,-1.0,13.32,0.022,0.236,3.0,2.0,0.0,0.0,50.1,49.66,49.5,49.88,50.69,51.34,49.08,50.69,49.87,56.59
2016-07-25 12:06:00-05:00,444.20947,473.01767,571863,41.86,0.0,458.3,34.71,303.7,,,,,,,,,,,-2147484000.0,,,,-7999.0,-7999.0,-7999.0,-7999.0,-7999.0,-7999.0,-7999.0,-7999.0,35.61,50.34,435.5,120.4,122.1,120.1,60.0,59.9,74.7,0.0,277.0,276.1,278.9,99.8,7.668,100.2,618.0,1439934.0,42565.0,133129.0,0.998,0.979,0.748,0.921,51.94,48.43,49.0,49.4,44.19,48.76,44.1,15.71,14.67,14.81,14.94,13.39,14.73,13.35,52855.0,53654.0,53109.0,52945.0,53940.0,51319.0,46698.0,,0.0,0.0,,,2.0,-1.0,13.32,0.021,0.24,3.0,2.0,0.0,0.0,51.25,49.91,50.11,50.23,51.42,51.7,49.62,51.22,50.53,56.56
2016-07-25 12:07:00-05:00,224.89664,239.22668,571864,41.81,0.0,237.0,34.54,312.9,,,,,,,,,,,-2147484000.0,,,,-7999.0,-7999.0,-7999.0,-7999.0,-7999.0,-7999.0,-7999.0,-7999.0,35.24,49.22,225.4,61.4,63.66,60.97,60.0,59.9,74.7,0.0,277.0,276.0,278.0,51.16,0.06,51.16,618.0,1439935.0,42565.0,133129.0,0.8,0.979,0.748,0.921,24.27,24.69,24.72,24.68,24.95,24.21,21.68,7.592,7.724,7.732,7.72,7.804,7.573,6.782,52855.0,53654.0,53110.0,52945.0,53940.0,51319.0,46698.0,1.157,223.5,22.27,2.2,3.512,2.0,-1.0,13.32,0.022,0.235,3.0,2.0,0.0,0.0,50.01,49.42,49.36,49.7,50.79,51.08,48.69,50.42,49.85,56.53
2016-07-25 12:08:00-05:00,225.25305,241.01991,571865,41.78,0.0,239.3,34.38,306.1,,,,,,,,,,,-2147484000.0,,,,-7999.0,-7999.0,-7999.0,-7999.0,-7999.0,-7999.0,-7999.0,-7999.0,34.91,48.13,228.7,62.31,64.67,61.95,60.0,59.9,74.7,0.0,277.0,276.0,278.3,51.97,0.188,51.97,618.0,1439936.0,42565.0,133129.0,1.0,0.979,0.748,0.921,25.2,25.71,25.7,25.71,26.05,25.09,22.55,7.713,7.87,7.864,7.869,7.972,7.678,6.901,52855.0,53655.0,53110.0,52946.0,53941.0,51319.0,46698.0,,0.0,0.0,,,2.0,-1.0,13.32,0.022,0.235,3.0,2.0,0.0,0.0,48.98,48.6,48.65,48.95,49.93,50.48,47.77,49.93,48.94,56.53
2016-07-25 12:09:00-05:00,246.51903,265.34045,571866,41.76,0.0,263.7,34.33,302.2,,,,,,,,,,,-2147484000.0,,,,-7999.0,-7999.0,-7999.0,-7999.0,-7999.0,-7999.0,-7999.0,-7999.0,34.76,47.23,252.6,68.83,71.23,68.49,60.0,59.9,74.7,0.0,277.0,276.0,278.1,57.39,0.976,57.4,618.0,1439936.0,42565.0,133129.0,1.0,0.979,0.748,0.921,28.14,28.87,28.66,28.72,29.35,28.02,25.17,8.5,8.72,8.66,8.68,8.87,8.47,7.606,52856.0,53655.0,53110.0,52946.0,53941.0,51319.0,46698.0,1.172,241.1,24.92,2.1,3.512,2.0,-1.0,13.32,0.022,0.236,3.0,2.0,0.0,0.0,48.26,47.94,47.87,48.33,49.0,49.78,47.05,49.31,48.02,56.43
2016-07-25 12:10:00-05:00,407.38013,430.5408,571867,41.69,0.0,445.6,34.32,300.7,,,,,,,,,,,-2147484000.0,,,,-7999.0,-7999.0,-7999.0,-7999.0,-7999.0,-7999.0,-7999.0,-7999.0,34.7,46.95,492.7,108.2,110.2,108.1,60.0,59.9,74.7,0.0,277.0,276.3,278.9,89.5,5.957,89.9,618.0,1439938.0,42565.0,133129.0,0.982,0.979,0.748,0.921,42.12,48.92,41.69,43.66,54.28,38.97,40.61,12.52,14.53,12.39,12.97,16.12,11.58,12.08,52856.0,53655.0,53110.0,52946.0,53941.0,51320.0,46699.0,1.305,242.0,26.72,2.0,3.51,2.0,-1.0,13.32,0.022,0.236,3.0,2.0,0.0,0.0,47.89,47.48,47.45,47.81,48.69,49.29,46.73,48.63,47.52,56.43
2016-07-25 12:11:00-05:00,877.9641,931.2973,571868,41.65,0.0,906.0,34.58,386.6,,,,,,,,,,,-2147484000.0,,,,-7999.0,-7999.0,-7999.0,-7999.0,-7999.0,-7999.0,-7999.0,-7999.0,34.83,48.35,904.0,87.0,88.5,86.2,60.0,59.9,74.7,0.0,277.0,276.2,278.8,68.83,2.466,72.05,618.0,1439939.0,42565.0,133130.0,0.669,0.979,0.748,0.921,36.43,32.64,27.93,23.59,22.0,31.05,20.36,13.67,12.24,10.5,8.87,8.25,11.66,7.708,52856.0,53655.0,53110.0,52946.0,53941.0,51320.0,46699.0,1.627,284.0,24.79,2.5,3.51,2.0,-1.0,13.32,0.022,0.245,3.0,2.0,0.0,0.0,49.85,48.27,49.32,49.0,50.0,50.32,48.89,50.06,49.12,56.38
2016-07-25 12:12:00-05:00,350.23523,370.01965,571869,41.61,0.0,360.2,34.89,364.8,,,,,,,,,,,-2147484000.0,,,,-7999.0,-7999.0,-7999.0,-7999.0,-7999.0,-7999.0,-7999.0,-7999.0,35.13,49.02,336.8,59.61,61.47,58.41,60.0,59.9,74.7,0.0,277.0,276.8,279.0,49.4,-0.108,49.4,618.0,1439940.0,42565.0,133130.0,-0.133,0.979,0.748,0.921,20.98,19.86,20.47,20.04,19.75,20.44,18.63,7.651,7.234,7.46,7.303,7.192,7.453,6.794,52856.0,53655.0,53111.0,52946.0,53942.0,51320.0,46699.0,,0.0,0.0,,,2.0,-1.0,13.32,0.022,0.238,3.0,2.0,0.0,0.0,50.08,48.72,49.57,49.55,50.76,50.37,49.39,50.37,50.36,56.33
2016-07-25 12:13:00-05:00,340.73087,362.17432,571870,41.57,0.0,354.5,34.86,343.2,,,,,,,,,,,-2147484000.0,,,,-7999.0,-7999.0,-7999.0,-7999.0,-7999.0,-7999.0,-7999.0,-7999.0,35.01,48.17,297.2,82.1,84.2,81.2,60.0,59.9,74.7,0.0,277.0,276.4,279.0,68.21,2.652,68.28,618.0,1439941.0,42565.0,133130.0,0.999,0.979,0.748,0.921,27.51,28.29,30.44,31.75,31.44,28.22,29.18,9.42,9.69,10.41,10.86,10.77,9.66,9.97,52856.0,53656.0,53111.0,52947.0,53942.0,51320.0,46699.0,1.555,260.3,35.14,3.0,3.51,2.0,-1.0,13.32,0.022,0.237,3.0,2.0,0.0,0.0,49.25,48.68,49.1,49.36,50.25,50.4,48.85,50.03,49.91,56.28
2016-07-25 12:14:00-05:00,278.23978,298.29086,571871,41.55,0.0,290.6,34.84,334.3,,,,,,,,,,,-2147484000.0,,,,-7999.0,-7999.0,-7999.0,-7999.0,-7999.0,-7999.0,-7999.0,-7999.0,34.96,47.42,268.2,73.41,75.52,72.67,60.0,59.9,74.7,0.0,277.0,276.2,279.0,61.07,1.54,61.09,618.0,1439942.0,42565.0,133130.0,1.0,0.979,0.748,0.921,26.37,26.98,27.65,28.13,28.48,26.67,25.12,8.81,9.02,9.24,9.4,9.52,8.92,8.4,52857.0,53656.0,53111.0,52947.0,53942.0,51320.0,46699.0,1.082,263.1,33.53,2.3,3.512,2.0,-1.0,13.32,0.022,0.236,3.0,2.0,0.0,0.0,48.4,48.02,48.59,48.88,49.73,50.01,48.38,49.42,49.05,56.23
2016-07-25 12:15:00-05:00,628.475,665.4525,571872,41.5,0.0,670.0,34.42,319.9,,,,,,,,,,,-2147484000.0,,,,-7999.0,-7999.0,-7999.0,-7999.0,-7999.0,-7999.0,-7999.0,-7999.0,34.68,47.15,619.0,170.1,170.3,170.0,60.0,59.9,74.7,0.0,277.0,276.4,279.0,140.5,13.92,141.3,618.0,1439944.0,42565.0,133130.0,0.996,0.979,0.748,0.921,54.74,64.8,68.79,72.42,74.93,63.56,67.21,17.42,20.64,21.87,23.04,23.87,20.19,21.39,52857.0,53656.0,53112.0,52947.0,53942.0,51321.0,46700.0,,0.0,0.0,,,2.0,-1.0,13.32,0.022,0.239,3.0,2.0,0.0,0.0,48.15,47.94,48.54,48.71,49.55,49.99,48.16,49.58,48.58,56.17
2016-07-25 12:16:00-05:00,402.1527,429.75626,571873,41.48,0.0,408.7,34.27,320.7,,,,,,,,,,,-2147484000.0,,,,-7999.0,-7999.0,-7999.0,-7999.0,-7999.0,-7999.0,-7999.0,-7999.0,34.76,48.21,340.3,110.6,113.3,110.4,60.0,59.9,74.7,0.0,276.3,275.4,277.5,91.8,6.389,92.1,618.0,1439946.0,42565.0,133130.0,0.998,0.979,0.748,0.921,41.85,37.62,43.38,44.58,37.62,44.28,41.13,13.4,12.06,13.88,14.26,12.06,14.17,13.15,52857.0,53656.0,53112.0,52947.0,53943.0,51321.0,46700.0,1.295,224.1,12.9,1.9,3.51,2.0,-1.0,13.32,0.022,0.239,3.0,2.0,0.0,0.0,49.17,48.72,49.75,49.74,50.64,51.27,49.14,50.93,49.66,56.09
2016-07-25 12:17:00-05:00,417.5973,437.82574,571874,41.43,0.0,432.6,34.24,318.9,,,,,,,,,,,-2147484000.0,,,,-7999.0,-7999.0,-7999.0,-7999.0,-7999.0,-7999.0,-7999.0,-7999.0,34.65,48.06,369.9,110.3,112.9,110.0,60.0,59.9,74.7,0.0,275.0,274.0,276.2,91.1,6.266,91.3,618.0,1439947.0,42565.0,133130.0,0.998,0.979,0.748,0.921,36.79,40.2,45.41,46.54,45.69,42.25,42.65,11.69,12.78,14.38,14.74,14.51,13.39,13.51,52857.0,53657.0,53112.0,52948.0,53943.0,51321.0,46700.0,1.308,234.7,15.57,2.1,3.51,2.0,-1.0,13.32,0.022,0.237,3.0,2.0,0.0,0.0,48.85,48.53,49.12,49.34,50.11,50.69,48.6,50.1,49.25,56.04
2016-07-25 12:18:00-05:00,544.0051,569.8515,571875,41.4,0.0,566.6,34.25,310.9,,,,,,,,,,,-2147484000.0,,,,-7999.0,-7999.0,-7999.0,-7999.0,-7999.0,-7999.0,-7999.0,-7999.0,34.59,48.24,484.0,148.1,150.6,148.1,60.0,59.9,74.7,0.0,275.0,274.0,276.1,122.1,11.16,122.6,618.0,1439950.0,42565.0,133130.0,0.996,0.979,0.748,0.921,46.64,52.96,61.67,66.45,67.05,55.34,59.95,14.48,16.45,19.12,20.61,20.82,17.16,18.6,52858.0,53657.0,53112.0,52948.0,53943.0,51322.0,46700.0,1.19,242.8,13.88,2.0,3.51,2.0,-1.0,13.32,0.022,0.24,3.0,2.0,0.0,0.0,49.1,48.6,49.51,49.54,50.33,50.67,49.01,50.08,49.11,56.04
2016-07-25 12:19:00-05:00,620.2775,653.4603,571876,41.38,0.0,629.5,34.38,309.7,,,,,,,,,,,-2147484000.0,,,,-7999.0,-7999.0,-7999.0,-7999.0,-7999.0,-7999.0,-7999.0,-7999.0,34.64,49.24,510.7,151.6,153.7,151.5,60.0,59.9,74.7,0.0,275.0,274.0,276.0,124.7,11.73,125.3,618.0,1439952.0,42565.0,133130.0,0.996,0.979,0.748,0.921,54.69,58.21,67.47,63.31,53.55,64.79,51.3,16.91,18.0,20.84,19.57,16.56,20.02,15.86,52858.0,53657.0,53113.0,52948.0,53944.0,51322.0,46701.0,,0.0,0.0,,,2.0,-1.0,13.32,0.022,0.242,3.0,2.0,0.0,0.0,50.19,49.18,50.55,50.33,51.34,51.27,50.21,51.08,49.58,55.94
2016-07-25 12:20:00-05:00,282.75436,294.03195,571877,41.34,0.0,284.7,34.49,312.0,,,,,,,,,,,-2147484000.0,,,,-7999.0,-7999.0,-7999.0,-7999.0,-7999.0,-7999.0,-7999.0,-7999.0,35.08,49.0,269.2,74.94,77.38,74.55,60.0,59.9,74.7,0.0,275.0,274.0,276.0,62.0,1.797,62.02,618.0,1439953.0,42565.0,133130.0,1.0,0.979,0.748,0.921,30.05,30.33,29.88,29.85,30.32,29.42,25.97,9.37,9.46,9.32,9.31,9.46,9.17,8.1,52858.0,53658.0,53113.0,52949.0,53944.0,51322.0,46701.0,0.705,223.8,36.03,1.3,3.512,2.0,-1.0,13.32,0.022,0.236,3.0,2.0,0.0,0.0,49.76,49.27,50.19,50.28,51.33,51.24,49.76,50.92,49.15,55.94
2016-07-25 12:21:00-05:00,307.34686,320.7061,571878,41.31,0.0,311.9,34.7,299.6,,,,,,,,,,,-2147484000.0,,,,-7999.0,-7999.0,-7999.0,-7999.0,-7999.0,-7999.0,-7999.0,-7999.0,35.6,48.5,286.3,81.8,84.4,81.5,60.0,59.9,74.7,0.0,274.4,274.0,276.0,67.61,2.628,67.67,618.0,1439954.0,42565.0,133131.0,0.999,0.979,0.748,0.921,34.2,33.77,34.25,33.88,33.25,34.36,29.38,10.24,10.12,10.26,10.15,9.96,10.29,8.8,52858.0,53658.0,53113.0,52949.0,53944.0,51322.0,46701.0,0.792,241.7,33.52,2.0,3.512,2.0,-1.0,13.32,0.022,0.236,3.0,2.0,0.0,0.0,49.3,48.62,49.37,49.44,50.44,50.03,49.06,50.02,48.74,55.94
2016-07-25 12:22:00-05:00,271.58673,284.61755,571879,41.29,0.0,276.4,34.58,311.5,,,,,,,,,,,-2147484000.0,,,,-7999.0,-7999.0,-7999.0,-7999.0,-7999.0,-7999.0,-7999.0,-7999.0,35.11,47.56,263.8,73.69,76.12,73.35,60.0,59.9,74.7,0.0,274.2,273.9,276.0,60.9,1.611,60.92,618.0,1439955.0,42565.0,133131.0,1.0,0.979,0.748,0.921,29.63,29.82,29.34,29.3,29.67,28.96,25.53,9.23,9.28,9.14,9.12,9.24,9.02,7.947,52859.0,53658.0,53113.0,52949.0,53944.0,51323.0,46701.0,1.088,254.1,34.27,2.0,3.51,2.0,-1.0,13.32,0.022,0.236,3.0,2.0,0.0,0.0,48.47,47.85,48.81,48.8,49.83,49.72,48.29,49.62,48.22,55.86
2016-07-25 12:23:00-05:00,261.96362,275.65146,571880,41.27,0.0,268.4,34.55,312.6,,,,,,,,,,,-2147484000.0,,,,-7999.0,-7999.0,-7999.0,-7999.0,-7999.0,-7999.0,-7999.0,-7999.0,34.92,46.8,252.3,71.55,73.94,71.18,60.0,59.9,74.7,0.0,274.0,273.6,275.9,59.08,1.344,59.1,618.0,1439956.0,42565.0,133131.0,1.0,0.979,0.748,0.921,28.2,28.62,28.51,28.49,28.94,27.98,24.98,8.81,8.95,8.91,8.9,9.05,8.74,7.809,52859.0,53658.0,53114.0,52949.0,53945.0,51323.0,46702.0,,0.0,0.0,,,2.0,-1.0,13.32,0.022,0.235,3.0,2.0,0.0,0.0,47.6,47.02,47.92,48.09,48.95,49.14,47.71,48.78,47.46,55.84
2016-07-25 12:24:00-05:00,323.26663,339.42282,571881,41.23,0.0,339.9,34.65,298.1,,,,,,,,,,,-2147484000.0,,,,-7999.0,-7999.0,-7999.0,-7999.0,-7999.0,-7999.0,-7999.0,-7999.0,34.88,46.32,336.8,89.4,92.1,89.3,60.0,59.9,74.7,0.0,274.0,273.7,276.0,73.87,3.642,73.97,618.0,1439957.0,42565.0,133131.0,0.999,0.979,0.748,0.921,35.78,38.08,36.79,38.34,40.79,35.18,34.97,10.66,11.34,10.96,11.42,12.15,10.48,10.41,52859.0,53659.0,53114.0,52950.0,53945.0,51323.0,46702.0,,0.0,0.0,,,2.0,-1.0,13.32,0.022,0.236,3.0,2.0,0.0,0.0,47.02,46.52,47.37,47.56,48.25,48.38,47.33,48.16,46.79,55.81
2016-07-25 12:25:00-05:00,743.24,778.6495,571882,41.19,0.0,778.6,34.91,327.7,,,,,,,,,,,-2147484000.0,,,,-7999.0,-7999.0,-7999.0,-7999.0,-7999.0,-7999.0,-7999.0,-7999.0,35.17,46.74,758.6,135.9,136.8,136.2,60.0,59.9,74.7,0.0,274.1,273.8,276.0,108.2,8.95,111.1,618.0,1439959.0,42565.0,133131.0,0.758,0.979,0.748,0.921,48.29,52.97,53.68,58.06,60.73,48.49,54.75,14.47,15.8,15.96,17.2,18.04,14.39,16.24,52859.0,53659.0,53114.0,52950.0,53945.0,51323.0,46702.0,,0.0,0.0,,,2.0,-1.0,13.32,0.022,0.241,3.0,2.0,0.0,0.0,47.57,47.04,47.91,47.74,48.17,48.62,47.84,48.16,46.93,55.76
2016-07-25 12:26:00-05:00,1024.0935,1075.8756,571883,41.16,0.0,1057.0,35.06,372.8,,,,,,,,,,,-2147484000.0,,,,-7999.0,-7999.0,-7999.0,-7999.0,-7999.0,-7999.0,-7999.0,-7999.0,35.42,49.71,1021.0,165.9,167.6,164.9,60.0,59.9,74.7,0.0,274.0,273.9,276.0,135.0,13.29,136.3,618.0,1439961.0,42565.0,133131.0,0.9,0.979,0.748,0.921,59.25,58.88,56.1,54.34,55.6,55.59,47.42,21.89,21.74,20.71,20.05,20.52,20.52,17.5,52860.0,53659.0,53115.0,52950.0,53945.0,51324.0,46702.0,,0.0,0.0,,,2.0,-1.0,13.32,0.022,0.247,3.0,2.0,0.0,0.0,50.95,48.95,50.78,49.97,50.63,51.11,50.78,50.82,49.72,55.71
2016-07-25 12:27:00-05:00,1018.15326,1070.2717,571884,41.15,0.0,1053.0,35.48,347.9,,,,,,,,,,,-2147484000.0,,,,-7999.0,-7999.0,-7999.0,-7999.0,-7999.0,-7999.0,-7999.0,-7999.0,35.98,51.52,1017.0,231.6,231.4,231.1,60.0,59.9,74.7,0.0,274.0,273.3,276.0,188.9,22.06,190.2,618.0,1439964.0,42565.0,133131.0,0.993,0.979,0.748,0.921,84.9,85.3,82.6,81.3,82.9,81.8,70.46,29.49,29.62,28.69,28.26,28.78,28.41,24.48,52860.0,53660.0,53115.0,52951.0,53946.0,51324.0,46703.0,1.133,198.0,37.56,2.5,3.512,2.0,-1.0,13.32,0.022,0.247,3.0,2.0,0.0,0.0,53.15,51.08,53.5,52.65,53.46,54.33,52.91,54.07,52.56,55.68
2016-07-25 12:28:00-05:00,600.6748,632.27795,571885,41.15,0.0,603.1,36.21,336.7,,,,,,,,,,,-2147484000.0,,,,-7999.0,-7999.0,-7999.0,-7999.0,-7999.0,-7999.0,-7999.0,-7999.0,37.05,53.05,482.9,149.0,150.6,148.2,60.0,59.9,74.7,0.0,274.0,273.4,276.0,121.9,11.44,122.6,618.0,1439966.0,42565.0,133132.0,0.73,0.979,0.748,0.921,51.15,47.43,56.34,57.68,49.1,55.93,52.15,17.17,15.94,18.92,19.38,16.51,18.77,17.53,52861.0,53660.0,53115.0,52951.0,53946.0,51324.0,46703.0,1.445,189.1,32.29,2.7,3.512,2.0,-1.0,13.32,0.022,0.243,3.0,2.0,0.0,0.0,54.49,52.6,54.98,54.22,54.89,55.82,53.77,55.5,54.14,55.66
2016-07-25 12:29:00-05:00,245.5686,252.00339,571886,41.19,0.0,245.3,36.46,330.9,,,,,,,,,,,-2147484000.0,,,,-7999.0,-7999.0,-7999.0,-7999.0,-7999.0,-7999.0,-7999.0,-7999.0,37.46,52.47,231.4,57.03,59.15,56.22,60.0,59.9,74.7,0.0,274.0,273.5,276.0,46.91,-0.324,46.91,618.0,1439967.0,42565.0,133132.0,-0.533,0.979,0.748,0.921,21.73,22.11,21.66,21.12,21.83,21.27,18.73,7.179,7.308,7.158,6.976,7.213,7.028,6.19,52861.0,53660.0,53115.0,52951.0,53946.0,51325.0,46703.0,,0.0,0.0,,,2.0,-1.0,13.32,0.022,0.235,3.0,2.0,0.0,0.0,53.3,52.16,53.48,53.31,54.0,54.76,51.88,54.28,52.99,55.64
2016-07-25 12:30:00-05:00,241.41045,248.41695,571887,41.19,0.0,243.1,36.44,310.0,,,,,,,,,,,-2147484000.0,,,,-7999.0,-7999.0,-7999.0,-7999.0,-7999.0,-7999.0,-7999.0,-7999.0,37.43,50.98,230.7,63.09,65.35,62.62,60.0,59.9,74.7,0.0,274.0,273.1,275.8,52.01,0.313,52.02,618.0,1439968.0,42565.0,133132.0,1.0,0.979,0.748,0.921,25.24,25.52,25.4,25.32,25.68,24.9,22.14,7.819,7.908,7.869,7.846,7.956,7.714,6.86,52861.0,53660.0,53116.0,52951.0,53947.0,51325.0,46703.0,,0.0,0.0,,,2.0,-1.0,13.32,0.022,0.235,3.0,2.0,0.0,0.0,51.81,50.88,51.93,51.93,52.33,53.36,50.66,52.64,51.53,55.64
2016-07-25 12:31:00-05:00,247.94469,256.48642,571888,41.19,0.0,251.2,35.98,303.7,,,,,,,,,,,-2147484000.0,,,,-7999.0,-7999.0,-7999.0,-7999.0,-7999.0,-7999.0,-7999.0,-7999.0,37.02,49.59,239.2,66.09,68.45,65.67,60.0,59.9,74.7,0.0,273.5,273.0,275.0,54.46,0.719,54.46,618.0,1439969.0,42565.0,133132.0,1.0,0.979,0.748,0.921,26.8,27.23,27.03,27.0,27.41,26.6,23.62,8.14,8.27,8.21,8.2,8.32,8.08,7.173,52861.0,53661.0,53116.0,52952.0,53947.0,51325.0,46703.0,,0.0,0.0,,,2.0,-1.0,13.32,0.022,0.235,3.0,2.0,0.0,0.0,50.31,49.74,50.68,50.51,50.84,52.01,49.33,51.49,50.36,55.62
2016-07-25 12:32:00-05:00,265.52774,277.33258,571889,41.19,0.0,272.2,35.26,299.9,,,,,,,,,,,-2147484000.0,,,,-7999.0,-7999.0,-7999.0,-7999.0,-7999.0,-7999.0,-7999.0,-7999.0,35.88,48.45,262.0,71.63,74.17,71.27,60.0,59.9,74.7,0.0,273.9,273.0,275.0,59.08,1.456,59.1,618.0,1439970.0,42565.0,133132.0,1.0,0.979,0.748,0.921,29.31,30.07,29.68,29.73,30.54,29.07,26.01,8.78,9.01,8.9,8.91,9.15,8.71,7.794,52861.0,53661.0,53116.0,52952.0,53947.0,51325.0,46704.0,,0.0,0.0,,,2.0,-1.0,13.32,0.022,0.235,3.0,2.0,0.0,0.0,49.1,48.75,49.58,49.32,49.66,50.9,48.23,50.23,49.41,55.55
2016-07-25 12:33:00-05:00,512.1655,536.1166,571890,41.17,0.0,540.6,34.96,296.9,,,,,,,,,,,-2147484000.0,,,,-7999.0,-7999.0,-7999.0,-7999.0,-7999.0,-7999.0,-7999.0,-7999.0,35.27,48.05,528.0,138.5,141.1,138.5,60.0,59.9,74.7,0.0,273.3,273.0,275.0,113.6,10.01,114.1,618.0,1439972.0,42565.0,133132.0,0.996,0.979,0.748,0.921,49.75,56.83,58.93,63.74,64.4,52.16,55.85,14.77,16.89,17.5,18.93,19.15,15.48,16.6,52862.0,53661.0,53116.0,52952.0,53947.0,51326.0,46704.0,,0.0,0.0,,,2.0,-1.0,13.32,0.022,0.239,3.0,2.0,0.0,0.0,48.74,48.11,49.12,48.64,49.13,49.88,48.09,49.45,48.84,55.48
2016-07-25 12:34:00-05:00,1008.64886,1055.7019,571891,41.15,0.0,1049.0,35.01,339.3,,,,,,,,,,,-2147484000.0,,,,-7999.0,-7999.0,-7999.0,-7999.0,-7999.0,-7999.0,-7999.0,-7999.0,35.35,49.19,1018.0,174.8,172.8,175.2,60.0,59.9,74.7,0.0,273.2,273.0,275.0,137.8,13.64,141.6,618.0,1439974.0,42565.0,133132.0,0.661,0.979,0.748,0.921,68.26,71.15,67.96,66.66,69.62,67.07,59.88,20.57,21.41,20.38,19.86,20.87,20.12,17.98,52862.0,53661.0,53117.0,52952.0,53948.0,51326.0,46704.0,,0.0,0.0,,,2.0,-1.0,13.32,0.022,0.245,3.0,2.0,0.0,0.0,50.08,48.73,50.69,49.72,50.45,50.62,50.01,50.87,49.97,55.47
2016-07-25 12:35:00-05:00,981.32385,1029.9244,571892,41.11,0.0,1008.0,35.24,364.4,,,,,,,,,,,-2147484000.0,,,,-7999.0,-7999.0,-7999.0,-7999.0,-7999.0,-7999.0,-7999.0,-7999.0,35.31,51.0,939.0,178.7,180.7,177.5,60.0,59.9,74.7,0.0,274.0,273.0,275.5,146.1,15.17,146.9,618.0,1439976.0,42565.0,133132.0,0.995,0.979,0.748,0.921,61.28,61.33,61.48,59.42,60.58,60.52,53.44,22.33,22.35,22.38,21.62,22.06,22.03,19.45,52862.0,53662.0,53117.0,52953.0,53948.0,51326.0,46704.0,,0.0,0.0,,,2.0,-1.0,13.32,0.022,0.247,3.0,2.0,0.0,0.0,52.36,51.01,53.17,51.87,52.48,52.71,52.41,52.66,52.06,55.35
2016-07-25 12:36:00-05:00,306.8716,315.32645,571893,41.1,0.0,296.3,34.98,352.0,,,,,,,,,,,-2147484000.0,,,,-7999.0,-7999.0,-7999.0,-7999.0,-7999.0,-7999.0,-7999.0,-7999.0,35.02,49.09,249.6,53.28,55.33,52.17,60.0,59.9,74.7,0.0,274.0,273.0,275.4,43.53,-0.728,43.62,618.0,1439977.0,42565.0,133132.0,-0.799,0.979,0.748,0.921,18.78,17.42,18.98,18.11,16.43,18.86,16.52,6.601,6.119,6.668,6.362,5.77,6.627,5.803,52862.0,53662.0,53117.0,52953.0,53948.0,51326.0,46704.0,2.572,303.2,9.52,3.7,3.512,2.0,-1.0,13.32,0.022,0.237,3.0,2.0,0.0,0.0,50.16,50.89,52.93,51.92,52.67,52.41,52.19,52.0,51.64,55.35
2016-07-25 12:37:00-05:00,228.57957,234.74364,571894,41.13,0.0,226.9,34.74,330.3,,,,,,,,,,,-2147484000.0,,,,-7999.0,-7999.0,-7999.0,-7999.0,-7999.0,-7999.0,-7999.0,-7999.0,34.82,47.78,214.9,54.61,56.77,53.85,60.0,59.9,74.7,0.0,273.9,273.0,275.3,44.87,-0.648,44.88,618.0,1439978.0,42565.0,133132.0,-1.0,0.979,0.748,0.921,20.48,20.99,20.76,20.26,20.64,20.22,18.16,6.76,6.93,6.853,6.687,6.811,6.675,5.996,52862.0,53662.0,53117.0,52953.0,53948.0,51326.0,46704.0,1.538,279.0,29.62,2.4,3.513,2.0,-1.0,13.32,0.022,0.235,3.0,2.0,0.0,0.0,48.19,49.39,51.06,50.4,51.21,50.86,50.53,50.19,50.32,55.35
2016-07-25 12:38:00-05:00,210.2837,220.06166,571895,41.12,0.0,214.3,34.63,310.1,,,,,,,,,,,-2147484000.0,,,,-7999.0,-7999.0,-7999.0,-7999.0,-7999.0,-7999.0,-7999.0,-7999.0,34.8,47.49,204.8,55.69,58.07,55.16,60.0,59.9,74.7,0.0,274.0,273.0,275.3,45.9,-0.498,45.9,618.0,1439979.0,42565.0,133132.0,-1.0,0.979,0.748,0.921,22.12,22.52,22.41,22.39,22.73,21.87,19.61,6.857,6.982,6.946,6.94,7.044,6.78,6.08,52862.0,53662.0,53117.0,52953.0,53948.0,51326.0,46704.0,1.258,239.9,10.49,2.0,3.512,2.0,-1.0,13.32,0.022,0.234,3.0,2.0,0.0,0.0,47.56,49.18,49.99,49.75,50.45,50.72,49.34,49.6,49.46,55.35
2016-07-25 12:39:00-05:00,219.19403,231.38136,571896,41.1,0.0,226.6,34.79,303.9,,,,,,,,,,,-2147484000.0,,,,-7999.0,-7999.0,-7999.0,-7999.0,-7999.0,-7999.0,-7999.0,-7999.0,35.25,47.11,215.9,59.2,61.59,58.83,60.0,59.9,74.7,0.0,274.0,273.0,275.1,48.84,-0.093,48.84,618.0,1439979.0,42565.0,133132.0,-0.1,0.979,0.748,0.921,23.86,24.41,24.36,24.35,24.7,23.78,21.23,7.25,7.415,7.402,7.4,7.504,7.226,6.451,52863.0,53662.0,53117.0,52953.0,53948.0,51326.0,46704.0,0.917,189.8,29.88,1.6,3.51,2.0,-1.0,13.32,0.022,0.235,3.0,2.0,0.0,0.0,47.17,48.67,49.09,49.09,49.83,50.22,48.25,49.45,48.74,55.3
2016-07-25 12:40:00-05:00,486.86023,509.89075,571897,41.1,0.0,522.8,34.91,302.3,,,,,,,,,,,-2147484000.0,,,,-7999.0,-7999.0,-7999.0,-7999.0,-7999.0,-7999.0,-7999.0,-7999.0,35.23,46.95,580.5,127.7,128.9,127.6,60.0,59.9,74.7,0.0,274.0,273.0,275.2,103.4,8.37,104.0,618.0,1439981.0,42565.0,133133.0,0.982,0.979,0.748,0.921,47.88,56.26,49.2,51.35,60.53,43.79,44.94,14.27,16.77,14.66,15.29,18.03,13.04,13.39,52863.0,53662.0,53118.0,52953.0,53949.0,51327.0,46705.0,1.19,248.3,44.79,2.6,3.51,2.0,-1.0,13.32,0.022,0.237,3.0,2.0,0.0,0.0,47.04,48.03,48.56,48.38,49.12,49.39,47.77,48.71,47.99,55.25
2016-07-25 12:41:00-05:00,981.32385,1036.649,571898,41.1,0.0,1013.0,34.94,383.9,,,,,,,,,,,-2147484000.0,,,,-7999.0,-7999.0,-7999.0,-7999.0,-7999.0,-7999.0,-7999.0,-7999.0,35.21,48.92,935.0,111.7,113.2,110.9,60.0,59.9,74.7,0.0,274.0,273.0,275.2,88.2,5.723,91.4,618.0,1439983.0,42565.0,133133.0,0.678,0.979,0.748,0.921,37.61,36.39,37.28,34.81,33.47,37.89,32.24,14.04,13.58,13.88,12.94,12.46,14.1,12.02,52863.0,53663.0,53118.0,52954.0,53949.0,51327.0,46705.0,1.557,229.7,31.97,2.8,3.512,2.0,-1.0,13.32,0.023,0.247,3.0,2.0,0.0,0.0,49.83,49.37,50.96,49.92,50.66,51.28,50.23,51.01,50.05,55.25
2016-07-25 12:42:00-05:00,793.61304,832.10986,571899,41.09,0.0,817.0,35.36,361.2,,,,,,,,,,,-2147484000.0,,,,-7999.0,-7999.0,-7999.0,-7999.0,-7999.0,-7999.0,-7999.0,-7999.0,35.73,51.3,744.6,152.6,154.5,151.3,60.0,59.9,74.7,0.0,274.0,273.0,275.3,124.7,11.89,125.3,618.0,1439985.0,42565.0,133133.0,0.996,0.979,0.748,0.921,54.02,52.85,51.74,50.4,52.46,51.84,46.74,19.5,19.11,18.68,18.2,18.98,18.7,16.87,52863.0,53663.0,53118.0,52954.0,53949.0,51327.0,46705.0,1.112,234.1,39.36,1.8,3.512,2.0,-1.0,13.32,0.022,0.244,3.0,2.0,0.0,0.0,52.17,51.35,53.25,52.42,52.86,53.79,52.3,53.46,52.41,55.25
2016-07-25 12:43:00-05:00,928.2184,969.4032,571900,41.1,0.0,965.0,35.46,347.1,,,,,,,,,,,-2147484000.0,,,,-7999.0,-7999.0,-7999.0,-7999.0,-7999.0,-7999.0,-7999.0,-7999.0,35.73,52.04,983.0,216.7,217.1,215.9,60.0,59.9,74.7,0.0,273.9,273.0,275.7,176.6,20.2,177.8,618.0,1439988.0,42565.0,133133.0,0.994,0.979,0.748,0.921,77.52,81.5,77.08,77.54,81.3,73.58,68.88,26.8,28.2,26.67,26.85,28.15,25.43,23.87,52864.0,53664.0,53119.0,52954.0,53950.0,51328.0,46706.0,1.867,234.2,27.89,3.4,3.512,2.0,-1.0,13.32,0.022,0.244,3.0,2.0,0.0,0.0,53.23,52.33,54.23,53.37,53.81,54.46,53.26,53.87,53.33,55.25
2016-07-25 12:44:00-05:00,988.45215,1035.5282,571901,41.1,0.0,1017.0,35.48,324.4,,,,,,,,,,,-2147484000.0,,,,-7999.0,-7999.0,-7999.0,-7999.0,-7999.0,-7999.0,-7999.0,-7999.0,35.95,53.73,980.0,253.8,252.3,253.6,60.0,59.9,74.7,0.0,273.9,273.0,275.2,206.3,24.87,207.8,618.0,1439991.0,42565.0,133134.0,0.993,0.979,0.748,0.921,97.9,98.8,96.5,95.2,97.4,96.2,82.9,31.73,32.02,31.28,30.84,31.57,31.17,26.88,52864.0,53664.0,53119.0,52955.0,53950.0,51328.0,46706.0,,0.0,0.0,,,2.0,-1.0,13.32,0.022,0.246,3.0,2.0,0.0,0.0,55.13,53.82,55.85,54.93,55.22,56.3,54.87,55.62,55.06,55.25
2016-07-25 12:45:00-05:00,967.0673,1015.35443,571902,41.12,0.0,998.0,36.03,304.0,,,,,,,,,,,-2147484000.0,,,,-7999.0,-7999.0,-7999.0,-7999.0,-7999.0,-7999.0,-7999.0,-7999.0,36.95,55.71,960.0,257.7,255.4,257.6,60.0,59.9,74.7,0.0,273.2,273.0,275.0,209.3,25.13,210.8,618.0,1439995.0,42565.0,133134.0,0.993,0.979,0.748,0.921,105.1,105.9,104.1,103.6,105.3,104.1,89.8,31.93,32.18,31.62,31.49,32.0,31.62,27.31,52865.0,53664.0,53120.0,52955.0,53951.0,51329.0,46707.0,1.003,250.5,49.79,2.2,3.512,2.0,-1.0,13.32,0.022,0.246,3.0,2.0,0.0,0.0,56.93,55.28,57.11,56.44,56.93,57.57,56.53,57.3,56.76,55.25
2016-07-25 12:46:00-05:00,958.75104,1007.50916,571903,41.17,0.0,993.0,36.35,298.8,,,,,,,,,,,-2147484000.0,,,,-7999.0,-7999.0,-7999.0,-7999.0,-7999.0,-7999.0,-7999.0,-7999.0,37.09,56.58,951.0,255.4,253.0,255.4,60.0,59.9,74.7,0.0,273.2,273.0,275.0,207.4,24.75,208.8,618.0,1439998.0,42565.0,133134.0,0.993,0.979,0.748,0.921,105.5,106.4,106.1,104.6,105.6,104.7,91.8,31.51,31.79,31.71,31.25,31.56,31.29,27.42,52865.0,53665.0,53120.0,52956.0,53951.0,51329.0,46707.0,,0.0,0.0,,,2.0,-1.0,13.32,0.023,0.246,3.0,2.0,0.0,0.0,57.83,56.27,57.98,57.44,56.85,58.52,56.53,58.33,57.72,55.25
2016-07-25 12:47:00-05:00,956.37494,1004.1468,571904,41.23,0.0,991.0,35.95,298.1,,,,,,,,,,,-2147484000.0,,,,-7999.0,-7999.0,-7999.0,-7999.0,-7999.0,-7999.0,-7999.0,-7999.0,36.53,56.77,948.0,253.9,251.7,253.8,60.0,59.9,74.7,0.0,274.0,273.0,275.3,206.3,24.63,207.8,618.0,1440001.0,42565.0,133135.0,0.993,0.979,0.748,0.921,104.8,106.0,104.9,104.0,105.6,104.6,91.1,31.25,31.61,31.28,31.0,31.49,31.19,27.14,52866.0,53665.0,53121.0,52956.0,53952.0,51330.0,46707.0,,0.0,0.0,,,2.0,-1.0,13.32,0.022,0.246,3.0,2.0,0.0,0.0,58.31,56.59,58.53,57.78,57.27,59.27,57.05,58.59,58.03,55.25
2016-07-25 12:48:00-05:00,984.88806,1031.0452,571905,41.3,0.0,1019.0,35.67,296.2,,,,,,,,,,,-2147484000.0,,,,-7999.0,-7999.0,-7999.0,-7999.0,-7999.0,-7999.0,-7999.0,-7999.0,36.62,57.94,979.0,259.7,257.1,259.6,60.0,59.9,74.7,0.0,273.9,273.0,275.2,210.9,25.33,212.4,618.0,1440005.0,42565.0,133135.0,0.993,0.979,0.748,0.921,107.8,109.1,108.1,107.7,109.4,107.3,94.0,31.93,32.33,32.02,31.91,32.39,31.78,27.84,52866.0,53666.0,53121.0,52957.0,53952.0,51330.0,46708.0,,0.0,0.0,,,2.0,-1.0,13.32,0.022,0.246,3.0,2.0,0.0,0.0,59.41,57.27,59.31,58.56,58.29,59.81,57.84,59.31,58.89,55.25
2016-07-25 12:49:00-05:00,962.3152,1004.1468,571906,41.38,0.0,997.0,36.06,296.2,,,,,,,,,,,-2147484000.0,,,,-7999.0,-7999.0,-7999.0,-7999.0,-7999.0,-7999.0,-7999.0,-7999.0,37.11,57.88,981.0,244.9,243.2,244.7,60.0,59.9,74.7,0.0,274.0,273.0,275.9,199.3,23.43,200.6,618.0,1440008.0,42565.0,133136.0,0.993,0.979,0.748,0.921,108.3,108.6,100.6,96.1,100.5,103.2,81.5,32.09,32.17,29.79,28.46,29.77,30.54,24.14,52867.0,53666.0,53122.0,52957.0,53952.0,51331.0,46708.0,,0.0,0.0,,,2.0,-1.0,13.32,0.022,0.246,3.0,2.0,0.0,0.0,59.39,57.55,60.09,59.11,58.8,60.45,57.85,60.55,59.62,55.25
2016-07-25 12:50:00-05:00,544.9555,569.29114,571907,41.45,0.0,543.9,36.98,299.4,,,,,,,,,,,-2147484000.0,,,,-7999.0,-7999.0,-7999.0,-7999.0,-7999.0,-7999.0,-7999.0,-7999.0,38.34,57.83,408.3,132.1,134.1,131.8,60.0,59.9,74.7,0.0,274.0,273.4,276.0,108.4,9.04,108.8,618.0,1440010.0,42565.0,133136.0,0.964,0.979,0.748,0.921,51.6,46.97,56.64,56.13,48.73,57.93,49.55,15.39,14.05,16.88,16.73,14.58,17.25,14.77,52867.0,53667.0,53122.0,52958.0,53953.0,51331.0,46709.0,2.252,169.1,25.0,3.8,3.51,2.0,-1.0,13.32,0.022,0.241,3.0,2.0,0.0,0.0,58.79,57.82,59.96,58.94,58.75,60.57,57.35,60.47,59.73,55.25
2016-07-25 12:51:00-05:00,236.18306,238.77838,571908,41.51,0.0,232.3,36.54,302.3,,,,,,,,,,,-2147484000.0,,,,-7999.0,-7999.0,-7999.0,-7999.0,-7999.0,-7999.0,-7999.0,-7999.0,37.79,55.0,219.6,58.27,60.47,57.77,60.0,59.9,74.7,0.0,274.0,273.1,276.0,48.05,-0.314,48.05,618.0,1440011.0,42565.0,133136.0,-1.0,0.979,0.748,0.921,23.73,24.15,23.97,23.78,24.35,23.43,21.22,7.171,7.299,7.243,7.185,7.36,7.082,6.414,52867.0,53667.0,53122.0,52958.0,53953.0,51331.0,46709.0,2.75,199.3,37.64,4.8,3.512,2.0,-1.0,13.32,0.022,0.235,3.0,2.0,0.0,0.0,55.71,55.74,57.37,56.7,56.36,57.97,54.6,57.82,57.32,55.25
2016-07-25 12:52:00-05:00,226.44109,229.70021,571909,41.57,0.0,223.2,35.23,301.7,,,,,,,,,,,-2147484000.0,,,,-7999.0,-7999.0,-7999.0,-7999.0,-7999.0,-7999.0,-7999.0,-7999.0,35.87,52.1,211.6,56.71,58.96,56.26,60.0,59.9,74.7,0.0,274.0,273.3,276.0,46.78,-0.519,46.78,618.0,1440012.0,42565.0,133136.0,-1.0,0.979,0.748,0.921,23.16,23.64,23.36,23.18,23.73,22.89,20.55,6.984,7.128,7.043,6.988,7.156,6.902,6.198,52867.0,53667.0,53122.0,52958.0,53953.0,51331.0,46709.0,2.38,242.3,13.65,3.8,3.512,2.0,-1.0,13.32,0.022,0.235,3.0,2.0,0.0,0.0,52.75,53.44,54.85,54.51,54.09,55.78,52.74,55.05,55.07,55.18
2016-07-25 12:53:00-05:00,213.13501,219.61336,571910,41.57,0.0,213.5,34.8,303.4,,,,,,,,,,,-2147484000.0,,,,-7999.0,-7999.0,-7999.0,-7999.0,-7999.0,-7999.0,-7999.0,-7999.0,35.26,50.25,202.8,54.54,56.88,54.09,60.0,59.9,74.7,0.0,274.0,273.2,276.0,45.0,-0.76,45.01,618.0,1440012.0,42565.0,133136.0,-1.0,0.979,0.748,0.921,22.12,22.7,22.39,22.24,22.87,21.88,19.73,6.71,6.884,6.791,6.746,6.936,6.636,5.984,52867.0,53667.0,53122.0,52958.0,53953.0,51331.0,46709.0,2.322,235.6,16.08,3.5,3.512,2.0,-1.0,13.32,0.023,0.234,3.0,2.0,0.0,0.0,50.84,51.46,52.81,52.65,52.36,53.68,51.17,52.82,53.03,55.15
2016-07-25 12:54:00-05:00,229.64882,238.77838,571911,41.57,0.0,232.9,34.6,297.4,,,,,,,,,,,-2147484000.0,,,,-7999.0,-7999.0,-7999.0,-7999.0,-7999.0,-7999.0,-7999.0,-7999.0,34.98,48.88,223.7,59.79,62.15,59.41,60.0,59.9,74.7,0.0,274.0,273.4,276.0,49.37,-0.146,49.38,618.0,1440013.0,42565.0,133136.0,-0.133,0.979,0.748,0.921,24.89,25.53,25.02,24.92,25.63,24.52,21.77,7.402,7.591,7.44,7.409,7.621,7.291,6.473,52867.0,53667.0,53122.0,52958.0,53953.0,51331.0,46709.0,2.172,242.6,10.7,3.0,3.512,2.0,-1.0,13.32,0.023,0.235,3.0,2.0,0.0,0.0,49.47,49.92,51.08,51.16,50.74,52.66,49.74,51.28,51.3,55.06
2016-07-25 12:55:00-05:00,285.36804,298.29086,571912,41.56,0.0,293.8,34.66,296.5,,,,,,,,,,,-2147484000.0,,,,-7999.0,-7999.0,-7999.0,-7999.0,-7999.0,-7999.0,-7999.0,-7999.0,35.03,48.35,286.8,75.16,77.64,74.84,60.0,59.9,74.7,0.0,274.0,273.4,276.0,62.08,1.719,62.11,618.0,1440014.0,42565.0,133136.0,1.0,0.979,0.748,0.921,31.43,32.65,31.2,31.17,33.02,30.59,26.83,9.32,9.68,9.25,9.24,9.79,9.07,7.954,52868.0,53667.0,53123.0,52958.0,53954.0,51331.0,46709.0,1.382,218.3,34.67,2.1,3.512,2.0,-1.0,13.32,0.023,0.235,3.0,2.0,0.0,0.0,48.8,49.14,49.93,50.07,49.99,51.89,48.67,50.68,50.3,55.04
2016-07-25 12:56:00-05:00,433.87347,453.29224,571913,41.51,0.0,463.1,34.64,299.5,,,,,,,,,,,-2147484000.0,,,,-7999.0,-7999.0,-7999.0,-7999.0,-7999.0,-7999.0,-7999.0,-7999.0,35.07,48.1,539.1,117.0,119.1,116.7,60.0,59.9,74.7,0.0,274.0,273.9,276.0,96.2,7.047,96.5,618.0,1440016.0,42565.0,133136.0,0.998,0.979,0.748,0.921,52.6,56.64,47.31,46.29,55.21,46.1,38.61,15.7,16.9,14.13,13.82,16.48,13.77,11.53,52868.0,53668.0,53123.0,52959.0,53954.0,51332.0,46709.0,1.218,228.5,27.28,1.7,3.512,2.0,-1.0,13.32,0.023,0.236,3.0,2.0,0.0,0.0,48.6,48.85,49.28,49.59,49.49,51.32,48.18,50.39,49.79,54.96
2016-07-25 12:57:00-05:00,887.3497,936.9011,571914,41.48,0.0,929.0,35.04,359.2,,,,,,,,,,,-2147484000.0,,,,-7999.0,-7999.0,-7999.0,-7999.0,-7999.0,-7999.0,-7999.0,-7999.0,35.8,50.29,889.0,128.1,127.5,127.9,60.0,59.9,74.7,0.0,274.0,273.1,276.0,100.6,7.607,104.2,618.0,1440018.0,42565.0,133136.0,0.648,0.979,0.748,0.921,47.4,48.29,46.36,44.73,46.72,45.96,42.52,14.9,15.18,14.53,13.92,14.59,14.35,13.5,52868.0,53668.0,53123.0,52959.0,53954.0,51332.0,46709.0,1.212,206.8,20.83,1.8,3.512,2.0,-1.0,13.32,0.023,0.246,3.0,2.0,0.0,0.0,51.11,50.01,51.33,50.78,50.9,52.84,49.89,52.02,51.41,54.89
2016-07-25 12:58:00-05:00,418.90414,445.33484,571915,41.47,0.0,427.6,35.14,368.9,,,,,,,,,,,-2147484000.0,,,,-7999.0,-7999.0,-7999.0,-7999.0,-7999.0,-7999.0,-7999.0,-7999.0,36.0,51.22,361.6,56.97,58.85,55.86,60.0,59.9,74.7,0.0,274.0,273.7,276.0,46.58,-0.473,46.7,618.0,1440018.0,42565.0,133136.0,-0.431,0.979,0.748,0.921,18.2,17.78,19.85,18.34,17.24,19.61,18.06,6.709,6.548,7.324,6.764,6.349,7.237,6.662,52868.0,53668.0,53123.0,52959.0,53954.0,51332.0,46709.0,1.358,195.9,12.25,2.0,3.512,2.0,-1.0,13.32,0.023,0.238,3.0,2.0,0.0,0.0,51.72,51.07,52.35,51.99,52.25,54.1,50.43,53.4,52.61,54.86
2016-07-25 12:59:00-05:00,336.57272,354.2169,571916,41.43,0.0,356.0,35.05,348.8,,,,,,,,,,,-2147484000.0,,,,-7999.0,-7999.0,-7999.0,-7999.0,-7999.0,-7999.0,-7999.0,-7999.0,35.9,50.46,368.6,75.83,77.74,74.82,60.0,59.9,74.7,0.0,274.0,273.5,276.0,62.25,1.844,62.32,618.0,1440019.0,42565.0,133136.0,0.699,0.979,0.748,0.921,25.3,29.78,26.83,27.33,33.26,24.58,26.29,8.81,10.35,9.32,9.48,11.53,8.55,9.12,52869.0,53668.0,53123.0,52959.0,53954.0,51332.0,46709.0,1.092,192.2,28.17,1.9,3.512,2.0,-1.0,13.32,0.023,0.236,3.0,2.0,0.0,0.0,50.92,50.86,51.49,51.46,51.56,53.38,49.72,52.79,51.83,54.84
2016-07-25 13:00:00-05:00,957.563,1010.8714,571917,41.43,0.0,1008.0,35.04,326.1,,,,,,,,,,,-2147484000.0,,,,-7999.0,-7999.0,-7999.0,-7999.0,-7999.0,-7999.0,-7999.0,-7999.0,35.65,50.97,979.0,258.0,256.1,258.2,60.0,59.9,74.7,0.0,274.0,273.5,276.0,210.2,25.04,211.7,618.0,1440023.0,42565.0,133137.0,0.993,0.979,0.748,0.921,98.0,100.6,97.5,97.7,100.3,96.3,86.1,31.92,32.79,31.77,31.81,32.69,31.36,28.05,52869.0,53669.0,53124.0,52959.0,53955.0,51333.0,46710.0,,0.0,0.0,,,2.5,-1.0,13.32,0.023,0.245,3.0,2.0,0.0,0.0,51.95,50.92,52.37,51.99,51.97,53.92,50.88,53.46,52.4,54.86
2016-07-25 13:01:00-05:00,973.00757,1029.9244,571918,41.43,0.0,1020.0,35.23,306.7,,,,,,,,,,,-2147484000.0,,,,-7999.0,-7999.0,-7999.0,-7999.0,-7999.0,-7999.0,-7999.0,-7999.0,35.83,53.3,975.0,266.1,263.4,266.3,60.0,59.9,74.7,0.0,274.0,273.1,276.0,216.5,26.05,218.1,618.0,1440027.0,42565.0,133137.0,0.993,0.979,0.748,0.921,107.4,108.3,107.1,106.8,108.0,106.7,93.1,32.94,33.23,32.86,32.74,33.12,32.71,28.56,52869.0,53669.0,53124.0,52960.0,53955.0,51333.0,46710.0,,0.0,0.0,,,2.0,-1.0,13.32,0.023,0.246,3.0,2.0,0.0,0.0,54.42,52.53,54.43,53.92,54.1,55.94,52.95,55.17,54.33,54.79
2016-07-25 13:02:00-05:00,968.2554,1025.4413,571919,41.43,0.0,1014.0,35.25,302.4,,,,,,,,,,,-2147484000.0,,,,-7999.0,-7999.0,-7999.0,-7999.0,-7999.0,-7999.0,-7999.0,-7999.0,36.0,55.16,970.0,262.6,260.0,262.7,60.0,59.9,74.7,0.0,274.0,273.4,276.0,213.7,25.64,215.3,618.0,1440030.0,42565.0,133137.0,0.993,0.979,0.748,0.921,107.4,108.2,107.0,106.7,108.2,106.6,93.0,32.48,32.71,32.34,32.27,32.72,32.24,28.11,52870.0,53670.0,53125.0,52960.0,53956.0,51334.0,46711.0,,0.0,0.0,,,2.0,-1.0,13.32,0.023,0.246,3.0,2.0,0.0,0.0,56.14,54.38,56.28,55.62,55.88,57.82,54.67,57.29,56.26,54.86
2016-07-25 13:03:00-05:00,904.93274,959.31635,571920,41.43,0.0,939.0,35.56,298.1,,,,,,,,,,,-2147484000.0,,,,-7999.0,-7999.0,-7999.0,-7999.0,-7999.0,-7999.0,-7999.0,-7999.0,36.64,56.97,937.0,238.9,237.4,238.9,60.0,59.9,74.7,0.0,274.0,273.3,276.0,194.7,22.67,196.0,618.0,1440033.0,42565.0,133138.0,0.993,0.979,0.748,0.921,103.8,104.2,96.0,93.0,96.0,97.6,79.28,30.95,31.06,28.63,27.72,28.62,29.11,23.65,52870.0,53670.0,53125.0,52961.0,53956.0,51334.0,46711.0,,0.0,0.0,,,2.0,-1.0,13.32,0.023,0.246,3.0,2.0,0.0,0.0,57.88,55.71,57.58,56.94,57.08,58.97,55.69,58.8,57.8,54.86
2016-07-25 13:04:00-05:00,849.8075,897.6744,571921,41.46,0.0,899.0,35.58,299.3,,,,,,,,,,,-2147484000.0,,,,-7999.0,-7999.0,-7999.0,-7999.0,-7999.0,-7999.0,-7999.0,-7999.0,36.74,57.78,889.0,226.6,225.2,226.4,60.0,59.9,74.7,0.0,274.0,273.5,276.0,184.6,21.05,185.8,618.0,1440036.0,42565.0,133138.0,0.994,0.979,0.748,0.921,94.7,98.1,94.0,93.8,99.1,92.1,81.5,28.29,29.34,28.08,28.05,29.67,27.5,24.37,52871.0,53671.0,53126.0,52961.0,53957.0,51334.0,46712.0,,0.0,0.0,,,2.0,-1.0,13.32,0.023,0.244,3.0,2.0,0.0,0.0,58.72,56.63,57.95,57.3,57.45,58.97,55.87,59.28,58.63,54.86
2016-07-25 13:05:00-05:00,957.563,1014.23364,571922,41.5,0.0,1004.0,35.95,297.1,,,,,,,,,,,-2147484000.0,,,,-7999.0,-7999.0,-7999.0,-7999.0,-7999.0,-7999.0,-7999.0,-7999.0,36.54,57.77,960.0,255.8,253.4,255.6,60.0,59.9,74.7,0.0,274.0,274.0,276.0,208.3,24.78,209.8,618.0,1440040.0,42565.0,133139.0,0.993,0.979,0.748,0.921,106.5,107.2,106.1,105.8,107.4,105.8,91.6,31.65,31.83,31.51,31.44,31.89,31.43,27.2,52871.0,53671.0,53126.0,52962.0,53957.0,51335.0,46712.0,,0.0,0.0,,,2.0,-1.0,13.32,0.023,0.246,3.0,2.0,0.0,0.0,58.77,56.64,58.48,57.54,58.21,57.85,57.18,58.83,59.01,54.88
2016-07-25 13:06:00-05:00,963.50323,1020.9583,571923,41.56,0.0,1009.0,35.78,296.8,,,,,,,,,,,-2147484000.0,,,,-7999.0,-7999.0,-7999.0,-7999.0,-7999.0,-7999.0,-7999.0,-7999.0,36.49,58.0,965.0,257.6,255.1,257.4,60.0,59.9,74.7,0.0,273.2,272.2,275.1,208.8,24.92,210.2,618.0,1440043.0,42565.0,133139.0,0.993,0.979,0.748,0.921,106.9,107.8,106.9,106.2,107.5,106.3,92.6,31.72,32.0,31.72,31.52,31.9,31.56,27.48,52872.0,53672.0,53127.0,52962.0,53958.0,51335.0,46713.0,2.732,219.2,19.89,4.2,3.51,2.0,-1.0,13.32,0.023,0.246,3.0,2.0,0.0,0.0,59.08,56.82,59.36,58.53,58.81,59.41,57.57,59.61,59.79,54.96
2016-07-25 13:07:00-05:00,971.8195,1028.8036,571924,41.62,0.0,1018.0,35.63,296.1,,,,,,,,,,,-2147484000.0,,,,-7999.0,-7999.0,-7999.0,-7999.0,-7999.0,-7999.0,-7999.0,-7999.0,36.41,58.21,974.0,259.0,256.4,258.9,60.0,59.9,74.7,0.0,272.9,272.1,274.8,209.8,25.02,211.3,618.0,1440047.0,42565.0,133139.0,0.993,0.979,0.748,0.921,107.7,108.7,107.4,106.8,108.7,106.9,93.0,31.9,32.19,31.79,31.63,32.18,31.64,27.55,52872.0,53672.0,53127.0,52963.0,53958.0,51336.0,46713.0,,0.0,0.0,,,2.0,-1.0,13.32,0.023,0.246,3.0,2.0,0.0,0.0,59.15,57.28,59.56,59.02,59.13,59.54,58.03,60.05,60.28,54.96
2016-07-25 13:08:00-05:00,968.2554,1024.3206,571925,41.68,0.0,1014.0,35.75,296.8,,,,,,,,,,,-2147484000.0,,,,-7999.0,-7999.0,-7999.0,-7999.0,-7999.0,-7999.0,-7999.0,-7999.0,36.58,58.83,970.0,257.1,254.7,257.0,60.0,59.9,74.7,0.0,273.0,272.0,274.8,208.2,24.77,209.7,618.0,1440050.0,42565.0,133140.0,0.993,0.979,0.748,0.921,106.3,107.7,106.5,105.8,107.2,105.8,92.2,31.56,31.96,31.61,31.4,31.83,31.39,27.35,52873.0,53672.0,53128.0,52963.0,53959.0,51336.0,46714.0,2.293,228.8,16.45,3.8,3.51,2.0,-1.0,13.32,0.023,0.246,3.0,2.0,0.0,0.0,59.83,58.29,60.45,59.92,60.14,60.97,58.5,61.36,60.98,54.94
2016-07-25 13:09:00-05:00,963.50323,1018.71674,571926,41.76,0.0,1009.0,35.76,296.4,,,,,,,,,,,-2147484000.0,,,,-7999.0,-7999.0,-7999.0,-7999.0,-7999.0,-7999.0,-7999.0,-7999.0,36.56,58.93,963.0,255.8,253.4,255.6,60.0,59.9,74.7,0.0,272.6,272.0,274.3,207.0,24.6,208.5,618.0,1440054.0,42565.0,133140.0,0.993,0.979,0.748,0.921,105.7,106.8,106.0,105.2,106.7,104.9,91.9,31.34,31.66,31.42,31.18,31.63,31.1,27.22,52873.0,53673.0,53128.0,52964.0,53959.0,51337.0,46714.0,,0.0,0.0,,,2.0,-1.0,13.32,0.023,0.246,3.0,2.0,0.0,0.0,60.19,58.38,60.65,60.42,60.21,61.07,58.79,61.3,61.16,54.95
2016-07-25 13:10:00-05:00,360.3336,387.7277,571927,41.81,0.0,365.3,35.78,339.5,,,,,,,,,,,-2147484000.0,,,,-7999.0,-7999.0,-7999.0,-7999.0,-7999.0,-7999.0,-7999.0,-7999.0,36.71,58.79,324.9,63.89,64.88,63.37,60.0,59.9,74.7,0.0,272.3,272.0,274.1,48.46,-0.517,51.69,618.0,1440055.0,42565.0,133140.0,0.061,0.979,0.748,0.921,23.54,22.03,21.8,20.41,19.86,22.77,19.2,7.407,6.966,6.827,6.387,6.304,7.104,6.07,52873.0,53673.0,53128.0,52964.0,53959.0,51337.0,46714.0,2.362,229.4,15.72,3.7,3.512,2.0,-1.0,13.32,0.023,0.239,3.0,2.0,0.0,0.0,59.6,58.31,59.88,60.07,60.03,60.64,58.26,60.74,60.73,54.98
2016-07-25 13:11:00-05:00,603.6449,638.3301,571928,41.87,0.0,649.5,35.78,314.0,,,,,,,,,,,-2147484000.0,,,,-7999.0,-7999.0,-7999.0,-7999.0,-7999.0,-7999.0,-7999.0,-7999.0,36.37,56.22,695.0,161.7,161.9,161.3,60.0,59.9,74.7,0.0,272.6,272.0,274.1,131.3,12.5,132.0,618.0,1440057.0,42565.0,133141.0,0.996,0.979,0.748,0.921,66.26,70.78,63.61,64.32,70.78,61.5,56.51,20.58,22.0,19.75,19.98,22.01,19.09,17.55,52874.0,53673.0,53128.0,52964.0,53960.0,51337.0,46714.0,,0.0,0.0,,,2.0,-1.0,13.32,0.023,0.239,3.0,2.0,0.0,0.0,57.41,56.72,58.06,58.02,58.3,58.39,56.48,58.27,58.47,55.02
2016-07-25 13:12:00-05:00,974.1956,1033.2866,571929,41.91,0.0,1023.0,35.84,297.4,,,,,,,,,,,-2147484000.0,,,,-7999.0,-7999.0,-7999.0,-7999.0,-7999.0,-7999.0,-7999.0,-7999.0,36.58,56.55,979.0,262.1,259.2,262.2,60.0,59.9,74.7,0.0,272.5,272.0,274.2,212.0,25.21,213.5,618.0,1440060.0,42565.0,133141.0,0.993,0.979,0.748,0.921,108.3,109.7,108.1,107.0,109.1,107.6,93.9,32.2,32.62,32.13,31.82,32.43,32.0,27.91,52874.0,53674.0,53129.0,52965.0,53960.0,51338.0,46715.0,,0.0,0.0,,,2.0,-1.0,13.32,0.024,0.246,3.0,2.0,0.0,0.0,57.86,56.75,58.64,58.39,58.49,59.5,56.74,59.74,59.15,54.95
2016-07-25 13:13:00-05:00,957.563,1015.35443,571930,41.96,0.0,1004.0,36.05,297.6,,,,,,,,,,,-2147484000.0,,,,-7999.0,-7999.0,-7999.0,-7999.0,-7999.0,-7999.0,-7999.0,-7999.0,36.86,57.38,963.0,256.6,254.0,256.5,60.0,59.9,74.7,0.0,273.0,272.0,274.3,207.7,24.59,209.2,618.0,1440064.0,42565.0,133141.0,0.993,0.979,0.748,0.921,106.2,107.5,105.7,105.2,106.8,105.3,91.5,31.62,31.99,31.44,31.31,31.77,31.34,27.23,52875.0,53674.0,53129.0,52965.0,53961.0,51338.0,46715.0,,0.0,0.0,,,2.0,-1.0,13.32,0.024,0.246,3.0,2.0,0.0,0.0,58.61,57.16,59.39,59.01,59.09,59.98,57.81,60.27,59.74,54.96
2016-07-25 13:14:00-05:00,953.9989,1010.8714,571931,41.99,0.0,1000.0,36.17,296.9,,,,,,,,,,,-2147484000.0,,,,-7999.0,-7999.0,-7999.0,-7999.0,-7999.0,-7999.0,-7999.0,-7999.0,36.45,57.42,957.0,254.3,251.9,254.1,60.0,59.9,74.7,0.0,272.5,272.0,274.0,205.8,24.35,207.2,618.0,1440067.0,42565.0,133142.0,0.993,0.979,0.748,0.921,105.4,106.7,105.0,104.3,106.1,104.3,90.7,31.3,31.66,31.18,30.95,31.49,30.98,26.91,52875.0,53675.0,53130.0,52965.0,53961.0,51339.0,46716.0,,0.0,0.0,,,2.0,-1.0,13.32,0.024,0.246,3.0,2.0,0.0,0.0,59.11,57.78,59.91,59.47,59.6,60.08,58.54,60.31,60.26,55.04
2016-07-25 13:15:00-05:00,945.6827,1001.90533,571932,42.03,0.0,991.0,36.21,296.7,,,,,,,,,,,-2147484000.0,,,,-7999.0,-7999.0,-7999.0,-7999.0,-7999.0,-7999.0,-7999.0,-7999.0,36.54,58.51,947.0,251.1,248.9,250.9,60.0,59.9,74.7,0.0,272.4,272.0,274.0,203.2,23.94,204.6,618.0,1440071.0,42565.0,133142.0,0.993,0.979,0.748,0.921,103.4,104.9,103.7,102.8,104.3,102.8,89.5,30.69,31.12,30.76,30.49,30.95,30.5,26.56,52876.0,53675.0,53130.0,52966.0,53961.0,51339.0,46716.0,,0.0,0.0,,,2.0,-1.0,13.33,0.023,0.246,3.0,2.0,0.0,0.0,59.84,58.38,60.44,60.12,60.29,60.45,59.14,60.92,61.09,55.05
2016-07-25 13:16:00-05:00,931.6637,986.2146,571933,42.06,0.0,977.0,36.1,297.4,,,,,,,,,,,-2147484000.0,,,,-7999.0,-7999.0,-7999.0,-7999.0,-7999.0,-7999.0,-7999.0,-7999.0,36.75,57.71,934.0,247.1,245.0,246.7,60.0,59.9,74.7,0.0,272.9,272.8,274.9,200.4,23.45,201.8,618.0,1440074.0,42565.0,133143.0,0.993,0.979,0.748,0.921,102.2,103.9,102.6,100.9,103.0,101.8,88.6,30.39,30.91,30.53,30.02,30.63,30.27,26.35,52876.0,53676.0,53131.0,52966.0,53962.0,51340.0,46717.0,2.965,218.7,33.64,4.7,3.512,2.0,-1.0,13.32,0.024,0.246,3.0,2.0,0.0,0.0,59.51,58.46,60.53,60.41,60.17,60.92,58.66,61.64,61.4,55.12
2016-07-25 13:17:00-05:00,905.17035,959.31635,571934,42.11,0.0,948.0,36.09,299.2,,,,,,,,,,,-2147484000.0,,,,-7999.0,-7999.0,-7999.0,-7999.0,-7999.0,-7999.0,-7999.0,-7999.0,36.4,57.17,906.0,241.1,239.3,240.6,60.0,59.9,74.7,0.0,273.0,272.5,275.0,195.6,22.67,196.9,618.0,1440077.0,42565.0,133143.0,0.993,0.979,0.748,0.921,98.8,100.7,99.2,97.6,99.7,98.8,85.7,29.55,30.12,29.67,29.2,29.81,29.55,25.62,52876.0,53676.0,53131.0,52967.0,53962.0,51340.0,46717.0,,0.0,0.0,,,2.5,-1.0,13.32,0.024,0.246,3.0,2.0,0.0,0.0,59.13,58.35,60.18,59.92,60.01,59.96,58.96,59.8,61.01,55.13
2016-07-25 13:18:00-05:00,897.44806,951.47107,571935,42.15,0.0,941.0,36.4,298.8,,,,,,,,,,,-2147484000.0,,,,-7999.0,-7999.0,-7999.0,-7999.0,-7999.0,-7999.0,-7999.0,-7999.0,36.93,58.19,901.0,239.0,237.5,238.4,60.0,59.9,74.7,0.0,273.0,272.0,275.0,193.7,22.48,195.0,618.0,1440080.0,42565.0,133143.0,0.993,0.979,0.748,0.921,98.5,99.5,98.3,97.6,99.4,97.5,84.9,29.44,29.73,29.36,29.16,29.7,29.14,25.35,52877.0,53677.0,53132.0,52967.0,53963.0,51340.0,46718.0,,0.0,0.0,,,2.0,-1.0,13.32,0.024,0.245,3.0,2.0,0.0,0.0,59.73,58.84,60.42,60.21,60.73,60.49,59.37,60.86,60.99,55.13
2016-07-25 13:19:00-05:00,882.2411,935.78033,571936,42.19,0.0,925.0,36.69,303.9,,,,,,,,,,,-2147484000.0,,,,-7999.0,-7999.0,-7999.0,-7999.0,-7999.0,-7999.0,-7999.0,-7999.0,37.19,58.85,881.0,233.6,232.7,232.9,60.0,59.9,74.7,0.0,273.0,272.0,275.0,189.4,21.87,190.7,618.0,1440084.0,42565.0,133144.0,0.993,0.979,0.748,0.921,94.5,95.5,94.2,93.6,95.6,93.7,81.3,28.7,29.0,28.61,28.42,29.03,28.47,24.69,52877.0,53677.0,53132.0,52968.0,53963.0,51341.0,46718.0,1.255,281.1,32.3,2.3,3.51,2.0,-1.0,13.32,0.024,0.245,3.0,2.0,0.0,0.0,60.29,59.18,60.63,60.29,60.81,59.68,59.66,60.85,61.7,55.18
2016-07-25 13:20:00-05:00,900.8934,954.8333,571937,42.24,0.0,946.0,36.73,298.7,,,,,,,,,,,-2147484000.0,,,,-7999.0,-7999.0,-7999.0,-7999.0,-7999.0,-7999.0,-7999.0,-7999.0,37.14,58.93,903.0,239.2,237.7,238.6,60.0,59.9,74.7,0.0,272.3,272.0,274.7,193.7,22.43,195.0,618.0,1440087.0,42565.0,133144.0,0.993,0.979,0.748,0.921,98.5,99.6,98.1,98.0,99.4,97.8,84.6,29.41,29.72,29.29,29.26,29.68,29.2,25.26,52878.0,53678.0,53133.0,52968.0,53964.0,51341.0,46719.0,,0.0,0.0,,,2.0,-1.0,13.32,0.024,0.245,3.0,2.0,0.0,0.0,60.39,59.48,60.66,60.54,61.04,59.53,59.92,61.06,61.79,55.22
2016-07-25 13:21:00-05:00,889.48816,942.50494,571938,42.3,0.0,933.0,37.07,299.9,,,,,,,,,,,-2147484000.0,,,,-7999.0,-7999.0,-7999.0,-7999.0,-7999.0,-7999.0,-7999.0,-7999.0,37.77,59.95,892.0,235.5,234.2,234.9,60.0,59.9,74.7,0.0,272.9,272.0,274.8,190.8,21.92,192.1,618.0,1440090.0,42565.0,133144.0,0.993,0.979,0.748,0.921,96.5,97.5,96.2,95.8,97.3,95.6,83.2,28.92,29.23,28.83,28.73,29.16,28.65,24.95,52878.0,53678.0,53133.0,52969.0,53964.0,51342.0,46719.0,1.452,193.6,13.06,3.0,3.51,2.0,-1.0,13.32,0.024,0.245,3.0,2.0,0.0,0.0,61.29,60.01,61.29,61.01,61.65,61.04,59.98,61.95,61.95,55.25
2016-07-25 13:22:00-05:00,933.08936,986.2146,571939,42.37,0.0,979.0,37.06,296.2,,,,,,,,,,,-2147484000.0,,,,-7999.0,-7999.0,-7999.0,-7999.0,-7999.0,-7999.0,-7999.0,-7999.0,38.2,59.8,938.0,247.1,245.0,246.7,60.0,59.9,74.7,0.0,272.8,272.0,274.7,200.0,23.37,201.4,618.0,1440093.0,42565.0,133145.0,0.993,0.979,0.748,0.921,102.6,103.6,102.0,101.9,103.5,101.5,88.5,30.38,30.69,30.21,30.2,30.66,30.08,26.22,52879.0,53679.0,53134.0,52969.0,53965.0,51342.0,46720.0,2.278,187.6,9.85,3.3,3.512,2.0,-1.0,13.32,0.024,0.245,3.0,2.0,0.0,0.0,61.33,60.32,61.38,61.09,61.46,61.58,59.35,62.24,62.2,55.33
2016-07-25 13:23:00-05:00,975.3837,1028.8036,571940,42.44,0.0,1020.0,37.43,296.1,,,,,,,,,,,-2147484000.0,,,,-7999.0,-7999.0,-7999.0,-7999.0,-7999.0,-7999.0,-7999.0,-7999.0,38.92,60.24,975.0,256.2,253.7,256.0,60.0,59.9,74.7,0.0,272.9,272.0,274.6,207.4,24.51,208.8,618.0,1440097.0,42565.0,133145.0,0.993,0.979,0.748,0.921,106.5,107.5,106.1,105.4,107.3,105.6,92.1,31.55,31.84,31.42,31.2,31.78,31.28,27.28,52879.0,53679.0,53134.0,52970.0,53965.0,51343.0,46720.0,,0.0,0.0,,,2.0,-1.0,13.32,0.024,0.246,3.0,2.0,0.0,0.0,61.54,60.48,61.97,61.44,61.92,63.21,59.44,63.11,62.68,55.33
2016-07-25 13:24:00-05:00,976.57166,1027.6829,571941,42.52,0.0,1019.0,37.4,296.1,,,,,,,,,,,-2147484000.0,,,,-7999.0,-7999.0,-7999.0,-7999.0,-7999.0,-7999.0,-7999.0,-7999.0,39.02,60.73,973.0,255.3,252.8,255.1,60.0,59.9,74.7,0.0,272.9,272.0,274.3,206.6,24.33,208.0,618.0,1440100.0,42565.0,133146.0,0.993,0.979,0.748,0.921,105.4,107.0,105.4,104.5,106.4,105.3,91.9,31.21,31.68,31.23,30.95,31.52,31.19,27.23,52880.0,53680.0,53135.0,52970.0,53966.0,51343.0,46721.0,,0.0,0.0,,,2.0,-1.0,13.32,0.024,0.246,3.0,2.0,0.0,0.0,62.05,61.15,62.91,62.19,62.58,65.71,60.24,64.04,63.67,55.36
2016-07-25 13:25:00-05:00,963.50323,1013.113,571942,42.58,0.0,1006.0,37.71,296.3,,,,,,,,,,,-2147484000.0,,,,-7999.0,-7999.0,-7999.0,-7999.0,-7999.0,-7999.0,-7999.0,-7999.0,39.56,61.07,960.0,251.8,249.6,251.6,60.0,59.9,74.7,0.0,272.7,272.0,274.0,203.7,23.93,205.1,618.0,1440104.0,42565.0,133146.0,0.993,0.979,0.748,0.921,104.2,105.3,104.2,103.4,105.3,103.7,91.1,30.88,31.21,30.88,30.64,31.2,30.73,26.99,52880.0,53680.0,53135.0,52971.0,53966.0,51344.0,46721.0,1.788,166.6,13.92,2.9,3.51,2.0,-1.0,13.32,0.024,0.246,3.0,2.0,0.0,0.0,62.44,61.47,63.44,62.32,62.32,65.78,60.25,64.41,63.93,55.43
2016-07-25 13:26:00-05:00,930.11926,977.24854,571943,42.66,0.0,969.0,37.69,296.9,,,,,,,,,,,-2147484000.0,,,,-7999.0,-7999.0,-7999.0,-7999.0,-7999.0,-7999.0,-7999.0,-7999.0,39.39,60.84,921.0,242.0,240.3,241.6,60.0,59.9,74.7,0.0,272.9,271.9,274.8,196.1,22.74,197.4,618.0,1440107.0,42565.0,133146.0,0.993,0.979,0.748,0.921,100.1,101.2,99.9,98.5,101.1,99.8,86.1,29.73,30.04,29.66,29.25,30.02,29.62,25.55,52881.0,53681.0,53135.0,52971.0,53967.0,51344.0,46722.0,,0.0,0.0,,,2.0,-1.0,13.32,0.024,0.246,3.0,2.0,0.0,0.0,62.18,61.39,63.35,62.17,61.74,65.76,59.45,64.3,64.11,55.43
2016-07-25 13:27:00-05:00,856.3418,897.6744,571944,42.72,0.0,889.0,36.68,302.2,,,,,,,,,,,-2147484000.0,,,,-7999.0,-7999.0,-7999.0,-7999.0,-7999.0,-7999.0,-7999.0,-7999.0,37.62,59.92,849.0,224.0,223.7,223.4,60.0,59.9,74.7,0.0,273.0,272.0,275.0,181.9,20.47,183.1,618.0,1440110.0,42565.0,133147.0,0.994,0.979,0.748,0.921,91.1,92.1,90.4,89.5,92.1,90.2,79.36,27.53,27.81,27.31,27.04,27.84,27.26,23.97,52881.0,53681.0,53136.0,52972.0,53967.0,51345.0,46722.0,,0.0,0.0,,,2.0,-1.0,13.32,0.024,0.244,3.0,2.0,0.0,0.0,61.24,61.0,62.63,61.91,61.7,64.99,59.39,63.21,63.43,55.44
2016-07-25 13:28:00-05:00,750.24945,784.7016,571945,42.78,0.0,778.4,36.61,302.0,,,,,,,,,,,-2147484000.0,,,,-7999.0,-7999.0,-7999.0,-7999.0,-7999.0,-7999.0,-7999.0,-7999.0,37.84,60.5,731.7,196.0,197.1,195.4,60.0,59.9,74.7,0.0,273.0,272.0,274.8,159.6,16.92,160.5,618.0,1440113.0,42565.0,133147.0,0.994,0.979,0.748,0.921,79.4,80.2,79.41,78.98,81.0,79.13,69.5,23.96,24.21,23.96,23.83,24.44,23.88,20.97,52882.0,53681.0,53136.0,52972.0,53968.0,51345.0,46722.0,1.407,231.9,25.42,2.5,3.512,2.0,-1.0,13.32,0.024,0.243,3.0,2.0,0.0,0.0,61.44,60.51,62.0,61.61,61.33,65.02,58.79,63.13,63.05,55.51
2016-07-25 13:29:00-05:00,789.57367,824.8249,571946,42.84,0.0,819.0,36.93,298.8,,,,,,,,,,,-2147484000.0,,,,-7999.0,-7999.0,-7999.0,-7999.0,-7999.0,-7999.0,-7999.0,-7999.0,38.24,60.87,783.3,208.2,208.7,207.4,60.0,59.9,74.7,0.0,273.0,272.0,275.0,169.3,18.45,170.3,618.0,1440115.0,42565.0,133147.0,0.994,0.979,0.748,0.921,85.4,86.6,85.3,84.5,86.3,85.0,74.38,25.52,25.88,25.47,25.25,25.77,25.39,22.22,52882.0,53682.0,53137.0,52972.0,53968.0,51346.0,46723.0,,0.0,0.0,,,2.5,-1.0,13.32,0.024,0.243,3.0,2.0,0.0,0.0,61.45,60.0,61.81,61.17,61.72,63.94,59.08,63.07,62.8,55.52
2016-07-25 13:30:00-05:00,803.2362,838.6102,571947,42.88,0.0,834.0,36.89,298.7,,,,,,,,,,,-2147484000.0,,,,-7999.0,-7999.0,-7999.0,-7999.0,-7999.0,-7999.0,-7999.0,-7999.0,38.3,60.96,797.2,211.5,211.9,210.8,60.0,59.9,74.7,0.0,273.0,272.0,274.9,172.0,18.86,173.0,618.0,1440118.0,42565.0,133148.0,0.994,0.979,0.748,0.921,86.8,88.1,86.7,86.1,87.9,86.4,75.93,25.92,26.32,25.9,25.72,26.27,25.8,22.68,52883.0,53682.0,53137.0,52973.0,53968.0,51346.0,46723.0,1.172,208.9,14.65,2.0,3.512,2.0,-1.0,13.32,0.024,0.243,3.0,2.0,0.0,0.0,61.7,60.48,62.09,61.14,61.98,64.68,59.16,63.45,62.96,55.48
2016-07-25 13:31:00-05:00,855.39136,892.7431,571948,42.94,0.0,889.0,37.01,296.8,,,,,,,,,,,-2147484000.0,,,,-7999.0,-7999.0,-7999.0,-7999.0,-7999.0,-7999.0,-7999.0,-7999.0,38.51,60.76,850.0,224.9,224.3,224.2,60.0,59.9,74.7,0.0,273.0,272.0,275.0,182.6,20.57,183.7,618.0,1440121.0,42565.0,133148.0,0.994,0.979,0.748,0.921,93.3,94.2,92.7,92.5,94.4,92.3,81.3,27.71,27.97,27.51,27.46,28.01,27.4,24.13,52883.0,53683.0,53138.0,52973.0,53969.0,51347.0,46724.0,,0.0,0.0,,,2.0,-1.0,13.32,0.024,0.244,3.0,2.0,0.0,0.0,61.68,60.52,62.31,61.3,61.97,65.07,59.24,63.29,62.95,55.47
2016-07-25 13:32:00-05:00,890.9138,931.2973,571949,42.99,0.0,925.0,36.84,296.8,,,,,,,,,,,-2147484000.0,,,,-7999.0,-7999.0,-7999.0,-7999.0,-7999.0,-7999.0,-7999.0,-7999.0,38.34,60.95,880.0,233.7,232.5,233.1,60.0,59.9,74.7,0.0,273.0,272.0,274.7,189.4,21.65,190.7,618.0,1440124.0,42565.0,133148.0,0.994,0.979,0.748,0.921,96.6,97.6,96.3,95.8,97.1,96.1,84.4,28.68,28.96,28.59,28.43,28.81,28.52,25.06,52883.0,53683.0,53138.0,52974.0,53969.0,51347.0,46724.0,,0.0,0.0,,,2.0,-1.0,13.32,0.025,0.245,3.0,2.0,0.0,0.0,61.97,60.83,62.36,61.5,61.93,64.93,59.41,63.39,63.09,55.44
2016-07-25 13:33:00-05:00,870.0042,910.00287,571950,43.05,0.0,904.0,36.64,298.0,,,,,,,,,,,-2147484000.0,,,,-7999.0,-7999.0,-7999.0,-7999.0,-7999.0,-7999.0,-7999.0,-7999.0,38.28,60.59,858.0,228.0,227.4,227.4,60.0,59.9,74.7,0.0,273.0,272.0,274.9,185.0,21.0,186.2,618.0,1440128.0,42565.0,133149.0,0.994,0.979,0.748,0.921,94.2,94.9,93.8,93.1,94.3,93.4,82.0,28.07,28.27,27.93,27.74,28.08,27.83,24.44,52884.0,53684.0,53139.0,52974.0,53970.0,51347.0,46725.0,,0.0,0.0,,,2.5,-1.0,13.32,0.025,0.245,3.0,2.0,0.0,0.0,61.59,60.96,62.72,61.89,62.22,65.11,59.58,63.79,63.25,55.5
2016-07-25 13:34:00-05:00,910.0413,952.59186,571951,43.1,0.0,947.0,37.54,296.2,,,,,,,,,,,-2147484000.0,,,,-7999.0,-7999.0,-7999.0,-7999.0,-7999.0,-7999.0,-7999.0,-7999.0,39.15,60.64,904.0,239.2,237.7,238.5,60.0,59.9,74.7,0.0,273.0,272.0,274.9,193.8,22.43,195.1,618.0,1440131.0,42565.0,133149.0,0.993,0.979,0.748,0.921,98.9,100.1,98.9,98.3,99.9,98.4,86.8,29.3,29.65,29.28,29.1,29.59,29.14,25.71,52884.0,53684.0,53139.0,52975.0,53970.0,51348.0,46725.0,,0.0,0.0,,,2.0,-1.0,13.32,0.025,0.245,3.0,2.0,0.0,0.0,61.66,60.84,63.1,61.98,61.48,66.13,59.99,64.03,63.4,55.57
2016-07-25 13:35:00-05:00,872.73676,914.4859,571952,43.15,0.0,906.0,39.29,298.6,,,,,,,,,,,-2147484000.0,,,,-7999.0,-7999.0,-7999.0,-7999.0,-7999.0,-7999.0,-7999.0,-7999.0,40.97,61.75,861.0,230.1,229.2,229.4,60.0,59.9,74.7,0.0,273.0,272.0,274.9,186.5,21.19,187.7,618.0,1440134.0,42565.0,133149.0,0.994,0.979,0.748,0.921,94.0,95.0,94.3,93.6,95.0,94.0,82.8,28.07,28.36,28.14,27.93,28.35,28.05,24.71,52885.0,53685.0,53140.0,52975.0,53971.0,51348.0,46726.0,2.518,150.2,6.807,3.7,3.512,2.0,-1.0,13.32,0.025,0.245,3.0,2.0,0.0,0.0,62.45,60.88,62.88,61.38,60.27,65.83,59.82,63.36,62.69,55.6
2016-07-25 13:36:00-05:00,796.108,833.56683,571953,43.21,0.0,827.0,39.36,299.6,,,,,,,,,,,-2147484000.0,,,,-7999.0,-7999.0,-7999.0,-7999.0,-7999.0,-7999.0,-7999.0,-7999.0,41.29,62.47,785.2,210.0,210.5,209.3,60.0,59.9,74.7,0.0,273.0,272.0,275.0,170.8,18.69,171.8,618.0,1440137.0,42565.0,133150.0,0.994,0.979,0.748,0.921,86.2,86.6,86.0,85.1,86.4,85.9,75.26,25.83,25.95,25.76,25.51,25.89,25.75,22.55,52885.0,53685.0,53140.0,52976.0,53971.0,51349.0,46726.0,,0.0,0.0,,,2.5,-1.0,13.32,0.025,0.244,3.0,2.0,0.0,0.0,62.87,60.68,62.64,61.63,60.88,65.97,59.44,63.93,62.47,55.67
2016-07-25 13:37:00-05:00,826.9971,865.2844,571954,43.3,0.0,860.0,38.2,297.6,,,,,,,,,,,-2147484000.0,,,,-7999.0,-7999.0,-7999.0,-7999.0,-7999.0,-7999.0,-7999.0,-7999.0,39.95,61.74,818.0,218.2,218.1,217.5,60.0,59.9,74.7,0.0,272.9,272.0,274.4,177.1,19.69,178.2,618.0,1440140.0,42565.0,133150.0,0.994,0.979,0.748,0.921,90.0,90.5,90.0,89.5,90.8,89.9,78.58,26.78,26.93,26.77,26.62,27.02,26.76,23.38,52886.0,53686.0,53141.0,52976.0,53972.0,51349.0,46727.0,,0.0,0.0,,,2.0,-1.0,13.32,0.025,0.244,3.0,2.0,0.0,0.0,62.47,60.76,62.52,61.58,61.18,65.68,59.27,63.8,62.48,55.7
2016-07-25 13:38:00-05:00,865.01447,905.51984,571955,43.35,0.0,902.0,37.08,296.3,,,,,,,,,,,-2147484000.0,,,,-7999.0,-7999.0,-7999.0,-7999.0,-7999.0,-7999.0,-7999.0,-7999.0,38.82,61.27,864.0,228.8,228.0,228.1,60.0,59.9,74.7,0.0,272.8,272.0,274.3,185.4,21.04,186.6,618.0,1440143.0,42565.0,133150.0,0.994,0.979,0.748,0.921,94.5,95.8,94.7,93.9,95.6,94.0,83.1,28.01,28.4,28.06,27.81,28.34,27.86,24.61,52886.0,53686.0,53141.0,52977.0,53972.0,51350.0,46727.0,1.395,223.2,14.79,2.0,3.503,2.0,-1.0,13.32,0.025,0.244,3.0,2.0,0.0,0.0,62.12,60.71,62.64,61.58,61.35,65.13,59.25,63.38,62.83,55.7
2016-07-25 13:39:00-05:00,883.07275,925.6935,571956,43.41,0.0,917.0,37.06,296.6,,,,,,,,,,,-2147484000.0,,,,-7999.0,-7999.0,-7999.0,-7999.0,-7999.0,-7999.0,-7999.0,-7999.0,38.59,62.09,898.0,234.5,233.3,234.0,60.0,59.9,74.7,0.0,273.0,272.0,274.3,190.0,21.75,191.3,618.0,1440146.0,42565.0,133151.0,0.994,0.979,0.748,0.921,97.5,98.8,96.1,95.1,97.5,95.6,84.6,28.91,29.31,28.49,28.2,28.91,28.35,25.1,52887.0,53687.0,53142.0,52977.0,53973.0,51350.0,46728.0,1.588,211.0,20.38,2.1,3.512,2.0,-1.0,13.32,0.025,0.245,3.0,2.0,0.0,0.0,62.61,60.85,62.79,61.84,61.31,65.14,59.32,63.87,63.16,55.7
2016-07-25 13:40:00-05:00,894.83435,935.78033,571957,43.46,0.0,934.0,37.02,297.9,,,,,,,,,,,-2147484000.0,,,,-7999.0,-7999.0,-7999.0,-7999.0,-7999.0,-7999.0,-7999.0,-7999.0,37.84,62.09,902.0,233.8,232.7,233.3,60.0,59.9,74.7,0.0,273.0,272.0,274.5,189.6,21.7,190.8,618.0,1440149.0,42565.0,133151.0,0.994,0.979,0.748,0.921,96.7,98.3,95.7,95.5,98.3,94.6,84.1,28.8,29.28,28.5,28.44,29.27,28.17,25.04,52887.0,53687.0,53142.0,52978.0,53973.0,51351.0,46728.0,1.118,258.6,10.67,1.9,3.512,2.0,-1.0,13.32,0.025,0.245,3.0,2.0,0.0,0.0,62.92,61.34,62.75,61.84,61.54,64.76,59.72,63.51,63.3,55.78
2016-07-25 13:41:00-05:00,779.0001,815.63464,571958,43.51,0.0,813.0,37.02,299.6,,,,,,,,,,,-2147484000.0,,,,-7999.0,-7999.0,-7999.0,-7999.0,-7999.0,-7999.0,-7999.0,-7999.0,37.73,61.63,776.5,205.5,205.9,204.9,60.0,59.9,74.7,0.0,272.8,272.0,274.4,167.0,18.11,168.0,618.0,1440152.0,42565.0,133151.0,0.994,0.979,0.748,0.921,84.0,85.0,84.0,83.9,85.4,83.3,73.71,25.15,25.44,25.14,25.1,25.55,24.93,22.06,52888.0,53687.0,53142.0,52978.0,53974.0,51351.0,46728.0,,0.0,0.0,,,2.0,-1.0,13.32,0.025,0.243,3.0,2.0,0.0,0.0,62.82,61.48,62.68,62.03,61.98,64.69,59.89,63.77,63.05,55.8
2016-07-25 13:42:00-05:00,900.7746,943.6256,571959,43.56,0.0,938.0,37.17,296.6,,,,,,,,,,,-2147484000.0,,,,-7999.0,-7999.0,-7999.0,-7999.0,-7999.0,-7999.0,-7999.0,-7999.0,38.08,61.75,895.0,236.5,235.1,235.9,60.0,59.9,74.7,0.0,273.0,272.0,274.9,191.8,22.02,193.0,618.0,1440155.0,42565.0,133152.0,0.993,0.979,0.748,0.921,97.9,98.7,97.6,97.1,98.5,97.3,85.1,29.04,29.26,28.94,28.8,29.21,28.85,25.23,52888.0,53688.0,53143.0,52979.0,53974.0,51352.0,46729.0,1.297,252.7,21.94,3.0,3.504,2.0,-1.0,13.32,0.025,0.245,3.0,2.0,0.0,0.0,62.84,60.95,62.25,61.51,61.69,63.18,60.0,62.78,62.79,55.8
2016-07-25 13:43:00-05:00,850.5203,894.2001,571960,43.61,0.0,881.0,37.8,296.6,,,,,,,,,,,-2147484000.0,,,,-7999.0,-7999.0,-7999.0,-7999.0,-7999.0,-7999.0,-7999.0,-7999.0,39.62,63.29,819.0,222.8,222.4,222.2,60.0,59.9,74.7,0.0,273.0,272.0,274.6,180.9,20.3,182.0,618.0,1440158.0,42565.0,133152.0,0.994,0.979,0.748,0.921,91.8,90.6,91.9,91.3,89.3,91.9,79.42,27.24,26.87,27.26,27.08,26.49,27.24,23.56,52889.0,53688.0,53143.0,52979.0,53975.0,51352.0,46729.0,,0.0,0.0,,,2.0,-1.0,13.32,0.025,0.245,3.0,2.0,0.0,0.0,63.97,61.69,62.73,62.22,62.6,64.45,60.21,63.72,63.09,55.8
2016-07-25 13:44:00-05:00,548.99493,574.7829,571961,43.68,0.0,584.0,38.05,304.6,,,,,,,,,,,-2147484000.0,,,,-7999.0,-7999.0,-7999.0,-7999.0,-7999.0,-7999.0,-7999.0,-7999.0,40.11,63.08,588.5,142.5,144.0,142.0,60.0,59.9,74.7,0.0,273.0,272.0,274.8,116.2,10.11,116.7,618.0,1440160.0,42565.0,133152.0,0.997,0.979,0.748,0.921,58.2,61.29,57.51,57.62,62.42,56.24,50.78,17.68,18.64,17.46,17.49,18.98,17.07,15.41,52889.0,53689.0,53144.0,52979.0,53975.0,51352.0,46730.0,,0.0,0.0,,,2.0,-1.0,13.32,0.025,0.24,3.0,2.0,0.0,0.0,63.39,61.73,62.04,61.91,62.42,64.38,59.19,63.59,62.95,55.85
2016-07-25 13:45:00-05:00,896.6164,943.6256,571962,43.73,0.0,940.0,38.28,296.9,,,,,,,,,,,-2147484000.0,,,,-7999.0,-7999.0,-7999.0,-7999.0,-7999.0,-7999.0,-7999.0,-7999.0,40.52,63.47,898.0,237.3,236.0,236.8,60.0,59.9,74.7,0.0,273.0,272.0,274.4,192.3,22.14,193.6,618.0,1440163.0,42565.0,133153.0,0.993,0.979,0.748,0.921,97.8,98.6,98.2,97.4,98.3,97.8,85.5,29.05,29.29,29.16,28.92,29.18,29.05,25.4,52889.0,53689.0,53144.0,52980.0,53975.0,51353.0,46730.0,,0.0,0.0,,,2.0,-1.0,13.32,0.025,0.246,3.0,2.0,0.0,0.0,64.07,61.83,61.74,61.34,61.89,64.18,58.97,62.48,62.47,55.9
2016-07-25 13:46:00-05:00,903.1507,950.3503,571963,43.79,0.0,948.0,38.44,295.9,,,,,,,,,,,-2147484000.0,,,,-7999.0,-7999.0,-7999.0,-7999.0,-7999.0,-7999.0,-7999.0,-7999.0,40.57,63.61,908.0,236.6,235.3,235.9,60.0,59.9,74.7,0.0,273.3,272.6,274.9,192.1,22.13,193.3,618.0,1440166.0,42565.0,133153.0,0.993,0.979,0.748,0.921,99.1,99.5,98.3,97.0,99.4,98.2,84.0,29.31,29.45,29.08,28.71,29.41,29.06,24.85,52890.0,53690.0,53145.0,52980.0,53976.0,51353.0,46731.0,,0.0,0.0,,,2.0,-1.0,13.32,0.025,0.246,3.0,2.0,0.0,0.0,64.53,61.9,62.02,61.64,62.02,64.63,59.18,63.47,62.74,55.93
2016-07-25 13:47:00-05:00,904.10114,951.47107,571964,43.85,0.0,949.0,37.9,296.1,,,,,,,,,,,-2147484000.0,,,,-7999.0,-7999.0,-7999.0,-7999.0,-7999.0,-7999.0,-7999.0,-7999.0,40.15,63.61,908.0,238.0,236.5,237.4,60.0,59.9,74.7,0.0,273.6,273.0,275.1,193.4,22.26,194.7,618.0,1440170.0,42565.0,133153.0,0.993,0.979,0.748,0.921,98.9,99.6,99.0,98.2,99.2,98.6,86.2,29.29,29.48,29.32,29.08,29.38,29.19,25.53,52890.0,53690.0,53145.0,52981.0,53976.0,51354.0,46731.0,,0.0,0.0,,,2.0,-1.0,13.32,0.025,0.246,3.0,2.0,0.0,0.0,64.37,62.19,62.36,61.84,61.97,65.07,59.29,63.77,63.06,55.99
2016-07-25 13:48:00-05:00,903.9823,951.47107,571965,43.92,0.0,948.0,37.22,296.3,,,,,,,,,,,-2147484000.0,,,,-7999.0,-7999.0,-7999.0,-7999.0,-7999.0,-7999.0,-7999.0,-7999.0,39.29,63.22,908.0,238.0,236.6,237.5,60.0,59.9,74.7,0.0,274.0,273.0,275.1,193.5,22.3,194.8,618.0,1440173.0,42565.0,133154.0,0.993,0.979,0.748,0.921,98.9,99.6,98.8,98.1,99.1,98.5,86.2,29.29,29.5,29.27,29.07,29.37,29.19,25.55,52891.0,53691.0,53146.0,52981.0,53977.0,51354.0,46731.0,1.925,213.7,17.34,2.9,3.512,2.0,-1.0,13.28,-0.049,0.246,3.0,2.0,0.0,0.001,64.1,62.03,62.79,62.3,62.68,65.43,59.65,64.18,63.42,56.09
2016-07-25 13:49:00-05:00,424.01273,449.81787,571966,43.99,0.0,439.1,37.0,299.1,,,,,,,,,,,-2147484000.0,,,,-7999.0,-7999.0,-7999.0,-7999.0,-7999.0,-7999.0,-7999.0,-7999.0,38.98,62.43,412.5,114.0,116.2,113.6,60.0,59.9,74.7,0.0,273.6,273.0,275.1,93.5,6.526,93.8,618.0,1440174.0,42565.0,133154.0,0.998,0.979,0.748,0.921,46.28,44.77,46.36,46.51,42.46,46.29,42.36,13.78,13.35,13.81,13.86,12.68,13.78,12.62,52891.0,53691.0,53146.0,52981.0,53977.0,51355.0,46732.0,,0.0,0.0,,,2.0,-1.0,13.28,-0.008,0.24,3.0,2.0,0.0,0.001,62.96,61.57,62.09,61.81,62.27,65.03,58.86,63.54,62.57,56.16
2016-07-25 13:50:00-05:00,257.80545,273.29788,571967,44.04,0.0,270.0,36.29,301.8,,,,,,,,,,,-2147484000.0,,,,-7999.0,-7999.0,-7999.0,-7999.0,-7999.0,-7999.0,-7999.0,-7999.0,37.56,59.63,249.6,68.19,70.37,67.69,60.0,59.9,74.7,0.0,273.2,272.6,275.0,56.04,0.773,56.06,618.0,1440175.0,42565.0,133154.0,0.4,0.979,0.748,0.921,27.44,27.42,27.83,27.49,27.28,27.68,24.55,8.27,8.27,8.39,8.29,8.22,8.34,7.401,52891.0,53691.0,53146.0,52982.0,53977.0,51355.0,46732.0,,0.0,0.0,,,2.0,-1.0,13.29,0.014,0.236,3.0,2.0,0.0,0.001,59.88,59.47,60.2,59.98,60.17,63.08,57.23,61.74,60.46,56.19
2016-07-25 13:51:00-05:00,262.0824,278.45337,571968,44.07,0.0,286.2,35.84,296.5,,,,,,,,,,,-2147484000.0,,,,-7999.0,-7999.0,-7999.0,-7999.0,-7999.0,-7999.0,-7999.0,-7999.0,36.62,56.89,262.9,71.15,73.42,70.73,60.0,59.9,74.7,0.0,273.1,272.5,275.0,58.49,1.123,58.52,618.0,1440176.0,42565.0,133154.0,0.7,0.979,0.748,0.921,28.68,30.2,30.13,30.98,33.25,28.66,27.74,8.51,8.96,8.93,9.19,9.86,8.5,8.23,52892.0,53691.0,53146.0,52982.0,53977.0,51355.0,46732.0,1.885,254.0,18.25,2.7,3.512,2.0,-1.0,13.29,0.018,0.236,3.0,2.0,0.0,0.001,57.39,57.26,57.56,57.77,57.84,60.36,55.21,58.61,58.22,56.19
2016-07-25 13:52:00-05:00,539.6094,573.7742,571969,44.07,0.0,570.6,35.89,296.6,,,,,,,,,,,-2147484000.0,,,,-7999.0,-7999.0,-7999.0,-7999.0,-7999.0,-7999.0,-7999.0,-7999.0,36.69,56.54,531.5,148.2,149.9,147.9,60.0,59.9,74.7,0.0,273.0,272.3,275.0,121.2,10.86,121.7,618.0,1440178.0,42565.0,133154.0,0.996,0.979,0.748,0.921,60.24,59.28,61.67,62.36,58.09,61.16,56.94,17.83,17.56,18.27,18.48,17.23,18.11,16.87,52892.0,53692.0,53147.0,52982.0,53978.0,51355.0,46732.0,1.17,231.3,13.99,1.8,3.512,2.0,-1.0,13.29,0.02,0.241,3.0,2.0,0.0,0.001,57.17,56.04,56.93,56.76,57.18,59.32,54.74,57.76,57.23,56.19
2016-07-25 13:53:00-05:00,511.21512,540.5996,571970,44.07,0.0,554.1,36.08,298.9,,,,,,,,,,,-2147484000.0,,,,-7999.0,-7999.0,-7999.0,-7999.0,-7999.0,-7999.0,-7999.0,-7999.0,37.15,55.99,501.1,147.5,148.7,147.2,60.0,59.9,74.7,0.0,273.0,272.2,275.0,120.4,10.71,120.9,618.0,1440180.0,42565.0,133154.0,0.997,0.979,0.748,0.921,52.74,56.56,62.76,68.61,66.43,56.83,65.32,15.73,16.88,18.73,20.49,19.84,16.95,19.51,52892.0,53692.0,53147.0,52983.0,53978.0,51356.0,46733.0,,0.0,0.0,,,2.0,-1.0,13.29,0.021,0.238,3.0,2.0,0.0,0.0,56.47,55.37,56.17,56.18,56.82,58.6,54.09,57.16,56.36,56.19
2016-07-25 13:54:00-05:00,922.27814,971.6447,571971,44.07,0.0,971.0,36.53,300.4,,,,,,,,,,,-2147484000.0,,,,-7999.0,-7999.0,-7999.0,-7999.0,-7999.0,-7999.0,-7999.0,-7999.0,37.77,56.73,931.0,251.7,249.3,251.4,60.0,59.9,74.7,0.0,273.0,272.0,275.0,203.9,23.98,205.3,618.0,1440184.0,42565.0,133155.0,0.993,0.979,0.748,0.921,103.1,103.9,102.9,102.0,103.2,102.4,89.4,30.96,31.2,30.91,30.63,31.0,30.76,26.84,52893.0,53692.0,53147.0,52983.0,53979.0,51356.0,46733.0,,0.0,0.0,,,2.0,-1.0,13.29,0.022,0.246,3.0,2.0,0.0,0.0,57.53,56.02,57.37,56.89,57.45,59.69,54.87,58.6,57.18,56.25
2016-07-25 13:55:00-05:00,900.65576,945.8672,571972,44.02,0.0,944.0,36.94,303.9,,,,,,,,,,,-2147484000.0,,,,-7999.0,-7999.0,-7999.0,-7999.0,-7999.0,-7999.0,-7999.0,-7999.0,38.51,57.26,905.0,243.6,242.0,243.1,60.0,59.9,74.7,0.0,273.0,272.0,274.9,197.4,23.14,198.7,618.0,1440187.0,42565.0,133155.0,0.993,0.979,0.748,0.921,98.4,99.2,98.1,97.4,99.1,97.6,85.5,29.88,30.15,29.81,29.59,30.12,29.64,25.99,52893.0,53693.0,53148.0,52984.0,53979.0,51357.0,46734.0,,0.0,0.0,,,2.0,-1.0,13.29,0.022,0.246,3.0,2.0,0.0,0.0,58.5,56.85,58.53,57.61,58.25,60.59,55.35,59.71,58.39,56.3
2016-07-25 13:56:00-05:00,862.7572,904.39905,571973,44.02,0.0,904.0,36.79,305.8,,,,,,,,,,,-2147484000.0,,,,-7999.0,-7999.0,-7999.0,-7999.0,-7999.0,-7999.0,-7999.0,-7999.0,38.26,57.14,865.0,232.6,231.8,231.8,60.0,59.9,74.7,0.0,273.0,272.0,275.0,188.7,21.77,189.9,618.0,1440190.0,42565.0,133155.0,0.993,0.979,0.748,0.921,93.7,94.4,93.2,92.4,94.2,92.8,81.3,28.64,28.87,28.49,28.26,28.8,28.37,24.87,52894.0,53693.0,53148.0,52984.0,53980.0,51357.0,46734.0,,0.0,0.0,,,2.5,-1.0,13.29,0.022,0.246,3.0,2.0,0.0,0.0,58.58,57.17,59.07,58.0,58.35,60.94,55.5,60.12,58.93,56.39
2016-07-25 13:57:00-05:00,821.7697,863.82745,571974,44.02,0.0,860.0,36.6,302.1,,,,,,,,,,,-2147484000.0,,,,-7999.0,-7999.0,-7999.0,-7999.0,-7999.0,-7999.0,-7999.0,-7999.0,37.99,57.66,817.0,222.0,221.9,221.3,60.0,59.9,74.7,0.0,273.0,272.0,275.0,180.3,20.41,181.5,618.0,1440193.0,42565.0,133156.0,0.994,0.979,0.748,0.921,90.0,90.5,90.2,89.6,90.4,89.9,78.89,27.18,27.32,27.25,27.06,27.29,27.15,23.83,52894.0,53694.0,53149.0,52984.0,53980.0,51358.0,46734.0,,0.0,0.0,,,2.0,-1.0,13.29,0.022,0.245,3.0,2.0,0.0,0.0,58.63,57.63,59.37,58.46,58.69,61.32,55.71,60.4,59.53,56.48
2016-07-25 13:58:00-05:00,836.2638,878.84564,571975,44.02,0.0,880.0,37.33,297.8,,,,,,,,,,,-2147484000.0,,,,-7999.0,-7999.0,-7999.0,-7999.0,-7999.0,-7999.0,-7999.0,-7999.0,38.65,58.46,851.0,227.1,226.5,226.4,60.0,59.9,74.7,0.0,273.2,272.3,275.0,184.5,20.98,185.7,618.0,1440196.0,42565.0,133156.0,0.994,0.979,0.748,0.921,94.0,95.1,93.7,93.1,94.8,93.1,82.3,27.99,28.31,27.9,27.73,28.22,27.72,24.49,52894.0,53694.0,53149.0,52985.0,53980.0,51358.0,46735.0,,0.0,0.0,,,2.5,-1.0,13.29,0.022,0.245,3.0,2.0,0.0,0.0,59.43,58.3,60.01,58.88,59.14,61.94,56.55,61.07,60.14,56.48
2016-07-25 13:59:00-05:00,780.1882,822.69543,571976,44.03,0.0,813.0,37.15,296.7,,,,,,,,,,,-2147484000.0,,,,-7999.0,-7999.0,-7999.0,-7999.0,-7999.0,-7999.0,-7999.0,-7999.0,38.26,58.58,809.0,212.7,212.6,212.2,60.0,59.9,74.7,0.0,273.1,272.5,275.0,172.0,18.98,173.0,618.0,1440199.0,42565.0,133156.0,0.994,0.979,0.748,0.921,89.1,89.0,86.7,86.0,85.6,86.9,76.32,26.43,26.4,25.7,25.52,25.4,25.76,22.64,52895.0,53695.0,53150.0,52985.0,53981.0,51358.0,46735.0,,0.0,0.0,,,2.0,-1.0,13.29,0.022,0.246,3.0,2.0,0.0,0.0,59.78,58.92,60.67,59.23,59.61,62.42,56.88,61.59,60.91,56.57
2016-07-25 14:00:00-05:00,848.26306,890.9498,571977,44.07,0.0,899.0,37.71,297.8,,,,,,,,,,,-2147484000.0,,,,-7999.0,-7999.0,-7999.0,-7999.0,-7999.0,-7999.0,-7999.0,-7999.0,39.06,58.28,886.0,231.7,230.6,231.2,60.0,59.9,74.7,0.0,273.2,272.4,275.1,188.8,21.59,190.0,618.0,1440202.0,42565.0,133157.0,0.994,0.979,0.748,0.921,94.1,97.7,95.7,96.4,98.9,93.5,86.1,27.99,29.07,28.49,28.69,29.45,27.82,25.64,52895.0,53695.0,53150.0,52986.0,53981.0,51359.0,46736.0,,0.0,0.0,,,2.0,-1.0,13.29,0.022,0.245,3.0,2.0,0.0,0.0,59.81,58.8,60.46,58.77,58.86,61.82,56.1,61.34,60.76,56.58
2016-07-25 14:01:00-05:00,901.3686,948.1087,571978,44.07,0.0,947.0,38.57,298.0,,,,,,,,,,,-2147484000.0,,,,-7999.0,-7999.0,-7999.0,-7999.0,-7999.0,-7999.0,-7999.0,-7999.0,40.3,59.25,906.0,242.0,240.3,241.5,60.0,59.9,74.7,0.0,273.0,272.2,275.0,196.4,22.82,197.7,618.0,1440206.0,42565.0,133157.0,0.993,0.979,0.748,0.921,99.7,100.4,99.7,99.0,100.5,99.1,87.2,29.71,29.9,29.71,29.5,29.96,29.53,25.97,52896.0,53696.0,53151.0,52986.0,53982.0,51359.0,46736.0,,0.0,0.0,,,2.0,-1.0,13.29,0.022,0.246,3.0,2.0,0.0,0.0,60.55,58.72,60.73,59.01,59.09,61.93,56.39,61.53,60.86,56.58
2016-07-25 14:02:00-05:00,889.48816,935.78033,571979,44.1,0.0,935.0,38.92,298.1,,,,,,,,,,,-2147484000.0,,,,-7999.0,-7999.0,-7999.0,-7999.0,-7999.0,-7999.0,-7999.0,-7999.0,40.76,60.33,894.0,238.1,236.7,237.6,60.0,59.9,74.7,0.0,273.0,272.3,275.0,193.3,22.33,194.6,618.0,1440209.0,42565.0,133158.0,0.993,0.979,0.748,0.921,98.1,98.8,98.3,97.4,98.8,97.7,85.9,29.25,29.44,29.29,29.02,29.45,29.12,25.61,52896.0,53696.0,53151.0,52987.0,53982.0,51360.0,46737.0,,0.0,0.0,,,2.5,-1.0,13.29,0.022,0.246,3.0,2.0,0.0,0.0,61.46,59.13,61.58,59.97,60.09,63.13,57.35,62.23,61.37,56.58
2016-07-25 14:03:00-05:00,889.60693,935.78033,571980,44.12,0.0,935.0,38.09,296.6,,,,,,,,,,,-2147484000.0,,,,-7999.0,-7999.0,-7999.0,-7999.0,-7999.0,-7999.0,-7999.0,-7999.0,39.37,60.11,897.0,237.8,236.4,237.2,60.0,59.9,74.7,0.0,273.2,272.8,275.0,193.1,22.3,194.4,618.0,1440212.0,42565.0,133158.0,0.993,0.979,0.748,0.921,98.7,99.4,98.5,97.6,99.3,98.1,86.2,29.26,29.47,29.22,28.95,29.44,29.1,25.56,52897.0,53697.0,53152.0,52987.0,53983.0,51360.0,46737.0,,0.0,0.0,,,2.0,-1.0,13.29,0.022,0.246,3.0,2.0,0.0,0.0,61.33,59.75,61.97,60.41,60.42,63.24,57.81,62.51,61.59,56.58
2016-07-25 14:04:00-05:00,877.7265,924.57275,571981,44.14,0.0,921.0,37.45,297.2,,,,,,,,,,,-2147484000.0,,,,-7999.0,-7999.0,-7999.0,-7999.0,-7999.0,-7999.0,-7999.0,-7999.0,38.77,59.96,870.0,233.7,232.5,233.0,60.0,59.9,74.7,0.0,273.5,273.0,275.0,189.9,21.79,191.2,618.0,1440215.0,42565.0,133158.0,0.993,0.979,0.748,0.921,95.3,96.5,97.2,96.6,97.9,96.5,85.1,28.32,28.68,28.87,28.7,29.09,28.69,25.29,52897.0,53697.0,53152.0,52988.0,53983.0,51361.0,46738.0,,0.0,0.0,,,2.0,-1.0,13.29,0.022,0.246,3.0,2.0,0.0,0.0,61.16,59.41,62.21,60.46,60.32,63.35,57.88,62.54,61.96,56.58
2016-07-25 14:05:00-05:00,807.39435,851.1628,571982,44.18,0.0,848.0,36.81,296.7,,,,,,,,,,,-2147484000.0,,,,-7999.0,-7999.0,-7999.0,-7999.0,-7999.0,-7999.0,-7999.0,-7999.0,37.99,58.8,820.0,219.1,218.9,218.5,60.0,59.9,74.7,0.0,273.6,273.0,275.0,178.4,19.95,179.5,618.0,1440218.0,42565.0,133159.0,0.994,0.979,0.748,0.921,88.4,89.9,91.2,92.1,90.9,89.5,82.9,26.21,26.67,27.06,27.31,26.97,26.55,24.59,52898.0,53697.0,53152.0,52988.0,53984.0,51361.0,46738.0,,0.0,0.0,,,2.0,-1.0,13.29,0.023,0.245,3.0,2.0,0.0,0.0,60.11,59.13,62.0,60.59,60.43,63.36,57.74,62.76,62.07,56.58
2016-07-25 14:06:00-05:00,712.9449,751.52704,571983,44.2,0.0,740.9,37.34,297.2,,,,,,,,,,,-2147484000.0,,,,-7999.0,-7999.0,-7999.0,-7999.0,-7999.0,-7999.0,-7999.0,-7999.0,39.03,59.17,737.2,185.6,186.8,185.2,60.0,59.9,74.7,0.0,273.1,273.0,275.0,151.5,15.69,152.3,618.0,1440221.0,42565.0,133159.0,0.995,0.979,0.748,0.921,80.9,80.6,75.44,72.61,76.22,77.28,61.8,24.01,23.93,22.39,21.55,22.63,22.93,18.35,52898.0,53698.0,53153.0,52989.0,53984.0,51362.0,46738.0,,0.0,0.0,,,2.0,-1.0,13.29,0.023,0.244,3.0,2.0,0.0,0.0,60.23,59.31,62.12,60.29,60.07,63.26,57.46,62.82,62.17,56.58
2016-07-25 14:07:00-05:00,810.9585,847.2401,571984,44.23,0.0,854.0,37.12,299.4,,,,,,,,,,,-2147484000.0,,,,-7999.0,-7999.0,-7999.0,-7999.0,-7999.0,-7999.0,-7999.0,-7999.0,38.61,58.27,848.0,217.4,217.3,216.7,60.0,59.9,74.7,0.0,273.1,272.8,275.0,176.9,19.71,178.0,618.0,1440224.0,42565.0,133159.0,0.994,0.979,0.748,0.921,89.5,92.8,88.5,88.5,92.9,86.8,78.49,26.77,27.77,26.47,26.49,27.81,25.96,23.48,52898.0,53698.0,53153.0,52989.0,53984.0,51362.0,46739.0,,0.0,0.0,,,2.0,-1.0,13.29,0.023,0.244,3.0,2.0,0.0,0.0,59.37,59.12,61.59,60.04,59.72,63.05,57.08,62.49,61.7,56.53
2016-07-25 14:08:00-05:00,809.8892,847.016,571985,44.23,0.0,842.0,37.46,299.9,,,,,,,,,,,-2147484000.0,,,,-7999.0,-7999.0,-7999.0,-7999.0,-7999.0,-7999.0,-7999.0,-7999.0,39.09,58.22,796.7,216.5,216.7,215.8,60.0,59.9,74.7,0.0,273.0,272.1,275.0,176.0,19.59,177.1,618.0,1440227.0,42565.0,133160.0,0.994,0.979,0.748,0.921,87.5,88.6,89.0,88.6,89.5,88.5,78.5,26.25,26.56,26.69,26.56,26.83,26.53,23.54,52899.0,53699.0,53154.0,52989.0,53985.0,51362.0,46739.0,,0.0,0.0,,,2.0,-1.0,13.29,0.023,0.245,3.0,2.0,0.0,0.0,59.28,58.88,61.47,60.09,59.52,63.08,56.74,62.7,61.77,56.48
2016-07-25 14:09:00-05:00,650.0974,681.0311,571986,44.25,0.0,668.5,37.45,298.1,,,,,,,,,,,-2147484000.0,,,,-7999.0,-7999.0,-7999.0,-7999.0,-7999.0,-7999.0,-7999.0,-7999.0,38.96,58.07,618.0,169.8,171.2,169.2,60.0,59.9,74.7,0.0,273.0,272.0,274.6,138.3,13.67,139.0,618.0,1440229.0,42565.0,133160.0,0.996,0.979,0.748,0.921,71.48,69.55,69.83,68.05,67.26,71.03,58.78,21.28,20.71,20.79,20.26,20.03,21.15,17.5,52899.0,53699.0,53154.0,52990.0,53985.0,51363.0,46740.0,,0.0,0.0,,,2.0,-1.0,13.29,0.023,0.243,3.0,2.0,0.0,0.0,59.01,58.87,61.25,59.72,59.62,62.85,56.7,62.56,61.62,56.48
2016-07-25 14:10:00-05:00,515.9673,536.5649,571987,44.28,0.0,546.6,36.95,298.7,,,,,,,,,,,-2147484000.0,,,,-7999.0,-7999.0,-7999.0,-7999.0,-7999.0,-7999.0,-7999.0,-7999.0,37.91,56.43,556.1,140.1,142.1,139.6,60.0,59.9,74.7,0.0,273.0,272.0,275.0,114.5,9.86,115.0,618.0,1440231.0,42565.0,133160.0,0.997,0.979,0.748,0.921,57.13,61.04,57.3,57.76,62.94,55.46,51.08,17.01,18.18,17.06,17.2,18.74,16.51,15.21,52900.0,53700.0,53154.0,52990.0,53986.0,51363.0,46740.0,2.125,227.8,24.95,3.5,3.513,2.0,-1.0,13.29,0.023,0.239,3.0,2.0,0.0,0.0,57.23,58.1,59.61,58.33,58.56,61.51,55.53,61.01,60.18,56.48
2016-07-25 14:11:00-05:00,662.6907,691.5663,571988,44.28,0.0,688.1,36.67,300.5,,,,,,,,,,,-2147484000.0,,,,-7999.0,-7999.0,-7999.0,-7999.0,-7999.0,-7999.0,-7999.0,-7999.0,37.33,56.15,650.7,180.0,181.9,179.5,60.0,59.9,74.7,0.0,273.0,272.0,274.9,146.8,14.97,147.5,618.0,1440233.0,42565.0,133160.0,0.995,0.979,0.748,0.921,73.55,73.16,73.53,73.19,72.62,73.49,64.45,22.1,21.98,22.09,21.99,21.82,22.08,19.36,52900.0,53700.0,53155.0,52991.0,53986.0,51364.0,46740.0,,0.0,0.0,,,2.5,-1.0,13.29,0.023,0.242,3.0,2.0,0.0,0.0,56.91,57.04,59.13,57.67,58.02,59.82,55.87,59.22,59.34,56.48
2016-07-25 14:12:00-05:00,378.03546,393.33148,571989,44.25,0.0,389.0,36.29,301.7,,,,,,,,,,,-2147484000.0,,,,-7999.0,-7999.0,-7999.0,-7999.0,-7999.0,-7999.0,-7999.0,-7999.0,36.84,54.57,350.5,100.0,102.5,99.7,60.0,59.9,74.7,0.0,273.0,272.0,274.8,82.0,4.751,82.2,618.0,1440235.0,42565.0,133160.0,0.998,0.979,0.748,0.921,40.52,40.07,41.17,40.84,40.53,41.21,35.54,12.19,12.06,12.39,12.29,12.2,12.39,10.7,52900.0,53700.0,53155.0,52991.0,53986.0,51364.0,46740.0,,0.0,0.0,,,2.5,-1.0,13.29,0.023,0.238,3.0,2.0,0.0,0.0,55.43,55.82,57.64,56.65,56.72,58.64,54.87,57.15,58.04,56.39
2016-07-25 14:13:00-05:00,242.36087,252.56375,571990,44.23,0.0,247.7,35.96,305.3,,,,,,,,,,,-2147484000.0,,,,-7999.0,-7999.0,-7999.0,-7999.0,-7999.0,-7999.0,-7999.0,-7999.0,36.68,52.66,226.2,63.75,66.03,63.26,60.0,59.9,74.7,0.0,273.0,272.0,274.9,52.33,0.309,52.34,618.0,1440235.0,42565.0,133160.0,-0.1,0.979,0.748,0.921,25.64,25.27,25.96,25.65,24.98,25.97,22.66,7.805,7.694,7.901,7.805,7.608,7.9,6.895,52901.0,53700.0,53155.0,52991.0,53987.0,51364.0,46740.0,2.752,217.4,8.79,4.2,3.513,2.0,-1.0,13.29,0.023,0.236,3.0,2.0,0.0,0.0,53.41,54.07,55.32,54.98,54.57,57.19,52.95,55.88,56.26,56.39
2016-07-25 14:14:00-05:00,198.04686,207.84535,571991,44.2,0.0,207.3,35.97,303.3,,,,,,,,,,,-2147484000.0,,,,-7999.0,-7999.0,-7999.0,-7999.0,-7999.0,-7999.0,-7999.0,-7999.0,36.69,51.41,197.2,52.77,55.13,52.26,60.0,59.9,74.7,0.0,273.0,272.0,274.9,43.33,-0.969,43.35,618.0,1440236.0,42565.0,133160.0,-1.0,0.979,0.748,0.921,21.33,21.82,21.57,21.44,22.04,21.13,18.98,6.469,6.618,6.541,6.502,6.683,6.408,5.754,52901.0,53700.0,53155.0,52991.0,53987.0,51364.0,46740.0,2.187,224.1,12.31,2.8,3.513,2.0,-1.0,13.29,0.023,0.235,3.0,2.0,0.0,0.0,51.87,52.56,53.33,53.21,52.91,55.21,51.36,53.89,54.15,56.39
2016-07-25 14:15:00-05:00,236.53947,248.86523,571992,44.15,0.0,253.2,35.85,296.2,,,,,,,,,,,-2147484000.0,,,,-7999.0,-7999.0,-7999.0,-7999.0,-7999.0,-7999.0,-7999.0,-7999.0,36.36,50.12,247.7,64.35,66.77,63.93,60.0,59.9,74.7,0.0,272.8,272.0,274.4,52.85,0.427,52.87,618.0,1440237.0,42565.0,133160.0,-0.2,0.979,0.748,0.921,26.14,27.71,26.81,27.06,28.57,26.04,24.02,7.743,8.21,7.941,8.02,8.46,7.715,7.115,52901.0,53701.0,53155.0,52991.0,53987.0,51364.0,46741.0,,0.0,0.0,,,2.0,-1.0,13.29,0.023,0.235,3.0,2.0,0.0,0.0,50.48,51.34,51.66,51.59,51.53,53.75,49.94,52.31,52.28,56.39
2016-07-25 14:16:00-05:00,491.96884,515.2704,571993,44.11,0.0,521.8,35.63,296.6,,,,,,,,,,,-2147484000.0,,,,-7999.0,-7999.0,-7999.0,-7999.0,-7999.0,-7999.0,-7999.0,-7999.0,36.0,49.08,519.7,137.6,140.2,137.4,60.0,59.9,74.7,0.0,272.9,272.0,274.0,112.6,9.61,113.0,618.0,1440239.0,42565.0,133160.0,0.997,0.979,0.748,0.921,57.18,58.99,57.54,57.73,60.0,56.72,50.03,16.95,17.49,17.06,17.12,17.79,16.81,14.83,52901.0,53701.0,53156.0,52991.0,53987.0,51364.0,46741.0,2.332,221.5,16.99,3.6,3.513,2.0,-1.0,13.29,0.023,0.238,3.0,2.0,0.0,0.0,49.68,50.33,50.89,50.72,50.66,52.98,49.06,52.02,51.6,56.39
2016-07-25 14:17:00-05:00,484.72174,507.98544,571994,44.04,0.0,496.1,35.41,299.6,,,,,,,,,,,-2147484000.0,,,,-7999.0,-7999.0,-7999.0,-7999.0,-7999.0,-7999.0,-7999.0,-7999.0,35.86,49.11,449.3,130.1,132.5,129.9,60.0,59.9,74.7,0.0,272.8,271.9,274.1,106.4,8.75,106.8,618.0,1440241.0,42565.0,133161.0,0.997,0.979,0.748,0.921,53.85,52.16,54.5,52.55,51.53,55.71,43.15,16.07,15.56,16.26,15.68,15.38,16.62,12.88,52901.0,53701.0,53156.0,52992.0,53987.0,51365.0,46741.0,2.447,230.6,14.62,4.0,3.514,2.0,-1.0,13.29,0.023,0.24,3.0,2.0,0.0,0.0,49.8,50.27,51.12,50.89,50.68,53.34,49.22,52.14,51.82,56.39
2016-07-25 14:18:00-05:00,273.0124,283.16055,571995,43.98,0.0,282.2,35.38,309.3,,,,,,,,,,,-2147484000.0,,,,-7999.0,-7999.0,-7999.0,-7999.0,-7999.0,-7999.0,-7999.0,-7999.0,35.86,48.21,270.0,75.49,77.84,75.08,60.0,59.9,74.7,0.0,272.0,271.0,274.0,61.84,1.732,61.86,618.0,1440242.0,42565.0,133161.0,1.0,0.979,0.748,0.921,29.56,30.24,29.97,30.17,31.01,29.38,26.63,9.14,9.35,9.26,9.33,9.58,9.08,8.23,52901.0,53701.0,53156.0,52992.0,53988.0,51365.0,46741.0,2.165,212.2,17.26,3.5,3.513,2.0,-1.0,13.29,0.023,0.236,3.0,2.0,0.0,0.0,48.73,49.51,50.23,50.21,50.1,52.55,48.17,51.51,51.04,56.45
2016-07-25 14:19:00-05:00,552.6778,573.1017,571996,43.91,0.0,575.8,35.32,298.4,,,,,,,,,,,-2147484000.0,,,,-7999.0,-7999.0,-7999.0,-7999.0,-7999.0,-7999.0,-7999.0,-7999.0,35.77,48.01,591.7,157.2,159.5,157.0,60.0,59.9,74.7,0.0,272.0,271.0,273.9,128.1,12.11,128.7,618.0,1440244.0,42565.0,133161.0,0.996,0.979,0.748,0.921,64.14,66.24,64.28,65.55,67.82,62.29,57.87,19.13,19.75,19.17,19.54,20.22,18.57,17.26,52902.0,53702.0,53157.0,52992.0,53988.0,51365.0,46741.0,1.912,227.4,15.95,3.0,3.512,2.0,-1.0,13.29,0.024,0.239,3.0,2.0,0.0,0.0,48.62,49.01,49.72,49.64,49.42,52.14,47.96,50.92,50.59,56.48
2016-07-25 14:20:00-05:00,620.99036,643.4856,571997,43.84,0.0,643.4,35.51,300.1,,,,,,,,,,,-2147484000.0,,,,-7999.0,-7999.0,-7999.0,-7999.0,-7999.0,-7999.0,-7999.0,-7999.0,35.96,48.97,633.8,175.3,177.4,175.1,60.0,59.9,74.7,0.0,272.0,271.0,273.8,142.5,14.45,143.3,618.0,1440246.0,42565.0,133161.0,0.995,0.979,0.748,0.921,71.95,72.77,71.67,71.54,72.21,71.27,62.46,21.58,21.83,21.5,21.46,21.66,21.38,18.73,52902.0,53702.0,53157.0,52993.0,53988.0,51366.0,46742.0,,0.0,0.0,,,2.0,-1.0,13.29,0.023,0.241,3.0,2.0,0.0,0.0,49.74,49.57,50.44,50.18,50.13,52.73,48.84,51.32,51.26,56.53
2016-07-25 14:21:00-05:00,645.82043,668.59064,571998,43.78,0.0,664.7,35.85,298.6,,,,,,,,,,,-2147484000.0,,,,-7999.0,-7999.0,-7999.0,-7999.0,-7999.0,-7999.0,-7999.0,-7999.0,36.27,49.67,641.9,179.8,181.8,179.5,60.0,59.9,74.7,0.0,272.0,271.0,273.9,146.2,15.1,147.0,618.0,1440249.0,42565.0,133161.0,0.995,0.979,0.748,0.921,73.8,74.03,73.89,73.8,74.02,73.64,63.96,22.03,22.1,22.06,22.03,22.1,21.98,19.09,52903.0,53703.0,53157.0,52993.0,53989.0,51366.0,46742.0,1.618,227.9,25.2,2.5,3.51,2.0,-1.0,13.29,0.023,0.241,3.0,2.0,0.0,0.0,50.61,50.34,51.31,50.91,50.81,53.43,49.62,52.2,52.08,56.59
2016-07-25 14:22:00-05:00,656.63165,679.6862,571999,43.71,0.0,676.6,36.15,298.2,,,,,,,,,,,-2147484000.0,,,,-7999.0,-7999.0,-7999.0,-7999.0,-7999.0,-7999.0,-7999.0,-7999.0,36.88,50.26,661.2,183.5,185.5,183.2,60.0,59.9,74.7,0.0,271.8,271.0,273.4,149.1,15.63,149.9,618.0,1440251.0,42565.0,133162.0,0.995,0.979,0.748,0.921,74.98,75.52,75.57,75.83,75.66,75.06,66.16,22.35,22.52,22.53,22.61,22.56,22.38,19.73,52903.0,53703.0,53158.0,52994.0,53989.0,51367.0,46742.0,2.178,203.1,11.3,3.6,3.513,2.0,-1.0,13.29,0.023,0.242,3.0,2.0,0.0,0.0,51.3,50.86,52.02,51.54,51.21,53.99,49.76,53.01,52.68,56.6
2016-07-25 14:23:00-05:00,749.89307,775.8476,572000,43.67,0.0,772.2,36.29,297.7,,,,,,,,,,,-2147484000.0,,,,-7999.0,-7999.0,-7999.0,-7999.0,-7999.0,-7999.0,-7999.0,-7999.0,37.18,51.3,751.6,207.4,208.0,207.0,60.0,59.9,74.7,0.0,271.8,271.0,273.5,168.0,18.6,169.0,618.0,1440254.0,42565.0,133162.0,0.994,0.979,0.748,0.921,85.1,85.6,85.5,85.4,85.7,84.8,74.09,25.33,25.5,25.45,25.42,25.5,25.23,22.05,52903.0,53703.0,53158.0,52994.0,53990.0,51367.0,46743.0,,0.0,0.0,,,2.0,-1.0,13.29,0.024,0.243,3.0,2.0,0.0,0.0,52.28,51.72,52.63,52.13,51.67,54.69,50.21,53.92,53.43,56.6
2016-07-25 14:24:00-05:00,667.0864,685.96246,572001,43.61,0.0,684.8,36.71,300.8,,,,,,,,,,,-2147484000.0,,,,-7999.0,-7999.0,-7999.0,-7999.0,-7999.0,-7999.0,-7999.0,-7999.0,37.82,52.17,698.9,184.5,185.7,184.3,60.0,59.9,74.7,0.0,271.6,271.0,273.2,149.7,15.64,150.5,618.0,1440256.0,42565.0,133162.0,0.995,0.979,0.748,0.921,76.74,77.84,75.04,74.15,75.07,74.79,63.94,23.05,23.4,22.54,22.28,22.58,22.46,19.21,52904.0,53704.0,53159.0,52994.0,53990.0,51367.0,46743.0,,0.0,0.0,,,2.0,-1.0,13.29,0.023,0.242,3.0,2.0,0.0,0.0,53.19,52.57,53.46,52.68,52.42,55.31,50.86,54.72,54.23,56.6
2016-07-25 14:25:00-05:00,705.1038,723.9563,572002,43.58,0.0,720.0,36.88,306.5,,,,,,,,,,,-2147484000.0,,,,-7999.0,-7999.0,-7999.0,-7999.0,-7999.0,-7999.0,-7999.0,-7999.0,38.34,53.01,733.0,186.3,187.8,185.9,60.0,59.9,74.7,0.0,271.1,271.0,273.0,151.1,15.78,151.9,618.0,1440259.0,42565.0,133162.0,0.995,0.979,0.748,0.921,79.03,81.2,72.54,69.26,79.08,73.75,56.45,24.2,24.86,22.2,21.2,24.22,22.57,17.27,52904.0,53704.0,53159.0,52995.0,53990.0,51368.0,46743.0,,0.0,0.0,,,2.0,-1.0,13.29,0.024,0.243,3.0,2.0,0.0,0.0,54.01,53.05,54.18,53.27,53.18,56.03,51.4,55.51,54.85,56.51
2016-07-25 14:26:00-05:00,728.6271,749.2855,572003,43.55,0.0,744.9,36.81,304.8,,,,,,,,,,,-2147484000.0,,,,-7999.0,-7999.0,-7999.0,-7999.0,-7999.0,-7999.0,-7999.0,-7999.0,38.37,53.57,729.5,197.4,198.5,196.8,60.0,59.9,74.7,0.0,271.9,271.0,273.9,160.1,17.2,161.1,618.0,1440262.0,42565.0,133163.0,0.994,0.979,0.748,0.921,80.6,81.7,78.72,77.74,81.1,78.7,66.76,24.54,24.88,23.98,23.68,24.71,23.97,20.33,52905.0,53705.0,53160.0,52995.0,53991.0,51368.0,46744.0,,0.0,0.0,,,2.0,-1.0,13.29,0.023,0.243,3.0,2.0,0.0,0.0,54.63,53.49,54.84,53.89,53.83,56.65,51.98,56.05,55.55,56.47
2016-07-25 14:27:00-05:00,648.67175,666.7974,572004,43.51,0.0,661.5,37.04,313.7,,,,,,,,,,,-2147484000.0,,,,-7999.0,-7999.0,-7999.0,-7999.0,-7999.0,-7999.0,-7999.0,-7999.0,38.5,54.29,635.2,176.7,178.7,176.2,60.0,59.9,74.7,0.0,272.0,271.0,273.9,143.7,14.54,144.4,618.0,1440264.0,42565.0,133163.0,0.995,0.979,0.748,0.921,68.59,69.39,69.11,68.66,69.0,68.7,60.52,21.5,21.75,21.66,21.52,21.63,21.53,18.97,52905.0,53705.0,53160.0,52996.0,53991.0,51369.0,46744.0,1.383,159.1,19.7,2.3,3.513,2.0,-1.0,13.29,0.024,0.242,3.0,2.0,0.0,0.0,55.22,54.32,55.54,54.64,54.62,57.37,52.76,56.78,56.14,56.41
2016-07-25 14:28:00-05:00,627.40576,644.3822,572005,43.51,0.0,641.9,37.74,312.7,,,,,,,,,,,-2147484000.0,,,,-7999.0,-7999.0,-7999.0,-7999.0,-7999.0,-7999.0,-7999.0,-7999.0,39.41,54.78,620.4,171.0,173.2,170.5,60.0,59.9,74.7,0.0,272.0,271.0,274.0,139.1,13.8,139.8,618.0,1440266.0,42565.0,133163.0,0.995,0.979,0.748,0.921,66.91,67.83,67.31,66.59,67.85,66.7,58.95,20.9,21.19,21.02,20.8,21.2,20.83,18.42,52906.0,53706.0,53160.0,52996.0,53992.0,51369.0,46744.0,,0.0,0.0,,,2.0,-1.0,13.29,0.024,0.241,3.0,2.0,0.0,0.0,55.72,54.68,55.81,54.83,54.52,57.53,52.94,56.99,56.35,56.33
2016-07-25 14:29:00-05:00,761.2983,785.26196,572006,43.51,0.0,782.3,37.98,299.5,,,,,,,,,,,-2147484000.0,,,,-7999.0,-7999.0,-7999.0,-7999.0,-7999.0,-7999.0,-7999.0,-7999.0,39.72,55.59,757.9,207.7,208.3,207.1,60.0,59.9,74.7,0.0,271.7,271.0,273.6,168.2,18.5,169.2,618.0,1440269.0,42565.0,133163.0,0.994,0.979,0.748,0.921,84.8,85.5,84.9,84.9,85.9,84.4,73.99,25.37,25.6,25.42,25.4,25.7,25.25,22.14,52906.0,53706.0,53161.0,52996.0,53992.0,51369.0,46744.0,,0.0,0.0,,,2.0,-1.0,13.29,0.024,0.243,3.0,2.0,0.0,0.0,56.52,54.9,56.23,55.01,54.96,57.89,53.17,57.17,56.65,56.31
2016-07-25 14:30:00-05:00,744.3092,771.1404,572007,43.49,0.0,763.6,37.36,304.7,,,,,,,,,,,-2147484000.0,,,,-7999.0,-7999.0,-7999.0,-7999.0,-7999.0,-7999.0,-7999.0,-7999.0,38.87,56.36,732.7,202.8,203.7,202.2,60.0,59.9,74.7,0.0,271.1,271.0,273.1,164.2,17.87,165.2,618.0,1440272.0,42565.0,133164.0,0.994,0.979,0.748,0.921,81.2,81.6,81.6,81.1,81.7,81.2,71.09,24.71,24.85,24.83,24.68,24.87,24.71,21.64,52906.0,53706.0,53161.0,52997.0,53993.0,51370.0,46745.0,1.392,215.0,19.18,2.5,3.512,2.0,-1.0,13.29,0.024,0.243,3.0,2.0,0.0,0.0,57.21,55.52,56.65,55.54,55.55,58.3,53.79,57.22,57.29,56.21
2016-07-25 14:31:00-05:00,700.70807,728.43933,572008,43.48,0.0,719.3,36.77,307.2,,,,,,,,,,,-2147484000.0,,,,-7999.0,-7999.0,-7999.0,-7999.0,-7999.0,-7999.0,-7999.0,-7999.0,38.1,56.03,687.3,191.1,192.5,190.4,60.0,59.9,74.7,0.0,271.7,271.0,273.7,155.0,16.34,155.8,618.0,1440275.0,42565.0,133164.0,0.994,0.979,0.748,0.921,76.5,76.32,75.92,75.64,74.67,76.09,66.03,23.5,23.44,23.32,23.23,22.94,23.37,20.28,52907.0,53707.0,53162.0,52997.0,53993.0,51370.0,46745.0,1.84,245.7,46.96,4.4,3.513,2.0,-1.0,13.29,0.024,0.242,3.0,2.0,0.0,0.0,57.29,55.35,56.53,55.67,55.51,58.26,54.44,57.38,57.38,56.12
2016-07-25 14:32:00-05:00,671.9574,697.28217,572009,43.49,0.0,697.0,36.44,302.8,,,,,,,,,,,-2147484000.0,,,,-7999.0,-7999.0,-7999.0,-7999.0,-7999.0,-7999.0,-7999.0,-7999.0,36.97,54.76,640.8,182.5,184.1,182.0,60.0,59.9,74.7,0.0,271.4,270.8,273.3,148.0,15.28,148.8,618.0,1440277.0,42565.0,133164.0,0.995,0.979,0.748,0.921,71.87,72.69,74.75,75.54,76.1,73.5,66.78,21.7,21.95,22.58,22.83,23.0,22.2,20.19,52907.0,53707.0,53162.0,52998.0,53993.0,51371.0,46745.0,,0.0,0.0,,,2.0,-1.0,13.29,0.024,0.242,3.0,2.0,0.0,0.0,56.36,54.61,56.2,55.44,55.43,57.66,54.31,56.74,56.74,56.08
2016-07-25 14:33:00-05:00,694.88666,722.94763,572010,43.49,0.0,715.6,36.4,307.6,,,,,,,,,,,-2147484000.0,,,,-7999.0,-7999.0,-7999.0,-7999.0,-7999.0,-7999.0,-7999.0,-7999.0,37.39,55.55,684.2,189.7,191.2,189.0,60.0,59.9,74.7,0.0,271.1,270.9,273.1,153.7,16.25,154.6,618.0,1440280.0,42565.0,133165.0,0.994,0.979,0.748,0.921,75.19,75.71,75.3,74.71,75.63,75.01,65.53,23.11,23.26,23.14,22.96,23.24,23.05,20.14,52908.0,53708.0,53163.0,52998.0,53994.0,51371.0,46746.0,1.975,208.7,22.33,3.7,3.513,2.0,-1.0,13.29,0.024,0.242,3.0,2.0,0.0,0.0,56.62,55.25,56.66,56.05,56.09,58.37,54.67,57.66,56.89,56.02
2016-07-25 14:34:00-05:00,674.4523,700.53235,572011,43.49,0.0,699.8,36.56,311.4,,,,,,,,,,,-2147484000.0,,,,-7999.0,-7999.0,-7999.0,-7999.0,-7999.0,-7999.0,-7999.0,-7999.0,37.39,55.28,677.8,184.2,185.8,183.6,60.0,59.9,74.7,0.0,271.0,270.6,273.0,149.3,15.41,150.1,618.0,1440282.0,42565.0,133165.0,0.995,0.979,0.748,0.921,72.69,73.89,72.53,72.14,73.86,71.82,63.23,22.59,22.97,22.54,22.42,22.96,22.32,19.65,52908.0,53708.0,53163.0,52999.0,53994.0,51372.0,46746.0,2.282,231.5,27.47,4.6,3.513,2.0,-1.0,13.29,0.024,0.242,3.0,2.0,0.0,0.0,56.29,55.15,56.64,56.15,56.19,58.26,54.72,57.9,56.89,56.02
2016-07-25 14:35:00-05:00,758.9222,789.74506,572012,43.49,0.0,783.8,36.43,303.2,,,,,,,,,,,-2147484000.0,,,,-7999.0,-7999.0,-7999.0,-7999.0,-7999.0,-7999.0,-7999.0,-7999.0,37.17,55.0,754.5,207.4,208.0,206.7,60.0,59.9,74.7,0.0,271.0,270.9,273.0,167.7,18.39,168.7,618.0,1440285.0,42565.0,133165.0,0.994,0.979,0.748,0.921,83.1,84.2,83.5,83.1,84.1,82.9,72.53,25.19,25.53,25.32,25.19,25.5,25.12,21.98,52909.0,53709.0,53163.0,52999.0,53995.0,51372.0,46746.0,2.147,237.4,10.84,3.3,3.513,2.0,-1.0,13.29,0.024,0.243,3.0,2.0,0.0,0.0,56.25,55.04,56.61,56.24,56.02,58.27,55.03,57.47,57.09,56.02
2016-07-25 14:36:00-05:00,790.40533,820.79016,572013,43.47,0.0,817.0,36.47,303.7,,,,,,,,,,,-2147484000.0,,,,-7999.0,-7999.0,-7999.0,-7999.0,-7999.0,-7999.0,-7999.0,-7999.0,37.02,55.39,787.6,213.9,214.1,213.2,60.0,59.9,74.7,0.0,272.2,271.9,274.2,173.5,19.27,174.6,618.0,1440288.0,42565.0,133165.0,0.994,0.979,0.748,0.921,86.7,87.4,86.5,86.0,87.3,85.6,74.92,26.31,26.53,26.24,26.12,26.49,26.0,22.74,52909.0,53709.0,53164.0,52999.0,53995.0,51373.0,46747.0,,0.0,0.0,,,2.0,-1.0,13.29,0.024,0.243,3.0,2.0,0.0,0.0,56.73,55.17,56.98,56.42,56.47,58.44,55.54,57.7,57.5,55.93
2016-07-25 14:37:00-05:00,827.8287,859.6806,572014,43.47,0.0,853.0,36.41,300.7,,,,,,,,,,,-2147484000.0,,,,-7999.0,-7999.0,-7999.0,-7999.0,-7999.0,-7999.0,-7999.0,-7999.0,36.99,55.53,822.0,223.1,222.7,222.4,60.0,59.9,74.7,0.0,272.4,271.9,274.2,180.8,20.44,182.0,618.0,1440291.0,42565.0,133166.0,0.994,0.979,0.748,0.921,91.1,91.8,91.1,90.9,91.9,90.3,79.08,27.38,27.61,27.4,27.32,27.62,27.16,23.77,52910.0,53710.0,53164.0,53000.0,53996.0,51373.0,46747.0,,0.0,0.0,,,2.0,-1.0,13.29,0.024,0.244,3.0,2.0,0.0,0.0,57.02,55.63,57.29,56.76,56.81,58.49,55.73,57.97,57.94,55.9
2016-07-25 14:38:00-05:00,823.07654,854.86127,572015,43.47,0.0,847.0,36.27,303.9,,,,,,,,,,,-2147484000.0,,,,-7999.0,-7999.0,-7999.0,-7999.0,-7999.0,-7999.0,-7999.0,-7999.0,36.79,55.04,816.0,221.3,221.2,220.7,60.0,59.9,74.7,0.0,272.5,272.0,274.3,179.6,20.23,180.7,618.0,1440294.0,42565.0,133166.0,0.994,0.979,0.748,0.921,89.6,90.4,89.2,88.9,90.4,88.7,77.47,27.21,27.48,27.1,27.01,27.45,26.93,23.54,52910.0,53710.0,53165.0,53000.0,53996.0,51373.0,46748.0,,0.0,0.0,,,2.0,-1.0,13.29,0.024,0.244,3.0,2.0,0.0,0.0,56.83,55.72,57.35,56.91,56.74,58.53,56.17,57.94,58.22,55.9
2016-07-25 14:39:00-05:00,808.82,839.731,572016,43.46,0.0,832.0,36.35,302.3,,,,,,,,,,,-2147484000.0,,,,-7999.0,-7999.0,-7999.0,-7999.0,-7999.0,-7999.0,-7999.0,-7999.0,37.09,55.26,796.0,217.1,217.2,216.5,60.0,59.9,74.7,0.0,272.2,272.0,274.0,176.1,19.68,177.2,618.0,1440297.0,42565.0,133166.0,0.994,0.979,0.748,0.921,87.8,88.9,88.1,87.7,88.9,87.4,76.51,26.54,26.85,26.62,26.51,26.86,26.42,23.12,52911.0,53711.0,53165.0,53001.0,53997.0,51374.0,46748.0,,0.0,0.0,,,2.5,-1.0,13.29,0.024,0.244,3.0,2.0,0.0,0.0,56.9,55.56,57.35,56.93,56.89,58.78,56.27,57.7,58.28,55.92
2016-07-25 14:40:00-05:00,802.5234,832.334,572017,43.46,0.0,824.0,36.53,299.6,,,,,,,,,,,-2147484000.0,,,,-7999.0,-7999.0,-7999.0,-7999.0,-7999.0,-7999.0,-7999.0,-7999.0,37.36,55.38,787.0,215.0,215.3,214.3,60.0,59.9,74.7,0.0,272.1,271.9,274.1,174.4,19.49,175.5,618.0,1440300.0,42565.0,133167.0,0.994,0.979,0.748,0.921,87.1,88.4,88.1,87.7,89.0,87.3,76.72,26.09,26.48,26.38,26.28,26.66,26.15,22.98,52911.0,53711.0,53166.0,53001.0,53997.0,51374.0,46749.0,2.118,224.8,17.73,3.2,3.513,2.0,-1.0,13.29,0.024,0.244,3.0,2.0,0.0,0.0,56.8,55.78,57.8,57.54,57.69,59.35,56.57,58.77,58.6,55.92
2016-07-25 14:41:00-05:00,809.8892,838.72235,572018,43.46,0.0,831.0,36.69,299.2,,,,,,,,,,,-2147484000.0,,,,-7999.0,-7999.0,-7999.0,-7999.0,-7999.0,-7999.0,-7999.0,-7999.0,37.43,55.8,801.0,216.5,216.6,215.8,60.0,59.9,74.7,0.0,272.1,272.0,274.0,175.6,19.62,176.7,618.0,1440302.0,42565.0,133167.0,0.994,0.979,0.748,0.921,88.8,89.8,88.5,88.2,89.6,88.0,77.07,26.58,26.86,26.48,26.39,26.8,26.32,23.06,52911.0,53711.0,53166.0,53002.0,53998.0,51375.0,46749.0,,0.0,0.0,,,2.0,-1.0,13.29,0.024,0.244,3.0,2.0,0.0,0.0,57.13,56.38,58.44,58.11,58.41,60.06,57.17,59.09,58.88,55.9
2016-07-25 14:42:00-05:00,796.9396,824.15247,572019,43.46,0.0,817.0,36.99,300.5,,,,,,,,,,,-2147484000.0,,,,-7999.0,-7999.0,-7999.0,-7999.0,-7999.0,-7999.0,-7999.0,-7999.0,37.86,56.18,786.7,212.8,213.1,212.0,60.0,59.9,74.7,0.0,272.0,271.4,274.0,172.4,19.18,173.5,618.0,1440305.0,42565.0,133167.0,0.994,0.979,0.748,0.921,86.8,87.7,86.5,86.1,87.5,85.9,75.48,26.09,26.34,25.99,25.86,26.28,25.82,22.68,52912.0,53712.0,53167.0,53002.0,53998.0,51375.0,46750.0,1.897,193.7,21.19,3.3,3.513,2.5,-1.0,13.29,0.024,0.244,3.0,2.0,0.0,0.0,57.4,56.9,58.89,58.5,58.95,60.56,57.44,59.56,59.27,55.83
2016-07-25 14:43:00-05:00,775.436,800.1681,572020,43.49,0.0,792.8,37.08,303.6,,,,,,,,,,,-2147484000.0,,,,-7999.0,-7999.0,-7999.0,-7999.0,-7999.0,-7999.0,-7999.0,-7999.0,38.26,55.27,764.2,206.5,207.3,205.7,60.0,59.9,74.7,0.0,272.5,271.9,274.5,167.8,18.44,168.8,618.0,1440308.0,42565.0,133168.0,0.994,0.979,0.748,0.921,83.5,84.5,83.3,82.7,84.3,82.8,72.9,25.33,25.65,25.27,25.08,25.58,25.12,22.13,52912.0,53712.0,53167.0,53003.0,53999.0,51376.0,46750.0,2.587,190.9,16.8,4.8,3.513,2.0,-1.0,13.29,0.024,0.243,3.0,2.0,0.0,0.0,56.9,56.67,59.03,58.31,58.34,60.47,56.75,59.86,59.55,55.8
2016-07-25 14:44:00-05:00,784.2275,807.45306,572021,43.51,0.0,801.0,37.57,301.4,,,,,,,,,,,-2147484000.0,,,,-7999.0,-7999.0,-7999.0,-7999.0,-7999.0,-7999.0,-7999.0,-7999.0,39.04,55.39,773.5,208.4,209.0,207.6,60.0,59.9,74.7,0.0,273.2,273.0,275.2,169.8,18.73,170.8,618.0,1440311.0,42565.0,133168.0,0.994,0.979,0.748,0.921,84.9,86.1,84.9,84.4,86.2,84.2,74.44,25.59,25.96,25.58,25.43,25.98,25.38,22.43,52913.0,53713.0,53168.0,53003.0,53999.0,51376.0,46751.0,2.03,182.8,17.36,3.4,3.513,2.0,-1.0,13.29,0.024,0.243,3.0,2.0,0.0,0.0,56.86,56.69,58.97,57.99,58.09,60.35,56.16,59.89,59.58,55.8
2016-07-25 14:45:00-05:00,788.02924,809.91876,572022,43.51,0.0,803.0,37.69,301.0,,,,,,,,,,,-2147484000.0,,,,-7999.0,-7999.0,-7999.0,-7999.0,-7999.0,-7999.0,-7999.0,-7999.0,38.91,55.7,775.3,208.9,209.4,208.1,60.0,59.9,74.7,0.0,273.1,272.9,275.2,170.2,18.66,171.2,618.0,1440314.0,42565.0,133168.0,0.994,0.979,0.748,0.921,85.3,86.4,85.2,84.6,86.5,84.6,74.62,25.67,25.99,25.65,25.46,26.02,25.47,22.46,52913.0,53713.0,53168.0,53004.0,53999.0,51377.0,46751.0,1.923,202.9,23.31,2.8,3.512,2.0,-1.0,13.29,0.024,0.244,3.0,2.0,0.0,0.0,57.01,57.02,59.27,58.09,58.29,60.44,56.34,59.96,59.56,55.82
2016-07-25 14:46:00-05:00,789.9301,810.255,572023,43.51,0.0,804.0,36.94,300.5,,,,,,,,,,,-2147484000.0,,,,-7999.0,-7999.0,-7999.0,-7999.0,-7999.0,-7999.0,-7999.0,-7999.0,38.11,55.8,776.9,209.2,209.6,208.4,60.0,59.9,74.7,0.0,272.5,272.1,274.5,169.9,18.63,170.9,618.0,1440317.0,42565.0,133169.0,0.994,0.979,0.748,0.921,85.6,86.7,85.3,84.5,86.5,85.0,74.51,25.71,26.05,25.63,25.4,25.99,25.53,22.39,52914.0,53714.0,53169.0,53004.0,54000.0,51377.0,46752.0,,0.0,0.0,,,2.0,-1.0,13.29,0.024,0.244,3.0,2.0,0.0,0.0,57.06,57.0,59.31,58.17,58.42,60.54,56.6,59.71,59.58,55.8
2016-07-25 14:47:00-05:00,786.1284,805.65985,572024,43.51,0.0,798.9,36.61,300.6,,,,,,,,,,,-2147484000.0,,,,-7999.0,-7999.0,-7999.0,-7999.0,-7999.0,-7999.0,-7999.0,-7999.0,37.58,55.73,770.1,208.0,208.6,207.3,60.0,59.9,74.7,0.0,272.9,272.0,274.9,169.1,18.51,170.1,618.0,1440319.0,42565.0,133169.0,0.994,0.979,0.748,0.921,84.7,85.8,84.8,84.2,85.6,84.1,74.33,25.46,25.79,25.5,25.3,25.73,25.28,22.34,52914.0,53714.0,53169.0,53005.0,54000.0,51378.0,46752.0,,0.0,0.0,,,2.0,-1.0,13.29,0.024,0.244,3.0,2.0,0.0,0.0,56.96,56.77,59.1,58.14,57.87,60.25,56.66,59.46,59.66,55.8
2016-07-25 14:48:00-05:00,765.93164,784.9258,572025,43.51,0.0,778.5,36.7,303.3,,,,,,,,,,,-2147484000.0,,,,-7999.0,-7999.0,-7999.0,-7999.0,-7999.0,-7999.0,-7999.0,-7999.0,37.69,55.83,751.2,203.2,204.1,202.5,60.0,59.9,74.7,0.0,272.5,272.0,274.6,165.2,17.89,166.1,618.0,1440322.0,42565.0,133169.0,0.994,0.979,0.748,0.921,81.8,83.0,82.1,81.6,82.9,81.2,72.05,24.8,25.17,24.88,24.74,25.14,24.64,21.85,52915.0,53715.0,53170.0,53005.0,54001.0,51378.0,46753.0,2.342,204.0,16.6,3.6,3.512,2.5,-1.0,13.29,0.024,0.243,3.0,2.0,0.0,0.0,56.99,56.61,58.77,57.99,58.03,60.31,56.39,59.61,59.52,55.8
2016-07-25 14:49:00-05:00,768.5453,787.95184,572026,43.51,0.0,781.2,36.63,299.4,,,,,,,,,,,-2147484000.0,,,,-7999.0,-7999.0,-7999.0,-7999.0,-7999.0,-7999.0,-7999.0,-7999.0,37.56,55.09,754.0,204.4,205.1,203.6,60.0,59.9,74.7,0.0,272.5,272.0,274.4,166.0,18.05,167.0,618.0,1440325.0,42565.0,133170.0,0.994,0.979,0.748,0.921,83.4,84.4,83.4,83.0,84.7,82.7,73.25,24.97,25.27,24.98,24.85,25.35,24.76,21.93,52915.0,53715.0,53170.0,53006.0,54001.0,51379.0,46753.0,,0.0,0.0,,,2.0,-1.0,13.29,0.024,0.243,3.0,2.0,0.0,0.0,56.62,56.61,58.85,58.01,57.97,60.44,56.12,59.79,59.6,55.75
2016-07-25 14:50:00-05:00,701.7773,719.5853,572027,43.51,0.0,712.3,36.7,301.7,,,,,,,,,,,-2147484000.0,,,,-7999.0,-7999.0,-7999.0,-7999.0,-7999.0,-7999.0,-7999.0,-7999.0,37.79,54.96,685.7,187.2,188.8,186.7,60.0,59.9,74.7,0.0,272.6,272.0,274.5,152.5,15.88,153.3,618.0,1440328.0,42565.0,133170.0,0.995,0.979,0.748,0.921,75.62,76.75,76.04,75.51,76.97,75.31,66.84,22.8,23.15,22.93,22.77,23.21,22.71,20.16,52916.0,53716.0,53170.0,53006.0,54002.0,51379.0,46753.0,2.398,210.9,17.21,4.1,3.513,2.0,-1.0,13.29,0.024,0.242,3.0,2.0,0.0,0.0,56.27,56.31,58.71,57.79,57.77,60.19,55.72,59.78,59.31,55.7
2016-07-25 14:51:00-05:00,681.10535,697.28217,572028,43.51,0.0,695.7,37.2,306.1,,,,,,,,,,,-2147484000.0,,,,-7999.0,-7999.0,-7999.0,-7999.0,-7999.0,-7999.0,-7999.0,-7999.0,38.45,55.29,673.4,182.2,183.9,181.6,60.0,59.9,74.7,0.0,272.7,272.0,274.5,148.5,15.21,149.3,618.0,1440330.0,42565.0,133170.0,0.995,0.979,0.748,0.921,73.18,74.3,72.92,72.64,74.47,72.37,64.16,22.4,22.74,22.32,22.23,22.79,22.15,19.63,52916.0,53716.0,53171.0,53006.0,54002.0,51380.0,46754.0,,0.0,0.0,,,2.0,-1.0,13.29,0.024,0.242,3.0,2.0,0.0,0.0,56.23,56.1,58.46,57.48,57.34,59.93,55.17,59.59,59.02,55.7
2016-07-25 14:52:00-05:00,769.971,789.5209,572029,43.51,0.0,784.7,37.97,300.6,,,,,,,,,,,-2147484000.0,,,,-7999.0,-7999.0,-7999.0,-7999.0,-7999.0,-7999.0,-7999.0,-7999.0,39.63,55.45,756.0,205.9,206.5,205.2,60.0,59.9,74.7,0.0,272.6,272.0,274.2,167.3,18.22,168.2,618.0,1440333.0,42565.0,133170.0,0.994,0.979,0.748,0.921,84.1,84.8,84.0,83.3,84.6,83.5,73.4,25.29,25.48,25.24,25.05,25.42,25.1,22.06,52917.0,53717.0,53171.0,53007.0,54003.0,51380.0,46754.0,,0.0,0.0,,,2.5,-1.0,13.29,0.024,0.243,3.0,2.0,0.0,0.0,56.57,55.61,58.05,56.97,56.7,59.46,54.41,59.27,58.68,55.7
2016-07-25 14:53:00-05:00,772.2283,791.8745,572030,43.51,0.0,786.7,37.95,302.7,,,,,,,,,,,-2147484000.0,,,,-7999.0,-7999.0,-7999.0,-7999.0,-7999.0,-7999.0,-7999.0,-7999.0,39.73,55.47,759.3,206.8,207.4,206.1,60.0,59.9,74.7,0.0,272.4,271.9,274.1,167.9,18.35,168.9,618.0,1440336.0,42565.0,133171.0,0.994,0.979,0.748,0.921,83.7,84.5,83.7,83.2,84.6,83.1,73.37,25.33,25.57,25.32,25.16,25.61,25.15,22.2,52917.0,53717.0,53172.0,53007.0,54003.0,51380.0,46754.0,2.333,191.2,17.27,4.4,3.513,2.0,-1.0,13.29,0.025,0.244,3.0,2.0,0.0,0.0,56.73,55.66,58.12,56.97,57.05,59.66,54.45,59.39,58.59,55.7
2016-07-25 14:54:00-05:00,765.4564,784.14124,572031,43.51,0.0,779.8,37.69,302.8,,,,,,,,,,,-2147484000.0,,,,-7999.0,-7999.0,-7999.0,-7999.0,-7999.0,-7999.0,-7999.0,-7999.0,39.5,54.61,754.5,205.4,206.1,204.7,60.0,59.9,74.7,0.0,272.1,272.0,274.0,166.8,18.17,167.8,618.0,1440338.0,42565.0,133171.0,0.994,0.979,0.748,0.921,82.8,83.9,83.0,82.6,84.0,82.3,72.92,25.07,25.39,25.14,25.0,25.44,24.93,22.08,52917.0,53718.0,53172.0,53008.0,54004.0,51381.0,46755.0,,0.0,0.0,,,2.0,-1.0,13.29,0.024,0.243,3.0,2.0,0.0,0.0,56.31,55.68,58.21,56.99,56.61,59.51,54.46,59.43,58.55,55.7
2016-07-25 14:55:00-05:00,774.72314,792.659,572032,43.52,0.0,788.3,37.77,302.7,,,,,,,,,,,-2147484000.0,,,,-7999.0,-7999.0,-7999.0,-7999.0,-7999.0,-7999.0,-7999.0,-7999.0,39.51,55.14,762.1,207.3,207.9,206.6,60.0,59.9,74.7,0.0,272.5,272.0,274.4,168.4,18.44,169.4,618.0,1440341.0,42565.0,133171.0,0.994,0.979,0.748,0.921,84.0,84.8,83.9,83.3,85.0,83.5,73.57,25.42,25.67,25.38,25.21,25.73,25.26,22.27,52918.0,53718.0,53173.0,53008.0,54004.0,51381.0,46755.0,,0.0,0.0,,,2.0,-1.0,13.29,0.024,0.243,3.0,2.0,0.0,0.0,56.43,55.84,58.14,56.8,56.56,59.52,54.57,59.12,58.32,55.67
2016-07-25 14:56:00-05:00,776.624,793.7798,572033,43.54,0.0,790.2,38.39,301.9,,,,,,,,,,,-2147484000.0,,,,-7999.0,-7999.0,-7999.0,-7999.0,-7999.0,-7999.0,-7999.0,-7999.0,40.17,56.29,763.8,207.4,208.0,206.7,60.0,59.9,74.7,0.0,272.5,271.9,274.2,168.4,18.43,169.4,618.0,1440344.0,42565.0,133172.0,0.994,0.979,0.748,0.921,84.2,85.1,84.3,83.6,85.1,83.9,73.77,25.43,25.69,25.43,25.23,25.69,25.31,22.27,52918.0,53718.0,53173.0,53009.0,54005.0,51382.0,46756.0,,0.0,0.0,,,2.5,-1.0,13.29,0.024,0.244,3.0,2.0,0.0,0.0,57.3,56.35,58.53,56.96,57.01,59.79,54.77,59.71,58.73,55.6
2016-07-25 14:57:00-05:00,740.50757,756.90674,572034,43.56,0.0,750.6,38.08,306.5,,,,,,,,,,,-2147484000.0,,,,-7999.0,-7999.0,-7999.0,-7999.0,-7999.0,-7999.0,-7999.0,-7999.0,39.7,56.38,723.8,197.6,198.6,196.9,60.0,59.9,74.7,0.0,272.1,271.7,274.0,160.5,17.16,161.4,618.0,1440347.0,42565.0,133172.0,0.994,0.979,0.748,0.921,78.53,79.28,78.9,78.2,79.44,78.22,69.47,24.05,24.28,24.17,23.95,24.33,23.96,21.28,52919.0,53719.0,53174.0,53009.0,54005.0,51382.0,46756.0,,0.0,0.0,,,2.5,-1.0,13.29,0.024,0.243,3.0,2.0,0.0,0.0,57.52,56.7,58.62,57.12,57.03,60.0,54.64,59.77,58.86,55.6
2016-07-25 14:58:00-05:00,448.72403,456.99075,572035,43.56,0.0,449.6,37.8,320.0,,,,,,,,,,,-2147484000.0,,,,-7999.0,-7999.0,-7999.0,-7999.0,-7999.0,-7999.0,-7999.0,-7999.0,39.25,55.62,424.3,116.0,118.2,115.4,60.0,59.9,74.7,0.0,272.3,271.9,274.3,94.7,6.786,95.0,618.0,1440348.0,42565.0,133172.0,0.664,0.979,0.748,0.921,43.58,44.26,44.32,43.58,43.95,44.22,39.51,13.87,14.09,14.11,13.87,13.99,14.07,12.58,52919.0,53719.0,53174.0,53009.0,54005.0,51382.0,46756.0,1.223,226.5,30.17,1.9,3.513,2.0,-1.0,13.29,0.024,0.239,3.0,2.0,0.0,0.0,56.8,56.17,57.95,57.07,57.24,59.95,54.63,59.01,58.27,55.52
2016-07-25 14:59:00-05:00,177.73131,175.5674,572036,43.56,0.0,178.1,37.32,322.8,,,,,,,,,,,-2147484000.0,,,,-7999.0,-7999.0,-7999.0,-7999.0,-7999.0,-7999.0,-7999.0,-7999.0,38.42,53.98,169.6,40.42,42.41,39.73,60.0,59.9,74.7,0.0,273.0,272.0,274.9,32.91,-2.568,33.01,618.0,1440349.0,42565.0,133172.0,-0.997,0.979,0.748,0.921,15.35,15.74,15.44,15.21,15.94,15.02,14.06,4.947,5.075,4.978,4.902,5.14,4.841,4.535,52919.0,53719.0,53174.0,53009.0,54005.0,51382.0,46756.0,,0.0,0.0,,,2.0,-1.0,13.29,0.024,0.234,3.0,2.0,0.0,0.0,54.69,54.58,55.91,55.7,55.68,58.02,53.23,56.93,56.44,55.5
2016-07-25 15:00:00-05:00,156.58414,154.60915,572037,43.56,0.0,157.6,36.75,308.7,,,,,,,,,,,-2147484000.0,,,,-7999.0,-7999.0,-7999.0,-7999.0,-7999.0,-7999.0,-7999.0,-7999.0,37.2,51.31,151.1,39.37,41.5,38.79,60.0,59.9,74.7,0.0,272.9,272.0,274.9,32.11,-2.692,32.22,618.0,1440349.0,42565.0,133172.0,-0.996,0.979,0.748,0.921,15.57,15.9,15.69,15.64,16.06,15.46,13.92,4.806,4.907,4.842,4.827,4.956,4.77,4.297,52919.0,53719.0,53174.0,53009.0,54005.0,51382.0,46756.0,3.377,241.1,13.53,4.7,3.513,2.0,-1.0,13.29,0.025,0.234,3.0,2.0,0.0,0.0,52.18,52.43,53.3,53.07,52.94,54.86,51.18,53.71,53.74,55.43
2016-07-25 15:01:00-05:00,140.42674,138.69432,572038,43.54,0.0,141.4,36.25,307.2,,,,,,,,,,,-2147484000.0,,,,-7999.0,-7999.0,-7999.0,-7999.0,-7999.0,-7999.0,-7999.0,-7999.0,36.84,49.06,136.4,35.8,37.95,35.24,60.0,59.9,74.7,0.0,273.0,272.1,275.0,29.13,-3.142,29.3,618.0,1440350.0,42565.0,133172.0,-0.994,0.979,0.748,0.921,14.28,14.5,14.4,14.37,14.65,14.14,12.7,4.384,4.451,4.422,4.411,4.5,4.341,3.9,52919.0,53719.0,53174.0,53009.0,54005.0,51382.0,46756.0,2.323,206.2,17.13,4.0,3.512,2.0,-1.0,13.29,0.024,0.234,3.0,2.0,0.0,0.0,49.91,50.43,51.12,51.07,51.19,53.33,49.16,52.02,51.56,55.41
2016-07-25 15:02:00-05:00,130.32837,128.04709,572039,43.5,0.0,131.7,36.12,305.5,,,,,,,,,,,-2147484000.0,,,,-7999.0,-7999.0,-7999.0,-7999.0,-7999.0,-7999.0,-7999.0,-7999.0,36.65,47.79,128.3,33.63,35.8,33.09,60.0,59.9,74.7,0.0,273.0,272.7,275.0,27.33,-3.416,27.54,618.0,1440350.0,42565.0,133172.0,-0.992,0.979,0.748,0.921,13.49,13.76,13.65,13.58,13.85,13.38,12.03,4.12,4.202,4.169,4.148,4.232,4.086,3.676,52919.0,53719.0,53174.0,53009.0,54005.0,51382.0,46756.0,2.135,206.4,17.09,3.4,3.513,2.0,-1.0,13.29,0.024,0.233,3.0,2.0,0.0,0.0,48.4,48.98,49.51,49.43,49.69,51.88,47.55,50.55,49.61,55.47
2016-07-25 15:03:00-05:00,128.18991,125.58141,572040,43.44,0.0,130.3,36.0,305.7,,,,,,,,,,,-2147484000.0,,,,-7999.0,-7999.0,-7999.0,-7999.0,-7999.0,-7999.0,-7999.0,-7999.0,36.56,46.96,127.6,33.56,35.76,33.03,60.0,59.9,74.7,0.0,273.0,272.9,275.1,27.29,-3.427,27.51,618.0,1440351.0,42565.0,133172.0,-0.992,0.979,0.748,0.921,13.41,13.7,13.68,13.57,13.79,13.33,12.0,4.101,4.188,4.18,4.149,4.214,4.076,3.67,52919.0,53719.0,53174.0,53009.0,54005.0,51382.0,46756.0,1.632,225.4,15.6,2.3,3.513,2.0,-1.0,13.29,0.025,0.233,3.0,2.0,0.0,0.0,47.26,47.99,48.4,48.3,48.63,50.89,46.41,49.47,48.27,55.52
2016-07-25 15:04:00-05:00,127.00185,124.46065,572041,43.38,0.0,130.3,35.91,307.2,,,,,,,,,,,-2147484000.0,,,,-7999.0,-7999.0,-7999.0,-7999.0,-7999.0,-7999.0,-7999.0,-7999.0,36.33,45.94,127.8,33.69,35.91,33.17,60.0,59.9,74.7,0.0,273.5,273.0,275.5,27.44,-3.398,27.65,618.0,1440351.0,42565.0,133172.0,-0.992,0.979,0.748,0.921,13.45,13.73,13.62,13.57,13.82,13.38,11.96,4.13,4.218,4.184,4.167,4.245,4.109,3.675,52919.0,53719.0,53174.0,53009.0,54005.0,51382.0,46756.0,1.528,227.8,20.79,2.3,3.513,2.0,-1.0,13.29,0.025,0.233,3.0,2.0,0.0,0.0,46.38,46.93,47.41,47.42,47.54,49.87,45.58,48.47,47.3,55.52
2016-07-25 15:05:00-05:00,127.83349,125.02103,572042,43.31,0.0,131.3,35.75,308.5,,,,,,,,,,,-2147484000.0,,,,-7999.0,-7999.0,-7999.0,-7999.0,-7999.0,-7999.0,-7999.0,-7999.0,36.04,44.64,129.4,34.27,36.53,33.75,60.0,59.9,74.7,0.0,273.4,273.0,275.5,27.94,-3.306,28.14,618.0,1440352.0,42566.0,133172.0,-0.993,0.979,0.748,0.921,13.66,13.93,13.83,13.81,14.06,13.58,12.12,4.215,4.296,4.265,4.26,4.338,4.189,3.739,52919.0,53719.0,53174.0,53009.0,54005.0,51382.0,46756.0,2.297,215.5,27.69,4.1,3.512,2.0,-1.0,13.29,0.025,0.233,3.0,2.0,0.0,0.0,45.27,45.86,46.25,46.36,46.47,48.86,44.6,47.56,46.26,55.52
2016-07-25 15:06:00-05:00,129.61555,126.92632,572043,43.18,0.0,133.4,35.73,310.2,,,,,,,,,,,-2147484000.0,,,,-7999.0,-7999.0,-7999.0,-7999.0,-7999.0,-7999.0,-7999.0,-7999.0,36.0,43.21,132.1,35.2,37.5,34.67,60.0,59.9,74.7,0.0,273.0,272.7,275.0,28.71,-3.156,28.88,618.0,1440352.0,42566.0,133172.0,-0.994,0.979,0.748,0.921,13.95,14.21,14.08,14.09,14.35,13.88,12.35,4.326,4.406,4.368,4.369,4.451,4.305,3.832,52919.0,53719.0,53174.0,53009.0,54005.0,51382.0,46756.0,2.36,190.1,21.92,4.5,3.513,2.0,-1.0,13.29,0.024,0.233,3.0,2.0,0.0,0.0,44.05,44.89,45.19,45.22,45.3,47.78,43.45,46.43,45.26,55.52
2016-07-25 15:07:00-05:00,131.75403,129.16785,572044,43.09,0.0,136.5,35.64,312.0,,,,,,,,,,,-2147484000.0,,,,-7999.0,-7999.0,-7999.0,-7999.0,-7999.0,-7999.0,-7999.0,-7999.0,35.83,42.39,135.0,36.19,38.48,35.64,60.0,59.9,74.7,0.0,273.0,272.9,275.0,29.54,-3.034,29.7,618.0,1440353.0,42566.0,133172.0,-0.995,0.979,0.748,0.921,14.23,14.49,14.46,14.42,14.59,14.13,12.68,4.441,4.52,4.51,4.5,4.553,4.407,3.957,52919.0,53719.0,53174.0,53009.0,54005.0,51382.0,46756.0,2.407,216.3,15.84,3.9,3.512,2.0,-1.0,13.29,0.024,0.233,3.0,2.0,0.0,0.0,43.06,43.86,44.18,44.13,44.11,46.74,42.45,45.32,44.28,55.48
2016-07-25 15:08:00-05:00,134.48653,131.74559,572045,43.01,0.0,139.6,35.38,313.4,,,,,,,,,,,-2147484000.0,,,,-7999.0,-7999.0,-7999.0,-7999.0,-7999.0,-7999.0,-7999.0,-7999.0,35.45,41.41,138.3,37.25,39.52,36.7,60.0,59.9,74.7,0.0,273.5,272.9,275.6,30.46,-2.91,30.6,618.0,1440353.0,42566.0,133172.0,-0.995,0.979,0.748,0.921,14.62,14.88,14.8,14.79,14.99,14.54,12.99,4.582,4.663,4.64,4.635,4.699,4.558,4.071,52919.0,53719.0,53174.0,53009.0,54005.0,51382.0,46756.0,2.292,224.9,17.27,3.4,3.513,2.0,-1.0,13.29,0.025,0.233,3.0,2.0,0.0,0.0,42.16,43.07,43.42,43.43,43.39,46.01,41.95,44.61,43.5,55.43
2016-07-25 15:09:00-05:00,137.69424,134.65958,572046,42.9,0.0,142.9,35.28,314.5,,,,,,,,,,,-2147484000.0,,,,-7999.0,-7999.0,-7999.0,-7999.0,-7999.0,-7999.0,-7999.0,-7999.0,35.31,40.76,141.8,38.35,40.63,37.79,60.0,59.9,74.7,0.0,273.9,273.0,276.0,31.43,-2.773,31.55,618.0,1440354.0,42566.0,133172.0,-0.996,0.979,0.748,0.921,15.05,15.3,15.17,15.18,15.44,14.96,13.32,4.734,4.811,4.771,4.773,4.857,4.703,4.188,52919.0,53719.0,53174.0,53009.0,54005.0,51382.0,46756.0,2.375,232.7,18.71,4.2,3.513,2.0,-1.0,13.29,0.07,0.233,3.0,2.0,0.0,0.0,41.5,42.42,42.78,42.82,42.8,45.47,41.53,44.0,42.88,55.4
2016-07-25 15:10:00-05:00,140.66435,137.57356,572047,42.81,0.0,145.9,35.23,315.7,,,,,,,,,,,-2147484000.0,,,,-7999.0,-7999.0,-7999.0,-7999.0,-7999.0,-7999.0,-7999.0,-7999.0,35.31,40.24,145.0,39.35,41.67,38.8,60.0,59.9,74.7,0.0,274.0,273.4,276.0,32.31,-2.648,32.42,618.0,1440354.0,42566.0,133172.0,-0.997,0.979,0.748,0.921,15.4,15.65,15.58,15.57,15.79,15.3,13.65,4.861,4.941,4.919,4.916,4.984,4.83,4.309,52919.0,53719.0,53174.0,53009.0,54005.0,51382.0,46756.0,1.853,201.7,23.25,3.5,3.513,2.0,-1.0,13.33,0.094,0.233,3.0,2.0,0.0,0.0,41.01,41.88,42.3,42.26,42.21,44.94,41.07,43.37,42.38,55.33
2016-07-25 15:11:00-05:00,143.27806,140.03923,572048,42.7,0.0,148.9,35.08,316.5,,,,,,,,,,,-2147484000.0,,,,-7999.0,-7999.0,-7999.0,-7999.0,-7999.0,-7999.0,-7999.0,-7999.0,35.34,39.71,148.0,40.29,42.62,39.75,60.0,59.9,74.7,0.0,274.0,273.2,276.0,33.11,-2.518,33.2,618.0,1440355.0,42566.0,133172.0,-0.997,0.979,0.748,0.921,15.69,15.97,15.89,15.9,16.1,15.62,13.93,4.966,5.056,5.031,5.034,5.095,4.945,4.41,52919.0,53719.0,53174.0,53009.0,54005.0,51382.0,46756.0,2.322,195.8,17.54,4.6,3.513,2.0,-1.0,13.32,0.039,0.233,3.0,2.0,0.0,0.0,40.54,41.37,41.88,41.8,41.71,44.56,40.62,42.92,41.8,55.35
2016-07-25 15:12:00-05:00,145.29773,141.83246,572049,42.6,0.0,151.5,35.15,317.7,,,,,,,,,,,-2147484000.0,,,,-7999.0,-7999.0,-7999.0,-7999.0,-7999.0,-7999.0,-7999.0,-7999.0,35.38,39.38,150.2,41.0,43.34,40.43,60.0,59.9,74.7,0.0,274.0,273.6,276.0,33.72,-2.396,33.81,618.0,1440355.0,42566.0,133172.0,-0.997,0.979,0.748,0.921,15.97,16.2,16.11,16.13,16.34,15.85,14.13,5.073,5.147,5.117,5.126,5.19,5.035,4.49,52919.0,53719.0,53174.0,53009.0,54005.0,51382.0,46756.0,1.967,203.1,17.77,3.9,3.513,2.0,-1.0,13.32,0.031,0.233,3.0,2.0,0.0,0.0,40.08,40.88,41.51,41.41,41.3,44.13,40.16,42.63,41.4,55.27
2016-07-25 15:13:00-05:00,145.89174,142.05661,572050,42.49,0.0,152.1,35.18,319.0,,,,,,,,,,,-2147484000.0,,,,-7999.0,-7999.0,-7999.0,-7999.0,-7999.0,-7999.0,-7999.0,-7999.0,35.4,39.0,151.0,41.29,43.64,40.74,60.0,59.9,74.7,0.0,274.1,273.8,276.1,33.99,-2.355,34.07,618.0,1440356.0,42566.0,133172.0,-0.998,0.979,0.748,0.921,16.02,16.27,16.18,16.17,16.39,15.93,14.2,5.11,5.191,5.16,5.156,5.228,5.083,4.529,52919.0,53719.0,53174.0,53009.0,54005.0,51382.0,46756.0,1.933,185.3,24.46,3.6,3.513,2.0,-1.0,13.32,0.03,0.233,3.0,2.0,0.0,0.0,39.76,40.67,41.16,41.04,40.92,43.89,39.87,42.31,41.06,55.2
2016-07-25 15:14:00-05:00,145.53532,141.27208,572051,42.38,0.0,151.2,35.03,319.7,,,,,,,,,,,-2147484000.0,,,,-7999.0,-7999.0,-7999.0,-7999.0,-7999.0,-7999.0,-7999.0,-7999.0,35.2,38.73,150.8,41.26,43.6,40.71,60.0,59.9,74.7,0.0,274.0,273.8,276.1,33.95,-2.358,34.03,618.0,1440356.0,42566.0,133172.0,-0.998,0.979,0.748,0.921,15.97,16.21,16.13,16.14,16.34,15.88,14.14,5.105,5.183,5.156,5.158,5.224,5.075,4.519,52919.0,53719.0,53174.0,53009.0,54005.0,51382.0,46756.0,1.838,210.8,30.14,4.5,3.513,2.0,-1.0,13.32,0.029,0.233,3.0,2.0,0.0,0.0,39.45,40.37,40.81,40.75,40.62,43.66,39.66,41.98,40.72,55.09
2016-07-25 15:15:00-05:00,144.7037,140.15132,572052,42.27,0.0,150.2,35.08,320.7,,,,,,,,,,,-2147484000.0,,,,-7999.0,-7999.0,-7999.0,-7999.0,-7999.0,-7999.0,-7999.0,-7999.0,35.18,38.47,150.0,41.05,43.36,40.47,60.0,59.9,74.7,0.0,274.1,273.9,276.2,33.77,-2.39,33.85,618.0,1440357.0,42566.0,133172.0,-0.998,0.979,0.748,0.921,15.82,16.07,15.99,15.98,16.19,15.73,14.03,5.073,5.152,5.127,5.124,5.191,5.043,4.499,52919.0,53719.0,53174.0,53009.0,54005.0,51382.0,46756.0,2.015,203.6,23.29,4.5,3.512,2.0,-1.0,13.32,0.028,0.233,3.0,2.0,0.0,0.0,39.21,40.03,40.5,40.42,40.33,43.32,39.53,41.58,40.48,54.98
2016-07-25 15:16:00-05:00,143.75327,138.69432,572053,42.16,0.0,149.0,35.15,320.8,,,,,,,,,,,-2147484000.0,,,,-7999.0,-7999.0,-7999.0,-7999.0,-7999.0,-7999.0,-7999.0,-7999.0,35.25,38.42,148.8,40.61,42.93,40.09,60.0,59.9,74.7,0.0,274.6,274.0,276.4,33.44,-2.458,33.53,618.0,1440358.0,42566.0,133172.0,-0.997,0.979,0.748,0.921,15.65,15.93,15.85,15.82,16.05,15.59,13.9,5.021,5.111,5.084,5.076,5.147,5.001,4.46,52919.0,53719.0,53174.0,53009.0,54005.0,51382.0,46756.0,2.323,197.8,15.93,3.6,3.513,2.0,-1.0,13.32,0.028,0.233,3.0,2.0,0.0,0.0,39.17,39.92,40.29,40.15,40.1,43.01,39.3,41.35,40.27,54.84
2016-07-25 15:17:00-05:00,143.51566,137.57356,572054,42.05,0.0,148.0,35.05,320.7,,,,,,,,,,,-2147484000.0,,,,-7999.0,-7999.0,-7999.0,-7999.0,-7999.0,-7999.0,-7999.0,-7999.0,35.02,38.1,148.2,40.45,42.76,39.9,60.0,59.9,74.7,0.0,274.2,273.9,276.1,33.27,-2.481,33.36,618.0,1440358.0,42566.0,133172.0,-0.997,0.979,0.748,0.921,15.63,15.8,15.71,15.8,15.99,15.45,13.8,5.014,5.067,5.04,5.067,5.127,4.956,4.425,52919.0,53719.0,53174.0,53009.0,54005.0,51382.0,46756.0,,0.0,0.0,,,2.0,-1.0,13.32,0.028,0.233,3.0,2.0,0.0,0.0,38.93,39.74,40.05,39.94,39.85,42.78,39.14,41.08,40.06,54.7
2016-07-25 15:18:00-05:00,142.92165,136.78903,572055,41.94,0.0,147.1,34.97,321.1,,,,,,,,,,,-2147484000.0,,,,-7999.0,-7999.0,-7999.0,-7999.0,-7999.0,-7999.0,-7999.0,-7999.0,34.91,37.87,147.6,40.24,42.53,39.72,60.0,59.9,74.7,0.0,275.0,274.0,276.8,33.14,-2.52,33.24,618.0,1440359.0,42566.0,133172.0,-0.997,0.979,0.748,0.921,15.54,15.79,15.67,15.71,15.89,15.46,13.75,4.989,5.072,5.032,5.043,5.103,4.966,4.415,52919.0,53719.0,53174.0,53009.0,54005.0,51382.0,46756.0,1.695,216.9,14.1,2.9,3.513,2.0,-1.0,13.32,0.028,0.233,3.0,2.0,0.0,0.0,38.73,39.49,39.81,39.74,39.61,42.57,38.96,40.89,39.93,54.56
2016-07-25 15:19:00-05:00,142.68404,136.00449,572056,41.83,0.0,146.2,34.99,320.9,,,,,,,,,,,-2147484000.0,,,,-7999.0,-7999.0,-7999.0,-7999.0,-7999.0,-7999.0,-7999.0,-7999.0,34.97,37.78,147.0,40.01,42.32,39.46,60.0,59.9,74.7,0.0,275.0,274.2,277.0,32.96,-2.515,33.06,618.0,1440359.0,42566.0,133172.0,-0.997,0.979,0.748,0.921,15.42,15.68,15.62,15.63,15.79,15.33,13.69,4.948,5.03,5.011,5.014,5.067,4.92,4.392,52919.0,53719.0,53174.0,53009.0,54005.0,51382.0,46756.0,1.843,218.5,17.31,3.4,3.513,2.0,-1.0,13.32,0.027,0.233,3.0,2.0,0.0,0.0,38.57,39.24,39.56,39.51,39.44,42.35,38.78,40.76,39.79,54.42
2016-07-25 15:20:00-05:00,142.68404,135.33205,572057,41.73,0.0,145.5,34.97,321.6,,,,,,,,,,,-2147484000.0,,,,-7999.0,-7999.0,-7999.0,-7999.0,-7999.0,-7999.0,-7999.0,-7999.0,34.93,37.64,146.4,39.81,42.1,39.28,60.0,59.9,74.7,0.0,275.0,274.3,277.0,32.81,-2.555,32.91,618.0,1440360.0,42566.0,133172.0,-0.997,0.979,0.748,0.921,15.33,15.59,15.52,15.53,15.71,15.25,13.6,4.928,5.013,4.991,4.994,5.051,4.902,4.372,52919.0,53719.0,53174.0,53009.0,54005.0,51382.0,46756.0,,0.0,0.0,,,2.0,-1.0,13.32,0.027,0.233,3.0,2.0,0.0,0.0,38.42,39.02,39.35,39.28,39.22,42.18,38.65,40.54,39.6,54.27
2016-07-25 15:21:00-05:00,142.80283,135.21996,572058,41.63,0.0,145.1,34.93,321.5,,,,,,,,,,,-2147484000.0,,,,-7999.0,-7999.0,-7999.0,-7999.0,-7999.0,-7999.0,-7999.0,-7999.0,34.95,37.49,146.0,39.63,41.93,39.11,60.0,59.9,74.7,0.0,275.0,274.8,277.0,32.69,-2.6,32.79,618.0,1440360.0,42566.0,133172.0,-0.997,0.979,0.748,0.921,15.3,15.54,15.43,15.48,15.7,15.21,13.52,4.919,4.996,4.96,4.975,5.045,4.889,4.345,52919.0,53719.0,53174.0,53009.0,54005.0,51382.0,46756.0,1.938,193.3,21.68,3.4,3.512,2.0,-1.0,13.32,0.027,0.232,3.0,2.0,0.0,0.0,38.29,38.91,39.17,39.12,39.01,42.14,38.5,40.37,39.39,54.15
2016-07-25 15:22:00-05:00,143.63448,135.33205,572059,41.52,0.0,144.9,34.92,321.7,,,,,,,,,,,-2147484000.0,,,,-7999.0,-7999.0,-7999.0,-7999.0,-7999.0,-7999.0,-7999.0,-7999.0,34.89,37.45,146.1,39.61,41.93,39.08,60.0,59.9,74.7,0.0,275.3,274.9,277.1,32.7,-2.593,32.8,618.0,1440361.0,42566.0,133172.0,-0.997,0.979,0.748,0.921,15.24,15.54,15.49,15.47,15.57,15.2,13.56,4.903,5.0,4.982,4.976,5.01,4.891,4.362,52919.0,53719.0,53174.0,53009.0,54005.0,51382.0,46756.0,1.958,203.0,14.37,3.1,3.513,2.0,-1.0,13.32,0.027,0.232,3.0,2.0,0.0,0.0,38.16,38.76,39.01,38.96,38.88,42.17,38.41,40.18,39.23,54.07
2016-07-25 15:23:00-05:00,144.5849,136.11658,572060,41.42,0.0,145.5,34.86,322.0,,,,,,,,,,,-2147484000.0,,,,-7999.0,-7999.0,-7999.0,-7999.0,-7999.0,-7999.0,-7999.0,-7999.0,34.85,37.42,146.6,39.75,42.06,39.2,60.0,59.9,74.7,0.0,276.0,275.0,278.0,32.85,-2.582,32.95,618.0,1440361.0,42566.0,133172.0,-0.997,0.979,0.748,0.921,15.31,15.56,15.55,15.57,15.68,15.23,13.62,4.928,5.01,5.007,5.014,5.047,4.904,4.385,52919.0,53719.0,53174.0,53009.0,54005.0,51382.0,46756.0,1.982,210.6,17.42,3.7,3.512,2.0,-1.0,13.32,0.027,0.232,3.0,2.0,0.0,0.0,38.12,38.67,38.86,38.8,38.75,42.17,38.27,40.02,39.07,53.95
2016-07-25 15:24:00-05:00,145.65414,137.34941,572061,41.31,0.0,146.3,34.83,321.8,,,,,,,,,,,-2147484000.0,,,,-7999.0,-7999.0,-7999.0,-7999.0,-7999.0,-7999.0,-7999.0,-7999.0,34.77,37.22,147.4,40.02,42.35,39.51,60.0,59.9,74.7,0.0,275.9,275.0,277.8,33.1,-2.544,33.2,618.0,1440362.0,42566.0,133172.0,-0.997,0.979,0.748,0.921,15.46,15.72,15.66,15.65,15.83,15.37,13.71,4.973,5.056,5.038,5.036,5.093,4.946,4.41,52919.0,53719.0,53174.0,53009.0,54005.0,51382.0,46756.0,3.013,207.9,14.15,4.7,3.513,2.0,-1.0,13.32,0.027,0.232,3.0,2.0,0.0,0.0,37.94,38.49,38.65,38.63,38.52,42.13,38.05,39.85,38.87,53.85
2016-07-25 15:25:00-05:00,147.07979,139.03056,572062,41.21,0.0,147.6,34.81,322.2,,,,,,,,,,,-2147484000.0,,,,-7999.0,-7999.0,-7999.0,-7999.0,-7999.0,-7999.0,-7999.0,-7999.0,34.72,37.16,148.6,40.41,42.73,39.91,60.0,59.9,74.7,0.0,275.8,275.0,277.6,33.42,-2.486,33.51,618.0,1440363.0,42566.0,133172.0,-0.997,0.979,0.748,0.921,15.57,15.85,15.8,15.79,15.96,15.5,13.82,5.017,5.105,5.089,5.086,5.143,4.992,4.453,52919.0,53719.0,53174.0,53009.0,54005.0,51382.0,46756.0,2.098,208.3,18.94,3.5,3.513,2.0,-1.0,13.32,0.027,0.232,3.0,2.0,0.0,0.0,37.9,38.36,38.47,38.47,38.37,42.1,37.94,39.61,38.65,53.8
2016-07-25 15:26:00-05:00,148.03023,140.26338,572063,41.1,0.0,149.3,34.75,322.3,,,,,,,,,,,-2147484000.0,,,,-7999.0,-7999.0,-7999.0,-7999.0,-7999.0,-7999.0,-7999.0,-7999.0,34.69,37.19,149.8,40.88,43.2,40.37,60.0,59.9,74.7,0.0,275.1,274.4,276.9,33.73,-2.435,33.82,618.0,1440363.0,42566.0,133172.0,-0.997,0.979,0.748,0.921,15.73,15.97,15.92,15.94,16.13,15.64,13.92,5.068,5.147,5.13,5.137,5.197,5.039,4.485,52919.0,53719.0,53174.0,53009.0,54005.0,51382.0,46756.0,1.49,216.1,13.53,2.0,3.512,2.0,-1.0,13.32,0.027,0.232,3.0,2.0,0.0,0.0,37.87,38.36,38.51,38.47,38.44,42.05,37.95,39.58,38.62,53.67
2016-07-25 15:27:00-05:00,148.50543,141.6083,572064,41.01,0.0,150.9,34.73,322.2,,,,,,,,,,,-2147484000.0,,,,-7999.0,-7999.0,-7999.0,-7999.0,-7999.0,-7999.0,-7999.0,-7999.0,34.74,37.24,151.2,41.39,43.71,40.87,60.0,59.9,74.7,0.0,274.6,274.0,276.2,34.08,-2.356,34.16,618.0,1440364.0,42566.0,133172.0,-0.998,0.979,0.748,0.921,15.91,16.14,16.11,16.13,16.27,15.77,14.1,5.126,5.198,5.19,5.195,5.243,5.081,4.541,52919.0,53719.0,53174.0,53009.0,54005.0,51382.0,46756.0,1.715,204.2,13.96,2.8,3.513,2.0,-1.0,13.32,0.124,0.232,3.0,2.0,0.0,0.0,37.91,38.39,38.47,38.53,38.39,41.97,37.95,39.62,38.6,53.59
2016-07-25 15:28:00-05:00,149.09947,142.61699,572065,40.91,0.0,152.1,34.73,323.1,,,,,,,,,,,-2147484000.0,,,,-7999.0,-7999.0,-7999.0,-7999.0,-7999.0,-7999.0,-7999.0,-7999.0,34.79,37.22,152.5,41.77,44.1,41.25,60.0,59.9,74.7,0.0,274.9,274.0,276.4,34.42,-2.323,34.5,618.0,1440364.0,42566.0,133172.0,-0.998,0.979,0.748,0.921,15.97,16.25,16.22,16.22,16.33,15.9,14.19,5.161,5.251,5.242,5.24,5.278,5.137,4.585,52919.0,53719.0,53174.0,53009.0,54005.0,51382.0,46756.0,1.288,193.9,35.48,2.4,3.513,2.0,-1.0,13.36,0.054,0.232,3.0,2.0,0.0,0.0,38.02,38.38,38.45,38.47,38.42,41.94,37.87,39.66,38.5,53.42
2016-07-25 15:29:00-05:00,149.09947,143.62569,572066,40.82,0.0,153.3,34.68,322.6,,,,,,,,,,,-2147484000.0,,,,-7999.0,-7999.0,-7999.0,-7999.0,-7999.0,-7999.0,-7999.0,-7999.0,34.57,37.17,153.8,42.14,44.43,41.63,60.0,59.9,74.7,0.0,275.0,274.0,276.8,34.74,-2.29,34.81,618.0,1440365.0,42567.0,133172.0,-0.998,0.979,0.748,0.921,16.17,16.41,16.37,16.39,16.58,16.05,14.33,5.217,5.293,5.279,5.288,5.349,5.176,4.621,52919.0,53719.0,53174.0,53009.0,54005.0,51382.0,46756.0,2.012,234.3,17.34,3.2,3.513,2.0,-1.0,13.36,0.037,0.232,3.0,2.0,0.0,0.0,37.95,38.35,38.37,38.45,38.34,41.81,38.01,39.64,38.5,53.34
2016-07-25 15:30:00-05:00,149.21826,144.8585,572067,40.72,0.0,154.7,34.65,322.9,,,,,,,,,,,-2147484000.0,,,,-7999.0,-7999.0,-7999.0,-7999.0,-7999.0,-7999.0,-7999.0,-7999.0,34.49,37.12,155.4,42.59,44.84,42.08,60.0,59.9,74.7,0.0,275.0,274.0,276.9,35.12,-2.243,35.19,618.0,1440365.0,42567.0,133172.0,-0.998,0.979,0.748,0.921,16.34,16.59,16.55,16.59,16.74,16.21,14.47,5.277,5.357,5.342,5.357,5.405,5.232,4.672,52919.0,53719.0,53174.0,53009.0,54005.0,51382.0,46756.0,1.84,218.2,9.73,3.3,3.513,2.0,-1.0,13.36,0.033,0.232,3.0,2.0,0.0,0.0,37.9,38.33,38.36,38.42,38.34,41.63,38.06,39.53,38.48,53.21
2016-07-25 15:31:00-05:00,150.2875,146.87589,572068,40.63,0.0,156.9,34.6,322.5,,,,,,,,,,,-2147484000.0,,,,-7999.0,-7999.0,-7999.0,-7999.0,-7999.0,-7999.0,-7999.0,-7999.0,34.57,37.17,157.7,43.2,45.47,42.69,60.0,59.9,74.7,0.0,275.0,274.0,276.7,35.64,-2.152,35.7,618.0,1440366.0,42567.0,133172.0,-0.998,0.979,0.748,0.921,16.56,16.83,16.78,16.81,17.01,16.45,14.68,5.342,5.429,5.413,5.42,5.487,5.306,4.736,52919.0,53719.0,53174.0,53009.0,54005.0,51382.0,46756.0,1.992,203.1,17.49,3.5,3.512,2.0,-1.0,13.36,0.032,0.232,3.0,2.0,0.0,0.0,37.94,38.28,38.29,38.4,38.27,41.56,38.04,39.53,38.38,53.08
2016-07-25 15:32:00-05:00,152.30719,149.78987,572069,40.53,0.0,160.0,34.61,322.3,,,,,,,,,,,-2147484000.0,,,,-7999.0,-7999.0,-7999.0,-7999.0,-7999.0,-7999.0,-7999.0,-7999.0,34.63,37.16,160.9,44.12,46.4,43.64,60.0,59.9,74.7,0.0,275.0,274.0,276.8,36.42,-2.028,36.48,618.0,1440367.0,42567.0,133172.0,-0.998,0.979,0.748,0.921,16.96,17.22,17.16,17.2,17.38,16.82,15.02,5.467,5.551,5.53,5.543,5.603,5.421,4.841,52919.0,53719.0,53174.0,53009.0,54005.0,51382.0,46756.0,1.753,195.8,23.52,3.0,3.512,2.0,-1.0,13.36,0.032,0.232,3.0,2.0,0.0,0.0,37.94,38.23,38.26,38.29,38.26,41.65,37.93,39.49,38.35,52.97
2016-07-25 15:33:00-05:00,154.92087,153.04008,572070,40.44,0.0,163.7,34.77,322.7,,,,,,,,,,,-2147484000.0,,,,-7999.0,-7999.0,-7999.0,-7999.0,-7999.0,-7999.0,-7999.0,-7999.0,34.83,37.12,164.6,45.2,47.49,44.72,60.0,59.9,74.7,0.0,275.0,274.5,276.9,37.35,-1.886,37.4,618.0,1440367.0,42567.0,133172.0,-0.999,0.979,0.748,0.921,17.34,17.62,17.57,17.62,17.8,17.23,15.38,5.596,5.686,5.669,5.685,5.742,5.561,4.962,52919.0,53719.0,53174.0,53009.0,54005.0,51382.0,46756.0,2.29,182.3,17.25,4.4,3.513,2.0,-1.0,13.36,0.031,0.232,3.0,2.0,0.0,0.0,37.94,38.08,38.23,38.26,38.19,41.68,37.87,39.39,38.36,52.82
2016-07-25 15:34:00-05:00,157.17816,156.17822,572071,40.35,0.0,167.3,34.81,323.0,,,,,,,,,,,-2147484000.0,,,,-7999.0,-7999.0,-7999.0,-7999.0,-7999.0,-7999.0,-7999.0,-7999.0,34.96,37.16,168.1,46.23,48.53,45.76,60.0,59.9,74.7,0.0,275.1,274.9,277.0,38.25,-1.775,38.29,618.0,1440368.0,42567.0,133172.0,-0.999,0.979,0.748,0.921,17.72,18.02,17.98,17.99,18.18,17.62,15.72,5.722,5.82,5.807,5.81,5.87,5.692,5.077,52919.0,53719.0,53174.0,53009.0,54005.0,51382.0,46756.0,2.34,189.4,17.45,4.4,3.513,2.0,-1.0,13.36,0.031,0.232,3.0,2.0,0.0,0.0,37.94,38.05,38.16,38.15,38.11,41.4,37.82,39.3,38.25,52.67
2016-07-25 15:35:00-05:00,159.07904,158.98012,572072,40.27,0.0,170.4,34.75,323.6,,,,,,,,,,,-2147484000.0,,,,-7999.0,-7999.0,-7999.0,-7999.0,-7999.0,-7999.0,-7999.0,-7999.0,34.91,37.19,171.2,47.13,49.42,46.63,60.0,59.9,74.7,0.0,275.6,275.0,277.2,39.04,-1.658,39.07,618.0,1440368.0,42567.0,133172.0,-0.999,0.979,0.748,0.921,18.05,18.37,18.3,18.32,18.52,17.97,16.0,5.841,5.943,5.921,5.927,5.993,5.813,5.177,52919.0,53719.0,53174.0,53009.0,54005.0,51382.0,46756.0,2.038,188.1,23.41,3.8,3.513,2.0,-1.0,13.36,0.031,0.232,3.0,2.0,0.0,0.0,37.94,38.03,38.06,38.06,38.03,41.33,37.79,39.23,38.2,52.58
2016-07-25 15:36:00-05:00,160.26707,161.22165,572073,40.18,0.0,173.1,34.65,323.7,,,,,,,,,,,-2147484000.0,,,,-7999.0,-7999.0,-7999.0,-7999.0,-7999.0,-7999.0,-7999.0,-7999.0,34.85,37.24,173.8,47.94,50.23,47.44,60.0,59.9,74.7,0.0,275.2,274.7,276.9,39.67,-1.57,39.71,618.0,1440369.0,42567.0,133172.0,-0.999,0.979,0.748,0.921,18.34,18.62,18.58,18.62,18.83,18.23,16.24,5.937,6.027,6.015,6.028,6.095,5.903,5.257,52919.0,53719.0,53174.0,53009.0,54005.0,51382.0,46756.0,1.795,193.3,24.06,2.8,3.513,2.0,-1.0,13.36,0.03,0.232,3.0,2.0,0.0,0.0,37.94,37.95,38.06,38.06,38.05,41.44,37.82,39.28,38.22,52.43
2016-07-25 15:37:00-05:00,161.09871,163.23901,572074,40.1,0.0,175.4,34.57,323.9,,,,,,,,,,,-2147484000.0,,,,-7999.0,-7999.0,-7999.0,-7999.0,-7999.0,-7999.0,-7999.0,-7999.0,34.73,37.25,176.1,48.7,51.03,48.23,60.0,59.9,74.7,0.0,274.8,274.0,276.3,40.24,-1.454,40.26,618.0,1440370.0,42567.0,133172.0,-0.999,0.979,0.748,0.921,18.58,18.91,18.86,18.87,19.02,18.48,16.5,6.019,6.124,6.108,6.111,6.162,5.987,5.343,52919.0,53719.0,53174.0,53009.0,54005.0,51382.0,46756.0,2.657,192.2,12.25,4.2,3.512,2.0,-1.0,13.36,0.03,0.232,3.0,2.0,0.0,0.0,37.94,38.02,38.04,38.03,38.06,41.83,37.72,39.15,38.24,52.26
2016-07-25 15:38:00-05:00,161.09871,164.69601,572075,40.01,0.0,177.3,34.53,324.7,,,,,,,,,,,-2147484000.0,,,,-7999.0,-7999.0,-7999.0,-7999.0,-7999.0,-7999.0,-7999.0,-7999.0,34.65,37.32,178.0,49.29,51.65,48.8,60.0,59.9,74.7,0.0,274.7,274.0,276.1,40.72,-1.367,40.75,618.0,1440370.0,42567.0,133172.0,-0.999,0.979,0.748,0.921,18.75,19.04,19.01,19.05,19.22,18.65,16.64,6.087,6.184,6.173,6.186,6.24,6.057,5.403,52919.0,53719.0,53174.0,53009.0,54005.0,51382.0,46756.0,1.5,204.3,14.02,2.3,3.513,2.0,-1.0,13.36,0.03,0.232,3.0,2.0,0.0,0.0,38.03,38.05,38.05,38.03,38.06,42.33,37.75,39.1,38.2,52.12
2016-07-25 15:39:00-05:00,161.09871,165.81677,572076,39.93,0.0,178.9,34.6,324.7,,,,,,,,,,,-2147484000.0,,,,-7999.0,-7999.0,-7999.0,-7999.0,-7999.0,-7999.0,-7999.0,-7999.0,34.64,37.41,179.5,49.78,52.12,49.32,60.0,59.9,74.7,0.0,274.2,274.0,276.0,41.1,-1.333,41.12,618.0,1440371.0,42567.0,133172.0,-0.999,0.979,0.748,0.921,18.94,19.33,19.2,19.2,19.41,18.91,16.79,6.149,6.275,6.235,6.234,6.301,6.14,5.453,52919.0,53719.0,53174.0,53009.0,54005.0,51382.0,46756.0,1.015,213.7,23.62,1.7,3.513,2.0,-1.0,13.36,0.03,0.232,3.0,2.0,0.0,0.0,38.07,38.13,38.11,38.13,38.16,42.4,37.89,39.25,38.29,51.99
2016-07-25 15:40:00-05:00,161.09871,166.71338,572077,39.86,0.0,180.4,34.67,324.8,,,,,,,,,,,-2147484000.0,,,,-7999.0,-7999.0,-7999.0,-7999.0,-7999.0,-7999.0,-7999.0,-7999.0,34.7,37.58,180.9,50.19,52.52,49.73,60.0,59.9,74.7,0.0,274.0,274.0,276.0,41.43,-1.289,41.45,618.0,1440372.0,42567.0,133172.0,-1.0,0.979,0.748,0.921,19.07,19.39,19.32,19.35,19.56,18.99,16.9,6.192,6.298,6.273,6.285,6.353,6.167,5.489,52919.0,53719.0,53174.0,53009.0,54005.0,51382.0,46756.0,1.272,210.9,24.41,2.2,3.513,2.0,-1.0,13.36,0.03,0.232,3.0,2.0,0.0,0.0,38.21,38.2,38.26,38.28,38.21,42.51,38.02,39.45,38.45,51.86
2016-07-25 15:41:00-05:00,161.09871,167.72206,572078,39.78,0.0,181.7,34.74,324.7,,,,,,,,,,,-2147484000.0,,,,-7999.0,-7999.0,-7999.0,-7999.0,-7999.0,-7999.0,-7999.0,-7999.0,34.72,37.72,182.2,50.49,52.79,50.03,60.0,59.9,74.7,0.0,274.3,274.0,276.0,41.69,-1.254,41.71,618.0,1440373.0,42567.0,133172.0,-1.0,0.979,0.748,0.921,19.13,19.53,19.43,19.47,19.67,19.12,17.0,6.212,6.341,6.308,6.323,6.387,6.208,5.519,52919.0,53719.0,53174.0,53009.0,54005.0,51382.0,46756.0,1.215,216.5,22.16,2.2,3.513,2.0,-1.0,13.36,0.03,0.232,3.0,2.0,0.0,0.0,38.36,38.39,38.38,38.36,38.27,42.59,38.18,39.58,38.55,51.73
2016-07-25 15:42:00-05:00,161.45512,168.84282,572079,39.71,0.0,183.1,34.67,323.8,,,,,,,,,,,-2147484000.0,,,,-7999.0,-7999.0,-7999.0,-7999.0,-7999.0,-7999.0,-7999.0,-7999.0,34.65,37.71,183.5,50.85,53.17,50.41,60.0,59.9,74.7,0.0,274.1,274.0,276.0,42.0,-1.197,42.01,618.0,1440373.0,42567.0,133172.0,-1.0,0.979,0.748,0.921,19.37,19.68,19.65,19.71,19.89,19.26,17.19,6.273,6.374,6.362,6.381,6.44,6.237,5.567,52919.0,53719.0,53174.0,53009.0,54005.0,51382.0,46756.0,1.327,225.7,23.94,2.4,3.513,2.0,-1.0,13.36,0.03,0.231,3.0,2.0,0.0,0.0,38.41,38.46,38.54,38.5,38.36,42.67,38.28,39.63,38.65,51.65
2016-07-25 15:43:00-05:00,162.52435,170.4119,572080,39.64,0.0,184.8,34.66,324.2,,,,,,,,,,,-2147484000.0,,,,-7999.0,-7999.0,-7999.0,-7999.0,-7999.0,-7999.0,-7999.0,-7999.0,34.69,37.81,185.2,51.36,53.66,50.91,60.0,59.9,74.7,0.0,274.3,274.0,276.0,42.42,-1.135,42.43,618.0,1440374.0,42567.0,133172.0,-1.0,0.979,0.748,0.921,19.52,19.85,19.81,19.89,20.06,19.43,17.34,6.327,6.436,6.421,6.449,6.502,6.298,5.62,52919.0,53719.0,53174.0,53009.0,54005.0,51382.0,46756.0,1.55,198.8,14.85,2.5,3.513,2.0,-1.0,13.36,0.03,0.232,3.0,2.0,0.0,0.0,38.44,38.53,38.6,38.63,38.49,42.9,38.3,39.74,38.73,51.53
2016-07-25 15:44:00-05:00,164.18762,172.20512,572081,39.57,0.0,186.9,34.68,324.1,,,,,,,,,,,-2147484000.0,,,,-7999.0,-7999.0,-7999.0,-7999.0,-7999.0,-7999.0,-7999.0,-7999.0,34.74,37.96,187.4,51.98,54.28,51.53,60.0,59.9,74.7,0.0,274.4,274.0,276.0,42.94,-1.074,42.95,618.0,1440375.0,42567.0,133172.0,-1.0,0.979,0.748,0.921,19.72,20.16,20.05,20.0,20.26,19.73,17.56,6.392,6.534,6.5,6.483,6.568,6.396,5.69,52919.0,53719.0,53174.0,53009.0,54005.0,51382.0,46756.0,1.137,210.3,12.78,1.6,3.513,2.0,-1.0,13.36,0.03,0.231,3.0,2.0,0.0,0.0,38.59,38.59,38.66,38.63,38.62,43.31,38.36,39.82,38.79,51.48
2016-07-25 15:45:00-05:00,166.5637,174.78287,572082,39.51,0.0,189.5,34.66,323.9,,,,,,,,,,,-2147484000.0,,,,-7999.0,-7999.0,-7999.0,-7999.0,-7999.0,-7999.0,-7999.0,-7999.0,34.78,38.1,190.0,52.8,55.12,52.33,60.0,59.9,74.7,0.0,274.3,273.5,276.0,43.58,-0.955,43.59,618.0,1440375.0,42567.0,133172.0,-1.0,0.979,0.748,0.921,20.08,20.42,20.4,20.4,20.63,19.98,17.84,6.504,6.611,6.607,6.605,6.68,6.47,5.778,52919.0,53719.0,53174.0,53009.0,54005.0,51382.0,46756.0,1.533,214.7,18.49,2.3,3.513,2.0,-1.0,13.36,0.03,0.232,3.0,2.0,0.0,0.0,38.73,38.65,38.75,38.7,38.71,43.44,38.38,39.84,38.89,51.38
2016-07-25 15:46:00-05:00,170.12784,178.14516,572083,39.45,0.0,192.9,34.58,323.3,,,,,,,,,,,-2147484000.0,,,,-7999.0,-7999.0,-7999.0,-7999.0,-7999.0,-7999.0,-7999.0,-7999.0,34.7,38.1,193.5,53.81,56.13,53.33,60.0,59.9,74.7,0.0,274.0,273.3,276.0,44.39,-0.821,44.39,618.0,1440376.0,42567.0,133172.0,-1.0,0.979,0.748,0.921,20.5,20.85,20.78,20.81,21.06,20.42,18.16,6.629,6.741,6.719,6.729,6.808,6.601,5.87,52919.0,53719.0,53174.0,53009.0,54005.0,51382.0,46756.0,,0.0,0.0,,,2.0,-1.0,13.36,0.03,0.232,3.0,2.0,0.0,0.0,38.75,38.67,38.76,38.66,38.66,43.28,38.52,39.74,38.84,51.29
2016-07-25 15:47:00-05:00,179.8698,187.67163,572084,39.39,0.0,202.6,34.52,319.5,,,,,,,,,,,-2147484000.0,,,,-7999.0,-7999.0,-7999.0,-7999.0,-7999.0,-7999.0,-7999.0,-7999.0,34.55,38.19,203.9,56.41,58.68,55.94,60.0,59.9,74.7,0.0,274.0,273.6,276.0,46.55,-0.512,46.56,618.0,1440377.0,42567.0,133172.0,-0.933,0.979,0.748,0.921,21.75,22.13,22.03,22.12,22.42,21.59,19.27,6.945,7.069,7.038,7.066,7.159,6.895,6.155,52919.0,53719.0,53174.0,53010.0,54005.0,51383.0,46756.0,1.593,217.0,12.87,2.6,3.513,2.0,-1.0,13.36,0.03,0.232,3.0,2.0,0.0,0.0,38.86,38.73,38.76,38.75,38.69,43.25,38.58,39.79,38.92,51.19
2016-07-25 15:48:00-05:00,218.83762,226.56209,572085,39.33,0.0,241.7,34.52,305.1,,,,,,,,,,,-2147484000.0,,,,-7999.0,-7999.0,-7999.0,-7999.0,-7999.0,-7999.0,-7999.0,-7999.0,34.54,38.44,244.3,65.82,68.15,65.44,60.0,59.9,74.7,0.0,274.0,273.8,276.0,54.36,0.598,54.37,618.0,1440378.0,42567.0,133172.0,0.9,0.979,0.748,0.921,26.55,27.09,26.81,26.98,27.41,26.43,23.54,8.09,8.26,8.17,8.22,8.36,8.06,7.174,52919.0,53719.0,53174.0,53010.0,54006.0,51383.0,46757.0,1.107,228.9,39.67,2.1,3.513,2.0,-1.0,13.36,0.03,0.232,3.0,2.0,0.0,0.0,39.09,38.89,38.84,38.81,38.75,43.73,38.71,39.84,39.11,51.12
2016-07-25 15:49:00-05:00,237.0147,244.27013,572086,39.27,0.0,258.5,34.6,309.7,,,,,,,,,,,-2147484000.0,,,,-7999.0,-7999.0,-7999.0,-7999.0,-7999.0,-7999.0,-7999.0,-7999.0,34.59,38.76,259.2,71.54,73.9,71.16,60.0,59.9,74.7,0.0,274.1,273.9,276.0,59.09,1.284,59.11,618.0,1440379.0,42567.0,133172.0,1.0,0.979,0.748,0.921,28.48,28.82,28.75,28.81,29.01,28.43,25.02,8.82,8.93,8.9,8.92,8.98,8.81,7.748,52920.0,53720.0,53174.0,53010.0,54006.0,51383.0,46757.0,1.603,230.0,33.71,2.2,3.512,2.0,-1.0,13.36,0.03,0.233,3.0,2.0,0.0,0.0,39.47,39.12,39.12,39.07,39.01,43.49,39.05,40.11,39.37,51.06
2016-07-25 15:50:00-05:00,252.57806,259.06418,572087,39.23,0.0,273.1,34.5,319.2,,,,,,,,,,,-2147484000.0,,,,-7999.0,-7999.0,-7999.0,-7999.0,-7999.0,-7999.0,-7999.0,-7999.0,34.53,38.83,273.7,77.2,79.55,76.82,60.0,59.9,74.7,0.0,274.5,274.0,276.1,63.81,1.955,63.84,618.0,1440380.0,42567.0,133172.0,1.0,0.979,0.748,0.921,29.91,30.17,30.15,30.16,30.32,29.78,26.18,9.55,9.63,9.62,9.63,9.68,9.51,8.36,52920.0,53720.0,53175.0,53010.0,54006.0,51383.0,46757.0,1.188,215.8,22.61,1.7,3.513,2.0,-1.0,13.36,0.029,0.233,3.0,2.0,0.0,0.0,39.58,39.37,39.38,39.35,39.32,43.79,39.29,40.52,39.77,50.98
2016-07-25 15:51:00-05:00,259.9439,265.90082,572088,39.18,0.0,279.2,34.49,326.7,,,,,,,,,,,-2147484000.0,,,,-7999.0,-7999.0,-7999.0,-7999.0,-7999.0,-7999.0,-7999.0,-7999.0,34.55,39.22,278.9,79.22,81.5,78.8,60.0,59.9,74.7,0.0,274.2,274.0,276.0,65.41,2.193,65.45,618.0,1440381.0,42567.0,133172.0,0.999,0.979,0.748,0.921,30.05,30.29,30.19,30.12,30.23,29.99,26.14,9.81,9.89,9.86,9.84,9.87,9.8,8.54,52920.0,53720.0,53175.0,53010.0,54006.0,51383.0,46757.0,1.475,232.6,14.54,2.1,3.513,2.0,-1.0,13.36,0.029,0.233,3.0,2.0,0.0,0.0,39.94,39.66,39.72,39.64,39.68,44.08,39.64,40.78,40.08,50.96
2016-07-25 15:52:00-05:00,272.65598,278.67752,572089,39.13,0.0,291.8,34.55,324.7,,,,,,,,,,,-2147484000.0,,,,-7999.0,-7999.0,-7999.0,-7999.0,-7999.0,-7999.0,-7999.0,-7999.0,34.61,39.57,292.0,82.8,85.1,82.5,60.0,59.9,74.7,0.0,274.8,274.0,276.0,68.45,2.645,68.5,618.0,1440382.0,42567.0,133172.0,0.999,0.979,0.748,0.921,31.46,31.76,31.76,31.85,32.03,31.29,27.71,10.21,10.31,10.31,10.34,10.4,10.16,8.99,52920.0,53720.0,53175.0,53011.0,54007.0,51384.0,46758.0,1.61,230.7,15.11,2.4,3.513,2.0,-1.0,13.36,0.029,0.233,3.0,2.0,0.0,0.0,40.28,39.97,40.05,40.03,40.0,44.39,39.95,41.16,40.42,50.88
2016-07-25 15:53:00-05:00,287.98175,294.03195,572090,39.08,0.0,307.4,34.63,320.6,,,,,,,,,,,-2147484000.0,,,,-7999.0,-7999.0,-7999.0,-7999.0,-7999.0,-7999.0,-7999.0,-7999.0,34.73,39.9,307.9,87.1,89.5,86.8,60.0,59.9,74.7,0.0,274.1,274.0,276.0,71.99,3.193,72.06,618.0,1440383.0,42567.0,133172.0,0.999,0.979,0.748,0.921,33.55,33.91,33.84,33.94,34.24,33.38,29.49,10.75,10.87,10.85,10.88,10.97,10.7,9.45,52921.0,53721.0,53175.0,53011.0,54007.0,51384.0,46758.0,1.198,236.7,16.74,1.9,3.513,2.0,-1.0,13.36,0.029,0.233,3.0,2.0,0.0,0.0,40.59,40.2,40.34,40.34,40.31,44.66,40.26,41.44,40.75,50.78
2016-07-25 15:54:00-05:00,330.5137,337.40546,572091,39.05,0.0,349.6,34.68,313.2,,,,,,,,,,,-2147484000.0,,,,-7999.0,-7999.0,-7999.0,-7999.0,-7999.0,-7999.0,-7999.0,-7999.0,34.82,40.26,349.5,98.7,101.3,98.5,60.0,59.9,74.7,0.0,274.2,274.0,276.0,81.5,4.679,81.7,618.0,1440385.0,42567.0,133172.0,0.998,0.979,0.748,0.921,38.31,39.11,39.14,39.35,39.85,38.54,34.48,12.0,12.25,12.26,12.32,12.48,12.07,10.8,52921.0,53721.0,53176.0,53011.0,54007.0,51384.0,46758.0,1.723,226.7,13.35,2.5,3.513,2.0,-1.0,13.36,0.029,0.234,3.0,2.0,0.0,0.0,41.0,40.52,40.72,40.73,40.62,45.01,40.62,41.92,41.21,50.78
2016-07-25 15:55:00-05:00,301.64426,309.0502,572092,39.02,0.0,320.6,34.72,323.2,,,,,,,,,,,-2147484000.0,,,,-7999.0,-7999.0,-7999.0,-7999.0,-7999.0,-7999.0,-7999.0,-7999.0,34.98,40.64,319.7,91.3,93.6,90.9,60.0,59.9,74.7,0.0,274.1,274.0,276.0,75.34,3.725,75.44,618.0,1440386.0,42567.0,133172.0,0.999,0.979,0.748,0.921,34.24,35.0,34.96,35.29,35.81,34.32,30.96,11.06,11.31,11.3,11.41,11.57,11.09,10.0,52921.0,53721.0,53176.0,53011.0,54007.0,51384.0,46758.0,,0.0,0.0,,,2.0,-1.0,13.36,0.029,0.234,3.0,2.0,0.0,0.0,41.39,40.88,41.12,41.04,40.98,45.28,40.85,42.27,41.56,50.73
2016-07-25 15:56:00-05:00,302.11945,308.4898,572093,38.99,0.0,321.1,34.77,324.5,,,,,,,,,,,-2147484000.0,,,,-7999.0,-7999.0,-7999.0,-7999.0,-7999.0,-7999.0,-7999.0,-7999.0,35.07,41.01,320.1,91.1,93.5,90.8,60.0,59.9,74.7,0.0,273.9,273.3,275.4,75.07,3.691,75.16,618.0,1440387.0,42567.0,133172.0,0.999,0.979,0.748,0.921,34.22,34.85,34.74,35.07,35.56,34.07,30.54,11.1,11.3,11.27,11.38,11.54,11.05,9.91,52921.0,53721.0,53176.0,53012.0,54007.0,51385.0,46758.0,,0.0,0.0,,,2.0,-1.0,13.36,0.029,0.233,3.0,2.0,0.0,0.0,41.71,41.17,41.44,41.36,41.36,45.51,41.09,42.56,41.81,50.68
2016-07-25 15:57:00-05:00,323.02902,328.43936,572094,38.95,0.0,341.0,34.84,320.9,,,,,,,,,,,-2147484000.0,,,,-7999.0,-7999.0,-7999.0,-7999.0,-7999.0,-7999.0,-7999.0,-7999.0,35.13,41.35,341.5,96.7,99.2,96.4,60.0,59.9,74.7,0.0,274.0,273.2,275.4,79.69,4.428,79.81,618.0,1440389.0,42567.0,133172.0,0.998,0.979,0.748,0.921,36.65,37.51,37.33,37.66,38.24,36.53,32.87,11.76,12.04,11.98,12.08,12.27,11.72,10.55,52921.0,53722.0,53176.0,53012.0,54008.0,51385.0,46759.0,,0.0,0.0,,,2.0,-1.0,13.36,0.029,0.234,3.0,2.0,0.0,0.0,41.99,41.36,41.73,41.71,41.58,45.81,41.47,42.87,42.07,50.68
2016-07-25 15:58:00-05:00,317.44525,322.05103,572095,38.94,0.0,332.3,34.81,319.6,,,,,,,,,,,-2147484000.0,,,,-7999.0,-7999.0,-7999.0,-7999.0,-7999.0,-7999.0,-7999.0,-7999.0,35.16,41.71,328.7,94.0,96.4,93.6,60.0,59.9,74.7,0.0,273.8,273.0,275.1,77.38,4.09,77.49,618.0,1440390.0,42567.0,133173.0,0.999,0.979,0.748,0.921,35.82,36.36,36.47,36.62,36.74,35.92,31.89,11.43,11.61,11.64,11.69,11.73,11.47,10.18,52922.0,53722.0,53177.0,53012.0,54008.0,51385.0,46759.0,1.26,214.8,29.7,2.2,3.513,2.0,-1.0,13.36,0.029,0.234,3.0,2.0,0.0,0.0,42.4,41.8,42.08,42.03,42.04,46.1,41.73,43.33,42.45,50.6
2016-07-25 15:59:00-05:00,285.01166,287.86777,572096,38.9,0.0,298.6,34.86,322.6,,,,,,,,,,,-2147484000.0,,,,-7999.0,-7999.0,-7999.0,-7999.0,-7999.0,-7999.0,-7999.0,-7999.0,35.09,41.61,294.3,84.2,86.5,83.8,60.0,59.9,74.7,0.0,273.5,273.1,275.1,69.31,2.827,69.37,618.0,1440391.0,42567.0,133173.0,0.999,0.979,0.748,0.921,31.93,32.3,32.36,32.49,32.66,31.87,28.29,10.3,10.41,10.43,10.48,10.53,10.27,9.12,52922.0,53722.0,53177.0,53012.0,54008.0,51385.0,46759.0,1.337,216.7,13.86,2.2,3.513,2.0,-1.0,13.36,0.029,0.233,3.0,2.0,0.0,0.0,42.35,41.97,42.23,42.28,42.18,46.3,41.87,43.57,42.57,50.59
2016-07-25 16:00:00-05:00,259.70633,261.3057,572097,38.9,0.0,271.5,34.77,328.3,,,,,,,,,,,-2147484000.0,,,,-7999.0,-7999.0,-7999.0,-7999.0,-7999.0,-7999.0,-7999.0,-7999.0,34.94,41.54,267.5,75.86,78.02,75.33,60.0,59.9,74.7,0.0,274.0,273.6,275.9,62.49,1.79,62.52,618.0,1440392.0,42567.0,133173.0,1.0,0.979,0.748,0.921,28.29,28.73,28.68,28.67,28.86,28.23,25.07,9.29,9.43,9.42,9.41,9.47,9.27,8.23,52922.0,53722.0,53177.0,53013.0,54008.0,51386.0,46759.0,1.693,238.7,11.73,2.4,3.513,2.0,-1.0,13.36,0.028,0.233,3.0,2.0,0.0,0.0,42.3,41.97,42.3,42.25,42.22,46.26,41.97,43.4,42.62,50.59
2016-07-25 16:01:00-05:00,247.46945,247.85657,572098,38.9,0.0,257.5,34.74,326.2,,,,,,,,,,,-2147484000.0,,,,-7999.0,-7999.0,-7999.0,-7999.0,-7999.0,-7999.0,-7999.0,-7999.0,34.79,41.44,254.1,71.8,73.9,71.29,60.0,59.9,74.7,0.0,274.0,273.8,275.9,59.16,1.258,59.17,618.0,1440393.0,42567.0,133173.0,1.0,0.979,0.748,0.921,27.04,27.57,27.34,27.33,27.6,27.06,23.84,8.82,8.99,8.92,8.92,9.0,8.83,7.778,52922.0,53722.0,53177.0,53013.0,54009.0,51386.0,46760.0,1.62,238.9,18.46,2.4,3.513,2.0,-1.0,13.36,0.028,0.232,3.0,2.0,0.0,0.0,42.11,41.89,42.2,42.24,42.12,46.16,41.81,43.38,42.54,50.59
2016-07-25 16:02:00-05:00,239.27196,238.10593,572099,38.86,0.0,247.1,34.64,325.4,,,,,,,,,,,-2147484000.0,,,,-7999.0,-7999.0,-7999.0,-7999.0,-7999.0,-7999.0,-7999.0,-7999.0,34.61,41.24,244.1,68.76,70.86,68.23,60.0,59.9,74.7,0.0,274.0,273.9,276.0,56.68,0.897,56.69,618.0,1440394.0,42567.0,133173.0,1.0,0.979,0.748,0.921,26.06,26.38,26.27,26.26,26.51,25.84,22.92,8.48,8.58,8.55,8.55,8.63,8.41,7.457,52923.0,53723.0,53177.0,53013.0,54009.0,51386.0,46760.0,2.055,250.5,11.23,2.8,3.512,2.0,-1.0,13.36,0.029,0.232,3.0,2.0,0.0,0.0,41.97,41.78,42.02,42.14,42.01,45.95,41.79,43.12,42.44,50.51
2016-07-25 16:03:00-05:00,231.90611,228.91568,572100,38.86,0.0,237.4,34.69,325.0,,,,,,,,,,,-2147484000.0,,,,-7999.0,-7999.0,-7999.0,-7999.0,-7999.0,-7999.0,-7999.0,-7999.0,34.58,41.24,234.8,65.92,68.03,65.42,60.0,59.9,74.7,0.0,274.0,274.0,276.0,54.39,0.553,54.39,618.0,1440395.0,42567.0,133173.0,1.0,0.979,0.748,0.921,25.01,25.28,25.22,25.28,25.44,24.81,22.0,8.13,8.21,8.2,8.21,8.27,8.06,7.148,52923.0,53723.0,53178.0,53013.0,54009.0,51386.0,46760.0,1.342,249.2,15.03,2.2,3.512,2.0,-1.0,13.36,0.028,0.232,3.0,2.0,0.0,0.0,41.87,41.57,41.87,41.95,41.81,45.69,41.77,42.83,42.25,50.49
2016-07-25 16:04:00-05:00,225.49066,220.50996,572101,38.83,0.0,228.4,34.64,324.4,,,,,,,,,,,-2147484000.0,,,,-7999.0,-7999.0,-7999.0,-7999.0,-7999.0,-7999.0,-7999.0,-7999.0,34.56,40.82,226.3,63.38,65.5,62.93,60.0,59.9,74.7,0.0,274.0,274.0,276.0,52.32,0.245,52.32,618.0,1440396.0,42567.0,133173.0,1.0,0.979,0.748,0.921,24.09,24.53,24.36,24.2,24.53,24.05,21.24,7.816,7.958,7.903,7.849,7.958,7.804,6.89,52923.0,53723.0,53178.0,53014.0,54009.0,51387.0,46760.0,2.777,236.0,19.34,4.3,3.513,2.0,-1.0,13.36,0.028,0.232,3.0,2.0,0.0,0.0,41.61,41.4,41.66,41.87,41.74,45.56,41.69,42.72,42.2,50.49
2016-07-25 16:05:00-05:00,221.0949,214.2337,572102,38.82,0.0,221.8,34.67,324.3,,,,,,,,,,,-2147484000.0,,,,-7999.0,-7999.0,-7999.0,-7999.0,-7999.0,-7999.0,-7999.0,-7999.0,34.75,40.53,219.9,61.52,63.65,61.06,60.0,59.9,74.7,0.0,274.0,274.0,276.0,50.79,0.031,50.79,618.0,1440397.0,42567.0,133173.0,0.733,0.979,0.748,0.921,23.4,23.74,23.72,23.6,23.82,23.26,20.67,7.588,7.698,7.691,7.653,7.723,7.543,6.701,52923.0,53723.0,53178.0,53014.0,54010.0,51387.0,46760.0,,0.0,0.0,,,2.0,-1.0,13.36,0.028,0.232,3.0,2.0,0.0,0.0,41.3,41.08,41.45,41.62,41.58,45.43,41.28,42.53,41.89,50.46
2016-07-25 16:06:00-05:00,216.46153,208.0695,572103,38.81,0.0,215.5,34.68,324.5,,,,,,,,,,,-2147484000.0,,,,-7999.0,-7999.0,-7999.0,-7999.0,-7999.0,-7999.0,-7999.0,-7999.0,34.69,40.45,213.7,59.79,61.89,59.29,60.0,59.9,74.7,0.0,274.0,273.5,275.8,49.27,-0.168,49.27,618.0,1440397.0,42567.0,133173.0,-0.767,0.979,0.748,0.921,22.73,22.95,22.95,23.0,23.17,22.48,19.98,7.378,7.449,7.446,7.465,7.52,7.296,6.484,52924.0,53724.0,53178.0,53014.0,54010.0,51387.0,46760.0,1.967,241.8,12.41,3.0,3.512,2.0,-1.0,13.36,0.028,0.232,3.0,2.0,0.0,0.0,41.2,40.96,41.29,41.49,41.4,45.28,41.11,42.44,41.64,50.39
2016-07-25 16:07:00-05:00,211.59055,202.3536,572104,38.77,0.0,209.6,34.62,323.3,,,,,,,,,,,-2147484000.0,,,,-7999.0,-7999.0,-7999.0,-7999.0,-7999.0,-7999.0,-7999.0,-7999.0,34.57,40.21,207.8,58.12,60.23,57.6,60.0,59.9,74.7,0.0,274.0,274.0,276.0,47.91,-0.364,47.91,618.0,1440398.0,42567.0,133173.0,-1.0,0.979,0.748,0.921,22.17,22.45,22.43,22.42,22.56,21.96,19.54,7.168,7.258,7.25,7.247,7.292,7.099,6.317,52924.0,53724.0,53179.0,53014.0,54010.0,51387.0,46760.0,2.153,233.6,13.61,3.4,3.512,2.0,-1.0,13.36,0.028,0.232,3.0,2.0,0.0,0.0,40.93,40.75,41.02,41.35,41.13,45.07,40.93,42.26,41.45,50.39
2016-07-25 16:08:00-05:00,207.4324,197.98264,572105,38.74,0.0,205.3,34.52,323.2,,,,,,,,,,,-2147484000.0,,,,-7999.0,-7999.0,-7999.0,-7999.0,-7999.0,-7999.0,-7999.0,-7999.0,34.45,39.99,203.5,57.01,59.13,56.46,60.0,59.9,74.7,0.0,273.9,273.3,275.8,46.94,-0.48,46.95,618.0,1440399.0,42567.0,133173.0,-1.0,0.979,0.748,0.921,21.74,22.05,21.93,21.98,22.16,21.61,19.12,7.027,7.127,7.087,7.102,7.161,6.983,6.179,52924.0,53724.0,53179.0,53014.0,54010.0,51387.0,46760.0,2.193,234.7,16.98,3.0,3.513,2.0,-1.0,13.36,0.028,0.231,3.0,2.0,0.0,0.0,40.71,40.57,40.78,41.19,41.04,44.87,40.71,42.03,41.24,50.39
2016-07-25 16:09:00-05:00,203.63066,194.39621,572106,38.73,0.0,202.1,34.41,323.1,,,,,,,,,,,-2147484000.0,,,,-7999.0,-7999.0,-7999.0,-7999.0,-7999.0,-7999.0,-7999.0,-7999.0,34.34,39.65,200.0,56.16,58.3,55.61,60.0,59.9,74.7,0.0,274.0,273.1,275.9,46.23,-0.585,46.24,618.0,1440400.0,42567.0,133173.0,-1.0,0.979,0.748,0.921,21.4,21.81,21.7,21.55,21.79,21.37,18.91,6.912,7.046,7.011,6.962,7.041,6.903,6.108,52924.0,53724.0,53179.0,53014.0,54010.0,51387.0,46760.0,,0.0,0.0,,,2.0,-1.0,13.36,0.028,0.231,3.0,2.0,0.0,0.0,40.44,40.39,40.63,40.99,40.91,44.69,40.39,41.84,40.96,50.39
2016-07-25 16:10:00-05:00,199.4725,190.6977,572107,38.71,0.0,198.8,34.33,324.1,,,,,,,,,,,-2147484000.0,,,,-7999.0,-7999.0,-7999.0,-7999.0,-7999.0,-7999.0,-7999.0,-7999.0,34.34,39.49,196.6,55.23,57.39,54.65,60.0,59.9,74.7,0.0,274.0,273.8,276.0,45.5,-0.705,45.5,618.0,1440400.0,42567.0,133173.0,-1.0,0.979,0.748,0.921,21.03,21.31,21.2,21.22,21.43,20.86,18.48,6.815,6.905,6.871,6.875,6.945,6.761,5.989,52924.0,53724.0,53179.0,53014.0,54010.0,51387.0,46760.0,1.937,227.6,15.02,2.7,3.513,2.0,-1.0,13.36,0.028,0.231,3.0,2.0,0.0,0.0,40.23,40.19,40.32,40.7,40.65,44.43,40.02,41.67,40.81,50.39
2016-07-25 16:11:00-05:00,193.65111,185.65427,572108,38.68,0.0,194.0,34.33,325.2,,,,,,,,,,,-2147484000.0,,,,-7999.0,-7999.0,-7999.0,-7999.0,-7999.0,-7999.0,-7999.0,-7999.0,34.27,39.24,191.5,53.77,56.0,53.21,60.0,59.9,74.7,0.0,274.0,273.1,276.0,44.28,-0.871,44.29,618.0,1440401.0,42567.0,133173.0,-1.0,0.979,0.748,0.921,20.41,20.75,20.59,20.57,20.81,20.28,17.95,6.636,6.748,6.695,6.69,6.767,6.594,5.839,52924.0,53724.0,53179.0,53014.0,54010.0,51387.0,46760.0,1.827,223.5,25.97,3.2,3.513,2.0,-1.0,13.36,0.028,0.231,3.0,2.0,0.0,0.0,40.0,40.01,40.06,40.5,40.43,44.25,39.82,41.53,40.65,50.39
2016-07-25 16:12:00-05:00,185.81,178.70554,572109,38.65,0.0,187.0,34.27,325.4,,,,,,,,,,,-2147484000.0,,,,-7999.0,-7999.0,-7999.0,-7999.0,-7999.0,-7999.0,-7999.0,-7999.0,34.28,38.99,184.6,51.71,53.96,51.16,60.0,59.9,74.7,0.0,274.0,273.2,276.0,42.6,-1.119,42.61,618.0,1440402.0,42567.0,133173.0,-1.0,0.979,0.748,0.921,19.64,19.91,19.81,19.83,19.98,19.44,17.28,6.39,6.478,6.446,6.452,6.501,6.326,5.622,52924.0,53724.0,53179.0,53014.0,54010.0,51387.0,46760.0,,0.0,0.0,,,2.0,-1.0,13.36,0.028,0.231,3.0,2.0,0.0,0.0,39.71,39.84,39.96,40.35,40.3,44.11,39.66,41.33,40.47,50.39
2016-07-25 16:13:00-05:00,175.59283,169.51529,572110,38.63,0.0,177.6,34.29,326.5,,,,,,,,,,,-2147484000.0,,,,-7999.0,-7999.0,-7999.0,-7999.0,-7999.0,-7999.0,-7999.0,-7999.0,34.33,38.98,175.4,48.95,51.18,48.4,60.0,59.9,74.7,0.0,274.0,273.6,276.0,40.31,-1.46,40.34,618.0,1440403.0,42567.0,133173.0,-0.999,0.979,0.748,0.921,18.51,18.78,18.69,18.69,18.88,18.36,16.35,6.044,6.132,6.103,6.103,6.165,5.993,5.336,52924.0,53724.0,53179.0,53014.0,54010.0,51387.0,46760.0,1.442,234.9,28.34,2.4,3.512,2.0,-1.0,13.36,0.028,0.231,3.0,2.0,0.0,0.0,39.61,39.84,39.8,40.19,40.12,43.97,39.54,41.25,40.31,50.39
2016-07-25 16:14:00-05:00,163.23718,158.41974,572111,38.59,0.0,166.2,34.29,326.7,,,,,,,,,,,-2147484000.0,,,,-7999.0,-7999.0,-7999.0,-7999.0,-7999.0,-7999.0,-7999.0,-7999.0,34.24,38.85,164.4,45.63,47.85,45.08,60.0,59.9,74.7,0.0,274.0,273.8,276.0,37.54,-1.886,37.58,618.0,1440403.0,42567.0,133173.0,-0.999,0.979,0.748,0.921,17.25,17.5,17.4,17.41,17.6,17.08,15.22,5.633,5.717,5.685,5.686,5.749,5.579,4.972,52924.0,53724.0,53179.0,53014.0,54010.0,51387.0,46760.0,1.878,243.2,13.19,2.7,3.513,2.0,-1.0,13.36,0.028,0.231,3.0,2.0,0.0,0.0,39.54,39.74,39.68,40.06,40.09,43.86,39.49,41.14,40.14,50.34
2016-07-25 16:15:00-05:00,150.2875,146.98796,572112,38.55,0.0,154.4,34.2,326.4,,,,,,,,,,,-2147484000.0,,,,-7999.0,-7999.0,-7999.0,-7999.0,-7999.0,-7999.0,-7999.0,-7999.0,34.14,38.59,153.1,42.2,44.4,41.68,60.0,59.9,74.7,0.0,274.0,273.9,276.0,34.65,-2.325,34.73,618.0,1440404.0,42567.0,133173.0,-0.998,0.979,0.748,0.921,15.95,16.22,16.1,16.13,16.32,15.78,14.09,5.205,5.292,5.253,5.265,5.327,5.151,4.598,52924.0,53724.0,53179.0,53014.0,54010.0,51387.0,46760.0,,0.0,0.0,,,2.0,-1.0,13.36,0.028,0.231,3.0,2.0,0.0,0.0,39.25,39.47,39.47,39.96,39.85,43.67,39.29,40.94,39.98,50.29
2016-07-25 16:16:00-05:00,139.83272,137.34941,572113,38.53,0.0,144.6,34.14,325.4,,,,,,,,,,,-2147484000.0,,,,-7999.0,-7999.0,-7999.0,-7999.0,-7999.0,-7999.0,-7999.0,-7999.0,34.16,38.4,143.7,39.34,41.55,38.85,60.0,59.9,74.7,0.0,274.0,273.8,276.0,32.28,-2.684,32.4,618.0,1440404.0,42567.0,133173.0,-0.997,0.979,0.748,0.921,14.88,15.21,15.07,15.05,15.28,14.79,13.19,4.841,4.95,4.903,4.897,4.972,4.811,4.291,52924.0,53724.0,53179.0,53014.0,54010.0,51387.0,46760.0,,0.0,0.0,,,2.0,-1.0,13.36,0.028,0.231,3.0,2.0,0.0,0.0,39.05,39.23,39.26,39.74,39.66,43.49,39.11,40.76,39.81,50.29
2016-07-25 16:17:00-05:00,132.46684,130.17654,572114,38.5,0.0,137.3,34.17,323.5,,,,,,,,,,,-2147484000.0,,,,-7999.0,-7999.0,-7999.0,-7999.0,-7999.0,-7999.0,-7999.0,-7999.0,34.18,38.1,136.7,37.34,39.53,36.84,60.0,59.9,74.7,0.0,274.0,273.8,276.0,30.58,-2.949,30.73,618.0,1440405.0,42567.0,133173.0,-0.995,0.979,0.748,0.921,14.22,14.47,14.4,14.42,14.58,14.06,12.62,4.599,4.681,4.657,4.664,4.717,4.547,4.08,52924.0,53724.0,53179.0,53014.0,54010.0,51387.0,46760.0,1.985,212.9,13.15,3.4,3.513,2.0,-1.0,13.36,0.028,0.231,3.0,2.0,0.0,0.0,38.76,38.94,38.92,39.29,39.2,43.66,38.61,40.39,39.49,50.24
2016-07-25 16:18:00-05:00,127.952286,125.35726,572115,38.47,0.0,132.3,34.16,322.9,,,,,,,,,,,-2147484000.0,,,,-7999.0,-7999.0,-7999.0,-7999.0,-7999.0,-7999.0,-7999.0,-7999.0,34.19,37.97,131.9,36.06,38.26,35.56,60.0,59.9,74.7,0.0,273.1,272.6,274.8,29.4,-3.108,29.56,618.0,1440405.0,42567.0,133173.0,-0.994,0.979,0.748,0.921,13.67,13.97,13.91,13.89,14.04,13.58,12.18,4.416,4.511,4.49,4.486,4.533,4.384,3.932,52924.0,53724.0,53179.0,53014.0,54010.0,51387.0,46760.0,1.333,207.8,20.98,2.3,3.513,2.0,-1.0,13.36,0.028,0.23,3.0,2.0,0.0,0.0,38.6,38.76,38.74,39.15,39.1,43.54,38.55,40.21,39.21,50.19
2016-07-25 16:19:00-05:00,124.15055,121.09835,572116,38.43,0.0,128.0,34.13,322.9,,,,,,,,,,,-2147484000.0,,,,-7999.0,-7999.0,-7999.0,-7999.0,-7999.0,-7999.0,-7999.0,-7999.0,34.15,37.79,127.6,34.93,37.11,34.43,60.0,59.9,74.7,0.0,272.6,272.0,274.1,28.39,-3.239,28.57,618.0,1440406.0,42567.0,133173.0,-0.994,0.979,0.748,0.921,13.24,13.49,13.42,13.43,13.61,13.1,11.75,4.274,4.356,4.332,4.335,4.395,4.228,3.793,52924.0,53724.0,53179.0,53014.0,54010.0,51387.0,46760.0,1.593,208.5,18.93,2.6,3.513,2.0,-1.0,13.36,0.028,0.23,3.0,2.0,0.0,0.0,38.44,38.68,38.5,38.92,38.86,43.32,38.34,40.01,38.98,50.16
2016-07-25 16:20:00-05:00,119.8736,116.72739,572117,38.39,0.0,123.7,34.11,323.0,,,,,,,,,,,-2147484000.0,,,,-7999.0,-7999.0,-7999.0,-7999.0,-7999.0,-7999.0,-7999.0,-7999.0,34.15,37.55,123.3,33.71,35.92,33.23,60.0,59.9,74.7,0.0,272.3,272.0,274.0,27.36,-3.383,27.57,618.0,1440406.0,42567.0,133173.0,-0.992,0.979,0.748,0.921,12.77,13.04,12.93,12.96,13.14,12.65,11.33,4.124,4.212,4.176,4.186,4.244,4.085,3.659,52924.0,53724.0,53179.0,53014.0,54010.0,51387.0,46760.0,,0.0,0.0,,,2.0,-1.0,13.36,0.027,0.23,3.0,2.0,0.0,0.0,38.21,38.49,38.3,38.78,38.68,43.08,38.14,39.77,38.73,50.1
2016-07-25 16:21:00-05:00,115.596634,112.916794,572118,38.36,0.0,120.0,34.1,322.8,,,,,,,,,,,-2147484000.0,,,,-7999.0,-7999.0,-7999.0,-7999.0,-7999.0,-7999.0,-7999.0,-7999.0,34.17,37.35,119.6,32.62,34.8,32.15,60.0,59.9,74.7,0.0,272.9,272.0,274.3,26.45,-3.53,26.68,618.0,1440407.0,42567.0,133173.0,-0.991,0.979,0.748,0.921,12.34,12.61,12.53,12.54,12.73,12.24,10.97,3.984,4.071,4.044,4.046,4.109,3.949,3.539,52924.0,53724.0,53179.0,53014.0,54010.0,51387.0,46760.0,1.73,207.9,20.17,3.1,3.512,2.0,-1.0,13.36,0.027,0.23,3.0,2.0,0.0,0.0,37.97,38.26,38.07,38.5,38.44,42.75,37.87,39.5,38.51,50.01
2016-07-25 16:22:00-05:00,112.50771,110.22695,572119,38.32,0.0,117.5,34.09,322.7,,,,,,,,,,,-2147484000.0,,,,-7999.0,-7999.0,-7999.0,-7999.0,-7999.0,-7999.0,-7999.0,-7999.0,34.15,37.14,117.0,31.89,34.08,31.41,60.0,59.9,74.7,0.0,273.0,272.1,274.7,25.84,-3.628,26.09,618.0,1440407.0,42568.0,133173.0,-0.99,0.979,0.748,0.921,12.1,12.31,12.25,12.31,12.45,11.93,10.72,3.903,3.971,3.954,3.973,4.017,3.848,3.46,52924.0,53724.0,53179.0,53014.0,54010.0,51387.0,46760.0,1.992,208.0,17.93,2.9,3.51,2.0,-1.0,13.36,0.027,0.23,3.0,2.0,0.0,0.0,37.76,38.07,37.84,38.23,38.09,42.14,37.63,39.2,38.3,49.97
2016-07-25 16:23:00-05:00,110.13163,108.32166,572120,38.28,0.0,115.8,34.03,322.6,,,,,,,,,,,-2147484000.0,,,,-7999.0,-7999.0,-7999.0,-7999.0,-7999.0,-7999.0,-7999.0,-7999.0,34.02,36.86,115.2,31.48,33.66,31.0,60.0,59.9,74.7,0.0,273.0,272.3,275.0,25.48,-3.677,25.75,618.0,1440408.0,42568.0,133173.0,-0.99,0.979,0.748,0.921,11.92,12.17,12.09,12.13,12.27,11.81,10.58,3.846,3.926,3.901,3.913,3.959,3.809,3.414,52924.0,53724.0,53179.0,53014.0,54010.0,51387.0,46760.0,2.502,209.7,14.95,4.7,3.51,2.0,-1.0,13.36,0.027,0.23,3.0,2.0,0.0,0.0,37.48,37.75,37.58,37.98,37.91,41.85,37.44,38.99,38.04,49.92
2016-07-25 16:24:00-05:00,108.11196,106.97675,572121,38.23,0.0,114.5,33.98,323.0,,,,,,,,,,,-2147484000.0,,,,-7999.0,-7999.0,-7999.0,-7999.0,-7999.0,-7999.0,-7999.0,-7999.0,33.95,36.56,113.7,31.12,33.29,30.65,60.0,59.9,74.7,0.0,273.0,272.7,275.0,25.19,-3.733,25.46,618.0,1440408.0,42568.0,133173.0,-0.989,0.979,0.748,0.921,11.78,12.05,11.97,11.97,12.12,11.68,10.47,3.804,3.89,3.865,3.867,3.915,3.77,3.38,52924.0,53724.0,53179.0,53014.0,54010.0,51387.0,46760.0,3.132,209.1,12.08,4.7,3.512,2.0,-1.0,13.36,0.072,0.23,3.0,2.0,0.0,0.0,37.21,37.42,37.36,37.66,37.52,41.67,37.19,38.56,37.68,49.82
2016-07-25 16:25:00-05:00,106.44869,105.631836,572122,38.19,0.0,113.2,33.95,323.3,,,,,,,,,,,-2147484000.0,,,,-7999.0,-7999.0,-7999.0,-7999.0,-7999.0,-7999.0,-7999.0,-7999.0,33.88,36.35,112.3,30.83,32.97,30.34,60.0,59.9,74.7,0.0,273.0,272.8,274.9,24.92,-3.774,25.2,618.0,1440408.0,42568.0,133173.0,-0.989,0.979,0.748,0.921,11.63,11.88,11.81,11.85,11.98,11.53,10.33,3.761,3.84,3.82,3.831,3.874,3.726,3.339,52924.0,53724.0,53179.0,53014.0,54010.0,51387.0,46760.0,1.832,210.8,18.11,3.0,3.512,2.0,-1.0,13.39,0.083,0.229,3.0,2.0,0.0,0.0,36.97,37.36,37.16,37.44,37.34,41.18,37.0,38.35,37.48,49.79
2016-07-25 16:26:00-05:00,104.90424,104.28692,572123,38.15,0.0,112.3,33.89,323.6,,,,,,,,,,,-2147484000.0,,,,-7999.0,-7999.0,-7999.0,-7999.0,-7999.0,-7999.0,-7999.0,-7999.0,33.82,36.23,111.1,30.43,32.59,29.96,60.0,59.9,74.7,0.0,273.7,273.0,275.4,24.65,-3.836,24.95,618.0,1440409.0,42568.0,133173.0,-0.988,0.979,0.748,0.921,11.5,11.75,11.67,11.69,11.87,11.41,10.2,3.722,3.802,3.777,3.783,3.842,3.692,3.301,52924.0,53724.0,53179.0,53014.0,54010.0,51387.0,46760.0,1.323,200.4,27.32,2.5,3.513,2.0,-1.0,13.39,0.045,0.229,3.0,2.0,0.0,0.0,36.84,37.16,37.05,37.32,37.23,40.97,36.9,38.22,37.34,49.75
2016-07-25 16:27:00-05:00,102.64696,102.269554,572124,38.1,0.0,110.7,33.83,323.8,,,,,,,,,,,-2147484000.0,,,,-7999.0,-7999.0,-7999.0,-7999.0,-7999.0,-7999.0,-7999.0,-7999.0,33.76,36.11,109.3,29.98,32.14,29.52,60.0,59.9,74.7,0.0,274.0,273.6,275.9,24.28,-3.9,24.59,618.0,1440409.0,42568.0,133173.0,-0.987,0.979,0.748,0.921,11.4,11.56,11.47,11.57,11.73,11.24,10.03,3.691,3.741,3.712,3.745,3.797,3.637,3.247,52924.0,53724.0,53179.0,53014.0,54010.0,51387.0,46760.0,1.187,202.1,19.57,2.0,3.51,2.0,-1.0,13.39,0.037,0.229,3.0,2.0,0.0,0.0,36.63,37.03,36.9,37.18,37.1,40.7,36.76,38.07,37.21,49.72
2016-07-25 16:28:00-05:00,99.79565,99.57972,572125,38.05,0.0,108.4,33.8,324.4,,,,,,,,,,,-2147484000.0,,,,-7999.0,-7999.0,-7999.0,-7999.0,-7999.0,-7999.0,-7999.0,-7999.0,33.72,36.09,106.9,29.36,31.5,28.9,60.0,59.9,74.7,0.0,273.9,273.3,275.7,23.73,-3.984,24.06,618.0,1440410.0,42568.0,133173.0,-0.986,0.979,0.748,0.921,11.07,11.3,11.23,11.25,11.4,11.0,9.83,3.59,3.665,3.641,3.651,3.697,3.567,3.189,52924.0,53724.0,53179.0,53014.0,54010.0,51387.0,46760.0,1.26,225.9,20.28,2.1,3.512,2.0,-1.0,13.39,0.035,0.229,3.0,2.0,0.0,0.0,36.6,37.0,36.79,37.06,36.95,40.36,36.69,37.94,37.11,49.63
2016-07-25 16:29:00-05:00,96.70674,96.553665,572126,38.01,0.0,105.5,33.85,324.5,,,,,,,,,,,-2147484000.0,,,,-7999.0,-7999.0,-7999.0,-7999.0,-7999.0,-7999.0,-7999.0,-7999.0,33.72,35.96,104.0,28.57,30.72,28.14,60.0,59.9,74.7,0.0,273.8,273.0,275.1,23.04,-4.083,23.4,618.0,1440410.0,42568.0,133173.0,-0.985,0.979,0.748,0.921,10.76,10.95,10.91,10.94,11.08,10.64,9.55,3.491,3.552,3.539,3.551,3.594,3.453,3.099,52924.0,53724.0,53179.0,53014.0,54010.0,51387.0,46760.0,1.323,235.8,13.32,1.9,3.513,2.0,-1.0,13.39,0.033,0.229,3.0,2.0,0.0,0.0,36.61,36.94,36.71,36.92,36.9,40.34,36.66,37.8,37.05,49.53
2016-07-25 16:30:00-05:00,93.38022,93.0793,572127,37.96,0.0,102.3,33.85,324.8,,,,,,,,,,,-2147484000.0,,,,-7999.0,-7999.0,-7999.0,-7999.0,-7999.0,-7999.0,-7999.0,-7999.0,33.68,35.81,100.8,27.63,29.8,27.24,60.0,59.9,74.7,0.0,273.5,273.1,275.4,22.24,-4.208,22.64,618.0,1440410.0,42568.0,133173.0,-0.983,0.979,0.748,0.921,10.42,10.59,10.49,10.57,10.73,10.3,9.18,3.382,3.44,3.408,3.434,3.486,3.345,2.982,52924.0,53724.0,53179.0,53014.0,54010.0,51387.0,46760.0,,0.0,0.0,,,2.5,-1.0,13.39,0.032,0.229,3.0,2.0,0.0,0.0,36.45,36.77,36.56,36.85,36.79,40.29,36.55,37.72,36.95,49.45
2016-07-25 16:31:00-05:00,90.053696,89.604935,572128,37.92,0.0,98.9,33.71,324.6,,,,,,,,,,,-2147484000.0,,,,-7999.0,-7999.0,-7999.0,-7999.0,-7999.0,-7999.0,-7999.0,-7999.0,33.6,35.62,97.5,26.64,28.81,26.27,60.0,59.9,74.7,0.0,273.9,273.4,275.7,21.4,-4.344,21.83,618.0,1440411.0,42568.0,133173.0,-0.98,0.979,0.748,0.921,10.0,10.26,10.17,10.18,10.32,9.96,8.88,3.246,3.33,3.301,3.304,3.351,3.233,2.883,52924.0,53724.0,53179.0,53014.0,54010.0,51387.0,46760.0,,0.0,0.0,,,2.0,-1.0,13.39,0.032,0.229,3.0,2.0,0.0,0.0,36.32,36.66,36.46,36.72,36.66,40.04,36.41,37.6,36.82,49.33
2016-07-25 16:32:00-05:00,86.84598,86.24265,572129,37.86,0.0,95.6,33.79,324.6,,,,,,,,,,,-2147484000.0,,,,-7999.0,-7999.0,-7999.0,-7999.0,-7999.0,-7999.0,-7999.0,-7999.0,33.6,35.49,94.2,25.7,27.91,25.38,60.0,59.9,74.7,0.0,274.0,273.2,275.8,20.59,-4.465,21.07,618.0,1440411.0,42568.0,133173.0,-0.977,0.979,0.748,0.921,9.66,9.84,9.78,9.83,9.95,9.53,8.56,3.134,3.194,3.174,3.189,3.229,3.095,2.779,52924.0,53724.0,53179.0,53014.0,54010.0,51387.0,46760.0,2.038,226.4,12.98,2.8,3.512,2.0,-1.0,13.39,0.032,0.229,3.0,2.0,0.0,0.0,36.16,36.46,36.31,36.58,36.51,39.83,36.3,37.47,36.64,49.25
2016-07-25 16:33:00-05:00,83.63826,82.99244,572130,37.81,0.0,92.4,33.75,324.8,,,,,,,,,,,-2147484000.0,,,,-7999.0,-7999.0,-7999.0,-7999.0,-7999.0,-7999.0,-7999.0,-7999.0,33.61,35.39,91.1,24.8,27.0,24.51,60.0,59.9,74.7,0.0,274.0,273.3,275.6,19.81,-4.586,20.34,618.0,1440411.0,42568.0,133173.0,-0.974,0.979,0.748,0.921,9.27,9.49,9.43,9.46,9.57,9.2,8.27,3.011,3.08,3.061,3.072,3.107,2.987,2.687,52924.0,53724.0,53179.0,53014.0,54010.0,51387.0,46760.0,,0.0,0.0,,,2.5,-1.0,13.39,0.031,0.229,3.0,2.0,0.0,0.0,36.08,36.35,36.18,36.46,36.43,39.75,36.15,37.32,36.42,49.17
2016-07-25 16:34:00-05:00,80.54935,79.63015,572131,37.77,0.0,89.2,33.79,325.0,,,,,,,,,,,-2147484000.0,,,,-7999.0,-7999.0,-7999.0,-7999.0,-7999.0,-7999.0,-7999.0,-7999.0,33.65,35.35,88.0,23.92,26.11,23.65,60.0,59.9,74.7,0.0,273.9,273.2,275.4,19.03,-4.695,19.6,618.0,1440412.0,42568.0,133173.0,-0.971,0.979,0.748,0.921,8.94,9.11,9.05,9.09,9.24,8.82,7.949,2.904,2.96,2.941,2.955,3.003,2.868,2.583,52924.0,53724.0,53179.0,53014.0,54010.0,51387.0,46760.0,1.328,225.1,16.0,2.5,3.512,2.0,-1.0,13.39,0.031,0.229,3.0,2.0,0.0,0.0,35.98,36.25,36.07,36.33,36.3,40.23,36.07,37.26,36.35,49.1
2016-07-25 16:35:00-05:00,77.460434,76.379944,572132,37.71,0.0,85.9,33.75,325.1,,,,,,,,,,,-2147484000.0,,,,-7999.0,-7999.0,-7999.0,-7999.0,-7999.0,-7999.0,-7999.0,-7999.0,33.61,35.22,84.7,23.01,25.2,22.76,60.0,59.9,74.7,0.0,273.9,273.1,275.3,18.21,-4.827,18.84,618.0,1440412.0,42568.0,133173.0,-0.967,0.979,0.748,0.921,8.52,8.74,8.71,8.7,8.81,8.46,7.638,2.769,2.841,2.831,2.829,2.864,2.751,2.483,52924.0,53724.0,53179.0,53014.0,54010.0,51387.0,46760.0,1.607,215.3,22.72,3.3,3.513,2.0,-1.0,13.39,0.031,0.228,3.0,2.0,0.0,0.0,35.85,36.09,35.91,36.2,36.15,40.52,35.96,37.06,36.2,49.0
2016-07-25 16:36:00-05:00,74.13392,73.017654,572133,37.67,0.0,82.6,33.72,325.4,,,,,,,,,,,-2147484000.0,,,,-7999.0,-7999.0,-7999.0,-7999.0,-7999.0,-7999.0,-7999.0,-7999.0,33.63,35.13,81.4,22.01,24.25,21.82,60.0,59.9,74.7,0.0,274.0,273.0,275.2,17.34,-4.952,18.03,618.0,1440412.0,42568.0,133173.0,-0.962,0.979,0.748,0.921,8.15,8.37,8.3,8.28,8.42,8.1,7.277,2.65,2.722,2.701,2.695,2.741,2.636,2.368,52924.0,53724.0,53179.0,53014.0,54010.0,51387.0,46760.0,1.46,212.7,20.68,3.1,3.512,2.0,-1.0,13.39,0.03,0.228,3.0,2.0,0.0,0.0,35.74,35.99,35.78,36.07,36.04,40.42,35.83,36.92,36.08,48.9
2016-07-25 16:37:00-05:00,70.807396,69.54329,572134,37.61,0.0,79.24,33.57,325.6,,,,,,,,,,,-2147484000.0,,,,-7999.0,-7999.0,-7999.0,-7999.0,-7999.0,-7999.0,-7999.0,-7999.0,33.46,34.97,78.0,21.03,23.27,20.89,60.0,59.9,74.7,0.0,274.0,273.3,275.6,16.47,-5.087,17.24,618.0,1440413.0,42569.0,133173.0,-0.955,0.979,0.748,0.921,7.772,7.946,7.877,7.926,8.03,7.673,6.901,2.53,2.587,2.564,2.58,2.613,2.498,2.247,52924.0,53724.0,53179.0,53014.0,54010.0,51387.0,46760.0,1.857,212.4,17.62,3.1,3.512,2.0,-1.0,13.39,0.03,0.228,3.0,2.0,0.0,0.0,35.56,35.85,35.61,35.88,35.86,40.73,35.66,36.72,35.96,48.81
2016-07-25 16:38:00-05:00,67.24326,66.06893,572135,37.55,0.0,75.65,33.53,325.9,,,,,,,,,,,-2147484000.0,,,,-7999.0,-7999.0,-7999.0,-7999.0,-7999.0,-7999.0,-7999.0,-7999.0,33.43,34.89,74.56,20.06,22.28,19.95,60.0,59.9,74.7,0.0,274.0,273.8,275.9,15.59,-5.223,16.44,618.0,1440413.0,42569.0,133173.0,-0.948,0.979,0.748,0.921,7.379,7.521,7.45,7.527,7.632,7.279,6.531,2.405,2.451,2.428,2.453,2.487,2.372,2.128,52924.0,53724.0,53179.0,53014.0,54010.0,51387.0,46760.0,,0.0,0.0,,,2.0,-1.0,13.39,0.03,0.228,3.0,2.0,0.0,0.0,35.46,35.67,35.45,35.73,35.75,40.44,35.54,36.54,35.85,48.69
2016-07-25 16:39:00-05:00,64.03554,62.818714,572136,37.51,0.0,72.39,33.51,325.8,,,,,,,,,,,-2147484000.0,,,,-7999.0,-7999.0,-7999.0,-7999.0,-7999.0,-7999.0,-7999.0,-7999.0,33.4,34.76,71.46,19.22,21.45,19.15,60.0,59.9,74.7,0.0,274.0,273.8,275.8,14.81,-5.334,15.74,618.0,1440413.0,42569.0,133173.0,-0.941,0.979,0.748,0.921,7.018,7.186,7.14,7.152,7.255,6.936,6.234,2.286,2.341,2.326,2.33,2.363,2.26,2.031,52924.0,53724.0,53179.0,53014.0,54010.0,51387.0,46760.0,,0.0,0.0,,,2.0,-1.0,13.39,0.03,0.228,3.0,2.0,0.0,0.0,35.34,35.55,35.32,35.6,35.6,40.35,35.42,36.45,35.7,48.58
2016-07-25 16:40:00-05:00,61.540653,60.24097,572137,37.46,0.0,69.78,33.45,325.9,,,,,,,,,,,-2147484000.0,,,,-7999.0,-7999.0,-7999.0,-7999.0,-7999.0,-7999.0,-7999.0,-7999.0,33.29,34.65,68.99,18.55,20.78,18.51,60.0,59.9,74.7,0.0,274.0,273.9,276.0,14.17,-5.437,15.18,618.0,1440413.0,42569.0,133173.0,-0.934,0.979,0.748,0.921,6.729,6.888,6.87,6.9,6.964,6.634,6.009,2.193,2.245,2.239,2.249,2.27,2.162,1.958,52924.0,53724.0,53179.0,53014.0,54010.0,51387.0,46760.0,1.48,216.9,21.12,2.4,3.512,2.0,-1.0,13.39,0.03,0.228,3.0,2.0,0.0,0.0,35.21,35.39,35.19,35.44,35.45,40.47,35.33,36.27,35.52,48.5
2016-07-25 16:41:00-05:00,59.75859,58.33567,572138,37.36,0.0,67.84,33.48,326.2,,,,,,,,,,,-2147484000.0,,,,-7999.0,-7999.0,-7999.0,-7999.0,-7999.0,-7999.0,-7999.0,-7999.0,33.29,34.55,67.14,18.01,20.24,18.0,60.0,59.9,74.7,0.0,274.0,274.0,276.0,13.68,-5.513,14.75,618.0,1440414.0,42569.0,133173.0,-0.927,0.979,0.748,0.921,6.519,6.662,6.581,6.639,6.757,6.409,5.754,2.126,2.173,2.146,2.165,2.204,2.09,1.877,52924.0,53724.0,53179.0,53014.0,54010.0,51387.0,46760.0,1.907,225.9,15.74,2.9,3.512,2.0,-1.0,13.39,0.03,0.228,3.0,2.0,0.0,0.0,35.13,35.24,35.0,35.27,35.31,40.29,35.11,36.02,35.38,48.4
2016-07-25 16:42:00-05:00,58.451736,56.990753,572139,37.31,0.0,66.37,33.5,326.3,,,,,,,,,,,-2147484000.0,,,,-7999.0,-7999.0,-7999.0,-7999.0,-7999.0,-7999.0,-7999.0,-7999.0,33.28,34.44,65.7,17.63,19.86,17.63,60.0,59.9,74.7,0.0,274.0,273.3,275.5,13.3,-5.559,14.41,618.0,1440414.0,42569.0,133173.0,-0.923,0.979,0.748,0.921,6.342,6.479,6.434,6.477,6.547,6.235,5.619,2.069,2.114,2.099,2.113,2.136,2.034,1.833,52924.0,53724.0,53179.0,53014.0,54010.0,51387.0,46760.0,1.645,240.9,15.48,2.6,3.513,2.0,-1.0,13.39,0.03,0.228,3.0,2.0,0.0,0.0,35.02,35.15,34.87,35.16,35.16,40.32,35.01,35.94,35.28,48.29
2016-07-25 16:43:00-05:00,57.3825,55.645844,572140,37.26,0.0,65.07,33.47,326.4,,,,,,,,,,,-2147484000.0,,,,-7999.0,-7999.0,-7999.0,-7999.0,-7999.0,-7999.0,-7999.0,-7999.0,33.24,34.36,64.43,17.31,19.53,17.33,60.0,59.9,74.7,0.0,274.0,273.8,275.8,13.0,-5.608,14.16,618.0,1440414.0,42569.0,133173.0,-0.918,0.979,0.748,0.921,6.2,6.317,6.281,6.33,6.416,6.109,5.519,2.024,2.062,2.05,2.066,2.094,1.994,1.801,52924.0,53724.0,53179.0,53014.0,54010.0,51387.0,46760.0,1.36,219.8,18.82,2.7,3.513,2.0,-1.0,13.39,0.03,0.228,3.0,2.0,0.0,0.0,34.91,35.06,34.72,35.05,35.03,40.61,34.93,35.86,35.14,48.19
2016-07-25 16:44:00-05:00,56.550873,54.637157,572141,37.21,0.0,63.83,33.35,326.7,,,,,,,,,,,-2147484000.0,,,,-7999.0,-7999.0,-7999.0,-7999.0,-7999.0,-7999.0,-7999.0,-7999.0,33.13,34.25,63.31,17.03,19.26,17.06,60.0,59.9,74.7,0.0,274.0,274.0,276.0,12.73,-5.648,13.93,618.0,1440414.0,42569.0,133173.0,-0.914,0.979,0.748,0.921,6.096,6.231,6.13,6.18,6.299,6.009,5.394,1.991,2.035,2.002,2.019,2.058,1.963,1.762,52924.0,53724.0,53179.0,53014.0,54010.0,51387.0,46760.0,,0.0,0.0,,,2.0,-1.0,13.39,0.03,0.228,3.0,2.0,0.0,0.0,34.78,34.92,34.59,34.93,34.93,41.41,34.79,35.75,35.04,48.14
2016-07-25 16:45:00-05:00,55.83804,53.51639,572142,37.15,0.0,62.8,33.32,326.7,,,,,,,,,,,-2147484000.0,,,,-7999.0,-7999.0,-7999.0,-7999.0,-7999.0,-7999.0,-7999.0,-7999.0,33.11,34.14,62.26,16.79,18.99,16.82,60.0,59.9,74.7,0.0,274.0,274.0,276.0,12.49,-5.688,13.72,618.0,1440414.0,42569.0,133173.0,-0.91,0.979,0.748,0.921,5.952,6.069,6.062,6.1,6.161,5.846,5.322,1.944,1.983,1.98,1.993,2.013,1.91,1.739,52924.0,53724.0,53179.0,53014.0,54010.0,51387.0,46760.0,1.602,237.0,17.35,2.3,3.512,2.0,-1.0,13.39,0.03,0.228,3.0,2.0,0.0,0.0,34.71,34.79,34.49,34.82,34.84,41.02,34.71,35.57,34.91,48.06
2016-07-25 16:46:00-05:00,54.768806,52.507706,572143,37.11,0.0,61.66,33.3,327.0,,,,,,,,,,,-2147484000.0,,,,-7999.0,-7999.0,-7999.0,-7999.0,-7999.0,-7999.0,-7999.0,-7999.0,33.06,34.06,61.06,16.49,18.68,16.54,60.0,59.9,74.7,0.0,274.0,274.0,276.0,12.19,-5.73,13.47,618.0,1440415.0,42569.0,133173.0,-0.905,0.979,0.748,0.921,5.791,5.963,5.945,5.939,6.012,5.734,5.187,1.894,1.95,1.944,1.942,1.966,1.875,1.696,52924.0,53724.0,53179.0,53014.0,54010.0,51387.0,46760.0,,0.0,0.0,,,2.0,-1.0,13.39,0.03,0.228,3.0,2.0,0.0,0.0,34.61,34.76,34.39,34.71,34.74,40.71,34.58,35.54,34.82,47.94
2016-07-25 16:47:00-05:00,53.10555,50.93864,572144,37.05,0.0,60.04,33.29,327.3,,,,,,,,,,,-2147484000.0,,,,-7999.0,-7999.0,-7999.0,-7999.0,-7999.0,-7999.0,-7999.0,-7999.0,33.07,33.99,59.45,16.1,18.28,16.17,60.0,59.9,74.7,0.0,274.0,274.0,276.0,11.8,-5.798,13.15,618.0,1440415.0,42569.0,133173.0,-0.897,0.979,0.748,0.921,5.641,5.811,5.751,5.741,5.802,5.604,5.027,1.846,1.902,1.882,1.879,1.899,1.834,1.645,52924.0,53724.0,53179.0,53014.0,54010.0,51387.0,46760.0,1.728,243.5,9.7,2.8,3.513,2.0,-1.0,13.39,0.03,0.228,3.0,2.0,0.0,0.0,34.55,34.66,34.31,34.64,34.64,41.26,34.56,35.37,34.74,47.9
2016-07-25 16:48:00-05:00,50.848263,49.033344,572145,37.0,0.0,57.5,33.3,327.4,,,,,,,,,,,-2147484000.0,,,,-7999.0,-7999.0,-7999.0,-7999.0,-7999.0,-7999.0,-7999.0,-7999.0,33.1,33.89,57.3,15.59,17.79,15.7,60.0,59.9,74.7,0.0,274.0,274.0,276.0,11.31,-5.871,12.74,618.0,1440415.0,42570.0,133173.0,-0.887,0.979,0.748,0.921,5.424,5.544,5.52,5.522,5.6,5.351,4.832,1.776,1.815,1.807,1.808,1.833,1.752,1.582,52924.0,53724.0,53179.0,53014.0,54010.0,51387.0,46760.0,1.89,246.9,8.47,3.1,3.513,2.0,-1.0,13.39,0.03,0.228,3.0,2.0,0.0,0.0,34.47,34.56,34.18,34.52,34.58,42.76,34.48,35.22,34.65,47.93
2016-07-25 16:49:00-05:00,47.87815,46.567665,572146,36.95,0.0,54.66,33.31,327.8,,,,,,,,,,,-2147484000.0,,,,-7999.0,-7999.0,-7999.0,-7999.0,-7999.0,-7999.0,-7999.0,-7999.0,33.05,33.81,54.54,14.89,17.11,15.04,60.0,59.9,74.7,0.0,274.1,274.0,276.0,10.61,-5.969,12.18,618.0,1440415.0,42570.0,133173.0,-0.871,0.979,0.748,0.921,5.082,5.214,5.199,5.173,5.249,5.034,4.559,1.665,1.709,1.704,1.695,1.72,1.65,1.494,52924.0,53724.0,53179.0,53014.0,54010.0,51387.0,46760.0,2.502,226.0,14.63,3.8,3.513,2.0,-1.0,13.39,0.03,0.228,3.0,2.0,0.0,0.0,34.35,34.45,34.14,34.44,34.48,41.53,34.38,35.11,34.55,47.88
2016-07-25 16:50:00-05:00,44.78924,43.989914,572147,36.89,0.0,51.8,33.34,327.8,,,,,,,,,,,-2147484000.0,,,,-7999.0,-7999.0,-7999.0,-7999.0,-7999.0,-7999.0,-7999.0,-7999.0,33.04,33.72,51.77,14.2,16.39,14.33,60.0,59.9,74.7,0.0,274.1,274.0,276.0,9.89,-6.059,11.6,618.0,1440415.0,42570.0,133173.0,-0.852,0.979,0.748,0.921,4.77,4.874,4.857,4.837,4.941,4.719,4.265,1.563,1.597,1.592,1.585,1.619,1.547,1.398,52924.0,53724.0,53179.0,53014.0,54010.0,51387.0,46760.0,,0.0,0.0,,,2.0,-1.0,13.39,0.03,0.228,3.0,2.0,0.0,0.0,34.26,34.4,33.99,34.35,34.4,40.95,34.28,35.0,34.47,47.98
2016-07-25 16:51:00-05:00,43.48239,42.757076,572148,36.83,0.0,50.48,33.33,327.9,,,,,,,,,,,-2147484000.0,,,,-7999.0,-7999.0,-7999.0,-7999.0,-7999.0,-7999.0,-7999.0,-7999.0,33.06,33.69,50.54,13.83,16.03,13.98,60.0,59.9,74.7,0.0,274.7,274.3,276.1,9.52,-6.103,11.31,618.0,1440415.0,42570.0,133173.0,-0.842,0.979,0.748,0.921,4.618,4.719,4.686,4.696,4.795,4.579,4.105,1.514,1.547,1.536,1.54,1.572,1.501,1.346,52924.0,53724.0,53179.0,53014.0,54010.0,51387.0,46760.0,1.878,235.7,13.58,3.1,3.513,2.0,-1.0,13.39,0.029,0.228,3.0,2.0,0.0,0.0,34.22,34.37,33.94,34.28,34.33,40.73,34.28,34.99,34.35,48.03
2016-07-25 16:52:00-05:00,44.076412,43.20538,572149,36.79,0.0,50.84,33.26,327.8,,,,,,,,,,,-2147484000.0,,,,-7999.0,-7999.0,-7999.0,-7999.0,-7999.0,-7999.0,-7999.0,-7999.0,32.99,33.65,50.94,13.88,16.09,14.05,60.0,59.9,74.7,0.0,275.0,274.7,276.2,9.6,-6.082,11.36,618.0,1440416.0,42570.0,133173.0,-0.845,0.979,0.748,0.921,4.686,4.756,4.714,4.751,4.823,4.612,4.132,1.536,1.559,1.545,1.557,1.581,1.512,1.354,52924.0,53724.0,53179.0,53014.0,54010.0,51387.0,46760.0,1.428,219.7,27.94,2.9,3.513,2.0,-1.0,13.39,0.029,0.228,3.0,2.0,0.0,0.0,34.16,34.34,33.83,34.18,34.23,41.02,34.18,34.89,34.3,48.05
2016-07-25 16:53:00-05:00,44.908043,43.765762,572150,36.74,0.0,51.61,33.24,327.7,,,,,,,,,,,-2147484000.0,,,,-7999.0,-7999.0,-7999.0,-7999.0,-7999.0,-7999.0,-7999.0,-7999.0,32.98,33.6,51.64,14.1,16.33,14.28,60.0,59.9,74.7,0.0,274.8,274.6,276.3,9.83,-6.043,11.54,618.0,1440416.0,42570.0,133173.0,-0.852,0.979,0.748,0.921,4.791,4.863,4.862,4.865,4.919,4.741,4.236,1.57,1.594,1.593,1.594,1.612,1.554,1.388,52924.0,53724.0,53179.0,53014.0,54010.0,51387.0,46760.0,,0.0,0.0,,,2.5,-1.0,13.39,0.029,0.228,3.0,2.0,0.0,0.0,34.13,34.26,33.81,34.17,34.2,41.09,34.19,34.82,34.22,48.07
2016-07-25 16:54:00-05:00,45.145653,43.765762,572151,36.68,0.0,51.54,33.12,327.8,,,,,,,,,,,-2147484000.0,,,,-7999.0,-7999.0,-7999.0,-7999.0,-7999.0,-7999.0,-7999.0,-7999.0,32.88,33.55,51.66,14.07,16.34,14.24,60.0,59.9,74.7,0.0,274.4,274.0,276.0,9.84,-5.983,11.52,618.0,1440416.0,42570.0,133173.0,-0.854,0.979,0.748,0.921,4.798,4.817,4.849,4.839,4.922,4.728,4.207,1.573,1.579,1.59,1.586,1.614,1.55,1.379,52924.0,53724.0,53179.0,53014.0,54010.0,51387.0,46760.0,1.258,230.9,21.94,1.9,3.513,2.0,-1.0,13.39,0.029,0.228,3.0,2.0,0.0,0.0,34.04,34.2,33.73,34.12,34.13,41.72,34.12,34.79,34.14,48.07
2016-07-25 16:55:00-05:00,44.908043,43.20538,572152,36.64,0.0,50.89,33.05,328.1,,,,,,,,,,,-2147484000.0,,,,-7999.0,-7999.0,-7999.0,-7999.0,-7999.0,-7999.0,-7999.0,-7999.0,32.84,33.49,51.14,13.91,16.21,14.11,60.0,59.9,74.7,0.0,274.2,274.0,276.0,9.7,-5.98,11.4,618.0,1440416.0,42570.0,133173.0,-0.851,0.979,0.748,0.921,4.72,4.768,4.776,4.765,4.867,4.68,4.162,1.549,1.564,1.567,1.563,1.597,1.535,1.366,52924.0,53724.0,53179.0,53014.0,54010.0,51387.0,46760.0,1.662,217.2,13.69,2.5,3.513,2.0,-1.0,13.39,0.029,0.228,3.0,2.0,0.0,0.0,33.96,34.15,33.72,34.02,34.05,41.78,34.0,34.69,34.09,48.07
2016-07-25 16:56:00-05:00,44.551632,42.532925,572153,36.59,0.0,50.18,33.06,328.2,,,,,,,,,,,-2147484000.0,,,,-7999.0,-7999.0,-7999.0,-7999.0,-7999.0,-7999.0,-7999.0,-7999.0,32.83,33.42,50.6,13.73,16.03,13.94,60.0,59.9,74.7,0.0,274.0,274.0,276.0,9.5,-6.01,11.24,618.0,1440416.0,42570.0,133173.0,-0.845,0.979,0.748,0.921,4.565,4.658,4.706,4.679,4.731,4.539,4.085,1.498,1.529,1.544,1.535,1.553,1.489,1.341,52924.0,53724.0,53179.0,53014.0,54010.0,51387.0,46760.0,1.747,231.2,16.49,2.9,3.513,2.0,-1.0,13.39,0.029,0.228,3.0,2.0,0.0,0.0,33.96,34.1,33.65,34.06,34.03,40.36,33.99,34.62,34.03,48.07
2016-07-25 16:57:00-05:00,44.670433,42.308773,572154,36.54,0.0,49.66,33.08,328.5,,,,,,,,,,,-2147484000.0,,,,-7999.0,-7999.0,-7999.0,-7999.0,-7999.0,-7999.0,-7999.0,-7999.0,32.84,33.4,50.32,13.56,15.87,13.81,60.0,59.9,74.7,0.0,274.2,274.0,276.0,9.35,-6.033,11.13,618.0,1440416.0,42571.0,133173.0,-0.84,0.979,0.748,0.921,4.554,4.647,4.635,4.663,4.677,4.501,4.032,1.496,1.527,1.523,1.532,1.536,1.479,1.324,52924.0,53724.0,53179.0,53014.0,54010.0,51387.0,46760.0,1.587,234.8,11.26,2.4,3.513,2.0,-1.0,13.39,0.029,0.228,3.0,2.0,0.0,0.0,33.9,34.09,33.69,33.98,34.01,40.15,33.94,34.65,34.01,48.11
2016-07-25 16:58:00-05:00,44.432823,41.74839,572155,36.49,0.0,49.03,33.02,328.4,,,,,,,,,,,-2147484000.0,,,,-7999.0,-7999.0,-7999.0,-7999.0,-7999.0,-7999.0,-7999.0,-7999.0,32.78,33.36,49.83,13.34,15.73,13.62,60.0,59.9,74.7,0.0,274.2,274.0,276.0,9.21,-5.977,10.98,618.0,1440417.0,42571.0,133173.0,-0.839,0.979,0.748,0.921,4.498,4.564,4.553,4.572,4.642,4.474,3.997,1.477,1.499,1.495,1.501,1.524,1.469,1.313,52924.0,53724.0,53179.0,53014.0,54010.0,51387.0,46760.0,1.68,216.7,19.99,2.7,3.513,2.0,-1.0,13.39,0.029,0.228,3.0,2.0,0.0,0.0,33.89,33.99,33.61,33.95,34.0,40.55,33.84,34.6,33.95,48.16
2016-07-25 16:59:00-05:00,43.601192,40.515553,572156,36.44,0.0,47.85,32.98,328.4,,,,,,,,,,,-2147484000.0,,,,-7999.0,-7999.0,-7999.0,-7999.0,-7999.0,-7999.0,-7999.0,-7999.0,32.74,33.31,48.8,13.05,15.44,13.38,60.0,59.9,74.7,0.0,274.9,274.4,276.3,8.93,-6.019,10.77,618.0,1440417.0,42571.0,133173.0,-0.829,0.979,0.748,0.921,4.381,4.456,4.42,4.46,4.512,4.315,3.878,1.439,1.463,1.452,1.465,1.482,1.417,1.274,52924.0,53724.0,53179.0,53014.0,54010.0,51387.0,46760.0,2.002,225.7,11.98,2.7,3.513,2.0,-1.0,13.39,0.029,0.228,3.0,2.0,0.0,0.0,33.88,33.96,33.55,33.9,33.94,40.36,33.85,34.54,33.97,48.17
2016-07-25 17:00:00-05:00,42.29435,39.28271,572157,36.39,0.0,46.42,32.94,328.6,,,,,,,,,,,-2147484000.0,,,,-7999.0,-7999.0,-7999.0,-7999.0,-7999.0,-7999.0,-7999.0,-7999.0,32.7,33.24,47.49,12.68,15.11,13.05,60.0,59.9,74.7,0.0,275.0,274.8,276.6,8.56,-6.056,10.49,618.0,1440417.0,42571.0,133173.0,-0.816,0.979,0.748,0.921,4.204,4.289,4.263,4.295,4.349,4.153,3.728,1.381,1.409,1.401,1.411,1.429,1.364,1.225,52924.0,53724.0,53179.0,53014.0,54010.0,51387.0,46760.0,1.448,220.6,15.86,2.6,3.512,2.0,-1.0,13.39,0.091,0.227,3.0,2.0,0.0,0.0,33.86,33.89,33.51,33.89,33.9,40.86,33.82,34.49,33.91,48.17
2016-07-25 17:01:00-05:00,40.9875,38.049877,572158,36.33,0.0,45.02,32.92,328.7,,,,,,,,,,,-2147484000.0,,,,-7999.0,-7999.0,-7999.0,-7999.0,-7999.0,-7999.0,-7999.0,-7999.0,32.68,33.22,46.29,12.27,14.76,12.74,60.0,59.9,74.7,0.0,275.5,275.2,277.0,8.18,-6.11,10.21,618.0,1440417.0,42571.0,133173.0,-0.801,0.979,0.748,0.921,4.032,4.126,4.098,4.108,4.184,4.002,3.571,1.325,1.356,1.347,1.35,1.375,1.315,1.174,52924.0,53724.0,53179.0,53014.0,54010.0,51387.0,46760.0,,0.0,0.0,,,2.0,-1.0,13.41,0.058,0.227,3.0,2.0,0.0,0.0,33.76,33.83,33.45,33.81,33.84,40.41,33.77,34.46,33.88,48.17
2016-07-25 17:02:00-05:00,40.15587,37.153267,572159,36.3,0.0,43.95,32.96,328.7,,,,,,,,,,,-2147484000.0,,,,-7999.0,-7999.0,-7999.0,-7999.0,-7999.0,-7999.0,-7999.0,-7999.0,32.7,33.18,45.44,11.96,14.48,12.46,60.0,59.9,74.7,0.0,276.0,275.9,277.6,7.866,-6.145,9.98,618.0,1440417.0,42571.0,133173.0,-0.788,0.979,0.748,0.921,3.903,3.965,3.963,3.971,4.01,3.851,3.443,1.283,1.303,1.303,1.305,1.318,1.266,1.132,52924.0,53724.0,53179.0,53014.0,54010.0,51387.0,46760.0,1.767,208.4,19.77,2.8,3.51,2.0,-1.0,13.41,0.043,0.227,3.0,2.0,0.0,0.0,33.72,33.79,33.42,33.74,33.81,39.87,33.74,34.38,33.85,48.17
2016-07-25 17:03:00-05:00,40.15587,36.368732,572160,36.25,0.0,43.14,32.95,328.8,,,,,,,,,,,-2147484000.0,,,,-7999.0,-7999.0,-7999.0,-7999.0,-7999.0,-7999.0,-7999.0,-7999.0,32.77,33.13,45.04,11.8,14.34,12.34,60.0,59.9,74.7,0.0,276.0,276.0,278.0,7.716,-6.175,9.88,618.0,1440417.0,42571.0,133173.0,-0.781,0.979,0.748,0.921,3.817,3.871,3.874,3.911,3.95,3.792,3.388,1.255,1.273,1.274,1.286,1.299,1.247,1.114,52924.0,53724.0,53179.0,53014.0,54010.0,51387.0,46760.0,1.36,205.7,17.02,3.6,3.512,2.0,-1.0,13.41,0.038,0.227,3.0,2.0,0.0,0.0,33.68,33.73,33.32,33.69,33.71,39.37,33.69,34.3,33.75,48.17
2016-07-25 17:04:00-05:00,40.15587,36.256657,572161,36.19,0.0,42.57,33.01,328.9,,,,,,,,,,,-2147484000.0,,,,-7999.0,-7999.0,-7999.0,-7999.0,-7999.0,-7999.0,-7999.0,-7999.0,32.82,33.09,44.75,11.69,14.23,12.27,60.0,59.9,74.7,0.0,276.0,276.0,278.0,7.582,-6.208,9.8,618.0,1440417.0,42571.0,133173.0,-0.774,0.979,0.748,0.921,3.76,3.86,3.87,3.881,3.899,3.736,3.332,1.236,1.269,1.273,1.276,1.282,1.228,1.096,52924.0,53724.0,53179.0,53014.0,54010.0,51387.0,46760.0,1.583,192.6,15.58,2.9,3.51,2.0,-1.0,13.41,0.036,0.227,3.0,2.0,0.0,0.0,33.65,33.7,33.27,33.61,33.64,38.54,33.61,34.23,33.66,48.17
2016-07-25 17:05:00-05:00,40.15587,35.920425,572162,36.15,0.0,42.28,33.04,328.9,,,,,,,,,,,-2147484000.0,,,,-7999.0,-7999.0,-7999.0,-7999.0,-7999.0,-7999.0,-7999.0,-7999.0,32.84,33.06,44.53,11.59,14.14,12.19,60.0,59.9,74.7,0.0,276.2,276.0,278.0,7.473,-6.22,9.72,618.0,1440418.0,42571.0,133173.0,-0.768,0.979,0.748,0.921,3.72,3.811,3.829,3.839,3.861,3.682,3.314,1.224,1.253,1.259,1.263,1.27,1.211,1.09,52924.0,53724.0,53179.0,53014.0,54010.0,51387.0,46760.0,1.162,212.9,16.11,2.2,3.512,2.0,-1.0,13.41,0.035,0.227,3.0,2.0,0.0,0.0,33.59,33.66,33.22,33.51,33.61,38.36,33.58,34.2,33.63,48.17
2016-07-25 17:06:00-05:00,40.274673,36.256657,572163,36.1,0.0,42.28,33.03,329.1,,,,,,,,,,,-2147484000.0,,,,-7999.0,-7999.0,-7999.0,-7999.0,-7999.0,-7999.0,-7999.0,-7999.0,32.86,33.04,44.9,11.56,14.13,12.16,60.0,59.9,74.7,0.0,275.7,275.5,277.3,7.45,-6.184,9.68,618.0,1440418.0,42571.0,133173.0,-0.769,0.979,0.748,0.921,3.688,3.808,3.79,3.785,3.862,3.672,3.297,1.214,1.253,1.247,1.245,1.271,1.208,1.085,52924.0,53724.0,53179.0,53014.0,54010.0,51387.0,46760.0,,0.0,0.0,,,2.0,-1.0,13.41,0.034,0.227,3.0,2.0,0.0,0.0,33.59,33.6,33.16,33.51,33.55,38.55,33.51,34.17,33.55,48.17
2016-07-25 17:07:00-05:00,41.46272,37.04119,572164,36.06,0.0,43.11,33.11,329.3,,,,,,,,,,,-2147484000.0,,,,-7999.0,-7999.0,-7999.0,-7999.0,-7999.0,-7999.0,-7999.0,-7999.0,32.91,32.99,45.97,11.86,14.37,12.41,60.0,59.9,74.7,0.0,273.5,273.2,275.0,7.689,-6.097,9.81,618.0,1440418.0,42572.0,133173.0,-0.783,0.979,0.748,0.921,3.795,3.88,3.879,3.912,3.943,3.765,3.398,1.25,1.278,1.277,1.288,1.299,1.24,1.119,52924.0,53724.0,53179.0,53014.0,54010.0,51387.0,46760.0,,0.0,0.0,,,3.0,-1.0,13.41,0.033,0.227,3.0,2.0,0.0,0.0,33.5,33.6,33.12,33.45,33.51,38.92,33.5,34.1,33.5,48.17
2016-07-25 17:08:00-05:00,43.48239,38.49818,572165,36.01,0.0,44.6,33.15,329.0,,,,,,,,,,,-2147484000.0,,,,-7999.0,-7999.0,-7999.0,-7999.0,-7999.0,-7999.0,-7999.0,-7999.0,32.91,32.98,47.75,12.28,14.74,12.78,60.0,59.9,74.7,0.0,273.0,272.8,274.7,8.11,-6.065,10.13,618.0,1440418.0,42572.0,133173.0,-0.801,0.979,0.748,0.921,3.995,4.054,4.054,4.094,4.126,3.953,3.563,1.314,1.334,1.334,1.347,1.358,1.301,1.172,52924.0,53724.0,53179.0,53014.0,54010.0,51387.0,46760.0,1.803,200.3,16.83,3.6,3.51,2.0,-1.0,13.41,0.033,0.227,3.0,2.0,0.0,0.0,33.49,33.57,33.09,33.42,33.48,39.22,33.42,34.07,33.45,48.07
2016-07-25 17:09:00-05:00,46.333694,40.62763,572166,35.98,0.0,46.54,33.1,328.7,,,,,,,,,,,-2147484000.0,,,,-7999.0,-7999.0,-7999.0,-7999.0,-7999.0,-7999.0,-7999.0,-7999.0,32.94,33.0,49.93,12.82,15.19,13.21,60.0,59.9,74.7,0.0,273.0,273.0,274.9,8.61,-6.031,10.52,618.0,1440418.0,42572.0,133173.0,-0.819,0.979,0.748,0.921,4.23,4.311,4.294,4.311,4.373,4.189,3.742,1.39,1.417,1.412,1.417,1.437,1.377,1.23,52924.0,53724.0,53179.0,53014.0,54010.0,51387.0,46760.0,2.22,205.9,20.74,4.3,3.51,2.0,-1.0,13.41,0.033,0.227,3.0,2.0,0.0,0.0,33.49,33.5,33.03,33.38,33.42,40.08,33.42,34.03,33.45,48.01
2016-07-25 17:10:00-05:00,49.897823,43.31746,572167,35.93,0.0,48.87,33.04,328.9,,,,,,,,,,,-2147484000.0,,,,-7999.0,-7999.0,-7999.0,-7999.0,-7999.0,-7999.0,-7999.0,-7999.0,32.83,32.98,52.55,13.46,15.83,13.78,60.0,59.9,74.7,0.0,272.8,272.1,274.1,9.25,-5.961,11.0,618.0,1440418.0,42572.0,133173.0,-0.84,0.979,0.748,0.921,4.508,4.634,4.571,4.591,4.664,4.484,3.993,1.482,1.524,1.503,1.51,1.534,1.475,1.313,52924.0,53724.0,53179.0,53014.0,54010.0,51387.0,46760.0,,0.0,0.0,,,2.0,-1.0,13.41,0.032,0.227,3.0,2.0,0.0,0.0,33.49,33.5,33.03,33.32,33.42,39.61,33.42,33.97,33.45,47.88
2016-07-25 17:11:00-05:00,53.69957,46.231438,572168,35.89,0.0,51.51,33.0,328.9,,,,,,,,,,,-2147484000.0,,,,-7999.0,-7999.0,-7999.0,-7999.0,-7999.0,-7999.0,-7999.0,-7999.0,32.8,32.98,55.52,14.1,16.46,14.37,60.0,59.9,74.7,0.0,273.0,272.8,274.6,9.91,-5.884,11.53,618.0,1440418.0,42572.0,133173.0,-0.86,0.979,0.748,0.921,4.779,4.906,4.877,4.839,4.94,4.8,4.251,1.572,1.614,1.604,1.592,1.625,1.579,1.398,52924.0,53724.0,53179.0,53014.0,54010.0,51387.0,46760.0,,0.0,0.0,,,2.0,-1.0,13.41,0.032,0.227,3.0,2.0,0.0,0.0,33.49,33.49,33.03,33.32,33.4,39.21,33.42,33.9,33.45,47.8
2016-07-25 17:12:00-05:00,58.21413,49.929955,572169,35.84,0.0,54.95,32.95,328.6,,,,,,,,,,,-2147484000.0,,,,-7999.0,-7999.0,-7999.0,-7999.0,-7999.0,-7999.0,-7999.0,-7999.0,32.77,32.95,59.3,14.98,17.37,15.21,60.0,59.9,74.7,0.0,273.0,272.7,274.5,10.8,-5.741,12.24,618.0,1440419.0,42572.0,133173.0,-0.883,0.979,0.748,0.921,5.195,5.279,5.305,5.334,5.371,5.163,4.625,1.707,1.735,1.743,1.753,1.765,1.697,1.52,52924.0,53724.0,53179.0,53014.0,54010.0,51387.0,46760.0,3.25,203.0,26.7,6.3,3.51,2.0,-1.0,13.41,0.032,0.227,3.0,2.0,0.0,0.0,33.49,33.45,33.03,33.32,33.36,39.28,33.4,33.9,33.45,47.7
2016-07-25 17:13:00-05:00,64.03554,54.637157,572170,35.81,0.0,59.37,32.79,328.3,,,,,,,,,,,-2147484000.0,,,,-7999.0,-7999.0,-7999.0,-7999.0,-7999.0,-7999.0,-7999.0,-7999.0,32.53,32.87,64.25,16.16,18.52,16.31,60.0,59.9,74.7,0.0,273.0,273.0,274.8,11.96,-5.59,13.2,618.0,1440419.0,42572.0,133173.0,-0.906,0.979,0.748,0.921,5.716,5.786,5.827,5.821,5.881,5.703,5.068,1.877,1.9,1.913,1.911,1.931,1.872,1.664,52924.0,53724.0,53179.0,53014.0,54010.0,51387.0,46760.0,,0.0,0.0,,,2.0,-1.0,13.41,0.032,0.227,3.0,2.0,0.0,0.0,33.36,33.39,32.93,33.25,33.32,39.28,33.32,33.81,33.42,47.62
2016-07-25 17:14:00-05:00,71.99544,61.36173,572171,35.77,0.0,65.51,32.45,328.3,,,,,,,,,,,-2147484000.0,,,,-7999.0,-7999.0,-7999.0,-7999.0,-7999.0,-7999.0,-7999.0,-7999.0,32.11,32.7,71.28,17.88,20.2,17.9,60.0,59.9,74.7,0.0,273.0,272.9,274.6,13.58,-5.367,14.6,618.0,1440419.0,42572.0,133173.0,-0.93,0.979,0.748,0.921,6.443,6.521,6.565,6.546,6.624,6.435,5.7,2.115,2.141,2.155,2.149,2.174,2.112,1.871,52924.0,53724.0,53179.0,53014.0,54010.0,51387.0,46760.0,,0.0,0.0,,,2.0,-1.0,13.41,0.032,0.227,3.0,2.0,0.0,0.0,33.24,33.24,32.83,33.14,33.24,39.95,33.32,33.53,33.28,47.5
2016-07-25 17:15:00-05:00,85.42033,73.017654,572172,35.72,0.0,76.42,32.09,327.2,,,,,,,,,,,-2147484000.0,,,,-7999.0,-7999.0,-7999.0,-7999.0,-7999.0,-7999.0,-7999.0,-7999.0,31.77,32.6,83.9,20.94,23.23,20.82,60.0,59.9,74.7,0.0,273.0,272.8,274.6,16.38,-4.966,17.12,618.0,1440419.0,42572.0,133173.0,-0.956,0.979,0.748,0.921,7.753,7.842,7.831,7.822,7.925,7.717,6.79,2.536,2.565,2.562,2.559,2.593,2.525,2.221,52924.0,53724.0,53179.0,53014.0,54010.0,51387.0,46760.0,3.773,278.4,21.24,7.6,3.504,2.0,-1.0,13.41,0.031,0.227,3.0,2.0,0.0,0.0,33.18,33.11,32.73,33.03,33.12,39.87,33.22,33.45,33.14,47.46
2016-07-25 17:16:00-05:00,117.85392,101.485016,572173,35.68,0.0,102.8,31.76,324.9,,,,,,,,,,,-2147484000.0,,,,-7999.0,-7999.0,-7999.0,-7999.0,-7999.0,-7999.0,-7999.0,-7999.0,31.36,32.51,114.7,28.49,30.73,28.14,60.0,59.9,74.7,0.0,273.0,273.0,274.9,22.99,-3.988,23.35,618.0,1440420.0,42572.0,133173.0,-0.984,0.979,0.748,0.921,10.85,10.98,10.92,10.92,11.06,10.82,9.46,3.526,3.567,3.549,3.547,3.593,3.514,3.074,52924.0,53724.0,53179.0,53014.0,54010.0,51387.0,46760.0,,0.0,0.0,,,2.0,-1.0,13.41,0.031,0.228,3.0,2.0,0.0,0.0,33.1,33.05,32.73,32.99,33.04,38.17,33.22,33.33,33.16,47.3
2016-07-25 17:17:00-05:00,136.86263,118.63268,572174,35.64,0.0,118.2,31.58,329.7,,,,,,,,,,,-2147484000.0,,,,-7999.0,-7999.0,-7999.0,-7999.0,-7999.0,-7999.0,-7999.0,-7999.0,31.25,32.53,131.1,33.5,35.69,33.04,60.0,59.9,74.7,0.0,273.0,273.0,274.9,27.25,-3.357,27.46,618.0,1440420.0,42572.0,133173.0,-0.992,0.979,0.748,0.921,12.53,12.6,12.66,12.68,12.75,12.52,11.0,4.13,4.154,4.172,4.178,4.202,4.126,3.627,52924.0,53724.0,53179.0,53014.0,54010.0,51387.0,46760.0,4.127,275.4,20.46,6.0,3.51,2.0,-1.0,13.41,0.031,0.228,3.0,2.0,0.0,0.0,33.18,33.01,32.73,32.93,33.03,36.97,33.22,33.29,33.11,47.16
2016-07-25 17:18:00-05:00,151.95076,131.96974,572175,35.6,0.0,130.8,31.36,326.3,,,,,,,,,,,-2147484000.0,,,,-7999.0,-7999.0,-7999.0,-7999.0,-7999.0,-7999.0,-7999.0,-7999.0,31.27,32.44,146.1,37.19,39.4,36.72,60.0,59.9,74.7,0.0,273.0,272.9,274.9,30.37,-2.886,30.51,618.0,1440421.0,42572.0,133173.0,-0.995,0.979,0.748,0.921,14.12,14.22,14.23,14.24,14.38,14.09,12.35,4.606,4.64,4.642,4.647,4.691,4.596,4.029,52924.0,53724.0,53179.0,53014.0,54010.0,51387.0,46760.0,,0.0,0.0,,,2.0,-1.0,13.41,0.031,0.228,3.0,2.0,0.0,0.0,33.23,33.05,32.75,32.95,33.06,36.38,33.24,33.32,33.11,47.07
2016-07-25 17:19:00-05:00,175.71164,152.92801,572176,35.56,0.0,149.5,31.21,326.7,,,,,,,,,,,-2147484000.0,,,,-7999.0,-7999.0,-7999.0,-7999.0,-7999.0,-7999.0,-7999.0,-7999.0,31.0,32.55,167.3,43.02,45.29,42.55,60.0,59.9,74.7,0.0,273.0,273.0,275.0,35.29,-2.149,35.36,618.0,1440421.0,42572.0,133173.0,-0.998,0.979,0.748,0.921,16.29,16.4,16.45,16.44,16.54,16.31,14.27,5.321,5.359,5.374,5.37,5.405,5.328,4.662,52924.0,53724.0,53179.0,53014.0,54010.0,51387.0,46760.0,3.18,272.4,21.28,6.0,3.51,2.0,-1.0,13.41,0.031,0.228,3.0,2.0,0.0,0.0,33.23,33.06,32.85,33.04,33.16,36.34,33.34,33.38,33.18,46.93
2016-07-25 17:20:00-05:00,207.90761,180.94705,572177,35.52,0.0,174.9,31.3,321.5,,,,,,,,,,,-2147484000.0,,,,-7999.0,-7999.0,-7999.0,-7999.0,-7999.0,-7999.0,-7999.0,-7999.0,31.11,32.88,198.2,50.16,52.48,49.7,60.0,59.9,74.7,0.0,273.0,273.0,274.9,41.21,-1.24,41.24,618.0,1440422.0,42573.0,133173.0,-0.999,0.979,0.748,0.921,19.34,19.5,19.47,19.4,19.64,19.31,16.88,6.216,6.267,6.256,6.237,6.314,6.205,5.426,52924.0,53724.0,53179.0,53014.0,54010.0,51387.0,46760.0,,0.0,0.0,,,2.5,-1.0,13.41,0.031,0.228,3.0,2.0,0.0,0.0,33.59,33.32,33.04,33.3,33.37,36.36,33.57,33.75,33.44,46.8
2016-07-25 17:21:00-05:00,253.29086,220.2858,572178,35.48,0.0,209.5,31.13,323.6,,,,,,,,,,,-2147484000.0,,,,-7999.0,-7999.0,-7999.0,-7999.0,-7999.0,-7999.0,-7999.0,-7999.0,30.96,33.11,239.2,61.17,63.47,60.83,60.0,59.9,74.7,0.0,273.0,272.7,274.6,50.31,0.085,50.31,618.0,1440423.0,42573.0,133173.0,0.367,0.979,0.748,0.921,23.34,23.48,23.51,23.51,23.67,23.36,20.38,7.554,7.6,7.61,7.611,7.662,7.561,6.595,52924.0,53724.0,53179.0,53015.0,54011.0,51387.0,46760.0,,0.0,0.0,,,2.0,-1.0,13.41,0.03,0.229,3.0,2.0,0.0,0.0,33.97,33.54,33.3,33.51,33.51,36.52,33.84,33.97,33.78,46.68
2016-07-25 17:22:00-05:00,281.4475,245.27882,572179,35.45,0.0,231.5,30.98,327.0,,,,,,,,,,,-2147484000.0,,,,-7999.0,-7999.0,-7999.0,-7999.0,-7999.0,-7999.0,-7999.0,-7999.0,30.83,33.35,264.7,68.31,70.57,67.95,60.0,59.9,74.7,0.0,273.0,272.4,274.4,56.13,0.917,56.13,618.0,1440424.0,42573.0,133173.0,1.0,0.979,0.748,0.921,25.74,25.83,25.92,25.95,26.04,25.74,22.45,8.42,8.45,8.48,8.49,8.52,8.42,7.34,52924.0,53725.0,53179.0,53015.0,54011.0,51388.0,46760.0,,0.0,0.0,,,2.0,-1.0,13.41,0.03,0.229,3.0,2.0,0.0,0.0,34.27,33.72,33.66,33.76,33.79,37.03,34.17,34.18,34.04,46.57
2016-07-25 17:23:00-05:00,278.47742,243.82182,572180,35.42,0.0,230.8,30.86,337.0,,,,,,,,,,,-2147484000.0,,,,-7999.0,-7999.0,-7999.0,-7999.0,-7999.0,-7999.0,-7999.0,-7999.0,30.65,33.44,260.3,68.2,70.34,67.75,60.0,59.9,74.7,0.0,273.0,272.5,274.7,55.99,0.879,55.99,618.0,1440425.0,42573.0,133173.0,1.0,0.979,0.748,0.921,24.9,24.93,25.15,25.18,25.07,24.96,21.75,8.39,8.4,8.47,8.48,8.44,8.41,7.328,52925.0,53725.0,53180.0,53015.0,54011.0,51388.0,46760.0,3.645,274.8,24.06,5.9,3.51,2.0,-1.0,13.41,0.03,0.229,3.0,2.0,0.0,0.0,34.48,33.91,33.9,34.08,34.04,37.6,34.41,34.36,34.29,46.5
2016-07-25 17:24:00-05:00,292.85275,257.1589,572181,35.39,0.0,243.6,30.82,329.6,,,,,,,,,,,-2147484000.0,,,,-7999.0,-7999.0,-7999.0,-7999.0,-7999.0,-7999.0,-7999.0,-7999.0,30.7,33.68,274.9,72.04,74.27,71.64,60.0,59.9,74.7,0.0,273.0,272.3,274.4,59.16,1.345,59.17,618.0,1440426.0,42573.0,133173.0,1.0,0.979,0.748,0.921,26.91,27.06,27.11,27.08,27.14,26.95,23.42,8.87,8.92,8.93,8.92,8.94,8.88,7.719,52925.0,53725.0,53180.0,53015.0,54011.0,51388.0,46761.0,2.21,254.1,19.25,4.2,3.512,2.0,-1.0,13.41,0.03,0.229,3.0,2.0,0.0,0.0,34.69,34.16,34.21,34.32,34.39,37.5,34.76,34.68,34.5,46.33
2016-07-25 17:25:00-05:00,301.52545,266.12497,572182,35.36,0.0,252.2,30.73,331.2,,,,,,,,,,,-2147484000.0,,,,-7999.0,-7999.0,-7999.0,-7999.0,-7999.0,-7999.0,-7999.0,-7999.0,30.69,33.99,283.1,74.72,76.98,74.34,60.0,59.9,74.7,0.0,273.0,272.3,274.4,61.37,1.666,61.4,618.0,1440427.0,42573.0,133173.0,0.983,0.979,0.748,0.921,27.71,27.88,27.96,27.96,28.02,27.73,24.24,9.18,9.23,9.26,9.26,9.28,9.18,8.03,52925.0,53725.0,53180.0,53016.0,54011.0,51388.0,46761.0,2.708,227.8,31.11,4.8,3.51,2.0,-1.0,13.41,0.03,0.23,3.0,2.0,0.0,0.0,34.97,34.49,34.44,34.65,34.6,37.65,34.94,35.09,34.88,46.25
2016-07-25 17:26:00-05:00,308.1785,273.0737,572183,35.36,0.0,259.8,30.59,330.9,,,,,,,,,,,-2147484000.0,,,,-7999.0,-7999.0,-7999.0,-7999.0,-7999.0,-7999.0,-7999.0,-7999.0,30.6,34.27,289.9,76.8,79.07,76.39,60.0,59.9,74.7,0.0,273.0,272.9,274.9,63.11,1.914,63.14,618.0,1440428.0,42573.0,133173.0,1.0,0.979,0.748,0.921,28.53,28.75,28.79,28.74,28.87,28.58,24.93,9.44,9.51,9.53,9.51,9.55,9.46,8.25,52925.0,53725.0,53180.0,53016.0,54012.0,51389.0,46761.0,,0.0,0.0,,,2.0,-1.0,13.41,0.03,0.23,3.0,2.0,0.0,0.0,35.29,34.89,34.77,34.93,34.91,37.94,35.19,35.48,35.15,46.18
2016-07-25 17:27:00-05:00,308.1785,275.5394,572184,35.33,0.0,262.9,30.52,331.7,,,,,,,,,,,-2147484000.0,,,,-7999.0,-7999.0,-7999.0,-7999.0,-7999.0,-7999.0,-7999.0,-7999.0,30.51,34.52,290.8,77.62,79.88,77.21,60.0,59.9,74.7,0.0,273.0,272.8,274.9,63.77,1.998,63.8,618.0,1440429.0,42573.0,133173.0,1.0,0.979,0.748,0.921,28.71,28.86,28.99,29.04,29.08,28.68,25.14,9.52,9.57,9.61,9.63,9.64,9.51,8.34,52925.0,53726.0,53180.0,53016.0,54012.0,51389.0,46761.0,2.553,236.5,11.92,4.4,3.507,2.0,-1.0,13.41,0.03,0.23,3.0,2.0,0.0,0.0,35.55,35.19,35.02,35.22,35.14,38.09,35.46,35.71,35.48,46.1
2016-07-25 17:28:00-05:00,262.91403,239.67499,572185,35.32,0.0,233.9,30.48,339.4,,,,,,,,,,,-2147484000.0,,,,-7999.0,-7999.0,-7999.0,-7999.0,-7999.0,-7999.0,-7999.0,-7999.0,30.58,34.62,252.1,68.17,70.26,67.68,60.0,59.9,74.7,0.0,273.0,272.5,274.9,55.95,0.826,55.95,618.0,1440430.0,42573.0,133173.0,1.0,0.979,0.748,0.921,24.56,24.85,24.89,24.87,24.95,24.61,21.64,8.33,8.43,8.45,8.44,8.47,8.35,7.345,52926.0,53726.0,53181.0,53016.0,54012.0,51389.0,46762.0,,0.0,0.0,,,2.0,-1.0,13.41,0.085,0.229,3.0,2.0,0.0,0.0,35.63,35.39,35.21,35.47,35.33,38.47,35.65,36.11,35.7,46.02
2016-07-25 17:29:00-05:00,261.72598,240.34744,572186,35.3,0.0,235.5,30.6,327.6,,,,,,,,,,,-2147484000.0,,,,-7999.0,-7999.0,-7999.0,-7999.0,-7999.0,-7999.0,-7999.0,-7999.0,30.68,34.88,253.7,68.8,71.0,68.38,60.0,59.9,74.7,0.0,273.0,273.0,275.0,56.54,0.905,56.55,618.0,1440431.0,42573.0,133173.0,1.0,0.979,0.748,0.921,25.77,26.05,26.05,26.02,26.21,25.78,22.63,8.44,8.53,8.53,8.52,8.58,8.45,7.412,52926.0,53726.0,53181.0,53016.0,54012.0,51389.0,46762.0,1.292,258.2,30.63,2.3,3.503,2.0,-1.0,13.44,0.049,0.229,3.0,2.0,0.0,0.0,35.89,35.65,35.38,35.74,35.56,38.65,35.84,36.46,35.85,45.92
2016-07-25 17:30:00-05:00,245.5686,228.8036,572187,35.28,0.0,225.7,30.86,336.8,,,,,,,,,,,-2147484000.0,,,,-7999.0,-7999.0,-7999.0,-7999.0,-7999.0,-7999.0,-7999.0,-7999.0,30.85,35.01,239.4,65.62,67.7,65.14,60.0,59.9,74.7,0.0,273.0,273.0,274.9,53.87,0.503,53.88,618.0,1440432.0,42573.0,133173.0,1.0,0.979,0.748,0.921,23.88,24.16,24.17,24.16,24.26,23.93,20.99,8.04,8.13,8.14,8.13,8.17,8.06,7.067,52926.0,53726.0,53181.0,53017.0,54013.0,51389.0,46762.0,,0.0,0.0,,,2.0,-1.0,13.44,0.041,0.229,3.0,2.0,0.0,0.0,36.04,35.7,35.55,35.92,35.71,38.74,36.04,36.51,36.0,45.9
2016-07-25 17:31:00-05:00,235.70782,222.1911,572188,35.28,0.0,220.4,30.83,330.2,,,,,,,,,,,-2147484000.0,,,,-7999.0,-7999.0,-7999.0,-7999.0,-7999.0,-7999.0,-7999.0,-7999.0,30.91,35.31,232.8,64.04,66.13,63.57,60.0,59.9,74.7,0.0,273.0,273.0,275.0,52.62,0.308,52.62,618.0,1440432.0,42573.0,133173.0,1.0,0.979,0.748,0.921,23.82,24.09,24.07,24.14,24.29,23.81,20.89,7.865,7.953,7.946,7.969,8.02,7.862,6.896,52926.0,53727.0,53181.0,53017.0,54013.0,51390.0,46762.0,,0.0,0.0,,,2.0,-1.0,13.44,0.038,0.228,3.0,2.0,0.0,0.0,36.22,35.92,35.78,36.18,36.02,39.03,36.18,36.74,36.08,45.82
2016-07-25 17:32:00-05:00,238.08391,225.88962,572189,35.27,0.0,223.5,30.78,329.5,,,,,,,,,,,-2147484000.0,,,,-7999.0,-7999.0,-7999.0,-7999.0,-7999.0,-7999.0,-7999.0,-7999.0,30.77,35.19,236.3,64.81,66.9,64.34,60.0,59.9,74.7,0.0,273.5,273.0,275.0,53.32,0.402,53.32,618.0,1440433.0,42573.0,133173.0,1.0,0.979,0.748,0.921,24.18,24.47,24.44,24.44,24.62,24.19,21.23,7.968,8.06,8.05,8.05,8.11,7.969,6.994,52927.0,53727.0,53182.0,53017.0,54013.0,51390.0,46762.0,1.912,268.9,29.78,4.0,3.508,2.0,-1.0,13.44,0.036,0.228,3.0,2.0,0.0,0.0,36.22,35.96,35.74,36.13,35.94,38.87,36.13,36.72,36.16,45.77
2016-07-25 17:33:00-05:00,242.71729,230.93306,572190,35.25,0.0,227.4,30.83,328.5,,,,,,,,,,,-2147484000.0,,,,-7999.0,-7999.0,-7999.0,-7999.0,-7999.0,-7999.0,-7999.0,-7999.0,30.9,35.25,241.7,65.97,68.1,65.51,60.0,59.9,74.7,0.0,274.0,273.1,275.0,54.31,0.544,54.31,618.0,1440434.0,42573.0,133173.0,1.0,0.979,0.748,0.921,24.8,24.91,24.87,25.03,25.22,24.67,21.63,8.14,8.18,8.17,8.22,8.28,8.1,7.104,52927.0,53727.0,53182.0,53017.0,54013.0,51390.0,46762.0,,0.0,0.0,,,2.0,-1.0,13.44,0.035,0.228,3.0,2.0,0.0,0.0,36.24,35.99,35.73,36.12,35.95,38.99,36.09,36.87,36.15,45.72
2016-07-25 17:34:00-05:00,249.13274,237.3214,572191,35.24,0.0,231.9,30.86,329.5,,,,,,,,,,,-2147484000.0,,,,-7999.0,-7999.0,-7999.0,-7999.0,-7999.0,-7999.0,-7999.0,-7999.0,30.81,35.35,248.0,67.45,69.55,66.96,60.0,59.9,74.7,0.0,273.6,273.0,275.0,55.48,0.722,55.49,618.0,1440435.0,42573.0,133173.0,1.0,0.979,0.748,0.921,25.23,25.32,25.31,25.46,25.66,25.07,21.99,8.31,8.34,8.34,8.39,8.45,8.26,7.247,52927.0,53727.0,53182.0,53018.0,54014.0,51390.0,46762.0,,0.0,0.0,,,2.0,-1.0,13.44,0.035,0.229,3.0,2.0,0.0,0.0,36.33,36.0,35.73,36.18,36.0,38.96,36.13,36.82,36.27,45.74
2016-07-25 17:35:00-05:00,226.44109,219.50127,572192,35.23,0.0,215.8,30.85,338.3,,,,,,,,,,,-2147484000.0,,,,-7999.0,-7999.0,-7999.0,-7999.0,-7999.0,-7999.0,-7999.0,-7999.0,30.8,35.15,227.3,62.09,64.1,61.55,60.0,59.9,74.7,0.0,273.9,273.1,275.0,51.06,0.082,51.06,618.0,1440436.0,42573.0,133173.0,0.067,0.979,0.748,0.921,22.54,22.72,22.77,22.89,23.02,22.4,19.81,7.62,7.681,7.699,7.74,7.783,7.575,6.698,52927.0,53728.0,53182.0,53018.0,54014.0,51391.0,46762.0,,0.0,0.0,,,2.0,-1.0,13.44,0.035,0.228,3.0,2.0,0.0,0.0,36.13,35.87,35.72,36.07,36.02,38.61,36.22,36.56,36.05,45.64
2016-07-25 17:36:00-05:00,198.9973,197.1981,572193,35.2,0.0,196.6,30.73,335.5,,,,,,,,,,,-2147484000.0,,,,-7999.0,-7999.0,-7999.0,-7999.0,-7999.0,-7999.0,-7999.0,-7999.0,30.59,34.86,202.9,56.3,58.38,55.74,60.0,59.9,74.7,0.0,273.3,273.0,275.0,46.26,-0.582,46.27,618.0,1440437.0,42573.0,133173.0,-1.0,0.979,0.748,0.921,20.61,20.91,20.79,20.86,21.06,20.63,18.05,6.914,7.015,6.976,6.998,7.066,6.922,6.055,52927.0,53728.0,53182.0,53018.0,54014.0,51391.0,46762.0,2.183,277.8,16.15,3.0,3.508,2.0,-1.0,13.44,0.034,0.228,3.0,2.0,0.0,0.0,35.84,35.51,35.55,35.84,35.94,38.15,36.07,36.18,36.0,45.62
2016-07-25 17:37:00-05:00,185.92882,186.3267,572194,35.2,0.0,186.7,30.75,332.0,,,,,,,,,,,-2147484000.0,,,,-7999.0,-7999.0,-7999.0,-7999.0,-7999.0,-7999.0,-7999.0,-7999.0,30.62,34.89,191.4,53.35,55.54,52.8,60.0,59.9,74.7,0.0,273.4,273.0,275.0,43.86,-0.926,43.87,618.0,1440437.0,42573.0,133173.0,-1.0,0.979,0.748,0.921,19.76,20.02,19.93,20.01,20.18,19.74,17.34,6.559,6.646,6.618,6.644,6.699,6.553,5.756,52927.0,53728.0,53182.0,53018.0,54014.0,51391.0,46762.0,,0.0,0.0,,,2.0,-1.0,13.44,0.034,0.228,3.0,2.0,0.0,0.0,35.81,35.5,35.51,35.79,35.9,38.22,35.96,36.28,35.92,45.56
2016-07-25 17:38:00-05:00,178.08772,179.37799,572195,35.2,0.0,180.0,30.76,331.3,,,,,,,,,,,-2147484000.0,,,,-7999.0,-7999.0,-7999.0,-7999.0,-7999.0,-7999.0,-7999.0,-7999.0,30.66,34.83,184.1,51.32,53.52,50.8,60.0,59.9,74.7,0.0,273.8,273.0,275.0,42.21,-1.182,42.22,618.0,1440438.0,42573.0,133173.0,-1.0,0.979,0.748,0.921,19.0,19.26,19.36,19.31,19.36,19.02,16.84,6.294,6.38,6.414,6.398,6.414,6.3,5.58,52927.0,53728.0,53182.0,53018.0,54014.0,51391.0,46762.0,2.118,284.4,22.7,4.2,3.512,2.0,-1.0,13.44,0.033,0.228,3.0,2.0,0.0,0.0,35.76,35.53,35.38,35.76,35.81,38.14,35.87,36.16,35.8,45.55
2016-07-25 17:39:00-05:00,173.69196,175.23117,572196,35.18,0.0,175.5,30.71,330.5,,,,,,,,,,,-2147484000.0,,,,-7999.0,-7999.0,-7999.0,-7999.0,-7999.0,-7999.0,-7999.0,-7999.0,30.64,34.81,179.8,50.02,52.21,49.48,60.0,59.9,74.7,0.0,274.0,273.2,275.1,41.14,-1.344,41.16,618.0,1440439.0,42573.0,133173.0,-0.999,0.979,0.748,0.921,18.57,18.85,18.93,18.88,18.95,18.6,16.46,6.138,6.227,6.256,6.239,6.262,6.145,5.438,52927.0,53728.0,53182.0,53018.0,54014.0,51391.0,46762.0,2.057,236.8,28.99,3.6,3.51,2.0,-1.0,13.44,0.033,0.227,3.0,2.0,0.0,0.0,35.68,35.47,35.23,35.61,35.59,38.06,35.66,36.2,35.58,45.56
2016-07-25 17:40:00-05:00,169.65262,171.42058,572197,35.16,0.0,171.3,30.35,330.8,,,,,,,,,,,-2147484000.0,,,,-7999.0,-7999.0,-7999.0,-7999.0,-7999.0,-7999.0,-7999.0,-7999.0,30.25,34.51,175.9,48.81,50.98,48.25,60.0,59.9,74.7,0.0,274.0,273.4,275.2,40.13,-1.494,40.16,618.0,1440440.0,42573.0,133173.0,-0.999,0.979,0.748,0.921,18.16,18.43,18.38,18.41,18.55,18.16,15.98,6.007,6.094,6.078,6.09,6.135,6.007,5.286,52927.0,53728.0,53182.0,53018.0,54014.0,51391.0,46762.0,2.377,238.4,14.54,3.4,3.513,2.0,-1.0,13.44,0.033,0.227,3.0,2.0,0.0,0.0,35.4,35.32,35.11,35.51,35.48,38.06,35.51,36.18,35.48,45.55
2016-07-25 17:41:00-05:00,164.18762,166.37715,572198,35.14,0.0,166.3,30.29,330.9,,,,,,,,,,,-2147484000.0,,,,-7999.0,-7999.0,-7999.0,-7999.0,-7999.0,-7999.0,-7999.0,-7999.0,30.24,34.51,170.5,47.23,49.39,46.67,60.0,59.9,74.7,0.0,274.0,273.7,275.5,38.83,-1.701,38.87,618.0,1440440.0,42573.0,133173.0,-0.999,0.979,0.748,0.921,17.55,17.86,17.79,17.78,17.94,17.59,15.48,5.809,5.91,5.888,5.883,5.935,5.822,5.122,52927.0,53728.0,53182.0,53018.0,54014.0,51391.0,46762.0,,0.0,0.0,,,2.0,-1.0,13.44,0.033,0.227,3.0,2.0,0.0,0.0,35.36,35.27,34.99,35.51,35.4,38.02,35.38,36.01,35.4,45.64
2016-07-25 17:42:00-05:00,164.30641,165.70468,572199,35.12,0.0,164.9,30.37,329.3,,,,,,,,,,,-2147484000.0,,,,-7999.0,-7999.0,-7999.0,-7999.0,-7999.0,-7999.0,-7999.0,-7999.0,30.26,34.4,170.2,46.82,49.0,46.26,60.0,59.9,74.7,0.0,274.0,273.8,275.7,38.5,-1.74,38.54,618.0,1440441.0,42573.0,133173.0,-0.999,0.979,0.748,0.921,17.53,17.69,17.76,17.84,17.92,17.42,15.47,5.773,5.825,5.848,5.874,5.902,5.735,5.093,52927.0,53728.0,53182.0,53018.0,54014.0,51391.0,46762.0,1.493,235.0,14.29,2.9,3.508,2.0,-1.0,13.44,0.033,0.227,3.0,2.0,0.0,0.0,35.26,35.24,34.96,35.48,35.45,37.92,35.37,35.91,35.34,45.62
2016-07-25 17:43:00-05:00,158.36621,160.21297,572200,35.09,0.0,159.7,30.38,331.5,,,,,,,,,,,-2147484000.0,,,,-7999.0,-7999.0,-7999.0,-7999.0,-7999.0,-7999.0,-7999.0,-7999.0,30.28,34.39,164.4,45.23,47.41,44.68,60.0,59.9,74.7,0.0,274.0,273.4,275.2,37.16,-1.942,37.21,618.0,1440441.0,42573.0,133173.0,-0.999,0.979,0.748,0.921,16.75,16.94,17.07,17.08,17.13,16.67,14.9,5.551,5.614,5.659,5.66,5.679,5.525,4.938,52927.0,53728.0,53182.0,53018.0,54014.0,51391.0,46762.0,1.807,249.5,11.4,2.6,3.508,2.0,-1.0,13.44,0.033,0.227,3.0,2.0,0.0,0.0,35.18,35.11,34.84,35.3,35.3,37.86,35.27,35.77,35.25,45.57
2016-07-25 17:44:00-05:00,156.58414,157.97142,572201,35.06,0.0,157.2,30.37,329.2,,,,,,,,,,,-2147484000.0,,,,-7999.0,-7999.0,-7999.0,-7999.0,-7999.0,-7999.0,-7999.0,-7999.0,30.3,34.24,162.5,44.53,46.73,43.98,60.0,59.9,74.7,0.0,274.0,273.5,275.4,36.59,-2.022,36.65,618.0,1440442.0,42573.0,133173.0,-0.998,0.979,0.748,0.921,16.61,16.91,16.91,16.86,17.02,16.63,14.75,5.467,5.566,5.567,5.55,5.601,5.475,4.853,52927.0,53728.0,53182.0,53018.0,54014.0,51391.0,46762.0,1.32,240.3,18.1,2.0,3.508,2.0,-1.0,13.44,0.033,0.227,3.0,2.0,0.0,0.0,35.03,35.08,34.78,35.32,35.2,37.81,35.12,35.79,35.23,45.51
2016-07-25 17:45:00-05:00,158.6038,158.53181,572202,35.04,0.0,157.1,30.42,329.2,,,,,,,,,,,-2147484000.0,,,,-7999.0,-7999.0,-7999.0,-7999.0,-7999.0,-7999.0,-7999.0,-7999.0,30.32,34.22,163.6,44.57,46.75,44.01,60.0,59.9,74.7,0.0,274.0,273.9,275.8,36.62,-2.026,36.68,618.0,1440443.0,42573.0,133173.0,-0.998,0.979,0.748,0.921,16.65,16.86,16.87,16.93,17.09,16.58,14.72,5.483,5.549,5.553,5.572,5.628,5.459,4.848,52927.0,53728.0,53182.0,53018.0,54014.0,51391.0,46762.0,1.16,266.0,32.44,2.2,3.508,2.0,-1.0,13.44,0.033,0.227,3.0,2.0,0.0,0.0,34.95,35.04,34.68,35.19,35.09,37.71,35.02,35.77,35.2,45.54
2016-07-25 17:46:00-05:00,153.13881,153.15215,572203,35.01,0.0,152.3,30.49,330.8,,,,,,,,,,,-2147484000.0,,,,-7999.0,-7999.0,-7999.0,-7999.0,-7999.0,-7999.0,-7999.0,-7999.0,30.38,34.21,157.6,42.99,45.13,42.44,60.0,59.9,74.7,0.0,274.0,274.0,275.9,35.31,-2.221,35.38,618.0,1440443.0,42573.0,133173.0,-0.998,0.979,0.748,0.921,15.97,16.26,16.24,16.2,16.36,16.01,14.16,5.283,5.377,5.37,5.36,5.411,5.298,4.683,52927.0,53728.0,53182.0,53018.0,54014.0,51391.0,46762.0,0.64,296.2,22.79,1.1,3.512,2.0,-1.0,13.44,0.032,0.227,3.0,2.0,0.0,0.0,34.93,34.98,34.6,35.17,35.09,37.6,35.01,35.58,35.13,45.48
2016-07-25 17:47:00-05:00,152.18837,151.24686,572204,34.98,0.0,150.0,30.54,330.1,,,,,,,,,,,-2147484000.0,,,,-7999.0,-7999.0,-7999.0,-7999.0,-7999.0,-7999.0,-7999.0,-7999.0,30.44,34.11,155.8,42.35,44.51,41.79,60.0,59.9,74.7,0.0,274.0,274.0,276.0,34.79,-2.292,34.86,618.0,1440444.0,42573.0,133173.0,-0.998,0.979,0.748,0.921,15.84,16.01,16.0,16.06,16.2,15.77,13.95,5.226,5.284,5.279,5.299,5.347,5.203,4.603,52927.0,53728.0,53182.0,53018.0,54014.0,51391.0,46762.0,,0.0,0.0,,,2.0,-1.0,13.44,0.032,0.227,3.0,2.0,0.0,0.0,34.85,34.96,34.54,35.07,34.99,37.55,34.99,35.61,35.13,45.45
2016-07-25 17:48:00-05:00,152.18837,150.23817,572205,34.96,0.0,148.8,30.58,328.9,,,,,,,,,,,-2147484000.0,,,,-7999.0,-7999.0,-7999.0,-7999.0,-7999.0,-7999.0,-7999.0,-7999.0,30.39,34.05,155.2,41.98,44.16,41.43,60.0,59.9,74.7,0.0,274.0,274.0,276.0,34.5,-2.336,34.58,618.0,1440444.0,42573.0,133173.0,-0.998,0.979,0.748,0.921,15.72,15.88,16.0,16.01,16.07,15.66,13.95,5.171,5.221,5.261,5.264,5.285,5.149,4.586,52927.0,53728.0,53182.0,53018.0,54014.0,51391.0,46762.0,1.477,246.5,17.36,2.3,3.513,2.0,-1.0,13.44,0.032,0.227,3.0,2.0,0.0,0.0,34.8,34.86,34.42,34.97,34.89,37.5,34.89,35.48,35.1,45.4
2016-07-25 17:49:00-05:00,153.85164,150.79857,572206,34.93,0.0,148.6,30.52,329.7,,,,,,,,,,,-2147484000.0,,,,-7999.0,-7999.0,-7999.0,-7999.0,-7999.0,-7999.0,-7999.0,-7999.0,30.33,33.95,155.6,42.0,44.2,41.45,60.0,59.9,74.7,0.0,274.0,274.0,276.0,34.52,-2.336,34.6,618.0,1440445.0,42573.0,133173.0,-0.998,0.979,0.748,0.921,15.75,15.89,15.89,15.94,16.1,15.7,13.85,5.192,5.238,5.238,5.254,5.307,5.176,4.566,52927.0,53728.0,53182.0,53018.0,54014.0,51391.0,46762.0,,0.0,0.0,,,2.0,-1.0,13.44,0.032,0.227,3.0,2.0,0.0,0.0,34.69,34.75,34.32,34.89,34.76,37.49,34.81,35.45,34.95,45.35
2016-07-25 17:50:00-05:00,150.0499,147.10004,572207,34.89,0.0,145.5,30.45,329.7,,,,,,,,,,,-2147484000.0,,,,-7999.0,-7999.0,-7999.0,-7999.0,-7999.0,-7999.0,-7999.0,-7999.0,30.3,33.82,151.6,41.08,43.28,40.57,60.0,59.9,74.7,0.0,274.0,274.0,276.0,33.77,-2.442,33.85,618.0,1440446.0,42573.0,133173.0,-0.997,0.979,0.748,0.921,15.41,15.59,15.54,15.59,15.77,15.38,13.55,5.082,5.14,5.124,5.138,5.199,5.072,4.468,52927.0,53728.0,53182.0,53018.0,54014.0,51391.0,46762.0,,0.0,0.0,,,2.0,-1.0,13.44,0.032,0.227,3.0,2.0,0.0,0.0,34.64,34.62,34.23,34.73,34.68,37.29,34.65,35.23,34.8,45.35
2016-07-25 17:51:00-05:00,153.37642,149.00534,572208,34.87,0.0,146.8,30.4,328.5,,,,,,,,,,,-2147484000.0,,,,-7999.0,-7999.0,-7999.0,-7999.0,-7999.0,-7999.0,-7999.0,-7999.0,30.26,33.76,154.0,41.47,43.69,40.98,60.0,59.9,74.7,0.0,274.1,274.0,275.8,34.11,-2.393,34.19,618.0,1440446.0,42573.0,133173.0,-0.998,0.979,0.748,0.921,15.54,15.77,15.82,15.79,15.91,15.56,13.78,5.105,5.18,5.196,5.188,5.227,5.111,4.527,52927.0,53728.0,53182.0,53018.0,54014.0,51391.0,46762.0,1.25,255.9,16.28,2.0,3.512,2.0,-1.0,13.44,0.032,0.227,3.0,2.0,0.0,0.0,34.58,34.59,34.2,34.7,34.57,37.35,34.6,35.32,34.74,45.26
2016-07-25 17:52:00-05:00,151.47556,147.10004,572209,34.85,0.0,145.3,30.43,330.2,,,,,,,,,,,-2147484000.0,,,,-7999.0,-7999.0,-7999.0,-7999.0,-7999.0,-7999.0,-7999.0,-7999.0,30.37,33.83,151.9,41.01,43.21,40.5,60.0,59.9,74.7,0.0,274.2,274.0,276.0,33.73,-2.44,33.82,618.0,1440447.0,42573.0,133173.0,-0.997,0.979,0.748,0.921,15.36,15.47,15.52,15.59,15.71,15.24,13.53,5.071,5.109,5.126,5.148,5.187,5.033,4.467,52927.0,53728.0,53182.0,53018.0,54014.0,51391.0,46762.0,0.842,256.9,30.36,1.5,3.513,2.0,-1.0,13.44,0.032,0.227,3.0,2.0,0.0,0.0,34.58,34.59,34.1,34.7,34.58,37.26,34.52,35.17,34.72,45.25
2016-07-25 17:53:00-05:00,147.67381,144.07399,572210,34.81,0.0,143.1,30.43,329.9,,,,,,,,,,,-2147484000.0,,,,-7999.0,-7999.0,-7999.0,-7999.0,-7999.0,-7999.0,-7999.0,-7999.0,30.35,33.75,148.6,40.34,42.53,39.86,60.0,59.9,74.7,0.0,274.7,274.0,276.0,33.18,-2.562,33.28,618.0,1440447.0,42573.0,133173.0,-0.997,0.979,0.748,0.921,15.09,15.29,15.33,15.34,15.42,15.08,13.37,4.978,5.044,5.057,5.062,5.088,4.974,4.411,52927.0,53728.0,53182.0,53018.0,54014.0,51391.0,46762.0,1.047,261.4,17.21,1.8,3.512,2.0,-1.0,13.44,0.031,0.227,3.0,2.0,0.0,0.0,34.52,34.54,34.06,34.65,34.5,37.19,34.44,35.15,34.64,45.25
2016-07-25 17:54:00-05:00,145.29773,142.05661,572211,34.79,0.0,141.8,30.41,329.5,,,,,,,,,,,-2147484000.0,,,,-7999.0,-7999.0,-7999.0,-7999.0,-7999.0,-7999.0,-7999.0,-7999.0,30.36,33.65,146.6,39.95,42.15,39.49,60.0,59.9,74.7,0.0,274.9,274.0,276.0,32.86,-2.615,32.96,618.0,1440448.0,42573.0,133173.0,-0.997,0.979,0.748,0.921,14.96,15.15,15.19,15.21,15.29,14.92,13.25,4.931,4.992,5.006,5.01,5.039,4.916,4.366,52927.0,53728.0,53182.0,53018.0,54014.0,51391.0,46762.0,1.065,272.2,25.63,1.8,3.512,2.0,-1.0,13.44,0.032,0.227,3.0,2.0,0.0,0.0,34.41,34.49,34.02,34.6,34.49,37.16,34.45,35.16,34.61,45.19
2016-07-25 17:55:00-05:00,144.22849,141.38414,572212,34.75,0.0,141.1,30.35,329.2,,,,,,,,,,,-2147484000.0,,,,-7999.0,-7999.0,-7999.0,-7999.0,-7999.0,-7999.0,-7999.0,-7999.0,30.27,33.58,145.8,39.75,41.95,39.31,60.0,59.9,74.7,0.0,275.0,274.1,276.0,32.71,-2.638,32.82,618.0,1440448.0,42573.0,133173.0,-0.997,0.979,0.748,0.921,14.91,15.12,15.16,15.16,15.24,14.89,13.22,4.909,4.979,4.989,4.991,5.017,4.903,4.351,52927.0,53728.0,53182.0,53018.0,54014.0,51391.0,46762.0,1.083,220.0,21.26,2.2,3.513,2.0,-1.0,13.44,0.031,0.227,3.0,2.0,0.0,0.0,34.37,34.44,33.92,34.5,34.42,37.12,34.29,35.12,34.54,45.15
2016-07-25 17:56:00-05:00,145.77293,142.28076,572213,34.73,0.0,141.9,30.32,328.8,,,,,,,,,,,-2147484000.0,,,,-7999.0,-7999.0,-7999.0,-7999.0,-7999.0,-7999.0,-7999.0,-7999.0,30.25,33.51,147.4,40.04,42.24,39.62,60.0,59.9,74.7,0.0,274.2,274.1,275.7,32.91,-2.594,33.01,618.0,1440449.0,42573.0,133173.0,-0.997,0.979,0.748,0.921,15.02,15.22,15.25,15.27,15.36,14.99,13.29,4.938,5.004,5.015,5.021,5.049,4.929,4.37,52927.0,53728.0,53182.0,53018.0,54014.0,51391.0,46762.0,1.362,233.4,22.53,2.1,3.513,2.0,-1.0,13.44,0.031,0.227,3.0,2.0,0.0,0.0,34.31,34.31,33.87,34.45,34.36,37.01,34.29,34.99,34.48,45.1
2016-07-25 17:57:00-05:00,149.6935,145.08267,572214,34.7,0.0,143.7,30.34,328.1,,,,,,,,,,,-2147484000.0,,,,-7999.0,-7999.0,-7999.0,-7999.0,-7999.0,-7999.0,-7999.0,-7999.0,30.24,33.54,151.0,40.65,42.86,40.19,60.0,59.9,74.7,0.0,274.0,274.0,275.7,33.4,-2.513,33.5,618.0,1440449.0,42573.0,133173.0,-0.997,0.979,0.748,0.921,15.3,15.47,15.49,15.53,15.67,15.26,13.49,5.021,5.075,5.081,5.095,5.14,5.006,4.427,52927.0,53728.0,53182.0,53018.0,54014.0,51391.0,46762.0,,0.0,0.0,,,2.0,-1.0,13.44,0.031,0.227,3.0,2.0,0.0,0.0,34.28,34.3,33.82,34.39,34.29,36.95,34.28,34.94,34.35,45.05
2016-07-25 17:58:00-05:00,163.8312,155.2816,572215,34.67,0.0,150.5,30.33,326.9,,,,,,,,,,,-2147484000.0,,,,-7999.0,-7999.0,-7999.0,-7999.0,-7999.0,-7999.0,-7999.0,-7999.0,30.25,33.53,163.6,42.75,45.04,42.33,60.0,59.9,74.7,0.0,274.2,274.0,276.0,35.22,-2.238,35.29,618.0,1440450.0,42573.0,133173.0,-0.998,0.979,0.748,0.921,16.16,16.29,16.41,16.43,16.53,16.16,14.3,5.284,5.325,5.365,5.371,5.404,5.282,4.675,52927.0,53728.0,53182.0,53018.0,54014.0,51391.0,46762.0,0.972,224.6,25.63,1.6,3.513,2.0,-1.0,13.44,0.031,0.227,3.0,2.0,0.0,0.0,34.3,34.24,33.74,34.41,34.24,36.98,34.21,35.01,34.35,45.04
2016-07-25 17:59:00-05:00,171.67229,160.9975,572216,34.65,0.0,154.0,30.38,329.4,,,,,,,,,,,-2147484000.0,,,,-7999.0,-7999.0,-7999.0,-7999.0,-7999.0,-7999.0,-7999.0,-7999.0,30.39,33.69,170.2,43.98,46.25,43.53,60.0,59.9,74.7,0.0,274.3,274.0,276.0,36.24,-2.087,36.3,618.0,1440451.0,42573.0,133173.0,-0.998,0.979,0.748,0.921,16.51,16.57,16.74,16.75,16.87,16.48,14.59,5.437,5.456,5.513,5.517,5.554,5.428,4.806,52927.0,53728.0,53182.0,53018.0,54014.0,51391.0,46762.0,0.898,249.8,23.74,1.2,3.512,2.0,-1.0,13.44,0.031,0.227,3.0,2.0,0.0,0.0,34.43,34.31,33.75,34.41,34.34,37.03,34.23,35.06,34.36,44.96
2016-07-25 18:00:00-05:00,166.20729,156.96275,572217,34.61,0.0,151.2,30.39,331.2,,,,,,,,,,,-2147484000.0,,,,-7999.0,-7999.0,-7999.0,-7999.0,-7999.0,-7999.0,-7999.0,-7999.0,30.41,33.78,165.5,43.13,45.37,42.68,60.0,59.9,74.7,0.0,274.2,274.0,276.0,35.51,-2.198,35.58,618.0,1440451.0,42573.0,133173.0,-0.998,0.979,0.748,0.921,16.09,16.18,16.3,16.32,16.42,16.06,14.21,5.327,5.359,5.399,5.405,5.438,5.319,4.705,52927.0,53728.0,53182.0,53018.0,54014.0,51391.0,46762.0,,0.0,0.0,,,2.5,-1.0,13.44,0.031,0.227,3.0,2.0,0.0,0.0,34.5,34.33,33.82,34.41,34.36,37.07,34.31,35.06,34.46,44.89
2016-07-25 18:01:00-05:00,156.34654,149.56572,572218,34.58,0.0,146.2,30.34,332.4,,,,,,,,,,,-2147484000.0,,,,-7999.0,-7999.0,-7999.0,-7999.0,-7999.0,-7999.0,-7999.0,-7999.0,30.41,33.79,156.9,41.45,43.72,40.96,60.0,59.9,74.7,0.0,274.8,274.0,276.0,34.14,-2.363,34.22,618.0,1440452.0,42573.0,133173.0,-0.998,0.979,0.748,0.921,15.36,15.59,15.67,15.6,15.67,15.42,13.64,5.104,5.181,5.209,5.184,5.208,5.126,4.536,52927.0,53728.0,53182.0,53018.0,54014.0,51391.0,46762.0,,0.0,0.0,,,2.0,-1.0,13.44,0.031,0.227,3.0,2.0,0.0,0.0,34.48,34.31,33.92,34.5,34.41,37.1,34.39,35.09,34.48,44.86
2016-07-25 18:02:00-05:00,145.65414,141.72038,572219,34.57,0.0,140.7,30.43,331.9,,,,,,,,,,,-2147484000.0,,,,-7999.0,-7999.0,-7999.0,-7999.0,-7999.0,-7999.0,-7999.0,-7999.0,30.39,33.7,147.9,39.66,41.94,39.21,60.0,59.9,74.7,0.0,275.0,274.0,276.0,32.66,-2.583,32.76,618.0,1440452.0,42573.0,133173.0,-0.997,0.979,0.748,0.921,14.78,14.95,14.98,15.0,15.1,14.74,13.06,4.906,4.961,4.973,4.978,5.011,4.892,4.335,52927.0,53728.0,53182.0,53018.0,54014.0,51391.0,46762.0,1.54,244.7,14.14,2.3,3.512,2.0,-1.0,13.44,0.031,0.227,3.0,2.0,0.0,0.0,34.46,34.21,33.82,34.4,34.32,36.97,34.32,34.86,34.4,44.84
2016-07-25 18:03:00-05:00,138.05066,135.89243,572220,34.54,0.0,136.3,30.44,330.6,,,,,,,,,,,-2147484000.0,,,,-7999.0,-7999.0,-7999.0,-7999.0,-7999.0,-7999.0,-7999.0,-7999.0,30.37,33.6,141.4,38.33,40.61,37.89,60.0,59.9,74.7,0.0,274.9,274.0,276.0,31.54,-2.759,31.66,618.0,1440453.0,42573.0,133173.0,-0.996,0.979,0.748,0.921,14.34,14.52,14.54,14.56,14.63,14.33,12.67,4.742,4.802,4.807,4.814,4.837,4.736,4.189,52927.0,53728.0,53182.0,53018.0,54014.0,51391.0,46762.0,1.115,249.8,20.26,1.8,3.512,2.0,-1.0,13.44,0.031,0.227,3.0,2.0,0.0,0.0,34.3,34.16,33.7,34.28,34.21,36.88,34.23,34.78,34.3,44.76
2016-07-25 18:04:00-05:00,131.39761,130.73692,572221,34.51,0.0,132.0,30.54,330.9,,,,,,,,,,,-2147484000.0,,,,-7999.0,-7999.0,-7999.0,-7999.0,-7999.0,-7999.0,-7999.0,-7999.0,30.46,33.63,135.9,37.03,39.29,36.58,60.0,59.9,74.7,0.0,275.0,274.2,276.1,30.46,-2.919,30.6,618.0,1440453.0,42574.0,133173.0,-0.995,0.979,0.748,0.921,13.86,14.03,14.05,14.06,14.15,13.81,12.24,4.585,4.642,4.649,4.651,4.683,4.57,4.05,52927.0,53728.0,53182.0,53018.0,54014.0,51391.0,46762.0,,0.0,0.0,,,2.0,-1.0,13.44,0.031,0.227,3.0,2.0,0.0,0.0,34.28,34.11,33.62,34.23,34.21,36.84,34.16,34.81,34.25,44.74
2016-07-25 18:05:00-05:00,125.5762,125.91764,572222,34.49,0.0,127.9,30.5,330.8,,,,,,,,,,,-2147484000.0,,,,-7999.0,-7999.0,-7999.0,-7999.0,-7999.0,-7999.0,-7999.0,-7999.0,30.42,33.54,131.0,35.8,38.05,35.34,60.0,59.9,74.7,0.0,275.0,274.1,276.1,29.4,-3.081,29.56,618.0,1440454.0,42574.0,133173.0,-0.995,0.979,0.748,0.921,13.39,13.57,13.58,13.6,13.69,13.34,11.8,4.429,4.489,4.491,4.497,4.527,4.413,3.903,52927.0,53728.0,53182.0,53018.0,54014.0,51391.0,46762.0,0.783,233.2,37.18,1.3,3.513,2.0,-1.0,13.44,0.03,0.226,3.0,2.0,0.0,0.0,34.2,34.1,33.62,34.23,34.19,36.85,34.05,34.8,34.25,44.66
2016-07-25 18:06:00-05:00,120.1112,121.210434,572223,34.46,0.0,123.7,30.42,330.4,,,,,,,,,,,-2147484000.0,,,,-7999.0,-7999.0,-7999.0,-7999.0,-7999.0,-7999.0,-7999.0,-7999.0,30.32,33.46,126.3,34.61,36.89,34.16,60.0,59.9,74.7,0.0,274.1,274.0,276.0,28.33,-3.206,28.51,618.0,1440454.0,42574.0,133173.0,-0.994,0.979,0.748,0.921,12.9,13.1,13.11,13.1,13.21,12.88,11.42,4.261,4.329,4.333,4.33,4.364,4.255,3.772,52927.0,53728.0,53182.0,53018.0,54014.0,51391.0,46762.0,0.918,258.9,12.77,1.2,3.512,2.0,-1.0,13.44,0.03,0.226,3.0,2.0,0.0,0.0,34.13,34.03,33.63,34.22,34.14,36.8,34.02,34.75,34.17,44.66
2016-07-25 18:07:00-05:00,115.24021,117.06362,572224,34.43,0.0,119.7,30.47,330.5,,,,,,,,,,,-2147484000.0,,,,-7999.0,-7999.0,-7999.0,-7999.0,-7999.0,-7999.0,-7999.0,-7999.0,30.35,33.33,122.0,33.4,35.67,32.95,60.0,59.9,74.7,0.0,274.0,274.0,276.0,27.29,-3.364,27.5,618.0,1440455.0,42574.0,133173.0,-0.992,0.979,0.748,0.921,12.47,12.61,12.62,12.68,12.76,12.37,11.0,4.121,4.169,4.172,4.192,4.217,4.09,3.635,52927.0,53728.0,53182.0,53018.0,54014.0,51391.0,46762.0,0.762,269.1,19.26,1.6,3.512,2.0,-1.0,13.44,0.03,0.226,3.0,2.0,0.0,0.0,33.99,33.87,33.52,34.0,34.0,36.58,33.95,34.51,34.04,44.6
2016-07-25 18:08:00-05:00,110.488045,112.916794,572225,34.42,0.0,115.7,30.61,330.5,,,,,,,,,,,-2147484000.0,,,,-7999.0,-7999.0,-7999.0,-7999.0,-7999.0,-7999.0,-7999.0,-7999.0,30.48,33.28,117.8,32.22,34.49,31.78,60.0,59.9,74.7,0.0,274.0,274.0,276.0,26.29,-3.502,26.52,618.0,1440455.0,42574.0,133173.0,-0.991,0.979,0.748,0.921,12.04,12.19,12.16,12.22,12.3,11.98,10.6,3.979,4.028,4.018,4.037,4.066,3.959,3.502,52927.0,53728.0,53182.0,53018.0,54014.0,51391.0,46762.0,,0.0,0.0,,,2.0,-1.0,13.44,0.03,0.226,3.0,2.0,0.0,0.0,33.89,33.81,33.33,33.94,33.92,36.5,33.83,34.41,33.92,44.56
2016-07-25 18:09:00-05:00,105.73587,108.65789,572226,34.39,0.0,111.7,30.7,330.1,,,,,,,,,,,-2147484000.0,,,,-7999.0,-7999.0,-7999.0,-7999.0,-7999.0,-7999.0,-7999.0,-7999.0,30.56,33.2,113.6,31.01,33.31,30.6,60.0,59.9,74.7,0.0,274.0,274.0,276.0,25.29,-3.646,25.55,618.0,1440456.0,42574.0,133173.0,-0.99,0.979,0.748,0.921,11.54,11.75,11.76,11.74,11.83,11.54,10.26,3.808,3.879,3.882,3.876,3.903,3.81,3.385,52927.0,53728.0,53182.0,53018.0,54014.0,51391.0,46762.0,1.367,248.8,26.09,2.7,3.513,2.0,-1.0,13.44,0.03,0.226,3.0,2.0,0.0,0.0,33.81,33.77,33.31,33.92,33.84,36.49,33.75,34.39,33.79,44.56
2016-07-25 18:10:00-05:00,101.221306,104.51107,572227,34.36,0.0,107.7,30.7,330.2,,,,,,,,,,,-2147484000.0,,,,-7999.0,-7999.0,-7999.0,-7999.0,-7999.0,-7999.0,-7999.0,-7999.0,30.49,33.12,109.4,29.84,32.13,29.43,60.0,59.9,74.7,0.0,274.1,274.0,276.0,24.28,-3.8,24.58,618.0,1440456.0,42574.0,133173.0,-0.988,0.979,0.748,0.921,11.11,11.3,11.27,11.3,11.42,11.1,9.83,3.668,3.733,3.722,3.733,3.77,3.666,3.246,52927.0,53728.0,53182.0,53018.0,54014.0,51391.0,46762.0,0.555,255.2,37.59,1.0,3.512,2.0,-1.0,13.44,0.03,0.226,3.0,2.0,0.0,0.0,33.73,33.69,33.22,33.84,33.79,36.45,33.61,34.34,33.71,44.5
2016-07-25 18:11:00-05:00,97.06315,100.5884,572228,34.34,0.0,103.8,30.76,330.2,,,,,,,,,,,-2147484000.0,,,,-7999.0,-7999.0,-7999.0,-7999.0,-7999.0,-7999.0,-7999.0,-7999.0,30.58,33.09,105.4,28.68,30.98,28.31,60.0,59.9,74.7,0.0,274.0,274.0,276.0,23.29,-3.956,23.63,618.0,1440456.0,42574.0,133173.0,-0.986,0.979,0.748,0.921,10.65,10.86,10.85,10.84,10.93,10.64,9.46,3.516,3.586,3.582,3.578,3.61,3.514,3.123,52927.0,53728.0,53182.0,53018.0,54014.0,51391.0,46762.0,0.673,270.2,20.27,1.5,3.513,2.0,-1.0,13.44,0.03,0.226,3.0,2.0,0.0,0.0,33.71,33.6,33.12,33.73,33.64,36.39,33.53,34.23,33.63,44.47
2016-07-25 18:12:00-05:00,92.7862,96.66574,572229,34.3,0.0,100.0,30.77,329.9,,,,,,,,,,,-2147484000.0,,,,-7999.0,-7999.0,-7999.0,-7999.0,-7999.0,-7999.0,-7999.0,-7999.0,30.53,33.01,101.5,27.54,29.84,27.2,60.0,59.9,74.7,0.0,274.1,274.0,276.0,22.3,-4.11,22.68,618.0,1440457.0,42574.0,133173.0,-0.983,0.979,0.748,0.921,10.27,10.42,10.4,10.46,10.54,10.2,9.07,3.388,3.439,3.431,3.449,3.478,3.366,2.992,52927.0,53728.0,53182.0,53018.0,54014.0,51391.0,46762.0,1.143,275.4,17.62,1.9,3.513,2.0,-1.0,13.44,0.03,0.226,3.0,2.0,0.0,0.0,33.63,33.51,33.03,33.63,33.59,36.28,33.48,34.2,33.5,44.47
2016-07-25 18:13:00-05:00,88.628044,92.631,572230,34.27,0.0,96.1,30.7,329.9,,,,,,,,,,,-2147484000.0,,,,-7999.0,-7999.0,-7999.0,-7999.0,-7999.0,-7999.0,-7999.0,-7999.0,30.42,32.89,97.6,26.42,28.73,26.13,60.0,59.9,74.7,0.0,274.3,274.0,276.0,21.36,-4.268,21.78,618.0,1440457.0,42574.0,133173.0,-0.981,0.979,0.748,0.921,9.8,9.94,10.01,10.0,10.05,9.75,8.72,3.234,3.279,3.301,3.3,3.317,3.218,2.877,52927.0,53728.0,53182.0,53018.0,54014.0,51391.0,46762.0,1.087,257.5,26.06,2.0,3.513,2.0,-1.0,13.44,0.03,0.226,3.0,2.0,0.0,0.0,33.5,33.4,32.95,33.55,33.48,36.18,33.37,34.04,33.37,44.49
2016-07-25 18:14:00-05:00,84.35108,88.70832,572231,34.25,0.0,92.4,30.63,329.9,,,,,,,,,,,-2147484000.0,,,,-7999.0,-7999.0,-7999.0,-7999.0,-7999.0,-7999.0,-7999.0,-7999.0,30.4,32.81,93.6,25.37,27.64,25.09,60.0,59.9,74.7,0.0,274.4,274.0,276.0,20.42,-4.432,20.9,618.0,1440457.0,42574.0,133173.0,-0.977,0.979,0.748,0.921,9.41,9.59,9.55,9.57,9.67,9.39,8.34,3.104,3.162,3.15,3.157,3.188,3.097,2.751,52927.0,53728.0,53182.0,53018.0,54014.0,51391.0,46762.0,0.887,239.1,22.62,1.8,3.512,2.0,-1.0,13.44,0.03,0.226,3.0,2.0,0.0,0.0,33.37,33.27,32.79,33.4,33.37,36.02,33.24,33.95,33.26,44.47
2016-07-25 18:15:00-05:00,80.43054,85.12188,572232,34.22,0.0,88.9,30.37,330.2,,,,,,,,,,,-2147484000.0,,,,-7999.0,-7999.0,-7999.0,-7999.0,-7999.0,-7999.0,-7999.0,-7999.0,30.24,32.51,89.9,24.36,26.6,24.12,60.0,59.9,74.7,0.0,274.8,274.0,276.0,19.53,-4.589,20.06,618.0,1440458.0,42574.0,133173.0,-0.973,0.979,0.748,0.921,8.99,9.21,9.17,9.14,9.25,9.01,8.0,2.968,3.041,3.026,3.018,3.054,2.974,2.643,52927.0,53728.0,53182.0,53018.0,54014.0,51391.0,46762.0,1.523,224.6,11.6,2.3,3.512,2.0,-1.0,13.44,0.03,0.226,3.0,2.0,0.0,0.0,33.21,33.07,32.64,33.23,33.19,35.95,33.09,33.76,33.13,44.47
2016-07-25 18:16:00-05:00,76.86642,81.64752,572233,34.19,0.0,85.5,30.37,330.2,,,,,,,,,,,-2147484000.0,,,,-7999.0,-7999.0,-7999.0,-7999.0,-7999.0,-7999.0,-7999.0,-7999.0,30.19,32.4,86.4,23.45,25.68,23.23,60.0,59.9,74.7,0.0,274.1,273.2,275.1,18.66,-4.725,19.25,618.0,1440458.0,42574.0,133173.0,-0.969,0.979,0.748,0.921,8.62,8.76,8.78,8.81,8.9,8.57,7.663,2.847,2.891,2.897,2.908,2.937,2.828,2.53,52927.0,53728.0,53182.0,53018.0,54014.0,51391.0,46762.0,0.922,229.3,15.17,1.5,3.513,2.0,-1.0,13.44,0.03,0.226,3.0,2.0,0.0,0.0,33.01,32.9,32.47,33.1,33.01,35.75,32.92,33.67,33.01,44.55
2016-07-25 18:17:00-05:00,73.42108,78.28523,572234,34.15,0.0,82.2,30.33,330.5,,,,,,,,,,,-2147484000.0,,,,-7999.0,-7999.0,-7999.0,-7999.0,-7999.0,-7999.0,-7999.0,-7999.0,30.22,32.27,83.0,22.61,24.86,22.42,60.0,59.9,74.7,0.0,272.8,271.9,274.0,17.83,-4.82,18.47,618.0,1440458.0,42574.0,133173.0,-0.965,0.979,0.748,0.921,8.26,8.36,8.38,8.43,8.51,8.16,7.311,2.73,2.764,2.768,2.786,2.813,2.698,2.416,52927.0,53728.0,53182.0,53018.0,54014.0,51391.0,46762.0,1.295,249.3,22.03,2.1,3.512,2.0,-1.0,13.44,0.03,0.226,3.0,2.0,0.0,0.0,32.9,32.85,32.36,32.91,32.87,35.64,32.83,33.54,32.85,44.61
2016-07-25 18:18:00-05:00,70.21337,75.1471,572235,34.11,0.0,79.26,30.36,330.5,,,,,,,,,,,-2147484000.0,,,,-7999.0,-7999.0,-7999.0,-7999.0,-7999.0,-7999.0,-7999.0,-7999.0,30.17,32.08,79.98,21.82,24.07,21.67,60.0,59.9,74.7,0.0,271.8,271.2,273.6,17.08,-4.914,17.77,618.0,1440459.0,42574.0,133173.0,-0.961,0.979,0.748,0.921,7.917,8.05,8.05,8.07,8.14,7.872,7.011,2.616,2.661,2.66,2.668,2.691,2.602,2.317,52927.0,53728.0,53182.0,53018.0,54014.0,51391.0,46762.0,1.147,230.5,22.92,2.2,3.512,2.0,-1.0,13.44,0.03,0.226,3.0,2.0,0.0,0.0,32.7,32.72,32.22,32.79,32.71,35.56,32.69,33.37,32.72,44.66
2016-07-25 18:19:00-05:00,67.36206,72.3452,572236,34.09,0.0,76.53,30.26,330.6,,,,,,,,,,,-2147484000.0,,,,-7999.0,-7999.0,-7999.0,-7999.0,-7999.0,-7999.0,-7999.0,-7999.0,30.13,31.94,77.08,21.08,23.36,20.98,60.0,59.9,74.7,0.0,271.0,270.1,272.6,16.38,-5.002,17.12,618.0,1440459.0,42575.0,133173.0,-0.956,0.979,0.748,0.921,7.597,7.72,7.745,7.723,7.794,7.554,6.745,2.512,2.552,2.56,2.553,2.576,2.497,2.23,52927.0,53728.0,53182.0,53018.0,54014.0,51391.0,46762.0,1.678,231.8,20.68,2.6,3.512,2.0,-1.0,13.44,0.03,0.226,3.0,2.0,0.0,0.0,32.56,32.55,32.08,32.73,32.64,35.49,32.55,33.17,32.55,44.87
2016-07-25 18:20:00-05:00,64.62956,69.54329,572237,34.05,0.0,73.8,30.24,330.9,,,,,,,,,,,-2147484000.0,,,,-7999.0,-7999.0,-7999.0,-7999.0,-7999.0,-7999.0,-7999.0,-7999.0,30.09,31.77,74.3,20.33,22.62,20.26,60.0,59.9,74.7,0.0,271.0,270.2,272.7,15.7,-5.108,16.51,618.0,1440459.0,42575.0,133173.0,-0.951,0.979,0.748,0.921,7.277,7.419,7.431,7.416,7.489,7.252,6.484,2.408,2.455,2.459,2.454,2.478,2.4,2.146,52927.0,53728.0,53182.0,53018.0,54014.0,51391.0,46762.0,,0.0,0.0,,,2.0,-1.0,13.44,0.03,0.226,3.0,2.0,0.0,0.0,32.4,32.45,32.01,32.55,32.47,35.4,32.46,32.99,32.38,44.87
2016-07-25 18:21:00-05:00,62.134674,66.96554,572238,34.01,0.0,71.2,30.27,331.0,,,,,,,,,,,-2147484000.0,,,,-7999.0,-7999.0,-7999.0,-7999.0,-7999.0,-7999.0,-7999.0,-7999.0,30.06,31.63,71.7,19.6,21.9,19.55,60.0,59.9,74.7,0.0,271.0,270.2,272.8,15.04,-5.209,15.91,618.0,1440459.0,42575.0,133173.0,-0.945,0.979,0.748,0.921,7.003,7.155,7.133,7.128,7.213,6.956,6.207,2.318,2.368,2.361,2.359,2.387,2.302,2.054,52927.0,53728.0,53182.0,53018.0,54014.0,51391.0,46762.0,1.553,237.9,14.48,2.2,3.513,2.0,-1.0,13.44,0.03,0.225,3.0,2.0,0.0,0.0,32.2,32.32,31.83,32.41,32.31,35.07,32.29,32.83,32.25,44.97
2016-07-25 18:22:00-05:00,59.75859,64.49986,572239,33.97,0.0,68.81,30.2,331.4,,,,,,,,,,,-2147484000.0,,,,-7999.0,-7999.0,-7999.0,-7999.0,-7999.0,-7999.0,-7999.0,-7999.0,30.0,31.49,69.31,18.92,21.22,18.9,60.0,59.9,74.7,0.0,271.0,270.5,272.8,14.42,-5.291,15.36,618.0,1440460.0,42575.0,133173.0,-0.939,0.979,0.748,0.921,6.744,6.86,6.811,6.861,6.941,6.671,5.954,2.235,2.273,2.257,2.273,2.3,2.21,1.973,52927.0,53728.0,53182.0,53018.0,54014.0,51391.0,46762.0,1.07,233.4,15.35,2.0,3.512,2.0,-1.0,13.44,0.03,0.226,3.0,2.0,0.0,0.0,32.09,32.26,31.72,32.26,32.17,34.81,32.13,32.76,32.13,44.99
2016-07-25 18:23:00-05:00,57.50131,62.370415,572240,33.93,0.0,66.76,30.24,331.3,,,,,,,,,,,-2147484000.0,,,,-7999.0,-7999.0,-7999.0,-7999.0,-7999.0,-7999.0,-7999.0,-7999.0,30.02,31.39,67.18,18.34,20.65,18.39,60.0,59.9,74.7,0.0,271.0,270.3,272.9,13.89,-5.373,14.89,618.0,1440460.0,42575.0,133173.0,-0.933,0.979,0.748,0.921,6.48,6.631,6.629,6.592,6.661,6.465,5.781,2.147,2.197,2.196,2.184,2.207,2.142,1.915,52927.0,53728.0,53182.0,53018.0,54014.0,51391.0,46762.0,1.192,212.2,31.3,1.8,3.512,2.0,-1.0,13.44,0.03,0.225,3.0,2.0,0.0,0.0,32.0,32.11,31.66,32.18,32.05,34.73,31.96,32.64,32.02,45.05
2016-07-25 18:24:00-05:00,55.481632,60.353043,572241,33.89,0.0,64.86,30.23,331.6,,,,,,,,,,,-2147484000.0,,,,-7999.0,-7999.0,-7999.0,-7999.0,-7999.0,-7999.0,-7999.0,-7999.0,30.0,31.3,65.24,17.83,20.15,17.91,60.0,59.9,74.7,0.0,271.0,270.7,273.0,13.42,-5.443,14.48,618.0,1440460.0,42575.0,133173.0,-0.927,0.979,0.748,0.921,6.28,6.441,6.388,6.375,6.485,6.282,5.572,2.083,2.136,2.118,2.114,2.15,2.083,1.848,52927.0,53728.0,53182.0,53018.0,54014.0,51391.0,46762.0,,0.0,0.0,,,2.0,-1.0,13.44,0.029,0.225,3.0,2.0,0.0,0.0,31.89,32.03,31.54,32.02,31.99,34.19,31.82,32.47,31.89,45.07
2016-07-25 18:25:00-05:00,53.937176,58.6719,572242,33.85,0.0,63.09,30.2,331.7,,,,,,,,,,,-2147484000.0,,,,-7999.0,-7999.0,-7999.0,-7999.0,-7999.0,-7999.0,-7999.0,-7999.0,29.97,31.15,63.49,17.35,19.72,17.51,60.0,59.9,74.7,0.0,271.0,270.3,272.9,13.0,-5.499,14.12,618.0,1440460.0,42575.0,133173.0,-0.921,0.979,0.748,0.921,6.074,6.222,6.226,6.199,6.278,6.056,5.431,2.015,2.064,2.065,2.057,2.082,2.009,1.802,52927.0,53728.0,53182.0,53018.0,54014.0,51391.0,46762.0,1.562,237.1,11.53,2.5,3.513,2.0,-1.0,13.44,0.029,0.225,3.0,2.0,0.0,0.0,31.81,31.87,31.41,31.93,31.88,33.92,31.76,32.33,31.79,45.12
2016-07-25 18:26:00-05:00,52.392715,57.10283,572243,33.81,0.0,61.61,30.14,332.0,,,,,,,,,,,-2147484000.0,,,,-7999.0,-7999.0,-7999.0,-7999.0,-7999.0,-7999.0,-7999.0,-7999.0,29.9,31.05,61.95,16.8,19.16,16.97,60.0,59.9,74.7,0.0,273.9,273.1,275.1,12.59,-5.633,13.79,618.0,1440461.0,42575.0,133173.0,-0.913,0.979,0.748,0.921,5.896,6.039,6.031,6.011,6.116,5.877,5.273,1.957,2.005,2.002,1.996,2.03,1.951,1.75,52927.0,53728.0,53182.0,53018.0,54014.0,51391.0,46762.0,1.755,234.9,10.2,2.3,3.512,2.0,-1.0,13.43,0.029,0.225,3.0,2.0,0.0,0.0,31.66,31.72,31.33,31.83,31.78,33.88,31.64,32.32,31.66,45.17
2016-07-25 18:27:00-05:00,50.967064,55.645844,572244,33.73,0.0,60.19,30.11,332.3,,,,,,,,,,,-2147484000.0,,,,-7999.0,-7999.0,-7999.0,-7999.0,-7999.0,-7999.0,-7999.0,-7999.0,29.88,30.98,60.54,16.35,18.74,16.54,60.0,59.9,74.7,0.0,275.0,274.0,276.0,12.21,-5.678,13.47,618.0,1440461.0,42575.0,133173.0,-0.907,0.979,0.748,0.921,5.766,5.855,5.839,5.86,5.952,5.686,5.098,1.916,1.946,1.94,1.947,1.978,1.889,1.694,52927.0,53728.0,53182.0,53018.0,54014.0,51391.0,46762.0,0.845,219.8,12.46,1.6,3.512,2.0,-1.0,13.44,0.029,0.225,3.0,2.0,0.0,0.0,31.56,31.67,31.23,31.73,31.7,33.83,31.58,32.2,31.56,45.17
2016-07-25 18:28:00-05:00,49.541412,54.300926,572245,33.69,0.0,59.0,30.08,332.4,,,,,,,,,,,-2147484000.0,,,,-7999.0,-7999.0,-7999.0,-7999.0,-7999.0,-7999.0,-7999.0,-7999.0,29.84,30.89,59.3,16.09,18.44,16.3,60.0,59.9,74.7,0.0,274.3,274.0,276.0,11.92,-5.74,13.23,618.0,1440461.0,42575.0,133173.0,-0.901,0.979,0.748,0.921,5.61,5.717,5.741,5.749,5.773,5.578,4.989,1.864,1.9,1.908,1.911,1.918,1.854,1.658,52927.0,53728.0,53182.0,53018.0,54014.0,51391.0,46762.0,0.968,235.0,25.84,2.0,3.513,2.0,-1.0,13.44,0.067,0.225,3.0,2.0,0.0,0.0,31.5,31.57,31.18,31.68,31.6,33.81,31.52,32.15,31.51,45.17
2016-07-25 18:29:00-05:00,48.234566,53.06809,572246,33.64,0.0,57.94,30.05,332.4,,,,,,,,,,,-2147484000.0,,,,-7999.0,-7999.0,-7999.0,-7999.0,-7999.0,-7999.0,-7999.0,-7999.0,29.85,30.81,58.2,15.8,18.18,16.03,60.0,59.9,74.7,0.0,274.8,274.0,276.0,11.66,-5.756,13.01,618.0,1440461.0,42575.0,133173.0,-0.897,0.979,0.748,0.921,5.465,5.638,5.575,5.588,5.595,5.487,4.862,1.816,1.874,1.853,1.857,1.86,1.824,1.616,52927.0,53728.0,53182.0,53018.0,54014.0,51391.0,46762.0,0.983,223.2,18.91,1.7,3.512,2.0,-1.0,13.47,0.037,0.225,3.0,2.0,0.0,0.0,31.41,31.51,31.05,31.57,31.52,33.68,31.42,32.07,31.41,45.17
2016-07-25 18:30:00-05:00,47.04652,51.947327,572247,33.6,0.0,56.96,30.05,332.5,,,,,,,,,,,-2147484000.0,,,,-7999.0,-7999.0,-7999.0,-7999.0,-7999.0,-7999.0,-7999.0,-7999.0,29.83,30.71,57.19,15.54,17.95,15.82,60.0,59.9,74.7,0.0,275.0,274.0,276.0,11.44,-5.797,12.82,618.0,1440461.0,42576.0,133173.0,-0.892,0.979,0.748,0.921,5.448,5.557,5.481,5.532,5.579,5.393,4.777,1.811,1.847,1.822,1.839,1.855,1.793,1.588,52927.0,53728.0,53182.0,53018.0,54014.0,51391.0,46762.0,,0.0,0.0,,,2.0,-1.0,13.47,0.034,0.225,3.0,2.0,0.0,0.0,31.3,31.43,31.0,31.47,31.42,33.67,31.32,32.01,31.37,45.25
2016-07-25 18:31:00-05:00,45.85848,50.826565,572248,33.59,0.0,55.97,29.97,333.0,,,,,,,,,,,-2147484000.0,,,,-7999.0,-7999.0,-7999.0,-7999.0,-7999.0,-7999.0,-7999.0,-7999.0,29.82,30.64,56.18,15.23,17.68,15.54,60.0,59.9,74.7,0.0,275.0,274.0,276.0,11.16,-5.8,12.58,618.0,1440462.0,42576.0,133173.0,-0.887,0.979,0.748,0.921,5.313,5.399,5.362,5.394,5.478,5.258,4.689,1.769,1.798,1.785,1.796,1.824,1.751,1.561,52927.0,53728.0,53182.0,53018.0,54014.0,51391.0,46762.0,0.793,219.9,19.65,1.4,3.512,2.0,-1.0,13.47,0.033,0.225,3.0,2.0,0.0,0.0,31.22,31.35,30.9,31.39,31.36,33.57,31.24,31.91,31.33,45.23
2016-07-25 18:32:00-05:00,44.551632,49.7058,572249,33.54,0.0,54.95,30.02,333.0,,,,,,,,,,,-2147484000.0,,,,-7999.0,-7999.0,-7999.0,-7999.0,-7999.0,-7999.0,-7999.0,-7999.0,29.79,30.57,55.12,14.94,17.37,15.24,60.0,59.9,74.7,0.0,275.0,274.0,276.0,10.87,-5.86,12.35,618.0,1440462.0,42576.0,133173.0,-0.88,0.979,0.748,0.921,5.174,5.246,5.243,5.261,5.333,5.109,4.565,1.723,1.747,1.746,1.752,1.775,1.701,1.52,52927.0,53728.0,53182.0,53018.0,54014.0,51391.0,46762.0,0.928,224.9,25.88,1.4,3.512,2.0,-1.0,13.47,0.033,0.225,3.0,2.0,0.0,0.0,31.17,31.28,30.84,31.34,31.26,33.23,31.16,31.83,31.28,45.2
2016-07-25 18:33:00-05:00,43.36359,48.585037,572250,33.5,0.0,53.89,30.02,333.1,,,,,,,,,,,-2147484000.0,,,,-7999.0,-7999.0,-7999.0,-7999.0,-7999.0,-7999.0,-7999.0,-7999.0,29.76,30.52,53.99,14.71,17.11,15.0,60.0,59.9,74.7,0.0,275.0,274.0,276.1,10.6,-5.924,12.15,618.0,1440462.0,42576.0,133173.0,-0.873,0.979,0.748,0.921,5.051,5.154,5.133,5.143,5.205,5.022,4.465,1.682,1.717,1.71,1.713,1.734,1.672,1.487,52927.0,53728.0,53182.0,53018.0,54014.0,51391.0,46762.0,1.018,222.7,23.49,1.3,3.512,2.0,-1.0,13.47,0.032,0.225,3.0,2.0,0.0,0.0,31.07,31.23,30.74,31.2,31.2,33.12,31.07,31.78,31.23,45.17
2016-07-25 18:34:00-05:00,42.05674,47.3522,572251,33.46,0.0,52.66,30.01,333.0,,,,,,,,,,,-2147484000.0,,,,-7999.0,-7999.0,-7999.0,-7999.0,-7999.0,-7999.0,-7999.0,-7999.0,29.76,30.47,52.8,14.44,16.83,14.75,60.0,59.9,74.7,0.0,275.0,274.0,276.1,10.32,-5.984,11.93,618.0,1440462.0,42576.0,133173.0,-0.865,0.979,0.748,0.921,4.908,5.005,5.013,4.994,5.053,4.886,4.376,1.634,1.666,1.669,1.663,1.682,1.627,1.457,52927.0,53728.0,53182.0,53018.0,54014.0,51391.0,46762.0,0.962,220.0,9.02,1.6,3.513,2.0,-1.0,13.47,0.032,0.225,3.0,2.0,0.0,0.0,31.04,31.17,30.67,31.18,31.1,33.0,31.0,31.68,31.15,45.17
2016-07-25 18:35:00-05:00,40.63109,46.007286,572252,33.42,0.0,51.5,29.93,333.1,,,,,,,,,,,-2147484000.0,,,,-7999.0,-7999.0,-7999.0,-7999.0,-7999.0,-7999.0,-7999.0,-7999.0,29.68,30.4,51.54,14.19,16.51,14.49,60.0,59.9,74.7,0.0,275.0,274.0,276.3,10.02,-6.045,11.7,618.0,1440462.0,42576.0,133173.0,-0.856,0.979,0.748,0.921,4.765,4.907,4.878,4.87,4.932,4.765,4.26,1.587,1.635,1.625,1.622,1.643,1.587,1.419,52927.0,53728.0,53182.0,53018.0,54014.0,51391.0,46762.0,0.86,223.1,15.27,1.4,3.513,2.0,-1.0,13.47,0.032,0.225,3.0,2.0,0.0,0.0,30.94,31.09,30.61,31.05,31.0,32.94,30.92,31.62,31.08,45.12
2016-07-25 18:36:00-05:00,38.967827,44.438217,572253,33.37,0.0,50.17,29.91,333.2,,,,,,,,,,,-2147484000.0,,,,-7999.0,-7999.0,-7999.0,-7999.0,-7999.0,-7999.0,-7999.0,-7999.0,29.64,30.32,50.13,13.89,16.14,14.18,60.0,59.9,74.7,0.0,275.2,274.8,276.9,9.66,-6.132,11.44,618.0,1440462.0,42576.0,133173.0,-0.844,0.979,0.748,0.921,4.623,4.715,4.709,4.737,4.786,4.57,4.103,1.54,1.571,1.569,1.578,1.595,1.523,1.367,52927.0,53728.0,53182.0,53018.0,54014.0,51391.0,46762.0,0.612,228.5,19.67,1.2,3.51,2.0,-1.0,13.47,0.032,0.225,3.0,2.0,0.0,0.0,30.88,31.02,30.56,31.0,30.98,32.94,30.81,31.55,31.02,45.02
2016-07-25 18:37:00-05:00,37.18576,42.869152,572254,33.33,0.0,48.56,29.81,333.6,,,,,,,,,,,-2147484000.0,,,,-7999.0,-7999.0,-7999.0,-7999.0,-7999.0,-7999.0,-7999.0,-7999.0,29.62,30.29,48.57,13.52,15.72,13.82,60.0,59.9,74.7,0.0,275.0,275.0,277.0,9.23,-6.218,11.13,618.0,1440463.0,42576.0,133173.0,-0.829,0.979,0.748,0.921,4.422,4.523,4.515,4.506,4.57,4.409,3.928,1.475,1.509,1.506,1.503,1.524,1.471,1.31,52927.0,53728.0,53182.0,53018.0,54014.0,51391.0,46762.0,,0.0,0.0,,,2.0,-1.0,13.47,0.031,0.225,3.0,2.0,0.0,0.0,30.81,30.94,30.51,30.92,30.9,33.0,30.81,31.44,30.94,44.97
2016-07-25 18:38:00-05:00,35.28489,41.07593,572255,33.28,0.0,46.99,29.9,333.9,,,,,,,,,,,-2147484000.0,,,,-7999.0,-7999.0,-7999.0,-7999.0,-7999.0,-7999.0,-7999.0,-7999.0,29.67,30.25,46.9,13.12,15.31,13.48,60.0,59.9,74.7,0.0,275.1,275.0,277.0,8.79,-6.293,10.81,618.0,1440463.0,42576.0,133173.0,-0.813,0.979,0.748,0.921,4.248,4.359,4.311,4.288,4.338,4.264,3.743,1.418,1.455,1.439,1.432,1.448,1.424,1.25,52927.0,53728.0,53182.0,53018.0,54014.0,51391.0,46762.0,,0.0,0.0,,,2.0,-1.0,13.47,0.031,0.225,3.0,2.0,0.0,0.0,30.78,30.89,30.41,30.87,30.84,33.03,30.77,31.38,30.87,44.88
2016-07-25 18:39:00-05:00,33.265217,39.28271,572256,33.23,0.0,45.21,29.91,333.8,,,,,,,,,,,-2147484000.0,,,,-7999.0,-7999.0,-7999.0,-7999.0,-7999.0,-7999.0,-7999.0,-7999.0,29.74,30.21,45.1,12.71,14.92,13.13,60.0,59.9,74.7,0.0,275.0,275.0,277.0,8.36,-6.357,10.5,618.0,1440463.0,42576.0,133173.0,-0.796,0.979,0.748,0.921,4.082,4.135,4.134,4.137,4.157,4.047,3.585,1.362,1.38,1.38,1.381,1.387,1.351,1.197,52927.0,53728.0,53182.0,53018.0,54014.0,51391.0,46762.0,0.422,226.0,29.46,0.8,3.512,2.0,-1.0,13.47,0.031,0.225,3.0,2.0,0.0,0.0,30.78,30.83,30.38,30.81,30.77,32.96,30.69,31.29,30.84,44.78
2016-07-25 18:40:00-05:00,31.12674,37.153267,572257,33.2,0.0,43.16,29.97,334.0,,,,,,,,,,,-2147484000.0,,,,-7999.0,-7999.0,-7999.0,-7999.0,-7999.0,-7999.0,-7999.0,-7999.0,29.8,30.18,43.11,12.26,14.49,12.75,60.0,59.9,74.7,0.0,275.5,275.0,277.0,7.858,-6.435,10.16,618.0,1440463.0,42577.0,133173.0,-0.773,0.979,0.748,0.921,3.853,3.927,3.887,3.917,3.934,3.815,3.4,1.287,1.311,1.298,1.308,1.314,1.274,1.136,52927.0,53728.0,53182.0,53018.0,54014.0,51391.0,46762.0,0.533,167.9,13.14,0.7,3.512,2.0,-1.0,13.47,0.031,0.225,3.0,2.0,0.0,0.0,30.68,30.79,30.32,30.71,30.67,32.87,30.61,31.23,30.74,44.71
2016-07-25 18:41:00-05:00,28.869457,35.13589,572258,33.15,0.0,41.14,30.01,334.1,,,,,,,,,,,-2147484000.0,,,,-7999.0,-7999.0,-7999.0,-7999.0,-7999.0,-7999.0,-7999.0,-7999.0,29.82,30.11,41.06,11.79,14.06,12.33,60.0,59.9,74.7,0.0,275.0,275.0,277.0,7.311,-6.511,9.79,618.0,1440463.0,42577.0,133173.0,-0.747,0.979,0.748,0.921,3.567,3.683,3.66,3.648,3.68,3.58,3.196,1.192,1.23,1.223,1.219,1.229,1.196,1.068,52927.0,53728.0,53182.0,53018.0,54014.0,51391.0,46762.0,0.358,153.3,15.63,0.6,3.512,2.0,-1.0,13.47,0.031,0.225,3.0,2.0,0.0,0.0,30.68,30.7,30.22,30.64,30.61,32.77,30.56,31.18,30.66,44.6
2016-07-25 18:42:00-05:00,26.730978,33.006447,572259,33.11,0.0,39.06,29.96,334.4,,,,,,,,,,,-2147484000.0,,,,-7999.0,-7999.0,-7999.0,-7999.0,-7999.0,-7999.0,-7999.0,-7999.0,29.87,30.08,38.98,11.33,13.61,11.97,60.0,59.9,74.7,0.0,275.0,275.0,277.0,6.744,-6.605,9.44,618.0,1440463.0,42577.0,133173.0,-0.714,0.979,0.748,0.921,3.331,3.406,3.404,3.413,3.445,3.303,2.968,1.114,1.139,1.138,1.141,1.152,1.104,0.992,52927.0,53728.0,53182.0,53018.0,54014.0,51391.0,46762.0,,0.0,0.0,,,2.0,-1.0,13.47,0.031,0.225,3.0,2.0,0.0,0.0,30.6,30.68,30.17,30.6,30.53,32.71,30.48,31.11,30.58,44.55
2016-07-25 18:43:00-05:00,24.473696,30.989073,572260,33.07,0.0,37.0,29.99,334.6,,,,,,,,,,,-2147484000.0,,,,-7999.0,-7999.0,-7999.0,-7999.0,-7999.0,-7999.0,-7999.0,-7999.0,29.9,30.05,36.88,10.92,13.2,11.65,60.0,59.9,74.7,0.0,275.0,275.0,277.0,6.21,-6.681,9.12,618.0,1440463.0,42577.0,133173.0,-0.681,0.979,0.748,0.921,3.094,3.157,3.156,3.176,3.196,3.074,2.748,1.035,1.056,1.056,1.063,1.069,1.029,0.92,52927.0,53728.0,53182.0,53018.0,54014.0,51391.0,46762.0,0.562,154.2,10.78,0.7,3.512,2.0,-1.0,13.47,0.031,0.225,3.0,2.0,0.0,0.0,30.57,30.6,30.12,30.51,30.46,32.69,30.41,31.03,30.53,44.47
2016-07-25 18:44:00-05:00,22.335217,28.859625,572261,33.03,0.0,34.94,30.06,334.7,,,,,,,,,,,-2147484000.0,,,,-7999.0,-7999.0,-7999.0,-7999.0,-7999.0,-7999.0,-7999.0,-7999.0,29.96,29.99,34.81,10.57,12.82,11.33,60.0,59.9,74.7,0.0,275.0,275.0,277.0,5.679,-6.744,8.82,618.0,1440463.0,42577.0,133173.0,-0.644,0.979,0.748,0.921,2.86,2.923,2.948,2.936,2.933,2.844,2.539,0.957,0.978,0.986,0.982,0.982,0.952,0.85,52927.0,53728.0,53182.0,53018.0,54014.0,51391.0,46762.0,0.623,142.2,17.58,0.9,3.512,2.0,-1.0,13.47,0.03,0.225,3.0,2.0,0.0,0.0,30.49,30.5,30.06,30.41,30.38,32.58,30.32,30.97,30.45,44.36
2016-07-25 18:45:00-05:00,20.315544,26.95433,572262,32.99,0.0,33.0,30.16,335.0,,,,,,,,,,,-2147484000.0,,,,-7999.0,-7999.0,-7999.0,-7999.0,-7999.0,-7999.0,-7999.0,-7999.0,30.0,29.93,32.84,10.25,12.46,11.03,60.0,59.9,74.7,0.0,275.8,275.0,277.0,5.18,-6.802,8.55,618.0,1440464.0,42577.0,133173.0,-0.606,0.979,0.748,0.921,2.632,2.711,2.718,2.701,2.735,2.64,2.35,0.882,0.908,0.911,0.905,0.916,0.884,0.787,52927.0,53728.0,53182.0,53018.0,54014.0,51391.0,46762.0,0.705,112.2,7.04,1.0,3.513,2.0,-1.0,13.47,0.03,0.225,3.0,2.0,0.0,0.0,30.42,30.45,29.91,30.33,30.25,32.44,30.22,30.88,30.35,44.24
2016-07-25 18:46:00-05:00,18.53348,25.16111,572263,32.94,0.0,31.15,30.13,346.0,,,,,,,,,,,-2147484000.0,,,,-7999.0,-7999.0,-7999.0,-7999.0,-7999.0,-7999.0,-7999.0,-7999.0,30.01,29.85,31.0,10.48,11.97,11.0,60.0,59.9,74.7,0.0,275.2,275.0,277.0,2.962,-7.525,8.5,618.0,1440464.0,42577.0,133173.0,-0.356,0.979,0.748,0.921,1.545,1.653,1.682,1.652,1.684,1.548,1.459,0.517,0.555,0.565,0.554,0.565,0.518,0.49,52927.0,53728.0,53182.0,53018.0,54014.0,51391.0,46762.0,0.805,125.5,7.294,1.0,3.51,2.0,-1.0,13.47,0.03,0.225,3.0,2.0,0.0,0.0,30.39,30.39,29.87,30.23,30.19,32.33,30.15,30.77,30.25,44.15
2016-07-25 18:47:00-05:00,16.751413,23.479967,572264,32.91,0.0,29.45,30.08,345.3,,,,,,,,,,,-2147484000.0,,,,-7999.0,-7999.0,-7999.0,-7999.0,-7999.0,-7999.0,-7999.0,-7999.0,30.0,29.81,29.27,10.3,11.78,10.88,60.0,59.9,74.7,0.0,275.0,274.3,276.3,2.626,-7.54,8.32,618.0,1440464.0,42577.0,133173.0,-0.326,0.979,0.748,0.921,1.45,1.503,1.495,1.52,1.553,1.412,1.327,0.485,0.503,0.5,0.509,0.521,0.471,0.445,52927.0,53728.0,53182.0,53018.0,54014.0,51391.0,46762.0,0.955,128.9,5.662,1.2,3.512,2.0,-1.0,13.47,0.03,0.225,3.0,2.0,0.0,0.0,30.31,30.29,29.77,30.15,30.07,32.23,30.04,30.64,30.16,44.07
2016-07-25 18:48:00-05:00,15.088153,22.022976,572265,32.87,0.0,27.85,30.03,345.3,,,,,,,,,,,-2147484000.0,,,,-7999.0,-7999.0,-7999.0,-7999.0,-7999.0,-7999.0,-7999.0,-7999.0,30.0,29.71,27.63,10.18,11.63,10.82,60.0,59.9,74.7,0.0,275.0,274.0,276.0,2.319,-7.57,8.2,618.0,1440464.0,42578.0,133173.0,-0.296,0.979,0.748,0.921,1.3,1.363,1.374,1.371,1.389,1.285,1.211,0.435,0.457,0.461,0.46,0.466,0.43,0.406,52927.0,53728.0,53182.0,53018.0,54014.0,51391.0,46762.0,,0.0,0.0,,,2.0,-1.0,13.47,0.03,0.225,3.0,2.0,0.0,0.0,30.23,30.23,29.67,30.11,29.99,32.1,29.96,30.58,30.09,44.03
2016-07-25 18:49:00-05:00,13.5436945,20.453909,572266,32.83,0.0,26.33,29.99,344.3,,,,,,,,,,,-2147484000.0,,,,-7999.0,-7999.0,-7999.0,-7999.0,-7999.0,-7999.0,-7999.0,-7999.0,29.97,29.64,26.09,10.08,11.47,10.77,60.0,59.9,74.7,0.0,275.0,274.0,276.0,2.045,-7.607,8.1,618.0,1440464.0,42578.0,133173.0,-0.266,0.979,0.748,0.921,1.203,1.238,1.272,1.283,1.247,1.152,1.124,0.401,0.414,0.426,0.429,0.417,0.384,0.377,52927.0,53728.0,53182.0,53018.0,54014.0,51391.0,46762.0,0.843,124.0,7.789,1.1,3.51,2.0,-1.0,13.47,0.03,0.225,3.0,2.0,0.0,0.0,30.15,30.17,29.66,30.05,29.97,32.18,29.88,30.5,29.99,44.06
2016-07-25 18:50:00-05:00,12.118043,18.996918,572267,32.79,0.0,24.91,29.89,346.9,,,,,,,,,,,-2147484000.0,,,,-7999.0,-7999.0,-7999.0,-7999.0,-7999.0,-7999.0,-7999.0,-7999.0,29.93,29.55,24.62,10.2,11.39,10.81,60.0,59.9,74.7,0.0,275.0,274.0,276.0,1.436,-7.824,8.15,618.0,1440464.0,42578.0,133173.0,-0.191,0.979,0.748,0.921,0.879,0.922,0.959,0.949,0.96,0.857,0.85,0.293,0.308,0.321,0.317,0.321,0.285,0.285,52927.0,53728.0,53182.0,53018.0,54014.0,51391.0,46762.0,0.805,126.9,6.984,1.0,3.512,2.0,-1.0,13.47,0.03,0.225,3.0,2.0,0.0,0.0,30.05,30.05,29.53,29.97,29.85,32.07,29.79,30.39,29.9,44.11
2016-07-25 18:51:00-05:00,10.692391,17.652004,572268,32.75,0.0,23.5,29.87,344.8,,,,,,,,,,,-2147484000.0,,,,-7999.0,-7999.0,-7999.0,-7999.0,-7999.0,-7999.0,-7999.0,-7999.0,29.9,29.48,23.2,10.19,11.31,10.81,60.0,59.9,74.7,0.0,275.0,274.0,276.0,1.119,-7.908,8.14,618.0,1440464.0,42578.0,133173.0,-0.152,0.979,0.748,0.921,0.75,0.781,0.832,0.81,0.846,0.739,0.747,0.247,0.258,0.275,0.268,0.28,0.243,0.248,52927.0,53728.0,53182.0,53018.0,54014.0,51391.0,46762.0,0.953,130.9,9.81,1.3,3.512,2.0,-1.0,13.47,0.03,0.224,3.0,2.0,0.0,0.0,29.97,29.98,29.48,29.91,29.82,31.83,29.76,30.36,29.77,44.18
2016-07-25 18:52:00-05:00,9.266739,16.307089,572269,32.71,0.0,22.18,29.76,340.9,,,,,,,,,,,-2147484000.0,,,,-7999.0,-7999.0,-7999.0,-7999.0,-7999.0,-7999.0,-7999.0,-7999.0,29.84,29.38,21.86,10.19,11.33,10.82,60.0,59.9,74.7,0.0,275.0,274.3,276.3,1.082,-7.91,8.13,618.0,1440464.0,42578.0,133173.0,-0.147,0.979,0.748,0.921,0.781,0.81,0.845,0.842,0.853,0.724,0.761,0.253,0.263,0.275,0.274,0.278,0.233,0.248,52927.0,53728.0,53182.0,53018.0,54014.0,51391.0,46762.0,0.865,130.4,14.22,1.2,3.512,2.0,-1.0,13.47,0.03,0.224,3.0,2.0,0.0,0.0,29.91,29.89,29.38,29.79,29.7,31.94,29.63,30.25,29.68,44.19
2016-07-25 18:53:00-05:00,7.959892,15.074251,572270,32.65,0.0,20.99,29.64,336.3,,,,,,,,,,,-2147484000.0,,,,-7999.0,-7999.0,-7999.0,-7999.0,-7999.0,-7999.0,-7999.0,-7999.0,29.74,29.28,20.63,9.84,11.23,10.7,60.0,59.9,74.7,0.0,275.0,275.0,276.9,1.301,-7.721,7.946,618.0,1440464.0,42578.0,133173.0,-0.176,0.979,0.748,0.921,0.889,0.949,0.967,0.991,0.977,0.881,0.848,0.288,0.307,0.314,0.322,0.317,0.285,0.276,52927.0,53728.0,53182.0,53018.0,54014.0,51391.0,46762.0,0.865,139.1,17.3,1.2,3.512,2.0,-1.0,13.47,0.03,0.224,3.0,2.0,0.0,0.0,29.77,29.75,29.3,29.72,29.64,31.81,29.64,30.13,29.55,44.27
2016-07-25 18:54:00-05:00,6.7718477,13.953488,572271,32.59,0.0,19.82,29.56,335.2,,,,,,,,,,,-2147484000.0,,,,-7999.0,-7999.0,-7999.0,-7999.0,-7999.0,-7999.0,-7999.0,-7999.0,29.64,29.17,19.44,9.84,11.18,10.71,60.0,59.9,74.7,0.0,275.0,274.9,276.4,1.196,-7.744,7.944,618.0,1440464.0,42578.0,133173.0,-0.163,0.979,0.748,0.921,0.859,0.864,0.858,0.937,0.916,0.787,0.784,0.276,0.279,0.277,0.302,0.296,0.253,0.253,52927.0,53728.0,53182.0,53018.0,54014.0,51391.0,46762.0,0.592,146.7,24.04,1.0,3.513,2.0,-1.0,13.47,0.03,0.224,3.0,2.0,0.0,0.0,29.69,29.69,29.22,29.61,29.55,31.6,29.49,30.07,29.46,44.3
2016-07-25 18:55:00-05:00,5.465,12.720651,572272,32.55,0.0,18.68,29.53,333.5,,,,,,,,,,,-2147484000.0,,,,-7999.0,-7999.0,-7999.0,-7999.0,-7999.0,-7999.0,-7999.0,-7999.0,29.58,29.07,18.3,9.75,11.15,10.69,60.0,59.9,74.7,0.0,275.0,275.0,277.0,1.137,-7.722,7.899,618.0,1440464.0,42578.0,133173.0,-0.156,0.979,0.748,0.921,0.836,0.738,0.806,0.897,0.883,0.739,0.715,0.268,0.237,0.259,0.289,0.284,0.237,0.231,52927.0,53728.0,53182.0,53018.0,54014.0,51391.0,46762.0,0.553,164.8,13.72,0.9,3.513,2.0,-1.0,13.47,0.03,0.224,3.0,2.0,0.0,0.0,29.67,29.57,29.14,29.53,29.48,31.6,29.44,29.97,29.37,44.3
2016-07-25 18:56:00-05:00,4.276957,11.711965,572273,32.51,0.0,17.63,29.48,333.1,,,,,,,,,,,-2147484000.0,,,,-7999.0,-7999.0,-7999.0,-7999.0,-7999.0,-7999.0,-7999.0,-7999.0,29.52,28.99,17.21,9.72,11.09,10.72,60.0,59.9,74.7,0.0,274.3,274.1,276.1,0.907,-7.731,7.852,618.0,1440464.0,42579.0,133173.0,-0.126,0.979,0.748,0.921,0.683,0.647,0.758,0.754,0.777,0.663,0.649,0.218,0.207,0.243,0.242,0.249,0.212,0.209,52927.0,53728.0,53182.0,53018.0,54014.0,51391.0,46762.0,0.672,167.6,11.45,1.0,3.512,2.0,-1.0,13.47,0.03,0.224,3.0,2.0,0.0,0.0,29.56,29.5,29.04,29.43,29.38,31.44,29.37,29.91,29.28,44.3
2016-07-25 18:57:00-05:00,3.0889137,10.591203,572274,32.46,0.0,16.64,29.43,336.1,,,,,,,,,,,-2147484000.0,,,,-7999.0,-7999.0,-7999.0,-7999.0,-7999.0,-7999.0,-7999.0,-7999.0,29.46,28.88,16.2,10.01,11.14,10.84,60.0,59.9,74.7,0.0,274.9,274.0,276.0,0.503,-7.967,8.04,618.0,1440464.0,42579.0,133173.0,-0.072,0.979,0.748,0.921,0.495,0.527,0.572,0.571,0.557,0.482,0.506,0.157,0.169,0.183,0.183,0.179,0.153,0.163,52927.0,53728.0,53182.0,53018.0,54014.0,51391.0,46762.0,0.798,174.2,11.64,1.2,3.512,2.0,-1.0,13.47,0.03,0.224,3.0,2.0,0.0,0.0,29.46,29.43,28.94,29.3,29.27,31.35,29.27,29.79,29.2,44.3
2016-07-25 18:58:00-05:00,2.1384785,9.694593,572275,32.42,0.0,15.72,29.33,335.4,,,,,,,,,,,-2147484000.0,,,,-7999.0,-7999.0,-7999.0,-7999.0,-7999.0,-7999.0,-7999.0,-7999.0,29.34,28.76,15.29,10.01,11.15,10.87,60.0,59.9,74.7,0.0,275.0,274.0,276.0,0.428,-7.989,8.04,618.0,1440464.0,42579.0,133173.0,-0.062,0.979,0.748,0.921,0.476,0.549,0.538,0.561,0.564,0.466,0.468,0.151,0.176,0.173,0.18,0.181,0.148,0.15,52927.0,53728.0,53182.0,53018.0,54014.0,51391.0,46762.0,0.72,174.4,17.03,1.1,3.512,2.0,-1.0,13.47,0.03,0.224,3.0,2.0,0.0,0.0,29.34,29.32,28.83,29.2,29.17,31.11,29.16,29.69,29.11,44.3
2016-07-25 18:59:00-05:00,1.6632612,8.91006,572276,32.38,0.0,15.01,29.23,332.8,,,,,,,,,,,-2147484000.0,,,,-7999.0,-7999.0,-7999.0,-7999.0,-7999.0,-7999.0,-7999.0,-7999.0,29.24,28.67,14.52,9.88,11.12,10.88,60.0,59.9,74.7,0.0,275.0,274.0,276.0,0.426,-7.92,7.968,618.0,1440464.0,42579.0,133173.0,-0.061,0.979,0.748,0.921,0.541,0.532,0.552,0.477,0.553,0.543,0.484,0.173,0.17,0.177,0.153,0.177,0.173,0.156,52927.0,53728.0,53182.0,53018.0,54014.0,51391.0,46762.0,0.65,169.3,29.03,1.1,3.512,2.0,-1.0,13.47,0.029,0.224,3.0,2.0,0.0,0.0,29.26,29.26,28.77,29.14,29.09,30.99,29.09,29.56,29.02,44.3
2016-07-25 19:00:00-05:00,1.0692391,8.237601,572277,32.34,0.0,14.26,29.2,331.4,,,,,,,,,,,-2147484000.0,,,,-7999.0,-7999.0,-7999.0,-7999.0,-7999.0,-7999.0,-7999.0,-7999.0,29.15,28.56,13.8,9.74,11.08,10.85,60.0,59.9,74.7,0.0,275.0,274.0,276.0,0.414,-7.87,7.911,618.0,1440464.0,42579.0,133173.0,-0.06,0.979,0.748,0.921,0.524,0.578,0.536,0.49,0.548,0.516,0.492,0.167,0.185,0.171,0.157,0.175,0.164,0.158,52927.0,53728.0,53182.0,53018.0,54014.0,51391.0,46762.0,0.675,183.1,14.73,1.0,3.512,2.0,-1.0,13.47,0.029,0.224,3.0,2.0,0.0,0.0,29.17,29.18,28.67,29.02,29.01,30.82,28.99,29.51,28.95,44.3
2016-07-25 19:01:00-05:00,0.4752179,7.565144,572278,32.29,0.0,13.65,29.09,330.1,,,,,,,,,,,-2147484000.0,,,,-7999.0,-7999.0,-7999.0,-7999.0,-7999.0,-7999.0,-7999.0,-7999.0,29.09,28.47,13.12,9.58,11.04,10.85,60.0,59.9,74.7,0.0,274.9,274.0,276.0,0.324,-7.801,7.828,618.0,1440464.0,42579.0,133173.0,-0.047,0.979,0.748,0.921,0.447,0.524,0.507,0.49,0.47,0.43,0.451,0.143,0.168,0.163,0.157,0.151,0.137,0.145,52927.0,53728.0,53182.0,53018.0,54014.0,51391.0,46762.0,0.802,193.8,14.09,1.2,3.512,2.0,-1.0,13.47,0.029,0.224,3.0,2.0,0.0,0.0,29.06,29.11,28.59,28.96,28.93,30.72,28.93,29.42,28.89,44.3
2016-07-25 19:02:00-05:00,-0.11880415,7.004763,572279,32.25,0.0,12.99,29.06,329.1,,,,,,,,,,,-2147484000.0,,,,-7999.0,-7999.0,-7999.0,-7999.0,-7999.0,-7999.0,-7999.0,-7999.0,29.0,28.38,12.49,9.65,11.05,10.89,60.0,59.9,74.7,0.0,275.0,274.0,276.0,0.17,-7.853,7.867,618.0,1440464.0,42579.0,133173.0,-0.026,0.979,0.748,0.921,0.387,0.457,0.429,0.439,0.427,0.383,0.402,0.123,0.146,0.137,0.14,0.136,0.121,0.129,52927.0,53728.0,53182.0,53018.0,54014.0,51391.0,46762.0,0.793,195.0,13.89,1.2,3.512,2.0,-1.0,13.47,0.029,0.224,3.0,2.0,0.0,0.0,28.94,29.05,28.51,28.86,28.85,30.7,28.85,29.33,28.79,44.3
2016-07-25 19:03:00-05:00,-0.7128258,6.4443827,572280,32.21,0.0,12.39,29.09,326.5,,,,,,,,,,,-2147484000.0,,,,-7999.0,-7999.0,-7999.0,-7999.0,-7999.0,-7999.0,-7999.0,-7999.0,29.0,28.32,11.9,9.6,11.03,10.89,60.0,59.9,74.7,0.0,275.0,274.0,276.0,0.12,-7.843,7.853,618.0,1440464.0,42579.0,133173.0,-0.019,0.979,0.748,0.921,0.353,0.379,0.415,0.428,0.413,0.349,0.376,0.111,0.119,0.131,0.135,0.131,0.109,0.119,52927.0,53728.0,53182.0,53018.0,54014.0,51391.0,46762.0,,0.0,0.0,,,2.0,-1.0,13.47,0.029,0.224,3.0,2.0,0.0,0.0,28.87,29.0,28.44,28.78,28.77,30.57,28.77,29.25,28.69,44.26
2016-07-25 19:04:00-05:00,-1.1880432,5.9960775,572281,32.16,0.0,11.83,29.05,328.2,,,,,,,,,,,-2147484000.0,,,,-7999.0,-7999.0,-7999.0,-7999.0,-7999.0,-7999.0,-7999.0,-7999.0,28.93,28.23,11.35,9.92,11.12,10.94,60.0,59.9,74.7,0.0,275.0,274.0,276.1,0.003,-8.02,8.03,618.0,1440464.0,42580.0,133173.0,-0.004,0.979,0.748,0.921,0.291,0.332,0.332,0.352,0.341,0.28,0.305,0.09,0.104,0.104,0.11,0.107,0.086,0.096,52927.0,53728.0,53182.0,53018.0,54014.0,51391.0,46762.0,0.71,186.2,20.75,1.1,3.512,2.0,-1.0,13.47,0.029,0.224,3.0,2.0,0.0,0.0,28.81,28.93,28.38,28.75,28.72,30.39,28.72,29.16,28.63,44.21
2016-07-25 19:05:00-05:00,-1.5444566,5.771925,572282,32.12,0.0,11.31,29.06,326.8,,,,,,,,,,,-2147484000.0,,,,-7999.0,-7999.0,-7999.0,-7999.0,-7999.0,-7999.0,-7999.0,-7999.0,28.93,28.16,10.84,9.93,11.12,10.98,60.0,59.9,74.7,0.0,275.0,274.0,276.1,-0.007,-8.03,8.04,618.0,1440464.0,42580.0,133173.0,-0.003,0.979,0.748,0.921,0.29,0.299,0.326,0.354,0.341,0.257,0.297,0.089,0.093,0.102,0.11,0.106,0.079,0.093,52927.0,53728.0,53182.0,53018.0,54014.0,51391.0,46762.0,0.662,201.1,19.73,1.2,3.512,2.0,-1.0,13.47,0.029,0.224,3.0,2.0,0.0,0.0,28.74,28.85,28.33,28.67,28.67,30.38,28.67,29.12,28.59,44.21
2016-07-25 19:06:00-05:00,-1.9008695,5.435696,572283,32.07,0.0,10.82,29.12,324.4,,,,,,,,,,,-2147484000.0,,,,-7999.0,-7999.0,-7999.0,-7999.0,-7999.0,-7999.0,-7999.0,-7999.0,28.93,28.11,10.37,9.84,11.14,10.98,60.0,59.9,74.7,0.0,275.5,274.8,276.9,-0.037,-7.999,8.01,618.0,1440464.0,42580.0,133173.0,0.001,0.979,0.748,0.921,0.291,0.332,0.329,0.329,0.341,0.29,0.299,0.09,0.103,0.102,0.102,0.106,0.089,0.093,52927.0,53728.0,53182.0,53018.0,54014.0,51391.0,46762.0,0.827,196.3,7.617,1.2,3.512,2.0,-1.0,13.47,0.029,0.224,3.0,2.0,0.0,0.0,28.65,28.77,28.26,28.62,28.59,30.35,28.59,29.03,28.6,44.21
2016-07-25 19:07:00-05:00,-2.2572823,4.8753157,572284,32.02,0.0,10.36,29.21,320.3,,,,,,,,,,,-2147484000.0,,,,-7999.0,-7999.0,-7999.0,-7999.0,-7999.0,-7999.0,-7999.0,-7999.0,28.93,28.06,9.93,9.61,11.05,10.94,60.0,59.9,74.7,0.0,276.0,275.0,277.0,-0.007,-7.887,7.894,618.0,1440464.0,42580.0,133173.0,-0.002,0.979,0.748,0.921,0.337,0.385,0.378,0.389,0.385,0.336,0.334,0.104,0.119,0.117,0.12,0.119,0.103,0.103,52927.0,53728.0,53182.0,53018.0,54014.0,51391.0,46762.0,,0.0,0.0,,,2.5,-1.0,13.47,0.029,0.224,3.0,2.0,0.0,0.0,28.65,28.69,28.18,28.57,28.57,30.49,28.57,28.96,28.51,44.21
2016-07-25 19:08:00-05:00,-2.6136956,4.6511626,572285,31.98,0.0,9.9,29.24,318.7,,,,,,,,,,,-2147484000.0,,,,-7999.0,-7999.0,-7999.0,-7999.0,-7999.0,-7999.0,-7999.0,-7999.0,28.94,28.03,9.51,9.54,11.02,10.93,60.0,59.9,74.7,0.0,276.0,275.0,277.0,-0.009,-7.864,7.87,618.0,1440464.0,42580.0,133173.0,-0.002,0.979,0.748,0.921,0.33,0.364,0.377,0.378,0.37,0.326,0.336,0.101,0.111,0.116,0.116,0.114,0.099,0.103,52927.0,53728.0,53182.0,53018.0,54014.0,51391.0,46762.0,0.63,186.5,15.68,0.8,3.512,2.0,-1.0,13.47,0.029,0.224,3.0,2.0,0.0,0.0,28.55,28.66,28.16,28.49,28.47,30.49,28.47,28.93,28.45,44.21
2016-07-25 19:09:00-05:00,-2.9701085,4.0907817,572286,31.94,0.0,9.47,29.29,317.9,,,,,,,,,,,-2147484000.0,,,,-7999.0,-7999.0,-7999.0,-7999.0,-7999.0,-7999.0,-7999.0,-7999.0,28.95,27.97,9.08,9.56,11.04,10.92,60.0,59.9,74.7,0.0,276.0,275.0,277.0,-0.035,-7.873,7.879,618.0,1440464.0,42580.0,133173.0,0.001,0.979,0.748,0.921,0.324,0.35,0.358,0.36,0.355,0.311,0.322,0.098,0.107,0.109,0.11,0.108,0.094,0.099,52927.0,53728.0,53182.0,53018.0,54014.0,51391.0,46762.0,,0.0,0.0,,,2.5,-1.0,13.47,0.029,0.224,3.0,2.0,0.0,0.0,28.55,28.66,28.08,28.47,28.42,30.36,28.46,28.86,28.44,44.18
2016-07-25 19:10:00-05:00,-3.445326,3.7545533,572287,31.89,0.0,9.08,29.31,317.1,,,,,,,,,,,-2147484000.0,,,,-7999.0,-7999.0,-7999.0,-7999.0,-7999.0,-7999.0,-7999.0,-7999.0,28.94,27.94,8.65,9.62,11.04,10.92,60.0,59.9,74.7,0.0,276.0,275.0,277.0,-0.056,-7.892,7.897,618.0,1440464.0,42580.0,133173.0,0.004,0.979,0.748,0.921,0.285,0.329,0.338,0.346,0.332,0.28,0.299,0.086,0.1,0.103,0.105,0.101,0.084,0.091,52927.0,53728.0,53182.0,53018.0,54014.0,51391.0,46762.0,0.49,216.0,15.12,0.8,3.512,2.0,-1.0,13.47,0.056,0.224,3.0,2.0,0.0,0.0,28.52,28.61,28.08,28.39,28.38,30.3,28.38,28.81,28.42,44.13
2016-07-25 19:11:00-05:00,-3.801739,3.3062484,572288,31.85,0.0,8.63,29.32,316.2,,,,,,,,,,,-2147484000.0,,,,-7999.0,-7999.0,-7999.0,-7999.0,-7999.0,-7999.0,-7999.0,-7999.0,28.94,27.89,8.22,9.87,11.11,10.98,60.0,59.9,74.7,0.0,275.9,275.0,277.0,-0.144,-8.04,8.04,618.0,1440464.0,42581.0,133173.0,0.015,0.979,0.748,0.921,0.209,0.297,0.257,0.29,0.3,0.192,0.224,0.062,0.091,0.078,0.088,0.092,0.057,0.067,52927.0,53728.0,53182.0,53018.0,54014.0,51391.0,46762.0,,0.0,0.0,,,2.0,-1.0,13.5,0.034,0.224,3.0,2.0,0.0,0.0,28.45,28.56,28.0,28.38,28.38,30.23,28.38,28.77,28.36,44.22
2016-07-25 19:12:00-05:00,-4.2769566,2.7458675,572289,31.81,0.0,8.2,29.34,311.8,,,,,,,,,,,-2147484000.0,,,,-7999.0,-7999.0,-7999.0,-7999.0,-7999.0,-7999.0,-7999.0,-7999.0,28.94,27.87,7.766,9.86,11.1,10.96,60.0,59.9,74.7,0.0,276.0,275.0,277.0,-0.093,-8.03,8.03,618.0,1440464.0,42581.0,133173.0,0.008,0.979,0.748,0.921,0.206,0.305,0.304,0.325,0.317,0.251,0.266,0.06,0.092,0.091,0.098,0.095,0.074,0.08,52927.0,53728.0,53182.0,53018.0,54014.0,51391.0,46762.0,0.223,176.5,28.69,0.5,3.513,2.0,-1.0,13.5,0.033,0.224,3.0,2.0,0.0,0.0,28.45,28.54,27.99,28.38,28.34,30.26,28.31,28.77,28.31,44.22
2016-07-25 19:13:00-05:00,-4.6333694,2.4096386,572290,31.77,0.0,7.696,29.39,305.7,,,,,,,,,,,-2147484000.0,,,,-7999.0,-7999.0,-7999.0,-7999.0,-7999.0,-7999.0,-7999.0,-7999.0,28.9,27.83,7.294,9.72,11.07,10.96,60.0,59.9,74.7,0.0,275.1,275.0,277.0,-0.076,-7.945,7.95,618.0,1440464.0,42581.0,133173.0,0.007,0.979,0.748,0.921,0.293,0.328,0.339,0.333,0.32,0.295,0.284,0.087,0.098,0.101,0.099,0.095,0.088,0.084,52927.0,53728.0,53182.0,53018.0,54014.0,51391.0,46762.0,,0.0,0.0,,,2.5,-1.0,13.5,0.033,0.224,3.0,2.0,0.0,0.0,28.35,28.56,27.99,28.29,28.28,30.23,28.28,28.77,28.31,44.22
2016-07-25 19:14:00-05:00,-5.108587,1.8492576,572291,31.72,0.0,7.196,29.4,302.4,,,,,,,,,,,-2147484000.0,,,,-7999.0,-7999.0,-7999.0,-7999.0,-7999.0,-7999.0,-7999.0,-7999.0,28.96,27.79,6.789,9.55,11.01,10.91,60.0,59.9,74.7,0.0,275.2,275.0,277.0,-0.057,-7.861,7.865,618.0,1440464.0,42581.0,133173.0,0.005,0.979,0.748,0.921,0.323,0.34,0.355,0.361,0.348,0.28,0.295,0.095,0.101,0.105,0.107,0.103,0.082,0.087,52927.0,53728.0,53182.0,53018.0,54014.0,51391.0,46762.0,0.33,262.9,18.28,0.5,3.512,2.0,-1.0,13.5,0.032,0.224,3.0,2.0,0.0,0.0,28.35,28.51,27.89,28.28,28.28,30.05,28.28,28.67,28.21,44.2
2016-07-25 19:15:00-05:00,-5.4649997,1.4009526,572292,31.68,0.0,6.666,29.43,307.8,,,,,,,,,,,-2147484000.0,,,,-7999.0,-7999.0,-7999.0,-7999.0,-7999.0,-7999.0,-7999.0,-7999.0,28.96,27.78,6.252,10.38,11.21,11.07,60.0,59.9,74.7,0.0,275.9,275.0,277.0,-0.256,-8.33,8.34,618.0,1440464.0,42581.0,133173.0,0.029,0.979,0.748,0.921,0.132,0.174,0.174,0.164,0.167,0.108,0.128,0.039,0.052,0.052,0.049,0.05,0.031,0.038,52927.0,53728.0,53182.0,53018.0,54014.0,51391.0,46762.0,0.26,242.9,21.77,0.5,3.512,2.0,-1.0,13.5,0.032,0.224,3.0,2.0,0.0,0.0,28.35,28.46,27.89,28.28,28.28,30.13,28.18,28.67,28.21,44.17
2016-07-25 19:16:00-05:00,-5.821413,1.064724,572293,31.65,0.0,6.128,29.4,311.2,,,,,,,,,,,-2147484000.0,,,,-7999.0,-7999.0,-7999.0,-7999.0,-7999.0,-7999.0,-7999.0,-7999.0,28.95,27.74,5.704,11.28,11.47,11.24,60.0,59.9,74.7,0.0,274.8,274.5,276.5,-0.385,-8.8,8.81,618.0,1440464.0,42581.0,133173.0,0.044,0.979,0.748,0.921,-0.009,0.021,0.045,0.022,0.032,-0.028,0.026,-0.003,0.006,0.014,0.007,0.01,-0.009,0.008,52927.0,53728.0,53182.0,53018.0,54014.0,51391.0,46762.0,0.272,216.3,21.97,0.4,3.512,2.0,-1.0,13.5,0.032,0.224,3.0,2.0,0.0,0.0,28.27,28.46,27.89,28.21,28.21,30.22,28.18,28.67,28.21,44.13
2016-07-25 19:17:00-05:00,-6.2966304,0.39226672,572294,31.6,0.0,5.59,29.36,309.4,,,,,,,,,,,-2147484000.0,,,,-7999.0,-7999.0,-7999.0,-7999.0,-7999.0,-7999.0,-7999.0,-7999.0,28.93,27.74,5.114,11.29,11.49,11.25,60.0,59.9,74.7,0.0,274.7,274.0,276.0,-0.385,-8.79,8.79,618.0,1440464.0,42581.0,133173.0,0.044,0.979,0.748,0.921,0.016,0.011,0.018,0.046,0.007,-0.025,0.026,0.005,0.003,0.006,0.014,0.002,-0.008,0.008,52927.0,53728.0,53182.0,53018.0,54014.0,51391.0,46762.0,0.242,134.0,20.92,0.5,3.512,2.0,-1.0,13.5,0.031,0.224,3.0,2.0,0.0,0.0,28.26,28.46,27.89,28.18,28.18,30.21,28.18,28.65,28.13,44.13
2016-07-25 19:18:00-05:00,-6.890652,-0.056038223,572295,31.57,0.0,4.955,29.39,307.4,,,,,,,,,,,-2147484000.0,,,,-7999.0,-7999.0,-7999.0,-7999.0,-7999.0,-7999.0,-7999.0,-7999.0,28.93,27.72,4.48,11.28,11.47,11.25,60.0,59.9,74.7,0.0,274.2,274.0,276.0,-0.384,-8.79,8.79,618.0,1440464.0,42582.0,133173.0,0.044,0.979,0.748,0.921,-0.018,0.019,0.051,0.033,-0.016,-0.012,0.047,-0.006,0.006,0.016,0.01,-0.005,-0.004,0.014,52927.0,53728.0,53182.0,53018.0,54014.0,51391.0,46762.0,0.288,154.0,14.6,0.4,3.512,2.0,-1.0,13.5,0.031,0.224,3.0,2.0,0.0,0.0,28.26,28.48,27.87,28.18,28.18,30.23,28.18,28.57,28.12,44.13
2016-07-25 19:19:00-05:00,-7.3658695,-0.6164193,572296,31.53,0.0,4.266,29.35,304.5,,,,,,,,,,,-2147484000.0,,,,-7999.0,-7999.0,-7999.0,-7999.0,-7999.0,-7999.0,-7999.0,-7999.0,28.94,27.73,3.798,11.27,11.46,11.24,60.0,59.9,74.7,0.0,274.7,274.0,276.0,-0.384,-8.79,8.8,618.0,1440464.0,42582.0,133173.0,0.044,0.979,0.748,0.921,-0.023,0.034,0.04,0.027,0.018,-0.039,0.04,-0.007,0.01,0.012,0.008,0.005,-0.012,0.012,52927.0,53728.0,53182.0,53018.0,54014.0,51391.0,46762.0,0.202,134.4,41.66,0.4,3.512,2.0,-1.0,13.5,0.031,0.224,3.0,2.0,0.0,0.0,28.26,28.37,27.82,28.18,28.18,30.24,28.16,28.57,28.12,44.13
2016-07-25 19:20:00-05:00,-8.078695,-1.1768004,572297,31.49,0.0,3.571,29.43,298.6,,,,,,,,,,,-2147484000.0,,,,-7999.0,-7999.0,-7999.0,-7999.0,-7999.0,-7999.0,-7999.0,-7999.0,28.94,27.68,3.084,11.27,11.46,11.24,60.0,59.9,74.7,0.0,274.1,274.0,276.0,-0.384,-8.78,8.79,618.0,1440464.0,42582.0,133173.0,0.044,0.979,0.748,0.921,-0.009,0.022,0.034,0.023,0.014,-0.024,0.037,-0.003,0.007,0.01,0.007,0.004,-0.007,0.011,52927.0,53728.0,53182.0,53018.0,54014.0,51391.0,46762.0,0.147,127.4,75.36,0.3,3.512,2.0,-1.0,13.5,0.031,0.224,3.0,2.0,0.0,0.0,28.24,28.43,27.79,28.18,28.18,30.24,28.1,28.6,28.1,44.13
2016-07-25 19:21:00-05:00,-8.435108,-1.8492576,572298,31.45,0.0,2.978,29.43,291.3,,,,,,,,,,,-2147484000.0,,,,-7999.0,-7999.0,-7999.0,-7999.0,-7999.0,-7999.0,-7999.0,-7999.0,28.93,27.68,2.448,11.28,11.46,11.24,60.0,59.9,74.7,0.0,274.0,273.8,276.0,-0.383,-8.78,8.78,618.0,1440464.0,42582.0,133173.0,0.044,0.979,0.748,0.921,0.002,0.015,0.021,0.018,0.022,0.007,0.031,0.001,0.005,0.006,0.005,0.006,0.002,0.009,52927.0,53728.0,53182.0,53018.0,54014.0,51391.0,46762.0,0.39,95.1,29.62,0.7,3.512,2.0,-1.0,13.5,0.031,0.223,3.0,2.0,0.0,0.0,28.24,28.46,27.79,28.18,28.18,30.24,28.08,28.54,28.02,44.13
2016-07-25 19:22:00-05:00,-8.910326,-2.1854863,572299,31.42,0.0,2.512,29.43,285.8,,,,,,,,,,,-2147484000.0,,,,-7999.0,-7999.0,-7999.0,-7999.0,-7999.0,-7999.0,-7999.0,-7999.0,28.96,27.7,1.986,11.28,11.47,11.25,60.0,59.9,74.7,0.0,274.0,273.3,275.6,-0.383,-8.77,8.78,618.0,1440464.0,42582.0,133173.0,0.044,0.979,0.748,0.921,0.002,0.013,0.021,0.022,0.014,-0.006,0.022,0.001,0.004,0.006,0.006,0.004,-0.002,0.006,52927.0,53728.0,53182.0,53018.0,54014.0,51391.0,46762.0,0.762,69.7,5.351,1.0,3.512,2.0,-1.0,13.51,0.03,0.223,3.0,2.0,0.0,0.0,28.17,28.42,27.79,28.08,28.1,30.37,28.07,28.47,28.0,44.11
2016-07-25 19:23:00-05:00,-9.147935,-2.6337912,572300,31.38,0.0,2.237,29.41,282.2,,,,,,,,,,,-2147484000.0,,,,-7999.0,-7999.0,-7999.0,-7999.0,-7999.0,-7999.0,-7999.0,-7999.0,28.91,27.67,1.759,11.28,11.47,11.24,60.0,59.9,74.7,0.0,274.0,273.1,275.4,-0.383,-8.77,8.78,618.0,1440464.0,42582.0,133173.0,0.044,0.979,0.748,0.921,0.005,0.014,0.016,0.013,0.014,0.005,0.018,0.001,0.004,0.004,0.004,0.004,0.001,0.005,52927.0,53728.0,53182.0,53018.0,54014.0,51391.0,46762.0,0.837,74.63,2.96,1.0,3.512,2.0,-1.0,13.5,0.03,0.223,3.0,2.0,0.0,0.0,28.18,28.36,27.71,28.05,28.08,30.24,27.99,28.44,27.93,44.07
2016-07-25 19:24:00-05:00,-9.147935,-2.6337912,572301,31.35,0.0,2.237,29.4,280.7,,,,,,,,,,,-2147484000.0,,,,-7999.0,-7999.0,-7999.0,-7999.0,-7999.0,-7999.0,-7999.0,-7999.0,28.88,27.61,1.717,11.28,11.46,11.24,60.0,59.9,74.7,0.0,274.0,273.0,275.1,-0.383,-8.76,8.77,618.0,1440464.0,42582.0,133173.0,0.044,0.979,0.748,0.921,0.004,0.013,0.022,0.016,0.023,0.008,0.024,0.001,0.004,0.006,0.005,0.007,0.002,0.007,52927.0,53728.0,53182.0,53018.0,54014.0,51391.0,46762.0,0.565,84.3,8.56,0.8,3.512,2.0,-1.0,13.5,0.03,0.223,3.0,2.0,0.0,0.0,28.18,28.38,27.75,28.0,28.08,30.22,27.99,28.38,27.92,44.05
2016-07-25 19:25:00-05:00,-9.266739,-2.6337912,572302,31.31,0.0,2.237,29.3,279.9,,,,,,,,,,,-2147484000.0,,,,-7999.0,-7999.0,-7999.0,-7999.0,-7999.0,-7999.0,-7999.0,-7999.0,28.86,27.59,1.668,7.488,7.61,7.46,60.0,59.9,74.7,0.0,274.0,273.1,275.4,-0.253,-5.797,5.803,618.0,1440464.0,42582.0,133173.0,0.362,0.979,0.748,0.921,0.004,0.012,0.018,0.013,0.021,0.005,0.017,0.001,0.003,0.005,0.004,0.006,0.001,0.005,52927.0,53728.0,53182.0,53018.0,54014.0,51391.0,46762.0,0.62,102.9,7.407,0.8,3.512,2.0,-1.0,13.51,0.03,0.223,3.0,2.0,0.0,0.0,28.16,28.38,27.68,27.99,28.02,30.03,27.95,28.38,27.92,44.03
2016-07-25 19:26:00-05:00,-9.504348,-2.6337912,572303,31.28,0.0,2.05,29.26,278.7,,,,,,,,,,,-2147484000.0,,,,-7999.0,-7999.0,-7999.0,-7999.0,-7999.0,-7999.0,-7999.0,-7999.0,28.84,27.57,1.56,0.0,0.0,0.0,60.0,59.9,74.7,0.0,274.8,274.2,276.3,0.0,0.0,0.0,618.0,1440464.0,42582.0,133173.0,1.0,0.979,0.748,0.921,0.003,0.011,0.017,0.014,0.017,0.006,0.02,0.001,0.003,0.005,0.004,0.005,0.002,0.006,52927.0,53728.0,53182.0,53018.0,54014.0,51391.0,46762.0,0.545,113.7,6.521,0.7,3.512,2.0,-1.0,13.51,0.03,0.223,3.0,2.0,0.0,0.0,28.08,28.28,27.68,28.01,28.02,29.92,27.89,28.34,27.9,44.03
2016-07-25 19:27:00-05:00,-9.504348,-2.8579435,572304,31.24,0.0,1.735,29.24,276.4,,,,,,,,,,,-2147484000.0,,,,-7999.0,-7999.0,-7999.0,-7999.0,-7999.0,-7999.0,-7999.0,-7999.0,28.78,27.57,1.467,0.0,0.0,0.0,60.0,59.9,74.7,0.0,275.1,274.9,277.0,0.0,0.0,0.0,618.0,1440464.0,42582.0,133173.0,1.0,0.979,0.748,0.921,0.003,0.012,0.017,0.015,0.016,0.006,0.02,0.001,0.003,0.005,0.004,0.004,0.002,0.006,52927.0,53728.0,53182.0,53018.0,54014.0,51391.0,46762.0,0.4,105.3,9.66,0.6,3.512,2.0,-1.0,13.5,0.03,0.223,3.0,2.0,0.0,0.0,28.08,28.28,27.69,27.99,28.02,29.82,27.93,28.28,27.82,44.03
2016-07-25 19:28:00-05:00,-9.741957,-3.0820959,572305,31.22,0.0,1.728,29.2,273.2,,,,,,,,,,,-2147484000.0,,,,-7999.0,-7999.0,-7999.0,-7999.0,-7999.0,-7999.0,-7999.0,-7999.0,28.78,27.54,1.363,0.0,0.0,0.0,60.0,59.9,74.7,0.0,275.7,275.0,277.0,0.0,0.0,0.0,618.0,1440464.0,42582.0,133173.0,1.0,0.979,0.748,0.921,0.004,0.011,0.017,0.014,0.016,0.007,0.019,0.001,0.003,0.005,0.004,0.004,0.002,0.005,52927.0,53728.0,53182.0,53018.0,54014.0,51391.0,46762.0,0.585,112.4,3.747,0.7,3.512,2.0,-1.0,13.5,0.03,0.223,3.0,2.0,0.0,0.0,28.06,28.21,27.63,28.0,28.09,29.85,27.93,28.34,27.82,44.03
2016-07-25 19:29:00-05:00,-9.979566,-3.4183247,572306,31.18,0.0,1.671,29.16,268.5,,,,,,,,,,,-2147484000.0,,,,-7999.0,-7999.0,-7999.0,-7999.0,-7999.0,-7999.0,-7999.0,-7999.0,28.77,27.54,1.129,0.0,0.0,0.0,60.0,59.9,74.7,0.0,275.3,274.9,277.0,0.0,0.0,0.0,618.0,1440464.0,42582.0,133173.0,1.0,0.979,0.748,0.921,0.004,0.011,0.017,0.014,0.016,0.007,0.018,0.001,0.003,0.004,0.004,0.004,0.002,0.005,52927.0,53728.0,53182.0,53018.0,54014.0,51391.0,46762.0,0.453,100.7,5.475,0.6,3.512,2.0,-1.0,13.5,0.03,0.223,3.0,2.0,0.0,0.0,28.06,28.18,27.61,28.0,28.06,29.85,27.79,28.27,27.79,44.03
2016-07-25 19:30:00-05:00,-10.09837,-3.4183247,572307,31.15,0.0,1.345,29.14,262.8,,,,,,,,,,,-2147484000.0,,,,-7999.0,-7999.0,-7999.0,-7999.0,-7999.0,-7999.0,-7999.0,-7999.0,28.73,27.51,0.984,0.0,0.0,0.0,60.0,59.9,74.7,0.0,275.7,275.0,277.0,0.0,0.0,0.0,618.0,1440464.0,42582.0,133173.0,1.0,0.979,0.748,0.921,0.005,0.01,0.017,0.014,0.016,0.008,0.018,0.001,0.003,0.004,0.004,0.004,0.002,0.005,52927.0,53728.0,53182.0,53018.0,54014.0,51391.0,46762.0,,0.0,0.0,,,2.0,-1.0,13.5,0.03,0.223,3.0,2.0,0.0,0.0,28.0,28.18,27.61,27.95,28.0,29.7,27.86,28.27,27.72,44.03
2016-07-25 19:31:00-05:00,-10.3359785,-3.4183247,572308,31.12,0.0,1.22,29.13,257.7,,,,,,,,,,,-2147484000.0,,,,-7999.0,-7999.0,-7999.0,-7999.0,-7999.0,-7999.0,-7999.0,-7999.0,28.68,27.5,0.809,0.0,0.0,0.0,60.0,59.9,74.7,0.0,276.0,275.0,277.0,0.0,0.0,0.0,618.0,1440464.0,42582.0,133173.0,1.0,0.979,0.748,0.921,0.005,0.011,0.016,0.013,0.016,0.008,0.018,0.001,0.003,0.004,0.003,0.004,0.002,0.005,52927.0,53728.0,53182.0,53018.0,54014.0,51391.0,46762.0,0.457,96.3,11.02,0.5,3.512,2.0,-1.0,13.5,0.03,0.223,3.0,2.0,0.0,0.0,28.0,28.13,27.61,27.9,28.0,29.75,27.86,28.29,27.72,44.03
2016-07-25 19:32:00-05:00,-10.3359785,-3.4183247,572309,31.09,0.0,1.22,29.13,254.0,,,,,,,,,,,-2147484000.0,,,,-7999.0,-7999.0,-7999.0,-7999.0,-7999.0,-7999.0,-7999.0,-7999.0,28.7,27.48,0.729,0.0,0.0,0.0,60.0,59.9,74.7,0.0,275.9,275.0,277.0,0.0,0.0,0.0,618.0,1440464.0,42582.0,133173.0,1.0,0.979,0.748,0.921,0.005,0.01,0.016,0.013,0.015,0.01,0.018,0.001,0.003,0.004,0.003,0.004,0.002,0.005,52927.0,53728.0,53182.0,53018.0,54014.0,51391.0,46762.0,,0.0,0.0,,,2.0,-1.0,13.5,0.03,0.223,3.0,2.0,0.0,0.0,28.0,28.13,27.51,27.9,28.0,29.65,27.86,28.29,27.67,44.03
2016-07-25 19:33:00-05:00,-10.3359785,-3.4183247,572310,31.06,0.0,1.22,29.14,250.5,,,,,,,,,,,-2147484000.0,,,,-7999.0,-7999.0,-7999.0,-7999.0,-7999.0,-7999.0,-7999.0,-7999.0,28.76,27.5,0.696,0.0,0.0,0.0,60.0,59.9,74.7,0.0,276.0,275.0,277.0,0.0,0.0,0.0,618.0,1440464.0,42582.0,133173.0,1.0,0.979,0.748,0.921,0.005,0.01,0.015,0.014,0.017,0.009,0.017,0.001,0.003,0.004,0.003,0.004,0.002,0.004,52927.0,53728.0,53182.0,53018.0,54014.0,51391.0,46762.0,0.897,64.53,8.11,1.1,3.512,2.0,-1.0,13.5,0.03,0.223,3.0,2.0,0.0,0.0,28.05,28.12,27.51,27.9,28.0,29.53,27.8,28.21,27.63,44.01
2016-07-25 19:34:00-05:00,-10.3359785,-3.4183247,572311,31.02,0.0,1.216,29.13,246.2,,,,,,,,,,,-2147484000.0,,,,-7999.0,-7999.0,-7999.0,-7999.0,-7999.0,-7999.0,-7999.0,-7999.0,28.71,27.47,0.646,0.0,0.0,0.0,60.0,59.9,74.7,0.0,276.0,275.0,277.0,0.0,0.0,0.0,618.0,1440464.0,42582.0,133173.0,1.0,0.979,0.748,0.921,0.005,0.01,0.015,0.014,0.015,0.01,0.016,0.001,0.002,0.004,0.003,0.004,0.002,0.004,52927.0,53728.0,53182.0,53018.0,54014.0,51391.0,46762.0,0.93,64.9,7.115,1.1,3.512,2.0,-1.0,13.5,0.03,0.223,3.0,2.0,0.0,0.0,28.07,28.08,27.51,27.9,28.0,29.46,27.8,28.19,27.67,43.93
2016-07-25 19:35:00-05:00,-10.3359785,-3.4183247,572312,31.0,0.0,1.034,29.04,241.3,,,,,,,,,,,-2147484000.0,,,,-7999.0,-7999.0,-7999.0,-7999.0,-7999.0,-7999.0,-7999.0,-7999.0,28.67,27.45,0.576,0.0,0.0,0.0,60.0,59.9,74.7,0.0,276.0,275.0,277.1,0.0,0.0,0.0,618.0,1440464.0,42582.0,133173.0,1.0,0.979,0.748,0.921,0.006,0.009,0.016,0.014,0.017,0.01,0.017,0.001,0.002,0.004,0.003,0.004,0.002,0.004,52927.0,53728.0,53182.0,53018.0,54014.0,51391.0,46762.0,0.813,91.7,13.53,1.0,3.512,2.0,-1.0,13.5,0.03,0.223,3.0,2.0,0.0,0.0,28.04,28.08,27.51,27.8,27.91,29.43,27.8,28.16,27.65,43.93
2016-07-25 19:36:00-05:00,-10.3359785,-3.530401,572313,30.96,0.0,0.741,29.0,236.3,,,,,,,,,,,-2147484000.0,,,,-7999.0,-7999.0,-7999.0,-7999.0,-7999.0,-7999.0,-7999.0,-7999.0,28.62,27.42,0.509,0.0,0.0,0.0,60.0,59.9,74.7,0.0,274.8,273.8,275.8,0.0,0.0,0.0,618.0,1440464.0,42582.0,133173.0,1.0,0.979,0.748,0.921,0.006,0.011,0.015,0.014,0.015,0.011,0.017,0.002,0.002,0.004,0.003,0.004,0.003,0.004,52927.0,53728.0,53182.0,53018.0,54014.0,51391.0,46762.0,0.667,121.3,8.5,0.8,3.512,2.0,-1.0,13.5,0.03,0.223,3.0,2.0,0.0,0.0,27.98,28.0,27.41,27.8,27.9,29.41,27.72,28.09,27.62,43.93
2016-07-25 19:37:00-05:00,-10.3359785,-3.7545533,572314,30.93,0.0,0.712,28.98,231.3,,,,,,,,,,,-2147484000.0,,,,-7999.0,-7999.0,-7999.0,-7999.0,-7999.0,-7999.0,-7999.0,-7999.0,28.59,27.4,0.42,0.0,0.0,0.0,60.0,59.9,74.7,0.0,274.0,273.0,275.0,0.0,0.0,0.0,618.0,1440464.0,42582.0,133173.0,1.0,0.979,0.748,0.921,0.006,0.01,0.014,0.013,0.016,0.01,0.016,0.001,0.002,0.003,0.003,0.004,0.002,0.004,52927.0,53728.0,53182.0,53018.0,54014.0,51391.0,46762.0,0.753,107.8,2.7,0.9,3.512,2.0,-1.0,13.5,0.03,0.223,3.0,2.0,0.0,0.0,27.98,27.99,27.41,27.72,27.9,29.36,27.7,28.09,27.56,43.83
2016-07-25 19:38:00-05:00,-10.4547825,-3.7545533,572315,30.9,0.0,0.712,28.97,225.5,,,,,,,,,,,-2147484000.0,,,,-7999.0,-7999.0,-7999.0,-7999.0,-7999.0,-7999.0,-7999.0,-7999.0,28.58,27.37,0.381,0.0,0.0,0.0,60.0,59.9,74.7,0.0,274.0,273.0,275.1,0.0,0.0,0.0,618.0,1440464.0,42582.0,133173.0,1.0,0.979,0.748,0.921,0.006,0.009,0.014,0.013,0.015,0.011,0.016,0.001,0.002,0.003,0.003,0.003,0.002,0.004,52927.0,53728.0,53182.0,53018.0,54014.0,51391.0,46762.0,0.672,106.6,4.554,0.8,3.513,2.0,-1.0,13.5,0.029,0.223,3.0,2.0,0.0,0.0,27.89,27.95,27.33,27.7,27.82,29.43,27.7,28.03,27.61,43.83
2016-07-25 19:39:00-05:00,-10.692391,-3.978706,572316,30.88,0.0,0.712,28.91,219.1,,,,,,,,,,,-2147484000.0,,,,-7999.0,-7999.0,-7999.0,-7999.0,-7999.0,-7999.0,-7999.0,-7999.0,28.56,27.34,0.343,0.0,0.0,0.0,60.0,59.9,74.7,0.0,274.0,273.1,275.1,0.0,0.0,0.0,618.0,1440464.0,42582.0,133173.0,1.0,0.979,0.748,0.921,0.006,0.011,0.013,0.013,0.016,0.011,0.016,0.001,0.002,0.003,0.003,0.003,0.002,0.003,52927.0,53728.0,53182.0,53018.0,54014.0,51391.0,46762.0,0.827,105.7,3.675,0.9,3.512,2.0,-1.0,13.5,0.029,0.223,3.0,2.0,0.0,0.0,27.88,27.89,27.31,27.7,27.75,29.46,27.65,28.0,27.62,43.83
2016-07-25 19:40:00-05:00,-10.692391,-4.2028584,572317,30.85,0.0,0.712,28.89,211.8,,,,,,,,,,,-2147484000.0,,,,-7999.0,-7999.0,-7999.0,-7999.0,-7999.0,-7999.0,-7999.0,-7999.0,28.54,27.32,0.313,0.0,0.0,0.0,60.0,59.9,74.7,0.0,274.0,273.1,275.2,0.0,0.0,0.0,618.0,1440464.0,42582.0,133173.0,1.0,0.979,0.748,0.921,0.007,0.01,0.014,0.013,0.016,0.011,0.016,0.002,0.002,0.003,0.003,0.003,0.002,0.003,52927.0,53728.0,53182.0,53018.0,54014.0,51391.0,46762.0,0.782,108.9,2.282,0.9,3.512,2.0,-1.0,13.5,0.029,0.223,3.0,2.0,0.0,0.0,27.88,27.89,27.31,27.64,27.7,29.46,27.61,28.0,27.54,43.8
2016-07-25 19:41:00-05:00,-10.692391,-4.2028584,572318,30.82,0.0,0.712,28.86,203.4,,,,,,,,,,,-2147484000.0,,,,-7999.0,-7999.0,-7999.0,-7999.0,-7999.0,-7999.0,-7999.0,-7999.0,28.49,27.28,0.267,0.0,0.0,0.0,60.0,59.9,74.7,0.0,274.0,273.0,275.0,0.0,0.0,0.0,618.0,1440464.0,42582.0,133173.0,1.0,0.979,0.748,0.921,0.006,0.009,0.014,0.013,0.017,0.012,0.016,0.001,0.002,0.003,0.003,0.003,0.002,0.003,52927.0,53728.0,53182.0,53018.0,54014.0,51391.0,46762.0,0.637,115.6,8.22,0.8,3.512,2.0,-1.0,13.5,0.029,0.223,3.0,2.0,0.0,0.0,27.85,27.84,27.23,27.61,27.69,29.54,27.57,27.9,27.54,43.73
2016-07-25 19:42:00-05:00,-10.692391,-4.2028584,572319,30.79,0.0,0.712,28.82,194.2,,,,,,,,,,,-2147484000.0,,,,-7999.0,-7999.0,-7999.0,-7999.0,-7999.0,-7999.0,-7999.0,-7999.0,28.48,27.25,0.234,0.0,0.0,0.0,60.0,59.9,74.7,0.0,274.0,273.3,275.6,0.0,0.0,0.0,618.0,1440464.0,42582.0,133173.0,1.0,0.979,0.748,0.921,0.006,0.009,0.014,0.013,0.016,0.012,0.016,0.001,0.002,0.003,0.003,0.003,0.002,0.003,52927.0,53728.0,53182.0,53018.0,54014.0,51391.0,46762.0,0.523,115.2,11.43,0.7,3.512,2.0,-1.0,13.5,0.029,0.223,3.0,2.0,0.0,0.0,27.78,27.79,27.22,27.57,27.62,29.54,27.51,27.9,27.52,43.67
2016-07-25 19:43:00-05:00,-11.048804,-4.2028584,572320,30.76,0.0,0.712,28.77,184.3,,,,,,,,,,,-2147484000.0,,,,-7999.0,-7999.0,-7999.0,-7999.0,-7999.0,-7999.0,-7999.0,-7999.0,28.47,27.21,0.191,0.0,0.0,0.0,60.0,59.9,74.7,0.0,274.0,273.0,275.0,0.0,0.0,0.0,618.0,1440464.0,42582.0,133173.0,1.0,0.979,0.748,0.921,0.007,0.009,0.014,0.013,0.016,0.012,0.015,0.001,0.002,0.003,0.002,0.003,0.002,0.003,52927.0,53728.0,53182.0,53018.0,54014.0,51391.0,46762.0,0.513,137.8,12.09,0.6,3.51,2.0,-1.0,13.5,0.029,0.223,3.0,2.0,0.0,0.0,27.78,27.79,27.22,27.51,27.61,29.4,27.51,27.87,27.44,43.63
2016-07-25 19:44:00-05:00,-11.167608,-4.2028584,572321,30.74,0.0,0.682,28.78,174.0,,,,,,,,,,,-2147484000.0,,,,-7999.0,-7999.0,-7999.0,-7999.0,-7999.0,-7999.0,-7999.0,-7999.0,28.45,27.17,0.191,0.0,0.0,0.0,60.0,59.9,74.7,0.0,274.0,273.0,275.0,0.0,0.0,0.0,618.0,1440464.0,42582.0,133173.0,1.0,0.979,0.748,0.921,0.007,0.01,0.012,0.014,0.017,0.012,0.015,0.001,0.002,0.002,0.002,0.003,0.002,0.003,52927.0,53728.0,53182.0,53018.0,54014.0,51391.0,46762.0,0.385,112.9,6.932,0.5,3.512,2.0,-1.0,13.51,0.029,0.223,3.0,2.0,0.0,0.0,27.75,27.71,27.14,27.51,27.61,29.36,27.48,27.8,27.44,43.58
2016-07-25 19:45:00-05:00,-11.167608,-4.2028584,572322,30.71,0.0,0.623,28.73,163.5,,,,,,,,,,,-2147484000.0,,,,-7999.0,-7999.0,-7999.0,-7999.0,-7999.0,-7999.0,-7999.0,-7999.0,28.41,27.14,0.158,0.0,0.0,0.0,60.0,59.9,74.7,0.0,274.0,273.0,275.3,0.0,0.0,0.0,618.0,1440464.0,42582.0,133173.0,1.0,0.979,0.748,0.921,0.008,0.01,0.013,0.013,0.016,0.012,0.016,0.001,0.002,0.002,0.002,0.003,0.002,0.003,52927.0,53728.0,53182.0,53018.0,54014.0,51391.0,46762.0,0.202,121.3,32.89,0.3,3.512,2.0,-1.0,13.5,0.029,0.223,3.0,2.0,0.0,0.0,27.68,27.69,27.12,27.49,27.57,29.36,27.41,27.8,27.43,43.54
2016-07-25 19:46:00-05:00,-11.167608,-4.2028584,572323,30.68,0.0,0.542,28.76,153.2,,,,,,,,,,,-2147484000.0,,,,-7999.0,-7999.0,-7999.0,-7999.0,-7999.0,-7999.0,-7999.0,-7999.0,28.42,27.09,0.064,0.0,0.0,0.0,60.0,59.9,74.7,0.0,274.9,274.0,276.2,0.0,0.0,0.0,618.0,1440464.0,42582.0,133173.0,1.0,0.979,0.748,0.921,0.007,0.01,0.013,0.013,0.016,0.013,0.015,0.001,0.002,0.002,0.002,0.002,0.002,0.002,52927.0,53728.0,53182.0,53018.0,54014.0,51391.0,46762.0,0.128,70.9,40.97,0.2,3.513,2.0,-1.0,13.5,0.029,0.223,3.0,2.0,0.0,0.0,27.68,27.69,27.12,27.43,27.57,29.33,27.41,27.8,27.34,43.44
2016-07-25 19:47:00-05:00,-11.167608,-4.2028584,572324,30.65,0.0,0.485,28.74,143.1,,,,,,,,,,,-2147484000.0,,,,-7999.0,-7999.0,-7999.0,-7999.0,-7999.0,-7999.0,-7999.0,-7999.0,28.41,27.05,0.038,0.0,0.0,0.0,60.0,59.9,74.7,0.0,275.6,275.0,277.0,0.0,0.0,0.0,618.0,1440464.0,42582.0,133173.0,1.0,0.979,0.748,0.921,0.007,0.01,0.012,0.013,0.017,0.012,0.015,0.001,0.001,0.002,0.002,0.002,0.002,0.002,52927.0,53728.0,53182.0,53018.0,54014.0,51391.0,46762.0,0.173,155.2,18.52,0.3,3.512,2.0,-1.0,13.5,0.029,0.223,3.0,2.0,0.0,0.0,27.59,27.61,27.12,27.41,27.52,29.31,27.36,27.77,27.34,43.44
2016-07-25 19:48:00-05:00,-11.167608,-4.2028584,572325,30.62,0.0,0.413,28.7,132.7,,,,,,,,,,,-2147484000.0,,,,-7999.0,-7999.0,-7999.0,-7999.0,-7999.0,-7999.0,-7999.0,-7999.0,28.4,27.02,0.038,0.0,0.0,0.0,60.0,59.9,74.7,0.0,276.0,275.0,277.0,0.0,0.0,0.0,618.0,1440464.0,42582.0,133173.0,1.0,0.979,0.748,0.921,0.007,0.01,0.013,0.013,0.016,0.012,0.015,0.001,0.001,0.002,0.002,0.002,0.002,0.002,52927.0,53728.0,53182.0,53018.0,54014.0,51391.0,46762.0,0.183,115.8,8.92,0.3,3.512,2.0,-1.0,13.5,0.029,0.223,3.0,2.0,0.0,0.0,27.59,27.6,27.03,27.41,27.51,29.23,27.31,27.7,27.34,43.34
2016-07-25 19:49:00-05:00,-11.167608,-4.2028584,572326,30.6,0.0,0.341,28.71,122.2,,,,,,,,,,,-2147484000.0,,,,-7999.0,-7999.0,-7999.0,-7999.0,-7999.0,-7999.0,-7999.0,-7999.0,28.34,27.0,0.038,0.0,0.0,0.0,60.0,59.9,74.7,0.0,275.6,275.0,277.0,0.0,0.0,0.0,618.0,1440464.0,42582.0,133173.0,1.0,0.979,0.748,0.921,0.007,0.01,0.012,0.013,0.017,0.012,0.014,0.001,0.001,0.001,0.002,0.002,0.002,0.002,52927.0,53728.0,53182.0,53018.0,54014.0,51391.0,46762.0,0.112,55.11,44.66,0.2,3.512,2.0,-1.0,13.5,0.028,0.223,3.0,2.0,0.0,0.0,27.59,27.6,27.02,27.41,27.51,29.17,27.31,27.7,27.25,43.28
2016-07-25 19:50:00-05:00,-10.811195,-4.2028584,572327,30.57,0.0,0.288,28.66,111.1,,,,,,,,,,,-2147484000.0,,,,-7999.0,-7999.0,-7999.0,-7999.0,-7999.0,-7999.0,-7999.0,-7999.0,28.33,26.99,0.038,0.0,0.0,0.0,60.0,59.9,74.7,0.0,276.0,275.0,277.0,0.0,0.0,0.0,618.0,1440464.0,42582.0,133173.0,1.0,0.979,0.748,0.921,0.008,0.009,0.012,0.013,0.015,0.013,0.015,0.001,0.001,0.001,0.001,0.002,0.001,0.002,52927.0,53728.0,53182.0,53018.0,54014.0,51391.0,46762.0,0.25,49.18,36.44,0.5,3.513,2.0,-1.0,13.5,0.028,0.223,3.0,2.0,0.0,0.0,27.52,27.6,27.02,27.39,27.51,29.17,27.31,27.7,27.25,43.26
2016-07-25 19:51:00-05:00,-10.692391,-4.2028584,572328,30.54,0.0,0.248,28.72,99.1,,,,,,,,,,,-2147484000.0,,,,-7999.0,-7999.0,-7999.0,-7999.0,-7999.0,-7999.0,-7999.0,-7999.0,28.36,27.01,0.037,0.0,0.0,0.0,60.0,59.9,74.7,0.0,276.0,275.0,277.0,0.0,0.0,0.0,618.0,1440464.0,42582.0,133173.0,1.0,0.979,0.748,0.921,0.008,0.01,0.012,0.012,0.015,0.013,0.016,0.001,0.001,0.001,0.001,0.002,0.001,0.002,52927.0,53728.0,53182.0,53018.0,54014.0,51391.0,46762.0,,0.0,0.0,,,2.0,-1.0,13.5,0.028,0.223,3.0,2.0,0.0,0.0,27.52,27.6,27.02,27.41,27.51,29.23,27.31,27.7,27.25,43.21
2016-07-25 19:52:00-05:00,-10.692391,-4.2028584,572329,30.49,0.0,0.227,28.85,88.0,,,,,,,,,,,-2147484000.0,,,,-7999.0,-7999.0,-7999.0,-7999.0,-7999.0,-7999.0,-7999.0,-7999.0,28.45,27.06,0.033,0.0,0.0,0.0,60.0,59.9,74.7,0.0,276.0,275.0,277.0,0.0,0.0,0.0,618.0,1440464.0,42582.0,133173.0,1.0,0.979,0.748,0.921,0.008,0.009,0.012,0.013,0.016,0.012,0.014,0.001,0.001,0.001,0.001,0.001,0.001,0.001,52927.0,53728.0,53182.0,53018.0,54014.0,51391.0,46762.0,0.363,54.72,19.68,0.6,3.513,2.0,-1.0,13.5,0.028,0.223,3.0,2.0,0.0,0.0,27.59,27.6,27.02,27.41,27.51,29.27,27.31,27.7,27.25,43.14
2016-07-25 19:53:00-05:00,-10.217174,-4.2028584,572330,30.45,0.0,0.212,28.91,77.64,,,,,,,,,,,-2147484000.0,,,,-7999.0,-7999.0,-7999.0,-7999.0,-7999.0,-7999.0,-7999.0,-7999.0,28.49,27.09,0.018,0.0,0.0,0.0,60.0,59.9,74.7,0.0,276.0,275.0,277.0,0.0,0.0,0.0,618.0,1440464.0,42582.0,133173.0,1.0,0.979,0.748,0.921,0.008,0.009,0.012,0.012,0.016,0.013,0.015,0.001,0.001,0.001,0.001,0.001,0.001,0.001,52927.0,53728.0,53182.0,53018.0,54014.0,51391.0,46762.0,0.448,17.61,33.71,0.7,3.513,2.0,-1.0,13.5,0.028,0.223,3.0,2.0,0.0,0.0,27.59,27.6,27.02,27.41,27.51,29.27,27.31,27.72,27.26,43.1
2016-07-25 19:54:00-05:00,-9.979566,-3.978706,572331,30.43,0.0,0.21,28.96,68.03,,,,,,,,,,,-2147484000.0,,,,-7999.0,-7999.0,-7999.0,-7999.0,-7999.0,-7999.0,-7999.0,-7999.0,28.52,27.1,0.011,0.0,0.0,0.0,60.0,59.9,74.7,0.0,276.0,275.0,277.0,0.0,0.0,0.0,618.0,1440464.0,42582.0,133173.0,1.0,0.979,0.748,0.921,0.007,0.009,0.011,0.012,0.016,0.014,0.015,0.0,0.001,0.001,0.001,0.001,0.001,0.001,52927.0,53728.0,53182.0,53018.0,54014.0,51391.0,46762.0,0.305,27.97,37.21,0.5,3.51,2.0,-1.0,13.5,0.028,0.223,3.0,2.0,0.0,0.0,27.67,27.6,27.05,27.41,27.51,29.32,27.31,27.75,27.34,43.05
2016-07-25 19:55:00-05:00,-9.741957,-3.6424768,572332,30.4,0.0,0.203,28.99,59.84,,,,,,,,,,,-2147484000.0,,,,-7999.0,-7999.0,-7999.0,-7999.0,-7999.0,-7999.0,-7999.0,-7999.0,28.51,27.12,-0.003,0.0,0.0,0.0,60.0,59.9,74.7,0.0,276.0,275.0,277.0,0.0,0.0,0.0,618.0,1440464.0,42582.0,133173.0,1.0,0.979,0.748,0.921,0.007,0.01,0.011,0.013,0.016,0.013,0.015,0.0,0.001,0.001,0.001,0.001,0.001,0.001,52927.0,53728.0,53182.0,53018.0,54014.0,51391.0,46762.0,0.483,56.33,19.67,0.8,3.512,2.0,-1.0,13.5,0.028,0.223,3.0,2.0,0.0,0.0,27.68,27.61,27.12,27.41,27.52,29.38,27.41,27.8,27.34,43.01
2016-07-25 19:56:00-05:00,-9.266739,-3.4183247,572333,30.38,0.0,0.205,28.96,52.32,,,,,,,,,,,-2147484000.0,,,,-7999.0,-7999.0,-7999.0,-7999.0,-7999.0,-7999.0,-7999.0,-7999.0,28.51,27.12,-0.018,0.0,0.0,0.0,60.0,59.9,74.7,0.0,275.7,274.7,276.7,0.0,0.0,0.0,618.0,1440464.0,42582.0,133173.0,1.0,0.979,0.748,0.921,0.007,0.01,0.011,0.013,0.017,0.013,0.014,0.0,0.001,0.001,0.001,0.001,0.001,0.001,52927.0,53728.0,53182.0,53018.0,54014.0,51391.0,46762.0,,0.0,0.0,,,2.0,-1.0,13.5,0.028,0.223,3.0,2.0,0.0,0.0,27.68,27.69,27.12,27.51,27.59,29.37,27.41,27.83,27.39,42.92
2016-07-25 19:57:00-05:00,-9.147935,-3.4183247,572334,30.36,0.0,0.203,29.01,45.14,,,,,,,,,,,-2147484000.0,,,,-7999.0,-7999.0,-7999.0,-7999.0,-7999.0,-7999.0,-7999.0,-7999.0,28.6,27.19,-0.022,0.0,0.0,0.0,60.0,59.9,74.7,0.0,275.0,274.0,276.0,0.0,0.0,0.0,618.0,1440464.0,42582.0,133173.0,1.0,0.979,0.748,0.921,0.008,0.009,0.012,0.013,0.016,0.013,0.013,0.0,0.0,0.001,0.001,0.001,0.001,0.001,52927.0,53728.0,53182.0,53018.0,54014.0,51391.0,46762.0,0.212,325.1,63.89,0.6,3.512,2.0,-1.0,13.5,0.028,0.223,3.0,2.0,0.0,0.0,27.77,27.71,27.15,27.51,27.61,29.44,27.43,27.88,27.44,42.93
2016-07-25 19:58:00-05:00,-9.147935,-3.4183247,572335,30.33,0.0,0.203,29.12,38.56,,,,,,,,,,,-2147484000.0,,,,-7999.0,-7999.0,-7999.0,-7999.0,-7999.0,-7999.0,-7999.0,-7999.0,28.75,27.29,-0.028,0.0,0.0,0.0,60.0,59.9,74.7,0.0,275.0,274.0,276.0,0.0,0.0,0.0,618.0,1440464.0,42582.0,133173.0,1.0,0.979,0.748,0.921,0.008,0.009,0.012,0.012,0.017,0.013,0.015,0.0,0.0,0.0,0.0,0.001,0.001,0.001,52927.0,53728.0,53182.0,53018.0,54014.0,51391.0,46762.0,0.357,299.6,23.21,0.5,3.512,2.0,-1.0,13.5,0.028,0.223,3.0,2.0,0.0,0.0,27.86,27.79,27.22,27.51,27.69,29.47,27.51,27.9,27.44,42.91
2016-07-25 19:59:00-05:00,-9.147935,-3.4183247,572336,30.34,0.0,0.203,29.39,33.09,,,,,,,,,,,-2147484000.0,,,,-7999.0,-7999.0,-7999.0,-7999.0,-7999.0,-7999.0,-7999.0,-7999.0,28.96,27.43,-0.034,0.0,0.0,0.0,60.0,59.9,74.7,0.0,275.0,274.0,276.4,0.0,0.0,0.0,618.0,1440464.0,42582.0,133173.0,1.0,0.979,0.748,0.921,0.007,0.01,0.011,0.012,0.016,0.013,0.015,0.0,0.0,0.0,0.0,0.001,0.0,0.0,52927.0,53728.0,53182.0,53018.0,54014.0,51391.0,46762.0,0.533,290.1,16.83,0.7,3.512,2.0,-1.0,13.5,0.028,0.223,3.0,2.0,0.0,0.0,28.06,27.79,27.25,27.61,27.7,29.59,27.51,27.95,27.49,42.87
2016-07-25 20:00:00-05:00,-8.910326,-3.4183247,572337,30.31,0.0,0.203,29.51,28.89,,,,,,,,,,,-2147484000.0,,,,-7999.0,-7999.0,-7999.0,-7999.0,-7999.0,-7999.0,-7999.0,-7999.0,29.16,27.56,-0.037,0.0,0.0,0.0,60.0,59.9,74.7,0.0,275.0,274.0,276.5,0.0,0.0,0.0,618.0,1440464.0,42582.0,133173.0,1.0,0.979,0.748,0.921,0.008,0.009,0.011,0.013,0.016,0.013,0.014,0.0,0.0,0.0,0.0,0.0,0.0,0.0,52927.0,53728.0,53182.0,53018.0,54014.0,51391.0,46762.0,0.687,300.0,8.4,0.9,3.512,2.0,-1.0,13.5,0.028,0.223,3.0,2.0,0.0,0.0,28.17,27.89,27.31,27.62,27.7,29.67,27.61,28.08,27.57,42.83
2016-07-25 20:01:00-05:00,-8.316304,-3.1941724,572338,30.28,0.0,0.203,29.51,25.62,,,,,,,,,,,-2147484000.0,,,,-7999.0,-7999.0,-7999.0,-7999.0,-7999.0,-7999.0,-7999.0,-7999.0,29.16,27.66,-0.02,0.0,0.0,0.0,60.0,59.9,74.7,0.0,275.4,274.4,276.8,0.0,0.0,0.0,618.0,1440464.0,42582.0,133173.0,1.0,0.979,0.748,0.921,0.007,0.009,0.011,0.012,0.016,0.014,0.015,0.0,0.0,0.0,0.0,0.0,0.0,0.0,52927.0,53728.0,53182.0,53018.0,54014.0,51391.0,46762.0,0.615,311.8,10.83,0.8,3.512,2.0,-1.0,13.5,0.028,0.223,3.0,2.0,0.0,0.0,28.27,27.99,27.38,27.72,27.75,29.75,27.66,28.11,27.67,42.75
2016-07-25 20:02:00-05:00,-8.316304,-2.8579435,572339,30.26,0.0,0.203,29.44,22.85,,,,,,,,,,,-2147484000.0,,,,-7999.0,-7999.0,-7999.0,-7999.0,-7999.0,-7999.0,-7999.0,-7999.0,29.06,27.74,-0.025,0.0,0.0,0.0,60.0,59.9,74.7,0.0,275.3,274.2,276.5,0.0,0.0,0.0,618.0,1440464.0,42582.0,133173.0,1.0,0.979,0.748,0.921,0.008,0.009,0.011,0.013,0.016,0.012,0.014,0.0,0.0,0.0,0.0,0.0,0.0,0.0,52927.0,53728.0,53182.0,53018.0,54014.0,51391.0,46762.0,0.578,296.6,13.14,1.0,3.512,2.0,-1.0,13.5,0.028,0.223,3.0,2.0,0.0,0.0,28.32,27.99,27.41,27.72,27.8,29.8,27.72,28.19,27.74,42.72
2016-07-25 20:03:00-05:00,-8.078695,-2.6337912,572340,30.25,0.0,0.203,29.33,20.2,,,,,,,,,,,-2147484000.0,,,,-7999.0,-7999.0,-7999.0,-7999.0,-7999.0,-7999.0,-7999.0,-7999.0,29.02,27.75,-0.034,0.0,0.0,0.0,60.0,59.9,74.7,0.0,275.5,274.4,276.9,0.0,0.0,0.0,618.0,1440464.0,42582.0,133173.0,1.0,0.979,0.748,0.921,0.008,0.009,0.012,0.013,0.015,0.013,0.014,0.0,0.0,0.0,0.0,0.0,0.0,0.0,52927.0,53728.0,53182.0,53018.0,54014.0,51391.0,46762.0,0.602,283.9,13.33,0.9,3.512,2.0,-1.0,13.5,0.028,0.223,3.0,2.0,0.0,0.0,28.4,28.0,27.49,27.8,27.82,29.86,27.8,28.21,27.77,42.67
2016-07-25 20:04:00-05:00,-7.959892,-2.6337912,572341,30.22,0.0,0.203,29.3,17.69,,,,,,,,,,,-2147484000.0,,,,-7999.0,-7999.0,-7999.0,-7999.0,-7999.0,-7999.0,-7999.0,-7999.0,28.98,27.81,-0.036,0.0,0.0,0.0,60.0,59.9,74.7,0.0,275.3,274.2,276.9,0.0,0.0,0.0,618.0,1440464.0,42582.0,133173.0,1.0,0.979,0.748,0.921,0.008,0.01,0.011,0.011,0.016,0.014,0.014,0.0,0.0,0.0,0.0,0.0,0.0,0.0,52927.0,53728.0,53182.0,53018.0,54014.0,51391.0,46762.0,0.577,271.6,7.41,0.8,3.512,2.0,-1.0,13.5,0.028,0.223,3.0,2.0,0.0,0.0,28.44,28.08,27.51,27.82,27.9,29.86,27.8,28.29,27.83,42.57
2016-07-25 20:05:00-05:00,-7.7222824,-2.6337912,572342,30.22,0.0,0.203,29.32,15.52,,,,,,,,,,,-2147484000.0,,,,-7999.0,-7999.0,-7999.0,-7999.0,-7999.0,-7999.0,-7999.0,-7999.0,28.98,27.83,-0.036,0.0,0.0,0.0,60.0,59.9,74.7,0.0,276.0,275.0,277.0,0.0,0.0,0.0,618.0,1440464.0,42582.0,133173.0,1.0,0.979,0.748,0.921,0.008,0.01,0.011,0.013,0.017,0.013,0.015,0.0,0.0,0.0,0.0,0.0,0.0,0.0,52927.0,53728.0,53182.0,53018.0,54014.0,51391.0,46762.0,0.622,250.1,3.814,0.7,3.512,2.0,-1.0,13.5,0.028,0.223,3.0,2.0,0.0,0.0,28.55,28.08,27.51,27.83,27.91,29.86,27.87,28.29,27.85,42.57
2016-07-25 20:06:00-05:00,-7.484674,-2.6337912,572343,30.2,0.0,0.203,29.36,13.86,,,,,,,,,,,-2147484000.0,,,,-7999.0,-7999.0,-7999.0,-7999.0,-7999.0,-7999.0,-7999.0,-7999.0,29.02,27.84,-0.038,0.0,0.0,0.0,60.0,59.9,74.7,0.0,275.0,273.9,276.1,0.0,0.0,0.0,618.0,1440464.0,42582.0,133173.0,1.0,0.979,0.748,0.921,0.008,0.01,0.011,0.012,0.017,0.013,0.014,0.0,0.0,0.0,0.0,0.0,0.0,0.0,52927.0,53728.0,53182.0,53018.0,54014.0,51391.0,46762.0,0.527,256.1,6.823,0.6,3.513,2.0,-1.0,13.5,0.027,0.223,3.0,2.0,0.0,0.0,28.55,28.08,27.57,27.9,27.92,29.95,27.9,28.29,27.92,42.52
2016-07-25 20:07:00-05:00,-7.484674,-2.6337912,572344,30.19,0.0,0.203,29.42,12.53,,,,,,,,,,,-2147484000.0,,,,-7999.0,-7999.0,-7999.0,-7999.0,-7999.0,-7999.0,-7999.0,-7999.0,29.05,27.89,-0.037,0.0,0.0,0.0,60.0,59.9,74.7,0.0,274.9,273.9,276.0,0.0,0.0,0.0,618.0,1440464.0,42582.0,133173.0,1.0,0.979,0.748,0.921,0.008,0.009,0.011,0.013,0.016,0.013,0.014,0.0,0.0,0.0,0.0,0.0,0.0,0.0,52927.0,53728.0,53182.0,53018.0,54014.0,51391.0,46762.0,0.488,280.8,12.34,0.6,3.512,2.0,-1.0,13.5,0.027,0.223,3.0,2.0,0.0,0.0,28.55,28.15,27.61,27.9,27.95,30.01,27.9,28.34,27.93,42.47
2016-07-25 20:08:00-05:00,-7.484674,-2.6337912,572345,30.17,0.0,0.206,29.54,11.31,,,,,,,,,,,-2147484000.0,,,,-7999.0,-7999.0,-7999.0,-7999.0,-7999.0,-7999.0,-7999.0,-7999.0,29.23,27.97,-0.038,0.0,0.0,0.0,60.0,59.9,74.7,0.0,274.9,273.9,276.0,0.0,0.0,0.0,618.0,1440464.0,42582.0,133173.0,1.0,0.979,0.748,0.921,0.008,0.009,0.011,0.012,0.015,0.013,0.015,0.0,0.0,0.0,0.0,0.0,0.0,0.0,52927.0,53728.0,53182.0,53018.0,54014.0,51391.0,46762.0,0.522,312.6,16.73,0.9,3.512,2.0,-1.0,13.5,0.027,0.223,3.0,2.0,0.0,0.0,28.62,28.2,27.66,27.93,28.0,30.12,27.93,28.39,27.96,42.43
2016-07-25 20:09:00-05:00,-7.484674,-2.6337912,572346,30.16,0.0,0.208,29.61,10.4,,,,,,,,,,,-2147484000.0,,,,-7999.0,-7999.0,-7999.0,-7999.0,-7999.0,-7999.0,-7999.0,-7999.0,29.28,28.03,-0.038,0.0,0.0,0.0,60.0,59.9,74.7,0.0,275.0,274.0,276.0,0.0,0.0,0.0,618.0,1440464.0,42582.0,133173.0,1.0,0.979,0.748,0.921,0.008,0.009,0.012,0.012,0.015,0.013,0.014,0.0,0.0,0.0,0.0,0.0,0.0,0.0,52927.0,53728.0,53182.0,53018.0,54014.0,51391.0,46762.0,0.57,281.9,20.24,0.9,3.512,2.0,-1.0,13.5,0.027,0.223,3.0,2.0,0.0,0.0,28.63,28.25,27.69,28.0,28.01,30.19,28.0,28.45,28.03,42.38
2016-07-25 20:10:00-05:00,-7.484674,-2.6337912,572347,30.16,0.0,0.207,29.65,9.69,,,,,,,,,,,-2147484000.0,,,,-7999.0,-7999.0,-7999.0,-7999.0,-7999.0,-7999.0,-7999.0,-7999.0,29.31,28.09,-0.037,0.0,0.0,0.0,60.0,59.9,74.7,0.0,275.0,274.0,276.0,0.0,0.0,0.0,618.0,1440464.0,42582.0,133173.0,1.0,0.979,0.748,0.921,0.007,0.009,0.011,0.012,0.016,0.013,0.014,0.0,0.0,0.0,0.0,0.0,0.0,0.0,52927.0,53728.0,53182.0,53018.0,54014.0,51391.0,46762.0,0.488,263.7,21.94,0.9,3.512,2.0,-1.0,13.5,0.027,0.223,3.0,2.0,0.0,0.0,28.74,28.28,27.7,28.01,28.09,30.27,28.06,28.48,28.03,42.36
2016-07-25 20:11:00-05:00,-7.484674,-2.6337912,572348,30.16,0.0,0.207,29.65,9.11,,,,,,,,,,,-2147484000.0,,,,-7999.0,-7999.0,-7999.0,-7999.0,-7999.0,-7999.0,-7999.0,-7999.0,29.31,28.17,-0.037,0.0,0.0,0.0,60.0,59.9,74.7,0.0,275.0,274.0,276.0,0.0,0.0,0.0,618.0,1440464.0,42582.0,133173.0,1.0,0.979,0.748,0.921,0.008,0.009,0.011,0.012,0.015,0.012,0.014,0.0,0.0,0.0,0.0,0.0,0.0,0.0,52927.0,53728.0,53182.0,53018.0,54014.0,51391.0,46762.0,0.678,297.9,12.24,1.2,3.512,2.0,-1.0,13.5,0.027,0.223,3.0,2.0,0.0,0.0,28.77,28.36,27.78,28.09,28.09,30.35,28.09,28.57,28.09,42.28
2016-07-25 20:12:00-05:00,-7.484674,-2.6337912,572349,30.15,0.0,0.209,29.7,8.58,,,,,,,,,,,-2147484000.0,,,,-7999.0,-7999.0,-7999.0,-7999.0,-7999.0,-7999.0,-7999.0,-7999.0,29.34,28.22,-0.034,0.0,0.0,0.0,60.0,59.9,74.7,0.0,275.0,274.0,276.0,0.0,0.0,0.0,618.0,1440464.0,42582.0,133173.0,1.0,0.979,0.748,0.921,0.008,0.009,0.011,0.012,0.015,0.013,0.014,0.0,0.0,0.0,0.0,0.0,0.0,0.0,52927.0,53728.0,53182.0,53018.0,54014.0,51391.0,46762.0,,0.0,0.0,,,2.0,-1.0,13.51,0.027,0.223,3.0,2.0,0.0,0.0,28.8,28.39,27.8,28.11,28.16,30.43,28.16,28.58,28.14,42.21
2016-07-25 20:13:00-05:00,-7.484674,-2.6337912,572350,30.12,0.0,0.212,29.67,8.01,,,,,,,,,,,-2147484000.0,,,,-7999.0,-7999.0,-7999.0,-7999.0,-7999.0,-7999.0,-7999.0,-7999.0,29.32,28.23,-0.036,0.0,0.0,0.0,60.0,59.9,74.7,0.0,275.0,274.0,276.0,0.0,0.0,0.0,618.0,1440464.0,42582.0,133173.0,1.0,0.979,0.748,0.921,0.007,0.009,0.011,0.012,0.016,0.012,0.013,0.0,0.0,0.0,0.0,0.0,0.0,0.0,52927.0,53728.0,53182.0,53018.0,54014.0,51391.0,46762.0,0.483,265.1,13.61,0.6,3.512,2.0,-1.0,13.5,0.027,0.223,3.0,2.0,0.0,0.0,28.84,28.51,27.91,28.19,28.19,30.45,28.21,28.68,28.22,42.18
2016-07-25 20:14:00-05:00,-7.484674,-2.6337912,572351,30.12,0.0,0.215,29.67,7.481,,,,,,,,,,,-2147484000.0,,,,-7999.0,-7999.0,-7999.0,-7999.0,-7999.0,-7999.0,-7999.0,-7999.0,29.28,28.22,-0.038,0.0,0.0,0.0,60.0,59.9,74.7,0.0,275.0,274.0,276.4,0.0,0.0,0.0,618.0,1440464.0,42582.0,133173.0,1.0,0.979,0.748,0.921,0.008,0.009,0.011,0.012,0.016,0.012,0.014,0.0,0.0,0.0,0.0,0.0,0.0,0.0,52927.0,53728.0,53182.0,53018.0,54014.0,51391.0,46762.0,0.488,259.1,10.68,0.7,3.512,2.0,-1.0,13.5,0.027,0.223,3.0,2.0,0.0,0.0,28.78,28.44,27.95,28.19,28.22,30.45,28.24,28.63,28.22,42.15
2016-07-25 20:15:00-05:00,-7.484674,-2.6337912,572352,30.12,0.0,0.213,29.64,6.897,,,,,,,,,,,-2147484000.0,,,,-7999.0,-7999.0,-7999.0,-7999.0,-7999.0,-7999.0,-7999.0,-7999.0,29.28,28.23,-0.038,0.0,0.0,0.0,60.0,59.9,74.7,0.0,275.0,274.5,276.8,0.0,0.0,0.0,618.0,1440464.0,42582.0,133173.0,1.0,0.979,0.748,0.921,0.007,0.009,0.011,0.012,0.016,0.012,0.013,0.0,0.0,0.0,0.0,0.0,0.0,0.0,52927.0,53728.0,53182.0,53018.0,54014.0,51391.0,46762.0,0.658,290.8,11.91,1.0,3.512,2.0,-1.0,13.5,0.027,0.223,3.0,2.0,0.0,0.0,28.83,28.53,27.92,28.23,28.27,30.45,28.29,28.68,28.22,42.08
2016-07-25 20:16:00-05:00,-7.484674,-2.6337912,572353,30.12,0.0,0.214,29.67,6.317,,,,,,,,,,,-2147484000.0,,,,-7999.0,-7999.0,-7999.0,-7999.0,-7999.0,-7999.0,-7999.0,-7999.0,29.25,28.23,-0.037,0.0,0.0,0.0,60.0,59.9,74.7,0.0,275.0,274.0,276.0,0.0,0.0,0.0,618.0,1440464.0,42582.0,133173.0,1.0,0.979,0.748,0.921,0.008,0.009,0.011,0.011,0.017,0.013,0.014,0.0,0.0,0.0,0.0,0.0,0.0,0.0,52927.0,53728.0,53182.0,53018.0,54014.0,51391.0,46762.0,0.423,276.2,23.53,0.8,3.513,2.0,-1.0,13.5,0.027,0.223,3.0,2.0,0.0,0.0,28.75,28.47,27.95,28.26,28.31,30.45,28.29,28.7,28.22,42.03
2016-07-25 20:17:00-05:00,-7.484674,-2.6337912,572354,30.12,0.0,0.216,29.65,5.855,,,,,,,,,,,-2147484000.0,,,,-7999.0,-7999.0,-7999.0,-7999.0,-7999.0,-7999.0,-7999.0,-7999.0,29.26,28.21,-0.038,0.0,0.0,0.0,60.0,59.9,74.7,0.0,275.0,274.0,276.0,0.0,0.0,0.0,618.0,1440464.0,42582.0,133173.0,1.0,0.979,0.748,0.921,0.007,0.009,0.01,0.012,0.015,0.013,0.014,0.0,0.0,0.0,0.0,0.0,0.0,0.0,52927.0,53728.0,53182.0,53018.0,54014.0,51391.0,46762.0,0.427,271.9,20.63,0.7,3.512,2.0,-1.0,13.5,0.027,0.223,3.0,2.0,0.0,0.0,28.75,28.51,27.9,28.27,28.29,30.43,28.29,28.63,28.22,41.98
2016-07-25 20:18:00-05:00,-7.484674,-2.6337912,572355,30.1,0.0,0.218,29.67,5.385,,,,,,,,,,,-2147484000.0,,,,-7999.0,-7999.0,-7999.0,-7999.0,-7999.0,-7999.0,-7999.0,-7999.0,29.25,28.2,-0.038,0.0,0.0,0.0,60.0,59.9,74.7,0.0,275.0,274.0,276.0,0.0,0.0,0.0,618.0,1440464.0,42582.0,133173.0,1.0,0.979,0.748,0.921,0.007,0.009,0.01,0.012,0.015,0.013,0.014,0.0,0.0,0.0,0.0,0.0,0.0,0.0,52927.0,53728.0,53182.0,53018.0,54014.0,51391.0,46762.0,0.62,265.1,5.891,1.0,3.512,2.0,-1.0,13.5,0.027,0.223,3.0,2.0,0.0,0.0,28.77,28.53,27.93,28.31,28.29,30.45,28.25,28.58,28.22,41.95
2016-07-25 20:19:00-05:00,-7.484674,-2.6337912,572356,30.09,0.0,0.22,29.66,4.923,,,,,,,,,,,-2147484000.0,,,,-7999.0,-7999.0,-7999.0,-7999.0,-7999.0,-7999.0,-7999.0,-7999.0,29.29,28.21,-0.037,0.0,0.0,0.0,60.0,59.9,74.7,0.0,275.0,274.0,276.0,0.0,0.0,0.0,618.0,1440464.0,42582.0,133173.0,1.0,0.979,0.748,0.921,0.008,0.009,0.011,0.012,0.015,0.013,0.014,0.0,0.0,0.0,0.0,0.0,0.0,0.0,52927.0,53728.0,53182.0,53018.0,54014.0,51391.0,46762.0,0.87,277.5,12.87,1.2,3.513,2.0,-1.0,13.5,0.027,0.223,3.0,2.0,0.0,0.0,28.67,28.49,27.9,28.29,28.31,30.45,28.27,28.61,28.22,41.87
2016-07-25 20:20:00-05:00,-7.484674,-2.6337912,572357,30.09,0.0,0.218,29.6,4.412,,,,,,,,,,,-2147484000.0,,,,-7999.0,-7999.0,-7999.0,-7999.0,-7999.0,-7999.0,-7999.0,-7999.0,29.24,28.2,-0.037,0.0,0.0,0.0,60.0,59.9,74.7,0.0,274.5,273.5,275.5,0.0,0.0,0.0,618.0,1440464.0,42582.0,133173.0,1.0,0.979,0.748,0.921,0.008,0.009,0.011,0.011,0.016,0.012,0.013,0.0,0.0,0.0,0.0,0.0,0.0,0.0,52927.0,53728.0,53182.0,53018.0,54014.0,51391.0,46762.0,0.522,269.3,27.08,1.0,3.512,2.0,-1.0,13.5,0.027,0.223,3.0,2.0,0.0,0.0,28.65,28.51,27.95,28.26,28.29,30.43,28.29,28.65,28.19,41.87
2016-07-25 20:21:00-05:00,-7.7222824,-2.6337912,572358,30.09,0.0,0.216,29.63,3.851,,,,,,,,,,,-2147484000.0,,,,-7999.0,-7999.0,-7999.0,-7999.0,-7999.0,-7999.0,-7999.0,-7999.0,29.2,28.17,-0.038,0.0,0.0,0.0,60.0,59.9,74.7,0.0,274.0,273.3,275.2,0.0,0.0,0.0,618.0,1440464.0,42582.0,133173.0,1.0,0.979,0.748,0.921,0.008,0.009,0.012,0.012,0.015,0.013,0.013,0.0,0.0,0.0,0.0,0.0,0.0,0.0,52927.0,53728.0,53182.0,53018.0,54014.0,51391.0,46762.0,0.613,260.6,11.77,1.0,3.512,2.0,-1.0,13.5,0.027,0.223,3.0,2.0,0.0,0.0,28.64,28.46,27.93,28.24,28.31,30.37,28.27,28.58,28.13,41.79
2016-07-25 20:22:00-05:00,-8.1975,-2.6337912,572359,30.09,0.0,0.214,29.6,3.447,,,,,,,,,,,-2147484000.0,,,,-7999.0,-7999.0,-7999.0,-7999.0,-7999.0,-7999.0,-7999.0,-7999.0,29.19,28.14,-0.038,0.0,0.0,0.0,60.0,59.9,74.7,0.0,274.0,273.0,275.0,0.0,0.0,0.0,618.0,1440464.0,42582.0,133173.0,1.0,0.979,0.748,0.921,0.007,0.009,0.011,0.013,0.015,0.012,0.014,0.0,0.0,0.0,0.0,0.0,0.0,0.0,52927.0,53728.0,53182.0,53018.0,54014.0,51391.0,46762.0,0.602,304.7,23.82,1.2,3.51,2.0,-1.0,13.5,0.027,0.223,3.0,2.0,0.0,0.0,28.59,28.42,27.97,28.21,28.31,30.45,28.26,28.58,28.13,41.79
2016-07-25 20:23:00-05:00,-8.316304,-2.9700198,572360,30.09,0.0,0.217,29.61,3.128,,,,,,,,,,,-2147484000.0,,,,-7999.0,-7999.0,-7999.0,-7999.0,-7999.0,-7999.0,-7999.0,-7999.0,29.16,28.1,-0.038,0.0,0.0,0.0,60.0,59.9,74.7,0.0,274.0,273.7,275.4,0.0,0.0,0.0,618.0,1440464.0,42582.0,133173.0,1.0,0.979,0.748,0.921,0.007,0.009,0.01,0.012,0.015,0.013,0.014,0.0,0.0,0.0,0.0,0.0,0.0,0.0,52927.0,53728.0,53182.0,53018.0,54014.0,51391.0,46762.0,0.333,280.2,51.74,0.6,3.512,2.0,-1.0,13.5,0.027,0.223,3.0,2.0,0.0,0.0,28.57,28.45,27.92,28.21,28.24,30.45,28.26,28.56,28.13,41.74
2016-07-25 20:24:00-05:00,-8.316304,-3.0820959,572361,30.07,0.0,0.216,29.61,2.91,,,,,,,,,,,-2147484000.0,,,,-7999.0,-7999.0,-7999.0,-7999.0,-7999.0,-7999.0,-7999.0,-7999.0,29.17,28.08,-0.038,0.0,0.0,0.0,60.0,59.9,74.7,0.0,274.0,273.9,275.6,0.0,0.0,0.0,618.0,1440464.0,42582.0,133173.0,1.0,0.979,0.748,0.921,0.007,0.01,0.011,0.011,0.015,0.012,0.014,0.0,0.0,0.0,0.0,0.0,0.0,0.0,52927.0,53728.0,53182.0,53018.0,54014.0,51391.0,46762.0,0.452,241.9,38.15,0.8,3.512,2.0,-1.0,13.5,0.027,0.223,3.0,2.0,0.0,0.0,28.57,28.45,27.87,28.23,28.19,30.48,28.19,28.57,28.13,41.69
2016-07-25 20:25:00-05:00,-8.316304,-3.0820959,572362,30.05,0.0,0.215,29.59,2.857,,,,,,,,,,,-2147484000.0,,,,-7999.0,-7999.0,-7999.0,-7999.0,-7999.0,-7999.0,-7999.0,-7999.0,29.12,28.04,-0.038,0.0,0.0,0.0,60.0,59.9,74.7,0.0,274.0,273.9,275.6,0.0,0.0,0.0,618.0,1440464.0,42582.0,133173.0,1.0,0.979,0.748,0.921,0.007,0.009,0.01,0.012,0.015,0.012,0.014,0.0,0.0,0.0,0.0,0.0,0.0,0.0,52927.0,53728.0,53182.0,53018.0,54014.0,51391.0,46762.0,0.268,229.3,35.43,0.7,3.513,2.0,-1.0,13.5,0.027,0.223,3.0,2.0,0.0,0.0,28.57,28.41,27.89,28.25,28.22,30.64,28.19,28.5,28.13,41.67
2016-07-25 20:26:00-05:00,-8.316304,-3.0820959,572363,30.05,0.0,0.217,29.6,3.094,,,,,,,,,,,-2147484000.0,,,,-7999.0,-7999.0,-7999.0,-7999.0,-7999.0,-7999.0,-7999.0,-7999.0,29.13,28.03,-0.038,0.0,0.0,0.0,60.0,59.9,74.7,0.0,275.4,274.5,276.5,0.0,0.0,0.0,618.0,1440464.0,42582.0,133173.0,1.0,0.979,0.748,0.921,0.007,0.009,0.011,0.011,0.016,0.013,0.013,0.0,0.0,0.0,0.0,0.0,0.0,0.0,52927.0,53728.0,53182.0,53018.0,54014.0,51391.0,46762.0,0.525,230.9,15.99,0.6,3.513,2.0,-1.0,13.5,0.027,0.223,3.0,2.0,0.0,0.0,28.57,28.45,27.86,28.2,28.24,30.63,28.19,28.48,28.13,41.59
2016-07-25 20:27:00-05:00,-8.316304,-3.0820959,572364,30.05,0.0,0.215,29.6,3.103,,,,,,,,,,,-2147484000.0,,,,-7999.0,-7999.0,-7999.0,-7999.0,-7999.0,-7999.0,-7999.0,-7999.0,29.16,28.02,-0.036,0.0,0.0,0.0,60.0,59.9,74.7,0.0,276.0,275.0,277.0,0.0,0.0,0.0,618.0,1440464.0,42582.0,133173.0,1.0,0.979,0.748,0.921,0.007,0.009,0.009,0.011,0.015,0.012,0.014,0.0,0.0,0.0,0.0,0.0,0.0,0.0,52927.0,53728.0,53182.0,53018.0,54014.0,51391.0,46762.0,0.625,257.2,13.55,1.0,3.513,2.0,-1.0,13.5,0.027,0.223,3.0,2.0,0.0,0.0,28.57,28.43,27.83,28.13,28.19,30.5,28.19,28.48,28.13,41.59
2016-07-25 20:28:00-05:00,-8.316304,-3.0820959,572365,30.05,0.0,0.213,29.62,2.939,,,,,,,,,,,-2147484000.0,,,,-7999.0,-7999.0,-7999.0,-7999.0,-7999.0,-7999.0,-7999.0,-7999.0,29.21,28.06,-0.037,0.0,0.0,0.0,60.0,59.9,74.7,0.0,276.0,275.0,277.0,0.0,0.0,0.0,618.0,1440464.0,42582.0,133173.0,1.0,0.979,0.748,0.921,0.007,0.009,0.011,0.011,0.015,0.013,0.013,0.0,0.0,0.0,0.0,0.0,0.0,0.0,52927.0,53728.0,53182.0,53018.0,54014.0,51391.0,46762.0,0.655,284.8,15.71,0.9,3.512,2.0,-1.0,13.5,0.027,0.223,3.0,2.0,0.0,0.0,28.59,28.42,27.89,28.2,28.21,30.45,28.19,28.55,28.13,41.54
2016-07-25 20:29:00-05:00,-8.316304,-3.0820959,572366,30.05,0.0,0.213,29.59,2.833,,,,,,,,,,,-2147484000.0,,,,-7999.0,-7999.0,-7999.0,-7999.0,-7999.0,-7999.0,-7999.0,-7999.0,29.18,28.03,-0.037,0.0,0.0,0.0,60.0,59.9,74.7,0.0,276.0,275.0,277.0,0.0,0.0,0.0,618.0,1440464.0,42582.0,133173.0,1.0,0.979,0.748,0.921,0.007,0.009,0.011,0.012,0.015,0.012,0.013,0.0,0.0,0.0,0.0,0.0,0.0,0.0,52927.0,53728.0,53182.0,53018.0,54014.0,51391.0,46762.0,0.505,293.3,36.79,0.7,3.512,2.0,-1.0,13.5,0.027,0.223,3.0,2.0,0.0,0.0,28.57,28.45,27.91,28.19,28.23,30.33,28.19,28.57,28.13,41.49
2016-07-25 20:30:00-05:00,-8.316304,-3.0820959,572367,30.02,0.0,0.216,29.56,2.834,,,,,,,,,,,-2147484000.0,,,,-7999.0,-7999.0,-7999.0,-7999.0,-7999.0,-7999.0,-7999.0,-7999.0,29.13,27.98,-0.037,0.0,0.0,0.0,60.0,59.9,74.7,0.0,276.0,275.0,277.0,0.0,0.0,0.0,618.0,1440464.0,42582.0,133173.0,1.0,0.979,0.748,0.921,0.008,0.009,0.01,0.011,0.015,0.012,0.014,0.0,0.0,0.0,0.0,0.0,0.0,0.0,52927.0,53728.0,53182.0,53018.0,54014.0,51391.0,46762.0,0.385,226.0,17.43,0.6,3.512,2.0,-1.0,13.5,0.027,0.223,3.0,2.0,0.0,0.0,28.57,28.43,27.91,28.28,28.23,30.25,28.21,28.5,28.13,41.46
2016-07-25 20:31:00-05:00,-8.316304,-3.3062484,572368,30.05,0.0,0.218,29.57,2.945,,,,,,,,,,,-2147484000.0,,,,-7999.0,-7999.0,-7999.0,-7999.0,-7999.0,-7999.0,-7999.0,-7999.0,29.11,27.98,-0.038,0.0,0.0,0.0,60.0,59.9,74.7,0.0,276.0,275.0,277.0,0.0,0.0,0.0,618.0,1440464.0,42582.0,133173.0,1.0,0.979,0.748,0.921,0.007,0.009,0.01,0.01,0.015,0.012,0.013,0.0,0.0,0.0,0.0,0.0,0.0,0.0,52927.0,53728.0,53182.0,53018.0,54014.0,51391.0,46762.0,0.268,209.7,36.38,0.4,3.513,2.0,-1.0,13.5,0.027,0.223,3.0,2.0,0.0,0.0,28.57,28.48,27.89,28.26,28.29,30.25,28.21,28.48,28.13,41.4
2016-07-25 20:32:00-05:00,-8.316304,-3.4183247,572369,30.03,0.0,0.216,29.58,3.245,,,,,,,,,,,-2147484000.0,,,,-7999.0,-7999.0,-7999.0,-7999.0,-7999.0,-7999.0,-7999.0,-7999.0,29.14,28.0,-0.02,0.0,0.0,0.0,60.0,59.9,74.7,0.0,276.0,275.0,277.0,0.0,0.0,0.0,618.0,1440464.0,42582.0,133173.0,1.0,0.979,0.748,0.921,0.007,0.008,0.01,0.011,0.015,0.012,0.014,0.0,0.0,0.0,0.0,0.0,0.0,0.0,52927.0,53728.0,53182.0,53018.0,54014.0,51391.0,46762.0,0.335,206.4,45.99,0.5,3.512,2.0,-1.0,13.5,0.027,0.223,3.0,2.0,0.0,0.0,28.57,28.48,27.87,28.23,28.3,30.29,28.19,28.5,28.13,41.4
2016-07-25 20:33:00-05:00,-8.316304,-3.3062484,572370,30.02,0.0,0.217,29.55,3.663,,,,,,,,,,,-2147484000.0,,,,-7999.0,-7999.0,-7999.0,-7999.0,-7999.0,-7999.0,-7999.0,-7999.0,29.13,28.03,-0.011,0.0,0.0,0.0,60.0,59.9,74.7,0.0,276.2,275.3,277.0,0.0,0.0,0.0,618.0,1440464.0,42582.0,133173.0,1.0,0.979,0.748,0.921,0.007,0.009,0.011,0.012,0.014,0.013,0.013,0.0,0.0,0.0,0.0,0.0,0.0,0.0,52927.0,53728.0,53182.0,53018.0,54014.0,51391.0,46762.0,0.74,288.5,35.25,1.2,3.513,2.0,-1.0,13.5,0.027,0.223,3.0,2.0,0.0,0.0,28.57,28.47,27.97,28.26,28.31,30.35,28.22,28.6,28.16,41.4
2016-07-25 20:34:00-05:00,-8.316304,-3.0820959,572371,30.02,0.0,0.223,29.55,4.229,,,,,,,,,,,-2147484000.0,,,,-7999.0,-7999.0,-7999.0,-7999.0,-7999.0,-7999.0,-7999.0,-7999.0,29.14,28.01,-0.018,0.0,0.0,0.0,60.0,59.9,74.7,0.0,276.4,275.5,277.1,0.0,0.0,0.0,618.0,1440464.0,42582.0,133173.0,1.0,0.979,0.748,0.921,0.006,0.009,0.01,0.011,0.014,0.012,0.013,0.0,0.0,0.0,0.0,0.0,0.0,0.0,52927.0,53728.0,53182.0,53018.0,54014.0,51391.0,46762.0,0.783,228.0,23.09,1.1,3.512,2.0,-1.0,13.5,0.027,0.223,3.0,2.0,0.0,0.0,28.57,28.46,28.01,28.26,28.33,30.27,28.28,28.61,28.22,41.32
2016-07-25 20:35:00-05:00,-8.316304,-3.0820959,572372,30.05,0.0,0.224,29.55,4.808,,,,,,,,,,,-2147484000.0,,,,-7999.0,-7999.0,-7999.0,-7999.0,-7999.0,-7999.0,-7999.0,-7999.0,29.13,28.05,-0.033,0.0,0.0,0.0,60.0,59.9,74.7,0.0,276.2,275.2,277.0,0.0,0.0,0.0,618.0,1440464.0,42582.0,133173.0,1.0,0.979,0.748,0.921,0.007,0.008,0.009,0.012,0.015,0.012,0.014,0.0,0.0,0.0,0.0,0.0,0.0,0.0,52927.0,53728.0,53182.0,53018.0,54014.0,51391.0,46762.0,0.85,257.2,41.93,1.8,3.512,2.0,-1.0,13.5,0.027,0.223,3.0,2.0,0.0,0.0,28.59,28.46,28.01,28.3,28.34,30.27,28.29,28.63,28.22,41.3
2016-07-25 20:36:00-05:00,-8.078695,-2.7458675,572373,30.03,0.0,0.225,29.64,5.26,,,,,,,,,,,-2147484000.0,,,,-7999.0,-7999.0,-7999.0,-7999.0,-7999.0,-7999.0,-7999.0,-7999.0,29.21,28.11,-0.037,0.0,0.0,0.0,60.0,59.9,74.7,0.0,275.1,273.8,275.7,0.0,0.0,0.0,618.0,1440464.0,42582.0,133173.0,1.0,0.979,0.748,0.921,0.007,0.008,0.01,0.011,0.014,0.013,0.014,0.0,0.0,0.0,0.0,0.0,0.0,0.0,52927.0,53728.0,53182.0,53018.0,54014.0,51391.0,46762.0,1.147,251.3,23.07,2.2,3.512,2.0,-1.0,13.5,0.027,0.223,3.0,2.0,0.0,0.0,28.67,28.52,28.08,28.4,28.41,30.35,28.39,28.68,28.31,41.3
2016-07-25 20:37:00-05:00,-7.841087,-2.6337912,572374,30.03,0.0,0.225,29.66,5.666,,,,,,,,,,,-2147484000.0,,,,-7999.0,-7999.0,-7999.0,-7999.0,-7999.0,-7999.0,-7999.0,-7999.0,29.22,28.16,-0.036,0.0,0.0,0.0,60.0,59.9,74.7,0.0,274.7,273.2,275.0,0.0,0.0,0.0,618.0,1440464.0,42582.0,133173.0,1.0,0.979,0.748,0.921,0.006,0.008,0.011,0.012,0.015,0.012,0.012,0.0,0.0,0.0,0.0,0.0,0.0,0.0,52927.0,53728.0,53182.0,53018.0,54014.0,51391.0,46762.0,0.968,233.2,26.67,1.6,3.512,2.0,-1.0,13.5,0.027,0.223,3.0,2.0,0.0,0.0,28.67,28.56,28.1,28.38,28.44,30.35,28.4,28.71,28.32,41.22
2016-07-25 20:38:00-05:00,-7.484674,-2.6337912,572375,30.04,0.0,0.226,29.61,5.974,,,,,,,,,,,-2147484000.0,,,,-7999.0,-7999.0,-7999.0,-7999.0,-7999.0,-7999.0,-7999.0,-7999.0,29.2,28.17,-0.037,0.0,0.0,0.0,60.0,59.9,74.7,0.0,274.7,273.1,275.0,0.0,0.0,0.0,618.0,1440464.0,42582.0,133173.0,1.0,0.979,0.748,0.921,0.007,0.008,0.009,0.011,0.014,0.012,0.014,0.0,0.0,0.0,0.0,0.0,0.0,0.0,52927.0,53728.0,53182.0,53018.0,54014.0,51391.0,46762.0,0.632,228.2,40.37,1.2,3.512,2.0,-1.0,13.5,0.027,0.223,3.0,2.0,0.0,0.0,28.75,28.56,28.09,28.41,28.48,30.35,28.47,28.75,28.42,41.18
2016-07-25 20:39:00-05:00,-7.484674,-2.6337912,572376,30.05,0.0,0.226,29.59,6.129,,,,,,,,,,,-2147484000.0,,,,-7999.0,-7999.0,-7999.0,-7999.0,-7999.0,-7999.0,-7999.0,-7999.0,29.2,28.21,-0.038,0.0,0.0,0.0,60.0,59.9,74.7,0.0,274.2,273.0,275.0,0.0,0.0,0.0,618.0,1440464.0,42582.0,133173.0,1.0,0.979,0.748,0.921,0.007,0.009,0.01,0.012,0.015,0.012,0.014,0.0,0.0,0.0,0.0,0.0,0.0,0.0,52927.0,53728.0,53182.0,53018.0,54014.0,51391.0,46762.0,1.028,250.1,21.56,1.5,3.512,2.0,-1.0,13.5,0.026,0.223,3.0,2.0,0.0,0.0,28.77,28.65,28.2,28.47,28.51,30.45,28.48,28.75,28.42,41.17
2016-07-25 20:40:00-05:00,-7.484674,-2.6337912,572377,30.05,0.0,0.23,29.6,6.426,,,,,,,,,,,-2147484000.0,,,,-7999.0,-7999.0,-7999.0,-7999.0,-7999.0,-7999.0,-7999.0,-7999.0,29.21,28.22,-0.038,0.0,0.0,0.0,60.0,59.9,74.7,0.0,274.2,273.0,275.0,0.0,0.0,0.0,618.0,1440464.0,42582.0,133173.0,1.0,0.979,0.748,0.921,0.007,0.008,0.01,0.011,0.016,0.013,0.013,0.0,0.0,0.0,0.0,0.0,0.0,0.0,52927.0,53728.0,53182.0,53018.0,54014.0,51391.0,46762.0,0.74,262.4,25.18,1.1,3.512,2.0,-1.0,13.5,0.026,0.223,3.0,2.0,0.0,0.0,28.77,28.68,28.2,28.5,28.56,30.45,28.5,28.83,28.42,41.12
2016-07-25 20:41:00-05:00,-7.484674,-2.6337912,572378,30.05,0.0,0.232,29.62,6.265,,,,,,,,,,,-2147484000.0,,,,-7999.0,-7999.0,-7999.0,-7999.0,-7999.0,-7999.0,-7999.0,-7999.0,29.24,28.25,-0.038,0.0,0.0,0.0,60.0,59.9,74.7,0.0,274.0,273.0,275.1,0.0,0.0,0.0,618.0,1440464.0,42582.0,133173.0,1.0,0.979,0.748,0.921,0.007,0.008,0.01,0.011,0.014,0.012,0.013,0.0,0.0,0.0,0.0,0.0,0.0,0.0,52927.0,53728.0,53182.0,53018.0,54014.0,51391.0,46762.0,0.9,251.9,17.21,1.3,3.512,2.0,-1.0,13.5,0.026,0.223,3.0,2.0,0.0,0.0,28.77,28.68,28.2,28.5,28.57,30.45,28.56,28.83,28.42,41.08
2016-07-25 20:42:00-05:00,-7.484674,-2.6337912,572379,30.05,0.0,0.231,29.68,6.226,,,,,,,,,,,-2147484000.0,,,,-7999.0,-7999.0,-7999.0,-7999.0,-7999.0,-7999.0,-7999.0,-7999.0,29.23,28.3,-0.038,0.0,0.0,0.0,60.0,59.9,74.7,0.0,274.3,273.0,275.2,0.0,0.0,0.0,618.0,1440464.0,42582.0,133173.0,1.0,0.979,0.748,0.921,0.007,0.009,0.01,0.011,0.014,0.013,0.012,0.0,0.0,0.0,0.0,0.0,0.0,0.0,52927.0,53728.0,53182.0,53018.0,54014.0,51391.0,46762.0,0.785,257.1,22.01,1.4,3.512,2.0,-1.0,13.5,0.026,0.223,3.0,2.0,0.0,0.0,28.77,28.68,28.2,28.48,28.58,30.48,28.5,28.85,28.44,41.0
2016-07-25 20:43:00-05:00,-7.484674,-2.6337912,572380,30.05,0.0,0.236,29.64,5.778,,,,,,,,,,,-2147484000.0,,,,-7999.0,-7999.0,-7999.0,-7999.0,-7999.0,-7999.0,-7999.0,-7999.0,29.24,28.32,-0.036,0.0,0.0,0.0,60.0,59.9,74.7,0.0,274.8,273.2,275.7,0.0,0.0,0.0,618.0,1440464.0,42582.0,133173.0,1.0,0.979,0.748,0.921,0.007,0.009,0.01,0.011,0.015,0.013,0.014,0.0,0.0,0.0,0.0,0.0,0.0,0.0,52927.0,53728.0,53182.0,53018.0,54014.0,51391.0,46762.0,1.057,282.8,16.31,1.6,3.512,2.0,-1.0,13.5,0.026,0.223,3.0,2.0,0.0,0.0,28.82,28.78,28.22,28.54,28.62,30.55,28.57,28.93,28.48,41.0
2016-07-25 20:44:00-05:00,-7.484674,-2.6337912,572381,30.05,0.0,0.238,29.67,5.4,,,,,,,,,,,-2147484000.0,,,,-7999.0,-7999.0,-7999.0,-7999.0,-7999.0,-7999.0,-7999.0,-7999.0,29.31,28.4,-0.037,0.0,0.0,0.0,60.0,59.9,74.7,0.0,274.3,273.0,275.0,0.0,0.0,0.0,618.0,1440464.0,42582.0,133173.0,1.0,0.979,0.748,0.921,0.007,0.008,0.011,0.011,0.014,0.012,0.013,0.0,0.0,0.0,0.0,0.0,0.0,0.0,52927.0,53728.0,53182.0,53018.0,54014.0,51391.0,46762.0,0.917,291.7,16.11,1.6,3.512,2.0,-1.0,13.5,0.026,0.223,3.0,2.0,0.0,0.0,28.88,28.76,28.3,28.59,28.63,30.56,28.6,28.95,28.52,40.96
2016-07-25 20:45:00-05:00,-7.484674,-2.6337912,572382,30.05,0.0,0.239,29.72,4.89,,,,,,,,,,,-2147484000.0,,,,-7999.0,-7999.0,-7999.0,-7999.0,-7999.0,-7999.0,-7999.0,-7999.0,29.38,28.46,-0.038,0.0,0.0,0.0,60.0,59.9,74.7,0.0,274.8,273.2,275.6,0.0,0.0,0.0,618.0,1440464.0,42582.0,133173.0,1.0,0.979,0.748,0.921,0.007,0.009,0.01,0.012,0.014,0.012,0.013,0.0,0.0,0.0,0.0,0.0,0.0,0.0,52927.0,53728.0,53182.0,53018.0,54014.0,51391.0,46762.0,1.02,306.3,11.32,1.5,3.512,2.0,-1.0,13.5,0.026,0.223,3.0,2.0,0.0,0.0,28.98,28.84,28.3,28.56,28.66,30.64,28.58,28.89,28.53,40.91
2016-07-25 20:46:00-05:00,-7.484674,-2.6337912,572383,30.05,0.0,0.238,29.76,4.395,,,,,,,,,,,-2147484000.0,,,,-7999.0,-7999.0,-7999.0,-7999.0,-7999.0,-7999.0,-7999.0,-7999.0,29.46,28.53,-0.038,0.0,0.0,0.0,60.0,59.9,74.7,0.0,275.4,274.3,276.4,0.0,0.0,0.0,618.0,1440464.0,42582.0,133173.0,1.0,0.979,0.748,0.921,0.008,0.008,0.011,0.01,0.015,0.012,0.013,0.0,0.0,0.0,0.0,0.0,0.0,0.0,52927.0,53728.0,53182.0,53018.0,54014.0,51391.0,46762.0,1.503,347.3,18.29,2.9,3.512,2.0,-1.0,13.5,0.026,0.223,3.0,2.0,0.0,0.0,29.06,28.88,28.37,28.61,28.67,30.68,28.65,29.03,28.6,40.87
2016-07-25 20:47:00-05:00,-7.484674,-2.6337912,572384,30.05,0.0,0.241,29.91,4.01,,,,,,,,,,,-2147484000.0,,,,-7999.0,-7999.0,-7999.0,-7999.0,-7999.0,-7999.0,-7999.0,-7999.0,29.59,28.63,-0.038,0.0,0.0,0.0,60.0,59.9,74.7,0.0,276.0,275.0,277.0,0.0,0.0,0.0,618.0,1440464.0,42582.0,133173.0,1.0,0.979,0.748,0.921,0.007,0.008,0.011,0.011,0.014,0.012,0.013,0.0,0.0,0.0,0.0,0.0,0.0,0.0,52927.0,53728.0,53182.0,53018.0,54014.0,51391.0,46762.0,2.58,12.68,10.17,3.6,3.512,2.0,-1.0,13.5,0.026,0.223,3.0,2.0,0.0,0.0,29.08,28.88,28.38,28.67,28.72,30.73,28.71,29.02,28.7,40.87
2016-07-25 20:48:00-05:00,-7.484674,-2.6337912,572385,30.05,0.0,0.236,29.98,3.675,,,,,,,,,,,-2147484000.0,,,,-7999.0,-7999.0,-7999.0,-7999.0,-7999.0,-7999.0,-7999.0,-7999.0,29.7,28.7,-0.037,0.0,0.0,0.0,60.0,59.9,74.7,0.0,276.0,275.0,277.0,0.0,0.0,0.0,618.0,1440464.0,42582.0,133173.0,1.0,0.979,0.748,0.921,0.006,0.008,0.011,0.011,0.015,0.012,0.013,0.0,0.0,0.0,0.0,0.0,0.0,0.0,52927.0,53728.0,53182.0,53018.0,54014.0,51391.0,46762.0,1.368,11.67,23.96,2.9,3.512,2.0,-1.0,13.5,0.026,0.223,3.0,2.0,0.0,0.0,29.14,28.88,28.4,28.69,28.85,30.74,28.68,29.11,28.81,40.79
2016-07-25 20:49:00-05:00,-7.484674,-2.6337912,572386,30.05,0.0,0.233,29.94,3.444,,,,,,,,,,,-2147484000.0,,,,-7999.0,-7999.0,-7999.0,-7999.0,-7999.0,-7999.0,-7999.0,-7999.0,29.61,28.75,-0.038,0.0,0.0,0.0,60.0,59.9,74.7,0.0,276.0,275.0,277.0,0.0,0.0,0.0,618.0,1440464.0,42582.0,133173.0,1.0,0.979,0.748,0.921,0.007,0.008,0.011,0.012,0.015,0.011,0.013,0.0,0.0,0.0,0.0,0.0,0.0,0.0,52927.0,53728.0,53182.0,53018.0,54014.0,51391.0,46762.0,1.07,20.73,32.55,2.2,3.512,2.0,-1.0,13.5,0.026,0.223,3.0,2.0,0.0,0.0,29.16,28.94,28.4,28.63,28.8,30.66,28.7,29.03,28.75,40.75
2016-07-25 20:50:00-05:00,-7.603478,-2.6337912,572387,30.05,0.0,0.232,29.91,3.109,,,,,,,,,,,-2147484000.0,,,,-7999.0,-7999.0,-7999.0,-7999.0,-7999.0,-7999.0,-7999.0,-7999.0,29.59,28.75,-0.037,0.0,0.0,0.0,60.0,59.9,74.7,0.0,276.0,275.0,277.0,0.0,0.0,0.0,618.0,1440464.0,42582.0,133173.0,1.0,0.979,0.748,0.921,0.007,0.008,0.01,0.011,0.016,0.011,0.013,0.0,0.0,0.0,0.0,0.0,0.0,0.0,52927.0,53728.0,53182.0,53018.0,54014.0,51391.0,46762.0,0.998,22.77,38.73,1.8,3.513,2.0,-1.0,13.5,0.026,0.223,3.0,2.0,0.0,0.0,29.16,28.88,28.4,28.69,28.8,30.64,28.72,29.03,28.71,40.67
2016-07-25 20:51:00-05:00,-8.078695,-2.9700198,572388,30.05,0.0,0.232,29.97,2.804,,,,,,,,,,,-2147484000.0,,,,-7999.0,-7999.0,-7999.0,-7999.0,-7999.0,-7999.0,-7999.0,-7999.0,29.64,28.75,-0.038,0.0,0.0,0.0,60.0,59.9,74.7,0.0,276.0,275.0,277.0,0.0,0.0,0.0,618.0,1440464.0,42582.0,133173.0,1.0,0.979,0.748,0.921,0.007,0.008,0.01,0.011,0.014,0.011,0.013,0.0,0.0,0.0,0.0,0.0,0.0,0.0,52927.0,53728.0,53182.0,53018.0,54014.0,51391.0,46762.0,1.713,48.32,35.28,3.2,3.512,2.0,-1.0,13.5,0.026,0.223,3.0,2.0,0.0,0.0,29.16,28.88,28.37,28.61,28.75,30.63,28.71,29.01,28.71,40.66
2016-07-25 20:52:00-05:00,-8.316304,-3.0820959,572389,30.05,0.0,0.231,29.89,2.566,,,,,,,,,,,-2147484000.0,,,,-7999.0,-7999.0,-7999.0,-7999.0,-7999.0,-7999.0,-7999.0,-7999.0,29.54,28.72,-0.037,0.0,0.0,0.0,60.0,59.9,74.7,0.0,276.0,275.0,277.0,0.0,0.0,0.0,618.0,1440464.0,42582.0,133173.0,1.0,0.979,0.748,0.921,0.007,0.008,0.01,0.011,0.015,0.012,0.013,0.0,0.0,0.0,0.0,0.0,0.0,0.0,52927.0,53728.0,53182.0,53018.0,54014.0,51391.0,46762.0,1.38,35.38,29.46,2.2,3.512,2.0,-1.0,13.5,0.026,0.223,3.0,2.0,0.0,0.0,29.16,28.88,28.4,28.68,28.86,30.64,28.68,29.01,28.71,40.52
2016-07-25 20:53:00-05:00,-8.316304,-3.0820959,572390,30.05,0.0,0.23,29.93,2.563,,,,,,,,,,,-2147484000.0,,,,-7999.0,-7999.0,-7999.0,-7999.0,-7999.0,-7999.0,-7999.0,-7999.0,29.58,28.71,-0.038,0.0,0.0,0.0,60.0,59.9,74.7,0.0,276.0,275.0,277.0,0.0,0.0,0.0,618.0,1440464.0,42582.0,133173.0,1.0,0.979,0.748,0.921,0.007,0.009,0.01,0.011,0.014,0.012,0.013,0.0,0.0,0.0,0.0,0.0,0.0,0.0,52927.0,53728.0,53182.0,53018.0,54014.0,51391.0,46762.0,0.838,52.34,33.55,1.9,3.512,2.0,-1.0,13.5,0.026,0.223,3.0,2.0,0.0,0.0,29.16,28.88,28.31,28.64,28.89,30.6,28.68,29.03,28.71,40.61
2016-07-25 20:54:00-05:00,-8.316304,-3.1941724,572391,30.05,0.0,0.226,29.91,2.434,,,,,,,,,,,-2147484000.0,,,,-7999.0,-7999.0,-7999.0,-7999.0,-7999.0,-7999.0,-7999.0,-7999.0,29.55,28.69,-0.038,0.0,0.0,0.0,60.0,59.9,74.7,0.0,276.0,275.0,277.0,0.0,0.0,0.0,618.0,1440464.0,42582.0,133173.0,1.0,0.979,0.748,0.921,0.006,0.008,0.01,0.011,0.015,0.012,0.013,0.0,0.0,0.0,0.0,0.0,0.0,0.0,52927.0,53728.0,53182.0,53018.0,54014.0,51391.0,46762.0,0.703,103.9,16.58,1.0,3.513,2.0,-1.0,13.5,0.026,0.223,3.0,2.0,0.0,0.0,29.12,28.86,28.28,28.57,28.82,30.55,28.65,28.93,28.67,40.55
2016-07-25 20:55:00-05:00,-8.316304,-3.4183247,572392,30.05,0.0,0.231,29.87,2.294,,,,,,,,,,,-2147484000.0,,,,-7999.0,-7999.0,-7999.0,-7999.0,-7999.0,-7999.0,-7999.0,-7999.0,29.48,28.6,-0.038,0.0,0.0,0.0,60.0,59.9,74.7,0.0,276.2,275.7,277.0,0.0,0.0,0.0,618.0,1440464.0,42582.0,133173.0,1.0,0.979,0.748,0.921,0.007,0.008,0.01,0.011,0.014,0.012,0.013,0.0,0.0,0.0,0.0,0.0,0.0,0.0,52927.0,53728.0,53182.0,53018.0,54014.0,51391.0,46762.0,0.492,123.2,42.37,0.7,3.513,2.0,-1.0,13.5,0.026,0.223,3.0,2.0,0.0,0.0,29.04,28.8,28.25,28.54,28.69,30.53,28.58,28.91,28.61,40.45
2016-07-25 20:56:00-05:00,-8.435108,-3.4183247,572393,30.05,0.0,0.231,29.84,2.285,,,,,,,,,,,-2147484000.0,,,,-7999.0,-7999.0,-7999.0,-7999.0,-7999.0,-7999.0,-7999.0,-7999.0,29.45,28.53,-0.038,0.0,0.0,0.0,60.0,59.9,74.7,0.0,275.5,274.6,276.5,0.0,0.0,0.0,618.0,1440464.0,42582.0,133173.0,1.0,0.979,0.748,0.921,0.007,0.009,0.01,0.011,0.014,0.012,0.013,0.0,0.0,0.0,0.0,0.0,0.0,0.0,52927.0,53728.0,53182.0,53018.0,54014.0,51391.0,46762.0,0.482,177.7,14.39,0.7,3.512,2.0,-1.0,13.5,0.026,0.222,3.0,2.0,0.0,0.0,28.96,28.78,28.2,28.54,28.62,30.45,28.53,28.85,28.58,40.39
2016-07-25 20:57:00-05:00,-8.910326,-3.4183247,572394,30.05,0.0,0.232,29.83,2.058,,,,,,,,,,,-2147484000.0,,,,-7999.0,-7999.0,-7999.0,-7999.0,-7999.0,-7999.0,-7999.0,-7999.0,29.43,28.47,-0.037,0.0,0.0,0.0,60.0,59.9,74.7,0.0,275.0,274.0,276.0,0.0,0.0,0.0,618.0,1440464.0,42582.0,133173.0,1.0,0.979,0.748,0.921,0.007,0.008,0.01,0.011,0.014,0.012,0.013,0.0,0.0,0.0,0.0,0.0,0.0,0.0,52927.0,53728.0,53182.0,53018.0,54014.0,51391.0,46762.0,0.207,210.4,29.82,0.3,3.513,2.0,-1.0,13.5,0.026,0.223,3.0,2.0,0.0,0.0,28.93,28.76,28.19,28.5,28.64,30.43,28.5,28.8,28.52,40.34
2016-07-25 20:58:00-05:00,-9.147935,-3.4183247,572395,30.05,0.0,0.236,29.81,2.024,,,,,,,,,,,-2147484000.0,,,,-7999.0,-7999.0,-7999.0,-7999.0,-7999.0,-7999.0,-7999.0,-7999.0,29.45,28.42,-0.037,0.0,0.0,0.0,60.0,59.9,74.7,0.0,275.0,274.0,276.0,0.0,0.0,0.0,618.0,1440464.0,42582.0,133173.0,1.0,0.979,0.748,0.921,0.006,0.008,0.01,0.011,0.014,0.011,0.012,0.0,0.0,0.0,0.0,0.0,0.0,0.0,52927.0,53728.0,53182.0,53018.0,54014.0,51391.0,46762.0,0.153,286.6,36.59,0.3,3.512,2.0,-1.0,13.5,0.025,0.222,3.0,2.0,0.0,0.0,28.86,28.68,28.15,28.48,28.54,30.43,28.56,28.8,28.43,40.31
2016-07-25 20:59:00-05:00,-9.147935,-3.4183247,572396,30.05,0.0,0.234,29.83,1.994,,,,,,,,,,,-2147484000.0,,,,-7999.0,-7999.0,-7999.0,-7999.0,-7999.0,-7999.0,-7999.0,-7999.0,29.45,28.43,-0.037,0.0,0.0,0.0,60.0,59.9,74.7,0.0,275.0,274.0,276.0,0.0,0.0,0.0,618.0,1440464.0,42582.0,133173.0,1.0,0.979,0.748,0.921,0.007,0.008,0.01,0.01,0.014,0.013,0.012,0.0,0.0,0.0,0.0,0.0,0.0,0.0,52927.0,53728.0,53182.0,53018.0,54014.0,51391.0,46762.0,0.392,283.4,28.4,1.0,3.512,2.0,-1.0,13.51,0.025,0.222,3.0,2.0,0.0,0.0,28.96,28.66,28.1,28.41,28.56,30.37,28.42,28.74,28.42,40.23
2016-07-25 21:00:00-05:00,-9.147935,-3.4183247,572397,30.04,0.0,0.234,29.7,1.81,,,,,,,,,,,-2147484000.0,,,,-7999.0,-7999.0,-7999.0,-7999.0,-7999.0,-7999.0,-7999.0,-7999.0,29.39,28.39,-0.037,0.0,0.0,0.0,60.0,59.9,74.7,0.0,275.0,274.0,276.0,0.0,0.0,0.0,618.0,1440464.0,42582.0,133173.0,1.0,0.979,0.748,0.921,0.006,0.008,0.009,0.011,0.015,0.012,0.012,0.0,0.0,0.0,0.0,0.0,0.0,0.0,52927.0,53728.0,53182.0,53018.0,54014.0,51391.0,46762.0,0.863,297.3,11.77,1.2,3.512,2.0,-1.0,13.5,0.025,0.222,3.0,2.0,0.0,0.0,28.86,28.58,28.09,28.34,28.53,30.35,28.4,28.67,28.39,40.25
2016-07-25 21:01:00-05:00,-9.266739,-3.4183247,572398,30.02,0.0,0.233,29.61,1.764,,,,,,,,,,,-2147484000.0,,,,-7999.0,-7999.0,-7999.0,-7999.0,-7999.0,-7999.0,-7999.0,-7999.0,29.28,28.3,-0.038,0.0,0.0,0.0,60.0,59.9,74.7,0.0,275.2,274.4,276.0,0.0,0.0,0.0,618.0,1440464.0,42582.0,133173.0,1.0,0.979,0.748,0.921,0.006,0.008,0.01,0.011,0.015,0.011,0.012,0.0,0.0,0.0,0.0,0.0,0.0,0.0,52927.0,53728.0,53182.0,53018.0,54014.0,51391.0,46762.0,0.588,295.2,14.75,0.9,3.512,2.0,-1.0,13.5,0.025,0.222,3.0,2.0,0.0,0.0,28.8,28.56,28.04,28.28,28.46,30.29,28.32,28.62,28.32,40.16
2016-07-25 21:02:00-05:00,-9.504348,-3.6424768,572399,30.02,0.0,0.232,29.59,1.736,,,,,,,,,,,-2147484000.0,,,,-7999.0,-7999.0,-7999.0,-7999.0,-7999.0,-7999.0,-7999.0,-7999.0,29.24,28.27,-0.038,0.0,0.0,0.0,60.0,59.9,74.7,0.0,275.2,274.3,276.0,0.0,0.0,0.0,618.0,1440464.0,42582.0,133173.0,1.0,0.979,0.748,0.921,0.008,0.008,0.01,0.011,0.014,0.012,0.012,0.0,0.0,0.0,0.0,0.0,0.0,0.0,52927.0,53728.0,53182.0,53018.0,54014.0,51391.0,46762.0,0.583,264.3,12.44,0.7,3.512,2.0,-1.0,13.5,0.025,0.222,3.0,2.0,0.0,0.0,28.77,28.48,28.01,28.27,28.38,30.24,28.34,28.56,28.26,40.13
2016-07-25 21:03:00-05:00,-9.860761,-3.7545533,572400,30.02,0.0,0.227,29.67,1.619,,,,,,,,,,,-2147484000.0,,,,-7999.0,-7999.0,-7999.0,-7999.0,-7999.0,-7999.0,-7999.0,-7999.0,29.28,28.23,-0.038,0.0,0.0,0.0,60.0,59.9,74.7,0.0,275.0,274.0,276.0,0.0,0.0,0.0,618.0,1440464.0,42582.0,133173.0,1.0,0.979,0.748,0.921,0.007,0.008,0.01,0.011,0.015,0.012,0.012,0.0,0.0,0.0,0.0,0.0,0.0,0.0,52927.0,53728.0,53182.0,53018.0,54014.0,51391.0,46762.0,,0.0,0.0,,,2.0,-1.0,13.5,0.025,0.222,3.0,2.0,0.0,0.0,28.7,28.48,27.91,28.18,28.31,30.16,28.26,28.48,28.22,40.12
2016-07-25 21:04:00-05:00,-9.979566,-3.978706,572401,30.0,0.0,0.224,29.64,1.48,,,,,,,,,,,-2147484000.0,,,,-7999.0,-7999.0,-7999.0,-7999.0,-7999.0,-7999.0,-7999.0,-7999.0,29.29,28.16,-0.038,0.0,0.0,0.0,60.0,59.9,74.7,0.0,275.0,274.0,276.0,0.0,0.0,0.0,618.0,1440464.0,42582.0,133173.0,1.0,0.979,0.748,0.921,0.007,0.008,0.01,0.011,0.014,0.012,0.013,0.0,0.0,0.0,0.0,0.0,0.0,0.0,52927.0,53728.0,53182.0,53018.0,54014.0,51391.0,46762.0,0.238,204.5,21.49,0.4,3.513,2.0,-1.0,13.5,0.025,0.222,3.0,2.0,0.0,0.0,28.67,28.42,27.84,28.15,28.4,30.09,28.13,28.42,28.16,40.05
2016-07-25 21:05:00-05:00,-9.979566,-4.2028584,572402,29.99,0.0,0.221,29.65,1.349,,,,,,,,,,,-2147484000.0,,,,-7999.0,-7999.0,-7999.0,-7999.0,-7999.0,-7999.0,-7999.0,-7999.0,29.29,28.13,-0.037,0.0,0.0,0.0,60.0,59.9,74.7,0.0,275.0,274.0,276.0,0.0,0.0,0.0,618.0,1440464.0,42582.0,133173.0,1.0,0.979,0.748,0.921,0.007,0.008,0.01,0.011,0.015,0.012,0.014,0.0,0.0,0.0,0.0,0.0,0.0,0.0,52927.0,53728.0,53182.0,53018.0,54014.0,51391.0,46762.0,0.388,156.4,32.15,0.6,3.513,2.0,-1.0,13.5,0.025,0.222,3.0,2.0,0.0,0.0,28.6,28.39,27.81,28.07,28.28,29.93,28.09,28.39,28.04,40.08
2016-07-25 21:06:00-05:00,-10.09837,-4.2028584,572403,30.0,0.0,0.218,29.64,1.096,,,,,,,,,,,-2147484000.0,,,,-7999.0,-7999.0,-7999.0,-7999.0,-7999.0,-7999.0,-7999.0,-7999.0,29.25,28.04,-0.038,0.0,0.0,0.0,60.0,59.9,74.7,0.0,275.8,274.8,276.6,0.0,0.0,0.0,618.0,1440464.0,42582.0,133173.0,1.0,0.979,0.748,0.921,0.005,0.008,0.01,0.01,0.014,0.011,0.013,0.0,0.0,0.0,0.0,0.0,0.0,0.0,52927.0,53728.0,53182.0,53018.0,54014.0,51391.0,46762.0,,0.0,0.0,,,2.0,-1.0,13.5,0.025,0.222,3.0,2.0,0.0,0.0,28.52,28.29,27.73,28.01,28.2,29.96,28.0,28.3,28.02,39.97
2016-07-25 21:07:00-05:00,-10.573587,-4.2028584,572404,29.96,0.0,0.22,29.64,1.011,,,,,,,,,,,-2147484000.0,,,,-7999.0,-7999.0,-7999.0,-7999.0,-7999.0,-7999.0,-7999.0,-7999.0,29.24,27.96,-0.038,0.0,0.0,0.0,60.0,59.9,74.7,0.0,275.1,274.1,276.0,0.0,0.0,0.0,618.0,1440464.0,42582.0,133173.0,1.0,0.979,0.748,0.921,0.007,0.008,0.01,0.011,0.014,0.011,0.012,0.0,0.0,0.0,0.0,0.0,0.0,0.0,52927.0,53728.0,53182.0,53018.0,54014.0,51391.0,46762.0,0.402,198.8,32.9,0.6,3.512,2.0,-1.0,13.5,0.025,0.222,3.0,2.0,0.0,0.0,28.42,28.27,27.68,27.95,28.13,29.93,27.95,28.18,27.93,39.99
2016-07-25 21:08:00-05:00,-10.692391,-4.2028584,572405,29.95,0.0,0.221,29.6,0.81,,,,,,,,,,,-2147484000.0,,,,-7999.0,-7999.0,-7999.0,-7999.0,-7999.0,-7999.0,-7999.0,-7999.0,29.23,27.9,-0.038,0.0,0.0,0.0,60.0,59.9,74.7,0.0,275.0,274.0,276.0,0.0,0.0,0.0,618.0,1440464.0,42582.0,133173.0,1.0,0.979,0.748,0.921,0.006,0.008,0.01,0.011,0.014,0.011,0.012,0.0,0.0,0.0,0.0,0.0,0.0,0.0,52927.0,53728.0,53182.0,53018.0,54014.0,51391.0,46762.0,0.303,201.4,18.55,0.4,3.513,2.0,-1.0,13.5,0.025,0.222,3.0,2.0,0.0,0.0,28.36,28.16,27.58,27.86,28.07,29.83,27.82,28.15,27.87,39.94
2016-07-25 21:09:00-05:00,-10.811195,-4.2028584,572406,29.95,0.0,0.221,29.61,0.775,,,,,,,,,,,-2147484000.0,,,,-7999.0,-7999.0,-7999.0,-7999.0,-7999.0,-7999.0,-7999.0,-7999.0,29.18,27.8,-0.038,0.0,0.0,0.0,60.0,59.9,74.7,0.0,275.0,274.0,276.0,0.0,0.0,0.0,618.0,1440464.0,42582.0,133173.0,1.0,0.979,0.748,0.921,0.006,0.008,0.009,0.011,0.015,0.011,0.013,0.0,0.0,0.0,0.0,0.0,0.0,0.0,52927.0,53728.0,53182.0,53018.0,54014.0,51391.0,46762.0,0.607,229.6,19.93,1.0,3.512,2.0,-1.0,13.5,0.025,0.222,3.0,2.0,0.0,0.0,28.28,28.08,27.49,27.8,27.99,29.83,27.74,28.03,27.77,39.87
2016-07-25 21:10:00-05:00,-11.048804,-4.2028584,572407,29.94,0.0,0.218,29.55,0.562,,,,,,,,,,,-2147484000.0,,,,-7999.0,-7999.0,-7999.0,-7999.0,-7999.0,-7999.0,-7999.0,-7999.0,29.2,27.75,-0.038,0.0,0.0,0.0,60.0,59.9,74.7,0.0,275.2,274.2,276.2,0.0,0.0,0.0,618.0,1440464.0,42582.0,133173.0,1.0,0.979,0.748,0.921,0.007,0.008,0.009,0.012,0.014,0.012,0.012,0.0,0.0,0.0,0.0,0.0,0.0,0.0,52927.0,53728.0,53182.0,53018.0,54014.0,51391.0,46762.0,0.728,245.5,13.63,1.1,3.512,2.0,-1.0,13.5,0.025,0.222,3.0,2.0,0.0,0.0,28.23,28.0,27.42,27.73,27.9,29.72,27.69,27.93,27.67,39.89
2016-07-25 21:11:00-05:00,-11.048804,-4.4270105,572408,29.92,0.0,0.225,29.61,0.579,,,,,,,,,,,-2147484000.0,,,,-7999.0,-7999.0,-7999.0,-7999.0,-7999.0,-7999.0,-7999.0,-7999.0,29.22,27.71,-0.037,0.0,0.0,0.0,60.0,59.9,74.7,0.0,275.9,274.9,276.9,0.0,0.0,0.0,618.0,1440464.0,42582.0,133173.0,1.0,0.979,0.748,0.921,0.006,0.008,0.009,0.011,0.014,0.01,0.012,0.0,0.0,0.0,0.0,0.0,0.0,0.0,52927.0,53728.0,53182.0,53018.0,54014.0,51391.0,46762.0,0.727,261.8,10.25,1.2,3.51,2.0,-1.0,13.5,0.025,0.222,3.0,2.0,0.0,0.0,28.16,27.9,27.32,27.63,27.81,29.67,27.61,27.96,27.61,39.85
2016-07-25 21:12:00-05:00,-10.811195,-4.4270105,572409,29.91,0.0,0.226,29.57,0.54,,,,,,,,,,,-2147484000.0,,,,-7999.0,-7999.0,-7999.0,-7999.0,-7999.0,-7999.0,-7999.0,-7999.0,29.26,27.7,-0.037,0.0,0.0,0.0,60.0,59.9,74.7,0.0,275.1,274.1,276.1,0.0,0.0,0.0,618.0,1440464.0,42582.0,133173.0,1.0,0.979,0.748,0.921,0.006,0.007,0.01,0.01,0.013,0.011,0.012,0.0,0.0,0.0,0.0,0.0,0.0,0.0,52927.0,53728.0,53182.0,53018.0,54014.0,51391.0,46762.0,1.15,259.9,5.809,1.5,3.51,2.0,-1.0,13.5,0.025,0.222,3.0,2.0,0.0,0.0,28.1,27.9,27.29,27.6,27.75,29.6,27.54,27.91,27.54,39.81
2016-07-25 21:13:00-05:00,-10.692391,-4.3149343,572410,29.89,0.0,0.226,29.56,0.54,,,,,,,,,,,-2147484000.0,,,,-7999.0,-7999.0,-7999.0,-7999.0,-7999.0,-7999.0,-7999.0,-7999.0,29.22,27.61,-0.037,0.0,0.0,0.0,60.0,59.9,74.7,0.0,274.0,273.0,275.0,0.0,0.0,0.0,618.0,1440464.0,42582.0,133173.0,1.0,0.979,0.748,0.921,0.007,0.008,0.009,0.01,0.014,0.011,0.011,0.0,0.0,0.0,0.0,0.0,0.0,0.0,52927.0,53728.0,53182.0,53018.0,54014.0,51391.0,46762.0,0.868,265.6,4.761,1.3,3.51,2.0,-1.0,13.5,0.025,0.222,3.0,2.0,0.0,0.0,28.02,27.83,27.23,27.52,27.71,29.52,27.5,27.87,27.44,39.81
2016-07-25 21:14:00-05:00,-10.692391,-4.2028584,572411,29.89,0.0,0.227,29.56,0.534,,,,,,,,,,,-2147484000.0,,,,-7999.0,-7999.0,-7999.0,-7999.0,-7999.0,-7999.0,-7999.0,-7999.0,29.17,27.51,-0.019,0.0,0.0,0.0,60.0,59.9,74.7,0.0,274.0,273.0,275.0,0.0,0.0,0.0,618.0,1440464.0,42582.0,133173.0,1.0,0.979,0.748,0.921,0.007,0.008,0.009,0.01,0.014,0.011,0.012,0.0,0.0,0.0,0.0,0.0,0.0,0.0,52927.0,53728.0,53182.0,53018.0,54014.0,51391.0,46762.0,0.768,278.8,14.02,1.0,3.509,2.0,-1.0,13.5,0.025,0.222,3.0,2.0,0.0,0.0,27.95,27.74,27.14,27.47,27.63,29.37,27.38,27.73,27.34,39.75
2016-07-25 21:15:00-05:00,-10.692391,-4.4270105,572412,29.88,0.0,0.232,29.52,0.506,,,,,,,,,,,-2147484000.0,,,,-7999.0,-7999.0,-7999.0,-7999.0,-7999.0,-7999.0,-7999.0,-7999.0,29.12,27.44,-0.031,0.0,0.0,0.0,60.0,59.9,74.7,0.0,274.0,273.0,275.0,0.0,0.0,0.0,618.0,1440464.0,42582.0,133173.0,1.0,0.979,0.748,0.921,0.007,0.008,0.01,0.011,0.014,0.011,0.012,0.0,0.0,0.0,0.0,0.0,0.0,0.0,52927.0,53728.0,53182.0,53018.0,54014.0,51391.0,46762.0,0.93,290.4,4.081,1.1,3.51,2.0,-1.0,13.5,0.025,0.222,3.0,2.0,0.0,0.0,27.86,27.69,27.08,27.42,27.62,29.37,27.38,27.74,27.28,39.7
2016-07-25 21:16:00-05:00,-10.692391,-4.539087,572413,29.85,0.0,0.235,29.5,0.376,,,,,,,,,,,-2147484000.0,,,,-7999.0,-7999.0,-7999.0,-7999.0,-7999.0,-7999.0,-7999.0,-7999.0,29.07,27.34,-0.037,0.0,0.0,0.0,60.0,59.9,74.7,0.0,274.9,273.9,275.9,0.0,0.0,0.0,618.0,1440464.0,42582.0,133173.0,1.0,0.979,0.748,0.921,0.007,0.008,0.009,0.01,0.014,0.01,0.013,0.0,0.0,0.0,0.0,0.0,0.0,0.0,52927.0,53728.0,53182.0,53018.0,54014.0,51391.0,46762.0,0.637,291.5,7.197,0.8,3.512,2.0,-1.0,13.5,0.025,0.222,3.0,2.0,0.0,0.0,27.79,27.62,27.03,27.32,27.49,29.37,27.23,27.7,27.23,39.69
2016-07-25 21:17:00-05:00,-10.93,-4.651163,572414,29.85,0.0,0.236,29.41,0.295,,,,,,,,,,,-2147484000.0,,,,-7999.0,-7999.0,-7999.0,-7999.0,-7999.0,-7999.0,-7999.0,-7999.0,29.02,27.28,-0.037,0.0,0.0,0.0,60.0,59.9,74.7,0.0,275.0,274.0,276.0,0.0,0.0,0.0,618.0,1440464.0,42582.0,133173.0,1.0,0.979,0.748,0.921,0.006,0.008,0.01,0.011,0.015,0.011,0.012,0.0,0.0,0.0,0.0,0.0,0.0,0.0,52927.0,53728.0,53182.0,53018.0,54014.0,51391.0,46762.0,0.715,300.0,8.6,0.9,3.512,2.0,-1.0,13.5,0.025,0.222,3.0,2.0,0.0,0.0,27.79,27.57,26.98,27.29,27.42,29.37,27.17,27.56,27.15,39.63
2016-07-25 21:18:00-05:00,-11.167608,-4.987392,572415,29.82,0.0,0.235,29.28,0.286,,,,,,,,,,,-2147484000.0,,,,-7999.0,-7999.0,-7999.0,-7999.0,-7999.0,-7999.0,-7999.0,-7999.0,28.91,27.26,-0.038,0.0,0.0,0.0,60.0,59.9,74.7,0.0,275.0,274.0,276.0,0.0,0.0,0.0,618.0,1440464.0,42582.0,133173.0,1.0,0.979,0.748,0.921,0.007,0.008,0.01,0.01,0.014,0.011,0.012,0.0,0.0,0.0,0.0,0.0,0.0,0.0,52927.0,53728.0,53182.0,53018.0,54014.0,51391.0,46762.0,,0.0,0.0,,,2.0,-1.0,13.5,0.025,0.222,3.0,2.0,0.0,0.0,27.75,27.51,26.93,27.23,27.36,29.37,27.18,27.6,27.15,39.62
2016-07-25 21:19:00-05:00,-11.167608,-4.987392,572416,29.82,0.0,0.239,28.91,0.415,,,,,,,,,,,-2147484000.0,,,,-7999.0,-7999.0,-7999.0,-7999.0,-7999.0,-7999.0,-7999.0,-7999.0,28.59,27.17,-0.038,0.0,0.0,0.0,60.0,59.9,74.7,0.0,275.0,274.3,276.0,0.0,0.0,0.0,618.0,1440464.0,42582.0,133173.0,1.0,0.979,0.748,0.921,0.006,0.008,0.009,0.01,0.014,0.011,0.012,0.0,0.0,0.0,0.0,0.0,0.0,0.0,52927.0,53728.0,53182.0,53018.0,54014.0,51391.0,46762.0,,0.0,0.0,,,2.0,-1.0,13.5,0.025,0.222,3.0,2.0,0.0,0.0,27.66,27.46,26.88,27.19,27.3,29.37,27.11,27.51,27.15,39.54
2016-07-25 21:20:00-05:00,-10.93,-4.987392,572417,29.81,0.0,0.238,28.76,0.274,,,,,,,,,,,-2147484000.0,,,,-7999.0,-7999.0,-7999.0,-7999.0,-7999.0,-7999.0,-7999.0,-7999.0,28.46,27.13,-0.038,0.0,0.0,0.0,60.0,59.9,74.7,0.0,275.0,274.5,276.0,0.0,0.0,0.0,618.0,1440464.0,42582.0,133173.0,1.0,0.979,0.748,0.921,0.007,0.009,0.009,0.011,0.014,0.011,0.012,0.0,0.0,0.0,0.0,0.0,0.0,0.0,52927.0,53728.0,53182.0,53018.0,54014.0,51391.0,46762.0,1.108,320.1,13.45,1.5,3.512,2.0,-1.0,13.5,0.025,0.222,3.0,2.0,0.0,0.0,27.6,27.51,26.84,27.13,27.26,29.36,27.08,27.56,27.13,39.52
2016-07-25 21:21:00-05:00,-10.692391,-4.651163,572418,29.81,0.0,0.235,28.94,0.274,,,,,,,,,,,-2147484000.0,,,,-7999.0,-7999.0,-7999.0,-7999.0,-7999.0,-7999.0,-7999.0,-7999.0,28.62,27.16,-0.038,0.0,0.0,0.0,60.0,59.9,74.7,0.0,275.0,274.9,276.0,0.0,0.0,0.0,618.0,1440464.0,42582.0,133173.0,1.0,0.979,0.748,0.921,0.007,0.008,0.009,0.012,0.015,0.011,0.013,0.0,0.0,0.0,0.0,0.0,0.0,0.0,52927.0,53728.0,53182.0,53018.0,54014.0,51391.0,46762.0,0.958,313.4,10.46,1.2,3.512,2.0,-1.0,13.5,0.025,0.222,3.0,2.0,0.0,0.0,27.6,27.51,26.84,27.21,27.3,29.37,27.11,27.62,27.14,39.44
2016-07-25 21:22:00-05:00,-10.692391,-4.539087,572419,29.78,0.0,0.23,28.99,0.279,,,,,,,,,,,-2147484000.0,,,,-7999.0,-7999.0,-7999.0,-7999.0,-7999.0,-7999.0,-7999.0,-7999.0,28.67,27.12,-0.037,0.0,0.0,0.0,60.0,59.9,74.7,0.0,275.0,275.0,276.0,0.0,0.0,0.0,618.0,1440464.0,42582.0,133173.0,1.0,0.979,0.748,0.921,0.007,0.007,0.009,0.01,0.014,0.011,0.011,0.0,0.0,0.0,0.0,0.0,0.0,0.0,52927.0,53728.0,53182.0,53018.0,54014.0,51391.0,46762.0,1.038,304.4,8.74,1.4,3.509,2.0,-1.0,13.5,0.025,0.222,3.0,2.0,0.0,0.0,27.6,27.51,26.84,27.23,27.32,29.44,27.14,27.67,27.15,39.44
2016-07-25 21:23:00-05:00,-10.3359785,-4.3149343,572420,29.78,0.0,0.23,28.95,0.458,,,,,,,,,,,-2147484000.0,,,,-7999.0,-7999.0,-7999.0,-7999.0,-7999.0,-7999.0,-7999.0,-7999.0,28.59,27.06,-0.038,0.0,0.0,0.0,60.0,59.9,74.7,0.0,275.6,275.0,276.6,0.0,0.0,0.0,618.0,1440464.0,42582.0,133173.0,1.0,0.979,0.748,0.921,0.007,0.007,0.009,0.01,0.014,0.011,0.011,0.0,0.0,0.0,0.0,0.0,0.0,0.0,52927.0,53728.0,53182.0,53018.0,54014.0,51391.0,46762.0,1.217,307.5,9.04,1.7,3.51,2.0,-1.0,13.5,0.025,0.222,3.0,2.0,0.0,0.0,27.58,27.51,26.84,27.21,27.26,29.44,27.16,27.71,27.12,39.41
2016-07-25 21:24:00-05:00,-9.979566,-4.2028584,572421,29.75,0.0,0.233,28.99,0.27,,,,,,,,,,,-2147484000.0,,,,-7999.0,-7999.0,-7999.0,-7999.0,-7999.0,-7999.0,-7999.0,-7999.0,28.65,27.05,-0.038,0.0,0.0,0.0,60.0,59.9,74.7,0.0,276.0,275.0,277.0,0.0,0.0,0.0,618.0,1440464.0,42582.0,133173.0,1.0,0.979,0.748,0.921,0.007,0.008,0.009,0.01,0.014,0.01,0.012,0.0,0.0,0.0,0.0,0.0,0.0,0.0,52927.0,53728.0,53182.0,53018.0,54014.0,51391.0,46762.0,1.047,314.1,9.45,1.4,3.51,2.0,-1.0,13.5,0.025,0.222,3.0,2.0,0.0,0.0,27.6,27.51,26.84,27.19,27.23,29.47,27.18,27.7,27.17,39.34
2016-07-25 21:25:00-05:00,-9.979566,-4.2028584,572422,29.73,0.0,0.236,29.09,0.288,,,,,,,,,,,-2147484000.0,,,,-7999.0,-7999.0,-7999.0,-7999.0,-7999.0,-7999.0,-7999.0,-7999.0,28.72,27.08,-0.038,0.0,0.0,0.0,60.0,59.9,74.7,0.0,276.0,275.0,277.0,0.0,0.0,0.0,618.0,1440464.0,42582.0,133173.0,1.0,0.979,0.748,0.921,0.006,0.007,0.009,0.01,0.014,0.011,0.012,0.0,0.0,0.0,0.0,0.0,0.0,0.0,52927.0,53728.0,53182.0,53018.0,54014.0,51391.0,46762.0,1.408,303.3,8.07,1.9,3.51,2.0,-1.0,13.5,0.025,0.222,3.0,2.0,0.0,0.0,27.6,27.48,26.84,27.16,27.24,29.47,27.13,27.71,27.15,39.32
2016-07-25 21:26:00-05:00,-9.979566,-4.2028584,572423,29.72,0.0,0.239,29.12,0.31,,,,,,,,,,,-2147484000.0,,,,-7999.0,-7999.0,-7999.0,-7999.0,-7999.0,-7999.0,-7999.0,-7999.0,28.77,27.12,-0.037,0.0,0.0,0.0,60.0,59.9,74.7,0.0,275.1,274.1,276.1,0.0,0.0,0.0,618.0,1440464.0,42582.0,133173.0,1.0,0.979,0.748,0.921,0.006,0.008,0.009,0.01,0.014,0.011,0.012,0.0,0.0,0.0,0.0,0.0,0.0,0.0,52927.0,53728.0,53182.0,53018.0,54014.0,51391.0,46762.0,1.548,311.5,14.46,2.3,3.51,2.0,-1.0,13.5,0.025,0.222,3.0,2.0,0.0,0.0,27.6,27.54,26.84,27.23,27.31,29.55,27.23,27.7,27.15,39.24
2016-07-25 21:27:00-05:00,-9.979566,-4.2028584,572424,29.69,0.0,0.242,29.17,0.278,,,,,,,,,,,-2147484000.0,,,,-7999.0,-7999.0,-7999.0,-7999.0,-7999.0,-7999.0,-7999.0,-7999.0,28.81,27.23,-0.036,0.0,0.0,0.0,60.0,59.9,74.7,0.0,274.1,273.5,275.1,0.0,0.0,0.0,618.0,1440464.0,42582.0,133173.0,1.0,0.979,0.748,0.921,0.006,0.007,0.009,0.01,0.014,0.011,0.012,0.0,0.0,0.0,0.0,0.0,0.0,0.0,52927.0,53728.0,53182.0,53018.0,54014.0,51391.0,46762.0,,0.0,0.0,,,2.0,-1.0,13.5,0.025,0.222,3.0,2.0,0.0,0.0,27.66,27.61,26.92,27.23,27.32,29.57,27.23,27.73,27.29,39.23
2016-07-25 21:28:00-05:00,-9.979566,-4.2028584,572425,29.67,0.0,0.243,29.27,0.291,,,,,,,,,,,-2147484000.0,,,,-7999.0,-7999.0,-7999.0,-7999.0,-7999.0,-7999.0,-7999.0,-7999.0,28.92,27.42,-0.038,0.0,0.0,0.0,60.0,59.9,74.7,0.0,274.1,273.5,275.0,0.0,0.0,0.0,618.0,1440464.0,42582.0,133173.0,1.0,0.979,0.748,0.921,0.007,0.008,0.009,0.012,0.014,0.011,0.012,0.0,0.0,0.0,0.0,0.0,0.0,0.0,52927.0,53728.0,53182.0,53018.0,54014.0,51391.0,46762.0,1.813,338.4,10.79,2.6,3.512,2.0,-1.0,13.5,0.025,0.222,3.0,2.0,0.0,0.0,27.86,27.67,26.93,27.26,27.32,29.6,27.23,27.76,27.25,39.16
2016-07-25 21:29:00-05:00,-9.979566,-4.2028584,572426,29.65,0.0,0.245,29.37,0.279,,,,,,,,,,,-2147484000.0,,,,-7999.0,-7999.0,-7999.0,-7999.0,-7999.0,-7999.0,-7999.0,-7999.0,29.02,27.51,-0.038,0.0,0.0,0.0,60.0,59.9,74.7,0.0,274.8,273.9,275.3,0.0,0.0,0.0,618.0,1440464.0,42582.0,133173.0,1.0,0.979,0.748,0.921,0.006,0.007,0.009,0.011,0.014,0.011,0.011,0.0,0.0,0.0,0.0,0.0,0.0,0.0,52927.0,53728.0,53182.0,53018.0,54014.0,51391.0,46762.0,1.287,316.3,11.88,1.6,3.512,2.0,-1.0,13.5,0.025,0.222,3.0,2.0,0.0,0.0,27.97,27.7,26.93,27.31,27.32,29.57,27.23,27.73,27.25,39.09
2016-07-25 21:30:00-05:00,-9.979566,-4.2028584,572427,29.63,0.0,0.246,29.36,0.28,,,,,,,,,,,-2147484000.0,,,,-7999.0,-7999.0,-7999.0,-7999.0,-7999.0,-7999.0,-7999.0,-7999.0,29.0,27.54,-0.038,0.0,0.0,0.0,60.0,59.9,74.7,0.0,275.0,274.0,275.6,0.0,0.0,0.0,618.0,1440464.0,42582.0,133173.0,1.0,0.979,0.748,0.921,0.007,0.008,0.009,0.011,0.014,0.011,0.012,0.0,0.0,0.0,0.0,0.0,0.0,0.0,52927.0,53728.0,53182.0,53018.0,54014.0,51391.0,46762.0,1.138,317.7,10.51,1.8,3.51,2.0,-1.0,13.5,0.024,0.222,3.0,2.0,0.0,0.0,28.04,27.7,26.93,27.24,27.31,29.57,27.28,27.71,27.25,39.05
2016-07-25 21:31:00-05:00,-9.979566,-4.2028584,572428,29.62,0.0,0.248,29.35,0.345,,,,,,,,,,,-2147484000.0,,,,-7999.0,-7999.0,-7999.0,-7999.0,-7999.0,-7999.0,-7999.0,-7999.0,29.03,27.61,-0.038,0.0,0.0,0.0,60.0,59.9,74.7,0.0,275.0,274.0,276.0,0.0,0.0,0.0,618.0,1440464.0,42582.0,133173.0,1.0,0.979,0.748,0.921,0.005,0.008,0.01,0.01,0.014,0.01,0.012,0.0,0.0,0.0,0.0,0.0,0.0,0.0,52927.0,53728.0,53182.0,53018.0,54014.0,51391.0,46762.0,1.237,301.5,16.21,1.9,3.51,2.0,-1.0,13.5,0.027,0.222,3.0,2.0,0.0,0.0,28.15,27.7,26.93,27.23,27.32,29.57,27.23,27.71,27.27,39.05
2016-07-25 21:32:00-05:00,-9.979566,-4.2028584,572429,29.59,0.0,0.249,29.29,0.277,,,,,,,,,,,-2147484000.0,,,,-7999.0,-7999.0,-7999.0,-7999.0,-7999.0,-7999.0,-7999.0,-7999.0,28.98,27.56,-0.038,0.0,0.0,0.0,60.0,59.9,74.7,0.0,275.0,274.0,276.0,0.0,0.0,0.0,618.0,1440464.0,42582.0,133173.0,1.0,0.979,0.748,0.921,0.006,0.008,0.009,0.009,0.014,0.011,0.012,0.0,0.0,0.0,0.0,0.0,0.0,0.0,52927.0,53728.0,53182.0,53018.0,54014.0,51391.0,46762.0,,0.0,0.0,,,2.5,-1.0,13.54,0.059,0.222,3.0,2.0,0.0,0.0,28.1,27.7,26.93,27.28,27.32,29.57,27.31,27.75,27.2,38.95
2016-07-25 21:33:00-05:00,-9.979566,-4.2028584,572430,29.58,0.0,0.249,29.33,0.287,,,,,,,,,,,-2147484000.0,,,,-7999.0,-7999.0,-7999.0,-7999.0,-7999.0,-7999.0,-7999.0,-7999.0,28.98,27.58,-0.036,0.0,0.0,0.0,60.0,59.9,74.7,0.0,275.0,274.0,276.0,0.0,0.0,0.0,618.0,1440464.0,42582.0,133173.0,1.0,0.979,0.748,0.921,0.007,0.008,0.009,0.01,0.014,0.011,0.012,0.0,0.0,0.0,0.0,0.0,0.0,0.0,52927.0,53728.0,53182.0,53018.0,54014.0,51391.0,46762.0,1.197,314.0,11.64,1.8,3.512,2.0,-1.0,13.54,0.029,0.222,3.0,2.0,0.0,0.0,28.1,27.7,26.92,27.26,27.32,29.57,27.32,27.78,27.23,38.95
2016-07-25 21:34:00-05:00,-9.979566,-4.2028584,572431,29.53,0.0,0.25,29.32,0.291,,,,,,,,,,,-2147484000.0,,,,-7999.0,-7999.0,-7999.0,-7999.0,-7999.0,-7999.0,-7999.0,-7999.0,28.95,27.61,-0.038,0.0,0.0,0.0,60.0,59.9,74.7,0.0,275.0,274.0,276.0,0.0,0.0,0.0,618.0,1440464.0,42582.0,133173.0,1.0,0.979,0.748,0.921,0.006,0.008,0.009,0.01,0.014,0.011,0.012,0.0,0.0,0.0,0.0,0.0,0.0,0.0,52927.0,53728.0,53182.0,53018.0,54014.0,51391.0,46762.0,1.235,311.9,10.09,1.7,3.51,2.0,-1.0,13.54,0.027,0.222,3.0,2.0,0.0,0.0,28.15,27.64,26.93,27.24,27.32,29.57,27.32,27.78,27.25,38.86
2016-07-25 21:35:00-05:00,-9.979566,-4.2028584,572432,29.51,0.0,0.246,29.29,0.282,,,,,,,,,,,-2147484000.0,,,,-7999.0,-7999.0,-7999.0,-7999.0,-7999.0,-7999.0,-7999.0,-7999.0,28.95,27.61,-0.038,0.0,0.0,0.0,60.0,59.9,74.7,0.0,275.0,274.0,276.0,0.0,0.0,0.0,618.0,1440464.0,42582.0,133173.0,1.0,0.979,0.748,0.921,0.007,0.007,0.009,0.01,0.014,0.011,0.011,0.0,0.0,0.0,0.0,0.0,0.0,0.0,52927.0,53728.0,53182.0,53018.0,54014.0,51391.0,46762.0,0.755,330.7,15.56,1.1,3.512,2.0,-1.0,13.54,0.027,0.222,3.0,2.0,0.0,0.0,28.12,27.62,26.88,27.23,27.32,29.57,27.31,27.71,27.21,38.85
2016-07-25 21:36:00-05:00,-9.979566,-4.2028584,572433,29.48,0.0,0.244,29.24,0.307,,,,,,,,,,,-2147484000.0,,,,-7999.0,-7999.0,-7999.0,-7999.0,-7999.0,-7999.0,-7999.0,-7999.0,28.89,27.56,-0.037,0.0,0.0,0.0,60.0,59.9,74.7,0.0,275.0,274.0,276.0,0.0,0.0,0.0,618.0,1440464.0,42582.0,133173.0,1.0,0.979,0.748,0.921,0.006,0.008,0.01,0.009,0.014,0.011,0.011,0.0,0.0,0.0,0.0,0.0,0.0,0.0,52927.0,53728.0,53182.0,53018.0,54014.0,51391.0,46762.0,1.167,316.4,14.95,1.7,3.51,2.0,-1.0,13.54,0.026,0.222,3.0,2.0,0.0,0.0,28.08,27.61,26.84,27.23,27.32,29.56,27.28,27.71,27.28,38.79
2016-07-25 21:37:00-05:00,-10.217174,-4.2028584,572434,29.48,0.0,0.242,29.2,0.292,,,,,,,,,,,-2147484000.0,,,,-7999.0,-7999.0,-7999.0,-7999.0,-7999.0,-7999.0,-7999.0,-7999.0,28.89,27.56,-0.038,0.0,0.0,0.0,60.0,59.9,74.7,0.0,275.0,274.0,276.0,0.0,0.0,0.0,618.0,1440464.0,42582.0,133173.0,1.0,0.979,0.748,0.921,0.007,0.008,0.009,0.009,0.014,0.01,0.012,0.0,0.0,0.0,0.0,0.0,0.0,0.0,52927.0,53728.0,53182.0,53018.0,54014.0,51391.0,46762.0,1.092,311.0,16.15,1.7,3.51,2.0,-1.0,13.54,0.026,0.222,3.0,2.0,0.0,0.0,28.08,27.61,26.84,27.21,27.23,29.49,27.23,27.62,27.2,38.75
2016-07-25 21:38:00-05:00,-10.4547825,-4.2028584,572435,29.45,0.0,0.24,29.2,0.31,,,,,,,,,,,-2147484000.0,,,,-7999.0,-7999.0,-7999.0,-7999.0,-7999.0,-7999.0,-7999.0,-7999.0,28.87,27.54,-0.038,0.0,0.0,0.0,60.0,59.9,74.7,0.0,275.9,274.6,276.0,0.0,0.0,0.0,618.0,1440464.0,42582.0,133173.0,1.0,0.979,0.748,0.921,0.007,0.008,0.009,0.01,0.014,0.011,0.011,0.0,0.0,0.0,0.0,0.0,0.0,0.0,52927.0,53728.0,53182.0,53018.0,54014.0,51391.0,46762.0,0.642,334.4,40.8,1.3,3.512,2.0,-1.0,13.54,0.026,0.222,3.0,2.0,0.0,0.0,28.0,27.61,26.84,27.13,27.23,29.49,27.18,27.62,27.18,38.65
2016-07-25 21:39:00-05:00,-10.692391,-4.4270105,572436,29.45,0.0,0.242,29.23,0.298,,,,,,,,,,,-2147484000.0,,,,-7999.0,-7999.0,-7999.0,-7999.0,-7999.0,-7999.0,-7999.0,-7999.0,28.88,27.55,-0.038,0.0,0.0,0.0,60.0,59.9,74.7,0.0,275.9,274.9,276.0,0.0,0.0,0.0,618.0,1440464.0,42582.0,133173.0,1.0,0.979,0.748,0.921,0.006,0.008,0.009,0.011,0.014,0.011,0.011,0.0,0.0,0.0,0.0,0.0,0.0,0.0,52927.0,53728.0,53182.0,53018.0,54014.0,51391.0,46762.0,0.94,297.2,13.7,1.6,3.51,2.0,-1.0,13.54,0.026,0.222,3.0,2.0,0.0,0.0,28.05,27.54,26.84,27.13,27.14,29.44,27.13,27.52,27.19,38.65
2016-07-25 21:40:00-05:00,-10.692391,-4.539087,572437,29.42,0.0,0.244,29.26,0.559,,,,,,,,,,,-2147484000.0,,,,-7999.0,-7999.0,-7999.0,-7999.0,-7999.0,-7999.0,-7999.0,-7999.0,28.93,27.54,-0.038,0.0,0.0,0.0,60.0,59.9,74.7,0.0,276.0,275.0,276.9,0.0,0.0,0.0,618.0,1440464.0,42582.0,133173.0,1.0,0.979,0.748,0.921,0.006,0.007,0.009,0.01,0.014,0.011,0.012,0.0,0.0,0.0,0.0,0.0,0.0,0.0,52927.0,53728.0,53182.0,53018.0,54014.0,51391.0,46762.0,0.713,292.0,11.94,1.1,3.512,2.0,-1.0,13.54,0.026,0.222,3.0,2.0,0.0,0.0,28.08,27.51,26.74,27.03,27.13,29.49,27.1,27.52,27.07,38.6
2016-07-25 21:41:00-05:00,-10.692391,-4.539087,572438,29.41,0.0,0.245,29.27,0.341,,,,,,,,,,,-2147484000.0,,,,-7999.0,-7999.0,-7999.0,-7999.0,-7999.0,-7999.0,-7999.0,-7999.0,28.91,27.47,-0.038,0.0,0.0,0.0,60.0,59.9,74.7,0.0,276.0,275.0,276.9,0.0,0.0,0.0,618.0,1440464.0,42582.0,133173.0,1.0,0.979,0.748,0.921,0.006,0.008,0.01,0.01,0.014,0.011,0.011,0.0,0.0,0.0,0.0,0.0,0.0,0.0,52927.0,53728.0,53182.0,53018.0,54014.0,51391.0,46762.0,,0.0,0.0,,,2.0,-1.0,13.54,0.026,0.222,3.0,2.0,0.0,0.0,27.97,27.49,26.67,27.03,27.06,29.44,27.03,27.42,27.05,38.56
2016-07-25 21:42:00-05:00,-10.692391,-4.539087,572439,29.39,0.0,0.247,29.21,0.354,,,,,,,,,,,-2147484000.0,,,,-7999.0,-7999.0,-7999.0,-7999.0,-7999.0,-7999.0,-7999.0,-7999.0,28.83,27.37,-0.038,0.0,0.0,0.0,60.0,59.9,74.7,0.0,276.0,275.0,277.0,0.0,0.0,0.0,618.0,1440464.0,42582.0,133173.0,1.0,0.979,0.748,0.921,0.006,0.009,0.009,0.01,0.014,0.011,0.012,0.0,0.0,0.0,0.0,0.0,0.0,0.0,52927.0,53728.0,53182.0,53018.0,54014.0,51391.0,46762.0,,0.0,0.0,,,2.0,-1.0,13.54,0.026,0.222,3.0,2.0,0.0,0.0,27.86,27.43,26.64,27.01,27.03,29.36,27.03,27.4,27.03,38.49
2016-07-25 21:43:00-05:00,-10.692391,-4.651163,572440,29.37,0.0,0.248,29.2,0.345,,,,,,,,,,,-2147484000.0,,,,-7999.0,-7999.0,-7999.0,-7999.0,-7999.0,-7999.0,-7999.0,-7999.0,28.82,27.27,-0.037,0.0,0.0,0.0,60.0,59.9,74.7,0.0,276.0,275.0,277.0,0.0,0.0,0.0,618.0,1440464.0,42582.0,133173.0,1.0,0.979,0.748,0.921,0.007,0.007,0.01,0.011,0.014,0.011,0.011,0.0,0.0,0.0,0.0,0.0,0.0,0.0,52927.0,53728.0,53182.0,53018.0,54014.0,51391.0,46762.0,0.95,101.9,18.4,1.1,3.513,2.0,-1.0,13.54,0.025,0.222,3.0,2.0,0.0,0.0,27.74,27.35,26.58,26.92,27.03,29.13,26.93,27.29,26.93,38.46
2016-07-25 21:44:00-05:00,-10.93,-4.875315,572441,29.35,0.0,0.249,29.05,0.296,,,,,,,,,,,-2147484000.0,,,,-7999.0,-7999.0,-7999.0,-7999.0,-7999.0,-7999.0,-7999.0,-7999.0,28.68,27.15,-0.038,0.0,0.0,0.0,60.0,59.9,74.7,0.0,276.0,275.0,277.0,0.0,0.0,0.0,618.0,1440464.0,42582.0,133173.0,1.0,0.979,0.748,0.921,0.006,0.008,0.008,0.01,0.014,0.011,0.012,0.0,0.0,0.0,0.0,0.0,0.0,0.0,52927.0,53728.0,53182.0,53018.0,54014.0,51391.0,46762.0,0.908,106.2,10.53,1.1,3.512,2.0,-1.0,13.54,0.025,0.222,3.0,2.0,0.0,0.0,27.56,27.25,26.48,26.84,26.95,29.08,26.84,27.18,26.88,38.36
2016-07-25 21:45:00-05:00,-11.405217,-4.987392,572442,29.34,0.0,0.25,28.96,0.334,,,,,,,,,,,-2147484000.0,,,,-7999.0,-7999.0,-7999.0,-7999.0,-7999.0,-7999.0,-7999.0,-7999.0,28.51,27.01,-0.037,0.0,0.0,0.0,60.0,59.9,74.7,0.0,276.0,275.0,277.0,0.0,0.0,0.0,618.0,1440464.0,42582.0,133173.0,1.0,0.979,0.748,0.921,0.007,0.007,0.009,0.011,0.014,0.01,0.012,0.0,0.0,0.0,0.0,0.0,0.0,0.0,52927.0,53728.0,53182.0,53018.0,54014.0,51391.0,46762.0,,0.0,0.0,,,2.0,-1.0,13.54,0.025,0.222,3.0,2.0,0.0,0.0,27.45,27.15,26.43,26.74,26.9,28.84,26.75,27.06,26.8,38.34
2016-07-25 21:46:00-05:00,-11.524022,-4.987392,572443,29.32,0.0,0.25,28.86,0.316,,,,,,,,,,,-2147484000.0,,,,-7999.0,-7999.0,-7999.0,-7999.0,-7999.0,-7999.0,-7999.0,-7999.0,28.39,26.87,-0.038,0.0,0.0,0.0,60.0,59.9,74.7,0.0,275.1,274.1,275.8,0.0,0.0,0.0,618.0,1440464.0,42582.0,133173.0,1.0,0.979,0.748,0.921,0.006,0.007,0.009,0.01,0.013,0.012,0.011,0.0,0.0,0.0,0.0,0.0,0.0,0.0,52927.0,53728.0,53182.0,53018.0,54014.0,51391.0,46762.0,0.712,120.2,11.16,1.1,3.51,2.0,-1.0,13.54,0.025,0.221,3.0,2.0,0.0,0.0,27.3,27.05,26.35,26.64,26.82,28.87,26.69,27.01,26.73,38.26
2016-07-25 21:47:00-05:00,-11.524022,-4.987392,572444,29.3,0.0,0.251,28.78,0.315,,,,,,,,,,,-2147484000.0,,,,-7999.0,-7999.0,-7999.0,-7999.0,-7999.0,-7999.0,-7999.0,-7999.0,28.29,26.76,-0.038,0.0,0.0,0.0,60.0,59.9,74.7,0.0,275.0,274.0,275.5,0.0,0.0,0.0,618.0,1440464.0,42582.0,133173.0,1.0,0.979,0.748,0.921,0.007,0.008,0.009,0.01,0.013,0.011,0.011,0.0,0.0,0.0,0.0,0.0,0.0,0.0,52927.0,53728.0,53182.0,53018.0,54014.0,51391.0,46762.0,0.722,117.3,5.402,0.8,3.51,2.0,-1.0,13.54,0.025,0.222,3.0,2.0,0.0,0.0,27.19,26.96,26.25,26.61,26.75,28.79,26.62,26.9,26.62,38.26
2016-07-25 21:48:00-05:00,-11.524022,-4.987392,572445,29.28,0.0,0.252,28.75,0.315,,,,,,,,,,,-2147484000.0,,,,-7999.0,-7999.0,-7999.0,-7999.0,-7999.0,-7999.0,-7999.0,-7999.0,28.22,26.65,-0.038,0.0,0.0,0.0,60.0,59.9,74.7,0.0,275.0,274.0,275.8,0.0,0.0,0.0,618.0,1440464.0,42582.0,133173.0,1.0,0.979,0.748,0.921,0.006,0.007,0.01,0.01,0.015,0.011,0.012,0.0,0.0,0.0,0.0,0.0,0.0,0.0,52927.0,53728.0,53182.0,53018.0,54014.0,51391.0,46762.0,0.457,92.4,15.87,0.8,3.51,2.0,-1.0,13.54,0.025,0.222,3.0,2.0,0.0,0.0,27.08,26.92,26.22,26.52,26.74,28.85,26.54,26.82,26.57,38.2
2016-07-25 21:49:00-05:00,-11.880434,-4.987392,572446,29.26,0.0,0.252,28.73,0.311,,,,,,,,,,,-2147484000.0,,,,-7999.0,-7999.0,-7999.0,-7999.0,-7999.0,-7999.0,-7999.0,-7999.0,28.26,26.55,-0.037,0.0,0.0,0.0,60.0,59.9,74.7,0.0,275.0,274.0,275.8,0.0,0.0,0.0,618.0,1440464.0,42582.0,133173.0,1.0,0.979,0.748,0.921,0.006,0.008,0.009,0.01,0.014,0.011,0.012,0.0,0.0,0.0,0.0,0.0,0.0,0.0,52927.0,53728.0,53182.0,53018.0,54014.0,51391.0,46762.0,0.352,103.2,21.35,0.5,3.51,2.0,-1.0,13.54,0.025,0.222,3.0,2.0,0.0,0.0,26.96,26.84,26.13,26.44,26.64,28.72,26.48,26.74,26.47,38.16
2016-07-25 21:50:00-05:00,-11.880434,-4.987392,572447,29.24,0.0,0.252,28.73,0.324,,,,,,,,,,,-2147484000.0,,,,-7999.0,-7999.0,-7999.0,-7999.0,-7999.0,-7999.0,-7999.0,-7999.0,28.27,26.47,-0.038,0.0,0.0,0.0,60.0,59.9,74.7,0.0,275.0,274.0,276.0,0.0,0.0,0.0,618.0,1440464.0,42582.0,133173.0,1.0,0.979,0.748,0.921,0.006,0.008,0.009,0.01,0.014,0.011,0.011,0.0,0.0,0.0,0.0,0.0,0.0,0.0,52927.0,53728.0,53182.0,53018.0,54014.0,51391.0,46762.0,0.227,79.06,30.87,0.5,3.51,2.0,-1.0,13.54,0.025,0.222,3.0,2.0,0.0,0.0,26.86,26.74,26.05,26.38,26.64,28.53,26.43,26.71,26.39,38.1
2016-07-25 21:51:00-05:00,-11.880434,-4.987392,572448,29.22,0.0,0.253,28.77,0.288,,,,,,,,,,,-2147484000.0,,,,-7999.0,-7999.0,-7999.0,-7999.0,-7999.0,-7999.0,-7999.0,-7999.0,28.29,26.37,-0.037,0.0,0.0,0.0,60.0,59.9,74.7,0.0,275.0,274.0,276.0,0.0,0.0,0.0,618.0,1440464.0,42582.0,133173.0,1.0,0.979,0.748,0.921,0.005,0.008,0.009,0.01,0.014,0.011,0.012,0.0,0.0,0.0,0.0,0.0,0.0,0.0,52927.0,53728.0,53182.0,53018.0,54014.0,51391.0,46762.0,0.363,58.58,21.63,0.6,3.51,2.0,-1.0,13.54,0.025,0.222,3.0,2.0,0.0,0.0,26.78,26.71,26.02,26.35,26.58,28.4,26.33,26.64,26.38,38.07
2016-07-25 21:52:00-05:00,-12.118043,-4.987392,572449,29.21,0.0,0.253,28.77,0.292,,,,,,,,,,,-2147484000.0,,,,-7999.0,-7999.0,-7999.0,-7999.0,-7999.0,-7999.0,-7999.0,-7999.0,28.26,26.31,-0.038,0.0,0.0,0.0,60.0,59.9,74.7,0.0,275.0,274.0,276.0,0.0,0.0,0.0,618.0,1440464.0,42582.0,133173.0,1.0,0.979,0.748,0.921,0.006,0.007,0.009,0.01,0.014,0.011,0.013,0.0,0.0,0.0,0.0,0.0,0.0,0.0,52927.0,53728.0,53182.0,53018.0,54014.0,51391.0,46762.0,0.163,65.26,36.91,0.3,3.51,2.0,-1.0,13.54,0.025,0.221,3.0,2.0,0.0,0.0,26.72,26.63,25.94,26.3,26.54,28.4,26.25,26.58,26.28,38.02
2016-07-25 21:53:00-05:00,-12.355653,-4.987392,572450,29.18,0.0,0.253,28.73,0.294,,,,,,,,,,,-2147484000.0,,,,-7999.0,-7999.0,-7999.0,-7999.0,-7999.0,-7999.0,-7999.0,-7999.0,28.28,26.25,-0.038,0.0,0.0,0.0,60.0,59.9,74.7,0.0,275.0,274.0,276.0,0.0,0.0,0.0,618.0,1440464.0,42582.0,133173.0,1.0,0.979,0.748,0.921,0.006,0.008,0.009,0.01,0.014,0.011,0.011,0.0,0.0,0.0,0.0,0.0,0.0,0.0,52927.0,53728.0,53182.0,53018.0,54014.0,51391.0,46762.0,0.315,48.23,25.52,0.7,3.51,2.0,-1.0,13.54,0.025,0.222,3.0,2.0,0.0,0.0,26.63,26.63,25.86,26.25,26.48,28.25,26.23,26.54,26.2,37.97
2016-07-25 21:54:00-05:00,-12.355653,-5.099468,572451,29.15,0.0,0.253,28.76,0.272,,,,,,,,,,,-2147484000.0,,,,-7999.0,-7999.0,-7999.0,-7999.0,-7999.0,-7999.0,-7999.0,-7999.0,28.32,26.22,-0.038,0.0,0.0,0.0,60.0,59.9,74.7,0.0,274.8,273.0,275.0,0.0,0.0,0.0,618.0,1440464.0,42582.0,133173.0,1.0,0.979,0.748,0.921,0.006,0.007,0.009,0.01,0.014,0.01,0.011,0.0,0.0,0.0,0.0,0.0,0.0,0.0,52927.0,53728.0,53182.0,53018.0,54014.0,51391.0,46762.0,0.63,334.4,9.68,1.0,3.51,2.0,-1.0,13.54,0.025,0.222,3.0,2.0,0.0,0.0,26.62,26.55,25.86,26.23,26.4,28.12,26.14,26.53,26.18,37.94
2016-07-25 21:55:00-05:00,-12.236848,-4.987392,572452,29.14,0.0,0.254,28.75,0.297,,,,,,,,,,,-2147484000.0,,,,-7999.0,-7999.0,-7999.0,-7999.0,-7999.0,-7999.0,-7999.0,-7999.0,28.28,26.2,-0.037,0.0,0.0,0.0,60.0,59.9,74.7,0.0,275.0,273.5,275.0,0.0,0.0,0.0,618.0,1440464.0,42582.0,133173.0,1.0,0.979,0.748,0.921,0.006,0.008,0.009,0.01,0.013,0.011,0.012,0.0,0.0,0.0,0.0,0.0,0.0,0.0,52927.0,53728.0,53182.0,53018.0,54014.0,51391.0,46762.0,0.972,304.4,17.71,1.4,3.51,2.0,-1.0,13.54,0.025,0.222,3.0,2.0,0.0,0.0,26.69,26.53,25.84,26.15,26.35,28.12,26.12,26.54,26.28,37.88
2016-07-25 21:56:00-05:00,-11.76163,-4.987392,572453,29.12,0.0,0.254,28.81,0.297,,,,,,,,,,,-2147484000.0,,,,-7999.0,-7999.0,-7999.0,-7999.0,-7999.0,-7999.0,-7999.0,-7999.0,28.4,26.3,-0.038,0.0,0.0,0.0,60.0,59.9,74.7,0.0,275.3,274.3,276.2,0.0,0.0,0.0,618.0,1440464.0,42582.0,133173.0,1.0,0.979,0.748,0.921,0.006,0.007,0.009,0.01,0.014,0.01,0.011,0.0,0.0,0.0,0.0,0.0,0.0,0.0,52927.0,53728.0,53182.0,53018.0,54014.0,51391.0,46762.0,1.068,298.7,9.29,1.4,3.512,2.0,-1.0,13.54,0.025,0.222,3.0,2.0,0.0,0.0,26.82,26.53,25.76,26.15,26.33,28.21,26.07,26.54,26.2,37.87
2016-07-25 21:57:00-05:00,-11.524022,-4.987392,572454,29.08,0.0,0.254,28.72,0.305,,,,,,,,,,,-2147484000.0,,,,-7999.0,-7999.0,-7999.0,-7999.0,-7999.0,-7999.0,-7999.0,-7999.0,28.33,26.3,-0.038,0.0,0.0,0.0,60.0,59.9,74.7,0.0,276.0,275.0,277.0,0.0,0.0,0.0,618.0,1440464.0,42582.0,133173.0,1.0,0.979,0.748,0.921,0.006,0.007,0.009,0.01,0.014,0.011,0.012,0.0,0.0,0.0,0.0,0.0,0.0,0.0,52927.0,53728.0,53182.0,53018.0,54014.0,51391.0,46762.0,0.78,322.0,12.78,1.0,3.51,2.0,-1.0,13.54,0.025,0.221,3.0,2.0,0.0,0.0,26.82,26.53,25.83,26.17,26.28,28.24,26.09,26.58,26.18,37.87
2016-07-25 21:58:00-05:00,-11.524022,-4.987392,572455,29.07,0.0,0.254,28.72,0.291,,,,,,,,,,,-2147484000.0,,,,-7999.0,-7999.0,-7999.0,-7999.0,-7999.0,-7999.0,-7999.0,-7999.0,28.37,26.34,-0.037,0.0,0.0,0.0,60.0,59.9,74.7,0.0,276.0,275.0,277.0,0.0,0.0,0.0,618.0,1440464.0,42582.0,133173.0,1.0,0.979,0.748,0.921,0.006,0.008,0.009,0.01,0.013,0.01,0.011,0.0,0.0,0.0,0.0,0.0,0.0,0.0,52927.0,53728.0,53182.0,53018.0,54014.0,51391.0,46762.0,0.59,12.54,36.53,1.0,3.51,2.0,-1.0,13.54,0.025,0.221,3.0,2.0,0.0,0.0,26.8,26.53,25.76,26.15,26.28,28.16,26.05,26.51,26.26,37.77
2016-07-25 21:59:00-05:00,-11.405217,-4.987392,572456,29.05,0.0,0.254,28.78,0.287,,,,,,,,,,,-2147484000.0,,,,-7999.0,-7999.0,-7999.0,-7999.0,-7999.0,-7999.0,-7999.0,-7999.0,28.38,26.37,-0.038,0.0,0.0,0.0,60.0,59.9,74.7,0.0,276.0,275.0,277.0,0.0,0.0,0.0,618.0,1440464.0,42582.0,133173.0,1.0,0.979,0.748,0.921,0.007,0.008,0.009,0.011,0.014,0.011,0.011,0.0,0.0,0.0,0.0,0.0,0.0,0.0,52927.0,53728.0,53182.0,53018.0,54014.0,51391.0,46762.0,0.985,50.11,11.54,1.3,3.51,2.0,-1.0,13.54,0.025,0.221,3.0,2.0,0.0,0.0,26.82,26.53,25.76,26.15,26.33,28.24,26.05,26.51,26.26,37.77
2016-07-25 22:00:00-05:00,-11.167608,-4.875315,572457,29.03,0.0,0.254,28.87,0.294,,,,,,,,,,,-2147484000.0,,,,-7999.0,-7999.0,-7999.0,-7999.0,-7999.0,-7999.0,-7999.0,-7999.0,28.46,26.41,-0.038,0.0,0.0,0.0,60.0,59.9,74.7,0.0,276.0,275.0,277.0,0.0,0.0,0.0,618.0,1440464.0,42582.0,133173.0,1.0,0.979,0.748,0.921,0.006,0.007,0.008,0.01,0.014,0.01,0.011,0.0,0.0,0.0,0.0,0.0,0.0,0.0,52927.0,53728.0,53182.0,53018.0,54014.0,51391.0,46762.0,0.867,45.04,14.69,1.3,3.512,2.0,-1.0,13.54,0.025,0.221,3.0,2.0,0.0,0.0,26.8,26.53,25.76,26.15,26.35,28.12,26.05,26.54,26.18,37.71
2016-07-25 22:01:00-05:00,-10.93,-4.651163,572458,29.02,0.0,0.254,28.87,0.319,,,,,,,,,,,-2147484000.0,,,,-7999.0,-7999.0,-7999.0,-7999.0,-7999.0,-7999.0,-7999.0,-7999.0,28.5,26.42,-0.038,0.0,0.0,0.0,60.0,59.9,74.7,0.0,276.6,275.1,277.0,0.0,0.0,0.0,618.0,1440464.0,42582.0,133173.0,1.0,0.979,0.748,0.921,0.006,0.008,0.009,0.009,0.014,0.011,0.011,0.0,0.0,0.0,0.0,0.0,0.0,0.0,52927.0,53728.0,53182.0,53018.0,54014.0,51391.0,46762.0,,0.0,0.0,,,2.0,-1.0,13.54,0.025,0.221,3.0,2.0,0.0,0.0,26.8,26.53,25.81,26.2,26.38,28.26,26.1,26.59,26.21,37.67
2016-07-25 22:02:00-05:00,-10.692391,-4.539087,572459,28.99,0.0,0.254,28.84,0.452,,,,,,,,,,,-2147484000.0,,,,-7999.0,-7999.0,-7999.0,-7999.0,-7999.0,-7999.0,-7999.0,-7999.0,28.48,26.42,-0.038,0.0,0.0,0.0,60.0,59.9,74.7,0.0,277.0,275.7,277.0,0.0,0.0,0.0,618.0,1440464.0,42582.0,133173.0,1.0,0.979,0.748,0.921,0.006,0.008,0.009,0.01,0.014,0.01,0.011,0.0,0.0,0.0,0.0,0.0,0.0,0.0,52927.0,53728.0,53182.0,53018.0,54014.0,51391.0,46762.0,0.848,27.58,27.92,1.4,3.512,2.0,-1.0,13.54,0.025,0.222,3.0,2.0,0.0,0.0,26.8,26.53,25.86,26.25,26.53,28.31,26.15,26.64,26.28,37.67
2016-07-25 22:03:00-05:00,-10.692391,-4.4270105,572460,28.96,0.0,0.254,28.89,0.291,,,,,,,,,,,-2147484000.0,,,,-7999.0,-7999.0,-7999.0,-7999.0,-7999.0,-7999.0,-7999.0,-7999.0,28.54,26.46,-0.028,0.0,0.0,0.0,60.0,59.9,74.7,0.0,277.0,276.0,277.0,0.0,0.0,0.0,618.0,1440464.0,42582.0,133173.0,1.0,0.979,0.748,0.921,0.005,0.008,0.009,0.01,0.014,0.01,0.011,0.0,0.0,0.0,0.0,0.0,0.0,0.0,52927.0,53728.0,53182.0,53018.0,54014.0,51391.0,46762.0,0.557,28.74,40.45,1.1,3.512,2.0,-1.0,13.54,0.025,0.221,3.0,2.0,0.0,0.0,26.78,26.53,25.86,26.23,26.44,28.31,26.15,26.64,26.31,37.63
2016-07-25 22:04:00-05:00,-10.692391,-4.2028584,572461,28.95,0.0,0.254,28.88,0.3,,,,,,,,,,,-2147484000.0,,,,-7999.0,-7999.0,-7999.0,-7999.0,-7999.0,-7999.0,-7999.0,-7999.0,28.51,26.41,-0.011,0.0,0.0,0.0,60.0,59.9,74.7,0.0,276.6,275.4,276.9,0.0,0.0,0.0,618.0,1440464.0,42582.0,133173.0,1.0,0.979,0.748,0.921,0.006,0.009,0.009,0.01,0.014,0.009,0.011,0.0,0.0,0.0,0.0,0.0,0.0,0.0,52927.0,53728.0,53182.0,53018.0,54014.0,51391.0,46762.0,0.545,74.61,26.41,0.9,3.512,2.0,-1.0,13.54,0.025,0.222,3.0,2.0,0.0,0.0,26.72,26.58,25.86,26.23,26.48,28.34,26.15,26.64,26.28,37.58
2016-07-25 22:05:00-05:00,-10.692391,-4.2028584,572462,28.93,0.0,0.254,28.85,0.309,,,,,,,,,,,-2147484000.0,,,,-7999.0,-7999.0,-7999.0,-7999.0,-7999.0,-7999.0,-7999.0,-7999.0,28.44,26.36,-0.023,0.0,0.0,0.0,60.0,59.9,74.7,0.0,275.8,274.8,276.8,0.0,0.0,0.0,618.0,1440464.0,42582.0,133173.0,1.0,0.979,0.748,0.921,0.006,0.008,0.01,0.01,0.013,0.01,0.011,0.0,0.0,0.0,0.0,0.0,0.0,0.0,52927.0,53728.0,53182.0,53018.0,54014.0,51391.0,46762.0,,0.0,0.0,,,2.0,-1.0,13.54,0.025,0.222,3.0,2.0,0.0,0.0,26.67,26.53,25.78,26.22,26.44,28.38,26.15,26.58,26.21,37.55
2016-07-25 22:06:00-05:00,-10.692391,-4.2028584,572463,28.92,0.0,0.254,28.75,0.308,,,,,,,,,,,-2147484000.0,,,,-7999.0,-7999.0,-7999.0,-7999.0,-7999.0,-7999.0,-7999.0,-7999.0,28.36,26.25,-0.038,0.0,0.0,0.0,60.0,59.9,74.7,0.0,276.8,275.7,277.7,0.0,0.0,0.0,618.0,1440464.0,42582.0,133173.0,1.0,0.979,0.748,0.921,0.006,0.007,0.009,0.009,0.013,0.011,0.012,0.0,0.0,0.0,0.0,0.0,0.0,0.0,52927.0,53728.0,53182.0,53018.0,54014.0,51391.0,46762.0,0.738,160.7,15.4,1.1,3.509,2.0,-1.0,13.54,0.025,0.222,3.0,2.0,0.0,0.0,26.62,26.45,25.76,26.12,26.32,28.1,26.15,26.49,26.18,37.48
2016-07-25 22:07:00-05:00,-10.811195,-4.539087,572464,28.89,0.0,0.254,28.57,0.318,,,,,,,,,,,-2147484000.0,,,,-7999.0,-7999.0,-7999.0,-7999.0,-7999.0,-7999.0,-7999.0,-7999.0,28.25,26.16,-0.037,0.0,0.0,0.0,60.0,59.9,74.7,0.0,277.0,276.0,277.9,0.0,0.0,0.0,618.0,1440464.0,42582.0,133173.0,1.0,0.979,0.748,0.921,0.006,0.008,0.009,0.01,0.013,0.01,0.012,0.0,0.0,0.0,0.0,0.0,0.0,0.0,52927.0,53728.0,53182.0,53018.0,54014.0,51391.0,46762.0,0.582,169.8,14.11,1.0,3.512,2.0,-1.0,13.54,0.025,0.221,3.0,2.0,0.0,0.0,26.52,26.37,25.74,26.05,26.25,28.17,26.12,26.4,26.13,37.48
2016-07-25 22:08:00-05:00,-11.286413,-4.539087,572465,28.88,0.0,0.254,28.44,0.334,,,,,,,,,,,-2147484000.0,,,,-7999.0,-7999.0,-7999.0,-7999.0,-7999.0,-7999.0,-7999.0,-7999.0,28.13,26.08,-0.037,0.0,0.0,0.0,60.0,59.9,74.7,0.0,277.0,276.0,278.0,0.0,0.0,0.0,618.0,1440464.0,42582.0,133173.0,1.0,0.979,0.748,0.921,0.006,0.007,0.009,0.01,0.012,0.01,0.012,0.0,0.0,0.0,0.0,0.0,0.0,0.0,52927.0,53728.0,53182.0,53018.0,54014.0,51391.0,46762.0,0.542,158.5,15.15,0.9,3.512,2.0,-1.0,13.54,0.025,0.221,3.0,2.0,0.0,0.0,26.42,26.37,25.66,26.02,26.3,28.0,26.07,26.35,26.05,37.48
2016-07-25 22:09:00-05:00,-11.524022,-4.875315,572466,28.85,0.0,0.254,28.34,0.305,,,,,,,,,,,-2147484000.0,,,,-7999.0,-7999.0,-7999.0,-7999.0,-7999.0,-7999.0,-7999.0,-7999.0,28.0,26.0,-0.038,0.0,0.0,0.0,60.0,59.9,74.7,0.0,277.0,276.0,278.0,0.0,0.0,0.0,618.0,1440464.0,42582.0,133173.0,1.0,0.979,0.748,0.921,0.006,0.007,0.009,0.011,0.014,0.011,0.011,0.0,0.0,0.0,0.0,0.0,0.0,0.0,52927.0,53728.0,53182.0,53018.0,54014.0,51391.0,46762.0,0.835,152.5,13.69,1.1,3.51,2.0,-1.0,13.54,0.025,0.221,3.0,2.0,0.0,0.0,26.36,26.3,25.66,25.96,26.23,27.92,26.04,26.25,25.99,37.43
2016-07-25 22:10:00-05:00,-11.642826,-4.987392,572467,28.83,0.0,0.254,28.26,0.325,,,,,,,,,,,-2147484000.0,,,,-7999.0,-7999.0,-7999.0,-7999.0,-7999.0,-7999.0,-7999.0,-7999.0,27.94,25.91,-0.038,0.0,0.0,0.0,60.0,59.9,74.7,0.0,277.0,276.0,278.0,0.0,0.0,0.0,618.0,1440464.0,42582.0,133173.0,1.0,0.979,0.748,0.921,0.006,0.008,0.009,0.01,0.014,0.01,0.012,0.0,0.0,0.0,0.0,0.0,0.0,0.0,52927.0,53728.0,53182.0,53018.0,54014.0,51391.0,46762.0,,0.0,0.0,,,2.0,-1.0,13.54,0.025,0.221,3.0,2.0,0.0,0.0,26.29,26.24,25.57,25.87,26.14,27.9,25.96,26.21,25.96,37.38
2016-07-25 22:11:00-05:00,-11.880434,-4.987392,572468,28.82,0.0,0.254,28.1,0.301,,,,,,,,,,,-2147484000.0,,,,-7999.0,-7999.0,-7999.0,-7999.0,-7999.0,-7999.0,-7999.0,-7999.0,27.86,25.84,-0.037,0.0,0.0,0.0,60.0,59.9,74.7,0.0,277.4,276.0,278.0,0.0,0.0,0.0,618.0,1440464.0,42582.0,133173.0,1.0,0.979,0.748,0.921,0.005,0.007,0.009,0.01,0.014,0.01,0.011,0.0,0.0,0.0,0.0,0.0,0.0,0.0,52927.0,53728.0,53182.0,53018.0,54014.0,51391.0,46762.0,0.475,147.2,24.35,0.8,3.51,2.0,-1.0,13.54,0.025,0.221,3.0,2.0,0.0,0.0,26.2,26.16,25.52,25.86,26.09,27.82,25.91,26.14,25.89,37.4
2016-07-25 22:12:00-05:00,-11.880434,-4.987392,572469,28.79,0.0,0.254,28.03,0.448,,,,,,,,,,,-2147484000.0,,,,-7999.0,-7999.0,-7999.0,-7999.0,-7999.0,-7999.0,-7999.0,-7999.0,27.74,25.75,-0.037,0.0,0.0,0.0,60.0,59.9,74.7,0.0,277.7,276.0,278.0,0.0,0.0,0.0,618.0,1440464.0,42582.0,133173.0,1.0,0.979,0.748,0.921,0.006,0.008,0.009,0.009,0.014,0.01,0.012,0.0,0.0,0.0,0.0,0.0,0.0,0.0,52927.0,53728.0,53182.0,53018.0,54014.0,51391.0,46762.0,0.678,148.4,24.81,0.9,3.51,2.0,-1.0,13.54,0.025,0.221,3.0,2.0,0.0,0.0,26.13,26.16,25.49,25.78,26.05,27.84,25.86,26.05,25.79,37.32
2016-07-25 22:13:00-05:00,-11.999239,-4.987392,572470,28.78,0.0,0.254,27.92,0.307,,,,,,,,,,,-2147484000.0,,,,-7999.0,-7999.0,-7999.0,-7999.0,-7999.0,-7999.0,-7999.0,-7999.0,27.66,25.71,-0.038,0.0,0.0,0.0,60.0,59.9,74.7,0.0,277.5,276.0,278.0,0.0,0.0,0.0,618.0,1440464.0,42582.0,133173.0,1.0,0.979,0.748,0.921,0.005,0.007,0.01,0.01,0.014,0.01,0.011,0.0,0.0,0.0,0.0,0.0,0.0,0.0,52927.0,53728.0,53182.0,53018.0,54014.0,51391.0,46762.0,0.322,138.0,35.22,0.6,,2.0,-1.0,13.54,0.025,0.221,3.0,2.0,0.0,0.0,26.03,26.13,25.49,25.76,26.07,27.82,25.86,26.05,25.79,37.28
2016-07-25 22:14:00-05:00,-12.236848,-4.987392,572471,28.76,0.0,0.254,27.92,0.289,,,,,,,,,,,-2147484000.0,,,,-7999.0,-7999.0,-7999.0,-7999.0,-7999.0,-7999.0,-7999.0,-7999.0,27.56,25.66,-0.037,0.0,0.0,0.0,60.0,59.9,74.7,0.0,277.8,276.1,278.0,0.0,0.0,0.0,618.0,1440464.0,42582.0,133173.0,1.0,0.979,0.748,0.921,0.006,0.007,0.009,0.01,0.013,0.01,0.011,0.0,0.0,0.0,0.0,0.0,0.0,0.0,52927.0,53728.0,53182.0,53018.0,54014.0,51391.0,46762.0,0.46,162.0,20.25,0.7,3.512,2.0,-1.0,13.54,0.025,0.221,3.0,2.0,0.0,0.0,26.09,26.08,25.42,25.71,25.96,27.79,25.76,25.99,25.71,37.28
2016-07-25 22:15:00-05:00,-11.999239,-4.987392,572472,28.73,0.0,0.254,27.91,0.327,,,,,,,,,,,-2147484000.0,,,,-7999.0,-7999.0,-7999.0,-7999.0,-7999.0,-7999.0,-7999.0,-7999.0,27.53,25.6,-0.038,0.0,0.0,0.0,60.0,59.9,74.7,0.0,278.0,276.0,278.0,0.0,0.0,0.0,618.0,1440464.0,42582.0,133173.0,1.0,0.979,0.748,0.921,0.006,0.007,0.008,0.01,0.013,0.011,0.011,0.0,0.0,0.0,0.0,0.0,0.0,0.0,52927.0,53728.0,53182.0,53018.0,54014.0,51391.0,46762.0,,0.0,0.0,,,2.0,-1.0,13.54,0.025,0.221,3.0,2.0,0.0,0.0,26.0,26.12,25.46,25.71,26.03,27.75,25.76,25.96,25.69,37.18
2016-07-25 22:16:00-05:00,-11.642826,-4.987392,572473,28.71,0.0,0.257,27.95,0.289,,,,,,,,,,,-2147484000.0,,,,-7999.0,-7999.0,-7999.0,-7999.0,-7999.0,-7999.0,-7999.0,-7999.0,27.6,25.65,-0.038,0.0,0.0,0.0,60.0,59.9,74.7,0.0,276.8,275.6,277.6,0.0,0.0,0.0,618.0,1440464.0,42582.0,133173.0,1.0,0.979,0.748,0.921,0.006,0.007,0.009,0.009,0.013,0.01,0.011,0.0,0.0,0.0,0.0,0.0,0.0,0.0,52927.0,53728.0,53182.0,53018.0,54014.0,51391.0,46762.0,,0.0,0.0,,,2.0,-1.0,13.54,0.025,0.221,3.0,2.0,0.0,0.0,25.99,26.14,25.51,25.78,25.99,27.89,25.78,26.04,25.69,37.21
2016-07-25 22:17:00-05:00,-11.524022,-4.987392,572474,28.69,0.0,0.259,28.05,0.308,,,,,,,,,,,-2147484000.0,,,,-7999.0,-7999.0,-7999.0,-7999.0,-7999.0,-7999.0,-7999.0,-7999.0,27.68,25.67,-0.037,0.0,0.0,0.0,60.0,59.9,74.7,0.0,276.2,275.0,277.0,0.0,0.0,0.0,618.0,1440464.0,42582.0,133173.0,1.0,0.979,0.748,0.921,0.007,0.007,0.009,0.009,0.014,0.01,0.011,0.0,0.0,0.0,0.0,0.0,0.0,0.0,52927.0,53728.0,53182.0,53018.0,54014.0,51391.0,46762.0,0.377,173.4,53.68,0.8,3.512,2.0,-1.0,13.54,0.025,0.221,3.0,2.0,0.0,0.0,26.09,26.2,25.49,25.79,25.96,27.77,25.79,25.97,25.69,37.12
2016-07-25 22:18:00-05:00,-11.524022,-4.7632394,572475,28.68,0.0,0.258,28.04,0.33,,,,,,,,,,,-2147484000.0,,,,-7999.0,-7999.0,-7999.0,-7999.0,-7999.0,-7999.0,-7999.0,-7999.0,27.65,25.64,-0.038,0.0,0.0,0.0,60.0,59.9,74.7,0.0,276.1,275.0,277.0,0.0,0.0,0.0,618.0,1440464.0,42582.0,133173.0,1.0,0.979,0.748,0.921,0.006,0.007,0.009,0.01,0.013,0.01,0.012,0.0,0.0,0.0,0.0,0.0,0.0,0.0,52927.0,53728.0,53182.0,53018.0,54014.0,51391.0,46762.0,,0.0,0.0,,,2.0,-1.0,13.54,0.025,0.221,3.0,2.0,0.0,0.0,26.08,26.15,25.44,25.71,26.02,27.69,25.76,25.96,25.68,37.09
2016-07-25 22:19:00-05:00,-11.524022,-4.539087,572476,28.65,0.0,0.258,28.01,0.29,,,,,,,,,,,-2147484000.0,,,,-7999.0,-7999.0,-7999.0,-7999.0,-7999.0,-7999.0,-7999.0,-7999.0,27.6,25.62,-0.038,0.0,0.0,0.0,60.0,59.9,74.7,0.0,276.2,275.0,277.0,0.0,0.0,0.0,618.0,1440464.0,42582.0,133173.0,1.0,0.979,0.748,0.921,0.006,0.008,0.008,0.01,0.014,0.01,0.011,0.0,0.0,0.0,0.0,0.0,0.0,0.0,52927.0,53728.0,53182.0,53018.0,54014.0,51391.0,46762.0,0.24,214.7,64.09,0.6,3.507,2.0,-1.0,13.54,0.025,0.221,3.0,2.0,0.0,0.0,26.01,26.14,25.48,25.74,25.97,27.68,25.78,25.94,25.69,37.1
2016-07-25 22:20:00-05:00,-11.524022,-4.539087,572477,28.63,0.0,0.257,27.99,0.291,,,,,,,,,,,-2147484000.0,,,,-7999.0,-7999.0,-7999.0,-7999.0,-7999.0,-7999.0,-7999.0,-7999.0,27.53,25.55,-0.037,0.0,0.0,0.0,60.0,59.9,74.7,0.0,276.8,275.0,277.0,0.0,0.0,0.0,618.0,1440464.0,42582.0,133173.0,1.0,0.979,0.748,0.921,0.006,0.007,0.009,0.01,0.013,0.011,0.012,0.0,0.0,0.0,0.0,0.0,0.0,0.0,52927.0,53728.0,53182.0,53018.0,54014.0,51391.0,46762.0,,0.0,0.0,,,2.0,-1.0,13.54,0.025,0.221,3.0,2.0,0.0,0.0,26.03,26.12,25.48,25.74,25.96,27.69,25.78,25.87,25.61,37.08
2016-07-25 22:21:00-05:00,-11.524022,-4.539087,572478,28.62,0.0,0.258,27.99,0.318,,,,,,,,,,,-2147484000.0,,,,-7999.0,-7999.0,-7999.0,-7999.0,-7999.0,-7999.0,-7999.0,-7999.0,27.56,25.55,-0.038,0.0,0.0,0.0,60.0,59.9,74.7,0.0,277.0,275.5,277.0,0.0,0.0,0.0,618.0,1440464.0,42582.0,133173.0,1.0,0.979,0.748,0.921,0.007,0.007,0.009,0.01,0.013,0.01,0.011,0.0,0.0,0.0,0.0,0.0,0.0,0.0,52927.0,53728.0,53182.0,53018.0,54014.0,51391.0,46762.0,0.682,24.22,19.22,1.0,3.507,2.0,-1.0,13.54,0.025,0.221,3.0,2.0,0.0,0.0,26.02,26.15,25.48,25.75,25.93,27.68,25.75,25.86,25.61,37.01
2016-07-25 22:22:00-05:00,-11.524022,-4.539087,572479,28.59,0.0,0.261,28.03,0.322,,,,,,,,,,,-2147484000.0,,,,-7999.0,-7999.0,-7999.0,-7999.0,-7999.0,-7999.0,-7999.0,-7999.0,27.69,25.61,-0.038,0.0,0.0,0.0,60.0,59.9,74.7,0.0,277.0,276.0,277.0,0.0,0.0,0.0,618.0,1440464.0,42582.0,133173.0,1.0,0.979,0.748,0.921,0.005,0.008,0.009,0.01,0.013,0.01,0.011,0.0,0.0,0.0,0.0,0.0,0.0,0.0,52927.0,53728.0,53182.0,53018.0,54014.0,51391.0,46762.0,0.48,20.55,51.76,1.0,3.507,2.0,-1.0,13.54,0.024,0.221,3.0,2.0,0.0,0.0,26.02,26.15,25.45,25.77,25.97,27.68,25.72,25.9,25.6,37.02
2016-07-25 22:23:00-05:00,-11.524022,-4.539087,572480,28.56,0.0,0.26,28.08,0.359,,,,,,,,,,,-2147484000.0,,,,-7999.0,-7999.0,-7999.0,-7999.0,-7999.0,-7999.0,-7999.0,-7999.0,27.71,25.66,-0.038,0.0,0.0,0.0,60.0,59.9,74.7,0.0,277.0,276.0,277.5,0.0,0.0,0.0,618.0,1440464.0,42582.0,133173.0,1.0,0.979,0.748,0.921,0.007,0.007,0.009,0.009,0.013,0.01,0.011,0.0,0.0,0.0,0.0,0.0,0.0,0.0,52927.0,53728.0,53182.0,53018.0,54014.0,51391.0,46762.0,,0.0,0.0,,,2.0,-1.0,13.54,0.024,0.221,3.0,2.0,0.0,0.0,26.04,26.17,25.38,25.77,25.93,27.76,25.66,25.92,25.6,36.94
2016-07-25 22:24:00-05:00,-11.405217,-4.539087,572481,28.56,0.0,0.262,28.04,0.306,,,,,,,,,,,-2147484000.0,,,,-7999.0,-7999.0,-7999.0,-7999.0,-7999.0,-7999.0,-7999.0,-7999.0,27.68,25.66,-0.038,0.0,0.0,0.0,60.0,59.9,74.7,0.0,277.0,276.0,277.9,0.0,0.0,0.0,618.0,1440464.0,42582.0,133173.0,1.0,0.979,0.748,0.921,0.006,0.007,0.009,0.01,0.013,0.01,0.011,0.0,0.0,0.0,0.0,0.0,0.0,0.0,52927.0,53728.0,53182.0,53018.0,54014.0,51391.0,46762.0,,0.0,0.0,,,2.0,-1.0,13.54,0.024,0.221,3.0,2.0,0.0,0.0,26.03,26.15,25.38,25.75,25.85,27.8,25.72,25.95,25.63,36.97
2016-07-25 22:25:00-05:00,-11.524022,-4.539087,572482,28.53,0.0,0.265,28.04,0.287,,,,,,,,,,,-2147484000.0,,,,-7999.0,-7999.0,-7999.0,-7999.0,-7999.0,-7999.0,-7999.0,-7999.0,27.65,25.65,-0.038,0.0,0.0,0.0,60.0,59.9,74.7,0.0,277.0,276.0,278.0,0.0,0.0,0.0,618.0,1440464.0,42582.0,133173.0,1.0,0.979,0.748,0.921,0.006,0.007,0.009,0.009,0.013,0.011,0.011,0.0,0.0,0.0,0.0,0.0,0.0,0.0,52927.0,53728.0,53182.0,53018.0,54014.0,51391.0,46762.0,0.933,49.4,13.42,1.3,3.512,2.0,-1.0,13.54,0.024,0.221,3.0,2.0,0.0,0.0,26.04,26.05,25.38,25.69,25.85,27.77,25.72,25.93,25.6,37.0
2016-07-25 22:26:00-05:00,-11.524022,-4.651163,572483,28.52,0.0,0.267,28.01,0.283,,,,,,,,,,,-2147484000.0,,,,-7999.0,-7999.0,-7999.0,-7999.0,-7999.0,-7999.0,-7999.0,-7999.0,27.62,25.63,-0.038,0.0,0.0,0.0,60.0,59.9,74.7,0.0,276.2,275.2,277.1,0.0,0.0,0.0,618.0,1440464.0,42582.0,133173.0,1.0,0.979,0.748,0.921,0.006,0.007,0.009,0.009,0.013,0.009,0.011,0.0,0.0,0.0,0.0,0.0,0.0,0.0,52927.0,53728.0,53182.0,53018.0,54014.0,51391.0,46762.0,,0.0,0.0,,,2.0,-1.0,13.54,0.024,0.221,3.0,2.0,0.0,0.0,26.04,26.15,25.36,25.67,25.77,27.82,25.65,25.87,25.59,36.94
2016-07-25 22:27:00-05:00,-11.524022,-4.875315,572484,28.49,0.0,0.265,27.99,0.322,,,,,,,,,,,-2147484000.0,,,,-7999.0,-7999.0,-7999.0,-7999.0,-7999.0,-7999.0,-7999.0,-7999.0,27.59,25.64,-0.038,0.0,0.0,0.0,60.0,59.9,74.7,0.0,276.0,275.0,276.8,0.0,0.0,0.0,618.0,1440464.0,42582.0,133173.0,1.0,0.979,0.748,0.921,0.007,0.007,0.008,0.009,0.013,0.009,0.011,0.0,0.0,0.0,0.0,0.0,0.0,0.0,52927.0,53728.0,53182.0,53018.0,54014.0,51391.0,46762.0,,0.0,0.0,,,2.0,-1.0,13.54,0.024,0.221,3.0,2.0,0.0,0.0,26.03,26.14,25.3,25.67,25.77,27.82,25.67,25.97,25.6,36.89
2016-07-25 22:28:00-05:00,-11.524022,-4.987392,572485,28.47,0.0,0.266,27.97,0.34,,,,,,,,,,,-2147484000.0,,,,-7999.0,-7999.0,-7999.0,-7999.0,-7999.0,-7999.0,-7999.0,-7999.0,27.57,25.56,-0.038,0.0,0.0,0.0,60.0,59.9,74.7,0.0,276.0,275.0,276.9,0.0,0.0,0.0,618.0,1440464.0,42582.0,133173.0,1.0,0.979,0.748,0.921,0.005,0.008,0.008,0.01,0.014,0.009,0.011,0.0,0.0,0.0,0.0,0.0,0.0,0.0,52927.0,53728.0,53182.0,53018.0,54014.0,51391.0,46762.0,,0.0,0.0,,,2.0,-1.0,13.54,0.024,0.221,3.0,2.0,0.0,0.0,25.97,26.1,25.3,25.59,25.75,27.79,25.63,25.87,25.58,36.86
2016-07-25 22:29:00-05:00,-11.524022,-4.651163,572486,28.46,0.0,0.268,27.9,0.314,,,,,,,,,,,-2147484000.0,,,,-7999.0,-7999.0,-7999.0,-7999.0,-7999.0,-7999.0,-7999.0,-7999.0,27.49,25.51,-0.038,0.0,0.0,0.0,60.0,59.9,74.7,0.0,276.0,275.0,277.0,0.0,0.0,0.0,618.0,1440464.0,42582.0,133173.0,1.0,0.979,0.748,0.921,0.005,0.007,0.008,0.01,0.014,0.01,0.011,0.0,0.0,0.0,0.0,0.0,0.0,0.0,52927.0,53728.0,53182.0,53018.0,54014.0,51391.0,46762.0,,0.0,0.0,,,2.5,-1.0,13.54,0.024,0.221,3.0,2.0,0.0,0.0,25.95,26.05,25.28,25.58,25.69,27.74,25.58,25.87,25.58,36.81
2016-07-25 22:30:00-05:00,-11.524022,-4.539087,572487,28.43,0.0,0.27,27.91,0.288,,,,,,,,,,,-2147484000.0,,,,-7999.0,-7999.0,-7999.0,-7999.0,-7999.0,-7999.0,-7999.0,-7999.0,27.48,25.43,-0.038,0.0,0.0,0.0,60.0,59.9,74.7,0.0,276.0,275.0,277.0,0.0,0.0,0.0,618.0,1440464.0,42582.0,133173.0,1.0,0.979,0.748,0.921,0.006,0.007,0.009,0.01,0.014,0.01,0.012,0.0,0.0,0.0,0.0,0.0,0.0,0.0,52927.0,53728.0,53182.0,53018.0,54014.0,51391.0,46762.0,,0.0,0.0,,,2.5,-1.0,13.54,0.024,0.221,3.0,2.0,0.0,0.0,25.85,25.99,25.28,25.58,25.69,27.72,25.58,25.85,25.53,36.81
2016-07-25 22:31:00-05:00,-11.524022,-4.539087,572488,28.42,0.0,0.277,27.87,0.292,,,,,,,,,,,-2147484000.0,,,,-7999.0,-7999.0,-7999.0,-7999.0,-7999.0,-7999.0,-7999.0,-7999.0,27.45,25.39,-0.037,0.0,0.0,0.0,60.0,59.9,74.7,0.0,276.0,275.0,277.0,0.0,0.0,0.0,618.0,1440464.0,42582.0,133173.0,1.0,0.979,0.748,0.921,0.006,0.007,0.009,0.01,0.014,0.01,0.012,0.0,0.0,0.0,0.0,0.0,0.0,0.0,52927.0,53728.0,53182.0,53018.0,54014.0,51391.0,46762.0,,0.0,0.0,,,2.0,-1.0,13.54,0.024,0.221,3.0,2.0,0.0,0.0,25.8,25.94,25.22,25.58,25.62,27.68,25.54,25.79,25.43,36.81
2016-07-25 22:32:00-05:00,-11.524022,-4.651163,572489,28.4,0.0,0.274,27.9,0.308,,,,,,,,,,,-2147484000.0,,,,-7999.0,-7999.0,-7999.0,-7999.0,-7999.0,-7999.0,-7999.0,-7999.0,27.45,25.39,-0.037,0.0,0.0,0.0,60.0,59.9,74.7,0.0,276.0,275.0,277.0,0.0,0.0,0.0,618.0,1440464.0,42582.0,133173.0,1.0,0.979,0.748,0.921,0.006,0.007,0.008,0.01,0.013,0.01,0.01,0.0,0.0,0.0,0.0,0.0,0.0,0.0,52927.0,53728.0,53182.0,53018.0,54014.0,51391.0,46762.0,0.94,57.61,13.54,1.5,3.512,2.0,-1.0,13.54,0.024,0.221,3.0,2.0,0.0,0.0,25.75,25.87,25.19,25.51,25.58,27.67,25.46,25.76,25.45,36.77
2016-07-25 22:33:00-05:00,-11.524022,-4.987392,572490,28.37,0.0,0.272,27.83,0.316,,,,,,,,,,,-2147484000.0,,,,-7999.0,-7999.0,-7999.0,-7999.0,-7999.0,-7999.0,-7999.0,-7999.0,27.41,25.38,-0.038,0.0,0.0,0.0,60.0,59.9,74.7,0.0,276.0,275.0,277.0,0.0,0.0,0.0,618.0,1440464.0,42582.0,133173.0,1.0,0.979,0.748,0.921,0.006,0.007,0.009,0.009,0.013,0.01,0.01,0.0,0.0,0.0,0.0,0.0,0.0,0.0,52927.0,53728.0,53182.0,53018.0,54014.0,51391.0,46762.0,,0.0,0.0,,,2.0,-1.0,13.54,0.024,0.221,3.0,2.0,0.0,0.0,25.75,25.86,25.19,25.48,25.56,27.64,25.46,25.75,25.4,36.71
2016-07-25 22:34:00-05:00,-11.524022,-4.987392,572491,28.36,0.0,0.269,27.79,0.299,,,,,,,,,,,-2147484000.0,,,,-7999.0,-7999.0,-7999.0,-7999.0,-7999.0,-7999.0,-7999.0,-7999.0,27.36,25.36,-0.038,0.0,0.0,0.0,60.0,59.9,74.7,0.0,276.0,275.0,277.0,0.0,0.0,0.0,618.0,1440464.0,42582.0,133173.0,1.0,0.979,0.748,0.921,0.006,0.006,0.009,0.01,0.013,0.01,0.011,0.0,0.0,0.0,0.0,0.0,0.0,0.0,52927.0,53728.0,53182.0,53018.0,54014.0,51391.0,46762.0,,0.0,0.0,,,2.0,-1.0,13.54,0.024,0.221,3.0,2.0,0.0,0.0,25.75,25.84,25.14,25.43,25.54,27.54,25.4,25.64,25.38,36.71
2016-07-25 22:35:00-05:00,-11.76163,-4.987392,572492,28.34,0.0,0.271,27.76,0.309,,,,,,,,,,,-2147484000.0,,,,-7999.0,-7999.0,-7999.0,-7999.0,-7999.0,-7999.0,-7999.0,-7999.0,27.31,25.31,-0.038,0.0,0.0,0.0,60.0,59.9,74.7,0.0,276.0,275.0,277.0,0.0,0.0,0.0,618.0,1440464.0,42582.0,133173.0,1.0,0.979,0.748,0.921,0.006,0.008,0.009,0.01,0.013,0.01,0.01,0.0,0.0,0.0,0.0,0.0,0.0,0.0,52927.0,53728.0,53182.0,53018.0,54014.0,51391.0,46762.0,,0.0,0.0,,,2.5,-1.0,13.54,0.024,0.221,3.0,2.0,0.0,0.0,25.67,25.76,25.09,25.38,25.54,27.63,25.38,25.58,25.3,36.68
2016-07-25 22:36:00-05:00,-11.880434,-4.987392,572493,28.31,0.0,0.275,27.76,0.318,,,,,,,,,,,-2147484000.0,,,,-7999.0,-7999.0,-7999.0,-7999.0,-7999.0,-7999.0,-7999.0,-7999.0,27.3,25.24,-0.038,0.0,0.0,0.0,60.0,59.9,74.7,0.0,276.0,274.1,276.1,0.0,0.0,0.0,618.0,1440464.0,42582.0,133173.0,1.0,0.979,0.748,0.921,0.005,0.007,0.008,0.009,0.014,0.01,0.011,0.0,0.0,0.0,0.0,0.0,0.0,0.0,52927.0,53728.0,53182.0,53018.0,54014.0,51391.0,46762.0,,0.0,0.0,,,2.0,-1.0,13.54,0.024,0.221,3.0,2.0,0.0,0.0,25.65,25.76,25.09,25.38,25.48,27.72,25.3,25.58,25.3,36.61
2016-07-25 22:37:00-05:00,-11.880434,-4.987392,572494,28.3,0.0,0.279,27.74,0.308,,,,,,,,,,,-2147484000.0,,,,-7999.0,-7999.0,-7999.0,-7999.0,-7999.0,-7999.0,-7999.0,-7999.0,27.29,25.2,-0.038,0.0,0.0,0.0,60.0,59.9,74.7,0.0,275.0,274.0,276.0,0.0,0.0,0.0,618.0,1440464.0,42582.0,133173.0,1.0,0.979,0.748,0.921,0.006,0.006,0.009,0.01,0.013,0.009,0.011,0.0,0.0,0.0,0.0,0.0,0.0,0.0,52927.0,53728.0,53182.0,53018.0,54014.0,51391.0,46762.0,,0.0,0.0,,,2.0,-1.0,13.54,0.024,0.221,3.0,2.0,0.0,0.0,25.59,25.74,25.02,25.35,25.48,27.78,25.27,25.56,25.3,36.61
2016-07-25 22:38:00-05:00,-11.524022,-4.987392,572495,28.27,0.0,0.283,27.72,0.382,,,,,,,,,,,-2147484000.0,,,,-7999.0,-7999.0,-7999.0,-7999.0,-7999.0,-7999.0,-7999.0,-7999.0,27.33,25.25,-0.037,0.0,0.0,0.0,60.0,59.9,74.7,0.0,275.0,274.0,276.0,0.0,0.0,0.0,618.0,1440464.0,42582.0,133173.0,1.0,0.979,0.748,0.921,0.006,0.007,0.009,0.009,0.013,0.009,0.01,0.0,0.0,0.0,0.0,0.0,0.0,0.0,52927.0,53728.0,53182.0,53018.0,54014.0,51391.0,46762.0,,0.0,0.0,,,2.0,-1.0,13.54,0.024,0.221,3.0,2.0,0.0,0.0,25.64,25.66,24.99,25.28,25.48,27.72,25.22,25.58,25.3,36.53
2016-07-25 22:39:00-05:00,-11.524022,-4.987392,572496,28.26,0.0,0.283,27.72,0.294,,,,,,,,,,,-2147484000.0,,,,-7999.0,-7999.0,-7999.0,-7999.0,-7999.0,-7999.0,-7999.0,-7999.0,27.3,25.23,-0.037,0.0,0.0,0.0,60.0,59.9,74.7,0.0,275.0,274.0,276.0,0.0,0.0,0.0,618.0,1440464.0,42582.0,133173.0,1.0,0.979,0.748,0.921,0.005,0.008,0.008,0.01,0.012,0.011,0.01,0.0,0.0,0.0,0.0,0.0,0.0,0.0,52927.0,53728.0,53182.0,53018.0,54014.0,51391.0,46762.0,,0.0,0.0,,,2.0,-1.0,13.54,0.024,0.221,3.0,2.0,0.0,0.0,25.57,25.66,25.04,25.35,25.51,27.87,25.28,25.66,25.3,36.51
2016-07-25 22:40:00-05:00,-11.048804,-4.651163,572497,28.23,0.0,0.285,27.71,0.307,,,,,,,,,,,-2147484000.0,,,,-7999.0,-7999.0,-7999.0,-7999.0,-7999.0,-7999.0,-7999.0,-7999.0,27.28,25.2,-0.038,0.0,0.0,0.0,60.0,59.9,74.7,0.0,275.0,274.0,276.0,0.0,0.0,0.0,618.0,1440464.0,42582.0,133173.0,1.0,0.979,0.748,0.921,0.006,0.007,0.008,0.01,0.013,0.01,0.01,0.0,0.0,0.0,0.0,0.0,0.0,0.0,52927.0,53728.0,53182.0,53018.0,54014.0,51391.0,46762.0,,0.0,0.0,,,2.0,-1.0,13.54,0.024,0.221,3.0,2.0,0.0,0.0,25.56,25.71,25.09,25.38,25.51,27.85,25.33,25.67,25.34,36.5
2016-07-25 22:41:00-05:00,-10.692391,-4.539087,572498,28.21,0.0,0.288,27.72,0.296,,,,,,,,,,,-2147484000.0,,,,-7999.0,-7999.0,-7999.0,-7999.0,-7999.0,-7999.0,-7999.0,-7999.0,27.31,25.21,-0.034,0.0,0.0,0.0,60.0,59.9,74.7,0.0,275.0,273.9,275.9,0.0,0.0,0.0,618.0,1440464.0,42582.0,133173.0,1.0,0.979,0.748,0.921,0.006,0.007,0.008,0.009,0.013,0.01,0.011,0.0,0.0,0.0,0.0,0.0,0.0,0.0,52927.0,53728.0,53182.0,53018.0,54014.0,51391.0,46762.0,,0.0,0.0,,,2.0,-1.0,13.54,0.024,0.221,3.0,2.0,0.0,0.0,25.56,25.76,25.09,25.38,25.58,27.87,25.36,25.72,25.34,36.42
2016-07-25 22:42:00-05:00,-10.692391,-4.3149343,572499,28.19,0.0,0.291,27.69,0.287,,,,,,,,,,,-2147484000.0,,,,-7999.0,-7999.0,-7999.0,-7999.0,-7999.0,-7999.0,-7999.0,-7999.0,27.28,25.15,-0.036,0.0,0.0,0.0,60.0,59.9,74.7,0.0,274.8,273.0,275.0,0.0,0.0,0.0,618.0,1440464.0,42582.0,133173.0,1.0,0.979,0.748,0.921,0.006,0.007,0.008,0.009,0.013,0.009,0.01,0.0,0.0,0.0,0.0,0.0,0.0,0.0,52927.0,53728.0,53182.0,53018.0,54014.0,51391.0,46762.0,,0.0,0.0,,,2.5,-1.0,13.54,0.024,0.221,3.0,2.0,0.0,0.0,25.56,25.66,25.02,25.38,25.58,27.82,25.33,25.66,25.37,36.42
2016-07-25 22:43:00-05:00,-10.692391,-4.2028584,572500,28.17,0.0,0.293,27.72,0.342,,,,,,,,,,,-2147484000.0,,,,-7999.0,-7999.0,-7999.0,-7999.0,-7999.0,-7999.0,-7999.0,-7999.0,27.25,25.11,-0.038,0.0,0.0,0.0,60.0,59.9,74.7,0.0,275.0,273.0,275.0,0.0,0.0,0.0,618.0,1440464.0,42582.0,133173.0,1.0,0.979,0.748,0.921,0.006,0.007,0.009,0.01,0.013,0.01,0.011,0.0,0.0,0.0,0.0,0.0,0.0,0.0,52927.0,53728.0,53182.0,53018.0,54014.0,51391.0,46762.0,,0.0,0.0,,,2.0,-1.0,13.54,0.024,0.221,3.0,2.0,0.0,0.0,25.47,25.66,24.99,25.38,25.58,27.82,25.28,25.67,25.27,36.42
2016-07-25 22:44:00-05:00,-10.692391,-4.2028584,572501,28.15,0.0,0.295,27.68,0.319,,,,,,,,,,,-2147484000.0,,,,-7999.0,-7999.0,-7999.0,-7999.0,-7999.0,-7999.0,-7999.0,-7999.0,27.24,25.1,-0.038,0.0,0.0,0.0,60.0,59.9,74.7,0.0,275.0,273.1,275.0,0.0,0.0,0.0,618.0,1440464.0,42582.0,133173.0,1.0,0.979,0.748,0.921,0.005,0.007,0.008,0.01,0.013,0.01,0.011,0.0,0.0,0.0,0.0,0.0,0.0,0.0,52927.0,53728.0,53182.0,53018.0,54014.0,51391.0,46762.0,,0.0,0.0,,,2.0,-1.0,13.54,0.024,0.221,3.0,2.0,0.0,0.0,25.47,25.66,25.01,25.38,25.58,27.58,25.28,25.66,25.29,36.37
2016-07-25 22:45:00-05:00,-10.692391,-4.2028584,572502,28.14,0.0,0.296,27.67,0.304,,,,,,,,,,,-2147484000.0,,,,-7999.0,-7999.0,-7999.0,-7999.0,-7999.0,-7999.0,-7999.0,-7999.0,27.25,25.1,-0.037,0.0,0.0,0.0,60.0,59.9,74.7,0.0,275.0,273.6,275.0,0.0,0.0,0.0,618.0,1440464.0,42582.0,133173.0,1.0,0.979,0.748,0.921,0.006,0.007,0.008,0.009,0.013,0.01,0.011,0.0,0.0,0.0,0.0,0.0,0.0,0.0,52927.0,53728.0,53182.0,53018.0,54014.0,51391.0,46762.0,,0.0,0.0,,,2.5,-1.0,13.54,0.024,0.221,3.0,2.0,0.0,0.0,25.46,25.66,25.04,25.35,25.58,27.55,25.28,25.67,25.28,36.32
2016-07-25 22:46:00-05:00,-10.692391,-4.2028584,572503,28.11,0.0,0.298,27.62,0.299,,,,,,,,,,,-2147484000.0,,,,-7999.0,-7999.0,-7999.0,-7999.0,-7999.0,-7999.0,-7999.0,-7999.0,27.24,25.11,-0.037,0.0,0.0,0.0,60.0,59.9,74.7,0.0,277.1,275.7,277.4,0.0,0.0,0.0,618.0,1440464.0,42582.0,133173.0,1.0,0.979,0.748,0.921,0.006,0.007,0.009,0.009,0.012,0.01,0.01,0.0,0.0,0.0,0.0,0.0,0.0,0.0,52927.0,53728.0,53182.0,53018.0,54014.0,51391.0,46762.0,,0.0,0.0,,,2.0,-1.0,13.54,0.024,0.221,3.0,2.0,0.0,0.0,25.46,25.66,24.99,25.35,25.58,27.67,25.3,25.69,25.31,36.32
2016-07-25 22:47:00-05:00,-10.692391,-4.2028584,572504,28.1,0.0,0.299,27.66,0.368,,,,,,,,,,,-2147484000.0,,,,-7999.0,-7999.0,-7999.0,-7999.0,-7999.0,-7999.0,-7999.0,-7999.0,27.22,25.14,-0.038,0.0,0.0,0.0,60.0,59.9,74.7,0.0,278.0,277.0,278.7,0.0,0.0,0.0,618.0,1440464.0,42582.0,133173.0,1.0,0.979,0.748,0.921,0.005,0.006,0.007,0.009,0.013,0.01,0.01,0.0,0.0,0.0,0.0,0.0,0.0,0.0,52927.0,53728.0,53182.0,53018.0,54014.0,51391.0,46762.0,,0.0,0.0,,,2.5,-1.0,13.54,0.024,0.221,3.0,2.0,0.0,0.0,25.46,25.66,25.04,25.36,25.54,27.79,25.36,25.72,25.31,36.3
2016-07-25 22:48:00-05:00,-10.692391,-4.2028584,572505,28.07,0.0,0.3,27.59,0.324,,,,,,,,,,,-2147484000.0,,,,-7999.0,-7999.0,-7999.0,-7999.0,-7999.0,-7999.0,-7999.0,-7999.0,27.19,25.11,-0.037,0.0,0.0,0.0,60.0,59.9,74.7,0.0,278.0,277.0,279.0,0.0,0.0,0.0,618.0,1440464.0,42582.0,133173.0,1.0,0.979,0.748,0.921,0.006,0.007,0.007,0.009,0.013,0.009,0.011,0.0,0.0,0.0,0.0,0.0,0.0,0.0,52927.0,53728.0,53182.0,53018.0,54014.0,51391.0,46762.0,,0.0,0.0,,,2.0,-1.0,13.54,0.024,0.221,3.0,2.0,0.0,0.0,25.46,25.66,24.99,25.35,25.49,27.86,25.33,25.67,25.31,36.22
2016-07-25 22:49:00-05:00,-10.692391,-4.2028584,572506,28.05,0.0,0.301,27.59,0.292,,,,,,,,,,,-2147484000.0,,,,-7999.0,-7999.0,-7999.0,-7999.0,-7999.0,-7999.0,-7999.0,-7999.0,27.17,25.07,-0.036,0.0,0.0,0.0,60.0,59.9,74.7,0.0,278.0,277.0,279.0,0.0,0.0,0.0,618.0,1440464.0,42582.0,133173.0,1.0,0.979,0.748,0.921,0.005,0.007,0.008,0.009,0.013,0.009,0.011,0.0,0.0,0.0,0.0,0.0,0.0,0.0,52927.0,53728.0,53182.0,53018.0,54014.0,51391.0,46762.0,,0.0,0.0,,,2.0,-1.0,13.54,0.024,0.221,3.0,2.0,0.0,0.0,25.43,25.66,24.99,25.35,25.48,27.89,25.32,25.67,25.36,36.22
2016-07-25 22:50:00-05:00,-10.692391,-4.2028584,572507,28.04,0.0,0.301,27.58,0.304,,,,,,,,,,,-2147484000.0,,,,-7999.0,-7999.0,-7999.0,-7999.0,-7999.0,-7999.0,-7999.0,-7999.0,27.17,25.09,-0.038,0.0,0.0,0.0,60.0,59.9,74.7,0.0,278.0,277.0,279.0,0.0,0.0,0.0,618.0,1440464.0,42582.0,133173.0,1.0,0.979,0.748,0.921,0.005,0.006,0.007,0.009,0.013,0.009,0.011,0.0,0.0,0.0,0.0,0.0,0.0,0.0,52927.0,53728.0,53182.0,53018.0,54014.0,51391.0,46762.0,0.593,53.26,47.53,1.0,3.512,2.0,-1.0,13.54,0.023,0.221,3.0,2.0,0.0,0.0,25.44,25.6,24.99,25.32,25.48,27.91,25.32,25.67,25.4,36.2
2016-07-25 22:51:00-05:00,-10.692391,-4.3149343,572508,28.01,0.0,0.297,27.58,0.363,,,,,,,,,,,-2147484000.0,,,,-7999.0,-7999.0,-7999.0,-7999.0,-7999.0,-7999.0,-7999.0,-7999.0,27.17,25.08,-0.036,0.0,0.0,0.0,60.0,59.9,74.7,0.0,278.0,277.0,279.0,0.0,0.0,0.0,618.0,1440464.0,42582.0,133173.0,1.0,0.979,0.748,0.921,0.005,0.007,0.008,0.01,0.013,0.009,0.01,0.0,0.0,0.0,0.0,0.0,0.0,0.0,52927.0,53728.0,53182.0,53018.0,54014.0,51391.0,46762.0,0.553,22.47,29.6,0.9,3.512,2.0,-1.0,13.54,0.023,0.221,3.0,2.0,0.0,0.0,25.39,25.57,24.99,25.27,25.38,27.87,25.23,25.58,25.31,36.19
2016-07-25 22:52:00-05:00,-10.692391,-4.2028584,572509,28.0,0.0,0.298,27.58,0.308,,,,,,,,,,,-2147484000.0,,,,-7999.0,-7999.0,-7999.0,-7999.0,-7999.0,-7999.0,-7999.0,-7999.0,27.18,25.08,-0.038,0.0,0.0,0.0,60.0,59.9,74.7,0.0,278.0,277.0,279.0,0.0,0.0,0.0,618.0,1440464.0,42582.0,133173.0,1.0,0.979,0.748,0.921,0.005,0.007,0.008,0.01,0.013,0.009,0.01,0.0,0.0,0.0,0.0,0.0,0.0,0.0,52927.0,53728.0,53182.0,53018.0,54014.0,51391.0,46762.0,,0.0,0.0,,,2.0,-1.0,13.54,0.023,0.221,3.0,2.0,0.0,0.0,25.36,25.57,24.92,25.2,25.38,27.97,25.21,25.58,25.31,36.12
2016-07-25 22:53:00-05:00,-10.811195,-4.2028584,572510,27.98,0.0,0.299,27.56,0.295,,,,,,,,,,,-2147484000.0,,,,-7999.0,-7999.0,-7999.0,-7999.0,-7999.0,-7999.0,-7999.0,-7999.0,27.16,25.07,-0.037,0.0,0.0,0.0,60.0,59.9,74.7,0.0,278.1,277.0,279.0,0.0,0.0,0.0,618.0,1440464.0,42582.0,133173.0,1.0,0.979,0.748,0.921,0.005,0.007,0.009,0.01,0.013,0.01,0.01,0.0,0.0,0.0,0.0,0.0,0.0,0.0,52927.0,53728.0,53182.0,53018.0,54014.0,51391.0,46762.0,0.642,17.29,32.43,1.2,3.512,2.0,-1.0,13.54,0.023,0.221,3.0,2.0,0.0,0.0,25.38,25.57,24.93,25.23,25.38,27.93,25.24,25.55,25.31,36.12
2016-07-25 22:54:00-05:00,-11.048804,-4.2028584,572511,27.95,0.0,0.3,27.54,0.299,,,,,,,,,,,-2147484000.0,,,,-7999.0,-7999.0,-7999.0,-7999.0,-7999.0,-7999.0,-7999.0,-7999.0,27.16,25.1,-0.038,0.0,0.0,0.0,60.0,59.9,74.7,0.0,278.2,277.0,279.0,0.0,0.0,0.0,618.0,1440464.0,42582.0,133173.0,1.0,0.979,0.748,0.921,0.005,0.006,0.008,0.01,0.013,0.01,0.01,0.0,0.0,0.0,0.0,0.0,0.0,0.0,52927.0,53728.0,53182.0,53018.0,54014.0,51391.0,46762.0,0.428,91.5,26.45,0.8,3.512,2.0,-1.0,13.54,0.023,0.221,3.0,2.0,0.0,0.0,25.43,25.57,24.89,25.19,25.38,27.83,25.19,25.48,25.29,36.02
2016-07-25 22:55:00-05:00,-11.167608,-4.2028584,572512,27.94,0.0,0.301,27.53,0.305,,,,,,,,,,,-2147484000.0,,,,-7999.0,-7999.0,-7999.0,-7999.0,-7999.0,-7999.0,-7999.0,-7999.0,27.07,25.02,-0.038,0.0,0.0,0.0,60.0,59.9,74.7,0.0,278.8,277.0,279.0,0.0,0.0,0.0,618.0,1440464.0,42582.0,133173.0,1.0,0.979,0.748,0.921,0.006,0.007,0.008,0.009,0.013,0.009,0.01,0.0,0.0,0.0,0.0,0.0,0.0,0.0,52927.0,53728.0,53182.0,53018.0,54014.0,51391.0,46762.0,,0.0,0.0,,,2.0,-1.0,13.54,0.023,0.221,3.0,2.0,0.0,0.0,25.36,25.47,24.84,25.19,25.38,27.77,25.19,25.45,25.21,36.02
2016-07-25 22:56:00-05:00,-11.167608,-4.4270105,572513,27.91,0.0,0.299,27.45,0.317,,,,,,,,,,,-2147484000.0,,,,-7999.0,-7999.0,-7999.0,-7999.0,-7999.0,-7999.0,-7999.0,-7999.0,27.0,24.98,-0.038,0.0,0.0,0.0,60.0,59.9,74.7,0.0,278.0,277.0,278.1,0.0,0.0,0.0,618.0,1440464.0,42582.0,133173.0,1.0,0.979,0.748,0.921,0.005,0.006,0.009,0.009,0.012,0.009,0.011,0.0,0.0,0.0,0.0,0.0,0.0,0.0,52927.0,53728.0,53182.0,53018.0,54014.0,51391.0,46762.0,,0.0,0.0,,,2.0,-1.0,13.54,0.023,0.221,3.0,2.0,0.0,0.0,25.36,25.47,24.8,25.09,25.33,27.74,25.09,25.38,25.2,36.02
2016-07-25 22:57:00-05:00,-11.167608,-4.539087,572514,27.91,0.0,0.297,27.38,0.292,,,,,,,,,,,-2147484000.0,,,,-7999.0,-7999.0,-7999.0,-7999.0,-7999.0,-7999.0,-7999.0,-7999.0,26.97,24.92,-0.036,0.0,0.0,0.0,60.0,59.9,74.7,0.0,278.0,276.9,278.0,0.0,0.0,0.0,618.0,1440464.0,42582.0,133173.0,1.0,0.979,0.748,0.921,0.006,0.007,0.008,0.01,0.013,0.009,0.011,0.0,0.0,0.0,0.0,0.0,0.0,0.0,52927.0,53728.0,53182.0,53018.0,54014.0,51391.0,46762.0,,0.0,0.0,,,2.0,-1.0,13.54,0.023,0.221,3.0,2.0,0.0,0.0,25.31,25.44,24.8,25.09,25.23,27.77,25.09,25.34,25.12,35.99
2016-07-25 22:58:00-05:00,-11.167608,-4.539087,572515,27.88,0.0,0.298,27.35,0.305,,,,,,,,,,,-2147484000.0,,,,-7999.0,-7999.0,-7999.0,-7999.0,-7999.0,-7999.0,-7999.0,-7999.0,26.9,24.88,-0.038,0.0,0.0,0.0,60.0,59.9,74.7,0.0,278.0,277.0,278.5,0.0,0.0,0.0,618.0,1440464.0,42582.0,133173.0,1.0,0.979,0.748,0.921,0.006,0.007,0.008,0.009,0.013,0.009,0.009,0.0,0.0,0.0,0.0,0.0,0.0,0.0,52927.0,53728.0,53182.0,53018.0,54014.0,51391.0,46762.0,,0.0,0.0,,,2.0,-1.0,13.54,0.023,0.221,3.0,2.0,0.0,0.0,25.26,25.37,24.71,25.02,25.19,27.78,24.99,25.28,25.12,35.93
2016-07-25 22:59:00-05:00,-11.167608,-4.539087,572516,27.86,0.0,0.3,27.28,0.368,,,,,,,,,,,-2147484000.0,,,,-7999.0,-7999.0,-7999.0,-7999.0,-7999.0,-7999.0,-7999.0,-7999.0,26.85,24.82,-0.037,0.0,0.0,0.0,60.0,59.9,74.7,0.0,278.0,277.0,278.9,0.0,0.0,0.0,618.0,1440464.0,42582.0,133173.0,1.0,0.979,0.748,0.921,0.006,0.007,0.008,0.009,0.013,0.009,0.01,0.0,0.0,0.0,0.0,0.0,0.0,0.0,52927.0,53728.0,53182.0,53018.0,54014.0,51391.0,46762.0,,0.0,0.0,,,2.0,-1.0,13.54,0.023,0.221,3.0,2.0,0.0,0.0,25.2,25.32,24.7,24.99,25.19,27.72,24.99,25.25,25.02,35.93
2016-07-25 23:00:00-05:00,-11.286413,-4.539087,572517,27.85,0.0,0.3,27.22,0.343,,,,,,,,,,,-2147484000.0,,,,-7999.0,-7999.0,-7999.0,-7999.0,-7999.0,-7999.0,-7999.0,-7999.0,26.77,24.78,-0.038,0.0,0.0,0.0,60.0,59.9,74.7,0.0,278.0,277.0,279.0,0.0,0.0,0.0,618.0,1440464.0,42582.0,133173.0,1.0,0.979,0.748,0.921,0.005,0.007,0.008,0.009,0.012,0.009,0.01,0.0,0.0,0.0,0.0,0.0,0.0,0.0,52927.0,53728.0,53182.0,53018.0,54014.0,51391.0,46762.0,0.525,142.9,19.51,1.0,3.512,2.0,-1.0,13.54,0.023,0.221,3.0,2.0,0.0,0.0,25.17,25.27,24.68,24.99,25.17,27.68,24.99,25.19,25.02,35.91
2016-07-25 23:01:00-05:00,-11.524022,-4.539087,572518,27.83,0.0,0.301,27.16,0.349,,,,,,,,,,,-2147484000.0,,,,-7999.0,-7999.0,-7999.0,-7999.0,-7999.0,-7999.0,-7999.0,-7999.0,26.72,24.74,-0.037,0.0,0.0,0.0,60.0,59.9,74.7,0.0,278.0,277.0,279.0,0.0,0.0,0.0,618.0,1440464.0,42582.0,133173.0,1.0,0.979,0.748,0.921,0.006,0.006,0.009,0.009,0.013,0.009,0.011,0.0,0.0,0.0,0.0,0.0,0.0,0.0,52927.0,53728.0,53182.0,53018.0,54014.0,51391.0,46762.0,0.407,159.0,24.97,0.6,3.512,2.0,-1.0,13.54,0.023,0.221,3.0,2.0,0.0,0.0,25.17,25.26,24.67,24.94,25.09,27.64,24.89,25.19,24.96,35.83
2016-07-25 23:02:00-05:00,-11.405217,-4.539087,572519,27.8,0.0,0.302,27.12,0.377,,,,,,,,,,,-2147484000.0,,,,-7999.0,-7999.0,-7999.0,-7999.0,-7999.0,-7999.0,-7999.0,-7999.0,26.67,24.68,-0.038,0.0,0.0,0.0,60.0,59.9,74.7,0.0,278.6,277.0,279.0,0.0,0.0,0.0,618.0,1440464.0,42582.0,133173.0,1.0,0.979,0.748,0.921,0.005,0.006,0.008,0.009,0.012,0.01,0.01,0.0,0.0,0.0,0.0,0.0,0.0,0.0,52927.0,53728.0,53182.0,53018.0,54014.0,51391.0,46762.0,0.242,183.3,76.05,0.5,3.512,2.0,-1.0,13.54,0.023,0.221,3.0,2.0,0.0,0.0,25.07,25.27,24.63,24.89,25.19,27.64,24.89,25.19,24.92,35.83
2016-07-25 23:03:00-05:00,-11.167608,-4.539087,572520,27.78,0.0,0.302,27.1,0.367,,,,,,,,,,,-2147484000.0,,,,-7999.0,-7999.0,-7999.0,-7999.0,-7999.0,-7999.0,-7999.0,-7999.0,26.63,24.61,-0.037,0.0,0.0,0.0,60.0,59.9,74.7,0.0,279.0,277.0,279.0,0.0,0.0,0.0,618.0,1440464.0,42582.0,133173.0,1.0,0.979,0.748,0.921,0.005,0.006,0.009,0.009,0.012,0.009,0.01,0.0,0.0,0.0,0.0,0.0,0.0,0.0,52927.0,53728.0,53182.0,53018.0,54014.0,51391.0,46762.0,0.312,178.4,51.74,0.6,3.512,2.0,-1.0,13.54,0.023,0.221,3.0,2.0,0.0,0.0,25.07,25.18,24.6,24.89,25.1,27.62,24.89,25.09,24.92,35.81
2016-07-25 23:04:00-05:00,-11.167608,-4.539087,572521,27.77,0.0,0.303,27.1,0.373,,,,,,,,,,,-2147484000.0,,,,-7999.0,-7999.0,-7999.0,-7999.0,-7999.0,-7999.0,-7999.0,-7999.0,26.64,24.61,-0.037,0.0,0.0,0.0,60.0,59.9,74.7,0.0,279.0,277.4,279.0,0.0,0.0,0.0,618.0,1440464.0,42582.0,133173.0,1.0,0.979,0.748,0.921,0.006,0.006,0.009,0.009,0.013,0.009,0.01,0.0,0.0,0.0,0.0,0.0,0.0,0.0,52927.0,53728.0,53182.0,53018.0,54014.0,51391.0,46762.0,0.347,168.4,37.3,0.8,3.512,2.0,-1.0,13.54,0.023,0.221,3.0,2.0,0.0,0.0,25.07,25.18,24.6,24.93,25.09,27.42,24.89,25.1,24.92,35.76
2016-07-25 23:05:00-05:00,-11.167608,-4.539087,572522,27.75,0.0,0.303,27.08,0.399,,,,,,,,,,,-2147484000.0,,,,-7999.0,-7999.0,-7999.0,-7999.0,-7999.0,-7999.0,-7999.0,-7999.0,26.65,24.63,-0.037,0.0,0.0,0.0,60.0,59.9,74.7,0.0,279.0,277.7,279.0,0.0,0.0,0.0,618.0,1440464.0,42582.0,133173.0,1.0,0.979,0.748,0.921,0.005,0.008,0.008,0.009,0.012,0.009,0.01,0.0,0.0,0.0,0.0,0.0,0.0,0.0,52927.0,53728.0,53182.0,53018.0,54014.0,51391.0,46762.0,0.31,345.0,54.6,0.7,3.512,2.0,-1.0,13.54,0.023,0.221,3.0,2.0,0.0,0.0,25.09,25.19,24.62,24.89,25.17,27.34,24.89,25.09,24.92,35.73
2016-07-25 23:06:00-05:00,-11.167608,-4.3149343,572523,27.72,0.0,0.303,27.15,0.397,,,,,,,,,,,-2147484000.0,,,,-7999.0,-7999.0,-7999.0,-7999.0,-7999.0,-7999.0,-7999.0,-7999.0,26.73,24.67,-0.038,0.0,0.0,0.0,60.0,59.9,74.7,0.0,277.5,276.0,277.7,0.0,0.0,0.0,618.0,1440464.0,42582.0,133173.0,1.0,0.979,0.748,0.921,0.005,0.006,0.008,0.009,0.012,0.009,0.01,0.0,0.0,0.0,0.0,0.0,0.0,0.0,52927.0,53728.0,53182.0,53018.0,54014.0,51391.0,46762.0,,0.0,0.0,,,2.0,-1.0,13.54,0.023,0.221,3.0,2.0,0.0,0.0,25.07,25.22,24.6,24.89,25.15,27.34,24.86,25.09,24.87,35.68
2016-07-25 23:07:00-05:00,-11.167608,-4.2028584,572524,27.71,0.0,0.304,27.22,0.38,,,,,,,,,,,-2147484000.0,,,,-7999.0,-7999.0,-7999.0,-7999.0,-7999.0,-7999.0,-7999.0,-7999.0,26.8,24.69,-0.037,0.0,0.0,0.0,60.0,59.9,74.7,0.0,277.0,275.0,277.0,0.0,0.0,0.0,618.0,1440464.0,42582.0,133173.0,1.0,0.979,0.748,0.921,0.005,0.007,0.008,0.009,0.012,0.01,0.009,0.0,0.0,0.0,0.0,0.0,0.0,0.0,52927.0,53728.0,53182.0,53018.0,54014.0,51391.0,46762.0,0.467,10.57,48.72,0.8,3.512,2.0,-1.0,13.54,0.023,0.221,3.0,2.0,0.0,0.0,25.07,25.19,24.62,24.89,25.1,27.38,24.8,25.09,24.82,35.63
2016-07-25 23:08:00-05:00,-11.167608,-4.4270105,572525,27.69,0.0,0.304,27.24,0.397,,,,,,,,,,,-2147484000.0,,,,-7999.0,-7999.0,-7999.0,-7999.0,-7999.0,-7999.0,-7999.0,-7999.0,26.81,24.65,-0.038,0.0,0.0,0.0,60.0,59.9,74.7,0.0,276.4,275.0,277.0,0.0,0.0,0.0,618.0,1440464.0,42582.0,133173.0,1.0,0.979,0.748,0.921,0.005,0.007,0.007,0.009,0.013,0.01,0.011,0.0,0.0,0.0,0.0,0.0,0.0,0.0,52927.0,53728.0,53182.0,53018.0,54014.0,51391.0,46762.0,0.492,60.67,31.81,0.9,3.51,2.0,-1.0,13.54,0.023,0.221,3.0,2.0,0.0,0.0,25.07,25.13,24.55,24.87,25.09,27.43,24.8,25.09,24.82,35.63
2016-07-25 23:09:00-05:00,-10.93,-4.4270105,572526,27.66,0.0,0.304,27.19,0.358,,,,,,,,,,,-2147484000.0,,,,-7999.0,-7999.0,-7999.0,-7999.0,-7999.0,-7999.0,-7999.0,-7999.0,26.77,24.64,-0.038,0.0,0.0,0.0,60.0,59.9,74.7,0.0,276.1,275.0,277.0,0.0,0.0,0.0,618.0,1440464.0,42582.0,133173.0,1.0,0.979,0.748,0.921,0.005,0.006,0.008,0.009,0.012,0.009,0.01,0.0,0.0,0.0,0.0,0.0,0.0,0.0,52927.0,53728.0,53182.0,53018.0,54014.0,51391.0,46762.0,0.652,32.17,70.36,2.2,3.512,2.0,-1.0,13.54,0.023,0.221,3.0,2.0,0.0,0.0,25.0,25.08,24.55,24.8,25.06,27.54,24.8,25.02,24.81,35.63
2016-07-25 23:10:00-05:00,-10.692391,-4.2028584,572527,27.66,0.0,0.304,27.15,0.339,,,,,,,,,,,-2147484000.0,,,,-7999.0,-7999.0,-7999.0,-7999.0,-7999.0,-7999.0,-7999.0,-7999.0,26.73,24.62,-0.036,0.0,0.0,0.0,60.0,59.9,74.7,0.0,276.4,275.0,277.0,0.0,0.0,0.0,618.0,1440464.0,42582.0,133173.0,1.0,0.979,0.748,0.921,0.006,0.007,0.008,0.008,0.013,0.009,0.011,0.0,0.0,0.0,0.0,0.0,0.0,0.0,52927.0,53728.0,53182.0,53018.0,54014.0,51391.0,46762.0,0.982,57.67,15.01,1.6,3.512,2.0,-1.0,13.54,0.023,0.221,3.0,2.0,0.0,0.0,24.97,25.18,24.59,24.83,25.06,27.57,24.8,25.06,24.82,35.55
2016-07-25 23:11:00-05:00,-10.692391,-4.2028584,572528,27.63,0.0,0.304,27.15,0.355,,,,,,,,,,,-2147484000.0,,,,-7999.0,-7999.0,-7999.0,-7999.0,-7999.0,-7999.0,-7999.0,-7999.0,26.73,24.64,-0.037,0.0,0.0,0.0,60.0,59.9,74.7,0.0,276.9,275.0,277.0,0.0,0.0,0.0,618.0,1440464.0,42582.0,133173.0,1.0,0.979,0.748,0.921,0.005,0.006,0.008,0.009,0.013,0.009,0.01,0.0,0.0,0.0,0.0,0.0,0.0,0.0,52927.0,53728.0,53182.0,53018.0,54014.0,51391.0,46762.0,0.498,64.81,33.66,0.7,3.51,2.0,-1.0,13.54,0.023,0.221,3.0,2.0,0.0,0.0,24.97,25.08,24.57,24.83,25.01,27.47,24.8,24.99,24.81,35.53
2016-07-25 23:12:00-05:00,-10.811195,-4.2028584,572529,27.62,0.0,0.305,27.15,0.339,,,,,,,,,,,-2147484000.0,,,,-7999.0,-7999.0,-7999.0,-7999.0,-7999.0,-7999.0,-7999.0,-7999.0,26.68,24.6,-0.038,0.0,0.0,0.0,60.0,59.9,74.7,0.0,277.0,275.0,277.0,0.0,0.0,0.0,618.0,1440464.0,42582.0,133173.0,1.0,0.979,0.748,0.921,0.005,0.006,0.008,0.009,0.013,0.009,0.01,0.0,0.0,0.0,0.0,0.0,0.0,0.0,52927.0,53728.0,53182.0,53018.0,54014.0,51391.0,46762.0,0.908,19.14,35.75,1.7,3.512,2.0,-1.0,13.54,0.022,0.221,3.0,2.0,0.0,0.0,24.99,25.08,24.55,24.87,25.05,27.38,24.78,24.99,24.81,35.52
2016-07-25 23:13:00-05:00,-11.167608,-4.4270105,572530,27.59,0.0,0.305,27.11,0.377,,,,,,,,,,,-2147484000.0,,,,-7999.0,-7999.0,-7999.0,-7999.0,-7999.0,-7999.0,-7999.0,-7999.0,26.67,24.61,-0.038,0.0,0.0,0.0,60.0,59.9,74.7,0.0,277.0,275.0,277.0,0.0,0.0,0.0,618.0,1440464.0,42582.0,133173.0,1.0,0.979,0.748,0.921,0.006,0.007,0.009,0.009,0.012,0.01,0.01,0.0,0.0,0.0,0.0,0.0,0.0,0.0,52927.0,53728.0,53182.0,53018.0,54014.0,51391.0,46762.0,0.62,74.11,65.13,1.5,3.512,2.0,-1.0,13.54,0.044,0.221,3.0,2.0,0.0,0.0,24.97,25.08,24.61,24.87,25.08,27.31,24.76,24.99,24.82,35.44
2016-07-25 23:14:00-05:00,-11.167608,-4.539087,572531,27.58,0.0,0.305,27.1,0.378,,,,,,,,,,,-2147484000.0,,,,-7999.0,-7999.0,-7999.0,-7999.0,-7999.0,-7999.0,-7999.0,-7999.0,26.63,24.59,-0.038,0.0,0.0,0.0,60.0,59.9,74.7,0.0,277.0,275.3,277.0,0.0,0.0,0.0,618.0,1440464.0,42582.0,133173.0,1.0,0.979,0.748,0.921,0.005,0.007,0.008,0.009,0.012,0.009,0.01,0.0,0.0,0.0,0.0,0.0,0.0,0.0,52927.0,53728.0,53182.0,53018.0,54014.0,51391.0,46762.0,1.005,129.1,27.53,2.2,3.512,2.0,-1.0,13.57,0.031,0.22,3.0,2.0,0.0,0.0,24.99,25.08,24.51,24.73,25.05,27.3,24.72,24.94,24.74,35.44
2016-07-25 23:15:00-05:00,-10.93,-4.2028584,572532,27.56,0.0,0.305,27.0,0.387,,,,,,,,,,,-2147484000.0,,,,-7999.0,-7999.0,-7999.0,-7999.0,-7999.0,-7999.0,-7999.0,-7999.0,26.58,24.58,-0.038,0.0,0.0,0.0,60.0,59.9,74.7,0.0,277.0,275.9,277.0,0.0,0.0,0.0,618.0,1440464.0,42582.0,133173.0,1.0,0.979,0.748,0.921,0.005,0.006,0.008,0.008,0.013,0.009,0.009,0.0,0.0,0.0,0.0,0.0,0.0,0.0,52927.0,53728.0,53182.0,53018.0,54014.0,51391.0,46762.0,,0.0,0.0,,,2.0,-1.0,13.57,0.026,0.22,3.0,2.0,0.0,0.0,24.99,25.1,24.51,24.8,24.98,27.59,24.72,24.97,24.73,35.44
2016-07-25 23:16:00-05:00,-10.811195,-4.2028584,572533,27.53,0.0,0.305,26.97,0.397,,,,,,,,,,,-2147484000.0,,,,-7999.0,-7999.0,-7999.0,-7999.0,-7999.0,-7999.0,-7999.0,-7999.0,26.51,24.56,-0.038,0.0,0.0,0.0,60.0,59.9,74.7,0.0,276.3,275.2,277.0,0.0,0.0,0.0,618.0,1440464.0,42582.0,133173.0,1.0,0.979,0.748,0.921,0.005,0.007,0.007,0.009,0.013,0.008,0.01,0.0,0.0,0.0,0.0,0.0,0.0,0.0,52927.0,53728.0,53182.0,53018.0,54014.0,51391.0,46762.0,0.62,160.1,68.96,1.4,3.512,2.0,-1.0,13.57,0.025,0.22,3.0,2.0,0.0,0.0,24.87,25.08,24.51,24.87,24.98,27.59,24.71,24.95,24.73,35.36
2016-07-25 23:17:00-05:00,-10.692391,-4.2028584,572534,27.53,0.0,0.305,26.89,0.397,,,,,,,,,,,-2147484000.0,,,,-7999.0,-7999.0,-7999.0,-7999.0,-7999.0,-7999.0,-7999.0,-7999.0,26.45,24.52,-0.038,0.0,0.0,0.0,60.0,59.9,74.7,0.0,276.4,275.0,277.0,0.0,0.0,0.0,618.0,1440464.0,42582.0,133173.0,1.0,0.979,0.748,0.921,0.005,0.006,0.008,0.01,0.013,0.009,0.01,0.0,0.0,0.0,0.0,0.0,0.0,0.0,52927.0,53728.0,53182.0,53018.0,54014.0,51391.0,46762.0,,0.0,0.0,,,2.0,-1.0,13.57,0.025,0.22,3.0,2.0,0.0,0.0,24.87,25.11,24.51,24.84,25.05,27.56,24.77,25.0,24.74,35.34
2016-07-25 23:18:00-05:00,-10.692391,-4.2028584,572535,27.5,0.0,0.305,26.82,0.418,,,,,,,,,,,-2147484000.0,,,,-7999.0,-7999.0,-7999.0,-7999.0,-7999.0,-7999.0,-7999.0,-7999.0,26.42,24.54,-0.037,0.0,0.0,0.0,60.0,59.9,74.7,0.0,276.9,275.0,277.0,0.0,0.0,0.0,618.0,1440464.0,42582.0,133173.0,1.0,0.979,0.748,0.921,0.005,0.006,0.007,0.008,0.012,0.009,0.01,0.0,0.0,0.0,0.0,0.0,0.0,0.0,52927.0,53728.0,53182.0,53018.0,54014.0,51391.0,46762.0,1.005,117.4,50.23,1.7,3.51,2.0,-1.0,13.58,0.025,0.22,3.0,2.0,0.0,0.0,24.87,25.12,24.59,24.88,25.06,27.64,24.81,25.08,24.74,35.32
2016-07-25 23:19:00-05:00,-10.692391,-4.2028584,572536,27.49,0.0,0.305,26.75,0.425,,,,,,,,,,,-2147484000.0,,,,-7999.0,-7999.0,-7999.0,-7999.0,-7999.0,-7999.0,-7999.0,-7999.0,26.39,24.6,-0.038,0.0,0.0,0.0,60.0,59.9,74.7,0.0,277.0,275.0,277.0,0.0,0.0,0.0,618.0,1440464.0,42582.0,133173.0,1.0,0.979,0.748,0.921,0.005,0.006,0.007,0.009,0.012,0.009,0.01,0.0,0.0,0.0,0.0,0.0,0.0,0.0,52927.0,53728.0,53182.0,53018.0,54014.0,51391.0,46762.0,1.613,159.1,18.16,2.8,3.512,2.0,-1.0,13.58,0.025,0.22,3.0,2.0,0.0,0.0,24.92,25.13,24.61,24.9,25.02,27.57,24.83,25.1,24.82,35.26
2016-07-25 23:20:00-05:00,-10.692391,-4.2028584,572537,27.47,0.0,0.305,26.75,0.449,,,,,,,,,,,-2147484000.0,,,,-7999.0,-7999.0,-7999.0,-7999.0,-7999.0,-7999.0,-7999.0,-7999.0,26.33,24.61,-0.038,0.0,0.0,0.0,60.0,59.9,74.7,0.0,277.0,275.0,277.0,0.0,0.0,0.0,618.0,1440464.0,42582.0,133173.0,1.0,0.979,0.748,0.921,0.005,0.006,0.008,0.009,0.012,0.009,0.01,0.0,0.0,0.0,0.0,0.0,0.0,0.0,52927.0,53728.0,53182.0,53018.0,54014.0,51391.0,46762.0,1.315,131.6,45.38,2.8,3.512,2.0,-1.0,13.57,0.025,0.22,3.0,2.0,0.0,0.0,25.01,25.17,24.61,24.9,25.03,27.53,24.9,25.1,24.82,35.24
2016-07-25 23:21:00-05:00,-10.692391,-4.2028584,572538,27.45,0.0,0.305,26.68,0.463,,,,,,,,,,,-2147484000.0,,,,-7999.0,-7999.0,-7999.0,-7999.0,-7999.0,-7999.0,-7999.0,-7999.0,26.24,24.57,-0.037,0.0,0.0,0.0,60.0,59.9,74.7,0.0,277.0,275.0,277.0,0.0,0.0,0.0,618.0,1440464.0,42582.0,133173.0,1.0,0.979,0.748,0.921,0.005,0.007,0.008,0.009,0.012,0.009,0.009,0.0,0.0,0.0,0.0,0.0,0.0,0.0,52927.0,53728.0,53182.0,53018.0,54014.0,51391.0,46762.0,0.688,182.1,83.7,1.4,3.512,2.0,-1.0,13.57,0.024,0.22,3.0,2.0,0.0,0.0,24.97,25.14,24.61,24.9,25.0,27.6,24.9,25.1,24.77,35.24
2016-07-25 23:22:00-05:00,-10.692391,-4.2028584,572539,27.43,0.0,0.305,26.63,0.491,,,,,,,,,,,-2147484000.0,,,,-7999.0,-7999.0,-7999.0,-7999.0,-7999.0,-7999.0,-7999.0,-7999.0,26.22,24.55,-0.038,0.0,0.0,0.0,60.0,59.9,74.7,0.0,277.0,275.0,277.0,0.0,0.0,0.0,618.0,1440464.0,42582.0,133173.0,1.0,0.979,0.748,0.921,0.005,0.005,0.007,0.01,0.012,0.009,0.01,0.0,0.0,0.0,0.0,0.0,0.0,0.0,52927.0,53728.0,53182.0,53018.0,54014.0,51391.0,46762.0,,0.0,0.0,,,2.5,-1.0,13.58,0.024,0.22,3.0,2.0,0.0,0.0,24.96,25.08,24.61,24.9,25.08,27.72,24.9,25.1,24.78,35.21
2016-07-25 23:23:00-05:00,-10.692391,-4.2028584,572540,27.4,0.0,0.305,26.57,0.508,,,,,,,,,,,-2147484000.0,,,,-7999.0,-7999.0,-7999.0,-7999.0,-7999.0,-7999.0,-7999.0,-7999.0,26.2,24.52,-0.038,0.0,0.0,0.0,60.0,59.9,74.7,0.0,276.5,275.0,277.0,0.0,0.0,0.0,618.0,1440464.0,42582.0,133173.0,1.0,0.979,0.748,0.921,0.005,0.006,0.009,0.008,0.013,0.008,0.009,0.0,0.0,0.0,0.0,0.0,0.0,0.0,52927.0,53728.0,53182.0,53018.0,54014.0,51391.0,46762.0,0.713,65.09,42.56,1.4,3.512,2.0,-1.0,13.57,0.024,0.22,3.0,2.0,0.0,0.0,24.96,25.1,24.59,24.88,25.0,27.64,24.9,25.08,24.73,35.14
2016-07-25 23:24:00-05:00,-10.692391,-4.2028584,572541,27.4,0.0,0.305,26.58,0.529,,,,,,,,,,,-2147484000.0,,,,-7999.0,-7999.0,-7999.0,-7999.0,-7999.0,-7999.0,-7999.0,-7999.0,26.19,24.51,-0.037,0.0,0.0,0.0,60.0,59.9,74.7,0.0,276.0,275.0,277.0,0.0,0.0,0.0,618.0,1440464.0,42582.0,133173.0,1.0,0.979,0.748,0.921,0.004,0.007,0.008,0.009,0.012,0.009,0.01,0.0,0.0,0.0,0.0,0.0,0.0,0.0,52927.0,53728.0,53182.0,53018.0,54014.0,51391.0,46762.0,1.025,148.2,28.23,1.7,3.51,2.0,-1.0,13.57,0.024,0.22,3.0,2.0,0.0,0.0,24.91,25.09,24.51,24.8,24.94,27.64,24.89,25.03,24.73,35.14
2016-07-25 23:25:00-05:00,-10.692391,-4.2028584,572542,27.37,0.0,0.305,26.49,0.539,,,,,,,,,,,-2147484000.0,,,,-7999.0,-7999.0,-7999.0,-7999.0,-7999.0,-7999.0,-7999.0,-7999.0,26.15,24.44,-0.038,0.0,0.0,0.0,60.0,59.9,74.7,0.0,276.1,275.0,277.0,0.0,0.0,0.0,618.0,1440464.0,42582.0,133173.0,1.0,0.979,0.748,0.921,0.005,0.006,0.007,0.009,0.012,0.008,0.01,0.0,0.0,0.0,0.0,0.0,0.0,0.0,52927.0,53728.0,53182.0,53018.0,54014.0,51391.0,46762.0,,0.0,0.0,,,2.0,-1.0,13.58,0.024,0.22,3.0,2.0,0.0,0.0,24.88,24.99,24.51,24.8,24.92,27.57,24.87,25.0,24.73,35.08
2016-07-25 23:26:00-05:00,-10.692391,-4.2028584,572543,27.36,0.0,0.305,26.51,0.553,,,,,,,,,,,-2147484000.0,,,,-7999.0,-7999.0,-7999.0,-7999.0,-7999.0,-7999.0,-7999.0,-7999.0,26.13,24.41,-0.037,0.0,0.0,0.0,60.0,59.9,74.7,0.0,276.0,275.0,276.5,0.0,0.0,0.0,618.0,1440464.0,42582.0,133173.0,1.0,0.979,0.748,0.921,0.005,0.006,0.008,0.008,0.012,0.009,0.01,0.0,0.0,0.0,0.0,0.0,0.0,0.0,52927.0,53728.0,53182.0,53018.0,54014.0,51391.0,46762.0,0.813,17.65,46.06,1.5,3.512,2.0,-1.0,13.57,0.024,0.22,3.0,2.0,0.0,0.0,24.88,24.99,24.51,24.79,24.9,27.54,24.8,24.98,24.73,35.05
2016-07-25 23:27:00-05:00,-10.692391,-4.2028584,572544,27.34,0.0,0.305,26.5,0.538,,,,,,,,,,,-2147484000.0,,,,-7999.0,-7999.0,-7999.0,-7999.0,-7999.0,-7999.0,-7999.0,-7999.0,26.18,24.46,-0.038,0.0,0.0,0.0,60.0,59.9,74.7,0.0,274.0,272.2,274.0,0.0,0.0,0.0,618.0,1440464.0,42582.0,133173.0,1.0,0.979,0.748,0.921,0.005,0.006,0.008,0.009,0.012,0.009,0.01,0.0,0.0,0.0,0.0,0.0,0.0,0.0,52927.0,53728.0,53182.0,53018.0,54014.0,51391.0,46762.0,,0.0,0.0,,,2.0,-1.0,13.57,0.024,0.22,3.0,2.0,0.0,0.0,24.88,24.99,24.46,24.75,24.9,27.51,24.8,24.92,24.73,35.0
2016-07-25 23:28:00-05:00,-10.692391,-4.2028584,572545,27.32,0.0,0.305,26.5,0.54,,,,,,,,,,,-2147484000.0,,,,-7999.0,-7999.0,-7999.0,-7999.0,-7999.0,-7999.0,-7999.0,-7999.0,26.12,24.38,-0.038,0.0,0.0,0.0,60.0,59.9,74.7,0.0,274.0,272.0,274.0,0.0,0.0,0.0,618.0,1440464.0,42582.0,133173.0,1.0,0.979,0.748,0.921,0.005,0.007,0.008,0.009,0.012,0.009,0.01,0.0,0.0,0.0,0.0,0.0,0.0,0.0,52927.0,53728.0,53182.0,53018.0,54014.0,51391.0,46762.0,0.787,18.43,34.06,1.7,3.512,2.5,-1.0,13.58,0.024,0.22,3.0,2.0,0.0,0.0,24.8,24.99,24.41,24.71,24.8,27.31,24.72,24.9,24.7,34.95
2016-07-25 23:29:00-05:00,-10.93,-4.4270105,572546,27.3,0.0,0.305,26.53,0.539,,,,,,,,,,,-2147484000.0,,,,-7999.0,-7999.0,-7999.0,-7999.0,-7999.0,-7999.0,-7999.0,-7999.0,26.14,24.38,-0.037,0.0,0.0,0.0,60.0,59.9,74.7,0.0,274.0,272.1,274.0,0.0,0.0,0.0,618.0,1440464.0,42582.0,133173.0,1.0,0.979,0.748,0.921,0.006,0.007,0.007,0.009,0.012,0.009,0.01,0.0,0.0,0.0,0.0,0.0,0.0,0.0,52927.0,53728.0,53182.0,53018.0,54014.0,51391.0,46762.0,0.683,41.69,19.92,1.3,3.512,2.0,-1.0,13.57,0.024,0.22,3.0,2.0,0.0,0.0,24.79,24.91,24.35,24.61,24.8,27.1,24.69,24.89,24.63,34.95
2016-07-25 23:30:00-05:00,-11.167608,-4.539087,572547,27.28,0.0,0.305,26.54,0.54,,,,,,,,,,,-2147484000.0,,,,-7999.0,-7999.0,-7999.0,-7999.0,-7999.0,-7999.0,-7999.0,-7999.0,26.14,24.39,-0.038,0.0,0.0,0.0,60.0,59.9,74.7,0.0,274.0,272.3,274.0,0.0,0.0,0.0,618.0,1440464.0,42582.0,133173.0,1.0,0.979,0.748,0.921,0.004,0.006,0.008,0.009,0.013,0.009,0.01,0.0,0.0,0.0,0.0,0.0,0.0,0.0,52927.0,53728.0,53182.0,53018.0,54014.0,51391.0,46762.0,0.67,47.58,43.96,1.1,3.512,2.0,-1.0,13.57,0.024,0.22,3.0,2.0,0.0,0.0,24.79,24.89,24.32,24.61,24.77,27.05,24.61,24.85,24.63,34.9
2016-07-25 23:31:00-05:00,-10.93,-4.539087,572548,27.27,0.0,0.305,26.48,0.54,,,,,,,,,,,-2147484000.0,,,,-7999.0,-7999.0,-7999.0,-7999.0,-7999.0,-7999.0,-7999.0,-7999.0,26.07,24.34,-0.038,0.0,0.0,0.0,60.0,59.9,74.7,0.0,274.0,272.0,274.0,0.0,0.0,0.0,618.0,1440464.0,42582.0,133173.0,1.0,0.979,0.748,0.921,0.005,0.007,0.008,0.009,0.013,0.009,0.01,0.0,0.0,0.0,0.0,0.0,0.0,0.0,52927.0,53728.0,53182.0,53018.0,54014.0,51391.0,46762.0,0.965,50.93,66.43,1.6,3.51,2.0,-1.0,13.57,0.024,0.22,3.0,2.0,0.0,0.0,24.77,24.89,24.32,24.61,24.79,27.05,24.61,24.8,24.6,34.87
2016-07-25 23:32:00-05:00,-10.692391,-4.3149343,572549,27.25,0.0,0.305,26.42,0.54,,,,,,,,,,,-2147484000.0,,,,-7999.0,-7999.0,-7999.0,-7999.0,-7999.0,-7999.0,-7999.0,-7999.0,26.04,24.34,-0.037,0.0,0.0,0.0,60.0,59.9,74.7,0.0,274.0,272.3,274.0,0.0,0.0,0.0,618.0,1440464.0,42582.0,133173.0,1.0,0.979,0.748,0.921,0.005,0.006,0.008,0.009,0.013,0.009,0.009,0.0,0.0,0.0,0.0,0.0,0.0,0.0,52927.0,53728.0,53182.0,53018.0,54014.0,51391.0,46762.0,,0.0,0.0,,,2.0,-1.0,13.57,0.024,0.22,3.0,2.0,0.0,0.0,24.72,24.89,24.32,24.56,24.71,27.05,24.56,24.8,24.63,34.87
2016-07-25 23:33:00-05:00,-10.692391,-4.2028584,572550,27.22,0.0,0.305,26.39,0.54,,,,,,,,,,,-2147484000.0,,,,-7999.0,-7999.0,-7999.0,-7999.0,-7999.0,-7999.0,-7999.0,-7999.0,26.02,24.35,-0.038,0.0,0.0,0.0,60.0,59.9,74.7,0.0,274.0,273.0,274.0,0.0,0.0,0.0,618.0,1440464.0,42582.0,133173.0,1.0,0.979,0.748,0.921,0.005,0.006,0.008,0.008,0.013,0.009,0.01,0.0,0.0,0.0,0.0,0.0,0.0,0.0,52927.0,53728.0,53182.0,53018.0,54014.0,51391.0,46762.0,0.318,329.0,77.59,0.8,3.512,2.0,-1.0,13.57,0.024,0.22,3.0,2.0,0.0,0.0,24.69,24.88,24.28,24.59,24.71,27.02,24.54,24.79,24.53,34.87
2016-07-25 23:34:00-05:00,-10.692391,-4.2028584,572551,27.21,0.0,0.305,26.37,0.541,,,,,,,,,,,-2147484000.0,,,,-7999.0,-7999.0,-7999.0,-7999.0,-7999.0,-7999.0,-7999.0,-7999.0,25.95,24.26,-0.038,0.0,0.0,0.0,60.0,59.9,74.7,0.0,268.9,267.9,269.0,0.0,0.0,0.0,618.0,1440464.0,42582.0,133173.0,1.0,0.979,0.748,0.921,0.005,0.006,0.007,0.009,0.012,0.008,0.01,0.0,0.0,0.0,0.0,0.0,0.0,0.0,52927.0,53728.0,53182.0,53018.0,54014.0,51391.0,46762.0,0.438,70.22,38.95,0.8,3.512,2.0,-1.0,13.57,0.024,0.22,3.0,2.0,0.0,0.0,24.69,24.8,24.22,24.51,24.71,26.99,24.51,24.71,24.53,34.79
2016-07-25 23:35:00-05:00,-10.692391,-4.2028584,572552,27.19,0.0,0.305,26.32,0.544,,,,,,,,,,,-2147484000.0,,,,-7999.0,-7999.0,-7999.0,-7999.0,-7999.0,-7999.0,-7999.0,-7999.0,25.91,24.23,-0.038,0.0,0.0,0.0,60.0,59.9,74.7,0.0,267.0,266.0,267.0,0.0,0.0,0.0,618.0,1440464.0,42582.0,133173.0,1.0,0.979,0.748,0.921,0.005,0.006,0.008,0.009,0.012,0.008,0.009,0.0,0.0,0.0,0.0,0.0,0.0,0.0,52927.0,53728.0,53182.0,53018.0,54014.0,51391.0,46762.0,,0.0,0.0,,,2.0,-1.0,13.57,0.024,0.22,3.0,2.0,0.0,0.0,24.64,24.8,24.2,24.51,24.67,26.86,24.46,24.69,24.43,34.77
2016-07-25 23:36:00-05:00,-10.692391,-4.2028584,572553,27.16,0.0,0.305,26.27,0.545,,,,,,,,,,,-2147484000.0,,,,-7999.0,-7999.0,-7999.0,-7999.0,-7999.0,-7999.0,-7999.0,-7999.0,25.87,24.18,-0.033,0.0,0.0,0.0,59.96,59.9,74.7,0.0,267.6,266.0,267.9,0.0,0.0,0.0,618.0,1440464.0,42582.0,133173.0,1.0,0.979,0.748,0.921,0.005,0.006,0.007,0.009,0.012,0.008,0.009,0.0,0.0,0.0,0.0,0.0,0.0,0.0,52927.0,53728.0,53182.0,53018.0,54014.0,51391.0,46762.0,0.645,111.8,45.68,1.2,3.512,2.0,-1.0,13.57,0.024,0.22,3.0,2.0,0.0,0.0,24.59,24.76,24.14,24.46,24.61,26.82,24.41,24.62,24.43,34.72
2016-07-25 23:37:00-05:00,-10.811195,-4.2028584,572554,27.15,0.0,0.305,26.21,0.542,,,,,,,,,,,-2147484000.0,,,,-7999.0,-7999.0,-7999.0,-7999.0,-7999.0,-7999.0,-7999.0,-7999.0,25.83,24.16,-0.038,0.0,0.0,0.0,59.91,59.9,74.7,0.0,268.0,266.3,268.0,0.0,0.0,0.0,618.0,1440464.0,42582.0,133173.0,1.0,0.979,0.748,0.921,0.006,0.006,0.008,0.009,0.012,0.008,0.009,0.0,0.0,0.0,0.0,0.0,0.0,0.0,52927.0,53728.0,53182.0,53018.0,54014.0,51391.0,46762.0,,0.0,0.0,,,2.0,-1.0,13.57,0.024,0.22,3.0,2.0,0.0,0.0,24.59,24.7,24.12,24.41,24.59,26.68,24.41,24.61,24.4,34.76
2016-07-25 23:38:00-05:00,-11.167608,-4.4270105,572555,27.13,0.0,0.305,26.23,0.54,,,,,,,,,,,-2147484000.0,,,,-7999.0,-7999.0,-7999.0,-7999.0,-7999.0,-7999.0,-7999.0,-7999.0,25.84,24.13,-0.038,0.0,0.0,0.0,60.0,59.9,74.7,0.0,268.0,266.9,268.0,0.0,0.0,0.0,618.0,1440464.0,42582.0,133173.0,1.0,0.979,0.748,0.921,0.004,0.005,0.008,0.009,0.012,0.009,0.009,0.0,0.0,0.0,0.0,0.0,0.0,0.0,52927.0,53728.0,53182.0,53018.0,54014.0,51391.0,46762.0,0.472,133.9,58.09,1.2,3.512,2.0,-1.0,13.57,0.024,0.22,3.0,2.0,0.0,0.0,24.56,24.7,24.12,24.41,24.51,26.64,24.39,24.61,24.34,34.75
2016-07-25 23:39:00-05:00,-11.048804,-4.539087,572556,27.11,0.0,0.305,26.17,0.54,,,,,,,,,,,-2147484000.0,,,,-7999.0,-7999.0,-7999.0,-7999.0,-7999.0,-7999.0,-7999.0,-7999.0,25.8,24.14,-0.038,0.0,0.0,0.0,60.0,59.9,74.7,0.0,268.0,267.0,268.0,0.0,0.0,0.0,618.0,1440464.0,42582.0,133173.0,1.0,0.979,0.748,0.921,0.005,0.007,0.007,0.009,0.012,0.009,0.009,0.0,0.0,0.0,0.0,0.0,0.0,0.0,52927.0,53728.0,53182.0,53018.0,54014.0,51391.0,46762.0,1.157,121.5,46.81,2.1,3.512,2.0,-1.0,13.57,0.024,0.22,3.0,2.0,0.0,0.0,24.54,24.7,24.12,24.41,24.56,26.66,24.41,24.66,24.34,34.68
2016-07-25 23:40:00-05:00,-10.811195,-4.3149343,572557,27.09,0.0,0.305,26.15,0.54,,,,,,,,,,,-2147484000.0,,,,-7999.0,-7999.0,-7999.0,-7999.0,-7999.0,-7999.0,-7999.0,-7999.0,25.75,24.12,-0.037,0.0,0.0,0.0,60.0,59.9,74.7,0.0,268.0,267.0,268.9,0.0,0.0,0.0,618.0,1440464.0,42582.0,133173.0,1.0,0.979,0.748,0.921,0.005,0.007,0.007,0.009,0.01,0.009,0.009,0.0,0.0,0.0,0.0,0.0,0.0,0.0,52927.0,53728.0,53182.0,53018.0,54014.0,51391.0,46762.0,0.542,44.71,67.5,1.2,3.51,2.0,-1.0,13.57,0.024,0.22,3.0,2.0,0.0,0.0,24.51,24.7,24.12,24.41,24.56,26.63,24.41,24.61,24.34,34.65
2016-07-25 23:41:00-05:00,-10.692391,-4.2028584,572558,27.07,0.0,0.305,26.12,0.541,,,,,,,,,,,-2147484000.0,,,,-7999.0,-7999.0,-7999.0,-7999.0,-7999.0,-7999.0,-7999.0,-7999.0,25.72,24.1,-0.038,0.0,0.0,0.0,60.0,59.9,74.7,0.0,268.2,267.0,269.0,0.0,0.0,0.0,618.0,1440464.0,42582.0,133173.0,1.0,0.979,0.748,0.921,0.005,0.006,0.007,0.009,0.012,0.008,0.01,0.0,0.0,0.0,0.0,0.0,0.0,0.0,52927.0,53728.0,53182.0,53018.0,54014.0,51391.0,46762.0,0.265,131.5,68.86,0.8,3.512,2.0,-1.0,13.57,0.024,0.22,3.0,2.0,0.0,0.0,24.49,24.7,24.12,24.41,24.51,26.68,24.41,24.61,24.34,34.6
2016-07-25 23:42:00-05:00,-10.692391,-4.2028584,572559,27.05,0.0,0.305,26.08,0.54,,,,,,,,,,,-2147484000.0,,,,-7999.0,-7999.0,-7999.0,-7999.0,-7999.0,-7999.0,-7999.0,-7999.0,25.69,24.03,-0.037,0.0,0.0,0.0,60.0,59.9,74.7,0.0,268.1,267.0,269.0,0.0,0.0,0.0,618.0,1440464.0,42582.0,133173.0,1.0,0.979,0.748,0.921,0.005,0.005,0.008,0.009,0.013,0.008,0.01,0.0,0.0,0.0,0.0,0.0,0.0,0.0,52927.0,53728.0,53182.0,53018.0,54014.0,51391.0,46762.0,0.473,86.2,27.79,0.7,3.512,2.0,-1.0,13.57,0.024,0.22,3.0,2.0,0.0,0.0,24.48,24.63,24.07,24.35,24.51,27.02,24.32,24.53,24.34,34.57
2016-07-25 23:43:00-05:00,-11.048804,-4.2028584,572560,27.03,0.0,0.305,26.05,0.54,,,,,,,,,,,-2147484000.0,,,,-7999.0,-7999.0,-7999.0,-7999.0,-7999.0,-7999.0,-7999.0,-7999.0,25.66,23.97,-0.038,0.0,0.0,0.0,60.0,59.9,74.7,0.0,268.1,267.0,269.0,0.0,0.0,0.0,618.0,1440464.0,42582.0,133173.0,1.0,0.979,0.748,0.921,0.005,0.006,0.008,0.009,0.012,0.009,0.01,0.0,0.0,0.0,0.0,0.0,0.0,0.0,52927.0,53728.0,53182.0,53018.0,54014.0,51391.0,46762.0,0.567,71.38,52.46,1.1,3.512,2.0,-1.0,13.57,0.023,0.22,3.0,2.0,0.0,0.0,24.4,24.6,24.02,24.32,24.51,26.87,24.32,24.51,24.27,34.57
2016-07-25 23:44:00-05:00,-11.167608,-4.3149343,572561,27.01,0.0,0.305,26.05,0.54,,,,,,,,,,,-2147484000.0,,,,-7999.0,-7999.0,-7999.0,-7999.0,-7999.0,-7999.0,-7999.0,-7999.0,25.64,23.96,-0.037,0.0,0.0,0.0,60.0,59.9,74.7,0.0,268.3,267.0,269.0,0.0,0.0,0.0,618.0,1440464.0,42582.0,133173.0,1.0,0.979,0.748,0.921,0.005,0.006,0.008,0.009,0.013,0.008,0.009,0.0,0.0,0.0,0.0,0.0,0.0,0.0,52927.0,53728.0,53182.0,53018.0,54014.0,51391.0,46762.0,0.542,71.49,41.78,1.3,3.512,2.0,-1.0,13.57,0.023,0.22,3.0,2.0,0.0,0.0,24.4,24.6,24.02,24.32,24.46,26.81,24.3,24.51,24.24,34.52
2016-07-25 23:45:00-05:00,-11.048804,-4.2028584,572562,27.0,0.0,0.305,26.04,0.547,,,,,,,,,,,-2147484000.0,,,,-7999.0,-7999.0,-7999.0,-7999.0,-7999.0,-7999.0,-7999.0,-7999.0,25.61,23.94,-0.038,0.0,0.0,0.0,60.0,59.9,74.7,0.0,268.2,267.0,269.0,0.0,0.0,0.0,618.0,1440464.0,42582.0,133173.0,1.0,0.979,0.748,0.921,0.004,0.007,0.008,0.008,0.011,0.008,0.01,0.0,0.0,0.0,0.0,0.0,0.0,0.0,52927.0,53728.0,53182.0,53018.0,54014.0,51391.0,46762.0,,0.0,0.0,,,2.0,-1.0,13.58,0.023,0.22,3.0,2.0,0.0,0.0,24.4,24.57,24.02,24.32,24.41,26.86,24.3,24.51,24.27,34.47
2016-07-25 23:46:00-05:00,-10.692391,-4.2028584,572563,26.97,0.0,0.305,25.97,0.542,,,,,,,,,,,-2147484000.0,,,,-7999.0,-7999.0,-7999.0,-7999.0,-7999.0,-7999.0,-7999.0,-7999.0,25.59,23.89,-0.036,0.0,0.0,0.0,60.0,59.9,74.7,0.0,269.3,267.6,269.5,0.0,0.0,0.0,618.0,1440464.0,42582.0,133173.0,1.0,0.979,0.748,0.921,0.005,0.006,0.007,0.009,0.013,0.008,0.01,0.0,0.0,0.0,0.0,0.0,0.0,0.0,52927.0,53728.0,53182.0,53018.0,54014.0,51391.0,46762.0,0.677,115.5,23.05,1.5,3.512,2.0,-1.0,13.57,0.023,0.22,3.0,2.0,0.0,0.0,24.3,24.59,24.02,24.23,24.41,26.96,24.22,24.46,24.19,34.47
2016-07-25 23:47:00-05:00,-10.692391,-4.2028584,572564,26.95,0.0,0.305,25.98,0.543,,,,,,,,,,,-2147484000.0,,,,-7999.0,-7999.0,-7999.0,-7999.0,-7999.0,-7999.0,-7999.0,-7999.0,25.57,23.87,-0.038,0.0,0.0,0.0,60.0,59.9,74.7,0.0,271.0,269.0,271.0,0.0,0.0,0.0,618.0,1440464.0,42582.0,133173.0,1.0,0.979,0.748,0.921,0.004,0.006,0.007,0.008,0.012,0.01,0.01,0.0,0.0,0.0,0.0,0.0,0.0,0.0,52927.0,53728.0,53182.0,53018.0,54014.0,51391.0,46762.0,1.027,149.9,15.54,1.6,3.512,2.0,-1.0,13.57,0.023,0.22,3.0,2.0,0.0,0.0,24.3,24.52,23.94,24.22,24.41,27.03,24.22,24.41,24.18,34.39
2016-07-25 23:48:00-05:00,-10.692391,-4.2028584,572565,26.93,0.0,0.305,25.85,0.557,,,,,,,,,,,-2147484000.0,,,,-7999.0,-7999.0,-7999.0,-7999.0,-7999.0,-7999.0,-7999.0,-7999.0,25.49,23.82,-0.038,0.0,0.0,0.0,60.0,59.9,74.7,0.0,271.0,269.0,271.0,0.0,0.0,0.0,618.0,1440464.0,42582.0,133173.0,1.0,0.979,0.748,0.921,0.005,0.006,0.008,0.009,0.013,0.008,0.01,0.0,0.0,0.0,0.0,0.0,0.0,0.0,52927.0,53728.0,53182.0,53018.0,54014.0,51391.0,46762.0,0.455,117.7,32.3,0.8,3.51,2.0,-1.0,13.57,0.023,0.22,3.0,2.0,0.0,0.0,24.3,24.5,23.93,24.2,24.41,26.99,24.22,24.41,24.18,34.37
2016-07-25 23:49:00-05:00,-10.692391,-4.2028584,572566,26.9,0.0,0.305,25.82,0.666,,,,,,,,,,,-2147484000.0,,,,-7999.0,-7999.0,-7999.0,-7999.0,-7999.0,-7999.0,-7999.0,-7999.0,25.47,23.8,-0.038,0.0,0.0,0.0,60.0,59.9,74.7,0.0,271.0,269.0,271.0,0.0,0.0,0.0,618.0,1440464.0,42582.0,133173.0,1.0,0.979,0.748,0.921,0.005,0.007,0.007,0.009,0.013,0.008,0.009,0.0,0.0,0.0,0.0,0.0,0.0,0.0,52927.0,53728.0,53182.0,53018.0,54014.0,51391.0,46762.0,0.268,149.7,25.47,0.4,3.512,2.0,-1.0,13.57,0.023,0.22,3.0,2.0,0.0,0.0,24.22,24.42,23.93,24.14,24.35,26.87,24.14,24.41,24.19,34.37
2016-07-25 23:50:00-05:00,-10.93,-4.2028584,572567,26.89,0.0,0.305,25.8,0.562,,,,,,,,,,,-2147484000.0,,,,-7999.0,-7999.0,-7999.0,-7999.0,-7999.0,-7999.0,-7999.0,-7999.0,25.41,23.71,-0.037,0.0,0.0,0.0,60.0,59.9,74.7,0.0,271.0,269.5,271.0,0.0,0.0,0.0,618.0,1440464.0,42582.0,133173.0,1.0,0.979,0.748,0.921,0.005,0.006,0.009,0.008,0.012,0.008,0.01,0.0,0.0,0.0,0.0,0.0,0.0,0.0,52927.0,53728.0,53182.0,53018.0,54014.0,51391.0,46762.0,0.327,88.0,41.99,0.8,3.51,2.0,-1.0,13.57,0.023,0.22,3.0,2.0,0.0,0.0,24.2,24.41,23.84,24.12,24.27,26.73,24.12,24.35,24.11,34.28
2016-07-25 23:51:00-05:00,-11.167608,-4.2028584,572568,26.87,0.0,0.305,25.81,0.554,,,,,,,,,,,-2147484000.0,,,,-7999.0,-7999.0,-7999.0,-7999.0,-7999.0,-7999.0,-7999.0,-7999.0,25.39,23.68,-0.038,0.0,0.0,0.0,60.0,59.9,74.7,0.0,271.0,269.4,271.0,0.0,0.0,0.0,618.0,1440464.0,42582.0,133173.0,1.0,0.979,0.748,0.921,0.006,0.005,0.007,0.009,0.012,0.009,0.01,0.0,0.0,0.0,0.0,0.0,0.0,0.0,52927.0,53728.0,53182.0,53018.0,54014.0,51391.0,46762.0,0.218,23.7,65.49,0.5,3.512,2.0,-1.0,13.57,0.023,0.22,3.0,2.0,0.0,0.0,24.12,24.41,23.83,24.12,24.22,26.66,24.12,24.28,24.08,34.28
2016-07-25 23:52:00-05:00,-11.167608,-4.2028584,572569,26.84,0.0,0.305,25.77,0.576,,,,,,,,,,,-2147484000.0,,,,-7999.0,-7999.0,-7999.0,-7999.0,-7999.0,-7999.0,-7999.0,-7999.0,25.4,23.65,-0.038,0.0,0.0,0.0,60.0,59.9,74.7,0.0,271.0,269.2,271.0,0.0,0.0,0.0,618.0,1440464.0,42582.0,133173.0,1.0,0.979,0.748,0.921,0.005,0.007,0.007,0.009,0.012,0.009,0.01,0.0,0.0,0.0,0.0,0.0,0.0,0.0,52927.0,53728.0,53182.0,53018.0,54014.0,51391.0,46762.0,0.297,16.96,64.48,0.6,3.51,2.0,-1.0,13.57,0.023,0.22,3.0,2.0,0.0,0.0,24.1,24.32,23.81,24.09,24.17,26.63,24.06,24.22,24.05,34.21
2016-07-25 23:53:00-05:00,-11.167608,-4.2028584,572570,26.83,0.0,0.305,25.74,0.561,,,,,,,,,,,-2147484000.0,,,,-7999.0,-7999.0,-7999.0,-7999.0,-7999.0,-7999.0,-7999.0,-7999.0,25.35,23.6,-0.038,0.0,0.0,0.0,60.0,59.9,74.7,0.0,271.0,269.5,271.0,0.0,0.0,0.0,618.0,1440464.0,42582.0,133173.0,1.0,0.979,0.748,0.921,0.005,0.006,0.007,0.009,0.012,0.008,0.01,0.0,0.0,0.0,0.0,0.0,0.0,0.0,52927.0,53728.0,53182.0,53018.0,54014.0,51391.0,46762.0,0.332,184.9,26.65,0.5,3.51,2.0,-1.0,13.57,0.023,0.22,3.0,2.0,0.0,0.0,24.04,24.31,23.76,24.02,24.15,26.54,24.02,24.22,24.05,34.18
2016-07-25 23:54:00-05:00,-11.167608,-4.2028584,572571,26.8,0.0,0.305,25.73,0.604,,,,,,,,,,,-2147484000.0,,,,-7999.0,-7999.0,-7999.0,-7999.0,-7999.0,-7999.0,-7999.0,-7999.0,25.34,23.55,-0.024,0.0,0.0,0.0,60.0,59.9,74.7,0.0,271.0,270.0,271.0,0.0,0.0,0.0,618.0,1440464.0,42582.0,133173.0,1.0,0.979,0.748,0.921,0.005,0.006,0.008,0.009,0.012,0.008,0.009,0.0,0.0,0.0,0.0,0.0,0.0,0.0,52927.0,53728.0,53182.0,53018.0,54014.0,51391.0,46762.0,0.59,149.3,21.48,0.8,3.512,2.0,-1.0,13.57,0.023,0.22,3.0,2.0,0.0,0.0,24.01,24.27,23.73,24.02,24.14,26.47,23.99,24.17,24.05,34.18
2016-07-25 23:55:00-05:00,-11.167608,-4.2028584,572572,26.78,0.0,0.305,25.68,0.622,,,,,,,,,,,-2147484000.0,,,,-7999.0,-7999.0,-7999.0,-7999.0,-7999.0,-7999.0,-7999.0,-7999.0,25.32,23.53,-0.038,0.0,0.0,0.0,60.0,59.9,74.7,0.0,271.0,270.0,271.0,0.0,0.0,0.0,618.0,1440464.0,42582.0,133173.0,1.0,0.979,0.748,0.921,0.005,0.005,0.008,0.008,0.012,0.008,0.01,0.0,0.0,0.0,0.0,0.0,0.0,0.0,52927.0,53728.0,53182.0,53018.0,54014.0,51391.0,46762.0,0.598,166.9,17.27,1.1,3.51,2.0,-1.0,13.57,0.023,0.221,3.0,2.0,0.0,0.0,24.01,24.22,23.73,23.96,24.12,26.32,23.93,24.12,23.97,34.18
2016-07-25 23:56:00-05:00,-11.167608,-4.2028584,572573,26.76,0.0,0.305,25.64,0.646,,,,,,,,,,,-2147484000.0,,,,-7999.0,-7999.0,-7999.0,-7999.0,-7999.0,-7999.0,-7999.0,-7999.0,25.29,23.5,-0.038,0.0,0.0,0.0,60.0,59.9,74.7,0.0,272.1,270.7,272.4,0.0,0.0,0.0,618.0,1440464.0,42582.0,133173.0,1.0,0.979,0.748,0.921,0.004,0.006,0.007,0.008,0.012,0.008,0.009,0.0,0.0,0.0,0.0,0.0,0.0,0.0,52927.0,53728.0,53182.0,53018.0,54014.0,51391.0,46762.0,0.508,144.9,33.72,0.8,3.512,2.0,-1.0,13.57,0.023,0.22,3.0,2.0,0.0,0.0,24.01,24.21,23.65,23.93,24.1,26.3,23.93,24.12,23.95,34.09
2016-07-25 23:57:00-05:00,-11.167608,-4.2028584,572574,26.74,0.0,0.305,25.62,0.693,,,,,,,,,,,-2147484000.0,,,,-7999.0,-7999.0,-7999.0,-7999.0,-7999.0,-7999.0,-7999.0,-7999.0,25.25,23.49,-0.037,0.0,0.0,0.0,60.0,59.9,74.7,0.0,273.2,272.0,274.0,0.0,0.0,0.0,618.0,1440464.0,42582.0,133173.0,1.0,0.979,0.748,0.921,0.005,0.006,0.007,0.008,0.012,0.009,0.009,0.0,0.0,0.0,0.0,0.0,0.0,0.0,52927.0,53728.0,53182.0,53018.0,54014.0,51391.0,46762.0,,0.0,0.0,,,2.0,-1.0,13.58,0.023,0.22,3.0,2.0,0.0,0.0,23.91,24.21,23.63,23.93,24.11,26.31,23.93,24.12,23.95,34.08
2016-07-25 23:58:00-05:00,-11.167608,-4.2028584,572575,26.68,0.0,0.305,25.66,0.739,,,,,,,,,,,-2147484000.0,,,,-7999.0,-7999.0,-7999.0,-7999.0,-7999.0,-7999.0,-7999.0,-7999.0,25.21,23.44,-0.037,0.0,0.0,0.0,60.0,59.9,74.7,0.0,273.3,272.0,274.0,0.0,0.0,0.0,618.0,1440464.0,42582.0,133173.0,1.0,0.979,0.748,0.921,0.005,0.006,0.008,0.009,0.013,0.009,0.009,0.0,0.0,0.0,0.0,0.0,0.0,0.0,52927.0,53728.0,53182.0,53018.0,54014.0,51391.0,46762.0,0.515,80.1,71.58,1.1,3.512,2.0,-1.0,13.57,0.023,0.22,3.0,2.0,0.0,0.0,23.91,24.21,23.63,23.86,24.04,26.27,23.93,24.1,23.94,34.08
2016-07-25 23:59:00-05:00,-11.167608,-4.2028584,572576,26.66,0.0,0.305,25.67,0.786,,,,,,,,,,,-2147484000.0,,,,-7999.0,-7999.0,-7999.0,-7999.0,-7999.0,-7999.0,-7999.0,-7999.0,25.24,23.45,-0.038,0.0,0.0,0.0,60.0,59.9,74.7,0.0,273.8,272.0,274.0,0.0,0.0,0.0,618.0,1440464.0,42582.0,133173.0,1.0,0.979,0.748,0.921,0.005,0.006,0.007,0.008,0.013,0.009,0.009,0.0,0.0,0.0,0.0,0.0,0.0,0.0,52927.0,53728.0,53182.0,53018.0,54014.0,51391.0,46762.0,0.782,65.4,24.33,1.2,3.512,2.0,-1.0,13.57,0.023,0.22,3.0,2.0,0.0,0.0,23.91,24.13,23.63,23.91,24.02,26.24,23.89,24.02,23.95,34.0
