TIMESTAMP,Pyra1_Wm2_Avg,Pyra2_Wm2_Avg,RECORD,CR1000Temp_C_Avg,DoorOpen_Min,RefCell1_Wm2_Avg,AmbTemp_C_Avg,InvVDVoltage_V_Avg,InvVa_Avg,InvVb_Avg,InvVc_Avg,InvIa_Avg,InvIb_Avg,InvIc_Avg,InvVDCin_Avg,InvIDCin_Avg,InvFreq_Avg,InvPAC_kW_Avg,InvEtot_kWh_Max,InvVPVin_Avg,InvPDC_kW_Avg,InvOpStatus_Avg,InvMainFault_Max,InvDriveFault_Max,InvVoltageFault_Max,InvGridFault_Max,InvTempFault_Max,InvSystemFault_Max,InvSystemWarn_Max,InvPVMStatus_Max,SEWSAmbientTemp_C_Avg,SEWSModuleTemp_C_Avg,SEWSPOAIrrad_Wm2_Avg,PwrMtrIa_Avg,PwrMtrIb_Avg,PwrMtrIc_Avg,PwrMtrFreq_Avg,PwrMtrFreqMin_Min,PwrMtrFreqMax_Max,PwrMtrPhaseRev_Avg,PwrMtrVa_Avg,PwrMtrVb_Avg,PwrMtrVc_Avg,PwrMtrP_kW_Avg,PwrMtrP_kVAR_Avg,PwrMtrP_kVA_Avg,PwrMtrEdel_kWh_Max,PwrMtrErec_kWh_Max,PwrMtrEdel_kVARh_Max,PwrMtrErec_kVARh_Max,PwrMtrPF_Avg,PwrMtrVaTHDMax_Max,PwrMtrVbTHDMax_Max,PwrMtrVcTHDMax_Max,ShuntCurrent_A_Avg_1,ShuntCurrent_A_Avg_2,ShuntCurrent_A_Avg_3,ShuntCurrent_A_Avg_4,ShuntCurrent_A_Avg_5,ShuntCurrent_A_Avg_6,ShuntCurrent_A_Avg_7,ShuntPDC_kW_Avg_1,ShuntPDC_kW_Avg_2,ShuntPDC_kW_Avg_3,ShuntPDC_kW_Avg_4,ShuntPDC_kW_Avg_5,ShuntPDC_kW_Avg_6,ShuntPDC_kW_Avg_7,ShuntEtot_kWh_Max_1,ShuntEtot_kWh_Max_2,ShuntEtot_kWh_Max_3,ShuntEtot_kWh_Max_4,ShuntEtot_kWh_Max_5,ShuntEtot_kWh_Max_6,ShuntEtot_kWh_Max_7,WindSpeedAve_ms,WindDirAve_deg,WindDirStdDev_deg,WindSpeed_ms_Max,WindRef_V_Min,WindHeatStateID_Avg,WindValid_Avg,Battery_V_Min,Battery_A_Avg,Load_A_Avg,ChgState_Min,ChgSource_Min,CkBatt_Max,Qloss_Ah_Max,RTD_C_Avg_1,RTD_C_Avg_2,RTD_C_Avg_3,RTD_C_Avg_4,RTD_C_Avg_5,RTD_C_Avg_6,RTD_C_Avg_7,RTD_C_Avg_8,RTD_C_Avg_9,RTD_C_Avg_10
2016-07-28 00:00:00-05:00,-9.147935,-3.4183247,575457,26.74,0.0,0.305,26.28,1.081,277.7,275.8,273.8,0.0,0.0,0.0,2.195,0.0,60.23,0.0,1452493.0,21.79,0.0,0.0,0.0,0.0,0.0,0.0,0.0,0.0,0.0,0.0,25.71,24.15,-0.037,0.0,0.0,0.0,60.0,59.9,74.7,0.0,276.0,275.0,277.0,0.0,0.0,0.0,619.0,1442805.0,42633.0,133364.0,1.0,0.979,0.748,0.921,0.005,0.006,0.008,0.009,0.013,0.008,0.01,0.0,0.0,0.0,0.0,0.0,0.0,0.0,53270.0,54075.0,53527.0,53362.0,54361.0,51726.0,47067.0,0.173,253.9,16.0,0.3,3.51,2.0,-1.0,13.57,0.023,0.221,3.0,2.0,0.0,0.0,24.69,24.7,24.22,24.51,24.51,27.44,24.41,24.79,24.44,35.06
2016-07-28 00:01:00-05:00,-9.147935,-3.4183247,575458,26.72,0.0,0.305,26.33,1.08,277.7,275.7,273.7,0.0,0.0,0.0,2.056,0.0,60.15,0.0,1452493.0,21.79,0.0,0.0,0.0,0.0,0.0,0.0,0.0,0.0,0.0,0.0,25.73,24.16,-0.037,0.0,0.0,0.0,60.0,59.9,74.7,0.0,276.0,275.0,277.0,0.0,0.0,0.0,619.0,1442805.0,42633.0,133364.0,1.0,0.979,0.748,0.921,0.005,0.006,0.008,0.009,0.012,0.009,0.009,0.0,0.0,0.0,0.0,0.0,0.0,0.0,53270.0,54075.0,53527.0,53362.0,54361.0,51726.0,47067.0,0.195,251.3,16.66,0.3,3.51,2.0,-1.0,13.58,0.023,0.221,3.0,2.0,0.0,0.0,24.69,24.7,24.17,24.51,24.51,27.44,24.41,24.71,24.44,35.06
2016-07-28 00:02:00-05:00,-9.147935,-3.4183247,575459,26.68,0.0,0.305,26.35,1.08,277.9,275.5,273.6,0.0,0.0,0.0,1.903,0.0,60.15,0.0,1452493.0,21.78,0.0,0.0,0.0,0.0,0.0,0.0,0.0,0.0,0.0,0.0,25.78,24.15,-0.038,0.0,0.0,0.0,60.0,59.9,74.7,0.0,276.0,275.0,277.0,0.0,0.0,0.0,619.0,1442805.0,42633.0,133364.0,1.0,0.979,0.748,0.921,0.005,0.006,0.007,0.009,0.011,0.009,0.01,0.0,0.0,0.0,0.0,0.0,0.0,0.0,53270.0,54075.0,53527.0,53362.0,54361.0,51726.0,47067.0,0.198,213.3,22.98,0.3,3.51,2.0,-1.0,13.57,0.023,0.221,3.0,2.0,0.0,0.0,24.69,24.7,24.12,24.51,24.51,27.44,24.41,24.71,24.44,34.99
2016-07-28 00:03:00-05:00,-9.147935,-3.4183247,575460,26.68,0.0,0.305,26.43,1.057,278.7,276.2,274.3,0.0,0.0,0.0,1.823,0.0,60.14,0.0,1452493.0,21.78,0.0,0.0,0.0,0.0,0.0,0.0,0.0,0.0,0.0,0.0,25.86,24.18,-0.038,0.0,0.0,0.0,60.0,59.9,74.7,0.0,276.8,275.8,277.2,0.0,0.0,0.0,619.0,1442805.0,42633.0,133364.0,1.0,0.979,0.748,0.921,0.004,0.006,0.008,0.008,0.012,0.008,0.01,0.0,0.0,0.0,0.0,0.0,0.0,0.0,53270.0,54075.0,53527.0,53362.0,54361.0,51726.0,47067.0,0.272,199.4,14.62,0.4,3.51,2.0,-1.0,13.58,0.023,0.221,3.0,2.0,0.0,0.0,24.69,24.7,24.12,24.51,24.51,27.38,24.35,24.71,24.44,34.96
2016-07-28 00:04:00-05:00,-9.147935,-3.4183247,575461,26.68,0.0,0.305,26.48,0.871,278.8,276.6,274.7,0.0,0.0,0.0,1.723,0.0,60.15,0.0,1452493.0,21.78,0.0,0.0,0.0,0.0,0.0,0.0,0.0,0.0,0.0,0.0,25.91,24.14,-0.037,0.0,0.0,0.0,60.0,59.9,74.7,0.0,277.0,276.0,278.0,0.0,0.0,0.0,619.0,1442805.0,42633.0,133364.0,1.0,0.979,0.748,0.921,0.005,0.006,0.008,0.009,0.012,0.009,0.01,0.0,0.0,0.0,0.0,0.0,0.0,0.0,53270.0,54075.0,53527.0,53362.0,54361.0,51726.0,47067.0,0.387,215.5,12.33,0.5,3.508,2.0,-1.0,13.58,0.023,0.221,3.0,2.0,0.0,0.0,24.69,24.7,24.12,24.46,24.51,27.31,24.32,24.71,24.39,34.96
2016-07-28 00:05:00-05:00,-9.147935,-3.4183247,575462,26.67,0.0,0.305,26.56,0.81,277.8,275.7,274.0,0.0,0.0,0.0,1.667,0.0,60.14,0.0,1452493.0,21.79,0.0,0.0,0.0,0.0,0.0,0.0,0.0,0.0,0.0,0.0,25.94,24.15,-0.036,0.0,0.0,0.0,60.0,59.9,74.7,0.0,276.2,275.2,277.2,0.0,0.0,0.0,619.0,1442805.0,42633.0,133364.0,1.0,0.979,0.748,0.921,0.004,0.006,0.007,0.008,0.013,0.009,0.009,0.0,0.0,0.0,0.0,0.0,0.0,0.0,53270.0,54075.0,53527.0,53362.0,54361.0,51726.0,47067.0,0.378,226.5,7.432,0.5,3.508,2.0,-1.0,13.58,0.023,0.221,3.0,2.0,0.0,0.0,24.69,24.67,24.12,24.41,24.51,27.25,24.32,24.67,24.34,34.96
2016-07-28 00:06:00-05:00,-9.147935,-3.4183247,575463,26.65,0.0,0.305,26.57,0.81,277.6,275.9,274.2,0.0,0.0,0.0,1.625,0.0,60.18,0.0,1452493.0,21.79,0.0,0.0,0.0,0.0,0.0,0.0,0.0,0.0,0.0,0.0,25.96,24.13,-0.038,0.0,0.0,0.0,60.0,59.9,74.7,0.0,276.2,275.1,277.0,0.0,0.0,0.0,619.0,1442805.0,42633.0,133364.0,1.0,0.979,0.748,0.921,0.005,0.006,0.008,0.009,0.014,0.009,0.009,0.0,0.0,0.0,0.0,0.0,0.0,0.0,53270.0,54075.0,53527.0,53362.0,54361.0,51726.0,47067.0,0.403,224.8,7.176,0.6,3.51,2.0,-1.0,13.57,0.023,0.221,3.0,2.0,0.0,0.0,24.69,24.63,24.12,24.41,24.48,27.25,24.28,24.64,24.34,34.96
2016-07-28 00:07:00-05:00,-9.147935,-3.4183247,575464,26.65,0.0,0.305,26.62,0.81,277.9,275.7,274.1,0.0,0.0,0.0,1.608,0.0,60.22,0.0,1452493.0,21.79,0.0,0.0,0.0,0.0,0.0,0.0,0.0,0.0,0.0,0.0,26.03,24.13,-0.038,0.0,0.0,0.0,60.0,59.9,74.7,0.0,276.4,275.0,277.0,0.0,0.0,0.0,619.0,1442805.0,42633.0,133364.0,1.0,0.979,0.748,0.921,0.004,0.005,0.007,0.008,0.012,0.009,0.01,0.0,0.0,0.0,0.0,0.0,0.0,0.0,53270.0,54075.0,53527.0,53362.0,54361.0,51726.0,47067.0,0.533,217.1,4.095,0.6,3.51,2.0,-1.0,13.57,0.023,0.221,3.0,2.0,0.0,0.0,24.67,24.6,24.1,24.41,24.43,27.1,24.22,24.61,24.34,34.96
2016-07-28 00:08:00-05:00,-9.147935,-3.4183247,575465,26.65,0.0,0.305,26.6,0.733,278.0,275.9,274.2,0.0,0.0,0.0,1.608,0.0,60.22,0.0,1452493.0,21.78,0.0,0.0,0.0,0.0,0.0,0.0,0.0,0.0,0.0,0.0,25.98,24.13,-0.038,0.0,0.0,0.0,60.0,59.9,74.7,0.0,277.0,275.0,277.0,0.0,0.0,0.0,619.0,1442805.0,42633.0,133364.0,1.0,0.979,0.748,0.921,0.005,0.006,0.008,0.008,0.012,0.008,0.009,0.0,0.0,0.0,0.0,0.0,0.0,0.0,53270.0,54075.0,53527.0,53362.0,54361.0,51726.0,47067.0,0.375,211.2,6.912,0.5,3.51,2.0,-1.0,13.57,0.023,0.221,3.0,2.0,0.0,0.0,24.66,24.6,24.09,24.4,24.45,26.97,24.22,24.61,24.29,34.94
2016-07-28 00:09:00-05:00,-9.147935,-3.4183247,575466,26.62,0.0,0.305,26.54,0.547,278.2,275.9,274.2,0.0,0.0,0.0,1.603,0.0,60.21,0.0,1452493.0,21.79,0.0,0.0,0.0,0.0,0.0,0.0,0.0,0.0,0.0,0.0,25.95,24.07,-0.038,0.0,0.0,0.0,60.0,59.9,74.7,0.0,277.0,275.0,277.0,0.0,0.0,0.0,619.0,1442805.0,42633.0,133364.0,1.0,0.979,0.748,0.921,0.004,0.005,0.008,0.009,0.012,0.009,0.009,0.0,0.0,0.0,0.0,0.0,0.0,0.0,53270.0,54075.0,53527.0,53362.0,54361.0,51726.0,47067.0,0.307,206.3,12.44,0.4,3.51,2.0,-1.0,13.57,0.023,0.221,3.0,2.0,0.0,0.0,24.59,24.6,24.04,24.35,24.41,26.95,24.22,24.53,24.25,34.89
2016-07-28 00:10:00-05:00,-9.385543,-3.4183247,575467,26.62,0.0,0.305,26.53,0.54,278.1,276.0,274.3,0.0,0.0,0.0,1.546,0.0,60.21,0.0,1452493.0,21.79,0.0,0.0,0.0,0.0,0.0,0.0,0.0,0.0,0.0,0.0,25.94,24.03,-0.038,0.0,0.0,0.0,60.0,59.9,74.7,0.0,277.0,275.0,277.0,0.0,0.0,0.0,619.0,1442805.0,42633.0,133364.0,1.0,0.979,0.748,0.921,0.005,0.006,0.008,0.008,0.012,0.008,0.009,0.0,0.0,0.0,0.0,0.0,0.0,0.0,53270.0,54075.0,53527.0,53362.0,54361.0,51726.0,47067.0,0.255,177.4,23.6,0.4,3.508,2.0,-1.0,13.57,0.022,0.221,3.0,2.0,0.0,0.0,24.54,24.54,24.02,24.32,24.36,27.03,24.17,24.51,24.23,34.86
2016-07-28 00:11:00-05:00,-9.623153,-3.4183247,575468,26.62,0.0,0.305,26.5,0.54,278.2,275.9,274.2,0.0,0.0,0.0,1.498,0.0,60.22,0.0,1452493.0,21.79,0.0,0.0,0.0,0.0,0.0,0.0,0.0,0.0,0.0,0.0,25.92,23.97,-0.037,0.0,0.0,0.0,60.0,59.9,74.7,0.0,277.0,275.0,277.0,0.0,0.0,0.0,619.0,1442805.0,42633.0,133364.0,1.0,0.979,0.748,0.921,0.005,0.005,0.008,0.009,0.012,0.009,0.009,0.0,0.0,0.0,0.0,0.0,0.0,0.0,53270.0,54075.0,53527.0,53362.0,54361.0,51726.0,47067.0,0.35,199.5,11.76,0.6,3.508,2.0,-1.0,13.57,0.022,0.221,3.0,2.0,0.0,0.0,24.49,24.5,23.94,24.25,24.32,27.01,24.12,24.45,24.15,34.86
2016-07-28 00:12:00-05:00,-9.979566,-3.4183247,575469,26.62,0.0,0.305,26.54,0.54,278.2,276.0,274.3,0.0,0.0,0.0,1.419,0.0,60.14,0.0,1452493.0,21.79,0.0,0.0,0.0,0.0,0.0,0.0,0.0,0.0,0.0,0.0,25.93,23.92,-0.038,0.0,0.0,0.0,60.0,59.9,74.7,0.0,277.0,275.7,277.0,0.0,0.0,0.0,619.0,1442805.0,42633.0,133364.0,1.0,0.979,0.748,0.921,0.005,0.005,0.007,0.009,0.011,0.008,0.01,0.0,0.0,0.0,0.0,0.0,0.0,0.0,53270.0,54075.0,53527.0,53362.0,54361.0,51726.0,47067.0,0.398,211.0,6.173,0.5,3.512,2.0,-1.0,13.57,0.022,0.221,3.0,2.0,0.0,0.0,24.46,24.41,23.93,24.22,24.22,27.22,24.12,24.41,24.15,34.86
2016-07-28 00:13:00-05:00,-9.979566,-3.4183247,575470,26.59,0.0,0.305,26.51,0.54,278.3,276.1,274.3,0.0,0.0,0.0,1.427,0.0,60.14,0.0,1452493.0,21.78,0.0,0.0,0.0,0.0,0.0,0.0,0.0,0.0,0.0,0.0,25.92,23.88,-0.038,0.0,0.0,0.0,60.0,59.9,74.7,0.0,277.0,276.0,277.0,0.0,0.0,0.0,619.0,1442805.0,42633.0,133364.0,1.0,0.979,0.748,0.921,0.005,0.006,0.007,0.009,0.012,0.008,0.01,0.0,0.0,0.0,0.0,0.0,0.0,0.0,53270.0,54075.0,53527.0,53362.0,54361.0,51726.0,47067.0,0.355,190.2,12.99,0.5,3.507,2.0,-1.0,13.57,0.022,0.221,3.0,2.0,0.0,0.0,24.4,24.41,23.86,24.17,24.25,27.35,24.04,24.35,24.07,34.86
2016-07-28 00:14:00-05:00,-9.979566,-3.7545533,575471,26.59,0.0,0.305,26.49,0.528,278.3,276.2,274.3,0.0,0.0,0.0,1.435,0.0,60.14,0.0,1452493.0,21.79,0.0,0.0,0.0,0.0,0.0,0.0,0.0,0.0,0.0,0.0,25.9,23.83,-0.038,0.0,0.0,0.0,60.0,59.9,74.7,0.0,277.0,276.0,277.0,0.0,0.0,0.0,619.0,1442805.0,42633.0,133364.0,1.0,0.979,0.748,0.921,0.005,0.005,0.008,0.008,0.011,0.009,0.009,0.0,0.0,0.0,0.0,0.0,0.0,0.0,53270.0,54075.0,53527.0,53362.0,54361.0,51726.0,47067.0,0.433,194.3,8.08,0.6,3.507,2.0,-1.0,13.58,0.022,0.221,3.0,2.0,0.0,0.0,24.36,24.37,23.83,24.12,24.15,27.34,24.02,24.32,24.05,34.78
2016-07-28 00:15:00-05:00,-9.979566,-3.7545533,575472,26.58,0.0,0.305,26.42,0.503,277.9,275.4,273.7,0.0,0.0,0.0,1.329,0.0,60.15,0.0,1452493.0,21.79,0.0,0.0,0.0,0.0,0.0,0.0,0.0,0.0,0.0,0.0,25.87,23.82,-0.037,0.0,0.0,0.0,60.0,59.9,74.7,0.0,276.2,275.2,277.0,0.0,0.0,0.0,619.0,1442805.0,42633.0,133364.0,1.0,0.979,0.748,0.921,0.004,0.005,0.008,0.009,0.012,0.009,0.01,0.0,0.0,0.0,0.0,0.0,0.0,0.0,53270.0,54075.0,53527.0,53362.0,54361.0,51726.0,47067.0,0.542,213.4,8.47,0.8,3.51,2.0,-1.0,13.57,0.022,0.221,3.0,2.0,0.0,0.0,24.35,24.31,23.73,24.12,24.12,27.23,23.97,24.23,24.05,34.77
2016-07-28 00:16:00-05:00,-9.979566,-3.7545533,575473,26.56,0.0,0.305,26.38,0.46,277.0,274.8,273.1,0.0,0.0,0.0,1.28,0.0,60.21,0.0,1452493.0,21.79,0.0,0.0,0.0,0.0,0.0,0.0,0.0,0.0,0.0,0.0,25.81,23.81,-0.038,0.0,0.0,0.0,60.0,59.9,74.7,0.0,275.7,274.2,276.2,0.0,0.0,0.0,619.0,1442805.0,42633.0,133364.0,1.0,0.979,0.748,0.921,0.004,0.006,0.007,0.009,0.012,0.009,0.009,0.0,0.0,0.0,0.0,0.0,0.0,0.0,53270.0,54075.0,53527.0,53362.0,54361.0,51726.0,47067.0,0.63,218.7,8.99,0.8,3.51,2.0,-1.0,13.57,0.022,0.221,3.0,2.0,0.0,0.0,24.3,24.31,23.73,24.06,24.12,27.14,24.02,24.22,23.99,34.77
2016-07-28 00:17:00-05:00,-9.979566,-3.7545533,575474,26.56,0.0,0.305,26.3,0.415,278.2,275.8,273.9,0.0,0.0,0.0,1.304,0.0,60.2,0.0,1452493.0,21.79,0.0,0.0,0.0,0.0,0.0,0.0,0.0,0.0,0.0,0.0,25.75,23.77,-0.037,0.0,0.0,0.0,60.0,59.9,74.7,0.0,276.9,275.4,276.9,0.0,0.0,0.0,619.0,1442805.0,42633.0,133364.0,1.0,0.979,0.748,0.921,0.005,0.007,0.007,0.008,0.012,0.009,0.01,0.0,0.0,0.0,0.0,0.0,0.0,0.0,53270.0,54075.0,53527.0,53362.0,54361.0,51726.0,47067.0,0.585,223.7,7.771,0.8,3.51,2.0,-1.0,13.58,0.022,0.221,3.0,2.0,0.0,0.0,24.3,24.29,23.73,24.02,24.11,26.86,23.96,24.19,23.95,34.75
2016-07-28 00:18:00-05:00,-9.979566,-3.7545533,575475,26.54,0.0,0.305,26.19,0.366,278.1,276.1,274.1,0.0,0.0,0.0,1.293,0.0,60.21,0.0,1452493.0,21.79,0.0,0.0,0.0,0.0,0.0,0.0,0.0,0.0,0.0,0.0,25.68,23.72,-0.015,0.0,0.0,0.0,60.0,59.9,74.7,0.0,277.0,275.8,277.0,0.0,0.0,0.0,619.0,1442805.0,42633.0,133364.0,1.0,0.979,0.748,0.921,0.004,0.006,0.008,0.009,0.011,0.009,0.009,0.0,0.0,0.0,0.0,0.0,0.0,0.0,53270.0,54075.0,53527.0,53362.0,54361.0,51726.0,47067.0,0.493,230.2,9.81,0.7,3.507,2.0,-1.0,13.58,0.022,0.221,3.0,2.0,0.0,0.0,24.2,24.21,23.63,23.98,24.07,26.71,23.93,24.14,23.89,34.77
2016-07-28 00:19:00-05:00,-10.09837,-3.7545533,575476,26.53,0.0,0.305,26.16,0.289,278.3,276.1,274.1,0.0,0.0,0.0,1.253,0.0,60.21,0.0,1452493.0,21.79,0.0,0.0,0.0,0.0,0.0,0.0,0.0,0.0,0.0,0.0,25.63,23.68,-0.02,0.0,0.0,0.0,60.0,59.9,74.7,0.0,277.0,276.0,277.0,0.0,0.0,0.0,619.0,1442805.0,42633.0,133364.0,1.0,0.979,0.748,0.921,0.004,0.005,0.007,0.008,0.011,0.009,0.009,0.0,0.0,0.0,0.0,0.0,0.0,0.0,53270.0,54075.0,53527.0,53362.0,54361.0,51726.0,47067.0,0.398,228.8,10.28,0.6,3.51,2.0,-1.0,13.57,0.022,0.221,3.0,2.0,0.0,0.0,24.2,24.16,23.63,23.93,24.01,26.61,23.89,24.12,23.86,34.68
2016-07-28 00:20:00-05:00,-10.3359785,-3.8666298,575477,26.51,0.0,0.305,26.15,0.273,278.2,276.1,274.1,0.0,0.0,0.0,1.252,0.0,60.21,0.0,1452493.0,21.79,0.0,0.0,0.0,0.0,0.0,0.0,0.0,0.0,0.0,0.0,25.62,23.63,-0.038,0.0,0.0,0.0,60.0,59.9,74.7,0.0,277.0,275.9,277.0,0.0,0.0,0.0,619.0,1442805.0,42633.0,133364.0,1.0,0.979,0.748,0.921,0.004,0.005,0.007,0.008,0.011,0.009,0.01,0.0,0.0,0.0,0.0,0.0,0.0,0.0,53270.0,54075.0,53527.0,53362.0,54361.0,51726.0,47067.0,0.328,255.4,12.76,0.5,3.51,2.0,-1.0,13.57,0.022,0.221,3.0,2.0,0.0,0.0,24.1,24.15,23.6,23.93,23.93,26.68,23.83,24.12,23.76,34.67
2016-07-28 00:21:00-05:00,-10.573587,-4.2028584,575478,26.5,0.0,0.305,26.16,0.273,278.3,276.1,274.1,0.0,0.0,0.0,1.335,0.0,60.22,0.0,1452493.0,21.79,0.0,0.0,0.0,0.0,0.0,0.0,0.0,0.0,0.0,0.0,25.62,23.55,-0.037,0.0,0.0,0.0,60.0,59.9,74.7,0.0,277.0,276.0,277.0,0.0,0.0,0.0,619.0,1442805.0,42633.0,133364.0,1.0,0.979,0.748,0.921,0.004,0.006,0.008,0.009,0.012,0.009,0.009,0.0,0.0,0.0,0.0,0.0,0.0,0.0,53270.0,54075.0,53527.0,53362.0,54361.0,51726.0,47067.0,0.297,255.7,7.913,0.5,3.51,2.0,-1.0,13.58,0.022,0.221,3.0,2.0,0.0,0.0,24.02,24.06,23.54,23.89,23.93,26.81,23.76,24.04,23.74,34.67
2016-07-28 00:22:00-05:00,-10.692391,-4.2028584,575479,26.49,0.0,0.305,26.17,0.273,278.3,276.0,274.0,0.0,0.0,0.0,1.263,0.0,60.18,0.0,1452493.0,21.79,0.0,0.0,0.0,0.0,0.0,0.0,0.0,0.0,0.0,0.0,25.64,23.56,-0.038,0.0,0.0,0.0,60.0,59.9,74.7,0.0,277.0,275.8,277.0,0.0,0.0,0.0,619.0,1442805.0,42633.0,133364.0,1.0,0.979,0.748,0.921,0.004,0.006,0.007,0.009,0.012,0.009,0.009,0.0,0.0,0.0,0.0,0.0,0.0,0.0,53270.0,54075.0,53527.0,53362.0,54361.0,51726.0,47067.0,0.267,268.1,12.09,0.3,3.509,2.0,-1.0,13.58,0.022,0.221,3.0,2.0,0.0,0.0,24.04,24.07,23.52,23.83,23.91,26.8,23.73,23.99,23.66,34.57
2016-07-28 00:23:00-05:00,-10.692391,-4.2028584,575480,26.47,0.0,0.305,26.2,0.273,278.3,276.1,274.0,0.0,0.0,0.0,1.254,0.0,60.13,0.0,1452493.0,21.79,0.0,0.0,0.0,0.0,0.0,0.0,0.0,0.0,0.0,0.0,25.7,23.6,-0.038,0.0,0.0,0.0,60.0,59.9,74.7,0.0,277.0,275.9,277.0,0.0,0.0,0.0,619.0,1442805.0,42633.0,133364.0,1.0,0.979,0.748,0.921,0.005,0.006,0.008,0.009,0.011,0.009,0.009,0.0,0.0,0.0,0.0,0.0,0.0,0.0,53270.0,54075.0,53527.0,53362.0,54361.0,51726.0,47067.0,0.225,294.2,8.16,0.3,3.509,2.0,-1.0,13.58,0.022,0.221,3.0,2.0,0.0,0.0,24.1,24.03,23.49,23.83,23.83,26.62,23.68,23.93,23.66,34.57
2016-07-28 00:24:00-05:00,-10.692391,-4.4270105,575481,26.46,0.0,0.305,26.22,0.298,278.2,276.2,274.1,0.0,0.0,0.0,1.307,0.0,60.17,0.0,1452493.0,21.79,0.0,0.0,0.0,0.0,0.0,0.0,0.0,0.0,0.0,0.0,25.74,23.66,-0.037,0.0,0.0,0.0,60.0,59.9,74.7,0.0,277.0,276.0,277.0,0.0,0.0,0.0,619.0,1442805.0,42633.0,133364.0,1.0,0.979,0.748,0.921,0.004,0.005,0.008,0.009,0.012,0.008,0.009,0.0,0.0,0.0,0.0,0.0,0.0,0.0,53270.0,54075.0,53527.0,53362.0,54361.0,51726.0,47067.0,0.293,283.4,22.92,0.5,3.51,2.0,-1.0,13.57,0.022,0.221,3.0,2.0,0.0,0.0,24.13,24.07,23.45,23.75,23.78,26.49,23.63,23.93,23.66,34.57
2016-07-28 00:25:00-05:00,-10.692391,-4.539087,575482,26.44,0.0,0.305,26.22,0.321,278.2,276.2,274.1,0.0,0.0,0.0,1.293,0.0,60.22,0.0,1452493.0,21.79,0.0,0.0,0.0,0.0,0.0,0.0,0.0,0.0,0.0,0.0,25.78,23.66,-0.036,0.0,0.0,0.0,60.0,59.9,74.7,0.0,277.0,276.0,277.0,0.0,0.0,0.0,619.0,1442805.0,42633.0,133364.0,1.0,0.979,0.748,0.921,0.004,0.005,0.007,0.008,0.012,0.008,0.01,0.0,0.0,0.0,0.0,0.0,0.0,0.0,53270.0,54075.0,53527.0,53362.0,54361.0,51726.0,47067.0,0.322,264.0,17.55,0.6,3.509,2.0,-1.0,13.57,0.022,0.221,3.0,2.0,0.0,0.0,24.19,24.1,23.44,23.73,23.73,26.44,23.63,23.93,23.63,34.57
2016-07-28 00:26:00-05:00,-10.692391,-4.539087,575483,26.43,0.0,0.305,26.25,0.295,277.3,275.0,273.0,0.0,0.0,0.0,1.32,0.0,60.19,0.0,1452493.0,21.78,0.0,0.0,0.0,0.0,0.0,0.0,0.0,0.0,0.0,0.0,25.8,23.64,-0.038,0.0,0.0,0.0,60.0,59.9,74.7,0.0,276.1,274.3,276.1,0.0,0.0,0.0,619.0,1442805.0,42633.0,133364.0,1.0,0.979,0.748,0.921,0.005,0.005,0.008,0.008,0.012,0.008,0.009,0.0,0.0,0.0,0.0,0.0,0.0,0.0,53270.0,54075.0,53527.0,53362.0,54361.0,51726.0,47067.0,0.317,263.9,16.99,0.4,3.508,2.0,-1.0,13.58,0.022,0.221,3.0,2.0,0.0,0.0,24.14,24.07,23.36,23.73,23.73,26.58,23.57,23.93,23.56,34.5
2016-07-28 00:27:00-05:00,-10.692391,-4.539087,575484,26.41,0.0,0.305,26.25,0.279,277.1,274.9,272.9,0.0,0.0,0.0,1.258,0.0,60.15,0.0,1452493.0,21.79,0.0,0.0,0.0,0.0,0.0,0.0,0.0,0.0,0.0,0.0,25.75,23.54,-0.038,0.0,0.0,0.0,60.0,59.9,74.7,0.0,276.0,274.0,276.0,0.0,0.0,0.0,619.0,1442805.0,42633.0,133364.0,1.0,0.979,0.748,0.921,0.005,0.005,0.007,0.008,0.012,0.008,0.009,0.0,0.0,0.0,0.0,0.0,0.0,0.0,53270.0,54075.0,53527.0,53362.0,54361.0,51726.0,47067.0,0.133,222.7,26.77,0.3,3.508,2.0,-1.0,13.58,0.022,0.221,3.0,2.0,0.0,0.0,24.04,24.02,23.34,23.67,23.72,26.64,23.52,23.89,23.56,34.47
2016-07-28 00:28:00-05:00,-10.692391,-4.2028584,575485,26.4,0.0,0.305,26.21,0.27,277.2,275.1,273.0,0.0,0.0,0.0,1.281,0.0,60.13,0.0,1452493.0,21.79,0.0,0.0,0.0,0.0,0.0,0.0,0.0,0.0,0.0,0.0,25.71,23.48,-0.038,0.0,0.0,0.0,60.0,59.9,74.7,0.0,276.0,274.8,276.0,0.0,0.0,0.0,619.0,1442805.0,42633.0,133364.0,1.0,0.979,0.748,0.921,0.004,0.006,0.006,0.009,0.012,0.008,0.009,0.0,0.0,0.0,0.0,0.0,0.0,0.0,53270.0,54075.0,53527.0,53362.0,54361.0,51726.0,47067.0,0.262,161.2,10.37,0.4,3.51,2.0,-1.0,13.58,0.022,0.221,3.0,2.0,0.0,0.0,23.99,23.98,23.36,23.63,23.73,26.69,23.45,23.83,23.5,34.47
2016-07-28 00:29:00-05:00,-10.3359785,-4.2028584,575486,26.37,0.0,0.305,26.16,0.27,277.5,275.1,273.0,0.0,0.0,0.0,1.33,0.0,60.16,0.0,1452493.0,21.79,0.0,0.0,0.0,0.0,0.0,0.0,0.0,0.0,0.0,0.0,25.63,23.4,-0.038,0.0,0.0,0.0,60.0,59.9,74.7,0.0,276.0,275.0,276.0,0.0,0.0,0.0,619.0,1442805.0,42633.0,133364.0,1.0,0.979,0.748,0.921,0.005,0.005,0.007,0.007,0.011,0.008,0.01,0.0,0.0,0.0,0.0,0.0,0.0,0.0,53270.0,54075.0,53527.0,53362.0,54361.0,51726.0,47067.0,0.472,137.7,4.972,0.6,3.507,2.0,-1.0,13.57,0.022,0.221,3.0,2.0,0.0,0.0,23.91,23.94,23.3,23.6,23.75,26.72,23.44,23.78,23.47,34.42
2016-07-28 00:30:00-05:00,-10.3359785,-4.2028584,575487,26.37,0.0,0.305,26.07,0.27,277.6,275.2,273.1,0.0,0.0,0.0,1.281,0.0,60.15,0.0,1452493.0,21.79,0.0,0.0,0.0,0.0,0.0,0.0,0.0,0.0,0.0,0.0,25.54,23.38,-0.038,0.0,0.0,0.0,60.0,59.9,74.7,0.0,276.0,275.0,276.0,0.0,0.0,0.0,619.0,1442805.0,42633.0,133364.0,1.0,0.979,0.748,0.921,0.005,0.006,0.007,0.007,0.012,0.008,0.009,0.0,0.0,0.0,0.0,0.0,0.0,0.0,53270.0,54075.0,53527.0,53362.0,54361.0,51726.0,47067.0,0.378,137.4,6.447,0.5,3.507,2.0,-1.0,13.57,0.022,0.221,3.0,2.0,0.0,0.0,23.89,23.93,23.26,23.54,23.72,26.48,23.39,23.73,23.47,34.37
2016-07-28 00:31:00-05:00,-10.3359785,-4.2028584,575488,26.35,0.0,0.305,26.04,0.27,277.6,275.2,273.2,0.0,0.0,0.0,1.27,0.0,60.22,0.0,1452493.0,21.79,0.0,0.0,0.0,0.0,0.0,0.0,0.0,0.0,0.0,0.0,25.45,23.33,-0.037,0.0,0.0,0.0,60.0,59.9,74.7,0.0,276.0,275.0,276.0,0.0,0.0,0.0,619.0,1442805.0,42633.0,133364.0,1.0,0.979,0.748,0.921,0.004,0.006,0.007,0.008,0.012,0.009,0.01,0.0,0.0,0.0,0.0,0.0,0.0,0.0,53270.0,54075.0,53527.0,53362.0,54361.0,51726.0,47067.0,0.535,123.3,3.663,0.6,3.508,2.0,-1.0,13.57,0.022,0.221,3.0,2.0,0.0,0.0,23.81,23.89,23.26,23.54,23.66,26.28,23.34,23.73,23.38,34.37
2016-07-28 00:32:00-05:00,-10.3359785,-4.2028584,575489,26.34,0.0,0.305,25.98,0.27,277.4,275.2,273.1,0.0,0.0,0.0,1.301,0.0,60.13,0.0,1452493.0,21.79,0.0,0.0,0.0,0.0,0.0,0.0,0.0,0.0,0.0,0.0,25.4,23.29,-0.036,0.0,0.0,0.0,60.0,59.9,74.7,0.0,276.0,275.0,276.0,0.0,0.0,0.0,619.0,1442805.0,42633.0,133364.0,1.0,0.979,0.748,0.921,0.004,0.006,0.007,0.008,0.012,0.008,0.009,0.0,0.0,0.0,0.0,0.0,0.0,0.0,53270.0,54075.0,53527.0,53362.0,54361.0,51726.0,47067.0,0.512,128.1,3.192,0.6,3.508,2.0,-1.0,13.57,0.022,0.221,3.0,2.0,0.0,0.0,23.76,23.83,23.21,23.5,23.63,26.49,23.34,23.68,23.37,34.37
2016-07-28 00:33:00-05:00,-10.3359785,-4.2028584,575490,26.31,0.0,0.305,25.93,0.27,277.3,275.4,273.3,0.0,0.0,0.0,1.292,0.0,60.14,0.0,1452493.0,21.79,0.0,0.0,0.0,0.0,0.0,0.0,0.0,0.0,0.0,0.0,25.33,23.26,-0.038,0.0,0.0,0.0,60.0,59.9,74.7,0.0,276.0,275.0,276.0,0.0,0.0,0.0,619.0,1442805.0,42633.0,133364.0,1.0,0.979,0.748,0.921,0.004,0.006,0.007,0.007,0.012,0.009,0.009,0.0,0.0,0.0,0.0,0.0,0.0,0.0,53270.0,54075.0,53527.0,53362.0,54361.0,51726.0,47067.0,0.438,132.6,12.04,0.6,3.507,2.0,-1.0,13.57,0.022,0.221,3.0,2.0,0.0,0.0,23.71,23.78,23.16,23.45,23.63,26.67,23.32,23.65,23.33,34.31
2016-07-28 00:34:00-05:00,-10.3359785,-4.2028584,575491,26.31,0.0,0.305,25.89,0.27,277.7,275.2,273.2,0.0,0.0,0.0,1.277,0.0,60.15,0.0,1452493.0,21.79,0.0,0.0,0.0,0.0,0.0,0.0,0.0,0.0,0.0,0.0,25.3,23.21,-0.037,0.0,0.0,0.0,60.0,59.9,74.7,0.0,276.0,275.0,276.0,0.0,0.0,0.0,619.0,1442805.0,42633.0,133364.0,1.0,0.979,0.748,0.921,0.005,0.006,0.007,0.008,0.012,0.008,0.009,0.0,0.0,0.0,0.0,0.0,0.0,0.0,53270.0,54075.0,53527.0,53362.0,54361.0,51726.0,47067.0,0.378,173.3,10.99,0.5,3.507,2.0,-1.0,13.57,0.022,0.221,3.0,2.0,0.0,0.0,23.67,23.75,23.16,23.47,23.57,26.9,23.28,23.63,23.27,34.28
2016-07-28 00:35:00-05:00,-10.3359785,-4.2028584,575492,26.28,0.0,0.305,25.81,0.27,277.6,275.4,273.3,0.0,0.0,0.0,1.289,0.0,60.15,0.0,1452493.0,21.79,0.0,0.0,0.0,0.0,0.0,0.0,0.0,0.0,0.0,0.0,25.26,23.15,-0.038,0.0,0.0,0.0,60.0,59.9,74.7,0.0,276.0,275.0,276.0,0.0,0.0,0.0,619.0,1442805.0,42633.0,133364.0,1.0,0.979,0.748,0.921,0.004,0.006,0.006,0.009,0.011,0.008,0.009,0.0,0.0,0.0,0.0,0.0,0.0,0.0,53270.0,54075.0,53527.0,53362.0,54361.0,51726.0,47067.0,0.3,172.7,9.12,0.4,3.512,2.0,-1.0,13.57,0.022,0.221,3.0,2.0,0.0,0.0,23.62,23.73,23.16,23.46,23.54,26.75,23.24,23.63,23.27,34.28
2016-07-28 00:36:00-05:00,-10.3359785,-4.2028584,575493,26.26,0.0,0.305,25.84,0.27,277.7,275.6,273.5,0.0,0.0,0.0,1.328,0.0,60.22,0.0,1452493.0,21.79,0.0,0.0,0.0,0.0,0.0,0.0,0.0,0.0,0.0,0.0,25.26,23.08,-0.038,0.0,0.0,0.0,60.0,59.9,74.7,0.0,276.0,275.0,276.0,0.0,0.0,0.0,619.0,1442805.0,42633.0,133364.0,1.0,0.979,0.748,0.921,0.004,0.006,0.007,0.008,0.012,0.008,0.01,0.0,0.0,0.0,0.0,0.0,0.0,0.0,53270.0,54075.0,53527.0,53362.0,54361.0,51726.0,47067.0,0.313,181.2,15.72,0.4,3.51,2.0,-1.0,13.58,0.022,0.221,3.0,2.0,0.0,0.0,23.53,23.73,23.13,23.45,23.54,26.61,23.24,23.65,23.27,34.18
2016-07-28 00:37:00-05:00,-10.3359785,-4.2028584,575494,26.25,0.0,0.305,25.86,0.27,277.7,275.6,273.5,0.0,0.0,0.0,1.305,0.0,60.22,0.0,1452493.0,21.79,0.0,0.0,0.0,0.0,0.0,0.0,0.0,0.0,0.0,0.0,25.27,23.05,-0.038,0.0,0.0,0.0,60.0,59.9,74.7,0.0,276.0,275.0,276.0,0.0,0.0,0.0,619.0,1442805.0,42633.0,133364.0,1.0,0.979,0.748,0.921,0.005,0.006,0.006,0.008,0.012,0.008,0.009,0.0,0.0,0.0,0.0,0.0,0.0,0.0,53270.0,54075.0,53527.0,53362.0,54361.0,51726.0,47067.0,0.257,212.7,3.01,0.4,3.508,2.0,-1.0,13.57,0.022,0.221,3.0,2.0,0.0,0.0,23.52,23.73,23.07,23.44,23.54,26.54,23.23,23.63,23.27,34.18
2016-07-28 00:38:00-05:00,-10.692391,-4.2028584,575495,26.23,0.0,0.305,25.88,0.27,277.7,275.7,273.6,0.0,0.0,0.0,1.304,0.0,60.22,0.0,1452493.0,21.79,0.0,0.0,0.0,0.0,0.0,0.0,0.0,0.0,0.0,0.0,25.35,23.08,-0.038,0.0,0.0,0.0,60.0,59.9,74.7,0.0,276.6,275.0,276.2,0.0,0.0,0.0,619.0,1442805.0,42633.0,133364.0,1.0,0.979,0.748,0.921,0.004,0.005,0.007,0.009,0.011,0.008,0.009,0.0,0.0,0.0,0.0,0.0,0.0,0.0,53270.0,54075.0,53527.0,53362.0,54361.0,51726.0,47067.0,0.167,265.6,27.17,0.3,3.507,2.0,-1.0,13.57,0.022,0.221,3.0,2.0,0.0,0.0,23.52,23.73,23.05,23.37,23.46,26.47,23.23,23.6,23.27,34.18
2016-07-28 00:39:00-05:00,-10.692391,-4.2028584,575496,26.22,0.0,0.305,25.9,0.27,277.9,275.6,273.5,0.0,0.0,0.0,1.292,0.0,60.18,0.0,1452493.0,21.78,0.0,0.0,0.0,0.0,0.0,0.0,0.0,0.0,0.0,0.0,25.42,23.12,-0.036,0.0,0.0,0.0,60.0,59.9,74.7,0.0,276.1,275.0,276.0,0.0,0.0,0.0,619.0,1442805.0,42633.0,133364.0,1.0,0.979,0.748,0.921,0.005,0.005,0.007,0.008,0.011,0.008,0.009,0.0,0.0,0.0,0.0,0.0,0.0,0.0,53270.0,54075.0,53527.0,53362.0,54361.0,51726.0,47067.0,0.365,290.5,11.49,0.6,3.508,2.0,-1.0,13.58,0.022,0.221,3.0,2.0,0.0,0.0,23.54,23.73,23.05,23.34,23.45,26.41,23.15,23.57,23.25,34.2
2016-07-28 00:40:00-05:00,-10.692391,-4.2028584,575497,26.19,0.0,0.305,25.95,0.27,277.7,275.7,273.6,0.0,0.0,0.0,1.321,0.0,60.18,0.0,1452493.0,21.79,0.0,0.0,0.0,0.0,0.0,0.0,0.0,0.0,0.0,0.0,25.48,23.21,-0.038,0.0,0.0,0.0,60.0,59.9,74.7,0.0,276.7,275.0,276.5,0.0,0.0,0.0,619.0,1442805.0,42633.0,133364.0,1.0,0.979,0.748,0.921,0.004,0.005,0.007,0.008,0.011,0.008,0.009,0.0,0.0,0.0,0.0,0.0,0.0,0.0,53270.0,54075.0,53527.0,53362.0,54361.0,51726.0,47067.0,0.518,303.5,18.85,0.8,3.51,2.0,-1.0,13.58,0.022,0.221,3.0,2.0,0.0,0.0,23.69,23.73,23.05,23.36,23.44,26.38,23.16,23.54,23.17,34.12
2016-07-28 00:41:00-05:00,-10.573587,-4.2028584,575498,26.19,0.0,0.305,26.01,0.27,278.0,275.7,273.6,0.0,0.0,0.0,1.358,0.0,60.14,0.0,1452493.0,21.79,0.0,0.0,0.0,0.0,0.0,0.0,0.0,0.0,0.0,0.0,25.55,23.31,-0.038,0.0,0.0,0.0,60.0,59.9,74.7,0.0,277.0,275.0,276.9,0.0,0.0,0.0,619.0,1442805.0,42633.0,133364.0,1.0,0.979,0.748,0.921,0.004,0.006,0.007,0.008,0.011,0.008,0.008,0.0,0.0,0.0,0.0,0.0,0.0,0.0,53270.0,54075.0,53527.0,53362.0,54361.0,51726.0,47067.0,0.535,322.1,6.258,0.8,3.512,2.0,-1.0,13.58,0.022,0.221,3.0,2.0,0.0,0.0,23.85,23.73,23.02,23.34,23.44,26.38,23.15,23.54,23.17,34.12
2016-07-28 00:42:00-05:00,-10.217174,-4.2028584,575499,26.16,0.0,0.305,26.07,0.27,278.3,275.7,273.7,0.0,0.0,0.0,1.323,0.0,60.22,0.0,1452493.0,21.79,0.0,0.0,0.0,0.0,0.0,0.0,0.0,0.0,0.0,0.0,25.64,23.39,-0.038,0.0,0.0,0.0,60.0,59.9,74.7,0.0,277.0,275.0,277.0,0.0,0.0,0.0,619.0,1442805.0,42633.0,133364.0,1.0,0.979,0.748,0.921,0.004,0.005,0.007,0.008,0.011,0.008,0.009,0.0,0.0,0.0,0.0,0.0,0.0,0.0,53270.0,54075.0,53527.0,53362.0,54361.0,51726.0,47067.0,0.482,286.2,14.31,0.7,3.51,2.0,-1.0,13.57,0.022,0.221,3.0,2.0,0.0,0.0,24.0,23.73,23.0,23.34,23.44,26.38,23.15,23.62,23.17,34.14
2016-07-28 00:43:00-05:00,-9.979566,-4.2028584,575500,26.14,0.0,0.305,26.22,0.27,278.2,275.7,273.6,0.0,0.0,0.0,1.365,0.0,60.22,0.0,1452493.0,21.79,0.0,0.0,0.0,0.0,0.0,0.0,0.0,0.0,0.0,0.0,25.77,23.45,-0.038,0.0,0.0,0.0,60.0,59.9,74.7,0.0,276.9,275.0,276.9,0.0,0.0,0.0,619.0,1442805.0,42633.0,133364.0,1.0,0.979,0.748,0.921,0.005,0.005,0.007,0.008,0.011,0.008,0.008,0.0,0.0,0.0,0.0,0.0,0.0,0.0,53270.0,54075.0,53527.0,53362.0,54361.0,51726.0,47067.0,0.495,272.6,14.66,0.7,3.512,2.0,-1.0,13.57,0.022,0.221,3.0,2.0,0.0,0.0,24.16,23.75,23.12,23.37,23.42,26.38,23.15,23.65,23.19,34.07
2016-07-28 00:44:00-05:00,-9.979566,-4.2028584,575501,26.13,0.0,0.305,26.31,0.272,276.9,274.5,272.5,0.0,0.0,0.0,1.409,0.0,60.21,0.0,1452493.0,21.79,0.0,0.0,0.0,0.0,0.0,0.0,0.0,0.0,0.0,0.0,25.83,23.46,-0.037,0.0,0.0,0.0,60.0,59.9,74.7,0.0,275.2,274.0,275.1,0.0,0.0,0.0,619.0,1442805.0,42633.0,133364.0,1.0,0.979,0.748,0.921,0.004,0.006,0.007,0.008,0.011,0.01,0.008,0.0,0.0,0.0,0.0,0.0,0.0,0.0,53270.0,54075.0,53527.0,53362.0,54361.0,51726.0,47067.0,0.343,246.4,16.76,0.5,3.51,2.0,-1.0,13.57,0.022,0.221,3.0,2.0,0.0,0.0,24.13,23.79,23.09,23.36,23.47,26.33,23.16,23.63,23.24,34.07
2016-07-28 00:45:00-05:00,-9.623153,-3.978706,575502,26.11,0.0,0.305,26.3,0.308,276.6,274.6,272.6,0.0,0.0,0.0,1.414,0.0,60.21,0.0,1452493.0,21.79,0.0,0.0,0.0,0.0,0.0,0.0,0.0,0.0,0.0,0.0,25.81,23.42,-0.036,0.0,0.0,0.0,60.0,59.9,74.7,0.0,275.4,274.0,275.2,0.0,0.0,0.0,619.0,1442805.0,42633.0,133364.0,1.0,0.979,0.748,0.921,0.005,0.006,0.007,0.008,0.012,0.008,0.009,0.0,0.0,0.0,0.0,0.0,0.0,0.0,53270.0,54075.0,53527.0,53362.0,54361.0,51726.0,47067.0,0.245,221.5,22.54,0.3,3.512,2.0,-1.0,13.57,0.022,0.221,3.0,2.0,0.0,0.0,24.11,23.83,23.1,23.37,23.44,26.31,23.18,23.65,23.17,34.09
2016-07-28 00:46:00-05:00,-9.385543,-3.7545533,575503,26.1,0.0,0.305,26.27,0.317,277.6,275.1,273.1,0.0,0.0,0.0,1.423,0.0,60.22,0.0,1452493.0,21.79,0.0,0.0,0.0,0.0,0.0,0.0,0.0,0.0,0.0,0.0,25.78,23.42,-0.037,0.0,0.0,0.0,60.0,59.9,74.7,0.0,275.9,274.9,275.9,0.0,0.0,0.0,619.0,1442805.0,42633.0,133364.0,1.0,0.979,0.748,0.921,0.004,0.005,0.006,0.008,0.01,0.008,0.008,0.0,0.0,0.0,0.0,0.0,0.0,0.0,53270.0,54075.0,53527.0,53362.0,54361.0,51726.0,47067.0,0.28,153.5,23.17,0.4,3.508,2.0,-1.0,13.57,0.022,0.221,3.0,2.0,0.0,0.0,24.06,23.83,23.15,23.46,23.5,26.43,23.15,23.67,23.17,33.97
2016-07-28 00:47:00-05:00,-9.147935,-3.530401,575504,26.07,0.0,0.305,26.26,0.291,277.6,275.3,273.2,0.0,0.0,0.0,1.417,0.0,60.23,0.0,1452493.0,21.79,0.0,0.0,0.0,0.0,0.0,0.0,0.0,0.0,0.0,0.0,25.76,23.36,-0.037,0.0,0.0,0.0,60.0,59.9,74.7,0.0,276.0,275.0,276.0,0.0,0.0,0.0,619.0,1442805.0,42633.0,133364.0,1.0,0.979,0.748,0.921,0.004,0.006,0.007,0.008,0.011,0.008,0.008,0.0,0.0,0.0,0.0,0.0,0.0,0.0,53270.0,54075.0,53527.0,53362.0,54361.0,51726.0,47067.0,0.573,91.1,8.32,0.8,3.512,2.0,-1.0,13.57,0.022,0.221,3.0,2.0,0.0,0.0,24.01,23.81,23.13,23.48,23.54,26.46,23.18,23.63,23.17,34.0
2016-07-28 00:48:00-05:00,-9.504348,-3.7545533,575505,26.07,0.0,0.305,26.31,0.274,277.7,275.3,273.2,0.0,0.0,0.0,1.375,0.0,60.14,0.0,1452493.0,21.8,0.0,0.0,0.0,0.0,0.0,0.0,0.0,0.0,0.0,0.0,25.72,23.36,-0.038,0.0,0.0,0.0,60.0,59.9,74.7,0.0,276.0,275.0,276.0,0.0,0.0,0.0,619.0,1442805.0,42633.0,133364.0,1.0,0.979,0.748,0.921,0.004,0.005,0.007,0.008,0.011,0.008,0.009,0.0,0.0,0.0,0.0,0.0,0.0,0.0,53270.0,54075.0,53527.0,53362.0,54361.0,51726.0,47067.0,0.462,88.6,8.32,0.6,3.507,2.0,-1.0,13.57,0.022,0.221,3.0,2.0,0.0,0.0,24.01,23.73,23.12,23.45,23.52,26.45,23.15,23.65,23.17,33.98
2016-07-28 00:49:00-05:00,-9.741957,-3.7545533,575506,26.04,0.0,0.305,26.25,0.27,277.9,275.5,273.4,0.0,0.0,0.0,1.419,0.0,60.13,0.0,1452493.0,21.79,0.0,0.0,0.0,0.0,0.0,0.0,0.0,0.0,0.0,0.0,25.63,23.28,-0.038,0.0,0.0,0.0,60.0,59.9,74.7,0.0,276.0,275.0,276.0,0.0,0.0,0.0,619.0,1442805.0,42633.0,133364.0,1.0,0.979,0.748,0.921,0.004,0.006,0.007,0.009,0.011,0.008,0.009,0.0,0.0,0.0,0.0,0.0,0.0,0.0,53270.0,54075.0,53527.0,53362.0,54361.0,51726.0,47067.0,0.347,95.5,7.166,0.5,3.512,2.0,-1.0,13.57,0.022,0.221,3.0,2.0,0.0,0.0,23.92,23.73,23.07,23.45,23.54,26.61,23.16,23.65,23.14,33.91
2016-07-28 00:50:00-05:00,-9.979566,-3.7545533,575507,26.03,0.0,0.305,26.11,0.27,277.7,275.6,273.5,0.0,0.0,0.0,1.407,0.0,60.13,0.0,1452493.0,21.8,0.0,0.0,0.0,0.0,0.0,0.0,0.0,0.0,0.0,0.0,25.52,23.22,-0.038,0.0,0.0,0.0,60.0,59.9,74.7,0.0,276.0,275.0,276.0,0.0,0.0,0.0,619.0,1442805.0,42633.0,133364.0,1.0,0.979,0.748,0.921,0.004,0.005,0.007,0.009,0.012,0.008,0.009,0.0,0.0,0.0,0.0,0.0,0.0,0.0,53270.0,54075.0,53527.0,53362.0,54361.0,51726.0,47067.0,0.465,98.4,7.358,0.6,3.512,2.0,-1.0,13.57,0.022,0.221,3.0,2.0,0.0,0.0,23.83,23.71,23.06,23.43,23.53,26.25,23.16,23.57,23.07,33.9
2016-07-28 00:51:00-05:00,-9.979566,-3.8666298,575508,26.01,0.0,0.305,25.95,0.271,277.9,275.6,273.5,0.0,0.0,0.0,1.466,0.0,60.23,0.0,1452493.0,21.79,0.0,0.0,0.0,0.0,0.0,0.0,0.0,0.0,0.0,0.0,25.4,23.18,-0.037,0.0,0.0,0.0,60.0,59.9,74.7,0.0,276.0,275.0,276.2,0.0,0.0,0.0,619.0,1442805.0,42633.0,133364.0,1.0,0.979,0.748,0.921,0.004,0.006,0.007,0.007,0.011,0.007,0.009,0.0,0.0,0.0,0.0,0.0,0.0,0.0,53270.0,54075.0,53527.0,53362.0,54361.0,51726.0,47067.0,0.572,89.2,6.881,0.7,3.509,2.0,-1.0,13.57,0.022,0.221,3.0,2.0,0.0,0.0,23.82,23.63,23.06,23.43,23.53,26.16,23.08,23.55,23.07,33.9
2016-07-28 00:52:00-05:00,-10.09837,-4.2028584,575509,26.0,0.0,0.305,25.84,0.274,278.0,275.9,273.8,0.0,0.0,0.0,1.356,0.0,60.22,0.0,1452493.0,21.78,0.0,0.0,0.0,0.0,0.0,0.0,0.0,0.0,0.0,0.0,25.29,23.14,-0.038,0.0,0.0,0.0,60.0,59.9,74.7,0.0,277.0,275.1,277.0,0.0,0.0,0.0,619.0,1442805.0,42633.0,133364.0,1.0,0.979,0.748,0.921,0.005,0.005,0.007,0.008,0.012,0.008,0.009,0.0,0.0,0.0,0.0,0.0,0.0,0.0,53270.0,54075.0,53527.0,53362.0,54361.0,51726.0,47067.0,0.598,94.2,6.048,0.7,3.507,2.0,-1.0,13.57,0.022,0.221,3.0,2.0,0.0,0.0,23.72,23.62,22.99,23.33,23.51,26.0,23.05,23.48,23.04,33.9
2016-07-28 00:53:00-05:00,-10.3359785,-4.2028584,575510,25.98,0.0,0.305,25.8,0.281,277.9,276.0,273.9,0.0,0.0,0.0,1.37,0.0,60.21,0.0,1452493.0,21.79,0.0,0.0,0.0,0.0,0.0,0.0,0.0,0.0,0.0,0.0,25.22,23.09,-0.038,0.0,0.0,0.0,60.0,59.9,74.7,0.0,277.0,275.1,277.0,0.0,0.0,0.0,619.0,1442805.0,42633.0,133364.0,1.0,0.979,0.748,0.921,0.003,0.005,0.007,0.008,0.012,0.008,0.008,0.0,0.0,0.0,0.0,0.0,0.0,0.0,53270.0,54075.0,53527.0,53362.0,54361.0,51726.0,47067.0,0.51,92.1,9.44,0.6,3.507,2.0,-1.0,13.57,0.022,0.221,3.0,2.0,0.0,0.0,23.62,23.58,22.96,23.35,23.45,26.02,23.05,23.46,22.98,33.86
2016-07-28 00:54:00-05:00,-10.573587,-4.2028584,575511,25.97,0.0,0.305,25.71,0.285,277.9,276.0,273.9,0.0,0.0,0.0,1.42,0.0,60.22,0.0,1452493.0,21.79,0.0,0.0,0.0,0.0,0.0,0.0,0.0,0.0,0.0,0.0,25.13,23.05,-0.038,0.0,0.0,0.0,60.0,59.9,74.7,0.0,277.0,275.1,277.0,0.0,0.0,0.0,619.0,1442805.0,42633.0,133364.0,1.0,0.979,0.748,0.921,0.004,0.005,0.007,0.007,0.012,0.008,0.008,0.0,0.0,0.0,0.0,0.0,0.0,0.0,53270.0,54075.0,53527.0,53362.0,54361.0,51726.0,47067.0,0.59,68.86,4.193,0.7,3.508,2.0,-1.0,13.57,0.022,0.221,3.0,2.0,0.0,0.0,23.62,23.54,22.96,23.3,23.45,26.05,22.99,23.44,22.98,33.8
2016-07-28 00:55:00-05:00,-10.692391,-4.2028584,575512,25.95,0.0,0.305,25.59,0.295,278.1,276.1,273.9,0.0,0.0,0.0,1.475,0.0,60.22,0.0,1452493.0,21.79,0.0,0.0,0.0,0.0,0.0,0.0,0.0,0.0,0.0,0.0,25.02,23.04,-0.038,0.0,0.0,0.0,60.0,59.9,74.7,0.0,277.0,275.9,277.0,0.0,0.0,0.0,619.0,1442805.0,42633.0,133364.0,1.0,0.979,0.748,0.921,0.004,0.005,0.007,0.008,0.011,0.008,0.009,0.0,0.0,0.0,0.0,0.0,0.0,0.0,53270.0,54075.0,53527.0,53362.0,54361.0,51726.0,47067.0,0.618,58.3,6.266,0.8,3.509,2.0,-1.0,13.58,0.022,0.221,3.0,2.0,0.0,0.0,23.57,23.54,22.94,23.27,23.45,25.92,23.01,23.43,22.91,33.8
2016-07-28 00:56:00-05:00,-10.692391,-4.2028584,575513,25.94,0.0,0.305,25.52,0.332,277.3,275.0,272.9,0.0,0.0,0.0,1.457,0.0,60.22,0.0,1452493.0,21.79,0.0,0.0,0.0,0.0,0.0,0.0,0.0,0.0,0.0,0.0,24.99,23.02,-0.038,0.0,0.0,0.0,60.0,59.9,74.7,0.0,276.1,274.3,276.1,0.0,0.0,0.0,619.0,1442805.0,42633.0,133364.0,1.0,0.979,0.748,0.921,0.004,0.006,0.006,0.007,0.012,0.008,0.008,0.0,0.0,0.0,0.0,0.0,0.0,0.0,53270.0,54075.0,53527.0,53362.0,54361.0,51726.0,47067.0,0.613,60.83,7.785,0.8,3.512,2.0,-1.0,13.58,0.022,0.221,3.0,2.0,0.0,0.0,23.53,23.52,22.89,23.25,23.45,25.82,22.99,23.45,22.9,33.8
2016-07-28 00:57:00-05:00,-10.692391,-4.3149343,575514,25.92,0.0,0.305,25.46,0.429,276.9,274.8,272.7,0.0,0.0,0.0,1.451,0.0,60.2,0.0,1452493.0,21.78,0.0,0.0,0.0,0.0,0.0,0.0,0.0,0.0,0.0,0.0,24.95,22.97,-0.037,0.0,0.0,0.0,60.0,59.9,74.7,0.0,275.6,274.0,275.9,0.0,0.0,0.0,619.0,1442805.0,42633.0,133364.0,1.0,0.979,0.748,0.921,0.004,0.005,0.006,0.008,0.011,0.008,0.009,0.0,0.0,0.0,0.0,0.0,0.0,0.0,53270.0,54075.0,53527.0,53362.0,54361.0,51726.0,47067.0,0.782,64.78,3.454,0.9,3.51,2.0,-1.0,13.58,0.021,0.221,3.0,2.0,0.0,0.0,23.51,23.49,22.86,23.25,23.45,25.76,23.02,23.41,22.89,33.72
2016-07-28 00:58:00-05:00,-10.692391,-4.2028584,575515,25.9,0.0,0.305,25.42,0.496,276.7,274.6,272.6,0.0,0.0,0.0,1.553,0.0,60.15,0.0,1452493.0,21.78,0.0,0.0,0.0,0.0,0.0,0.0,0.0,0.0,0.0,0.0,24.9,22.93,-0.038,0.0,0.0,0.0,60.0,59.9,74.7,0.0,275.0,274.0,276.0,0.0,0.0,0.0,619.0,1442805.0,42633.0,133364.0,1.0,0.979,0.748,0.921,0.004,0.005,0.007,0.008,0.011,0.008,0.009,0.0,0.0,0.0,0.0,0.0,0.0,0.0,53270.0,54075.0,53527.0,53362.0,54361.0,51726.0,47067.0,0.733,57.88,5.469,0.9,3.51,2.0,-1.0,13.58,0.021,0.221,3.0,2.0,0.0,0.0,23.43,23.5,22.86,23.25,23.45,25.69,23.04,23.42,22.88,33.7
2016-07-28 00:59:00-05:00,-10.573587,-4.2028584,575516,25.89,0.0,0.305,25.39,0.538,277.0,274.6,272.6,0.0,0.0,0.0,1.529,0.0,60.2,0.0,1452493.0,21.79,0.0,0.0,0.0,0.0,0.0,0.0,0.0,0.0,0.0,0.0,24.88,22.89,-0.038,0.0,0.0,0.0,60.0,59.9,74.7,0.0,275.6,274.0,276.0,0.0,0.0,0.0,619.0,1442805.0,42633.0,133364.0,1.0,0.979,0.748,0.921,0.004,0.005,0.006,0.008,0.012,0.007,0.008,0.0,0.0,0.0,0.0,0.0,0.0,0.0,53270.0,54075.0,53527.0,53362.0,54361.0,51726.0,47067.0,0.69,55.76,5.097,0.9,3.512,2.0,-1.0,13.58,0.021,0.221,3.0,2.0,0.0,0.0,23.43,23.44,22.86,23.25,23.45,25.94,23.01,23.43,22.88,33.7
2016-07-28 01:00:00-05:00,-10.3359785,-4.2028584,575517,25.87,0.0,0.305,25.38,0.54,277.0,274.8,272.8,0.0,0.0,0.0,1.589,0.0,60.16,0.0,1452493.0,21.78,0.0,0.0,0.0,0.0,0.0,0.0,0.0,0.0,0.0,0.0,24.89,22.86,-0.038,0.0,0.0,0.0,60.0,59.9,74.7,0.0,275.9,274.0,276.0,0.0,0.0,0.0,619.0,1442805.0,42633.0,133364.0,1.0,0.979,0.748,0.921,0.005,0.005,0.006,0.008,0.011,0.008,0.008,0.0,0.0,0.0,0.0,0.0,0.0,0.0,53270.0,54075.0,53527.0,53362.0,54361.0,51726.0,47067.0,0.602,53.9,7.836,0.8,3.508,2.0,-1.0,13.57,0.021,0.221,3.0,2.0,0.0,0.0,23.43,23.44,22.86,23.25,23.45,25.95,23.06,23.45,22.88,33.65
2016-07-28 01:01:00-05:00,-10.3359785,-4.2028584,575518,25.85,0.0,0.305,25.34,0.54,277.0,275.0,272.9,0.0,0.0,0.0,1.589,0.0,60.13,0.0,1452493.0,21.78,0.0,0.0,0.0,0.0,0.0,0.0,0.0,0.0,0.0,0.0,24.88,22.87,-0.038,0.0,0.0,0.0,60.0,59.9,74.7,0.0,276.0,274.0,276.0,0.0,0.0,0.0,619.0,1442805.0,42633.0,133364.0,1.0,0.979,0.748,0.921,0.004,0.006,0.007,0.008,0.011,0.008,0.008,0.0,0.0,0.0,0.0,0.0,0.0,0.0,53270.0,54075.0,53527.0,53362.0,54361.0,51726.0,47067.0,0.538,51.91,8.67,0.7,3.508,2.0,-1.0,13.57,0.021,0.221,3.0,2.0,0.0,0.0,23.37,23.44,22.86,23.25,23.45,25.82,23.06,23.45,22.91,33.6
2016-07-28 01:02:00-05:00,-10.09837,-4.2028584,575519,25.83,0.0,0.305,25.34,0.54,277.3,275.0,272.9,0.0,0.0,0.0,1.585,0.0,60.17,0.0,1452493.0,21.79,0.0,0.0,0.0,0.0,0.0,0.0,0.0,0.0,0.0,0.0,24.85,22.86,-0.038,0.0,0.0,0.0,60.0,59.9,74.7,0.0,276.0,274.3,276.0,0.0,0.0,0.0,619.0,1442805.0,42633.0,133364.0,1.0,0.979,0.748,0.921,0.004,0.006,0.007,0.008,0.011,0.007,0.009,0.0,0.0,0.0,0.0,0.0,0.0,0.0,53270.0,54075.0,53527.0,53362.0,54361.0,51726.0,47067.0,0.56,58.68,8.39,0.7,3.507,2.0,-1.0,13.57,0.021,0.221,3.0,2.0,0.0,0.0,23.36,23.44,22.86,23.15,23.41,25.76,23.06,23.45,23.0,33.6
2016-07-28 01:03:00-05:00,-9.979566,-4.2028584,575520,25.83,0.0,0.305,25.26,0.54,277.2,275.2,273.1,0.0,0.0,0.0,1.576,0.0,60.23,0.0,1452493.0,21.79,0.0,0.0,0.0,0.0,0.0,0.0,0.0,0.0,0.0,0.0,24.79,22.86,-0.038,0.0,0.0,0.0,60.0,59.9,74.7,0.0,276.0,275.0,276.0,0.0,0.0,0.0,619.0,1442805.0,42633.0,133364.0,1.0,0.979,0.748,0.921,0.004,0.005,0.006,0.009,0.011,0.008,0.01,0.0,0.0,0.0,0.0,0.0,0.0,0.0,53270.0,54075.0,53527.0,53362.0,54361.0,51726.0,47067.0,0.518,68.97,4.719,0.6,3.507,2.0,-1.0,13.57,0.021,0.221,3.0,2.0,0.0,0.0,23.33,23.44,22.86,23.15,23.35,25.71,23.01,23.45,23.0,33.6
2016-07-28 01:04:00-05:00,-9.979566,-4.2028584,575521,25.81,0.0,0.305,25.22,0.54,277.5,275.3,273.2,0.0,0.0,0.0,1.573,0.0,60.22,0.0,1452493.0,21.79,0.0,0.0,0.0,0.0,0.0,0.0,0.0,0.0,0.0,0.0,24.76,22.8,-0.038,0.0,0.0,0.0,60.0,59.9,74.7,0.0,276.0,275.0,276.0,0.0,0.0,0.0,619.0,1442805.0,42633.0,133364.0,1.0,0.979,0.748,0.921,0.004,0.005,0.007,0.008,0.011,0.007,0.008,0.0,0.0,0.0,0.0,0.0,0.0,0.0,53270.0,54075.0,53527.0,53362.0,54361.0,51726.0,47067.0,0.492,74.74,6.031,0.6,3.51,2.0,-1.0,13.58,0.021,0.221,3.0,2.0,0.0,0.0,23.33,23.39,22.81,23.15,23.35,25.81,22.98,23.41,23.01,33.52
2016-07-28 01:05:00-05:00,-9.979566,-4.2028584,575522,25.79,0.0,0.305,25.17,0.54,277.3,275.4,273.2,0.0,0.0,0.0,1.57,0.0,60.2,0.0,1452493.0,21.79,0.0,0.0,0.0,0.0,0.0,0.0,0.0,0.0,0.0,0.0,24.72,22.78,-0.038,0.0,0.0,0.0,60.0,59.9,74.7,0.0,276.0,275.0,276.0,0.0,0.0,0.0,619.0,1442805.0,42633.0,133364.0,1.0,0.979,0.748,0.921,0.004,0.006,0.007,0.008,0.011,0.008,0.009,0.0,0.0,0.0,0.0,0.0,0.0,0.0,53270.0,54075.0,53527.0,53362.0,54361.0,51726.0,47067.0,0.443,104.2,18.62,0.5,3.508,2.0,-1.0,13.58,0.021,0.221,3.0,2.0,0.0,0.0,23.3,23.34,22.78,23.15,23.35,25.86,22.96,23.35,22.99,33.51
2016-07-28 01:06:00-05:00,-9.979566,-4.2028584,575523,25.76,0.0,0.305,25.17,0.539,277.2,275.3,273.1,0.0,0.0,0.0,1.55,0.0,60.18,0.0,1452493.0,21.79,0.0,0.0,0.0,0.0,0.0,0.0,0.0,0.0,0.0,0.0,24.7,22.75,-0.038,0.0,0.0,0.0,60.0,59.9,74.7,0.0,276.0,275.0,276.0,0.0,0.0,0.0,619.0,1442805.0,42633.0,133364.0,1.0,0.979,0.748,0.921,0.004,0.005,0.008,0.008,0.011,0.008,0.009,0.0,0.0,0.0,0.0,0.0,0.0,0.0,53270.0,54075.0,53527.0,53362.0,54361.0,51726.0,47067.0,0.363,137.0,7.169,0.5,3.512,2.0,-1.0,13.57,0.021,0.221,3.0,2.0,0.0,0.0,23.25,23.34,22.78,23.14,23.3,25.78,22.96,23.35,22.94,33.51
2016-07-28 01:07:00-05:00,-9.979566,-3.978706,575524,25.76,0.0,0.305,25.14,0.54,277.4,275.2,273.1,0.0,0.0,0.0,1.582,0.0,60.13,0.0,1452493.0,21.79,0.0,0.0,0.0,0.0,0.0,0.0,0.0,0.0,0.0,0.0,24.69,22.73,-0.038,0.0,0.0,0.0,60.0,59.9,74.7,0.0,276.0,275.0,276.0,0.0,0.0,0.0,619.0,1442805.0,42633.0,133364.0,1.0,0.979,0.748,0.921,0.005,0.006,0.007,0.007,0.012,0.008,0.009,0.0,0.0,0.0,0.0,0.0,0.0,0.0,53270.0,54075.0,53527.0,53362.0,54361.0,51726.0,47067.0,0.327,140.9,6.135,0.4,3.512,2.0,-1.0,13.57,0.021,0.221,3.0,2.0,0.0,0.0,23.23,23.34,22.76,23.1,23.25,25.79,22.96,23.35,22.95,33.51
2016-07-28 01:08:00-05:00,-9.979566,-3.7545533,575525,25.73,0.0,0.305,25.12,0.538,277.4,275.2,273.0,0.0,0.0,0.0,1.586,0.0,60.15,0.0,1452493.0,21.79,0.0,0.0,0.0,0.0,0.0,0.0,0.0,0.0,0.0,0.0,24.68,22.7,-0.038,0.0,0.0,0.0,60.0,59.9,74.7,0.0,276.0,275.0,276.0,0.0,0.0,0.0,619.0,1442805.0,42633.0,133364.0,1.0,0.979,0.748,0.921,0.004,0.005,0.007,0.007,0.011,0.007,0.009,0.0,0.0,0.0,0.0,0.0,0.0,0.0,53270.0,54075.0,53527.0,53362.0,54361.0,51726.0,47067.0,0.335,133.8,7.848,0.4,3.512,2.0,-1.0,13.57,0.021,0.221,3.0,2.0,0.0,0.0,23.23,23.34,22.76,23.07,23.33,25.79,22.96,23.35,22.97,33.44
2016-07-28 01:09:00-05:00,-9.979566,-3.7545533,575526,25.73,0.0,0.305,25.16,0.54,277.4,275.2,273.0,0.0,0.0,0.0,1.573,0.0,60.14,0.0,1452493.0,21.78,0.0,0.0,0.0,0.0,0.0,0.0,0.0,0.0,0.0,0.0,24.65,22.67,-0.038,0.0,0.0,0.0,60.0,59.9,74.7,0.0,276.0,275.0,276.0,0.0,0.0,0.0,619.0,1442805.0,42633.0,133364.0,1.0,0.979,0.748,0.921,0.004,0.006,0.007,0.008,0.011,0.008,0.008,0.0,0.0,0.0,0.0,0.0,0.0,0.0,53270.0,54075.0,53527.0,53362.0,54361.0,51726.0,47067.0,0.333,160.1,9.99,0.5,3.512,2.0,-1.0,13.57,0.021,0.221,3.0,2.0,0.0,0.0,23.23,23.34,22.76,23.06,23.27,25.83,22.94,23.33,22.99,33.41
2016-07-28 01:10:00-05:00,-9.979566,-3.7545533,575527,25.7,0.0,0.305,25.16,0.539,277.6,275.2,273.0,0.0,0.0,0.0,1.582,0.0,60.14,0.0,1452493.0,21.79,0.0,0.0,0.0,0.0,0.0,0.0,0.0,0.0,0.0,0.0,24.65,22.65,-0.037,0.0,0.0,0.0,60.0,59.9,74.7,0.0,276.0,275.0,276.0,0.0,0.0,0.0,619.0,1442805.0,42633.0,133364.0,1.0,0.979,0.748,0.921,0.004,0.005,0.007,0.008,0.011,0.007,0.009,0.0,0.0,0.0,0.0,0.0,0.0,0.0,53270.0,54075.0,53527.0,53362.0,54361.0,51726.0,47067.0,0.425,138.9,8.46,0.5,3.51,2.0,-1.0,13.57,0.021,0.221,3.0,2.0,0.0,0.0,23.23,23.34,22.76,23.06,23.25,25.84,22.88,23.35,22.97,33.41
2016-07-28 01:11:00-05:00,-9.979566,-3.8666298,575528,25.69,0.0,0.305,25.17,0.539,277.2,275.3,273.1,0.0,0.0,0.0,1.584,0.0,60.22,0.0,1452493.0,21.79,0.0,0.0,0.0,0.0,0.0,0.0,0.0,0.0,0.0,0.0,24.64,22.65,-0.038,0.0,0.0,0.0,60.0,59.9,74.7,0.0,276.0,275.0,276.0,0.0,0.0,0.0,619.0,1442805.0,42633.0,133364.0,1.0,0.979,0.748,0.921,0.004,0.005,0.006,0.008,0.011,0.007,0.009,0.0,0.0,0.0,0.0,0.0,0.0,0.0,53270.0,54075.0,53527.0,53362.0,54361.0,51726.0,47067.0,0.367,173.9,16.16,0.5,3.507,2.0,-1.0,13.57,0.021,0.221,3.0,2.0,0.0,0.0,23.23,23.34,22.76,23.06,23.25,25.79,22.86,23.27,22.97,33.39
2016-07-28 01:12:00-05:00,-10.3359785,-3.978706,575529,25.68,0.0,0.305,25.13,0.537,277.2,275.3,273.2,0.0,0.0,0.0,1.556,0.0,60.23,0.0,1452493.0,21.8,0.0,0.0,0.0,0.0,0.0,0.0,0.0,0.0,0.0,0.0,24.62,22.64,-0.038,0.0,0.0,0.0,60.0,59.9,74.7,0.0,276.0,275.0,276.0,0.0,0.0,0.0,619.0,1442805.0,42633.0,133364.0,1.0,0.979,0.748,0.921,0.005,0.006,0.007,0.008,0.012,0.009,0.009,0.0,0.0,0.0,0.0,0.0,0.0,0.0,53270.0,54075.0,53527.0,53362.0,54361.0,51726.0,47067.0,0.422,199.6,7.832,0.5,3.51,2.0,-1.0,13.58,0.021,0.221,3.0,2.0,0.0,0.0,23.15,23.31,22.75,23.06,23.23,25.85,22.86,23.25,22.99,33.31
2016-07-28 01:13:00-05:00,-10.3359785,-4.0907817,575530,25.65,0.0,0.305,25.14,0.539,277.3,275.3,273.1,0.0,0.0,0.0,1.593,0.0,60.17,0.0,1452493.0,21.78,0.0,0.0,0.0,0.0,0.0,0.0,0.0,0.0,0.0,0.0,24.58,22.61,-0.038,0.0,0.0,0.0,60.0,59.9,74.7,0.0,276.0,275.0,276.0,0.0,0.0,0.0,619.0,1442805.0,42633.0,133364.0,1.0,0.979,0.748,0.921,0.004,0.005,0.007,0.008,0.012,0.008,0.009,0.0,0.0,0.0,0.0,0.0,0.0,0.0,53270.0,54075.0,53527.0,53362.0,54361.0,51726.0,47067.0,0.482,192.9,5.517,0.6,3.512,2.0,-1.0,13.58,0.021,0.221,3.0,2.0,0.0,0.0,23.14,23.32,22.75,23.06,23.15,25.78,22.86,23.25,22.99,33.31
2016-07-28 01:14:00-05:00,-10.3359785,-4.0907817,575531,25.64,0.0,0.305,25.08,0.54,277.5,275.0,272.8,0.0,0.0,0.0,1.6,0.0,60.15,0.0,1452493.0,21.78,0.0,0.0,0.0,0.0,0.0,0.0,0.0,0.0,0.0,0.0,24.55,22.58,-0.038,0.0,0.0,0.0,60.0,59.9,74.7,0.0,276.0,275.0,276.0,0.0,0.0,0.0,619.0,1442805.0,42633.0,133364.0,1.0,0.979,0.748,0.921,0.004,0.005,0.006,0.007,0.011,0.007,0.009,0.0,0.0,0.0,0.0,0.0,0.0,0.0,53270.0,54075.0,53527.0,53362.0,54361.0,51726.0,47067.0,0.555,212.1,10.22,0.7,3.512,2.0,-1.0,13.58,0.021,0.221,3.0,2.0,0.0,0.0,23.14,23.3,22.71,23.06,23.17,26.07,22.86,23.25,22.99,33.31
2016-07-28 01:15:00-05:00,-10.3359785,-4.2028584,575532,25.64,0.0,0.305,25.07,0.54,277.5,275.1,272.9,0.0,0.0,0.0,1.586,0.0,60.11,0.0,1452493.0,21.78,0.0,0.0,0.0,0.0,0.0,0.0,0.0,0.0,0.0,0.0,24.51,22.56,-0.038,0.0,0.0,0.0,60.0,59.9,74.7,0.0,276.0,275.0,276.0,0.0,0.0,0.0,619.0,1442805.0,42633.0,133364.0,1.0,0.979,0.748,0.921,0.004,0.005,0.007,0.008,0.012,0.008,0.008,0.0,0.0,0.0,0.0,0.0,0.0,0.0,53270.0,54075.0,53527.0,53362.0,54361.0,51726.0,47067.0,0.573,210.2,5.241,0.7,3.507,2.0,-1.0,13.58,0.021,0.221,3.0,2.0,0.0,0.0,23.14,23.24,22.67,23.06,23.15,26.54,22.86,23.24,22.97,33.3
2016-07-28 01:16:00-05:00,-10.3359785,-4.2028584,575533,25.61,0.0,0.305,25.14,0.54,277.4,275.3,273.1,0.0,0.0,0.0,1.604,0.0,60.14,0.0,1452493.0,21.79,0.0,0.0,0.0,0.0,0.0,0.0,0.0,0.0,0.0,0.0,24.57,22.58,-0.038,0.0,0.0,0.0,60.0,59.9,74.7,0.0,276.0,275.0,276.0,0.0,0.0,0.0,619.0,1442805.0,42633.0,133364.0,1.0,0.979,0.748,0.921,0.004,0.005,0.007,0.008,0.011,0.007,0.008,0.0,0.0,0.0,0.0,0.0,0.0,0.0,53270.0,54075.0,53527.0,53362.0,54361.0,51726.0,47067.0,0.495,209.4,11.68,0.6,3.51,2.0,-1.0,13.58,0.046,0.221,3.0,2.0,0.0,0.0,23.15,23.24,22.67,23.06,23.11,26.44,22.86,23.19,22.99,33.26
2016-07-28 01:17:00-05:00,-10.3359785,-4.2028584,575534,25.6,0.0,0.305,25.26,0.54,277.5,275.2,273.1,0.0,0.0,0.0,1.588,0.0,60.16,0.0,1452493.0,21.79,0.0,0.0,0.0,0.0,0.0,0.0,0.0,0.0,0.0,0.0,24.72,22.65,-0.037,0.0,0.0,0.0,60.0,59.9,74.7,0.0,276.0,275.0,276.0,0.0,0.0,0.0,619.0,1442805.0,42633.0,133364.0,1.0,0.979,0.748,0.921,0.004,0.005,0.006,0.008,0.012,0.007,0.008,0.0,0.0,0.0,0.0,0.0,0.0,0.0,53270.0,54075.0,53527.0,53362.0,54361.0,51726.0,47067.0,0.38,237.6,16.14,0.6,3.51,2.0,-1.0,13.61,0.027,0.221,3.0,2.0,0.0,0.0,23.22,23.24,22.67,23.02,23.07,26.08,22.86,23.24,22.97,33.21
2016-07-28 01:18:00-05:00,-10.3359785,-4.2028584,575535,25.58,0.0,0.305,25.4,0.54,277.6,275.4,273.1,0.0,0.0,0.0,1.607,0.0,60.17,0.0,1452493.0,21.79,0.0,0.0,0.0,0.0,0.0,0.0,0.0,0.0,0.0,0.0,24.96,22.72,-0.038,0.0,0.0,0.0,60.0,59.9,74.7,0.0,276.0,275.0,276.0,0.0,0.0,0.0,619.0,1442805.0,42633.0,133364.0,1.0,0.979,0.748,0.921,0.004,0.005,0.007,0.008,0.011,0.008,0.009,0.0,0.0,0.0,0.0,0.0,0.0,0.0,53270.0,54075.0,53527.0,53362.0,54361.0,51726.0,47067.0,0.59,277.2,13.76,0.8,3.505,2.0,-1.0,13.61,0.024,0.221,3.0,2.0,0.0,0.0,23.25,23.24,22.67,23.04,23.11,25.84,22.86,23.22,22.97,33.21
2016-07-28 01:19:00-05:00,-10.3359785,-4.2028584,575536,25.58,0.0,0.305,25.58,0.54,277.8,275.3,273.1,0.0,0.0,0.0,1.608,0.0,60.17,0.0,1452493.0,21.79,0.0,0.0,0.0,0.0,0.0,0.0,0.0,0.0,0.0,0.0,25.18,22.81,-0.038,0.0,0.0,0.0,60.0,59.9,74.7,0.0,276.0,275.0,276.0,0.0,0.0,0.0,619.0,1442805.0,42633.0,133364.0,1.0,0.979,0.748,0.921,0.004,0.006,0.007,0.007,0.01,0.008,0.009,0.0,0.0,0.0,0.0,0.0,0.0,0.0,53270.0,54075.0,53527.0,53362.0,54361.0,51726.0,47067.0,0.402,306.5,11.53,0.7,3.51,2.0,-1.0,13.61,0.023,0.221,3.0,2.0,0.0,0.0,23.33,23.28,22.72,23.06,23.15,25.81,22.86,23.27,22.97,33.19
2016-07-28 01:20:00-05:00,-9.979566,-4.2028584,575537,25.56,0.0,0.308,25.67,0.54,277.7,275.6,273.3,0.0,0.0,0.0,1.608,0.0,60.23,0.0,1452493.0,21.79,0.0,0.0,0.0,0.0,0.0,0.0,0.0,0.0,0.0,0.0,25.25,22.89,-0.038,0.0,0.0,0.0,60.0,59.9,74.7,0.0,276.0,275.0,276.0,0.0,0.0,0.0,619.0,1442805.0,42633.0,133364.0,1.0,0.979,0.748,0.921,0.005,0.005,0.007,0.007,0.011,0.008,0.009,0.0,0.0,0.0,0.0,0.0,0.0,0.0,53270.0,54075.0,53527.0,53362.0,54361.0,51726.0,47067.0,0.63,299.3,11.11,0.8,3.51,2.0,-1.0,13.61,0.023,0.221,3.0,2.0,0.0,0.0,23.41,23.36,22.76,23.06,23.14,25.89,22.91,23.33,22.99,33.11
2016-07-28 01:21:00-05:00,-9.860761,-3.978706,575538,25.55,0.0,0.31,25.75,0.648,277.8,275.5,273.2,0.0,0.0,0.0,1.608,0.0,60.23,0.0,1452493.0,21.79,0.0,0.0,0.0,0.0,0.0,0.0,0.0,0.0,0.0,0.0,25.38,22.97,-0.038,0.0,0.0,0.0,60.0,59.9,74.7,0.0,276.0,275.0,276.0,0.0,0.0,0.0,619.0,1442805.0,42633.0,133364.0,1.0,0.979,0.748,0.921,0.005,0.005,0.006,0.008,0.012,0.008,0.008,0.0,0.0,0.0,0.0,0.0,0.0,0.0,53270.0,54075.0,53527.0,53362.0,54361.0,51726.0,47067.0,0.737,306.9,7.046,1.0,3.512,2.0,-1.0,13.61,0.022,0.221,3.0,2.0,0.0,0.0,23.49,23.36,22.76,23.06,23.15,25.9,22.96,23.35,22.99,33.11
2016-07-28 01:22:00-05:00,-9.504348,-3.7545533,575539,25.55,0.0,0.309,25.83,0.81,277.7,275.4,273.2,0.0,0.0,0.0,1.631,0.0,60.19,0.0,1452493.0,21.79,0.0,0.0,0.0,0.0,0.0,0.0,0.0,0.0,0.0,0.0,25.49,23.08,-0.033,0.0,0.0,0.0,60.0,59.9,74.7,0.0,276.0,275.0,276.0,0.0,0.0,0.0,619.0,1442805.0,42633.0,133364.0,1.0,0.979,0.748,0.921,0.004,0.005,0.007,0.008,0.011,0.008,0.009,0.0,0.0,0.0,0.0,0.0,0.0,0.0,53270.0,54075.0,53527.0,53362.0,54361.0,51726.0,47067.0,0.673,312.2,8.99,0.9,3.512,2.0,-1.0,13.61,0.022,0.22,3.0,2.0,0.0,0.0,23.58,23.44,22.76,23.1,23.15,25.99,22.96,23.41,23.02,33.11
2016-07-28 01:23:00-05:00,-9.147935,-3.7545533,575540,25.53,0.0,0.308,25.84,0.81,277.6,275.5,273.3,0.0,0.0,0.0,1.805,0.0,60.14,0.0,1452493.0,21.79,0.0,0.0,0.0,0.0,0.0,0.0,0.0,0.0,0.0,0.0,25.48,23.09,-0.036,0.0,0.0,0.0,60.0,59.9,74.7,0.0,276.0,275.0,276.0,0.0,0.0,0.0,619.0,1442805.0,42633.0,133364.0,1.0,0.979,0.748,0.921,0.004,0.005,0.006,0.008,0.011,0.007,0.008,0.0,0.0,0.0,0.0,0.0,0.0,0.0,53270.0,54075.0,53527.0,53362.0,54361.0,51726.0,47067.0,0.538,319.1,12.02,0.7,3.508,2.0,-1.0,13.61,0.022,0.22,3.0,2.0,0.0,0.0,23.62,23.5,22.8,23.15,23.22,25.89,22.96,23.45,23.08,33.11
2016-07-28 01:24:00-05:00,-9.147935,-3.7545533,575541,25.52,0.0,0.308,25.87,0.856,277.8,275.5,273.3,0.0,0.0,0.0,2.082,0.0,60.15,0.0,1452493.0,21.79,0.0,0.0,0.0,0.0,0.0,0.0,0.0,0.0,0.0,0.0,25.45,23.16,-0.038,0.0,0.0,0.0,60.0,59.9,74.7,0.0,276.0,275.0,276.0,0.0,0.0,0.0,619.0,1442805.0,42633.0,133364.0,1.0,0.979,0.748,0.921,0.004,0.005,0.006,0.009,0.011,0.008,0.008,0.0,0.0,0.0,0.0,0.0,0.0,0.0,53270.0,54075.0,53527.0,53362.0,54361.0,51726.0,47067.0,0.553,308.3,16.31,0.7,3.512,2.0,-1.0,13.61,0.022,0.221,3.0,2.0,0.0,0.0,23.62,23.54,22.86,23.19,23.25,26.0,23.01,23.45,23.12,33.1
2016-07-28 01:25:00-05:00,-9.02913,-3.4183247,575542,25.52,0.0,0.308,25.86,1.08,277.8,275.5,273.3,0.0,0.0,0.0,2.197,0.0,60.14,0.0,1452493.0,21.79,0.0,0.0,0.0,0.0,0.0,0.0,0.0,0.0,0.0,0.0,25.43,23.19,-0.038,0.0,0.0,0.0,60.0,59.9,74.7,0.0,276.0,275.0,276.0,0.0,0.0,0.0,619.0,1442805.0,42633.0,133364.0,1.0,0.979,0.748,0.921,0.004,0.006,0.007,0.008,0.012,0.007,0.009,0.0,0.0,0.0,0.0,0.0,0.0,0.0,53270.0,54075.0,53527.0,53362.0,54361.0,51726.0,47067.0,0.537,300.7,12.27,0.7,3.513,2.0,-1.0,13.61,0.022,0.22,3.0,2.0,0.0,0.0,23.69,23.6,22.93,23.25,23.28,26.02,23.06,23.48,23.18,33.02
2016-07-28 01:26:00-05:00,-8.672717,-3.4183247,575543,25.52,0.0,0.307,25.85,1.08,277.4,275.2,273.0,0.0,0.0,0.0,2.22,0.0,60.19,0.0,1452493.0,21.79,0.0,0.0,0.0,0.0,0.0,0.0,0.0,0.0,0.0,0.0,25.41,23.2,-0.038,0.0,0.0,0.0,60.0,59.9,74.7,0.0,276.1,275.0,276.0,0.0,0.0,0.0,619.0,1442805.0,42633.0,133364.0,1.0,0.979,0.748,0.921,0.005,0.005,0.006,0.008,0.012,0.007,0.008,0.0,0.0,0.0,0.0,0.0,0.0,0.0,53270.0,54075.0,53527.0,53362.0,54361.0,51726.0,47067.0,0.557,302.5,10.99,0.7,3.51,2.0,-1.0,13.61,0.022,0.22,3.0,2.0,0.0,0.0,23.77,23.62,22.96,23.25,23.35,26.08,23.06,23.54,23.23,33.02
2016-07-28 01:27:00-05:00,-8.672717,-3.4183247,575544,25.52,0.0,0.307,25.86,1.08,277.4,275.2,273.0,0.0,0.0,0.0,2.225,0.0,60.23,0.0,1452493.0,21.79,0.0,0.0,0.0,0.0,0.0,0.0,0.0,0.0,0.0,0.0,25.36,23.26,-0.037,0.0,0.0,0.0,60.0,59.9,74.7,0.0,276.0,275.0,276.0,0.0,0.0,0.0,619.0,1442805.0,42633.0,133364.0,1.0,0.979,0.748,0.921,0.004,0.005,0.007,0.007,0.011,0.007,0.008,0.0,0.0,0.0,0.0,0.0,0.0,0.0,53270.0,54075.0,53527.0,53362.0,54361.0,51726.0,47067.0,0.543,290.9,8.12,0.7,3.512,2.0,-1.0,13.61,0.022,0.22,3.0,2.0,0.0,0.0,23.79,23.63,22.99,23.33,23.35,26.08,23.12,23.64,23.28,33.02
2016-07-28 01:28:00-05:00,-8.435108,-3.4183247,575545,25.52,0.0,0.307,25.86,1.091,277.4,275.1,272.9,0.0,0.0,0.0,2.255,0.0,60.22,0.0,1452493.0,21.79,0.0,0.0,0.0,0.0,0.0,0.0,0.0,0.0,0.0,0.0,25.33,23.29,-0.038,0.0,0.0,0.0,60.0,59.9,74.7,0.0,276.0,275.0,276.0,0.0,0.0,0.0,619.0,1442805.0,42633.0,133364.0,1.0,0.979,0.748,0.921,0.004,0.005,0.007,0.007,0.012,0.007,0.008,0.0,0.0,0.0,0.0,0.0,0.0,0.0,53270.0,54075.0,53527.0,53362.0,54361.0,51726.0,47067.0,0.532,276.7,7.12,0.7,3.507,2.0,-1.0,13.61,0.022,0.221,3.0,2.0,0.0,0.0,23.8,23.68,23.06,23.35,23.35,26.09,23.15,23.63,23.31,33.02
2016-07-28 01:29:00-05:00,-8.316304,-3.4183247,575546,25.5,0.0,0.306,25.85,1.082,277.3,275.2,273.0,0.0,0.0,0.0,2.249,0.0,60.23,0.0,1452493.0,21.79,0.0,0.0,0.0,0.0,0.0,0.0,0.0,0.0,0.0,0.0,25.32,23.31,-0.038,0.0,0.0,0.0,60.0,59.9,74.7,0.0,276.0,275.0,276.0,0.0,0.0,0.0,619.0,1442805.0,42633.0,133364.0,1.0,0.979,0.748,0.921,0.005,0.005,0.006,0.008,0.01,0.007,0.009,0.0,0.0,0.0,0.0,0.0,0.0,0.0,53270.0,54075.0,53527.0,53362.0,54361.0,51726.0,47067.0,0.417,247.3,13.99,0.6,3.507,2.0,-1.0,13.61,0.022,0.22,3.0,2.0,0.0,0.0,23.82,23.73,23.06,23.4,23.4,26.07,23.25,23.64,23.38,32.92
2016-07-28 01:30:00-05:00,-8.316304,-3.1941724,575547,25.49,0.0,0.306,25.82,1.158,277.3,275.2,273.0,0.0,0.0,0.0,2.262,0.0,60.22,0.0,1452493.0,21.79,0.0,0.0,0.0,0.0,0.0,0.0,0.0,0.0,0.0,0.0,25.37,23.33,-0.037,0.0,0.0,0.0,60.0,59.9,74.7,0.0,276.0,275.0,276.0,0.0,0.0,0.0,619.0,1442805.0,42633.0,133364.0,1.0,0.979,0.748,0.921,0.005,0.005,0.007,0.008,0.012,0.007,0.008,0.0,0.0,0.0,0.0,0.0,0.0,0.0,53270.0,54075.0,53527.0,53362.0,54361.0,51726.0,47067.0,0.495,229.8,4.699,0.6,3.507,2.0,-1.0,13.61,0.022,0.22,3.0,2.0,0.0,0.0,23.82,23.73,23.06,23.45,23.45,26.08,23.25,23.69,23.38,32.92
2016-07-28 01:31:00-05:00,-8.316304,-3.0820959,575548,25.49,0.0,0.306,25.83,1.332,277.2,275.1,272.9,0.0,0.0,0.0,2.384,0.0,60.14,0.0,1452493.0,21.79,0.0,0.0,0.0,0.0,0.0,0.0,0.0,0.0,0.0,0.0,25.39,23.39,-0.038,0.0,0.0,0.0,60.0,59.9,74.7,0.0,276.0,275.0,276.0,0.0,0.0,0.0,619.0,1442805.0,42633.0,133364.0,1.0,0.979,0.748,0.921,0.003,0.005,0.007,0.007,0.012,0.009,0.008,0.0,0.0,0.0,0.0,0.0,0.0,0.0,53270.0,54075.0,53527.0,53362.0,54361.0,51726.0,47067.0,0.575,222.5,5.13,0.7,3.507,2.0,-1.0,13.61,0.022,0.22,3.0,2.0,0.0,0.0,23.9,23.73,23.14,23.45,23.45,26.1,23.27,23.74,23.44,32.92
2016-07-28 01:32:00-05:00,-8.316304,-3.0820959,575549,25.49,0.0,0.306,25.87,1.351,277.3,275.2,273.0,0.0,0.0,0.0,2.668,0.0,60.14,0.0,1452493.0,21.8,0.0,0.0,0.0,0.0,0.0,0.0,0.0,0.0,0.0,0.0,25.42,23.42,-0.038,0.0,0.0,0.0,60.0,59.9,74.7,0.0,276.0,275.0,276.0,0.0,0.0,0.0,619.0,1442805.0,42633.0,133364.0,1.0,0.979,0.748,0.921,0.004,0.005,0.007,0.007,0.011,0.007,0.008,0.0,0.0,0.0,0.0,0.0,0.0,0.0,53270.0,54075.0,53527.0,53362.0,54361.0,51726.0,47067.0,0.65,228.0,8.73,0.8,3.507,2.0,-1.0,13.61,0.022,0.221,3.0,2.0,0.0,0.0,23.95,23.8,23.17,23.48,23.48,26.2,23.35,23.74,23.49,32.92
2016-07-28 01:33:00-05:00,-8.1975,-2.8579435,575550,25.49,0.0,0.306,25.9,1.586,277.3,275.1,272.9,0.0,0.0,0.0,2.796,0.0,60.14,0.0,1452493.0,21.79,0.0,0.0,0.0,0.0,0.0,0.0,0.0,0.0,0.0,0.0,25.45,23.5,-0.037,0.0,0.0,0.0,60.0,59.9,74.7,0.0,276.0,275.0,276.0,0.0,0.0,0.0,619.0,1442805.0,42633.0,133364.0,1.0,0.979,0.748,0.921,0.004,0.006,0.006,0.008,0.011,0.007,0.008,0.0,0.0,0.0,0.0,0.0,0.0,0.0,53270.0,54075.0,53527.0,53362.0,54361.0,51726.0,47067.0,0.73,231.2,4.191,1.0,3.512,2.0,-1.0,13.61,0.022,0.221,3.0,2.0,0.0,0.0,24.01,23.83,23.25,23.54,23.54,26.2,23.41,23.84,23.57,32.92
2016-07-28 01:34:00-05:00,-7.959892,-2.6337912,575551,25.49,0.0,0.306,25.95,1.62,277.4,275.2,273.0,0.0,0.0,0.0,2.818,0.0,60.17,0.0,1452493.0,21.79,0.0,0.0,0.0,0.0,0.0,0.0,0.0,0.0,0.0,0.0,25.48,23.56,-0.038,0.0,0.0,0.0,60.0,59.9,74.7,0.0,276.0,275.0,276.0,0.0,0.0,0.0,619.0,1442805.0,42633.0,133364.0,1.0,0.979,0.748,0.921,0.004,0.006,0.007,0.007,0.01,0.007,0.008,0.0,0.0,0.0,0.0,0.0,0.0,0.0,53270.0,54075.0,53527.0,53362.0,54361.0,51726.0,47067.0,0.825,237.2,4.957,1.1,3.51,2.0,-1.0,13.61,0.022,0.221,3.0,2.0,0.0,0.0,24.07,23.93,23.33,23.6,23.64,26.23,23.48,23.84,23.59,32.92
2016-07-28 01:35:00-05:00,-7.959892,-2.6337912,575552,25.49,0.0,0.306,25.93,1.62,277.4,275.1,272.9,0.0,0.0,0.0,2.818,0.0,60.21,0.0,1452493.0,21.79,0.0,0.0,0.0,0.0,0.0,0.0,0.0,0.0,0.0,0.0,25.46,23.63,-0.036,0.0,0.0,0.0,60.0,59.9,74.7,0.0,276.0,275.0,276.0,0.0,0.0,0.0,619.0,1442805.0,42633.0,133364.0,1.0,0.979,0.748,0.921,0.004,0.005,0.006,0.008,0.011,0.008,0.008,0.0,0.0,0.0,0.0,0.0,0.0,0.0,53270.0,54075.0,53527.0,53362.0,54361.0,51726.0,47067.0,0.917,250.5,8.42,1.3,3.512,2.0,-1.0,13.61,0.022,0.22,3.0,2.0,0.0,0.0,24.11,23.93,23.38,23.64,23.69,26.29,23.54,23.92,23.69,32.92
2016-07-28 01:36:00-05:00,-7.603478,-2.6337912,575553,25.49,0.0,0.309,25.86,1.62,277.5,275.0,272.7,0.0,0.0,0.0,2.818,0.0,60.21,0.0,1452493.0,21.79,0.0,0.0,0.0,0.0,0.0,0.0,0.0,0.0,0.0,0.0,25.4,23.68,-0.038,0.0,0.0,0.0,60.0,59.9,74.7,0.0,276.0,275.0,276.0,0.0,0.0,0.0,619.0,1442805.0,42633.0,133364.0,1.0,0.979,0.748,0.921,0.003,0.005,0.006,0.008,0.011,0.008,0.008,0.0,0.0,0.0,0.0,0.0,0.0,0.0,53270.0,54075.0,53527.0,53362.0,54361.0,51726.0,47067.0,0.78,236.6,11.35,1.0,3.512,2.0,-1.0,13.61,0.022,0.22,3.0,2.0,0.0,0.0,24.2,23.99,23.45,23.71,23.74,26.4,23.63,24.03,23.77,32.84
2016-07-28 01:37:00-05:00,-7.484674,-2.6337912,575554,25.49,0.0,0.31,25.81,1.621,277.2,275.1,272.9,0.0,0.0,0.0,2.818,0.0,60.19,0.0,1452493.0,21.79,0.0,0.0,0.0,0.0,0.0,0.0,0.0,0.0,0.0,0.0,25.33,23.71,-0.037,16.67,16.67,16.67,75.67,0.0,74.7,0.0,276.0,274.9,276.0,0.0,0.0,0.0,619.0,1442805.0,42633.0,133364.0,1.0,0.979,0.748,0.921,0.003,0.005,0.007,0.008,0.01,0.007,0.008,0.0,0.0,0.0,0.0,0.0,0.0,0.0,53270.0,54075.0,53527.0,53362.0,54361.0,51726.0,47067.0,0.703,218.6,10.34,0.9,3.512,2.0,-1.0,13.61,0.022,0.221,3.0,2.0,0.0,0.0,24.21,24.07,23.5,23.74,23.79,26.38,23.71,24.03,23.77,32.9
2016-07-28 01:38:00-05:00,-7.603478,-2.6337912,575555,25.49,0.0,0.31,25.77,1.62,277.5,275.2,273.0,0.0,0.0,0.0,2.818,0.0,60.22,0.0,1452493.0,21.79,0.0,0.0,0.0,0.0,0.0,0.0,0.0,0.0,0.0,0.0,25.3,23.72,-0.038,0.0,0.0,0.0,60.0,59.9,74.7,0.0,276.0,275.0,276.0,0.0,0.0,0.0,619.0,1442805.0,42633.0,133364.0,1.0,0.979,0.748,0.921,0.003,0.004,0.007,0.007,0.011,0.007,0.008,0.0,0.0,0.0,0.0,0.0,0.0,0.0,53270.0,54075.0,53527.0,53362.0,54361.0,51726.0,47067.0,0.553,223.9,6.79,0.7,3.51,2.0,-1.0,13.61,0.022,0.22,3.0,2.0,0.0,0.0,24.21,24.1,23.54,23.82,23.84,26.4,23.82,24.07,23.85,32.84
2016-07-28 01:39:00-05:00,-7.841087,-2.6337912,575556,25.49,0.0,0.309,25.7,1.62,277.7,275.2,273.0,0.0,0.0,0.0,2.818,0.0,60.21,0.0,1452493.0,21.79,0.0,0.0,0.0,0.0,0.0,0.0,0.0,0.0,0.0,0.0,25.28,23.74,-0.038,0.0,0.0,0.0,60.0,59.9,74.7,0.0,276.0,275.0,276.0,0.0,0.0,0.0,619.0,1442805.0,42633.0,133364.0,1.0,0.979,0.748,0.921,0.004,0.005,0.006,0.007,0.011,0.008,0.008,0.0,0.0,0.0,0.0,0.0,0.0,0.0,53270.0,54075.0,53527.0,53362.0,54361.0,51726.0,47067.0,0.395,241.0,11.87,0.5,3.51,2.0,-1.0,13.61,0.022,0.221,3.0,2.0,0.0,0.0,24.21,24.12,23.59,23.84,23.84,26.49,23.84,24.13,23.86,32.82
2016-07-28 01:40:00-05:00,-7.959892,-2.6337912,575557,25.49,0.0,0.308,25.71,1.494,277.5,275.4,273.2,0.0,0.0,0.0,2.785,0.0,60.19,0.0,1452493.0,21.79,0.0,0.0,0.0,0.0,0.0,0.0,0.0,0.0,0.0,0.0,25.24,23.74,-0.037,0.0,0.0,0.0,60.0,59.9,74.7,0.0,276.0,275.0,276.0,0.0,0.0,0.0,619.0,1442805.0,42633.0,133364.0,1.0,0.979,0.748,0.921,0.004,0.005,0.006,0.007,0.011,0.007,0.008,0.0,0.0,0.0,0.0,0.0,0.0,0.0,53270.0,54075.0,53527.0,53362.0,54361.0,51726.0,47067.0,0.408,220.7,16.54,0.6,3.512,2.0,-1.0,13.61,0.022,0.22,3.0,2.0,0.0,0.0,24.21,24.12,23.59,23.84,23.84,26.49,23.84,24.13,23.86,32.82
2016-07-28 01:41:00-05:00,-8.078695,-2.6337912,575558,25.49,0.0,0.308,25.67,1.35,277.8,275.6,273.3,0.0,0.0,0.0,2.543,0.0,60.19,0.0,1452493.0,21.78,0.0,0.0,0.0,0.0,0.0,0.0,0.0,0.0,0.0,0.0,25.2,23.72,-0.038,0.0,0.0,0.0,60.0,59.9,74.7,0.0,276.0,275.0,276.0,0.0,0.0,0.0,619.0,1442805.0,42633.0,133364.0,1.0,0.979,0.748,0.921,0.004,0.005,0.006,0.007,0.011,0.008,0.008,0.0,0.0,0.0,0.0,0.0,0.0,0.0,53270.0,54075.0,53527.0,53362.0,54361.0,51726.0,47067.0,0.49,191.8,10.56,0.6,3.509,2.0,-1.0,13.61,0.022,0.22,3.0,2.0,0.0,0.0,24.21,24.12,23.64,23.84,23.84,26.47,23.84,24.13,23.86,32.82
2016-07-28 01:42:00-05:00,-8.316304,-2.8579435,575559,25.49,0.0,0.307,25.62,1.18,277.8,275.6,273.4,0.0,0.0,0.0,2.363,0.0,60.12,0.0,1452493.0,21.79,0.0,0.0,0.0,0.0,0.0,0.0,0.0,0.0,0.0,0.0,25.16,23.7,-0.038,0.0,0.0,0.0,60.0,59.9,74.7,0.0,276.0,275.0,276.0,0.0,0.0,0.0,619.0,1442805.0,42633.0,133364.0,1.0,0.979,0.748,0.921,0.004,0.005,0.006,0.007,0.011,0.007,0.008,0.0,0.0,0.0,0.0,0.0,0.0,0.0,53270.0,54075.0,53527.0,53362.0,54361.0,51726.0,47067.0,0.398,183.7,10.4,0.5,3.51,2.0,-1.0,13.61,0.022,0.22,3.0,2.0,0.0,0.0,24.21,24.12,23.64,23.84,23.9,26.46,23.84,24.13,23.86,32.82
2016-07-28 01:43:00-05:00,-8.435108,-3.0820959,575560,25.49,0.0,0.312,25.51,1.08,278.1,275.6,273.3,0.0,0.0,0.0,2.217,0.0,60.19,0.0,1452493.0,21.79,0.0,0.0,0.0,0.0,0.0,0.0,0.0,0.0,0.0,0.0,25.12,23.67,-0.038,0.0,0.0,0.0,60.0,59.9,74.7,0.0,276.1,275.0,276.0,0.0,0.0,0.0,619.0,1442805.0,42633.0,133364.0,1.0,0.979,0.748,0.921,0.004,0.006,0.007,0.008,0.011,0.007,0.008,0.0,0.0,0.0,0.0,0.0,0.0,0.0,53270.0,54075.0,53527.0,53362.0,54361.0,51726.0,47067.0,0.293,167.9,18.35,0.4,3.51,2.0,-1.0,13.61,0.022,0.22,3.0,2.0,0.0,0.0,24.11,24.12,23.61,23.84,23.89,26.47,23.84,24.12,23.86,32.82
2016-07-28 01:44:00-05:00,-8.791522,-3.0820959,575561,25.49,0.0,0.311,25.5,1.08,277.9,275.6,273.4,0.0,0.0,0.0,2.212,0.0,60.23,0.0,1452493.0,21.79,0.0,0.0,0.0,0.0,0.0,0.0,0.0,0.0,0.0,0.0,25.11,23.63,-0.036,0.0,0.0,0.0,60.0,59.9,74.7,0.0,276.0,275.0,276.0,0.0,0.0,0.0,619.0,1442805.0,42633.0,133364.0,1.0,0.979,0.748,0.921,0.004,0.005,0.006,0.008,0.01,0.007,0.008,0.0,0.0,0.0,0.0,0.0,0.0,0.0,53270.0,54075.0,53527.0,53362.0,54361.0,51726.0,47067.0,0.163,163.7,24.72,0.3,3.512,2.0,-1.0,13.61,0.022,0.22,3.0,2.0,0.0,0.0,24.11,24.12,23.54,23.84,23.88,26.46,23.82,24.07,23.83,32.79
2016-07-28 01:45:00-05:00,-9.147935,-3.4183247,575562,25.49,0.0,0.31,25.55,1.08,277.7,275.7,273.4,0.0,0.0,0.0,2.19,0.0,60.22,0.0,1452493.0,21.79,0.0,0.0,0.0,0.0,0.0,0.0,0.0,0.0,0.0,0.0,25.1,23.59,-0.037,0.0,0.0,0.0,60.0,59.9,74.7,0.0,276.0,275.0,276.0,0.0,0.0,0.0,619.0,1442805.0,42633.0,133364.0,1.0,0.979,0.748,0.921,0.003,0.005,0.006,0.007,0.011,0.007,0.008,0.0,0.0,0.0,0.0,0.0,0.0,0.0,53270.0,54075.0,53527.0,53362.0,54361.0,51726.0,47067.0,0.188,156.0,23.75,0.3,3.512,2.0,-1.0,13.61,0.022,0.221,3.0,2.0,0.0,0.0,24.08,24.02,23.54,23.84,23.84,26.41,23.75,24.03,23.77,32.72
2016-07-28 01:46:00-05:00,-9.147935,-3.4183247,575563,25.49,0.0,0.31,25.57,1.08,279.5,277.3,275.0,0.0,0.0,0.0,2.188,0.0,60.22,0.0,1452493.0,21.79,0.0,0.0,0.0,0.0,0.0,0.0,0.0,0.0,0.0,0.0,25.04,23.56,-0.038,0.0,0.0,0.0,60.0,59.9,74.7,0.0,277.7,276.7,277.7,0.0,0.0,0.0,619.0,1442805.0,42633.0,133364.0,1.0,0.979,0.748,0.921,0.004,0.005,0.006,0.007,0.011,0.006,0.008,0.0,0.0,0.0,0.0,0.0,0.0,0.0,53270.0,54075.0,53527.0,53362.0,54361.0,51726.0,47067.0,0.33,177.1,41.5,0.5,3.512,2.0,-1.0,13.61,0.022,0.22,3.0,2.0,0.0,0.0,24.01,24.02,23.54,23.75,23.84,26.4,23.74,24.03,23.77,32.72
2016-07-28 01:47:00-05:00,-9.385543,-3.4183247,575564,25.49,0.0,0.309,25.49,1.08,279.7,277.6,275.3,0.0,0.0,0.0,2.2,0.0,60.16,0.0,1452493.0,21.79,0.0,0.0,0.0,0.0,0.0,0.0,0.0,0.0,0.0,0.0,25.01,23.53,-0.038,0.0,0.0,0.0,60.0,59.9,74.7,0.0,278.0,277.0,278.0,0.0,0.0,0.0,619.0,1442805.0,42633.0,133364.0,1.0,0.979,0.748,0.921,0.004,0.004,0.006,0.008,0.01,0.006,0.007,0.0,0.0,0.0,0.0,0.0,0.0,0.0,53270.0,54075.0,53527.0,53362.0,54361.0,51726.0,47067.0,0.315,164.3,27.01,0.6,3.512,2.0,-1.0,13.61,0.022,0.22,3.0,2.0,0.0,0.0,24.01,24.02,23.46,23.74,23.84,26.39,23.74,24.03,23.77,32.72
2016-07-28 01:48:00-05:00,-9.147935,-3.4183247,575565,25.49,0.0,0.308,25.55,0.962,280.0,277.5,275.2,0.0,0.0,0.0,2.167,0.0,60.21,0.0,1452493.0,21.8,0.0,0.0,0.0,0.0,0.0,0.0,0.0,0.0,0.0,0.0,25.08,23.54,-0.037,0.0,0.0,0.0,60.0,59.9,74.7,0.0,278.0,277.0,278.0,0.0,0.0,0.0,619.0,1442805.0,42633.0,133364.0,1.0,0.979,0.748,0.921,0.004,0.005,0.007,0.008,0.01,0.007,0.008,0.0,0.0,0.0,0.0,0.0,0.0,0.0,53270.0,54075.0,53527.0,53362.0,54361.0,51726.0,47067.0,0.23,179.8,24.16,0.5,3.512,2.0,-1.0,13.61,0.022,0.22,3.0,2.0,0.0,0.0,24.01,23.99,23.45,23.74,23.84,26.31,23.74,24.02,23.77,32.72
2016-07-28 01:49:00-05:00,-9.147935,-3.4183247,575566,25.49,0.0,0.308,25.61,0.811,279.5,277.8,275.4,0.0,0.0,0.0,2.123,0.0,60.14,0.0,1452493.0,21.79,0.0,0.0,0.0,0.0,0.0,0.0,0.0,0.0,0.0,0.0,25.11,23.53,-0.038,0.0,0.0,0.0,60.0,59.9,74.7,0.0,278.0,277.0,278.0,0.0,0.0,0.0,619.0,1442805.0,42633.0,133364.0,1.0,0.979,0.748,0.921,0.003,0.005,0.006,0.008,0.011,0.007,0.007,0.0,0.0,0.0,0.0,0.0,0.0,0.0,53270.0,54075.0,53527.0,53362.0,54361.0,51726.0,47067.0,0.26,199.9,23.36,0.4,3.51,2.0,-1.0,13.61,0.022,0.22,3.0,2.0,0.0,0.0,24.01,24.01,23.45,23.74,23.82,26.28,23.73,23.98,23.73,32.72
2016-07-28 01:50:00-05:00,-9.147935,-3.4183247,575567,25.49,0.0,0.307,25.61,1.041,279.7,277.7,275.4,0.0,0.0,0.0,2.263,0.0,60.14,0.0,1452493.0,21.79,0.0,0.0,0.0,0.0,0.0,0.0,0.0,0.0,0.0,0.0,25.14,23.51,-0.038,0.0,0.0,0.0,60.0,59.9,74.7,0.0,278.0,277.0,278.0,0.0,0.0,0.0,619.0,1442805.0,42633.0,133364.0,1.0,0.979,0.748,0.921,0.004,0.005,0.006,0.007,0.01,0.007,0.008,0.0,0.0,0.0,0.0,0.0,0.0,0.0,53270.0,54075.0,53527.0,53362.0,54361.0,51726.0,47067.0,0.298,219.4,7.55,0.4,3.51,2.0,-1.0,13.61,0.022,0.22,3.0,2.0,0.0,0.0,24.01,23.99,23.45,23.74,23.82,26.32,23.74,23.94,23.67,32.72
2016-07-28 01:51:00-05:00,-9.147935,-3.4183247,575568,25.49,0.0,0.307,25.69,0.81,279.8,277.8,275.4,0.0,0.0,0.0,1.949,0.0,60.15,0.0,1452493.0,21.79,0.0,0.0,0.0,0.0,0.0,0.0,0.0,0.0,0.0,0.0,25.23,23.54,-0.038,0.0,0.0,0.0,60.0,59.9,74.7,0.0,278.0,277.0,278.0,0.0,0.0,0.0,619.0,1442805.0,42633.0,133364.0,1.0,0.979,0.748,0.921,0.004,0.005,0.006,0.007,0.011,0.008,0.007,0.0,0.0,0.0,0.0,0.0,0.0,0.0,53270.0,54075.0,53527.0,53362.0,54361.0,51726.0,47067.0,0.327,251.4,25.38,0.5,3.512,2.0,-1.0,13.61,0.022,0.22,3.0,2.0,0.0,0.0,24.01,23.93,23.45,23.69,23.74,26.25,23.64,23.94,23.67,32.72
2016-07-28 01:52:00-05:00,-8.910326,-3.3062484,575569,25.49,0.0,0.307,25.79,0.81,279.8,277.8,275.5,0.0,0.0,0.0,1.856,0.0,60.15,0.0,1452493.0,21.79,0.0,0.0,0.0,0.0,0.0,0.0,0.0,0.0,0.0,0.0,25.34,23.51,-0.038,0.0,0.0,0.0,60.0,59.9,74.7,0.0,278.1,277.0,278.0,0.0,0.0,0.0,619.0,1442805.0,42633.0,133364.0,1.0,0.979,0.748,0.921,0.004,0.005,0.006,0.008,0.01,0.007,0.008,0.0,0.0,0.0,0.0,0.0,0.0,0.0,53270.0,54075.0,53527.0,53362.0,54361.0,51726.0,47067.0,0.548,236.2,10.08,0.7,3.507,2.0,-1.0,13.61,0.022,0.22,3.0,2.0,0.0,0.0,24.01,23.93,23.45,23.66,23.74,26.3,23.64,23.94,23.67,32.72
2016-07-28 01:53:00-05:00,-8.672717,-3.0820959,575570,25.49,0.0,0.307,25.81,0.81,279.4,277.1,274.9,0.0,0.0,0.0,1.811,0.0,60.19,0.0,1452493.0,21.79,0.0,0.0,0.0,0.0,0.0,0.0,0.0,0.0,0.0,0.0,25.36,23.55,-0.038,0.0,0.0,0.0,60.0,59.9,74.7,0.0,278.0,276.9,278.0,0.0,0.0,0.0,619.0,1442805.0,42633.0,133364.0,1.0,0.979,0.748,0.921,0.003,0.005,0.005,0.007,0.011,0.008,0.008,0.0,0.0,0.0,0.0,0.0,0.0,0.0,53270.0,54075.0,53527.0,53362.0,54361.0,51726.0,47067.0,0.502,256.4,15.58,0.7,3.512,2.0,-1.0,13.61,0.022,0.22,3.0,2.0,0.0,0.0,24.01,23.97,23.45,23.74,23.74,26.33,23.64,24.02,23.67,32.72
2016-07-28 01:54:00-05:00,-8.316304,-3.0820959,575571,25.49,0.0,0.306,25.76,0.81,279.4,277.0,274.7,0.0,0.0,0.0,1.719,0.0,60.22,0.0,1452493.0,21.79,0.0,0.0,0.0,0.0,0.0,0.0,0.0,0.0,0.0,0.0,25.34,23.58,-0.038,0.0,0.0,0.0,60.0,59.9,74.7,0.0,278.0,277.0,278.0,0.0,0.0,0.0,619.0,1442805.0,42633.0,133364.0,1.0,0.979,0.748,0.921,0.003,0.005,0.007,0.007,0.011,0.007,0.008,0.0,0.0,0.0,0.0,0.0,0.0,0.0,53270.0,54075.0,53527.0,53362.0,54361.0,51726.0,47067.0,0.697,288.9,7.847,0.9,3.508,2.0,-1.0,13.61,0.022,0.22,3.0,2.0,0.0,0.0,24.05,24.01,23.45,23.74,23.74,26.38,23.64,24.03,23.65,32.69
2016-07-28 01:55:00-05:00,-8.316304,-3.1941724,575572,25.49,0.0,0.306,25.76,0.81,279.0,277.2,274.8,0.0,0.0,0.0,1.638,0.0,60.22,0.0,1452493.0,21.79,0.0,0.0,0.0,0.0,0.0,0.0,0.0,0.0,0.0,0.0,25.38,23.66,-0.038,0.0,0.0,0.0,60.0,59.9,74.7,0.0,278.0,277.0,278.0,0.0,0.0,0.0,619.0,1442805.0,42633.0,133364.0,1.0,0.979,0.748,0.921,0.004,0.005,0.007,0.007,0.011,0.007,0.007,0.0,0.0,0.0,0.0,0.0,0.0,0.0,53270.0,54075.0,53527.0,53362.0,54361.0,51726.0,47067.0,0.725,306.2,15.0,1.0,3.512,2.0,-1.0,13.61,0.022,0.22,3.0,2.0,0.0,0.0,24.14,23.99,23.45,23.74,23.74,26.43,23.66,24.03,23.67,32.72
2016-07-28 01:56:00-05:00,-8.316304,-3.4183247,575573,25.49,0.0,0.306,25.66,0.745,279.6,277.4,275.1,0.0,0.0,0.0,1.633,0.0,60.22,0.0,1452493.0,21.79,0.0,0.0,0.0,0.0,0.0,0.0,0.0,0.0,0.0,0.0,25.3,23.69,-0.038,0.0,0.0,0.0,60.0,59.9,74.7,0.0,278.1,277.1,278.1,0.0,0.0,0.0,619.0,1442805.0,42633.0,133364.0,1.0,0.979,0.748,0.921,0.004,0.005,0.006,0.007,0.01,0.006,0.007,0.0,0.0,0.0,0.0,0.0,0.0,0.0,53270.0,54075.0,53527.0,53362.0,54361.0,51726.0,47067.0,0.712,332.0,8.55,0.9,3.512,2.0,-1.0,13.61,0.022,0.22,3.0,2.0,0.0,0.0,24.26,23.99,23.45,23.74,23.74,26.4,23.64,24.03,23.77,32.62
2016-07-28 01:57:00-05:00,-8.316304,-3.4183247,575574,25.49,0.0,0.306,25.57,0.666,279.5,277.4,275.0,0.0,0.0,0.0,1.62,0.0,60.23,0.0,1452493.0,21.79,0.0,0.0,0.0,0.0,0.0,0.0,0.0,0.0,0.0,0.0,25.24,23.68,-0.038,0.0,0.0,0.0,60.0,59.9,74.7,0.0,278.0,277.0,278.0,0.0,0.0,0.0,619.0,1442805.0,42633.0,133364.0,1.0,0.979,0.748,0.921,0.003,0.005,0.007,0.008,0.011,0.007,0.008,0.0,0.0,0.0,0.0,0.0,0.0,0.0,53270.0,54075.0,53527.0,53362.0,54361.0,51726.0,47067.0,0.602,327.4,7.572,0.8,3.512,2.0,-1.0,13.61,0.022,0.22,3.0,2.0,0.0,0.0,24.31,23.99,23.45,23.74,23.74,26.4,23.64,24.03,23.77,32.62
2016-07-28 01:58:00-05:00,-8.316304,-3.4183247,575575,25.49,0.0,0.306,25.57,0.668,279.5,277.4,275.0,0.0,0.0,0.0,1.61,0.0,60.21,0.0,1452493.0,21.78,0.0,0.0,0.0,0.0,0.0,0.0,0.0,0.0,0.0,0.0,25.24,23.69,-0.038,0.0,0.0,0.0,60.0,59.9,74.7,0.0,278.0,277.0,278.0,0.0,0.0,0.0,619.0,1442805.0,42633.0,133364.0,1.0,0.979,0.748,0.921,0.003,0.005,0.006,0.007,0.01,0.007,0.008,0.0,0.0,0.0,0.0,0.0,0.0,0.0,53270.0,54075.0,53527.0,53362.0,54361.0,51726.0,47067.0,0.702,331.2,8.48,1.0,3.512,2.0,-1.0,13.61,0.022,0.22,3.0,2.0,0.0,0.0,24.31,23.93,23.45,23.73,23.74,26.38,23.64,24.03,23.77,32.62
2016-07-28 01:59:00-05:00,-8.672717,-3.4183247,575576,25.49,0.0,0.306,25.53,0.664,279.4,277.5,275.1,0.0,0.0,0.0,1.63,0.0,60.19,0.0,1452493.0,21.79,0.0,0.0,0.0,0.0,0.0,0.0,0.0,0.0,0.0,0.0,25.21,23.69,-0.038,0.0,0.0,0.0,60.0,59.9,74.7,0.0,278.0,277.0,278.0,0.0,0.0,0.0,619.0,1442805.0,42633.0,133364.0,1.0,0.979,0.748,0.921,0.004,0.005,0.006,0.007,0.01,0.008,0.007,0.0,0.0,0.0,0.0,0.0,0.0,0.0,53270.0,54075.0,53527.0,53362.0,54361.0,51726.0,47067.0,0.655,331.9,7.159,1.0,3.512,2.0,-1.0,13.61,0.022,0.22,3.0,2.0,0.0,0.0,24.31,23.93,23.41,23.69,23.74,26.38,23.64,24.03,23.77,32.62
2016-07-28 02:00:00-05:00,-8.672717,-3.4183247,575577,25.47,0.0,0.306,25.55,0.757,279.3,277.4,275.1,0.0,0.0,0.0,1.669,0.0,60.14,0.0,1452493.0,21.79,0.0,0.0,0.0,0.0,0.0,0.0,0.0,0.0,0.0,0.0,25.25,23.71,-0.037,0.0,0.0,0.0,60.0,59.9,74.7,0.0,278.0,277.0,278.0,0.0,0.0,0.0,619.0,1442805.0,42633.0,133364.0,1.0,0.979,0.748,0.921,0.003,0.004,0.006,0.007,0.01,0.008,0.008,0.0,0.0,0.0,0.0,0.0,0.0,0.0,53270.0,54075.0,53527.0,53362.0,54361.0,51726.0,47067.0,0.712,340.6,9.37,0.9,3.51,2.0,-1.0,13.61,0.022,0.22,3.0,2.0,0.0,0.0,24.31,23.93,23.43,23.67,23.69,26.4,23.61,24.02,23.77,32.62
2016-07-28 02:01:00-05:00,-8.672717,-3.4183247,575578,25.46,0.0,0.306,25.59,0.81,279.4,277.3,274.9,0.0,0.0,0.0,1.695,0.0,60.14,0.0,1452493.0,21.8,0.0,0.0,0.0,0.0,0.0,0.0,0.0,0.0,0.0,0.0,25.24,23.7,-0.037,0.0,0.0,0.0,60.0,59.9,74.7,0.0,278.0,277.0,278.0,0.0,0.0,0.0,619.0,1442805.0,42633.0,133364.0,1.0,0.979,0.748,0.921,0.003,0.004,0.006,0.008,0.01,0.007,0.008,0.0,0.0,0.0,0.0,0.0,0.0,0.0,53270.0,54075.0,53527.0,53362.0,54361.0,51726.0,47067.0,0.557,330.2,16.4,0.8,3.512,2.0,-1.0,13.61,0.022,0.22,3.0,2.0,0.0,0.0,24.31,23.93,23.35,23.64,23.64,26.4,23.54,24.0,23.77,32.61
2016-07-28 02:02:00-05:00,-8.672717,-3.4183247,575579,25.46,0.0,0.306,25.59,0.81,279.2,277.4,275.0,0.0,0.0,0.0,1.797,0.0,60.14,0.0,1452493.0,21.79,0.0,0.0,0.0,0.0,0.0,0.0,0.0,0.0,0.0,0.0,25.25,23.67,-0.038,0.0,0.0,0.0,60.0,59.9,74.7,0.0,278.0,277.0,278.0,0.0,0.0,0.0,619.0,1442805.0,42633.0,133364.0,1.0,0.979,0.748,0.921,0.004,0.004,0.005,0.007,0.01,0.007,0.008,0.0,0.0,0.0,0.0,0.0,0.0,0.0,53270.0,54075.0,53527.0,53362.0,54361.0,51726.0,47067.0,0.597,303.1,20.19,1.1,3.512,2.0,-1.0,13.61,0.022,0.22,3.0,2.0,0.0,0.0,24.27,23.93,23.35,23.64,23.64,26.39,23.61,24.0,23.77,32.6
2016-07-28 02:03:00-05:00,-8.672717,-3.4183247,575580,25.46,0.0,0.305,25.6,0.81,279.2,277.3,274.9,0.0,0.0,0.0,1.863,0.0,60.14,0.0,1452493.0,21.79,0.0,0.0,0.0,0.0,0.0,0.0,0.0,0.0,0.0,0.0,25.21,23.63,-0.038,0.0,0.0,0.0,60.0,59.9,74.7,0.0,278.0,277.0,278.0,0.0,0.0,0.0,619.0,1442805.0,42633.0,133364.0,1.0,0.979,0.748,0.921,0.004,0.004,0.006,0.007,0.01,0.007,0.008,0.0,0.0,0.0,0.0,0.0,0.0,0.0,53270.0,54075.0,53527.0,53362.0,54361.0,51726.0,47067.0,0.583,283.0,11.88,1.0,3.512,2.0,-1.0,13.61,0.022,0.22,3.0,2.0,0.0,0.0,24.21,23.93,23.35,23.64,23.64,26.36,23.58,23.94,23.75,32.53
2016-07-28 02:04:00-05:00,-8.672717,-3.4183247,575581,25.46,0.0,0.305,25.59,0.81,279.3,277.4,275.1,0.0,0.0,0.0,1.834,0.0,60.21,0.0,1452493.0,21.79,0.0,0.0,0.0,0.0,0.0,0.0,0.0,0.0,0.0,0.0,25.17,23.55,-0.038,0.0,0.0,0.0,60.0,59.9,74.7,0.0,278.0,277.0,278.0,0.0,0.0,0.0,619.0,1442805.0,42633.0,133364.0,1.0,0.979,0.748,0.921,0.003,0.004,0.007,0.007,0.011,0.007,0.008,0.0,0.0,0.0,0.0,0.0,0.0,0.0,53270.0,54075.0,53527.0,53362.0,54361.0,51726.0,47067.0,0.445,268.7,12.87,0.6,3.512,2.0,-1.0,13.61,0.022,0.22,3.0,2.0,0.0,0.0,24.11,23.93,23.35,23.64,23.64,26.3,23.58,23.94,23.7,32.53
2016-07-28 02:05:00-05:00,-8.672717,-3.4183247,575582,25.46,0.0,0.305,25.63,0.81,279.3,277.4,275.1,0.0,0.0,0.0,1.736,0.0,60.16,0.0,1452493.0,21.79,0.0,0.0,0.0,0.0,0.0,0.0,0.0,0.0,0.0,0.0,25.13,23.53,-0.036,0.0,0.0,0.0,60.0,59.9,74.7,0.0,278.0,277.0,278.0,0.0,0.0,0.0,619.0,1442805.0,42633.0,133364.0,1.0,0.979,0.748,0.921,0.004,0.005,0.006,0.008,0.01,0.007,0.007,0.0,0.0,0.0,0.0,0.0,0.0,0.0,53270.0,54075.0,53527.0,53362.0,54361.0,51726.0,47067.0,0.232,232.5,31.49,0.4,3.512,2.0,-1.0,13.61,0.022,0.22,3.0,2.0,0.0,0.0,24.08,23.93,23.35,23.64,23.64,26.35,23.54,23.94,23.67,32.53
2016-07-28 02:06:00-05:00,-8.672717,-3.4183247,575583,25.46,0.0,0.305,25.57,0.81,279.5,277.3,275.0,0.0,0.0,0.0,1.656,0.0,60.14,0.0,1452493.0,21.79,0.0,0.0,0.0,0.0,0.0,0.0,0.0,0.0,0.0,0.0,25.11,23.49,-0.037,0.0,0.0,0.0,60.0,59.9,74.7,0.0,278.0,277.0,278.0,0.0,0.0,0.0,619.0,1442805.0,42633.0,133364.0,1.0,0.979,0.748,0.921,0.004,0.004,0.006,0.008,0.011,0.006,0.007,0.0,0.0,0.0,0.0,0.0,0.0,0.0,53270.0,54075.0,53527.0,53362.0,54361.0,51726.0,47067.0,0.187,253.8,20.75,0.3,3.51,2.0,-1.0,13.61,0.022,0.22,3.0,2.0,0.0,0.0,24.01,23.89,23.35,23.64,23.64,26.32,23.54,23.94,23.67,32.53
2016-07-28 02:07:00-05:00,-8.672717,-3.4183247,575584,25.46,0.0,0.305,25.57,0.81,279.7,277.2,274.9,0.0,0.0,0.0,1.616,0.0,60.19,0.0,1452493.0,21.79,0.0,0.0,0.0,0.0,0.0,0.0,0.0,0.0,0.0,0.0,25.09,23.45,-0.037,0.0,0.0,0.0,60.0,59.9,74.7,0.0,278.0,277.0,278.0,0.0,0.0,0.0,619.0,1442805.0,42633.0,133364.0,1.0,0.979,0.748,0.921,0.003,0.005,0.006,0.007,0.01,0.006,0.008,0.0,0.0,0.0,0.0,0.0,0.0,0.0,53270.0,54075.0,53527.0,53362.0,54361.0,51726.0,47067.0,0.137,139.3,73.34,0.5,3.512,2.0,-1.0,13.61,0.022,0.22,3.0,2.0,0.0,0.0,24.01,23.88,23.3,23.64,23.64,26.32,23.51,23.88,23.57,32.53
2016-07-28 02:08:00-05:00,-9.02913,-3.4183247,575585,25.46,0.0,0.305,25.57,0.81,279.5,277.4,275.0,0.0,0.0,0.0,1.669,0.0,60.17,0.0,1452493.0,21.8,0.0,0.0,0.0,0.0,0.0,0.0,0.0,0.0,0.0,0.0,25.13,23.41,-0.038,0.0,0.0,0.0,60.0,59.9,74.7,0.0,278.0,277.0,278.0,0.0,0.0,0.0,619.0,1442805.0,42633.0,133364.0,1.0,0.979,0.748,0.921,0.003,0.005,0.006,0.008,0.011,0.007,0.009,0.0,0.0,0.0,0.0,0.0,0.0,0.0,53270.0,54075.0,53527.0,53362.0,54361.0,51726.0,47067.0,0.405,115.9,11.73,0.5,3.512,2.0,-1.0,13.61,0.022,0.22,3.0,2.0,0.0,0.0,23.93,23.89,23.25,23.59,23.64,26.32,23.45,23.84,23.57,32.53
2016-07-28 02:09:00-05:00,-9.147935,-3.4183247,575586,25.45,0.0,0.305,25.61,0.81,279.4,277.4,275.1,0.0,0.0,0.0,1.716,0.0,60.17,0.0,1452493.0,21.79,0.0,0.0,0.0,0.0,0.0,0.0,0.0,0.0,0.0,0.0,25.2,23.43,-0.038,0.0,0.0,0.0,60.0,59.9,74.7,0.0,278.0,277.0,278.0,0.0,0.0,0.0,619.0,1442805.0,42633.0,133364.0,1.0,0.979,0.748,0.921,0.004,0.004,0.006,0.007,0.01,0.007,0.008,0.0,0.0,0.0,0.0,0.0,0.0,0.0,53270.0,54075.0,53527.0,53362.0,54361.0,51726.0,47067.0,0.357,131.9,8.73,0.5,3.512,2.0,-1.0,13.61,0.021,0.22,3.0,2.0,0.0,0.0,23.92,23.83,23.25,23.57,23.63,26.37,23.45,23.84,23.54,32.46
2016-07-28 02:10:00-05:00,-9.147935,-3.6424768,575587,25.43,0.0,0.305,25.67,0.829,279.7,277.3,274.9,0.0,0.0,0.0,1.886,0.0,60.13,0.0,1452493.0,21.79,0.0,0.0,0.0,0.0,0.0,0.0,0.0,0.0,0.0,0.0,25.25,23.42,-0.037,0.0,0.0,0.0,60.0,59.9,74.7,0.0,278.0,277.0,278.0,0.0,0.0,0.0,619.0,1442805.0,42633.0,133364.0,1.0,0.979,0.748,0.921,0.003,0.005,0.006,0.007,0.011,0.007,0.008,0.0,0.0,0.0,0.0,0.0,0.0,0.0,53270.0,54075.0,53527.0,53362.0,54361.0,51726.0,47067.0,0.248,167.2,14.89,0.3,3.512,2.0,-1.0,13.61,0.021,0.22,3.0,2.0,0.0,0.0,23.94,23.83,23.25,23.56,23.61,26.61,23.45,23.84,23.47,32.43
2016-07-28 02:11:00-05:00,-9.147935,-3.7545533,575588,25.43,0.0,0.305,25.68,1.039,279.4,277.5,275.1,0.0,0.0,0.0,2.041,0.0,60.15,0.0,1452493.0,21.78,0.0,0.0,0.0,0.0,0.0,0.0,0.0,0.0,0.0,0.0,25.26,23.4,-0.037,0.0,0.0,0.0,60.0,59.9,74.7,0.0,278.0,277.0,278.0,0.0,0.0,0.0,619.0,1442805.0,42633.0,133364.0,1.0,0.979,0.748,0.921,0.004,0.005,0.006,0.007,0.011,0.007,0.007,0.0,0.0,0.0,0.0,0.0,0.0,0.0,53270.0,54075.0,53527.0,53362.0,54361.0,51726.0,47067.0,0.265,157.2,14.62,0.4,3.512,2.0,-1.0,13.61,0.021,0.22,3.0,2.0,0.0,0.0,23.94,23.83,23.25,23.54,23.64,26.61,23.45,23.84,23.47,32.43
2016-07-28 02:12:00-05:00,-9.147935,-3.6424768,575589,25.43,0.0,0.305,25.68,1.08,279.8,277.4,275.0,0.0,0.0,0.0,2.086,0.0,60.14,0.0,1452493.0,21.79,0.0,0.0,0.0,0.0,0.0,0.0,0.0,0.0,0.0,0.0,25.24,23.4,-0.038,0.0,0.0,0.0,60.0,59.9,74.7,0.0,278.0,277.0,278.0,0.0,0.0,0.0,619.0,1442805.0,42633.0,133364.0,1.0,0.979,0.748,0.921,0.003,0.005,0.005,0.007,0.011,0.008,0.008,0.0,0.0,0.0,0.0,0.0,0.0,0.0,53270.0,54075.0,53527.0,53362.0,54361.0,51726.0,47067.0,0.198,184.0,47.48,0.3,3.512,2.0,-1.0,13.61,0.021,0.22,3.0,2.0,0.0,0.0,23.92,23.83,23.25,23.56,23.64,26.68,23.45,23.84,23.47,32.43
2016-07-28 02:13:00-05:00,-9.147935,-3.6424768,575590,25.43,0.0,0.305,25.67,1.08,279.4,277.6,275.2,0.0,0.0,0.0,2.126,0.0,60.16,0.0,1452493.0,21.79,0.0,0.0,0.0,0.0,0.0,0.0,0.0,0.0,0.0,0.0,25.24,23.4,-0.038,0.0,0.0,0.0,60.0,59.9,74.7,0.0,278.0,277.0,278.0,0.0,0.0,0.0,619.0,1442805.0,42633.0,133364.0,1.0,0.979,0.748,0.921,0.003,0.005,0.006,0.007,0.011,0.007,0.008,0.0,0.0,0.0,0.0,0.0,0.0,0.0,53270.0,54075.0,53527.0,53362.0,54361.0,51726.0,47067.0,0.285,293.2,20.06,0.5,3.512,2.0,-1.0,13.61,0.021,0.22,3.0,2.0,0.0,0.0,23.92,23.85,23.27,23.54,23.62,26.5,23.45,23.84,23.47,32.43
2016-07-28 02:14:00-05:00,-9.147935,-3.6424768,575591,25.43,0.0,0.305,25.67,1.08,279.7,277.4,275.0,0.0,0.0,0.0,2.187,0.0,60.16,0.0,1452493.0,21.79,0.0,0.0,0.0,0.0,0.0,0.0,0.0,0.0,0.0,0.0,25.2,23.39,-0.036,0.0,0.0,0.0,60.0,59.9,74.7,0.0,278.0,277.0,278.0,0.0,0.0,0.0,619.0,1442805.0,42633.0,133364.0,1.0,0.979,0.748,0.921,0.003,0.005,0.006,0.006,0.01,0.007,0.008,0.0,0.0,0.0,0.0,0.0,0.0,0.0,53270.0,54075.0,53527.0,53362.0,54361.0,51726.0,47067.0,0.205,296.7,78.3,0.5,3.512,2.0,-1.0,13.61,0.021,0.22,3.0,2.0,0.0,0.0,23.92,23.93,23.25,23.54,23.59,26.34,23.45,23.84,23.47,32.41
2016-07-28 02:15:00-05:00,-9.147935,-3.7545533,575592,25.43,0.0,0.305,25.65,1.08,279.7,277.4,275.0,0.0,0.0,0.0,2.2,0.0,60.18,0.0,1452493.0,21.79,0.0,0.0,0.0,0.0,0.0,0.0,0.0,0.0,0.0,0.0,25.22,23.4,-0.038,0.0,0.0,0.0,60.0,59.9,74.7,0.0,278.0,277.0,278.0,0.0,0.0,0.0,619.0,1442805.0,42633.0,133364.0,1.0,0.979,0.748,0.921,0.002,0.004,0.007,0.007,0.01,0.007,0.007,0.0,0.0,0.0,0.0,0.0,0.0,0.0,53270.0,54075.0,53527.0,53362.0,54361.0,51726.0,47067.0,0.303,93.4,17.41,0.5,3.51,2.0,-1.0,13.61,0.021,0.22,3.0,2.0,0.0,0.0,23.92,23.91,23.25,23.54,23.64,26.35,23.45,23.84,23.47,32.36
2016-07-28 02:16:00-05:00,-9.147935,-3.6424768,575593,25.43,0.0,0.308,25.65,1.08,278.2,276.2,273.9,0.0,0.0,0.0,2.213,0.0,60.22,0.0,1452493.0,21.79,0.0,0.0,0.0,0.0,0.0,0.0,0.0,0.0,0.0,0.0,25.22,23.42,-0.038,0.0,0.0,0.0,60.0,59.9,74.7,0.0,276.4,275.4,276.7,0.0,0.0,0.0,619.0,1442805.0,42633.0,133364.0,1.0,0.979,0.748,0.921,0.004,0.005,0.005,0.007,0.01,0.007,0.007,0.0,0.0,0.0,0.0,0.0,0.0,0.0,53270.0,54075.0,53527.0,53362.0,54361.0,51726.0,47067.0,0.123,58.32,75.04,0.2,3.51,2.0,-1.0,13.61,0.021,0.221,3.0,2.0,0.0,0.0,23.98,23.91,23.25,23.54,23.64,26.45,23.45,23.84,23.47,32.33
2016-07-28 02:17:00-05:00,-9.147935,-3.7545533,575594,25.43,0.0,0.31,25.62,1.08,278.1,275.7,273.5,0.0,0.0,0.0,2.213,0.0,60.17,0.0,1452493.0,21.79,0.0,0.0,0.0,0.0,0.0,0.0,0.0,0.0,0.0,0.0,25.21,23.46,-0.038,0.0,0.0,0.0,60.0,59.9,74.7,0.0,276.0,275.0,276.5,0.0,0.0,0.0,619.0,1442805.0,42633.0,133364.0,1.0,0.979,0.748,0.921,0.003,0.005,0.005,0.007,0.01,0.006,0.007,0.0,0.0,0.0,0.0,0.0,0.0,0.0,53270.0,54075.0,53527.0,53362.0,54361.0,51726.0,47067.0,0.255,25.43,25.9,0.4,3.512,2.0,-1.0,13.61,0.021,0.22,3.0,2.0,0.0,0.0,24.03,23.93,23.25,23.58,23.64,26.47,23.45,23.84,23.47,32.33
2016-07-28 02:18:00-05:00,-9.147935,-3.6424768,575595,25.41,0.0,0.309,25.58,1.08,278.4,275.6,273.4,0.0,0.0,0.0,2.213,0.0,60.14,0.0,1452493.0,21.8,0.0,0.0,0.0,0.0,0.0,0.0,0.0,0.0,0.0,0.0,25.18,23.51,-0.038,0.0,0.0,0.0,60.0,59.9,74.7,0.0,276.2,275.0,276.5,0.0,0.0,0.0,619.0,1442805.0,42633.0,133364.0,1.0,0.979,0.748,0.921,0.003,0.004,0.006,0.006,0.01,0.007,0.007,0.0,0.0,0.0,0.0,0.0,0.0,0.0,53270.0,54075.0,53527.0,53362.0,54361.0,51726.0,47067.0,0.187,334.3,59.31,0.6,3.51,2.0,-1.0,13.61,0.021,0.22,3.0,2.0,0.0,0.0,24.11,23.93,23.25,23.61,23.64,26.42,23.45,23.84,23.57,32.33
2016-07-28 02:19:00-05:00,-9.147935,-3.530401,575596,25.4,0.0,0.309,25.52,1.08,277.9,275.9,273.6,0.0,0.0,0.0,2.215,0.0,60.17,0.0,1452493.0,21.8,0.0,0.0,0.0,0.0,0.0,0.0,0.0,0.0,0.0,0.0,25.16,23.54,-0.037,0.0,0.0,0.0,60.0,59.9,74.7,0.0,276.9,275.0,277.0,0.0,0.0,0.0,619.0,1442805.0,42633.0,133364.0,1.0,0.979,0.748,0.921,0.004,0.005,0.006,0.007,0.01,0.007,0.008,0.0,0.0,0.0,0.0,0.0,0.0,0.0,53270.0,54075.0,53527.0,53362.0,54361.0,51726.0,47067.0,0.557,310.6,17.57,0.9,3.51,2.0,-1.0,13.61,0.021,0.22,3.0,2.0,0.0,0.0,24.21,23.93,23.25,23.58,23.64,26.3,23.47,23.84,23.57,32.33
2016-07-28 02:20:00-05:00,-9.147935,-3.4183247,575597,25.4,0.0,0.308,25.52,1.08,277.9,276.0,273.7,0.0,0.0,0.0,2.22,0.0,60.22,0.0,1452493.0,21.79,0.0,0.0,0.0,0.0,0.0,0.0,0.0,0.0,0.0,0.0,25.16,23.59,-0.038,0.0,0.0,0.0,60.0,59.9,74.7,0.0,277.0,275.0,277.0,0.0,0.0,0.0,619.0,1442805.0,42633.0,133364.0,1.0,0.979,0.748,0.921,0.003,0.004,0.005,0.007,0.01,0.006,0.008,0.0,0.0,0.0,0.0,0.0,0.0,0.0,53270.0,54075.0,53527.0,53362.0,54361.0,51726.0,47067.0,0.972,310.7,9.32,1.3,3.51,2.0,-1.0,13.61,0.021,0.22,3.0,2.0,0.0,0.0,24.23,23.93,23.27,23.6,23.64,26.24,23.48,23.84,23.64,32.33
2016-07-28 02:21:00-05:00,-9.147935,-3.4183247,575598,25.4,0.0,0.308,25.47,1.093,278.4,275.8,273.6,0.0,0.0,0.0,2.222,0.0,60.22,0.0,1452493.0,21.79,0.0,0.0,0.0,0.0,0.0,0.0,0.0,0.0,0.0,0.0,25.14,23.66,-0.038,0.0,0.0,0.0,60.0,59.9,74.7,0.0,277.0,275.0,277.0,0.0,0.0,0.0,619.0,1442805.0,42633.0,133364.0,1.0,0.979,0.748,0.921,0.003,0.004,0.006,0.007,0.01,0.007,0.008,0.0,0.0,0.0,0.0,0.0,0.0,0.0,53270.0,54075.0,53527.0,53362.0,54361.0,51726.0,47067.0,0.812,322.0,10.72,1.2,3.512,2.0,-1.0,13.61,0.021,0.22,3.0,2.0,0.0,0.0,24.31,24.04,23.35,23.64,23.73,26.27,23.56,23.92,23.77,32.33
2016-07-28 02:22:00-05:00,-8.791522,-3.4183247,575599,25.4,0.0,0.307,25.53,1.137,278.1,276.0,273.7,0.0,0.0,0.0,2.22,0.0,60.18,0.0,1452493.0,21.79,0.0,0.0,0.0,0.0,0.0,0.0,0.0,0.0,0.0,0.0,25.19,23.73,-0.038,0.0,0.0,0.0,60.0,59.9,74.7,0.0,277.0,275.4,277.0,0.0,0.0,0.0,619.0,1442805.0,42633.0,133364.0,1.0,0.979,0.748,0.921,0.003,0.004,0.006,0.007,0.01,0.007,0.007,0.0,0.0,0.0,0.0,0.0,0.0,0.0,53270.0,54075.0,53527.0,53362.0,54361.0,51726.0,47067.0,1.087,315.9,7.218,1.4,3.512,2.0,-1.0,13.61,0.021,0.221,3.0,2.0,0.0,0.0,24.34,24.09,23.38,23.69,23.74,26.29,23.61,24.03,23.86,32.33
2016-07-28 02:23:00-05:00,-8.316304,-3.4183247,575600,25.4,0.0,0.307,25.56,1.099,278.0,276.0,273.8,0.0,0.0,0.0,2.215,0.0,60.14,0.0,1452493.0,21.79,0.0,0.0,0.0,0.0,0.0,0.0,0.0,0.0,0.0,0.0,25.22,23.8,-0.038,0.0,0.0,0.0,60.0,59.9,74.7,0.0,277.0,275.5,277.0,0.0,0.0,0.0,619.0,1442805.0,42633.0,133364.0,1.0,0.979,0.748,0.921,0.003,0.004,0.005,0.007,0.01,0.006,0.007,0.0,0.0,0.0,0.0,0.0,0.0,0.0,53270.0,54075.0,53527.0,53362.0,54361.0,51726.0,47067.0,0.963,317.7,7.644,1.3,3.507,2.0,-1.0,13.61,0.021,0.221,3.0,2.0,0.0,0.0,24.41,24.14,23.45,23.74,23.74,26.39,23.64,24.1,23.95,32.33
2016-07-28 02:24:00-05:00,-8.1975,-3.0820959,575601,25.4,0.0,0.307,25.68,1.096,278.1,276.1,273.8,0.0,0.0,0.0,2.221,0.0,60.15,0.0,1452493.0,21.79,0.0,0.0,0.0,0.0,0.0,0.0,0.0,0.0,0.0,0.0,25.35,23.86,-0.038,0.0,0.0,0.0,60.0,59.9,74.7,0.0,277.0,275.8,277.0,0.0,0.0,0.0,619.0,1442805.0,42633.0,133364.0,1.0,0.979,0.748,0.921,0.004,0.004,0.006,0.007,0.011,0.006,0.007,0.0,0.0,0.0,0.0,0.0,0.0,0.0,53270.0,54075.0,53527.0,53362.0,54361.0,51726.0,47067.0,0.82,317.7,8.46,1.2,3.512,2.0,-1.0,13.61,0.021,0.221,3.0,2.0,0.0,0.0,24.41,24.24,23.5,23.84,23.84,26.48,23.74,24.16,23.98,32.33
2016-07-28 02:25:00-05:00,-7.959892,-3.0820959,575602,25.4,0.0,0.306,25.76,1.101,278.0,276.1,273.8,0.0,0.0,0.0,2.215,0.0,60.14,0.0,1452493.0,21.8,0.0,0.0,0.0,0.0,0.0,0.0,0.0,0.0,0.0,0.0,25.43,23.94,-0.038,0.0,0.0,0.0,60.0,59.9,74.7,0.0,277.0,275.6,277.0,0.0,0.0,0.0,619.0,1442805.0,42633.0,133364.0,1.0,0.979,0.748,0.921,0.004,0.005,0.006,0.008,0.01,0.006,0.007,0.0,0.0,0.0,0.0,0.0,0.0,0.0,53270.0,54075.0,53527.0,53362.0,54361.0,51726.0,47067.0,0.648,321.9,20.76,1.3,3.512,2.0,-1.0,13.61,0.021,0.221,3.0,2.0,0.0,0.0,24.41,24.32,23.54,23.87,23.84,26.53,23.84,24.23,24.06,32.25
2016-07-28 02:26:00-05:00,-7.841087,-3.0820959,575603,25.4,0.0,0.306,25.78,1.194,277.9,275.6,273.3,0.0,0.0,0.0,2.218,0.0,60.18,0.0,1452493.0,21.79,0.0,0.0,0.0,0.0,0.0,0.0,0.0,0.0,0.0,0.0,25.49,24.06,-0.038,0.0,0.0,0.0,60.0,59.9,74.7,0.0,276.2,275.2,276.2,0.0,0.0,0.0,619.0,1442805.0,42633.0,133364.0,1.0,0.979,0.748,0.921,0.003,0.004,0.006,0.008,0.011,0.006,0.007,0.0,0.0,0.0,0.0,0.0,0.0,0.0,53270.0,54075.0,53527.0,53362.0,54361.0,51726.0,47067.0,0.353,323.1,46.04,0.8,3.508,2.0,-1.0,13.61,0.021,0.221,3.0,2.0,0.0,0.0,24.5,24.33,23.63,23.94,23.87,26.53,23.84,24.23,24.06,32.23
2016-07-28 02:27:00-05:00,-7.959892,-3.0820959,575604,25.4,0.0,0.306,25.85,1.324,277.8,275.6,273.2,0.0,0.0,0.0,2.25,0.0,60.22,0.0,1452493.0,21.79,0.0,0.0,0.0,0.0,0.0,0.0,0.0,0.0,0.0,0.0,25.54,24.09,-0.038,0.0,0.0,0.0,60.0,59.9,74.7,0.0,276.0,275.0,276.0,0.0,0.0,0.0,619.0,1442805.0,42633.0,133364.0,1.0,0.979,0.748,0.921,0.003,0.004,0.006,0.007,0.01,0.007,0.007,0.0,0.0,0.0,0.0,0.0,0.0,0.0,53270.0,54075.0,53527.0,53362.0,54361.0,51726.0,47067.0,0.128,309.4,84.5,0.3,3.512,2.0,-1.0,13.61,0.021,0.221,3.0,2.0,0.0,0.0,24.59,24.4,23.64,23.94,23.94,26.58,23.84,24.23,24.06,32.23
2016-07-28 02:28:00-05:00,-7.959892,-3.0820959,575605,25.4,0.0,0.306,25.9,1.331,277.4,275.7,273.3,0.0,0.0,0.0,2.258,0.0,60.17,0.0,1452493.0,21.79,0.0,0.0,0.0,0.0,0.0,0.0,0.0,0.0,0.0,0.0,25.56,24.11,-0.037,0.0,0.0,0.0,60.0,59.9,74.7,0.0,276.0,275.0,276.0,0.0,0.0,0.0,619.0,1442805.0,42633.0,133364.0,1.0,0.979,0.748,0.921,0.004,0.004,0.005,0.007,0.011,0.007,0.007,0.0,0.0,0.0,0.0,0.0,0.0,0.0,53270.0,54075.0,53527.0,53362.0,54361.0,51726.0,47067.0,0.157,164.2,48.35,0.3,3.512,2.0,-1.0,13.61,0.021,0.221,3.0,2.0,0.0,0.0,24.6,24.43,23.64,23.95,23.94,26.58,23.86,24.23,24.06,32.23
2016-07-28 02:29:00-05:00,-8.078695,-3.0820959,575606,25.4,0.0,0.306,25.85,1.345,277.9,275.5,273.1,0.0,0.0,0.0,2.243,0.0,60.22,0.0,1452493.0,21.8,0.0,0.0,0.0,0.0,0.0,0.0,0.0,0.0,0.0,0.0,25.51,24.15,-0.038,0.0,0.0,0.0,60.0,59.9,74.7,0.0,276.0,275.0,276.0,0.0,0.0,0.0,619.0,1442805.0,42633.0,133364.0,1.0,0.979,0.748,0.921,0.003,0.003,0.005,0.008,0.01,0.007,0.007,0.0,0.0,0.0,0.0,0.0,0.0,0.0,53270.0,54075.0,53527.0,53362.0,54361.0,51726.0,47067.0,0.223,171.8,20.01,0.3,3.51,2.0,-1.0,13.61,0.021,0.221,3.0,2.0,0.0,0.0,24.63,24.43,23.64,23.95,23.94,26.48,23.87,24.23,24.06,32.23
2016-07-28 02:30:00-05:00,-8.316304,-3.0820959,575607,25.4,0.0,0.306,25.87,1.35,277.8,275.6,273.2,0.0,0.0,0.0,2.372,0.0,60.2,0.0,1452493.0,21.79,0.0,0.0,0.0,0.0,0.0,0.0,0.0,0.0,0.0,0.0,25.53,24.2,-0.038,0.0,0.0,0.0,60.0,59.9,74.7,0.0,276.0,275.0,276.0,0.0,0.0,0.0,619.0,1442805.0,42633.0,133364.0,1.0,0.979,0.748,0.921,0.002,0.004,0.005,0.007,0.01,0.006,0.008,0.0,0.0,0.0,0.0,0.0,0.0,0.0,53270.0,54075.0,53527.0,53362.0,54361.0,51726.0,47067.0,0.312,146.8,4.074,0.5,3.51,2.0,-1.0,13.61,0.021,0.221,3.0,2.0,0.0,0.0,24.7,24.41,23.66,23.94,23.95,26.43,23.84,24.23,24.06,32.23
2016-07-28 02:31:00-05:00,-8.316304,-3.0820959,575608,25.4,0.0,0.306,25.88,1.35,277.6,275.6,273.2,0.0,0.0,0.0,2.468,0.0,60.2,0.0,1452493.0,21.79,0.0,0.0,0.0,0.0,0.0,0.0,0.0,0.0,0.0,0.0,25.55,24.23,-0.038,0.0,0.0,0.0,60.0,59.9,74.7,0.0,276.0,275.0,276.0,0.0,0.0,0.0,619.0,1442805.0,42633.0,133364.0,1.0,0.979,0.748,0.921,0.003,0.005,0.006,0.007,0.01,0.006,0.008,0.0,0.0,0.0,0.0,0.0,0.0,0.0,53270.0,54075.0,53527.0,53362.0,54361.0,51726.0,47067.0,0.34,150.3,15.75,0.5,3.512,2.0,-1.0,13.61,0.021,0.221,3.0,2.0,0.0,0.0,24.76,24.41,23.64,23.94,23.97,26.45,23.9,24.23,24.06,32.23
2016-07-28 02:32:00-05:00,-8.316304,-3.0820959,575609,25.4,0.0,0.306,25.94,1.35,277.5,275.7,273.3,0.0,0.0,0.0,2.623,0.0,60.15,0.0,1452493.0,21.79,0.0,0.0,0.0,0.0,0.0,0.0,0.0,0.0,0.0,0.0,25.54,24.29,-0.038,0.0,0.0,0.0,60.0,59.9,74.7,0.0,276.0,275.0,276.0,0.0,0.0,0.0,619.0,1442805.0,42633.0,133364.0,1.0,0.979,0.748,0.921,0.003,0.004,0.005,0.008,0.01,0.007,0.007,0.0,0.0,0.0,0.0,0.0,0.0,0.0,53270.0,54075.0,53527.0,53362.0,54361.0,51726.0,47067.0,0.382,153.7,15.31,0.5,3.512,2.0,-1.0,13.61,0.021,0.22,3.0,2.0,0.0,0.0,24.8,24.41,23.64,23.94,24.03,26.45,23.84,24.23,24.02,32.23
2016-07-28 02:33:00-05:00,-8.435108,-3.0820959,575610,25.41,0.0,0.306,25.88,1.35,277.5,275.7,273.3,0.0,0.0,0.0,2.61,0.0,60.14,0.0,1452493.0,21.79,0.0,0.0,0.0,0.0,0.0,0.0,0.0,0.0,0.0,0.0,25.56,24.26,-0.038,0.0,0.0,0.0,60.0,59.9,74.7,0.0,276.0,275.0,276.0,0.0,0.0,0.0,619.0,1442805.0,42633.0,133364.0,1.0,0.979,0.748,0.921,0.003,0.004,0.006,0.007,0.01,0.006,0.007,0.0,0.0,0.0,0.0,0.0,0.0,0.0,53270.0,54075.0,53527.0,53362.0,54361.0,51726.0,47067.0,0.328,174.8,9.88,0.5,3.512,2.0,-1.0,13.61,0.021,0.221,3.0,2.0,0.0,0.0,24.76,24.38,23.64,23.94,24.03,26.43,23.86,24.23,24.03,32.15
2016-07-28 02:34:00-05:00,-8.553913,-3.0820959,575611,25.43,0.0,0.306,25.87,1.35,277.8,275.5,273.1,0.0,0.0,0.0,2.504,0.0,60.13,0.0,1452493.0,21.8,0.0,0.0,0.0,0.0,0.0,0.0,0.0,0.0,0.0,0.0,25.53,24.21,-0.038,0.0,0.0,0.0,60.0,59.9,74.7,0.0,276.0,275.0,276.0,0.0,0.0,0.0,619.0,1442805.0,42633.0,133364.0,1.0,0.979,0.748,0.921,0.004,0.004,0.005,0.007,0.01,0.006,0.007,0.0,0.0,0.0,0.0,0.0,0.0,0.0,53270.0,54075.0,53527.0,53362.0,54361.0,51726.0,47067.0,0.228,167.1,11.16,0.3,3.51,2.0,-1.0,13.61,0.021,0.221,3.0,2.0,0.0,0.0,24.7,24.32,23.64,23.94,24.03,26.36,23.9,24.21,24.0,32.14
2016-07-28 02:35:00-05:00,-8.672717,-3.0820959,575612,25.43,0.0,0.305,25.91,1.333,277.8,275.6,273.1,0.0,0.0,0.0,2.332,0.0,60.14,0.0,1452493.0,21.78,0.0,0.0,0.0,0.0,0.0,0.0,0.0,0.0,0.0,0.0,25.52,24.17,-0.038,0.0,0.0,0.0,60.0,59.9,74.7,0.0,276.0,275.0,276.0,0.0,0.0,0.0,619.0,1442805.0,42633.0,133364.0,1.0,0.979,0.748,0.921,0.003,0.005,0.006,0.007,0.011,0.006,0.008,0.0,0.0,0.0,0.0,0.0,0.0,0.0,53270.0,54075.0,53527.0,53362.0,54361.0,51726.0,47067.0,0.325,157.3,9.04,0.4,3.512,2.0,-1.0,13.61,0.021,0.221,3.0,2.0,0.0,0.0,24.68,24.32,23.64,23.94,24.03,26.34,23.88,24.23,23.96,32.14
2016-07-28 02:36:00-05:00,-8.672717,-3.3062484,575613,25.43,0.0,0.308,25.9,1.097,277.7,275.7,273.3,0.0,0.0,0.0,2.216,0.0,60.18,0.0,1452493.0,21.79,0.0,0.0,0.0,0.0,0.0,0.0,0.0,0.0,0.0,0.0,25.48,24.11,-0.038,0.0,0.0,0.0,60.0,59.9,74.7,0.0,276.0,275.0,276.0,0.0,0.0,0.0,619.0,1442805.0,42633.0,133364.0,1.0,0.979,0.748,0.921,0.003,0.004,0.005,0.007,0.009,0.007,0.006,0.0,0.0,0.0,0.0,0.0,0.0,0.0,53270.0,54075.0,53527.0,53362.0,54361.0,51726.0,47067.0,0.403,120.7,7.66,0.5,3.512,2.0,-1.0,13.61,0.021,0.221,3.0,2.0,0.0,0.0,24.6,24.32,23.64,23.92,24.02,26.28,23.85,24.2,23.96,32.14
2016-07-28 02:37:00-05:00,-8.672717,-3.4183247,575614,25.43,0.0,0.31,25.89,1.08,278.3,275.5,273.1,0.0,0.0,0.0,2.211,0.0,60.23,0.0,1452493.0,21.79,0.0,0.0,0.0,0.0,0.0,0.0,0.0,0.0,0.0,0.0,25.45,24.09,-0.038,0.0,0.0,0.0,60.0,59.9,74.7,0.0,276.0,275.0,276.0,0.0,0.0,0.0,619.0,1442805.0,42633.0,133364.0,1.0,0.979,0.748,0.921,0.003,0.004,0.006,0.007,0.011,0.006,0.007,0.0,0.0,0.0,0.0,0.0,0.0,0.0,53270.0,54075.0,53527.0,53362.0,54361.0,51726.0,47067.0,0.517,101.9,8.13,0.7,3.51,2.0,-1.0,13.61,0.021,0.221,3.0,2.0,0.0,0.0,24.54,24.28,23.64,23.84,24.03,26.2,23.84,24.13,23.94,32.14
2016-07-28 02:38:00-05:00,-8.910326,-3.4183247,575615,25.43,0.0,0.309,25.81,1.08,277.9,275.7,273.3,0.0,0.0,0.0,2.197,0.0,60.21,0.0,1452493.0,21.79,0.0,0.0,0.0,0.0,0.0,0.0,0.0,0.0,0.0,0.0,25.35,24.03,-0.037,0.0,0.0,0.0,60.0,59.9,74.7,0.0,276.0,275.0,276.0,0.0,0.0,0.0,619.0,1442805.0,42633.0,133364.0,1.0,0.979,0.748,0.921,0.003,0.004,0.005,0.007,0.011,0.007,0.007,0.0,0.0,0.0,0.0,0.0,0.0,0.0,53270.0,54075.0,53527.0,53362.0,54361.0,51726.0,47067.0,0.527,87.8,4.05,0.6,3.512,2.0,-1.0,13.61,0.021,0.22,3.0,2.0,0.0,0.0,24.47,24.22,23.54,23.84,24.02,26.2,23.84,24.13,23.9,32.14
2016-07-28 02:39:00-05:00,-9.147935,-3.4183247,575616,25.43,0.0,0.309,25.75,0.974,277.7,275.5,273.2,0.0,0.0,0.0,2.153,0.0,60.19,0.0,1452493.0,21.8,0.0,0.0,0.0,0.0,0.0,0.0,0.0,0.0,0.0,0.0,25.26,23.94,-0.038,0.0,0.0,0.0,60.0,59.9,74.7,0.0,276.0,275.0,276.0,0.0,0.0,0.0,619.0,1442805.0,42633.0,133364.0,1.0,0.979,0.748,0.921,0.004,0.004,0.006,0.007,0.009,0.007,0.007,0.0,0.0,0.0,0.0,0.0,0.0,0.0,53270.0,54075.0,53527.0,53362.0,54361.0,51726.0,47067.0,0.533,70.65,9.78,0.6,3.512,2.0,-1.0,13.61,0.021,0.22,3.0,2.0,0.0,0.0,24.41,24.22,23.54,23.84,23.94,26.2,23.84,24.12,23.86,32.14
2016-07-28 02:40:00-05:00,-9.147935,-3.4183247,575617,25.43,0.0,0.308,25.68,0.861,277.8,275.5,273.2,0.0,0.0,0.0,2.075,0.0,60.13,0.0,1452493.0,21.8,0.0,0.0,0.0,0.0,0.0,0.0,0.0,0.0,0.0,0.0,25.18,23.9,-0.037,0.0,0.0,0.0,60.0,59.9,74.7,0.0,276.0,275.0,276.0,0.0,0.0,0.0,619.0,1442805.0,42633.0,133364.0,1.0,0.979,0.748,0.921,0.004,0.004,0.006,0.007,0.009,0.007,0.008,0.0,0.0,0.0,0.0,0.0,0.0,0.0,53270.0,54075.0,53527.0,53362.0,54361.0,51726.0,47067.0,0.45,86.0,6.645,0.5,3.512,2.0,-1.0,13.61,0.021,0.22,3.0,2.0,0.0,0.0,24.32,24.2,23.53,23.84,23.94,26.22,23.77,24.08,23.85,32.12
2016-07-28 02:41:00-05:00,-9.147935,-3.4183247,575618,25.43,0.0,0.308,25.67,0.826,278.0,275.6,273.2,0.0,0.0,0.0,2.058,0.0,60.15,0.0,1452493.0,21.8,0.0,0.0,0.0,0.0,0.0,0.0,0.0,0.0,0.0,0.0,25.14,23.81,-0.036,0.0,0.0,0.0,60.0,59.9,74.7,0.0,276.0,275.0,276.0,0.0,0.0,0.0,619.0,1442805.0,42633.0,133364.0,1.0,0.979,0.748,0.921,0.003,0.004,0.005,0.007,0.01,0.007,0.007,0.0,0.0,0.0,0.0,0.0,0.0,0.0,53270.0,54075.0,53527.0,53362.0,54361.0,51726.0,47067.0,0.435,83.3,8.36,0.5,3.512,2.0,-1.0,13.61,0.021,0.22,3.0,2.0,0.0,0.0,24.27,24.12,23.45,23.79,23.92,26.14,23.74,24.03,23.77,32.12
2016-07-28 02:42:00-05:00,-9.266739,-3.4183247,575619,25.43,0.0,0.307,25.54,0.81,277.4,275.7,273.3,0.0,0.0,0.0,1.953,0.0,60.13,0.0,1452493.0,21.79,0.0,0.0,0.0,0.0,0.0,0.0,0.0,0.0,0.0,0.0,25.06,23.74,-0.037,0.0,0.0,0.0,60.0,59.9,74.7,0.0,276.0,275.0,276.0,0.0,0.0,0.0,619.0,1442805.0,42633.0,133364.0,1.0,0.979,0.748,0.921,0.003,0.004,0.006,0.007,0.01,0.007,0.007,0.0,0.0,0.0,0.0,0.0,0.0,0.0,53270.0,54075.0,53527.0,53362.0,54361.0,51726.0,47067.0,0.427,100.7,6.547,0.5,3.512,2.0,-1.0,13.61,0.021,0.22,3.0,2.0,0.0,0.0,24.19,24.12,23.45,23.74,23.84,26.1,23.72,24.03,23.75,32.1
2016-07-28 02:43:00-05:00,-9.504348,-3.4183247,575620,25.43,0.0,0.307,25.51,0.81,277.6,275.5,273.1,0.0,0.0,0.0,1.936,0.0,60.16,0.0,1452493.0,21.79,0.0,0.0,0.0,0.0,0.0,0.0,0.0,0.0,0.0,0.0,25.04,23.68,-0.036,0.0,0.0,0.0,60.0,59.9,74.7,0.0,276.0,275.0,276.0,0.0,0.0,0.0,619.0,1442805.0,42633.0,133364.0,1.0,0.979,0.748,0.921,0.003,0.005,0.006,0.006,0.011,0.006,0.007,0.0,0.0,0.0,0.0,0.0,0.0,0.0,53270.0,54075.0,53527.0,53362.0,54361.0,51726.0,47067.0,0.465,107.2,7.167,0.5,3.512,2.0,-1.0,13.61,0.021,0.22,3.0,2.0,0.0,0.0,24.11,24.09,23.45,23.72,23.84,26.15,23.64,23.94,23.69,32.04
2016-07-28 02:44:00-05:00,-9.504348,-3.6424768,575621,25.43,0.0,0.307,25.51,0.81,277.4,275.6,273.2,0.0,0.0,0.0,1.781,0.0,60.2,0.0,1452493.0,21.79,0.0,0.0,0.0,0.0,0.0,0.0,0.0,0.0,0.0,0.0,24.99,23.62,-0.038,0.0,0.0,0.0,60.0,59.9,74.7,0.0,276.0,275.0,276.0,0.0,0.0,0.0,619.0,1442805.0,42633.0,133364.0,1.0,0.979,0.748,0.921,0.003,0.004,0.005,0.006,0.01,0.007,0.007,0.0,0.0,0.0,0.0,0.0,0.0,0.0,53270.0,54075.0,53527.0,53362.0,54361.0,51726.0,47067.0,0.51,112.6,4.795,0.6,3.512,2.0,-1.0,13.61,0.021,0.22,3.0,2.0,0.0,0.0,24.05,24.02,23.41,23.64,23.81,26.35,23.61,23.88,23.67,32.04
2016-07-28 02:45:00-05:00,-9.504348,-3.7545533,575622,25.43,0.0,0.306,25.45,0.81,277.6,275.5,273.1,0.0,0.0,0.0,1.662,0.0,60.22,0.0,1452493.0,21.79,0.0,0.0,0.0,0.0,0.0,0.0,0.0,0.0,0.0,0.0,24.99,23.58,-0.037,0.0,0.0,0.0,60.0,59.9,74.7,0.0,276.0,275.0,276.0,0.0,0.0,0.0,619.0,1442805.0,42633.0,133364.0,1.0,0.979,0.748,0.921,0.003,0.004,0.005,0.006,0.01,0.007,0.007,0.0,0.0,0.0,0.0,0.0,0.0,0.0,53270.0,54075.0,53527.0,53362.0,54361.0,51726.0,47067.0,0.478,94.7,8.49,0.6,3.512,2.0,-1.0,13.61,0.021,0.22,3.0,2.0,0.0,0.0,24.01,23.93,23.35,23.62,23.74,26.34,23.56,23.84,23.62,32.04
2016-07-28 02:46:00-05:00,-9.623153,-3.7545533,575623,25.43,0.0,0.306,25.5,0.81,277.6,275.5,273.1,0.0,0.0,0.0,1.634,0.0,60.22,0.0,1452493.0,21.79,0.0,0.0,0.0,0.0,0.0,0.0,0.0,0.0,0.0,0.0,25.0,23.52,-0.037,0.0,0.0,0.0,60.0,59.9,74.7,0.0,276.0,275.0,276.0,0.0,0.0,0.0,619.0,1442805.0,42633.0,133364.0,1.0,0.979,0.748,0.921,0.003,0.004,0.006,0.007,0.01,0.007,0.007,0.0,0.0,0.0,0.0,0.0,0.0,0.0,53270.0,54075.0,53527.0,53362.0,54361.0,51726.0,47067.0,0.583,85.2,9.89,0.7,3.512,2.0,-1.0,13.61,0.021,0.221,3.0,2.0,0.0,0.0,23.95,23.93,23.3,23.56,23.74,26.19,23.51,23.84,23.57,32.04
2016-07-28 02:47:00-05:00,-9.860761,-3.7545533,575624,25.41,0.0,0.306,25.48,0.81,277.6,275.5,273.0,0.0,0.0,0.0,1.641,0.0,60.14,0.0,1452493.0,21.79,0.0,0.0,0.0,0.0,0.0,0.0,0.0,0.0,0.0,0.0,24.93,23.47,-0.038,0.0,0.0,0.0,60.0,59.9,74.7,0.0,276.0,275.0,276.0,0.0,0.0,0.0,619.0,1442805.0,42633.0,133364.0,1.0,0.979,0.748,0.921,0.003,0.003,0.005,0.006,0.009,0.006,0.007,0.0,0.0,0.0,0.0,0.0,0.0,0.0,53270.0,54075.0,53527.0,53362.0,54361.0,51726.0,47067.0,0.467,60.45,8.98,0.6,3.51,2.0,-1.0,13.61,0.021,0.22,3.0,2.0,0.0,0.0,23.87,23.88,23.25,23.54,23.68,26.02,23.45,23.75,23.51,32.04
2016-07-28 02:48:00-05:00,-9.979566,-3.7545533,575625,25.4,0.0,0.306,25.44,0.808,277.5,275.5,273.0,0.0,0.0,0.0,1.609,0.0,60.14,0.0,1452493.0,21.79,0.0,0.0,0.0,0.0,0.0,0.0,0.0,0.0,0.0,0.0,24.94,23.39,-0.038,0.0,0.0,0.0,60.0,59.9,74.7,0.0,276.0,275.0,276.0,0.0,0.0,0.0,619.0,1442805.0,42633.0,133364.0,1.0,0.979,0.748,0.921,0.003,0.004,0.006,0.007,0.01,0.006,0.006,0.0,0.0,0.0,0.0,0.0,0.0,0.0,53270.0,54075.0,53527.0,53362.0,54361.0,51726.0,47067.0,0.445,51.87,10.53,0.6,3.512,2.0,-1.0,13.61,0.021,0.22,3.0,2.0,0.0,0.0,23.82,23.83,23.2,23.45,23.64,25.92,23.43,23.74,23.47,31.99
2016-07-28 02:49:00-05:00,-9.979566,-3.978706,575626,25.4,0.0,0.306,25.48,0.81,277.4,275.4,273.0,0.0,0.0,0.0,1.634,0.0,60.15,0.0,1452493.0,21.79,0.0,0.0,0.0,0.0,0.0,0.0,0.0,0.0,0.0,0.0,24.97,23.37,-0.033,0.0,0.0,0.0,60.0,59.9,74.7,0.0,276.0,275.0,276.0,0.0,0.0,0.0,619.0,1442805.0,42633.0,133364.0,1.0,0.979,0.748,0.921,0.003,0.004,0.006,0.007,0.01,0.006,0.007,0.0,0.0,0.0,0.0,0.0,0.0,0.0,53270.0,54075.0,53527.0,53362.0,54361.0,51726.0,47067.0,0.523,53.05,10.58,0.7,3.513,2.0,-1.0,13.61,0.021,0.22,3.0,2.0,0.0,0.0,23.8,23.73,23.15,23.45,23.64,25.89,23.36,23.69,23.41,31.95
2016-07-28 02:50:00-05:00,-9.979566,-4.2028584,575627,25.4,0.0,0.306,25.45,0.81,277.6,275.4,273.0,0.0,0.0,0.0,1.652,0.0,60.14,0.0,1452493.0,21.8,0.0,0.0,0.0,0.0,0.0,0.0,0.0,0.0,0.0,0.0,24.97,23.34,-0.037,0.0,0.0,0.0,60.0,59.9,74.7,0.0,276.0,275.0,276.0,0.0,0.0,0.0,619.0,1442805.0,42633.0,133364.0,1.0,0.979,0.748,0.921,0.003,0.004,0.005,0.005,0.01,0.006,0.007,0.0,0.0,0.0,0.0,0.0,0.0,0.0,53270.0,54075.0,53527.0,53362.0,54361.0,51726.0,47067.0,0.46,46.17,16.38,0.8,3.512,2.0,-1.0,13.61,0.021,0.22,3.0,2.0,0.0,0.0,23.75,23.73,23.1,23.45,23.56,25.85,23.33,23.64,23.38,31.94
2016-07-28 02:51:00-05:00,-9.979566,-4.2028584,575628,25.4,0.0,0.306,25.42,0.81,277.5,275.5,273.1,0.0,0.0,0.0,1.758,0.0,60.2,0.0,1452493.0,21.79,0.0,0.0,0.0,0.0,0.0,0.0,0.0,0.0,0.0,0.0,24.98,23.29,-0.038,0.0,0.0,0.0,60.0,59.9,74.7,0.0,276.0,275.0,276.0,0.0,0.0,0.0,619.0,1442805.0,42633.0,133364.0,1.0,0.979,0.748,0.921,0.003,0.005,0.006,0.007,0.01,0.006,0.007,0.0,0.0,0.0,0.0,0.0,0.0,0.0,53270.0,54075.0,53527.0,53362.0,54361.0,51726.0,47067.0,0.357,39.52,22.43,0.5,3.512,2.0,-1.0,13.61,0.021,0.22,3.0,2.0,0.0,0.0,23.7,23.73,23.06,23.35,23.54,25.83,23.28,23.64,23.38,31.94
2016-07-28 02:52:00-05:00,-9.979566,-4.2028584,575629,25.4,0.0,0.306,25.37,0.81,277.5,275.4,273.0,0.0,0.0,0.0,1.86,0.0,60.19,0.0,1452493.0,21.8,0.0,0.0,0.0,0.0,0.0,0.0,0.0,0.0,0.0,0.0,24.94,23.24,-0.038,0.0,0.0,0.0,60.0,59.9,74.7,0.0,276.0,275.0,276.0,0.0,0.0,0.0,619.0,1442805.0,42633.0,133364.0,1.0,0.979,0.748,0.921,0.002,0.004,0.005,0.007,0.01,0.006,0.006,0.0,0.0,0.0,0.0,0.0,0.0,0.0,53270.0,54075.0,53527.0,53362.0,54361.0,51726.0,47067.0,0.173,348.0,73.53,0.4,3.512,2.0,-1.0,13.61,0.021,0.22,3.0,2.0,0.0,0.0,23.66,23.7,23.06,23.35,23.53,25.77,23.25,23.59,23.38,31.94
2016-07-28 02:53:00-05:00,-9.979566,-4.0907817,575630,25.39,0.0,0.306,25.31,0.811,277.3,275.5,273.1,0.0,0.0,0.0,2.062,0.0,60.22,0.0,1452493.0,21.79,0.0,0.0,0.0,0.0,0.0,0.0,0.0,0.0,0.0,0.0,24.87,23.18,-0.038,0.0,0.0,0.0,60.0,59.9,74.7,0.0,276.0,275.0,276.0,0.0,0.0,0.0,619.0,1442805.0,42633.0,133364.0,1.0,0.979,0.748,0.921,0.004,0.003,0.005,0.007,0.01,0.006,0.008,0.0,0.0,0.0,0.0,0.0,0.0,0.0,53270.0,54075.0,53527.0,53362.0,54361.0,51726.0,47067.0,0.187,131.9,46.71,0.3,3.51,2.0,-1.0,13.61,0.021,0.22,3.0,2.0,0.0,0.0,23.62,23.63,23.06,23.35,23.45,25.48,23.25,23.54,23.36,31.94
2016-07-28 02:54:00-05:00,-9.979566,-3.978706,575631,25.37,0.0,0.306,25.36,0.992,277.4,275.5,273.1,0.0,0.0,0.0,2.193,0.0,60.23,0.0,1452493.0,21.8,0.0,0.0,0.0,0.0,0.0,0.0,0.0,0.0,0.0,0.0,24.82,23.14,-0.038,0.0,0.0,0.0,60.0,59.9,74.7,0.0,276.0,275.0,276.0,0.0,0.0,0.0,619.0,1442805.0,42633.0,133364.0,1.0,0.979,0.748,0.921,0.003,0.004,0.006,0.007,0.01,0.007,0.007,0.0,0.0,0.0,0.0,0.0,0.0,0.0,53270.0,54075.0,53527.0,53362.0,54361.0,51726.0,47067.0,0.322,157.7,11.47,0.5,3.51,2.0,-1.0,13.61,0.021,0.22,3.0,2.0,0.0,0.0,23.62,23.63,23.06,23.25,23.45,25.67,23.25,23.49,23.3,31.94
2016-07-28 02:55:00-05:00,-9.979566,-3.8666298,575632,25.37,0.0,0.31,25.25,1.08,277.5,275.5,273.1,0.0,0.0,0.0,2.212,0.0,60.15,0.0,1452493.0,21.79,0.0,0.0,0.0,0.0,0.0,0.0,0.0,0.0,0.0,0.0,24.77,23.14,-0.038,0.0,0.0,0.0,60.0,59.9,74.7,0.0,276.0,275.0,276.0,0.0,0.0,0.0,619.0,1442805.0,42633.0,133364.0,1.0,0.979,0.748,0.921,0.003,0.003,0.005,0.007,0.01,0.007,0.007,0.0,0.0,0.0,0.0,0.0,0.0,0.0,53270.0,54075.0,53527.0,53362.0,54361.0,51726.0,47067.0,0.408,155.7,7.676,0.5,3.512,2.0,-1.0,13.61,0.021,0.22,3.0,2.0,0.0,0.0,23.53,23.63,22.99,23.25,23.45,25.85,23.17,23.45,23.28,31.92
2016-07-28 02:56:00-05:00,-9.979566,-3.7545533,575633,25.37,0.0,0.31,25.21,1.078,277.4,275.4,273.0,0.0,0.0,0.0,2.206,0.0,60.14,0.0,1452493.0,21.79,0.0,0.0,0.0,0.0,0.0,0.0,0.0,0.0,0.0,0.0,24.74,23.07,-0.038,0.0,0.0,0.0,60.0,59.9,74.7,0.0,276.0,275.0,276.0,0.0,0.0,0.0,619.0,1442805.0,42633.0,133364.0,1.0,0.979,0.748,0.921,0.003,0.003,0.005,0.006,0.01,0.006,0.007,0.0,0.0,0.0,0.0,0.0,0.0,0.0,53270.0,54075.0,53527.0,53362.0,54361.0,51726.0,47067.0,0.378,161.1,8.99,0.5,3.512,2.0,-1.0,13.61,0.021,0.22,3.0,2.0,0.0,0.0,23.53,23.57,22.96,23.25,23.35,25.86,23.15,23.45,23.28,31.86
2016-07-28 02:57:00-05:00,-9.979566,-3.7545533,575634,25.35,0.0,0.309,25.2,1.237,277.3,275.4,272.9,0.0,0.0,0.0,2.423,0.0,60.14,0.0,1452493.0,21.79,0.0,0.0,0.0,0.0,0.0,0.0,0.0,0.0,0.0,0.0,24.71,23.06,-0.038,0.0,0.0,0.0,60.0,59.9,74.7,0.0,276.0,275.0,276.0,0.0,0.0,0.0,619.0,1442805.0,42633.0,133364.0,1.0,0.979,0.748,0.921,0.003,0.004,0.005,0.007,0.01,0.006,0.006,0.0,0.0,0.0,0.0,0.0,0.0,0.0,53270.0,54075.0,53527.0,53362.0,54361.0,51726.0,47067.0,0.323,167.9,7.411,0.4,3.512,2.0,-1.0,13.61,0.02,0.22,3.0,2.0,0.0,0.0,23.51,23.54,22.96,23.25,23.35,25.81,23.15,23.45,23.28,31.84
2016-07-28 02:58:00-05:00,-9.979566,-3.7545533,575635,25.34,0.0,0.309,25.21,0.81,277.3,275.3,272.8,0.0,0.0,0.0,1.969,0.0,60.14,0.0,1452493.0,21.79,0.0,0.0,0.0,0.0,0.0,0.0,0.0,0.0,0.0,0.0,24.71,23.01,-0.038,0.0,0.0,0.0,60.0,59.9,74.7,0.0,276.0,275.0,276.0,0.0,0.0,0.0,619.0,1442805.0,42633.0,133364.0,1.0,0.979,0.748,0.921,0.003,0.004,0.005,0.008,0.01,0.007,0.007,0.0,0.0,0.0,0.0,0.0,0.0,0.0,53270.0,54075.0,53527.0,53362.0,54361.0,51726.0,47067.0,0.223,172.0,20.82,0.3,3.512,2.0,-1.0,13.61,0.02,0.22,3.0,2.0,0.0,0.0,23.44,23.54,22.96,23.25,23.43,25.66,23.15,23.45,23.28,31.84
2016-07-28 02:59:00-05:00,-9.979566,-3.6424768,575636,25.34,0.0,0.308,25.19,0.81,277.4,275.2,272.8,0.0,0.0,0.0,1.941,0.0,60.15,0.0,1452493.0,21.8,0.0,0.0,0.0,0.0,0.0,0.0,0.0,0.0,0.0,0.0,24.68,22.96,-0.037,0.0,0.0,0.0,60.0,59.9,74.7,0.0,276.0,275.0,276.0,0.0,0.0,0.0,619.0,1442805.0,42633.0,133364.0,1.0,0.979,0.748,0.921,0.003,0.004,0.006,0.007,0.009,0.006,0.006,0.0,0.0,0.0,0.0,0.0,0.0,0.0,53270.0,54075.0,53527.0,53362.0,54361.0,51726.0,47067.0,0.307,149.0,6.398,0.4,3.512,2.0,-1.0,13.61,0.02,0.22,3.0,2.0,0.0,0.0,23.43,23.54,22.98,23.25,23.45,25.55,23.07,23.45,23.2,31.83
2016-07-28 03:00:00-05:00,-9.979566,-3.4183247,575637,25.34,0.0,0.311,25.22,0.863,277.5,275.3,272.9,0.0,0.0,0.0,2.073,0.0,60.2,0.0,1452493.0,21.8,0.0,0.0,0.0,0.0,0.0,0.0,0.0,0.0,0.0,0.0,24.66,22.94,-0.038,0.0,0.0,0.0,60.0,59.9,74.7,0.0,276.0,275.0,276.0,0.0,0.0,0.0,619.0,1442805.0,42633.0,133364.0,1.0,0.979,0.748,0.921,0.003,0.004,0.005,0.006,0.01,0.006,0.006,0.0,0.0,0.0,0.0,0.0,0.0,0.0,53270.0,54075.0,53527.0,53362.0,54361.0,51726.0,47067.0,0.317,157.9,5.694,0.4,3.512,2.0,-1.0,13.61,0.02,0.22,3.0,2.0,0.0,0.0,23.43,23.54,22.96,23.25,23.45,25.56,23.06,23.4,23.18,31.82
2016-07-28 03:01:00-05:00,-9.979566,-3.4183247,575638,25.33,0.0,0.312,25.2,1.069,277.3,275.2,272.8,0.0,0.0,0.0,2.347,0.0,60.2,0.0,1452493.0,21.79,0.0,0.0,0.0,0.0,0.0,0.0,0.0,0.0,0.0,0.0,24.63,22.94,-0.037,0.0,0.0,0.0,60.0,59.9,74.7,0.0,276.0,275.0,276.0,0.0,0.0,0.0,619.0,1442805.0,42633.0,133364.0,1.0,0.979,0.748,0.921,0.003,0.003,0.006,0.007,0.009,0.005,0.006,0.0,0.0,0.0,0.0,0.0,0.0,0.0,53270.0,54075.0,53527.0,53362.0,54361.0,51726.0,47067.0,0.342,166.5,8.37,0.5,3.512,2.0,-1.0,13.61,0.02,0.22,3.0,2.0,0.0,0.0,23.4,23.5,22.96,23.2,23.4,25.68,23.07,23.43,23.18,31.79
2016-07-28 03:02:00-05:00,-9.979566,-3.4183247,575639,25.31,0.0,0.311,25.13,0.906,277.3,275.1,272.7,0.0,0.0,0.0,2.18,0.0,60.15,0.0,1452493.0,21.8,0.0,0.0,0.0,0.0,0.0,0.0,0.0,0.0,0.0,0.0,24.61,22.9,-0.038,0.0,0.0,0.0,60.0,59.9,74.7,0.0,276.0,275.0,276.0,0.0,0.0,0.0,619.0,1442805.0,42633.0,133364.0,1.0,0.979,0.748,0.921,0.002,0.004,0.005,0.007,0.01,0.006,0.006,0.0,0.0,0.0,0.0,0.0,0.0,0.0,53270.0,54075.0,53527.0,53362.0,54361.0,51726.0,47067.0,0.335,147.8,5.416,0.4,3.512,2.0,-1.0,13.61,0.02,0.22,3.0,2.0,0.0,0.0,23.35,23.51,22.96,23.15,23.43,25.8,23.06,23.4,23.18,31.74
2016-07-28 03:03:00-05:00,-9.979566,-3.530401,575640,25.31,0.0,0.31,25.1,1.056,277.4,275.0,272.6,0.0,0.0,0.0,2.208,0.0,60.13,0.0,1452493.0,21.79,0.0,0.0,0.0,0.0,0.0,0.0,0.0,0.0,0.0,0.0,24.58,22.88,-0.038,0.0,0.0,0.0,60.0,59.9,74.7,0.0,276.0,275.0,276.0,0.0,0.0,0.0,619.0,1442805.0,42633.0,133364.0,1.0,0.979,0.748,0.921,0.003,0.004,0.005,0.006,0.01,0.005,0.006,0.0,0.0,0.0,0.0,0.0,0.0,0.0,53270.0,54075.0,53527.0,53362.0,54361.0,51726.0,47067.0,0.365,141.6,5.878,0.4,3.512,2.0,-1.0,13.61,0.02,0.22,3.0,2.0,0.0,0.0,23.33,23.44,22.98,23.15,23.4,25.8,23.06,23.35,23.18,31.74
2016-07-28 03:04:00-05:00,-9.979566,-3.6424768,575641,25.29,0.0,0.309,25.11,1.285,277.2,275.0,272.7,0.0,0.0,0.0,2.427,0.0,60.21,0.0,1452493.0,21.8,0.0,0.0,0.0,0.0,0.0,0.0,0.0,0.0,0.0,0.0,24.56,22.86,-0.036,0.0,0.0,0.0,60.0,59.9,74.7,0.0,276.0,275.0,276.0,0.0,0.0,0.0,619.0,1442805.0,42633.0,133364.0,1.0,0.979,0.748,0.921,0.004,0.004,0.006,0.007,0.009,0.006,0.007,0.0,0.0,0.0,0.0,0.0,0.0,0.0,53270.0,54075.0,53527.0,53362.0,54361.0,51726.0,47067.0,0.312,148.2,4.265,0.4,3.51,2.0,-1.0,13.61,0.02,0.22,3.0,2.0,0.0,0.0,23.33,23.45,22.96,23.15,23.35,25.67,23.06,23.35,23.18,31.74
2016-07-28 03:05:00-05:00,-9.979566,-3.6424768,575642,25.28,0.0,0.309,25.05,1.08,277.2,275.0,272.6,0.0,0.0,0.0,2.211,0.0,60.23,0.0,1452493.0,21.79,0.0,0.0,0.0,0.0,0.0,0.0,0.0,0.0,0.0,0.0,24.51,22.84,-0.036,0.0,0.0,0.0,60.0,59.9,74.7,0.0,276.0,274.2,276.0,0.0,0.0,0.0,619.0,1442805.0,42633.0,133364.0,1.0,0.979,0.748,0.921,0.002,0.004,0.004,0.006,0.01,0.006,0.007,0.0,0.0,0.0,0.0,0.0,0.0,0.0,53270.0,54075.0,53527.0,53362.0,54361.0,51726.0,47067.0,0.307,155.3,8.81,0.4,3.512,2.0,-1.0,13.61,0.02,0.22,3.0,2.0,0.0,0.0,23.31,23.44,22.91,23.15,23.36,25.67,23.06,23.33,23.13,31.74
2016-07-28 03:06:00-05:00,-9.979566,-3.6424768,575643,25.28,0.0,0.308,25.02,1.08,277.2,274.9,272.5,0.0,0.0,0.0,2.213,0.0,60.22,0.0,1452493.0,21.79,0.0,0.0,0.0,0.0,0.0,0.0,0.0,0.0,0.0,0.0,24.47,22.82,-0.038,0.0,0.0,0.0,60.0,59.9,74.7,0.0,276.0,274.0,275.9,0.0,0.0,0.0,619.0,1442805.0,42633.0,133364.0,1.0,0.979,0.748,0.921,0.003,0.004,0.005,0.006,0.01,0.006,0.006,0.0,0.0,0.0,0.0,0.0,0.0,0.0,53270.0,54075.0,53527.0,53362.0,54361.0,51726.0,47067.0,0.348,177.9,5.921,0.5,3.512,2.0,-1.0,13.61,0.02,0.22,3.0,2.0,0.0,0.0,23.31,23.46,22.88,23.17,23.33,25.77,23.06,23.35,23.13,31.69
2016-07-28 03:07:00-05:00,-9.979566,-3.530401,575644,25.28,0.0,0.308,24.98,1.27,277.0,274.8,272.5,0.0,0.0,0.0,2.415,0.0,60.17,0.0,1452493.0,21.79,0.0,0.0,0.0,0.0,0.0,0.0,0.0,0.0,0.0,0.0,24.45,22.81,-0.038,0.0,0.0,0.0,60.0,59.9,74.7,0.0,275.9,274.0,275.8,0.0,0.0,0.0,619.0,1442805.0,42633.0,133364.0,1.0,0.979,0.748,0.921,0.003,0.004,0.006,0.007,0.01,0.005,0.006,0.0,0.0,0.0,0.0,0.0,0.0,0.0,53270.0,54075.0,53527.0,53362.0,54361.0,51726.0,47067.0,0.435,175.9,10.65,0.6,3.512,2.0,-1.0,13.61,0.02,0.22,3.0,2.0,0.0,0.0,23.23,23.44,22.86,23.15,23.35,25.8,23.06,23.33,23.1,31.74
2016-07-28 03:08:00-05:00,-9.979566,-3.4183247,575645,25.25,0.0,0.307,24.91,1.08,277.1,274.7,272.4,0.0,0.0,0.0,2.219,0.0,60.15,0.0,1452493.0,21.79,0.0,0.0,0.0,0.0,0.0,0.0,0.0,0.0,0.0,0.0,24.41,22.81,-0.038,0.0,0.0,0.0,60.0,59.9,74.7,0.0,275.9,274.0,275.3,0.0,0.0,0.0,619.0,1442805.0,42633.0,133364.0,1.0,0.979,0.748,0.921,0.003,0.003,0.005,0.006,0.01,0.006,0.007,0.0,0.0,0.0,0.0,0.0,0.0,0.0,53270.0,54075.0,53527.0,53362.0,54361.0,51726.0,47067.0,0.555,161.6,9.34,0.7,3.512,2.0,-1.0,13.61,0.02,0.22,3.0,2.0,0.0,0.0,23.23,23.42,22.86,23.15,23.32,25.74,23.06,23.3,23.1,31.66
2016-07-28 03:09:00-05:00,-9.979566,-3.4183247,575646,25.25,0.0,0.307,24.84,1.08,277.0,274.9,272.6,0.0,0.0,0.0,2.229,0.0,60.14,0.0,1452493.0,21.8,0.0,0.0,0.0,0.0,0.0,0.0,0.0,0.0,0.0,0.0,24.38,22.8,-0.038,0.0,0.0,0.0,60.0,59.9,74.7,0.0,276.0,274.0,275.7,0.0,0.0,0.0,619.0,1442805.0,42633.0,133364.0,1.0,0.979,0.748,0.921,0.003,0.003,0.005,0.008,0.01,0.006,0.006,0.0,0.0,0.0,0.0,0.0,0.0,0.0,53270.0,54075.0,53527.0,53362.0,54361.0,51726.0,47067.0,0.662,150.1,5.21,0.8,3.512,2.0,-1.0,13.61,0.02,0.22,3.0,2.0,0.0,0.0,23.25,23.44,22.88,23.16,23.32,25.56,23.1,23.25,23.11,31.65
2016-07-28 03:10:00-05:00,-9.979566,-3.4183247,575647,25.25,0.0,0.307,24.86,1.08,277.4,274.7,272.5,0.0,0.0,0.0,2.222,0.0,60.12,0.0,1452493.0,21.79,0.0,0.0,0.0,0.0,0.0,0.0,0.0,0.0,0.0,0.0,24.34,22.79,-0.038,0.0,0.0,0.0,60.0,59.9,74.7,0.0,276.0,274.0,276.0,0.0,0.0,0.0,619.0,1442805.0,42633.0,133364.0,1.0,0.979,0.748,0.921,0.003,0.003,0.005,0.006,0.009,0.006,0.006,0.0,0.0,0.0,0.0,0.0,0.0,0.0,53270.0,54075.0,53527.0,53362.0,54361.0,51726.0,47067.0,0.733,151.0,5.094,0.9,3.512,2.0,-1.0,13.61,0.02,0.22,3.0,2.0,0.0,0.0,23.23,23.47,22.88,23.17,23.25,25.51,23.15,23.25,23.13,31.65
2016-07-28 03:11:00-05:00,-9.979566,-3.4183247,575648,25.24,0.0,0.306,24.76,1.08,277.1,274.9,272.6,0.0,0.0,0.0,2.252,0.0,60.2,0.0,1452493.0,21.8,0.0,0.0,0.0,0.0,0.0,0.0,0.0,0.0,0.0,0.0,24.31,22.78,-0.038,0.0,0.0,0.0,60.0,59.9,74.7,0.0,276.0,274.0,276.0,0.0,0.0,0.0,619.0,1442805.0,42633.0,133364.0,1.0,0.979,0.748,0.921,0.003,0.004,0.005,0.007,0.01,0.007,0.007,0.0,0.0,0.0,0.0,0.0,0.0,0.0,53270.0,54075.0,53527.0,53362.0,54361.0,51726.0,47067.0,0.785,146.9,5.906,0.9,3.512,2.0,-1.0,13.61,0.02,0.22,3.0,2.0,0.0,0.0,23.25,23.4,22.86,23.16,23.25,25.51,23.15,23.25,23.15,31.65
2016-07-28 03:12:00-05:00,-9.860761,-3.4183247,575649,25.22,0.0,0.306,24.71,1.08,277.3,274.7,272.4,0.0,0.0,0.0,2.248,0.0,60.13,0.0,1452493.0,21.8,0.0,0.0,0.0,0.0,0.0,0.0,0.0,0.0,0.0,0.0,24.28,22.78,-0.038,0.0,0.0,0.0,60.0,59.9,74.7,0.0,275.9,274.0,275.7,0.0,0.0,0.0,619.0,1442805.0,42633.0,133364.0,1.0,0.979,0.748,0.921,0.002,0.004,0.006,0.007,0.01,0.006,0.007,0.0,0.0,0.0,0.0,0.0,0.0,0.0,53270.0,54075.0,53527.0,53362.0,54361.0,51726.0,47067.0,0.697,144.2,8.53,0.9,3.512,2.0,-1.0,13.61,0.02,0.22,3.0,2.0,0.0,0.0,23.29,23.36,22.88,23.16,23.27,25.49,23.15,23.25,23.1,31.61
2016-07-28 03:13:00-05:00,-9.741957,-3.4183247,575650,25.22,0.0,0.306,24.72,1.081,277.1,274.8,272.4,0.0,0.0,0.0,2.25,0.0,60.15,0.0,1452493.0,21.79,0.0,0.0,0.0,0.0,0.0,0.0,0.0,0.0,0.0,0.0,24.25,22.76,-0.038,0.0,0.0,0.0,60.0,59.9,74.7,0.0,275.5,274.0,275.1,0.0,0.0,0.0,619.0,1442805.0,42633.0,133364.0,1.0,0.979,0.748,0.921,0.003,0.005,0.006,0.007,0.009,0.006,0.007,0.0,0.0,0.0,0.0,0.0,0.0,0.0,53270.0,54075.0,53527.0,53362.0,54361.0,51726.0,47067.0,0.63,142.6,6.034,0.8,3.512,2.0,-1.0,13.61,0.02,0.22,3.0,2.0,0.0,0.0,23.23,23.38,22.86,23.11,23.28,25.48,23.15,23.27,23.11,31.55
2016-07-28 03:14:00-05:00,-9.623153,-3.4183247,575651,25.22,0.0,0.306,24.66,1.08,277.0,275.0,272.6,0.0,0.0,0.0,2.232,0.0,60.19,0.0,1452493.0,21.79,0.0,0.0,0.0,0.0,0.0,0.0,0.0,0.0,0.0,0.0,24.24,22.74,-0.038,0.0,0.0,0.0,60.0,59.9,74.7,0.0,275.9,274.0,275.7,0.0,0.0,0.0,619.0,1442805.0,42633.0,133364.0,1.0,0.979,0.748,0.921,0.003,0.004,0.004,0.007,0.01,0.006,0.007,0.0,0.0,0.0,0.0,0.0,0.0,0.0,53270.0,54075.0,53527.0,53362.0,54361.0,51726.0,47067.0,0.538,139.2,6.273,0.6,3.512,2.0,-1.0,13.61,0.02,0.22,3.0,2.0,0.0,0.0,23.24,23.34,22.86,23.06,23.27,25.51,23.15,23.25,23.08,31.55
2016-07-28 03:15:00-05:00,-9.741957,-3.4183247,575652,25.2,0.0,0.306,24.64,1.08,277.1,274.9,272.6,0.0,0.0,0.0,2.215,0.0,60.14,0.0,1452493.0,21.81,0.0,0.0,0.0,0.0,0.0,0.0,0.0,0.0,0.0,0.0,24.22,22.72,-0.038,0.0,0.0,0.0,60.0,59.9,74.7,0.0,276.0,274.1,276.0,0.0,0.0,0.0,619.0,1442805.0,42633.0,133364.0,1.0,0.979,0.748,0.921,0.003,0.004,0.005,0.006,0.01,0.006,0.006,0.0,0.0,0.0,0.0,0.0,0.0,0.0,53270.0,54075.0,53527.0,53362.0,54361.0,51726.0,47067.0,0.292,161.5,18.79,0.5,3.512,2.0,-1.0,13.61,0.02,0.22,3.0,2.0,0.0,0.0,23.17,23.34,22.86,23.06,23.29,25.51,23.15,23.25,23.08,31.55
2016-07-28 03:16:00-05:00,-9.979566,-3.4183247,575653,25.19,0.0,0.309,24.65,1.048,277.2,274.8,272.5,0.0,0.0,0.0,2.206,0.0,60.13,0.0,1452493.0,21.79,0.0,0.0,0.0,0.0,0.0,0.0,0.0,0.0,0.0,0.0,24.18,22.7,-0.037,0.0,0.0,0.0,60.0,59.9,74.7,0.0,276.0,274.0,276.0,0.0,0.0,0.0,619.0,1442805.0,42633.0,133364.0,1.0,0.979,0.748,0.921,0.004,0.004,0.004,0.006,0.009,0.005,0.007,0.0,0.0,0.0,0.0,0.0,0.0,0.0,53270.0,54075.0,53527.0,53362.0,54361.0,51726.0,47067.0,0.233,246.3,26.99,0.4,3.512,2.0,-1.0,13.61,0.02,0.22,3.0,2.0,0.0,0.0,23.19,23.36,22.86,23.06,23.29,25.38,23.16,23.25,23.08,31.55
2016-07-28 03:17:00-05:00,-9.979566,-3.530401,575654,25.19,0.0,0.313,24.68,0.858,277.1,275.0,272.7,0.0,0.0,0.0,2.174,0.0,60.14,0.0,1452493.0,21.79,0.0,0.0,0.0,0.0,0.0,0.0,0.0,0.0,0.0,0.0,24.22,22.68,-0.037,0.0,0.0,0.0,60.0,59.9,74.7,0.0,276.0,274.2,276.0,0.0,0.0,0.0,619.0,1442805.0,42633.0,133364.0,1.0,0.979,0.748,0.921,0.002,0.004,0.006,0.007,0.01,0.006,0.007,0.0,0.0,0.0,0.0,0.0,0.0,0.0,53270.0,54075.0,53527.0,53362.0,54361.0,51726.0,47067.0,0.358,248.9,12.9,0.4,3.512,2.0,-1.0,13.61,0.02,0.22,3.0,2.0,0.0,0.0,23.14,23.34,22.9,23.09,23.17,25.15,23.06,23.25,23.08,31.55
2016-07-28 03:18:00-05:00,-9.979566,-3.7545533,575655,25.17,0.0,0.32,24.68,0.825,277.1,275.1,272.7,0.0,0.0,0.0,2.151,0.0,60.14,0.0,1452493.0,21.79,0.0,0.0,0.0,0.0,0.0,0.0,0.0,0.0,0.0,0.0,24.21,22.68,-0.038,0.0,0.0,0.0,60.0,59.9,74.7,0.0,276.0,274.7,276.0,0.0,0.0,0.0,619.0,1442805.0,42633.0,133364.0,1.0,0.979,0.748,0.921,0.002,0.003,0.005,0.006,0.01,0.006,0.007,0.0,0.0,0.0,0.0,0.0,0.0,0.0,53270.0,54075.0,53527.0,53362.0,54361.0,51726.0,47067.0,0.382,227.6,6.058,0.4,3.512,2.0,-1.0,13.61,0.02,0.22,3.0,2.0,0.0,0.0,23.17,23.33,22.85,23.06,23.17,25.12,23.06,23.27,23.0,31.47
2016-07-28 03:19:00-05:00,-9.979566,-3.7545533,575656,25.16,0.0,0.327,24.73,0.811,277.3,275.0,272.7,0.0,0.0,0.0,2.169,0.0,60.15,0.0,1452493.0,21.8,0.0,0.0,0.0,0.0,0.0,0.0,0.0,0.0,0.0,0.0,24.26,22.68,-0.038,0.0,0.0,0.0,60.0,59.9,74.7,0.0,276.0,274.9,276.0,0.0,0.0,0.0,619.0,1442805.0,42633.0,133364.0,1.0,0.979,0.748,0.921,0.001,0.004,0.005,0.007,0.01,0.006,0.007,0.0,0.0,0.0,0.0,0.0,0.0,0.0,53270.0,54075.0,53527.0,53362.0,54361.0,51726.0,47067.0,0.395,227.6,7.393,0.5,3.512,2.0,-1.0,13.61,0.02,0.22,3.0,2.0,0.0,0.0,23.15,23.29,22.78,23.06,23.17,25.12,23.06,23.21,22.99,31.45
2016-07-28 03:20:00-05:00,-9.979566,-3.7545533,575657,25.16,0.0,0.327,24.82,0.882,277.2,275.0,272.7,0.0,0.0,0.0,2.189,0.0,60.2,0.0,1452493.0,21.79,0.0,0.0,0.0,0.0,0.0,0.0,0.0,0.0,0.0,0.0,24.3,22.68,-0.037,0.0,0.0,0.0,60.0,59.9,74.7,0.0,276.0,274.5,276.0,0.0,0.0,0.0,619.0,1442805.0,42633.0,133364.0,1.0,0.979,0.748,0.921,0.003,0.004,0.005,0.007,0.009,0.006,0.007,0.0,0.0,0.0,0.0,0.0,0.0,0.0,53270.0,54075.0,53527.0,53362.0,54361.0,51726.0,47067.0,0.473,213.4,3.174,0.7,3.512,2.0,-1.0,13.61,0.02,0.22,3.0,2.0,0.0,0.0,23.17,23.24,22.76,23.06,23.17,25.12,23.01,23.15,22.99,31.45
2016-07-28 03:21:00-05:00,-9.979566,-3.7545533,575658,25.16,0.0,0.327,24.88,0.81,277.1,275.1,272.8,0.0,0.0,0.0,2.109,0.0,60.23,0.0,1452493.0,21.79,0.0,0.0,0.0,0.0,0.0,0.0,0.0,0.0,0.0,0.0,24.3,22.68,-0.038,0.0,0.0,0.0,60.0,59.9,74.7,0.0,276.0,274.8,276.0,0.0,0.0,0.0,619.0,1442805.0,42633.0,133364.0,1.0,0.979,0.748,0.921,0.002,0.004,0.004,0.006,0.009,0.007,0.006,0.0,0.0,0.0,0.0,0.0,0.0,0.0,53270.0,54075.0,53527.0,53362.0,54361.0,51726.0,47067.0,0.47,204.0,7.035,0.6,3.51,2.0,-1.0,13.61,0.02,0.22,3.0,2.0,0.0,0.0,23.2,23.26,22.78,23.06,23.11,25.1,22.96,23.19,22.99,31.45
2016-07-28 03:22:00-05:00,-9.741957,-3.4183247,575659,25.14,0.0,0.323,24.87,0.81,277.6,275.1,272.7,0.0,0.0,0.0,2.132,0.0,60.22,0.0,1452493.0,21.8,0.0,0.0,0.0,0.0,0.0,0.0,0.0,0.0,0.0,0.0,24.29,22.65,-0.038,0.0,0.0,0.0,60.0,59.9,74.7,0.0,276.0,275.0,276.0,0.0,0.0,0.0,619.0,1442805.0,42633.0,133364.0,1.0,0.979,0.748,0.921,0.003,0.003,0.004,0.007,0.009,0.005,0.006,0.0,0.0,0.0,0.0,0.0,0.0,0.0,53270.0,54075.0,53527.0,53362.0,54361.0,51726.0,47067.0,0.452,200.2,5.068,0.6,3.512,2.0,-1.0,13.61,0.02,0.22,3.0,2.0,0.0,0.0,23.21,23.28,22.78,23.09,23.07,25.1,22.96,23.17,22.99,31.45
2016-07-28 03:23:00-05:00,-9.504348,-3.4183247,575660,25.13,0.0,0.325,24.88,0.81,277.2,275.1,272.8,0.0,0.0,0.0,2.174,0.0,60.14,0.0,1452493.0,21.82,0.0,0.0,0.0,0.0,0.0,0.0,0.0,0.0,0.0,0.0,24.25,22.63,-0.037,0.0,0.0,0.0,60.0,59.9,74.7,0.0,276.0,275.0,276.0,0.0,0.0,0.0,619.0,1442805.0,42633.0,133364.0,1.0,0.979,0.748,0.921,0.003,0.004,0.005,0.006,0.01,0.007,0.007,0.0,0.0,0.0,0.0,0.0,0.0,0.0,53270.0,54075.0,53527.0,53362.0,54361.0,51726.0,47067.0,0.295,195.7,11.99,0.4,3.512,2.0,-1.0,13.61,0.02,0.22,3.0,2.0,0.0,0.0,23.19,23.24,22.78,23.07,23.08,25.12,22.96,23.15,22.99,31.37
2016-07-28 03:24:00-05:00,-9.504348,-3.4183247,575661,25.13,0.0,0.322,24.9,0.908,277.5,275.2,272.8,0.0,0.0,0.0,2.176,0.0,60.23,0.0,1452493.0,21.79,0.0,0.0,0.0,0.0,0.0,0.0,0.0,0.0,0.0,0.0,24.27,22.63,-0.031,0.0,0.0,0.0,60.0,59.9,74.7,0.0,276.0,275.0,276.0,0.0,0.0,0.0,619.0,1442805.0,42633.0,133364.0,1.0,0.979,0.748,0.921,0.003,0.004,0.005,0.006,0.01,0.006,0.007,0.0,0.0,0.0,0.0,0.0,0.0,0.0,53270.0,54075.0,53527.0,53362.0,54361.0,51726.0,47067.0,0.165,206.1,11.59,0.3,3.512,2.0,-1.0,13.61,0.02,0.22,3.0,2.0,0.0,0.0,23.23,23.24,22.76,23.02,23.06,25.12,22.96,23.15,22.93,31.35
2016-07-28 03:25:00-05:00,-9.504348,-3.4183247,575662,25.12,0.0,0.321,24.86,1.08,277.3,275.2,272.9,0.0,0.0,0.0,2.216,0.0,60.16,0.0,1452493.0,21.79,0.0,0.0,0.0,0.0,0.0,0.0,0.0,0.0,0.0,0.0,24.26,22.61,-0.028,0.0,0.0,0.0,60.0,59.9,74.7,0.0,276.0,275.0,276.0,0.0,0.0,0.0,619.0,1442805.0,42633.0,133364.0,1.0,0.979,0.748,0.921,0.003,0.004,0.005,0.007,0.01,0.006,0.007,0.0,0.0,0.0,0.0,0.0,0.0,0.0,53270.0,54075.0,53527.0,53362.0,54361.0,51726.0,47067.0,0.115,250.9,44.43,0.3,3.512,2.0,-1.0,13.61,0.02,0.22,3.0,2.0,0.0,0.0,23.21,23.24,22.8,22.97,23.08,25.15,22.98,23.17,22.92,31.35
2016-07-28 03:26:00-05:00,-9.741957,-3.4183247,575663,25.1,0.0,0.323,24.89,1.08,277.2,275.2,272.9,0.0,0.0,0.0,2.219,0.0,60.13,0.0,1452493.0,21.8,0.0,0.0,0.0,0.0,0.0,0.0,0.0,0.0,0.0,0.0,24.3,22.62,-0.037,0.0,0.0,0.0,60.0,59.9,74.7,0.0,276.0,275.0,276.0,0.0,0.0,0.0,619.0,1442805.0,42633.0,133364.0,1.0,0.979,0.748,0.921,0.003,0.004,0.005,0.006,0.009,0.006,0.006,0.0,0.0,0.0,0.0,0.0,0.0,0.0,53270.0,54075.0,53527.0,53362.0,54361.0,51726.0,47067.0,0.29,277.7,8.93,0.4,3.512,2.0,-1.0,13.61,0.02,0.22,3.0,2.0,0.0,0.0,23.11,23.24,22.67,22.96,23.06,25.13,22.91,23.15,22.89,31.35
2016-07-28 03:27:00-05:00,-9.860761,-3.7545533,575664,25.1,0.0,0.329,24.94,1.08,277.3,275.1,272.8,0.0,0.0,0.0,2.213,0.0,60.18,0.0,1452493.0,21.8,0.0,0.0,0.0,0.0,0.0,0.0,0.0,0.0,0.0,0.0,24.36,22.65,-0.038,0.0,0.0,0.0,60.0,59.9,74.7,0.0,276.0,275.0,276.0,0.0,0.0,0.0,619.0,1442805.0,42633.0,133364.0,1.0,0.979,0.748,0.921,0.003,0.004,0.005,0.006,0.009,0.006,0.007,0.0,0.0,0.0,0.0,0.0,0.0,0.0,53270.0,54075.0,53527.0,53362.0,54361.0,51726.0,47067.0,0.222,328.6,33.5,0.4,3.512,2.0,-1.0,13.61,0.02,0.22,3.0,2.0,0.0,0.0,23.24,23.26,22.68,22.96,23.06,25.12,22.88,23.12,22.89,31.35
2016-07-28 03:28:00-05:00,-9.623153,-3.7545533,575665,25.1,0.0,0.333,24.91,1.08,277.2,275.0,272.7,0.0,0.0,0.0,2.216,0.0,60.13,0.0,1452493.0,21.81,0.0,0.0,0.0,0.0,0.0,0.0,0.0,0.0,0.0,0.0,24.38,22.68,-0.038,0.0,0.0,0.0,60.0,59.9,74.7,0.0,276.0,275.0,276.0,0.0,0.0,0.0,619.0,1442805.0,42633.0,133364.0,1.0,0.979,0.748,0.921,0.002,0.003,0.005,0.007,0.01,0.006,0.006,0.0,0.0,0.0,0.0,0.0,0.0,0.0,53270.0,54075.0,53527.0,53362.0,54361.0,51726.0,47067.0,0.438,308.0,18.26,0.6,3.51,2.0,-1.0,13.61,0.02,0.22,3.0,2.0,0.0,0.0,23.17,23.26,22.67,22.96,23.04,25.12,22.88,23.13,22.89,31.35
2016-07-28 03:29:00-05:00,-9.504348,-3.7545533,575666,25.08,0.0,0.337,24.94,1.074,277.3,275.1,272.8,0.0,0.0,0.0,2.207,0.0,60.22,0.0,1452493.0,21.79,0.0,0.0,0.0,0.0,0.0,0.0,0.0,0.0,0.0,0.0,24.44,22.74,-0.038,0.0,0.0,0.0,60.0,59.9,74.7,0.0,276.0,275.0,276.0,0.0,0.0,0.0,619.0,1442805.0,42633.0,133364.0,1.0,0.979,0.748,0.921,0.003,0.005,0.006,0.006,0.009,0.006,0.007,0.0,0.0,0.0,0.0,0.0,0.0,0.0,53270.0,54075.0,53527.0,53362.0,54361.0,51726.0,47067.0,0.522,292.5,14.32,0.7,3.512,2.0,-1.0,13.61,0.02,0.22,3.0,2.0,0.0,0.0,23.29,23.23,22.67,22.96,22.97,25.12,22.86,23.14,22.87,31.33
2016-07-28 03:30:00-05:00,-9.504348,-3.7545533,575667,25.07,0.0,0.344,25.06,0.966,277.0,275.3,272.9,0.0,0.0,0.0,2.205,0.0,60.22,0.0,1452493.0,21.79,0.0,0.0,0.0,0.0,0.0,0.0,0.0,0.0,0.0,0.0,24.56,22.8,-0.038,0.0,0.0,0.0,60.0,59.9,74.7,0.0,276.0,275.0,276.0,0.0,0.0,0.0,619.0,1442805.0,42633.0,133364.0,1.0,0.979,0.748,0.921,0.003,0.004,0.005,0.006,0.01,0.006,0.007,0.0,0.0,0.0,0.0,0.0,0.0,0.0,53270.0,54075.0,53527.0,53362.0,54361.0,51726.0,47067.0,0.52,290.4,10.01,0.6,3.51,2.0,-1.0,13.61,0.02,0.22,3.0,2.0,0.0,0.0,23.38,23.21,22.69,22.98,22.96,25.12,22.9,23.17,22.89,31.25
2016-07-28 03:31:00-05:00,-9.147935,-3.7545533,575668,25.07,0.0,0.337,25.15,1.08,277.4,275.0,272.6,0.0,0.0,0.0,2.225,0.0,60.22,0.0,1452493.0,21.8,0.0,0.0,0.0,0.0,0.0,0.0,0.0,0.0,0.0,0.0,24.67,22.85,-0.038,0.0,0.0,0.0,60.0,59.9,74.7,0.0,276.0,275.0,276.0,0.0,0.0,0.0,619.0,1442805.0,42633.0,133364.0,1.0,0.979,0.748,0.921,0.003,0.004,0.006,0.006,0.01,0.006,0.006,0.0,0.0,0.0,0.0,0.0,0.0,0.0,53270.0,54075.0,53527.0,53362.0,54361.0,51726.0,47067.0,0.227,276.8,44.77,0.4,3.512,2.0,-1.0,13.61,0.02,0.22,3.0,2.0,0.0,0.0,23.52,23.24,22.68,22.96,22.96,25.12,22.88,23.15,22.89,31.25
2016-07-28 03:32:00-05:00,-9.385543,-3.7545533,575669,25.05,0.0,0.336,25.25,1.08,277.3,275.0,272.6,0.0,0.0,0.0,2.216,0.0,60.22,0.0,1452493.0,21.79,0.0,0.0,0.0,0.0,0.0,0.0,0.0,0.0,0.0,0.0,24.79,22.94,-0.038,0.0,0.0,0.0,60.0,59.9,74.7,0.0,276.0,274.9,275.9,0.0,0.0,0.0,619.0,1442805.0,42633.0,133364.0,1.0,0.979,0.748,0.921,0.002,0.005,0.004,0.006,0.01,0.006,0.006,0.0,0.0,0.0,0.0,0.0,0.0,0.0,53270.0,54075.0,53527.0,53362.0,54361.0,51726.0,47067.0,0.422,42.41,19.83,0.7,3.51,2.0,-1.0,13.61,0.02,0.22,3.0,2.0,0.0,0.0,23.6,23.24,22.67,22.94,22.96,25.12,22.83,23.11,22.89,31.25
2016-07-28 03:33:00-05:00,-9.147935,-3.6424768,575670,25.04,0.0,0.338,25.39,1.08,277.3,274.8,272.5,0.0,0.0,0.0,2.223,0.0,60.22,0.0,1452493.0,21.79,0.0,0.0,0.0,0.0,0.0,0.0,0.0,0.0,0.0,0.0,25.01,23.02,-0.038,0.0,0.0,0.0,60.0,59.9,74.7,0.0,275.7,274.4,275.3,0.0,0.0,0.0,619.0,1442805.0,42633.0,133364.0,1.0,0.979,0.748,0.921,0.002,0.003,0.005,0.006,0.009,0.006,0.007,0.0,0.0,0.0,0.0,0.0,0.0,0.0,53270.0,54075.0,53527.0,53362.0,54361.0,51726.0,47067.0,0.493,51.65,11.38,0.7,3.51,2.0,-1.0,13.61,0.02,0.22,3.0,2.0,0.0,0.0,23.68,23.29,22.65,22.96,22.96,25.12,22.88,23.15,22.89,31.25
2016-07-28 03:34:00-05:00,-9.266739,-3.530401,575671,25.04,0.0,0.344,25.48,1.136,277.1,275.0,272.6,0.0,0.0,0.0,2.35,0.0,60.15,0.0,1452493.0,21.78,0.0,0.0,0.0,0.0,0.0,0.0,0.0,0.0,0.0,0.0,25.06,23.11,-0.038,0.0,0.0,0.0,60.0,59.9,74.7,0.0,275.5,274.1,275.1,0.0,0.0,0.0,619.0,1442805.0,42633.0,133364.0,1.0,0.979,0.748,0.921,0.003,0.003,0.005,0.006,0.01,0.005,0.007,0.0,0.0,0.0,0.0,0.0,0.0,0.0,53270.0,54075.0,53527.0,53362.0,54361.0,51726.0,47067.0,0.538,38.94,6.695,0.7,3.512,2.0,-1.0,13.61,0.02,0.22,3.0,2.0,0.0,0.0,23.73,23.24,22.7,22.98,22.98,25.12,22.84,23.15,22.89,31.25
2016-07-28 03:35:00-05:00,-9.504348,-3.7545533,575672,25.04,0.0,0.347,25.5,1.08,276.9,275.1,272.7,0.0,0.0,0.0,2.236,0.0,60.12,0.0,1452493.0,21.79,0.0,0.0,0.0,0.0,0.0,0.0,0.0,0.0,0.0,0.0,25.09,23.15,-0.038,0.0,0.0,0.0,60.0,59.9,74.7,0.0,275.5,274.3,275.5,0.0,0.0,0.0,619.0,1442805.0,42633.0,133364.0,1.0,0.979,0.748,0.921,0.003,0.003,0.005,0.007,0.01,0.006,0.007,0.0,0.0,0.0,0.0,0.0,0.0,0.0,53270.0,54075.0,53527.0,53362.0,54361.0,51726.0,47067.0,0.363,41.67,20.73,0.6,3.512,2.0,-1.0,13.61,0.02,0.22,3.0,2.0,0.0,0.0,23.76,23.28,22.7,22.98,22.96,25.12,22.78,23.14,22.85,31.2
2016-07-28 03:36:00-05:00,-9.504348,-3.7545533,575673,25.04,0.0,0.348,25.58,1.08,277.2,275.1,272.7,0.0,0.0,0.0,2.293,0.0,60.16,0.0,1452493.0,21.79,0.0,0.0,0.0,0.0,0.0,0.0,0.0,0.0,0.0,0.0,25.14,23.2,-0.038,0.0,0.0,0.0,60.0,59.9,74.7,0.0,276.0,274.9,276.0,0.0,0.0,0.0,619.0,1442805.0,42633.0,133364.0,1.0,0.979,0.748,0.921,0.003,0.004,0.005,0.006,0.01,0.005,0.007,0.0,0.0,0.0,0.0,0.0,0.0,0.0,53270.0,54075.0,53527.0,53362.0,54361.0,51726.0,47067.0,0.405,345.9,46.44,0.7,3.512,2.0,-1.0,13.61,0.02,0.22,3.0,2.0,0.0,0.0,23.83,23.33,22.59,22.96,22.96,25.13,22.76,23.15,22.89,31.16
2016-07-28 03:37:00-05:00,-9.385543,-3.7545533,575674,25.01,0.0,0.349,25.61,1.08,277.0,275.2,272.9,0.0,0.0,0.0,2.234,0.0,60.15,0.0,1452493.0,21.78,0.0,0.0,0.0,0.0,0.0,0.0,0.0,0.0,0.0,0.0,25.2,23.27,-0.038,0.0,0.0,0.0,60.0,59.9,74.7,0.0,276.0,275.0,276.0,0.0,0.0,0.0,619.0,1442805.0,42633.0,133364.0,1.0,0.979,0.748,0.921,0.003,0.003,0.005,0.006,0.01,0.006,0.006,0.0,0.0,0.0,0.0,0.0,0.0,0.0,53270.0,54075.0,53527.0,53362.0,54361.0,51726.0,47067.0,0.408,309.6,31.71,0.7,3.51,2.0,-1.0,13.61,0.02,0.22,3.0,2.0,0.0,0.0,23.86,23.26,22.67,22.98,23.01,25.21,22.86,23.17,22.89,31.16
2016-07-28 03:38:00-05:00,-9.147935,-3.4183247,575675,25.01,0.0,0.35,25.57,1.087,277.4,275.1,272.8,0.0,0.0,0.0,2.309,0.0,60.15,0.0,1452493.0,21.79,0.0,0.0,0.0,0.0,0.0,0.0,0.0,0.0,0.0,0.0,25.15,23.25,-0.037,0.0,0.0,0.0,60.0,59.9,74.7,0.0,276.0,275.0,276.0,0.0,0.0,0.0,619.0,1442805.0,42633.0,133364.0,1.0,0.979,0.748,0.921,0.002,0.003,0.005,0.007,0.01,0.007,0.007,0.0,0.0,0.0,0.0,0.0,0.0,0.0,53270.0,54075.0,53527.0,53362.0,54361.0,51726.0,47067.0,0.648,303.1,10.82,0.8,3.512,2.0,-1.0,13.61,0.02,0.22,3.0,2.0,0.0,0.0,23.89,23.38,22.7,23.01,23.0,25.23,22.78,23.17,22.91,31.16
2016-07-28 03:39:00-05:00,-9.02913,-3.4183247,575676,25.01,0.0,0.351,25.6,1.287,277.2,275.2,272.8,0.0,0.0,0.0,2.628,0.0,60.23,0.0,1452493.0,21.79,0.0,0.0,0.0,0.0,0.0,0.0,0.0,0.0,0.0,0.0,25.19,23.32,-0.037,0.0,0.0,0.0,60.0,59.9,74.7,0.0,276.0,275.0,276.0,0.0,0.0,0.0,619.0,1442805.0,42633.0,133364.0,1.0,0.979,0.748,0.921,0.002,0.005,0.005,0.006,0.01,0.006,0.006,0.0,0.0,0.0,0.0,0.0,0.0,0.0,53270.0,54075.0,53527.0,53362.0,54361.0,51726.0,47067.0,0.685,303.6,10.97,0.9,3.51,2.0,-1.0,13.61,0.02,0.22,3.0,2.0,0.0,0.0,24.01,23.43,22.72,22.98,23.09,25.31,22.87,23.27,22.97,31.16
2016-07-28 03:40:00-05:00,-8.672717,-3.4183247,575677,25.01,0.0,0.352,25.62,1.366,277.4,275.0,272.7,0.0,0.0,0.0,2.715,0.0,60.22,0.0,1452493.0,21.8,0.0,0.0,0.0,0.0,0.0,0.0,0.0,0.0,0.0,0.0,25.22,23.33,-0.037,0.0,0.0,0.0,60.0,59.9,74.7,0.0,276.0,275.0,276.0,0.0,0.0,0.0,619.0,1442805.0,42633.0,133364.0,1.0,0.979,0.748,0.921,0.003,0.003,0.005,0.006,0.009,0.005,0.006,0.0,0.0,0.0,0.0,0.0,0.0,0.0,53270.0,54075.0,53527.0,53362.0,54361.0,51726.0,47067.0,0.602,302.1,6.486,0.8,3.512,2.0,-1.0,13.61,0.02,0.22,3.0,2.0,0.0,0.0,24.11,23.43,22.77,23.01,23.09,25.34,22.86,23.35,22.99,31.16
2016-07-28 03:41:00-05:00,-8.316304,-3.4183247,575678,25.01,0.0,0.351,25.59,1.56,277.1,275.0,272.6,0.0,0.0,0.0,2.931,0.0,60.22,0.0,1452493.0,21.79,0.0,0.0,0.0,0.0,0.0,0.0,0.0,0.0,0.0,0.0,25.2,23.37,-0.037,0.0,0.0,0.0,60.0,59.9,74.7,0.0,276.0,274.3,276.0,0.0,0.0,0.0,619.0,1442805.0,42633.0,133364.0,1.0,0.979,0.748,0.921,0.003,0.004,0.006,0.007,0.01,0.006,0.007,0.0,0.0,0.0,0.0,0.0,0.0,0.0,53270.0,54075.0,53527.0,53362.0,54361.0,51726.0,47067.0,0.537,305.4,10.55,0.7,3.51,2.0,-1.0,13.61,0.02,0.22,3.0,2.0,0.0,0.0,24.09,23.51,22.82,23.13,23.07,25.41,22.93,23.35,23.02,31.16
2016-07-28 03:42:00-05:00,-8.316304,-3.1941724,575679,25.01,0.0,0.348,25.59,1.384,277.2,275.0,272.6,0.0,0.0,0.0,2.811,0.0,60.22,0.0,1452493.0,21.79,0.0,0.0,0.0,0.0,0.0,0.0,0.0,0.0,0.0,0.0,25.17,23.38,-0.038,0.0,0.0,0.0,60.0,59.9,74.7,0.0,276.0,274.6,276.0,0.0,0.0,0.0,619.0,1442805.0,42633.0,133364.0,1.0,0.979,0.748,0.921,0.002,0.004,0.005,0.007,0.01,0.006,0.006,0.0,0.0,0.0,0.0,0.0,0.0,0.0,53270.0,54075.0,53527.0,53362.0,54361.0,51726.0,47067.0,0.647,296.5,8.12,0.8,3.51,2.0,-1.0,13.61,0.02,0.22,3.0,2.0,0.0,0.0,24.02,23.58,22.82,23.11,23.15,25.44,22.96,23.4,23.08,31.14
2016-07-28 03:43:00-05:00,-7.959892,-3.0820959,575680,24.99,0.0,0.354,25.63,1.594,277.1,275.0,272.6,0.0,0.0,0.0,2.818,0.0,60.22,0.0,1452493.0,21.79,0.0,0.0,0.0,0.0,0.0,0.0,0.0,0.0,0.0,0.0,25.18,23.43,-0.036,0.0,0.0,0.0,60.0,59.9,74.7,0.0,276.0,274.4,276.0,0.0,0.0,0.0,619.0,1442805.0,42633.0,133364.0,1.0,0.979,0.748,0.921,0.003,0.004,0.005,0.006,0.01,0.005,0.006,0.0,0.0,0.0,0.0,0.0,0.0,0.0,53270.0,54075.0,53527.0,53362.0,54361.0,51726.0,47067.0,0.54,300.3,6.868,0.8,3.51,2.0,-1.0,13.61,0.02,0.22,3.0,2.0,0.0,0.0,24.06,23.66,22.92,23.19,23.17,25.51,23.04,23.5,23.12,31.14
2016-07-28 03:44:00-05:00,-7.959892,-3.0820959,575681,24.98,0.0,0.358,25.73,1.62,276.8,275.1,272.8,0.0,0.0,0.0,2.818,0.0,60.23,0.0,1452493.0,21.79,0.0,0.0,0.0,0.0,0.0,0.0,0.0,0.0,0.0,0.0,25.33,23.58,-0.037,0.0,0.0,0.0,60.0,59.9,74.7,0.0,276.0,274.1,276.0,0.0,0.0,0.0,619.0,1442805.0,42633.0,133364.0,1.0,0.979,0.748,0.921,0.002,0.003,0.005,0.006,0.009,0.006,0.006,0.0,0.0,0.0,0.0,0.0,0.0,0.0,53270.0,54075.0,53527.0,53362.0,54361.0,51726.0,47067.0,0.183,179.6,70.75,0.5,3.512,2.0,-1.0,13.61,0.02,0.22,3.0,2.0,0.0,0.0,24.15,23.7,22.94,23.24,23.27,25.51,23.14,23.56,23.18,31.16
2016-07-28 03:45:00-05:00,-7.959892,-3.0820959,575682,24.98,0.0,0.361,25.78,1.621,277.0,275.0,272.7,0.0,0.0,0.0,2.824,0.0,60.22,0.0,1452493.0,21.8,0.0,0.0,0.0,0.0,0.0,0.0,0.0,0.0,0.0,0.0,25.41,23.66,-0.038,0.0,0.0,0.0,60.0,59.9,74.7,0.0,276.0,274.0,276.0,0.0,0.0,0.0,619.0,1442805.0,42633.0,133364.0,1.0,0.979,0.748,0.921,0.003,0.003,0.005,0.007,0.01,0.005,0.007,0.0,0.0,0.0,0.0,0.0,0.0,0.0,53270.0,54075.0,53527.0,53362.0,54361.0,51726.0,47067.0,0.118,44.19,62.76,0.3,3.512,2.0,-1.0,13.61,0.02,0.22,3.0,2.0,0.0,0.0,24.23,23.82,23.0,23.33,23.39,25.51,23.17,23.54,23.18,31.09
2016-07-28 03:46:00-05:00,-7.959892,-2.8579435,575683,24.98,0.0,0.364,25.92,1.62,277.4,274.8,272.5,0.0,0.0,0.0,2.818,0.0,60.22,0.0,1452493.0,21.8,0.0,0.0,0.0,0.0,0.0,0.0,0.0,0.0,0.0,0.0,25.52,23.8,-0.037,0.0,0.0,0.0,60.0,59.9,74.7,0.0,276.0,274.0,276.0,0.0,0.0,0.0,619.0,1442805.0,42633.0,133364.0,1.0,0.979,0.748,0.921,0.003,0.003,0.006,0.006,0.009,0.005,0.006,0.0,0.0,0.0,0.0,0.0,0.0,0.0,53270.0,54075.0,53527.0,53362.0,54361.0,51726.0,47067.0,0.253,110.5,44.7,0.5,3.512,2.0,-1.0,13.61,0.02,0.22,3.0,2.0,0.0,0.0,24.36,23.82,23.07,23.29,23.32,25.51,23.15,23.61,23.18,31.06
2016-07-28 03:47:00-05:00,-7.959892,-2.6337912,575684,24.98,0.0,0.368,25.96,1.663,277.1,274.8,272.5,0.0,0.0,0.0,2.848,0.0,60.22,0.0,1452493.0,21.79,0.0,0.0,0.0,0.0,0.0,0.0,0.0,0.0,0.0,0.0,25.55,23.85,-0.038,0.0,0.0,0.0,60.0,59.9,74.7,0.0,275.8,274.0,276.0,0.0,0.0,0.0,619.0,1442805.0,42633.0,133364.0,1.0,0.979,0.748,0.921,0.003,0.004,0.004,0.007,0.01,0.006,0.006,0.0,0.0,0.0,0.0,0.0,0.0,0.0,53270.0,54075.0,53527.0,53362.0,54361.0,51726.0,47067.0,0.332,91.8,22.98,0.5,3.512,2.0,-1.0,13.61,0.02,0.22,3.0,2.0,0.0,0.0,24.38,23.84,23.05,23.31,23.37,25.51,23.15,23.64,23.2,31.06
2016-07-28 03:48:00-05:00,-7.959892,-2.6337912,575685,24.98,0.0,0.369,25.93,1.621,276.8,274.9,272.6,0.0,0.0,0.0,2.818,0.0,60.22,0.0,1452493.0,21.8,0.0,0.0,0.0,0.0,0.0,0.0,0.0,0.0,0.0,0.0,25.46,23.75,-0.037,0.0,0.0,0.0,60.0,59.9,74.7,0.0,275.7,274.0,275.9,0.0,0.0,0.0,619.0,1442805.0,42633.0,133364.0,1.0,0.979,0.748,0.921,0.003,0.004,0.006,0.006,0.01,0.005,0.006,0.0,0.0,0.0,0.0,0.0,0.0,0.0,53270.0,54075.0,53527.0,53362.0,54361.0,51726.0,47067.0,0.27,169.8,28.49,0.5,3.51,2.0,-1.0,13.61,0.02,0.22,3.0,2.0,0.0,0.0,24.33,23.8,23.05,23.31,23.37,25.51,23.24,23.58,23.26,31.06
2016-07-28 03:49:00-05:00,-7.959892,-2.6337912,575686,24.98,0.0,0.372,25.83,1.639,276.9,274.9,272.6,0.0,0.0,0.0,2.839,0.0,60.14,0.0,1452493.0,21.79,0.0,0.0,0.0,0.0,0.0,0.0,0.0,0.0,0.0,0.0,25.39,23.7,-0.038,0.0,0.0,0.0,60.0,59.9,74.7,0.0,275.5,274.0,275.7,0.0,0.0,0.0,619.0,1442805.0,42633.0,133364.0,1.0,0.979,0.748,0.921,0.002,0.004,0.005,0.007,0.01,0.006,0.006,0.0,0.0,0.0,0.0,0.0,0.0,0.0,53270.0,54075.0,53527.0,53362.0,54361.0,51726.0,47067.0,0.492,163.9,8.61,0.6,3.512,2.0,-1.0,13.61,0.02,0.22,3.0,2.0,0.0,0.0,24.25,23.82,23.11,23.35,23.37,25.53,23.25,23.58,23.28,31.06
2016-07-28 03:50:00-05:00,-7.959892,-2.6337912,575687,24.98,0.0,0.378,25.74,1.633,276.9,274.8,272.6,0.0,0.0,0.0,2.843,0.0,60.15,0.0,1452493.0,21.79,0.0,0.0,0.0,0.0,0.0,0.0,0.0,0.0,0.0,0.0,25.32,23.64,-0.038,0.0,0.0,0.0,60.0,59.9,74.7,0.0,276.0,274.0,276.0,0.0,0.0,0.0,619.0,1442805.0,42633.0,133364.0,1.0,0.979,0.748,0.921,0.003,0.004,0.005,0.006,0.009,0.006,0.006,0.0,0.0,0.0,0.0,0.0,0.0,0.0,53270.0,54075.0,53527.0,53362.0,54361.0,51726.0,47067.0,0.662,159.0,3.934,0.8,3.512,2.0,-1.0,13.61,0.02,0.22,3.0,2.0,0.0,0.0,24.22,23.8,23.15,23.39,23.46,25.51,23.39,23.6,23.28,31.06
2016-07-28 03:51:00-05:00,-8.316304,-2.8579435,575688,25.0,0.0,0.378,25.54,1.725,277.2,274.8,272.6,0.0,0.0,0.0,2.849,0.0,60.18,0.0,1452493.0,21.8,0.0,0.0,0.0,0.0,0.0,0.0,0.0,0.0,0.0,0.0,25.21,23.61,-0.037,0.0,0.0,0.0,60.0,59.9,74.7,0.0,276.0,274.0,276.0,0.0,0.0,0.0,619.0,1442805.0,42633.0,133364.0,1.0,0.979,0.748,0.921,0.003,0.004,0.005,0.006,0.01,0.006,0.007,0.0,0.0,0.0,0.0,0.0,0.0,0.0,53270.0,54075.0,53527.0,53362.0,54361.0,51726.0,47067.0,0.713,157.3,3.881,0.8,3.512,2.0,-1.0,13.61,0.02,0.22,3.0,2.0,0.0,0.0,24.14,23.82,23.13,23.39,23.45,25.51,23.37,23.61,23.3,31.06
2016-07-28 03:52:00-05:00,-8.316304,-3.0820959,575689,25.01,0.0,0.376,25.36,1.772,277.1,274.9,272.7,0.0,0.0,0.0,3.032,0.0,60.15,0.0,1452493.0,21.79,0.0,0.0,0.0,0.0,0.0,0.0,0.0,0.0,0.0,0.0,25.17,23.58,-0.037,0.0,0.0,0.0,60.0,59.9,74.7,0.0,276.0,274.0,276.0,0.0,0.0,0.0,619.0,1442805.0,42633.0,133364.0,1.0,0.979,0.748,0.921,0.002,0.004,0.005,0.006,0.009,0.006,0.006,0.0,0.0,0.0,0.0,0.0,0.0,0.0,53270.0,54075.0,53527.0,53362.0,54361.0,51726.0,47067.0,0.598,151.5,7.447,0.7,3.512,2.0,-1.0,13.61,0.02,0.22,3.0,2.0,0.0,0.0,24.12,23.82,23.14,23.4,23.48,25.51,23.35,23.6,23.35,31.06
2016-07-28 03:53:00-05:00,-8.316304,-3.0820959,575690,25.01,0.0,0.373,25.24,1.834,277.2,274.9,272.6,0.0,0.0,0.0,3.201,0.0,60.21,0.0,1452493.0,21.8,0.0,0.0,0.0,0.0,0.0,0.0,0.0,0.0,0.0,0.0,25.04,23.54,-0.037,0.0,0.0,0.0,60.0,59.9,74.7,0.0,276.0,274.0,276.0,0.0,0.0,0.0,619.0,1442805.0,42633.0,133364.0,1.0,0.979,0.748,0.921,0.002,0.004,0.005,0.006,0.009,0.005,0.006,0.0,0.0,0.0,0.0,0.0,0.0,0.0,53270.0,54075.0,53527.0,53362.0,54361.0,51726.0,47067.0,0.632,143.8,7.577,0.8,3.512,2.0,-1.0,13.61,0.02,0.22,3.0,2.0,0.0,0.0,24.1,23.8,23.16,23.37,23.48,25.51,23.4,23.59,23.38,31.06
2016-07-28 03:54:00-05:00,-8.316304,-3.0820959,575691,25.01,0.0,0.37,25.2,1.991,277.1,275.0,272.7,0.0,0.0,0.0,3.347,0.0,60.22,0.0,1452493.0,21.79,0.0,0.0,0.0,0.0,0.0,0.0,0.0,0.0,0.0,0.0,24.99,23.52,-0.037,0.0,0.0,0.0,60.0,59.9,74.7,0.0,276.0,274.2,276.0,0.0,0.0,0.0,619.0,1442805.0,42633.0,133364.0,1.0,0.979,0.748,0.921,0.002,0.003,0.005,0.006,0.009,0.005,0.006,0.0,0.0,0.0,0.0,0.0,0.0,0.0,53270.0,54075.0,53527.0,53362.0,54361.0,51726.0,47067.0,0.498,142.8,5.59,0.6,3.512,2.0,-1.0,13.61,0.02,0.22,3.0,2.0,0.0,0.0,24.02,23.78,23.15,23.37,23.47,25.51,23.37,23.61,23.38,31.06
2016-07-28 03:55:00-05:00,-8.316304,-3.0820959,575692,25.01,0.0,0.373,25.14,1.996,277.6,274.9,272.6,0.0,0.0,0.0,3.372,0.0,60.23,0.0,1452493.0,21.8,0.0,0.0,0.0,0.0,0.0,0.0,0.0,0.0,0.0,0.0,24.88,23.49,-0.038,0.0,0.0,0.0,60.0,59.9,74.7,0.0,276.0,274.2,276.0,0.0,0.0,0.0,619.0,1442805.0,42633.0,133364.0,1.0,0.979,0.748,0.921,0.002,0.004,0.006,0.006,0.009,0.006,0.006,0.0,0.0,0.0,0.0,0.0,0.0,0.0,53270.0,54075.0,53527.0,53362.0,54361.0,51726.0,47067.0,0.377,134.3,19.04,0.5,3.512,2.0,-1.0,13.61,0.02,0.22,3.0,2.0,0.0,0.0,24.02,23.77,23.15,23.39,23.5,25.56,23.45,23.59,23.38,31.02
2016-07-28 03:56:00-05:00,-8.316304,-3.0820959,575693,25.01,0.0,0.368,25.08,2.031,277.4,274.9,272.6,0.0,0.0,0.0,3.36,0.0,60.22,0.0,1452493.0,21.79,0.0,0.0,0.0,0.0,0.0,0.0,0.0,0.0,0.0,0.0,24.8,23.45,-0.037,0.0,0.0,0.0,60.0,59.9,74.7,0.0,276.0,274.1,276.0,0.0,0.0,0.0,619.0,1442805.0,42633.0,133364.0,1.0,0.979,0.748,0.921,0.003,0.004,0.005,0.006,0.01,0.006,0.006,0.0,0.0,0.0,0.0,0.0,0.0,0.0,53270.0,54075.0,53527.0,53362.0,54361.0,51726.0,47067.0,0.26,104.9,30.64,0.3,3.512,2.0,-1.0,13.61,0.02,0.22,3.0,2.0,0.0,0.0,24.01,23.8,23.25,23.41,23.56,25.62,23.45,23.64,23.38,30.98
2016-07-28 03:57:00-05:00,-8.316304,-3.0820959,575694,25.01,0.0,0.364,25.05,1.932,277.2,274.8,272.6,0.0,0.0,0.0,3.293,0.0,60.15,0.0,1452493.0,21.8,0.0,0.0,0.0,0.0,0.0,0.0,0.0,0.0,0.0,0.0,24.77,23.44,-0.038,0.0,0.0,0.0,60.0,59.9,74.7,0.0,275.9,274.0,276.0,0.0,0.0,0.0,619.0,1442805.0,42633.0,133364.0,1.0,0.979,0.748,0.921,0.002,0.003,0.005,0.006,0.009,0.007,0.006,0.0,0.0,0.0,0.0,0.0,0.0,0.0,53270.0,54075.0,53527.0,53362.0,54361.0,51726.0,47067.0,0.342,128.4,16.7,0.4,3.512,2.0,-1.0,13.61,0.02,0.22,3.0,2.0,0.0,0.0,23.96,23.8,23.22,23.42,23.5,25.69,23.45,23.64,23.38,30.96
2016-07-28 03:58:00-05:00,-8.316304,-3.0820959,575695,25.01,0.0,0.363,25.0,1.761,277.2,274.8,272.6,0.0,0.0,0.0,3.177,0.0,60.14,0.0,1452493.0,21.79,0.0,0.0,0.0,0.0,0.0,0.0,0.0,0.0,0.0,0.0,24.76,23.41,-0.038,0.0,0.0,0.0,60.0,59.9,74.7,0.0,275.7,274.0,276.0,0.0,0.0,0.0,619.0,1442805.0,42633.0,133364.0,1.0,0.979,0.748,0.921,0.002,0.004,0.005,0.006,0.009,0.006,0.007,0.0,0.0,0.0,0.0,0.0,0.0,0.0,53270.0,54075.0,53527.0,53362.0,54361.0,51726.0,47067.0,0.36,127.2,9.79,0.5,3.512,2.0,-1.0,13.61,0.02,0.22,3.0,2.0,0.0,0.0,23.93,23.78,23.21,23.45,23.55,25.69,23.42,23.66,23.39,30.96
2016-07-28 03:59:00-05:00,-8.316304,-3.0820959,575696,25.01,0.0,0.361,24.99,1.755,277.1,274.7,272.5,0.0,0.0,0.0,3.122,0.0,60.16,0.0,1452493.0,21.79,0.0,0.0,0.0,0.0,0.0,0.0,0.0,0.0,0.0,0.0,24.69,23.4,-0.038,0.0,0.0,0.0,60.0,59.9,74.7,0.0,275.1,274.0,276.0,0.0,0.0,0.0,619.0,1442805.0,42633.0,133364.0,1.0,0.979,0.748,0.921,0.003,0.004,0.005,0.007,0.008,0.006,0.006,0.0,0.0,0.0,0.0,0.0,0.0,0.0,53270.0,54075.0,53527.0,53362.0,54361.0,51726.0,47067.0,0.357,142.7,5.973,0.5,3.512,2.0,-1.0,13.61,0.02,0.22,3.0,2.0,0.0,0.0,23.93,23.78,23.26,23.48,23.56,25.7,23.45,23.64,23.39,30.96
2016-07-28 04:00:00-05:00,-8.316304,-3.0820959,575697,25.01,0.0,0.358,24.98,1.755,276.9,274.8,272.5,0.0,0.0,0.0,3.085,0.0,60.18,0.0,1452493.0,21.79,0.0,0.0,0.0,0.0,0.0,0.0,0.0,0.0,0.0,0.0,24.68,23.37,-0.037,0.0,0.0,0.0,60.0,59.9,74.7,0.0,275.0,274.0,275.5,0.0,0.0,0.0,619.0,1442805.0,42633.0,133364.0,1.0,0.979,0.748,0.921,0.003,0.003,0.005,0.006,0.009,0.006,0.006,0.0,0.0,0.0,0.0,0.0,0.0,0.0,53270.0,54075.0,53527.0,53362.0,54361.0,51726.0,47067.0,0.375,161.7,10.02,0.5,3.512,2.0,-1.0,13.61,0.02,0.22,3.0,2.0,0.0,0.0,23.93,23.82,23.24,23.51,23.56,25.77,23.45,23.66,23.46,30.96
2016-07-28 04:01:00-05:00,-8.316304,-3.0820959,575698,25.01,0.0,0.358,24.96,1.755,276.8,274.6,272.3,0.0,0.0,0.0,3.159,0.0,60.14,0.0,1452493.0,21.79,0.0,0.0,0.0,0.0,0.0,0.0,0.0,0.0,0.0,0.0,24.63,23.38,-0.038,0.0,0.0,0.0,60.0,59.9,74.7,0.0,275.0,274.0,275.0,0.0,0.0,0.0,619.0,1442805.0,42633.0,133364.0,1.0,0.979,0.748,0.921,0.003,0.004,0.005,0.006,0.009,0.006,0.006,0.0,0.0,0.0,0.0,0.0,0.0,0.0,53270.0,54075.0,53527.0,53362.0,54361.0,51726.0,47067.0,0.233,197.3,11.88,0.3,3.51,2.0,-1.0,13.61,0.02,0.22,3.0,2.0,0.0,0.0,23.91,23.82,23.21,23.46,23.62,25.8,23.45,23.64,23.47,30.96
2016-07-28 04:02:00-05:00,-8.316304,-3.0820959,575699,25.01,0.0,0.366,24.95,1.755,276.7,274.6,272.3,0.0,0.0,0.0,3.216,0.0,60.14,0.0,1452493.0,21.8,0.0,0.0,0.0,0.0,0.0,0.0,0.0,0.0,0.0,0.0,24.61,23.34,-0.034,0.0,0.0,0.0,60.0,59.9,74.7,0.0,275.0,274.0,275.0,0.0,0.0,0.0,619.0,1442805.0,42633.0,133364.0,1.0,0.979,0.748,0.921,0.003,0.004,0.004,0.006,0.009,0.006,0.006,0.0,0.0,0.0,0.0,0.0,0.0,0.0,53270.0,54075.0,53527.0,53362.0,54361.0,51726.0,47067.0,0.362,201.0,4.463,0.4,3.512,2.0,-1.0,13.61,0.02,0.22,3.0,2.0,0.0,0.0,23.93,23.82,23.24,23.45,23.58,25.78,23.45,23.64,23.46,30.96
2016-07-28 04:03:00-05:00,-8.316304,-3.0820959,575700,25.01,0.0,0.364,25.01,1.755,276.7,274.6,272.2,0.0,0.0,0.0,3.251,0.0,60.14,0.0,1452493.0,21.8,0.0,0.0,0.0,0.0,0.0,0.0,0.0,0.0,0.0,0.0,24.6,23.34,-0.025,0.0,0.0,0.0,60.0,59.9,74.7,0.0,275.0,274.0,275.0,0.0,0.0,0.0,619.0,1442805.0,42633.0,133364.0,1.0,0.979,0.748,0.921,0.003,0.003,0.005,0.006,0.01,0.006,0.006,0.0,0.0,0.0,0.0,0.0,0.0,0.0,53270.0,54075.0,53527.0,53362.0,54361.0,51726.0,47067.0,0.337,200.8,9.34,0.5,3.512,2.0,-1.0,13.61,0.02,0.22,3.0,2.0,0.0,0.0,23.91,23.8,23.22,23.45,23.58,25.74,23.45,23.64,23.47,30.96
2016-07-28 04:04:00-05:00,-8.316304,-3.0820959,575701,25.01,0.0,0.36,24.99,1.835,276.4,274.5,272.2,0.0,0.0,0.0,3.315,0.0,60.14,0.0,1452493.0,21.79,0.0,0.0,0.0,0.0,0.0,0.0,0.0,0.0,0.0,0.0,24.56,23.34,-0.01,0.0,0.0,0.0,60.0,59.9,74.7,0.0,275.0,274.0,275.0,0.0,0.0,0.0,619.0,1442805.0,42633.0,133364.0,1.0,0.979,0.748,0.921,0.003,0.004,0.005,0.006,0.01,0.005,0.006,0.0,0.0,0.0,0.0,0.0,0.0,0.0,53270.0,54075.0,53527.0,53362.0,54361.0,51726.0,47067.0,0.223,225.4,21.39,0.3,3.509,2.0,-1.0,13.61,0.02,0.22,3.0,2.0,0.0,0.0,23.84,23.8,23.31,23.47,23.54,25.77,23.45,23.64,23.47,30.96
2016-07-28 04:05:00-05:00,-8.316304,-3.0820959,575702,25.01,0.0,0.356,25.01,2.017,276.6,274.4,272.1,0.0,0.0,0.0,3.374,0.0,60.14,0.0,1452493.0,21.79,0.0,0.0,0.0,0.0,0.0,0.0,0.0,0.0,0.0,0.0,24.55,23.35,-0.006,0.0,0.0,0.0,60.0,59.9,74.7,0.0,275.0,274.0,275.0,0.0,0.0,0.0,619.0,1442805.0,42633.0,133364.0,1.0,0.979,0.748,0.921,0.002,0.003,0.004,0.006,0.01,0.005,0.006,0.0,0.0,0.0,0.0,0.0,0.0,0.0,53270.0,54075.0,53527.0,53362.0,54361.0,51726.0,47067.0,0.222,197.4,22.75,0.3,3.51,2.0,-1.0,13.61,0.02,0.22,3.0,2.0,0.0,0.0,23.83,23.82,23.33,23.48,23.54,25.8,23.46,23.64,23.47,30.96
2016-07-28 04:06:00-05:00,-8.316304,-3.0820959,575703,25.01,0.0,0.352,25.04,2.04,276.4,274.2,272.0,0.0,0.0,0.0,3.397,0.0,60.13,0.0,1452493.0,21.79,0.0,0.0,0.0,0.0,0.0,0.0,0.0,0.0,0.0,0.0,24.54,23.31,-0.004,0.0,0.0,0.0,60.0,59.9,74.7,0.0,275.0,274.0,275.0,0.0,0.0,0.0,619.0,1442805.0,42633.0,133364.0,1.0,0.979,0.748,0.921,0.001,0.003,0.005,0.006,0.009,0.005,0.006,0.0,0.0,0.0,0.0,0.0,0.0,0.0,53270.0,54075.0,53527.0,53362.0,54361.0,51726.0,47067.0,0.2,179.2,34.87,0.3,3.512,2.0,-1.0,13.61,0.02,0.22,3.0,2.0,0.0,0.0,23.83,23.8,23.3,23.45,23.58,25.79,23.45,23.66,23.46,30.9
2016-07-28 04:07:00-05:00,-8.316304,-3.0820959,575704,25.01,0.0,0.362,25.13,2.029,276.3,274.0,271.8,0.0,0.0,0.0,3.43,0.0,60.19,0.0,1452493.0,21.8,0.0,0.0,0.0,0.0,0.0,0.0,0.0,0.0,0.0,0.0,24.59,23.36,-0.013,0.0,0.0,0.0,60.0,59.9,74.7,0.0,275.0,273.9,275.0,0.0,0.0,0.0,619.0,1442805.0,42633.0,133364.0,1.0,0.979,0.748,0.921,0.002,0.004,0.005,0.005,0.01,0.006,0.006,0.0,0.0,0.0,0.0,0.0,0.0,0.0,53270.0,54075.0,53527.0,53362.0,54361.0,51726.0,47067.0,0.137,263.3,30.8,0.3,3.51,2.0,-1.0,13.61,0.02,0.22,3.0,2.0,0.0,0.0,23.93,23.77,23.21,23.46,23.56,25.8,23.45,23.66,23.39,30.86
2016-07-28 04:08:00-05:00,-8.316304,-3.0820959,575705,25.01,0.0,0.368,25.16,2.025,276.1,273.9,271.8,0.0,0.0,0.0,3.423,0.0,60.22,0.0,1452493.0,21.8,0.0,0.0,0.0,0.0,0.0,0.0,0.0,0.0,0.0,0.0,24.6,23.35,-0.022,0.0,0.0,0.0,60.0,59.9,74.7,0.0,275.0,273.0,275.0,0.0,0.0,0.0,619.0,1442805.0,42633.0,133364.0,1.0,0.979,0.748,0.921,0.002,0.003,0.005,0.006,0.009,0.005,0.005,0.0,0.0,0.0,0.0,0.0,0.0,0.0,53270.0,54075.0,53527.0,53362.0,54361.0,51726.0,47067.0,0.115,93.1,71.2,0.3,3.51,2.0,-1.0,13.61,0.02,0.22,3.0,2.0,0.0,0.0,23.91,23.81,23.22,23.48,23.62,25.8,23.47,23.64,23.39,30.86
2016-07-28 04:09:00-05:00,-8.316304,-3.0820959,575706,25.01,0.0,0.371,25.21,2.161,276.1,273.7,271.7,0.0,0.0,0.0,3.43,0.0,60.22,0.0,1452493.0,21.8,0.0,0.0,0.0,0.0,0.0,0.0,0.0,0.0,0.0,0.0,24.65,23.32,-0.034,0.0,0.0,0.0,60.0,59.9,74.7,0.0,275.0,273.0,275.0,0.0,0.0,0.0,619.0,1442805.0,42633.0,133364.0,1.0,0.979,0.748,0.921,0.002,0.003,0.005,0.006,0.009,0.007,0.006,0.0,0.0,0.0,0.0,0.0,0.0,0.0,53270.0,54075.0,53527.0,53362.0,54361.0,51726.0,47067.0,0.133,47.57,69.08,0.4,3.512,2.0,-1.0,13.61,0.02,0.22,3.0,2.0,0.0,0.0,23.91,23.84,23.24,23.47,23.56,25.8,23.45,23.74,23.39,30.86
2016-07-28 04:10:00-05:00,-8.316304,-3.0820959,575707,25.01,0.0,0.369,25.23,2.295,276.0,273.5,271.4,0.0,0.0,0.0,3.547,0.0,60.21,0.0,1452493.0,21.79,0.0,0.0,0.0,0.0,0.0,0.0,0.0,0.0,0.0,0.0,24.72,23.35,-0.037,0.0,0.0,0.0,60.0,59.9,74.7,0.0,274.4,273.0,274.4,0.0,0.0,0.0,619.0,1442805.0,42633.0,133364.0,1.0,0.979,0.748,0.921,0.002,0.003,0.005,0.005,0.01,0.006,0.006,0.0,0.0,0.0,0.0,0.0,0.0,0.0,53270.0,54075.0,53527.0,53362.0,54361.0,51726.0,47067.0,0.323,298.9,45.6,0.5,3.512,2.0,-1.0,13.61,0.02,0.22,3.0,2.0,0.0,0.0,23.93,23.77,23.23,23.48,23.58,25.8,23.45,23.74,23.38,30.86
2016-07-28 04:11:00-05:00,-7.959892,-3.0820959,575708,25.01,0.0,0.361,25.27,2.411,275.5,273.4,271.4,0.0,0.0,0.0,3.826,0.0,60.15,0.0,1452493.0,21.79,0.0,0.0,0.0,0.0,0.0,0.0,0.0,0.0,0.0,0.0,24.75,23.36,-0.034,0.0,0.0,0.0,60.0,59.9,74.7,0.0,274.0,273.0,274.0,0.0,0.0,0.0,619.0,1442805.0,42633.0,133364.0,1.0,0.979,0.748,0.921,0.003,0.003,0.004,0.006,0.009,0.006,0.007,0.0,0.0,0.0,0.0,0.0,0.0,0.0,53270.0,54075.0,53527.0,53362.0,54361.0,51726.0,47067.0,0.407,276.3,18.23,0.7,3.512,2.0,-1.0,13.61,0.02,0.22,3.0,2.0,0.0,0.0,23.93,23.77,23.19,23.46,23.58,25.8,23.45,23.74,23.41,30.86
2016-07-28 04:12:00-05:00,-7.959892,-3.0820959,575709,25.01,0.0,0.357,25.43,2.627,275.6,273.5,271.4,0.0,0.0,0.0,4.029,0.0,60.22,0.0,1452493.0,21.81,0.0,0.0,0.0,0.0,0.0,0.0,0.0,0.0,0.0,0.0,24.93,23.43,-0.036,0.0,0.0,0.0,60.0,59.9,74.7,0.0,274.0,273.0,274.0,0.0,0.0,0.0,619.0,1442805.0,42633.0,133364.0,1.0,0.979,0.748,0.921,0.002,0.004,0.004,0.006,0.009,0.005,0.006,0.0,0.0,0.0,0.0,0.0,0.0,0.0,53270.0,54075.0,53527.0,53362.0,54361.0,51726.0,47067.0,0.605,291.1,21.18,0.9,3.512,2.0,-1.0,13.61,0.02,0.22,3.0,2.0,0.0,0.0,24.02,23.86,23.24,23.49,23.63,25.8,23.47,23.76,23.47,30.86
2016-07-28 04:13:00-05:00,-7.959892,-3.0820959,575710,25.02,0.0,0.356,25.67,2.76,276.3,273.3,271.1,0.0,0.0,0.0,4.009,0.0,60.13,0.0,1452493.0,21.79,0.0,0.0,0.0,0.0,0.0,0.0,0.0,0.0,0.0,0.0,25.2,23.6,-0.037,0.0,0.0,0.0,60.0,59.9,74.7,0.0,274.3,273.0,274.0,0.0,0.0,0.0,619.0,1442805.0,42633.0,133364.0,1.0,0.979,0.748,0.921,0.002,0.003,0.005,0.006,0.009,0.006,0.006,0.0,0.0,0.0,0.0,0.0,0.0,0.0,53270.0,54075.0,53527.0,53362.0,54361.0,51726.0,47067.0,0.688,294.2,19.43,1.0,3.512,2.0,-1.0,13.61,0.019,0.22,3.0,2.0,0.0,0.0,24.2,23.92,23.19,23.47,23.58,25.82,23.49,23.78,23.51,30.86
2016-07-28 04:14:00-05:00,-7.959892,-3.0820959,575711,25.04,0.0,0.36,25.79,3.018,275.9,273.6,271.4,0.0,0.0,0.0,4.257,0.0,60.16,0.0,1452493.0,21.79,0.0,0.0,0.0,0.0,0.0,0.0,0.0,0.0,0.0,0.0,25.33,23.69,-0.036,0.0,0.0,0.0,60.0,59.9,74.7,0.0,274.8,273.0,274.0,0.0,0.0,0.0,619.0,1442805.0,42633.0,133364.0,1.0,0.979,0.748,0.921,0.002,0.003,0.004,0.005,0.009,0.006,0.006,0.0,0.0,0.0,0.0,0.0,0.0,0.0,53270.0,54075.0,53527.0,53362.0,54361.0,51726.0,47067.0,0.76,304.3,12.12,1.1,3.512,2.0,-1.0,13.61,0.019,0.22,3.0,2.0,0.0,0.0,24.35,24.01,23.32,23.55,23.66,25.9,23.45,23.84,23.57,30.86
2016-07-28 04:15:00-05:00,-7.841087,-3.0820959,575712,25.04,0.0,0.355,25.83,3.322,276.1,273.5,271.4,0.0,0.0,0.0,4.588,0.0,60.22,0.0,1452493.0,21.8,0.0,0.0,0.0,0.0,0.0,0.0,0.0,0.0,0.0,0.0,25.38,23.77,-0.038,0.0,0.0,0.0,60.0,59.9,74.7,0.0,274.9,273.0,274.2,0.0,0.0,0.0,619.0,1442805.0,42633.0,133364.0,1.0,0.979,0.748,0.921,0.003,0.003,0.005,0.007,0.009,0.004,0.006,0.0,0.0,0.0,0.0,0.0,0.0,0.0,53270.0,54075.0,53527.0,53362.0,54361.0,51726.0,47067.0,0.657,307.0,14.51,1.0,3.512,2.0,-1.0,13.61,0.02,0.22,3.0,2.0,0.0,0.0,24.4,23.98,23.32,23.6,23.66,25.9,23.46,23.92,23.6,30.86
2016-07-28 04:16:00-05:00,-7.484674,-2.8579435,575713,25.04,0.0,0.351,25.79,3.733,276.1,273.5,271.4,0.0,0.0,0.0,4.815,0.0,60.19,0.0,1452493.0,21.8,0.0,0.0,0.0,0.0,0.0,0.0,0.0,0.0,0.0,0.0,25.39,23.8,-0.037,0.0,0.0,0.0,60.0,59.9,74.7,0.0,274.9,273.0,274.1,0.0,0.0,0.0,619.0,1442805.0,42633.0,133364.0,1.0,0.979,0.748,0.921,0.002,0.003,0.004,0.006,0.009,0.006,0.007,0.0,0.0,0.0,0.0,0.0,0.0,0.0,53270.0,54075.0,53527.0,53362.0,54361.0,51726.0,47067.0,0.732,304.0,7.375,1.0,3.51,2.0,-1.0,13.61,0.019,0.22,3.0,2.0,0.0,0.0,24.41,24.12,23.33,23.6,23.73,25.98,23.54,23.94,23.67,30.86
2016-07-28 04:17:00-05:00,-7.484674,-2.6337912,575714,25.04,0.0,0.351,25.81,4.078,276.3,273.8,271.6,0.0,0.0,0.0,5.21,0.0,60.14,0.0,1452493.0,21.8,0.0,0.0,0.0,0.0,0.0,0.0,0.0,0.0,0.0,0.0,25.42,23.94,-0.038,0.0,0.0,0.0,60.0,59.9,74.7,0.0,274.9,273.5,274.6,0.0,0.0,0.0,619.0,1442805.0,42633.0,133364.0,1.0,0.979,0.748,0.921,0.002,0.004,0.004,0.007,0.009,0.006,0.006,0.0,0.0,0.0,0.0,0.0,0.0,0.0,53270.0,54075.0,53527.0,53362.0,54361.0,51726.0,47067.0,0.492,327.1,16.88,1.0,3.51,2.0,-1.0,13.61,0.02,0.22,3.0,2.0,0.0,0.0,24.5,24.18,23.39,23.66,23.76,26.05,23.58,24.0,23.67,30.86
2016-07-28 04:18:00-05:00,-7.484674,-2.6337912,575715,25.04,0.0,0.356,25.92,4.585,276.3,274.2,272.0,0.0,0.0,0.0,5.651,0.0,60.14,0.0,1452493.0,21.79,0.0,0.0,0.0,0.0,0.0,0.0,0.0,0.0,0.0,0.0,25.54,24.06,-0.037,0.0,0.0,0.0,60.0,59.9,74.7,0.0,275.0,274.0,275.0,0.0,0.0,0.0,619.0,1442805.0,42633.0,133364.0,1.0,0.979,0.748,0.921,0.003,0.003,0.004,0.006,0.009,0.005,0.006,0.0,0.0,0.0,0.0,0.0,0.0,0.0,53270.0,54075.0,53527.0,53362.0,54361.0,51726.0,47067.0,0.622,322.8,15.63,1.0,3.512,2.0,-1.0,13.61,0.019,0.22,3.0,2.0,0.0,0.0,24.63,24.23,23.45,23.68,23.74,26.09,23.64,24.03,23.72,30.85
2016-07-28 04:19:00-05:00,-7.484674,-2.6337912,575716,25.04,0.0,0.351,25.85,5.177,276.4,274.1,271.9,0.0,0.0,0.0,6.225,0.0,60.14,0.0,1452493.0,21.79,0.0,0.0,0.0,0.0,0.0,0.0,0.0,0.0,0.0,0.0,25.5,24.1,-0.038,0.0,0.0,0.0,60.0,59.9,74.7,0.0,275.0,274.0,275.0,0.0,0.0,0.0,619.0,1442805.0,42633.0,133364.0,1.0,0.979,0.748,0.921,0.003,0.003,0.005,0.006,0.009,0.006,0.006,0.0,0.0,0.0,0.0,0.0,0.0,0.0,53270.0,54075.0,53527.0,53362.0,54361.0,51726.0,47067.0,0.712,316.8,14.96,1.1,3.512,2.0,-1.0,13.61,0.019,0.22,3.0,2.0,0.0,0.0,24.67,24.24,23.5,23.76,23.76,26.09,23.66,24.03,23.77,30.86
2016-07-28 04:20:00-05:00,-7.484674,-2.6337912,575717,25.04,0.0,0.351,25.88,5.82,276.2,274.0,271.7,0.0,0.0,0.0,6.786,0.0,60.16,0.0,1452493.0,21.79,0.0,0.0,0.0,0.0,0.0,0.0,0.0,0.0,0.0,0.0,25.5,24.11,-0.037,0.0,0.0,0.0,60.0,59.9,74.7,0.0,275.0,273.6,275.0,0.0,0.0,0.0,619.0,1442805.0,42633.0,133364.0,1.0,0.979,0.748,0.921,0.002,0.003,0.005,0.006,0.009,0.005,0.005,0.0,0.0,0.0,0.0,0.0,0.0,0.0,53270.0,54075.0,53527.0,53362.0,54361.0,51726.0,47067.0,0.43,8.17,45.72,0.6,3.512,2.0,-1.0,13.61,0.019,0.22,3.0,2.0,0.0,0.0,24.69,24.25,23.5,23.76,23.81,26.09,23.64,24.03,23.77,30.83
2016-07-28 04:21:00-05:00,-7.484674,-2.6337912,575718,25.06,0.0,0.353,25.91,6.581,276.2,273.8,271.7,0.0,0.0,0.0,7.564,0.0,60.17,0.0,1452493.0,21.79,0.0,0.0,0.0,0.0,0.0,0.0,0.0,0.0,0.0,0.0,25.56,24.16,-0.037,0.0,0.0,0.0,60.0,59.9,74.7,0.0,275.0,273.2,275.0,0.0,0.0,0.0,619.0,1442805.0,42633.0,133364.0,1.0,0.979,0.748,0.921,0.002,0.003,0.004,0.007,0.01,0.005,0.005,0.0,0.0,0.0,0.0,0.0,0.0,0.0,53270.0,54075.0,53527.0,53362.0,54361.0,51726.0,47067.0,0.405,4.646,57.6,0.9,3.512,2.0,-1.0,13.61,0.019,0.22,3.0,2.0,0.0,0.0,24.71,24.29,23.46,23.76,23.86,26.09,23.69,24.08,23.85,30.82
2016-07-28 04:22:00-05:00,-7.484674,-2.6337912,575719,25.07,0.0,0.358,25.93,7.371,275.9,273.8,271.7,0.0,0.0,0.0,8.1,0.0,60.15,0.0,1452493.0,21.8,0.0,0.0,0.0,0.0,0.0,0.0,0.0,0.0,0.0,0.0,25.57,24.21,-0.038,0.0,0.0,0.0,60.0,59.9,74.7,0.0,274.8,273.0,275.0,0.0,0.0,0.0,619.0,1442805.0,42633.0,133364.0,1.0,0.979,0.748,0.921,0.002,0.003,0.004,0.006,0.009,0.005,0.006,0.0,0.0,0.0,0.0,0.0,0.0,0.0,53270.0,54075.0,53527.0,53362.0,54361.0,51726.0,47067.0,0.315,323.2,53.85,0.6,3.512,2.0,-1.0,13.61,0.019,0.22,3.0,2.0,0.0,0.0,24.77,24.25,23.49,23.76,23.89,26.09,23.66,24.05,23.86,30.77
2016-07-28 04:23:00-05:00,-7.603478,-2.6337912,575720,25.07,0.0,0.358,25.99,8.32,276.1,273.9,271.7,0.0,0.0,0.0,9.03,0.0,60.16,0.0,1452493.0,21.8,0.0,0.0,0.0,0.0,0.0,0.0,0.0,0.0,0.0,0.0,25.58,24.26,-0.038,0.0,0.0,0.0,60.0,59.9,74.7,0.0,275.0,273.0,275.0,0.0,0.0,0.0,619.0,1442805.0,42633.0,133364.0,1.0,0.979,0.748,0.921,0.002,0.003,0.005,0.006,0.009,0.006,0.006,0.0,0.0,0.0,0.0,0.0,0.0,0.0,53270.0,54075.0,53527.0,53362.0,54361.0,51726.0,47067.0,0.672,315.6,15.07,1.0,3.512,2.0,-1.0,13.61,0.019,0.22,3.0,2.0,0.0,0.0,24.89,24.27,23.48,23.76,23.85,26.09,23.72,24.13,23.86,30.77
2016-07-28 04:24:00-05:00,-7.841087,-2.6337912,575721,25.07,0.0,0.351,25.92,9.41,276.1,274.0,271.8,0.0,0.0,0.0,10.01,0.0,60.23,0.0,1452493.0,21.8,0.0,0.0,0.0,0.0,0.0,0.0,0.0,0.0,0.0,0.0,25.53,24.23,-0.038,0.0,0.0,0.0,60.0,59.9,74.7,0.0,275.0,273.6,275.0,0.0,0.0,0.0,619.0,1442805.0,42633.0,133364.0,1.0,0.979,0.748,0.921,0.002,0.003,0.005,0.006,0.008,0.006,0.006,0.0,0.0,0.0,0.0,0.0,0.0,0.0,53270.0,54075.0,53527.0,53362.0,54361.0,51726.0,47067.0,0.562,342.3,26.71,0.9,3.512,2.0,-1.0,13.61,0.02,0.22,3.0,2.0,0.0,0.0,24.8,24.3,23.58,23.74,23.84,26.12,23.74,24.11,23.96,30.77
2016-07-28 04:25:00-05:00,-7.959892,-2.6337912,575722,25.1,0.0,0.347,25.86,10.69,276.1,274.0,271.8,0.0,0.0,0.0,11.21,0.0,60.22,0.0,1452493.0,21.8,0.0,0.0,0.0,0.0,0.0,0.0,0.0,0.0,0.0,0.0,25.51,24.27,-0.038,0.0,0.0,0.0,60.0,59.9,74.7,0.0,275.0,273.5,275.0,0.0,0.0,0.0,619.0,1442805.0,42633.0,133364.0,1.0,0.979,0.748,0.921,0.002,0.003,0.004,0.007,0.009,0.006,0.006,0.0,0.0,0.0,0.0,0.0,0.0,0.0,53270.0,54075.0,53527.0,53362.0,54361.0,51726.0,47067.0,0.908,7.837,20.4,1.5,3.512,2.0,-1.0,13.61,0.02,0.22,3.0,2.0,0.0,0.0,24.8,24.33,23.6,23.86,23.85,26.18,23.74,24.13,23.96,30.77
2016-07-28 04:26:00-05:00,-7.603478,-2.6337912,575723,25.1,0.0,0.349,25.87,12.24,276.0,273.9,271.7,0.0,0.0,0.0,12.63,0.0,60.17,0.0,1452493.0,21.79,0.0,0.0,0.0,0.0,0.0,0.0,0.0,0.0,0.0,0.0,25.49,24.27,-0.038,0.0,0.0,0.0,60.0,59.9,74.7,0.0,275.0,273.2,275.0,0.0,0.0,0.0,619.0,1442805.0,42633.0,133364.0,1.0,0.979,0.748,0.921,0.002,0.003,0.004,0.006,0.01,0.005,0.006,0.0,0.0,0.0,0.0,0.0,0.0,0.0,53270.0,54075.0,53527.0,53362.0,54361.0,51726.0,47067.0,0.733,11.16,18.12,1.1,3.512,2.0,-1.0,13.61,0.019,0.22,3.0,2.0,0.0,0.0,24.8,24.33,23.63,23.84,23.92,26.19,23.86,24.27,24.05,30.77
2016-07-28 04:27:00-05:00,-7.484674,-2.6337912,575724,25.1,0.0,0.355,25.88,14.12,276.1,273.9,271.6,0.0,0.0,0.0,14.5,0.0,60.2,0.0,1452493.0,21.79,0.0,0.0,0.0,0.0,0.0,0.0,0.0,0.0,0.0,0.0,25.49,24.24,-0.038,0.0,0.0,0.0,60.0,59.9,74.7,0.0,275.0,273.2,275.0,0.0,0.0,0.0,619.0,1442805.0,42633.0,133364.0,1.0,0.979,0.748,0.921,0.002,0.004,0.004,0.006,0.009,0.004,0.006,0.0,0.0,0.0,0.0,0.0,0.0,0.0,53270.0,54075.0,53527.0,53362.0,54361.0,51726.0,47067.0,0.642,338.0,18.82,1.1,3.512,2.0,-1.0,13.61,0.019,0.22,3.0,2.0,0.0,0.0,24.79,24.38,23.7,23.92,23.99,26.29,23.91,24.23,24.06,30.77
2016-07-28 04:28:00-05:00,-7.484674,-2.6337912,575725,25.1,0.0,0.355,25.85,16.35,276.1,274.0,271.8,0.0,0.0,0.0,16.64,0.0,60.21,0.0,1452493.0,21.79,0.0,0.0,0.0,0.0,0.0,0.0,0.0,0.0,0.0,0.0,25.48,24.23,-0.038,0.0,0.0,0.0,60.0,59.9,74.7,0.0,275.0,273.5,275.0,0.0,0.0,0.0,619.0,1442805.0,42633.0,133364.0,1.0,0.979,0.748,0.921,0.002,0.003,0.003,0.006,0.01,0.005,0.007,0.0,0.0,0.0,0.0,0.0,0.0,0.0,53270.0,54075.0,53527.0,53362.0,54361.0,51726.0,47067.0,0.462,324.8,28.17,1.0,3.51,2.0,-1.0,13.61,0.019,0.22,3.0,2.0,0.0,0.0,24.8,24.44,23.64,23.94,24.03,26.29,23.94,24.25,24.14,30.77
2016-07-28 04:29:00-05:00,-7.484674,-2.6337912,575726,25.12,0.0,0.354,25.86,18.97,276.1,273.7,271.5,0.0,0.0,0.0,19.16,0.0,60.16,0.0,1452493.0,21.8,0.0,0.0,0.0,0.0,0.0,0.0,0.0,0.0,0.0,0.0,25.52,24.29,-0.036,0.0,0.0,0.0,60.0,59.9,74.7,0.0,274.8,273.0,274.9,0.0,0.0,0.0,619.0,1442805.0,42633.0,133364.0,1.0,0.979,0.748,0.921,0.003,0.003,0.005,0.006,0.01,0.005,0.005,0.0,0.0,0.0,0.0,0.0,0.0,0.0,53270.0,54075.0,53527.0,53362.0,54361.0,51726.0,47067.0,0.987,346.4,14.85,1.5,3.512,2.0,-1.0,13.61,0.019,0.22,3.0,2.0,0.0,0.0,24.8,24.38,23.68,23.94,24.05,26.29,23.97,24.33,24.14,30.77
2016-07-28 04:30:00-05:00,-7.484674,-2.6337912,575727,25.13,0.0,0.351,25.78,21.98,275.9,273.8,271.5,0.0,0.0,0.0,22.17,0.0,60.14,0.0,1452493.0,21.79,0.0,0.0,0.0,0.0,0.0,0.0,0.0,0.0,0.0,0.0,25.49,24.31,-0.037,0.0,0.0,0.0,60.0,59.9,74.7,0.0,274.7,273.0,274.9,0.0,0.0,0.0,619.0,1442805.0,42633.0,133364.0,1.0,0.979,0.748,0.921,0.003,0.004,0.004,0.006,0.009,0.006,0.006,0.0,0.0,0.0,0.0,0.0,0.0,0.0,53270.0,54075.0,53527.0,53362.0,54361.0,51726.0,47067.0,0.895,332.1,11.69,1.3,3.512,2.0,-1.0,13.61,0.019,0.22,3.0,2.0,0.0,0.0,24.82,24.41,23.71,24.05,24.03,26.29,24.03,24.33,24.16,30.77
2016-07-28 04:31:00-05:00,-7.484674,-2.6337912,575728,25.13,0.0,0.347,25.8,25.42,275.7,273.7,271.5,0.0,0.0,0.0,25.58,0.0,60.15,0.0,1452493.0,21.79,0.0,0.0,0.0,0.0,0.0,0.0,0.0,0.0,0.0,0.0,25.48,24.33,-0.037,0.0,0.0,0.0,60.0,59.9,74.7,0.0,274.3,273.0,274.5,0.0,0.0,0.0,619.0,1442805.0,42633.0,133364.0,1.0,0.979,0.748,0.921,0.002,0.003,0.005,0.006,0.009,0.005,0.006,0.0,0.0,0.0,0.0,0.0,0.0,0.0,53270.0,54075.0,53527.0,53362.0,54361.0,51726.0,47067.0,0.937,310.4,11.47,1.4,3.512,2.0,-1.0,13.61,0.019,0.22,3.0,2.0,0.0,0.0,24.9,24.43,23.76,24.05,24.03,26.34,24.0,24.34,24.16,30.77
2016-07-28 04:32:00-05:00,-7.484674,-2.6337912,575729,25.14,0.0,0.345,25.81,29.49,275.7,273.6,271.4,0.0,0.0,0.0,29.64,0.0,60.14,0.0,1452493.0,21.79,0.0,0.0,0.0,0.0,0.0,0.0,0.0,0.0,0.0,0.0,25.5,24.4,-0.037,0.0,0.0,0.0,60.0,59.9,74.7,0.0,274.0,273.0,274.0,0.0,0.0,0.0,619.0,1442805.0,42633.0,133364.0,1.0,0.979,0.748,0.921,0.003,0.003,0.004,0.006,0.009,0.006,0.006,0.0,0.0,0.0,0.0,0.0,0.0,0.0,53270.0,54075.0,53527.0,53362.0,54361.0,51726.0,47067.0,1.002,311.7,16.24,2.1,3.51,2.0,-1.0,13.61,0.019,0.22,3.0,2.0,0.0,0.0,24.93,24.4,23.76,24.03,24.07,26.39,24.03,24.41,24.18,30.77
2016-07-28 04:33:00-05:00,-7.484674,-2.7458675,575730,25.16,0.0,0.343,25.79,34.38,275.6,273.5,271.3,0.0,0.0,0.0,34.42,0.0,60.14,0.0,1452493.0,21.79,0.0,0.0,0.0,0.0,0.0,0.0,0.0,0.0,0.0,0.0,25.44,24.39,-0.038,0.0,0.0,0.0,60.0,59.9,74.7,0.0,274.0,273.0,274.0,0.0,0.0,0.0,619.0,1442805.0,42633.0,133364.0,1.0,0.979,0.748,0.921,0.002,0.004,0.004,0.006,0.01,0.006,0.006,0.0,0.0,0.0,0.0,0.0,0.0,0.0,53270.0,54075.0,53527.0,53362.0,54361.0,51726.0,47067.0,1.218,312.7,8.08,1.6,3.51,2.0,-1.0,13.61,0.019,0.22,3.0,2.0,0.0,0.0,24.99,24.48,23.76,24.03,24.11,26.47,24.03,24.42,24.22,30.77
2016-07-28 04:34:00-05:00,-7.484674,-2.9700198,575731,25.16,0.0,0.341,25.79,40.25,275.8,273.4,271.2,0.0,0.0,0.0,40.02,0.0,60.15,0.0,1452493.0,21.79,0.0,0.0,0.0,0.0,0.0,0.0,0.0,0.0,0.0,0.0,25.44,24.41,-0.029,0.0,0.0,0.0,60.0,59.9,74.7,0.0,274.0,273.0,274.0,0.0,0.0,0.0,619.0,1442805.0,42633.0,133364.0,1.0,0.979,0.748,0.921,0.002,0.002,0.005,0.006,0.01,0.005,0.005,0.0,0.0,0.0,0.0,0.0,0.0,0.0,53270.0,54075.0,53527.0,53362.0,54361.0,51726.0,47067.0,1.153,325.3,12.19,1.5,3.51,2.0,-1.0,13.61,0.019,0.22,3.0,2.0,0.0,0.0,25.0,24.48,23.74,24.07,24.13,26.49,24.1,24.42,24.26,30.77
2016-07-28 04:35:00-05:00,-7.484674,-3.0820959,575732,25.16,0.0,0.339,25.77,47.29,275.4,273.5,271.3,0.0,0.0,0.0,47.05,0.0,60.14,0.0,1452493.0,21.79,0.0,0.0,0.0,0.0,0.0,0.0,0.0,0.0,0.0,0.0,25.44,24.4,-0.028,0.0,0.0,0.0,60.0,59.9,74.7,0.0,274.0,273.0,274.0,0.0,0.0,0.0,619.0,1442805.0,42633.0,133364.0,1.0,0.979,0.748,0.921,0.002,0.003,0.005,0.006,0.01,0.006,0.006,0.0,0.0,0.0,0.0,0.0,0.0,0.0,53270.0,54075.0,53527.0,53362.0,54361.0,51726.0,47067.0,0.797,345.5,24.65,1.4,3.51,2.0,-1.0,13.61,0.019,0.22,3.0,2.0,0.0,0.0,24.9,24.51,23.86,24.08,24.15,26.49,24.13,24.49,24.27,30.77
2016-07-28 04:36:00-05:00,-7.484674,-3.0820959,575733,25.16,0.0,0.338,25.73,55.58,275.5,273.4,271.2,0.0,0.0,0.0,55.38,0.0,60.15,0.0,1452493.0,21.79,0.0,0.0,0.0,0.0,0.0,0.0,0.0,0.0,0.0,0.0,25.41,24.35,-0.023,0.0,0.0,0.0,60.0,59.9,74.7,0.0,274.0,273.0,274.0,0.0,0.0,0.0,619.0,1442805.0,42633.0,133364.0,1.0,0.979,0.748,0.921,0.002,0.004,0.004,0.005,0.009,0.006,0.006,0.0,0.0,0.0,0.0,0.001,0.0,0.0,53270.0,54075.0,53527.0,53362.0,54361.0,51726.0,47067.0,0.832,335.1,15.52,1.3,3.51,2.0,-1.0,13.61,0.019,0.22,3.0,2.0,0.0,0.0,24.9,24.51,23.84,24.13,24.13,26.54,24.15,24.5,24.34,30.77
2016-07-28 04:37:00-05:00,-7.7222824,-3.0820959,575734,25.18,0.0,0.335,25.63,65.04,275.8,273.1,271.0,0.0,0.0,0.0,64.87,0.0,60.14,0.0,1452493.0,21.79,0.0,0.0,0.0,0.0,0.0,0.0,0.0,0.0,0.0,0.0,25.34,24.35,-0.006,0.0,0.0,0.0,60.0,59.9,74.7,0.0,274.0,273.0,274.0,0.0,0.0,0.0,619.0,1442805.0,42633.0,133364.0,1.0,0.979,0.748,0.921,0.002,0.003,0.005,0.006,0.009,0.005,0.006,0.0,0.0,0.0,0.0,0.001,0.0,0.0,53270.0,54075.0,53527.0,53362.0,54361.0,51726.0,47067.0,0.75,335.2,16.69,1.3,3.513,2.0,-1.0,13.61,0.019,0.22,3.0,2.0,0.0,0.0,24.9,24.51,23.84,24.13,24.17,26.49,24.13,24.46,24.32,30.72
2016-07-28 04:38:00-05:00,-7.959892,-3.0820959,575735,25.19,0.0,0.331,25.61,75.72,275.4,273.4,271.2,0.0,0.0,0.0,75.49,0.0,60.14,0.0,1452493.0,21.8,0.0,0.0,0.0,0.0,0.0,0.0,0.0,0.0,0.0,0.0,25.31,24.34,0.014,0.0,0.0,0.0,60.0,59.9,74.7,0.0,274.0,273.0,274.0,0.0,0.0,0.0,619.0,1442805.0,42633.0,133364.0,1.0,0.979,0.748,0.921,0.002,0.003,0.005,0.006,0.009,0.005,0.005,0.0,0.0,0.0,0.0,0.001,0.0,0.0,53270.0,54075.0,53527.0,53362.0,54361.0,51726.0,47067.0,0.582,340.3,19.36,0.9,3.512,2.0,-1.0,13.61,0.019,0.22,3.0,2.0,0.0,0.0,24.88,24.53,23.84,24.12,24.15,26.49,24.13,24.44,24.32,30.67
2016-07-28 04:39:00-05:00,-7.959892,-3.0820959,575736,25.19,0.0,0.331,25.62,87.5,275.4,273.3,271.1,0.0,0.0,0.0,87.2,0.0,60.14,0.0,1452493.0,21.79,0.0,0.0,0.0,0.0,0.0,0.0,0.0,0.0,0.0,0.0,25.3,24.3,0.029,0.0,0.0,0.0,60.0,59.9,74.7,0.0,274.0,273.0,274.0,0.0,0.0,0.0,619.0,1442805.0,42633.0,133364.0,1.0,0.979,0.748,0.921,0.002,0.003,0.005,0.006,0.008,0.004,0.006,0.0,0.0,0.0,0.001,0.001,0.0,0.001,53270.0,54075.0,53527.0,53362.0,54361.0,51726.0,47067.0,0.563,286.2,60.7,1.1,3.512,2.0,-1.0,13.61,0.019,0.22,3.0,2.0,0.0,0.0,24.8,24.51,23.84,24.15,24.13,26.49,24.15,24.44,24.26,30.67
2016-07-28 04:40:00-05:00,-7.959892,-3.0820959,575737,25.19,0.0,0.334,25.63,100.1,275.6,273.1,271.1,0.0,0.0,0.0,100.0,0.0,60.13,0.0,1452493.0,21.79,0.0,0.0,0.0,0.0,0.0,0.0,0.0,0.0,0.0,0.0,25.29,24.28,0.038,0.0,0.0,0.0,60.0,59.9,74.7,0.0,274.0,273.0,274.0,0.0,0.0,0.0,619.0,1442805.0,42633.0,133364.0,1.0,0.979,0.748,0.921,0.002,0.003,0.005,0.006,0.009,0.005,0.006,0.0,0.0,0.0,0.001,0.001,0.0,0.001,53270.0,54075.0,53527.0,53362.0,54361.0,51726.0,47067.0,0.785,321.0,13.7,1.3,3.512,2.0,-1.0,13.61,0.019,0.22,3.0,2.0,0.0,0.0,24.79,24.43,23.84,24.13,24.13,26.49,24.15,24.42,24.26,30.67
2016-07-28 04:41:00-05:00,-7.959892,-3.0820959,575738,25.21,0.0,0.336,25.68,113.6,275.3,273.1,271.0,0.0,0.0,0.0,113.3,0.0,60.23,0.0,1452493.0,21.79,0.0,0.0,0.0,0.0,0.0,0.0,0.0,0.0,0.0,0.0,25.33,24.3,0.038,0.0,0.0,0.0,60.0,59.9,74.7,0.0,274.0,272.8,274.0,0.0,0.0,0.0,619.0,1442805.0,42633.0,133364.0,1.0,0.979,0.748,0.921,0.001,0.003,0.005,0.006,0.009,0.005,0.006,0.0,0.0,0.001,0.001,0.001,0.001,0.001,53270.0,54075.0,53527.0,53362.0,54361.0,51726.0,47067.0,1.01,338.4,39.97,1.6,3.512,2.0,-1.0,13.61,0.019,0.22,3.0,2.0,0.0,0.0,24.84,24.43,23.79,24.11,24.13,26.39,24.11,24.42,24.26,30.67
2016-07-28 04:42:00-05:00,-8.078695,-3.0820959,575739,25.22,0.0,0.335,25.69,127.8,275.3,273.1,271.0,0.0,0.0,0.0,127.5,0.0,60.21,0.0,1452493.0,21.8,0.0,0.0,0.0,0.0,0.0,0.0,0.0,0.0,0.0,0.0,25.35,24.29,0.038,0.0,0.0,0.0,60.0,59.9,74.7,0.0,274.0,273.0,274.0,0.0,0.0,0.0,619.0,1442805.0,42633.0,133364.0,1.0,0.979,0.748,0.921,0.001,0.003,0.005,0.005,0.009,0.005,0.006,0.0,0.0,0.001,0.001,0.001,0.001,0.001,53270.0,54075.0,53527.0,53362.0,54361.0,51726.0,47067.0,1.082,9.63,32.08,2.1,3.51,2.0,-1.0,13.61,0.019,0.22,3.0,2.0,0.0,0.0,24.8,24.41,23.77,24.05,24.13,26.49,24.13,24.44,24.27,30.67
2016-07-28 04:43:00-05:00,-8.1975,-3.0820959,575740,25.22,0.0,0.334,25.73,142.4,275.6,273.2,271.0,0.0,0.0,0.0,142.2,0.0,60.21,0.0,1452493.0,21.8,0.0,0.0,0.0,0.0,0.0,0.0,0.0,0.0,0.0,0.0,25.42,24.3,0.041,0.0,0.0,0.0,60.0,59.9,74.7,0.0,274.0,273.0,274.0,0.0,0.0,0.0,619.0,1442805.0,42633.0,133364.0,1.0,0.979,0.748,0.921,0.001,0.003,0.005,0.006,0.008,0.004,0.006,0.0,0.0,0.001,0.001,0.001,0.001,0.001,53270.0,54075.0,53527.0,53362.0,54361.0,51726.0,47067.0,1.123,38.08,27.84,1.7,3.512,2.0,-1.0,13.61,0.019,0.22,3.0,2.0,0.0,0.0,24.79,24.43,23.79,24.1,24.16,26.47,24.13,24.42,24.35,30.67
2016-07-28 04:44:00-05:00,-7.959892,-3.0820959,575741,25.22,0.0,0.33,25.77,158.4,275.4,273.3,271.1,0.0,0.0,0.0,158.0,0.0,60.22,0.0,1452493.0,21.8,0.0,0.0,0.0,0.0,0.0,0.0,0.0,0.0,0.0,0.0,25.41,24.3,0.109,0.0,0.0,0.0,60.0,59.9,74.7,0.0,274.0,273.0,274.0,0.0,0.0,0.0,619.0,1442805.0,42633.0,133364.0,1.0,0.979,0.748,0.921,0.002,0.004,0.005,0.006,0.009,0.005,0.006,0.0,0.001,0.001,0.001,0.001,0.001,0.001,53270.0,54075.0,53527.0,53362.0,54361.0,51726.0,47067.0,0.533,30.25,41.19,1.2,3.512,2.0,-1.0,13.61,0.019,0.22,3.0,2.0,0.0,0.0,24.75,24.45,23.77,24.05,24.25,26.42,24.13,24.44,24.26,30.67
2016-07-28 04:45:00-05:00,-7.959892,-3.0820959,575742,25.22,0.0,0.327,25.74,172.2,279.5,277.1,274.9,0.0,0.0,0.0,171.8,0.0,60.18,0.0,1452493.0,21.79,0.0,0.0,0.0,0.0,0.0,0.0,0.0,0.0,0.0,0.0,25.42,24.3,0.188,0.0,0.0,0.0,60.0,59.9,74.7,0.0,278.1,276.3,278.1,0.0,0.0,0.0,619.0,1442805.0,42633.0,133364.0,1.0,0.979,0.748,0.921,0.001,0.003,0.005,0.006,0.008,0.004,0.006,0.0,0.001,0.001,0.001,0.001,0.001,0.001,53270.0,54075.0,53527.0,53362.0,54361.0,51726.0,47067.0,0.532,27.69,23.41,0.9,3.512,2.0,-1.0,13.61,0.019,0.22,3.0,2.0,0.0,0.0,24.75,24.42,23.74,24.05,24.24,26.39,24.13,24.42,24.19,30.65
2016-07-28 04:46:00-05:00,-8.1975,-3.0820959,575743,25.22,0.0,0.355,25.66,185.1,277.2,274.6,272.5,0.0,0.0,0.0,184.8,0.0,60.14,0.0,1452493.0,21.79,0.0,0.0,0.0,0.0,0.0,0.0,0.0,0.0,0.0,0.0,25.34,24.24,0.191,0.0,0.0,0.0,60.0,59.9,74.7,0.0,275.6,274.4,275.6,0.0,0.0,0.0,619.0,1442805.0,42633.0,133364.0,1.0,0.979,0.748,0.921,0.002,0.003,0.005,0.006,0.009,0.003,0.007,0.0,0.0,0.001,0.001,0.002,0.001,0.001,53270.0,54075.0,53527.0,53362.0,54361.0,51726.0,47067.0,0.632,29.45,20.67,1.0,3.51,2.0,-1.0,13.61,0.019,0.22,3.0,2.0,0.0,0.0,24.66,24.38,23.74,24.05,24.23,26.32,24.07,24.39,24.16,30.64
2016-07-28 04:47:00-05:00,-8.316304,-3.0820959,575744,25.22,0.0,0.531,25.61,197.1,275.9,273.5,271.3,0.0,0.0,0.0,196.6,0.0,60.19,0.0,1452493.0,21.79,0.0,0.0,0.0,0.0,0.0,0.0,0.0,0.0,0.0,0.0,25.28,24.2,0.256,0.0,0.0,0.0,60.0,59.9,74.7,0.0,274.0,273.0,274.0,0.0,0.0,0.0,619.0,1442805.0,42633.0,133364.0,1.0,0.979,0.748,0.921,0.001,0.003,0.005,0.006,0.009,0.004,0.006,0.0,0.001,0.001,0.001,0.002,0.001,0.001,53270.0,54075.0,53527.0,53362.0,54361.0,51726.0,47067.0,0.852,4.199,12.85,1.4,3.51,2.0,-1.0,13.61,0.019,0.22,3.0,2.0,0.0,0.0,24.67,24.34,23.74,24.05,24.25,26.29,24.03,24.34,24.16,30.59
2016-07-28 04:48:00-05:00,-8.316304,-3.0820959,575745,25.23,0.0,0.717,25.6,208.2,275.6,273.5,271.3,0.0,0.0,0.0,207.7,0.0,60.22,0.0,1452493.0,21.8,0.0,0.0,0.0,0.0,0.0,0.0,0.0,0.0,0.0,0.0,25.24,24.16,0.27,0.0,0.0,0.0,60.0,59.9,74.7,0.0,274.0,273.0,274.0,0.0,0.0,0.0,619.0,1442805.0,42633.0,133364.0,1.0,0.979,0.748,0.921,0.001,0.003,0.005,0.006,0.008,0.004,0.006,0.0,0.001,0.001,0.001,0.002,0.001,0.001,53270.0,54075.0,53527.0,53362.0,54361.0,51726.0,47067.0,0.74,358.0,17.63,1.2,3.512,2.0,-1.0,13.61,0.019,0.22,3.0,2.0,0.0,0.0,24.62,24.3,23.68,24.0,24.18,26.29,24.03,24.35,24.16,30.57
2016-07-28 04:49:00-05:00,-8.316304,-3.0820959,575746,25.25,0.0,0.828,25.56,218.2,275.7,273.6,271.4,0.0,0.0,0.0,217.8,0.0,60.14,0.0,1452493.0,21.79,0.0,0.0,0.0,0.0,0.0,0.0,0.0,0.0,0.0,0.0,25.21,24.11,0.334,0.0,0.0,0.0,60.0,59.9,74.7,0.0,274.0,273.0,274.0,0.0,0.0,0.0,619.0,1442805.0,42633.0,133364.0,1.0,0.979,0.748,0.921,0.001,0.002,0.005,0.006,0.009,0.004,0.007,0.0,0.001,0.001,0.001,0.002,0.001,0.002,53270.0,54075.0,53527.0,53362.0,54361.0,51726.0,47067.0,0.563,10.59,49.06,1.3,3.51,2.0,-1.0,13.61,0.019,0.22,3.0,2.0,0.0,0.0,24.55,24.22,23.66,24.02,24.15,26.29,24.03,24.31,24.16,30.57
2016-07-28 04:50:00-05:00,-8.435108,-3.0820959,575747,25.25,0.0,0.83,25.54,227.2,275.6,273.5,271.3,0.0,0.0,0.0,226.8,0.0,60.16,0.0,1452493.0,21.79,0.0,0.0,0.0,0.0,0.0,0.0,0.0,0.0,0.0,0.0,25.22,24.09,0.373,0.0,0.0,0.0,60.0,59.9,74.7,0.0,274.0,273.0,274.0,0.0,0.0,0.0,619.0,1442805.0,42633.0,133364.0,1.0,0.979,0.748,0.921,0.001,0.004,0.006,0.005,0.008,0.004,0.006,0.0,0.001,0.001,0.001,0.002,0.001,0.001,53270.0,54075.0,53527.0,53362.0,54361.0,51726.0,47067.0,0.923,356.6,19.78,1.5,3.51,2.0,-1.0,13.61,0.019,0.22,3.0,2.0,0.0,0.0,24.55,24.22,23.66,23.95,24.15,26.29,24.03,24.27,24.16,30.57
2016-07-28 04:51:00-05:00,-8.435108,-3.0820959,575748,25.25,0.0,0.836,25.63,235.3,275.7,273.7,271.4,0.0,0.0,0.0,234.7,0.0,60.15,0.0,1452493.0,21.79,0.0,0.0,0.0,0.0,0.0,0.0,0.0,0.0,0.0,0.0,25.29,24.1,0.435,0.0,0.0,0.0,60.0,59.9,74.7,0.0,274.1,273.0,274.0,0.0,0.0,0.0,619.0,1442805.0,42633.0,133364.0,1.0,0.979,0.748,0.921,0.001,0.002,0.005,0.006,0.009,0.005,0.006,0.0,0.001,0.001,0.002,0.002,0.001,0.002,53270.0,54075.0,53527.0,53362.0,54361.0,51726.0,47067.0,0.908,19.47,15.58,1.5,3.512,2.0,-1.0,13.61,0.019,0.22,3.0,2.0,0.0,0.0,24.5,24.22,23.64,23.95,24.08,26.29,24.0,24.23,24.16,30.57
2016-07-28 04:52:00-05:00,-8.316304,-3.0820959,575749,25.25,0.0,0.837,25.63,242.5,275.7,273.7,271.4,0.0,0.0,0.0,242.0,0.0,60.14,0.0,1452493.0,21.8,0.0,0.0,0.0,0.0,0.0,0.0,0.0,0.0,0.0,0.0,25.3,24.06,0.572,0.0,0.0,0.0,60.0,59.9,74.7,0.0,274.0,273.0,274.0,0.0,0.0,0.0,619.0,1442805.0,42633.0,133364.0,1.0,0.979,0.748,0.921,0.001,0.003,0.005,0.006,0.009,0.004,0.006,0.0,0.001,0.001,0.001,0.002,0.001,0.002,53270.0,54075.0,53527.0,53362.0,54361.0,51726.0,47067.0,0.69,39.79,21.96,1.1,3.51,2.0,-1.0,13.61,0.019,0.22,3.0,2.0,0.0,0.0,24.42,24.22,23.66,23.94,24.05,26.26,24.02,24.23,24.16,30.57
2016-07-28 04:53:00-05:00,-8.316304,-3.0820959,575750,25.25,0.0,0.836,25.65,249.2,276.2,273.6,271.4,0.0,0.0,0.0,248.7,0.0,60.19,0.0,1452493.0,21.8,0.0,0.0,0.0,0.0,0.0,0.0,0.0,0.0,0.0,0.0,25.3,23.98,0.637,0.0,0.0,0.0,60.0,59.9,74.7,0.0,274.8,273.0,274.4,0.0,0.0,0.0,619.0,1442805.0,42633.0,133364.0,1.0,0.979,0.748,0.921,0.001,0.003,0.005,0.005,0.008,0.005,0.006,0.0,0.001,0.001,0.001,0.002,0.001,0.002,53270.0,54075.0,53527.0,53362.0,54361.0,51726.0,47067.0,0.585,40.14,35.23,1.1,3.513,2.0,-1.0,13.61,0.019,0.22,3.0,2.0,0.0,0.0,24.44,24.22,23.64,23.94,24.05,26.23,24.0,24.23,24.14,30.57
2016-07-28 04:54:00-05:00,-8.316304,-3.0820959,575751,25.25,0.0,1.0,25.66,255.5,275.7,273.4,271.2,0.0,0.0,0.0,255.0,0.0,60.12,0.0,1452493.0,21.79,0.0,0.0,0.0,0.0,0.0,0.0,0.0,0.0,0.0,0.0,25.32,23.94,0.718,0.0,0.0,0.0,60.0,59.9,74.7,0.0,274.1,273.0,274.0,0.0,0.0,0.0,619.0,1442805.0,42633.0,133364.0,1.0,0.979,0.748,0.921,0.002,0.003,0.005,0.007,0.009,0.004,0.005,0.001,0.001,0.001,0.002,0.002,0.001,0.001,53270.0,54075.0,53527.0,53362.0,54361.0,51726.0,47067.0,0.465,14.97,28.78,0.8,3.512,2.0,-1.0,13.61,0.019,0.22,3.0,2.0,0.0,0.0,24.38,24.14,23.64,23.94,24.1,26.19,23.94,24.23,24.06,30.52
2016-07-28 04:55:00-05:00,-8.1975,-2.7458675,575752,25.25,0.0,1.335,25.69,261.5,275.6,273.5,271.3,0.0,0.0,0.0,261.1,0.0,60.13,0.0,1452493.0,21.79,0.0,0.0,0.0,0.0,0.0,0.0,0.0,0.0,0.0,0.0,25.31,23.91,0.832,0.0,0.0,0.0,60.0,59.9,74.7,0.0,274.0,273.0,274.0,0.0,0.0,0.0,619.0,1442805.0,42633.0,133364.0,1.0,0.979,0.748,0.921,0.001,0.003,0.005,0.006,0.009,0.005,0.005,0.0,0.001,0.001,0.002,0.002,0.001,0.001,53270.0,54075.0,53527.0,53362.0,54361.0,51726.0,47067.0,0.968,0.547,13.14,1.5,3.512,2.0,-1.0,13.61,0.019,0.22,3.0,2.0,0.0,0.0,24.34,24.14,23.61,23.85,24.03,26.19,23.94,24.21,24.06,30.47
2016-07-28 04:56:00-05:00,-7.959892,-2.6337912,575753,25.25,0.0,1.336,25.69,266.8,276.3,274.0,271.8,0.0,0.0,0.0,266.3,0.0,60.14,0.0,1452493.0,21.79,0.0,0.0,0.0,0.0,0.0,0.0,0.0,0.0,0.0,0.0,25.36,23.93,0.988,0.0,0.0,0.0,60.0,59.9,74.7,0.0,274.8,273.5,274.8,0.0,0.0,0.0,619.0,1442805.0,42633.0,133364.0,1.0,0.979,0.748,0.921,0.002,0.003,0.005,0.006,0.008,0.005,0.004,0.001,0.001,0.001,0.002,0.002,0.001,0.001,53270.0,54075.0,53527.0,53362.0,54361.0,51726.0,47067.0,0.462,336.9,31.47,0.8,3.51,2.0,-1.0,13.61,0.019,0.22,3.0,2.0,0.0,0.0,24.26,24.12,23.61,23.84,24.03,26.19,23.94,24.23,24.06,30.47
2016-07-28 04:57:00-05:00,-7.959892,-2.6337912,575754,25.25,0.0,1.375,25.7,271.7,276.6,274.1,272.0,0.0,0.0,0.0,270.9,0.0,60.16,0.0,1452493.0,21.8,0.0,0.0,0.0,0.0,0.0,0.0,0.0,0.0,0.0,0.0,25.33,23.93,1.106,0.0,0.0,0.0,60.0,59.9,74.7,0.0,275.0,274.0,275.0,0.0,0.0,0.0,619.0,1442805.0,42633.0,133364.0,1.0,0.979,0.748,0.921,0.002,0.003,0.004,0.006,0.009,0.005,0.005,0.001,0.001,0.001,0.002,0.003,0.001,0.001,53270.0,54075.0,53527.0,53362.0,54361.0,51726.0,47067.0,0.17,291.2,93.4,0.5,3.51,2.0,-1.0,13.61,0.019,0.22,3.0,2.0,0.0,0.0,24.38,24.1,23.58,23.84,24.05,26.14,23.9,24.18,24.04,30.47
2016-07-28 04:58:00-05:00,-7.959892,-2.2975626,575755,25.25,0.0,1.738,25.65,276.8,276.3,274.1,271.9,0.0,0.0,0.0,276.0,0.0,60.22,0.0,1452493.0,21.8,0.0,0.0,0.0,0.0,0.0,0.0,0.0,0.0,0.0,0.0,25.27,23.86,1.315,0.0,0.0,0.0,60.0,59.9,74.7,0.0,275.0,273.5,275.0,0.0,0.0,0.0,619.0,1442805.0,42633.0,133364.0,1.0,0.979,0.748,0.921,0.002,0.003,0.005,0.006,0.009,0.005,0.005,0.001,0.001,0.001,0.002,0.002,0.001,0.001,53270.0,54075.0,53527.0,53362.0,54361.0,51726.0,47067.0,0.533,347.3,24.96,0.8,3.51,2.0,-1.0,13.61,0.019,0.22,3.0,2.0,0.0,0.0,24.23,24.12,23.53,23.84,24.03,26.09,23.86,24.13,23.96,30.47
2016-07-28 04:59:00-05:00,-7.603478,-2.1854863,575756,25.25,0.0,1.843,25.59,282.2,276.7,274.1,272.0,0.0,0.0,0.0,281.5,0.0,60.22,0.0,1452493.0,21.79,0.0,0.0,0.0,0.0,0.0,0.0,0.0,0.0,0.0,0.0,25.23,23.81,1.582,0.0,0.0,0.0,60.0,59.9,74.7,0.0,275.0,274.0,275.0,0.0,0.0,0.0,619.0,1442805.0,42633.0,133364.0,1.0,0.979,0.748,0.921,0.002,0.003,0.005,0.005,0.009,0.006,0.006,0.001,0.001,0.001,0.002,0.003,0.002,0.002,53270.0,54075.0,53527.0,53362.0,54361.0,51726.0,47067.0,0.462,312.5,34.14,0.8,3.51,2.0,-1.0,13.61,0.019,0.22,3.0,2.0,0.0,0.0,24.27,24.06,23.45,23.82,23.97,26.09,23.84,24.12,23.96,30.47
2016-07-28 05:00:00-05:00,-7.247065,-1.9613338,575757,25.25,0.0,2.223,25.56,287.2,276.5,274.0,271.9,0.0,0.0,0.0,286.5,0.0,60.19,0.0,1452493.0,21.79,0.0,0.0,0.0,0.0,0.0,0.0,0.0,0.0,0.0,0.0,25.19,23.76,1.895,0.0,0.0,0.0,60.0,59.9,74.7,0.0,275.0,273.7,275.0,0.0,0.0,0.0,619.0,1442805.0,42633.0,133364.0,1.0,0.979,0.748,0.921,0.002,0.002,0.005,0.006,0.009,0.005,0.005,0.001,0.001,0.001,0.002,0.003,0.001,0.001,53270.0,54075.0,53527.0,53362.0,54361.0,51726.0,47067.0,0.188,287.8,59.17,0.5,3.512,2.0,-1.0,13.61,0.019,0.22,3.0,2.0,0.0,0.0,24.13,24.02,23.47,23.74,23.92,26.03,23.79,24.07,23.91,30.47
2016-07-28 05:01:00-05:00,-7.1282606,-1.6251051,575758,25.25,0.0,2.363,25.53,291.5,276.0,273.9,271.7,0.0,0.0,0.0,290.8,0.0,60.14,0.0,1452493.0,21.79,0.0,0.0,0.0,0.0,0.0,0.0,0.0,0.0,0.0,0.0,25.17,23.76,2.213,0.0,0.0,0.0,60.0,59.9,74.7,0.0,275.0,273.0,275.0,0.0,0.0,0.0,619.0,1442805.0,42633.0,133364.0,1.0,0.979,0.748,0.921,0.002,0.003,0.005,0.005,0.009,0.004,0.005,0.001,0.001,0.001,0.002,0.003,0.001,0.001,53270.0,54075.0,53527.0,53362.0,54361.0,51726.0,47067.0,0.527,278.6,19.26,0.7,3.509,2.0,-1.0,13.61,0.019,0.22,3.0,2.0,0.0,0.0,24.19,23.96,23.41,23.73,23.84,26.0,23.74,24.03,23.85,30.42
2016-07-28 05:02:00-05:00,-7.1282606,-1.513029,575759,25.25,0.0,2.822,25.54,295.1,275.8,273.7,271.6,0.0,0.0,0.0,294.5,0.0,60.13,0.0,1452493.0,21.79,0.0,0.0,0.0,0.0,0.0,0.0,0.0,0.0,0.0,0.0,25.2,23.8,2.482,0.0,0.0,0.0,60.0,59.9,74.7,0.0,274.9,273.0,274.8,0.0,0.0,0.0,619.0,1442805.0,42633.0,133364.0,1.0,0.979,0.748,0.921,0.002,0.003,0.005,0.005,0.009,0.006,0.005,0.001,0.001,0.001,0.002,0.003,0.002,0.001,53270.0,54075.0,53527.0,53362.0,54361.0,51726.0,47067.0,0.412,281.1,31.44,0.7,3.51,2.0,-1.0,13.61,0.019,0.22,3.0,2.0,0.0,0.0,24.25,23.94,23.38,23.66,23.84,26.0,23.71,24.03,23.77,30.37
2016-07-28 05:03:00-05:00,-6.6530433,-1.1768004,575760,25.24,0.0,2.887,25.5,297.9,275.9,273.6,271.4,0.0,0.0,0.0,297.3,0.0,60.15,0.0,1452493.0,21.8,0.0,0.0,0.0,0.0,0.0,0.0,0.0,0.0,0.0,0.0,25.18,23.75,2.712,0.0,0.0,0.0,60.0,59.9,74.7,0.0,274.6,273.0,274.1,0.0,0.0,0.0,619.0,1442805.0,42633.0,133364.0,1.0,0.979,0.748,0.921,0.002,0.003,0.003,0.007,0.008,0.005,0.006,0.001,0.001,0.001,0.002,0.002,0.001,0.002,53270.0,54075.0,53527.0,53362.0,54361.0,51726.0,47067.0,0.603,295.2,22.5,1.1,3.51,2.0,-1.0,13.61,0.019,0.22,3.0,2.0,0.0,0.0,24.26,24.01,23.39,23.66,23.8,26.0,23.64,24.02,23.77,30.37
2016-07-28 05:04:00-05:00,-6.2966304,-0.95264786,575761,25.22,0.0,3.322,25.47,300.3,276.0,273.4,271.3,0.0,0.0,0.0,299.8,0.0,60.14,0.0,1452493.0,21.8,0.0,0.0,0.0,0.0,0.0,0.0,0.0,0.0,0.0,0.0,25.12,23.71,2.946,0.0,0.0,0.0,60.0,59.9,74.7,0.0,274.2,273.0,274.0,0.0,0.0,0.0,619.0,1442805.0,42633.0,133364.0,1.0,0.979,0.748,0.921,0.001,0.003,0.003,0.007,0.009,0.005,0.005,0.0,0.001,0.001,0.002,0.003,0.002,0.002,53270.0,54075.0,53527.0,53362.0,54361.0,51726.0,47067.0,0.475,317.6,15.1,0.7,3.51,2.0,-1.0,13.61,0.019,0.22,3.0,2.0,0.0,0.0,24.18,24.02,23.42,23.7,23.76,26.0,23.64,24.02,23.73,30.37
2016-07-28 05:05:00-05:00,-6.2966304,-0.84057164,575762,25.22,0.0,3.389,25.48,302.5,275.9,273.4,271.3,0.0,0.0,0.0,301.9,0.0,60.2,0.0,1452493.0,21.8,0.0,0.0,0.0,0.0,0.0,0.0,0.0,0.0,0.0,0.0,25.14,23.71,3.161,0.0,0.0,0.0,60.0,59.9,74.7,0.0,274.0,273.0,274.1,0.0,0.0,0.0,619.0,1442805.0,42633.0,133364.0,1.0,0.979,0.748,0.921,0.002,0.004,0.004,0.007,0.009,0.005,0.004,0.0,0.001,0.001,0.002,0.003,0.002,0.001,53270.0,54075.0,53527.0,53362.0,54361.0,51726.0,47067.0,0.357,331.5,21.15,0.7,3.512,2.0,-1.0,13.61,0.019,0.22,3.0,2.0,0.0,0.0,24.23,24.01,23.35,23.64,23.77,25.93,23.66,23.95,23.72,30.37
2016-07-28 05:06:00-05:00,-6.2966304,-0.39226672,575763,25.22,0.0,3.8,25.46,304.7,275.5,273.5,271.3,0.0,0.0,0.0,304.1,0.0,60.22,0.0,1452493.0,21.79,0.0,0.0,0.0,0.0,0.0,0.0,0.0,0.0,0.0,0.0,25.13,23.71,3.399,0.0,0.0,0.0,60.0,59.9,74.7,0.0,274.0,273.0,274.1,0.0,0.0,0.0,619.0,1442805.0,42633.0,133364.0,1.0,0.979,0.748,0.921,0.0,0.003,0.004,0.007,0.009,0.004,0.006,0.0,0.001,0.001,0.002,0.003,0.001,0.002,53270.0,54075.0,53527.0,53362.0,54361.0,51726.0,47067.0,0.403,302.5,40.7,0.6,3.512,2.0,-1.0,13.61,0.019,0.22,3.0,2.0,0.0,0.0,24.23,23.94,23.35,23.59,23.74,25.9,23.59,23.87,23.67,30.37
2016-07-28 05:07:00-05:00,-5.940217,-0.2801907,575764,25.22,0.0,3.991,25.49,307.7,275.5,273.2,271.1,0.0,0.0,0.0,307.2,0.0,60.22,0.0,1452493.0,21.8,0.0,0.0,0.0,0.0,0.0,0.0,0.0,0.0,0.0,0.0,25.16,23.7,3.721,0.0,0.0,0.0,60.0,59.9,74.7,0.0,274.0,273.0,274.0,0.0,0.0,0.0,619.0,1442805.0,42633.0,133364.0,1.0,0.979,0.748,0.921,-0.002,0.001,0.005,0.008,0.008,0.003,0.011,-0.001,0.0,0.001,0.002,0.002,0.001,0.003,53270.0,54075.0,53527.0,53362.0,54361.0,51726.0,47067.0,0.27,97.6,60.18,0.7,3.51,2.0,-1.0,13.61,0.019,0.22,3.0,2.0,0.0,0.0,24.2,23.93,23.33,23.54,23.72,25.82,23.54,23.84,23.67,30.37
2016-07-28 05:08:00-05:00,-5.583804,0.056038015,575765,25.22,0.0,4.415,25.52,310.8,275.2,273.1,271.0,0.0,0.0,0.0,310.3,0.0,60.16,0.0,1452493.0,21.8,0.0,0.0,0.0,0.0,0.0,0.0,0.0,0.0,0.0,0.0,25.16,23.7,4.088,0.0,0.0,0.0,60.0,59.9,74.7,0.0,274.0,273.0,274.0,0.0,0.0,0.0,619.0,1442805.0,42633.0,133364.0,1.0,0.979,0.748,0.921,-0.006,0.0,0.003,0.008,0.005,-0.001,0.024,-0.002,0.0,0.001,0.002,0.002,0.0,0.007,53270.0,54075.0,53527.0,53362.0,54361.0,51726.0,47067.0,0.523,96.3,24.53,0.8,3.512,2.0,-1.0,13.61,0.019,0.22,3.0,2.0,0.0,0.0,24.25,23.93,23.27,23.56,23.74,25.78,23.54,23.85,23.62,30.37
2016-07-28 05:09:00-05:00,-5.2273912,0.504343,575766,25.22,0.0,4.886,25.53,313.1,275.4,273.1,270.9,0.0,0.0,0.0,312.6,0.0,60.15,0.0,1452493.0,21.8,0.0,0.5669999718666077,0.0,0.0,0.0,0.0,0.0,0.0,0.0,0.0,25.16,23.67,4.512,0.0,0.0,0.0,60.0,59.9,74.7,0.0,274.0,273.0,274.0,0.0,0.0,0.0,619.0,1442805.0,42633.0,133364.0,1.0,0.979,0.748,0.921,-0.009,0.0,0.002,0.014,0.006,-0.008,0.027,-0.003,0.0,0.001,0.004,0.002,-0.002,0.008,53270.0,54075.0,53527.0,53362.0,54361.0,51726.0,47067.0,0.653,45.32,15.76,0.9,3.51,2.0,-1.0,13.61,0.019,0.22,3.0,2.0,0.0,0.0,24.18,23.91,23.25,23.54,23.74,25.8,23.49,23.78,23.57,30.37
2016-07-28 05:10:00-05:00,-4.6333694,0.9526477,575767,25.22,0.0,5.337,25.5,315.1,275.4,273.5,271.2,0.0,0.0,0.0,314.6,0.0,60.15,0.0,1452493.0,21.8,0.0,1.0,0.0,0.0,0.0,0.0,0.0,0.0,0.0,0.0,25.13,23.62,4.955,0.0,0.0,0.0,60.0,59.9,74.7,0.0,274.0,273.0,274.0,0.0,0.0,0.0,619.0,1442805.0,42633.0,133364.0,1.0,0.979,0.748,0.921,-0.006,0.0,0.002,0.017,0.006,-0.013,0.027,-0.002,0.0,0.001,0.005,0.002,-0.004,0.009,53270.0,54075.0,53527.0,53362.0,54361.0,51726.0,47067.0,0.563,23.58,35.25,0.9,3.512,2.0,-1.0,13.61,0.019,0.22,3.0,2.0,0.0,0.0,24.13,23.96,23.27,23.58,23.76,25.74,23.54,23.84,23.59,30.34
2016-07-28 05:11:00-05:00,-3.9205434,1.6251051,575768,25.22,0.0,5.798,25.48,317.1,275.7,273.3,271.1,0.0,0.0,0.0,316.8,0.0,60.18,0.0,1452493.0,21.79,0.0,1.0,0.0,0.0,0.0,0.0,0.0,0.0,0.0,0.0,25.07,23.54,5.431,0.0,0.0,0.0,60.0,59.9,74.7,0.0,274.0,273.0,274.0,0.0,0.0,0.0,619.0,1442805.0,42633.0,133364.0,1.0,0.979,0.748,0.921,-0.008,0.0,0.002,0.016,0.006,-0.016,0.034,-0.003,0.0,0.001,0.005,0.002,-0.005,0.011,53270.0,54075.0,53527.0,53362.0,54361.0,51726.0,47067.0,0.332,67.88,22.91,0.6,3.51,2.0,-1.0,13.61,0.019,0.22,3.0,2.0,0.0,0.0,24.05,23.88,23.25,23.49,23.76,25.7,23.54,23.77,23.57,30.34
2016-07-28 05:12:00-05:00,-3.2077172,2.2975626,575769,25.22,0.0,6.332,25.44,319.6,275.6,273.4,271.2,0.0,0.0,0.0,319.1,0.0,60.22,0.0,1452493.0,21.8,0.0,1.0,0.0,0.0,0.0,0.0,0.0,0.0,0.0,0.0,25.03,23.5,6.054,0.0,0.0,0.0,60.0,59.9,74.7,0.0,274.0,273.0,274.0,0.0,0.0,0.0,619.0,1442805.0,42633.0,133364.0,1.0,0.979,0.748,0.921,-0.011,0.002,0.002,0.028,0.006,-0.017,0.024,-0.003,0.001,0.001,0.009,0.002,-0.006,0.008,53270.0,54075.0,53527.0,53362.0,54361.0,51726.0,47067.0,0.362,78.26,16.38,0.6,3.51,2.0,-1.0,13.61,0.019,0.22,3.0,2.0,0.0,0.0,24.0,23.83,23.25,23.5,23.76,25.7,23.45,23.74,23.57,30.31
2016-07-28 05:13:00-05:00,-2.2572823,2.9700196,575770,25.2,0.0,7.075,25.44,321.7,275.7,273.3,271.0,0.0,0.0,0.0,321.3,0.0,60.22,0.0,1452493.0,21.8,0.0,1.0,0.0,0.0,0.0,0.0,0.0,0.0,0.0,0.0,25.06,23.46,6.747,0.0,0.0,0.0,60.0,59.9,74.7,0.0,274.0,273.0,274.0,0.0,0.0,0.0,619.0,1442805.0,42633.0,133364.0,1.0,0.979,0.748,0.921,-0.008,0.002,0.002,0.034,0.007,-0.016,0.014,-0.003,0.0,0.001,0.011,0.002,-0.005,0.004,53270.0,54075.0,53527.0,53362.0,54361.0,51726.0,47067.0,0.408,39.15,27.12,0.8,3.51,2.0,-1.0,13.61,0.019,0.22,3.0,2.0,0.0,0.0,23.97,23.81,23.27,23.51,23.75,25.7,23.45,23.74,23.57,30.28
2016-07-28 05:14:00-05:00,-1.425652,3.6424768,575771,25.19,0.0,7.704,25.45,321.4,275.6,273.2,271.0,0.344,0.337,0.339,321.1,0.162,60.19,0.07000000029802322,1452493.0,177.7,0.04800000041723251,2.617000102996826,0.0,0.0,0.0,0.0,0.0,0.0,0.0,0.0,25.08,23.43,7.396,4.667,4.762,4.733,60.0,59.9,74.7,0.0,274.0,273.0,274.0,-0.133,-3.556,3.56,619.0,1442805.0,42633.0,133364.0,0.6,0.979,0.748,0.921,0.057,0.05,0.05,0.078,0.056,0.031,0.059,0.017,0.015,0.015,0.024,0.017,0.009,0.018,53270.0,54075.0,53527.0,53362.0,54361.0,51726.0,47067.0,0.562,32.85,15.44,0.9,3.51,2.0,-1.0,13.61,0.019,0.22,3.0,2.0,0.0,0.0,23.91,23.73,23.25,23.53,23.77,25.7,23.53,23.84,23.57,30.28
2016-07-28 05:15:00-05:00,-0.7128258,4.202858,575772,25.19,0.0,8.25,25.45,309.9,275.3,273.2,271.0,3.184,3.283,3.302,309.4,2.571,60.15,0.6430000066757202,1452493.0,311.6,0.7599999904632568,4.650000095367432,0.0,0.0,0.0,0.0,0.0,0.0,0.0,0.0,25.02,23.39,7.88,10.17,11.05,11.14,60.0,59.9,74.7,0.0,274.0,272.4,274.0,0.183,-8.05,8.06,619.0,1442805.0,42633.0,133364.0,-0.027,0.979,0.748,0.921,0.412,0.451,0.461,0.446,0.436,0.416,0.385,0.122,0.134,0.137,0.132,0.129,0.123,0.114,53270.0,54075.0,53527.0,53362.0,54361.0,51726.0,47067.0,0.618,13.37,20.37,0.9,3.51,2.0,-1.0,13.61,0.019,0.22,3.0,2.0,0.0,0.0,23.86,23.75,23.27,23.56,23.79,25.7,23.51,23.79,23.57,30.28
2016-07-28 05:16:00-05:00,-0.5940216,4.539087,575773,25.19,0.0,8.6,25.4,308.8,276.4,273.9,271.7,3.098,3.199,3.217,308.0,3.413,60.14,0.6330000162124634,1452493.0,309.8,1.0080000162124634,4.632999897003174,0.0,0.0,0.0,0.0,0.0,0.0,0.0,0.0,24.99,23.33,8.2,10.18,11.05,11.13,60.0,59.9,74.7,0.0,274.8,273.4,274.8,0.251,-8.07,8.09,619.0,1442805.0,42633.0,133364.0,-0.036,0.979,0.748,0.921,0.438,0.483,0.49,0.481,0.459,0.446,0.434,0.129,0.143,0.146,0.143,0.135,0.132,0.129,53270.0,54075.0,53527.0,53362.0,54361.0,51726.0,47067.0,0.347,313.1,20.33,0.6,3.51,2.0,-1.0,13.61,0.019,0.22,3.0,2.0,0.0,0.0,23.85,23.75,23.29,23.58,23.74,25.69,23.45,23.79,23.57,30.28
2016-07-28 05:17:00-05:00,-0.11880415,4.8753157,575774,25.19,0.0,9.01,25.44,322.0,276.3,274.1,271.9,3.356,3.283,3.302,320.9,2.943,60.21,0.6869999766349792,1452493.0,323.0,0.8970000147819519,4.650000095367432,0.0,0.0,0.0,0.0,0.0,0.0,0.0,0.0,24.95,23.29,8.57,10.17,11.1,11.17,60.0,59.9,74.7,0.0,275.0,273.4,275.0,0.213,-8.08,8.1,619.0,1442806.0,42633.0,133364.0,-0.03,0.979,0.748,0.921,0.411,0.461,0.463,0.455,0.469,0.417,0.411,0.126,0.142,0.143,0.14,0.145,0.128,0.127,53270.0,54075.0,53527.0,53362.0,54361.0,51726.0,47067.0,0.198,288.6,38.27,0.4,3.51,2.0,-1.0,13.61,0.019,0.221,3.0,2.0,0.0,0.0,23.77,23.73,23.25,23.46,23.76,25.64,23.45,23.74,23.57,30.28
2016-07-28 05:18:00-05:00,0.11880459,5.211544,575775,25.18,0.0,9.47,25.41,328.4,276.2,274.0,271.9,3.011,2.947,2.963,327.2,2.643,60.2,0.6159999966621399,1452494.0,329.5,0.8230000138282776,4.566999912261963,0.0,0.0,0.0,0.0,0.0,0.0,0.0,0.0,24.97,23.27,8.91,10.28,11.18,11.23,60.0,59.9,74.7,0.0,275.0,273.1,275.0,0.151,-8.16,8.18,619.0,1442806.0,42633.0,133364.0,-0.023,0.979,0.748,0.921,0.346,0.406,0.399,0.396,0.419,0.348,0.346,0.108,0.128,0.126,0.124,0.132,0.108,0.109,53270.0,54075.0,53527.0,53362.0,54361.0,51726.0,47067.0,,0.0,0.0,,,2.0,-1.0,13.61,0.019,0.221,3.0,2.0,0.0,0.0,23.76,23.73,23.17,23.45,23.74,25.64,23.46,23.74,23.57,30.26
2016-07-28 05:19:00-05:00,0.11880459,5.547773,575776,25.16,0.0,9.55,25.45,331.4,276.2,274.0,271.9,2.581,2.61,2.624,330.5,2.286,60.15,0.5289999842643738,1452494.0,332.9,0.7149999737739563,4.517000198364258,0.0,0.0,0.0,0.0,0.0,0.0,0.0,0.0,24.97,23.28,9.11,10.42,11.21,11.27,60.0,59.9,74.7,0.0,274.9,273.0,275.0,0.096,-8.25,8.27,619.0,1442806.0,42634.0,133364.0,-0.016,0.979,0.748,0.921,0.322,0.368,0.367,0.384,0.39,0.303,0.328,0.1,0.116,0.116,0.121,0.123,0.094,0.103,53270.0,54075.0,53527.0,53362.0,54361.0,51726.0,47067.0,0.185,348.7,59.43,0.6,3.51,2.0,-1.0,13.61,0.019,0.22,3.0,2.0,0.0,0.0,23.86,23.73,23.15,23.45,23.73,25.61,23.45,23.74,23.49,30.24
2016-07-28 05:20:00-05:00,0.11880459,5.771925,575777,25.16,0.0,9.97,25.38,332.3,276.0,274.0,271.9,2.667,2.61,2.624,331.6,2.505,60.14,0.5450000166893005,1452494.0,332.8,0.7860000133514404,4.517000198364258,0.0,0.0,0.0,0.0,0.0,0.0,0.0,0.0,24.97,23.3,9.4,10.42,11.23,11.25,60.0,59.9,74.7,0.0,274.9,273.0,275.0,0.105,-8.24,8.26,619.0,1442806.0,42634.0,133364.0,-0.017,0.979,0.748,0.921,0.325,0.391,0.366,0.367,0.404,0.325,0.33,0.102,0.124,0.115,0.116,0.128,0.102,0.104,53270.0,54075.0,53527.0,53362.0,54361.0,51726.0,47067.0,0.502,9.8,27.32,0.8,3.509,2.0,-1.0,13.61,0.019,0.22,3.0,2.0,0.0,0.0,23.93,23.67,23.14,23.45,23.67,25.61,23.4,23.66,23.47,30.28
2016-07-28 05:21:00-05:00,0.8316308,5.9960775,575778,25.16,0.0,10.41,25.28,330.1,276.2,273.8,271.7,3.098,2.863,2.963,330.1,3.012,60.12,0.5979999899864197,1452494.0,331.9,0.9490000009536743,4.617000102996826,0.0,0.0,0.0,0.0,0.0,0.0,0.0,0.0,24.92,23.29,9.87,10.27,11.19,11.22,60.0,59.9,74.7,0.0,274.6,273.1,274.9,0.19,-8.14,8.16,619.0,1442806.0,42634.0,133364.0,-0.028,0.979,0.748,0.921,0.406,0.445,0.455,0.463,0.496,0.384,0.395,0.128,0.141,0.144,0.147,0.158,0.121,0.125,53270.0,54075.0,53527.0,53362.0,54361.0,51726.0,47067.0,0.365,344.5,25.52,0.6,3.509,2.0,-1.0,13.61,0.019,0.221,3.0,2.0,0.0,0.0,23.91,23.63,23.06,23.45,23.61,25.61,23.35,23.74,23.47,30.26
2016-07-28 05:22:00-05:00,1.5444566,6.4443827,575779,25.16,0.0,10.99,25.26,330.9,276.4,274.2,272.0,3.27,3.115,3.132,330.5,3.357,60.14,0.6539999842643738,1452494.0,331.9,1.0640000104904175,4.632999897003174,0.0,0.0,0.0,0.0,0.0,0.0,0.0,0.0,24.91,23.31,10.46,10.17,11.13,11.19,60.0,59.9,74.7,0.0,275.0,273.7,275.0,0.274,-8.09,8.11,619.0,1442806.0,42634.0,133364.0,-0.039,0.979,0.748,0.921,0.428,0.487,0.483,0.485,0.511,0.392,0.426,0.135,0.155,0.154,0.155,0.163,0.123,0.136,53270.0,54075.0,53527.0,53362.0,54361.0,51726.0,47067.0,0.455,313.2,35.18,0.9,3.51,2.0,-1.0,13.61,0.019,0.221,3.0,2.0,0.0,0.0,23.92,23.63,23.06,23.45,23.62,25.61,23.37,23.69,23.47,30.24
2016-07-28 05:23:00-05:00,1.9008695,7.004763,575780,25.16,0.0,11.62,25.24,331.3,276.3,274.4,272.3,3.356,3.115,3.302,330.7,3.681,60.2,0.6579999923706055,1452494.0,332.8,1.1690000295639038,4.650000095367432,0.0,0.0,0.0,0.0,0.0,0.0,0.0,0.0,24.86,23.33,11.07,10.1,11.13,11.17,60.0,59.9,74.7,0.0,275.0,274.0,275.0,0.365,-8.05,8.09,619.0,1442806.0,42634.0,133364.0,-0.051,0.979,0.748,0.921,0.459,0.54,0.525,0.532,0.559,0.446,0.479,0.145,0.173,0.167,0.17,0.179,0.141,0.153,53270.0,54075.0,53527.0,53362.0,54361.0,51726.0,47067.0,,0.0,0.0,,,2.0,-1.0,13.61,0.019,0.221,3.0,2.0,0.0,0.0,24.01,23.63,23.07,23.38,23.54,25.61,23.39,23.64,23.41,30.19
2016-07-28 05:24:00-05:00,2.4948914,7.6772203,575781,25.16,0.0,12.25,25.34,332.5,276.6,274.3,272.2,3.356,3.283,3.302,331.7,3.72,60.21,0.6930000185966492,1452494.0,333.6,1.184999942779541,4.650000095367432,0.0,0.0,0.0,0.0,0.0,0.0,0.0,0.0,24.96,23.37,11.7,10.13,11.14,11.14,60.0,59.9,74.7,0.0,275.0,274.0,275.0,0.432,-8.05,8.09,619.0,1442806.0,42634.0,133364.0,-0.059,0.979,0.748,0.921,0.505,0.564,0.562,0.564,0.595,0.467,0.502,0.16,0.181,0.18,0.181,0.19,0.148,0.161,53270.0,54075.0,53527.0,53362.0,54361.0,51726.0,47067.0,0.81,294.9,7.171,1.1,3.51,2.0,-1.0,13.61,0.019,0.221,3.0,2.0,0.0,0.0,24.09,23.63,23.06,23.37,23.51,25.64,23.35,23.66,23.38,30.18
2016-07-28 05:25:00-05:00,3.3265219,8.349677,575782,25.13,0.0,12.83,25.43,337.5,276.3,274.3,272.2,2.925,2.863,2.878,336.2,3.263,60.22,0.6039999723434448,1452494.0,337.9,1.0449999570846558,4.550000190734863,0.0,0.0,0.0,0.0,0.0,0.0,0.0,0.0,25.05,23.48,12.33,10.29,11.22,11.18,60.0,59.9,74.7,0.0,275.0,273.9,275.0,0.365,-8.15,8.19,619.0,1442806.0,42634.0,133364.0,-0.051,0.979,0.748,0.921,0.416,0.499,0.49,0.493,0.518,0.387,0.444,0.133,0.161,0.158,0.159,0.167,0.123,0.143,53270.0,54075.0,53527.0,53362.0,54361.0,51726.0,47067.0,0.897,304.4,7.69,1.1,3.51,2.0,-1.0,13.61,0.019,0.221,3.0,2.0,0.0,0.0,24.17,23.65,23.09,23.4,23.52,25.7,23.35,23.74,23.38,30.18
2016-07-28 05:26:00-05:00,4.158152,9.022136,575783,25.13,0.0,13.47,25.47,339.9,276.3,274.3,272.2,2.667,2.61,2.624,339.3,3.035,60.21,0.5509999990463257,1452494.0,341.0,0.9769999980926514,4.517000198364258,0.0,0.0,0.0,0.0,0.0,0.0,0.0,0.0,25.1,23.55,12.93,10.41,11.27,11.22,60.0,59.9,74.7,0.0,275.0,274.0,275.0,0.292,-8.23,8.27,619.0,1442806.0,42635.0,133364.0,-0.042,0.979,0.748,0.921,0.378,0.474,0.469,0.469,0.497,0.346,0.42,0.121,0.153,0.152,0.152,0.161,0.11,0.136,53270.0,54075.0,53527.0,53362.0,54361.0,51726.0,47067.0,0.865,302.1,11.72,1.2,3.51,2.0,-1.0,13.61,0.019,0.221,3.0,2.0,0.0,0.0,24.22,23.73,23.08,23.43,23.51,25.7,23.37,23.74,23.38,30.19
2016-07-28 05:27:00-05:00,5.1085873,9.806669,575784,25.13,0.0,14.16,25.48,343.8,276.3,274.2,272.1,2.667,2.61,2.624,343.3,2.898,60.22,0.5490000247955322,1452494.0,345.1,0.953000009059906,4.517000198364258,0.0,0.0,0.0,0.0,0.0,0.0,0.0,0.0,25.09,23.56,13.57,10.42,11.27,11.28,60.0,59.9,74.7,0.0,275.0,273.6,275.0,0.15,-8.26,8.28,619.0,1442806.0,42635.0,133364.0,-0.024,0.979,0.748,0.921,0.325,0.414,0.396,0.408,0.398,0.278,0.371,0.106,0.137,0.131,0.135,0.131,0.09,0.123,53270.0,54075.0,53527.0,53362.0,54361.0,51726.0,47067.0,0.753,307.0,10.84,1.1,3.51,2.0,-1.0,13.61,0.019,0.221,3.0,2.0,0.0,0.0,24.23,23.73,23.14,23.45,23.54,25.79,23.35,23.76,23.47,30.2
2016-07-28 05:28:00-05:00,6.2966304,10.591203,575785,25.13,0.0,14.84,25.49,342.4,276.3,274.0,272.0,2.925,2.863,2.878,342.4,3.487,60.23,0.6000000238418579,1452494.0,344.3,1.1469999551773071,4.583000183105469,0.0,0.0,0.0,0.0,0.0,0.0,0.0,0.0,25.14,23.65,14.31,10.32,11.23,11.24,60.0,59.9,74.7,0.0,275.0,273.2,275.0,0.315,-8.17,8.2,619.0,1442806.0,42635.0,133364.0,-0.045,0.979,0.748,0.921,0.395,0.521,0.504,0.529,0.541,0.39,0.468,0.129,0.172,0.167,0.175,0.179,0.127,0.155,53270.0,54075.0,53527.0,53362.0,54361.0,51726.0,47067.0,0.872,308.5,6.64,1.1,3.51,2.0,-1.0,13.61,0.019,0.221,3.0,2.0,0.0,0.0,24.38,23.73,23.19,23.5,23.54,25.8,23.45,23.82,23.47,30.26
2016-07-28 05:29:00-05:00,7.36587,11.375736,575786,25.13,0.0,15.65,25.48,341.6,276.1,273.9,271.8,3.356,3.283,3.302,341.0,4.122,60.19,0.6859999895095825,1452494.0,343.1,1.3609999418258667,4.650000095367432,0.0,0.0,0.0,0.0,0.0,0.0,0.0,0.0,25.15,23.72,15.1,10.1,11.18,11.11,60.0,59.9,74.7,0.0,274.7,273.0,275.0,0.617,-7.994,8.06,619.0,1442806.0,42635.0,133364.0,-0.084,0.979,0.748,0.921,0.45,0.716,0.692,0.705,0.683,0.542,0.551,0.148,0.237,0.229,0.234,0.226,0.178,0.183,53270.0,54075.0,53527.0,53362.0,54361.0,51726.0,47067.0,0.73,304.9,12.11,1.0,3.51,2.0,-1.0,13.61,0.019,0.221,3.0,2.0,0.0,0.0,24.41,23.82,23.17,23.45,23.56,25.8,23.46,23.84,23.47,30.28
2016-07-28 05:30:00-05:00,8.316303,12.272345,575787,25.13,0.0,16.32,25.44,341.7,276.4,273.9,271.8,3.356,3.283,3.302,341.2,4.388,60.2,0.6859999895095825,1452494.0,343.1,1.4470000267028809,4.650000095367432,0.0,0.0,0.0,0.0,0.0,0.0,0.0,0.0,25.06,23.73,15.88,10.1,11.16,11.1,60.0,59.9,74.7,0.0,274.9,273.0,275.0,0.732,-7.968,8.05,619.0,1442806.0,42635.0,133364.0,-0.099,0.979,0.748,0.921,0.526,0.771,0.747,0.761,0.743,0.59,0.616,0.173,0.255,0.247,0.252,0.246,0.194,0.204,53270.0,54075.0,53527.0,53362.0,54361.0,51726.0,47067.0,0.423,308.8,42.54,0.8,3.51,2.0,-1.0,13.61,0.019,0.221,3.0,2.0,0.0,0.0,24.4,23.88,23.19,23.45,23.54,25.83,23.46,23.85,23.47,30.26
2016-07-28 05:31:00-05:00,9.147934,12.944803,575788,25.12,0.0,16.85,25.42,341.9,276.0,273.6,271.6,3.356,3.283,3.302,341.4,4.597,60.11,0.6850000023841858,1452494.0,343.9,1.5169999599456787,4.650000095367432,0.0,0.0,0.0,0.0,0.0,0.0,0.0,0.0,25.08,23.73,16.5,10.07,11.15,11.08,60.0,59.9,74.7,0.0,274.0,273.0,274.5,0.758,-7.949,8.03,619.0,1442806.0,42635.0,133364.0,-0.103,0.979,0.748,0.921,0.559,0.712,0.709,0.707,0.727,0.58,0.625,0.183,0.236,0.235,0.234,0.241,0.191,0.207,53270.0,54075.0,53527.0,53362.0,54361.0,51726.0,47067.0,0.398,86.9,34.31,0.8,3.509,2.0,-1.0,13.61,0.019,0.221,3.0,2.0,0.0,0.0,24.35,23.84,23.25,23.52,23.54,25.83,23.46,23.84,23.47,30.28
2016-07-28 05:32:00-05:00,9.741957,13.505184,575789,25.1,0.0,17.36,25.36,345.1,275.6,273.7,271.5,3.047,2.947,2.963,344.0,4.548,60.13,0.625,1452494.0,346.3,1.5010000467300415,4.566999912261963,0.0,0.0,0.0,0.0,0.0,0.0,0.0,0.0,25.05,23.75,17.05,10.24,11.22,11.13,60.0,59.9,74.7,0.0,274.0,273.0,274.0,0.658,-8.05,8.13,619.0,1442806.0,42635.0,133364.0,-0.091,0.979,0.748,0.921,0.534,0.647,0.619,0.652,0.679,0.509,0.566,0.175,0.215,0.205,0.216,0.225,0.167,0.188,53270.0,54075.0,53527.0,53362.0,54361.0,51726.0,47067.0,0.493,50.86,22.16,0.9,3.51,2.0,-1.0,13.61,0.019,0.221,3.0,2.0,0.0,0.0,24.32,23.87,23.27,23.56,23.62,25.8,23.47,23.84,23.47,30.28
2016-07-28 05:33:00-05:00,10.692391,14.289718,575790,25.1,0.0,18.14,25.34,347.6,275.7,273.4,271.3,2.667,2.61,2.659,346.9,4.553,60.12,0.5540000200271606,1452494.0,348.7,1.5049999952316284,4.517000198364258,0.0,0.0,0.0,0.0,0.0,0.0,0.0,0.0,25.04,23.76,17.86,10.43,11.29,11.16,60.0,59.9,74.7,0.0,274.0,273.0,274.0,0.669,-8.13,8.24,619.0,1442806.0,42635.0,133364.0,-0.091,0.979,0.748,0.921,0.519,0.601,0.629,0.638,0.684,0.478,0.579,0.171,0.199,0.209,0.212,0.227,0.157,0.193,53270.0,54075.0,53527.0,53362.0,54361.0,51726.0,47067.0,0.413,42.95,55.96,0.8,3.51,2.0,-1.0,13.61,0.019,0.221,3.0,2.0,0.0,0.0,24.32,23.88,23.29,23.56,23.66,25.8,23.53,23.84,23.49,30.28
2016-07-28 05:34:00-05:00,11.999239,15.634631,575791,25.1,0.0,19.29,25.34,348.7,275.6,273.6,271.4,2.738,2.61,2.728,347.8,4.959,60.16,0.5929999947547913,1452494.0,349.8,1.6399999856948853,4.517000198364258,0.0,0.0,0.0,0.0,0.0,0.0,0.0,0.0,25.04,23.78,19.15,10.42,11.3,11.13,60.0,59.9,74.7,0.0,274.0,273.0,274.0,0.82,-8.09,8.24,619.0,1442806.0,42636.0,133364.0,-0.113,0.979,0.748,0.921,0.599,0.694,0.687,0.68,0.742,0.503,0.642,0.197,0.231,0.229,0.226,0.247,0.165,0.214,53270.0,54075.0,53527.0,53362.0,54361.0,51726.0,47067.0,0.227,311.3,64.57,0.6,3.512,2.0,-1.0,13.61,0.019,0.221,3.0,2.0,0.0,0.0,24.38,23.96,23.28,23.54,23.72,25.86,23.54,23.84,23.52,30.36
2016-07-28 05:35:00-05:00,13.5436945,16.979548,575792,25.1,0.0,20.66,25.36,346.6,275.4,273.5,271.3,3.641,3.566,4.0,346.3,6.41,60.22,1.1399999856948853,1452494.0,348.3,2.132999897003174,4.632999897003174,0.0,0.0,0.0,0.0,0.0,0.0,0.0,0.0,25.06,23.83,20.59,10.28,11.3,11.08,60.0,59.9,74.7,0.0,274.0,273.0,274.0,1.182,-7.912,8.12,619.0,1442806.0,42636.0,133364.0,-0.166,0.979,0.748,0.921,0.782,0.891,0.89,0.869,0.943,0.721,0.823,0.26,0.298,0.298,0.291,0.315,0.239,0.275,53270.0,54075.0,53527.0,53362.0,54361.0,51726.0,47067.0,0.45,25.36,41.57,1.0,3.51,2.0,-1.0,13.61,0.019,0.221,3.0,2.0,0.0,0.0,24.43,23.96,23.25,23.54,23.72,25.86,23.56,23.86,23.57,30.37
2016-07-28 05:36:00-05:00,14.850544,18.324461,575793,25.1,0.0,21.99,25.44,346.7,275.6,273.5,271.4,4.235,4.116,4.377,345.7,7.522,60.16,1.4570000171661377,1452494.0,347.7,2.503000020980835,4.650000095367432,0.0,0.0,0.0,0.0,0.0,0.0,0.0,0.0,25.11,23.9,21.96,10.19,11.27,11.0,60.0,59.9,74.7,0.0,274.0,273.0,274.0,1.432,-7.816,8.08,619.0,1442806.0,42636.0,133364.0,-0.19,0.979,0.748,0.921,0.853,0.989,0.991,0.991,1.036,0.836,0.903,0.283,0.331,0.332,0.332,0.348,0.279,0.302,53270.0,54075.0,53527.0,53362.0,54361.0,51726.0,47067.0,0.423,355.7,37.71,0.9,3.512,2.0,-1.0,13.61,0.019,0.221,3.0,2.0,0.0,0.0,24.51,24.01,23.29,23.63,23.76,25.9,23.58,23.87,23.59,30.37
2016-07-28 05:37:00-05:00,16.15739,19.781452,575794,25.1,0.0,23.18,25.49,349.9,275.7,273.2,271.2,4.395,4.31,4.396,349.0,8.01,60.19,1.6130000352859497,1452494.0,351.1,2.7019999027252197,4.632999897003174,0.0,0.0,0.0,0.0,0.0,0.0,0.0,0.0,25.16,23.95,23.28,10.25,11.31,11.04,60.0,59.9,74.7,0.0,274.0,273.0,274.0,1.527,-7.815,8.12,619.0,1442806.0,42636.0,133364.0,-0.201,0.979,0.748,0.921,0.906,1.024,0.99,1.01,1.035,0.89,0.895,0.305,0.347,0.335,0.342,0.351,0.299,0.303,53270.0,54075.0,53527.0,53362.0,54361.0,51726.0,47067.0,0.425,338.6,42.94,0.9,3.512,2.0,-1.0,13.61,0.019,0.221,3.0,2.0,0.0,0.0,24.51,24.08,23.38,23.66,23.77,25.9,23.64,23.99,23.67,30.39
2016-07-28 05:38:00-05:00,17.583044,21.35052,575795,25.1,0.0,24.66,25.5,353.6,275.4,273.4,271.3,4.621,4.567,4.585,352.8,8.92,60.21,1.746999979019165,1452494.0,354.6,3.061000108718872,4.632999897003174,0.0,0.0,0.0,0.0,0.0,0.0,0.0,0.0,25.17,24.04,24.79,10.31,11.39,11.06,60.0,59.9,74.7,0.0,274.0,273.0,274.0,1.784,-7.762,8.15,619.0,1442806.0,42636.0,133364.0,-0.232,0.979,0.748,0.921,0.967,1.146,1.129,1.126,1.159,0.978,0.998,0.332,0.395,0.389,0.388,0.4,0.335,0.344,53270.0,54075.0,53527.0,53362.0,54361.0,51726.0,47067.0,0.518,11.17,42.44,0.9,3.51,2.0,-1.0,13.61,0.019,0.221,3.0,2.0,0.0,0.0,24.61,24.14,23.48,23.68,23.86,26.0,23.66,24.07,23.72,30.47
2016-07-28 05:39:00-05:00,19.483913,23.367891,575796,25.1,0.0,26.54,25.48,357.8,275.7,273.6,271.5,3.989,3.886,4.256,356.9,7.613,60.22,1.6660000085830688,1452494.0,359.3,2.617000102996826,4.5329999923706055,0.0,0.0,0.0,0.0,0.0,0.0,0.0,0.0,25.2,24.11,26.63,10.59,11.57,11.16,60.0,59.9,74.7,0.0,274.0,273.0,274.0,1.774,-7.906,8.37,619.0,1442806.0,42636.0,133364.0,-0.226,0.979,0.748,0.921,0.936,1.107,1.091,1.107,1.119,0.937,0.931,0.321,0.382,0.376,0.382,0.386,0.321,0.321,53270.0,54075.0,53527.0,53362.0,54361.0,51726.0,47067.0,0.272,350.0,66.0,0.6,3.51,2.0,-1.0,13.61,0.019,0.221,3.0,2.0,0.0,0.0,24.71,24.18,23.48,23.76,23.87,26.03,23.74,24.05,23.77,30.47
2016-07-28 05:40:00-05:00,22.097609,25.72149,575797,25.1,0.0,28.89,25.48,359.4,275.7,273.5,271.4,4.163,4.304,4.372,359.1,8.45,60.2,1.965999960899353,1452495.0,361.9,2.9119999408721924,4.517000198364258,0.0,0.0,0.0,0.0,0.0,0.0,0.0,0.0,25.2,24.18,28.84,10.77,11.71,11.24,60.0,59.9,74.7,0.0,274.0,273.0,274.0,1.97,-7.907,8.5,619.0,1442806.0,42636.0,133364.0,-0.244,0.979,0.748,0.921,1.022,1.201,1.185,1.191,1.207,1.031,1.023,0.351,0.415,0.409,0.412,0.417,0.353,0.353,53270.0,54075.0,53527.0,53362.0,54361.0,51726.0,47067.0,0.408,25.29,38.29,0.8,3.51,2.0,-1.0,13.61,0.019,0.221,3.0,2.0,0.0,0.0,24.77,24.24,23.63,23.84,24.0,26.09,23.84,24.13,23.85,30.57
2016-07-28 05:41:00-05:00,25.305326,28.635471,575798,25.1,0.0,31.77,25.48,348.1,275.7,273.3,271.2,7.895,8.36,8.44,347.9,16.58,60.21,4.031000137329102,1452495.0,350.5,5.709000110626221,4.900000095367432,0.0,0.0,0.0,0.0,0.0,0.0,0.0,0.0,25.15,24.21,31.73,10.54,12.14,11.36,60.0,59.9,74.7,0.0,274.0,273.0,274.0,4.406,-7.096,8.54,619.0,1442806.0,42636.0,133364.0,-0.518,0.979,0.748,0.921,2.172,2.359,2.291,2.304,2.398,2.191,2.012,0.749,0.814,0.791,0.795,0.827,0.755,0.694,53270.0,54075.0,53527.0,53362.0,54361.0,51726.0,47067.0,,0.0,0.0,,,2.0,-1.0,13.61,0.019,0.221,3.0,2.0,0.0,0.0,24.8,24.29,23.67,23.92,24.05,26.18,23.95,24.23,23.96,30.59
2016-07-28 05:42:00-05:00,29.344675,31.997759,575799,25.12,0.0,35.13,25.51,344.9,275.7,273.4,271.3,9.89,10.55,10.47,344.2,21.57,60.22,5.386000156402588,1452495.0,346.3,7.425000190734863,5.0,0.0,0.0,0.0,0.0,0.0,0.0,0.0,0.0,25.18,24.28,34.98,10.91,12.78,11.81,60.0,59.9,74.7,0.0,274.0,273.0,274.0,5.863,-6.786,8.97,619.0,1442806.0,42637.0,133364.0,-0.653,0.979,0.748,0.921,2.816,2.982,2.911,2.963,3.029,2.786,2.562,0.971,1.029,1.004,1.022,1.045,0.961,0.884,53270.0,54075.0,53527.0,53362.0,54361.0,51726.0,47067.0,0.577,10.19,23.06,1.0,3.51,2.0,-1.0,13.61,0.019,0.221,3.0,2.0,0.0,0.0,24.87,24.41,23.8,24.03,24.23,26.24,24.08,24.38,24.05,30.67
2016-07-28 05:43:00-05:00,33.38402,35.696274,575800,25.13,0.0,38.67,25.59,344.4,275.3,273.3,271.3,10.79,11.81,11.74,343.7,24.73,60.23,6.333000183105469,1452495.0,345.9,8.5,5.0,0.0,0.0,0.0,0.0,0.0,0.0,0.0,0.0,25.2,24.35,38.61,11.61,13.56,12.44,60.0,59.9,74.7,0.0,274.0,272.8,274.0,6.859,-6.649,9.56,619.0,1442806.0,42637.0,133364.0,-0.717,0.979,0.748,0.921,3.24,3.414,3.315,3.373,3.457,3.214,2.91,1.116,1.176,1.142,1.162,1.19,1.107,1.002,53270.0,54075.0,53527.0,53362.0,54361.0,51726.0,47067.0,0.173,19.2,78.89,0.4,3.51,2.0,-1.0,13.61,0.019,0.221,3.0,2.0,0.0,0.0,24.9,24.45,23.89,24.15,24.28,26.34,24.2,24.49,24.16,30.67
2016-07-28 05:44:00-05:00,36.94815,39.05856,575801,25.13,0.0,42.13,25.59,344.3,275.3,273.2,271.1,11.97,13.01,12.88,343.7,27.65,60.22,7.302000045776367,1452495.0,345.6,9.5,5.0,0.0,0.0,0.0,0.0,0.0,0.0,0.0,0.0,25.25,24.47,42.11,12.38,14.34,13.13,60.0,59.9,74.7,0.0,274.0,272.6,274.0,7.818,-6.506,10.17,619.0,1442806.0,42637.0,133364.0,-0.768,0.979,0.748,0.921,3.637,3.815,3.716,3.781,3.885,3.628,3.252,1.252,1.314,1.279,1.302,1.337,1.249,1.12,53270.0,54075.0,53527.0,53362.0,54361.0,51726.0,47067.0,0.247,332.5,48.1,0.6,3.51,2.0,-1.0,13.61,0.019,0.221,3.0,2.0,0.0,0.0,25.03,24.57,24.0,24.25,24.4,26.44,24.3,24.59,24.27,30.77
2016-07-28 05:45:00-05:00,40.15587,42.308773,575802,25.13,0.0,45.39,25.58,343.7,275.4,273.0,270.9,12.97,14.22,14.0,343.0,30.1,60.22,8.220000267028809,1452495.0,345.4,10.329999923706055,5.0,0.0,0.0,0.0,0.0,0.0,0.0,0.0,0.0,25.26,24.56,45.37,13.19,15.1,13.84,60.0,59.9,74.7,0.0,273.9,272.0,274.0,8.7,-6.368,10.79,619.0,1442806.0,42637.0,133364.0,-0.807,0.979,0.748,0.921,4.009,4.208,4.111,4.165,4.276,3.989,3.606,1.378,1.446,1.413,1.432,1.47,1.371,1.24,53270.0,54075.0,53527.0,53362.0,54361.0,51726.0,47067.0,0.447,7.523,39.2,0.9,3.51,2.0,-1.0,13.61,0.019,0.221,3.0,2.0,0.0,0.0,25.13,24.67,24.14,24.39,24.56,26.54,24.46,24.72,24.39,30.8
2016-07-28 05:46:00-05:00,43.00717,45.22275,575803,25.14,0.0,48.33,25.61,343.6,275.2,272.7,270.7,13.95,15.17,15.0,343.2,32.84,60.16,9.020000457763672,1452495.0,345.3,11.270000457763672,5.0,0.0,0.0,0.0,0.0,0.0,0.0,0.0,0.0,25.28,24.69,48.34,13.86,15.79,14.47,60.0,59.9,74.7,0.0,273.1,272.0,273.8,9.45,-6.221,11.32,619.0,1442807.0,42637.0,133364.0,-0.835,0.979,0.748,0.921,4.338,4.548,4.453,4.477,4.607,4.337,3.897,1.491,1.563,1.53,1.538,1.583,1.49,1.339,53270.0,54075.0,53527.0,53362.0,54361.0,51726.0,47067.0,0.733,359.9,16.2,1.0,3.509,2.0,-1.0,13.61,0.019,0.221,3.0,2.0,0.0,0.0,25.23,24.76,24.28,24.49,24.6,26.67,24.55,24.85,24.55,30.86
2016-07-28 05:47:00-05:00,45.264458,47.46428,575804,25.16,0.0,50.61,25.6,343.8,275.1,272.8,270.9,14.72,15.99,15.83,343.3,33.9,60.14,9.6899995803833,1452496.0,345.3,11.640000343322754,5.0,0.0,0.0,0.0,0.0,0.0,0.0,0.0,0.0,25.28,24.79,50.62,14.39,16.37,14.97,60.0,59.9,74.7,0.0,273.1,272.0,274.0,10.05,-6.119,11.76,619.0,1442807.0,42637.0,133364.0,-0.854,0.979,0.748,0.921,4.595,4.783,4.711,4.764,4.824,4.53,4.137,1.58,1.644,1.619,1.637,1.658,1.557,1.422,53270.0,54075.0,53527.0,53362.0,54361.0,51726.0,47067.0,,0.0,0.0,,,2.0,-1.0,13.61,0.019,0.221,3.0,2.0,0.0,0.0,25.33,24.91,24.36,24.64,24.73,26.81,24.7,25.01,24.7,30.95
2016-07-28 05:48:00-05:00,47.28413,49.48165,575805,25.16,0.0,52.67,25.59,343.1,274.9,272.6,270.6,15.48,16.76,16.54,342.6,36.43,60.14,10.300000190734863,1452496.0,344.7,12.479999542236328,5.0,0.0,0.0,0.0,0.0,0.0,0.0,0.0,0.0,25.31,24.88,52.58,14.95,16.96,15.52,60.0,59.9,74.7,0.0,273.0,272.0,273.1,10.62,-6.027,12.21,619.0,1442807.0,42637.0,133364.0,-0.869,0.979,0.748,0.921,4.84,5.048,4.97,4.995,5.106,4.801,4.354,1.661,1.732,1.705,1.714,1.752,1.647,1.494,53270.0,54075.0,53527.0,53362.0,54361.0,51726.0,47067.0,0.505,49.32,20.85,0.8,3.51,2.0,-1.0,13.61,0.019,0.221,3.0,2.0,0.0,0.0,25.46,24.99,24.49,24.75,24.88,26.93,24.87,25.13,24.83,31.01
2016-07-28 05:49:00-05:00,49.660217,51.72317,575806,25.17,0.0,54.98,25.6,343.0,274.8,272.6,270.6,16.22,17.66,17.31,342.6,37.72,60.14,10.970000267028809,1452496.0,344.5,12.920000076293945,5.0,0.0,0.0,0.0,0.0,0.0,0.0,0.0,0.0,25.32,25.0,54.83,15.54,17.64,16.11,60.0,59.9,74.7,0.0,273.0,272.0,273.0,11.25,-5.92,12.71,619.0,1442807.0,42637.0,133364.0,-0.885,0.979,0.748,0.921,5.099,5.324,5.224,5.264,5.391,5.029,4.593,1.749,1.826,1.792,1.806,1.849,1.725,1.576,53270.0,54075.0,53527.0,53362.0,54361.0,51726.0,47067.0,0.665,5.01,9.81,0.9,3.51,2.0,-1.0,13.61,0.019,0.221,3.0,2.0,0.0,0.0,25.55,25.12,24.68,24.88,25.0,27.04,24.98,25.24,24.97,31.08
2016-07-28 05:50:00-05:00,52.273914,53.964695,575807,25.19,0.0,57.09,25.63,342.9,274.8,272.8,270.8,16.82,18.27,17.96,342.4,40.25,60.14,11.489999771118164,1452496.0,344.4,13.779999732971191,5.0,0.0,0.0,0.0,0.0,0.0,0.0,0.0,0.0,25.33,25.12,56.89,16.05,18.2,16.65,60.0,59.9,74.7,0.0,273.1,272.0,273.1,11.79,-5.829,13.16,619.0,1442807.0,42637.0,133364.0,-0.896,0.979,0.748,0.921,5.33,5.556,5.462,5.51,5.633,5.242,4.797,1.828,1.905,1.873,1.889,1.931,1.798,1.645,53270.0,54075.0,53527.0,53362.0,54361.0,51726.0,47067.0,0.397,44.94,30.74,0.7,3.509,2.0,-1.0,13.61,0.019,0.221,3.0,2.0,0.0,0.0,25.64,25.2,24.79,24.99,25.11,27.14,25.07,25.35,25.1,31.16
2016-07-28 05:51:00-05:00,54.531197,55.86999,575808,25.2,0.0,58.99,25.6,342.7,274.7,272.8,270.8,17.37,18.92,18.51,341.9,41.3,60.2,11.979999542236328,1452497.0,344.2,14.119999885559082,5.0,0.0,0.0,0.0,0.0,0.0,0.0,0.0,0.0,25.35,25.21,58.76,16.54,18.66,17.1,60.0,59.9,74.7,0.0,273.0,272.0,273.0,12.25,-5.769,13.54,619.0,1442807.0,42638.0,133364.0,-0.905,0.979,0.748,0.921,5.523,5.757,5.685,5.716,5.85,5.456,4.974,1.893,1.973,1.948,1.959,2.005,1.87,1.705,53270.0,54075.0,53527.0,53362.0,54361.0,51726.0,47067.0,0.31,51.62,57.96,0.6,3.51,2.0,-1.0,13.61,0.019,0.221,3.0,2.0,0.0,0.0,25.73,25.31,24.93,25.09,25.21,27.29,25.24,25.47,25.2,31.21
2016-07-28 05:52:00-05:00,56.550873,57.551136,575809,25.22,0.0,60.76,25.65,342.9,274.9,272.6,270.7,17.88,19.45,19.08,342.1,42.68,60.14,12.420000076293945,1452497.0,343.0,14.600000381469727,5.0,0.0,0.0,0.0,0.0,0.0,0.0,0.0,0.0,25.39,25.31,60.54,16.95,19.12,17.49,60.0,59.9,74.7,0.0,273.0,272.0,273.0,12.67,-5.689,13.89,619.0,1442808.0,42638.0,133364.0,-0.912,0.979,0.748,0.921,5.738,5.986,5.832,5.906,6.034,5.64,5.109,1.967,2.052,2.0,2.025,2.069,1.934,1.751,53270.0,54075.0,53527.0,53362.0,54361.0,51726.0,47067.0,0.608,18.59,20.31,1.0,3.509,2.0,-1.0,13.61,0.019,0.221,3.0,2.0,0.0,0.0,25.85,25.42,25.05,25.24,25.29,27.4,25.35,25.6,25.33,31.29
2016-07-28 05:53:00-05:00,57.97652,58.6719,575810,25.23,0.0,61.81,25.68,342.5,274.7,272.5,270.5,18.23,19.72,19.44,341.9,44.21,60.14,12.6899995803833,1452497.0,344.1,15.109999656677246,5.0,0.0,0.0,0.0,0.0,0.0,0.0,0.0,0.0,25.39,25.41,61.61,17.22,19.39,17.76,60.0,59.9,74.7,0.0,273.0,272.0,273.0,12.94,-5.65,14.12,619.0,1442808.0,42638.0,133364.0,-0.916,0.979,0.748,0.921,5.829,6.069,5.972,6.051,6.173,5.701,5.249,1.997,2.079,2.045,2.072,2.114,1.953,1.798,53270.0,54075.0,53527.0,53362.0,54361.0,51726.0,47067.0,0.378,2.348,48.36,0.9,3.505,2.0,-1.0,13.61,0.019,0.222,3.0,2.0,0.0,0.0,25.93,25.52,25.13,25.34,25.4,27.46,25.45,25.68,25.45,31.37
2016-07-28 05:54:00-05:00,58.21413,58.783978,575811,25.25,0.0,61.69,25.71,342.7,274.7,272.5,270.5,18.2,19.7,19.41,342.1,44.33,60.19,12.65999984741211,1452497.0,344.0,15.15999984741211,5.0,0.0,0.0,0.0,0.0,0.0,0.0,0.0,0.0,25.44,25.5,61.88,17.2,19.35,17.72,60.0,59.9,74.7,0.0,273.0,272.0,273.0,12.9,-5.658,14.09,619.0,1442808.0,42638.0,133364.0,-0.916,0.979,0.748,0.921,5.794,6.07,5.955,6.039,6.165,5.639,5.235,1.986,2.08,2.041,2.069,2.113,1.932,1.794,53270.0,54075.0,53527.0,53362.0,54361.0,51726.0,47067.0,0.393,11.86,58.43,0.8,3.51,2.0,-1.0,13.61,0.019,0.221,3.0,2.0,0.0,0.0,26.01,25.62,25.21,25.4,25.52,27.56,25.57,25.78,25.55,31.45
2016-07-28 05:55:00-05:00,57.02609,57.99944,575812,25.27,0.0,60.61,25.7,342.9,274.7,272.2,270.3,17.83,19.42,19.01,342.3,42.9,60.22,12.359999656677246,1452498.0,344.3,14.680000305175781,5.0,0.0,0.0,0.0,0.0,0.0,0.0,0.0,0.0,25.43,25.55,61.65,16.93,19.05,17.45,60.0,59.9,74.7,0.0,273.0,271.8,273.0,12.61,-5.705,13.84,619.0,1442808.0,42638.0,133364.0,-0.911,0.979,0.748,0.921,5.683,5.953,5.8,5.892,6.063,5.489,5.13,1.949,2.041,1.989,2.02,2.079,1.882,1.759,53270.0,54075.0,53527.0,53362.0,54361.0,51726.0,47067.0,,0.0,0.0,,,2.0,-1.0,13.61,0.019,0.221,3.0,2.0,0.0,0.0,26.06,25.7,25.28,25.52,25.6,27.64,25.61,25.86,25.63,31.53
2016-07-28 05:56:00-05:00,55.24402,56.430374,575813,25.28,0.0,58.8,25.72,342.7,275.5,273.0,271.1,17.16,18.69,18.26,342.7,41.3,60.18,11.8100004196167,1452498.0,344.2,14.149999618530273,5.0,0.0,0.0,0.0,0.0,0.0,0.0,0.0,0.0,25.42,25.58,60.81,16.39,18.51,16.91,60.0,59.9,74.7,0.0,273.5,272.4,273.7,12.11,-5.811,13.44,619.0,1442809.0,42638.0,133364.0,-0.902,0.979,0.748,0.921,5.484,5.757,5.568,5.655,5.893,5.273,4.925,1.879,1.973,1.908,1.938,2.02,1.807,1.688,53270.0,54075.0,53527.0,53362.0,54361.0,51726.0,47067.0,0.492,50.96,33.41,1.0,3.512,2.0,-1.0,13.61,0.019,0.221,3.0,2.0,0.0,0.0,26.07,25.73,25.33,25.6,25.63,27.71,25.69,25.89,25.69,31.58
2016-07-28 05:57:00-05:00,54.174778,55.085464,575814,25.31,0.0,57.32,25.72,342.8,275.8,273.6,271.6,16.59,18.15,17.68,342.3,40.74,60.19,11.369999885559082,1452498.0,344.2,13.949999809265137,5.0,0.0,0.0,0.0,0.0,0.0,0.0,0.0,0.0,25.43,25.63,59.1,15.91,18.03,16.44,60.0,59.9,74.7,0.0,274.0,273.0,274.0,11.66,-5.904,13.07,619.0,1442809.0,42638.0,133364.0,-0.892,0.979,0.748,0.921,5.303,5.553,5.376,5.475,5.684,5.074,4.77,1.818,1.903,1.843,1.877,1.948,1.739,1.635,53270.0,54075.0,53527.0,53362.0,54361.0,51726.0,47067.0,0.573,40.72,27.39,0.9,3.507,2.0,-1.0,13.61,0.019,0.221,3.0,2.0,0.0,0.0,26.07,25.78,25.4,25.61,25.68,27.76,25.74,26.02,25.72,31.68
2016-07-28 05:58:00-05:00,54.768806,55.421688,575815,25.33,0.0,57.47,25.74,342.3,275.5,273.4,271.4,16.76,18.22,17.79,341.5,41.03,60.15,11.449999809265137,1452498.0,344.3,14.010000228881836,5.0,0.0,0.0,0.0,0.0,0.0,0.0,0.0,0.0,25.5,25.63,59.53,15.98,18.11,16.52,60.0,59.9,74.7,0.0,274.0,273.0,274.0,11.72,-5.885,13.12,619.0,1442809.0,42638.0,133364.0,-0.894,0.979,0.748,0.921,5.326,5.604,5.425,5.498,5.741,5.105,4.807,1.823,1.918,1.857,1.882,1.965,1.747,1.645,53270.0,54075.0,53527.0,53362.0,54361.0,51726.0,47067.0,0.45,352.9,24.14,0.9,3.508,2.0,-1.0,13.61,0.019,0.221,3.0,2.0,0.0,0.0,26.05,25.88,25.42,25.6,25.71,27.76,25.77,25.99,25.74,31.76
2016-07-28 05:59:00-05:00,56.432068,56.54245,575816,25.35,0.0,58.26,25.84,342.3,275.3,273.4,271.4,17.14,18.66,18.3,341.6,41.36,60.15,11.8100004196167,1452499.0,343.6,14.130000114440918,5.0,0.0,0.0,0.0,0.0,0.0,0.0,0.0,0.0,25.57,25.68,61.76,16.29,18.44,16.81,60.0,59.9,74.7,0.0,274.0,272.5,274.0,12.04,-5.827,13.37,619.0,1442809.0,42638.0,133364.0,-0.9,0.979,0.748,0.921,5.474,5.754,5.553,5.599,5.944,5.214,4.94,1.874,1.97,1.901,1.917,2.035,1.785,1.691,53270.0,54075.0,53527.0,53362.0,54361.0,51726.0,47067.0,0.473,52.52,44.83,1.0,3.508,2.0,-1.0,13.61,0.019,0.221,3.0,2.0,0.0,0.0,26.12,25.88,25.42,25.69,25.69,27.81,25.79,26.0,25.81,31.84
2016-07-28 06:00:00-05:00,57.263695,57.10283,575817,25.37,0.0,58.51,25.95,342.3,275.5,273.1,271.2,17.19,18.86,18.35,341.6,41.7,60.21,11.890000343322754,1452499.0,343.9,14.239999771118164,5.0,0.0,0.0,0.0,0.0,0.0,0.0,0.0,0.0,25.73,25.77,62.88,16.45,18.57,16.97,60.0,59.9,74.7,0.0,274.0,272.1,274.0,12.17,-5.817,13.48,619.0,1442809.0,42638.0,133364.0,-0.902,0.979,0.748,0.921,5.554,5.781,5.58,5.629,6.056,5.231,5.0,1.901,1.979,1.91,1.927,2.073,1.79,1.711,53270.0,54075.0,53527.0,53362.0,54361.0,51726.0,47067.0,0.468,41.7,55.15,1.0,3.507,2.0,-1.0,13.61,0.019,0.221,3.0,2.0,0.0,0.0,26.2,25.94,25.45,25.69,25.76,27.85,25.81,26.1,25.82,31.94
2016-07-28 06:01:00-05:00,56.31326,56.65453,575818,25.4,0.0,57.98,26.05,342.6,277.0,275.2,273.1,17.1,18.52,18.21,342.1,41.48,60.14,11.829999923706055,1452499.0,344.4,14.1899995803833,5.0,0.0,0.0,0.0,0.0,0.0,0.0,0.0,0.0,25.79,25.82,62.56,16.22,18.35,16.74,60.0,59.9,74.7,0.0,275.8,274.2,275.8,12.04,-5.897,13.4,619.0,1442810.0,42638.0,133364.0,-0.898,0.979,0.748,0.921,5.457,5.72,5.483,5.572,6.05,5.158,4.91,1.869,1.959,1.878,1.909,2.072,1.767,1.682,53270.0,54075.0,53527.0,53362.0,54361.0,51726.0,47067.0,0.343,330.4,59.24,0.6,3.507,2.0,-1.0,13.61,0.019,0.222,3.0,2.0,0.0,0.0,26.23,26.01,25.5,25.78,25.79,27.85,25.89,26.08,25.85,32.04
2016-07-28 06:02:00-05:00,54.88761,55.197536,575819,25.42,0.0,56.27,26.16,342.7,277.2,275.2,273.2,16.48,18.02,17.65,342.7,41.06,60.18,11.369999885559082,1452499.0,344.9,14.069999694824219,5.0,0.0,0.0,0.0,0.0,0.0,0.0,0.0,0.0,25.97,25.9,60.98,15.79,17.93,16.33,60.0,59.9,74.7,0.0,275.9,274.0,276.0,11.61,-5.968,13.06,619.0,1442810.0,42639.0,133364.0,-0.889,0.979,0.748,0.921,5.3,5.522,5.248,5.403,5.884,4.949,4.738,1.816,1.892,1.799,1.852,2.017,1.696,1.624,53270.0,54075.0,53527.0,53362.0,54361.0,51726.0,47067.0,0.5,48.72,28.69,0.9,3.507,2.0,-1.0,13.61,0.019,0.222,3.0,2.0,0.0,0.0,26.29,25.98,25.56,25.83,25.79,27.85,25.89,26.12,25.89,32.17
2016-07-28 06:03:00-05:00,53.69957,53.51639,575820,25.46,0.0,54.57,26.18,342.7,277.1,274.8,272.8,15.88,17.32,17.01,341.9,39.52,60.23,10.8100004196167,1452500.0,344.1,13.510000228881836,5.0,0.0,0.0,0.0,0.0,0.0,0.0,0.0,0.0,26.09,25.94,57.71,15.36,17.42,15.87,60.0,59.9,74.7,0.0,275.0,274.0,275.4,11.12,-6.052,12.66,619.0,1442810.0,42639.0,133364.0,-0.878,0.979,0.748,0.921,5.062,5.29,5.082,5.217,5.601,4.799,4.569,1.735,1.813,1.742,1.788,1.919,1.644,1.566,53270.0,54075.0,53527.0,53362.0,54361.0,51726.0,47067.0,0.5,28.3,38.95,0.9,3.507,2.0,-1.0,13.61,0.019,0.222,3.0,2.0,0.0,0.0,26.34,26.06,25.6,25.79,25.84,27.93,25.95,26.2,25.92,32.27
2016-07-28 06:04:00-05:00,53.937176,53.06809,575821,25.49,0.0,54.09,26.12,341.9,277.0,274.7,272.8,15.56,16.94,16.77,341.3,38.29,60.22,10.539999961853027,1452500.0,343.4,13.069999694824219,5.0,0.0,0.0,0.0,0.0,0.0,0.0,0.0,0.0,25.96,25.95,54.41,15.07,17.14,15.6,60.0,59.9,74.7,0.0,275.0,274.0,275.2,10.83,-6.099,12.43,619.0,1442810.0,42639.0,133364.0,-0.871,0.979,0.748,0.921,4.93,5.198,5.042,5.125,5.303,4.776,4.451,1.685,1.777,1.724,1.752,1.813,1.633,1.522,53270.0,54075.0,53527.0,53362.0,54361.0,51726.0,47067.0,0.577,349.1,34.86,1.1,3.507,2.0,-1.0,13.61,0.019,0.222,3.0,2.0,0.0,0.0,26.36,26.07,25.56,25.79,25.89,27.92,25.99,26.18,25.92,32.38
2016-07-28 06:05:00-05:00,55.600433,54.18885,575822,25.52,0.0,55.29,26.0,341.7,276.5,274.8,272.8,16.03,17.46,17.05,341.2,40.28,60.22,10.890000343322754,1452500.0,343.2,13.739999771118164,5.0,0.0,0.0,0.0,0.0,0.0,0.0,0.0,0.0,25.84,25.96,55.43,15.38,17.49,15.91,60.0,59.9,74.7,0.0,275.0,274.0,275.1,11.15,-6.041,12.68,619.0,1442810.0,42639.0,133364.0,-0.879,0.979,0.748,0.921,5.063,5.338,5.191,5.265,5.435,4.922,4.565,1.73,1.824,1.774,1.799,1.857,1.682,1.56,53270.0,54075.0,53527.0,53362.0,54361.0,51726.0,47067.0,0.493,326.1,18.56,0.9,3.507,2.0,-1.0,13.61,0.019,0.222,3.0,2.0,0.0,0.0,26.34,26.07,25.61,25.84,25.89,27.86,25.99,26.18,25.92,32.53
2016-07-28 06:06:00-05:00,57.97652,56.430374,575823,25.56,0.0,57.5,26.02,341.7,276.5,274.3,272.5,16.71,18.24,17.82,340.8,41.52,60.19,11.510000228881836,1452500.0,343.3,14.149999618530273,5.0,0.0,0.0,0.0,0.0,0.0,0.0,0.0,0.0,25.86,25.95,57.72,15.95,18.1,16.46,60.0,59.9,74.7,0.0,275.0,273.8,275.0,11.73,-5.934,13.15,619.0,1442810.0,42639.0,133364.0,-0.892,0.979,0.748,0.921,5.297,5.603,5.456,5.504,5.707,5.182,4.798,1.81,1.914,1.864,1.881,1.95,1.771,1.639,53270.0,54075.0,53527.0,53362.0,54361.0,51726.0,47067.0,0.283,347.3,56.81,0.7,3.505,2.0,-1.0,13.61,0.019,0.222,3.0,2.0,0.0,0.0,26.36,26.07,25.6,25.89,25.94,27.91,26.0,26.18,25.99,32.68
2016-07-28 06:07:00-05:00,61.421852,59.456432,575824,25.59,0.0,60.46,26.06,341.3,276.2,274.2,272.4,17.65,19.3,18.87,340.5,44.76,60.13,12.350000381469727,1452500.0,343.9,15.239999771118164,5.0,0.0,0.0,0.0,0.0,0.0,0.0,0.0,0.0,25.91,25.98,61.51,16.81,18.99,17.32,60.0,59.9,74.7,0.0,275.0,273.2,275.0,12.6,-5.789,13.86,619.0,1442811.0,42639.0,133364.0,-0.908,0.979,0.748,0.921,5.701,6.042,5.782,5.903,6.16,5.503,5.12,1.945,2.062,1.973,2.015,2.102,1.878,1.747,53270.0,54075.0,53527.0,53362.0,54361.0,51726.0,47067.0,0.228,4.657,62.98,0.5,3.51,2.0,-1.0,13.61,0.019,0.222,3.0,2.0,0.0,0.0,26.36,26.12,25.68,25.94,25.99,27.94,26.08,26.25,26.02,32.76
2016-07-28 06:08:00-05:00,64.86717,62.594566,575825,25.63,0.0,63.41,26.1,341.5,276.2,274.2,272.3,18.94,20.55,20.12,340.7,48.02,60.14,13.390000343322754,1452501.0,343.3,16.360000610351562,5.0,0.0,0.0,0.0,0.0,0.0,0.0,0.0,0.0,25.96,26.05,65.66,17.84,20.01,18.27,60.0,59.9,74.7,0.0,274.8,273.1,275.0,13.59,-5.628,14.71,619.0,1442811.0,42639.0,133364.0,-0.924,0.979,0.748,0.921,6.112,6.481,6.16,6.341,6.709,5.836,5.554,2.087,2.213,2.103,2.165,2.291,1.993,1.896,53270.0,54075.0,53527.0,53362.0,54361.0,51726.0,47067.0,0.268,128.3,71.93,0.7,3.51,2.0,-1.0,13.61,0.019,0.222,3.0,2.0,0.0,0.0,26.44,26.17,25.73,25.99,26.0,27.99,26.12,26.33,26.08,32.9
2016-07-28 06:09:00-05:00,68.90652,65.62063,575826,25.66,0.0,66.48,26.07,340.8,276.5,273.7,271.9,20.01,21.67,21.21,340.1,50.54,60.15,14.289999961853027,1452501.0,342.3,17.190000534057617,5.0,0.0,0.0,0.0,0.0,0.0,0.0,0.0,0.0,25.92,26.09,69.07,18.76,20.96,19.19,60.0,59.9,74.7,0.0,274.1,273.0,275.0,14.47,-5.477,15.47,619.0,1442811.0,42639.0,133364.0,-0.935,0.979,0.748,0.921,6.497,6.954,6.522,6.723,7.145,6.218,5.87,2.214,2.37,2.223,2.291,2.435,2.119,2.0,53270.0,54075.0,53527.0,53362.0,54361.0,51726.0,47067.0,0.432,288.1,20.86,0.7,3.508,2.0,-1.0,13.61,0.019,0.222,3.0,2.0,0.0,0.0,26.52,26.26,25.79,26.04,26.08,28.06,26.18,26.38,26.11,33.03
2016-07-28 06:10:00-05:00,74.252716,69.87952,575827,25.7,0.0,70.44,26.12,341.0,276.1,273.9,272.1,21.35,23.04,22.55,340.7,53.66,60.19,15.420000076293945,1452501.0,342.7,18.280000686645508,5.0,0.0,0.0,0.0,0.0,0.0,0.0,0.0,0.0,25.95,26.19,73.27,19.98,22.17,20.31,60.0,59.9,74.7,0.0,274.2,273.0,275.0,15.59,-5.315,16.47,619.0,1442811.0,42639.0,133364.0,-0.946,0.979,0.748,0.921,6.949,7.462,6.989,7.235,7.708,6.621,6.279,2.37,2.544,2.383,2.467,2.628,2.258,2.141,53270.0,54075.0,53527.0,53362.0,54361.0,51726.0,47067.0,0.593,322.9,13.16,0.8,3.51,2.0,-1.0,13.61,0.019,0.222,3.0,2.0,0.0,0.0,26.62,26.3,25.84,26.12,26.17,28.1,26.26,26.46,26.2,33.13
2016-07-28 06:11:00-05:00,78.41087,73.35388,575828,25.74,0.0,73.74,26.17,341.2,276.2,274.0,272.2,22.3,23.97,23.52,340.6,56.36,60.22,16.219999313354492,1452502.0,342.7,19.200000762939453,5.0,0.0,0.0,0.0,0.0,0.0,0.0,0.0,0.0,25.92,26.29,76.7,20.87,23.06,21.15,60.0,59.9,74.7,0.0,274.4,273.0,275.0,16.4,-5.191,17.2,619.0,1442812.0,42639.0,133364.0,-0.953,0.979,0.748,0.921,7.266,7.819,7.336,7.615,8.08,6.958,6.551,2.479,2.668,2.503,2.598,2.758,2.374,2.235,53270.0,54075.0,53527.0,53362.0,54361.0,51726.0,47067.0,0.507,336.9,23.2,1.0,3.509,2.0,-1.0,13.61,0.019,0.222,3.0,2.0,0.0,0.0,26.73,26.4,25.94,26.2,26.23,28.19,26.36,26.54,26.31,33.28
2016-07-28 06:12:00-05:00,81.49978,76.155785,575829,25.78,0.0,76.22,26.16,341.2,276.0,273.9,272.1,23.63,25.35,24.86,340.7,59.89,60.21,17.329999923706055,1452502.0,342.7,20.399999618530273,5.0,0.0,0.0,0.0,0.0,0.0,0.0,0.0,0.0,26.0,26.38,81.7,22.08,24.29,22.3,60.0,59.9,74.7,0.0,274.0,273.0,275.0,17.49,-5.014,18.2,619.0,1442812.0,42640.0,133364.0,-0.961,0.979,0.748,0.921,7.708,8.45,7.639,8.09,8.78,7.225,6.886,2.63,2.884,2.606,2.762,2.996,2.465,2.35,53270.0,54075.0,53527.0,53362.0,54361.0,51726.0,47067.0,,0.0,0.0,,,2.0,-1.0,13.61,0.019,0.222,3.0,2.0,0.0,0.0,26.81,26.48,26.04,26.31,26.34,28.29,26.51,26.66,26.43,33.38
2016-07-28 06:13:00-05:00,85.06392,79.29392,575830,25.83,0.0,78.9,26.3,340.9,276.0,274.0,272.1,25.06,26.77,26.31,340.9,63.36,60.16,18.540000915527344,1452502.0,342.6,21.600000381469727,5.0,0.0,0.0,0.0,0.0,0.0,0.0,0.0,0.0,26.06,26.55,87.7,23.34,25.56,23.56,60.0,59.9,74.7,0.0,274.1,273.0,275.0,18.64,-4.842,19.26,619.0,1442812.0,42640.0,133364.0,-0.968,0.979,0.748,0.921,8.11,9.08,7.946,8.72,9.65,7.521,7.291,2.765,3.097,2.709,2.972,3.29,2.564,2.486,53270.0,54075.0,53527.0,53362.0,54361.0,51726.0,47067.0,0.325,328.0,44.41,0.6,3.512,2.0,-1.0,13.61,0.019,0.222,3.0,2.0,0.0,0.0,27.04,26.61,26.17,26.43,26.46,28.4,26.61,26.8,26.52,33.51
2016-07-28 06:14:00-05:00,86.84598,81.64752,575831,25.88,0.0,81.3,26.46,341.3,275.9,273.9,272.0,26.03,27.72,27.29,341.1,65.34,60.15,19.34000015258789,1452503.0,343.2,22.290000915527344,5.0,0.0,0.0,0.0,0.0,0.0,0.0,0.0,0.0,26.31,26.78,91.4,24.27,26.48,24.45,60.0,59.9,74.7,0.0,274.0,273.0,274.7,19.45,-4.712,20.02,619.0,1442813.0,42640.0,133364.0,-0.972,0.979,0.748,0.921,8.4,9.38,8.23,9.18,10.06,7.773,7.581,2.868,3.2,2.807,3.134,3.432,2.653,2.587,53270.0,54075.0,53527.0,53362.0,54361.0,51726.0,47067.0,0.298,266.9,29.97,0.5,3.507,2.0,-1.0,13.61,0.019,0.222,3.0,2.0,0.0,0.0,27.24,26.81,26.33,26.56,26.56,28.51,26.74,26.93,26.65,33.56
2016-07-28 06:15:00-05:00,88.27163,84.00112,575832,25.93,0.0,84.2,26.63,340.1,275.6,273.7,271.8,26.56,28.31,27.85,339.3,67.33,60.14,19.790000915527344,1452503.0,341.5,22.84000015258789,5.0,0.0,0.0,0.0,0.0,0.0,0.0,0.0,0.0,26.53,26.93,92.7,24.75,26.95,24.92,60.0,59.9,74.7,0.0,274.0,273.0,274.0,19.86,-4.638,20.39,619.0,1442813.0,42640.0,133364.0,-0.974,0.979,0.748,0.921,8.66,9.5,8.61,9.41,9.96,8.14,7.807,2.945,3.231,2.929,3.201,3.388,2.769,2.655,53270.0,54075.0,53527.0,53362.0,54361.0,51726.0,47067.0,0.452,315.9,15.47,0.7,3.508,2.0,-1.0,13.58,0.017,0.222,3.0,2.0,0.0,0.0,27.48,26.97,26.49,26.66,26.71,28.66,26.87,27.05,26.69,33.67
2016-07-28 06:16:00-05:00,90.1725,86.91511,575833,26.0,0.0,87.2,26.63,339.8,276.7,274.3,272.2,28.47,30.14,29.72,339.1,72.51,60.15,21.399999618530273,1452503.0,341.1,24.59000015258789,5.0,0.0,0.0,0.0,0.0,0.0,0.0,0.0,0.0,26.65,27.11,103.6,26.52,28.73,26.66,60.0,59.9,74.7,0.0,274.9,273.8,274.9,21.46,-4.409,21.91,619.0,1442813.0,42640.0,133364.0,-0.98,0.979,0.748,0.921,9.17,10.43,8.97,10.35,11.17,8.51,8.28,3.116,3.543,3.05,3.518,3.795,2.89,2.815,53270.0,54075.0,53527.0,53362.0,54361.0,51726.0,47067.0,0.443,320.3,36.6,0.8,3.507,2.0,-1.0,13.57,-0.026,0.223,3.0,2.0,0.0,0.001,27.66,27.12,26.59,26.8,26.83,28.72,26.97,27.16,26.79,33.8
2016-07-28 06:17:00-05:00,90.291306,87.69964,575834,26.07,0.0,88.1,26.65,341.4,276.8,274.4,272.4,28.44,30.18,29.76,340.9,72.36,60.15,21.43000030517578,1452504.0,343.2,24.65999984741211,5.0,0.0,0.0,0.0,0.0,0.0,0.0,0.0,0.0,26.71,27.26,104.5,26.52,28.7,26.65,60.0,59.9,74.7,0.0,275.0,274.0,275.0,21.46,-4.419,21.91,619.0,1442814.0,42640.0,133364.0,-0.979,0.979,0.748,0.921,9.18,10.26,9.04,10.25,10.9,8.6,8.26,3.135,3.501,3.086,3.5,3.722,2.937,2.821,53270.0,54075.0,53527.0,53362.0,54361.0,51726.0,47067.0,0.687,299.5,26.69,1.3,3.507,2.0,-1.0,13.57,0.012,0.223,3.0,2.0,0.0,0.0,27.83,27.28,26.74,26.9,26.9,28.81,27.06,27.22,26.94,33.93
2016-07-28 06:18:00-05:00,89.45968,86.80303,575835,26.15,0.0,87.6,26.58,342.6,276.7,274.6,272.5,26.93,28.55,28.15,341.8,68.48,60.12,20.110000610351562,1452504.0,344.3,23.399999618530273,5.0,0.0,0.0,0.0,0.0,0.0,0.0,0.0,0.0,26.57,27.36,94.4,25.04,27.2,25.2,60.0,59.9,74.7,0.0,275.0,274.0,275.0,20.15,-4.626,20.68,619.0,1442814.0,42640.0,133364.0,-0.975,0.979,0.748,0.921,8.78,9.31,8.91,9.35,9.59,8.52,7.917,3.007,3.189,3.05,3.203,3.286,2.918,2.712,53270.0,54075.0,53527.0,53362.0,54361.0,51726.0,47067.0,0.247,300.4,80.3,0.7,3.505,2.0,-1.0,13.57,0.015,0.223,3.0,2.0,0.0,0.0,27.92,27.39,26.78,26.91,26.96,28.92,27.1,27.25,27.03,34.11
2016-07-28 06:19:00-05:00,88.98446,86.24265,575836,26.23,0.0,87.3,26.54,339.9,276.5,274.6,272.5,26.23,27.84,27.41,339.3,67.75,60.15,19.510000228881836,1452505.0,340.5,22.979999542236328,5.0,0.0,0.0,0.0,0.0,0.0,0.0,0.0,0.0,26.38,27.45,89.0,24.35,26.54,24.56,60.0,59.9,74.7,0.0,275.0,273.9,275.0,19.56,-4.713,20.12,619.0,1442814.0,42640.0,133364.0,-0.972,0.979,0.748,0.921,8.73,9.02,8.93,9.0,9.17,8.58,7.756,2.968,3.066,3.036,3.06,3.116,2.917,2.636,53270.0,54075.0,53527.0,53362.0,54361.0,51726.0,47067.0,0.353,313.0,23.46,0.7,3.507,2.0,-1.0,13.57,0.016,0.223,3.0,2.0,0.0,0.0,27.95,27.49,26.81,27.04,27.07,28.97,27.21,27.38,27.17,34.23
2016-07-28 06:20:00-05:00,88.74685,86.35473,575837,26.31,0.0,87.5,26.43,339.8,276.8,274.2,272.2,26.18,27.91,27.43,339.4,67.94,60.14,19.510000228881836,1452505.0,342.4,23.049999237060547,5.0,0.0,0.0,0.0,0.0,0.0,0.0,0.0,0.0,26.32,27.44,88.9,24.37,26.57,24.58,60.0,59.9,74.7,0.0,275.0,273.5,275.0,19.57,-4.705,20.13,619.0,1442815.0,42640.0,133364.0,-0.972,0.979,0.748,0.921,8.73,9.03,8.96,9.02,9.15,8.58,7.774,2.967,3.069,3.043,3.066,3.11,2.914,2.641,53270.0,54075.0,53527.0,53362.0,54361.0,51726.0,47067.0,0.513,296.1,30.4,1.0,3.51,2.0,-1.0,13.57,0.017,0.223,3.0,2.0,0.0,0.0,27.81,27.54,26.87,27.08,27.17,29.03,27.3,27.44,27.23,34.41
2016-07-28 06:21:00-05:00,89.69728,87.36341,575838,26.38,0.0,88.5,26.32,339.4,276.5,274.2,272.3,26.4,28.16,27.73,338.6,68.33,60.14,19.719999313354492,1452505.0,342.2,23.139999389648438,5.0,0.0,0.0,0.0,0.0,0.0,0.0,0.0,0.0,26.23,27.41,89.7,24.61,26.82,24.81,60.0,59.9,74.7,0.0,275.0,273.3,275.0,19.79,-4.674,20.33,619.0,1442815.0,42640.0,133364.0,-0.973,0.979,0.748,0.921,8.83,9.15,9.05,9.1,9.27,8.69,7.852,2.996,3.107,3.073,3.088,3.145,2.95,2.665,53270.0,54075.0,53527.0,53362.0,54361.0,51726.0,47067.0,0.805,310.4,10.86,1.0,3.507,2.0,-1.0,13.57,0.017,0.223,3.0,2.0,0.0,0.0,27.81,27.54,27.0,27.2,27.23,29.09,27.36,27.56,27.34,34.54
2016-07-28 06:22:00-05:00,91.47935,89.2687,575839,26.44,0.0,90.5,26.26,339.0,276.5,274.2,272.2,27.03,28.78,28.34,338.5,69.73,60.23,20.229999542236328,1452506.0,340.8,23.610000610351562,5.0,0.0,0.0,0.0,0.0,0.0,0.0,0.0,0.0,26.15,27.41,91.6,25.14,27.39,25.35,60.0,59.9,74.7,0.0,274.9,273.1,275.0,20.26,-4.583,20.77,619.0,1442815.0,42640.0,133364.0,-0.975,0.979,0.748,0.921,9.04,9.37,9.26,9.31,9.48,8.92,8.04,3.065,3.175,3.139,3.155,3.212,3.022,2.724,53270.0,54075.0,53527.0,53362.0,54361.0,51726.0,47067.0,0.55,327.8,17.08,0.9,3.51,2.0,-1.0,13.57,0.017,0.223,3.0,2.0,0.0,0.0,27.76,27.6,27.04,27.25,27.3,29.07,27.47,27.54,27.39,34.65
2016-07-28 06:23:00-05:00,92.905,90.94985,575840,26.5,0.0,92.3,26.21,339.1,276.3,274.1,272.2,27.55,29.3,28.86,338.2,71.89,60.22,20.65999984741211,1452506.0,340.6,24.309999465942383,5.0,0.0,0.0,0.0,0.0,0.0,0.0,0.0,0.0,26.11,27.37,93.2,25.67,27.93,25.85,60.0,59.9,74.7,0.0,274.7,273.0,274.9,20.73,-4.488,21.21,619.0,1442816.0,42640.0,133364.0,-0.977,0.979,0.748,0.921,9.24,9.57,9.48,9.5,9.66,9.12,8.24,3.133,3.246,3.213,3.221,3.275,3.093,2.792,53270.0,54075.0,53527.0,53362.0,54361.0,51726.0,47067.0,0.793,314.6,22.28,1.5,3.51,2.0,-1.0,13.57,0.017,0.223,3.0,2.0,0.0,0.0,27.71,27.59,27.12,27.31,27.39,29.12,27.56,27.64,27.47,34.8
2016-07-28 06:24:00-05:00,93.49902,91.73438,575841,26.56,0.0,93.1,26.21,339.2,276.3,274.1,272.2,27.83,29.58,29.21,338.4,72.32,60.22,20.90999984741211,1452506.0,340.6,24.469999313354492,5.0,0.0,0.0,0.0,0.0,0.0,0.0,0.0,0.0,25.99,27.37,94.0,25.95,28.22,26.14,60.0,59.9,74.7,0.0,274.7,273.0,275.0,20.97,-4.456,21.44,619.0,1442816.0,42640.0,133364.0,-0.978,0.979,0.748,0.921,9.36,9.68,9.58,9.59,9.78,9.25,8.32,3.174,3.283,3.25,3.252,3.318,3.136,2.823,53270.0,54075.0,53527.0,53362.0,54361.0,51726.0,47067.0,0.952,290.9,15.36,1.7,3.512,2.0,-1.0,13.58,0.017,0.223,3.0,2.0,0.0,0.0,27.73,27.65,27.17,27.34,27.49,29.14,27.64,27.64,27.57,34.91
2016-07-28 06:25:00-05:00,93.49902,91.958534,575842,26.61,0.0,93.5,26.22,339.2,276.2,274.1,272.1,27.94,29.68,29.27,338.4,72.53,60.21,20.979999542236328,1452507.0,340.7,24.549999237060547,5.0,0.0,0.0,0.0,0.0,0.0,0.0,0.0,0.0,25.94,27.48,94.2,26.05,28.31,26.22,60.0,59.9,74.7,0.0,274.4,273.0,274.9,21.06,-4.441,21.52,619.0,1442816.0,42641.0,133364.0,-0.978,0.979,0.748,0.921,9.39,9.7,9.62,9.63,9.81,9.29,8.35,3.185,3.291,3.262,3.266,3.327,3.15,2.831,53270.0,54075.0,53527.0,53362.0,54361.0,51726.0,47067.0,0.76,289.1,8.18,1.1,3.512,2.0,-1.0,13.58,0.017,0.223,3.0,2.0,0.0,0.0,27.81,27.71,27.25,27.46,27.57,29.19,27.66,27.75,27.62,34.99
2016-07-28 06:26:00-05:00,93.38022,92.29476,575843,26.65,0.0,93.9,26.18,339.0,276.1,273.9,271.9,28.09,29.82,29.41,338.2,73.13,60.22,21.09000015258789,1452507.0,340.5,24.729999542236328,5.0,0.0,0.0,0.0,0.0,0.0,0.0,0.0,0.0,25.98,27.48,94.5,26.16,28.44,26.32,60.0,59.9,74.7,0.0,274.0,273.0,274.5,21.14,-4.407,21.6,619.0,1442817.0,42641.0,133364.0,-0.979,0.979,0.748,0.921,9.42,9.76,9.64,9.66,9.87,9.34,8.37,3.193,3.307,3.267,3.274,3.346,3.165,2.837,53270.0,54075.0,53527.0,53362.0,54361.0,51726.0,47067.0,0.89,287.8,13.17,1.5,3.512,2.0,-1.0,13.58,0.017,0.223,3.0,2.0,0.0,0.0,27.81,27.74,27.3,27.54,27.64,29.27,27.74,27.83,27.69,35.09
2016-07-28 06:27:00-05:00,93.61783,92.967224,575844,26.71,0.0,94.7,26.2,338.7,276.0,273.7,271.8,28.3,30.11,29.62,337.9,74.49,60.22,21.270000457763672,1452508.0,340.3,25.170000076293945,5.0,0.0,0.0,0.0,0.0,0.0,0.0,0.0,0.0,25.95,27.51,95.1,26.34,28.67,26.52,60.0,59.9,74.7,0.0,274.0,273.0,274.2,21.31,-4.369,21.75,619.0,1442817.0,42641.0,133364.0,-0.98,0.979,0.748,0.921,9.52,9.83,9.72,9.76,9.95,9.42,8.43,3.222,3.33,3.292,3.305,3.369,3.19,2.855,53270.0,54075.0,53527.0,53362.0,54361.0,51726.0,47067.0,0.997,288.0,13.46,1.7,3.512,2.0,-1.0,13.58,0.017,0.223,3.0,2.0,0.0,0.0,27.81,27.81,27.38,27.6,27.69,29.31,27.83,27.9,27.77,35.21
2016-07-28 06:28:00-05:00,94.09304,93.41552,575845,26.77,0.0,95.3,26.2,338.8,275.7,273.5,271.7,28.55,30.35,29.89,338.2,75.45,60.22,21.459999084472656,1452508.0,340.3,25.510000228881836,5.0,0.0,0.0,0.0,0.0,0.0,0.0,0.0,0.0,25.97,27.51,95.6,26.55,28.89,26.72,60.0,59.9,74.7,0.0,274.0,272.9,274.0,21.48,-4.328,21.91,619.0,1442817.0,42641.0,133364.0,-0.98,0.979,0.748,0.921,9.58,9.9,9.79,9.84,9.99,9.48,8.51,3.247,3.354,3.318,3.332,3.383,3.211,2.884,53270.0,54075.0,53527.0,53362.0,54361.0,51726.0,47067.0,0.707,279.2,21.61,1.1,3.507,2.0,-1.0,13.57,0.017,0.223,3.0,2.0,0.0,0.0,27.81,27.82,27.44,27.64,27.75,29.41,27.9,27.95,27.82,35.31
2016-07-28 06:29:00-05:00,92.905,92.743065,575846,26.81,0.0,94.7,26.19,339.1,275.8,273.6,271.8,28.42,30.23,29.73,338.9,75.15,60.17,21.360000610351562,1452508.0,339.9,25.459999084472656,5.0,0.0,0.0,0.0,0.0,0.0,0.0,0.0,0.0,25.98,27.54,95.0,26.42,28.77,26.61,60.0,59.9,74.7,0.0,274.1,272.7,274.2,21.38,-4.35,21.82,619.0,1442818.0,42641.0,133364.0,-0.98,0.979,0.748,0.921,9.56,9.85,9.74,9.75,9.95,9.45,8.47,3.24,3.339,3.304,3.308,3.374,3.203,2.873,53270.0,54075.0,53527.0,53362.0,54361.0,51726.0,47067.0,0.838,277.7,14.7,1.3,3.512,2.0,-1.0,13.57,0.018,0.223,3.0,2.0,0.0,0.0,27.81,27.92,27.54,27.72,27.83,29.45,27.93,28.03,27.9,35.35
2016-07-28 06:30:00-05:00,89.93489,90.50155,575847,26.85,0.0,92.4,26.19,339.6,276.1,274.0,272.3,27.67,29.45,28.94,338.7,73.18,60.13,20.75,1452509.0,341.2,24.780000686645508,5.0,0.0,0.0,0.0,0.0,0.0,0.0,0.0,0.0,25.96,27.55,92.8,25.7,28.05,25.91,60.0,59.9,74.7,0.0,274.6,273.0,275.0,20.79,-4.493,21.27,619.0,1442818.0,42641.0,133364.0,-0.977,0.979,0.748,0.921,9.26,9.56,9.47,9.5,9.64,9.19,8.24,3.146,3.246,3.217,3.225,3.274,3.12,2.799,53270.0,54075.0,53527.0,53362.0,54361.0,51726.0,47067.0,0.95,298.3,15.19,1.5,3.512,2.0,-1.0,13.57,0.018,0.223,3.0,2.0,0.0,0.0,27.81,27.92,27.55,27.74,27.85,29.41,28.0,28.03,27.96,35.45
2016-07-28 06:31:00-05:00,85.30152,86.57887,575848,26.89,0.0,88.5,26.17,339.5,276.3,273.9,272.2,26.39,28.17,27.68,339.1,70.18,60.15,19.690000534057617,1452509.0,341.3,23.790000915527344,5.0,0.0,0.0,0.0,0.0,0.0,0.0,0.0,0.0,25.95,27.55,88.8,24.53,26.83,24.76,60.0,59.9,74.7,0.0,274.6,273.0,275.0,19.73,-4.676,20.28,619.0,1442818.0,42641.0,133364.0,-0.973,0.979,0.748,0.921,8.8,9.1,9.03,9.01,9.17,8.74,7.859,2.987,3.088,3.066,3.06,3.115,2.967,2.668,53270.0,54075.0,53527.0,53362.0,54361.0,51726.0,47067.0,,0.0,0.0,,,2.5,-1.0,13.57,0.017,0.223,3.0,2.0,0.0,0.0,27.83,27.92,27.6,27.8,27.91,29.55,28.03,28.14,27.96,35.53
2016-07-28 06:32:00-05:00,80.074135,81.98375,575849,26.91,0.0,83.8,26.13,339.4,276.0,273.9,272.1,24.84,26.61,26.06,338.9,66.18,60.14,18.360000610351562,1452509.0,340.9,22.420000076293945,5.0,0.0,0.0,0.0,0.0,0.0,0.0,0.0,0.0,25.89,27.55,84.2,23.11,25.38,23.37,60.0,59.9,74.7,0.0,274.2,273.0,274.9,18.46,-4.875,19.09,619.0,1442819.0,42641.0,133364.0,-0.967,0.979,0.748,0.921,8.26,8.52,8.43,8.5,8.64,8.17,7.34,2.802,2.893,2.86,2.886,2.931,2.774,2.491,53270.0,54075.0,53527.0,53362.0,54361.0,51726.0,47067.0,0.878,285.4,10.67,1.3,3.507,2.0,-1.0,13.57,0.017,0.223,3.0,2.0,0.0,0.0,27.81,27.96,27.64,27.83,27.96,29.56,28.03,28.22,27.98,35.63
2016-07-28 06:33:00-05:00,75.44076,77.5007,575850,26.95,0.0,79.24,26.15,339.2,275.8,273.7,272.0,23.41,25.14,24.61,338.7,62.41,60.14,17.139999389648438,1452510.0,340.9,21.1299991607666,5.0,0.0,0.0,0.0,0.0,0.0,0.0,0.0,0.0,25.89,27.53,79.8,21.8,24.07,22.11,60.0,59.9,74.7,0.0,274.0,273.0,274.6,17.27,-5.055,17.99,619.0,1442819.0,42641.0,133364.0,-0.96,0.979,0.748,0.921,7.752,8.01,7.941,7.994,8.11,7.646,6.926,2.63,2.718,2.694,2.712,2.75,2.594,2.349,53270.0,54075.0,53527.0,53362.0,54361.0,51726.0,47067.0,,0.0,0.0,,,2.0,-1.0,13.57,0.018,0.223,3.0,2.0,0.0,0.0,27.81,27.99,27.64,27.83,28.03,29.53,28.03,28.22,27.96,35.73
2016-07-28 06:34:00-05:00,72.23304,74.250496,575851,26.98,0.0,75.96,26.21,338.9,276.1,273.8,272.1,22.39,24.12,23.59,338.5,59.79,60.13,16.299999237060547,1452510.0,340.4,20.239999771118164,5.0,0.0,0.0,0.0,0.0,0.0,0.0,0.0,0.0,25.88,27.5,76.51,20.86,23.14,21.2,60.0,59.9,74.7,0.0,274.1,273.0,274.9,16.43,-5.187,17.23,619.0,1442819.0,42641.0,133364.0,-0.954,0.979,0.748,0.921,7.377,7.651,7.583,7.618,7.765,7.292,6.619,2.5,2.593,2.57,2.582,2.631,2.471,2.243,53270.0,54075.0,53527.0,53362.0,54361.0,51726.0,47067.0,,0.0,0.0,,,2.0,-1.0,13.58,0.018,0.223,3.0,2.0,0.0,0.0,27.81,27.92,27.64,27.83,27.98,29.49,28.03,28.22,28.0,35.83
2016-07-28 06:35:00-05:00,71.045,73.017654,575852,27.01,0.0,74.62,26.18,338.4,276.1,273.7,272.0,21.92,23.74,23.24,337.8,58.0,60.15,15.949999809265137,1452510.0,339.9,19.59000015258789,5.0,0.0,0.0,0.0,0.0,0.0,0.0,0.0,0.0,25.9,27.48,75.09,20.46,22.76,20.82,60.0,59.9,74.7,0.0,274.1,273.0,274.7,16.06,-5.227,16.89,619.0,1442820.0,42641.0,133364.0,-0.951,0.979,0.748,0.921,7.22,7.514,7.423,7.457,7.615,7.164,6.495,2.443,2.543,2.512,2.523,2.577,2.424,2.198,53270.0,54075.0,53527.0,53362.0,54361.0,51726.0,47067.0,0.782,283.1,12.9,1.0,3.51,2.0,-1.0,13.57,0.018,0.223,3.0,2.0,0.0,0.0,27.81,27.92,27.6,27.83,27.93,29.49,28.03,28.19,27.96,35.92
2016-07-28 06:36:00-05:00,71.40141,72.7935,575853,27.04,0.0,74.43,26.2,338.3,276.4,274.1,272.3,21.85,23.57,23.09,337.6,57.31,60.15,15.869999885559082,1452511.0,339.2,19.350000381469727,5.0,0.0,0.0,0.0,0.0,0.0,0.0,0.0,0.0,25.88,27.46,74.84,20.36,22.66,20.74,60.0,59.9,74.7,0.0,274.6,273.0,275.0,16.0,-5.242,16.84,619.0,1442820.0,42641.0,133364.0,-0.95,0.979,0.748,0.921,7.21,7.498,7.409,7.433,7.602,7.17,6.479,2.439,2.536,2.506,2.514,2.571,2.425,2.192,53270.0,54075.0,53527.0,53362.0,54361.0,51726.0,47067.0,0.84,272.9,12.73,1.1,3.507,2.0,-1.0,13.57,0.018,0.223,3.0,2.0,0.0,0.0,27.81,27.92,27.55,27.83,27.93,29.41,28.03,28.14,27.96,36.04
2016-07-28 06:37:00-05:00,72.70826,73.80219,575854,27.07,0.0,75.09,26.19,338.1,276.2,274.2,272.4,22.02,23.82,23.31,337.8,57.98,60.14,16.049999237060547,1452511.0,338.8,19.579999923706055,5.0,0.0,0.0,0.0,0.0,0.0,0.0,0.0,0.0,25.9,27.45,75.51,20.51,22.85,20.91,60.0,59.9,74.7,0.0,274.7,273.1,275.0,16.16,-5.199,16.98,619.0,1442820.0,42641.0,133364.0,-0.952,0.979,0.748,0.921,7.286,7.53,7.477,7.522,7.675,7.226,6.527,2.463,2.546,2.528,2.543,2.595,2.443,2.207,53270.0,54075.0,53527.0,53362.0,54361.0,51726.0,47067.0,0.702,258.7,7.968,1.2,3.51,2.0,-1.0,13.57,0.018,0.223,3.0,2.0,0.0,0.0,27.81,27.92,27.54,27.83,27.93,29.41,27.95,28.13,27.96,36.12
2016-07-28 06:38:00-05:00,74.84674,75.48333,575855,27.09,0.0,76.8,26.27,337.9,276.3,274.0,272.2,22.68,24.39,23.86,337.4,59.95,60.15,16.549999237060547,1452511.0,339.5,20.219999313354492,5.0,0.0,0.0,0.0,0.0,0.0,0.0,0.0,0.0,25.95,27.43,77.13,21.02,23.36,21.39,60.0,59.9,74.7,0.0,274.5,273.0,275.0,16.61,-5.12,17.39,619.0,1442820.0,42642.0,133364.0,-0.956,0.979,0.748,0.921,7.472,7.782,7.708,7.729,7.813,7.465,6.735,2.525,2.629,2.605,2.612,2.64,2.523,2.276,53270.0,54075.0,53527.0,53362.0,54361.0,51726.0,47067.0,0.743,273.7,10.3,1.1,3.512,2.0,-1.0,13.57,0.018,0.223,3.0,2.0,0.0,0.0,27.81,27.92,27.54,27.83,27.93,29.49,27.95,28.14,27.96,36.2
2016-07-28 06:39:00-05:00,78.76728,78.84562,575856,27.12,0.0,80.1,26.27,337.7,276.6,273.8,272.0,23.78,25.48,24.97,337.6,62.48,60.16,17.459999084472656,1452512.0,338.8,21.09000015258789,5.0,0.0,0.0,0.0,0.0,0.0,0.0,0.0,0.0,25.98,27.45,80.4,22.02,24.37,22.35,60.0,59.9,74.7,0.0,274.1,273.0,275.0,17.53,-4.965,18.22,619.0,1442821.0,42642.0,133364.0,-0.962,0.979,0.748,0.921,7.885,8.18,8.08,8.13,8.26,7.852,7.051,2.663,2.761,2.729,2.746,2.789,2.652,2.381,53270.0,54075.0,53527.0,53362.0,54361.0,51726.0,47067.0,0.853,272.0,10.09,1.2,3.51,2.0,-1.0,13.58,0.018,0.223,3.0,2.0,0.0,0.0,27.81,27.92,27.54,27.83,27.93,29.41,27.95,28.16,27.95,36.3
2016-07-28 06:40:00-05:00,84.469894,83.889046,575857,27.14,0.0,85.2,26.32,337.2,276.0,273.8,272.0,25.43,27.1,26.6,337.1,66.39,60.15,18.809999465942383,1452512.0,337.0,22.3799991607666,5.0,0.0,0.0,0.0,0.0,0.0,0.0,0.0,0.0,26.02,27.48,85.4,23.52,25.91,23.8,60.0,59.9,74.7,0.0,274.0,273.0,274.5,18.87,-4.719,19.45,619.0,1442821.0,42642.0,133364.0,-0.97,0.979,0.748,0.921,8.51,8.8,8.65,8.74,8.88,8.48,7.553,2.871,2.969,2.918,2.948,2.995,2.86,2.547,53270.0,54075.0,53527.0,53362.0,54361.0,51726.0,47067.0,0.678,275.9,9.02,1.0,3.512,2.0,-1.0,13.57,0.018,0.223,3.0,2.0,0.0,0.0,27.86,27.92,27.54,27.83,27.93,29.4,28.0,28.16,27.93,36.35
2016-07-28 06:41:00-05:00,91.12294,90.16531,575858,27.15,0.0,91.4,26.37,337.0,275.9,273.8,271.9,27.44,29.09,28.66,336.5,71.5,60.13,20.479999542236328,1452512.0,337.1,24.059999465942383,5.0,0.0,0.0,0.0,0.0,0.0,0.0,0.0,0.0,26.06,27.54,91.5,25.36,27.77,25.6,60.0,59.9,74.7,0.0,274.0,273.0,274.3,20.5,-4.453,20.97,619.0,1442821.0,42642.0,133364.0,-0.977,0.979,0.748,0.921,9.22,9.48,9.41,9.44,9.6,9.17,8.2,3.107,3.195,3.17,3.18,3.234,3.091,2.762,53270.0,54075.0,53527.0,53362.0,54361.0,51726.0,47067.0,0.777,275.0,9.63,1.0,3.507,2.0,-1.0,13.58,0.018,0.223,3.0,2.0,0.0,0.0,27.98,27.92,27.57,27.87,27.96,29.45,28.03,28.22,27.93,36.39
2016-07-28 06:42:00-05:00,97.53837,96.105354,575859,27.18,0.0,97.3,26.36,337.2,275.8,273.8,271.9,29.35,30.99,30.55,337.3,76.01,60.15,22.059999465942383,1452513.0,339.1,25.6299991607666,5.0,0.0,0.0,0.0,0.0,0.0,0.0,0.0,0.0,26.08,27.62,97.2,27.12,29.55,27.31,60.0,59.9,74.7,0.0,274.0,273.0,274.2,22.03,-4.182,22.43,619.0,1442822.0,42642.0,133364.0,-0.982,0.979,0.748,0.921,9.88,10.16,10.05,10.13,10.27,9.87,8.75,3.332,3.426,3.389,3.415,3.462,3.328,2.951,53270.0,54075.0,53527.0,53362.0,54361.0,51726.0,47067.0,0.702,285.3,17.01,1.1,3.512,2.0,-1.0,13.58,0.018,0.223,3.0,2.0,0.0,0.0,28.01,28.02,27.64,27.93,28.03,29.49,28.11,28.27,27.97,36.46
2016-07-28 06:43:00-05:00,103.12217,101.37294,575860,27.21,0.0,102.4,26.36,337.2,276.0,273.9,272.0,30.97,32.65,32.2,336.9,80.2,60.23,23.450000762939453,1452513.0,338.8,27.030000686645508,5.0,0.0,0.0,0.0,0.0,0.0,0.0,0.0,0.0,26.1,27.66,102.3,28.77,31.11,28.91,60.0,59.9,74.7,0.0,274.0,273.0,274.6,23.42,-4.041,23.76,619.0,1442822.0,42642.0,133364.0,-0.985,0.979,0.748,0.921,10.48,10.74,10.69,10.74,10.82,10.44,9.3,3.536,3.623,3.605,3.621,3.65,3.522,3.135,53270.0,54075.0,53527.0,53362.0,54361.0,51726.0,47067.0,0.785,293.9,11.43,1.1,3.512,2.0,-1.0,13.58,0.018,0.223,3.0,2.0,0.0,0.0,28.02,28.1,27.77,28.01,28.09,29.56,28.19,28.32,28.07,36.45
2016-07-28 06:44:00-05:00,108.11196,105.96806,575861,27.23,0.0,106.9,26.35,337.3,275.8,273.6,271.8,32.45,34.18,33.72,336.8,83.8,60.22,24.68000030517578,1452514.0,339.0,28.239999771118164,5.0,0.0,0.0,0.0,0.0,0.0,0.0,0.0,0.0,26.13,27.74,106.7,30.18,32.52,30.3,60.0,59.9,74.7,0.0,274.0,273.0,274.1,24.61,-3.863,24.91,619.0,1442823.0,42642.0,133364.0,-0.988,0.979,0.748,0.921,11.01,11.28,11.21,11.22,11.36,10.98,9.76,3.712,3.804,3.782,3.784,3.832,3.703,3.291,53270.0,54075.0,53527.0,53362.0,54361.0,51726.0,47067.0,0.935,292.1,7.606,1.2,3.51,2.0,-1.0,13.58,0.018,0.223,3.0,2.0,0.0,0.0,28.12,28.13,27.87,28.08,28.21,29.68,28.29,28.39,28.15,36.5
2016-07-28 06:45:00-05:00,112.50771,110.0028,575862,27.25,0.0,110.7,26.37,337.4,276.0,273.6,271.8,33.63,35.33,34.93,337.2,87.2,60.22,25.68000030517578,1452514.0,339.0,29.389999389648438,5.0,0.0,0.0,0.0,0.0,0.0,0.0,0.0,0.0,26.12,27.8,110.5,31.34,33.66,31.42,60.0,59.9,74.7,0.0,274.0,272.9,274.1,25.59,-3.727,25.86,619.0,1442823.0,42642.0,133364.0,-0.99,0.979,0.748,0.921,11.44,11.7,11.64,11.67,11.81,11.39,10.11,3.861,3.949,3.926,3.937,3.985,3.843,3.413,53270.0,54075.0,53527.0,53362.0,54361.0,51726.0,47067.0,0.993,294.9,6.569,1.2,3.512,2.0,-1.0,13.58,0.018,0.223,3.0,2.0,0.0,0.0,28.17,28.25,28.0,28.18,28.29,29.74,28.37,28.5,28.23,36.55
2016-07-28 06:46:00-05:00,116.66588,113.58926,575863,27.28,0.0,114.0,26.33,337.4,275.9,273.9,272.0,34.64,36.37,35.92,336.4,90.1,60.19,26.530000686645508,1452515.0,339.3,30.309999465942383,5.0,0.0,0.0,0.0,0.0,0.0,0.0,0.0,0.0,26.1,27.88,114.0,32.33,34.66,32.41,60.0,59.9,74.7,0.0,274.0,273.0,274.2,26.45,-3.6,26.69,619.0,1442823.0,42642.0,133364.0,-0.991,0.979,0.748,0.921,11.81,12.09,12.03,12.05,12.2,11.76,10.45,3.985,4.079,4.057,4.064,4.115,3.968,3.524,53270.0,54075.0,53527.0,53362.0,54361.0,51726.0,47067.0,1.05,295.9,9.76,1.3,3.512,2.0,-1.0,13.58,0.018,0.223,3.0,2.0,0.0,0.0,28.2,28.31,28.06,28.27,28.39,29.81,28.45,28.57,28.33,36.63
2016-07-28 06:47:00-05:00,120.942825,117.39984,575864,27.3,0.0,117.6,26.35,337.1,276.0,273.6,271.6,35.82,37.49,37.09,336.4,92.7,60.13,27.469999313354492,1452515.0,338.8,31.200000762939453,5.0,0.0,0.0,0.0,0.0,0.0,0.0,0.0,0.0,26.1,27.97,117.6,33.38,35.71,33.46,60.0,59.9,74.7,0.0,274.0,272.9,274.0,27.33,-3.452,27.54,619.0,1442824.0,42642.0,133364.0,-0.992,0.979,0.748,0.921,12.21,12.46,12.4,12.46,12.6,12.13,10.76,4.115,4.201,4.18,4.201,4.247,4.088,3.629,53270.0,54075.0,53527.0,53362.0,54361.0,51726.0,47067.0,0.802,303.9,13.45,1.2,3.51,2.0,-1.0,13.57,0.018,0.223,3.0,2.0,0.0,0.0,28.22,28.43,28.18,28.37,28.47,29.92,28.57,28.71,28.41,36.61
2016-07-28 06:48:00-05:00,125.33859,121.210434,575865,27.33,0.0,121.1,26.4,337.1,275.9,273.8,271.9,36.86,38.56,38.12,336.5,95.6,60.11,28.360000610351562,1452516.0,338.9,32.150001525878906,5.0,0.0,0.0,0.0,0.0,0.0,0.0,0.0,0.0,26.18,28.08,121.0,34.42,36.77,34.49,60.0,59.9,74.7,0.0,274.0,273.0,274.0,28.22,-3.334,28.41,619.0,1442824.0,42642.0,133364.0,-0.993,0.979,0.748,0.921,12.6,12.85,12.84,12.88,12.95,12.48,11.15,4.247,4.33,4.327,4.341,4.365,4.206,3.758,53270.0,54075.0,53527.0,53362.0,54361.0,51726.0,47067.0,0.923,293.8,8.72,1.2,3.512,2.0,-1.0,13.57,0.018,0.223,3.0,2.0,0.0,0.0,28.37,28.51,28.27,28.47,28.6,29.97,28.68,28.8,28.51,36.71
2016-07-28 06:49:00-05:00,128.07109,123.56404,575866,27.35,0.0,123.3,26.39,337.5,275.7,273.7,271.8,37.58,39.37,38.92,336.7,97.5,60.15,28.989999771118164,1452516.0,339.2,32.849998474121094,5.0,0.0,0.0,0.0,0.0,0.0,0.0,0.0,0.0,26.2,28.12,123.1,35.15,37.48,35.19,60.0,59.9,74.7,0.0,274.0,272.8,274.0,28.81,-3.25,28.99,619.0,1442825.0,42642.0,133364.0,-0.994,0.979,0.748,0.921,12.84,13.1,13.06,13.1,13.22,12.74,11.34,4.333,4.423,4.407,4.421,4.463,4.3,3.826,53270.0,54075.0,53527.0,53362.0,54361.0,51726.0,47067.0,0.918,292.7,6.412,1.2,3.512,2.0,-1.0,13.57,0.018,0.224,3.0,2.0,0.0,0.0,28.45,28.62,28.39,28.6,28.73,30.05,28.81,28.88,28.65,36.71
2016-07-28 06:50:00-05:00,129.25914,124.572716,575867,27.38,0.0,124.0,26.4,338.0,275.4,273.7,271.9,37.83,39.54,39.07,337.4,98.3,60.15,29.149999618530273,1452517.0,338.3,33.16999816894531,5.0,0.0,0.0,0.0,0.0,0.0,0.0,0.0,0.0,26.2,28.24,123.8,35.35,37.68,35.38,60.0,59.9,74.7,0.0,274.0,272.7,274.0,28.98,-3.23,29.16,619.0,1442825.0,42642.0,133364.0,-0.994,0.979,0.748,0.921,12.88,13.17,13.14,13.16,13.27,12.78,11.39,4.354,4.451,4.441,4.448,4.486,4.318,3.85,53270.0,54075.0,53527.0,53362.0,54361.0,51726.0,47067.0,0.83,293.5,10.51,1.2,3.512,2.0,-1.0,13.57,0.018,0.224,3.0,2.0,0.0,0.0,28.5,28.7,28.53,28.73,28.84,30.2,28.93,29.07,28.78,36.79
2016-07-28 06:51:00-05:00,129.49675,124.6848,575868,27.4,0.0,123.9,26.42,338.3,275.7,273.5,271.7,37.67,39.43,38.97,337.7,98.1,60.14,29.040000915527344,1452517.0,340.5,33.119998931884766,5.0,0.0,0.0,0.0,0.0,0.0,0.0,0.0,0.0,26.22,28.34,123.7,35.27,37.61,35.3,60.0,59.9,74.7,0.0,274.0,272.5,274.0,28.89,-3.236,29.08,619.0,1442826.0,42642.0,133364.0,-0.994,0.979,0.748,0.921,12.84,13.11,13.06,13.14,13.27,12.68,11.31,4.342,4.436,4.417,4.446,4.49,4.289,3.825,53270.0,54075.0,53527.0,53362.0,54361.0,51726.0,47067.0,0.522,303.7,20.45,1.1,3.51,2.0,-1.0,13.57,0.018,0.224,3.0,2.0,0.0,0.0,28.59,28.82,28.65,28.81,28.93,30.29,29.06,29.14,28.86,36.81
2016-07-28 06:52:00-05:00,128.66512,124.12442,575869,27.43,0.0,123.1,26.43,338.3,275.7,273.4,271.6,37.34,39.06,38.6,337.8,97.1,60.14,28.729999542236328,1452518.0,339.8,32.810001373291016,5.0,0.0,0.0,0.0,0.0,0.0,0.0,0.0,0.0,26.26,28.39,122.8,34.93,37.24,34.94,60.0,59.9,74.7,0.0,273.8,272.3,274.0,28.59,-3.282,28.77,619.0,1442826.0,42642.0,133364.0,-0.993,0.979,0.748,0.921,12.69,13.01,12.91,13.01,13.15,12.52,11.19,4.293,4.399,4.366,4.402,4.447,4.236,3.785,53270.0,54075.0,53527.0,53362.0,54361.0,51726.0,47067.0,0.958,287.1,11.98,1.4,3.51,2.0,-1.0,13.57,0.018,0.224,3.0,2.0,0.0,0.0,28.61,28.9,28.75,28.88,29.04,30.37,29.1,29.23,28.96,36.83
2016-07-28 06:53:00-05:00,127.59587,123.227806,575870,27.47,0.0,121.9,26.43,338.4,275.6,273.4,271.6,36.97,38.65,38.22,337.7,96.0,60.14,28.40999984741211,1452518.0,339.5,32.41999816894531,5.0,0.0,0.0,0.0,0.0,0.0,0.0,0.0,0.0,26.27,28.43,121.7,34.53,36.83,34.54,60.0,59.9,74.7,0.0,273.8,272.3,274.0,28.25,-3.332,28.45,619.0,1442827.0,42643.0,133364.0,-0.993,0.979,0.748,0.921,12.54,12.88,12.78,12.84,12.97,12.36,11.12,4.244,4.359,4.324,4.345,4.39,4.183,3.761,53270.0,54075.0,53527.0,53362.0,54361.0,51726.0,47067.0,0.898,290.8,8.2,1.2,3.512,2.0,-1.0,13.57,0.018,0.223,3.0,2.0,0.0,0.0,28.63,28.93,28.81,29.01,29.1,30.39,29.2,29.3,29.03,36.91
2016-07-28 06:54:00-05:00,127.35827,123.003654,575871,27.49,0.0,121.4,26.42,337.8,275.3,273.5,271.7,36.74,38.54,38.08,337.3,95.7,60.14,28.270000457763672,1452519.0,340.5,32.290000915527344,5.0,0.0,0.0,0.0,0.0,0.0,0.0,0.0,0.0,26.24,28.48,121.2,34.35,36.68,34.35,60.0,59.9,74.7,0.0,273.7,272.3,274.0,28.1,-3.356,28.3,619.0,1442827.0,42643.0,133364.0,-0.993,0.979,0.748,0.921,12.45,12.87,12.78,12.79,12.94,12.28,11.12,4.207,4.349,4.318,4.32,4.37,4.147,3.757,53270.0,54075.0,53527.0,53362.0,54361.0,51726.0,47067.0,0.923,286.7,13.76,1.4,3.51,2.0,-1.0,13.57,0.018,0.223,3.0,2.0,0.0,0.0,28.59,29.01,28.88,29.01,29.17,30.37,29.3,29.3,29.11,36.91
2016-07-28 06:55:00-05:00,129.73434,124.79687,575872,27.52,0.0,122.7,26.45,337.2,275.3,273.3,271.7,37.1,38.81,38.36,336.5,97.1,60.13,28.510000228881836,1452519.0,338.1,32.66999816894531,5.0,0.0,0.0,0.0,0.0,0.0,0.0,0.0,0.0,26.22,28.5,122.8,34.66,37.0,34.67,60.0,59.9,74.7,0.0,273.7,272.0,274.0,28.36,-3.313,28.55,619.0,1442828.0,42643.0,133364.0,-0.993,0.979,0.748,0.921,12.58,13.04,12.92,12.93,13.14,12.31,11.26,4.241,4.396,4.355,4.359,4.431,4.153,3.797,53270.0,54075.0,53527.0,53362.0,54361.0,51726.0,47067.0,1.142,283.0,8.9,1.5,3.51,2.0,-1.0,13.57,0.018,0.224,3.0,2.0,0.0,0.0,28.59,29.06,28.91,29.1,29.2,30.44,29.33,29.36,29.16,36.97
2016-07-28 06:56:00-05:00,178.32533,164.47186,575873,27.55,0.0,155.5,26.43,332.3,275.9,273.9,272.2,45.5,47.21,46.78,331.6,120.1,60.2,35.59000015258789,1452520.0,334.0,39.75,5.0,0.0,0.0,0.0,0.0,0.0,0.0,0.0,0.0,26.23,28.54,167.7,42.72,45.18,42.73,60.0,59.9,74.7,0.0,273.9,272.9,274.5,35.19,-2.254,35.29,619.0,1442828.0,42643.0,133364.0,-0.997,0.979,0.748,0.921,15.37,17.16,16.87,16.28,17.44,13.26,14.8,5.098,5.688,5.592,5.398,5.783,4.402,4.906,53270.0,54075.0,53527.0,53362.0,54361.0,51726.0,47067.0,1.02,284.6,15.15,1.4,3.512,2.0,-1.0,13.57,0.018,0.224,3.0,2.0,0.0,0.0,28.61,29.11,28.97,29.12,29.23,30.5,29.37,29.45,29.24,37.0
2016-07-28 06:57:00-05:00,226.5599,204.14684,575874,27.58,0.0,185.7,26.53,329.5,275.7,273.7,271.9,53.39,54.99,54.63,329.1,140.9,60.22,42.09000015258789,1452521.0,331.0,46.369998931884766,5.0,0.0,0.0,0.0,0.0,0.0,0.0,0.0,0.0,26.37,28.78,203.3,50.38,52.97,50.4,60.0,59.9,74.7,0.0,273.9,272.4,274.0,41.58,-1.207,41.6,619.0,1442829.0,42643.0,133364.0,-0.999,0.979,0.748,0.921,18.1,20.64,20.58,19.19,20.67,14.14,17.81,5.964,6.799,6.779,6.322,6.811,4.659,5.867,53270.0,54075.0,53527.0,53362.0,54361.0,51726.0,47067.0,1.32,287.9,11.55,1.8,3.512,2.0,-1.0,13.57,0.018,0.225,3.0,2.0,0.0,0.0,28.87,29.32,29.27,29.35,29.51,30.77,29.68,29.76,29.52,37.0
2016-07-28 06:58:00-05:00,260.06274,231.49342,575875,27.61,0.0,207.1,26.63,320.2,276.0,273.9,272.0,57.97,59.41,59.15,318.9,156.8,60.2,45.900001525878906,1452521.0,320.9,49.970001220703125,5.0,0.0,0.0,0.0,0.0,0.0,0.0,0.0,0.0,26.48,28.99,231.1,54.81,57.38,54.89,60.0,59.9,74.7,0.0,274.0,273.0,274.2,45.31,-0.645,45.31,619.0,1442830.0,42643.0,133364.0,-1.0,0.979,0.748,0.921,20.78,23.43,23.17,21.36,23.19,14.87,19.95,6.652,7.501,7.415,6.835,7.422,4.761,6.385,53270.0,54075.0,53527.0,53362.0,54361.0,51726.0,47067.0,1.327,296.7,10.06,1.7,3.512,2.0,-1.0,13.58,0.018,0.225,3.0,2.0,0.0,0.0,29.16,29.55,29.55,29.63,29.69,30.98,29.94,29.99,29.81,37.07
2016-07-28 06:59:00-05:00,179.75098,164.92015,575876,27.65,0.0,152.4,26.64,325.3,275.8,273.7,271.9,44.28,46.02,45.58,324.4,119.8,60.14,34.56999969482422,1452522.0,325.5,38.83000183105469,5.0,0.0,0.0,0.0,0.0,0.0,0.0,0.0,0.0,26.54,29.13,156.0,41.6,44.07,41.64,60.0,59.9,74.7,0.0,274.0,272.8,274.1,34.27,-2.383,34.36,619.0,1442830.0,42643.0,133364.0,-0.997,0.979,0.748,0.921,15.36,16.46,16.74,16.12,16.52,13.5,14.56,4.991,5.348,5.437,5.236,5.368,4.39,4.728,53270.0,54075.0,53527.0,53362.0,54361.0,51726.0,47067.0,1.433,294.9,7.245,1.9,3.512,2.0,-1.0,13.57,0.018,0.224,3.0,2.0,0.0,0.0,29.29,29.76,29.79,29.82,29.89,31.14,30.16,30.18,30.04,37.13
2016-07-28 07:00:00-05:00,143.63448,134.5475,575877,27.69,0.0,129.7,26.67,336.0,276.2,274.1,272.3,39.03,40.75,40.3,334.8,103.2,60.16,30.219999313354492,1452523.0,337.2,34.54999923706055,5.0,0.0,0.0,0.0,0.0,0.0,0.0,0.0,0.0,26.57,29.12,130.2,36.45,38.83,36.47,60.0,59.9,74.7,0.0,274.4,273.0,274.8,29.97,-3.065,30.13,619.0,1442831.0,42643.0,133364.0,-0.995,0.979,0.748,0.921,13.33,13.88,13.73,13.72,13.96,12.84,11.94,4.48,4.663,4.613,4.609,4.692,4.314,4.011,53270.0,54075.0,53527.0,53362.0,54361.0,51726.0,47067.0,1.228,296.9,20.58,1.8,3.512,2.0,-1.0,13.58,0.018,0.224,3.0,2.0,0.0,0.0,29.26,29.75,29.66,29.79,29.89,30.98,30.1,30.05,30.02,37.2
2016-07-28 07:01:00-05:00,156.22772,144.8585,575878,27.74,0.0,138.7,26.67,333.3,276.3,274.3,272.4,41.6,43.32,42.9,332.6,110.7,60.22,32.38999938964844,1452523.0,334.9,36.79999923706055,5.0,0.0,0.0,0.0,0.0,0.0,0.0,0.0,0.0,26.57,29.09,140.5,38.89,41.3,38.91,60.0,59.9,74.7,0.0,274.4,273.0,275.0,32.04,-2.733,32.16,619.0,1442831.0,42643.0,133364.0,-0.996,0.979,0.748,0.921,14.19,14.97,14.88,14.8,15.21,13.51,13.03,4.727,4.988,4.957,4.931,5.066,4.503,4.338,53270.0,54075.0,53527.0,53362.0,54361.0,51726.0,47067.0,1.06,300.3,12.41,1.6,3.512,2.0,-1.0,13.58,0.018,0.224,3.0,2.0,0.0,0.0,29.17,29.67,29.59,29.8,29.94,30.96,30.1,30.06,29.99,37.26
2016-07-28 07:02:00-05:00,149.93109,138.91847,575879,27.78,0.0,133.6,26.65,335.0,276.3,274.5,272.6,40.13,41.85,41.42,334.4,107.1,60.23,31.18000030517578,1452524.0,336.8,35.810001373291016,5.0,0.0,0.0,0.0,0.0,0.0,0.0,0.0,0.0,26.51,29.02,134.2,37.56,39.93,37.59,60.0,59.9,74.7,0.0,274.7,273.3,275.0,30.93,-2.938,31.07,619.0,1442832.0,42643.0,133364.0,-0.996,0.979,0.748,0.921,13.81,14.37,14.16,14.18,14.45,13.29,12.3,4.626,4.812,4.744,4.749,4.839,4.45,4.12,53270.0,54075.0,53527.0,53362.0,54361.0,51726.0,47067.0,1.22,302.9,11.36,1.9,3.512,2.0,-1.0,13.58,0.018,0.224,3.0,2.0,0.0,0.0,29.17,29.64,29.59,29.79,29.98,31.01,30.13,30.03,30.01,37.35
2016-07-28 07:03:00-05:00,163.95001,149.67778,575880,27.82,0.0,142.0,26.7,333.3,276.5,274.5,272.6,42.2,43.95,43.52,333.0,112.7,60.22,32.939998626708984,1452524.0,335.0,37.5,5.0,0.0,0.0,0.0,0.0,0.0,0.0,0.0,0.0,26.58,28.93,144.6,39.53,41.93,39.57,60.0,59.9,74.7,0.0,274.7,273.5,275.0,32.61,-2.703,32.73,619.0,1442832.0,42643.0,133364.0,-0.997,0.979,0.748,0.921,14.76,15.42,15.19,14.92,15.26,13.65,12.99,4.917,5.137,5.062,4.97,5.086,4.55,4.327,53270.0,54075.0,53527.0,53362.0,54361.0,51726.0,47067.0,1.18,303.3,9.46,2.0,3.512,2.0,-1.0,13.58,0.018,0.224,3.0,2.0,0.0,0.0,29.23,29.6,29.59,29.72,29.86,30.95,30.04,29.96,29.97,37.43
2016-07-28 07:04:00-05:00,153.61403,140.37547,575881,27.86,0.0,133.9,26.74,337.5,276.6,274.2,272.3,40.14,41.79,41.4,337.2,105.9,60.2,31.149999618530273,1452525.0,338.7,35.70000076293945,5.0,0.0,0.0,0.0,0.0,0.0,0.0,0.0,0.0,26.61,28.9,134.8,37.56,39.88,37.58,60.0,59.9,74.7,0.0,274.5,273.0,275.0,30.9,-2.972,31.05,619.0,1442833.0,42643.0,133364.0,-0.995,0.979,0.748,0.921,13.68,14.32,14.11,14.05,14.36,13.06,12.25,4.616,4.83,4.762,4.739,4.847,4.406,4.132,53270.0,54075.0,53527.0,53362.0,54361.0,51726.0,47067.0,1.498,303.9,9.09,1.9,3.51,2.0,-1.0,13.58,0.019,0.224,3.0,2.0,0.0,0.0,29.27,29.6,29.59,29.82,29.96,31.07,30.03,30.01,29.96,37.54
2016-07-28 07:05:00-05:00,206.12555,183.74896,575882,27.9,0.0,170.1,26.82,329.9,276.3,274.5,272.7,49.97,51.63,51.26,329.5,132.8,60.13,39.38999938964844,1452525.0,331.0,43.7400016784668,5.0,0.0,0.0,0.0,0.0,0.0,0.0,0.0,0.0,26.71,29.0,181.3,46.95,49.41,46.99,60.0,59.9,74.7,0.0,274.7,273.1,275.0,38.82,-1.757,38.87,619.0,1442834.0,42643.0,133364.0,-0.999,0.979,0.748,0.921,17.33,18.95,18.57,17.76,19.05,15.27,16.05,5.715,6.249,6.122,5.854,6.279,5.037,5.292,53270.0,54075.0,53527.0,53362.0,54361.0,51726.0,47067.0,1.345,304.0,10.14,2.0,3.512,2.0,-1.0,13.57,0.019,0.224,3.0,2.0,0.0,0.0,29.4,29.6,29.63,29.81,29.93,31.08,30.09,30.04,29.94,37.61
2016-07-28 07:06:00-05:00,200.18533,178.25722,575883,27.94,0.0,164.4,26.96,334.3,276.0,273.9,271.9,48.93,50.61,50.24,333.8,128.4,60.14,38.439998626708984,1452526.0,335.0,42.810001373291016,5.0,0.0,0.0,0.0,0.0,0.0,0.0,0.0,0.0,26.87,29.2,171.6,46.08,48.51,46.12,60.0,59.9,74.7,0.0,274.0,273.0,274.1,38.0,-1.853,38.05,619.0,1442834.0,42643.0,133364.0,-0.999,0.979,0.748,0.921,16.45,17.93,17.81,17.24,18.36,14.86,15.72,5.495,5.987,5.95,5.76,6.133,4.964,5.251,53270.0,54075.0,53527.0,53362.0,54361.0,51726.0,47067.0,1.015,312.8,8.1,1.3,3.512,2.0,-1.0,13.57,0.019,0.224,3.0,2.0,0.0,0.0,29.64,29.73,29.73,29.95,30.06,31.29,30.25,30.17,30.1,37.74
2016-07-28 07:07:00-05:00,251.50882,220.62204,575884,27.99,0.0,200.6,27.07,331.8,275.9,273.9,271.9,59.15,60.54,60.35,331.4,154.6,60.15,46.84000015258789,1452527.0,333.4,51.2400016784668,5.0,0.0,0.0,0.0,0.0,0.0,0.0,0.0,0.0,26.96,29.49,216.1,56.07,58.48,56.13,60.0,59.9,74.7,0.0,274.0,272.9,274.0,46.28,-0.599,46.28,619.0,1442835.0,42643.0,133364.0,-1.0,0.979,0.748,0.921,20.31,22.42,22.1,20.84,22.61,17.41,19.18,6.74,7.44,7.333,6.915,7.504,5.777,6.365,53270.0,54075.0,53527.0,53362.0,54362.0,51726.0,47067.0,0.85,327.2,11.94,1.4,3.512,2.0,-1.0,13.57,0.019,0.225,3.0,2.0,0.0,0.0,29.99,29.98,30.01,30.19,30.19,31.57,30.53,30.5,30.29,37.84
2016-07-28 07:08:00-05:00,262.32,229.13983,575885,28.03,0.0,208.1,27.14,338.6,276.1,274.0,272.0,61.57,62.9,62.78,337.6,158.1,60.17,48.86000061035156,1452528.0,340.2,53.369998931884766,5.0,0.0,0.0,0.0,0.0,0.0,0.0,0.0,0.0,26.98,29.76,223.6,58.56,60.9,58.65,60.0,59.9,74.7,0.0,274.0,273.0,274.0,48.33,-0.317,48.33,619.0,1442836.0,42643.0,133364.0,-0.9,0.979,0.748,0.921,20.66,22.9,22.67,21.33,23.14,17.68,19.74,6.994,7.754,7.673,7.22,7.835,5.986,6.684,53270.0,54075.0,53528.0,53362.0,54362.0,51726.0,47067.0,0.448,323.1,27.44,1.0,3.512,2.0,-1.0,13.54,-0.043,0.225,3.0,2.0,0.0,0.001,30.38,30.16,30.19,30.45,30.52,31.63,30.79,30.74,30.61,37.95
2016-07-28 07:09:00-05:00,290.83304,252.89998,575886,28.08,0.0,228.7,27.23,333.5,276.0,274.0,272.0,67.22,68.55,68.47,333.2,175.0,60.22,53.59000015258789,1452529.0,335.0,58.29999923706055,5.0,0.0,0.0,0.0,0.0,0.0,0.0,0.0,0.0,27.16,30.11,247.2,64.32,66.73,64.49,60.0,59.9,74.7,0.0,274.0,272.9,274.0,53.1,0.336,53.1,619.0,1442837.0,42643.0,133364.0,1.0,0.979,0.748,0.921,23.18,25.64,25.34,23.77,25.76,19.32,21.98,7.729,8.55,8.45,7.927,8.59,6.443,7.33,53270.0,54076.0,53528.0,53362.0,54362.0,51726.0,47067.0,1.04,320.4,23.04,1.7,3.512,2.0,-1.0,13.54,-0.004,0.226,3.0,2.0,0.0,0.001,30.8,30.43,30.43,30.59,30.75,31.85,31.05,31.05,30.92,38.05
2016-07-28 07:10:00-05:00,313.16827,271.95294,575887,28.14,0.0,244.8,27.33,333.0,275.8,273.7,271.8,71.82,73.14,73.09,332.4,186.8,60.23,57.38999938964844,1452530.0,334.3,62.099998474121094,5.0,0.0,0.0,0.0,0.0,0.0,0.0,0.0,0.0,27.24,30.31,265.1,68.96,71.41,69.12,60.0,59.9,74.7,0.0,273.9,272.2,274.0,56.85,0.906,56.86,619.0,1442838.0,42643.0,133364.0,1.0,0.979,0.748,0.921,24.88,27.51,27.18,25.62,27.57,20.39,23.52,8.28,9.16,9.05,8.53,9.18,6.788,7.831,53271.0,54076.0,53528.0,53362.0,54362.0,51726.0,47067.0,,0.0,0.0,,,2.0,-1.0,13.54,0.009,0.226,3.0,2.0,0.0,0.001,30.95,30.79,30.77,30.99,31.07,32.17,31.44,31.39,31.3,38.21
2016-07-28 07:11:00-05:00,333.95905,289.99722,575888,28.2,0.0,260.7,27.48,330.8,275.7,273.7,271.7,76.36,77.7,77.67,330.6,199.4,60.14,61.15999984741211,1452531.0,331.8,65.93000030517578,5.0,0.0,0.0,0.0,0.0,0.0,0.0,0.0,0.0,27.46,30.68,283.6,73.44,76.01,73.64,60.0,59.9,74.7,0.0,273.3,272.0,274.0,60.53,1.514,60.55,619.0,1442839.0,42643.0,133364.0,1.0,0.979,0.748,0.921,26.55,29.49,29.15,27.89,29.56,21.5,25.22,8.78,9.75,9.64,9.23,9.78,7.111,8.34,53271.0,54076.0,53528.0,53363.0,54362.0,51726.0,47068.0,0.968,304.8,12.95,1.7,3.51,2.0,-1.0,13.54,0.012,0.226,3.0,2.0,0.0,0.001,31.27,31.13,31.15,31.34,31.44,32.48,31.75,31.69,31.66,38.34
2016-07-28 07:12:00-05:00,347.97797,302.886,575889,28.28,0.0,271.4,27.62,335.9,275.9,273.5,271.5,79.96,81.2,81.2,335.7,205.8,60.15,64.08000183105469,1452532.0,337.0,69.08999633789062,5.0,0.0,0.0,0.0,0.0,0.0,0.0,0.0,0.0,27.68,31.18,295.0,77.0,79.57,77.18,60.0,59.9,74.7,0.0,273.2,272.0,274.0,63.42,1.96,63.45,619.0,1442840.0,42643.0,133364.0,1.0,0.979,0.748,0.921,27.24,30.35,30.01,29.09,30.49,22.03,26.02,9.15,10.19,10.08,9.77,10.24,7.398,8.74,53271.0,54076.0,53529.0,53363.0,54363.0,51727.0,47068.0,0.952,312.7,6.475,1.3,3.512,2.0,-1.0,13.54,0.014,0.226,3.0,2.0,0.0,0.001,31.76,31.53,31.56,31.75,31.83,32.85,32.24,32.31,32.02,38.47
2016-07-28 07:13:00-05:00,353.32413,308.37772,575890,28.36,0.0,276.4,27.74,335.6,275.5,273.3,271.4,81.4,82.8,82.7,335.3,209.5,60.14,65.30999755859375,1452533.0,337.1,70.26000213623047,5.0,0.0,0.0,0.0,0.0,0.0,0.0,0.0,0.0,27.8,31.64,299.6,78.51,81.1,78.7,60.0,59.9,74.7,0.0,273.0,272.0,273.6,64.62,2.164,64.66,619.0,1442841.0,42643.0,133364.0,0.999,0.979,0.748,0.921,27.66,30.86,30.62,29.83,30.96,22.43,26.54,9.28,10.36,10.28,10.01,10.39,7.529,8.91,53271.0,54077.0,53529.0,53363.0,54363.0,51727.0,47068.0,0.932,306.4,12.97,1.5,3.512,2.0,-1.0,13.54,0.014,0.227,3.0,2.0,0.0,0.0,32.26,31.89,31.98,32.13,32.27,33.14,32.68,32.76,32.41,38.59
2016-07-28 07:14:00-05:00,250.79599,221.18242,575891,28.44,0.0,199.9,27.97,339.5,275.1,273.0,271.1,59.26,60.69,60.51,338.9,152.3,60.14,46.81999969482422,1452534.0,340.6,51.56999969482422,5.0,0.0,0.0,0.0,0.0,0.0,0.0,0.0,0.0,28.09,32.08,201.6,56.62,59.06,56.7,60.0,59.9,74.7,0.0,273.0,272.0,273.3,46.56,-0.534,46.6,619.0,1442841.0,42643.0,133364.0,0.068,0.979,0.748,0.921,19.23,21.02,21.5,21.21,21.57,17.07,19.18,6.521,7.126,7.289,7.19,7.314,5.788,6.503,53271.0,54077.0,53529.0,53363.0,54363.0,51727.0,47068.0,1.048,308.6,8.76,1.6,3.51,2.0,-1.0,13.54,0.015,0.226,3.0,2.0,0.0,0.0,32.72,32.19,32.24,32.48,32.53,33.36,32.9,32.96,32.64,38.72
2016-07-28 07:15:00-05:00,304.25797,267.58197,575892,28.54,0.0,245.7,27.88,337.8,275.3,273.1,271.1,72.03,73.35,73.26,338.0,184.8,60.17,57.41999816894531,1452535.0,339.3,62.290000915527344,5.0,0.0,0.0,0.0,0.0,0.0,0.0,0.0,0.0,27.92,31.92,271.6,68.9,71.45,69.04,60.0,59.9,74.7,0.0,273.0,272.0,273.0,56.66,0.989,56.71,619.0,1442842.0,42643.0,133364.0,0.467,0.979,0.748,0.921,24.62,27.63,26.61,26.25,27.77,20.18,23.05,8.29,9.31,8.96,8.84,9.35,6.798,7.76,53272.0,54077.0,53529.0,53363.0,54363.0,51727.0,47068.0,0.957,318.8,14.48,1.4,3.512,2.0,-1.0,13.54,0.016,0.226,3.0,2.0,0.0,0.0,32.77,32.21,32.24,32.47,32.45,33.23,32.91,32.91,32.55,38.93
2016-07-28 07:16:00-05:00,294.04077,261.64194,575893,28.67,0.0,234.6,27.82,342.8,275.7,273.5,271.6,68.9,70.22,70.11,342.2,175.3,60.15,54.88999938964844,1452536.0,344.2,59.81999969482422,5.0,0.0,0.0,0.0,0.0,0.0,0.0,0.0,0.0,27.9,32.11,246.2,66.11,68.61,66.17,60.0,59.9,74.7,0.0,273.5,272.0,273.9,54.42,0.653,54.46,619.0,1442843.0,42643.0,133364.0,0.267,0.979,0.748,0.921,22.29,24.88,25.12,24.91,25.36,18.88,22.15,7.616,8.5,8.58,8.51,8.67,6.454,7.569,53272.0,54077.0,53529.0,53364.0,54363.0,51727.0,47069.0,1.31,303.3,18.44,1.9,3.512,2.0,-1.0,13.54,0.016,0.227,3.0,2.0,0.0,0.0,32.85,32.5,32.62,32.81,32.68,33.64,33.33,33.38,32.85,39.11
2016-07-28 07:17:00-05:00,290.83304,258.27966,575894,28.76,0.0,236.7,27.76,343.2,275.5,273.7,271.9,69.38,70.59,70.51,341.8,175.8,60.14,55.2599983215332,1452537.0,345.6,59.9900016784668,5.0,0.0,0.0,0.0,0.0,0.0,0.0,0.0,0.0,27.76,31.98,258.5,66.23,68.7,66.27,60.0,59.9,74.7,0.0,273.7,272.2,274.0,54.57,0.666,54.59,619.0,1442844.0,42643.0,133364.0,0.1,0.979,0.748,0.921,22.92,25.71,25.13,25.31,26.16,18.95,22.02,7.853,8.81,8.61,8.68,8.97,6.494,7.549,53272.0,54077.0,53529.0,53364.0,54364.0,51727.0,47069.0,1.263,294.5,14.61,1.8,3.512,2.0,-1.0,13.54,0.016,0.226,3.0,2.0,0.0,0.0,32.54,32.49,32.61,32.81,32.89,33.41,33.32,33.33,32.83,39.32
2016-07-28 07:18:00-05:00,251.1524,226.0017,575895,28.85,0.0,205.1,27.84,343.2,275.6,273.7,271.8,59.78,61.13,60.97,342.4,152.1,60.22,47.31999969482422,1452537.0,344.4,52.0099983215332,5.0,0.0,0.0,0.0,0.0,0.0,0.0,0.0,0.0,27.86,32.26,210.3,56.93,59.3,56.94,60.0,59.9,74.7,0.0,273.9,272.2,274.0,46.9,-0.522,46.92,619.0,1442845.0,42643.0,133364.0,-0.433,0.979,0.748,0.921,19.86,21.42,21.59,21.46,21.19,17.03,18.5,6.809,7.341,7.401,7.356,7.263,5.837,6.34,53272.0,54077.0,53530.0,53364.0,54364.0,51727.0,47069.0,0.742,294.0,24.05,1.1,3.51,2.0,-1.0,13.54,0.016,0.226,3.0,2.0,0.0,0.0,32.78,32.68,32.76,32.95,33.05,33.62,33.42,33.46,33.01,39.51
2016-07-28 07:19:00-05:00,337.52316,304.00674,575896,28.95,0.0,275.9,28.02,335.4,275.9,273.5,271.6,80.9,82.2,82.1,334.9,208.5,60.22,64.87999725341797,1452538.0,336.8,69.80000305175781,5.0,0.0,0.0,0.0,0.0,0.0,0.0,0.0,0.0,28.08,32.54,299.7,77.82,80.4,78.0,60.0,59.9,74.7,0.0,273.1,272.0,274.0,64.1,2.045,64.14,619.0,1442846.0,42643.0,133364.0,0.933,0.979,0.748,0.921,27.66,30.89,30.31,30.24,30.75,22.7,26.08,9.27,10.36,10.16,10.14,10.31,7.609,8.74,53272.0,54078.0,53530.0,53364.0,54364.0,51728.0,47069.0,0.853,315.6,21.26,1.3,3.512,2.0,-1.0,13.54,0.016,0.227,3.0,2.0,0.0,0.0,33.08,32.88,32.88,33.18,33.16,33.79,33.44,33.66,33.1,39.72
2016-07-28 07:20:00-05:00,343.8198,311.51584,575897,29.04,0.0,280.8,28.01,336.9,275.6,273.4,271.6,82.8,84.1,84.0,336.0,212.6,60.16,66.41999816894531,1452540.0,338.6,71.41000366210938,5.0,0.0,0.0,0.0,0.0,0.0,0.0,0.0,0.0,27.85,32.69,302.1,79.85,82.5,80.0,60.0,59.9,74.7,0.0,273.1,272.0,273.9,65.74,2.319,65.78,619.0,1442847.0,42643.0,133364.0,0.999,0.979,0.748,0.921,27.46,30.92,30.78,31.05,31.48,22.87,26.98,9.25,10.41,10.37,10.46,10.6,7.702,9.09,53272.0,54078.0,53530.0,53364.0,54364.0,51728.0,47069.0,1.143,302.5,19.08,1.9,3.51,2.0,-1.0,13.54,0.016,0.227,3.0,2.0,0.0,0.0,33.36,33.04,33.19,33.43,33.5,34.15,33.84,34.0,33.47,39.91
2016-07-28 07:21:00-05:00,308.41608,281.1432,575898,29.14,0.0,252.4,28.07,336.2,275.6,273.1,271.3,74.05,75.49,75.34,335.6,191.2,60.14,59.189998626708984,1452541.0,338.1,64.05000305175781,5.0,0.0,0.0,0.0,0.0,0.0,0.0,0.0,0.0,28.0,32.91,263.5,71.3,73.92,71.42,60.0,59.9,74.7,0.0,273.0,272.0,273.7,58.68,1.296,58.72,619.0,1442848.0,42643.0,133364.0,0.466,0.979,0.748,0.921,25.11,27.41,27.47,27.29,27.07,21.24,23.47,8.43,9.2,9.22,9.16,9.08,7.13,7.877,53273.0,54078.0,53530.0,53364.0,54364.0,51728.0,47069.0,0.778,329.6,36.68,1.6,3.512,2.0,-1.0,13.54,0.017,0.227,3.0,2.0,0.0,0.0,33.55,33.11,33.35,33.61,33.64,34.16,34.05,34.14,33.63,40.12
2016-07-28 07:22:00-05:00,203.74947,187.67163,575899,29.23,0.0,174.8,27.94,341.1,274.9,272.7,270.9,50.6,52.09,51.79,340.6,130.3,60.14,39.58000183105469,1452541.0,342.4,44.279998779296875,5.0,0.0,0.0,0.0,0.0,0.0,0.0,0.0,0.0,27.89,32.72,176.9,47.8,50.22,47.81,60.0,59.9,74.7,0.0,273.0,271.8,273.0,39.22,-1.603,39.3,619.0,1442849.0,42643.0,133364.0,-0.564,0.979,0.748,0.921,16.8,18.19,17.95,18.0,18.27,15.15,15.6,5.719,6.191,6.11,6.127,6.219,5.158,5.308,53273.0,54078.0,53530.0,53365.0,54364.0,51728.0,47069.0,,0.0,0.0,,,2.5,-1.0,13.54,0.017,0.226,3.0,2.0,0.0,0.0,33.34,33.13,33.18,33.59,33.58,34.03,34.02,34.06,33.62,40.32
2016-07-28 07:23:00-05:00,230.24284,211.20763,575900,29.32,0.0,199.7,27.9,338.3,275.0,272.4,270.7,58.08,59.57,59.27,337.9,149.9,60.14,45.77000045776367,1452542.0,339.7,50.380001068115234,5.0,0.0,0.0,0.0,0.0,0.0,0.0,0.0,0.0,27.84,32.57,209.8,54.94,57.45,54.98,60.0,59.9,74.7,0.0,272.8,271.2,273.0,45.09,-0.703,45.15,619.0,1442850.0,42643.0,133364.0,-0.399,0.979,0.748,0.921,19.74,21.72,20.98,21.08,21.99,17.53,18.2,6.644,7.308,7.059,7.091,7.398,5.902,6.121,53273.0,54078.0,53530.0,53365.0,54365.0,51728.0,47069.0,1.457,271.2,16.73,2.3,3.51,2.0,-1.0,13.54,0.017,0.226,3.0,2.0,0.0,0.0,33.16,32.88,33.02,33.44,33.43,33.89,33.76,33.85,33.5,40.53
2016-07-28 07:24:00-05:00,354.39337,323.9563,575901,29.41,0.0,295.8,27.8,330.9,275.5,273.0,271.1,87.7,89.0,88.9,330.9,228.1,60.13,70.43000030517578,1452543.0,332.7,75.47000122070312,5.0,0.0,0.0,0.0,0.0,0.0,0.0,0.0,0.0,27.8,32.62,312.3,84.6,87.4,84.8,60.0,59.9,74.7,0.0,273.0,271.9,273.0,69.59,2.974,69.65,619.0,1442851.0,42643.0,133364.0,0.999,0.979,0.748,0.921,29.53,33.07,32.92,33.15,33.68,26.0,28.94,9.77,10.94,10.89,10.97,11.14,8.6,9.57,53273.0,54078.0,53531.0,53365.0,54365.0,51728.0,47070.0,0.768,283.3,48.59,1.8,3.512,2.0,-1.0,13.54,0.017,0.227,3.0,2.0,0.0,0.0,33.1,33.05,33.22,33.53,33.55,33.92,33.94,33.97,33.69,40.71
2016-07-28 07:25:00-05:00,357.4823,325.8616,575902,29.49,0.0,298.8,27.96,332.1,275.0,273.0,271.1,88.4,89.7,89.7,332.1,229.4,60.17,70.98999786376953,1452544.0,332.0,76.12999725341797,5.0,0.0,0.0,0.0,0.0,0.0,0.0,0.0,0.0,27.99,33.01,314.0,85.3,88.1,85.5,60.0,59.9,74.7,0.0,273.0,271.6,273.0,70.13,3.042,70.2,619.0,1442852.0,42643.0,133364.0,0.999,0.979,0.748,0.921,30.13,33.38,33.11,33.07,33.47,26.72,28.74,10.0,11.08,10.99,10.97,11.11,8.86,9.54,53273.0,54079.0,53531.0,53365.0,54365.0,51728.0,47070.0,1.565,292.4,7.255,2.1,3.512,2.0,-1.0,13.54,0.017,0.228,3.0,2.0,0.0,0.0,33.51,33.37,33.47,33.76,33.87,34.08,34.23,34.2,33.94,40.89
2016-07-28 07:26:00-05:00,404.76642,368.56265,575903,29.58,0.0,337.1,28.0,333.1,275.8,274.0,272.1,99.6,100.8,100.8,332.3,257.9,60.12,80.5,1452546.0,333.8,85.69999694824219,5.0,0.0,0.0,0.0,0.0,0.0,0.0,0.0,0.0,28.1,33.21,356.7,96.5,99.4,96.7,60.0,59.9,74.7,0.0,273.7,272.1,274.0,79.49,4.475,79.61,619.0,1442853.0,42643.0,133365.0,0.998,0.979,0.748,0.921,33.93,37.73,37.31,37.26,37.79,30.16,32.28,11.3,12.57,12.43,12.41,12.59,10.05,10.75,53273.0,54079.0,53531.0,53365.0,54365.0,51729.0,47070.0,1.263,291.5,18.68,2.1,3.51,2.0,-1.0,13.54,0.017,0.228,3.0,2.0,0.0,0.0,33.93,33.52,33.89,34.1,34.23,34.43,34.61,34.66,34.32,40.98
2016-07-28 07:27:00-05:00,409.9938,373.71814,575904,29.66,0.0,342.8,27.93,335.7,276.5,274.6,272.6,101.2,102.3,102.3,335.2,260.5,60.15,82.0,1452547.0,337.1,87.30000305175781,5.0,0.0,0.0,0.0,0.0,0.0,0.0,0.0,0.0,28.05,33.5,362.0,98.0,100.9,98.2,60.0,59.9,74.7,0.0,274.0,273.0,274.6,80.9,4.633,81.0,619.0,1442855.0,42643.0,133365.0,0.998,0.979,0.748,0.921,34.3,38.04,37.56,37.64,38.14,30.66,32.5,11.51,12.77,12.61,12.63,12.8,10.29,10.91,53274.0,54079.0,53531.0,53366.0,54365.0,51729.0,47070.0,0.76,283.1,19.16,1.5,3.51,2.0,-1.0,13.54,0.017,0.228,3.0,2.0,0.0,0.0,34.17,34.04,34.33,34.54,34.66,34.92,35.03,35.15,34.94,41.18
2016-07-28 07:28:00-05:00,413.32034,377.86496,575905,29.75,0.0,347.2,27.91,334.4,276.6,274.5,272.6,102.4,103.4,103.5,333.9,263.0,60.14,83.0,1452549.0,335.6,87.80000305175781,5.0,0.0,0.0,0.0,0.0,0.0,0.0,0.0,0.0,28.12,33.65,366.3,99.2,102.1,99.4,60.0,59.9,74.7,0.0,274.0,273.0,274.6,81.8,4.79,82.0,619.0,1442856.0,42643.0,133365.0,0.998,0.979,0.748,0.921,34.8,38.51,38.16,38.23,38.68,31.2,32.99,11.64,12.88,12.76,12.78,12.94,10.43,11.03,53274.0,54079.0,53532.0,53366.0,54366.0,51729.0,47071.0,1.015,276.0,14.65,1.6,3.512,2.0,-1.0,13.54,0.017,0.228,3.0,2.0,0.0,0.0,34.24,34.43,34.81,35.0,35.08,35.29,35.42,35.57,35.38,41.32
2016-07-28 07:29:00-05:00,417.9537,383.46878,575906,29.84,0.0,353.1,27.98,333.7,276.5,274.4,272.5,104.1,105.2,105.2,333.2,267.4,60.14,84.4000015258789,1452550.0,335.3,89.0999984741211,5.0,0.0,0.0,0.0,0.0,0.0,0.0,0.0,0.0,27.99,34.14,372.2,100.9,103.8,101.1,60.0,59.9,74.7,0.0,274.0,272.8,274.4,83.2,5.018,83.3,619.0,1442857.0,42643.0,133365.0,0.998,0.979,0.748,0.921,35.37,39.29,38.86,38.89,39.34,32.08,33.61,11.8,13.11,12.97,12.98,13.13,10.7,11.22,53274.0,54080.0,53532.0,53366.0,54366.0,51729.0,47071.0,0.757,270.9,44.4,1.6,3.512,2.0,-1.0,13.54,0.017,0.228,3.0,2.0,0.0,0.0,34.6,34.89,35.21,35.41,35.44,35.7,35.75,36.0,35.81,41.5
2016-07-28 07:30:00-05:00,423.0623,389.4088,575907,29.95,0.0,359.4,28.35,333.8,276.5,274.2,272.3,105.9,107.0,107.0,333.0,272.1,60.13,85.9000015258789,1452551.0,335.3,90.5999984741211,5.0,0.0,0.0,0.0,0.0,0.0,0.0,0.0,0.0,28.46,35.01,378.2,102.7,105.6,102.9,60.0,59.9,74.7,0.0,274.0,272.6,274.0,84.6,5.262,84.8,619.0,1442859.0,42643.0,133365.0,0.998,0.979,0.748,0.921,35.96,39.86,39.45,39.57,40.05,32.78,34.12,12.0,13.3,13.16,13.21,13.37,10.94,11.39,53274.0,54080.0,53532.0,53366.0,54366.0,51730.0,47071.0,,0.0,0.0,,,2.0,-1.0,13.5,-0.052,0.229,3.0,2.0,0.0,0.001,35.58,35.46,35.69,35.95,36.08,36.39,36.17,36.76,36.27,41.71
2016-07-28 07:31:00-05:00,428.0521,394.67642,575908,30.05,0.0,365.0,28.8,333.1,276.2,274.2,272.2,107.4,108.4,108.5,332.4,276.5,60.15,87.0,1452553.0,333.9,91.9000015258789,5.0,0.0,0.0,0.0,0.0,0.0,0.0,0.0,0.0,29.08,35.75,247.5,104.1,107.1,104.4,60.0,59.9,74.7,0.0,273.9,272.2,274.0,85.7,5.422,85.9,619.0,1442860.0,42643.0,133365.0,0.998,0.979,0.748,0.921,36.47,40.53,40.04,40.06,40.62,33.51,34.62,12.14,13.5,13.33,13.34,13.53,11.16,11.53,53275.0,54080.0,53532.0,53366.0,54366.0,51730.0,47071.0,0.863,305.6,27.22,1.7,3.512,2.0,-1.0,13.5,-0.011,0.229,3.0,2.0,0.0,0.001,36.34,35.9,36.19,36.4,36.48,36.91,36.55,37.15,36.69,41.92
2016-07-28 07:32:00-05:00,433.9923,400.95267,575909,30.16,0.0,372.0,28.88,331.3,276.4,273.8,271.9,109.0,110.0,110.0,330.6,281.6,60.14,88.30000305175781,1452554.0,332.9,93.0999984741211,5.0,0.0,0.0,0.0,0.0,0.0,0.0,0.0,0.0,29.02,36.05,390.2,105.6,108.6,105.9,60.0,59.9,74.7,0.0,273.4,272.0,274.0,86.9,5.595,87.1,619.0,1442862.0,42643.0,133365.0,0.998,0.979,0.748,0.921,37.12,41.32,40.81,40.94,41.47,34.18,35.34,12.3,13.69,13.52,13.56,13.74,11.32,11.71,53275.0,54080.0,53532.0,53367.0,54367.0,51730.0,47072.0,1.022,321.1,39.72,31.0,,2.0,-1.0,13.5,0.006,0.23,3.0,2.0,0.0,0.001,36.72,36.31,36.47,36.75,36.83,37.07,37.01,37.51,36.96,42.14
2016-07-28 07:33:00-05:00,444.32828,411.71198,575910,30.28,0.0,383.6,29.01,328.8,276.0,273.7,271.8,111.8,112.9,112.9,328.7,291.0,60.12,90.5999984741211,1452556.0,329.0,95.5999984741211,5.0,0.0,0.0,0.0,0.0,0.0,0.0,0.0,0.0,29.14,36.65,401.7,108.5,111.6,108.9,60.0,59.9,74.7,0.0,273.0,272.0,274.0,89.3,5.982,89.5,619.0,1442863.0,42643.0,133365.0,0.998,0.979,0.748,0.921,38.31,42.54,42.32,42.4,42.81,35.29,36.57,12.6,13.99,13.91,13.94,14.08,11.6,12.02,53275.0,54081.0,53533.0,53367.0,54367.0,51730.0,47072.0,0.34,248.4,32.99,0.6,3.512,2.0,-1.0,13.5,0.011,0.23,3.0,2.0,0.0,0.001,37.47,36.89,36.78,37.07,37.2,37.25,37.31,37.92,37.39,42.36
2016-07-28 07:34:00-05:00,383.73804,357.0188,575911,30.4,0.0,334.4,29.06,332.1,275.7,273.6,271.7,97.8,98.9,98.9,331.3,254.4,60.14,78.87999725341797,1452557.0,333.6,84.19999694824219,5.0,0.0,0.0,0.0,0.0,0.0,0.0,0.0,0.0,29.03,37.07,340.4,94.7,97.5,94.9,60.0,59.9,74.7,0.0,273.0,272.0,273.9,77.89,4.209,78.01,619.0,1442864.0,42643.0,133365.0,0.999,0.979,0.748,0.921,32.64,36.02,36.49,36.73,36.72,31.13,31.97,10.83,11.95,12.1,12.19,12.18,10.33,10.61,53275.0,54081.0,53533.0,53367.0,54367.0,51731.0,47072.0,1.082,322.3,37.36,1.8,3.51,2.0,-1.0,13.5,0.013,0.229,3.0,2.0,0.0,0.001,37.78,37.05,37.1,37.33,37.43,37.74,37.46,38.14,37.63,42.57
2016-07-28 07:35:00-05:00,371.7388,345.2508,575912,30.52,0.0,325.0,28.78,329.1,275.6,273.7,271.7,95.4,96.3,96.4,328.6,250.0,60.16,76.81999969482422,1452558.0,330.8,82.0,5.0,0.0,0.0,0.0,0.0,0.0,0.0,0.0,0.0,28.81,36.81,336.4,92.1,94.9,92.4,60.0,59.9,74.7,0.0,273.0,272.0,273.9,75.78,3.85,75.9,619.0,1442866.0,42643.0,133365.0,0.999,0.979,0.748,0.921,32.73,35.9,35.7,35.84,36.23,31.16,31.08,10.75,11.79,11.72,11.77,11.9,10.23,10.21,53276.0,54081.0,53533.0,53367.0,54367.0,51731.0,47072.0,1.072,327.2,15.29,1.7,3.51,2.0,-1.0,13.5,0.014,0.229,3.0,2.0,0.0,0.001,37.73,37.03,37.02,37.3,37.42,37.98,37.6,38.22,37.37,42.82
2016-07-28 07:36:00-05:00,285.48688,265.34045,575913,30.64,0.0,248.6,28.56,332.5,275.9,274.1,272.2,72.52,73.79,73.68,331.6,191.3,60.22,57.9900016784668,1452559.0,333.7,63.2400016784668,5.0,0.0,0.0,0.0,0.0,0.0,0.0,0.0,0.0,28.41,36.52,246.8,69.7,72.2,69.78,60.0,59.9,74.7,0.0,273.9,272.9,274.1,57.48,1.001,57.52,619.0,1442867.0,42643.0,133365.0,0.0,0.979,0.748,0.921,25.0,26.38,26.61,26.33,26.0,24.29,22.67,8.28,8.74,8.81,8.72,8.62,8.05,7.51,53276.0,54081.0,53533.0,53368.0,54367.0,51731.0,47072.0,0.863,332.2,12.34,1.3,3.512,2.0,-1.0,13.5,0.014,0.228,3.0,2.0,0.0,0.001,37.66,37.17,37.07,37.49,37.38,38.05,37.82,38.25,37.34,43.05
2016-07-28 07:37:00-05:00,234.16336,216.69937,575914,30.76,0.0,208.9,28.43,327.9,276.3,274.0,272.1,61.08,62.46,62.31,327.2,163.6,60.21,48.5099983215332,1452560.0,329.1,53.5,5.0,0.0,0.0,0.0,0.0,0.0,0.0,0.0,0.0,28.44,35.87,209.6,58.12,60.48,58.17,60.0,59.9,74.7,0.0,274.0,273.0,274.4,47.99,-0.435,47.99,619.0,1442867.0,42643.0,133365.0,-0.6,0.979,0.748,0.921,21.48,22.64,22.31,22.35,22.74,20.9,19.33,7.04,7.42,7.313,7.325,7.455,6.851,6.335,53276.0,54081.0,53533.0,53368.0,54368.0,51731.0,47072.0,0.547,332.2,28.73,0.9,3.512,2.0,-1.0,13.5,0.014,0.227,3.0,2.0,0.0,0.0,36.84,36.76,36.49,37.0,37.1,37.32,37.28,37.54,37.0,43.28
2016-07-28 07:38:00-05:00,232.38132,216.13899,575915,30.86,0.0,210.2,28.25,322.2,276.1,274.0,272.1,61.52,62.84,62.69,321.5,167.3,60.23,48.83000183105469,1452561.0,323.2,53.72999954223633,5.0,0.0,0.0,0.0,0.0,0.0,0.0,0.0,0.0,28.23,35.36,208.9,58.42,60.84,58.51,60.0,59.9,74.7,0.0,274.0,273.0,274.1,48.24,-0.397,48.25,619.0,1442868.0,42643.0,133365.0,-0.5,0.979,0.748,0.921,22.15,23.08,22.78,22.85,23.26,21.66,19.75,7.132,7.429,7.333,7.356,7.488,6.972,6.356,53276.0,54081.0,53534.0,53368.0,54368.0,51731.0,47072.0,0.762,299.0,16.82,1.1,3.512,2.0,-1.0,13.5,0.014,0.227,3.0,2.0,0.0,0.0,36.14,36.27,36.22,36.63,36.79,36.97,36.92,37.23,36.75,43.49
2016-07-28 07:39:00-05:00,314.5939,292.57498,575916,30.95,0.0,287.0,28.16,313.6,276.4,274.1,272.2,82.7,83.9,83.8,313.2,228.5,60.19,66.48999786376953,1452562.0,314.6,71.4000015258789,5.0,0.0,0.0,0.0,0.0,0.0,0.0,0.0,0.0,28.15,34.91,297.0,79.19,81.9,79.41,60.0,59.9,74.7,0.0,274.0,273.0,274.0,65.4,2.172,65.45,619.0,1442869.0,42643.0,133365.0,0.799,0.979,0.748,0.921,30.62,32.94,32.0,32.27,33.62,29.73,28.13,9.58,10.3,10.01,10.09,10.52,9.3,8.8,53276.0,54082.0,53534.0,53368.0,54368.0,51731.0,47073.0,0.7,358.3,14.06,1.1,3.512,2.0,-1.0,13.5,0.015,0.228,3.0,2.0,0.0,0.0,35.57,36.0,36.14,36.4,36.55,36.76,36.69,37.07,36.59,43.69
2016-07-28 07:40:00-05:00,552.3214,515.8308,575917,31.03,0.0,488.7,28.15,310.3,276.5,274.6,272.5,139.9,140.7,140.9,308.8,384.8,60.2,114.19999694824219,1452564.0,311.2,118.9000015258789,5.0,0.0,0.0,0.0,0.0,0.0,0.0,0.0,0.0,28.21,35.17,506.2,136.6,139.8,137.1,60.0,59.9,74.7,0.0,273.9,272.8,274.0,112.3,9.48,112.7,619.0,1442871.0,42643.0,133366.0,0.996,0.979,0.748,0.921,51.35,56.18,55.77,55.87,56.38,50.46,48.24,15.93,17.43,17.3,17.34,17.49,15.66,14.97,53276.0,54082.0,53534.0,53368.0,54368.0,51732.0,47073.0,0.908,305.5,27.15,1.8,3.512,2.0,-1.0,13.5,0.015,0.231,3.0,2.0,0.0,0.0,35.74,36.07,36.67,36.93,37.03,37.21,37.42,37.75,37.14,43.81
2016-07-28 07:41:00-05:00,567.172,530.6248,575918,31.11,0.0,502.0,28.21,325.8,276.5,274.8,272.6,147.2,147.7,148.0,325.0,388.4,60.15,120.19999694824219,1452566.0,326.5,126.19999694824219,5.0,0.0,0.0,0.0,0.0,0.0,0.0,0.0,0.0,28.3,35.8,520.1,144.1,147.0,144.4,60.0,59.9,74.7,0.0,273.9,272.9,274.0,118.3,10.46,118.8,619.0,1442873.0,42643.0,133366.0,0.996,0.979,0.748,0.921,51.67,56.52,55.97,55.96,56.51,50.59,48.31,16.83,18.41,18.23,18.23,18.41,16.48,15.74,53277.0,54082.0,53534.0,53369.0,54369.0,51732.0,47073.0,1.533,286.8,10.27,2.2,3.509,2.0,-1.0,13.5,0.015,0.232,3.0,2.0,0.0,0.0,36.33,36.62,37.39,37.55,37.66,37.67,38.17,38.13,37.99,43.96
2016-07-28 07:42:00-05:00,558.85565,524.90894,575919,31.19,0.0,496.0,28.23,333.3,276.7,274.8,272.7,145.6,145.9,146.2,332.5,377.8,60.14,118.80000305175781,1452568.0,334.3,125.5,5.0,0.0,0.0,0.0,0.0,0.0,0.0,0.0,0.0,28.34,36.32,508.6,142.6,145.5,142.9,60.0,59.9,74.7,0.0,274.0,273.0,274.0,117.1,10.25,117.6,619.0,1442875.0,42643.0,133366.0,0.996,0.979,0.748,0.921,49.94,54.34,53.97,53.87,53.97,49.12,46.46,16.63,18.1,17.97,17.94,17.97,16.36,15.47,53277.0,54082.0,53535.0,53369.0,54369.0,51732.0,47073.0,1.197,267.1,17.62,1.8,3.51,2.0,-1.0,13.5,0.015,0.232,3.0,2.0,0.0,0.0,36.79,37.13,38.11,38.15,38.35,38.17,38.79,38.82,38.82,44.05
2016-07-28 07:43:00-05:00,351.8985,332.24994,575920,31.28,0.0,319.9,28.21,342.6,276.0,274.3,272.3,92.6,93.5,93.6,342.4,237.8,60.14,74.63999938964844,1452569.0,344.7,81.4000015258789,5.0,0.0,0.0,0.0,0.0,0.0,0.0,0.0,0.0,28.38,36.34,317.5,89.6,92.1,89.7,60.0,59.9,74.7,0.0,274.0,273.0,274.0,73.8,3.475,73.89,619.0,1442876.0,42643.0,133366.0,0.999,0.979,0.748,0.921,31.38,32.78,32.79,32.84,32.95,30.92,28.3,10.74,11.22,11.23,11.25,11.28,10.59,9.69,53277.0,54083.0,53535.0,53369.0,54369.0,51732.0,47073.0,,0.0,0.0,,,2.0,-1.0,13.5,0.016,0.23,3.0,2.0,0.0,0.0,36.61,37.4,38.24,38.44,38.6,38.37,38.93,38.94,39.12,44.17
2016-07-28 07:44:00-05:00,491.01837,464.05154,575921,31.38,0.0,447.9,28.16,329.3,276.2,274.5,272.5,131.6,132.2,132.5,328.8,344.4,60.14,107.19999694824219,1452571.0,329.7,113.0999984741211,5.0,0.0,0.0,0.0,0.0,0.0,0.0,0.0,0.0,28.25,36.14,460.3,128.1,131.1,128.5,60.0,59.9,74.7,0.0,274.0,272.5,274.0,105.3,8.4,105.7,619.0,1442878.0,42643.0,133366.0,0.997,0.979,0.748,0.921,45.82,49.88,49.22,49.44,50.2,45.22,42.8,15.08,16.41,16.2,16.27,16.52,14.88,14.08,53277.0,54083.0,53535.0,53369.0,54369.0,51732.0,47074.0,1.088,302.9,13.28,1.5,3.512,2.0,-1.0,13.5,0.016,0.231,3.0,2.0,0.0,0.0,36.25,37.45,38.35,38.43,38.66,38.43,39.0,39.05,39.08,44.34
2016-07-28 07:45:00-05:00,501.59198,477.0524,575922,31.47,0.0,457.0,28.13,327.9,276.6,274.4,272.4,134.1,134.7,135.0,327.0,352.7,60.14,109.30000305175781,1452573.0,329.3,115.30000305175781,5.0,0.0,0.0,0.0,0.0,0.0,0.0,0.0,0.0,28.19,36.53,464.0,130.9,133.9,131.3,60.0,59.9,74.7,0.0,273.9,272.4,274.0,107.6,8.72,108.0,619.0,1442880.0,42643.0,133366.0,0.997,0.979,0.748,0.921,46.86,50.54,50.16,50.26,50.54,46.37,43.49,15.36,16.57,16.44,16.47,16.57,15.2,14.25,53278.0,54083.0,53535.0,53369.0,54369.0,51733.0,47074.0,1.145,271.3,19.31,1.7,3.51,2.0,-1.0,13.5,0.016,0.231,3.0,2.0,0.0,0.0,36.49,37.83,38.89,38.82,39.03,38.77,39.34,39.48,39.58,44.5
2016-07-28 07:46:00-05:00,392.52957,375.17514,575923,31.57,0.0,364.8,28.42,339.1,276.3,274.2,272.2,106.1,107.0,107.2,338.6,273.1,60.23,86.0,1452574.0,340.5,92.4000015258789,5.0,0.0,0.0,0.0,0.0,0.0,0.0,0.0,0.0,28.52,37.35,364.1,103.1,105.7,103.2,60.0,59.9,74.7,0.0,274.0,272.7,274.0,84.8,5.139,85.0,619.0,1442881.0,42643.0,133366.0,0.998,0.979,0.748,0.921,35.97,38.24,38.01,38.0,38.39,35.78,33.07,12.19,12.96,12.88,12.88,13.01,12.13,11.21,53278.0,54083.0,53535.0,53370.0,54370.0,51733.0,47074.0,0.792,261.4,22.81,1.4,3.512,2.0,-1.0,13.5,0.016,0.23,3.0,2.0,0.0,0.0,37.17,38.2,39.11,39.14,39.41,39.23,39.42,39.68,39.82,44.66
2016-07-28 07:47:00-05:00,395.02448,378.2012,575924,31.67,0.0,372.9,28.6,331.9,276.3,274.3,272.3,108.3,109.2,109.4,331.6,282.7,60.22,87.80000305175781,1452576.0,333.5,93.5999984741211,5.0,0.0,0.0,0.0,0.0,0.0,0.0,0.0,0.0,28.73,37.59,372.9,105.0,107.8,105.2,60.0,59.9,74.7,0.0,273.9,272.6,274.0,86.4,5.388,86.6,619.0,1442883.0,42643.0,133366.0,0.998,0.979,0.748,0.921,37.89,40.16,39.67,39.86,40.4,37.54,34.28,12.57,13.32,13.16,13.22,13.4,12.45,11.37,53278.0,54084.0,53536.0,53370.0,54370.0,51733.0,47074.0,0.565,293.4,36.36,0.9,3.51,2.0,-1.0,13.5,0.016,0.23,3.0,2.0,0.0,0.0,37.48,38.64,39.21,39.32,39.44,39.65,39.5,39.81,39.95,44.85
2016-07-28 07:48:00-05:00,418.42892,401.06476,575925,31.76,0.0,395.4,28.6,329.1,276.7,274.4,272.4,115.4,116.3,116.4,328.6,303.2,60.22,93.80000305175781,1452577.0,330.4,99.5999984741211,5.0,0.0,0.0,0.0,0.0,0.0,0.0,0.0,0.0,28.63,37.63,395.8,112.1,115.0,112.4,60.0,59.9,74.7,0.0,274.0,272.8,274.0,92.3,6.299,92.6,619.0,1442884.0,42643.0,133366.0,0.998,0.979,0.748,0.921,40.84,43.08,42.7,42.76,43.23,40.3,37.01,13.44,14.18,14.05,14.07,14.23,13.26,12.18,53278.0,54084.0,53536.0,53370.0,54370.0,51733.0,47075.0,0.878,270.8,39.73,1.6,3.512,2.0,-1.0,13.5,0.016,0.231,3.0,2.0,0.0,0.0,37.55,38.59,39.29,39.37,39.55,39.5,39.54,39.75,40.11,45.01
2016-07-28 07:49:00-05:00,385.52014,370.1317,575926,31.86,0.0,363.7,28.76,331.3,276.4,274.4,272.4,106.8,107.9,108.0,331.0,280.0,60.21,86.69999694824219,1452579.0,332.9,92.5999984741211,5.0,0.0,0.0,0.0,0.0,0.0,0.0,0.0,0.0,28.73,38.23,362.3,103.7,106.6,104.0,60.0,59.9,74.7,0.0,274.0,272.9,274.0,85.5,5.239,85.6,619.0,1442886.0,42643.0,133367.0,0.998,0.979,0.748,0.921,37.86,39.28,39.02,39.11,39.22,37.4,33.78,12.54,13.01,12.93,12.96,12.99,12.39,11.19,53278.0,54084.0,53536.0,53370.0,54370.0,51734.0,47075.0,0.647,258.6,18.06,1.0,3.51,2.0,-1.0,13.5,0.016,0.23,3.0,2.0,0.0,0.0,38.35,38.9,39.39,39.47,39.74,39.61,39.63,40.0,40.25,45.14
2016-07-28 07:50:00-05:00,379.8175,364.30374,575927,31.96,0.0,362.1,28.66,334.8,276.4,274.2,272.2,105.6,106.5,106.6,334.0,274.5,60.13,85.5,1452580.0,336.5,91.69999694824219,5.0,0.0,0.0,0.0,0.0,0.0,0.0,0.0,0.0,28.59,38.1,361.4,102.3,105.1,102.5,60.0,59.9,74.7,0.0,274.0,272.5,274.0,84.3,5.08,84.4,619.0,1442887.0,42643.0,133367.0,0.998,0.979,0.748,0.921,37.5,38.77,38.03,38.01,38.37,36.77,32.58,12.55,12.98,12.73,12.72,12.84,12.31,10.91,53279.0,54084.0,53536.0,53371.0,54371.0,51734.0,47075.0,0.868,293.1,31.69,1.4,3.51,2.0,-1.0,13.46,-0.055,0.231,3.0,2.0,0.0,0.001,38.23,39.09,39.39,39.67,39.91,39.95,39.76,40.23,40.23,45.3
2016-07-28 07:51:00-05:00,417.35968,400.16815,575928,32.05,0.0,403.1,28.47,329.1,276.4,274.0,272.1,118.1,118.9,119.1,328.7,310.0,60.12,95.9000015258789,1452582.0,330.3,101.80000305175781,5.0,0.0,0.0,0.0,0.0,0.0,0.0,0.0,0.0,28.37,37.82,409.1,114.0,116.9,114.3,60.0,59.9,74.7,0.0,273.9,272.0,274.0,93.6,6.529,93.8,619.0,1442889.0,42643.0,133367.0,0.998,0.979,0.748,0.921,41.68,44.32,43.79,44.18,45.21,41.09,38.56,13.71,14.58,14.4,14.52,14.86,13.51,12.68,53279.0,54084.0,53537.0,53371.0,54371.0,51734.0,47075.0,0.445,51.62,65.35,1.0,3.513,2.0,-1.0,13.46,-0.014,0.231,3.0,2.0,0.0,0.001,38.19,38.89,39.41,39.68,39.81,40.27,39.88,40.22,40.27,45.39
2016-07-28 07:52:00-05:00,508.83902,489.9412,575929,32.14,0.0,484.4,28.54,324.6,276.2,274.4,272.4,139.6,140.1,140.4,323.9,371.3,60.15,113.69999694824219,1452584.0,326.1,120.30000305175781,5.0,0.0,0.0,0.0,0.0,0.0,0.0,0.0,0.0,28.46,38.35,482.7,136.5,139.4,136.9,60.0,59.9,74.7,0.0,273.4,272.0,274.0,112.1,9.42,112.5,619.0,1442891.0,42643.0,133367.0,0.997,0.979,0.748,0.921,50.31,53.21,52.81,52.61,52.56,49.71,44.88,16.33,17.27,17.14,17.07,17.06,16.13,14.57,53279.0,54085.0,53537.0,53371.0,54371.0,51734.0,47076.0,0.63,67.81,32.32,1.3,3.512,2.0,-1.0,13.47,0.004,0.233,3.0,2.0,0.0,0.001,38.55,39.2,39.59,39.8,40.01,39.64,40.27,40.18,40.7,45.49
2016-07-28 07:53:00-05:00,390.2723,377.64084,575930,32.23,0.0,373.4,28.64,323.8,276.1,274.2,272.3,108.5,109.6,109.6,323.5,290.4,60.14,88.0,1452585.0,324.9,93.9000015258789,5.0,0.0,0.0,0.0,0.0,0.0,0.0,0.0,0.0,28.69,38.66,364.0,105.6,108.5,105.9,60.0,59.9,74.7,0.0,273.7,272.4,274.1,86.9,5.479,87.1,619.0,1442892.0,42643.0,133367.0,0.998,0.979,0.748,0.921,38.71,40.26,40.7,40.67,40.39,38.72,35.31,12.53,13.03,13.17,13.16,13.07,12.53,11.43,53279.0,54085.0,53537.0,53371.0,54371.0,51735.0,47076.0,0.713,70.81,15.52,1.4,3.512,2.0,-1.0,13.47,0.009,0.231,3.0,2.0,0.0,0.001,38.61,39.6,39.98,40.37,40.35,40.56,40.68,40.86,41.12,45.61
2016-07-28 07:54:00-05:00,316.8512,307.14487,575931,32.32,0.0,308.4,28.67,330.3,276.1,274.1,272.3,89.7,90.8,90.8,329.7,239.1,60.12,72.2699966430664,1452586.0,332.1,78.80999755859375,5.0,0.0,0.0,0.0,0.0,0.0,0.0,0.0,0.0,28.64,38.67,304.3,86.7,89.2,86.8,60.0,59.9,74.7,0.0,273.8,272.6,274.1,71.41,3.049,71.47,619.0,1442893.0,42643.0,133367.0,0.999,0.979,0.748,0.921,31.63,32.84,32.75,32.7,32.91,31.58,28.52,10.45,10.84,10.81,10.8,10.87,10.43,9.42,53280.0,54085.0,53537.0,53372.0,54372.0,51735.0,47076.0,0.443,100.1,19.12,0.7,3.51,2.0,-1.0,13.47,0.011,0.23,3.0,2.0,0.0,0.001,38.58,39.72,40.01,40.37,40.17,40.88,40.62,41.01,41.07,45.73
2016-07-28 07:55:00-05:00,382.90643,371.25247,575932,32.41,0.0,374.0,28.91,323.5,276.4,274.2,272.4,108.0,109.1,109.1,323.4,289.5,60.19,87.5999984741211,1452588.0,324.8,93.5999984741211,5.0,0.0,0.0,0.0,0.0,0.0,0.0,0.0,0.0,28.99,39.0,373.9,104.6,107.5,104.9,60.0,59.9,74.7,0.0,274.0,272.6,274.2,86.2,5.336,86.4,619.0,1442895.0,42643.0,133367.0,0.998,0.979,0.748,0.921,38.94,41.2,40.81,40.77,41.31,38.62,35.25,12.58,13.32,13.19,13.18,13.35,12.48,11.39,53280.0,54085.0,53538.0,53372.0,54372.0,51735.0,47076.0,0.558,334.3,34.44,1.1,3.512,2.0,-1.0,13.47,0.013,0.231,3.0,2.0,0.0,0.001,39.07,39.47,39.97,40.24,40.16,40.94,40.62,41.15,41.0,45.92
2016-07-28 07:56:00-05:00,562.301,544.18604,575933,32.49,0.0,539.2,29.17,320.4,276.7,274.6,272.7,154.4,154.9,155.0,320.4,416.5,60.17,126.19999694824219,1452590.0,321.0,133.3000030517578,5.0,0.0,0.0,0.0,0.0,0.0,0.0,0.0,0.0,29.28,39.42,547.3,151.2,154.0,151.4,60.0,59.9,74.7,0.0,273.7,272.4,274.2,124.0,11.31,124.5,619.0,1442897.0,42643.0,133367.0,0.996,0.979,0.748,0.921,55.1,60.28,59.76,59.83,60.45,54.69,51.73,17.64,19.3,19.13,19.15,19.35,17.51,16.56,53280.0,54086.0,53538.0,53372.0,54372.0,51735.0,47077.0,0.717,1.692,43.24,1.4,3.512,2.0,-1.0,13.47,0.013,0.233,3.0,2.0,0.0,0.001,39.79,39.85,40.39,40.62,40.72,41.37,41.13,41.71,41.24,45.92
2016-07-28 07:57:00-05:00,405.36044,394.67642,575934,32.59,0.0,389.1,29.13,323.4,276.1,274.2,272.4,112.7,113.7,113.7,322.7,302.6,60.14,91.4000015258789,1452591.0,323.6,97.5,5.0,0.0,0.0,0.0,0.0,0.0,0.0,0.0,0.0,29.35,39.2,381.1,109.9,112.7,110.1,60.0,59.9,74.7,0.0,273.4,272.1,274.0,90.4,6.009,90.6,619.0,1442898.0,42643.0,133367.0,0.998,0.979,0.748,0.921,39.67,42.02,42.34,42.54,42.19,39.82,36.84,12.82,13.58,13.68,13.74,13.63,12.86,11.9,53280.0,54086.0,53538.0,53372.0,54372.0,51736.0,47077.0,0.477,342.9,37.16,1.0,3.512,2.0,-1.0,13.47,0.014,0.232,3.0,2.0,0.0,0.0,39.65,39.99,40.94,41.15,41.02,42.02,41.58,42.07,41.5,46.07
2016-07-28 07:58:00-05:00,287.15012,279.79828,575935,32.71,0.0,282.3,29.08,325.4,275.9,274.0,272.2,81.9,83.1,83.1,324.6,222.3,60.13,65.7699966430664,1452592.0,326.5,72.12999725341797,5.0,0.0,0.0,0.0,0.0,0.0,0.0,0.0,0.0,29.23,38.91,277.2,79.01,81.5,79.11,60.0,59.9,74.7,0.0,273.6,272.4,274.0,65.12,2.078,65.15,619.0,1442899.0,42643.0,133367.0,0.999,0.979,0.748,0.921,28.84,30.11,30.27,30.7,30.79,28.78,26.73,9.38,9.79,9.84,9.98,10.01,9.36,8.69,53281.0,54086.0,53538.0,53373.0,54373.0,51736.0,47077.0,0.552,320.4,29.86,1.5,3.512,2.0,-1.0,13.47,0.014,0.23,3.0,2.0,0.0,0.0,39.09,39.71,40.39,40.87,40.89,41.17,41.18,41.5,41.29,46.18
2016-07-28 07:59:00-05:00,244.02415,238.10593,575936,32.8,0.0,240.9,28.86,332.2,275.6,273.6,271.9,69.33,70.53,70.46,331.1,186.3,60.17,55.220001220703125,1452593.0,333.1,61.66999816894531,5.0,0.0,0.0,0.0,0.0,0.0,0.0,0.0,0.0,29.01,38.59,237.4,66.48,68.83,66.51,60.0,59.9,74.7,0.0,273.1,272.0,274.0,54.75,0.513,54.76,619.0,1442900.0,42643.0,133367.0,0.6,0.979,0.748,0.921,24.32,25.03,24.96,25.0,25.11,24.13,21.66,8.08,8.31,8.29,8.3,8.34,8.01,7.194,53281.0,54086.0,53539.0,53373.0,54373.0,51736.0,47077.0,0.825,307.2,16.5,1.4,3.512,2.0,-1.0,13.47,0.014,0.229,3.0,2.0,0.0,0.0,38.52,39.45,39.83,40.29,40.66,40.63,40.59,41.07,40.58,46.33
2016-07-28 08:00:00-05:00,215.7487,210.98349,575937,32.88,0.0,214.0,28.58,329.7,275.6,273.6,271.8,61.86,63.1,63.0,329.3,167.6,60.19,49.0099983215332,1452594.0,331.3,55.16999816894531,5.0,0.0,0.0,0.0,0.0,0.0,0.0,0.0,0.0,28.69,37.87,211.6,58.87,61.15,58.85,60.0,59.9,74.7,0.0,273.3,272.1,274.0,48.5,-0.387,48.5,619.0,1442901.0,42643.0,133367.0,-1.0,0.979,0.748,0.921,21.89,22.44,22.21,22.28,22.54,21.64,19.26,7.215,7.398,7.323,7.343,7.431,7.133,6.348,53281.0,54087.0,53539.0,53373.0,54373.0,51736.0,47077.0,0.917,283.0,14.12,1.2,3.51,2.0,-1.0,13.47,0.014,0.229,3.0,2.0,0.0,0.0,37.47,39.04,39.29,39.86,40.27,40.37,40.05,40.46,39.95,46.43
2016-07-28 08:01:00-05:00,203.98706,200.22417,575938,32.94,0.0,203.2,28.53,327.3,275.4,273.2,271.6,59.04,60.33,60.15,327.1,160.8,60.17,46.61000061035156,1452595.0,328.0,52.61000061035156,5.0,0.0,0.0,0.0,0.0,0.0,0.0,0.0,0.0,28.64,37.39,200.9,55.97,58.32,55.96,60.0,59.9,74.7,0.0,273.0,272.0,274.0,46.08,-0.719,46.08,619.0,1442902.0,42643.0,133367.0,-1.0,0.979,0.748,0.921,20.98,21.47,21.25,21.35,21.63,20.72,18.43,6.867,7.025,6.953,6.987,7.08,6.78,6.031,53281.0,54087.0,53539.0,53373.0,54373.0,51736.0,47077.0,0.765,269.7,20.87,1.1,3.512,2.0,-1.0,13.47,0.014,0.229,3.0,2.0,0.0,0.0,37.18,38.56,38.77,39.3,39.65,39.69,39.34,39.96,39.51,46.53
2016-07-28 08:02:00-05:00,198.28445,195.40489,575939,33.01,0.0,198.4,28.53,326.0,275.2,273.2,271.5,57.75,59.07,58.87,325.7,157.8,60.13,45.529998779296875,1452596.0,327.9,51.400001525878906,5.0,0.0,0.0,0.0,0.0,0.0,0.0,0.0,0.0,28.59,36.88,196.0,54.64,57.02,54.63,60.0,59.9,74.7,0.0,273.0,272.0,274.0,44.98,-0.868,44.98,619.0,1442903.0,42643.0,133367.0,-1.0,0.979,0.748,0.921,20.61,21.07,20.77,20.92,21.28,20.33,18.05,6.719,6.87,6.771,6.821,6.938,6.629,5.884,53281.0,54087.0,53539.0,53373.0,54373.0,51736.0,47077.0,0.578,289.0,16.97,1.2,3.512,2.0,-1.0,13.47,0.014,0.228,3.0,2.0,0.0,0.0,36.62,38.05,38.24,38.82,39.27,39.26,38.83,39.58,39.01,46.61
2016-07-28 08:03:00-05:00,196.74,194.8445,575940,33.05,0.0,197.7,28.28,325.9,275.2,273.3,271.7,57.62,58.96,58.75,325.6,157.7,60.18,45.43000030517578,1452597.0,327.0,51.349998474121094,5.0,0.0,0.0,0.0,0.0,0.0,0.0,0.0,0.0,28.26,36.14,195.2,54.55,56.93,54.53,60.0,59.9,74.7,0.0,273.0,272.0,274.0,44.91,-0.887,44.92,619.0,1442903.0,42643.0,133367.0,-1.0,0.979,0.748,0.921,20.56,21.0,20.84,20.93,21.21,20.28,18.07,6.699,6.842,6.789,6.821,6.912,6.607,5.887,53281.0,54087.0,53539.0,53373.0,54373.0,51736.0,47077.0,1.095,275.5,6.756,1.6,3.512,2.0,-1.0,13.47,0.014,0.228,3.0,2.0,0.0,0.0,35.59,37.52,37.89,38.33,38.75,38.76,38.23,38.98,38.5,46.69
2016-07-28 08:04:00-05:00,198.40327,197.42226,575941,33.09,0.0,200.1,28.26,324.7,274.9,273.1,271.5,58.54,59.86,59.68,324.6,160.5,60.18,46.16999816894531,1452597.0,326.0,52.08000183105469,5.0,0.0,0.0,0.0,0.0,0.0,0.0,0.0,0.0,28.22,35.81,197.3,55.43,57.82,55.43,60.0,59.9,74.7,0.0,273.0,272.0,274.0,45.6,-0.779,45.61,619.0,1442904.0,42643.0,133367.0,-1.0,0.979,0.748,0.921,20.93,21.43,21.24,21.29,21.57,20.73,18.45,6.797,6.957,6.896,6.913,7.003,6.731,5.99,53281.0,54087.0,53539.0,53373.0,54373.0,51736.0,47077.0,0.865,277.0,11.8,1.1,3.512,2.0,-1.0,13.47,0.015,0.229,3.0,2.0,0.0,0.0,35.25,37.15,37.49,37.85,38.31,38.49,37.74,38.67,38.1,46.74
2016-07-28 08:05:00-05:00,201.61098,201.12079,575942,33.12,0.0,203.7,28.16,325.5,275.1,273.2,271.5,59.66,60.97,60.8,324.7,163.3,60.15,47.119998931884766,1452598.0,326.9,53.02000045776367,5.0,0.0,0.0,0.0,0.0,0.0,0.0,0.0,0.0,28.1,35.52,200.6,56.62,59.01,56.64,60.0,59.9,74.7,0.0,273.0,272.0,274.0,46.61,-0.623,46.61,619.0,1442905.0,42643.0,133367.0,-1.0,0.979,0.748,0.921,21.37,21.75,21.59,21.73,22.04,21.07,18.75,6.957,7.079,7.029,7.072,7.175,6.857,6.103,53281.0,54087.0,53539.0,53373.0,54373.0,51736.0,47077.0,0.992,284.4,7.086,1.5,3.51,2.0,-1.0,13.46,0.015,0.229,3.0,2.0,0.0,0.0,35.06,36.84,37.13,37.49,37.94,38.1,37.37,38.18,37.65,46.74
2016-07-28 08:06:00-05:00,204.58109,204.59514,575943,33.14,0.0,207.0,28.27,326.1,275.4,273.8,272.1,60.64,61.93,61.75,325.7,165.8,60.12,48.0099983215332,1452599.0,326.5,53.9900016784668,5.0,0.0,0.0,0.0,0.0,0.0,0.0,0.0,0.0,28.22,35.4,203.5,57.58,59.96,57.59,60.0,59.9,74.7,0.0,273.7,272.5,274.1,47.48,-0.523,47.48,619.0,1442906.0,42643.0,133367.0,-1.0,0.979,0.748,0.921,21.67,22.18,21.99,22.02,22.36,21.52,19.1,7.066,7.233,7.169,7.18,7.292,7.016,6.227,53281.0,54087.0,53539.0,53373.0,54374.0,51736.0,47077.0,0.807,282.1,12.84,1.4,3.51,2.0,-1.0,13.47,0.015,0.231,3.0,2.0,0.0,0.0,35.12,36.61,36.76,37.19,37.62,37.61,37.1,37.8,37.31,46.82
2016-07-28 08:07:00-05:00,207.1948,207.50912,575944,33.17,0.0,209.4,28.44,327.5,275.5,273.7,272.0,61.4,62.68,62.54,326.3,167.2,60.14,48.650001525878906,1452600.0,329.6,54.56999969482422,5.0,0.0,0.0,0.0,0.0,0.0,0.0,0.0,0.0,28.36,35.33,205.6,58.36,60.71,58.37,60.0,59.9,74.7,0.0,273.7,272.3,274.0,48.11,-0.429,48.12,619.0,1442906.0,42643.0,133367.0,-1.0,0.979,0.748,0.921,21.83,22.4,22.17,22.21,22.55,21.73,19.28,7.149,7.335,7.262,7.272,7.387,7.116,6.315,53281.0,54087.0,53539.0,53374.0,54374.0,51736.0,47077.0,0.535,270.2,32.08,0.8,3.512,2.0,-1.0,13.47,0.015,0.229,3.0,2.0,0.0,0.0,35.23,36.31,36.43,36.82,37.35,37.32,36.89,37.43,37.18,46.8
2016-07-28 08:08:00-05:00,212.30338,212.88878,575945,33.17,0.0,214.4,28.47,326.7,275.6,273.7,271.9,62.94,64.16,64.04,326.1,171.7,60.19,49.900001525878906,1452601.0,328.3,55.97999954223633,5.0,0.0,0.0,0.0,0.0,0.0,0.0,0.0,0.0,28.3,35.39,210.5,59.87,62.24,59.93,60.0,59.9,74.7,0.0,273.3,272.1,274.0,49.36,-0.268,49.36,619.0,1442907.0,42643.0,133367.0,-0.967,0.979,0.748,0.921,22.47,23.0,22.83,22.93,23.25,22.29,19.84,7.34,7.512,7.458,7.49,7.596,7.281,6.48,53282.0,54088.0,53540.0,53374.0,54374.0,51737.0,47077.0,0.865,284.7,14.45,1.5,3.51,2.0,-1.0,13.47,0.015,0.229,3.0,2.0,0.0,0.0,35.43,36.38,36.37,36.65,37.26,37.49,36.71,37.48,36.93,46.74
2016-07-28 08:09:00-05:00,221.0949,222.1911,575946,33.2,0.0,222.7,28.52,326.6,275.7,273.6,271.9,65.34,66.59,66.49,326.2,178.2,60.22,51.93000030517578,1452602.0,328.0,58.119998931884766,5.0,0.0,0.0,0.0,0.0,0.0,0.0,0.0,0.0,28.4,35.32,217.8,62.34,64.76,62.46,60.0,59.9,74.7,0.0,273.5,272.3,274.0,51.41,0.01,51.41,619.0,1442908.0,42643.0,133367.0,0.6,0.979,0.748,0.921,23.26,23.88,23.81,23.89,24.15,23.19,20.76,7.596,7.798,7.776,7.802,7.885,7.573,6.778,53282.0,54088.0,53540.0,53374.0,54374.0,51737.0,47077.0,0.905,250.6,26.85,1.5,3.512,2.0,-1.0,13.47,0.015,0.229,3.0,2.0,0.0,0.0,35.55,36.26,36.22,36.69,37.22,37.56,36.59,37.29,36.79,46.74
2016-07-28 08:10:00-05:00,222.99577,224.5447,575947,33.21,0.0,224.1,28.59,328.0,275.7,273.7,271.9,65.82,67.06,66.97,327.5,178.8,60.19,52.33000183105469,1452602.0,329.7,58.54999923706055,5.0,0.0,0.0,0.0,0.0,0.0,0.0,0.0,0.0,28.6,35.44,219.2,62.84,65.24,62.95,60.0,59.9,74.7,0.0,273.6,272.1,274.0,51.83,0.073,51.83,619.0,1442909.0,42643.0,133367.0,0.967,0.979,0.748,0.921,23.39,24.02,23.9,23.96,24.26,23.29,20.81,7.671,7.877,7.837,7.859,7.956,7.638,6.826,53282.0,54088.0,53540.0,53374.0,54375.0,51737.0,47077.0,1.065,223.4,15.29,1.6,3.512,2.0,-1.0,13.47,0.015,0.229,3.0,2.0,0.0,0.0,35.76,36.32,36.14,36.75,37.02,37.76,36.44,37.36,36.71,46.65
2016-07-28 08:11:00-05:00,239.03436,241.01991,575948,33.21,0.0,240.5,28.71,322.1,275.8,273.6,271.8,70.13,71.43,71.34,321.3,193.2,60.13,55.939998626708984,1452603.0,323.9,62.040000915527344,5.0,0.0,0.0,0.0,0.0,0.0,0.0,0.0,0.0,28.7,35.56,235.5,67.17,69.66,67.33,60.0,59.9,74.7,0.0,273.2,272.0,274.0,55.39,0.607,55.39,619.0,1442910.0,42643.0,133367.0,1.0,0.979,0.748,0.921,25.45,26.2,25.96,26.1,26.61,25.3,22.65,8.2,8.44,8.36,8.4,8.57,8.15,7.295,53282.0,54088.0,53540.0,53375.0,54375.0,51737.0,47077.0,0.727,238.8,19.72,1.4,3.512,2.0,-1.0,13.47,0.015,0.229,3.0,2.0,0.0,0.0,35.96,36.32,36.13,36.68,37.04,37.87,36.34,37.3,36.71,46.56
2016-07-28 08:12:00-05:00,405.36044,403.30627,575949,33.21,0.0,401.7,28.74,308.6,276.0,274.0,272.1,116.1,117.2,117.1,307.9,326.4,60.15,94.30000305175781,1452605.0,309.6,100.19999694824219,5.0,0.0,0.0,0.0,0.0,0.0,0.0,0.0,0.0,28.81,35.94,408.8,112.9,115.8,113.2,60.0,59.9,74.7,0.0,273.2,272.1,274.0,92.9,6.429,93.1,619.0,1442911.0,42643.0,133368.0,0.981,0.979,0.748,0.921,43.86,46.45,46.19,46.73,47.77,43.82,40.7,13.49,14.29,14.21,14.38,14.71,13.48,12.53,53282.0,54088.0,53541.0,53375.0,54375.0,51738.0,47077.0,,0.0,0.0,,,3.1,-1.0,13.47,0.015,0.232,3.0,2.0,0.0,0.0,36.5,36.56,36.43,36.9,37.22,38.12,36.65,37.75,36.93,46.51
2016-07-28 08:13:00-05:00,583.80457,577.5847,575950,33.21,0.0,572.0,28.88,301.2,276.7,274.8,272.7,159.1,159.5,159.7,300.7,454.3,60.15,130.1999969482422,1452607.0,302.6,136.5,5.0,0.0,0.0,0.0,0.0,0.0,0.0,0.0,0.0,29.09,37.14,574.5,155.6,158.5,156.0,60.0,59.9,74.7,0.0,273.9,272.7,274.1,127.7,11.95,128.2,619.0,1442913.0,42643.0,133368.0,0.996,0.979,0.748,0.921,62.47,65.34,64.68,64.91,65.88,61.94,55.98,18.8,19.67,19.47,19.54,19.83,18.64,16.85,53283.0,54089.0,53541.0,53375.0,54375.0,51738.0,47078.0,0.592,280.2,26.38,1.0,3.51,2.0,-1.0,13.47,0.015,0.234,3.0,2.0,0.0,0.0,37.88,37.1,37.39,37.63,38.03,38.84,37.61,38.65,37.81,46.43
2016-07-28 08:14:00-05:00,506.58173,501.93332,575951,33.22,0.0,493.9,29.22,305.4,276.3,274.4,272.4,138.6,139.3,139.4,304.6,391.4,60.14,113.0,1452609.0,306.4,119.0,5.0,0.0,0.0,0.0,0.0,0.0,0.0,0.0,0.0,29.45,38.31,490.8,135.4,138.4,135.8,60.0,59.9,74.7,0.0,273.4,272.1,274.0,111.2,9.32,111.6,619.0,1442915.0,42643.0,133368.0,0.997,0.979,0.748,0.921,53.6,55.82,55.29,55.31,55.87,52.84,47.69,16.34,17.02,16.86,16.86,17.04,16.11,14.54,53283.0,54089.0,53541.0,53375.0,54376.0,51738.0,47078.0,0.648,261.1,39.64,2.0,3.512,2.0,-1.0,13.47,0.015,0.233,3.0,2.0,0.0,0.0,39.33,38.07,38.51,38.66,39.08,39.93,38.79,39.77,38.97,46.35
2016-07-28 08:15:00-05:00,619.327,612.7767,575952,33.25,0.0,599.7,29.3,301.4,276.6,274.4,272.3,167.5,167.6,167.8,300.4,477.7,60.14,136.8000030517578,1452611.0,302.0,143.5,5.0,0.0,0.0,0.0,0.0,0.0,0.0,0.0,0.0,29.54,39.09,594.7,164.4,167.2,164.7,60.0,59.9,74.7,0.0,273.0,272.0,274.0,134.6,13.09,135.2,619.0,1442918.0,42643.0,133368.0,0.995,0.979,0.748,0.921,65.84,68.05,67.73,67.71,68.1,65.04,58.4,19.84,20.51,20.41,20.4,20.52,19.6,17.6,53283.0,54089.0,53541.0,53376.0,54376.0,51738.0,47078.0,0.937,292.4,16.21,1.6,3.512,2.0,-1.0,13.47,0.015,0.235,3.0,2.0,0.0,0.0,40.16,38.72,39.38,39.41,39.85,40.18,39.9,40.49,39.88,46.35
2016-07-28 08:16:00-05:00,530.58026,525.46936,575953,33.28,0.0,511.4,29.42,308.1,276.0,274.2,272.1,144.7,145.1,145.3,307.5,405.1,60.15,117.9000015258789,1452613.0,309.4,124.4000015258789,5.0,0.0,0.0,0.0,0.0,0.0,0.0,0.0,0.0,29.78,39.9,497.8,141.9,144.6,142.3,60.0,59.9,74.7,0.0,273.0,272.0,274.0,116.3,10.16,116.7,619.0,1442920.0,42643.0,133368.0,0.996,0.979,0.748,0.921,55.9,56.89,57.03,56.73,56.17,55.04,48.88,17.21,17.52,17.56,17.46,17.3,16.94,15.05,53284.0,54090.0,53542.0,53376.0,54376.0,51738.0,47078.0,1.183,296.7,13.52,1.7,3.512,2.0,-1.0,13.47,0.016,0.234,3.0,2.0,0.0,0.0,40.94,39.87,40.34,40.28,40.82,41.21,40.83,41.54,40.78,46.35
2016-07-28 08:17:00-05:00,491.4936,484.78568,575954,33.33,0.0,478.1,29.72,310.1,276.0,274.1,272.0,135.0,135.6,135.8,309.6,376.2,60.13,109.80000305175781,1452615.0,312.3,116.30000305175781,5.0,0.0,0.0,0.0,0.0,0.0,0.0,0.0,0.0,30.06,40.47,476.1,131.9,134.6,132.2,60.0,59.9,74.7,0.0,273.0,272.0,274.0,108.1,8.85,108.5,619.0,1442921.0,42643.0,133368.0,0.997,0.979,0.748,0.921,52.07,53.82,52.79,52.63,53.53,50.85,45.24,16.11,16.67,16.33,16.29,16.58,15.73,14.0,53284.0,54090.0,53542.0,53376.0,54377.0,51739.0,47079.0,0.707,328.1,21.79,1.1,3.51,2.0,-1.0,13.47,0.016,0.233,3.0,2.0,0.0,0.0,41.44,40.1,40.58,40.8,41.27,41.58,41.14,41.57,40.92,46.4
2016-07-28 08:18:00-05:00,492.08765,484.89774,575955,33.38,0.0,482.1,30.0,306.9,276.0,274.0,272.0,135.2,135.8,135.9,306.0,382.6,60.14,110.0,1452617.0,309.1,116.5999984741211,5.0,0.0,0.0,0.0,0.0,0.0,0.0,0.0,0.0,30.26,40.84,488.1,132.1,134.7,132.3,60.0,59.9,74.7,0.0,273.0,272.0,274.0,108.1,8.92,108.6,619.0,1442923.0,42643.0,133369.0,0.997,0.979,0.748,0.921,52.85,54.98,53.61,53.97,55.83,51.57,46.8,16.15,16.81,16.38,16.49,17.07,15.76,14.3,53284.0,54090.0,53542.0,53377.0,54377.0,51739.0,47079.0,0.61,310.6,55.88,1.7,3.512,2.0,-1.0,13.47,0.016,0.233,3.0,2.0,0.0,0.0,41.91,40.57,40.86,40.94,41.58,41.89,41.38,41.88,41.47,46.46
2016-07-28 08:19:00-05:00,557.43,550.23816,575956,33.45,0.0,541.0,29.85,303.3,276.2,273.9,271.9,151.6,152.1,152.2,302.5,430.3,60.13,123.5999984741211,1452619.0,303.8,130.10000610351562,5.0,0.0,0.0,0.0,0.0,0.0,0.0,0.0,0.0,29.71,41.67,534.6,148.8,151.5,149.1,60.0,59.9,74.7,0.0,273.0,272.0,273.8,121.7,11.05,122.2,619.0,1442925.0,42643.0,133369.0,0.996,0.979,0.748,0.921,59.24,60.89,60.52,60.79,61.43,58.8,52.68,17.96,18.47,18.35,18.43,18.64,17.83,15.97,53284.0,54091.0,53543.0,53377.0,54377.0,51739.0,47079.0,0.995,244.9,21.47,1.6,3.512,2.0,-1.0,13.47,0.016,0.234,3.0,2.0,0.0,0.0,42.91,41.17,41.61,41.46,42.09,42.27,42.04,42.46,42.23,46.54
2016-07-28 08:20:00-05:00,497.67145,491.06192,575957,33.51,0.0,480.6,30.11,299.5,275.8,273.8,271.8,133.8,134.6,134.7,298.7,384.8,60.15,108.80000305175781,1452621.0,300.1,114.80000305175781,5.0,0.0,0.0,0.0,0.0,0.0,0.0,0.0,0.0,30.21,42.39,470.5,130.7,133.7,131.1,60.0,59.9,74.7,0.0,273.0,272.0,273.9,107.2,8.69,107.5,619.0,1442927.0,42643.0,133369.0,0.997,0.979,0.748,0.921,52.89,53.94,53.89,53.96,54.43,52.8,46.65,15.82,16.15,16.13,16.15,16.3,15.8,13.97,53285.0,54091.0,53543.0,53377.0,54377.0,51740.0,47079.0,0.607,258.7,30.04,1.1,3.51,2.0,-1.0,13.47,0.016,0.234,3.0,2.0,0.0,0.0,43.52,41.65,42.04,42.08,42.57,42.71,42.45,43.01,42.79,46.63
2016-07-28 08:21:00-05:00,633.7024,623.536,575958,33.59,0.0,615.1,29.96,297.9,276.0,274.1,272.1,169.7,169.6,169.9,297.0,488.7,60.15,138.5,1452623.0,299.7,145.10000610351562,5.0,0.0,0.0,0.0,0.0,0.0,0.0,0.0,0.0,30.11,42.96,613.7,166.7,169.2,166.9,60.0,59.9,74.7,0.0,273.0,272.0,273.8,136.2,13.35,136.8,619.0,1442929.0,42643.0,133369.0,0.995,0.979,0.748,0.921,69.1,70.3,69.06,68.84,69.84,68.04,59.09,20.58,20.94,20.57,20.5,20.81,20.26,17.6,53285.0,54091.0,53543.0,53378.0,54378.0,51740.0,47080.0,0.86,279.8,35.8,1.6,3.512,2.0,-1.0,13.47,0.016,0.235,3.0,2.0,0.0,0.0,44.18,42.18,42.51,42.59,43.07,43.45,42.73,43.57,43.22,46.74
2016-07-28 08:22:00-05:00,668.15564,657.8313,575959,33.66,0.0,643.4,30.01,303.6,276.0,274.2,272.2,180.6,180.3,180.6,302.6,512.5,60.13,147.39999389648438,1452625.0,303.7,155.0,5.0,0.0,0.0,0.0,0.0,0.0,0.0,0.0,0.0,30.27,43.73,632.3,178.0,180.1,178.1,60.0,59.9,74.7,0.0,273.0,272.0,273.8,145.1,14.81,145.9,619.0,1442932.0,42643.0,133369.0,0.995,0.979,0.748,0.921,71.05,72.32,72.17,72.25,72.47,70.87,62.24,21.57,21.95,21.9,21.93,21.99,21.51,18.89,53285.0,54092.0,53544.0,53378.0,54378.0,51740.0,47080.0,1.28,294.0,15.18,2.1,3.512,2.0,-1.0,13.47,0.016,0.236,3.0,2.0,0.0,0.0,45.08,42.83,43.35,43.34,43.82,43.94,43.6,44.44,43.95,46.81
2016-07-28 08:23:00-05:00,488.52347,477.5007,575960,33.75,0.0,468.0,30.3,315.9,275.3,273.3,271.4,134.2,134.6,134.9,314.8,367.9,60.14,108.80000305175781,1452627.0,317.2,115.80000305175781,5.0,0.0,0.0,0.0,0.0,0.0,0.0,0.0,0.0,30.83,44.14,460.9,130.9,133.8,131.3,60.0,59.9,74.7,0.0,272.3,271.3,273.0,107.2,8.65,107.5,619.0,1442933.0,42643.0,133370.0,0.997,0.979,0.748,0.921,50.56,51.69,51.02,50.87,51.41,49.8,43.68,15.97,16.33,16.11,16.07,16.24,15.73,13.79,53286.0,54092.0,53544.0,53378.0,54379.0,51741.0,47080.0,1.073,298.1,25.35,1.7,3.512,2.0,-1.0,13.47,0.016,0.234,3.0,2.0,0.0,0.0,45.64,43.0,43.38,43.41,43.95,43.38,43.96,44.51,44.26,46.88
2016-07-28 08:24:00-05:00,489.11752,477.38864,575961,33.84,0.0,474.5,30.11,316.2,275.3,273.5,271.6,134.7,135.2,135.5,316.2,368.9,60.16,109.30000305175781,1452629.0,317.2,116.5999984741211,5.0,0.0,0.0,0.0,0.0,0.0,0.0,0.0,0.0,30.61,43.78,479.0,131.3,134.2,131.7,60.0,59.9,74.7,0.0,272.4,271.4,273.1,107.5,8.68,107.9,619.0,1442935.0,42643.0,133370.0,0.997,0.979,0.748,0.921,52.51,53.52,51.26,50.37,51.69,50.62,42.73,16.61,16.93,16.21,15.93,16.35,16.01,13.51,53286.0,54092.0,53544.0,53378.0,54379.0,51741.0,47080.0,0.85,321.6,10.59,1.7,3.51,2.0,-1.0,13.47,0.016,0.233,3.0,2.0,0.0,0.0,45.01,42.92,43.39,43.57,44.08,43.67,43.9,44.64,44.18,47.06
2016-07-28 08:25:00-05:00,577.50793,567.72205,575962,33.93,0.0,559.2,29.83,313.1,275.5,273.4,271.5,158.9,159.1,159.3,312.5,439.0,60.13,129.3000030517578,1452631.0,313.1,137.1999969482422,5.0,0.0,0.0,0.0,0.0,0.0,0.0,0.0,0.0,30.11,42.97,551.6,155.8,158.5,156.0,60.0,59.9,74.7,0.0,272.1,271.0,273.0,127.2,11.84,127.7,619.0,1442937.0,42643.0,133370.0,0.996,0.979,0.748,0.921,61.64,62.24,61.35,60.9,61.44,60.58,51.91,19.3,19.49,19.2,19.07,19.24,18.96,16.25,53286.0,54092.0,53544.0,53379.0,54379.0,51741.0,47081.0,1.0,334.7,19.54,1.6,3.512,2.0,-1.0,13.47,0.016,0.234,3.0,2.0,0.0,0.0,44.35,42.79,43.34,43.54,44.01,43.39,43.92,44.33,44.18,47.23
2016-07-28 08:26:00-05:00,487.69186,481.42337,575963,34.01,0.0,471.4,29.68,318.7,275.2,273.5,271.6,135.8,136.3,136.5,317.0,371.2,60.15,110.19999694824219,1452633.0,319.0,117.5,5.0,0.0,0.0,0.0,0.0,0.0,0.0,0.0,0.0,29.88,42.89,455.6,132.7,135.5,132.9,60.0,59.9,74.7,0.0,272.5,271.5,273.4,108.6,8.87,109.0,619.0,1442939.0,42643.0,133370.0,0.997,0.979,0.748,0.921,49.83,51.04,51.54,51.69,51.61,50.24,45.02,15.86,16.24,16.4,16.44,16.42,15.98,14.32,53286.0,54093.0,53545.0,53379.0,54379.0,51741.0,47081.0,1.027,324.1,16.9,1.7,3.512,2.0,-1.0,13.47,0.016,0.234,3.0,2.0,0.0,0.0,44.3,42.67,43.55,43.47,44.23,43.62,44.01,43.94,44.14,47.42
2016-07-28 08:27:00-05:00,401.91513,397.36624,575964,34.1,0.0,391.8,29.73,324.5,274.8,272.9,271.1,112.8,113.5,113.7,323.2,303.8,60.18,90.9000015258789,1452634.0,326.2,98.19999694824219,5.0,0.0,0.0,0.0,0.0,0.0,0.0,0.0,0.0,29.91,42.8,378.2,109.8,112.6,110.1,60.0,59.9,74.7,0.0,272.1,271.1,273.0,89.9,5.939,90.1,619.0,1442941.0,42643.0,133370.0,0.998,0.979,0.748,0.921,40.84,41.65,41.82,42.05,42.2,40.81,36.52,13.25,13.51,13.57,13.64,13.69,13.24,11.85,53287.0,54093.0,53545.0,53379.0,54380.0,51742.0,47081.0,1.317,305.0,19.51,2.2,3.51,2.0,-1.0,13.47,0.017,0.232,3.0,2.0,0.0,0.0,43.9,42.51,43.15,43.16,44.0,43.43,43.73,43.71,43.99,47.61
2016-07-28 08:28:00-05:00,448.13,444.21408,575965,34.18,0.0,441.0,29.44,322.7,274.9,273.1,271.2,127.8,128.4,128.6,322.5,345.3,60.18,103.4000015258789,1452636.0,323.3,111.19999694824219,5.0,0.0,0.0,0.0,0.0,0.0,0.0,0.0,0.0,29.56,41.71,430.2,124.4,127.3,124.7,60.0,59.9,74.7,0.0,272.0,271.0,273.0,101.8,7.823,102.1,619.0,1442942.0,42643.0,133370.0,0.997,0.979,0.748,0.921,46.35,47.62,47.67,48.39,49.09,46.28,42.4,14.94,15.35,15.36,15.59,15.82,14.92,13.66,53287.0,54093.0,53545.0,53379.0,54380.0,51742.0,47081.0,1.127,311.6,17.61,2.1,3.512,2.0,-1.0,13.47,0.017,0.232,3.0,2.0,0.0,0.0,42.97,42.25,42.72,42.8,43.51,42.64,43.16,43.31,43.25,47.78
2016-07-28 08:29:00-05:00,574.419,572.5414,575966,34.25,0.0,564.0,29.37,313.9,275.3,273.4,271.4,162.6,162.7,162.9,313.1,448.7,60.14,132.1999969482422,1452638.0,314.1,140.5,5.0,0.0,0.0,0.0,0.0,0.0,0.0,0.0,0.0,29.59,41.48,541.4,159.7,162.3,159.9,60.0,59.9,74.7,0.0,272.0,271.0,273.0,130.2,12.34,130.8,619.0,1442945.0,42643.0,133370.0,0.996,0.979,0.748,0.921,60.44,61.55,62.7,63.38,63.19,61.24,55.59,18.97,19.32,19.68,19.89,19.84,19.22,17.44,53287.0,54093.0,53545.0,53380.0,54380.0,51742.0,47081.0,0.863,300.4,31.27,1.5,3.512,2.0,-1.0,13.47,0.017,0.235,3.0,2.0,0.0,0.0,42.71,42.51,43.11,42.97,43.61,43.06,43.57,43.28,43.54,47.95
2016-07-28 08:30:00-05:00,484.48413,483.77695,575967,34.32,0.0,479.3,29.06,311.9,274.9,273.0,271.2,138.6,139.1,139.3,311.2,384.9,60.15,112.30000305175781,1452640.0,313.3,119.5999984741211,5.0,0.0,0.0,0.0,0.0,0.0,0.0,0.0,0.0,29.13,41.11,459.9,135.4,138.3,135.8,60.0,59.9,74.7,0.0,272.0,271.0,273.0,110.6,9.23,111.0,619.0,1442946.0,42643.0,133371.0,0.997,0.979,0.748,0.921,50.5,52.32,53.54,54.88,55.19,51.56,48.82,15.73,16.3,16.68,17.1,17.2,16.06,15.21,53287.0,54094.0,53546.0,53380.0,54380.0,51742.0,47082.0,1.585,296.9,13.91,2.3,3.512,2.0,-1.0,13.47,0.017,0.234,3.0,2.0,0.0,0.0,41.58,42.18,43.29,43.06,43.88,43.13,43.49,43.41,43.48,48.14
2016-07-28 08:31:00-05:00,370.7884,370.58002,575968,34.38,0.0,366.6,28.97,318.7,275.1,272.7,271.0,105.9,107.1,107.0,317.9,290.3,60.14,85.4000015258789,1452642.0,319.6,92.19999694824219,5.0,0.0,0.0,0.0,0.0,0.0,0.0,0.0,0.0,28.85,41.5,351.6,102.6,105.5,102.9,60.0,59.9,74.7,0.0,272.0,271.0,273.0,84.1,5.076,84.3,619.0,1442948.0,42643.0,133371.0,0.998,0.979,0.748,0.921,38.6,39.38,39.84,40.21,40.21,38.79,35.14,12.29,12.54,12.69,12.8,12.8,12.35,11.19,53288.0,54094.0,53546.0,53380.0,54381.0,51742.0,47082.0,0.752,334.9,42.73,1.5,3.512,2.0,-1.0,13.43,-0.014,0.232,3.0,2.0,0.0,0.001,41.72,42.33,43.01,43.01,43.73,42.9,43.15,43.25,43.06,48.31
2016-07-28 08:32:00-05:00,518.1058,518.29645,575969,34.44,0.0,517.5,29.28,310.0,275.0,273.2,271.2,146.9,147.2,147.5,309.3,410.4,60.15,119.19999694824219,1452644.0,311.3,126.5999984741211,5.0,0.0,0.0,0.0,0.0,0.0,0.0,0.0,0.0,29.44,42.1,502.7,143.6,146.4,144.0,60.0,59.9,74.7,0.0,272.0,271.0,273.0,117.3,10.3,117.7,619.0,1442950.0,42643.0,133371.0,0.996,0.979,0.748,0.921,56.44,57.46,57.65,57.79,58.3,56.66,49.95,17.45,17.77,17.82,17.87,18.03,17.51,15.44,53288.0,54094.0,53546.0,53380.0,54381.0,51743.0,47082.0,0.907,8.64,36.2,1.6,3.512,2.0,-1.0,13.43,-0.045,0.234,3.0,2.0,0.0,0.001,42.42,42.61,43.08,43.11,43.39,43.59,43.25,43.35,42.95,48.44
2016-07-28 08:33:00-05:00,515.3732,518.8568,575970,34.5,0.0,511.7,29.57,308.7,275.1,272.9,270.9,146.0,146.6,146.8,308.1,409.3,60.13,118.5,1452645.0,309.9,126.0,5.0,0.0,0.0,0.0,0.0,0.0,0.0,0.0,0.0,29.66,42.41,485.9,143.0,145.9,143.5,60.0,59.9,74.7,0.0,272.0,271.0,272.9,116.8,10.22,117.2,619.0,1442952.0,42643.0,133371.0,0.996,0.979,0.748,0.921,55.12,55.73,57.3,57.88,57.07,56.08,50.64,17.01,17.2,17.68,17.85,17.61,17.3,15.62,53288.0,54094.0,53546.0,53381.0,54381.0,51743.0,47082.0,0.762,343.4,30.88,1.4,3.512,2.0,-1.0,13.43,0.001,0.235,3.0,2.0,0.0,0.001,43.17,42.97,43.54,43.39,43.37,43.77,43.73,43.48,43.28,48.6
2016-07-28 08:34:00-05:00,403.34076,407.0048,575971,34.56,0.0,404.1,29.67,315.2,274.1,272.7,270.7,116.5,117.5,117.6,314.7,321.0,60.2,94.0999984741211,1452647.0,316.7,101.0,5.0,0.0,0.0,0.0,0.0,0.0,0.0,0.0,0.0,29.47,42.13,387.0,113.1,116.0,113.5,60.0,59.9,74.7,0.0,272.0,271.0,272.1,92.5,6.398,92.7,619.0,1442953.0,42643.0,133371.0,0.998,0.979,0.748,0.921,43.48,44.05,44.43,44.59,44.34,43.61,38.8,13.71,13.89,14.01,14.05,13.98,13.75,12.23,53288.0,54095.0,53547.0,53381.0,54381.0,51743.0,47083.0,0.68,85.8,35.67,1.1,3.512,2.0,-1.0,13.44,0.009,0.233,3.0,2.0,0.0,0.001,43.06,42.4,43.34,43.05,43.17,43.75,43.62,43.33,43.3,48.75
2016-07-28 08:35:00-05:00,395.49966,400.16815,575972,34.61,0.0,398.2,29.62,319.2,274.7,272.5,270.5,115.0,115.7,115.9,318.5,313.6,60.23,92.5999984741211,1452649.0,320.4,99.9000015258789,5.0,0.0,0.0,0.0,0.0,0.0,0.0,0.0,0.0,29.43,42.37,387.5,111.5,114.5,111.9,60.0,59.9,74.7,0.0,272.0,271.0,272.0,91.2,6.213,91.4,619.0,1442955.0,42643.0,133371.0,0.998,0.979,0.748,0.921,42.95,43.51,43.14,43.11,43.68,42.42,37.21,13.71,13.89,13.77,13.76,13.94,13.54,11.88,53289.0,54095.0,53547.0,53381.0,54382.0,51744.0,47083.0,0.408,13.38,56.99,1.0,3.512,2.0,-1.0,13.44,0.011,0.233,3.0,2.0,0.0,0.001,43.18,42.36,43.21,43.13,42.99,44.18,43.37,43.57,43.39,48.88
2016-07-28 08:36:00-05:00,537.8273,544.18604,575973,34.66,0.0,543.2,29.59,315.4,274.7,272.8,270.7,156.6,156.9,157.2,314.4,430.0,60.16,127.0999984741211,1452651.0,316.6,135.10000610351562,5.0,0.0,0.0,0.0,0.0,0.0,0.0,0.0,0.0,29.63,42.31,530.0,153.3,156.2,153.7,60.0,59.9,74.7,0.0,272.0,270.6,272.0,124.8,11.53,125.4,619.0,1442957.0,42643.0,133371.0,0.996,0.979,0.748,0.921,58.86,59.93,59.89,60.29,60.97,58.6,52.38,18.56,18.9,18.88,19.01,19.22,18.47,16.51,53289.0,54095.0,53547.0,53381.0,54382.0,51744.0,47083.0,0.467,35.22,54.54,1.0,3.512,2.0,-1.0,13.44,0.013,0.235,3.0,2.0,0.0,0.001,43.01,42.3,43.35,43.09,42.92,44.26,43.47,43.75,43.3,49.03
2016-07-28 08:37:00-05:00,580.71564,586.99915,575974,34.72,0.0,587.4,29.55,317.0,275.0,272.9,270.8,168.2,168.3,168.6,316.1,461.3,60.14,136.6999969482422,1452653.0,317.6,145.8000030517578,5.0,0.0,0.0,0.0,0.0,0.0,0.0,0.0,0.0,29.4,41.64,581.3,165.5,167.7,165.8,60.0,59.9,74.7,0.0,272.0,270.8,272.0,134.5,13.06,135.1,619.0,1442959.0,42643.0,133372.0,0.995,0.979,0.748,0.921,63.54,65.1,64.16,64.66,65.93,62.94,56.1,20.14,20.64,20.34,20.49,20.9,19.95,17.78,53289.0,54095.0,53547.0,53382.0,54382.0,51744.0,47083.0,1.263,355.7,30.45,33.8,,2.0,-1.0,13.44,0.014,0.235,3.0,2.0,0.0,0.001,42.95,42.28,43.86,43.41,43.26,44.58,43.92,44.0,43.57,49.17
2016-07-28 08:38:00-05:00,708.19275,717.1197,575975,34.76,0.0,705.2,29.72,320.5,274.9,273.1,270.9,201.4,200.6,201.0,319.5,550.2,60.15,163.8000030517578,1452656.0,321.3,175.60000610351562,5.0,0.0,0.0,0.0,0.0,0.0,0.0,0.0,0.0,29.72,42.64,680.3,200.1,201.1,200.2,60.0,59.9,74.7,0.0,271.7,270.4,272.0,161.9,17.52,162.8,619.0,1442962.0,42643.0,133372.0,0.994,0.979,0.748,0.921,74.37,75.58,76.6,77.16,76.92,75.14,66.91,23.81,24.2,24.52,24.7,24.63,24.06,21.42,53290.0,54096.0,53548.0,53382.0,54383.0,51744.0,47084.0,0.927,356.0,14.33,1.4,3.512,2.0,-1.0,13.44,0.014,0.238,3.0,2.0,0.0,0.0,43.83,42.62,44.61,43.98,44.14,44.86,44.67,44.58,44.29,49.3
2016-07-28 08:39:00-05:00,787.19763,792.21075,575976,34.83,0.0,785.6,29.65,316.1,275.3,273.5,271.1,219.1,218.3,218.7,315.1,607.6,60.15,178.6999969482422,1452659.0,316.9,191.39999389648438,5.0,0.0,0.0,0.0,0.0,0.0,0.0,0.0,0.0,29.88,42.71,774.1,218.8,219.0,218.8,60.0,59.9,74.7,0.0,271.9,270.7,272.0,176.8,19.91,177.9,619.0,1442965.0,42643.0,133372.0,0.994,0.979,0.748,0.921,86.0,86.6,85.1,84.1,85.0,84.8,71.7,27.17,27.36,26.88,26.59,26.86,26.8,22.66,53290.0,54096.0,53548.0,53383.0,54383.0,51745.0,47084.0,0.6,314.0,26.48,1.5,3.512,2.0,-1.0,13.44,0.014,0.238,3.0,2.0,0.0,0.0,43.93,43.35,45.22,44.69,44.77,45.37,45.38,44.97,45.26,49.43
2016-07-28 08:40:00-05:00,806.20636,811.1516,575977,34.89,0.0,799.4,29.41,319.1,275.4,273.0,270.7,223.7,223.1,223.3,318.3,615.5,60.15,182.39999389648438,1452662.0,320.2,195.89999389648438,5.0,0.0,0.0,0.0,0.0,0.0,0.0,0.0,0.0,29.69,42.84,783.8,223.8,223.8,223.7,60.0,59.9,74.7,0.0,271.2,270.0,272.0,180.5,20.51,181.7,619.0,1442968.0,42643.0,133373.0,0.994,0.979,0.748,0.921,85.8,86.6,85.7,85.5,86.2,85.0,73.64,27.39,27.64,27.34,27.28,27.52,27.12,23.5,53290.0,54097.0,53549.0,53383.0,54384.0,51745.0,47085.0,1.297,300.0,14.37,2.2,3.509,2.0,-1.0,13.44,0.014,0.239,3.0,2.0,0.0,0.0,44.03,44.3,46.32,45.59,45.93,46.07,46.25,46.0,46.45,49.58
2016-07-28 08:41:00-05:00,821.6509,825.16113,575978,34.97,0.0,814.0,29.4,314.1,274.8,272.7,270.4,226.8,226.0,226.3,313.2,632.3,60.13,184.60000610351562,1452665.0,314.7,198.0,5.0,0.0,0.0,0.0,0.0,0.0,0.0,0.0,0.0,29.62,43.62,798.1,227.1,226.7,227.1,60.0,59.9,74.7,0.0,271.0,270.0,271.2,182.8,20.89,184.0,619.0,1442971.0,42643.0,133373.0,0.994,0.979,0.748,0.921,88.1,89.1,88.4,88.2,88.8,87.4,76.07,27.68,27.99,27.76,27.7,27.9,27.45,23.89,53291.0,54097.0,53549.0,53384.0,54384.0,51746.0,47085.0,,0.0,0.0,,,2.0,-1.0,13.44,0.014,0.239,3.0,2.0,0.0,0.0,44.39,44.81,47.14,46.36,46.66,46.4,46.98,46.45,47.03,49.69
2016-07-28 08:42:00-05:00,785.8908,788.5122,575979,35.07,0.0,770.4,29.85,313.0,274.3,272.7,270.4,215.4,214.7,215.0,312.1,602.2,60.14,175.10000610351562,1452667.0,312.7,187.89999389648438,5.0,0.0,0.0,0.0,0.0,0.0,0.0,0.0,0.0,30.01,45.37,752.7,215.2,215.3,215.2,60.0,59.9,74.7,0.0,271.0,270.0,271.0,173.3,19.34,174.4,619.0,1442974.0,42643.0,133373.0,0.994,0.979,0.748,0.921,84.3,84.2,83.8,83.3,83.2,83.5,71.18,26.37,26.35,26.2,26.06,26.02,26.1,22.27,53291.0,54098.0,53550.0,53384.0,54384.0,51746.0,47085.0,,0.0,0.0,,,2.0,-1.0,13.44,0.014,0.239,3.0,2.0,0.0,0.0,45.86,45.84,47.78,47.11,47.36,46.84,47.87,47.19,47.79,49.83
2016-07-28 08:43:00-05:00,577.8643,576.12775,575980,35.17,0.0,567.7,29.51,316.7,273.6,271.9,269.8,162.6,162.6,162.9,315.9,446.2,60.14,131.39999389648438,1452670.0,318.2,140.8000030517578,5.0,0.0,0.0,0.0,0.0,0.0,0.0,0.0,0.0,29.32,45.56,554.6,159.7,162.1,159.9,60.0,59.9,74.7,0.0,270.7,269.7,271.0,129.4,12.21,129.9,619.0,1442976.0,42643.0,133374.0,0.996,0.979,0.748,0.921,59.96,61.46,61.4,62.16,63.18,59.85,54.44,18.97,19.45,19.43,19.67,19.99,18.94,17.22,53292.0,54098.0,53550.0,53384.0,54385.0,51747.0,47086.0,0.905,297.1,38.73,1.4,3.512,2.0,-1.0,13.44,0.015,0.236,3.0,2.0,0.0,0.0,45.77,46.18,48.23,47.72,47.89,47.72,48.31,48.01,48.35,49.96
2016-07-28 08:44:00-05:00,463.09937,458.5598,575981,35.28,0.0,453.1,29.48,317.7,273.6,271.5,269.5,129.2,129.7,130.0,317.3,353.7,60.17,104.0,1452671.0,320.1,112.19999694824219,5.0,0.0,0.0,0.0,0.0,0.0,0.0,0.0,0.0,29.41,45.62,437.0,126.2,129.0,126.5,60.0,59.9,74.7,0.0,270.9,269.9,271.0,102.6,7.918,102.9,619.0,1442978.0,42643.0,133374.0,0.997,0.979,0.748,0.921,48.31,48.61,48.58,48.63,48.48,47.93,41.89,15.34,15.44,15.43,15.44,15.4,15.22,13.3,53292.0,54098.0,53550.0,53385.0,54385.0,51747.0,47086.0,0.627,351.0,67.2,1.2,3.512,2.0,-1.0,13.44,0.015,0.234,3.0,2.0,0.0,0.0,45.86,46.39,47.7,47.39,47.76,46.8,47.68,47.61,48.11,50.15
2016-07-28 08:45:00-05:00,558.85565,553.60046,575982,35.38,0.0,552.3,29.52,315.8,273.4,271.8,269.8,157.7,157.7,158.0,314.5,433.8,60.23,127.30000305175781,1452673.0,316.3,136.3000030517578,5.0,0.0,0.0,0.0,0.0,0.0,0.0,0.0,0.0,29.59,45.38,538.6,154.7,157.2,154.9,60.0,59.9,74.7,0.0,270.4,269.6,271.0,125.4,11.58,125.9,619.0,1442980.0,42643.0,133374.0,0.996,0.979,0.748,0.921,59.14,60.24,60.02,60.37,61.04,58.89,52.38,18.66,19.0,18.93,19.04,19.25,18.57,16.52,53292.0,54099.0,53550.0,53385.0,54385.0,51747.0,47086.0,0.717,337.6,36.38,1.6,3.51,2.0,-1.0,13.44,0.015,0.235,3.0,2.0,0.0,0.0,45.71,46.16,47.15,47.37,47.59,47.06,47.47,47.49,47.98,50.33
2016-07-28 08:46:00-05:00,484.12775,478.62146,575983,35.48,0.0,476.7,29.89,325.8,274.5,273.2,271.3,135.1,135.4,135.6,324.7,363.7,60.14,109.30000305175781,1452675.0,328.7,118.0999984741211,5.0,0.0,0.0,0.0,0.0,0.0,0.0,0.0,0.0,30.21,45.58,464.7,131.8,134.5,131.9,60.0,59.9,74.7,0.0,272.1,271.1,272.9,107.6,8.63,107.9,619.0,1442981.0,42643.0,133374.0,0.997,0.979,0.748,0.921,49.82,50.49,49.67,49.59,50.25,49.27,42.71,16.23,16.45,16.18,16.15,16.37,16.05,13.91,53292.0,54099.0,53551.0,53385.0,54386.0,51747.0,47086.0,1.087,21.06,34.85,1.7,3.512,2.0,-1.0,13.44,0.015,0.235,3.0,2.0,0.0,0.0,46.01,46.26,46.85,46.98,47.65,46.71,47.31,47.29,47.33,50.51
2016-07-28 08:47:00-05:00,549.82654,545.643,575984,35.58,0.0,543.5,29.63,321.5,275.9,274.0,272.1,153.5,153.7,154.0,320.7,419.1,60.14,125.0,1452677.0,324.2,134.39999389648438,5.0,0.0,0.0,0.0,0.0,0.0,0.0,0.0,0.0,29.87,43.98,537.8,150.5,153.1,150.6,60.0,59.9,74.7,0.0,272.9,272.0,273.7,123.0,11.06,123.5,619.0,1442983.0,42643.0,133374.0,0.996,0.979,0.748,0.921,58.89,59.25,57.48,56.96,57.92,57.38,48.58,18.93,19.05,18.48,18.31,18.62,18.44,15.61,53293.0,54099.0,53551.0,53385.0,54386.0,51748.0,47087.0,0.692,22.17,29.15,1.1,3.512,2.0,-1.0,13.44,0.015,0.236,3.0,2.0,0.0,0.0,44.62,45.8,46.82,46.72,47.06,45.92,47.02,46.97,47.19,50.66
2016-07-28 08:48:00-05:00,698.09436,695.8252,575985,35.66,0.0,691.4,29.29,308.2,275.9,274.6,272.4,192.8,192.3,192.6,308.0,547.2,60.16,157.60000610351562,1452680.0,309.6,168.3000030517578,5.0,0.0,0.0,0.0,0.0,0.0,0.0,0.0,0.0,29.48,43.05,682.5,191.0,192.3,190.9,60.0,59.9,74.7,0.0,273.0,272.0,273.3,155.4,16.29,156.3,619.0,1442986.0,42643.0,133374.0,0.995,0.979,0.748,0.921,76.6,77.46,76.26,76.24,77.41,75.48,65.64,23.56,23.84,23.46,23.45,23.82,23.22,20.19,53293.0,54099.0,53551.0,53386.0,54386.0,51748.0,47087.0,1.317,286.7,18.32,2.4,3.512,2.0,-1.0,13.44,0.016,0.237,3.0,2.0,0.0,0.0,43.63,45.18,46.87,46.97,47.18,45.87,47.35,47.34,47.47,50.79
2016-07-28 08:49:00-05:00,701.6585,699.972,575986,35.74,0.0,691.6,29.11,307.1,277.0,275.4,273.3,193.0,192.3,192.7,306.1,550.4,60.19,158.1999969482422,1452682.0,308.8,168.39999389648438,5.0,0.0,0.0,0.0,0.0,0.0,0.0,0.0,0.0,29.08,43.62,667.5,191.0,192.5,190.9,60.0,59.9,74.7,0.0,273.9,273.0,274.3,156.0,16.41,156.9,619.0,1442989.0,42643.0,133375.0,0.995,0.979,0.748,0.921,75.23,76.28,76.99,77.42,77.16,75.84,66.98,23.1,23.42,23.63,23.76,23.68,23.28,20.56,53294.0,54100.0,53552.0,53386.0,54387.0,51748.0,47087.0,1.127,277.5,27.89,2.0,3.512,2.0,-1.0,13.44,0.015,0.238,3.0,2.0,0.0,0.0,43.71,45.68,47.48,47.18,47.59,46.34,47.64,47.41,48.04,50.95
2016-07-28 08:50:00-05:00,428.28967,423.70416,575987,35.82,0.0,416.6,29.22,320.2,276.2,274.4,272.5,118.3,119.0,119.2,319.2,327.2,60.13,96.0999984741211,1452684.0,321.5,104.30000305175781,5.0,0.0,0.0,0.0,0.0,0.0,0.0,0.0,0.0,29.02,44.67,406.3,115.0,117.7,115.2,60.0,59.9,74.7,0.0,273.5,272.9,274.0,94.6,6.583,94.8,619.0,1442990.0,42643.0,133375.0,0.998,0.979,0.748,0.921,45.05,44.89,44.23,43.74,43.94,44.21,37.96,14.39,14.35,14.14,13.98,14.05,14.13,12.13,53294.0,54100.0,53552.0,53386.0,54387.0,51749.0,47088.0,1.112,323.0,31.07,2.0,3.51,2.0,-1.0,13.44,0.015,0.235,3.0,2.0,0.0,0.0,44.59,46.01,47.48,47.42,48.01,46.81,47.47,47.45,47.91,51.07
2016-07-28 08:51:00-05:00,451.33774,447.8005,575988,35.9,0.0,444.7,29.48,320.6,276.2,274.5,272.5,126.0,126.6,126.8,319.9,346.9,60.13,102.5,1452686.0,321.0,110.9000015258789,5.0,0.0,0.0,0.0,0.0,0.0,0.0,0.0,0.0,29.39,43.21,432.1,122.6,125.4,122.8,60.0,59.9,74.7,0.0,273.5,272.6,274.0,100.8,7.516,101.1,619.0,1442992.0,42643.0,133375.0,0.997,0.979,0.748,0.921,47.69,47.92,47.54,47.01,47.33,47.02,40.42,15.27,15.35,15.23,15.06,15.17,15.06,12.95,53294.0,54100.0,53552.0,53387.0,54387.0,51749.0,47088.0,1.473,345.7,11.9,2.4,3.512,2.0,-1.0,13.44,0.016,0.234,3.0,2.0,0.0,0.0,43.6,45.21,46.6,46.5,47.02,45.45,46.64,46.15,46.36,51.23
2016-07-28 08:52:00-05:00,504.32443,503.8386,575989,35.98,0.0,498.1,29.38,320.2,276.2,274.8,272.8,141.7,141.8,142.1,319.4,391.0,60.19,115.4000015258789,1452688.0,320.8,124.69999694824219,5.0,0.0,0.0,0.0,0.0,0.0,0.0,0.0,0.0,29.11,42.18,480.5,139.0,141.3,139.0,60.0,59.9,74.7,0.0,273.9,272.8,274.0,113.9,9.64,114.3,619.0,1442994.0,42643.0,133375.0,0.997,0.979,0.748,0.921,52.26,53.19,53.81,54.17,54.28,52.66,47.13,16.71,17.02,17.21,17.33,17.38,16.83,15.08,53294.0,54101.0,53553.0,53387.0,54387.0,51749.0,47088.0,,0.0,0.0,,,2.0,-1.0,13.44,0.016,0.235,3.0,2.0,0.0,0.0,43.19,44.3,45.8,45.57,46.24,44.51,45.89,45.52,45.57,51.34
2016-07-28 08:53:00-05:00,323.38544,321.49063,575990,36.03,0.0,316.1,29.69,324.0,275.9,274.0,272.1,90.1,91.0,91.1,323.4,250.2,60.22,72.47000122070312,1452689.0,325.0,80.9000015258789,5.0,0.0,0.0,0.0,0.0,0.0,0.0,0.0,0.0,29.65,41.83,307.6,86.9,89.4,87.0,60.0,59.9,74.7,0.0,273.4,272.3,274.0,71.54,3.034,71.61,619.0,1442995.0,42643.0,133375.0,0.999,0.979,0.748,0.921,32.8,33.37,33.32,33.42,33.7,32.51,28.9,10.62,10.81,10.79,10.82,10.92,10.53,9.36,53295.0,54101.0,53553.0,53387.0,54388.0,51749.0,47088.0,0.773,8.3,38.46,1.4,3.512,2.0,-1.0,13.44,0.016,0.233,3.0,2.0,0.0,0.0,42.71,43.93,45.05,44.79,45.78,44.19,45.19,44.85,44.84,51.44
2016-07-28 08:54:00-05:00,490.662,491.84644,575991,36.08,0.0,492.4,29.28,314.8,276.6,274.8,272.7,141.2,141.7,141.9,313.7,393.5,60.23,115.30000305175781,1452691.0,315.9,123.4000015258789,5.0,0.0,0.0,0.0,0.0,0.0,0.0,0.0,0.0,29.19,40.01,486.3,137.8,140.7,138.1,60.0,59.9,74.7,0.0,274.0,273.0,274.0,113.2,9.53,113.6,619.0,1442997.0,42643.0,133375.0,0.997,0.979,0.748,0.921,53.67,54.84,54.19,54.94,56.2,52.99,48.3,16.89,17.26,17.06,17.29,17.69,16.67,15.21,53295.0,54101.0,53553.0,53387.0,54388.0,51750.0,47089.0,1.213,313.1,37.65,2.1,3.513,2.0,-1.0,13.44,0.016,0.235,3.0,2.0,0.0,0.0,40.53,42.94,44.16,43.89,44.82,42.91,44.41,43.69,44.37,51.56
2016-07-28 08:55:00-05:00,372.68924,376.408,575992,36.12,0.0,367.5,29.04,321.0,275.8,274.4,272.4,106.9,107.7,107.8,320.1,296.0,60.16,86.5999984741211,1452692.0,321.4,94.5999984741211,5.0,0.0,0.0,0.0,0.0,0.0,0.0,0.0,0.0,29.09,39.45,351.6,103.7,106.4,103.9,60.0,59.9,74.7,0.0,273.6,272.7,274.0,85.3,5.149,85.5,619.0,1442998.0,42643.0,133375.0,0.998,0.979,0.748,0.921,38.11,39.11,40.17,40.95,40.68,38.79,36.09,12.22,12.54,12.88,13.13,13.05,12.43,11.57,53295.0,54101.0,53553.0,53388.0,54388.0,51750.0,47089.0,1.883,297.8,7.413,2.7,3.512,2.0,-1.0,13.44,0.016,0.234,3.0,2.0,0.0,0.0,39.55,42.31,43.6,43.3,44.28,42.4,43.91,43.04,43.91,51.62
2016-07-28 08:56:00-05:00,498.62186,504.95938,575993,36.14,0.0,500.5,29.03,312.0,276.8,275.5,273.5,142.3,142.8,143.0,311.4,399.9,60.16,116.4000015258789,1452694.0,314.6,124.5,5.0,0.0,0.0,0.0,0.0,0.0,0.0,0.0,0.0,28.98,39.49,490.9,138.9,141.9,139.3,60.0,59.9,74.7,0.0,274.1,273.0,274.9,114.4,9.65,114.8,619.0,1443000.0,42643.0,133376.0,0.996,0.979,0.748,0.921,54.82,55.92,55.44,55.49,56.4,54.6,47.59,17.1,17.44,17.29,17.31,17.59,17.03,14.84,53295.0,54102.0,53554.0,53388.0,54388.0,51750.0,47089.0,1.318,281.4,19.32,2.0,3.512,2.0,-1.0,13.44,0.016,0.235,3.0,2.0,0.0,0.0,39.22,42.09,43.41,43.1,44.03,42.46,43.41,43.23,43.62,51.7
2016-07-28 08:57:00-05:00,490.54318,499.6918,575994,36.16,0.0,487.6,29.08,306.5,277.0,275.2,273.3,136.9,137.6,137.8,305.5,391.7,60.16,111.9000015258789,1452696.0,306.8,119.5999984741211,5.0,0.0,0.0,0.0,0.0,0.0,0.0,0.0,0.0,28.91,40.11,469.0,133.8,136.9,134.3,60.0,59.9,74.7,0.0,274.0,273.0,275.0,110.3,9.04,110.6,619.0,1443002.0,42643.0,133376.0,0.997,0.979,0.748,0.921,54.93,54.2,54.18,53.26,52.45,54.49,45.22,16.83,16.61,16.6,16.32,16.08,16.7,13.86,53295.0,54102.0,53554.0,53388.0,54389.0,51750.0,47089.0,1.622,299.6,20.94,2.8,3.513,2.0,-1.0,13.44,0.016,0.236,3.0,2.0,0.0,0.0,39.98,42.56,43.67,43.44,44.16,42.65,43.72,43.53,43.81,51.75
2016-07-28 08:58:00-05:00,324.0983,329.56012,575995,36.16,0.0,323.4,29.1,313.1,276.7,274.4,272.6,92.1,93.2,93.2,312.4,262.7,60.13,74.37000274658203,1452697.0,312.6,82.0,5.0,0.0,0.0,0.0,0.0,0.0,0.0,0.0,0.0,29.13,39.3,317.0,88.9,91.6,89.1,60.0,59.9,74.7,0.0,274.0,273.0,274.8,73.38,3.292,73.45,619.0,1443003.0,42643.0,133376.0,0.999,0.979,0.748,0.921,34.97,35.68,35.27,35.49,36.18,34.4,30.66,10.95,11.17,11.04,11.11,11.32,10.76,9.6,53296.0,54102.0,53554.0,53388.0,54389.0,51751.0,47089.0,1.75,336.4,22.31,2.3,3.51,2.0,-1.0,13.44,0.016,0.233,3.0,2.0,0.0,0.0,39.5,41.87,43.01,42.83,43.73,41.95,43.3,42.7,43.14,51.8
2016-07-28 08:59:00-05:00,600.08075,609.8627,575996,36.16,0.0,606.3,29.16,305.3,277.2,275.3,273.2,169.9,169.8,170.1,305.4,486.2,60.14,139.1999969482422,1452700.0,306.0,148.10000610351562,5.0,0.0,0.0,0.0,0.0,0.0,0.0,0.0,0.0,29.24,38.88,600.3,167.1,169.2,167.3,60.0,59.9,74.7,0.0,274.0,273.0,274.5,136.9,13.35,137.6,619.0,1443006.0,42643.0,133376.0,0.995,0.979,0.748,0.921,66.41,68.8,68.12,68.79,70.26,66.44,59.67,20.22,20.96,20.75,20.95,21.41,20.23,18.18,53296.0,54102.0,53554.0,53389.0,54389.0,51751.0,47090.0,1.332,339.7,13.44,2.2,3.512,2.0,-1.0,13.44,0.017,0.236,3.0,2.0,0.0,0.0,39.07,41.29,42.64,42.56,43.38,41.53,43.15,42.33,42.59,51.8
2016-07-28 09:00:00-05:00,618.7331,630.1485,575997,36.19,0.0,616.5,29.35,302.1,276.7,275.4,273.2,171.9,172.0,172.3,301.5,497.1,60.15,140.89999389648438,1452702.0,302.1,149.8000030517578,5.0,0.0,0.0,0.0,0.0,0.0,0.0,0.0,0.0,29.34,39.61,598.6,169.6,171.9,169.9,60.0,59.9,74.7,0.0,274.0,273.0,274.1,138.9,13.73,139.6,619.0,1443008.0,42643.0,133376.0,0.995,0.979,0.748,0.921,69.26,69.41,69.37,69.06,69.02,69.04,59.37,20.91,20.96,20.95,20.85,20.84,20.85,17.93,53296.0,54103.0,53555.0,53389.0,54390.0,51751.0,47090.0,0.933,327.4,26.87,1.9,3.512,2.0,-1.0,13.44,0.017,0.237,3.0,2.0,0.0,0.0,39.67,41.81,43.64,43.38,43.58,42.86,43.97,43.38,43.07,51.85
2016-07-28 09:01:00-05:00,554.2223,564.5839,575998,36.2,0.0,553.5,29.34,302.6,276.9,275.2,273.1,155.6,155.8,156.0,301.9,448.9,60.12,127.30000305175781,1452704.0,305.8,135.39999389648438,5.0,0.0,0.0,0.0,0.0,0.0,0.0,0.0,0.0,29.32,40.2,532.4,152.5,155.1,152.8,60.0,59.9,74.7,0.0,274.0,273.0,274.6,125.2,11.51,125.7,619.0,1443010.0,42643.0,133376.0,0.996,0.979,0.748,0.921,60.27,61.47,62.43,63.21,63.3,60.96,55.26,18.22,18.58,18.87,19.11,19.14,18.43,16.71,53297.0,54103.0,53555.0,53389.0,54390.0,51752.0,47090.0,0.768,356.4,41.42,1.5,3.512,2.0,-1.0,13.44,0.017,0.236,3.0,2.0,0.0,0.0,40.1,42.1,44.19,43.97,44.14,43.42,44.49,44.11,43.61,51.9
2016-07-28 09:02:00-05:00,499.69107,507.64923,575999,36.2,0.0,508.4,29.48,305.9,276.6,275.3,273.2,141.5,141.9,142.1,304.9,405.8,60.15,115.5999984741211,1452706.0,307.7,123.4000015258789,5.0,0.0,0.0,0.0,0.0,0.0,0.0,0.0,0.0,29.34,40.29,514.2,138.2,140.8,138.5,60.0,59.9,74.7,0.0,274.0,273.0,274.8,113.6,9.66,114.1,619.0,1443012.0,42643.0,133377.0,0.997,0.979,0.748,0.921,56.06,58.29,56.29,56.65,59.17,54.82,48.89,17.1,17.79,17.17,17.28,18.05,16.72,14.91,53297.0,54103.0,53555.0,53390.0,54390.0,51752.0,47090.0,1.387,336.2,19.15,2.0,3.509,2.0,-1.0,13.44,0.017,0.235,3.0,2.0,0.0,0.0,40.44,42.33,44.12,43.83,44.18,43.68,44.38,43.9,43.6,51.93
2016-07-28 09:03:00-05:00,753.2196,772.037,576000,36.22,0.0,759.7,29.6,298.7,277.4,275.8,273.5,208.7,207.8,208.3,297.5,610.9,60.14,171.5,1452709.0,299.4,181.6999969482422,5.0,0.0,0.0,0.0,0.0,0.0,0.0,0.0,0.0,29.55,41.32,742.7,207.7,208.3,207.7,60.0,59.9,74.7,0.0,274.0,273.0,274.3,169.4,18.7,170.5,619.0,1443015.0,42643.0,133377.0,0.994,0.979,0.748,0.921,85.1,86.0,85.7,85.9,86.5,84.8,74.06,25.43,25.68,25.61,25.65,25.83,25.33,22.12,53297.0,54104.0,53556.0,53390.0,54391.0,51752.0,47091.0,1.078,19.94,24.46,2.0,3.512,2.0,-1.0,13.44,0.017,0.239,3.0,2.0,0.0,0.0,42.08,43.14,44.62,43.83,44.34,44.21,44.97,44.13,44.05,51.98
2016-07-28 09:04:00-05:00,787.67285,809.6946,576001,36.24,0.0,796.3,29.97,302.1,277.8,275.8,273.4,219.4,218.2,218.7,301.0,638.2,60.15,180.39999389648438,1452712.0,303.4,192.10000610351562,5.0,0.0,0.0,0.0,0.0,0.0,0.0,0.0,0.0,29.91,42.74,775.5,218.9,218.8,218.9,60.0,59.9,74.7,0.0,274.0,273.0,274.3,178.3,20.1,179.5,619.0,1443018.0,42643.0,133377.0,0.994,0.979,0.748,0.921,88.5,89.5,89.5,89.7,90.1,88.5,77.73,26.74,27.04,27.03,27.11,27.23,26.74,23.48,53298.0,54104.0,53556.0,53391.0,54391.0,51753.0,47091.0,1.493,353.9,16.02,2.7,3.51,2.0,-1.0,13.44,0.017,0.24,3.0,2.0,0.0,0.0,43.68,44.17,45.8,44.97,44.99,45.27,46.16,45.12,45.15,52.0
2016-07-28 09:05:00-05:00,842.3229,865.6206,576002,36.27,0.0,852.0,30.01,305.7,277.9,275.8,273.4,233.2,231.9,232.5,304.5,676.1,60.14,192.0,1452715.0,305.3,205.89999389648438,5.0,0.0,0.0,0.0,0.0,0.0,0.0,0.0,0.0,29.78,43.5,837.0,234.2,232.9,234.2,60.0,59.9,74.7,0.0,274.0,273.0,274.0,190.4,21.96,191.7,619.0,1443021.0,42643.0,133378.0,0.993,0.979,0.748,0.921,94.3,95.4,94.3,94.2,95.3,93.5,81.1,28.83,29.15,28.82,28.81,29.15,28.57,24.79,53298.0,54105.0,53557.0,53391.0,54392.0,51753.0,47092.0,,0.0,0.0,,,2.0,-1.0,13.44,0.017,0.241,3.0,2.0,0.0,0.0,44.98,44.65,46.81,45.8,45.6,45.73,47.03,45.89,45.78,52.08
2016-07-28 09:06:00-05:00,652.11707,671.05634,576003,36.31,0.0,654.1,29.95,311.8,277.1,275.6,273.4,182.9,182.7,183.0,310.8,518.9,60.14,150.10000610351562,1452717.0,312.0,161.0,5.0,0.0,0.0,0.0,0.0,0.0,0.0,0.0,0.0,29.77,44.16,620.3,181.0,182.5,181.2,60.0,59.9,74.7,0.0,274.0,273.0,274.6,148.1,15.08,148.8,619.0,1443023.0,42643.0,133378.0,0.995,0.979,0.748,0.921,70.69,70.92,71.86,71.77,71.34,71.09,62.05,22.0,22.07,22.36,22.34,22.21,22.12,19.31,53299.0,54105.0,53557.0,53391.0,54392.0,51754.0,47092.0,,0.0,0.0,,,2.0,-1.0,13.44,0.017,0.239,3.0,2.0,0.0,0.0,45.84,45.36,47.65,46.42,46.16,46.89,47.8,46.09,46.28,52.18
2016-07-28 09:07:00-05:00,654.9684,668.0303,576004,36.35,0.0,667.2,30.18,315.0,277.3,275.3,273.2,186.1,185.9,186.1,313.6,521.8,60.19,152.6999969482422,1452720.0,315.8,163.6999969482422,5.0,0.0,0.0,0.0,0.0,0.0,0.0,0.0,0.0,30.01,44.19,665.9,184.4,185.8,184.4,60.0,59.9,74.7,0.0,274.0,273.0,274.3,150.6,15.46,151.4,619.0,1443026.0,42643.0,133378.0,0.995,0.979,0.748,0.921,72.55,74.24,72.18,72.49,74.61,70.98,62.71,22.86,23.4,22.74,22.84,23.52,22.36,19.76,53299.0,54105.0,53557.0,53392.0,54392.0,51754.0,47093.0,1.418,1.756,20.55,2.4,3.512,2.0,-1.0,13.44,0.017,0.237,3.0,2.0,0.0,0.0,45.7,45.32,47.08,46.07,46.03,46.22,47.4,45.42,45.78,52.24
2016-07-28 09:08:00-05:00,929.5252,949.2295,576005,36.41,0.0,934.0,30.61,310.7,277.9,276.0,273.7,253.4,252.5,252.9,310.0,728.9,60.22,209.10000610351562,1452723.0,310.6,225.89999389648438,5.0,0.0,0.0,0.0,0.0,0.0,0.0,0.0,0.0,30.54,45.24,905.0,256.4,253.9,256.7,60.0,59.9,74.7,0.0,274.0,273.0,274.0,208.1,24.62,209.5,619.0,1443029.0,42643.0,133379.0,0.993,0.979,0.748,0.921,100.6,101.8,102.1,102.2,102.4,100.7,88.2,31.25,31.62,31.7,31.73,31.81,31.27,27.38,53300.0,54106.0,53558.0,53392.0,54393.0,51755.0,47093.0,1.455,23.07,15.05,2.2,3.51,2.0,-1.0,13.44,0.017,0.242,3.0,2.0,0.0,0.0,47.04,46.24,48.09,46.76,45.87,47.29,48.31,46.13,46.83,52.36
2016-07-28 09:09:00-05:00,706.0542,719.6974,576006,36.46,0.0,700.0,30.93,317.3,277.1,275.3,273.1,193.7,193.2,193.5,316.6,544.0,60.14,158.89999389648438,1452726.0,317.1,171.60000610351562,5.0,0.0,0.0,0.0,0.0,0.0,0.0,0.0,0.0,30.86,46.48,655.9,192.0,192.7,192.1,60.0,59.9,74.7,0.0,273.9,272.9,274.0,156.4,16.41,157.3,619.0,1443032.0,42643.0,133379.0,0.995,0.979,0.748,0.921,73.51,73.77,75.11,74.59,73.4,74.64,64.17,23.24,23.33,23.75,23.58,23.21,23.6,20.29,53300.0,54106.0,53558.0,53393.0,54393.0,51755.0,47093.0,,0.0,0.0,,,2.0,-1.0,13.44,0.017,0.24,3.0,2.0,0.0,0.0,48.2,46.83,48.99,47.6,46.79,48.36,48.99,47.11,47.67,52.44
2016-07-28 09:10:00-05:00,557.3112,563.46313,576007,36.51,0.0,556.5,30.6,316.4,276.6,274.5,272.6,156.8,156.8,157.1,315.5,437.2,60.15,128.0,1452728.0,317.3,137.8000030517578,5.0,0.0,0.0,0.0,0.0,0.0,0.0,0.0,0.0,30.41,45.74,532.5,153.8,156.3,154.0,60.0,59.9,74.7,0.0,273.2,272.1,274.0,126.0,11.51,126.5,619.0,1443034.0,42643.0,133379.0,0.996,0.979,0.748,0.921,58.87,59.79,60.1,60.68,61.04,58.83,52.7,18.61,18.91,19.0,19.18,19.3,18.59,16.66,53300.0,54107.0,53559.0,53393.0,54393.0,51755.0,47094.0,1.717,320.2,13.25,2.4,3.512,2.0,-1.0,13.44,0.017,0.237,3.0,2.0,0.0,0.0,47.54,46.33,48.51,47.58,47.2,47.72,48.66,46.67,47.08,52.55
2016-07-28 09:11:00-05:00,444.20947,447.91263,576008,36.58,0.0,442.4,30.0,318.6,275.9,274.3,272.4,125.2,125.8,126.0,317.7,347.3,60.15,101.69999694824219,1452730.0,319.7,110.30000305175781,5.0,0.0,0.0,0.0,0.0,0.0,0.0,0.0,0.0,29.99,44.67,426.8,121.8,124.6,122.1,60.0,59.9,74.7,0.0,273.0,272.1,274.0,100.1,7.417,100.4,619.0,1443036.0,42643.0,133379.0,0.997,0.979,0.748,0.921,46.86,47.56,47.27,47.52,48.07,46.34,41.08,14.93,15.15,15.06,15.14,15.31,14.76,13.08,53300.0,54107.0,53559.0,53393.0,54394.0,51755.0,47094.0,1.25,306.6,24.06,2.2,3.512,2.0,-1.0,13.41,-0.035,0.235,3.0,2.0,0.0,0.001,45.62,45.6,47.69,47.0,47.2,46.89,47.94,45.96,46.54,52.64
2016-07-28 09:12:00-05:00,435.06152,438.4982,576009,36.64,0.0,434.7,29.4,320.2,276.1,274.2,272.3,123.7,124.3,124.5,319.5,341.5,60.15,100.5,1452731.0,321.0,109.0999984741211,5.0,0.0,0.0,0.0,0.0,0.0,0.0,0.0,0.0,29.33,42.97,422.4,120.3,123.1,120.6,60.0,59.9,74.7,0.0,273.0,272.0,274.0,98.8,7.229,99.1,619.0,1443037.0,42643.0,133379.0,0.997,0.979,0.748,0.921,45.62,46.91,46.53,46.94,48.0,45.37,40.8,14.6,15.02,14.89,15.03,15.37,14.52,13.06,53301.0,54107.0,53559.0,53393.0,54394.0,51756.0,47094.0,,0.0,0.0,,,2.0,-1.0,13.41,-0.029,0.235,3.0,2.0,0.0,0.001,43.45,44.43,46.58,46.19,46.26,45.82,47.04,45.18,46.23,52.75
2016-07-28 09:13:00-05:00,441.00177,444.99863,576010,36.67,0.0,438.1,29.76,321.3,276.2,273.9,272.0,125.1,125.7,125.9,320.4,344.5,60.15,101.5,1452733.0,322.0,110.30000305175781,5.0,0.0,0.0,0.0,0.0,0.0,0.0,0.0,0.0,29.64,42.85,420.4,121.8,124.6,122.0,60.0,59.9,74.7,0.0,273.0,272.0,274.0,99.9,7.417,100.2,619.0,1443039.0,42643.0,133379.0,0.997,0.979,0.748,0.921,46.13,46.82,46.99,47.13,47.14,45.97,40.76,14.81,15.03,15.09,15.13,15.14,14.76,13.09,53301.0,54107.0,53559.0,53394.0,54394.0,51756.0,47094.0,1.91,348.9,13.92,2.5,3.512,2.0,-1.0,13.41,0.004,0.235,3.0,2.0,0.0,0.001,43.5,44.23,46.13,45.56,45.12,45.72,46.4,44.68,45.16,52.83
2016-07-28 09:14:00-05:00,496.721,499.6918,576011,36.72,0.0,498.1,29.69,323.0,276.3,274.2,272.3,141.1,141.4,141.7,322.4,385.9,60.13,114.80000305175781,1452735.0,323.9,124.30000305175781,5.0,0.0,0.0,0.0,0.0,0.0,0.0,0.0,0.0,29.46,41.8,500.4,137.9,140.6,138.1,60.0,59.9,74.7,0.0,273.0,272.0,273.9,113.0,9.48,113.4,619.0,1443041.0,42643.0,133380.0,0.997,0.979,0.748,0.921,54.68,54.8,52.65,52.09,53.45,52.3,44.38,17.64,17.69,16.99,16.81,17.26,16.88,14.32,53301.0,54108.0,53560.0,53394.0,54394.0,51756.0,47095.0,1.5,330.3,21.09,2.4,3.512,2.0,-1.0,13.41,0.01,0.236,3.0,2.0,0.0,0.001,43.19,43.84,45.59,44.75,44.66,45.05,45.65,43.77,44.51,52.9
2016-07-28 09:15:00-05:00,512.99713,520.2018,576012,36.74,0.0,508.0,29.53,321.6,276.1,274.3,272.3,145.6,145.8,146.1,321.0,400.7,60.13,118.5999984741211,1452737.0,322.1,128.39999389648438,5.0,0.0,0.0,0.0,0.0,0.0,0.0,0.0,0.0,29.5,41.26,486.1,142.7,145.1,142.8,60.0,59.9,74.7,0.0,273.0,272.0,274.0,116.8,10.09,117.2,619.0,1443043.0,42643.0,133380.0,0.996,0.979,0.748,0.921,54.42,54.36,54.49,54.57,54.38,54.04,46.97,17.48,17.46,17.5,17.53,17.47,17.35,15.09,53302.0,54108.0,53560.0,53394.0,54395.0,51756.0,47095.0,1.3,340.1,29.57,2.4,3.512,2.0,-1.0,13.41,0.012,0.237,3.0,2.0,0.0,0.001,42.52,43.44,45.25,44.35,44.65,44.28,45.43,43.52,44.32,52.98
2016-07-28 09:16:00-05:00,397.63818,401.40097,576013,36.77,0.0,394.1,29.37,324.6,275.9,273.9,272.0,113.2,113.9,114.1,324.0,310.1,60.14,91.69999694824219,1452738.0,325.8,100.4000015258789,5.0,0.0,0.0,0.0,0.0,0.0,0.0,0.0,0.0,29.39,40.13,386.8,109.9,112.6,110.0,60.0,59.9,74.7,0.0,273.0,272.0,274.0,90.2,5.925,90.4,619.0,1443044.0,42643.0,133380.0,0.998,0.979,0.748,0.921,41.88,42.6,41.83,41.75,42.57,41.22,36.03,13.58,13.81,13.56,13.54,13.8,13.37,11.68,53302.0,54108.0,53560.0,53395.0,54395.0,51757.0,47095.0,1.057,358.6,33.25,2.1,3.512,2.0,-1.0,13.41,0.014,0.235,3.0,2.0,0.0,0.001,40.88,42.57,44.48,44.02,44.35,43.56,44.94,43.27,44.01,52.98
2016-07-28 09:17:00-05:00,463.33698,470.77615,576014,36.77,0.0,465.6,29.3,314.5,275.7,274.1,272.1,133.6,134.2,134.5,313.7,373.3,60.13,108.5999984741211,1452740.0,315.5,117.0999984741211,5.0,0.0,0.0,0.0,0.0,0.0,0.0,0.0,0.0,29.22,39.9,453.7,130.3,133.2,130.7,60.0,59.9,74.7,0.0,273.0,272.0,273.3,106.9,8.53,107.2,619.0,1443046.0,42643.0,133380.0,0.997,0.979,0.748,0.921,50.34,51.56,51.43,51.7,52.5,50.33,44.87,15.82,16.21,16.16,16.25,16.5,15.82,14.1,53302.0,54108.0,53560.0,53395.0,54395.0,51757.0,47095.0,1.045,349.9,39.37,1.9,3.512,2.0,-1.0,13.41,0.014,0.236,3.0,2.0,0.0,0.001,39.94,42.12,43.85,43.58,44.01,42.94,44.37,42.89,43.86,52.98
2016-07-28 09:18:00-05:00,682.7686,697.058,576015,36.77,0.0,693.9,29.45,311.3,276.6,274.8,272.5,195.6,195.3,195.6,310.7,552.9,60.13,160.3000030517578,1452743.0,310.7,171.6999969482422,5.0,0.0,0.0,0.0,0.0,0.0,0.0,0.0,0.0,29.35,40.48,678.4,194.3,195.4,194.4,60.0,59.9,74.7,0.0,273.0,272.0,273.6,158.2,16.74,159.1,619.0,1443049.0,42643.0,133380.0,0.995,0.979,0.748,0.921,75.79,77.38,76.88,77.74,79.0,75.33,67.68,23.59,24.09,23.93,24.2,24.6,23.44,21.07,53302.0,54109.0,53561.0,53395.0,54396.0,51757.0,47096.0,1.313,347.3,27.18,2.1,3.512,2.0,-1.0,13.41,0.014,0.238,3.0,2.0,0.0,0.0,40.43,42.35,44.31,43.93,44.42,43.35,44.66,43.52,44.21,52.98
2016-07-28 09:19:00-05:00,863.47003,885.5702,576016,36.77,0.0,873.0,29.59,311.0,277.2,275.4,273.0,240.7,239.7,240.2,310.1,689.8,60.14,198.0,1452746.0,311.8,213.8000030517578,5.0,0.0,0.0,0.0,0.0,0.0,0.0,0.0,0.0,29.48,41.64,845.0,242.7,240.8,242.8,60.0,59.9,74.7,0.0,273.2,272.2,273.8,196.7,22.84,198.0,619.0,1443052.0,42643.0,133381.0,0.993,0.979,0.748,0.921,95.7,97.0,96.2,95.8,96.5,95.5,82.6,29.73,30.13,29.9,29.79,30.01,29.66,25.69,53303.0,54109.0,53561.0,53396.0,54396.0,51758.0,47096.0,,0.0,0.0,,,2.0,-1.0,13.41,0.014,0.242,3.0,2.0,0.0,0.0,42.18,43.19,45.33,44.72,45.16,43.85,45.54,44.46,44.97,52.98
2016-07-28 09:20:00-05:00,697.85675,715.66266,576017,36.8,0.0,705.7,29.82,318.0,277.4,275.6,273.3,196.6,196.0,196.3,317.1,549.8,60.14,161.39999389648438,1452749.0,320.0,174.0,5.0,0.0,0.0,0.0,0.0,0.0,0.0,0.0,0.0,29.67,42.91,691.2,195.3,196.2,195.4,60.0,59.9,74.7,0.0,274.0,273.0,274.0,159.4,16.87,160.3,619.0,1443055.0,42643.0,133381.0,0.995,0.979,0.748,0.921,77.7,77.46,75.64,75.14,75.96,75.74,64.24,24.68,24.6,24.01,23.85,24.12,24.05,20.38,53303.0,54110.0,53562.0,53396.0,54397.0,51758.0,47096.0,1.018,331.0,18.18,1.7,3.512,2.0,-1.0,13.41,0.014,0.24,3.0,2.0,0.0,0.0,43.74,44.92,46.45,46.04,45.97,45.69,46.74,46.12,46.14,53.03
2016-07-28 09:21:00-05:00,806.6815,831.99774,576018,36.81,0.0,813.0,30.15,312.5,277.5,275.7,273.4,224.5,223.7,224.1,311.1,640.9,60.15,184.8000030517578,1452752.0,313.3,199.3000030517578,5.0,0.0,0.0,0.0,0.0,0.0,0.0,0.0,0.0,30.06,44.22,767.8,225.1,224.4,225.2,60.0,59.9,74.7,0.0,274.0,273.0,274.0,183.1,20.67,184.3,619.0,1443058.0,42643.0,133381.0,0.994,0.979,0.748,0.921,88.2,88.0,88.6,89.0,88.1,88.1,76.82,27.56,27.5,27.68,27.81,27.52,27.52,23.99,53304.0,54110.0,53562.0,53396.0,54397.0,51759.0,47097.0,1.485,345.6,16.29,2.2,3.512,2.0,-1.0,13.41,0.015,0.242,3.0,2.0,0.0,0.0,45.32,45.71,47.68,46.84,46.84,47.02,48.02,47.2,47.11,53.08
2016-07-28 09:22:00-05:00,807.9884,831.8857,576019,36.84,0.0,826.0,30.53,311.3,277.4,275.5,273.2,225.6,224.7,225.1,310.6,644.9,60.15,185.5,1452755.0,312.3,200.10000610351562,5.0,0.0,0.0,0.0,0.0,0.0,0.0,0.0,0.0,30.7,45.63,805.0,226.3,225.5,226.3,60.0,59.9,74.7,0.0,273.8,272.8,274.0,183.9,20.77,185.1,619.0,1443061.0,42643.0,133382.0,0.994,0.979,0.748,0.921,89.2,90.6,89.5,89.9,91.5,88.3,77.69,27.74,28.18,27.85,27.98,28.46,27.47,24.17,53304.0,54111.0,53563.0,53397.0,54397.0,51759.0,47097.0,1.105,23.06,28.51,1.7,3.512,2.0,-1.0,13.41,0.015,0.241,3.0,2.0,0.0,0.0,46.59,46.79,48.34,47.3,47.74,47.48,48.38,47.7,47.84,53.07
2016-07-28 09:23:00-05:00,808.70123,834.91174,576020,36.89,0.0,826.0,30.43,317.1,277.2,275.2,273.0,225.4,224.6,224.8,316.3,632.1,60.13,185.1999969482422,1452758.0,319.2,199.89999389648438,5.0,0.0,0.0,0.0,0.0,0.0,0.0,0.0,0.0,30.37,46.42,801.0,225.8,225.3,225.7,60.0,59.9,74.7,0.0,273.1,272.2,274.0,183.5,20.68,184.6,619.0,1443064.0,42643.0,133382.0,0.994,0.979,0.748,0.921,87.4,88.5,87.6,87.7,88.9,86.6,75.96,27.7,28.06,27.76,27.8,28.18,27.45,24.08,53305.0,54111.0,53563.0,53397.0,54398.0,51760.0,47098.0,0.587,115.8,69.97,1.5,3.512,2.0,-1.0,13.41,0.015,0.241,3.0,2.0,0.0,0.0,47.19,47.77,49.36,48.59,48.88,48.82,49.37,49.14,49.2,53.18
2016-07-28 09:24:00-05:00,837.92706,867.638,576021,36.95,0.0,854.0,30.23,317.9,277.0,275.2,272.9,231.3,230.7,230.9,317.2,648.8,60.22,190.1999969482422,1452761.0,318.8,205.6999969482422,5.0,0.0,0.0,0.0,0.0,0.0,0.0,0.0,0.0,30.13,47.04,815.0,232.4,231.6,232.4,60.0,59.9,74.7,0.0,273.0,272.0,274.0,188.6,21.51,189.8,619.0,1443067.0,42643.0,133382.0,0.994,0.979,0.748,0.921,88.9,89.5,90.3,90.2,89.8,89.3,78.12,28.26,28.44,28.68,28.67,28.52,28.38,24.82,53305.0,54112.0,53563.0,53398.0,54398.0,51760.0,47098.0,1.3,36.31,39.32,2.3,3.512,2.0,-1.0,13.41,0.015,0.242,3.0,2.0,0.0,0.0,47.73,48.64,50.32,49.58,48.56,49.91,50.55,50.17,50.22,53.2
2016-07-28 09:25:00-05:00,529.2734,548.1087,576022,37.0,0.0,541.0,30.6,325.7,275.8,274.2,272.2,150.9,151.0,151.3,324.8,411.0,60.15,122.80000305175781,1452763.0,328.5,133.39999389648438,5.0,0.0,0.0,0.0,0.0,0.0,0.0,0.0,0.0,30.59,47.74,516.0,147.7,150.3,147.8,60.0,59.9,74.7,0.0,273.0,272.0,273.8,120.8,10.7,121.3,619.0,1443069.0,42643.0,133382.0,0.996,0.979,0.748,0.921,54.69,55.36,55.92,56.67,56.49,54.8,49.4,17.8,18.02,18.2,18.44,18.38,17.83,16.08,53305.0,54112.0,53564.0,53398.0,54399.0,51760.0,47098.0,1.64,64.05,8.93,2.2,3.512,2.0,-1.0,13.41,0.015,0.238,3.0,2.0,0.0,0.0,48.43,49.1,50.28,49.45,48.29,50.05,50.38,49.94,50.22,53.22
2016-07-28 09:26:00-05:00,765.2188,789.74506,576023,37.08,0.0,788.8,30.64,319.1,277.3,275.3,273.1,213.7,213.3,213.5,318.0,598.0,60.14,175.6999969482422,1452766.0,319.6,189.8000030517578,5.0,0.0,0.0,0.0,0.0,0.0,0.0,0.0,0.0,30.62,47.71,772.9,214.0,213.9,214.0,60.0,59.9,74.7,0.0,273.8,272.7,274.0,174.1,19.11,175.2,619.0,1443072.0,42643.0,133383.0,0.994,0.979,0.748,0.921,83.0,84.5,82.9,82.7,84.4,82.2,71.01,26.45,26.92,26.4,26.32,26.89,26.18,22.59,53306.0,54112.0,53564.0,53399.0,54399.0,51761.0,47099.0,1.147,16.32,31.56,1.9,3.512,2.0,-1.0,13.41,0.016,0.24,3.0,2.0,0.0,0.0,48.95,48.96,50.21,49.29,48.06,50.22,50.16,49.93,49.9,53.29
2016-07-28 09:27:00-05:00,926.0799,957.0749,576024,37.13,0.0,950.0,30.62,308.7,277.6,275.6,273.3,253.9,253.5,253.6,308.0,736.1,60.15,209.60000610351562,1452769.0,309.8,226.5,5.0,0.0,0.0,0.0,0.0,0.0,0.0,0.0,0.0,30.54,48.37,929.0,257.3,254.9,257.8,60.0,59.9,74.7,0.0,273.5,272.2,274.0,208.7,24.57,210.1,619.0,1443075.0,42643.0,133383.0,0.993,0.979,0.748,0.921,100.8,103.7,103.1,103.6,104.5,101.2,90.1,31.09,31.97,31.79,31.96,32.23,31.21,27.81,53306.0,54113.0,53565.0,53399.0,54399.0,51761.0,47099.0,,0.0,0.0,,,2.0,-1.0,13.41,0.016,0.243,3.0,2.0,0.0,0.0,49.96,49.47,50.98,49.86,49.28,49.79,50.91,50.3,50.43,53.38
2016-07-28 09:28:00-05:00,971.8195,1005.2676,576025,37.21,0.0,996.0,30.88,308.4,277.7,275.5,273.2,261.8,261.7,261.7,307.3,761.8,60.15,216.3000030517578,1452773.0,309.4,234.10000610351562,5.0,0.0,0.0,0.0,0.0,0.0,0.0,0.0,0.0,30.9,50.5,966.0,265.9,263.1,266.5,60.0,59.9,74.7,0.0,273.2,272.2,274.0,215.5,25.66,217.1,619.0,1443079.0,42643.0,133384.0,0.993,0.979,0.748,0.921,106.3,106.8,106.1,106.3,106.4,105.4,91.2,32.79,32.93,32.72,32.78,32.82,32.48,28.11,53307.0,54113.0,53565.0,53399.0,54400.0,51762.0,47100.0,,0.0,0.0,,,2.0,-1.0,13.41,0.016,0.244,3.0,2.0,0.0,0.0,51.68,50.88,52.46,51.38,51.25,51.42,51.93,51.98,52.27,53.48
2016-07-28 09:29:00-05:00,689.7781,717.68,576026,37.29,0.0,704.8,31.16,319.1,276.5,274.7,272.6,188.8,188.4,188.6,318.3,528.6,60.15,154.5,1452775.0,319.6,167.60000610351562,5.0,0.0,0.0,0.0,0.0,0.0,0.0,0.0,0.0,31.26,52.1,661.9,187.3,188.3,187.2,60.0,59.9,74.7,0.0,273.0,272.0,274.0,152.5,15.76,153.3,619.0,1443081.0,42643.0,133384.0,0.995,0.979,0.748,0.921,72.15,71.57,72.7,72.2,70.55,72.45,61.64,22.93,22.75,23.11,22.95,22.42,23.03,19.59,53307.0,54114.0,53565.0,53400.0,54400.0,51762.0,47100.0,,0.0,0.0,,,2.0,-1.0,13.41,0.016,0.241,3.0,2.0,0.0,0.0,53.07,51.97,53.34,52.48,52.48,53.35,52.39,53.0,53.32,53.6
2016-07-28 09:30:00-05:00,426.62643,443.20538,576027,37.4,0.0,444.3,30.74,326.0,275.6,273.9,272.0,119.8,120.2,120.4,325.3,328.7,60.15,96.9000015258789,1452777.0,327.5,106.80000305175781,5.0,0.0,0.0,0.0,0.0,0.0,0.0,0.0,0.0,30.8,51.08,439.7,116.7,119.2,116.6,60.0,59.9,74.7,0.0,273.0,272.0,273.7,95.6,6.724,95.8,619.0,1443083.0,42643.0,133384.0,0.998,0.979,0.748,0.921,44.41,45.58,44.29,44.1,45.66,43.4,37.9,14.45,14.83,14.41,14.35,14.85,14.13,12.33,53307.0,54114.0,53566.0,53400.0,54401.0,51762.0,47100.0,1.313,1.693,62.5,2.5,3.512,2.0,-1.0,13.41,0.016,0.236,3.0,2.0,0.0,0.0,52.0,51.12,52.33,51.99,51.66,52.48,51.8,52.19,52.39,53.7
2016-07-28 09:31:00-05:00,604.7142,629.7002,576028,37.5,0.0,624.8,30.98,316.8,276.3,274.8,272.7,172.8,172.3,172.7,315.8,482.7,60.14,141.10000610351562,1452779.0,318.4,152.39999389648438,5.0,0.0,0.0,0.0,0.0,0.0,0.0,0.0,0.0,31.07,49.5,617.5,170.1,172.1,170.1,60.0,59.9,74.7,0.0,273.1,272.2,274.0,139.0,13.51,139.6,619.0,1443085.0,42643.0,133384.0,0.995,0.979,0.748,0.921,68.61,67.72,65.78,64.98,65.09,66.17,55.48,21.73,21.46,20.83,20.58,20.63,20.95,17.57,53308.0,54114.0,53566.0,53400.0,54401.0,51763.0,47100.0,1.84,33.86,26.35,2.9,3.512,2.0,-1.0,13.41,0.016,0.238,3.0,2.0,0.0,0.0,51.03,49.56,51.38,50.62,49.58,50.93,51.0,50.53,51.12,53.85
2016-07-28 09:32:00-05:00,679.7985,708.15356,576029,37.58,0.0,698.7,31.09,310.5,276.6,274.8,272.6,188.7,188.6,188.7,309.4,541.7,60.14,154.6999969482422,1452782.0,311.3,167.39999389648438,5.0,0.0,0.0,0.0,0.0,0.0,0.0,0.0,0.0,31.07,49.63,670.0,188.0,188.3,188.0,60.0,59.9,74.7,0.0,273.0,272.0,274.0,153.0,15.79,153.8,619.0,1443088.0,42643.0,133384.0,0.995,0.979,0.748,0.921,76.7,75.33,74.69,73.27,72.76,75.42,62.03,23.78,23.37,23.16,22.72,22.58,23.38,19.24,53308.0,54115.0,53566.0,53401.0,54401.0,51763.0,47101.0,0.963,270.7,47.11,1.6,3.512,2.0,-1.0,13.41,0.016,0.241,3.0,2.0,0.0,0.0,51.34,49.19,50.92,49.95,49.93,49.92,50.52,49.88,50.9,53.96
2016-07-28 09:33:00-05:00,337.16675,352.53574,576030,37.65,0.0,348.8,31.5,316.0,275.1,273.9,272.0,97.9,98.7,98.8,315.3,277.5,60.14,78.83000183105469,1452783.0,315.7,87.5,5.0,0.0,0.0,0.0,0.0,0.0,0.0,0.0,0.0,31.94,49.81,337.3,94.6,97.1,94.6,60.0,59.9,74.7,0.0,273.0,272.0,273.9,77.69,3.927,77.79,619.0,1443089.0,42643.0,133385.0,0.999,0.979,0.748,0.921,36.53,36.9,37.01,37.39,37.57,36.13,32.46,11.54,11.66,11.69,11.81,11.87,11.41,10.25,53308.0,54115.0,53567.0,53401.0,54402.0,51763.0,47101.0,0.882,314.8,41.71,1.9,3.512,2.0,-1.0,13.41,0.016,0.235,3.0,2.0,0.0,0.0,50.83,49.05,50.18,49.66,50.01,49.93,49.51,49.94,50.26,54.04
2016-07-28 09:34:00-05:00,362.47208,376.408,576031,37.71,0.0,374.0,31.21,304.3,276.1,274.6,272.7,104.1,105.0,105.1,303.0,304.2,60.18,84.30000305175781,1452784.0,305.2,92.0999984741211,5.0,0.0,0.0,0.0,0.0,0.0,0.0,0.0,0.0,31.13,48.43,363.8,100.8,103.5,100.9,60.0,59.9,74.7,0.0,273.9,272.9,274.3,83.0,4.729,83.2,619.0,1443091.0,42643.0,133385.0,0.998,0.979,0.748,0.921,41.15,41.57,41.18,40.98,41.31,40.66,35.25,12.52,12.64,12.52,12.47,12.57,12.37,10.72,53309.0,54115.0,53567.0,53401.0,54402.0,51763.0,47101.0,0.87,320.4,37.74,1.3,3.51,2.0,-1.0,13.41,0.016,0.235,3.0,2.0,0.0,0.0,49.56,48.37,48.96,48.41,48.99,48.36,48.58,48.87,48.82,54.15
2016-07-28 09:35:00-05:00,366.5114,378.31326,576032,37.76,0.0,375.3,30.82,312.8,277.0,275.4,273.5,105.6,106.4,106.5,312.0,302.1,60.17,85.80000305175781,1452786.0,312.9,94.19999694824219,5.0,0.0,0.0,0.0,0.0,0.0,0.0,0.0,0.0,30.9,47.68,365.0,102.3,104.9,102.4,60.0,59.9,74.7,0.0,274.7,273.9,275.0,84.5,4.936,84.6,619.0,1443092.0,42643.0,133385.0,0.998,0.979,0.748,0.921,40.71,41.14,40.64,40.5,40.8,40.26,34.86,12.74,12.87,12.71,12.67,12.76,12.59,10.9,53309.0,54115.0,53567.0,53401.0,54402.0,51764.0,47102.0,0.74,339.3,22.05,2.0,3.51,2.0,-1.0,13.41,0.016,0.235,3.0,2.0,0.0,0.0,48.55,47.62,47.84,47.54,48.22,47.2,47.76,47.96,47.83,54.23
2016-07-28 09:36:00-05:00,376.01575,386.719,576033,37.81,0.0,383.5,30.59,312.6,277.2,275.2,273.3,108.5,109.3,109.5,312.5,310.1,60.18,88.19999694824219,1452787.0,313.6,96.9000015258789,5.0,0.0,0.0,0.0,0.0,0.0,0.0,0.0,0.0,30.56,46.18,370.4,105.2,107.9,105.3,60.0,59.9,74.7,0.0,274.3,273.4,275.0,86.8,5.303,87.0,619.0,1443093.0,42643.0,133385.0,0.998,0.979,0.748,0.921,41.67,41.98,41.84,41.83,41.96,41.34,36.1,13.02,13.12,13.08,13.08,13.12,12.92,11.28,53309.0,54115.0,53567.0,53402.0,54402.0,51764.0,47102.0,1.53,2.919,5.418,2.2,3.512,2.0,-1.0,13.41,0.017,0.235,3.0,2.0,0.0,0.0,47.41,46.96,46.92,46.7,47.48,46.37,46.99,46.44,46.53,54.25
2016-07-28 09:37:00-05:00,347.74033,357.35504,576034,37.83,0.0,352.9,30.2,319.0,277.0,275.3,273.4,100.4,101.2,101.3,318.6,283.2,60.14,81.4000015258789,1452789.0,319.8,90.19999694824219,5.0,0.0,0.0,0.0,0.0,0.0,0.0,0.0,0.0,30.26,44.97,342.4,97.1,99.6,97.1,60.0,59.9,74.7,0.0,274.7,273.8,275.0,80.2,4.262,80.3,619.0,1443095.0,42643.0,133385.0,0.999,0.979,0.748,0.921,37.58,37.94,37.91,37.91,38.13,37.27,32.76,11.98,12.1,12.09,12.09,12.16,11.89,10.45,53309.0,54116.0,53568.0,53402.0,54402.0,51764.0,47102.0,0.722,34.26,20.24,1.3,3.51,2.0,-1.0,13.41,0.017,0.234,3.0,2.0,0.0,0.0,46.2,46.11,46.08,45.82,45.97,46.09,46.09,45.82,45.76,54.33
2016-07-28 09:38:00-05:00,348.80957,356.9067,576035,37.86,0.0,354.2,30.37,317.9,276.7,275.4,273.4,100.6,101.4,101.5,316.8,284.5,60.14,81.5999984741211,1452790.0,319.4,90.0999984741211,5.0,0.0,0.0,0.0,0.0,0.0,0.0,0.0,0.0,30.5,44.55,342.8,97.3,99.9,97.4,60.0,59.9,74.7,0.0,274.4,273.8,275.0,80.4,4.303,80.5,619.0,1443096.0,42643.0,133385.0,0.999,0.979,0.748,0.921,37.86,38.22,38.04,38.18,38.43,37.5,32.9,12.04,12.15,12.09,12.14,12.22,11.92,10.46,53310.0,54116.0,53568.0,53402.0,54403.0,51764.0,47102.0,,0.0,0.0,,,2.5,-1.0,13.41,0.017,0.234,3.0,2.0,0.0,0.0,45.54,45.6,45.57,45.32,45.33,45.59,45.47,45.29,45.23,54.33
2016-07-28 09:39:00-05:00,355.58142,361.95013,576036,37.86,0.0,359.6,30.24,317.9,277.1,275.2,273.3,102.3,103.2,103.3,317.2,289.1,60.14,83.0,1452791.0,318.3,91.69999694824219,5.0,0.0,0.0,0.0,0.0,0.0,0.0,0.0,0.0,30.14,43.4,348.1,99.1,101.7,99.2,60.0,59.9,74.7,0.0,274.5,273.7,275.0,81.8,4.528,81.9,619.0,1443098.0,42643.0,133385.0,0.998,0.979,0.748,0.921,38.51,39.03,38.79,38.8,39.11,38.28,33.51,12.24,12.41,12.33,12.33,12.43,12.17,10.65,53310.0,54116.0,53568.0,53402.0,54403.0,51765.0,47102.0,1.41,308.5,19.91,2.2,3.513,2.0,-1.0,13.41,0.017,0.235,3.0,2.0,0.0,0.0,44.74,44.73,44.73,44.35,44.69,44.39,44.74,44.27,44.35,54.33
2016-07-28 09:40:00-05:00,378.74826,384.14124,576037,37.86,0.0,381.5,30.03,312.4,276.9,275.4,273.4,108.9,109.7,109.8,311.2,310.4,60.13,88.5,1452793.0,312.4,96.5999984741211,5.0,0.0,0.0,0.0,0.0,0.0,0.0,0.0,0.0,29.93,42.54,370.1,105.4,108.2,105.6,60.0,59.9,74.7,0.0,274.3,273.5,275.0,87.1,5.35,87.2,619.0,1443099.0,42643.0,133385.0,0.998,0.979,0.748,0.921,41.73,42.23,41.96,42.12,42.53,41.37,36.37,13.03,13.19,13.11,13.15,13.28,12.92,11.36,53310.0,54116.0,53568.0,53403.0,54403.0,51765.0,47103.0,1.225,336.5,28.1,1.8,3.513,2.0,-1.0,13.41,0.017,0.235,3.0,2.0,0.0,0.0,43.68,43.89,44.07,43.86,44.23,43.74,43.96,43.58,43.76,54.33
2016-07-28 09:41:00-05:00,390.8663,397.4783,576038,37.86,0.0,394.0,30.06,314.1,276.9,275.3,273.3,113.1,113.9,114.0,313.0,320.9,60.13,92.0,1452794.0,314.7,100.4000015258789,5.0,0.0,0.0,0.0,0.0,0.0,0.0,0.0,0.0,30.11,42.05,380.3,109.7,112.5,109.9,60.0,59.9,74.7,0.0,274.2,273.4,275.0,90.6,5.91,90.8,619.0,1443100.0,42643.0,133385.0,0.998,0.979,0.748,0.921,42.92,43.34,43.36,43.69,43.98,42.69,37.92,13.48,13.61,13.62,13.72,13.81,13.41,11.91,53310.0,54117.0,53569.0,53403.0,54403.0,51765.0,47103.0,1.253,359.2,12.02,2.4,3.508,2.0,-1.0,13.41,0.017,0.235,3.0,2.0,0.0,0.0,43.09,43.1,43.55,43.5,43.87,43.3,43.77,43.07,43.33,54.27
2016-07-28 09:42:00-05:00,449.55566,460.35303,576039,37.86,0.0,460.4,30.06,310.8,277.0,275.7,273.6,131.1,131.7,132.0,310.2,373.8,60.16,107.19999694824219,1452796.0,311.0,115.9000015258789,5.0,0.0,0.0,0.0,0.0,0.0,0.0,0.0,0.0,29.98,41.72,446.5,127.8,130.7,128.2,60.0,59.9,74.7,0.0,274.8,273.9,275.0,105.5,8.19,105.8,619.0,1443102.0,42643.0,133385.0,0.997,0.979,0.748,0.921,50.42,51.38,51.11,51.53,52.45,50.2,44.66,15.66,15.96,15.88,16.01,16.29,15.59,13.87,53310.0,54117.0,53569.0,53403.0,54404.0,51765.0,47103.0,0.85,328.6,18.19,1.4,3.512,2.0,-1.0,13.41,0.017,0.235,3.0,2.0,0.0,0.0,43.01,42.58,43.49,43.16,43.39,43.22,43.49,42.7,42.98,54.23
2016-07-28 09:43:00-05:00,635.6033,657.6072,576040,37.86,0.0,654.2,30.24,308.5,277.6,276.0,273.8,184.6,184.0,184.4,307.5,527.7,60.22,151.60000610351562,1452799.0,310.2,162.1999969482422,5.0,0.0,0.0,0.0,0.0,0.0,0.0,0.0,0.0,30.21,42.64,622.1,182.1,184.0,182.2,60.0,59.9,74.7,0.0,274.4,273.3,275.0,149.3,15.26,150.1,619.0,1443105.0,42643.0,133386.0,0.995,0.979,0.748,0.921,70.46,71.92,73.62,74.76,74.2,71.88,65.41,21.73,22.18,22.7,23.05,22.89,22.16,20.17,53311.0,54117.0,53569.0,53404.0,54404.0,51766.0,47103.0,0.495,323.6,31.96,1.0,3.512,2.0,-1.0,13.41,0.017,0.238,3.0,2.0,0.0,0.0,43.75,43.2,43.93,43.48,44.09,43.47,43.9,43.48,43.56,54.22
2016-07-28 09:44:00-05:00,780.06934,808.798,576041,37.86,0.0,804.0,30.38,306.0,278.5,276.2,273.9,220.0,219.1,219.7,304.9,642.2,60.23,181.39999389648438,1452802.0,306.5,195.39999389648438,5.0,0.0,0.0,0.0,0.0,0.0,0.0,0.0,0.0,30.5,43.42,786.6,220.7,220.1,221.0,60.0,59.9,74.7,0.0,274.4,273.1,275.0,180.1,20.18,181.2,619.0,1443108.0,42643.0,133386.0,0.994,0.979,0.748,0.921,89.0,90.3,89.6,89.8,91.4,88.7,77.29,27.15,27.57,27.35,27.41,27.89,27.05,23.59,53311.0,54118.0,53570.0,53404.0,54404.0,51766.0,47104.0,,0.0,0.0,,,2.0,-1.0,13.41,0.017,0.24,3.0,2.0,0.0,0.0,44.23,44.23,45.1,44.64,45.1,44.54,44.95,44.68,44.59,54.14
2016-07-28 09:45:00-05:00,768.4265,798.2628,576042,37.86,0.0,783.1,30.4,303.7,278.1,276.1,273.8,212.7,212.1,212.6,302.3,625.7,60.22,175.39999389648438,1452804.0,304.2,188.60000610351562,5.0,0.0,0.0,0.0,0.0,0.0,0.0,0.0,0.0,30.49,44.77,751.0,212.8,212.5,213.2,60.0,59.9,74.7,0.0,274.1,273.0,275.0,173.6,19.25,174.7,619.0,1443111.0,42643.0,133386.0,0.994,0.979,0.748,0.921,88.0,87.5,86.5,85.5,85.3,86.8,72.76,26.66,26.51,26.22,25.91,25.85,26.29,22.04,53312.0,54118.0,53570.0,53404.0,54405.0,51767.0,47104.0,,0.0,0.0,,,2.0,-1.0,13.41,0.017,0.241,3.0,2.0,0.0,0.0,45.56,45.46,46.81,46.21,46.78,46.4,46.84,46.65,46.42,54.12
2016-07-28 09:46:00-05:00,569.9045,587.3354,576043,37.86,0.0,591.2,30.47,309.5,277.0,275.7,273.6,164.4,164.1,164.6,308.6,471.6,60.2,134.60000610351562,1452807.0,311.0,145.10000610351562,5.0,0.0,0.0,0.0,0.0,0.0,0.0,0.0,0.0,30.49,45.44,590.4,161.9,164.1,162.1,60.0,59.9,74.7,0.0,274.1,273.1,275.0,132.8,12.67,133.4,619.0,1443113.0,42643.0,133386.0,0.996,0.979,0.748,0.921,65.77,67.65,64.69,64.83,67.82,63.62,55.91,20.29,20.87,19.95,19.99,20.91,19.63,17.24,53312.0,54118.0,53570.0,53405.0,54405.0,51767.0,47105.0,0.555,6.719,40.62,0.9,3.512,2.0,-1.0,13.41,0.017,0.237,3.0,2.0,0.0,0.0,46.26,45.9,46.84,46.5,47.15,46.35,47.1,46.87,46.96,54.07
2016-07-28 09:47:00-05:00,828.06635,856.20624,576044,37.86,0.0,841.0,30.56,350.5,276.6,274.9,272.9,135.3,135.0,135.3,349.5,395.2,60.13,111.4000015258789,1452808.0,351.9,120.80000305175781,4.650000095367432,0.0,0.0,0.0,0.0,0.0,0.0,0.0,0.0,30.54,46.89,826.0,142.6,141.5,142.7,60.0,59.9,74.7,0.0,274.0,273.0,274.3,111.7,9.22,115.4,619.0,1443115.0,42643.0,133387.0,0.675,0.979,0.748,0.921,56.47,56.57,55.76,54.69,55.52,54.99,46.94,17.45,17.42,17.16,16.72,16.99,16.94,14.34,53312.0,54119.0,53571.0,53405.0,54405.0,51767.0,47105.0,,0.0,0.0,,,2.0,-1.0,13.41,0.017,0.242,3.0,2.0,0.0,0.0,47.49,46.87,48.42,47.53,47.63,48.07,48.38,48.04,48.12,54.04
2016-07-28 09:48:00-05:00,473.43533,481.8717,576045,37.9,0.0,479.0,30.65,354.3,276.5,274.6,272.7,112.6,113.0,113.1,353.3,290.5,60.14,91.19999694824219,1452810.0,354.9,102.4000015258789,5.0,0.0,0.0,0.0,0.0,0.0,0.0,0.0,0.0,30.72,47.26,475.8,109.5,111.8,109.1,60.0,59.9,74.7,0.0,274.0,273.0,274.2,89.9,5.86,90.1,619.0,1443116.0,42643.0,133387.0,0.998,0.979,0.748,0.921,38.56,39.35,38.21,38.37,39.82,37.27,33.27,13.63,13.91,13.51,13.56,14.07,13.18,11.75,53312.0,54119.0,53571.0,53405.0,54406.0,51767.0,47105.0,1.038,328.9,16.72,1.7,3.51,2.0,-1.0,13.41,0.017,0.236,3.0,2.0,0.0,0.0,47.71,47.4,48.6,48.15,47.77,48.32,48.64,48.21,48.06,54.1
2016-07-28 09:49:00-05:00,432.80426,440.51556,576046,37.94,0.0,431.8,30.4,338.6,276.6,274.4,272.4,115.4,115.8,115.9,338.2,308.5,60.11,93.5,1452812.0,339.4,104.4000015258789,5.0,0.0,0.0,0.0,0.0,0.0,0.0,0.0,0.0,30.35,46.44,413.9,111.7,114.2,111.6,60.0,59.9,74.7,0.0,274.0,272.9,274.0,91.8,6.113,92.0,619.0,1443118.0,42643.0,133387.0,0.998,0.979,0.748,0.921,41.28,40.91,40.85,40.4,40.33,40.57,34.03,13.98,13.86,13.83,13.68,13.66,13.74,11.52,53313.0,54119.0,53571.0,53405.0,54406.0,51768.0,47105.0,1.183,318.6,9.0,1.9,3.51,2.0,-1.0,13.41,0.017,0.236,3.0,2.0,0.0,0.0,47.14,47.13,47.9,47.69,47.96,47.12,48.1,47.76,47.57,54.14
2016-07-28 09:50:00-05:00,336.69153,341.66437,576047,37.97,0.0,335.8,30.24,326.7,275.9,274.4,272.6,93.9,94.8,94.8,325.9,262.7,60.14,75.7300033569336,1452813.0,328.0,85.5999984741211,5.0,0.0,0.0,0.0,0.0,0.0,0.0,0.0,0.0,30.07,45.04,328.8,90.7,93.1,90.7,60.0,59.9,74.7,0.0,274.0,273.0,274.0,74.66,3.476,74.74,619.0,1443119.0,42643.0,133387.0,0.999,0.979,0.748,0.921,34.29,34.67,34.52,34.46,34.7,33.82,29.8,11.2,11.33,11.27,11.25,11.33,11.05,9.73,53313.0,54119.0,53571.0,53406.0,54406.0,51768.0,47106.0,1.335,293.8,18.88,1.8,3.512,2.0,-1.0,13.41,0.017,0.234,3.0,2.0,0.0,0.0,46.06,46.07,46.83,46.73,47.32,46.09,47.22,46.57,46.45,54.14
2016-07-28 09:51:00-05:00,325.0487,331.35333,576048,38.0,0.0,325.4,30.12,317.0,275.6,274.3,272.4,92.6,93.5,93.6,316.3,264.3,60.14,74.58999633789062,1452814.0,318.1,83.5999984741211,5.0,0.0,0.0,0.0,0.0,0.0,0.0,0.0,0.0,30.12,43.97,319.9,89.4,92.0,89.5,60.0,59.9,74.7,0.0,273.7,272.5,274.0,73.6,3.335,73.68,619.0,1443120.0,42643.0,133387.0,0.999,0.979,0.748,0.921,34.72,35.17,34.97,35.03,35.43,34.32,30.29,11.01,11.15,11.08,11.1,11.23,10.88,9.6,53313.0,54120.0,53572.0,53406.0,54406.0,51768.0,47106.0,1.0,338.2,54.66,1.7,3.51,2.0,-1.0,13.41,0.017,0.234,3.0,2.0,0.0,0.0,45.0,45.0,45.86,45.93,46.65,45.57,46.26,46.08,45.96,54.17
2016-07-28 09:52:00-05:00,333.7214,340.54358,576049,38.03,0.0,334.3,30.35,314.9,276.1,273.9,272.1,95.6,96.6,96.6,313.7,273.2,60.14,77.11000061035156,1452815.0,314.5,85.69999694824219,5.0,0.0,0.0,0.0,0.0,0.0,0.0,0.0,0.0,30.27,43.22,325.7,92.3,94.9,92.4,60.0,59.9,74.7,0.0,273.2,272.1,274.0,75.98,3.684,76.07,619.0,1443121.0,42643.0,133387.0,0.999,0.979,0.748,0.921,36.09,36.54,36.27,36.39,36.81,35.67,31.4,11.36,11.5,11.42,11.46,11.59,11.23,9.89,53313.0,54120.0,53572.0,53406.0,54407.0,51768.0,47106.0,1.0,0.739,27.37,1.7,3.51,2.0,-1.0,13.41,0.018,0.234,3.0,2.0,0.0,0.0,44.43,44.17,44.81,44.93,45.6,44.57,45.49,44.98,44.97,54.2
2016-07-28 09:53:00-05:00,357.3635,364.19168,576050,38.03,0.0,357.7,30.39,309.4,275.6,274.1,272.2,101.9,102.8,102.8,308.0,294.3,60.15,82.30000305175781,1452817.0,309.6,90.5999984741211,5.0,0.0,0.0,0.0,0.0,0.0,0.0,0.0,0.0,30.31,42.67,352.4,98.6,101.3,98.7,60.0,59.9,74.7,0.0,273.0,272.0,274.0,81.1,4.501,81.2,619.0,1443123.0,42643.0,133387.0,0.998,0.979,0.748,0.921,39.23,39.85,39.52,39.6,40.07,38.83,34.21,12.13,12.33,12.22,12.25,12.39,12.01,10.58,53314.0,54120.0,53572.0,53406.0,54407.0,51769.0,47106.0,0.997,16.2,20.95,1.4,3.512,2.0,-1.0,13.41,0.018,0.234,3.0,2.0,0.0,0.0,43.83,43.69,44.31,44.35,44.74,44.38,44.95,44.16,44.2,54.14
2016-07-28 09:54:00-05:00,419.37933,424.93698,576051,38.03,0.0,418.8,30.09,298.2,275.7,274.1,272.2,116.9,117.7,117.8,298.0,346.2,60.15,94.80000305175781,1452818.0,299.0,103.0999984741211,5.0,0.0,0.0,0.0,0.0,0.0,0.0,0.0,0.0,30.08,42.31,410.9,113.3,116.3,113.7,60.0,59.9,74.7,0.0,273.0,272.0,274.0,93.2,6.435,93.4,619.0,1443124.0,42643.0,133387.0,0.998,0.979,0.748,0.921,46.8,47.36,47.03,47.09,47.54,46.41,40.73,13.96,14.12,14.02,14.04,14.18,13.84,12.14,53314.0,54120.0,53572.0,53407.0,54407.0,51769.0,47106.0,0.77,355.9,40.0,1.1,3.51,2.0,-1.0,13.41,0.018,0.235,3.0,2.0,0.0,0.0,43.6,43.47,44.08,44.06,44.11,44.41,44.58,43.75,44.01,54.14
2016-07-28 09:55:00-05:00,475.81143,480.4147,576052,38.03,0.0,474.6,30.39,302.9,275.7,274.1,272.2,133.3,134.0,134.2,301.3,388.0,60.16,108.4000015258789,1452820.0,305.4,116.9000015258789,5.0,0.0,0.0,0.0,0.0,0.0,0.0,0.0,0.0,30.36,42.54,461.7,129.9,133.0,130.4,60.0,59.9,74.7,0.0,272.9,271.9,273.9,106.7,8.55,107.0,619.0,1443126.0,42643.0,133387.0,0.997,0.979,0.748,0.921,52.95,53.38,53.17,53.12,53.32,52.71,45.74,16.03,16.16,16.1,16.08,16.15,15.96,13.85,53314.0,54121.0,53572.0,53407.0,54407.0,51769.0,47107.0,0.617,298.0,38.18,1.1,3.51,2.0,-1.0,13.41,0.018,0.236,3.0,2.0,0.0,0.0,43.82,43.36,44.19,44.08,44.39,44.38,44.43,43.95,43.91,54.12
2016-07-28 09:56:00-05:00,506.46295,509.33035,576053,38.03,0.0,503.4,30.55,304.4,275.9,274.6,272.7,142.4,142.9,143.1,303.5,411.9,60.14,116.0999984741211,1452822.0,306.2,125.0,5.0,0.0,0.0,0.0,0.0,0.0,0.0,0.0,0.0,30.72,43.58,487.6,139.0,142.0,139.4,60.0,59.9,74.7,0.0,273.2,272.4,274.0,114.2,9.69,114.6,619.0,1443128.0,42643.0,133388.0,0.996,0.979,0.748,0.921,56.3,56.77,56.5,56.57,56.95,55.89,48.86,17.14,17.28,17.2,17.22,17.34,17.01,14.87,53314.0,54121.0,53573.0,53407.0,54408.0,51769.0,47107.0,0.265,293.1,82.0,0.8,3.51,2.0,-1.0,13.41,0.018,0.236,3.0,2.0,0.0,0.0,44.68,43.9,44.43,44.43,44.79,44.92,44.73,44.71,44.59,54.04
2016-07-28 09:57:00-05:00,695.95593,702.8859,576054,38.03,0.0,702.4,30.73,328.0,275.9,274.5,272.5,135.2,135.3,135.5,325.3,393.9,60.14,110.5999984741211,1452824.0,326.3,118.80000305175781,4.767000198364258,0.0,0.0,0.0,0.0,0.0,0.0,0.0,0.0,31.04,44.5,688.7,134.8,136.4,135.1,60.0,59.9,74.7,0.0,273.0,272.1,274.0,107.3,8.6,109.8,619.0,1443130.0,42643.0,133388.0,0.789,0.979,0.748,0.921,52.41,54.73,53.28,53.14,55.91,51.9,45.35,15.75,16.45,16.13,16.09,16.89,15.65,13.76,53315.0,54121.0,53573.0,53407.0,54408.0,51769.0,47107.0,0.652,290.8,13.96,1.3,3.51,2.0,-1.0,13.41,0.018,0.238,3.0,2.0,0.0,0.0,45.72,44.03,44.82,44.72,45.14,44.88,45.26,44.93,45.05,54.04
2016-07-28 09:58:00-05:00,844.46136,856.87866,576055,38.03,0.0,841.0,31.17,381.2,275.8,274.1,272.2,120.8,120.8,120.8,380.3,289.9,60.14,98.0,1452825.0,381.9,109.0,4.882999897003174,0.0,0.0,0.0,0.0,0.0,0.0,0.0,0.0,32.23,47.13,787.8,119.6,121.8,119.1,60.0,59.9,74.7,0.0,273.0,272.0,274.0,96.6,6.928,97.9,619.0,1443131.0,42643.0,133388.0,0.876,0.979,0.748,0.921,40.58,39.49,39.84,38.97,38.07,39.06,33.24,15.31,14.9,15.04,14.7,14.37,14.73,12.54,53315.0,54121.0,53573.0,53407.0,54408.0,51770.0,47107.0,0.483,262.7,44.35,0.8,3.51,2.0,-1.0,13.41,0.018,0.242,3.0,2.0,0.0,0.0,48.4,46.03,47.24,46.83,47.23,47.62,47.2,47.32,47.07,54.04
2016-07-28 09:59:00-05:00,876.7761,884.5615,576056,38.06,0.0,887.0,30.99,359.7,276.0,274.5,272.3,196.8,196.9,197.0,358.6,495.4,60.14,161.1999969482422,1452828.0,360.8,176.6999969482422,5.0,0.0,0.0,0.0,0.0,0.0,0.0,0.0,0.0,31.29,47.82,884.0,197.1,197.8,197.5,60.0,59.9,74.7,0.0,272.8,271.8,273.5,160.2,17.04,161.1,619.0,1443134.0,42643.0,133388.0,0.995,0.979,0.748,0.921,67.2,68.84,68.37,69.64,71.34,65.45,60.37,24.03,24.61,24.46,24.91,25.52,23.4,21.59,53315.0,54122.0,53573.0,53408.0,54408.0,51770.0,47108.0,0.97,293.8,34.75,1.8,3.51,2.0,-1.0,13.41,0.018,0.241,3.0,2.0,0.0,0.0,49.21,47.3,48.41,48.1,48.54,48.86,48.35,48.44,48.35,53.99
2016-07-28 10:00:00-05:00,1129.8292,1148.7252,576057,38.1,0.0,1130.0,31.37,339.6,277.5,275.5,273.1,268.9,270.2,270.0,338.6,718.8,60.12,222.89999389648438,1452832.0,340.5,243.39999389648438,5.0,0.0,0.0,0.0,0.0,0.0,0.0,0.0,0.0,31.85,50.54,1094.0,273.7,271.9,275.4,60.0,59.9,74.7,0.0,273.0,272.0,274.0,222.3,26.85,223.9,619.0,1443138.0,42643.0,133389.0,0.993,0.979,0.748,0.921,101.4,101.9,99.8,98.6,99.7,99.5,85.0,34.42,34.59,33.9,33.47,33.86,33.79,28.88,53316.0,54122.0,53574.0,53408.0,54409.0,51771.0,47108.0,1.0,275.9,24.31,1.5,3.51,2.0,-1.0,13.41,0.019,0.247,3.0,2.0,0.0,0.0,52.28,49.34,50.89,50.08,50.58,50.77,50.66,50.66,50.78,53.95
2016-07-28 10:01:00-05:00,782.68304,784.7016,576058,38.15,0.0,775.3,31.43,332.6,276.7,274.9,272.7,199.3,199.1,199.3,331.7,537.6,60.13,163.39999389648438,1452834.0,332.4,178.3000030517578,5.0,0.0,0.0,0.0,0.0,0.0,0.0,0.0,0.0,31.84,52.21,761.0,198.4,199.4,198.6,60.0,59.9,74.7,0.0,273.3,272.3,273.6,161.5,17.27,162.5,619.0,1443141.0,42643.0,133389.0,0.995,0.979,0.748,0.921,74.4,74.7,73.57,72.78,72.31,72.83,63.11,24.73,24.84,24.47,24.21,24.05,24.22,20.99,53316.0,54123.0,53574.0,53409.0,54409.0,51771.0,47108.0,,0.0,0.0,,,2.0,-1.0,13.41,0.018,0.242,3.0,2.0,0.0,0.0,53.69,51.12,52.3,51.67,52.48,52.0,51.93,52.21,52.54,53.94
2016-07-28 10:02:00-05:00,691.3225,691.00586,576059,38.22,0.0,687.2,31.73,325.9,277.6,275.9,273.7,181.3,180.7,181.0,325.5,497.1,60.14,148.8000030517578,1452837.0,326.9,161.6999969482422,5.0,0.0,0.0,0.0,0.0,0.0,0.0,0.0,0.0,32.62,52.78,662.5,178.6,180.4,178.4,60.0,59.9,74.7,0.0,274.2,273.4,275.0,146.3,14.76,147.1,619.0,1443143.0,42643.0,133389.0,0.995,0.979,0.748,0.921,68.81,68.76,67.86,66.96,67.83,67.87,56.94,22.41,22.4,22.11,21.82,22.11,22.11,18.55,53316.0,54123.0,53575.0,53409.0,54410.0,51771.0,47109.0,0.94,249.1,12.33,1.4,3.512,2.0,-1.0,13.41,0.018,0.24,3.0,2.0,0.0,0.0,54.24,51.52,52.29,52.01,52.74,52.12,51.75,52.67,52.81,53.92
2016-07-28 10:03:00-05:00,601.5065,599.66376,576060,38.31,0.0,599.6,31.54,322.8,277.6,276.0,273.9,161.4,161.1,161.4,322.1,447.4,60.15,132.3000030517578,1452839.0,323.8,144.10000610351562,5.0,0.0,0.0,0.0,0.0,0.0,0.0,0.0,0.0,32.53,53.09,577.8,158.2,160.6,158.1,60.0,59.9,74.7,0.0,274.9,274.0,275.1,130.1,12.15,130.6,619.0,1443145.0,42643.0,133389.0,0.996,0.979,0.748,0.921,60.17,61.01,60.89,61.0,61.3,60.04,52.83,19.42,19.69,19.65,19.68,19.78,19.37,17.05,53317.0,54123.0,53575.0,53409.0,54410.0,51772.0,47109.0,0.537,264.1,51.61,0.8,3.505,2.0,-1.0,13.41,0.019,0.238,3.0,2.0,0.0,0.0,54.25,51.65,52.41,52.26,52.91,52.88,51.67,53.15,52.79,54.0
2016-07-28 10:04:00-05:00,560.0437,557.6352,576061,38.38,0.0,556.4,31.19,319.3,277.6,276.0,273.9,152.0,152.1,152.4,318.4,426.5,60.14,124.5999984741211,1452841.0,320.3,135.8000030517578,5.0,0.0,0.0,0.0,0.0,0.0,0.0,0.0,0.0,32.16,52.96,547.0,148.8,151.4,148.8,60.0,59.9,74.7,0.0,274.9,274.0,275.2,122.5,10.92,123.0,619.0,1443147.0,42643.0,133389.0,0.996,0.979,0.748,0.921,57.65,58.42,57.73,57.68,58.3,56.89,49.85,18.4,18.65,18.43,18.41,18.61,18.16,15.91,53317.0,54123.0,53575.0,53410.0,54410.0,51772.0,47109.0,0.943,221.4,8.88,1.1,3.51,2.0,-1.0,13.41,0.019,0.237,3.0,2.0,0.0,0.0,53.97,51.59,52.19,52.14,52.8,53.14,51.42,52.98,52.66,54.04
2016-07-28 10:05:00-05:00,570.2609,569.06696,576062,38.46,0.0,569.6,31.39,315.2,277.6,276.0,274.0,157.2,157.1,157.4,314.2,445.5,60.15,128.89999389648438,1452843.0,315.6,139.89999389648438,5.0,0.0,0.0,0.0,0.0,0.0,0.0,0.0,0.0,32.42,52.74,552.6,154.0,156.6,154.1,60.0,59.9,74.7,0.0,275.0,274.0,275.3,126.8,11.55,127.3,619.0,1443149.0,42643.0,133390.0,0.996,0.979,0.748,0.921,59.4,60.6,60.65,61.03,61.4,59.65,53.31,18.72,19.1,19.11,19.23,19.36,18.8,16.8,53317.0,54124.0,53575.0,53410.0,54410.0,51772.0,47109.0,,0.0,0.0,,,2.0,-1.0,13.41,0.019,0.237,3.0,2.0,0.0,0.0,53.87,51.44,51.77,51.93,52.54,53.03,50.91,52.8,52.28,54.12
2016-07-28 10:06:00-05:00,561.46936,561.78204,576063,38.53,0.0,564.7,31.27,309.7,277.0,275.5,273.4,155.3,155.3,155.6,308.5,446.9,60.14,127.0,1452845.0,310.1,137.8000030517578,5.0,0.0,0.0,0.0,0.0,0.0,0.0,0.0,0.0,32.6,53.0,543.6,152.0,154.7,152.2,60.0,59.9,74.7,0.0,274.1,273.1,275.0,124.9,11.3,125.4,619.0,1443151.0,42643.0,133390.0,0.996,0.979,0.748,0.921,60.23,60.65,60.91,60.89,60.94,59.97,52.99,18.65,18.78,18.86,18.85,18.87,18.57,16.4,53317.0,54124.0,53576.0,53410.0,54411.0,51772.0,47110.0,0.628,203.1,14.3,1.3,3.51,2.0,-1.0,13.41,0.019,0.238,3.0,2.0,0.0,0.0,53.93,51.26,51.54,51.8,52.47,52.55,50.65,52.39,52.05,54.17
2016-07-28 10:07:00-05:00,478.78156,478.73352,576064,38.6,0.0,480.7,30.86,316.4,277.0,275.0,273.1,132.2,132.5,132.8,315.6,374.6,60.14,107.69999694824219,1452847.0,315.7,118.19999694824219,5.0,0.0,0.0,0.0,0.0,0.0,0.0,0.0,0.0,32.1,52.55,466.2,128.7,131.4,128.9,60.0,59.9,74.7,0.0,274.0,273.0,275.0,105.9,8.29,106.3,619.0,1443153.0,42643.0,133390.0,0.997,0.979,0.748,0.921,50.19,50.56,50.55,50.38,50.63,49.7,43.63,15.88,15.99,15.99,15.94,16.02,15.72,13.8,53318.0,54124.0,53576.0,53410.0,54411.0,51772.0,47110.0,,0.0,0.0,,,2.0,-1.0,13.41,0.019,0.237,3.0,2.0,0.0,0.0,53.66,50.86,50.85,51.41,51.83,52.34,49.97,52.29,51.69,54.21
2016-07-28 10:08:00-05:00,469.6336,473.01767,576065,38.66,0.0,475.5,30.61,309.6,276.5,275.1,273.2,131.2,131.5,131.8,308.4,378.4,60.15,106.9000015258789,1452849.0,311.0,116.69999694824219,5.0,0.0,0.0,0.0,0.0,0.0,0.0,0.0,0.0,31.59,51.92,462.1,127.7,130.6,128.0,60.0,59.9,74.7,0.0,274.0,273.0,275.0,105.2,8.18,105.5,619.0,1443155.0,42643.0,133390.0,0.997,0.979,0.748,0.921,50.85,51.55,51.11,51.2,51.73,50.54,44.33,15.74,15.96,15.82,15.85,16.01,15.64,13.72,53318.0,54124.0,53576.0,53410.0,54411.0,51773.0,47110.0,1.123,244.2,6.006,1.6,3.51,2.0,-1.0,13.4,0.016,0.236,3.0,2.0,0.0,0.0,53.13,50.39,50.34,50.83,51.43,51.37,49.48,51.49,51.14,54.26
2016-07-28 10:09:00-05:00,584.3986,595.06866,576066,38.71,0.0,607.5,30.63,297.9,276.8,275.5,273.4,163.5,163.5,163.8,296.9,485.7,60.14,133.89999389648438,1452851.0,298.6,144.10000610351562,5.0,0.0,0.0,0.0,0.0,0.0,0.0,0.0,0.0,31.42,51.58,585.6,161.4,163.5,161.6,60.0,59.9,74.7,0.0,274.0,273.0,275.0,132.4,12.53,133.0,619.0,1443157.0,42643.0,133390.0,0.996,0.979,0.748,0.921,64.52,67.25,67.65,68.56,69.9,65.71,59.93,19.2,20.01,20.13,20.4,20.8,19.55,17.83,53318.0,54125.0,53576.0,53411.0,54411.0,51773.0,47110.0,0.968,254.1,8.92,1.7,3.51,2.0,-1.0,13.39,-0.069,0.238,3.0,2.0,0.0,0.001,52.84,49.93,49.89,50.43,51.08,51.18,48.99,51.05,50.64,54.31
2016-07-28 10:10:00-05:00,1095.376,1129.6722,576067,38.74,0.0,1134.0,30.68,298.1,278.5,276.5,274.2,288.2,288.4,288.6,298.3,874.0,60.12,239.5,1452855.0,301.6,260.79998779296875,5.0,0.0,0.0,0.0,0.0,0.0,0.0,0.0,0.0,31.3,52.86,1099.0,294.7,290.5,296.3,60.0,59.9,74.7,0.0,274.0,273.0,275.0,239.4,29.35,241.2,619.0,1443161.0,42643.0,133391.0,0.993,0.979,0.748,0.921,122.1,123.8,122.2,121.9,123.8,121.6,104.7,36.4,36.9,36.41,36.33,36.9,36.25,31.19,53319.0,54125.0,53577.0,53411.0,54412.0,51774.0,47111.0,,0.0,0.0,,,2.0,-1.0,13.39,0.002,0.246,3.0,2.0,0.0,0.001,54.33,50.43,51.12,51.21,51.81,51.86,50.38,52.17,51.6,54.31
2016-07-28 10:11:00-05:00,1128.6414,1163.295,576068,38.79,0.0,1160.0,30.95,301.1,278.6,276.8,274.4,293.0,293.3,293.3,301.0,882.0,60.14,243.60000610351562,1452859.0,303.6,265.3999938964844,5.0,0.0,0.0,0.0,0.0,0.0,0.0,0.0,0.0,31.53,54.53,1131.0,299.6,295.7,301.4,60.0,59.9,74.7,0.0,274.0,273.0,275.0,243.5,29.95,245.4,619.0,1443165.0,42643.0,133391.0,0.993,0.979,0.748,0.921,123.6,124.9,123.6,122.4,123.4,122.5,106.1,37.19,37.61,37.21,36.84,37.16,36.86,31.93,53320.0,54126.0,53578.0,53412.0,54413.0,51774.0,47111.0,,0.0,0.0,,,2.0,-1.0,13.39,0.011,0.247,3.0,2.0,0.0,0.001,56.01,51.53,52.88,52.51,53.33,52.16,52.25,53.29,53.57,54.33
2016-07-28 10:12:00-05:00,950.4348,973.8863,576069,38.85,0.0,961.0,31.03,304.5,278.2,276.4,274.1,244.9,245.0,245.0,303.3,728.4,60.15,202.8000030517578,1452862.0,306.7,220.3000030517578,5.0,0.0,0.0,0.0,0.0,0.0,0.0,0.0,0.0,31.46,55.68,902.0,247.0,245.7,247.9,60.0,59.9,74.7,0.0,274.0,273.1,275.0,201.3,23.45,202.7,619.0,1443168.0,42643.0,133392.0,0.994,0.979,0.748,0.921,100.3,100.1,101.1,99.8,98.2,101.5,86.1,30.47,30.38,30.71,30.29,29.81,30.82,26.13,53320.0,54127.0,53578.0,53413.0,54413.0,51775.0,47112.0,,0.0,0.0,,,2.0,-1.0,13.39,0.013,0.246,3.0,2.0,0.0,0.001,57.48,52.91,54.59,54.12,54.88,53.43,53.92,54.81,55.11,54.41
2016-07-28 10:13:00-05:00,580.12164,583.30066,576070,38.93,0.0,579.3,31.04,307.0,277.4,275.7,273.7,155.9,155.8,156.1,306.0,453.4,60.14,127.5999984741211,1452864.0,307.3,138.5,5.0,0.0,0.0,0.0,0.0,0.0,0.0,0.0,0.0,31.23,54.88,562.1,152.5,154.9,152.6,60.0,59.9,74.7,0.0,274.0,273.4,275.0,125.4,11.41,125.9,619.0,1443171.0,42643.0,133392.0,0.996,0.979,0.748,0.921,62.59,62.21,61.52,60.94,60.71,61.57,52.05,19.19,19.07,18.86,18.69,18.62,18.88,15.96,53320.0,54127.0,53579.0,53413.0,54414.0,51775.0,47112.0,1.213,347.7,21.45,1.9,3.51,2.0,-1.0,13.39,0.014,0.239,3.0,2.0,0.0,0.001,56.74,53.13,54.26,53.99,54.89,52.66,53.76,54.73,54.58,54.53
2016-07-28 10:14:00-05:00,476.16782,475.5954,576071,39.02,0.0,474.1,31.04,312.2,276.7,275.2,273.3,129.0,129.2,129.6,311.3,370.1,60.15,105.0,1452866.0,313.4,115.19999694824219,5.0,0.0,0.0,0.0,0.0,0.0,0.0,0.0,0.0,31.24,53.22,458.4,125.5,128.2,125.7,60.0,59.9,74.7,0.0,274.0,273.0,275.0,103.3,7.895,103.7,619.0,1443172.0,42643.0,133392.0,0.997,0.979,0.748,0.921,49.63,49.97,49.96,49.84,49.84,49.26,43.07,15.5,15.6,15.6,15.56,15.56,15.38,13.45,53321.0,54127.0,53579.0,53413.0,54414.0,51775.0,47112.0,0.795,325.4,35.69,1.3,3.509,2.0,-1.0,13.39,0.015,0.237,3.0,2.0,0.0,0.001,55.25,52.26,52.84,52.48,53.66,51.16,52.57,52.48,53.05,54.61
2016-07-28 10:15:00-05:00,466.06946,466.18097,576072,39.1,0.0,466.4,31.17,308.8,276.6,275.3,273.2,128.0,128.5,128.8,307.5,370.5,60.13,104.30000305175781,1452868.0,309.2,113.9000015258789,5.0,0.0,0.0,0.0,0.0,0.0,0.0,0.0,0.0,31.45,52.1,453.3,124.6,127.3,124.8,60.0,59.9,74.7,0.0,274.0,273.0,275.0,102.6,7.772,102.9,619.0,1443174.0,42643.0,133392.0,0.997,0.979,0.748,0.921,49.62,50.23,50.02,50.07,50.42,49.34,43.35,15.32,15.51,15.45,15.46,15.57,15.24,13.39,53321.0,54127.0,53579.0,53413.0,54414.0,51776.0,47112.0,0.96,231.4,22.86,1.6,3.512,2.0,-1.0,13.39,0.016,0.237,3.0,2.0,0.0,0.0,53.88,51.6,51.66,51.36,52.8,50.11,51.4,51.62,52.35,54.67
2016-07-28 10:16:00-05:00,471.41565,472.3452,576073,39.19,0.0,473.7,31.09,308.5,277.3,275.8,273.8,130.2,130.6,130.9,307.3,377.7,60.14,106.4000015258789,1452869.0,309.2,116.0999984741211,5.0,0.0,0.0,0.0,0.0,0.0,0.0,0.0,0.0,31.29,51.51,461.0,126.7,129.5,127.0,60.0,59.9,74.7,0.0,274.7,273.9,275.6,104.7,8.05,105.0,619.0,1443176.0,42643.0,133392.0,0.997,0.979,0.748,0.921,50.7,51.28,51.08,51.23,51.6,50.28,44.28,15.64,15.82,15.76,15.8,15.91,15.51,13.66,53321.0,54128.0,53579.0,53414.0,54414.0,51776.0,47113.0,0.922,271.5,25.04,1.7,3.512,2.0,-1.0,13.39,0.016,0.238,3.0,2.0,0.0,0.0,52.78,50.67,51.0,51.18,52.25,50.28,50.52,51.65,51.82,54.76
2016-07-28 10:17:00-05:00,484.0089,486.91507,576074,39.24,0.0,489.4,31.02,305.8,276.8,275.9,273.8,134.6,134.9,135.3,304.5,392.9,60.14,110.0,1452871.0,306.6,119.5999984741211,5.0,0.0,0.0,0.0,0.0,0.0,0.0,0.0,0.0,31.31,50.74,449.7,131.1,134.0,131.4,60.0,59.9,74.7,0.0,274.1,273.9,275.0,108.2,8.61,108.6,619.0,1443178.0,42643.0,133392.0,0.98,0.979,0.748,0.921,52.71,53.54,53.26,53.27,53.75,52.5,46.18,16.12,16.37,16.29,16.29,16.43,16.05,14.12,53321.0,54128.0,53580.0,53414.0,54415.0,51776.0,47113.0,1.508,294.2,14.22,2.4,3.512,2.0,-1.0,13.39,0.016,0.238,3.0,2.0,0.0,0.0,51.67,49.81,50.25,50.22,51.29,48.6,49.87,50.51,50.9,54.81
2016-07-28 10:18:00-05:00,487.81064,494.31216,576075,39.3,0.0,497.6,30.97,309.6,277.2,275.6,273.6,137.4,137.8,138.1,309.2,396.8,60.13,112.4000015258789,1452873.0,309.7,122.69999694824219,5.0,0.0,0.0,0.0,0.0,0.0,0.0,0.0,0.0,31.07,49.57,484.3,134.1,136.8,134.3,60.0,59.9,74.7,0.0,274.1,273.8,275.1,110.5,8.95,110.9,619.0,1443179.0,42643.0,133393.0,0.997,0.979,0.748,0.921,53.22,54.24,53.76,53.79,54.43,52.98,46.62,16.48,16.79,16.64,16.65,16.85,16.4,14.43,53322.0,54128.0,53580.0,53414.0,54415.0,51776.0,47113.0,1.337,284.5,15.69,2.0,3.509,2.0,-1.0,13.39,0.016,0.238,3.0,2.0,0.0,0.0,50.77,48.39,49.27,49.13,50.43,47.44,49.21,49.13,49.99,54.83
2016-07-28 10:19:00-05:00,510.73993,521.65875,576076,39.35,0.0,526.0,31.3,301.0,277.3,275.7,273.7,144.2,144.7,144.9,299.8,426.5,60.18,118.0999984741211,1452875.0,302.2,127.80000305175781,5.0,0.0,0.0,0.0,0.0,0.0,0.0,0.0,0.0,31.52,49.47,503.8,141.0,143.9,141.3,60.0,59.9,74.7,0.0,274.1,273.8,275.0,116.2,9.89,116.6,619.0,1443181.0,42643.0,133393.0,0.996,0.979,0.748,0.921,56.86,57.64,58.28,58.73,58.84,57.17,50.97,17.11,17.34,17.53,17.66,17.7,17.2,15.33,53322.0,54128.0,53580.0,53414.0,54415.0,51777.0,47113.0,1.073,250.8,20.64,1.6,3.51,2.0,-1.0,13.39,0.017,0.239,3.0,2.0,0.0,0.0,50.52,48.04,49.21,49.07,50.26,47.86,48.69,49.37,49.78,54.8
2016-07-28 10:20:00-05:00,439.6949,450.8266,576077,39.39,0.0,455.4,31.12,315.2,276.9,275.6,273.6,126.5,126.8,127.2,314.4,361.0,60.14,103.0999984741211,1452877.0,316.0,113.5,5.0,0.0,0.0,0.0,0.0,0.0,0.0,0.0,0.0,31.51,49.24,442.3,123.1,125.8,123.3,60.0,59.9,74.7,0.0,274.0,273.7,275.0,101.5,7.59,101.8,619.0,1443183.0,42643.0,133393.0,0.997,0.979,0.748,0.921,47.98,48.56,48.4,48.52,48.9,47.6,41.99,15.11,15.3,15.25,15.28,15.41,14.99,13.23,53322.0,54128.0,53580.0,53415.0,54415.0,51777.0,47114.0,,0.0,0.0,,,2.0,-1.0,13.39,0.016,0.238,3.0,2.0,0.0,0.0,50.24,48.37,48.97,49.07,50.3,48.6,48.33,49.67,49.61,54.81
2016-07-28 10:21:00-05:00,410.11264,423.47998,576078,39.44,0.0,429.7,30.64,319.4,276.7,275.3,273.4,119.7,120.1,120.3,318.5,338.3,60.15,97.30000305175781,1452878.0,320.1,107.69999694824219,5.0,0.0,0.0,0.0,0.0,0.0,0.0,0.0,0.0,31.13,48.4,418.8,116.3,118.9,116.3,60.0,59.9,74.7,0.0,274.0,273.4,275.0,95.9,6.756,96.1,619.0,1443185.0,42643.0,133393.0,0.998,0.979,0.748,0.921,44.73,45.4,45.12,45.23,45.73,44.3,39.17,14.29,14.5,14.41,14.44,14.6,14.15,12.51,53322.0,54129.0,53581.0,53415.0,54415.0,51777.0,47114.0,1.163,236.9,17.81,1.6,3.51,2.0,-1.0,13.39,0.017,0.237,3.0,2.0,0.0,0.0,49.58,48.36,48.64,48.85,49.69,49.79,47.86,49.67,49.34,54.9
2016-07-28 10:22:00-05:00,385.2825,401.06476,576079,39.44,0.0,408.2,30.63,319.9,277.0,275.3,273.4,114.0,114.5,114.7,318.9,322.4,60.15,92.69999694824219,1452880.0,320.7,102.80000305175781,5.0,0.0,0.0,0.0,0.0,0.0,0.0,0.0,0.0,31.52,48.06,398.8,110.6,113.3,110.6,60.0,59.9,74.7,0.0,274.0,273.7,275.0,91.3,6.062,91.5,619.0,1443186.0,42643.0,133393.0,0.998,0.979,0.748,0.921,42.33,43.19,42.9,42.9,43.42,42.07,37.32,13.54,13.81,13.72,13.72,13.89,13.46,11.94,53322.0,54129.0,53581.0,53415.0,54416.0,51777.0,47114.0,1.465,227.8,14.32,2.0,3.51,2.0,-1.0,13.39,0.017,0.236,3.0,2.0,0.0,0.0,49.11,47.89,48.25,48.59,49.42,49.49,47.61,49.39,48.87,54.98
2016-07-28 10:23:00-05:00,361.99686,379.77026,576080,39.44,0.0,387.1,30.77,320.5,276.5,275.1,273.3,108.5,109.1,109.2,319.6,306.7,60.14,88.0,1452881.0,321.5,98.0,5.0,0.0,0.0,0.0,0.0,0.0,0.0,0.0,0.0,31.31,47.39,377.9,105.1,107.8,105.1,60.0,59.9,74.7,0.0,274.0,273.0,275.0,86.7,5.356,86.8,619.0,1443188.0,42643.0,133393.0,0.998,0.979,0.748,0.921,40.2,40.93,40.68,40.65,41.17,39.88,35.41,12.88,13.12,13.04,13.03,13.19,12.78,11.35,53323.0,54129.0,53581.0,53415.0,54416.0,51778.0,47114.0,,0.0,0.0,,,2.0,-1.0,13.39,0.017,0.236,3.0,2.0,0.0,0.0,48.49,47.23,47.41,47.99,48.59,49.02,46.9,48.72,48.12,55.0
2016-07-28 10:24:00-05:00,338.94882,358.3637,576081,39.44,0.0,366.0,30.9,319.8,276.7,275.4,273.4,102.8,103.5,103.6,318.7,292.3,60.15,83.30000305175781,1452883.0,319.5,93.0999984741211,5.0,0.0,0.0,0.0,0.0,0.0,0.0,0.0,0.0,31.37,46.85,358.8,99.5,102.0,99.5,60.0,59.9,74.7,0.0,274.0,274.0,275.0,82.1,4.612,82.2,619.0,1443189.0,42643.0,133393.0,0.998,0.979,0.748,0.921,38.31,38.81,38.68,38.79,39.32,37.85,33.66,12.25,12.41,12.37,12.4,12.57,12.1,10.76,53323.0,54129.0,53581.0,53416.0,54416.0,51778.0,47115.0,,0.0,0.0,,,2.0,-1.0,13.39,0.017,0.236,3.0,2.0,0.0,0.0,48.0,46.71,46.94,47.6,48.15,48.93,46.34,48.36,47.44,54.98
2016-07-28 10:25:00-05:00,324.33588,345.36285,576082,39.44,0.0,352.7,30.88,319.4,276.2,275.3,273.4,99.7,100.5,100.5,318.3,284.0,60.14,80.69999694824219,1452884.0,321.1,90.4000015258789,5.0,0.0,0.0,0.0,0.0,0.0,0.0,0.0,0.0,31.8,46.5,347.2,96.4,98.9,96.4,60.0,59.9,74.7,0.0,274.0,273.6,275.0,79.57,4.245,79.68,619.0,1443190.0,42643.0,133393.0,0.999,0.979,0.748,0.921,37.03,37.74,37.49,37.55,38.0,36.8,32.66,11.83,12.06,11.97,11.99,12.14,11.76,10.43,53323.0,54130.0,53581.0,53416.0,54416.0,51778.0,47115.0,,0.0,0.0,,,2.0,-1.0,13.39,0.017,0.236,3.0,2.0,0.0,0.0,47.43,46.37,46.39,46.87,47.42,48.51,45.63,47.82,47.03,54.98
2016-07-28 10:26:00-05:00,311.3862,332.81033,576083,39.44,0.0,340.2,31.09,320.5,276.8,275.3,273.3,96.5,97.3,97.4,319.6,275.1,60.14,78.12000274658203,1452886.0,322.1,87.9000015258789,5.0,0.0,0.0,0.0,0.0,0.0,0.0,0.0,0.0,32.19,46.32,336.2,93.3,95.8,93.3,60.0,59.9,74.7,0.0,274.1,273.7,275.0,77.07,3.863,77.17,619.0,1443192.0,42643.0,133393.0,0.999,0.979,0.748,0.921,35.71,36.39,36.13,36.27,36.75,35.42,31.51,11.45,11.67,11.58,11.63,11.78,11.35,10.1,53323.0,54130.0,53582.0,53416.0,54417.0,51778.0,47115.0,0.662,215.2,32.25,1.4,3.508,2.0,-1.0,13.39,0.017,0.236,3.0,2.0,0.0,0.0,47.06,45.98,45.85,46.53,47.12,48.21,44.8,47.48,46.71,54.9
2016-07-28 10:27:00-05:00,297.60492,318.46457,576084,39.43,0.0,327.5,30.99,322.2,276.7,275.8,273.8,92.8,93.6,93.7,321.0,265.0,60.17,75.08999633789062,1452887.0,324.1,85.0,5.0,0.0,0.0,0.0,0.0,0.0,0.0,0.0,0.0,31.95,45.71,323.1,89.7,92.1,89.6,60.0,59.9,74.7,0.0,275.0,274.0,275.8,74.16,3.393,74.24,619.0,1443193.0,42643.0,133393.0,0.999,0.979,0.748,0.921,34.12,34.8,34.63,34.72,35.13,33.88,30.22,10.99,11.21,11.16,11.19,11.32,10.91,9.74,53324.0,54130.0,53582.0,53416.0,54417.0,51778.0,47115.0,1.395,221.4,22.4,2.2,3.508,2.0,-1.0,13.39,0.017,0.235,3.0,2.0,0.0,0.0,46.48,45.49,45.42,46.08,46.65,47.76,44.45,47.12,46.13,54.9
2016-07-28 10:28:00-05:00,281.2099,300.75653,576085,39.4,0.0,310.2,30.79,322.5,276.9,275.5,273.6,88.3,89.1,89.2,321.7,253.9,60.22,71.27999877929688,1452888.0,323.4,81.69999694824219,5.0,0.0,0.0,0.0,0.0,0.0,0.0,0.0,0.0,31.36,44.94,307.0,85.1,87.5,85.0,60.0,59.9,74.7,0.0,274.9,274.0,275.8,70.35,2.877,70.41,619.0,1443194.0,42643.0,133393.0,0.999,0.979,0.748,0.921,32.41,33.07,32.77,32.85,33.39,32.15,28.61,10.45,10.66,10.57,10.59,10.77,10.37,9.23,53324.0,54130.0,53582.0,53416.0,54417.0,51779.0,47116.0,1.683,239.8,12.31,2.3,3.508,2.0,-1.0,13.39,0.017,0.235,3.0,2.0,0.0,0.0,45.75,44.92,44.87,45.57,45.98,47.27,44.15,46.37,45.48,54.85
2016-07-28 10:29:00-05:00,272.06195,290.44553,576086,39.36,0.0,300.9,30.69,320.5,277.1,275.6,273.6,85.8,86.7,86.8,319.7,248.7,60.22,69.2699966430664,1452889.0,321.4,79.5,5.0,0.0,0.0,0.0,0.0,0.0,0.0,0.0,0.0,31.23,44.26,298.3,82.7,85.1,82.6,60.0,59.9,74.7,0.0,274.8,274.0,275.8,68.4,2.544,68.44,619.0,1443195.0,42643.0,133394.0,0.999,0.979,0.748,0.921,31.7,32.3,32.16,32.21,32.63,31.45,28.07,10.16,10.35,10.31,10.33,10.46,10.08,9.0,53324.0,54131.0,53582.0,53417.0,54417.0,51779.0,47116.0,1.157,232.3,12.17,2.0,3.508,2.0,-1.0,13.39,0.017,0.235,3.0,2.0,0.0,0.0,45.23,44.49,44.27,45.13,45.41,47.25,43.7,46.08,44.95,54.8
2016-07-28 10:30:00-05:00,266.12173,283.4968,576087,39.33,0.0,294.9,30.63,321.4,277.3,275.6,273.6,84.3,85.2,85.3,320.3,244.2,60.21,68.0199966430664,1452890.0,322.4,78.22000122070312,5.0,0.0,0.0,0.0,0.0,0.0,0.0,0.0,0.0,31.06,43.58,292.0,81.2,83.6,81.1,60.0,59.9,74.7,0.0,275.0,274.0,275.9,67.19,2.352,67.23,619.0,1443196.0,42643.0,133394.0,0.999,0.979,0.748,0.921,31.03,31.65,31.46,31.5,31.88,30.84,27.5,9.97,10.17,10.11,10.12,10.24,9.91,8.84,53324.0,54131.0,53583.0,53417.0,54418.0,51779.0,47116.0,1.365,232.6,16.72,2.1,3.508,2.0,-1.0,13.39,0.017,0.235,3.0,2.0,0.0,0.0,44.51,44.09,43.9,44.64,45.1,46.99,43.3,45.75,44.48,54.7
2016-07-28 10:31:00-05:00,258.6371,274.5307,576088,39.27,0.0,286.7,30.46,323.2,277.1,275.7,273.7,82.0,82.9,83.0,322.3,237.1,60.21,66.12000274658203,1452891.0,324.6,76.41000366210938,5.0,0.0,0.0,0.0,0.0,0.0,0.0,0.0,0.0,30.8,42.93,283.8,78.91,81.3,78.82,60.0,59.9,74.7,0.0,275.0,274.0,276.0,65.31,2.1,65.35,619.0,1443197.0,42643.0,133394.0,0.999,0.979,0.748,0.921,29.97,30.58,30.45,30.49,30.83,29.76,26.64,9.69,9.88,9.84,9.85,9.97,9.62,8.61,53325.0,54131.0,53583.0,53417.0,54418.0,51779.0,47116.0,1.485,241.5,9.79,2.1,3.51,2.0,-1.0,13.39,0.017,0.235,3.0,2.0,0.0,0.0,43.95,43.5,43.45,44.1,44.44,46.32,42.85,45.13,44.1,54.67
2016-07-28 10:32:00-05:00,252.69685,267.0216,576089,39.23,0.0,279.0,30.26,323.5,276.8,275.6,273.7,80.2,81.1,81.2,323.4,231.9,60.2,64.58000183105469,1452892.0,324.0,75.01000213623047,5.0,0.0,0.0,0.0,0.0,0.0,0.0,0.0,0.0,30.61,42.22,277.5,77.13,79.52,77.03,60.0,59.9,74.7,0.0,274.9,274.0,275.9,63.81,1.899,63.84,619.0,1443198.0,42643.0,133394.0,1.0,0.979,0.748,0.921,29.32,29.97,29.68,29.69,30.19,29.13,25.96,9.48,9.69,9.6,9.6,9.77,9.42,8.4,53325.0,54131.0,53583.0,53417.0,54418.0,51780.0,47116.0,1.46,231.3,4.495,1.9,3.51,2.0,-1.0,13.39,0.017,0.234,3.0,2.0,0.0,0.0,43.22,42.95,42.93,43.58,43.68,45.67,42.34,44.39,43.63,54.59
2016-07-28 10:33:00-05:00,247.58827,260.29703,576090,39.17,0.0,272.8,30.26,323.4,276.6,275.5,273.6,78.65,79.53,79.56,321.9,227.6,60.15,63.20000076293945,1452894.0,325.8,73.23999786376953,5.0,0.0,0.0,0.0,0.0,0.0,0.0,0.0,0.0,30.83,42.07,271.8,75.53,77.88,75.42,60.0,59.9,74.7,0.0,274.6,274.0,275.6,62.47,1.68,62.49,619.0,1443199.0,42643.0,133394.0,1.0,0.979,0.748,0.921,28.69,29.36,29.08,29.1,29.55,28.49,25.45,9.28,9.49,9.41,9.41,9.56,9.21,8.23,53325.0,54132.0,53583.0,53418.0,54418.0,51780.0,47117.0,1.217,209.9,10.25,1.7,3.51,2.0,-1.0,13.39,0.018,0.234,3.0,2.0,0.0,0.0,42.93,42.6,42.42,43.21,43.28,45.47,41.93,44.19,43.22,54.49
2016-07-28 10:34:00-05:00,243.31133,254.6932,576091,39.11,0.0,268.0,30.32,323.0,276.9,275.3,273.4,77.4,78.34,78.36,322.2,224.4,60.17,62.16999816894531,1452895.0,323.9,72.30000305175781,5.0,0.0,0.0,0.0,0.0,0.0,0.0,0.0,0.0,30.81,41.77,267.2,74.31,76.65,74.21,60.0,59.9,74.7,0.0,274.5,274.0,275.2,61.45,1.502,61.47,619.0,1443200.0,42643.0,133394.0,1.0,0.979,0.748,0.921,28.33,28.82,28.55,28.71,29.18,28.01,24.97,9.15,9.31,9.22,9.27,9.42,9.05,8.06,53325.0,54132.0,53584.0,53418.0,54418.0,51780.0,47117.0,0.797,222.7,2.768,1.5,3.508,2.0,-1.0,13.39,0.018,0.234,3.0,2.0,0.0,0.0,42.47,42.23,42.08,42.84,42.98,45.2,41.53,43.88,42.78,54.38
2016-07-28 10:35:00-05:00,239.98479,250.54639,576092,39.06,0.0,264.6,30.54,323.2,276.6,275.4,273.4,76.58,77.57,77.56,322.4,222.0,60.19,61.4900016784668,1452896.0,324.7,71.58000183105469,5.0,0.0,0.0,0.0,0.0,0.0,0.0,0.0,0.0,30.93,41.4,263.8,73.48,75.87,73.38,60.0,59.9,74.7,0.0,274.4,274.0,275.1,60.78,1.447,60.8,619.0,1443201.0,42643.0,133394.0,1.0,0.979,0.748,0.921,28.02,28.55,28.26,28.35,28.79,27.74,24.72,9.05,9.22,9.13,9.16,9.3,8.96,7.987,53326.0,54132.0,53584.0,53418.0,54419.0,51780.0,47117.0,1.117,236.1,15.23,1.8,3.503,2.0,-1.0,13.39,0.018,0.234,3.0,2.0,0.0,0.0,42.18,41.89,41.88,42.53,42.82,44.87,41.2,43.61,42.46,54.29
2016-07-28 10:36:00-05:00,237.37111,247.29617,576093,38.99,0.0,262.2,30.43,323.9,276.3,275.3,273.3,75.98,76.93,76.92,321.9,220.2,60.18,60.939998626708984,1452897.0,323.7,70.87000274658203,5.0,0.0,0.0,0.0,0.0,0.0,0.0,0.0,0.0,30.72,40.91,261.1,72.9,75.25,72.8,60.0,59.9,74.7,0.0,274.1,274.0,275.0,60.26,1.357,60.27,619.0,1443202.0,42643.0,133394.0,1.0,0.979,0.748,0.921,27.69,28.23,28.01,28.09,28.47,27.4,24.5,8.97,9.14,9.07,9.1,9.22,8.87,7.934,53326.0,54132.0,53584.0,53418.0,54419.0,51781.0,47117.0,1.715,244.6,13.95,2.5,3.508,2.0,-1.0,13.39,0.018,0.234,3.0,2.0,0.0,0.0,41.69,41.52,41.63,42.2,42.48,44.47,41.05,43.06,42.06,54.18
2016-07-28 10:37:00-05:00,235.47023,245.27882,576094,38.92,0.0,260.6,30.35,324.0,276.0,275.1,273.2,75.62,76.6,76.58,322.5,218.8,60.16,60.619998931884766,1452898.0,325.4,70.54000091552734,5.0,0.0,0.0,0.0,0.0,0.0,0.0,0.0,0.0,30.54,40.46,259.3,72.54,74.92,72.46,60.0,59.9,74.7,0.0,274.0,273.4,275.0,59.95,1.316,59.96,619.0,1443203.0,42643.0,133394.0,1.0,0.979,0.748,0.921,27.51,28.1,27.89,27.9,28.31,27.29,24.4,8.92,9.11,9.04,9.04,9.17,8.84,7.905,53326.0,54132.0,53584.0,53419.0,54419.0,51781.0,47118.0,1.687,240.4,11.36,2.4,3.508,2.0,-1.0,13.39,0.018,0.234,3.0,2.0,0.0,0.0,41.25,41.11,41.31,41.93,42.15,44.09,40.8,42.61,41.61,54.08
2016-07-28 10:38:00-05:00,234.87619,244.60635,576095,38.85,0.0,259.7,30.31,323.9,276.7,275.2,273.3,75.53,76.5,76.5,323.5,218.6,60.19,60.59000015258789,1452899.0,325.3,70.72000122070312,5.0,0.0,0.0,0.0,0.0,0.0,0.0,0.0,0.0,30.47,40.12,258.6,72.42,74.81,72.33,60.0,59.9,74.7,0.0,274.5,273.8,275.2,59.88,1.31,59.9,619.0,1443204.0,42643.0,133394.0,1.0,0.979,0.748,0.921,27.52,28.02,27.81,27.92,28.29,27.21,24.32,8.91,9.07,9.01,9.04,9.16,8.81,7.877,53326.0,54133.0,53585.0,53419.0,54419.0,51781.0,47118.0,1.585,245.2,11.79,2.4,3.508,2.0,-1.0,13.39,0.018,0.234,3.0,2.0,0.0,0.0,40.86,40.94,41.01,41.66,41.85,43.89,40.53,42.46,41.38,53.95
2016-07-28 10:39:00-05:00,234.04457,243.82182,576096,38.78,0.0,259.1,30.2,324.1,276.3,275.0,273.1,75.4,76.39,76.4,323.0,218.2,60.2,60.45000076293945,1452900.0,326.3,70.48999786376953,5.0,0.0,0.0,0.0,0.0,0.0,0.0,0.0,0.0,30.46,39.97,257.9,72.38,74.75,72.26,60.0,59.9,74.7,0.0,274.0,273.4,275.0,59.8,1.336,59.81,619.0,1443205.0,42643.0,133394.0,1.0,0.979,0.748,0.921,27.49,28.0,27.82,27.87,28.22,27.21,24.31,8.91,9.07,9.02,9.03,9.15,8.82,7.877,53326.0,54133.0,53585.0,53419.0,54420.0,51781.0,47118.0,1.332,234.5,10.44,2.0,3.508,2.0,-1.0,13.39,0.018,0.234,3.0,2.0,0.0,0.0,40.73,40.68,40.76,41.45,41.66,43.68,40.29,42.2,41.06,53.86
2016-07-28 10:40:00-05:00,232.38132,242.36484,576097,38.71,0.0,257.7,30.06,325.1,276.4,275.0,273.1,75.03,76.12,76.08,324.2,216.8,60.13,60.18000030517578,1452901.0,327.0,70.29000091552734,5.0,0.0,0.0,0.0,0.0,0.0,0.0,0.0,0.0,30.39,39.81,256.4,72.09,74.44,71.99,60.0,59.9,74.7,0.0,274.0,273.4,275.0,59.55,1.258,59.57,619.0,1443206.0,42643.0,133394.0,1.0,0.979,0.748,0.921,27.36,27.79,27.58,27.71,28.03,27.04,24.1,8.9,9.04,8.96,9.01,9.11,8.79,7.835,53327.0,54133.0,53585.0,53419.0,54420.0,51782.0,47118.0,1.517,204.0,25.2,34.3,,2.0,-1.0,13.39,0.018,0.234,3.0,2.0,0.0,0.0,40.49,40.61,40.53,41.22,41.48,43.52,40.03,42.18,40.87,53.77
2016-07-28 10:41:00-05:00,229.64882,239.89915,576098,38.63,0.0,255.6,30.12,325.6,276.5,275.1,273.2,74.52,75.58,75.53,325.1,215.0,60.13,59.75,1452902.0,326.0,69.9000015258789,5.0,0.0,0.0,0.0,0.0,0.0,0.0,0.0,0.0,30.35,39.67,254.3,71.52,73.85,71.39,60.0,59.9,74.7,0.0,274.0,273.5,275.0,59.09,1.182,59.1,619.0,1443207.0,42643.0,133394.0,1.0,0.979,0.748,0.921,26.99,27.51,27.38,27.4,27.71,26.76,23.93,8.79,8.96,8.91,8.92,9.02,8.71,7.792,53327.0,54133.0,53585.0,53420.0,54420.0,51782.0,47119.0,0.855,235.3,21.03,1.4,3.508,2.0,-1.0,13.39,0.018,0.234,3.0,2.0,0.0,0.0,40.38,40.33,40.27,41.12,41.32,43.42,39.83,42.1,40.76,53.68
2016-07-28 10:42:00-05:00,226.91632,237.43347,576099,38.56,0.0,253.7,30.23,326.2,276.5,275.1,273.2,73.83,74.85,74.83,325.4,212.8,60.14,59.150001525878906,1452903.0,326.3,69.26000213623047,5.0,0.0,0.0,0.0,0.0,0.0,0.0,0.0,0.0,30.75,39.8,251.9,70.83,73.14,70.73,60.0,59.9,74.7,0.0,274.0,273.3,275.0,58.52,1.075,58.53,619.0,1443208.0,42643.0,133394.0,1.0,0.979,0.748,0.921,26.59,27.22,27.12,27.04,27.32,26.47,23.71,8.67,8.88,8.85,8.82,8.91,8.63,7.734,53327.0,54134.0,53585.0,53420.0,54420.0,51782.0,47119.0,0.895,236.3,17.64,1.6,3.509,2.0,-1.0,13.39,0.018,0.234,3.0,2.0,0.0,0.0,40.44,40.26,40.22,40.86,41.14,43.18,39.9,41.79,40.63,53.58
2016-07-28 10:43:00-05:00,224.54024,235.19194,576100,38.49,0.0,251.3,30.71,325.7,276.4,275.0,273.1,73.2,74.2,74.15,325.2,211.1,60.14,58.59000015258789,1452904.0,328.1,68.6500015258789,5.0,0.0,0.0,0.0,0.0,0.0,0.0,0.0,0.0,31.51,39.88,249.4,70.18,72.47,70.06,60.0,59.9,74.7,0.0,274.0,273.4,275.0,57.96,1.01,57.97,619.0,1443209.0,42643.0,133394.0,1.0,0.979,0.748,0.921,26.54,26.95,26.8,26.94,27.26,26.23,23.43,8.64,8.78,8.73,8.77,8.88,8.54,7.629,53327.0,54134.0,53586.0,53420.0,54421.0,51782.0,47119.0,0.437,176.3,33.88,0.8,3.508,2.0,-1.0,13.39,0.018,0.234,3.0,2.0,0.0,0.0,40.6,40.29,40.11,40.77,41.06,43.16,39.74,41.81,40.51,53.42
2016-07-28 10:44:00-05:00,221.3325,232.1659,576101,38.41,0.0,248.0,30.91,326.5,276.5,275.1,273.2,72.32,73.31,73.26,325.1,208.7,60.14,57.869998931884766,1452905.0,327.1,67.83000183105469,5.0,0.0,0.0,0.0,0.0,0.0,0.0,0.0,0.0,31.55,39.66,246.3,69.37,71.62,69.19,60.0,59.9,74.7,0.0,274.0,273.7,275.0,57.29,0.907,57.29,619.0,1443210.0,42643.0,133394.0,1.0,0.979,0.748,0.921,26.11,26.54,26.45,26.58,26.81,25.85,23.11,8.52,8.67,8.64,8.68,8.75,8.44,7.545,53328.0,54134.0,53586.0,53420.0,54421.0,51782.0,47119.0,0.242,111.1,62.73,0.5,3.509,2.0,-1.0,13.39,0.018,0.234,3.0,2.0,0.0,0.0,40.44,40.16,39.93,40.62,40.68,42.96,39.66,41.51,40.37,53.29
2016-07-28 10:45:00-05:00,216.46153,227.34662,576102,38.35,0.0,243.2,30.73,327.4,276.0,275.2,273.3,71.08,72.06,72.0,326.5,204.8,60.13,56.81999969482422,1452906.0,328.0,66.8499984741211,5.0,0.0,0.0,0.0,0.0,0.0,0.0,0.0,0.0,31.01,39.07,241.5,68.11,70.33,67.94,60.0,59.9,74.7,0.0,274.0,273.5,275.0,56.24,0.735,56.25,619.0,1443211.0,42643.0,133394.0,1.0,0.979,0.748,0.921,25.53,26.09,25.98,25.91,26.18,25.42,22.71,8.36,8.54,8.51,8.48,8.57,8.32,7.436,53328.0,54134.0,53586.0,53420.0,54421.0,51783.0,47120.0,0.413,230.5,47.11,1.1,3.51,2.0,-1.0,13.39,0.018,0.233,3.0,2.0,0.0,0.0,39.93,39.77,39.55,40.34,40.45,42.65,39.42,40.87,40.11,53.14
2016-07-28 10:46:00-05:00,209.80849,220.84619,576103,38.28,0.0,236.7,30.52,328.8,276.6,274.9,273.0,69.37,70.38,70.32,328.0,199.2,60.14,55.38999938964844,1452907.0,329.5,65.33000183105469,5.0,0.0,0.0,0.0,0.0,0.0,0.0,0.0,0.0,30.79,38.5,235.4,66.39,68.63,66.21,60.0,59.9,74.7,0.0,274.0,273.4,275.0,54.82,0.547,54.82,619.0,1443212.0,42643.0,133394.0,1.0,0.979,0.748,0.921,24.73,25.26,25.23,25.24,25.44,24.57,22.06,8.13,8.3,8.29,8.3,8.36,8.08,7.255,53328.0,54135.0,53586.0,53421.0,54421.0,51783.0,47120.0,0.885,248.7,26.26,1.7,3.51,2.0,-1.0,13.39,0.018,0.233,3.0,2.0,0.0,0.0,39.43,39.25,38.94,39.78,39.93,42.18,38.82,40.53,39.51,52.99
2016-07-28 10:47:00-05:00,202.79903,214.12161,576104,38.19,0.0,230.3,30.35,329.5,276.4,275.0,273.1,67.5,68.63,68.52,328.7,194.1,60.14,53.880001068115234,1452908.0,330.9,63.779998779296875,5.0,0.0,0.0,0.0,0.0,0.0,0.0,0.0,0.0,30.6,37.85,229.3,64.55,66.79,64.41,60.0,59.9,74.7,0.0,274.0,273.5,275.0,53.32,0.333,53.32,619.0,1443213.0,42643.0,133394.0,1.0,0.979,0.748,0.921,24.04,24.55,24.47,24.48,24.76,23.89,21.4,7.919,8.09,8.06,8.07,8.16,7.872,7.051,53328.0,54135.0,53587.0,53421.0,54422.0,51783.0,47120.0,0.79,237.2,22.87,1.4,3.507,2.0,-1.0,13.39,0.018,0.233,3.0,2.0,0.0,0.0,38.95,38.76,38.41,39.28,39.28,41.58,38.28,40.01,38.92,52.84
2016-07-28 10:48:00-05:00,196.5024,208.5178,576105,38.12,0.0,225.1,30.45,328.9,276.5,275.1,273.2,66.03,67.08,67.02,328.7,190.4,60.14,52.630001068115234,1452908.0,329.6,62.59000015258789,5.0,0.0,0.0,0.0,0.0,0.0,0.0,0.0,0.0,30.49,37.45,224.3,63.01,65.27,62.91,60.0,59.9,74.7,0.0,274.1,273.7,275.0,52.08,0.135,52.08,619.0,1443214.0,42643.0,133394.0,0.967,0.979,0.748,0.921,23.6,23.96,23.86,24.05,24.32,23.28,20.89,7.76,7.881,7.848,7.91,7.998,7.657,6.87,53329.0,54135.0,53587.0,53421.0,54422.0,51783.0,47120.0,1.155,252.7,13.1,1.8,3.508,2.0,-1.0,13.39,0.018,0.233,3.0,2.0,0.0,0.0,38.66,38.35,37.89,38.77,38.78,41.12,37.89,39.47,38.53,52.7
2016-07-28 10:49:00-05:00,191.51262,204.37099,576106,38.04,0.0,221.4,30.55,328.6,276.5,275.0,273.1,65.03,66.03,65.98,326.9,187.8,60.15,51.7599983215332,1452909.0,329.8,61.380001068115234,5.0,0.0,0.0,0.0,0.0,0.0,0.0,0.0,0.0,30.63,37.29,220.8,61.98,64.21,61.86,60.0,59.9,74.7,0.0,274.0,273.6,275.0,51.2,0.005,51.2,619.0,1443215.0,42643.0,133394.0,0.567,0.979,0.748,0.921,23.14,23.61,23.62,23.62,23.84,22.97,20.66,7.602,7.76,7.762,7.763,7.834,7.548,6.788,53329.0,54135.0,53587.0,53421.0,54422.0,51784.0,47120.0,0.817,264.6,29.17,1.7,3.508,2.0,-1.0,13.39,0.018,0.233,3.0,2.0,0.0,0.0,38.42,38.11,37.77,38.51,38.59,40.81,37.77,39.2,38.22,52.58
2016-07-28 10:50:00-05:00,187.94849,201.457,576107,37.96,0.0,219.0,30.5,329.0,276.4,274.9,273.0,64.35,65.43,65.36,327.6,185.9,60.2,51.22999954223633,1452910.0,329.8,60.88999938964844,5.0,0.0,0.0,0.0,0.0,0.0,0.0,0.0,0.0,30.56,36.87,218.3,61.33,63.58,61.18,60.0,59.9,74.7,0.0,274.0,273.5,275.0,50.65,-0.033,50.65,619.0,1443216.0,42643.0,133394.0,0.2,0.979,0.748,0.921,22.92,23.35,23.26,23.36,23.6,22.69,20.34,7.54,7.681,7.653,7.686,7.766,7.464,6.691,53329.0,54136.0,53587.0,53422.0,54422.0,51784.0,47120.0,1.278,235.9,14.4,1.9,3.513,2.0,-1.0,13.39,0.018,0.233,3.0,2.0,0.0,0.0,38.04,37.73,37.49,38.22,38.33,40.5,37.58,38.75,37.89,52.42
2016-07-28 10:51:00-05:00,184.85957,199.10341,576108,37.88,0.0,216.4,30.52,329.9,276.2,275.0,273.1,63.75,64.81,64.72,328.8,183.6,60.17,50.689998626708984,1452911.0,330.8,60.349998474121094,5.0,0.0,0.0,0.0,0.0,0.0,0.0,0.0,0.0,30.5,36.49,215.8,60.66,62.91,60.52,60.0,59.9,74.7,0.0,274.0,273.2,275.0,50.1,-0.12,50.1,619.0,1443216.0,42643.0,133394.0,-0.767,0.979,0.748,0.921,22.57,23.06,22.97,23.03,23.31,22.4,20.08,7.444,7.606,7.578,7.595,7.688,7.387,6.624,53329.0,54136.0,53588.0,53422.0,54422.0,51784.0,47120.0,1.448,232.4,18.95,33.6,,2.0,-1.0,13.39,0.018,0.232,3.0,2.0,0.0,0.0,37.64,37.41,37.11,37.86,38.06,39.96,37.27,38.33,37.42,52.3
2016-07-28 10:52:00-05:00,182.12708,196.41357,576109,37.8,0.0,213.8,30.39,330.5,276.4,274.9,273.0,62.93,63.93,63.88,330.0,180.9,60.13,50.0,1452912.0,331.6,59.709999084472656,5.0,0.0,0.0,0.0,0.0,0.0,0.0,0.0,0.0,30.4,36.1,213.1,59.85,62.05,59.68,60.0,59.9,74.7,0.0,274.0,273.3,275.0,49.41,-0.236,49.41,619.0,1443217.0,42643.0,133394.0,-0.967,0.979,0.748,0.921,22.28,22.72,22.54,22.7,23.05,22.06,19.7,7.363,7.509,7.45,7.501,7.618,7.29,6.51,53330.0,54136.0,53588.0,53422.0,54423.0,51784.0,47120.0,1.312,233.8,10.52,1.9,3.512,2.0,-1.0,13.39,0.018,0.232,3.0,2.0,0.0,0.0,37.15,36.98,36.75,37.52,37.66,39.56,36.93,37.91,37.07,52.12
2016-07-28 10:53:00-05:00,179.75098,193.83583,576110,37.71,0.0,210.7,30.21,330.4,276.3,274.9,273.0,62.04,63.14,63.05,329.7,178.7,60.15,49.27000045776367,1452913.0,330.2,58.90999984741211,5.0,0.0,0.0,0.0,0.0,0.0,0.0,0.0,0.0,30.21,35.83,210.4,58.98,61.17,58.81,60.0,59.9,74.7,0.0,274.0,273.1,275.0,48.68,-0.344,48.68,619.0,1443218.0,42643.0,133394.0,-1.0,0.979,0.748,0.921,21.88,22.47,22.29,22.28,22.64,21.77,19.51,7.229,7.423,7.363,7.36,7.481,7.192,6.447,53330.0,54136.0,53588.0,53422.0,54423.0,51785.0,47120.0,1.282,233.7,9.16,1.7,3.512,2.0,-1.0,13.39,0.018,0.232,3.0,2.0,0.0,0.0,36.89,36.59,36.43,37.21,37.34,39.4,36.52,37.7,36.81,52.01
2016-07-28 10:54:00-05:00,178.56294,192.0426,576111,37.63,0.0,208.7,30.22,329.8,276.5,275.0,273.1,61.44,62.48,62.39,328.4,177.2,60.13,48.77000045776367,1452914.0,330.6,58.20000076293945,5.0,0.0,0.0,0.0,0.0,0.0,0.0,0.0,0.0,30.18,35.8,208.6,58.33,60.52,58.16,60.0,59.9,74.7,0.0,274.0,273.7,275.0,48.17,-0.419,48.18,619.0,1443219.0,42643.0,133394.0,-1.0,0.979,0.748,0.921,21.74,22.13,22.09,22.21,22.49,21.47,19.32,7.171,7.3,7.287,7.326,7.418,7.081,6.373,53330.0,54136.0,53588.0,53423.0,54423.0,51785.0,47120.0,1.12,238.4,9.68,1.5,3.513,2.0,-1.0,13.39,0.018,0.232,3.0,2.0,0.0,0.0,36.79,36.43,36.27,37.0,37.13,39.42,36.33,37.6,36.75,51.91
2016-07-28 10:55:00-05:00,179.03816,192.0426,576112,37.55,0.0,208.6,30.16,329.6,276.3,275.0,273.1,61.42,62.59,62.47,329.2,177.3,60.14,48.79999923706055,1452914.0,330.7,58.369998931884766,5.0,0.0,0.0,0.0,0.0,0.0,0.0,0.0,0.0,30.28,35.83,208.6,58.35,60.55,58.22,60.0,59.9,74.7,0.0,274.0,273.4,275.0,48.19,-0.419,48.19,619.0,1443220.0,42643.0,133394.0,-1.0,0.979,0.748,0.921,21.71,22.23,22.19,22.16,22.4,21.55,19.4,7.154,7.327,7.312,7.305,7.382,7.104,6.395,53330.0,54137.0,53589.0,53423.0,54423.0,51785.0,47120.0,1.005,232.8,14.13,1.4,3.513,2.0,-1.0,13.39,0.018,0.232,3.0,2.0,0.0,0.0,36.79,36.42,36.22,36.82,37.03,39.21,36.33,37.49,36.73,51.76
2016-07-28 10:56:00-05:00,181.17664,193.49959,576113,37.45,0.0,209.9,30.18,329.3,276.8,274.9,272.9,61.87,62.96,62.89,328.6,178.6,60.14,49.150001525878906,1452915.0,330.4,58.689998626708984,5.0,0.0,0.0,0.0,0.0,0.0,0.0,0.0,0.0,30.24,35.84,210.2,58.8,60.99,58.67,60.0,59.9,74.7,0.0,274.1,273.6,275.0,48.57,-0.361,48.57,619.0,1443221.0,42643.0,133394.0,-1.0,0.979,0.748,0.921,21.96,22.34,22.29,22.42,22.71,21.66,19.49,7.232,7.358,7.34,7.382,7.478,7.135,6.417,53330.0,54137.0,53589.0,53423.0,54424.0,51785.0,47120.0,0.888,227.1,17.78,1.5,3.513,2.0,-1.0,13.39,0.018,0.232,3.0,2.0,0.0,0.0,36.78,36.42,36.21,36.82,37.11,39.32,36.35,37.54,36.65,51.65
2016-07-28 10:57:00-05:00,184.85957,196.41357,576114,37.34,0.0,212.6,30.23,328.7,276.4,274.9,273.0,62.7,63.73,63.68,328.1,180.8,60.21,49.810001373291016,1452916.0,329.6,59.310001373291016,5.0,0.0,0.0,0.0,0.0,0.0,0.0,0.0,0.0,30.12,35.92,212.8,59.58,61.82,59.45,60.0,59.9,74.7,0.0,274.0,273.3,275.0,49.21,-0.259,49.21,619.0,1443221.0,42643.0,133394.0,-1.0,0.979,0.748,0.921,22.25,22.77,22.65,22.67,22.99,22.09,19.79,7.314,7.486,7.446,7.454,7.556,7.261,6.505,53331.0,54137.0,53589.0,53423.0,54424.0,51785.0,47120.0,1.19,282.5,16.93,2.0,3.513,2.0,-1.0,13.39,0.018,0.232,3.0,2.0,0.0,0.0,36.91,36.37,36.18,36.71,36.93,39.08,36.43,37.44,36.67,51.55
2016-07-28 10:58:00-05:00,189.96817,200.33624,576115,37.27,0.0,216.3,30.38,327.9,276.2,275.0,273.0,63.7,64.69,64.65,327.2,184.0,60.23,50.619998931884766,1452917.0,329.2,60.18000030517578,5.0,0.0,0.0,0.0,0.0,0.0,0.0,0.0,0.0,30.35,36.26,216.4,60.63,62.9,60.51,60.0,59.9,74.7,0.0,274.0,273.4,275.0,50.08,-0.129,50.08,619.0,1443222.0,42643.0,133394.0,-0.833,0.979,0.748,0.921,22.74,23.22,23.07,23.13,23.47,22.53,20.15,7.456,7.614,7.563,7.584,7.695,7.386,6.606,53331.0,54137.0,53589.0,53423.0,54424.0,51786.0,47120.0,1.285,299.9,18.7,2.0,3.513,2.0,-1.0,13.39,0.018,0.232,3.0,2.0,0.0,0.0,37.12,36.49,36.15,36.61,36.87,38.9,36.46,37.34,36.45,51.42
2016-07-28 10:59:00-05:00,196.74,205.37968,576116,37.21,0.0,221.1,30.54,327.7,276.3,274.9,273.0,65.07,66.13,66.08,327.2,187.6,60.23,51.810001373291016,1452918.0,329.0,61.380001068115234,5.0,0.0,0.0,0.0,0.0,0.0,0.0,0.0,0.0,30.6,36.38,221.1,62.06,64.33,61.95,60.0,59.9,74.7,0.0,274.0,273.1,275.0,51.25,0.034,51.25,619.0,1443223.0,42643.0,133394.0,0.633,0.979,0.748,0.921,23.31,23.7,23.64,23.72,24.01,23.07,20.62,7.638,7.767,7.747,7.774,7.869,7.56,6.757,53331.0,54138.0,53589.0,53424.0,54424.0,51786.0,47120.0,0.905,240.8,31.88,1.8,3.513,2.0,-1.0,13.39,0.018,0.232,3.0,2.0,0.0,0.0,37.23,36.56,36.16,36.68,36.92,38.81,36.53,37.33,36.52,51.26
2016-07-28 11:00:00-05:00,205.17511,211.8801,576117,37.13,0.0,227.5,30.58,327.2,276.2,275.1,273.2,66.97,68.05,67.97,326.5,192.8,60.22,53.40999984741211,1452919.0,328.3,62.939998626708984,5.0,0.0,0.0,0.0,0.0,0.0,0.0,0.0,0.0,30.57,36.37,227.4,63.98,66.26,63.85,60.0,59.9,74.7,0.0,274.0,273.4,275.0,52.85,0.253,52.85,619.0,1443224.0,42643.0,133394.0,1.0,0.979,0.748,0.921,24.09,24.52,24.43,24.46,24.72,23.86,21.29,7.881,8.02,7.993,8.0,8.09,7.807,6.965,53331.0,54138.0,53590.0,53424.0,54425.0,51786.0,47120.0,1.545,284.7,9.73,2.2,3.512,2.0,-1.0,13.39,0.018,0.232,3.0,2.0,0.0,0.0,37.3,36.71,36.28,36.84,37.02,38.98,36.66,37.51,36.5,51.13
2016-07-28 11:01:00-05:00,214.67946,219.61336,576118,37.07,0.0,235.2,30.3,327.2,276.1,274.8,272.9,69.3,70.37,70.3,326.6,198.6,60.22,55.31999969482422,1452920.0,328.4,64.87000274658203,5.0,0.0,0.0,0.0,0.0,0.0,0.0,0.0,0.0,30.31,36.07,234.9,66.39,68.63,66.24,60.0,59.9,74.7,0.0,274.0,273.0,275.0,54.77,0.535,54.77,619.0,1443225.0,42643.0,133394.0,1.0,0.979,0.748,0.921,24.94,25.39,25.29,25.33,25.62,24.73,22.03,8.16,8.31,8.27,8.29,8.38,8.09,7.208,53332.0,54138.0,53590.0,53424.0,54425.0,51786.0,47120.0,1.797,308.2,7.469,2.4,3.512,2.0,-1.0,13.39,0.018,0.232,3.0,2.0,0.0,0.0,36.99,36.69,36.38,36.9,37.15,39.0,36.81,37.45,36.45,51.0
2016-07-28 11:02:00-05:00,225.13425,228.46738,576119,37.01,0.0,243.8,30.14,327.1,276.3,274.9,273.0,71.9,72.94,72.87,326.5,205.5,60.22,57.4900016784668,1452921.0,328.4,67.11000061035156,5.0,0.0,0.0,0.0,0.0,0.0,0.0,0.0,0.0,30.21,35.53,243.3,68.97,71.23,68.81,60.0,59.9,74.7,0.0,274.0,273.0,275.0,56.91,0.86,56.91,619.0,1443226.0,42643.0,133394.0,1.0,0.979,0.748,0.921,25.89,26.4,26.29,26.3,26.58,25.74,22.88,8.47,8.64,8.6,8.6,8.7,8.42,7.485,53332.0,54138.0,53590.0,53424.0,54425.0,51786.0,47120.0,1.732,303.3,7.317,2.2,3.513,2.0,-1.0,13.39,0.018,0.232,3.0,2.0,0.0,0.0,36.42,36.46,36.44,36.77,37.08,38.82,36.78,37.19,36.32,50.87
2016-07-28 11:03:00-05:00,235.82664,237.7697,576120,36.96,0.0,253.2,30.09,327.1,276.5,275.2,273.2,74.57,75.68,75.6,326.0,212.9,60.16,59.810001373291016,1452922.0,327.1,69.38999938964844,5.0,0.0,0.0,0.0,0.0,0.0,0.0,0.0,0.0,29.97,35.5,252.3,71.67,73.94,71.55,60.0,59.9,74.7,0.0,274.0,273.7,275.0,59.18,1.175,59.19,619.0,1443227.0,42643.0,133394.0,1.0,0.979,0.748,0.921,27.05,27.46,27.29,27.39,27.71,26.78,23.75,8.85,8.98,8.93,8.96,9.06,8.76,7.767,53332.0,54139.0,53590.0,53425.0,54425.0,51787.0,47121.0,1.453,301.2,10.91,2.2,3.51,2.0,-1.0,13.39,0.018,0.232,3.0,2.0,0.0,0.0,36.33,36.43,36.47,36.74,37.11,38.66,36.79,37.09,36.33,50.75
2016-07-28 11:04:00-05:00,246.04382,247.18411,576121,36.89,0.0,262.8,30.3,327.7,276.4,274.9,273.0,77.46,78.58,78.48,326.8,220.1,60.15,62.189998626708984,1452923.0,328.5,71.9000015258789,5.0,0.0,0.0,0.0,0.0,0.0,0.0,0.0,0.0,30.29,36.02,261.5,74.55,76.84,74.43,60.0,59.9,74.7,0.0,274.0,273.1,275.0,61.52,1.511,61.54,619.0,1443228.0,42643.0,133394.0,1.0,0.979,0.748,0.921,28.07,28.45,28.3,28.4,28.71,27.78,24.59,9.2,9.32,9.27,9.31,9.41,9.1,8.06,53332.0,54139.0,53591.0,53425.0,54426.0,51787.0,47121.0,1.092,279.5,21.0,2.0,3.513,2.0,-1.0,13.39,0.018,0.233,3.0,2.0,0.0,0.0,36.76,36.68,36.61,36.96,37.3,38.73,36.92,37.16,36.48,50.62
2016-07-28 11:05:00-05:00,255.42937,256.37436,576122,36.83,0.0,272.1,30.27,327.3,276.4,274.7,272.8,80.3,81.4,81.3,326.5,227.1,60.14,64.52999877929688,1452924.0,328.5,74.12999725341797,5.0,0.0,0.0,0.0,0.0,0.0,0.0,0.0,0.0,30.28,36.12,270.3,77.32,79.68,77.2,60.0,59.9,74.7,0.0,274.0,273.0,275.0,63.77,1.869,63.8,619.0,1443229.0,42643.0,133394.0,1.0,0.979,0.748,0.921,29.1,29.53,29.39,29.41,29.68,28.85,25.55,9.53,9.67,9.62,9.63,9.71,9.44,8.36,53333.0,54139.0,53591.0,53425.0,54426.0,51787.0,47121.0,2.067,294.5,11.64,3.0,3.513,2.0,-1.0,13.39,0.026,0.233,3.0,2.0,0.0,0.0,36.73,36.76,36.77,37.1,37.41,38.86,37.17,37.4,36.7,50.51
2016-07-28 11:06:00-05:00,263.27045,264.33176,576123,36.79,0.0,280.1,30.02,328.6,276.0,274.7,272.9,82.8,83.8,83.8,328.1,232.6,60.15,66.55999755859375,1452925.0,329.8,76.30999755859375,5.0,0.0,0.0,0.0,0.0,0.0,0.0,0.0,0.0,29.99,35.7,278.0,79.78,82.2,79.68,60.0,59.9,74.7,0.0,274.0,273.0,275.0,65.77,2.172,65.81,619.0,1443230.0,42643.0,133394.0,0.999,0.979,0.748,0.921,29.88,30.32,30.19,30.22,30.49,29.63,26.22,9.82,9.96,9.92,9.93,10.02,9.74,8.62,53333.0,54139.0,53591.0,53425.0,54426.0,51787.0,47121.0,1.845,294.2,9.84,2.8,3.513,2.0,-1.0,13.41,0.119,0.232,3.0,2.0,0.0,0.0,36.49,36.59,36.77,36.97,37.34,38.4,37.25,37.23,36.67,50.39
2016-07-28 11:07:00-05:00,269.8047,271.05634,576124,36.74,0.0,286.3,30.2,329.7,275.9,274.7,272.9,84.7,85.7,85.7,329.0,237.0,60.15,68.1500015258789,1452926.0,331.1,77.95999908447266,5.0,0.0,0.0,0.0,0.0,0.0,0.0,0.0,0.0,30.14,36.01,284.2,81.7,84.1,81.6,60.0,59.9,74.7,0.0,274.0,273.0,275.0,67.32,2.411,67.36,619.0,1443231.0,42643.0,133394.0,0.999,0.979,0.748,0.921,30.47,30.94,30.82,30.8,31.07,30.25,26.75,10.05,10.2,10.16,10.15,10.24,9.97,8.82,53333.0,54140.0,53591.0,53426.0,54426.0,51788.0,47121.0,1.925,288.7,11.69,2.7,3.513,2.0,-1.0,13.41,0.034,0.232,3.0,2.0,0.0,0.0,36.73,36.71,36.79,37.05,37.46,38.37,37.35,37.16,36.76,50.26
2016-07-28 11:08:00-05:00,275.6261,276.3239,576125,36.69,0.0,291.4,30.35,329.6,276.1,274.5,272.6,86.2,87.2,87.1,328.9,240.6,60.15,69.3499984741211,1452927.0,330.5,79.12000274658203,5.0,0.0,0.0,0.0,0.0,0.0,0.0,0.0,0.0,30.32,36.37,289.1,83.1,85.5,83.0,60.0,59.9,74.7,0.0,273.8,273.0,274.7,68.48,2.603,68.53,619.0,1443232.0,42643.0,133394.0,0.999,0.979,0.748,0.921,31.07,31.49,31.31,31.36,31.69,30.77,27.19,10.24,10.38,10.32,10.34,10.45,10.14,8.96,53333.0,54140.0,53592.0,53426.0,54426.0,51788.0,47122.0,1.79,295.0,8.22,2.4,3.513,2.0,-1.0,13.41,0.025,0.232,3.0,2.0,0.0,0.0,37.18,37.15,37.05,37.31,37.71,38.74,37.64,37.67,37.01,50.17
2016-07-28 11:09:00-05:00,280.37827,280.24658,576126,36.65,0.0,295.1,30.43,329.6,276.4,275.3,273.4,87.0,88.0,88.0,329.0,243.3,60.14,70.19999694824219,1452928.0,330.9,80.0,5.0,0.0,0.0,0.0,0.0,0.0,0.0,0.0,0.0,30.3,36.6,292.7,84.0,86.3,83.9,60.0,59.9,74.7,0.0,274.2,273.7,275.1,69.31,2.711,69.36,619.0,1443233.0,42643.0,133394.0,0.999,0.979,0.748,0.921,31.4,31.83,31.71,31.73,32.04,31.15,27.5,10.35,10.49,10.45,10.46,10.56,10.27,9.06,53334.0,54140.0,53592.0,53426.0,54427.0,51788.0,47122.0,,0.0,0.0,,,2.0,-1.0,13.41,0.023,0.232,3.0,2.0,0.0,0.0,37.46,37.37,37.24,37.62,37.86,39.2,37.81,37.96,37.19,50.03
2016-07-28 11:10:00-05:00,283.586,282.6002,576127,36.61,0.0,297.5,30.37,329.5,277.5,276.5,274.5,87.4,88.2,88.3,328.9,245.1,60.14,70.7699966430664,1452930.0,330.7,80.5999984741211,5.0,0.0,0.0,0.0,0.0,0.0,0.0,0.0,0.0,30.28,36.52,294.7,84.3,86.6,84.1,60.0,59.9,74.7,0.0,275.0,275.0,276.0,69.84,2.75,69.89,619.0,1443235.0,42643.0,133394.0,0.999,0.979,0.748,0.921,31.69,32.09,31.94,31.98,32.25,31.41,27.74,10.44,10.57,10.53,10.54,10.62,10.35,9.14,53334.0,54140.0,53592.0,53426.0,54427.0,51788.0,47122.0,1.218,282.7,27.13,2.0,3.513,2.0,-1.0,13.41,0.022,0.233,3.0,2.0,0.0,0.0,37.49,37.39,37.41,37.77,38.04,39.2,38.01,38.11,37.43,49.89
2016-07-28 11:11:00-05:00,286.08087,284.61755,576128,36.57,0.0,299.3,30.46,329.8,277.6,276.3,274.3,87.9,88.7,88.8,329.1,246.1,60.14,71.16999816894531,1452931.0,331.0,81.0,5.0,0.0,0.0,0.0,0.0,0.0,0.0,0.0,0.0,30.39,36.74,296.4,84.8,87.2,84.7,60.0,59.9,74.7,0.0,275.0,274.6,276.0,70.26,2.82,70.32,619.0,1443236.0,42643.0,133394.0,0.999,0.979,0.748,0.921,31.84,32.27,32.1,32.12,32.44,31.57,27.86,10.5,10.64,10.58,10.59,10.7,10.41,9.19,53334.0,54140.0,53592.0,53427.0,54427.0,51789.0,47122.0,0.843,290.5,27.99,1.3,3.512,2.0,-1.0,13.41,0.022,0.233,3.0,2.0,0.0,0.0,37.64,37.54,37.49,37.88,38.14,39.32,38.08,38.23,37.58,49.79
2016-07-28 11:12:00-05:00,289.051,287.41946,576129,36.53,0.0,302.0,30.43,329.4,277.7,276.3,274.3,88.7,89.6,89.6,328.8,248.4,60.13,71.86000061035156,1452932.0,330.6,81.69999694824219,5.0,0.0,0.0,0.0,0.0,0.0,0.0,0.0,0.0,30.37,36.96,299.0,85.6,88.0,85.5,60.0,59.9,74.7,0.0,275.0,274.4,276.0,70.89,2.918,70.95,619.0,1443237.0,42643.0,133394.0,0.999,0.979,0.748,0.921,32.12,32.59,32.41,32.44,32.77,31.9,28.14,10.58,10.74,10.68,10.69,10.8,10.51,9.27,53334.0,54141.0,53593.0,53427.0,54427.0,51789.0,47123.0,0.655,292.9,43.5,1.1,3.513,2.0,-1.0,13.41,0.022,0.233,3.0,2.0,0.0,0.0,37.8,37.65,37.62,37.91,38.25,39.41,38.19,38.47,37.82,49.71
2016-07-28 11:13:00-05:00,292.85275,291.34213,576130,36.49,0.0,305.9,30.41,328.7,277.8,276.4,274.4,89.7,90.7,90.7,328.1,251.6,60.13,72.80000305175781,1452933.0,330.1,82.5999984741211,5.0,0.0,0.0,0.0,0.0,0.0,0.0,0.0,0.0,30.37,36.92,302.7,86.6,89.0,86.5,60.0,59.9,74.7,0.0,275.0,274.8,276.0,71.77,3.056,71.84,619.0,1443238.0,42643.0,133394.0,0.999,0.979,0.748,0.921,32.62,33.07,32.88,32.92,33.25,32.32,28.56,10.72,10.87,10.81,10.82,10.93,10.62,9.39,53334.0,54141.0,53593.0,53427.0,54428.0,51789.0,47123.0,1.58,287.6,14.97,2.6,3.513,2.0,-1.0,13.41,0.022,0.233,3.0,2.0,0.0,0.0,37.77,37.73,37.75,38.06,38.38,39.49,38.35,38.55,37.99,49.62
2016-07-28 11:14:00-05:00,296.17926,295.2648,576131,36.46,0.0,309.6,30.11,329.5,278.0,276.4,274.5,90.8,91.8,91.7,328.9,253.9,60.14,73.69000244140625,1452935.0,330.6,83.5,5.0,0.0,0.0,0.0,0.0,0.0,0.0,0.0,0.0,30.13,36.42,306.3,87.6,90.1,87.6,60.0,59.9,74.7,0.0,275.3,274.9,276.0,72.65,3.193,72.72,619.0,1443239.0,42643.0,133394.0,0.999,0.979,0.748,0.921,32.96,33.36,33.25,33.31,33.57,32.64,28.83,10.86,10.99,10.95,10.97,11.06,10.76,9.5,53335.0,54141.0,53593.0,53427.0,54428.0,51789.0,47123.0,1.975,302.2,9.29,2.6,3.509,2.0,-1.0,13.41,0.022,0.233,3.0,2.0,0.0,0.0,37.16,37.5,37.81,38.11,38.42,39.44,38.4,38.46,38.02,49.49
2016-07-28 11:15:00-05:00,297.96133,297.95462,576132,36.43,0.0,312.1,30.15,329.7,278.1,276.5,274.6,91.4,92.4,92.4,329.0,255.8,60.13,74.25,1452936.0,330.7,84.19999694824219,5.0,0.0,0.0,0.0,0.0,0.0,0.0,0.0,0.0,30.08,36.34,308.6,88.3,90.8,88.3,60.0,59.9,74.7,0.0,275.7,275.0,276.1,73.26,3.28,73.34,619.0,1443240.0,42643.0,133394.0,0.999,0.979,0.748,0.921,33.21,33.66,33.5,33.52,33.71,32.96,29.07,10.95,11.1,11.04,11.05,11.11,10.87,9.58,53335.0,54141.0,53593.0,53427.0,54428.0,51790.0,47123.0,1.718,311.5,12.58,2.7,3.509,2.0,-1.0,13.41,0.022,0.233,3.0,2.0,0.0,0.0,37.0,37.36,37.78,38.08,38.4,39.34,38.3,38.38,37.94,49.45
2016-07-28 11:16:00-05:00,298.0801,299.29953,576133,36.4,0.0,312.9,30.15,330.1,276.3,274.7,272.9,92.2,93.3,93.2,329.4,256.3,60.14,74.48999786376953,1452937.0,331.2,84.4000015258789,5.0,0.0,0.0,0.0,0.0,0.0,0.0,0.0,0.0,30.11,36.38,309.6,89.2,91.7,89.2,60.0,59.9,74.7,0.0,274.1,273.2,274.5,73.51,3.383,73.59,619.0,1443242.0,42643.0,133395.0,0.999,0.979,0.748,0.921,33.28,33.73,33.59,33.59,33.86,33.02,29.13,10.99,11.13,11.09,11.09,11.18,10.9,9.61,53335.0,54142.0,53593.0,53428.0,54428.0,51790.0,47124.0,1.857,296.9,22.43,2.9,3.512,2.0,-1.0,13.41,0.022,0.233,3.0,2.0,0.0,0.0,36.98,37.62,37.88,38.14,38.46,39.36,38.45,38.29,37.86,49.35
2016-07-28 11:17:00-05:00,297.1297,300.4203,576134,36.37,0.0,313.8,30.17,330.1,275.9,274.5,272.6,92.6,93.5,93.5,329.7,256.6,60.12,74.66999816894531,1452938.0,331.5,84.5999984741211,5.0,0.0,0.0,0.0,0.0,0.0,0.0,0.0,0.0,30.08,36.52,310.4,89.4,91.9,89.4,60.0,59.9,74.7,0.0,273.7,273.0,274.2,73.64,3.409,73.72,619.0,1443243.0,42643.0,133395.0,0.999,0.979,0.748,0.921,33.34,33.78,33.6,33.63,33.89,33.09,29.16,11.01,11.15,11.09,11.1,11.19,10.92,9.62,53335.0,54142.0,53594.0,53428.0,54429.0,51790.0,47124.0,1.86,294.9,9.73,2.8,3.51,2.0,-1.0,13.41,0.022,0.233,3.0,2.0,0.0,0.0,37.09,37.75,37.89,38.19,38.51,39.32,38.5,38.32,37.86,49.28
2016-07-28 11:18:00-05:00,297.48608,302.99805,576135,36.34,0.0,315.9,30.24,329.0,275.9,274.5,272.6,93.1,94.0,94.0,328.4,258.6,60.14,75.05000305175781,1452940.0,330.1,84.9000015258789,5.0,0.0,0.0,0.0,0.0,0.0,0.0,0.0,0.0,30.11,36.73,312.6,90.0,92.4,89.9,60.0,59.9,74.7,0.0,273.7,272.9,274.2,74.07,3.469,74.15,619.0,1443244.0,42643.0,133395.0,0.999,0.979,0.748,0.921,33.68,34.11,33.91,33.99,34.24,33.37,29.43,11.08,11.22,11.16,11.18,11.27,10.98,9.68,53336.0,54142.0,53594.0,53428.0,54429.0,51790.0,47124.0,1.857,296.2,12.08,2.5,3.51,2.0,-1.0,13.41,0.022,0.233,3.0,2.0,0.0,0.0,37.3,37.57,37.88,38.09,38.5,39.28,38.5,38.23,38.0,49.22
2016-07-28 11:19:00-05:00,300.93143,308.71396,576136,36.32,0.0,321.1,30.25,328.5,275.8,274.5,272.6,94.6,95.5,95.5,327.8,261.9,60.14,76.27999877929688,1452941.0,329.5,85.9000015258789,5.0,0.0,0.0,0.0,0.0,0.0,0.0,0.0,0.0,30.2,36.9,317.9,91.4,93.9,91.4,60.0,59.9,74.7,0.0,273.4,273.0,274.2,75.25,3.652,75.34,619.0,1443245.0,42643.0,133395.0,0.999,0.979,0.748,0.921,34.27,34.69,34.55,34.57,34.85,33.96,29.94,11.25,11.39,11.35,11.36,11.45,11.15,9.83,53336.0,54142.0,53594.0,53428.0,54429.0,51790.0,47124.0,,0.0,0.0,,,2.0,-1.0,13.41,0.022,0.233,3.0,2.0,0.0,0.0,37.33,37.75,38.06,38.17,38.55,39.38,38.51,38.3,38.07,49.13
2016-07-28 11:20:00-05:00,309.24774,318.91287,576137,36.31,0.0,330.9,30.33,326.8,276.1,274.3,272.5,97.4,98.3,98.3,326.0,268.9,60.15,78.6500015258789,1452942.0,328.1,87.69999694824219,5.0,0.0,0.0,0.0,0.0,0.0,0.0,0.0,0.0,30.21,37.23,327.4,94.2,96.7,94.2,60.0,59.9,74.7,0.0,273.2,272.9,274.0,77.51,4.0,77.61,619.0,1443247.0,42643.0,133395.0,0.999,0.979,0.748,0.921,35.47,35.97,35.81,35.77,36.04,35.24,31.04,11.59,11.75,11.7,11.69,11.78,11.51,10.14,53336.0,54143.0,53594.0,53429.0,54429.0,51791.0,47125.0,1.213,298.7,13.98,1.9,3.512,2.0,-1.0,13.41,0.022,0.233,3.0,2.0,0.0,0.0,37.57,38.08,38.29,38.48,38.86,39.61,38.76,38.57,38.23,49.05
2016-07-28 11:21:00-05:00,323.02902,334.3794,576138,36.28,0.0,345.9,30.25,325.2,276.0,274.5,272.6,101.7,102.5,102.5,324.7,281.1,60.15,82.19999694824219,1452943.0,326.2,91.30000305175781,5.0,0.0,0.0,0.0,0.0,0.0,0.0,0.0,0.0,30.16,37.32,341.8,98.4,101.0,98.4,60.0,59.9,74.7,0.0,273.4,273.0,274.1,81.0,4.548,81.1,619.0,1443248.0,42643.0,133395.0,0.998,0.979,0.748,0.921,37.25,37.74,37.53,37.58,37.91,36.96,32.54,12.11,12.27,12.2,12.22,12.33,12.02,10.58,53336.0,54143.0,53595.0,53429.0,54430.0,51791.0,47125.0,,0.0,0.0,,,2.0,-1.0,13.41,0.022,0.233,3.0,2.0,0.0,0.0,37.7,38.17,38.53,38.68,39.0,39.84,39.05,38.94,38.44,49.02
2016-07-28 11:22:00-05:00,342.39413,354.55313,576139,36.28,0.0,365.4,30.27,323.9,276.1,274.5,272.6,107.2,108.0,108.1,323.3,296.6,60.15,86.80000305175781,1452945.0,325.1,95.9000015258789,5.0,0.0,0.0,0.0,0.0,0.0,0.0,0.0,0.0,30.29,37.29,360.5,103.9,106.6,104.0,60.0,59.9,74.7,0.0,273.4,273.0,274.0,85.5,5.253,85.7,619.0,1443250.0,42643.0,133395.0,0.998,0.979,0.748,0.921,39.47,40.04,39.81,39.8,40.17,39.24,34.44,12.79,12.97,12.89,12.89,13.01,12.71,11.16,53337.0,54143.0,53595.0,53429.0,54430.0,51791.0,47125.0,1.355,311.0,10.94,2.3,3.512,2.0,-1.0,13.41,0.022,0.234,3.0,2.0,0.0,0.0,37.78,38.29,38.73,38.97,39.25,39.88,39.3,39.05,38.57,48.96
2016-07-28 11:23:00-05:00,365.08575,377.3046,576140,36.24,0.0,387.5,30.19,323.7,276.1,274.5,272.7,113.6,114.4,114.4,323.1,313.5,60.14,92.19999694824219,1452946.0,325.1,101.30000305175781,5.0,0.0,0.0,0.0,0.0,0.0,0.0,0.0,0.0,30.22,37.09,381.5,110.2,113.0,110.3,60.0,59.9,74.7,0.0,273.5,272.8,274.1,90.7,6.057,90.9,619.0,1443251.0,42643.0,133395.0,0.998,0.979,0.748,0.921,41.9,42.48,42.25,42.25,42.61,41.63,36.59,13.56,13.75,13.68,13.67,13.79,13.47,11.84,53337.0,54143.0,53595.0,53429.0,54430.0,51791.0,47125.0,1.508,312.1,11.21,2.3,3.512,2.0,-1.0,13.41,0.022,0.234,3.0,2.0,0.0,0.0,37.8,38.37,38.97,38.99,39.39,39.98,39.34,39.04,38.72,48.96
2016-07-28 11:24:00-05:00,388.25262,400.39227,576141,36.24,0.0,409.6,30.13,324.9,276.4,274.5,272.6,119.9,120.6,120.8,324.4,329.6,60.14,97.4000015258789,1452948.0,325.8,106.9000015258789,5.0,0.0,0.0,0.0,0.0,0.0,0.0,0.0,0.0,30.17,37.19,402.3,116.5,119.3,116.7,60.0,59.9,74.7,0.0,273.6,272.7,274.0,95.9,6.852,96.1,619.0,1443253.0,42643.0,133395.0,0.997,0.979,0.748,0.921,44.16,44.73,44.48,44.51,44.88,43.83,38.48,14.35,14.53,14.45,14.46,14.58,14.24,12.5,53337.0,54143.0,53595.0,53430.0,54430.0,51792.0,47125.0,1.527,318.8,9.61,2.0,3.51,2.0,-1.0,13.41,0.021,0.234,3.0,2.0,0.0,0.0,38.07,38.25,39.15,39.18,39.56,40.08,39.61,39.26,38.89,48.88
2016-07-28 11:25:00-05:00,409.9938,421.68677,576142,36.24,0.0,429.6,30.11,324.8,276.2,274.8,272.9,125.6,126.1,126.3,324.2,344.9,60.14,102.0999984741211,1452950.0,328.3,111.80000305175781,5.0,0.0,0.0,0.0,0.0,0.0,0.0,0.0,0.0,30.17,37.34,421.4,122.2,125.0,122.4,60.0,59.9,74.7,0.0,273.9,273.0,274.3,100.5,7.574,100.8,619.0,1443254.0,42643.0,133395.0,0.997,0.979,0.748,0.921,46.33,46.83,46.73,46.76,46.93,45.92,40.41,15.05,15.21,15.18,15.19,15.24,14.91,13.13,53337.0,54144.0,53596.0,53430.0,54430.0,51792.0,47126.0,1.255,317.1,11.76,2.0,3.51,2.0,-1.0,13.41,0.021,0.234,3.0,2.0,0.0,0.0,38.34,38.62,39.4,39.46,39.97,40.28,39.85,39.48,39.2,48.86
2016-07-28 11:26:00-05:00,432.92307,443.54163,576143,36.24,0.0,450.0,30.01,324.8,276.5,274.9,272.9,131.2,131.8,132.1,323.7,360.5,60.15,107.0,1452952.0,327.2,116.69999694824219,5.0,0.0,0.0,0.0,0.0,0.0,0.0,0.0,0.0,30.01,37.55,440.9,127.9,130.8,128.2,60.0,59.9,74.7,0.0,273.9,273.0,274.5,105.3,8.3,105.6,619.0,1443256.0,42643.0,133395.0,0.997,0.979,0.748,0.921,48.52,49.05,48.93,48.95,49.24,48.07,42.29,15.76,15.93,15.89,15.9,15.99,15.61,13.74,53337.0,54144.0,53596.0,53430.0,54431.0,51792.0,47126.0,,0.0,0.0,,,2.0,-1.0,13.41,0.022,0.235,3.0,2.0,0.0,0.0,38.56,38.68,39.79,39.62,40.15,40.3,40.21,39.72,39.54,48.86
2016-07-28 11:27:00-05:00,464.0498,472.12103,576144,36.24,0.0,477.6,30.13,321.2,276.6,274.8,272.8,138.7,139.2,139.4,320.5,383.6,60.14,113.0999984741211,1452953.0,322.9,122.9000015258789,5.0,0.0,0.0,0.0,0.0,0.0,0.0,0.0,0.0,30.12,38.15,467.6,135.4,138.2,135.7,60.0,59.9,74.7,0.0,273.8,273.0,274.1,111.3,9.26,111.7,619.0,1443258.0,42643.0,133396.0,0.997,0.979,0.748,0.921,51.98,52.62,52.21,52.19,52.74,51.59,45.11,16.69,16.9,16.77,16.76,16.94,16.57,14.49,53338.0,54144.0,53596.0,53430.0,54431.0,51792.0,47126.0,1.247,304.9,17.61,2.1,3.51,2.0,-1.0,13.41,0.022,0.235,3.0,2.0,0.0,0.0,39.01,39.22,40.33,40.21,40.7,40.88,40.74,40.29,40.16,48.86
2016-07-28 11:28:00-05:00,539.7282,544.9706,576145,36.24,0.0,553.0,30.05,308.7,276.4,275.1,272.9,156.4,156.7,156.9,308.4,446.3,60.14,127.9000015258789,1452956.0,308.9,137.39999389648438,5.0,0.0,0.0,0.0,0.0,0.0,0.0,0.0,0.0,30.13,38.34,544.4,153.2,155.9,153.4,60.0,59.9,74.7,0.0,273.5,272.9,274.0,125.6,11.59,126.1,619.0,1443260.0,42643.0,133396.0,0.996,0.979,0.748,0.921,61.83,62.55,61.53,61.44,62.26,60.94,52.94,19.05,19.28,18.96,18.93,19.19,18.78,16.32,53338.0,54144.0,53596.0,53431.0,54431.0,51793.0,47126.0,1.843,303.8,15.71,2.5,3.512,2.0,-1.0,13.41,0.022,0.236,3.0,2.0,0.0,0.0,39.09,39.4,40.78,40.57,41.03,41.06,41.21,40.59,40.76,48.84
2016-07-28 11:29:00-05:00,660.67096,665.4525,576146,36.24,0.0,674.3,30.24,301.2,276.9,275.3,273.1,187.0,186.3,186.7,300.0,543.8,60.14,153.10000610351562,1452958.0,303.0,163.10000610351562,5.0,0.0,0.0,0.0,0.0,0.0,0.0,0.0,0.0,30.24,39.4,653.5,184.7,186.3,184.6,60.0,59.9,74.7,0.0,273.4,272.9,274.0,150.8,15.74,151.6,619.0,1443263.0,42643.0,133396.0,0.995,0.979,0.748,0.921,75.72,76.48,75.61,75.71,76.58,74.98,65.42,22.81,23.04,22.78,22.8,23.07,22.59,19.7,53338.0,54145.0,53597.0,53431.0,54432.0,51793.0,47127.0,1.293,321.7,17.17,2.2,3.509,2.0,-1.0,13.41,0.022,0.238,3.0,2.0,0.0,0.0,39.73,40.4,41.72,41.31,41.96,41.74,42.08,41.51,41.54,48.76
2016-07-28 11:30:00-05:00,669.1061,670.4959,576147,36.24,0.0,671.6,30.46,301.6,277.2,275.2,272.9,186.1,185.6,185.9,300.5,542.3,60.14,152.39999389648438,1452961.0,302.3,162.8000030517578,5.0,0.0,0.0,0.0,0.0,0.0,0.0,0.0,0.0,30.45,40.43,646.6,184.0,185.7,184.1,60.0,59.9,74.7,0.0,273.4,272.8,274.0,150.3,15.67,151.1,619.0,1443265.0,42643.0,133396.0,0.995,0.979,0.748,0.921,74.96,75.07,75.0,74.82,74.76,74.74,64.26,22.58,22.62,22.6,22.54,22.53,22.52,19.36,53339.0,54145.0,53597.0,53431.0,54432.0,51793.0,47127.0,1.925,309.2,8.76,2.6,3.512,2.0,-1.0,13.41,0.022,0.238,3.0,2.0,0.0,0.0,40.71,41.47,42.97,42.51,43.18,42.72,43.24,42.55,42.71,48.76
2016-07-28 11:31:00-05:00,515.6109,507.7613,576148,36.27,0.0,508.3,30.54,314.3,276.1,274.8,272.7,145.4,145.6,146.0,313.1,410.1,60.14,118.5,1452962.0,315.1,128.39999389648438,5.0,0.0,0.0,0.0,0.0,0.0,0.0,0.0,0.0,30.54,40.27,495.3,142.1,145.0,142.4,60.0,59.9,74.7,0.0,273.0,272.1,274.0,116.6,10.16,117.1,619.0,1443267.0,42643.0,133396.0,0.996,0.979,0.748,0.921,55.93,56.22,55.87,55.72,55.91,55.39,48.01,17.57,17.66,17.55,17.5,17.56,17.4,15.08,53339.0,54146.0,53597.0,53432.0,54432.0,51794.0,47127.0,1.792,314.8,10.33,2.4,3.512,2.0,-1.0,13.41,0.022,0.236,3.0,2.0,0.0,0.0,40.89,41.63,43.17,42.93,43.44,42.98,43.62,42.86,43.2,48.86
2016-07-28 11:32:00-05:00,473.19775,464.61194,576149,36.3,0.0,465.5,30.42,325.5,276.2,274.7,272.6,134.1,134.5,134.8,324.9,368.5,60.15,109.0999984741211,1452964.0,326.5,119.69999694824219,5.0,0.0,0.0,0.0,0.0,0.0,0.0,0.0,0.0,30.47,39.93,454.0,130.8,133.5,131.0,60.0,59.9,74.7,0.0,273.0,272.2,274.0,107.4,8.67,107.7,619.0,1443269.0,42643.0,133397.0,0.997,0.979,0.748,0.921,49.52,50.06,49.71,49.62,49.9,49.14,42.85,16.12,16.29,16.18,16.15,16.24,15.99,13.95,53339.0,54146.0,53598.0,53432.0,54433.0,51794.0,47127.0,1.518,313.9,13.52,2.3,3.512,2.0,-1.0,13.41,0.022,0.235,3.0,2.0,0.0,0.0,40.5,41.64,43.2,42.9,43.49,42.9,43.65,42.98,43.29,48.86
2016-07-28 11:33:00-05:00,471.53445,464.16367,576150,36.32,0.0,465.5,30.31,321.8,275.8,274.6,272.6,134.0,134.4,134.7,321.1,371.6,60.15,109.0,1452966.0,323.1,119.30000305175781,5.0,0.0,0.0,0.0,0.0,0.0,0.0,0.0,0.0,30.33,39.72,455.1,130.7,133.5,131.0,60.0,59.9,74.7,0.0,273.0,272.0,274.0,107.3,8.66,107.6,619.0,1443271.0,42643.0,133397.0,0.997,0.979,0.748,0.921,50.1,50.66,50.33,50.3,50.66,49.62,43.44,16.12,16.3,16.2,16.19,16.3,15.97,13.98,53340.0,54146.0,53598.0,53432.0,54433.0,51794.0,47128.0,0.915,310.6,25.68,1.9,3.512,2.0,-1.0,13.41,0.022,0.235,3.0,2.0,0.0,0.0,40.19,41.45,43.14,42.9,43.52,42.46,43.67,42.67,43.2,48.86
2016-07-28 11:34:00-05:00,501.94836,497.4503,576151,36.36,0.0,500.9,30.25,313.0,276.1,274.6,272.5,142.7,143.1,143.4,312.2,404.1,60.14,116.30000305175781,1452968.0,314.1,126.0,5.0,0.0,0.0,0.0,0.0,0.0,0.0,0.0,0.0,30.17,39.67,490.8,139.5,142.3,139.7,60.0,59.9,74.7,0.0,273.0,272.0,274.0,114.4,9.8,114.8,619.0,1443272.0,42643.0,133397.0,0.996,0.979,0.748,0.921,55.05,55.74,55.14,55.28,55.88,54.51,47.81,17.22,17.43,17.24,17.29,17.48,17.05,14.95,53340.0,54146.0,53598.0,53432.0,54433.0,51794.0,47128.0,1.858,297.2,18.17,2.7,3.51,2.0,-1.0,13.41,0.022,0.235,3.0,2.0,0.0,0.0,40.12,41.42,43.35,42.98,43.55,42.73,43.59,42.86,43.41,48.92
2016-07-28 11:35:00-05:00,518.22455,517.736,576152,36.39,0.0,517.4,30.23,310.8,276.0,274.6,272.6,147.2,147.6,147.8,309.8,419.4,60.14,120.0999984741211,1452970.0,311.5,129.89999389648438,5.0,0.0,0.0,0.0,0.0,0.0,0.0,0.0,0.0,30.13,40.11,502.1,143.9,146.8,144.2,60.0,59.9,74.7,0.0,273.0,272.0,274.0,118.0,10.4,118.5,619.0,1443274.0,42643.0,133397.0,0.996,0.979,0.748,0.921,57.06,57.27,57.26,57.28,57.2,56.74,49.49,17.72,17.79,17.79,17.79,17.77,17.62,15.37,53340.0,54147.0,53598.0,53433.0,54433.0,51795.0,47128.0,1.577,286.0,18.0,2.3,3.51,2.0,-1.0,13.41,0.022,0.236,3.0,2.0,0.0,0.0,40.54,41.64,43.52,43.08,43.64,42.74,43.77,43.03,43.59,48.96
2016-07-28 11:36:00-05:00,503.84927,505.4077,576153,36.42,0.0,504.8,30.52,321.3,276.2,274.2,272.2,145.0,145.2,145.5,320.5,401.9,60.15,118.0999984741211,1452972.0,322.4,128.8000030517578,5.0,0.0,0.0,0.0,0.0,0.0,0.0,0.0,0.0,30.47,40.93,492.9,141.7,144.5,141.9,60.0,59.9,74.7,0.0,273.0,272.0,273.9,116.1,10.08,116.5,619.0,1443276.0,42643.0,133397.0,0.996,0.979,0.748,0.921,54.35,54.93,54.47,54.44,54.93,53.82,47.01,17.46,17.65,17.5,17.49,17.65,17.29,15.11,53340.0,54147.0,53599.0,53433.0,54433.0,51795.0,47128.0,1.832,299.3,10.28,2.9,3.512,2.0,-1.0,13.41,0.022,0.235,3.0,2.0,0.0,0.0,41.37,42.37,43.7,43.38,44.09,43.23,43.93,43.67,43.91,48.99
2016-07-28 11:37:00-05:00,523.6896,527.15045,576154,36.45,0.0,526.8,30.72,316.4,276.0,274.5,272.5,150.4,150.7,150.9,315.5,422.0,60.14,122.5999984741211,1452974.0,317.4,133.10000610351562,5.0,0.0,0.0,0.0,0.0,0.0,0.0,0.0,0.0,30.69,41.56,514.9,147.2,150.0,147.4,60.0,59.9,74.7,0.0,273.0,272.0,274.0,120.6,10.79,121.1,619.0,1443278.0,42643.0,133397.0,0.996,0.979,0.748,0.921,57.32,58.01,57.45,57.47,58.07,56.79,49.61,18.13,18.35,18.17,18.18,18.37,17.96,15.69,53341.0,54147.0,53599.0,53433.0,54434.0,51795.0,47129.0,1.44,305.9,15.04,2.6,3.512,2.0,-1.0,13.41,0.022,0.236,3.0,2.0,0.0,0.0,42.04,42.87,44.13,43.91,44.48,43.67,44.29,44.13,43.87,49.05
2016-07-28 11:38:00-05:00,607.20905,613.89746,576155,36.49,0.0,617.1,30.65,303.2,276.3,274.9,272.8,172.2,172.0,172.2,302.3,499.8,60.14,140.6999969482422,1452976.0,304.2,150.89999389648438,5.0,0.0,0.0,0.0,0.0,0.0,0.0,0.0,0.0,30.65,41.76,601.0,169.4,171.7,169.5,60.0,59.9,74.7,0.0,273.0,272.0,274.0,138.5,13.7,139.2,619.0,1443281.0,42643.0,133398.0,0.995,0.979,0.748,0.921,67.84,69.21,69.2,69.88,70.56,67.91,60.97,20.55,20.96,20.96,21.16,21.37,20.57,18.46,53341.0,54147.0,53599.0,53433.0,54434.0,51795.0,47129.0,1.575,299.9,12.33,2.4,3.512,2.0,-1.0,13.41,0.022,0.237,3.0,2.0,0.0,0.0,42.16,43.16,44.52,44.24,44.75,43.91,44.65,44.23,44.18,49.09
2016-07-28 11:39:00-05:00,730.52795,741.4402,576156,36.53,0.0,745.9,30.45,297.3,276.5,275.1,272.9,203.7,202.8,203.3,296.0,602.5,60.14,166.89999389648438,1452979.0,297.6,178.3000030517578,5.0,0.0,0.0,0.0,0.0,0.0,0.0,0.0,0.0,30.4,42.28,735.5,202.4,203.2,202.4,60.0,59.9,74.7,0.0,273.0,272.0,274.0,164.7,18.03,165.7,619.0,1443283.0,42643.0,133398.0,0.994,0.979,0.748,0.921,83.9,84.7,83.7,84.2,84.4,82.7,73.12,24.93,25.19,24.88,25.03,25.08,24.59,21.74,53341.0,54148.0,53600.0,53434.0,54435.0,51796.0,47129.0,1.72,283.9,14.61,2.6,3.51,2.0,-1.0,13.41,0.022,0.238,3.0,2.0,0.0,0.0,42.68,43.43,45.29,44.73,45.31,44.41,45.36,45.06,45.18,49.14
2016-07-28 11:40:00-05:00,654.49316,661.6419,576157,36.58,0.0,659.0,30.52,303.5,276.3,274.8,272.7,183.3,182.8,183.1,302.6,533.3,60.14,149.89999389648438,1452981.0,305.8,161.10000610351562,5.0,0.0,0.0,0.0,0.0,0.0,0.0,0.0,0.0,30.65,42.91,636.0,180.8,182.6,180.9,60.0,59.9,74.7,0.0,273.0,272.0,274.0,147.5,15.23,148.3,619.0,1443286.0,42643.0,133398.0,0.995,0.979,0.748,0.921,73.93,73.3,73.2,73.09,72.17,73.15,63.24,22.39,22.2,22.17,22.14,21.86,22.16,19.16,53342.0,54148.0,53600.0,53434.0,54435.0,51796.0,47129.0,1.9,294.1,7.8,2.9,3.512,2.0,-1.0,13.41,0.022,0.238,3.0,2.0,0.0,0.0,43.44,44.16,46.17,45.53,46.12,45.16,46.15,45.58,46.02,49.24
2016-07-28 11:41:00-05:00,517.5117,518.1844,576158,36.63,0.0,519.7,30.61,320.4,275.9,274.3,272.3,147.3,147.4,147.7,319.3,410.4,60.15,119.9000015258789,1452983.0,320.7,131.0,5.0,0.0,0.0,0.0,0.0,0.0,0.0,0.0,0.0,30.7,42.68,503.5,144.0,146.7,144.1,60.0,59.9,74.7,0.0,273.0,272.0,274.0,117.9,10.35,118.4,619.0,1443288.0,42643.0,133398.0,0.996,0.979,0.748,0.921,55.21,55.84,55.61,55.35,55.53,54.92,47.91,17.68,17.88,17.8,17.72,17.78,17.58,15.34,53342.0,54148.0,53600.0,53434.0,54435.0,51797.0,47130.0,1.3,303.9,15.46,2.4,3.512,2.0,-1.0,13.41,0.022,0.236,3.0,2.0,0.0,0.0,43.14,44.25,46.0,45.56,46.33,44.79,46.21,45.41,46.04,49.26
2016-07-28 11:42:00-05:00,481.6328,483.1045,576159,36.68,0.0,486.5,30.52,325.5,275.9,274.2,272.3,137.7,138.1,138.3,324.7,379.2,60.15,112.0,1452985.0,326.5,123.0999984741211,5.0,0.0,0.0,0.0,0.0,0.0,0.0,0.0,0.0,30.58,43.1,472.2,134.5,137.2,134.6,60.0,59.9,74.7,0.0,273.0,272.0,274.0,110.2,9.09,110.6,619.0,1443290.0,42643.0,133399.0,0.997,0.979,0.748,0.921,50.78,51.44,51.09,50.91,51.18,50.43,44.03,16.53,16.74,16.63,16.57,16.65,16.41,14.33,53342.0,54149.0,53600.0,53435.0,54435.0,51797.0,47130.0,1.018,262.0,41.39,2.1,3.51,2.0,-1.0,13.41,0.022,0.236,3.0,2.0,0.0,0.0,43.38,44.55,45.79,45.37,46.22,44.65,46.05,45.31,46.06,49.28
2016-07-28 11:43:00-05:00,447.7736,450.2662,576160,36.75,0.0,454.5,30.74,325.7,275.7,274.2,272.2,128.8,129.2,129.4,324.9,354.8,60.16,104.5,1452987.0,326.7,115.30000305175781,5.0,0.0,0.0,0.0,0.0,0.0,0.0,0.0,0.0,30.79,43.77,442.0,125.5,128.2,125.6,60.0,59.9,74.7,0.0,273.0,272.0,274.0,102.9,7.949,103.2,619.0,1443291.0,42643.0,133399.0,0.997,0.979,0.748,0.921,47.34,47.98,47.72,47.53,47.78,46.91,41.16,15.41,15.63,15.54,15.48,15.56,15.28,13.4,53342.0,54149.0,53601.0,53435.0,54436.0,51797.0,47130.0,,0.0,0.0,,,2.0,-1.0,13.41,0.022,0.235,3.0,2.0,0.0,0.0,43.95,44.92,45.9,45.64,46.02,45.31,46.1,45.35,46.28,49.33
2016-07-28 11:44:00-05:00,422.94348,426.50604,576161,36.8,0.0,432.3,30.85,323.8,275.4,274.2,272.3,123.0,123.2,123.5,323.0,340.5,60.15,99.5999984741211,1452989.0,325.0,110.0,5.0,0.0,0.0,0.0,0.0,0.0,0.0,0.0,0.0,30.95,43.82,420.9,119.5,122.1,119.6,60.0,59.9,74.7,0.0,273.0,272.0,274.0,98.0,7.205,98.3,619.0,1443293.0,42643.0,133399.0,0.997,0.979,0.748,0.921,45.38,45.92,45.62,45.6,45.84,44.96,39.38,14.69,14.87,14.77,14.77,14.84,14.56,12.75,53343.0,54149.0,53601.0,53435.0,54436.0,51797.0,47130.0,1.61,286.7,14.41,2.3,3.512,2.0,-1.0,13.41,0.022,0.235,3.0,2.0,0.0,0.0,44.18,44.75,45.61,45.41,45.99,44.89,45.97,45.2,45.92,49.45
2016-07-28 11:45:00-05:00,393.71762,398.26282,576162,36.86,0.0,404.6,30.97,326.4,275.3,273.9,272.0,115.0,115.5,115.7,325.7,317.2,60.13,93.0,1452990.0,327.6,103.30000305175781,5.0,0.0,0.0,0.0,0.0,0.0,0.0,0.0,0.0,31.07,44.12,393.8,111.6,114.2,111.6,60.0,59.9,74.7,0.0,273.0,272.0,273.9,91.5,6.218,91.7,619.0,1443295.0,42643.0,133399.0,0.998,0.979,0.748,0.921,42.04,42.47,42.29,42.27,42.28,41.64,36.47,13.72,13.86,13.8,13.8,13.8,13.59,11.9,53343.0,54149.0,53601.0,53435.0,54436.0,51797.0,47131.0,,0.0,0.0,,,2.0,-1.0,13.41,0.022,0.234,3.0,2.0,0.0,0.0,44.53,44.92,45.51,45.53,46.15,45.21,45.75,45.51,45.52,49.49
2016-07-28 11:46:00-05:00,365.44217,371.25247,576163,36.92,0.0,378.3,30.89,325.6,276.1,274.6,272.7,107.5,108.3,108.4,324.7,299.2,60.14,87.0999984741211,1452992.0,326.5,97.19999694824219,5.0,0.0,0.0,0.0,0.0,0.0,0.0,0.0,0.0,30.91,43.48,369.0,104.2,106.8,104.2,60.0,59.9,74.7,0.0,273.7,272.9,274.5,85.7,5.279,85.9,619.0,1443296.0,42643.0,133399.0,0.998,0.979,0.748,0.921,39.47,39.95,39.75,39.66,39.84,39.1,34.32,12.85,13.01,12.94,12.91,12.97,12.73,11.18,53343.0,54150.0,53601.0,53436.0,54436.0,51798.0,47131.0,1.465,275.4,15.56,2.0,3.512,2.0,-1.0,13.41,0.022,0.234,3.0,2.0,0.0,0.0,43.92,44.18,45.12,45.08,45.69,44.45,45.24,44.79,45.15,49.59
2016-07-28 11:47:00-05:00,339.78046,347.71646,576164,36.97,0.0,355.5,30.61,325.5,275.9,274.4,272.4,101.3,102.0,102.1,324.6,282.7,60.15,81.80000305175781,1452993.0,327.0,91.80000305175781,5.0,0.0,0.0,0.0,0.0,0.0,0.0,0.0,0.0,30.63,42.65,347.3,98.1,100.5,98.0,60.0,59.9,74.7,0.0,273.0,272.9,274.0,80.6,4.474,80.8,619.0,1443297.0,42643.0,133399.0,0.998,0.979,0.748,0.921,37.04,37.58,37.41,37.29,37.46,36.77,32.31,12.06,12.23,12.18,12.14,12.19,11.97,10.52,53343.0,54150.0,53602.0,53436.0,54437.0,51798.0,47131.0,,0.0,0.0,,,2.0,-1.0,13.41,0.022,0.234,3.0,2.0,0.0,0.0,42.74,43.76,44.63,44.64,45.25,43.98,44.69,44.32,44.77,49.69
2016-07-28 11:48:00-05:00,315.30673,325.74954,576165,37.01,0.0,334.0,30.37,326.1,275.7,274.5,272.5,95.2,96.0,96.1,325.3,266.8,60.15,76.7699966430664,1452994.0,327.2,86.80000305175781,5.0,0.0,0.0,0.0,0.0,0.0,0.0,0.0,0.0,30.32,41.79,327.1,92.1,94.4,92.0,60.0,59.9,74.7,0.0,273.3,273.0,274.0,75.72,3.706,75.81,619.0,1443299.0,42643.0,133399.0,0.999,0.979,0.748,0.921,34.69,35.21,35.04,34.96,35.18,34.39,30.3,11.31,11.48,11.42,11.4,11.47,11.21,9.88,53344.0,54150.0,53602.0,53436.0,54437.0,51798.0,47131.0,,0.0,0.0,,,2.0,-1.0,13.41,0.022,0.233,3.0,2.0,0.0,0.0,41.62,43.17,44.24,44.27,44.86,43.86,44.12,44.12,44.12,49.75
2016-07-28 11:49:00-05:00,292.4963,305.1275,576166,37.05,0.0,313.8,30.45,325.7,275.7,274.6,272.6,89.7,90.5,90.5,324.9,254.1,60.14,72.1500015258789,1452996.0,326.8,82.5999984741211,5.0,0.0,0.0,0.0,0.0,0.0,0.0,0.0,0.0,30.37,41.96,308.3,86.5,88.8,86.4,60.0,59.9,74.7,0.0,273.3,273.0,274.0,71.17,3.008,71.23,619.0,1443300.0,42643.0,133399.0,0.999,0.979,0.748,0.921,32.66,33.1,32.94,33.0,33.14,32.32,28.52,10.64,10.78,10.73,10.75,10.79,10.53,9.29,53344.0,54150.0,53602.0,53436.0,54437.0,51798.0,47132.0,1.015,311.4,15.19,1.6,3.512,2.0,-1.0,13.41,0.022,0.233,3.0,2.0,0.0,0.0,41.91,42.8,43.71,43.75,44.19,43.54,43.51,43.81,43.61,49.82
2016-07-28 11:50:00-05:00,273.4876,287.86777,576167,37.08,0.0,297.2,30.62,324.9,275.9,274.5,272.5,85.0,86.0,86.0,324.2,242.6,60.14,68.33999633789062,1452997.0,326.1,78.66000366210938,5.0,0.0,0.0,0.0,0.0,0.0,0.0,0.0,0.0,30.59,41.81,292.7,82.0,84.2,81.8,60.0,59.9,74.7,0.0,273.5,273.0,274.1,67.47,2.437,67.51,619.0,1443301.0,42643.0,133399.0,0.999,0.979,0.748,0.921,31.03,31.49,31.35,31.37,31.46,30.8,27.19,10.08,10.23,10.18,10.19,10.22,10.01,8.83,53344.0,54150.0,53602.0,53437.0,54437.0,51799.0,47132.0,0.842,301.6,26.54,1.2,3.512,2.0,-1.0,13.41,0.022,0.233,3.0,2.0,0.0,0.0,41.78,42.81,43.24,43.45,43.89,43.07,43.02,43.35,42.93,49.92
2016-07-28 11:51:00-05:00,260.41916,276.54807,576168,37.1,0.0,286.3,30.76,323.8,275.5,274.4,272.5,82.1,83.0,83.1,323.0,235.6,60.15,65.87000274658203,1452998.0,325.1,76.08000183105469,5.0,0.0,0.0,0.0,0.0,0.0,0.0,0.0,0.0,30.7,41.59,282.7,79.13,81.4,79.04,60.0,59.9,74.7,0.0,273.2,273.0,274.0,65.13,2.085,65.16,619.0,1443302.0,42643.0,133399.0,0.999,0.979,0.748,0.921,30.05,30.52,30.37,30.41,30.58,29.8,26.33,9.73,9.88,9.84,9.85,9.9,9.65,8.53,53344.0,54151.0,53603.0,53437.0,54437.0,51799.0,47132.0,0.803,295.0,13.19,1.5,3.512,2.0,-1.0,13.41,0.022,0.233,3.0,2.0,0.0,0.0,41.74,42.21,42.64,42.81,43.5,42.49,42.52,42.59,42.67,49.97
2016-07-28 11:52:00-05:00,255.78578,273.0737,576169,37.13,0.0,283.1,30.82,321.8,275.7,274.4,272.5,81.4,82.4,82.4,321.1,234.5,60.14,65.30999755859375,1452999.0,322.6,75.29000091552734,5.0,0.0,0.0,0.0,0.0,0.0,0.0,0.0,0.0,30.86,41.38,280.1,78.38,80.7,78.31,60.0,59.9,74.7,0.0,273.5,273.0,274.1,64.55,1.993,64.58,619.0,1443303.0,42643.0,133399.0,1.0,0.979,0.748,0.921,29.91,30.28,30.26,30.43,30.56,29.56,26.28,9.62,9.74,9.74,9.79,9.83,9.51,8.45,53344.0,54151.0,53603.0,53437.0,54438.0,51799.0,47132.0,0.66,302.4,20.75,1.2,3.512,2.0,-1.0,13.41,0.022,0.233,3.0,2.0,0.0,0.0,41.48,42.18,42.3,42.42,43.14,42.19,42.1,42.43,42.36,50.02
2016-07-28 11:53:00-05:00,260.18152,277.66882,576170,37.14,0.0,288.2,30.67,319.5,275.9,274.4,272.6,82.9,83.9,83.9,318.7,239.8,60.14,66.58000183105469,1453000.0,320.4,76.41999816894531,5.0,0.0,0.0,0.0,0.0,0.0,0.0,0.0,0.0,30.73,41.03,285.4,79.85,82.3,79.81,60.0,59.9,74.7,0.0,273.9,273.0,274.1,65.79,2.175,65.83,619.0,1443304.0,42643.0,133399.0,0.999,0.979,0.748,0.921,30.65,31.18,31.07,31.14,31.36,30.42,26.99,9.79,9.96,9.93,9.95,10.02,9.72,8.63,53345.0,54151.0,53603.0,53437.0,54438.0,51799.0,47132.0,0.737,287.1,29.09,1.2,3.512,2.0,-1.0,13.41,0.022,0.233,3.0,2.0,0.0,0.0,40.84,41.92,41.93,42.12,42.89,41.97,41.97,42.29,41.93,50.1
2016-07-28 11:54:00-05:00,274.31924,292.0146,576171,37.14,0.0,302.6,30.6,317.2,275.8,274.3,272.5,87.1,88.1,88.0,316.5,252.1,60.14,70.04000091552734,1453001.0,318.6,79.80000305175781,5.0,0.0,0.0,0.0,0.0,0.0,0.0,0.0,0.0,30.76,40.88,299.7,84.0,86.5,84.0,60.0,59.9,74.7,0.0,273.4,272.7,274.0,69.17,2.709,69.22,619.0,1443305.0,42643.0,133399.0,0.999,0.979,0.748,0.921,32.53,33.0,32.88,32.99,33.3,32.23,28.54,10.32,10.47,10.43,10.46,10.56,10.22,9.05,53345.0,54151.0,53603.0,53438.0,54438.0,51800.0,47133.0,0.487,261.0,74.65,0.9,3.512,2.0,-1.0,13.41,0.022,0.233,3.0,2.0,0.0,0.0,40.9,41.67,41.68,41.88,42.55,41.79,41.94,42.07,41.87,50.11
2016-07-28 11:55:00-05:00,306.04,324.0684,576172,37.15,0.0,335.5,30.96,311.6,275.8,274.3,272.5,95.8,96.8,96.8,310.8,277.8,60.14,77.3499984741211,1453002.0,312.6,86.30000305175781,5.0,0.0,0.0,0.0,0.0,0.0,0.0,0.0,0.0,31.39,41.13,332.2,92.6,95.3,92.7,60.0,59.9,74.7,0.0,273.3,272.6,274.0,76.31,3.834,76.4,619.0,1443307.0,42643.0,133399.0,0.999,0.979,0.748,0.921,36.45,37.14,36.91,37.08,37.53,36.2,32.16,11.35,11.56,11.49,11.55,11.68,11.27,10.01,53345.0,54152.0,53604.0,53438.0,54438.0,51800.0,47133.0,0.825,336.0,13.92,1.2,3.51,2.0,-1.0,13.41,0.022,0.233,3.0,2.0,0.0,0.0,41.34,41.71,41.69,41.83,42.46,41.89,41.81,42.18,41.66,50.18
2016-07-28 11:56:00-05:00,347.50272,365.9849,576173,37.18,0.0,376.9,31.49,310.3,276.0,274.5,272.6,107.7,108.6,108.6,309.4,310.8,60.15,87.30000305175781,1453004.0,311.4,96.19999694824219,5.0,0.0,0.0,0.0,0.0,0.0,0.0,0.0,0.0,32.09,41.67,370.5,104.4,107.3,104.6,60.0,59.9,74.7,0.0,273.2,272.7,274.0,86.0,5.359,86.2,619.0,1443308.0,42643.0,133400.0,0.998,0.979,0.748,0.921,41.15,41.8,41.72,41.86,42.24,41.06,36.38,12.77,12.97,12.95,12.99,13.11,12.74,11.29,53345.0,54152.0,53604.0,53438.0,54439.0,51800.0,47133.0,,0.0,0.0,,,2.0,-1.0,13.41,0.022,0.234,3.0,2.0,0.0,0.0,41.92,42.07,41.94,42.16,42.48,42.27,42.04,42.58,41.75,50.21
2016-07-28 11:57:00-05:00,365.67978,381.89972,576174,37.19,0.0,391.6,31.24,318.2,276.1,274.5,272.6,112.9,113.7,113.8,317.3,318.3,60.14,91.5999984741211,1453005.0,319.1,101.0,5.0,0.0,0.0,0.0,0.0,0.0,0.0,0.0,0.0,31.52,41.67,384.5,109.5,112.4,109.7,60.0,59.9,74.7,0.0,273.4,272.6,274.0,90.2,5.997,90.3,619.0,1443310.0,42643.0,133400.0,0.998,0.979,0.748,0.921,42.44,42.87,42.69,42.73,43.06,42.09,36.9,13.5,13.64,13.58,13.59,13.7,13.39,11.74,53346.0,54152.0,53604.0,53438.0,54439.0,51800.0,47133.0,0.637,22.99,12.52,1.0,3.512,2.0,-1.0,13.41,0.022,0.234,3.0,2.0,0.0,0.0,41.86,42.25,42.27,42.36,42.66,42.64,42.21,43.04,41.89,50.28
2016-07-28 11:58:00-05:00,381.71838,395.34888,576175,37.21,0.0,404.4,30.9,320.9,275.8,274.6,272.7,116.8,117.3,117.5,320.0,326.6,60.15,94.69999694824219,1453007.0,321.8,104.5,5.0,0.0,0.0,0.0,0.0,0.0,0.0,0.0,0.0,30.99,41.46,396.4,113.3,116.1,113.5,60.0,59.9,74.7,0.0,273.3,272.5,274.0,93.2,6.476,93.4,619.0,1443311.0,42643.0,133400.0,0.998,0.979,0.748,0.921,43.41,44.0,43.74,43.75,44.1,43.17,37.86,13.93,14.12,14.04,14.04,14.15,13.85,12.15,53346.0,54152.0,53604.0,53438.0,54439.0,51801.0,47134.0,0.293,23.19,54.86,0.5,3.512,2.0,-1.0,13.41,0.022,0.234,3.0,2.0,0.0,0.0,41.69,42.07,42.46,42.3,42.81,42.63,42.31,42.99,42.2,50.31
2016-07-28 11:59:00-05:00,393.2424,403.30627,576176,37.23,0.0,411.7,30.76,323.6,276.2,274.6,272.7,118.8,119.3,119.5,322.6,330.2,60.13,96.4000015258789,1453009.0,324.1,106.5,5.0,0.0,0.0,0.0,0.0,0.0,0.0,0.0,0.0,30.67,41.85,403.2,115.4,118.1,115.6,60.0,59.9,74.7,0.0,273.4,272.7,274.1,94.9,6.717,95.1,619.0,1443313.0,42643.0,133400.0,0.998,0.979,0.748,0.921,43.89,44.43,44.25,44.23,44.59,43.57,38.26,14.2,14.38,14.32,14.31,14.43,14.1,12.38,53346.0,54153.0,53604.0,53439.0,54439.0,51801.0,47134.0,0.733,303.9,25.22,1.2,3.513,2.0,-1.0,13.41,0.022,0.234,3.0,2.0,0.0,0.0,42.19,42.22,42.67,42.6,43.16,42.97,42.49,43.22,42.59,50.31
2016-07-28 12:00:00-05:00,394.07404,400.39227,576177,37.23,0.0,408.2,30.91,325.7,276.3,274.5,272.6,117.8,118.3,118.5,324.3,326.0,60.13,95.5999984741211,1453010.0,325.4,105.69999694824219,5.0,0.0,0.0,0.0,0.0,0.0,0.0,0.0,0.0,30.94,42.46,399.5,114.4,117.1,114.5,60.0,59.9,74.7,0.0,273.3,272.8,274.0,94.0,6.554,94.2,619.0,1443314.0,42643.0,133400.0,0.998,0.979,0.748,0.921,43.08,43.73,43.63,43.46,43.57,42.94,37.71,14.03,14.24,14.21,14.15,14.19,13.99,12.28,53346.0,54153.0,53605.0,53439.0,54440.0,51801.0,47134.0,0.937,285.3,14.94,1.4,3.512,2.0,-1.0,13.41,0.022,0.235,3.0,2.0,0.0,0.0,42.91,42.56,42.85,42.9,43.31,43.49,42.64,43.53,42.67,50.39
2016-07-28 12:01:00-05:00,382.90643,385.7103,576178,37.26,0.0,393.0,31.08,327.9,275.8,274.4,272.4,113.4,114.1,114.2,327.5,312.2,60.13,91.80000305175781,1453012.0,327.7,102.30000305175781,5.0,0.0,0.0,0.0,0.0,0.0,0.0,0.0,0.0,31.36,42.67,384.5,110.0,112.7,110.0,60.0,59.9,74.7,0.0,273.0,272.2,274.0,90.3,6.014,90.5,619.0,1443316.0,42643.0,133400.0,0.998,0.979,0.748,0.921,41.28,41.8,41.46,41.45,41.77,41.05,35.84,13.53,13.7,13.6,13.59,13.7,13.46,11.75,53347.0,54153.0,53605.0,53439.0,54440.0,51801.0,47134.0,1.055,273.7,15.61,1.4,3.512,2.0,-1.0,13.41,0.022,0.234,3.0,2.0,0.0,0.0,43.28,42.87,42.93,43.08,43.57,43.37,42.79,43.7,42.79,50.41
2016-07-28 12:02:00-05:00,364.61053,364.30374,576179,37.27,0.0,371.1,30.95,328.7,275.9,274.4,272.4,106.8,107.6,107.7,327.9,295.1,60.15,86.4000015258789,1453013.0,330.0,96.80000305175781,5.0,0.0,0.0,0.0,0.0,0.0,0.0,0.0,0.0,31.22,43.04,363.7,103.6,106.2,103.6,60.0,59.9,74.7,0.0,273.0,272.5,274.0,85.1,5.21,85.2,619.0,1443317.0,42643.0,133400.0,0.998,0.979,0.748,0.921,38.76,39.2,39.0,38.98,39.3,38.49,33.7,12.74,12.89,12.82,12.81,12.92,12.65,11.08,53347.0,54153.0,53605.0,53439.0,54440.0,51801.0,47135.0,1.12,262.5,12.11,1.6,3.512,2.0,-1.0,13.41,0.022,0.234,3.0,2.0,0.0,0.0,43.6,43.06,42.95,43.14,43.56,43.72,42.74,43.8,42.9,50.41
2016-07-28 12:03:00-05:00,344.41382,342.33682,576180,37.29,0.0,348.3,30.9,328.4,275.7,274.3,272.4,100.2,100.9,101.0,327.7,277.9,60.15,80.80000305175781,1453015.0,329.5,91.0999984741211,5.0,0.0,0.0,0.0,0.0,0.0,0.0,0.0,0.0,31.07,42.7,341.8,97.0,99.5,97.0,60.0,59.9,74.7,0.0,273.0,272.3,274.0,79.73,4.372,79.85,619.0,1443318.0,42643.0,133400.0,0.998,0.979,0.748,0.921,36.28,36.77,36.58,36.51,36.82,36.05,31.66,11.92,12.07,12.01,11.99,12.09,11.84,10.4,53347.0,54154.0,53605.0,53440.0,54440.0,51802.0,47135.0,0.948,271.7,20.83,1.8,3.51,2.0,-1.0,13.41,0.022,0.234,3.0,2.0,0.0,0.0,43.6,43.09,42.93,43.2,43.62,43.68,42.75,43.8,42.93,50.49
2016-07-28 12:04:00-05:00,328.61282,327.09442,576181,37.31,0.0,331.9,30.91,326.0,275.7,274.1,272.2,95.6,96.4,96.4,325.1,267.2,60.15,76.9800033569336,1453016.0,327.0,86.9000015258789,5.0,0.0,0.0,0.0,0.0,0.0,0.0,0.0,0.0,31.02,42.58,326.0,92.4,94.9,92.3,60.0,59.9,74.7,0.0,273.0,272.1,274.0,75.95,3.792,76.04,619.0,1443320.0,42643.0,133400.0,0.999,0.979,0.748,0.921,34.84,35.26,35.07,35.15,35.4,34.53,30.37,11.36,11.49,11.43,11.46,11.54,11.26,9.9,53347.0,54154.0,53606.0,53440.0,54441.0,51802.0,47135.0,,0.0,0.0,,,2.0,-1.0,13.41,0.022,0.233,3.0,2.0,0.0,0.0,43.58,42.93,42.75,43.06,43.43,43.48,42.67,43.52,42.93,50.49
2016-07-28 12:05:00-05:00,328.49405,329.89636,576182,37.31,0.0,333.5,31.23,318.8,275.3,273.9,272.0,96.0,96.8,96.9,318.0,272.6,60.14,77.30000305175781,1453017.0,320.2,86.69999694824219,5.0,0.0,0.0,0.0,0.0,0.0,0.0,0.0,0.0,31.59,42.63,327.4,92.8,95.3,92.7,60.0,59.9,74.7,0.0,273.0,272.0,274.0,76.22,3.855,76.32,619.0,1443321.0,42643.0,133400.0,0.999,0.979,0.748,0.921,35.77,36.24,36.06,36.12,36.43,35.53,31.28,11.4,11.55,11.49,11.51,11.61,11.32,9.97,53348.0,54154.0,53606.0,53440.0,54441.0,51802.0,47135.0,0.798,296.9,26.35,1.5,3.512,2.0,-1.0,13.41,0.022,0.234,3.0,2.0,0.0,0.0,43.48,42.84,42.55,42.72,43.23,43.33,42.49,43.63,42.82,50.51
2016-07-28 12:06:00-05:00,364.49176,369.45926,576183,37.31,0.0,372.2,31.29,307.0,276.1,274.5,272.5,105.2,106.2,106.2,306.0,307.2,60.14,85.19999694824219,1453019.0,307.9,94.0,5.0,0.0,0.0,0.0,0.0,0.0,0.0,0.0,0.0,31.62,42.63,365.7,101.7,104.5,101.9,60.0,59.9,74.7,0.0,273.4,272.8,274.3,83.8,5.036,83.9,619.0,1443322.0,42643.0,133400.0,0.998,0.979,0.748,0.921,41.15,41.61,41.15,41.08,41.55,40.72,35.51,12.63,12.77,12.63,12.61,12.75,12.5,10.9,53348.0,54154.0,53606.0,53440.0,54441.0,51802.0,47136.0,0.733,308.8,12.26,1.4,3.512,2.0,-1.0,13.41,0.022,0.234,3.0,2.0,0.0,0.0,43.45,42.79,42.54,42.76,43.35,43.44,42.51,43.65,42.56,50.51
2016-07-28 12:07:00-05:00,386.82697,395.01263,576184,37.34,0.0,394.1,31.55,316.1,276.3,274.5,272.6,113.0,113.7,113.8,315.0,320.7,60.14,91.5999984741211,1453020.0,317.1,101.0,5.0,0.0,0.0,0.0,0.0,0.0,0.0,0.0,0.0,32.09,43.17,382.2,109.5,112.3,109.7,60.0,59.9,74.7,0.0,273.1,273.0,274.0,90.1,6.042,90.3,619.0,1443324.0,42643.0,133401.0,0.998,0.979,0.748,0.921,42.71,43.03,43.06,43.06,43.17,42.57,37.26,13.5,13.6,13.61,13.61,13.64,13.45,11.78,53348.0,54154.0,53606.0,53441.0,54441.0,51803.0,47136.0,0.765,184.7,20.14,1.7,3.512,2.0,-1.0,13.41,0.022,0.234,3.0,2.0,0.0,0.0,44.01,43.14,42.58,43.06,43.4,43.9,42.35,43.9,42.92,50.51
2016-07-28 12:08:00-05:00,419.61697,432.44608,576185,37.35,0.0,430.7,31.49,312.0,276.1,274.6,272.5,122.5,123.1,123.3,311.2,350.3,60.14,99.5,1453022.0,313.0,108.9000015258789,5.0,0.0,0.0,0.0,0.0,0.0,0.0,0.0,0.0,32.15,43.5,421.8,118.9,121.8,119.2,60.0,59.9,74.7,0.0,273.0,272.7,274.0,97.8,7.225,98.1,619.0,1443326.0,42643.0,133401.0,0.997,0.979,0.748,0.921,47.18,47.78,47.31,47.31,47.95,46.73,40.89,14.71,14.9,14.75,14.75,14.95,14.57,12.75,53348.0,54155.0,53607.0,53441.0,54441.0,51803.0,47136.0,0.928,178.4,14.2,1.4,3.512,2.0,-1.0,13.41,0.022,0.235,3.0,2.0,0.0,0.0,44.35,43.46,42.82,43.25,43.41,44.19,42.28,44.44,43.2,50.51
2016-07-28 12:09:00-05:00,511.92795,530.73694,576186,37.38,0.0,532.0,31.35,297.8,275.9,274.9,272.8,145.8,146.3,146.5,296.7,432.4,60.12,119.0,1453024.0,298.9,128.3000030517578,5.0,0.0,0.0,0.0,0.0,0.0,0.0,0.0,0.0,31.93,43.97,522.1,142.4,145.4,142.8,59.99,59.9,74.7,0.0,273.1,272.4,274.0,116.9,10.29,117.4,619.0,1443327.0,42643.0,133401.0,0.996,0.979,0.748,0.921,59.25,60.26,59.2,59.17,60.47,58.58,51.04,17.64,17.94,17.62,17.61,18.0,17.44,15.19,53348.0,54155.0,53607.0,53441.0,54442.0,51803.0,47136.0,0.857,174.9,10.47,1.3,3.512,2.0,-1.0,13.41,0.022,0.236,3.0,2.0,0.0,0.0,44.93,43.83,43.37,43.75,43.87,44.73,42.58,44.94,43.69,50.51
2016-07-28 12:10:00-05:00,569.6669,592.715,576187,37.44,0.0,590.0,31.2,299.8,276.2,274.9,272.8,162.6,162.6,162.8,298.9,477.4,60.14,132.8000030517578,1453026.0,300.8,142.6999969482422,5.0,0.0,0.0,0.0,0.0,0.0,0.0,0.0,0.0,31.62,44.91,567.3,159.3,162.1,159.6,60.0,59.9,74.7,0.0,273.0,272.2,274.0,130.5,12.5,131.1,619.0,1443330.0,42643.0,133401.0,0.995,0.979,0.748,0.921,65.07,65.65,65.6,65.6,65.97,65.13,56.59,19.5,19.68,19.66,19.66,19.77,19.52,16.96,53349.0,54155.0,53607.0,53441.0,54442.0,51803.0,47136.0,,0.0,0.0,,,2.5,-1.0,13.41,0.022,0.237,3.0,2.0,0.0,0.0,45.94,44.5,44.28,44.6,44.73,45.68,43.45,45.87,44.59,50.51
2016-07-28 12:11:00-05:00,601.15,627.4587,576188,37.46,0.0,629.0,31.11,302.2,276.5,275.1,273.0,174.5,174.2,174.5,301.5,508.7,60.14,142.6999969482422,1453028.0,303.2,153.10000610351562,5.0,0.0,0.0,0.0,0.0,0.0,0.0,0.0,0.0,31.6,45.68,608.3,171.4,173.7,171.6,60.0,59.9,74.7,0.0,273.0,272.6,274.0,140.2,14.03,140.9,619.0,1443332.0,42643.0,133401.0,0.995,0.979,0.748,0.921,68.62,70.05,70.27,71.16,71.91,68.89,62.09,20.71,21.14,21.2,21.47,21.7,20.79,18.73,53349.0,54156.0,53607.0,53442.0,54442.0,51804.0,47137.0,1.098,233.8,15.45,1.9,3.512,2.0,-1.0,13.41,0.022,0.237,3.0,2.0,0.0,0.0,46.76,45.17,45.13,45.35,45.57,46.25,44.39,46.54,45.38,50.59
2016-07-28 12:12:00-05:00,703.08417,734.3794,576189,37.48,0.0,734.2,31.27,365.0,275.8,274.2,272.2,106.8,106.5,106.7,362.1,293.1,60.15,87.0999984741211,1453030.0,364.6,95.19999694824219,4.650000095367432,0.0,0.0,0.0,0.0,0.0,0.0,0.0,0.0,31.59,47.01,692.5,109.2,110.0,109.0,60.0,59.9,74.7,0.0,273.0,272.0,274.0,85.2,5.201,88.6,619.0,1443333.0,42643.0,133401.0,0.632,0.979,0.748,0.921,38.38,39.55,39.42,39.58,40.27,38.13,35.05,12.62,12.96,12.94,12.95,13.11,12.53,11.47,53349.0,54156.0,53608.0,53442.0,54443.0,51804.0,47137.0,0.78,227.9,22.29,1.3,3.512,2.0,-1.0,13.41,0.023,0.24,3.0,2.0,0.0,0.0,48.12,46.23,46.53,46.65,46.81,47.54,45.63,47.89,46.67,50.6
2016-07-28 12:13:00-05:00,582.4977,603.36224,576190,37.52,0.0,603.0,31.4,354.5,276.2,274.7,272.7,143.7,143.6,143.7,353.6,366.9,60.14,116.9000015258789,1453032.0,355.4,129.6999969482422,5.0,0.0,0.0,0.0,0.0,0.0,0.0,0.0,0.0,31.75,48.21,581.7,140.4,142.9,139.9,60.0,59.9,74.7,0.0,273.0,272.2,274.0,114.9,9.96,115.4,619.0,1443335.0,42643.0,133402.0,0.996,0.979,0.748,0.921,49.32,50.21,49.09,48.43,49.12,48.62,42.1,17.47,17.79,17.39,17.15,17.4,17.22,14.91,53350.0,54156.0,53608.0,53442.0,54443.0,51804.0,47137.0,0.927,250.7,10.09,1.3,3.512,2.0,-1.0,13.41,0.023,0.238,3.0,2.0,0.0,0.0,49.13,46.84,47.49,47.49,47.74,47.55,46.52,48.44,47.68,50.66
2016-07-28 12:14:00-05:00,511.57156,528.71954,576191,37.56,0.0,526.6,31.99,332.0,276.1,274.5,272.6,144.2,144.3,144.5,331.3,391.2,60.14,117.30000305175781,1453033.0,333.3,129.5,5.0,0.0,0.0,0.0,0.0,0.0,0.0,0.0,0.0,32.83,48.87,507.5,141.0,143.6,140.8,60.0,59.9,74.7,0.0,273.0,272.0,274.0,115.4,10.02,115.9,619.0,1443337.0,42643.0,133402.0,0.996,0.979,0.748,0.921,52.31,52.86,52.47,52.46,52.83,51.87,45.29,17.36,17.54,17.41,17.41,17.53,17.21,15.03,53350.0,54156.0,53608.0,53442.0,54443.0,51804.0,47137.0,0.26,194.8,36.86,0.6,3.512,2.0,-1.0,13.41,0.023,0.237,3.0,2.0,0.0,0.0,49.76,47.47,47.67,47.78,48.14,47.55,46.95,48.67,48.09,50.7
2016-07-28 12:15:00-05:00,499.21588,518.4085,576192,37.62,0.0,517.2,32.18,316.2,276.0,274.5,272.6,145.1,145.1,145.4,315.2,410.5,60.14,118.0999984741211,1453035.0,317.3,129.39999389648438,5.0,0.0,0.0,0.0,0.0,0.0,0.0,0.0,0.0,32.87,48.76,498.2,141.7,144.5,141.8,60.0,59.9,74.7,0.0,273.0,272.0,274.0,116.1,10.12,116.6,619.0,1443339.0,42643.0,133402.0,0.996,0.979,0.748,0.921,54.91,55.62,55.47,55.47,55.77,54.79,48.07,17.36,17.58,17.54,17.53,17.63,17.32,15.2,53350.0,54156.0,53608.0,53443.0,54443.0,51805.0,47138.0,,0.0,0.0,,,2.0,-1.0,13.41,0.023,0.237,3.0,2.0,0.0,0.0,49.99,47.95,47.87,48.05,48.49,48.01,47.14,49.18,48.29,50.8
2016-07-28 12:16:00-05:00,500.16632,523.564,576193,37.68,0.0,521.3,31.8,314.1,276.0,274.4,272.4,146.2,146.4,146.7,313.0,416.2,60.14,119.0999984741211,1453037.0,315.4,130.1999969482422,5.0,0.0,0.0,0.0,0.0,0.0,0.0,0.0,0.0,32.4,48.32,500.1,142.9,145.7,143.1,60.0,59.9,74.7,0.0,273.0,272.0,274.0,117.1,10.28,117.6,619.0,1443341.0,42643.0,133402.0,0.996,0.979,0.748,0.921,55.76,56.3,56.21,56.39,56.67,55.57,48.88,17.51,17.68,17.65,17.71,17.79,17.45,15.35,53350.0,54157.0,53609.0,53443.0,54443.0,51805.0,47138.0,,0.0,0.0,,,2.0,-1.0,13.41,0.023,0.237,3.0,2.0,0.0,0.0,49.13,48.04,48.21,48.34,48.7,48.59,47.54,49.3,48.05,50.83
2016-07-28 12:17:00-05:00,508.83902,535.22,576194,37.73,0.0,531.4,31.71,312.2,275.7,274.2,272.2,149.1,149.3,149.5,311.1,425.7,60.14,121.30000305175781,1453039.0,313.1,132.39999389648438,5.0,0.0,0.0,0.0,0.0,0.0,0.0,0.0,0.0,32.22,48.33,509.1,145.7,148.6,145.9,60.0,59.9,74.7,0.0,272.9,272.0,273.7,119.3,10.66,119.7,619.0,1443343.0,42643.0,133402.0,0.996,0.979,0.748,0.921,57.07,57.67,57.66,57.77,58.04,56.92,50.12,17.82,18.0,18.0,18.03,18.12,17.77,15.64,53350.0,54157.0,53609.0,53443.0,54444.0,51805.0,47138.0,,0.0,0.0,,,2.0,-1.0,13.41,0.023,0.237,3.0,2.0,0.0,0.0,49.09,47.99,48.1,48.23,48.56,48.48,47.7,49.27,48.21,50.86
2016-07-28 12:18:00-05:00,592.59607,622.1911,576195,37.79,0.0,623.1,31.54,307.8,275.7,274.2,272.2,173.1,172.7,173.0,306.8,498.0,60.13,141.10000610351562,1453042.0,308.9,152.6999969482422,5.0,0.0,0.0,0.0,0.0,0.0,0.0,0.0,0.0,32.4,48.89,616.9,170.2,172.5,170.3,60.0,59.9,74.7,0.0,272.6,271.9,273.5,138.8,13.82,139.5,619.0,1443345.0,42643.0,133402.0,0.995,0.979,0.748,0.921,68.38,70.1,67.92,68.05,70.66,66.87,58.64,21.03,21.56,20.89,20.93,21.73,20.56,18.03,53351.0,54157.0,53609.0,53443.0,54444.0,51805.0,47138.0,0.86,240.6,32.85,1.4,3.512,2.0,-1.0,13.41,0.023,0.238,3.0,2.0,0.0,0.0,49.75,48.18,48.34,48.51,48.85,48.93,47.81,49.51,48.49,50.96
2016-07-28 12:19:00-05:00,584.755,617.2597,576196,37.85,0.0,603.0,31.63,309.4,275.9,274.3,272.3,166.1,165.9,166.2,308.2,478.4,60.14,135.39999389648438,1453044.0,310.3,147.10000610351562,5.0,0.0,0.0,0.0,0.0,0.0,0.0,0.0,0.0,32.3,49.53,547.2,163.3,165.6,163.4,60.0,59.9,74.7,0.0,272.9,272.0,273.9,133.3,12.95,133.9,619.0,1443348.0,42643.0,133403.0,0.995,0.979,0.748,0.921,63.99,63.1,65.72,65.71,63.31,65.35,56.54,19.76,19.49,20.28,20.28,19.55,20.16,17.45,53351.0,54158.0,53609.0,53444.0,54444.0,51806.0,47139.0,,0.0,0.0,,,2.0,-1.0,13.41,0.023,0.238,3.0,2.0,0.0,0.0,50.47,48.75,49.09,49.25,49.7,49.64,48.42,50.37,49.25,51.0
2016-07-28 12:20:00-05:00,665.542,703.5584,576197,37.9,0.0,701.1,31.69,307.5,276.0,274.5,272.5,187.9,187.6,187.8,306.6,543.7,60.14,153.60000610351562,1453046.0,308.8,166.39999389648438,5.0,0.0,0.0,0.0,0.0,0.0,0.0,0.0,0.0,32.21,49.64,669.0,186.2,187.5,186.2,60.0,59.9,74.7,0.0,272.9,272.0,273.9,151.5,15.84,152.4,619.0,1443350.0,42643.0,133403.0,0.995,0.979,0.748,0.921,75.25,75.83,74.63,74.01,74.7,74.51,63.74,23.08,23.27,22.9,22.71,22.93,22.86,19.57,53351.0,54158.0,53610.0,53444.0,54445.0,51806.0,47139.0,0.813,239.3,23.91,1.5,3.512,2.0,-1.0,13.41,0.023,0.239,3.0,2.0,0.0,0.0,50.79,49.07,49.45,49.61,50.18,49.99,48.82,50.84,49.78,51.03
2016-07-28 12:21:00-05:00,750.48706,791.8745,576198,37.95,0.0,798.0,31.54,309.6,276.6,274.6,272.5,213.5,213.2,213.5,308.4,619.0,60.14,175.1999969482422,1453049.0,310.5,190.3000030517578,5.0,0.0,0.0,0.0,0.0,0.0,0.0,0.0,0.0,32.03,49.85,806.0,214.2,213.9,214.6,60.0,59.9,74.7,0.0,272.9,272.0,273.8,173.8,19.28,174.9,619.0,1443353.0,42643.0,133403.0,0.994,0.979,0.748,0.921,85.3,88.3,84.8,86.1,88.8,82.9,75.72,26.32,27.27,26.17,26.58,27.43,25.57,23.37,53352.0,54158.0,53610.0,53444.0,54445.0,51806.0,47139.0,,0.0,0.0,,,2.0,-1.0,13.41,0.023,0.24,3.0,2.0,0.0,0.0,51.17,49.49,50.08,50.09,50.84,50.6,49.31,51.59,50.53,51.09
2016-07-28 12:22:00-05:00,957.563,1015.35443,576199,38.0,0.0,998.0,31.38,305.5,276.8,275.0,272.7,263.1,262.7,262.8,304.2,774.5,60.15,216.8000030517578,1453053.0,307.6,235.5,5.0,0.0,0.0,0.0,0.0,0.0,0.0,0.0,0.0,32.12,51.27,971.0,267.0,264.2,267.6,60.0,59.9,74.7,0.0,272.4,271.9,273.2,215.8,25.96,217.4,619.0,1443357.0,42643.0,133404.0,0.993,0.979,0.748,0.921,108.1,108.6,106.5,107.1,107.0,106.4,92.9,33.0,33.16,32.5,32.7,32.66,32.49,28.37,53352.0,54159.0,53611.0,53445.0,54446.0,51807.0,47140.0,,0.0,0.0,,,2.0,-1.0,13.41,0.023,0.244,3.0,2.0,0.0,0.0,52.78,50.52,51.7,51.52,52.14,52.05,50.88,53.01,52.16,51.17
2016-07-28 12:23:00-05:00,885.80524,939.1426,576200,38.05,0.0,926.0,31.31,312.4,276.4,274.7,272.5,242.6,242.1,242.1,311.9,697.2,60.12,199.3000030517578,1453056.0,313.4,217.3000030517578,5.0,0.0,0.0,0.0,0.0,0.0,0.0,0.0,0.0,31.89,52.69,890.0,244.6,243.1,244.8,60.0,59.9,74.7,0.0,272.2,271.8,273.2,197.9,23.16,199.3,619.0,1443360.0,42643.0,133404.0,0.993,0.979,0.748,0.921,96.5,97.2,95.9,95.3,95.9,95.0,82.6,30.12,30.34,29.94,29.75,29.94,29.66,25.78,53353.0,54159.0,53611.0,53445.0,54446.0,51807.0,47140.0,,0.0,0.0,,,2.0,-1.0,13.41,0.023,0.243,3.0,2.0,0.0,0.0,54.16,51.72,52.96,52.84,53.1,53.49,52.03,54.33,53.71,51.24
2016-07-28 12:24:00-05:00,617.6638,655.926,576201,38.11,0.0,645.9,31.39,318.1,275.3,274.0,272.0,174.2,173.7,174.0,316.9,487.9,60.15,141.8000030517578,1453058.0,318.8,154.5,5.0,0.0,0.0,0.0,0.0,0.0,0.0,0.0,0.0,31.79,53.51,601.5,171.5,173.5,171.3,60.0,59.9,74.7,0.0,272.0,271.3,273.0,139.6,13.85,140.3,619.0,1443362.0,42643.0,133404.0,0.995,0.979,0.748,0.921,65.02,65.45,66.35,66.91,66.65,65.62,58.56,20.66,20.81,21.08,21.26,21.19,20.85,18.61,53353.0,54160.0,53612.0,53446.0,54446.0,51808.0,47141.0,0.998,254.7,20.14,1.6,3.512,2.0,-1.0,13.41,0.023,0.239,3.0,2.0,0.0,0.0,54.77,52.15,53.24,53.14,53.79,53.13,52.21,54.4,53.94,51.32
2016-07-28 12:25:00-05:00,793.9695,841.8605,576202,38.18,0.0,836.0,31.45,307.7,275.9,274.4,272.2,220.5,219.6,219.8,306.9,636.5,60.14,180.39999389648438,1453061.0,308.6,195.3000030517578,5.0,0.0,0.0,0.0,0.0,0.0,0.0,0.0,0.0,31.63,53.38,819.0,220.3,220.3,220.0,60.0,59.9,74.7,0.0,272.0,271.0,273.0,178.4,20.09,179.5,619.0,1443365.0,42643.0,133405.0,0.994,0.979,0.748,0.921,89.4,90.6,87.5,86.6,89.1,87.3,73.74,27.51,27.88,26.91,26.62,27.4,26.86,22.68,53354.0,54160.0,53612.0,53446.0,54447.0,51808.0,47141.0,,0.0,0.0,,,2.0,-1.0,13.41,0.023,0.241,3.0,2.0,0.0,0.0,54.93,51.85,53.26,53.06,53.85,52.47,52.53,53.79,54.17,51.4
2016-07-28 12:26:00-05:00,754.2888,802.29755,576203,38.24,0.0,790.6,31.49,309.3,275.8,274.3,272.2,211.1,210.0,210.2,308.2,605.8,60.15,172.39999389648438,1453064.0,310.2,186.60000610351562,5.0,0.0,0.0,0.0,0.0,0.0,0.0,0.0,0.0,31.78,53.8,754.6,210.0,210.6,209.6,60.0,59.9,74.7,0.0,272.0,271.4,273.0,170.3,18.78,171.3,619.0,1443368.0,42643.0,133405.0,0.994,0.979,0.748,0.921,83.1,83.8,83.2,83.0,83.3,82.7,71.66,25.71,25.9,25.73,25.66,25.77,25.58,22.16,53354.0,54161.0,53612.0,53447.0,54447.0,51809.0,47141.0,,0.0,0.0,,,2.0,-1.0,13.41,0.023,0.241,3.0,2.0,0.0,0.0,55.5,52.61,53.9,53.89,54.39,53.68,53.01,54.73,54.44,51.47
2016-07-28 12:27:00-05:00,723.16205,769.0109,576204,38.31,0.0,759.4,31.89,310.2,276.0,274.2,272.1,203.1,202.1,202.4,309.3,580.4,60.15,165.8000030517578,1453067.0,310.9,179.5,5.0,0.0,0.0,0.0,0.0,0.0,0.0,0.0,0.0,32.19,53.91,729.0,201.5,202.6,201.2,60.0,59.9,74.7,0.0,272.0,271.4,273.0,163.6,17.7,164.5,619.0,1443371.0,42643.0,133405.0,0.994,0.979,0.748,0.921,79.89,80.5,79.74,79.46,80.2,79.17,68.59,24.78,24.98,24.73,24.64,24.86,24.55,21.27,53355.0,54161.0,53613.0,53447.0,54448.0,51809.0,47142.0,,0.0,0.0,,,2.0,-1.0,13.41,0.023,0.24,3.0,2.0,0.0,0.0,55.51,52.8,53.87,53.89,54.61,53.1,53.3,54.61,54.29,51.57
2016-07-28 12:28:00-05:00,764.3872,812.4965,576205,38.37,0.0,804.0,31.86,302.0,276.0,274.3,272.1,213.1,212.2,212.4,301.2,625.7,60.15,174.1999969482422,1453070.0,303.1,188.3000030517578,5.0,0.0,0.0,0.0,0.0,0.0,0.0,0.0,0.0,32.14,54.42,772.6,212.4,212.7,212.0,59.99,59.9,74.7,0.0,272.0,271.6,273.0,172.1,19.08,173.1,619.0,1443374.0,42643.0,133406.0,0.994,0.979,0.748,0.921,86.5,87.3,86.2,86.1,87.0,85.8,74.32,26.09,26.34,26.02,25.99,26.25,25.89,22.42,53355.0,54162.0,53613.0,53448.0,54448.0,51810.0,47142.0,1.087,287.0,16.58,1.6,3.512,2.0,-1.0,13.39,0.018,0.241,3.0,2.0,0.0,0.0,55.84,53.21,54.29,54.31,55.16,53.69,53.46,54.9,54.65,51.6
2016-07-28 12:29:00-05:00,875.46924,931.2973,576206,38.44,0.0,923.0,32.27,295.9,275.4,273.8,271.6,240.2,239.1,239.4,294.9,721.4,60.12,196.3000030517578,1453073.0,296.8,212.6999969482422,5.0,0.0,0.0,0.0,0.0,0.0,0.0,0.0,0.0,33.31,55.5,888.0,242.1,240.3,242.0,59.9,59.9,74.7,0.0,271.1,270.9,272.2,195.0,22.79,196.3,619.0,1443377.0,42643.0,133406.0,0.993,0.979,0.748,0.921,100.3,100.8,100.0,99.8,100.7,99.4,86.1,29.66,29.84,29.58,29.54,29.79,29.4,25.47,53356.0,54162.0,53614.0,53448.0,54449.0,51810.0,47143.0,1.583,314.3,9.93,2.2,3.512,2.0,-1.0,13.39,-0.062,0.243,3.0,2.0,0.0,0.001,56.88,53.53,54.8,54.67,55.68,53.84,53.95,55.59,54.86,51.66
2016-07-28 12:30:00-05:00,934.0398,995.1807,576207,38.5,0.0,986.0,32.91,297.8,275.4,274.0,271.7,252.9,252.1,252.4,296.6,758.3,60.11,207.10000610351562,1453076.0,298.6,224.89999389648438,5.0,0.0,0.0,0.0,0.0,0.0,0.0,0.0,0.0,34.69,57.08,945.0,256.2,253.6,256.3,59.9,59.9,74.7,0.0,271.0,270.9,272.0,206.1,24.55,207.6,619.0,1443380.0,42643.0,133406.0,0.993,0.979,0.748,0.921,105.6,106.1,105.1,104.8,105.5,104.7,90.3,31.43,31.58,31.3,31.19,31.43,31.19,26.89,53356.0,54163.0,53614.0,53449.0,54449.0,51811.0,47143.0,,0.0,0.0,,,2.5,-1.0,13.39,0.007,0.244,3.0,2.0,0.0,0.001,58.42,54.84,56.1,55.95,56.42,55.62,55.19,57.23,55.5,51.76
2016-07-28 12:31:00-05:00,943.3065,1007.50916,576208,38.59,0.0,999.0,33.66,298.4,275.4,273.8,271.5,254.3,253.8,253.9,297.3,761.4,60.12,208.3000030517578,1453080.0,299.2,226.3000030517578,5.0,0.0,0.0,0.0,0.0,0.0,0.0,0.0,0.0,36.19,58.61,959.0,258.0,255.4,258.2,59.9,59.9,74.7,0.0,271.0,270.4,272.0,207.5,24.73,209.0,619.0,1443384.0,42643.0,133407.0,0.993,0.979,0.748,0.921,105.9,106.9,105.8,105.6,106.5,105.0,91.2,31.6,31.89,31.56,31.5,31.77,31.33,27.2,53356.0,54163.0,53615.0,53449.0,54450.0,51811.0,47144.0,,0.0,0.0,,,2.5,-1.0,13.39,0.015,0.245,3.0,2.0,0.0,0.001,59.81,56.13,57.33,57.05,57.02,57.32,56.2,58.49,56.71,51.85
2016-07-28 12:32:00-05:00,964.6913,1029.9244,576209,38.68,0.0,1021.0,33.8,296.7,275.4,273.9,271.6,258.4,257.7,257.8,295.5,776.5,60.1,211.6999969482422,1453083.0,297.2,229.39999389648438,5.0,0.0,0.0,0.0,0.0,0.0,0.0,0.0,0.0,35.77,59.21,972.0,262.0,259.3,262.3,59.9,59.9,74.7,0.0,271.0,270.6,272.0,210.7,25.21,212.2,619.0,1443387.0,42643.0,133407.0,0.993,0.979,0.748,0.921,108.0,108.7,108.2,107.7,108.1,107.6,93.2,32.05,32.25,32.1,31.97,32.07,31.92,27.64,53357.0,54163.0,53615.0,53449.0,54450.0,51811.0,47144.0,,0.0,0.0,,,2.0,-1.0,13.39,0.018,0.245,3.0,2.0,0.0,0.001,60.67,57.13,58.31,57.78,56.76,60.37,56.76,59.46,58.15,51.94
2016-07-28 12:33:00-05:00,958.75104,1024.3206,576210,38.79,0.0,1015.0,33.44,297.1,275.3,273.7,271.5,256.5,255.6,255.8,296.0,769.1,60.1,209.89999389648438,1453087.0,298.0,227.60000610351562,5.0,0.0,0.0,0.0,0.0,0.0,0.0,0.0,0.0,35.76,59.61,974.0,259.9,257.3,260.1,59.9,59.9,74.7,0.0,271.0,270.1,272.0,209.0,24.93,210.5,619.0,1443391.0,42643.0,133408.0,0.993,0.979,0.748,0.921,107.2,107.5,106.7,106.1,107.2,106.5,91.9,31.85,31.95,31.72,31.54,31.84,31.65,27.3,53357.0,54164.0,53616.0,53450.0,54451.0,51812.0,47145.0,,0.0,0.0,,,2.5,-1.0,13.39,0.019,0.245,3.0,2.0,0.0,0.0,60.99,57.77,59.13,58.51,58.16,61.89,57.17,60.22,59.0,51.91
2016-07-28 12:34:00-05:00,949.24677,1014.23364,576211,38.9,0.0,1002.0,33.62,298.5,275.2,273.6,271.4,250.2,249.5,249.6,297.2,746.6,60.11,204.6999969482422,1453090.0,299.0,221.8000030517578,5.0,0.0,0.0,0.0,0.0,0.0,0.0,0.0,0.0,35.89,59.64,928.0,253.3,251.1,253.4,59.9,59.9,74.7,0.0,271.0,270.0,272.0,203.7,24.12,205.1,619.0,1443394.0,42643.0,133408.0,0.993,0.979,0.748,0.921,105.1,104.0,104.3,103.1,100.7,104.5,88.1,31.37,31.05,31.13,30.77,30.05,31.19,26.29,53358.0,54164.0,53616.0,53450.0,54451.0,51812.0,47145.0,,0.0,0.0,,,2.0,-1.0,13.39,0.019,0.245,3.0,2.0,0.0,0.0,60.9,57.87,59.36,58.76,58.63,61.78,56.69,60.87,59.7,52.0
2016-07-28 12:35:00-05:00,880.22144,941.38416,576212,39.01,0.0,932.0,34.53,302.4,275.0,273.5,271.4,237.7,236.9,237.0,301.5,698.9,60.12,194.10000610351562,1453093.0,303.3,210.60000610351562,5.0,0.0,0.0,0.0,0.0,0.0,0.0,0.0,0.0,37.2,60.47,854.0,239.2,237.9,239.0,59.9,59.9,74.7,0.0,271.0,270.1,272.0,192.6,22.36,193.9,619.0,1443397.0,42643.0,133408.0,0.993,0.979,0.748,0.921,96.2,95.0,98.0,97.8,94.0,97.8,85.7,29.07,28.72,29.61,29.56,28.42,29.56,25.92,53358.0,54165.0,53617.0,53451.0,54452.0,51813.0,47146.0,1.745,169.8,20.69,2.7,3.512,2.0,-1.0,13.39,0.02,0.244,3.0,2.0,0.0,0.0,61.42,57.87,59.12,58.63,58.91,61.75,56.16,60.97,59.93,52.07
2016-07-28 12:36:00-05:00,880.45905,940.26337,576213,39.11,0.0,930.0,34.19,302.4,275.4,273.9,271.8,234.7,233.7,233.8,301.4,689.9,60.1,191.8000030517578,1453096.0,303.2,207.89999389648438,5.0,0.0,0.0,0.0,0.0,0.0,0.0,0.0,0.0,37.31,61.33,893.0,235.8,234.7,235.6,59.91,59.9,74.7,0.0,271.6,270.9,272.8,190.2,21.93,191.5,619.0,1443401.0,42643.0,133409.0,0.993,0.979,0.748,0.921,94.9,96.8,95.0,94.9,98.6,93.7,82.6,28.69,29.27,28.72,28.68,29.82,28.3,24.96,53359.0,54165.0,53617.0,53451.0,54452.0,51813.0,47146.0,1.072,133.4,31.18,1.7,3.512,2.0,-1.0,13.39,0.02,0.244,3.0,2.0,0.0,0.0,61.98,58.53,59.93,59.57,59.23,63.23,57.34,61.6,60.22,52.13
2016-07-28 12:37:00-05:00,782.5642,837.60156,576214,39.22,0.0,820.0,34.47,301.7,275.9,274.3,272.2,213.8,213.6,213.7,300.6,632.9,60.14,175.10000610351562,1453099.0,302.5,189.89999389648438,5.0,0.0,0.0,0.0,0.0,0.0,0.0,0.0,0.0,37.25,61.76,915.0,214.6,214.4,214.5,60.0,59.9,74.7,0.0,272.0,271.4,273.0,173.8,19.24,174.8,619.0,1443404.0,42643.0,133409.0,0.994,0.979,0.748,0.921,88.0,91.3,84.7,82.6,93.5,86.7,70.5,26.5,27.49,25.5,24.87,28.19,26.09,21.23,53359.0,54166.0,53618.0,53452.0,54453.0,51814.0,47146.0,1.242,149.9,21.02,2.0,3.512,2.0,-1.0,13.39,0.02,0.243,3.0,2.0,0.0,0.0,62.63,59.35,60.45,59.96,59.46,64.18,57.38,61.64,60.72,52.18
2016-07-28 12:38:00-05:00,945.6827,1005.2676,576215,39.31,0.0,1006.0,35.25,297.7,276.9,275.1,272.9,251.4,251.0,251.0,296.6,756.5,60.13,207.0,1453103.0,298.4,224.3000030517578,5.0,0.0,0.0,0.0,0.0,0.0,0.0,0.0,0.0,37.32,62.28,981.0,254.4,252.1,254.5,60.0,59.9,74.7,0.0,272.7,272.0,273.9,205.8,24.23,207.2,619.0,1443407.0,42643.0,133409.0,0.993,0.979,0.748,0.921,103.1,107.0,105.2,105.5,107.4,103.5,92.1,30.67,31.85,31.29,31.39,31.96,30.8,27.4,53360.0,54166.0,53618.0,53452.0,54453.0,51814.0,47147.0,0.91,117.3,15.09,1.6,3.512,2.0,-1.0,13.39,0.02,0.244,3.0,2.0,0.0,0.0,63.3,59.73,60.6,60.08,59.11,65.01,58.0,61.96,60.83,52.23
2016-07-28 12:39:00-05:00,961.1271,1024.3206,576216,39.43,0.0,1015.0,35.43,296.8,276.6,275.2,272.9,252.0,251.3,251.4,295.6,760.4,60.13,207.3000030517578,1453106.0,297.6,224.8000030517578,5.0,0.0,0.0,0.0,0.0,0.0,0.0,0.0,0.0,36.8,62.85,976.0,255.1,252.8,255.3,60.0,59.9,74.7,0.0,272.6,272.0,273.8,206.3,24.36,207.8,619.0,1443410.0,42643.0,133410.0,0.993,0.979,0.748,0.921,105.8,106.8,105.3,104.9,105.7,104.6,90.7,31.4,31.69,31.26,31.14,31.37,31.05,26.91,53360.0,54167.0,53618.0,53453.0,54454.0,51815.0,47147.0,,0.0,0.0,,,2.0,-1.0,13.39,0.021,0.245,3.0,2.0,0.0,0.0,63.91,60.09,61.38,60.63,59.03,64.77,59.32,62.55,61.75,52.26
2016-07-28 12:40:00-05:00,865.7273,922.3312,576217,39.54,0.0,913.0,34.62,300.8,276.4,274.7,272.5,233.2,232.4,232.5,299.8,692.1,60.13,191.3000030517578,1453109.0,301.8,207.39999389648438,5.0,0.0,0.0,0.0,0.0,0.0,0.0,0.0,0.0,35.31,61.79,906.0,234.4,233.4,234.2,60.0,59.9,74.7,0.0,272.1,271.9,273.2,189.7,21.79,191.0,619.0,1443414.0,42643.0,133410.0,0.993,0.979,0.748,0.921,98.3,96.6,96.2,94.4,92.4,98.2,80.2,29.53,29.04,28.93,28.38,27.78,29.51,24.13,53361.0,54167.0,53619.0,53453.0,54454.0,51815.0,47148.0,0.923,287.9,32.55,1.8,3.512,2.0,-1.0,13.39,0.021,0.244,3.0,2.0,0.0,0.0,62.99,59.07,61.54,60.58,59.59,64.53,59.84,62.64,61.96,52.35
2016-07-28 12:41:00-05:00,975.3837,1037.7697,576218,39.66,0.0,1032.0,33.81,296.8,276.4,274.9,272.6,253.8,253.5,253.5,295.9,765.4,60.14,208.8000030517578,1453112.0,297.5,226.39999389648438,5.0,0.0,0.0,0.0,0.0,0.0,0.0,0.0,0.0,34.3,61.83,970.0,257.2,254.8,257.4,60.0,59.9,74.7,0.0,272.0,271.8,273.0,207.8,24.55,209.2,619.0,1443417.0,42643.0,133411.0,0.993,0.979,0.748,0.921,106.3,106.9,106.6,106.4,106.3,105.9,92.1,31.56,31.71,31.62,31.57,31.55,31.42,27.34,53361.0,54168.0,53619.0,53454.0,54454.0,51816.0,47148.0,,0.0,0.0,,,2.0,-1.0,13.39,0.021,0.245,3.0,2.0,0.0,0.0,63.15,58.58,61.12,60.08,59.61,62.42,59.53,61.51,61.94,52.43
2016-07-28 12:42:00-05:00,982.5119,1045.6151,576219,39.78,0.0,1039.0,33.2,296.3,276.6,274.7,272.5,255.4,254.8,254.9,295.0,771.7,60.14,210.0,1453116.0,296.0,227.60000610351562,5.0,0.0,0.0,0.0,0.0,0.0,0.0,0.0,0.0,34.05,62.85,994.0,259.0,256.5,259.2,60.0,59.9,74.7,0.0,272.0,271.4,273.0,209.2,24.76,210.6,619.0,1443420.0,42643.0,133411.0,0.993,0.979,0.748,0.921,107.8,109.0,106.9,106.8,108.0,106.3,91.9,31.93,32.29,31.67,31.64,31.99,31.49,27.22,53362.0,54168.0,53620.0,53454.0,54455.0,51816.0,47149.0,,0.0,0.0,,,2.5,-1.0,13.39,0.021,0.246,3.0,2.0,0.0,0.0,64.04,59.65,61.96,61.03,61.03,63.51,60.05,62.49,62.42,52.43
2016-07-28 12:43:00-05:00,740.1511,792.3228,576220,39.9,0.0,770.8,32.88,302.4,275.3,273.9,271.8,196.5,196.2,196.3,301.1,580.2,60.15,160.39999389648438,1453118.0,303.8,174.1999969482422,5.0,0.0,0.0,0.0,0.0,0.0,0.0,0.0,0.0,33.38,61.44,649.3,196.0,196.6,195.9,60.0,59.9,74.7,0.0,272.0,271.0,273.0,158.9,16.85,159.8,619.0,1443423.0,42643.0,133411.0,0.995,0.979,0.748,0.921,84.8,74.36,82.6,79.81,66.29,86.7,68.28,25.57,22.39,24.91,24.06,19.96,26.13,20.61,53362.0,54168.0,53620.0,53454.0,54455.0,51817.0,47149.0,1.76,285.6,12.39,2.9,3.512,2.0,-1.0,13.39,0.021,0.243,3.0,2.0,0.0,0.0,62.92,58.61,61.7,60.76,61.01,61.56,60.02,61.56,62.15,52.46
2016-07-28 12:44:00-05:00,764.506,815.2984,576221,40.02,0.0,809.0,32.44,301.6,275.0,273.9,271.8,193.1,192.5,192.7,300.5,567.3,60.15,157.39999389648438,1453121.0,302.1,170.1999969482422,5.0,0.0,0.0,0.0,0.0,0.0,0.0,0.0,0.0,32.67,59.37,622.6,191.7,192.6,191.5,60.0,59.9,74.7,0.0,272.0,271.0,273.0,155.4,16.27,156.2,619.0,1443426.0,42643.0,133412.0,0.995,0.979,0.748,0.921,81.5,73.79,81.8,77.61,69.09,85.7,63.39,24.53,22.21,24.66,23.39,20.82,25.83,19.11,53362.0,54169.0,53621.0,53455.0,54456.0,51817.0,47149.0,,0.0,0.0,,,2.0,-1.0,13.39,0.021,0.241,3.0,2.0,0.0,0.0,60.2,57.72,60.75,60.01,60.44,60.52,59.11,60.85,60.77,52.51
2016-07-28 12:45:00-05:00,599.8432,635.9765,576222,40.12,0.0,644.3,31.9,305.2,274.8,273.6,271.6,165.3,164.9,165.2,304.2,482.4,60.15,134.3000030517578,1453123.0,306.3,146.1999969482422,5.0,0.0,0.0,0.0,0.0,0.0,0.0,0.0,0.0,32.32,55.53,670.7,162.8,164.4,162.7,60.0,59.9,74.7,0.0,272.0,271.0,273.0,132.3,12.59,132.9,619.0,1443428.0,42643.0,133412.0,0.996,0.979,0.748,0.921,61.89,66.55,64.69,67.78,74.1,61.25,61.76,18.83,20.27,19.64,20.58,22.53,18.58,18.74,53363.0,54169.0,53621.0,53455.0,54456.0,51817.0,47150.0,1.878,316.1,11.41,2.7,3.51,2.0,-1.0,13.39,0.021,0.239,3.0,2.0,0.0,0.0,56.13,55.75,58.78,58.33,58.84,58.18,57.61,58.16,58.97,52.6
2016-07-28 12:46:00-05:00,1003.8967,1066.9095,576223,40.21,0.0,1060.0,32.04,296.0,276.1,274.3,272.0,264.6,264.2,264.2,294.6,800.0,60.15,217.39999389648438,1453127.0,296.6,235.8000030517578,5.0,0.0,0.0,0.0,0.0,0.0,0.0,0.0,0.0,32.17,55.66,1007.0,269.0,265.9,269.5,60.0,59.9,74.7,0.0,271.9,271.0,272.9,216.7,25.9,218.3,619.0,1443432.0,42643.0,133412.0,0.993,0.979,0.748,0.921,111.0,111.8,111.4,112.0,112.9,110.6,96.2,32.84,33.11,32.98,33.16,33.43,32.74,28.47,53363.0,54170.0,53621.0,53456.0,54456.0,51818.0,47150.0,0.978,322.2,40.26,1.7,3.512,2.0,-1.0,13.39,0.022,0.246,3.0,2.0,0.0,0.0,56.59,55.24,58.57,57.84,58.42,58.3,57.73,57.91,58.35,52.67
2016-07-28 12:47:00-05:00,1011.0249,1074.7549,576224,40.3,0.0,1067.0,32.53,296.3,275.9,274.3,272.0,266.1,265.9,265.9,295.2,805.0,60.14,218.60000610351562,1453130.0,297.9,237.60000610351562,5.0,0.0,0.0,0.0,0.0,0.0,0.0,0.0,0.0,32.82,56.74,1026.0,270.7,267.6,271.3,60.0,59.9,74.7,0.0,271.8,271.0,272.9,218.1,26.14,219.6,619.0,1443435.0,42643.0,133413.0,0.993,0.979,0.748,0.921,112.0,113.7,111.6,111.4,113.1,110.4,96.2,33.2,33.69,33.06,33.01,33.53,32.71,28.52,53364.0,54170.0,53622.0,53456.0,54457.0,51818.0,47151.0,,0.0,0.0,,,2.0,-1.0,13.39,0.022,0.246,3.0,2.0,0.0,0.0,57.43,56.0,59.38,58.29,59.36,58.39,58.61,58.04,59.02,52.75
2016-07-28 12:48:00-05:00,1008.64886,1070.2717,576225,40.38,0.0,1062.0,32.19,296.3,275.8,274.0,271.7,264.8,264.5,264.6,295.3,800.0,60.14,217.39999389648438,1453134.0,296.5,236.1999969482422,5.0,0.0,0.0,0.0,0.0,0.0,0.0,0.0,0.0,32.46,55.47,1033.0,269.2,266.1,269.7,60.0,59.9,74.7,0.0,271.1,270.8,272.2,216.7,25.92,218.2,619.0,1443439.0,42643.0,133413.0,0.993,0.979,0.748,0.921,111.3,113.8,110.7,110.0,113.0,109.1,95.2,32.97,33.72,32.8,32.58,33.48,32.33,28.2,53364.0,54171.0,53622.0,53457.0,54457.0,51819.0,47151.0,,0.0,0.0,,,2.0,-1.0,13.35,-0.053,0.246,3.0,2.0,0.0,0.001,56.8,55.39,59.16,58.12,59.44,57.37,59.13,57.43,59.26,52.83
2016-07-28 12:49:00-05:00,1006.27277,1066.9095,576226,40.48,0.0,1057.0,32.38,297.4,275.6,274.0,271.7,263.4,263.4,263.3,296.4,792.9,60.14,216.3000030517578,1453137.0,299.1,235.0,5.0,0.0,0.0,0.0,0.0,0.0,0.0,0.0,0.0,32.56,57.1,1016.0,267.7,264.8,268.3,60.0,59.9,74.7,0.0,271.0,270.7,272.0,215.5,25.75,217.0,619.0,1443442.0,42643.0,133414.0,0.993,0.979,0.748,0.921,110.2,111.6,110.0,109.9,110.7,108.6,94.8,32.78,33.18,32.7,32.7,32.92,32.3,28.21,53365.0,54171.0,53623.0,53457.0,54458.0,51819.0,47152.0,,0.0,0.0,,,2.0,-1.0,13.35,-0.011,0.246,3.0,2.0,0.0,0.001,58.02,55.88,59.35,58.22,59.64,56.88,59.21,57.61,59.56,52.92
2016-07-28 12:50:00-05:00,1009.837,1069.1511,576227,40.57,0.0,1058.0,32.74,298.0,275.9,274.2,271.9,259.1,258.8,258.8,297.2,777.9,60.14,212.6999969482422,1453141.0,298.6,231.10000610351562,5.0,0.0,0.0,0.0,0.0,0.0,0.0,0.0,0.0,33.12,58.44,927.0,263.0,260.3,263.4,60.0,59.9,74.7,0.0,271.4,271.0,272.4,211.9,25.19,213.4,619.0,1443446.0,42643.0,133414.0,0.993,0.979,0.748,0.921,107.4,105.1,110.0,110.1,106.1,109.1,95.4,31.99,31.31,32.76,32.8,31.6,32.49,28.41,53365.0,54172.0,53623.0,53458.0,54458.0,51820.0,47152.0,,0.0,0.0,,,2.0,-1.0,13.36,0.011,0.246,3.0,2.0,0.0,0.001,59.36,57.99,60.45,59.42,61.09,58.38,59.54,59.48,60.8,53.01
2016-07-28 12:51:00-05:00,1059.7347,1118.4646,576228,40.67,0.0,1112.0,32.89,297.0,277.0,275.5,273.1,269.5,269.5,269.4,295.8,816.0,60.14,222.60000610351562,1453145.0,297.3,241.39999389648438,5.0,0.0,0.0,0.0,0.0,0.0,0.0,0.0,0.0,33.2,59.07,1039.0,274.2,271.2,275.0,60.0,59.9,74.7,0.0,272.8,272.0,273.9,221.9,26.68,223.5,619.0,1443450.0,42643.0,133414.0,0.993,0.979,0.748,0.921,113.6,114.0,114.1,113.9,114.1,113.0,98.2,33.73,33.86,33.9,33.81,33.89,33.54,29.15,53365.0,54172.0,53624.0,53458.0,54459.0,51820.0,47152.0,,0.0,0.0,,,2.0,-1.0,13.36,0.015,0.246,3.0,2.0,0.0,0.001,59.76,58.96,61.18,60.67,61.96,59.9,60.78,60.6,61.76,53.13
2016-07-28 12:52:00-05:00,858.2426,905.51984,576229,40.79,0.0,893.0,33.01,296.0,276.5,274.9,272.7,220.6,220.6,220.6,295.2,667.9,60.14,181.3000030517578,1453147.0,296.8,197.10000610351562,5.0,0.0,0.0,0.0,0.0,0.0,0.0,0.0,0.0,33.25,58.67,842.0,222.0,221.3,222.3,60.0,59.9,74.7,0.0,272.7,272.0,273.8,180.1,20.13,181.2,619.0,1443453.0,42643.0,133415.0,0.994,0.979,0.748,0.921,94.1,93.2,91.8,90.2,90.2,92.6,76.36,27.84,27.59,27.17,26.7,26.69,27.39,22.6,53366.0,54172.0,53624.0,53458.0,54459.0,51820.0,47153.0,,0.0,0.0,,,2.0,-1.0,13.36,0.016,0.244,3.0,2.0,0.0,0.001,59.27,58.97,61.84,61.06,62.05,60.21,61.15,60.69,62.05,53.26
2016-07-28 12:53:00-05:00,1032.4098,1087.0833,576230,40.91,0.0,1087.0,33.3,296.5,276.8,275.3,273.0,264.3,264.4,264.3,295.6,801.0,60.14,218.10000610351562,1453151.0,297.2,236.6999969482422,5.0,0.0,0.0,0.0,0.0,0.0,0.0,0.0,0.0,33.31,58.33,1038.0,268.6,266.0,269.3,60.0,59.9,74.7,0.0,272.6,272.0,274.0,217.4,25.9,218.9,619.0,1443456.0,42643.0,133415.0,0.993,0.979,0.748,0.921,111.0,112.9,112.4,112.4,112.9,111.0,96.3,32.9,33.47,33.31,33.33,33.48,32.91,28.57,53366.0,54173.0,53625.0,53459.0,54460.0,51821.0,47153.0,,0.0,0.0,,,2.5,-1.0,13.36,0.018,0.245,3.0,2.0,0.0,0.001,59.2,58.88,61.43,60.64,60.05,60.04,60.92,60.21,62.03,53.31
2016-07-28 12:54:00-05:00,779.3565,822.4713,576231,41.02,0.0,811.0,33.85,301.5,276.2,274.8,272.7,205.8,205.0,205.2,300.6,607.4,60.14,168.5,1453154.0,302.2,182.3000030517578,5.0,0.0,0.0,0.0,0.0,0.0,0.0,0.0,0.0,34.12,59.36,654.9,205.0,205.4,204.7,60.0,59.9,74.7,0.0,272.7,272.0,274.0,166.5,17.99,167.5,619.0,1443459.0,42643.0,133416.0,0.994,0.979,0.748,0.921,77.19,67.06,89.5,91.4,72.87,92.2,82.9,23.24,20.2,26.93,27.51,21.94,27.76,24.96,53367.0,54173.0,53625.0,53459.0,54460.0,51821.0,47154.0,,0.0,0.0,,,2.0,-1.0,13.36,0.018,0.243,3.0,2.0,0.0,0.0,59.81,59.69,61.39,60.81,60.48,60.56,60.85,60.28,61.86,53.4
2016-07-28 12:55:00-05:00,1047.8544,1103.8947,576232,41.14,0.0,1094.0,33.96,296.3,276.7,275.2,272.9,263.5,263.4,263.3,295.7,798.8,60.16,217.3000030517578,1453157.0,298.9,236.1999969482422,5.0,0.0,0.0,0.0,0.0,0.0,0.0,0.0,0.0,34.32,59.38,1007.0,267.8,265.0,268.4,60.0,59.9,74.7,0.0,272.5,272.0,274.0,216.6,25.75,218.1,619.0,1443463.0,42643.0,133416.0,0.993,0.979,0.748,0.921,106.8,108.7,113.1,112.6,112.8,111.0,96.6,31.63,32.2,33.51,33.36,33.43,32.89,28.62,53367.0,54174.0,53626.0,53460.0,54461.0,51822.0,47154.0,,0.0,0.0,,,2.0,-1.0,13.36,0.019,0.246,3.0,2.0,0.0,0.0,59.94,59.75,61.72,61.12,61.25,61.55,60.58,60.86,61.54,53.49
2016-07-28 12:56:00-05:00,843.3921,887.25134,576233,41.26,0.0,878.0,34.2,301.8,276.2,275.0,272.8,222.4,221.5,221.7,300.8,658.0,60.2,182.3000030517578,1453160.0,302.3,197.89999389648438,5.0,0.0,0.0,0.0,0.0,0.0,0.0,0.0,0.0,34.7,60.51,880.0,222.7,222.5,222.5,60.0,59.9,74.7,0.0,272.6,272.0,274.0,180.7,20.26,181.8,619.0,1443466.0,42643.0,133416.0,0.994,0.979,0.748,0.921,91.2,91.9,90.5,90.2,90.3,90.1,78.31,27.52,27.74,27.3,27.22,27.26,27.18,23.63,53368.0,54174.0,53626.0,53460.0,54461.0,51822.0,47155.0,,0.0,0.0,,,2.0,-1.0,13.36,0.019,0.244,3.0,2.0,0.0,0.0,60.43,59.91,61.63,61.0,61.39,62.43,60.12,60.04,61.66,53.51
2016-07-28 12:57:00-05:00,717.3407,747.71643,576234,41.37,0.0,750.3,33.61,307.3,276.0,274.4,272.3,189.3,188.7,188.9,306.6,549.0,60.12,154.60000610351562,1453163.0,308.0,168.10000610351562,5.0,0.0,0.0,0.0,0.0,0.0,0.0,0.0,0.0,33.95,59.58,779.6,187.5,188.7,187.2,60.0,59.9,74.7,0.0,272.4,272.0,274.0,152.5,15.73,153.3,619.0,1443468.0,42643.0,133417.0,0.995,0.979,0.748,0.921,77.01,80.4,73.6,73.59,78.63,71.5,63.16,23.62,24.65,22.58,22.58,24.12,21.94,19.39,53368.0,54175.0,53626.0,53461.0,54461.0,51823.0,47155.0,,0.0,0.0,,,2.0,-1.0,13.36,0.019,0.241,3.0,2.0,0.0,0.0,59.71,59.49,60.92,60.46,61.07,60.76,59.84,60.15,61.16,53.56
2016-07-28 12:58:00-05:00,899.11127,941.38416,576235,41.5,0.0,924.0,33.06,300.3,276.3,274.7,272.6,231.1,230.6,230.7,299.2,690.1,60.14,189.6999969482422,1453166.0,300.5,206.1999969482422,5.0,0.0,0.0,0.0,0.0,0.0,0.0,0.0,0.0,33.35,59.39,847.0,232.5,231.4,232.5,60.0,59.9,74.7,0.0,272.1,272.0,273.9,188.3,21.38,189.6,619.0,1443471.0,42643.0,133417.0,0.994,0.979,0.748,0.921,94.2,93.6,95.6,95.0,93.5,95.4,81.9,28.25,28.05,28.66,28.48,28.03,28.61,24.57,53369.0,54175.0,53627.0,53461.0,54462.0,51823.0,47155.0,,0.0,0.0,,,2.0,-1.0,13.36,0.019,0.245,3.0,2.0,0.0,0.0,59.74,58.72,61.07,60.35,61.17,60.5,59.71,59.86,60.9,53.6
2016-07-28 12:59:00-05:00,613.1493,631.7176,576236,41.6,0.0,626.4,32.5,302.8,275.3,274.0,272.1,163.1,162.9,163.1,301.7,480.0,60.15,132.6999969482422,1453168.0,303.7,144.6999969482422,5.0,0.0,0.0,0.0,0.0,0.0,0.0,0.0,0.0,32.93,57.3,556.6,160.2,162.3,160.0,60.0,59.9,74.7,0.0,272.0,271.8,273.5,130.6,12.32,131.2,619.0,1443474.0,42643.0,133417.0,0.996,0.979,0.748,0.921,64.96,62.85,65.69,66.27,61.63,65.18,57.87,19.65,19.02,19.87,20.05,18.66,19.72,17.51,53369.0,54175.0,53627.0,53462.0,54462.0,51823.0,47156.0,1.455,298.8,8.38,2.3,3.513,2.0,-1.0,13.36,0.019,0.24,3.0,2.0,0.0,0.0,57.27,57.75,59.98,59.69,60.52,59.18,58.97,58.81,59.92,53.71
2016-07-28 13:00:00-05:00,415.93405,420.67807,576237,41.7,0.0,414.4,32.31,307.6,274.6,273.2,271.5,107.1,107.6,107.7,306.5,315.4,60.15,86.19999694824219,1453170.0,308.4,96.5999984741211,5.0,0.0,0.0,0.0,0.0,0.0,0.0,0.0,0.0,32.63,54.92,380.9,103.8,106.2,103.6,60.0,59.9,74.7,0.0,272.0,271.4,273.2,84.9,5.135,85.0,619.0,1443475.0,42643.0,133417.0,0.998,0.979,0.748,0.921,41.92,41.24,41.87,41.66,40.82,41.59,35.64,12.89,12.68,12.87,12.81,12.55,12.79,10.96,53369.0,54176.0,53627.0,53462.0,54462.0,51824.0,47156.0,,0.0,0.0,,,2.0,-1.0,13.36,0.019,0.236,3.0,2.0,0.0,0.0,54.38,56.49,57.87,57.56,58.7,56.88,57.14,56.56,58.24,53.79
2016-07-28 13:01:00-05:00,413.08273,418.54865,576238,41.78,0.0,412.4,32.01,299.9,274.2,273.3,271.6,105.4,106.1,106.2,298.8,316.4,60.15,84.80000305175781,1453171.0,301.1,94.5,5.0,0.0,0.0,0.0,0.0,0.0,0.0,0.0,0.0,32.21,52.25,367.8,102.1,104.7,102.1,60.0,59.9,74.7,0.0,272.0,271.1,273.0,83.6,4.935,83.7,619.0,1443476.0,42643.0,133417.0,0.998,0.979,0.748,0.921,43.27,41.64,42.42,41.65,41.04,42.76,35.38,12.96,12.48,12.71,12.48,12.3,12.81,10.61,53369.0,54176.0,53628.0,53462.0,54463.0,51824.0,47156.0,1.228,328.2,26.13,2.0,3.513,2.0,-1.0,13.36,0.019,0.236,3.0,2.0,0.0,0.0,52.16,54.66,56.23,55.99,56.6,56.04,55.68,55.23,56.03,53.88
2016-07-28 13:02:00-05:00,480.91998,490.27737,576239,41.83,0.0,488.5,32.25,297.6,274.5,273.3,271.6,127.1,127.6,127.7,296.6,380.4,60.15,102.80000305175781,1453173.0,298.4,112.69999694824219,5.0,0.0,0.0,0.0,0.0,0.0,0.0,0.0,0.0,32.48,50.05,449.4,123.8,126.5,123.9,60.0,59.9,74.7,0.0,272.0,271.0,273.0,101.2,7.676,101.5,619.0,1443478.0,42643.0,133417.0,0.997,0.979,0.748,0.921,53.38,51.55,51.85,50.67,49.5,52.43,43.07,15.87,15.33,15.42,15.07,14.72,15.58,12.81,53370.0,54176.0,53628.0,53462.0,54463.0,51824.0,47156.0,,0.0,0.0,,,2.0,-1.0,13.36,0.02,0.237,3.0,2.0,0.0,0.0,50.19,52.74,54.52,53.85,54.82,53.63,53.7,52.69,54.26,53.94
2016-07-28 13:03:00-05:00,454.90186,463.37912,576240,41.86,0.0,459.9,32.04,300.0,274.3,273.4,271.6,128.7,129.2,129.4,298.7,382.5,60.15,104.19999694824219,1453174.0,300.6,114.19999694824219,5.0,0.0,0.0,0.0,0.0,0.0,0.0,0.0,0.0,32.36,49.11,576.1,125.4,128.1,125.5,60.0,59.9,74.7,0.0,272.0,271.0,273.0,102.5,7.878,102.8,619.0,1443480.0,42643.0,133418.0,0.997,0.979,0.748,0.921,55.83,58.07,48.56,47.91,53.67,48.19,40.65,16.74,17.41,14.57,14.37,16.1,14.46,12.2,53370.0,54176.0,53628.0,53462.0,54463.0,51824.0,47157.0,0.99,334.4,14.46,1.8,3.513,2.0,-1.0,13.36,0.02,0.237,3.0,2.0,0.0,0.0,49.05,51.69,53.26,52.96,53.99,52.9,52.88,52.28,53.22,53.96
2016-07-28 13:04:00-05:00,519.175,533.6509,576241,41.88,0.0,538.5,32.12,300.4,274.6,273.6,271.7,152.3,152.4,152.6,299.4,449.5,60.14,123.5999984741211,1453176.0,300.9,134.39999389648438,5.0,0.0,0.0,0.0,0.0,0.0,0.0,0.0,0.0,32.27,49.46,821.0,149.5,152.0,149.5,60.0,59.9,74.7,0.0,271.9,271.0,273.0,121.9,10.97,122.4,619.0,1443482.0,42643.0,133418.0,0.996,0.979,0.748,0.921,63.35,75.65,54.91,55.1,75.37,52.62,46.86,18.99,22.67,16.47,16.53,22.6,15.79,14.06,53370.0,54177.0,53628.0,53463.0,54463.0,51825.0,47157.0,0.76,306.2,22.75,1.5,3.513,2.0,-1.0,13.36,0.02,0.237,3.0,2.0,0.0,0.0,49.35,51.2,52.05,51.95,53.16,51.32,52.1,51.09,52.8,53.99
2016-07-28 13:05:00-05:00,808.46356,841.7484,576242,41.91,0.0,847.0,32.38,297.5,275.7,274.2,272.1,212.1,211.2,211.6,296.6,633.5,60.15,173.3000030517578,1453179.0,298.7,187.6999969482422,5.0,0.0,0.0,0.0,0.0,0.0,0.0,0.0,0.0,32.64,51.29,903.0,211.9,211.7,211.7,60.0,59.9,74.7,0.0,272.0,271.1,273.0,171.5,19.0,172.6,619.0,1443485.0,42643.0,133418.0,0.994,0.979,0.748,0.921,91.0,98.8,82.0,82.3,96.5,78.97,70.44,27.04,29.37,24.39,24.46,28.69,23.48,20.95,53371.0,54177.0,53629.0,53463.0,54464.0,51825.0,47157.0,,0.0,0.0,,,2.0,-1.0,13.36,0.02,0.243,3.0,2.0,0.0,0.0,51.4,52.39,53.1,52.43,53.55,52.95,53.06,52.23,53.56,54.09
2016-07-28 13:06:00-05:00,890.9138,932.4181,576243,41.94,0.0,935.0,32.94,312.4,275.0,273.7,271.7,208.4,208.2,208.4,310.4,620.6,60.14,170.8000030517578,1453182.0,311.4,185.3000030517578,4.882999897003174,0.0,0.0,0.0,0.0,0.0,0.0,0.0,0.0,33.41,51.95,914.0,211.4,210.6,212.0,60.0,59.9,74.7,0.0,271.1,270.9,272.9,169.5,18.53,171.7,619.0,1443487.0,42643.0,133418.0,0.883,0.979,0.748,0.921,83.4,85.4,84.3,84.1,84.9,82.9,72.73,25.09,25.66,25.38,25.28,25.48,24.94,21.87,53371.0,54178.0,53629.0,53464.0,54464.0,51825.0,47157.0,1.68,266.7,25.49,2.9,3.513,2.0,-1.0,13.36,0.02,0.243,3.0,2.0,0.0,0.0,52.47,53.19,53.66,53.35,54.2,54.06,53.39,53.29,54.24,54.15
2016-07-28 13:07:00-05:00,1073.9913,1126.3099,576244,41.97,0.0,1126.0,32.76,369.1,274.5,273.2,271.3,154.5,154.1,154.1,368.4,386.8,60.12,125.9000015258789,1453184.0,369.6,138.60000610351562,4.7829999923706055,0.0,0.0,0.0,0.0,0.0,0.0,0.0,0.0,33.61,54.5,1104.0,157.1,157.8,156.9,60.0,59.9,74.7,0.0,271.0,271.0,273.0,124.9,11.47,127.6,619.0,1443490.0,42644.0,133419.0,0.757,0.979,0.748,0.921,54.1,54.73,54.41,53.63,54.0,52.32,46.65,19.45,19.67,19.56,19.27,19.4,18.79,16.77,53371.0,54178.0,53630.0,53464.0,54465.0,51826.0,47158.0,1.948,204.7,20.7,2.8,3.513,2.0,-1.0,13.36,0.02,0.247,3.0,2.0,0.0,0.0,55.38,54.7,55.32,54.93,55.55,55.88,55.07,55.26,56.11,54.24
2016-07-28 13:08:00-05:00,1073.9913,1127.4307,576245,42.01,0.0,1120.0,32.7,339.6,275.3,274.1,271.9,240.3,240.1,240.1,338.9,638.3,60.14,196.89999389648438,1453187.0,340.3,216.10000610351562,5.0,0.0,0.0,0.0,0.0,0.0,0.0,0.0,0.0,34.24,56.97,1062.0,242.3,241.4,242.6,60.0,59.9,74.7,0.0,271.5,271.0,273.0,195.7,22.87,197.0,619.0,1443493.0,42644.0,133419.0,0.993,0.979,0.748,0.921,87.0,88.0,88.6,88.0,87.4,87.1,76.41,29.52,29.88,30.06,29.87,29.67,29.54,25.93,53372.0,54179.0,53630.0,53464.0,54465.0,51826.0,47158.0,1.525,203.3,40.4,2.3,3.512,2.0,-1.0,13.36,0.02,0.247,3.0,2.0,0.0,0.0,57.75,56.3,56.98,56.7,57.2,57.99,55.84,57.9,58.3,54.33
2016-07-28 13:09:00-05:00,1096.5641,1147.6044,576246,42.06,0.0,1146.0,32.98,319.9,276.0,274.3,272.1,267.8,268.5,268.3,319.1,757.3,60.14,220.60000610351562,1453191.0,320.5,241.5,5.0,0.0,0.0,0.0,0.0,0.0,0.0,0.0,0.0,34.34,58.13,1048.0,272.6,270.5,273.8,60.0,59.9,74.7,0.0,271.8,271.0,273.0,220.1,26.54,221.7,619.0,1443496.0,42644.0,133419.0,0.993,0.979,0.748,0.921,103.0,104.3,106.2,105.9,105.3,104.8,91.6,32.93,33.33,33.96,33.86,33.68,33.52,29.28,53372.0,54179.0,53631.0,53465.0,54466.0,51827.0,47159.0,,0.0,0.0,,,2.0,-1.0,13.36,0.02,0.247,3.0,2.0,0.0,0.0,59.05,57.55,58.5,57.97,58.79,59.3,56.97,58.65,59.79,54.41
2016-07-28 13:10:00-05:00,922.8722,967.1616,576247,42.12,0.0,961.0,32.86,309.1,275.5,274.2,272.1,239.3,238.9,238.9,308.1,694.3,60.14,196.10000610351562,1453194.0,310.8,213.89999389648438,5.0,0.0,0.0,0.0,0.0,0.0,0.0,0.0,0.0,33.6,57.69,906.0,240.9,239.9,241.2,60.0,59.9,74.7,0.0,272.0,271.0,273.0,194.7,22.52,196.0,619.0,1443500.0,42644.0,133420.0,0.993,0.979,0.748,0.921,95.4,95.7,95.7,95.5,95.0,95.4,81.8,29.49,29.56,29.59,29.52,29.35,29.46,25.28,53373.0,54180.0,53631.0,53465.0,54466.0,51827.0,47159.0,,0.0,0.0,,,2.0,-1.0,13.36,0.02,0.246,3.0,2.0,0.0,0.0,58.65,58.18,59.35,58.88,59.51,59.17,58.33,59.33,60.65,54.51
2016-07-28 13:11:00-05:00,798.1276,830.76495,576248,42.18,0.0,838.0,33.16,313.6,275.1,273.8,271.8,207.0,206.9,207.0,312.9,593.2,60.15,169.3000030517578,1453197.0,315.2,185.1999969482422,5.0,0.0,0.0,0.0,0.0,0.0,0.0,0.0,0.0,33.88,57.94,773.9,207.6,207.7,207.8,60.0,59.9,74.7,0.0,271.8,271.0,273.0,168.0,18.23,169.0,619.0,1443502.0,42644.0,133420.0,0.995,0.979,0.748,0.921,79.85,81.2,82.7,82.0,82.6,81.1,71.14,24.99,25.42,25.87,25.66,25.88,25.37,22.26,53373.0,54180.0,53631.0,53466.0,54467.0,51828.0,47159.0,,0.0,0.0,,,2.0,-1.0,13.36,0.021,0.242,3.0,2.0,0.0,0.0,58.58,58.05,59.32,59.17,59.91,59.66,58.14,59.5,59.62,54.59
2016-07-28 13:12:00-05:00,1095.376,1147.6044,576249,42.24,0.0,1145.0,32.99,301.8,276.3,274.3,272.2,278.5,279.4,278.9,300.5,832.0,60.13,229.6999969482422,1453201.0,302.0,249.8000030517578,5.0,0.0,0.0,0.0,0.0,0.0,0.0,0.0,0.0,33.32,57.42,1096.0,284.3,281.2,285.5,60.0,59.9,74.7,0.0,271.8,271.0,273.0,229.3,27.81,231.0,619.0,1443506.0,42644.0,133421.0,0.993,0.979,0.748,0.921,117.1,117.2,115.7,116.9,117.1,114.9,98.6,35.31,35.34,34.89,35.27,35.33,34.66,29.72,53374.0,54181.0,53632.0,53466.0,54467.0,51828.0,47160.0,,0.0,0.0,,,2.0,-1.0,13.36,0.021,0.247,3.0,2.0,0.0,0.0,58.49,57.92,59.8,59.13,60.02,59.16,58.46,59.21,60.13,54.64
2016-07-28 13:13:00-05:00,1087.0597,1135.276,576250,42.31,0.0,1130.0,32.89,296.4,276.0,274.6,272.4,277.3,277.4,277.2,295.6,842.0,60.14,228.39999389648438,1453204.0,296.0,248.8000030517578,5.0,0.0,0.0,0.0,0.0,0.0,0.0,0.0,0.0,33.06,57.46,1085.0,282.7,279.5,283.7,60.0,59.9,74.7,0.0,271.9,271.0,273.0,228.0,27.63,229.6,619.0,1443510.0,42644.0,133421.0,0.993,0.979,0.748,0.921,117.6,118.5,117.1,116.6,117.1,116.1,100.5,34.84,35.1,34.71,34.54,34.71,34.4,29.78,53374.0,54181.0,53632.0,53467.0,54468.0,51829.0,47160.0,,0.0,0.0,,,2.0,-1.0,13.36,0.021,0.247,3.0,2.0,0.0,0.0,58.29,58.11,60.4,59.73,60.34,59.38,59.24,59.35,60.68,54.69
2016-07-28 13:14:00-05:00,1065.6749,1115.1023,576251,42.38,0.0,1108.0,32.68,296.5,276.2,274.4,272.3,271.8,272.1,271.8,295.0,825.0,60.15,223.8000030517578,1453208.0,297.4,243.1999969482422,5.0,0.0,0.0,0.0,0.0,0.0,0.0,0.0,0.0,33.08,57.48,1064.0,276.9,273.9,277.7,60.0,59.9,74.7,0.0,271.9,271.0,273.0,223.4,26.94,225.0,619.0,1443514.0,42644.0,133421.0,0.993,0.979,0.748,0.921,114.9,116.1,114.5,113.9,115.0,113.7,98.0,34.07,34.41,33.95,33.78,34.11,33.7,29.04,53375.0,54182.0,53633.0,53467.0,54468.0,51829.0,47161.0,,0.0,0.0,,,2.5,-1.0,13.33,0.018,0.247,3.0,2.0,0.0,0.0,58.21,58.1,60.94,59.93,60.8,58.86,59.67,59.47,61.14,54.74
2016-07-28 13:15:00-05:00,1044.2902,1091.5663,576252,42.45,0.0,1085.0,32.42,296.8,275.8,274.3,272.3,264.9,265.0,264.7,295.6,801.0,60.14,217.8000030517578,1453212.0,296.6,236.6999969482422,5.0,0.0,0.0,0.0,0.0,0.0,0.0,0.0,0.0,32.85,56.51,1040.0,269.3,266.6,269.9,60.0,59.9,74.7,0.0,271.9,271.0,273.0,217.2,25.98,218.7,619.0,1443517.0,42644.0,133422.0,0.993,0.979,0.748,0.921,111.5,113.2,110.7,109.9,113.0,109.4,94.4,33.1,33.6,32.85,32.63,33.53,32.45,28.0,53375.0,54182.0,53633.0,53468.0,54469.0,51829.0,47161.0,1.027,323.5,20.99,1.8,3.512,2.0,-1.0,13.32,-0.073,0.247,3.0,2.0,0.0,0.001,56.86,58.35,61.39,60.27,61.37,58.52,59.78,59.79,61.29,54.75
2016-07-28 13:16:00-05:00,902.2002,942.50494,576253,42.53,0.0,942.0,32.57,297.8,274.9,273.3,271.4,237.0,236.3,236.2,296.3,708.9,60.13,193.5,1453215.0,296.0,210.0,5.0,0.0,0.0,0.0,0.0,0.0,0.0,0.0,0.0,33.32,58.15,898.0,238.6,237.5,238.5,60.0,59.9,74.7,0.0,271.1,270.1,272.1,192.2,22.11,193.4,619.0,1443521.0,42644.0,133422.0,0.993,0.979,0.748,0.921,97.8,98.4,97.9,98.4,98.2,96.8,85.7,29.11,29.29,29.16,29.3,29.24,28.82,25.5,53376.0,54183.0,53634.0,53468.0,54469.0,51830.0,47162.0,0.783,332.3,29.76,1.4,3.513,2.0,-1.0,13.32,0.003,0.245,3.0,2.0,0.0,0.001,57.88,59.09,61.39,60.52,61.58,58.56,60.02,60.15,61.97,54.84
2016-07-28 13:17:00-05:00,1075.1793,1129.6722,576254,42.62,0.0,1124.0,32.8,295.9,275.2,273.7,271.6,274.0,274.5,274.1,294.9,831.0,60.14,225.10000610351562,1453218.0,294.9,244.89999389648438,5.0,0.0,0.0,0.0,0.0,0.0,0.0,0.0,0.0,33.27,59.44,1078.0,279.4,276.4,280.3,60.0,59.9,74.7,0.0,271.0,270.0,272.0,224.7,27.11,226.3,619.0,1443524.0,42644.0,133423.0,0.993,0.979,0.748,0.921,116.1,116.7,115.5,115.9,116.3,114.2,99.4,34.36,34.52,34.19,34.3,34.42,33.79,29.4,53376.0,54183.0,53634.0,53469.0,54470.0,51830.0,47162.0,,0.0,0.0,,,2.0,-1.0,13.32,0.013,0.247,3.0,2.0,0.0,0.001,59.5,59.76,62.35,61.4,62.01,60.02,60.86,61.42,62.39,54.85
2016-07-28 13:18:00-05:00,1064.4869,1117.3438,576255,42.7,0.0,1112.0,32.8,296.2,275.5,273.3,271.3,270.2,270.9,270.4,295.4,818.0,60.15,222.0,1453222.0,296.9,241.5,5.0,0.0,0.0,0.0,0.0,0.0,0.0,0.0,0.0,33.16,59.34,1065.0,275.3,272.5,276.1,60.0,59.9,74.7,0.0,271.0,270.0,272.0,221.4,26.68,223.0,619.0,1443528.0,42644.0,133423.0,0.993,0.979,0.748,0.921,114.1,114.9,113.7,113.3,114.1,112.6,97.6,33.78,34.02,33.68,33.56,33.8,33.36,28.91,53377.0,54184.0,53635.0,53469.0,54470.0,51831.0,47163.0,1.342,283.1,39.24,2.7,3.513,2.0,-1.0,13.32,0.015,0.247,3.0,2.0,0.0,0.001,59.69,60.05,62.86,61.61,62.71,59.64,61.74,61.35,63.32,54.82
2016-07-28 13:19:00-05:00,1020.52924,1068.0303,576256,42.79,0.0,1063.0,32.58,296.6,274.8,273.4,271.4,258.7,258.7,258.5,295.5,780.0,60.14,211.89999389648438,1453226.0,297.5,230.39999389648438,5.0,0.0,0.0,0.0,0.0,0.0,0.0,0.0,0.0,32.95,57.55,1026.0,262.3,260.1,262.8,60.0,59.9,74.7,0.0,271.0,270.0,272.0,211.0,25.08,212.5,619.0,1443532.0,42644.0,133424.0,0.993,0.979,0.748,0.921,110.2,110.8,107.9,106.7,107.6,107.8,90.6,32.67,32.86,32.0,31.63,31.89,31.96,26.85,53377.0,54184.0,53635.0,53470.0,54471.0,51831.0,47163.0,1.76,289.7,20.55,2.9,3.513,2.0,-1.0,13.32,0.016,0.247,3.0,2.0,0.0,0.001,58.24,59.11,62.62,61.3,62.56,58.78,61.82,60.41,63.07,54.87
2016-07-28 13:20:00-05:00,795.8703,826.16986,576257,42.88,0.0,821.0,32.3,304.7,274.4,272.9,271.0,206.1,205.4,205.5,303.5,601.2,60.15,167.60000610351562,1453228.0,305.7,182.3000030517578,5.0,0.0,0.0,0.0,0.0,0.0,0.0,0.0,0.0,32.53,55.91,782.6,204.9,205.6,204.6,60.0,59.9,74.7,0.0,271.0,270.0,272.0,165.4,17.92,166.4,619.0,1443534.0,42644.0,133424.0,0.994,0.979,0.748,0.921,83.9,83.4,82.0,81.0,81.1,81.9,68.66,25.56,25.42,24.97,24.66,24.72,24.93,20.89,53378.0,54184.0,53636.0,53470.0,54471.0,51832.0,47164.0,2.343,290.5,19.74,3.6,3.513,2.0,-1.0,13.32,0.017,0.244,3.0,2.0,0.0,0.001,56.19,58.43,62.19,61.04,62.14,58.67,61.04,60.01,62.7,54.93
2016-07-28 13:21:00-05:00,1032.4098,1071.3926,576258,42.97,0.0,1076.0,32.24,301.7,274.9,273.3,271.3,262.5,262.6,262.4,300.9,778.8,60.14,215.10000610351562,1453232.0,302.6,234.10000610351562,5.0,0.0,0.0,0.0,0.0,0.0,0.0,0.0,0.0,32.52,55.53,1048.0,267.1,264.7,267.8,60.0,59.9,74.7,0.0,271.0,270.0,272.0,214.8,25.59,216.3,619.0,1443538.0,42644.0,133424.0,0.993,0.979,0.748,0.921,109.6,111.1,108.3,108.3,109.9,106.7,93.1,33.03,33.48,32.64,32.65,33.15,32.15,28.06,53378.0,54185.0,53636.0,53471.0,54471.0,51832.0,47164.0,1.422,283.8,24.47,2.3,3.513,2.0,-1.0,13.32,0.018,0.246,3.0,2.0,0.0,0.0,55.03,57.74,61.96,60.51,61.53,58.1,60.38,60.02,62.0,55.01
2016-07-28 13:22:00-05:00,1062.1108,1102.7739,576259,43.04,0.0,1101.0,32.0,295.9,274.9,273.4,271.3,269.8,270.0,269.7,294.8,817.0,60.15,221.1999969482422,1453235.0,297.2,240.6999969482422,5.0,0.0,0.0,0.0,0.0,0.0,0.0,0.0,0.0,32.34,54.83,1068.0,274.7,271.9,275.5,60.0,59.9,74.7,0.0,271.0,270.0,272.0,220.8,26.52,222.4,619.0,1443542.0,42644.0,133425.0,0.993,0.979,0.748,0.921,114.1,115.6,112.7,112.6,114.8,111.9,96.8,33.77,34.22,33.34,33.32,33.97,33.13,28.66,53379.0,54185.0,53637.0,53471.0,54472.0,51833.0,47164.0,0.882,307.0,47.56,2.2,3.513,2.0,-1.0,13.32,0.018,0.247,3.0,2.0,0.0,0.0,54.64,58.1,62.47,61.11,62.43,58.58,60.99,61.02,62.83,55.01
2016-07-28 13:23:00-05:00,749.0614,774.39056,576260,43.11,0.0,768.7,32.18,299.6,274.3,272.6,270.7,194.7,194.3,194.4,298.3,578.1,60.13,158.1999969482422,1453238.0,299.9,172.0,5.0,0.0,0.0,0.0,0.0,0.0,0.0,0.0,0.0,32.45,54.9,548.6,193.7,194.5,193.7,60.0,59.9,74.7,0.0,271.0,270.0,272.0,156.4,16.47,157.3,619.0,1443544.0,42644.0,133425.0,0.995,0.979,0.748,0.921,67.85,62.7,86.7,90.6,72.53,82.3,80.8,20.25,18.72,25.91,27.12,21.72,24.59,24.17,53379.0,54186.0,53637.0,53471.0,54472.0,51833.0,47165.0,,0.0,0.0,,,2.0,-1.0,13.32,0.018,0.243,3.0,2.0,0.0,0.0,54.2,58.2,62.51,61.7,62.99,59.91,61.2,61.5,63.23,55.01
2016-07-28 13:24:00-05:00,765.93164,792.09863,576261,43.17,0.0,782.0,32.15,340.4,273.5,272.0,270.3,130.5,130.6,130.5,337.9,382.1,60.13,106.30000305175781,1453240.0,339.8,116.5,4.650000095367432,0.0,0.0,0.0,0.0,0.0,0.0,0.0,0.0,32.5,52.66,677.3,134.5,134.0,134.5,60.0,59.9,74.7,0.0,270.8,270.0,272.0,104.2,8.02,107.8,619.0,1443546.0,42644.0,133425.0,0.646,0.979,0.748,0.921,47.87,52.03,52.19,51.96,52.38,50.73,44.57,14.74,16.04,16.03,15.98,16.12,15.52,13.72,53379.0,54186.0,53637.0,53472.0,54472.0,51833.0,47165.0,1.99,298.0,13.9,3.1,3.513,2.0,-1.0,13.32,0.019,0.243,3.0,2.0,0.0,0.0,51.88,56.73,61.26,60.39,61.77,57.6,60.23,60.01,61.41,55.03
2016-07-28 13:25:00-05:00,443.97186,452.0594,576262,43.23,0.0,454.6,32.13,339.0,273.2,271.6,270.0,98.4,98.8,98.7,338.2,268.9,60.16,78.37999725341797,1453241.0,339.7,90.69999694824219,5.0,0.0,0.0,0.0,0.0,0.0,0.0,0.0,0.0,32.35,49.89,425.2,95.5,97.5,94.9,60.0,59.9,74.7,0.0,271.0,270.0,272.0,77.5,4.029,77.63,619.0,1443547.0,42644.0,133425.0,0.932,0.979,0.748,0.921,34.82,36.17,33.79,34.48,36.11,32.69,29.82,11.78,12.23,11.42,11.66,12.21,11.05,10.08,53379.0,54186.0,53637.0,53472.0,54473.0,51834.0,47165.0,2.152,295.7,13.82,3.1,3.513,2.0,-1.0,13.32,0.019,0.238,3.0,2.0,0.0,0.0,49.14,55.07,59.58,58.86,60.25,55.88,58.3,57.77,59.21,55.08
2016-07-28 13:26:00-05:00,475.69263,484.67355,576263,43.3,0.0,487.8,32.34,325.6,274.1,272.6,270.9,124.0,124.1,124.2,325.1,345.9,60.22,99.80000305175781,1453243.0,326.8,112.0999984741211,5.0,0.0,0.0,0.0,0.0,0.0,0.0,0.0,0.0,32.51,49.14,467.2,121.1,123.3,120.7,60.0,59.9,74.7,0.0,271.6,270.8,272.8,98.5,7.293,98.8,619.0,1443549.0,42644.0,133425.0,0.997,0.979,0.748,0.921,45.62,46.92,45.96,46.13,46.61,44.4,39.95,14.8,15.22,14.91,14.97,15.13,14.4,12.96,53380.0,54186.0,53638.0,53472.0,54473.0,51834.0,47166.0,2.315,288.6,10.02,3.3,3.513,2.0,-1.0,13.32,0.019,0.238,3.0,2.0,0.0,0.0,48.36,53.29,57.56,57.14,58.26,54.5,56.41,55.89,57.52,55.09
2016-07-28 13:27:00-05:00,1018.15326,1055.7019,576264,43.3,0.0,1066.0,32.82,305.8,276.1,274.1,272.1,266.5,267.0,266.8,304.7,787.9,60.18,219.5,1453246.0,308.6,239.39999389648438,5.0,0.0,0.0,0.0,0.0,0.0,0.0,0.0,0.0,33.17,50.43,1020.0,271.8,269.5,272.9,60.0,59.9,74.7,0.0,272.0,271.0,273.0,219.4,26.25,221.0,619.0,1443553.0,42644.0,133426.0,0.993,0.979,0.748,0.921,108.1,111.1,110.4,110.1,112.4,107.7,96.3,32.95,33.88,33.67,33.6,34.31,32.84,29.39,53380.0,54187.0,53638.0,53473.0,54474.0,51834.0,47166.0,1.675,289.8,18.2,2.9,3.513,2.0,-1.0,13.32,0.019,0.245,3.0,2.0,0.0,0.0,49.89,53.2,57.26,56.26,57.57,53.78,56.06,55.28,56.72,55.01
2016-07-28 13:28:00-05:00,1103.6924,1150.9667,576265,43.3,0.0,1141.0,32.87,296.5,276.2,274.3,272.3,283.1,283.4,283.2,295.6,862.0,60.14,233.3000030517578,1453250.0,296.4,255.0,5.0,0.0,0.0,0.0,0.0,0.0,0.0,0.0,0.0,33.19,52.44,1098.0,288.3,285.0,289.6,60.0,59.9,74.7,0.0,272.0,271.0,273.0,232.5,28.31,234.2,619.0,1443556.0,42644.0,133426.0,0.993,0.979,0.748,0.921,121.3,120.9,119.7,117.7,116.8,118.0,102.2,35.96,35.84,35.49,34.91,34.64,34.99,30.3,53381.0,54188.0,53639.0,53473.0,54474.0,51835.0,47166.0,,0.0,0.0,,,2.5,-1.0,13.32,0.019,0.248,3.0,2.0,0.0,0.0,52.45,54.45,58.62,57.44,58.97,55.28,57.53,57.1,58.56,55.1
2016-07-28 13:29:00-05:00,1040.726,1076.9963,576266,43.3,0.0,1086.0,33.05,296.9,275.9,274.1,272.1,269.1,269.6,269.3,295.2,817.0,60.15,221.5,1453254.0,297.4,240.89999389648438,5.0,0.0,0.0,0.0,0.0,0.0,0.0,0.0,0.0,33.34,53.46,1084.0,274.4,271.8,275.5,60.0,59.9,74.7,0.0,271.8,271.0,273.0,221.3,26.6,222.9,619.0,1443560.0,42644.0,133427.0,0.993,0.979,0.748,0.921,115.1,117.8,111.8,112.6,117.0,111.0,97.1,34.16,34.96,33.18,33.42,34.71,32.92,28.83,53381.0,54188.0,53640.0,53474.0,54475.0,51836.0,47167.0,1.535,313.8,20.27,2.4,3.512,2.0,-1.0,13.32,0.019,0.247,3.0,2.0,0.0,0.0,53.86,55.62,59.67,58.43,59.41,56.67,58.29,58.41,59.25,55.13
2016-07-28 13:30:00-05:00,1135.7695,1176.7443,576267,43.35,0.0,1175.0,33.54,296.2,276.1,274.3,272.3,285.8,286.8,286.3,295.1,872.0,60.13,235.6999969482422,1453257.0,295.5,257.20001220703125,5.0,0.0,0.0,0.0,0.0,0.0,0.0,0.0,0.0,33.72,55.53,1138.0,292.0,288.8,293.4,60.0,59.9,74.7,0.0,271.6,270.9,273.0,235.4,28.8,237.2,619.0,1443564.0,42644.0,133427.0,0.993,0.979,0.748,0.921,122.6,123.8,120.5,120.0,121.8,119.9,103.2,36.31,36.67,35.69,35.54,36.07,35.5,30.58,53382.0,54189.0,53640.0,53475.0,54476.0,51836.0,47167.0,,0.0,0.0,,,2.0,-1.0,13.32,0.019,0.248,3.0,2.0,0.0,0.0,56.15,57.22,61.5,60.38,61.08,59.27,60.05,60.09,60.36,55.21
2016-07-28 13:31:00-05:00,1144.0858,1182.348,576268,43.38,0.0,1181.0,33.21,296.0,276.3,274.5,272.5,285.9,287.1,286.5,293.8,874.0,60.15,236.10000610351562,1453261.0,298.1,256.8999938964844,5.0,0.0,0.0,0.0,0.0,0.0,0.0,0.0,0.0,33.18,56.46,1149.0,292.2,289.0,293.7,60.0,59.9,74.7,0.0,271.9,271.0,273.0,235.8,28.8,237.6,619.0,1443568.0,42644.0,133428.0,0.993,0.979,0.748,0.921,122.8,124.1,120.7,120.3,121.9,119.4,103.8,36.35,36.73,35.73,35.62,36.09,35.35,30.73,53383.0,54190.0,53641.0,53475.0,54476.0,51837.0,47168.0,2.195,300.8,13.96,3.7,3.513,2.0,-1.0,13.32,0.019,0.249,3.0,2.0,0.0,0.0,57.22,58.05,62.37,61.25,62.15,60.07,61.09,61.07,61.15,55.24
2016-07-28 13:32:00-05:00,1003.8967,1031.0452,576269,43.43,0.0,1031.0,32.93,296.5,276.1,274.4,272.4,255.3,255.1,255.0,294.7,773.1,60.18,209.8000030517578,1453265.0,296.6,227.8000030517578,5.0,0.0,0.0,0.0,0.0,0.0,0.0,0.0,0.0,33.22,55.56,980.0,258.6,256.6,259.0,60.0,59.9,74.7,0.0,272.0,271.0,273.0,208.8,24.7,210.3,619.0,1443571.0,42644.0,133428.0,0.993,0.979,0.748,0.921,106.8,107.2,107.0,107.4,106.7,106.3,93.2,31.66,31.78,31.72,31.82,31.64,31.51,27.64,53383.0,54190.0,53641.0,53476.0,54477.0,51837.0,47168.0,1.595,296.8,15.1,2.4,3.512,2.0,-1.0,13.32,0.019,0.247,3.0,2.0,0.0,0.0,56.61,57.91,62.54,61.19,62.18,59.1,61.19,60.49,61.3,55.31
2016-07-28 13:33:00-05:00,975.3837,998.5431,576270,43.49,0.0,1000.0,32.99,299.6,275.7,274.1,272.1,247.7,247.4,247.2,298.5,740.2,60.16,203.1999969482422,1453268.0,301.1,220.8000030517578,5.0,0.0,0.0,0.0,0.0,0.0,0.0,0.0,0.0,33.24,56.47,954.0,250.3,248.7,250.6,60.0,59.9,74.7,0.0,271.9,271.0,273.0,202.1,23.6,203.5,619.0,1443575.0,42644.0,133428.0,0.993,0.979,0.748,0.921,102.1,103.5,102.1,102.5,103.6,100.9,88.7,30.58,31.01,30.58,30.71,31.03,30.21,26.57,53384.0,54191.0,53642.0,53476.0,54477.0,51838.0,47169.0,1.5,295.8,19.8,2.7,3.512,2.0,-1.0,13.32,0.019,0.246,3.0,2.0,0.0,0.0,56.64,58.57,62.94,61.51,62.59,59.11,61.38,61.12,61.76,55.35
2016-07-28 13:34:00-05:00,891.0326,906.6405,576271,43.54,0.0,903.0,33.09,297.2,275.5,274.0,272.0,226.1,226.1,226.0,295.5,681.5,60.14,185.3000030517578,1453271.0,298.4,201.1999969482422,5.0,0.0,0.0,0.0,0.0,0.0,0.0,0.0,0.0,33.27,55.76,802.0,227.2,226.5,227.6,60.0,59.9,74.7,0.0,272.0,271.0,273.0,183.8,20.64,184.9,619.0,1443578.0,42644.0,133429.0,0.994,0.979,0.748,0.921,89.8,89.7,95.0,96.4,91.9,93.0,85.8,26.67,26.66,28.21,28.65,27.32,27.6,25.5,53384.0,54191.0,53642.0,53477.0,54478.0,51838.0,47169.0,1.703,301.3,16.55,2.8,3.513,2.0,-1.0,13.32,0.019,0.244,3.0,2.0,0.0,0.0,55.54,58.32,62.09,60.98,62.04,58.13,60.78,60.18,61.41,55.41
2016-07-28 13:35:00-05:00,920.0209,931.2973,576272,43.6,0.0,939.0,32.87,297.0,276.1,274.0,272.0,231.8,231.8,231.7,295.9,698.7,60.17,190.1999969482422,1453274.0,297.4,206.5,5.0,0.0,0.0,0.0,0.0,0.0,0.0,0.0,0.0,33.14,54.99,889.0,233.9,233.1,234.3,60.0,59.9,74.7,0.0,272.0,271.0,273.0,189.2,21.5,190.5,619.0,1443581.0,42644.0,133429.0,0.994,0.979,0.748,0.921,96.8,98.4,97.2,96.3,99.1,96.3,82.2,28.74,29.21,28.86,28.61,29.43,28.59,24.4,53385.0,54192.0,53643.0,53477.0,54478.0,51839.0,47170.0,,0.0,0.0,,,2.0,-1.0,13.32,0.02,0.245,3.0,2.0,0.0,0.0,54.86,57.62,61.33,60.23,61.51,57.32,60.36,59.77,60.87,55.41
2016-07-28 13:36:00-05:00,1070.4271,1090.4456,576273,43.65,0.0,1089.0,32.72,297.7,276.4,274.8,272.8,266.1,266.2,265.9,296.3,806.0,60.15,219.3000030517578,1453278.0,300.1,238.6999969482422,5.0,0.0,0.0,0.0,0.0,0.0,0.0,0.0,0.0,32.9,54.88,1052.0,270.3,267.8,271.1,60.0,59.9,74.7,0.0,272.1,271.4,273.5,218.5,26.08,220.1,619.0,1443585.0,42644.0,133430.0,0.993,0.979,0.748,0.921,113.6,114.4,110.7,109.9,110.6,111.0,94.7,33.81,34.04,32.92,32.7,32.91,33.03,28.17,53385.0,54192.0,53643.0,53478.0,54479.0,51839.0,47170.0,1.66,323.4,9.23,2.7,3.512,2.0,-1.0,13.32,0.02,0.247,3.0,2.0,0.0,0.0,55.04,58.18,62.18,61.09,62.25,58.32,60.86,60.52,61.13,55.43
2016-07-28 13:37:00-05:00,1045.4781,1062.4265,576274,43.71,0.0,1063.0,33.02,298.3,276.0,274.7,272.7,258.4,258.3,258.1,296.2,779.7,60.18,212.60000610351562,1453281.0,299.7,230.8000030517578,5.0,0.0,0.0,0.0,0.0,0.0,0.0,0.0,0.0,33.35,55.16,1043.0,261.9,259.8,262.3,60.0,59.9,74.7,0.0,272.0,271.0,273.2,211.6,25.17,213.1,619.0,1443588.0,42644.0,133430.0,0.993,0.979,0.748,0.921,110.0,112.3,106.8,105.5,111.5,106.8,88.6,32.81,33.48,31.85,31.45,33.25,31.83,26.42,53386.0,54193.0,53644.0,53478.0,54479.0,51840.0,47170.0,,0.0,0.0,,,2.0,-1.0,13.32,0.02,0.248,3.0,2.0,0.0,0.0,56.14,57.64,62.02,60.82,61.97,57.8,60.8,59.88,61.29,55.49
2016-07-28 13:38:00-05:00,745.6161,742.3368,576275,43.74,0.0,737.8,32.99,298.9,275.5,274.1,272.3,188.5,188.7,188.6,298.1,565.6,60.15,154.10000610351562,1453284.0,299.9,168.5,5.0,0.0,0.0,0.0,0.0,0.0,0.0,0.0,0.0,33.25,55.73,720.7,186.7,187.9,186.8,60.0,59.9,74.7,0.0,272.1,271.2,273.6,151.8,15.63,152.6,619.0,1443591.0,42644.0,133430.0,0.995,0.979,0.748,0.921,79.03,78.44,75.3,74.64,75.67,75.27,63.99,23.61,23.44,22.48,22.29,22.61,22.47,19.1,53386.0,54193.0,53644.0,53479.0,54480.0,51840.0,47171.0,,0.0,0.0,,,2.0,-1.0,13.32,0.02,0.243,3.0,2.0,0.0,0.0,56.55,58.18,61.83,60.9,62.36,58.76,60.87,60.48,61.6,55.5
2016-07-28 13:39:00-05:00,477.2371,453.40433,576276,43.81,0.0,457.1,32.86,303.5,275.1,273.6,271.9,120.8,121.2,121.4,301.9,359.8,60.14,97.69999694824219,1453285.0,304.3,108.5999984741211,5.0,0.0,0.0,0.0,0.0,0.0,0.0,0.0,0.0,32.98,54.83,442.1,117.3,119.8,117.2,60.0,59.9,74.7,0.0,272.1,271.5,274.0,96.0,6.81,96.2,619.0,1443592.0,42644.0,133430.0,0.998,0.979,0.748,0.921,47.85,48.4,47.3,47.02,48.02,46.81,40.42,14.52,14.68,14.35,14.26,14.57,14.2,12.26,53386.0,54193.0,53645.0,53479.0,54480.0,51840.0,47171.0,0.743,308.8,33.25,1.9,3.512,2.0,-1.0,13.32,0.02,0.238,3.0,2.0,0.0,0.0,55.43,57.56,60.43,59.83,60.92,57.89,59.4,59.04,60.43,55.5
2016-07-28 13:40:00-05:00,537.9461,512.46844,576277,43.85,0.0,525.1,32.7,296.7,275.1,273.7,272.0,139.7,140.0,140.3,295.3,421.9,60.14,113.4000015258789,1453287.0,296.9,124.5999984741211,5.0,0.0,0.0,0.0,0.0,0.0,0.0,0.0,0.0,32.96,52.97,517.5,136.6,139.4,136.8,60.0,59.9,74.7,0.0,272.1,271.3,273.7,111.7,9.26,112.1,619.0,1443594.0,42644.0,133431.0,0.997,0.979,0.748,0.921,56.41,58.0,56.36,56.43,58.69,55.35,48.35,16.73,17.21,16.72,16.74,17.41,16.42,14.34,53387.0,54194.0,53645.0,53479.0,54480.0,51841.0,47171.0,1.505,263.2,17.21,2.3,3.512,2.0,-1.0,13.32,0.02,0.239,3.0,2.0,0.0,0.0,53.14,56.3,58.59,58.23,58.92,56.11,57.68,57.58,58.82,55.59
2016-07-28 13:41:00-05:00,378.03546,348.0527,576278,43.87,0.0,353.5,32.41,304.6,274.5,273.3,271.8,95.6,96.4,96.4,303.8,289.4,60.15,76.75,1453289.0,304.5,87.69999694824219,5.0,0.0,0.0,0.0,0.0,0.0,0.0,0.0,0.0,32.58,50.83,341.2,92.1,94.5,92.0,60.0,59.9,74.7,0.0,272.0,271.3,273.7,75.46,3.663,75.56,619.0,1443595.0,42644.0,133431.0,0.999,0.979,0.748,0.921,37.62,37.51,37.08,36.82,36.82,36.94,31.55,11.43,11.39,11.26,11.19,11.19,11.22,9.58,53387.0,54194.0,53645.0,53479.0,54480.0,51841.0,47171.0,,0.0,0.0,,,2.0,-1.0,13.32,0.02,0.237,3.0,2.0,0.0,0.0,50.61,54.5,56.92,56.59,57.4,54.75,55.99,55.94,57.17,55.6
2016-07-28 13:42:00-05:00,293.44675,268.59067,576279,43.91,0.0,279.3,32.25,312.6,274.3,272.8,271.4,75.41,76.32,76.21,311.4,229.1,60.14,59.91999816894531,1453290.0,313.9,71.33999633789062,5.0,0.0,0.0,0.0,0.0,0.0,0.0,0.0,0.0,32.42,48.99,271.2,72.34,74.52,72.04,60.0,59.9,74.7,0.0,272.0,271.1,273.3,59.23,1.211,59.25,619.0,1443596.0,42644.0,133431.0,1.0,0.979,0.748,0.921,28.6,28.97,28.47,28.37,28.79,28.19,24.48,8.94,9.06,8.9,8.87,9.0,8.81,7.652,53387.0,54194.0,53645.0,53480.0,54481.0,51841.0,47172.0,,0.0,0.0,,,2.5,-1.0,13.32,0.02,0.236,3.0,2.0,0.0,0.0,48.31,52.67,54.99,54.68,55.66,53.01,54.0,53.88,55.13,55.6
2016-07-28 13:43:00-05:00,261.01315,240.57161,576280,43.88,0.0,253.6,32.11,307.5,274.3,272.7,271.2,69.7,70.67,70.55,306.6,215.9,60.14,55.16999816894531,1453291.0,308.5,66.19999694824219,5.0,0.0,0.0,0.0,0.0,0.0,0.0,0.0,0.0,32.2,47.43,247.5,66.68,68.9,66.42,60.0,59.9,74.7,0.0,272.0,271.4,273.5,54.61,0.556,54.61,619.0,1443597.0,42644.0,133431.0,1.0,0.979,0.748,0.921,26.76,27.02,26.7,26.71,27.03,26.44,22.97,8.23,8.31,8.21,8.21,8.31,8.13,7.063,53387.0,54194.0,53645.0,53480.0,54481.0,51841.0,47172.0,0.755,298.0,32.19,1.2,3.513,2.0,-1.0,13.32,0.02,0.235,3.0,2.0,0.0,0.0,47.26,51.5,52.98,53.04,54.01,51.31,52.3,52.24,53.29,55.62
2016-07-28 13:44:00-05:00,262.0824,243.26143,576281,43.87,0.0,258.9,32.18,300.8,273.5,272.5,271.1,71.74,72.81,72.64,299.9,225.1,60.14,56.83000183105469,1453292.0,301.9,67.44999694824219,5.0,0.0,0.0,0.0,0.0,0.0,0.0,0.0,0.0,32.46,46.79,258.5,68.83,71.18,68.63,60.0,59.9,74.7,0.0,272.0,271.0,273.0,56.33,0.847,56.34,619.0,1443598.0,42644.0,133431.0,1.0,0.979,0.748,0.921,28.1,28.78,28.16,28.18,29.03,27.77,24.33,8.45,8.65,8.47,8.47,8.72,8.35,7.313,53388.0,54195.0,53646.0,53480.0,54481.0,51841.0,47172.0,,0.0,0.0,,,2.0,-1.0,13.32,0.02,0.235,3.0,2.0,0.0,0.0,46.63,50.39,51.81,51.96,52.65,51.1,51.1,51.51,52.04,55.68
2016-07-28 13:45:00-05:00,253.17207,235.07988,576282,43.82,0.0,249.7,32.86,301.0,273.9,272.6,271.1,69.92,70.94,70.76,299.9,219.6,60.15,55.33000183105469,1453292.0,301.5,65.7300033569336,5.0,0.0,0.0,0.0,0.0,0.0,0.0,0.0,0.0,33.84,46.96,252.6,66.62,68.98,66.44,60.0,59.9,74.7,0.0,272.0,271.0,273.0,54.56,0.601,54.58,619.0,1443599.0,42644.0,133431.0,-0.134,0.979,0.748,0.921,27.31,27.96,27.05,27.1,27.78,26.66,23.22,8.2,8.39,8.12,8.14,8.34,8.01,6.973,53388.0,54195.0,53646.0,53480.0,54481.0,51842.0,47172.0,0.418,174.6,59.37,0.8,3.512,2.0,-1.0,13.32,0.021,0.235,3.0,2.0,0.0,0.0,46.82,49.74,50.9,51.03,51.39,52.06,50.17,51.01,51.2,55.7
2016-07-28 13:46:00-05:00,213.0162,193.9479,576283,43.78,0.0,209.1,33.49,311.5,273.8,272.7,271.3,58.63,59.72,59.44,310.6,182.8,60.14,45.9900016784668,1453293.0,312.7,56.77000045776367,5.0,0.0,0.0,0.0,0.0,0.0,0.0,0.0,0.0,34.8,46.55,203.2,55.42,57.7,55.1,60.0,59.9,74.7,0.0,272.0,271.0,273.3,45.39,-0.718,45.39,619.0,1443600.0,42644.0,133431.0,-1.0,0.979,0.748,0.921,21.98,22.03,22.05,22.05,22.06,21.78,18.98,6.848,6.862,6.868,6.867,6.871,6.786,5.912,53388.0,54195.0,53646.0,53480.0,54481.0,51842.0,47172.0,,0.0,0.0,,,2.0,-1.0,13.32,0.021,0.235,3.0,2.0,0.0,0.0,46.56,48.77,49.93,50.13,50.46,53.05,49.08,50.15,50.12,55.63
2016-07-28 13:47:00-05:00,202.205,182.96443,576284,43.73,0.0,198.0,33.65,312.5,274.3,273.0,271.6,55.79,56.99,56.65,311.6,174.7,60.15,43.72999954223633,1453294.0,313.8,54.439998626708984,5.0,0.0,0.0,0.0,0.0,0.0,0.0,0.0,0.0,34.56,45.6,192.5,52.55,54.91,52.26,60.0,59.9,74.7,0.0,272.1,271.9,274.0,43.12,-1.057,43.13,619.0,1443601.0,42644.0,133431.0,-1.0,0.979,0.748,0.921,20.88,20.94,20.86,20.85,20.95,20.71,17.99,6.525,6.545,6.517,6.516,6.547,6.473,5.622,53388.0,54195.0,53646.0,53480.0,54481.0,51842.0,47172.0,0.498,215.2,53.8,1.1,3.513,2.0,-1.0,13.32,0.021,0.235,3.0,2.0,0.0,0.0,45.89,47.78,48.81,49.0,49.46,51.73,47.91,49.03,49.0,55.6
2016-07-28 13:48:00-05:00,191.39381,172.54134,576285,43.68,0.0,186.1,33.49,313.6,274.3,273.0,271.6,53.02,54.27,53.92,312.5,166.8,60.14,41.470001220703125,1453295.0,314.0,52.099998474121094,5.0,0.0,0.0,0.0,0.0,0.0,0.0,0.0,0.0,34.44,45.16,182.7,49.84,52.21,49.57,60.0,59.9,74.7,0.0,272.2,271.9,274.0,40.89,-1.378,40.92,619.0,1443601.0,42644.0,133431.0,-0.999,0.979,0.748,0.921,19.73,19.84,19.72,19.7,19.84,19.61,17.02,6.187,6.22,6.182,6.176,6.219,6.15,5.338,53388.0,54195.0,53646.0,53480.0,54481.0,51842.0,47172.0,,0.0,0.0,,,2.0,-1.0,13.32,0.021,0.234,3.0,2.0,0.0,0.0,45.43,46.98,47.83,47.91,48.55,51.11,46.74,48.13,47.95,55.62
2016-07-28 13:49:00-05:00,176.89969,158.64389,576286,43.6,0.0,172.2,33.38,316.4,274.4,272.9,271.5,49.03,50.44,50.01,315.5,155.1,60.14,38.209999084472656,1453295.0,317.2,48.939998626708984,5.0,0.0,0.0,0.0,0.0,0.0,0.0,0.0,0.0,34.68,44.68,169.4,46.01,48.34,45.71,60.0,59.9,74.7,0.0,272.5,271.9,274.0,37.71,-1.858,37.76,619.0,1443602.0,42644.0,133431.0,-0.999,0.979,0.748,0.921,18.04,18.17,18.05,18.02,18.14,17.9,15.6,5.708,5.749,5.71,5.701,5.74,5.664,4.936,53388.0,54195.0,53646.0,53480.0,54481.0,51842.0,47172.0,,0.0,0.0,,,2.0,-1.0,13.32,0.021,0.234,3.0,2.0,0.0,0.0,45.0,46.22,46.87,46.92,47.41,50.05,45.53,47.34,46.94,55.65
2016-07-28 13:50:00-05:00,162.88077,145.8672,576287,43.53,0.0,159.1,33.08,315.8,274.2,272.9,271.6,45.51,46.95,46.48,314.8,145.9,60.15,35.290000915527344,1453296.0,316.8,45.91999816894531,5.0,0.0,0.0,0.0,0.0,0.0,0.0,0.0,0.0,34.11,43.69,156.8,42.55,44.9,42.28,60.0,59.9,74.7,0.0,272.3,271.8,274.0,34.84,-2.277,34.92,619.0,1443603.0,42644.0,133431.0,-0.998,0.979,0.748,0.921,16.77,16.8,16.72,16.74,16.84,16.57,14.45,5.295,5.305,5.28,5.288,5.317,5.231,4.563,53388.0,54195.0,53646.0,53480.0,54481.0,51842.0,47172.0,,0.0,0.0,,,2.0,-1.0,13.32,0.021,0.234,3.0,2.0,0.0,0.0,44.15,45.34,45.97,46.01,46.48,49.19,44.64,46.53,45.86,55.62
2016-07-28 13:51:00-05:00,145.29773,132.08183,576288,43.45,0.0,145.3,32.69,318.1,274.2,273.0,271.6,41.58,42.98,42.53,316.9,134.7,60.14,32.0099983215332,1453297.0,319.3,42.689998626708984,5.0,0.0,0.0,0.0,0.0,0.0,0.0,0.0,0.0,33.76,42.86,143.4,38.72,41.02,38.44,60.0,59.9,74.7,0.0,272.7,272.0,274.0,31.65,-2.746,31.77,619.0,1443603.0,42644.0,133431.0,-0.996,0.979,0.748,0.921,15.09,15.2,15.14,15.1,15.2,14.97,13.15,4.798,4.834,4.813,4.803,4.834,4.761,4.182,53388.0,54195.0,53646.0,53480.0,54481.0,51842.0,47172.0,,0.0,0.0,,,2.0,-1.0,13.32,0.021,0.234,3.0,2.0,0.0,0.0,43.47,44.47,45.04,45.11,45.6,48.44,43.72,45.76,45.06,55.52
2016-07-28 13:52:00-05:00,126.88306,118.5206,576289,43.35,0.0,132.0,32.79,318.2,274.3,273.1,271.6,37.76,39.21,38.73,317.3,124.9,60.15,28.860000610351562,1453297.0,319.3,39.63999938964844,5.0,0.0,0.0,0.0,0.0,0.0,0.0,0.0,0.0,34.06,42.33,130.1,35.09,37.38,34.83,60.0,59.9,74.7,0.0,272.9,272.0,274.0,28.6,-3.209,28.78,619.0,1443604.0,42644.0,133431.0,-0.994,0.979,0.748,0.921,13.64,13.74,13.7,13.71,13.83,13.49,11.92,4.339,4.372,4.357,4.361,4.399,4.293,3.794,53388.0,54195.0,53646.0,53480.0,54481.0,51842.0,47172.0,,0.0,0.0,,,2.0,-1.0,13.32,0.021,0.234,3.0,2.0,0.0,0.0,42.8,43.69,44.21,44.26,44.67,47.7,42.71,45.09,44.26,55.47
2016-07-28 13:53:00-05:00,112.50771,107.64921,576290,43.23,0.0,121.7,32.76,316.7,274.3,273.0,271.6,34.89,36.35,35.83,315.7,117.6,60.14,26.469999313354492,1453298.0,317.5,37.130001068115234,5.0,0.0,0.0,0.0,0.0,0.0,0.0,0.0,0.0,34.19,41.92,119.2,32.33,34.62,32.1,60.0,59.9,74.7,0.0,272.8,272.0,274.0,26.27,-3.559,26.51,619.0,1443604.0,42644.0,133431.0,-0.991,0.979,0.748,0.921,12.59,12.71,12.66,12.69,12.79,12.51,11.04,3.986,4.024,4.009,4.018,4.051,3.96,3.497,53388.0,54195.0,53646.0,53480.0,54481.0,51842.0,47172.0,,0.0,0.0,,,2.0,-1.0,13.32,0.021,0.234,3.0,2.0,0.0,0.0,42.24,43.07,43.5,43.59,43.85,47.18,42.05,44.38,43.53,55.36
2016-07-28 13:54:00-05:00,104.31022,101.14878,576291,43.1,0.0,115.5,32.77,315.6,274.3,273.1,271.7,33.17,34.67,34.14,314.6,113.6,60.15,25.059999465942383,1453298.0,316.7,35.7400016784668,5.0,0.0,0.0,0.0,0.0,0.0,0.0,0.0,0.0,34.29,41.51,112.6,30.72,33.03,30.51,60.0,59.9,74.7,0.0,273.0,272.0,274.0,24.91,-3.758,25.19,619.0,1443604.0,42644.0,133431.0,-0.989,0.979,0.748,0.921,11.95,12.09,12.1,12.13,12.18,11.94,10.55,3.772,3.815,3.818,3.826,3.844,3.767,3.33,53388.0,54195.0,53646.0,53480.0,54481.0,51842.0,47172.0,,0.0,0.0,,,3.0,-1.0,13.32,0.021,0.234,3.0,2.0,0.0,0.0,41.69,42.46,42.79,42.89,43.08,46.6,41.36,43.79,42.91,55.25
2016-07-28 13:55:00-05:00,97.77598,94.53629,576292,42.99,0.0,109.2,32.76,317.3,274.5,273.3,271.8,31.22,32.72,32.19,316.4,108.0,60.15,23.459999084472656,1453298.0,318.3,34.150001525878906,5.0,0.0,0.0,0.0,0.0,0.0,0.0,0.0,0.0,34.25,41.06,105.9,28.86,31.15,28.7,60.0,59.9,74.7,0.0,273.0,272.0,274.0,23.33,-4.002,23.67,619.0,1443605.0,42644.0,133431.0,-0.986,0.979,0.748,0.921,11.19,11.29,11.3,11.3,11.36,11.14,9.85,3.549,3.581,3.584,3.586,3.603,3.533,3.125,53388.0,54195.0,53646.0,53480.0,54481.0,51842.0,47172.0,,0.0,0.0,,,2.0,-1.0,13.32,0.021,0.233,3.0,2.0,0.0,0.0,41.35,41.95,42.18,42.29,42.46,46.09,40.73,43.27,42.32,55.1
2016-07-28 13:56:00-05:00,90.291306,85.79434,576293,42.88,0.0,100.0,32.71,318.8,274.6,273.1,271.7,28.58,30.06,29.55,318.0,100.5,60.15,21.25,1453299.0,320.1,31.950000762939453,5.0,0.0,0.0,0.0,0.0,0.0,0.0,0.0,0.0,33.87,40.62,97.0,26.37,28.66,26.26,60.0,59.9,74.7,0.0,273.0,272.0,274.0,21.18,-4.313,21.62,619.0,1443605.0,42644.0,133431.0,-0.98,0.979,0.748,0.921,10.14,10.21,10.25,10.24,10.24,10.13,8.92,3.233,3.256,3.268,3.264,3.263,3.228,2.844,53388.0,54195.0,53646.0,53480.0,54481.0,51842.0,47172.0,0.647,135.1,53.38,1.6,3.513,2.0,-1.0,13.32,0.021,0.233,3.0,2.0,0.0,0.0,40.99,41.48,41.62,41.79,41.84,45.62,40.31,42.73,41.78,54.95
2016-07-28 13:57:00-05:00,76.51,72.008965,576294,42.76,0.0,85.1,32.63,322.0,274.7,273.4,272.0,24.1,25.52,24.94,321.2,88.3,60.14,17.5,1453299.0,323.2,28.360000610351562,5.0,0.0,0.0,0.0,0.0,0.0,0.0,0.0,0.0,33.53,40.09,82.9,22.19,24.5,22.21,60.0,59.9,74.7,0.0,273.0,272.1,274.2,17.54,-4.868,18.22,619.0,1443605.0,42644.0,133431.0,-0.963,0.979,0.748,0.921,8.38,8.43,8.45,8.43,8.46,8.32,7.359,2.698,2.714,2.721,2.714,2.722,2.68,2.369,53388.0,54195.0,53646.0,53480.0,54481.0,51842.0,47172.0,,0.0,0.0,,,2.0,-1.0,13.32,0.021,0.233,3.0,2.0,0.0,0.0,40.56,40.86,41.02,41.17,41.22,45.03,39.88,42.05,41.14,54.87
2016-07-28 13:58:00-05:00,57.263695,54.076775,576295,42.63,0.0,66.33,32.53,323.2,274.8,273.5,272.1,18.45,19.74,19.26,322.3,73.37,60.14,12.75,1453299.0,324.2,23.649999618530273,5.0,0.0,0.0,0.0,0.0,0.0,0.0,0.0,0.0,33.62,39.54,64.87,17.16,19.48,17.41,60.0,59.9,74.7,0.0,273.0,272.2,274.6,12.91,-5.543,14.07,619.0,1443606.0,42644.0,133431.0,-0.916,0.979,0.748,0.921,6.216,6.282,6.289,6.285,6.305,6.181,5.5,2.009,2.03,2.032,2.031,2.037,1.997,1.777,53388.0,54195.0,53646.0,53480.0,54481.0,51842.0,47172.0,,0.0,0.0,,,2.0,-1.0,13.32,0.021,0.232,3.0,2.0,0.0,0.0,40.0,40.34,40.44,40.52,40.55,44.43,39.22,41.46,40.56,54.71
2016-07-28 13:59:00-05:00,39.918262,38.722332,576296,42.5,0.0,50.62,32.45,321.2,274.6,273.6,272.2,13.77,14.95,14.52,320.3,61.19,60.15,8.800000190734863,1453300.0,322.3,19.600000381469727,5.0,0.0,0.0,0.0,0.0,0.0,0.0,0.0,0.0,33.53,38.82,49.66,13.4,15.67,13.9,60.0,59.9,74.7,0.0,273.0,272.5,274.7,9.1,-6.117,10.98,619.0,1443606.0,42644.0,133431.0,-0.827,0.979,0.748,0.921,4.49,4.582,4.593,4.585,4.622,4.496,4.022,1.442,1.472,1.475,1.473,1.485,1.444,1.292,53388.0,54195.0,53646.0,53480.0,54481.0,51842.0,47172.0,,0.0,0.0,,,2.5,-1.0,13.32,0.021,0.232,3.0,2.0,0.0,0.0,39.35,39.82,39.91,40.0,39.93,43.86,38.66,40.93,39.99,54.55
2016-07-28 14:00:00-05:00,29.344675,29.64416,576297,42.37,0.0,40.97,32.32,320.9,275.0,273.5,272.2,10.91,11.94,11.55,320.2,53.91,60.14,6.357999801635742,1453300.0,321.9,17.260000228881836,5.0,0.0,0.0,0.0,0.0,0.0,0.0,0.0,0.0,33.43,38.2,40.67,11.33,13.63,12.09,60.0,59.9,74.7,0.0,273.0,272.9,275.0,6.752,-6.479,9.37,619.0,1443606.0,42644.0,133431.0,-0.72,0.979,0.748,0.921,3.438,3.488,3.521,3.556,3.571,3.438,3.097,1.103,1.119,1.13,1.141,1.146,1.103,0.994,53388.0,54195.0,53646.0,53480.0,54481.0,51842.0,47172.0,,0.0,0.0,,,2.0,-1.0,13.32,0.021,0.232,3.0,2.0,0.0,0.0,38.68,39.27,39.26,39.32,39.2,43.1,37.98,40.34,39.44,54.35
2016-07-28 14:01:00-05:00,22.69163,23.928272,576298,42.23,0.0,35.22,32.17,326.7,274.8,273.6,272.2,7.851,8.66,8.38,325.8,42.07,60.14,4.195000171661377,1453300.0,327.7,13.5,4.849999904632568,0.0,0.0,0.0,0.0,0.0,0.0,0.0,0.0,33.28,37.44,35.21,10.47,12.43,11.29,60.0,59.9,74.7,0.0,273.0,272.8,275.0,4.584,-6.943,8.58,619.0,1443606.0,42645.0,133431.0,-0.535,0.979,0.748,0.921,2.323,2.385,2.44,2.443,2.454,2.342,2.188,0.747,0.768,0.786,0.786,0.79,0.753,0.706,53388.0,54195.0,53646.0,53480.0,54481.0,51842.0,47172.0,,0.0,0.0,,,2.0,-1.0,13.32,0.021,0.232,3.0,2.0,0.0,0.0,38.0,38.55,38.55,38.65,38.64,42.24,37.28,39.68,38.81,54.15
2016-07-28 14:02:00-05:00,17.820652,20.229757,576299,42.09,0.0,31.39,31.12,337.6,274.9,273.9,272.5,4.451,4.532,4.546,337.0,23.76,60.14,2.1059999465942383,1453300.0,338.1,7.65500020980835,4.517000198364258,0.0,0.0,0.0,0.0,0.0,0.0,0.0,0.0,31.98,36.05,31.59,10.59,11.74,11.07,60.0,59.9,74.7,0.0,273.4,273.0,275.0,2.062,-7.76,8.42,619.0,1443606.0,42645.0,133431.0,-0.256,0.979,0.748,0.921,1.166,1.265,1.275,1.265,1.335,1.142,1.264,0.376,0.41,0.413,0.408,0.433,0.367,0.413,53388.0,54195.0,53646.0,53480.0,54481.0,51842.0,47172.0,,0.0,0.0,,,2.0,-1.0,13.32,0.021,0.231,3.0,2.0,0.0,0.0,36.79,37.64,37.6,37.7,37.7,40.95,36.38,38.63,37.98,53.98
2016-07-28 14:03:00-05:00,13.900108,17.539928,576300,41.94,0.0,28.85,30.16,336.7,274.9,274.0,272.6,4.121,4.779,4.658,336.1,25.44,60.14,1.9579999446868896,1453300.0,337.4,8.229999542236328,4.566999912261963,0.0,0.0,0.0,0.0,0.0,0.0,0.0,0.0,30.68,34.74,29.11,10.34,11.63,10.93,60.0,59.9,74.7,0.0,273.8,273.0,275.0,2.078,-7.676,8.26,619.0,1443606.0,42645.0,133431.0,-0.264,0.979,0.748,0.921,1.214,1.325,1.324,1.309,1.39,1.205,1.286,0.395,0.433,0.432,0.427,0.455,0.391,0.423,53388.0,54195.0,53646.0,53480.0,54481.0,51842.0,47172.0,,0.0,0.0,,,2.0,-1.0,13.32,0.021,0.231,3.0,2.0,0.0,0.0,35.58,36.69,36.71,36.85,36.84,40.3,35.51,37.81,37.05,53.78
2016-07-28 14:04:00-05:00,10.692391,15.186327,576301,41.78,0.0,27.01,29.65,334.6,275.3,274.2,272.8,4.692,4.637,4.655,333.6,27.56,60.14,1.815000057220459,1453300.0,335.6,8.90999984741211,4.650000095367432,0.0,0.0,0.0,0.0,0.0,0.0,0.0,0.0,30.26,34.0,27.21,10.04,11.46,10.81,60.0,59.9,74.7,0.0,274.0,273.0,275.0,1.968,-7.604,8.07,619.0,1443606.0,42645.0,133431.0,-0.257,0.979,0.748,0.921,1.127,1.242,1.231,1.207,1.318,1.108,1.242,0.366,0.405,0.4,0.392,0.43,0.359,0.406,53388.0,54195.0,53646.0,53480.0,54481.0,51842.0,47172.0,2.522,202.2,20.14,4.2,3.512,2.0,-1.0,13.32,0.021,0.231,3.0,2.0,0.0,0.0,34.8,35.86,35.87,36.01,35.93,39.15,34.76,36.94,36.2,53.57
2016-07-28 14:05:00-05:00,8.553913,13.61726,576302,41.6,0.0,25.89,29.08,335.2,275.6,274.3,272.9,4.586,4.533,4.585,334.3,26.61,60.14,1.7410000562667847,1453300.0,336.0,8.630000114440918,4.650000095367432,0.0,0.0,0.0,0.0,0.0,0.0,0.0,0.0,29.45,33.06,25.85,9.95,11.37,10.79,60.0,59.9,74.7,0.0,274.0,273.2,275.4,1.74,-7.626,8.0,619.0,1443606.0,42645.0,133431.0,-0.231,0.979,0.748,0.921,1.041,1.164,1.116,1.151,1.223,1.018,1.086,0.339,0.381,0.364,0.375,0.4,0.33,0.356,53388.0,54195.0,53646.0,53480.0,54481.0,51842.0,47172.0,,0.0,0.0,,,2.0,-1.0,13.32,0.096,0.231,3.0,2.0,0.0,0.0,33.87,35.05,35.22,35.36,35.15,38.32,34.21,36.19,35.42,53.34
2016-07-28 14:06:00-05:00,5.9402175,11.711965,576303,41.41,0.0,23.82,28.85,333.2,276.0,274.6,273.2,3.953,4.186,4.169,332.6,25.96,60.15,1.3550000190734863,1453300.0,334.2,8.369999885559082,4.650000095367432,0.0,0.0,0.0,0.0,0.0,0.0,0.0,0.0,29.39,32.38,23.68,9.87,11.26,10.77,60.0,59.9,74.7,0.0,274.2,273.8,276.0,1.424,-7.683,7.946,619.0,1443606.0,42645.0,133431.0,-0.192,0.979,0.748,0.921,0.9,0.99,1.012,1.024,1.079,0.895,1.0,0.29,0.321,0.327,0.331,0.35,0.288,0.325,53388.0,54195.0,53646.0,53480.0,54481.0,51842.0,47172.0,2.813,190.7,24.42,4.6,3.51,2.0,-1.0,13.36,0.06,0.23,3.0,2.0,0.0,0.0,33.14,34.42,34.58,34.72,34.53,37.44,33.62,35.57,34.78,53.21
2016-07-28 14:07:00-05:00,2.970109,9.022136,576304,41.23,0.0,20.98,28.71,330.6,275.9,274.7,273.3,3.152,3.363,3.379,330.0,22.47,60.14,0.8939999938011169,1453300.0,331.6,7.0879998207092285,4.583000183105469,0.0,0.0,0.0,0.0,0.0,0.0,0.0,0.0,29.16,31.79,20.83,9.97,11.24,10.82,60.0,59.9,74.7,0.0,274.2,274.0,276.0,1.074,-7.814,7.995,619.0,1443606.0,42645.0,133431.0,-0.147,0.979,0.748,0.921,0.707,0.772,0.848,0.792,0.846,0.674,0.842,0.223,0.245,0.268,0.25,0.269,0.211,0.27,53388.0,54195.0,53646.0,53480.0,54481.0,51842.0,47172.0,1.795,196.0,22.94,3.1,3.51,2.0,-1.0,13.36,0.031,0.23,3.0,2.0,0.0,0.0,32.44,33.79,34.06,34.08,33.9,37.0,33.07,34.86,34.18,53.0
2016-07-28 14:08:00-05:00,0.7128262,6.780611,576305,41.03,0.0,18.47,28.51,331.3,276.1,275.0,273.6,2.667,2.61,2.624,330.5,19.14,60.13,0.5540000200271606,1453300.0,332.1,6.011000156402588,4.517000198364258,0.0,0.0,0.0,0.0,0.0,0.0,0.0,0.0,28.88,31.22,18.35,10.15,11.25,10.92,60.0,59.9,74.7,0.0,275.0,274.0,276.0,0.678,-7.997,8.1,619.0,1443606.0,42645.0,133431.0,-0.095,0.979,0.748,0.921,0.552,0.59,0.684,0.625,0.686,0.532,0.69,0.173,0.187,0.216,0.196,0.218,0.166,0.221,53388.0,54195.0,53646.0,53480.0,54481.0,51842.0,47172.0,,0.0,0.0,,,2.5,-1.0,13.36,0.026,0.23,3.0,2.0,0.0,0.0,31.88,33.14,33.49,33.46,33.25,37.5,32.53,34.27,33.6,52.72
2016-07-28 14:09:00-05:00,-1.3068478,5.211544,576306,40.83,0.0,16.46,28.49,330.3,276.4,274.9,273.5,2.667,2.61,2.624,329.8,18.69,60.14,0.5540000200271606,1453300.0,331.7,5.874000072479248,4.517000198364258,0.0,0.0,0.0,0.0,0.0,0.0,0.0,0.0,28.74,30.76,16.43,10.14,11.22,10.97,60.0,59.9,74.7,0.0,275.0,274.0,276.0,0.466,-8.04,8.1,619.0,1443606.0,42646.0,133431.0,-0.067,0.979,0.748,0.921,0.441,0.491,0.557,0.506,0.59,0.457,0.615,0.138,0.155,0.176,0.159,0.187,0.143,0.197,53388.0,54195.0,53646.0,53480.0,54481.0,51842.0,47172.0,,0.0,0.0,,,2.0,-1.0,13.36,0.025,0.23,3.0,2.0,0.0,0.0,31.39,32.47,32.82,32.74,32.69,37.06,31.95,33.52,32.91,52.47
2016-07-28 14:10:00-05:00,-4.0393476,2.521715,576307,40.62,0.0,14.63,27.76,326.6,276.4,275.0,273.6,3.184,3.115,3.132,326.0,20.9,60.19,0.6610000133514404,1453300.0,328.1,6.546000003814697,4.617000102996826,0.0,0.0,0.0,0.0,0.0,0.0,0.0,0.0,28.07,29.91,14.58,9.95,11.13,10.91,60.0,59.9,74.7,0.0,275.0,274.0,276.0,0.418,-7.934,7.975,619.0,1443606.0,42646.0,133431.0,-0.059,0.979,0.748,0.921,0.494,0.53,0.571,0.567,0.585,0.469,0.597,0.155,0.167,0.18,0.179,0.185,0.147,0.19,53388.0,54195.0,53646.0,53480.0,54481.0,51842.0,47172.0,,0.0,0.0,,,2.0,-1.0,13.36,0.024,0.23,3.0,2.0,0.0,0.0,30.41,31.65,31.54,31.71,31.58,35.72,30.62,32.33,31.76,52.18
2016-07-28 14:11:00-05:00,-5.940217,0.39226672,576308,40.4,0.0,13.72,26.42,328.8,276.3,275.3,273.8,3.356,3.199,3.217,327.7,21.68,60.14,0.6809999942779541,1453300.0,329.7,6.872000217437744,4.650000095367432,0.0,0.0,0.0,0.0,0.0,0.0,0.0,0.0,27.04,27.99,13.71,9.8,11.12,10.93,60.0,59.9,74.7,0.0,275.0,274.1,276.1,0.305,-7.907,7.932,619.0,1443606.0,42646.0,133431.0,-0.044,0.979,0.748,0.921,0.452,0.505,0.522,0.538,0.524,0.452,0.502,0.143,0.161,0.167,0.171,0.167,0.143,0.161,53388.0,54195.0,53646.0,53480.0,54481.0,51842.0,47172.0,,0.0,0.0,,,2.5,-1.0,13.36,0.024,0.229,3.0,2.0,0.0,0.0,28.33,30.13,29.39,29.79,29.02,33.18,28.45,30.03,29.81,51.88
2016-07-28 14:12:00-05:00,-4.8709784,0.7284954,576309,40.15,0.0,12.79,25.31,332.6,276.6,275.3,273.9,3.184,3.115,3.132,331.9,20.6,60.14,0.6650000214576721,1453300.0,333.2,6.5980000495910645,4.617000102996826,0.0,0.0,0.0,0.0,0.0,0.0,0.0,0.0,25.51,26.22,12.52,9.88,11.15,10.97,60.0,59.9,74.7,0.0,275.0,274.3,276.4,0.2,-7.976,7.993,619.0,1443606.0,42646.0,133431.0,-0.03,0.979,0.748,0.921,0.413,0.453,0.477,0.474,0.439,0.36,0.432,0.132,0.146,0.154,0.153,0.142,0.115,0.14,53388.0,54195.0,53646.0,53480.0,54481.0,51842.0,47172.0,2.695,174.4,17.56,4.4,3.512,2.0,-1.0,13.36,0.024,0.229,3.0,2.0,0.0,0.0,26.5,28.16,27.28,27.8,26.86,30.64,26.56,27.8,27.56,51.65
2016-07-28 14:13:00-05:00,-3.2077172,1.4009526,576310,39.88,0.0,12.23,24.66,330.4,276.8,275.5,274.0,3.27,3.283,3.302,329.6,21.73,60.15,0.6850000023841858,1453300.0,331.2,6.913000106811523,4.650000095367432,0.0,0.0,0.0,0.0,0.0,0.0,0.0,0.0,24.72,25.25,11.69,9.79,11.1,10.92,60.0,59.9,74.7,0.0,275.0,274.9,276.8,0.222,-7.917,7.935,619.0,1443606.0,42646.0,133431.0,-0.033,0.979,0.748,0.921,0.415,0.473,0.482,0.497,0.465,0.377,0.445,0.132,0.151,0.154,0.159,0.149,0.12,0.143,53388.0,54195.0,53646.0,53480.0,54481.0,51842.0,47172.0,3.195,161.1,18.54,5.0,3.512,2.0,-1.0,13.36,0.023,0.229,3.0,2.0,0.0,0.0,25.67,26.93,26.13,26.6,25.84,29.04,25.69,26.68,26.51,51.29
2016-07-28 14:14:00-05:00,-1.9008695,3.530401,576311,39.58,0.0,12.51,24.39,333.2,277.0,275.6,274.1,2.925,2.863,2.878,332.5,19.04,60.14,0.6129999756813049,1453301.0,333.8,6.043000221252441,4.566999912261963,0.0,0.0,0.0,0.0,0.0,0.0,0.0,0.0,24.73,24.55,11.51,9.93,11.14,10.96,60.0,59.9,74.7,0.0,275.2,275.0,277.0,0.24,-7.999,8.02,619.0,1443606.0,42646.0,133431.0,-0.036,0.979,0.748,0.921,0.364,0.44,0.462,0.482,0.453,0.367,0.43,0.115,0.14,0.148,0.154,0.145,0.116,0.138,53388.0,54195.0,53646.0,53480.0,54481.0,51842.0,47172.0,,0.0,0.0,,,2.0,-1.0,13.36,0.122,0.228,3.0,2.0,0.0,0.0,24.93,26.01,25.11,25.59,24.9,27.84,24.88,25.72,25.54,50.89
2016-07-28 14:15:00-05:00,0.11880459,6.4443827,576312,39.26,0.0,13.49,23.88,339.4,277.4,275.7,274.3,2.581,2.61,2.624,338.6,17.32,60.15,0.5419999957084656,1453301.0,340.4,5.589000225067139,4.517000198364258,0.0,0.0,0.0,0.0,0.0,0.0,0.0,0.0,24.37,24.04,12.1,10.05,11.18,11.0,60.0,59.9,74.7,0.0,275.7,275.0,277.0,0.165,-8.08,8.1,619.0,1443606.0,42646.0,133431.0,-0.026,0.979,0.748,0.921,0.327,0.399,0.436,0.432,0.431,0.342,0.402,0.105,0.13,0.142,0.141,0.141,0.11,0.131,53388.0,54195.0,53646.0,53480.0,54481.0,51842.0,47172.0,,0.0,0.0,,,2.0,-1.0,13.39,0.048,0.228,3.0,2.0,0.0,0.0,24.37,25.12,24.22,24.75,24.25,26.95,24.27,24.87,24.73,50.47
2016-07-28 14:16:00-05:00,2.376087,10.36705,576313,38.92,0.0,15.18,23.54,343.0,276.7,275.5,274.0,2.667,2.61,2.624,342.1,17.79,60.15,0.5590000152587891,1453301.0,345.1,5.789999961853027,4.517000198364258,0.0,0.0,0.0,0.0,0.0,0.0,0.0,0.0,24.01,23.5,13.49,10.09,11.19,10.99,60.0,59.9,74.7,0.0,275.2,274.6,276.5,0.321,-8.06,8.1,619.0,1443606.0,42647.0,133431.0,-0.047,0.979,0.748,0.921,0.389,0.464,0.523,0.488,0.474,0.424,0.462,0.126,0.152,0.172,0.16,0.156,0.138,0.152,53388.0,54195.0,53646.0,53480.0,54481.0,51842.0,47172.0,,0.0,0.0,,,2.0,-1.0,13.39,0.032,0.228,3.0,2.0,0.0,0.0,23.78,24.29,23.46,24.03,23.57,26.47,23.61,24.07,23.99,50.18
2016-07-28 14:17:00-05:00,5.702609,14.51387,576314,38.6,0.0,17.95,23.19,343.4,276.8,275.4,273.9,3.27,3.234,3.252,342.6,23.26,60.14,0.7039999961853027,1453301.0,344.5,7.665999889373779,4.632999897003174,0.0,0.0,0.0,0.0,0.0,0.0,0.0,0.0,23.67,23.27,15.93,9.87,11.16,10.85,60.0,59.9,74.7,0.0,275.0,274.5,276.5,0.885,-7.811,7.932,619.0,1443606.0,42647.0,133431.0,-0.122,0.979,0.748,0.921,0.72,0.759,0.78,0.71,0.841,0.76,0.776,0.238,0.252,0.26,0.236,0.28,0.251,0.258,53388.0,54195.0,53646.0,53480.0,54481.0,51842.0,47172.0,,0.0,0.0,,,2.0,-1.0,13.39,0.028,0.228,3.0,2.0,0.0,0.0,23.59,23.73,23.16,23.71,23.33,26.16,23.4,23.75,23.64,49.72
2016-07-28 14:18:00-05:00,9.029131,18.772764,576315,38.27,0.0,21.63,23.0,346.5,276.8,275.5,274.0,3.918,4.324,4.377,346.1,25.55,60.15,1.4500000476837158,1453301.0,348.4,8.520000457763672,4.650000095367432,0.0,0.0,0.0,0.0,0.0,0.0,0.0,0.0,23.36,23.1,19.23,9.86,11.26,10.77,60.0,59.9,74.7,0.0,275.0,274.8,276.6,1.493,-7.669,7.953,619.0,1443606.0,42647.0,133431.0,-0.201,0.979,0.748,0.921,0.889,1.054,1.051,0.991,1.12,0.961,0.989,0.296,0.353,0.353,0.332,0.375,0.32,0.332,53388.0,54195.0,53646.0,53480.0,54481.0,51842.0,47172.0,,0.0,0.0,,,2.0,-1.0,13.39,0.087,0.228,3.0,2.0,0.0,0.0,23.47,23.43,23.05,23.48,23.15,25.64,23.09,23.49,23.39,49.26
2016-07-28 14:19:00-05:00,11.405217,21.686749,576316,37.94,0.0,24.23,22.83,350.9,277.1,275.5,274.0,4.516,4.637,4.655,350.2,26.6,60.14,1.7869999408721924,1453301.0,352.2,9.010000228881836,4.650000095367432,0.0,0.0,0.0,0.0,0.0,0.0,0.0,0.0,23.13,22.97,21.54,9.94,11.38,10.76,60.0,59.9,74.7,0.0,275.3,274.9,276.8,1.827,-7.609,8.02,619.0,1443606.0,42647.0,133431.0,-0.242,0.979,0.748,0.921,0.991,1.183,1.163,1.17,1.253,1.097,1.127,0.336,0.402,0.397,0.398,0.427,0.373,0.384,53388.0,54195.0,53646.0,53480.0,54481.0,51842.0,47172.0,,0.0,0.0,,,2.5,-1.0,13.41,0.078,0.227,3.0,2.0,0.0,0.0,23.36,23.12,22.85,23.26,22.95,25.14,22.95,23.35,23.23,48.86
2016-07-28 14:20:00-05:00,10.3359785,19.669374,576317,37.62,0.0,22.44,22.82,349.9,277.1,276.0,274.4,3.813,4.116,4.204,349.0,25.26,60.14,1.3200000524520874,1453301.0,350.9,8.520000457763672,4.650000095367432,0.0,0.0,0.0,0.0,0.0,0.0,0.0,0.0,23.05,22.88,19.49,9.84,11.24,10.74,60.0,59.9,74.7,0.0,275.9,275.0,277.0,1.431,-7.668,7.936,619.0,1443606.0,42647.0,133431.0,-0.194,0.979,0.748,0.921,0.785,0.915,0.97,0.965,0.981,0.866,0.899,0.265,0.311,0.329,0.328,0.334,0.293,0.306,53388.0,54195.0,53646.0,53480.0,54481.0,51842.0,47172.0,,0.0,0.0,,,2.0,-1.0,13.41,0.041,0.228,3.0,2.0,0.0,0.0,23.23,22.89,22.74,23.13,22.79,25.25,22.94,23.21,23.14,48.46
2016-07-28 14:21:00-05:00,8.672717,16.979548,576318,37.29,0.0,20.15,22.86,350.5,277.4,276.1,274.5,2.702,2.922,2.937,349.8,19.23,60.15,0.75,1453301.0,351.8,6.401000022888184,4.517000198364258,0.0,0.0,0.0,0.0,0.0,0.0,0.0,0.0,23.04,22.73,17.26,10.05,11.24,10.86,60.0,59.9,74.7,0.0,276.0,275.0,277.0,0.85,-7.917,8.07,619.0,1443606.0,42647.0,133431.0,-0.118,0.979,0.748,0.921,0.552,0.676,0.752,0.762,0.706,0.653,0.637,0.183,0.226,0.253,0.256,0.236,0.218,0.214,53388.0,54195.0,53646.0,53480.0,54481.0,51842.0,47172.0,2.823,112.3,28.91,5.4,3.512,2.0,-1.0,13.41,0.109,0.228,3.0,2.0,0.0,0.0,23.05,22.67,22.57,23.01,22.72,25.34,22.73,23.16,22.96,48.05
2016-07-28 14:22:00-05:00,8.791522,16.53124,576319,36.98,0.0,20.14,22.89,350.0,277.6,276.4,274.8,2.808,3.2,3.214,349.2,19.7,60.14,0.9380000233650208,1453301.0,351.4,6.539000034332275,4.517000198364258,0.0,0.0,0.0,0.0,0.0,0.0,0.0,0.0,23.13,22.65,17.37,10.13,11.28,10.89,60.0,59.9,74.7,0.0,276.0,275.6,277.3,0.948,-7.936,8.12,619.0,1443606.0,42647.0,133431.0,-0.131,0.979,0.748,0.921,0.587,0.74,0.841,0.813,0.754,0.698,0.678,0.194,0.247,0.281,0.272,0.252,0.232,0.227,53388.0,54195.0,53646.0,53480.0,54481.0,51842.0,47172.0,,0.0,0.0,,,2.0,-1.0,13.44,0.071,0.227,3.0,2.0,0.0,0.0,23.04,22.51,22.41,22.85,22.65,25.08,22.68,23.03,22.81,47.58
2016-07-28 14:23:00-05:00,9.860762,17.652004,576320,36.66,0.0,21.65,22.84,350.4,277.8,276.6,275.0,3.593,3.661,3.746,349.7,22.18,60.15,1.2769999504089355,1453301.0,351.2,7.4120001792907715,4.566999912261963,0.0,0.0,0.0,0.0,0.0,0.0,0.0,0.0,22.94,22.6,18.81,10.09,11.35,10.87,60.0,59.9,74.7,0.0,276.0,275.9,277.8,1.222,-7.859,8.1,619.0,1443606.0,42647.0,133431.0,-0.165,0.979,0.748,0.921,0.734,0.953,1.002,0.995,0.966,0.821,0.804,0.245,0.321,0.338,0.335,0.326,0.275,0.271,53388.0,54195.0,53646.0,53480.0,54481.0,51842.0,47172.0,,0.0,0.0,,,2.0,-1.0,13.44,0.044,0.226,3.0,2.0,0.0,0.0,22.96,22.4,22.33,22.73,22.59,24.6,22.66,22.9,22.76,47.16
2016-07-28 14:24:00-05:00,10.4547825,18.436537,576321,36.34,0.0,22.88,22.66,349.2,278.0,276.6,275.0,4.199,4.29,4.342,348.5,25.9,60.12,1.5260000228881836,1453301.0,350.2,8.710000038146973,4.650000095367432,0.0,0.0,0.0,0.0,0.0,0.0,0.0,0.0,22.75,22.55,20.17,9.9,11.33,10.77,60.0,59.9,74.7,0.0,276.0,276.0,278.0,1.586,-7.696,8.01,619.0,1443606.0,42648.0,133431.0,-0.212,0.979,0.748,0.921,0.867,1.137,1.098,1.084,1.16,0.972,0.951,0.291,0.384,0.372,0.366,0.393,0.327,0.322,53388.0,54195.0,53646.0,53480.0,54481.0,51842.0,47172.0,,0.0,0.0,,,2.0,-1.0,13.44,0.038,0.226,3.0,2.0,0.0,0.0,22.86,22.3,22.3,22.69,22.59,24.86,22.69,22.88,22.76,46.72
2016-07-28 14:25:00-05:00,11.167608,19.333147,576322,36.04,0.0,24.1,22.65,353.0,278.0,277.0,275.4,4.34,4.394,4.446,352.3,26.14,60.15,1.628000020980835,1453301.0,354.0,8.930000305175781,4.650000095367432,0.0,0.0,0.0,0.0,0.0,0.0,0.0,0.0,22.61,22.5,21.5,9.88,11.33,10.76,60.0,59.9,74.7,0.0,276.4,276.0,278.0,1.654,-7.662,8.0,619.0,1443606.0,42648.0,133431.0,-0.221,0.979,0.748,0.921,0.937,1.085,1.107,1.137,1.167,0.977,1.0,0.321,0.373,0.381,0.391,0.401,0.335,0.343,53388.0,54195.0,53646.0,53480.0,54481.0,51842.0,47172.0,,0.0,0.0,,,2.0,-1.0,13.44,0.079,0.226,3.0,2.0,0.0,0.0,22.88,22.33,22.2,22.57,22.53,24.91,22.57,22.73,22.65,46.36
2016-07-28 14:26:00-05:00,12.118043,20.565985,576323,35.73,0.0,25.8,22.37,356.8,276.4,275.3,273.7,4.5,4.51,4.528,355.7,26.31,60.14,1.7599999904632568,1453301.0,358.2,9.09000015258789,4.632999897003174,0.0,0.0,0.0,0.0,0.0,0.0,0.0,0.0,22.41,22.39,23.35,10.06,11.46,10.78,60.0,59.9,74.7,0.0,275.0,274.3,276.3,1.996,-7.575,8.07,619.0,1443607.0,42648.0,133431.0,-0.262,0.979,0.748,0.921,1.044,1.2,1.238,1.229,1.277,1.125,1.108,0.362,0.418,0.431,0.428,0.444,0.391,0.386,53388.0,54195.0,53646.0,53480.0,54481.0,51842.0,47172.0,,0.0,0.0,,,2.0,-1.0,13.47,0.088,0.226,3.0,2.0,0.0,0.0,22.81,22.28,21.94,22.42,22.53,24.99,22.41,22.65,22.61,45.97
2016-07-28 14:27:00-05:00,13.781304,23.031662,576324,35.43,0.0,28.71,22.37,358.7,275.8,274.5,272.9,4.752,5.044,5.088,357.8,26.67,60.15,2.2320001125335693,1453301.0,360.1,9.220000267028809,4.599999904632568,0.0,0.0,0.0,0.0,0.0,0.0,0.0,0.0,22.42,22.3,26.39,10.33,11.68,10.9,60.0,59.9,74.7,0.0,274.0,273.9,275.6,2.393,-7.527,8.26,619.0,1443607.0,42648.0,133431.0,-0.302,0.979,0.748,0.921,1.146,1.329,1.356,1.339,1.392,1.198,1.204,0.397,0.462,0.472,0.466,0.484,0.415,0.419,53388.0,54195.0,53646.0,53480.0,54481.0,51842.0,47172.0,,0.0,0.0,,,2.0,-1.0,13.47,0.052,0.226,3.0,2.0,0.0,0.0,22.68,22.41,21.77,22.26,22.4,25.74,22.39,22.57,22.57,45.59
2016-07-28 14:28:00-05:00,16.276196,26.169798,576325,35.11,0.0,32.13,22.3,357.0,275.9,274.6,273.0,6.256,6.865,6.83,356.2,33.23,60.15,3.322000026702881,1453301.0,358.3,11.520000457763672,4.699999809265137,0.0,0.0,0.0,0.0,0.0,0.0,0.0,0.0,22.22,22.24,29.86,10.59,12.14,11.11,60.0,59.9,74.7,0.0,274.0,274.0,276.0,3.565,-7.25,8.54,619.0,1443607.0,42648.0,133431.0,-0.422,0.979,0.748,0.921,1.774,1.956,1.93,1.939,2.052,1.776,1.714,0.617,0.682,0.673,0.676,0.715,0.618,0.597,53388.0,54195.0,53646.0,53480.0,54481.0,51842.0,47172.0,,0.0,0.0,,,2.0,-1.0,13.47,0.043,0.225,3.0,2.0,0.0,0.0,22.61,22.49,21.3,22.11,22.4,26.43,22.43,22.57,22.53,45.25
2016-07-28 14:29:00-05:00,17.583044,27.850939,576326,34.81,0.0,33.75,22.39,347.4,275.9,274.7,273.0,9.21,10.13,10.14,346.4,48.78,60.15,5.019999980926514,1453301.0,348.5,16.899999618530273,5.0,0.0,0.0,0.0,0.0,0.0,0.0,0.0,0.0,22.17,22.24,31.15,10.34,12.61,11.15,60.0,59.9,74.7,0.0,274.1,274.0,276.0,5.637,-6.478,8.59,619.0,1443607.0,42648.0,133431.0,-0.656,0.979,0.748,0.921,2.678,2.861,2.793,2.829,2.983,2.684,2.512,0.93,0.994,0.97,0.983,1.036,0.932,0.873,53388.0,54195.0,53646.0,53480.0,54481.0,51842.0,47172.0,,0.0,0.0,,,2.0,-1.0,13.47,0.04,0.225,3.0,2.0,0.0,0.0,22.68,22.44,21.23,22.71,22.4,26.77,22.5,22.58,22.53,44.96
2016-07-28 14:30:00-05:00,17.820652,28.18717,576327,34.52,0.0,34.17,22.29,347.4,276.2,274.9,273.3,9.31,10.13,10.14,346.6,48.76,60.14,5.052999973297119,1453302.0,347.9,16.899999618530273,5.0,0.0,0.0,0.0,0.0,0.0,0.0,0.0,0.0,22.07,22.27,31.42,10.35,12.64,11.17,60.0,59.9,74.7,0.0,274.7,274.0,276.0,5.675,-6.479,8.62,619.0,1443607.0,42648.0,133431.0,-0.659,0.979,0.748,0.921,2.69,2.88,2.803,2.893,3.025,2.696,2.552,0.934,1.0,0.974,1.005,1.051,0.937,0.886,53388.0,54195.0,53646.0,53480.0,54481.0,51842.0,47172.0,,0.0,0.0,,,2.0,-1.0,13.47,0.038,0.225,3.0,2.0,0.0,0.0,22.72,22.51,21.33,22.9,22.49,30.87,22.52,22.62,22.53,44.69
2016-07-28 14:31:00-05:00,19.602716,30.316618,576328,34.25,0.0,36.02,22.51,346.8,276.3,274.9,273.3,10.19,11.05,10.85,346.1,49.6,60.13,5.75600004196167,1453302.0,349.5,17.170000076293945,5.0,0.0,0.0,0.0,0.0,0.0,0.0,0.0,0.0,22.26,22.31,33.13,10.73,13.07,11.53,60.0,59.9,74.7,0.0,274.8,274.0,276.0,6.219,-6.431,8.95,619.0,1443607.0,42648.0,133431.0,-0.695,0.979,0.748,0.921,2.959,3.086,3.044,3.117,3.223,2.976,2.716,1.026,1.07,1.056,1.081,1.118,1.032,0.942,53388.0,54195.0,53646.0,53480.0,54481.0,51842.0,47172.0,,0.0,0.0,,,2.5,-1.0,13.47,0.083,0.225,3.0,2.0,0.0,0.0,22.77,22.5,21.34,22.92,22.49,33.65,22.5,22.67,22.62,44.4
2016-07-28 14:32:00-05:00,20.909565,31.437378,576329,33.97,0.0,36.84,22.44,347.0,276.5,275.1,273.5,10.33,11.32,11.27,346.1,50.59,60.15,5.999000072479248,1453302.0,348.2,17.510000228881836,5.0,0.0,0.0,0.0,0.0,0.0,0.0,0.0,0.0,22.14,22.35,33.5,10.9,13.28,11.67,60.0,59.9,74.7,0.0,274.8,274.0,276.0,6.486,-6.397,9.11,619.0,1443607.0,42648.0,133431.0,-0.712,0.979,0.748,0.921,3.058,3.194,3.188,3.222,3.252,3.107,2.852,1.061,1.109,1.107,1.118,1.129,1.078,0.99,53388.0,54195.0,53646.0,53480.0,54481.0,51842.0,47172.0,,0.0,0.0,,,2.0,-1.0,13.51,0.074,0.225,3.0,2.0,0.0,0.0,22.78,22.42,21.34,22.95,22.38,34.5,22.56,22.62,22.73,44.09
2016-07-28 14:33:00-05:00,20.19674,30.092464,576330,33.71,0.0,35.12,22.41,347.3,276.8,275.5,273.8,9.98,10.91,10.5,346.2,49.12,60.14,5.577000141143799,1453302.0,348.9,17.010000228881836,5.0,0.0,0.0,0.0,0.0,0.0,0.0,0.0,0.0,22.09,22.33,31.8,10.57,12.92,11.39,60.0,59.9,74.7,0.0,275.0,274.7,276.5,6.048,-6.443,8.84,619.0,1443607.0,42649.0,133431.0,-0.684,0.979,0.748,0.921,2.85,2.977,2.98,3.052,3.075,2.912,2.676,0.989,1.034,1.035,1.06,1.068,1.011,0.929,53388.0,54195.0,53646.0,53480.0,54481.0,51842.0,47172.0,,0.0,0.0,,,2.0,-1.0,13.51,0.052,0.225,3.0,2.0,0.0,0.0,22.74,22.47,21.26,22.92,22.35,34.97,22.57,22.62,22.73,43.8
2016-07-28 14:34:00-05:00,17.820652,27.402634,576331,33.45,0.0,32.24,22.47,354.4,276.6,275.5,273.8,7.001,7.8,7.725,353.3,37.09,60.14,3.7920000553131104,1453302.0,355.3,12.850000381469727,4.7829999923706055,0.0,0.0,0.0,0.0,0.0,0.0,0.0,0.0,22.21,22.34,29.28,10.34,12.18,11.04,60.0,59.9,74.7,0.0,275.0,274.7,276.3,4.091,-7.005,8.49,619.0,1443607.0,42649.0,133431.0,-0.486,0.979,0.748,0.921,1.905,2.065,2.092,2.106,2.167,1.972,1.878,0.66,0.718,0.727,0.732,0.753,0.684,0.653,53388.0,54195.0,53646.0,53480.0,54481.0,51842.0,47172.0,,0.0,0.0,,,2.5,-1.0,13.5,0.045,0.225,3.0,2.0,0.0,0.0,22.72,22.59,21.34,22.97,22.42,35.56,22.64,22.72,22.78,43.55
2016-07-28 14:35:00-05:00,16.038586,25.385262,576332,33.19,0.0,30.03,22.56,362.3,276.6,275.7,274.0,4.451,4.504,4.546,361.0,23.28,60.15,2.122999906539917,1453302.0,363.1,8.0600004196167,4.517000198364258,0.0,0.0,0.0,0.0,0.0,0.0,0.0,0.0,22.22,22.36,27.67,10.57,11.77,11.01,60.0,59.9,74.7,0.0,275.0,275.0,276.7,2.199,-7.719,8.46,619.0,1443607.0,42649.0,133431.0,-0.271,0.979,0.748,0.921,1.149,1.326,1.295,1.376,1.393,1.178,1.188,0.399,0.464,0.452,0.482,0.488,0.409,0.416,53388.0,54195.0,53646.0,53480.0,54481.0,51842.0,47172.0,,0.0,0.0,,,2.5,-1.0,13.51,0.042,0.225,3.0,2.0,0.0,0.0,22.79,22.64,21.63,23.15,22.63,36.6,22.78,22.88,22.93,43.35
2016-07-28 14:36:00-05:00,15.919784,24.936958,576333,32.94,0.0,29.61,22.72,357.5,276.3,275.1,273.4,5.476,5.674,5.692,356.6,29.16,60.14,2.625,1453302.0,358.4,10.079999923706055,4.650000095367432,0.0,0.0,0.0,0.0,0.0,0.0,0.0,0.0,22.3,22.42,27.32,10.36,11.8,10.97,60.0,59.9,74.7,0.0,275.0,274.1,276.1,2.759,-7.46,8.33,619.0,1443607.0,42649.0,133431.0,-0.342,0.979,0.748,0.921,1.369,1.509,1.567,1.59,1.613,1.42,1.393,0.473,0.525,0.546,0.554,0.561,0.492,0.485,53388.0,54195.0,53646.0,53480.0,54481.0,51842.0,47172.0,,0.0,0.0,,,2.5,-1.0,13.51,0.04,0.224,3.0,2.0,0.0,0.0,22.79,22.69,21.8,23.27,22.71,35.96,22.8,22.92,23.03,43.16
2016-07-28 14:37:00-05:00,15.919784,23.816195,576334,32.7,0.0,28.56,23.07,357.0,276.2,274.9,273.2,5.032,5.646,5.664,355.8,28.78,60.14,2.4830000400543213,1453302.0,357.5,9.930000305175781,4.650000095367432,0.0,0.0,0.0,0.0,0.0,0.0,0.0,0.0,22.56,22.54,26.22,10.28,11.71,10.87,60.0,59.9,74.7,0.0,274.7,274.0,276.0,2.602,-7.469,8.26,619.0,1443607.0,42649.0,133431.0,-0.328,0.979,0.748,0.921,1.342,1.467,1.467,1.47,1.534,1.37,1.293,0.464,0.509,0.51,0.51,0.533,0.474,0.449,53388.0,54195.0,53646.0,53480.0,54481.0,51842.0,47172.0,,0.0,0.0,,,2.0,-1.0,13.51,0.039,0.224,3.0,2.0,0.0,0.0,22.87,22.7,21.84,23.33,22.71,35.91,22.74,23.0,23.13,42.95
2016-07-28 14:38:00-05:00,15.682174,23.255814,576335,32.47,0.0,27.81,23.15,356.9,276.2,275.1,273.4,4.755,5.51,5.528,355.7,28.25,60.13,2.3320000171661377,1453302.0,357.0,9.75,4.650000095367432,0.0,0.0,0.0,0.0,0.0,0.0,0.0,0.0,22.58,22.6,25.47,10.18,11.63,10.84,60.0,59.9,74.7,0.0,275.0,274.0,276.0,2.466,-7.479,8.19,619.0,1443607.0,42649.0,133431.0,-0.315,0.979,0.748,0.921,1.28,1.389,1.416,1.435,1.473,1.304,1.252,0.443,0.483,0.492,0.499,0.512,0.452,0.435,53388.0,54195.0,53646.0,53480.0,54481.0,51842.0,47172.0,,0.0,0.0,,,2.0,-1.0,13.51,0.038,0.225,3.0,2.0,0.0,0.0,22.99,22.74,21.94,23.56,22.83,36.05,22.88,23.0,23.13,42.75
2016-07-28 14:39:00-05:00,15.800979,23.143738,576336,32.24,0.0,27.68,23.29,357.7,276.5,275.3,273.5,4.484,5.19,5.235,357.0,26.52,60.14,2.196000099182129,1453302.0,358.6,9.170000076293945,4.617000102996826,0.0,0.0,0.0,0.0,0.0,0.0,0.0,0.0,22.64,22.69,25.32,10.24,11.62,10.87,60.0,59.9,74.7,0.0,275.0,274.0,276.0,2.284,-7.573,8.23,619.0,1443607.0,42649.0,133431.0,-0.292,0.979,0.748,0.921,1.168,1.327,1.329,1.352,1.401,1.209,1.174,0.403,0.461,0.462,0.47,0.487,0.418,0.408,53388.0,54195.0,53646.0,53480.0,54481.0,51842.0,47172.0,,0.0,0.0,,,2.0,-1.0,13.51,0.037,0.224,3.0,2.0,0.0,0.0,23.09,22.79,21.99,23.6,22.92,34.81,22.92,23.09,23.13,42.61
2016-07-28 14:40:00-05:00,16.513803,23.255814,576337,32.02,0.0,27.87,23.24,360.9,276.8,275.3,273.6,3.878,4.487,4.529,359.1,23.12,60.14,1.9010000228881836,1453302.0,360.9,7.986000061035156,4.5329999923706055,0.0,0.0,0.0,0.0,0.0,0.0,0.0,0.0,22.71,22.74,25.25,10.39,11.59,10.9,60.0,59.9,74.7,0.0,275.0,274.4,276.0,1.939,-7.724,8.3,619.0,1443607.0,42649.0,133431.0,-0.248,0.979,0.748,0.921,0.969,1.136,1.168,1.184,1.185,1.016,0.994,0.334,0.396,0.407,0.413,0.413,0.352,0.346,53388.0,54195.0,53646.0,53480.0,54481.0,51842.0,47172.0,,0.0,0.0,,,2.0,-1.0,13.51,0.078,0.224,3.0,2.0,0.0,0.0,23.18,22.92,21.94,23.69,22.9,34.28,22.93,23.16,23.13,42.49
2016-07-28 14:41:00-05:00,15.919784,22.022976,576338,31.81,0.0,26.55,23.25,360.0,277.0,275.5,273.8,3.757,3.795,3.973,358.9,21.49,60.14,1.5720000267028809,1453303.0,361.2,7.419000148773193,4.517000198364258,0.0,0.0,0.0,0.0,0.0,0.0,0.0,0.0,22.64,22.77,24.03,10.34,11.52,10.89,60.0,59.9,74.7,0.0,275.0,275.0,276.7,1.679,-7.795,8.27,619.0,1443607.0,42650.0,133431.0,-0.219,0.979,0.748,0.921,0.919,1.02,1.088,1.091,1.08,0.975,0.954,0.317,0.353,0.379,0.38,0.375,0.337,0.332,53388.0,54195.0,53646.0,53480.0,54481.0,51842.0,47172.0,,0.0,0.0,,,2.5,-1.0,13.54,0.05,0.224,3.0,2.0,0.0,0.0,23.21,22.91,21.99,23.69,22.92,33.86,23.03,23.21,23.2,42.3
2016-07-28 14:42:00-05:00,14.731739,19.893528,576339,31.61,0.0,24.24,23.21,357.5,277.2,275.8,274.0,3.632,3.7,3.715,356.7,21.56,60.14,1.3880000114440918,1453303.0,359.5,7.415999889373779,4.5329999923706055,0.0,0.0,0.0,0.0,0.0,0.0,0.0,0.0,22.68,22.84,21.94,10.24,11.43,10.89,60.0,59.9,74.7,0.0,275.7,275.0,277.0,1.438,-7.833,8.18,619.0,1443608.0,42650.0,133431.0,-0.192,0.979,0.748,0.921,0.836,0.949,1.028,0.989,0.977,0.912,0.889,0.288,0.329,0.357,0.343,0.338,0.315,0.308,53388.0,54195.0,53646.0,53480.0,54481.0,51842.0,47172.0,,0.0,0.0,,,2.0,-1.0,13.54,0.043,0.224,3.0,2.0,0.0,0.0,23.27,22.97,22.04,23.76,22.93,33.93,23.13,23.29,23.33,42.11
2016-07-28 14:43:00-05:00,13.068479,17.539928,576340,31.41,0.0,21.93,23.23,348.1,277.3,275.9,274.1,3.918,4.255,4.308,347.2,25.39,60.14,1.4170000553131104,1453303.0,349.0,8.520000457763672,4.650000095367432,0.0,0.0,0.0,0.0,0.0,0.0,0.0,0.0,22.71,22.87,19.65,9.9,11.26,10.76,60.0,59.9,74.7,0.0,275.8,275.0,277.0,1.516,-7.675,7.975,619.0,1443608.0,42650.0,133431.0,-0.204,0.979,0.748,0.921,0.819,0.975,1.048,0.982,1.048,0.96,0.948,0.274,0.328,0.353,0.331,0.353,0.323,0.32,53388.0,54195.0,53646.0,53480.0,54481.0,51842.0,47172.0,,0.0,0.0,,,2.0,-1.0,13.54,0.041,0.224,3.0,2.0,0.0,0.0,23.29,23.12,22.04,23.84,22.93,33.92,23.11,23.31,23.33,41.94
2016-07-28 14:44:00-05:00,11.642827,15.634631,576341,31.21,0.0,19.5,23.25,345.1,276.9,275.6,273.8,3.531,3.735,3.857,344.2,24.42,60.15,1.0329999923706055,1453303.0,346.6,8.109999656677246,4.650000095367432,0.0,0.0,0.0,0.0,0.0,0.0,0.0,0.0,22.61,22.85,17.7,9.79,11.17,10.74,60.0,59.9,74.7,0.0,275.0,275.0,276.6,1.234,-7.678,7.889,619.0,1443608.0,42650.0,133431.0,-0.17,0.979,0.748,0.921,0.726,0.836,0.893,0.881,0.951,0.819,0.875,0.24,0.279,0.298,0.294,0.317,0.272,0.292,53388.0,54195.0,53646.0,53480.0,54481.0,51842.0,47172.0,,0.0,0.0,,,2.0,-1.0,13.54,0.039,0.223,3.0,2.0,0.0,0.0,23.29,23.1,21.99,23.93,22.92,32.92,23.14,23.25,23.33,41.77
2016-07-28 14:45:00-05:00,10.217174,13.61726,576342,31.03,0.0,17.33,23.39,342.7,276.9,275.7,273.9,3.305,3.303,3.356,342.0,23.27,60.15,0.7620000243186951,1453303.0,343.8,7.659999847412109,4.632999897003174,0.0,0.0,0.0,0.0,0.0,0.0,0.0,0.0,22.59,22.83,15.78,9.75,11.12,10.77,60.0,59.9,74.7,0.0,275.1,275.0,277.0,0.876,-7.761,7.883,619.0,1443608.0,42650.0,133431.0,-0.123,0.979,0.748,0.921,0.667,0.726,0.741,0.782,0.801,0.714,0.676,0.219,0.24,0.245,0.259,0.265,0.235,0.223,53388.0,54195.0,53646.0,53480.0,54481.0,51842.0,47172.0,,0.0,0.0,,,2.5,-1.0,13.54,0.038,0.223,3.0,2.0,0.0,0.0,23.23,23.05,22.01,23.98,23.01,32.41,23.03,23.23,23.27,41.62
2016-07-28 14:46:00-05:00,8.791522,11.936117,576343,30.83,0.0,15.33,23.35,341.1,276.3,274.8,273.1,3.27,3.199,3.217,339.7,21.72,60.15,0.6779999732971191,1453303.0,341.5,7.107999801635742,4.632999897003174,0.0,0.0,0.0,0.0,0.0,0.0,0.0,0.0,22.6,22.82,14.07,9.69,11.05,10.83,60.0,59.9,74.7,0.0,274.4,274.1,276.0,0.537,-7.769,7.824,619.0,1443608.0,42650.0,133431.0,-0.077,0.979,0.748,0.921,0.476,0.554,0.616,0.611,0.6,0.54,0.52,0.156,0.182,0.203,0.201,0.198,0.177,0.171,53388.0,54195.0,53646.0,53480.0,54481.0,51842.0,47172.0,,0.0,0.0,,,2.5,-1.0,13.54,0.038,0.223,3.0,2.0,0.0,0.0,23.3,23.01,21.97,24.05,23.02,32.42,23.05,23.34,23.23,41.49
2016-07-28 14:47:00-05:00,7.603478,10.479127,576344,30.63,0.0,13.83,23.32,343.9,276.3,275.1,273.4,2.495,2.61,2.624,343.0,17.32,60.14,0.5170000195503235,1453303.0,344.9,5.690999984741211,4.517000198364258,0.0,0.0,0.0,0.0,0.0,0.0,0.0,0.0,22.57,22.83,12.71,9.96,11.13,10.95,60.0,59.9,74.7,0.0,275.0,274.0,276.0,0.216,-7.977,8.0,619.0,1443608.0,42650.0,133431.0,-0.034,0.979,0.748,0.921,0.284,0.398,0.461,0.427,0.446,0.386,0.379,0.093,0.131,0.153,0.142,0.148,0.127,0.126,53388.0,54195.0,53646.0,53480.0,54481.0,51842.0,47172.0,,0.0,0.0,,,2.0,-1.0,13.54,0.037,0.223,3.0,2.0,0.0,0.0,23.28,22.98,21.88,24.06,23.0,31.84,23.01,23.3,23.34,41.4
2016-07-28 14:48:00-05:00,7.009457,9.47044,576345,30.46,0.0,12.69,23.29,342.3,276.2,275.1,273.5,2.581,2.61,2.624,341.3,17.25,60.14,0.5360000133514404,1453303.0,343.1,5.6479997634887695,4.517000198364258,0.0,0.0,0.0,0.0,0.0,0.0,0.0,0.0,22.65,22.84,11.75,9.98,11.13,10.98,60.0,59.9,74.7,0.0,275.0,274.0,276.0,0.104,-8.01,8.02,619.0,1443608.0,42651.0,133431.0,-0.018,0.979,0.748,0.921,0.248,0.307,0.399,0.353,0.349,0.326,0.323,0.081,0.102,0.132,0.117,0.115,0.107,0.107,53388.0,54195.0,53646.0,53480.0,54481.0,51842.0,47172.0,,0.0,0.0,,,2.5,-1.0,13.54,0.036,0.223,3.0,2.0,0.0,0.0,23.3,23.0,21.85,24.11,22.92,32.05,23.01,23.31,23.34,41.35
2016-07-28 14:49:00-05:00,6.8906527,9.022136,576346,30.29,0.0,11.99,23.24,339.6,276.6,275.3,273.6,2.323,2.778,2.709,339.3,18.23,60.15,0.48500001430511475,1453303.0,341.2,5.958000183105469,4.550000190734863,0.0,0.0,0.0,0.0,0.0,0.0,0.0,0.0,22.75,22.87,11.27,9.9,11.11,11.04,60.0,59.9,74.7,0.0,275.1,274.1,276.1,0.015,-7.985,7.994,619.0,1443608.0,42651.0,133431.0,-0.006,0.979,0.748,0.921,0.308,0.316,0.357,0.341,0.342,0.288,0.313,0.1,0.104,0.118,0.112,0.113,0.094,0.103,53388.0,54195.0,53646.0,53480.0,54481.0,51842.0,47172.0,,0.0,0.0,,,2.5,-1.0,13.54,0.036,0.223,3.0,2.0,0.0,0.0,23.3,22.98,21.85,24.17,22.92,32.49,23.06,23.31,23.34,41.23
2016-07-28 14:50:00-05:00,6.8906527,8.91006,576347,30.13,0.0,11.89,23.25,333.3,277.2,276.0,274.3,2.753,3.283,3.302,332.4,21.57,60.15,0.5789999961853027,1453303.0,334.3,6.914000034332275,4.650000095367432,0.0,0.0,0.0,0.0,0.0,0.0,0.0,0.0,22.58,22.84,11.06,9.67,11.05,10.95,60.0,59.9,74.7,0.0,275.9,275.0,277.0,0.112,-7.889,7.9,619.0,1443608.0,42651.0,133431.0,-0.018,0.979,0.748,0.921,0.389,0.432,0.43,0.437,0.442,0.375,0.366,0.125,0.139,0.139,0.141,0.142,0.12,0.118,53388.0,54195.0,53646.0,53480.0,54481.0,51842.0,47172.0,,0.0,0.0,,,3.5,-1.0,13.54,0.036,0.223,3.0,2.0,0.0,0.0,23.37,22.9,21.79,24.26,22.89,32.34,23.08,23.31,23.34,41.12
2016-07-28 14:51:00-05:00,6.6530433,8.573831,576348,29.97,0.0,11.6,23.3,332.2,277.3,276.0,274.4,2.581,3.283,3.302,331.5,21.5,60.15,0.5440000295639038,1453303.0,333.8,6.870999813079834,4.650000095367432,0.0,0.0,0.0,0.0,0.0,0.0,0.0,0.0,22.73,22.88,10.7,9.63,11.04,10.94,60.0,59.9,74.7,0.0,276.0,275.0,277.0,0.083,-7.868,7.878,619.0,1443608.0,42651.0,133431.0,-0.014,0.979,0.748,0.921,0.368,0.412,0.437,0.435,0.421,0.371,0.369,0.117,0.132,0.141,0.14,0.135,0.119,0.118,53388.0,54195.0,53646.0,53480.0,54481.0,51842.0,47172.0,,0.0,0.0,,,2.0,-1.0,13.54,0.036,0.223,3.0,2.0,0.0,0.0,23.39,23.06,21.75,24.41,22.94,32.9,23.16,23.33,23.34,41.0
2016-07-28 14:52:00-05:00,5.5838046,7.6772203,576349,29.82,0.0,10.69,23.42,330.5,277.4,276.0,274.3,2.323,2.778,2.709,329.3,20.63,60.14,0.453000009059906,1453303.0,331.7,6.521999835968018,4.632999897003174,0.0,0.0,0.0,0.0,0.0,0.0,0.0,0.0,22.74,22.86,9.79,9.65,11.05,10.97,60.0,59.9,74.7,0.0,276.0,275.0,277.0,0.009,-7.89,7.898,619.0,1443608.0,42651.0,133431.0,-0.005,0.979,0.748,0.921,0.339,0.384,0.391,0.387,0.378,0.342,0.332,0.107,0.122,0.125,0.123,0.12,0.109,0.106,53388.0,54195.0,53646.0,53480.0,54481.0,51842.0,47172.0,,0.0,0.0,,,2.0,-1.0,13.54,0.035,0.223,3.0,2.0,0.0,0.0,23.32,23.02,21.83,24.4,23.01,32.73,23.18,23.32,23.32,40.97
2016-07-28 14:53:00-05:00,3.920544,6.780611,576350,29.68,0.0,9.77,23.46,328.5,277.5,276.2,274.6,1.721,2.526,2.54,327.0,19.94,60.15,0.328000009059906,1453303.0,329.0,6.241000175476074,4.617000102996826,0.0,0.0,0.0,0.0,0.0,0.0,0.0,0.0,22.89,22.85,8.77,9.73,11.05,11.0,60.0,59.9,74.7,0.0,276.0,275.1,277.0,-0.04,-7.934,7.94,619.0,1443608.0,42651.0,133431.0,0.002,0.979,0.748,0.921,0.292,0.341,0.365,0.369,0.343,0.297,0.312,0.091,0.107,0.115,0.116,0.108,0.093,0.098,53388.0,54195.0,53646.0,53480.0,54481.0,51842.0,47172.0,,0.0,0.0,,,2.5,-1.0,13.54,0.055,0.223,3.0,2.0,0.0,0.0,23.31,23.02,21.85,24.43,23.03,32.73,23.16,23.41,23.34,40.91
2016-07-28 14:54:00-05:00,2.8513043,6.556459,576351,29.54,0.0,9.5,23.44,330.5,277.3,275.8,274.0,1.721,2.105,2.201,329.5,16.62,60.14,0.36000001430511475,1453303.0,331.9,5.190999984741211,4.517000198364258,0.0,0.0,0.0,0.0,0.0,0.0,0.0,0.0,22.74,22.85,8.37,10.01,11.14,11.05,60.0,59.9,74.7,0.0,275.7,275.0,277.0,-0.1,-8.07,8.08,619.0,1443608.0,42651.0,133431.0,0.009,0.979,0.748,0.921,0.239,0.29,0.315,0.308,0.302,0.251,0.279,0.074,0.091,0.099,0.097,0.095,0.078,0.088,53388.0,54195.0,53646.0,53480.0,54481.0,51842.0,47172.0,,0.0,0.0,,,2.5,-1.0,13.58,0.044,0.222,3.0,2.0,0.0,0.0,23.31,23.13,21.78,24.46,22.95,32.5,23.13,23.32,23.31,40.88
2016-07-28 14:55:00-05:00,2.970109,7.565144,576352,29.4,0.0,10.58,23.35,333.3,277.1,275.8,274.0,1.979,2.273,2.37,332.3,16.85,60.14,0.4169999957084656,1453303.0,334.3,5.302000045776367,4.517000198364258,0.0,0.0,0.0,0.0,0.0,0.0,0.0,0.0,22.66,22.81,9.03,10.01,11.14,11.03,60.0,59.9,74.7,0.0,275.5,274.9,276.7,-0.036,-8.06,8.07,619.0,1443608.0,42651.0,133431.0,0.001,0.979,0.748,0.921,0.271,0.314,0.35,0.355,0.349,0.274,0.303,0.085,0.099,0.111,0.113,0.111,0.086,0.096,53388.0,54195.0,53646.0,53480.0,54481.0,51842.0,47172.0,,0.0,0.0,,,2.0,-1.0,13.58,0.042,0.223,3.0,2.0,0.0,0.0,23.31,23.01,21.7,24.41,22.84,31.64,23.06,23.24,23.26,40.89
2016-07-28 14:56:00-05:00,4.0393476,9.022136,576353,29.27,0.0,12.09,23.29,334.0,275.9,274.2,272.5,2.753,3.031,3.048,333.7,19.79,60.15,0.5649999976158142,1453303.0,335.9,6.321000099182129,4.599999904632568,0.0,0.0,0.0,0.0,0.0,0.0,0.0,0.0,22.63,22.8,10.09,9.79,11.08,10.99,60.0,59.9,74.7,0.0,274.2,273.3,275.2,0.122,-7.877,7.891,619.0,1443608.0,42652.0,133431.0,-0.02,0.979,0.748,0.921,0.383,0.412,0.446,0.457,0.441,0.403,0.385,0.122,0.132,0.144,0.147,0.141,0.129,0.124,53388.0,54195.0,53646.0,53480.0,54481.0,51842.0,47172.0,,0.0,0.0,,,2.5,-1.0,13.58,0.041,0.222,3.0,2.0,0.0,0.0,23.29,22.94,21.62,24.38,22.84,31.21,23.04,23.21,23.31,40.9
2016-07-28 14:57:00-05:00,4.514565,9.47044,576354,29.14,0.0,12.79,23.29,336.2,274.9,273.7,272.0,2.925,3.283,3.302,335.5,21.7,60.15,0.5960000157356262,1453303.0,337.4,7.035999774932861,4.650000095367432,0.0,0.0,0.0,0.0,0.0,0.0,0.0,0.0,22.59,22.8,10.53,9.64,10.99,10.92,60.0,59.9,74.7,0.0,273.3,272.8,274.6,0.196,-7.768,7.783,619.0,1443608.0,42652.0,133431.0,-0.03,0.979,0.748,0.921,0.416,0.444,0.477,0.44,0.482,0.449,0.424,0.135,0.145,0.156,0.143,0.157,0.146,0.138,53388.0,54195.0,53646.0,53480.0,54481.0,51842.0,47172.0,,0.0,0.0,,,2.5,-1.0,13.58,0.041,0.223,3.0,2.0,0.0,0.0,23.25,22.89,21.57,24.38,22.78,31.36,23.05,23.23,23.3,40.86
2016-07-28 14:58:00-05:00,4.276957,8.797983,576355,29.02,0.0,12.04,23.27,337.0,275.0,273.6,271.9,2.409,3.199,3.217,336.3,21.04,60.16,0.4740000069141388,1453303.0,338.9,6.86299991607666,4.650000095367432,0.0,0.0,0.0,0.0,0.0,0.0,0.0,0.0,22.53,22.74,9.96,9.6,10.99,10.95,60.0,59.9,74.7,0.0,273.4,273.0,274.9,0.088,-7.772,7.781,619.0,1443608.0,42652.0,133431.0,-0.015,0.979,0.748,0.921,0.376,0.422,0.446,0.337,0.392,0.426,0.398,0.123,0.138,0.146,0.111,0.128,0.139,0.131,53388.0,54195.0,53646.0,53480.0,54481.0,51842.0,47172.0,,0.0,0.0,,,2.0,-1.0,13.58,0.04,0.223,3.0,2.0,0.0,0.0,23.21,22.84,21.5,24.36,22.74,31.49,22.97,23.19,23.25,40.82
2016-07-28 14:59:00-05:00,3.4453266,7.789297,576356,28.9,0.0,11.16,23.01,333.7,275.1,273.5,271.8,1.635,2.778,2.709,332.5,19.63,60.14,0.3330000042915344,1453303.0,335.2,6.2769999504089355,4.617000102996826,0.0,0.0,0.0,0.0,0.0,0.0,0.0,0.0,22.47,22.6,9.25,9.73,11.03,10.98,60.0,59.9,74.7,0.0,273.4,273.0,274.8,0.005,-7.849,7.857,619.0,1443608.0,42652.0,133431.0,-0.004,0.979,0.748,0.921,0.318,0.368,0.375,0.356,0.377,0.337,0.338,0.101,0.118,0.121,0.115,0.121,0.108,0.109,53388.0,54195.0,53646.0,53480.0,54481.0,51842.0,47172.0,,0.0,0.0,,,3.0,-1.0,13.58,0.039,0.223,3.0,2.0,0.0,0.0,22.98,22.71,21.37,24.32,22.72,32.31,22.89,23.04,23.12,40.82
2016-07-28 15:00:00-05:00,2.8513043,7.565144,576357,28.78,0.0,11.21,22.73,334.1,275.4,273.5,271.8,2.151,2.778,2.54,332.8,18.77,60.14,0.4390000104904175,1453303.0,334.3,5.9730000495910645,4.583000183105469,0.0,0.0,0.0,0.0,0.0,0.0,0.0,0.0,22.45,22.37,9.22,9.84,11.05,10.98,60.0,59.9,74.7,0.0,273.8,273.0,274.9,0.042,-7.902,7.913,619.0,1443608.0,42652.0,133431.0,-0.009,0.979,0.748,0.921,0.322,0.368,0.373,0.392,0.381,0.327,0.331,0.102,0.118,0.119,0.125,0.122,0.104,0.106,53388.0,54195.0,53646.0,53480.0,54481.0,51842.0,47172.0,,0.0,0.0,,,2.0,-1.0,13.58,0.039,0.223,3.0,2.0,0.0,0.0,22.75,22.54,21.11,24.0,22.58,33.43,22.71,22.78,22.83,40.73
2016-07-28 15:01:00-05:00,3.564131,8.461754,576358,28.66,0.0,12.28,22.5,338.1,275.4,273.9,272.2,2.065,2.61,2.624,337.2,16.59,60.13,0.421999990940094,1453303.0,339.8,5.310999870300293,4.517000198364258,0.0,0.0,0.0,0.0,0.0,0.0,0.0,0.0,22.27,22.22,9.85,10.03,11.12,11.01,60.0,59.9,74.7,0.0,274.0,273.0,275.0,0.066,-8.01,8.02,619.0,1443608.0,42652.0,133431.0,-0.013,0.979,0.748,0.921,0.302,0.365,0.383,0.378,0.37,0.324,0.332,0.096,0.117,0.124,0.122,0.119,0.103,0.107,53388.0,54195.0,53646.0,53480.0,54481.0,51842.0,47172.0,,0.0,0.0,,,2.0,-1.0,13.58,0.038,0.222,3.0,2.0,0.0,0.0,22.63,22.4,20.93,23.9,22.48,36.89,22.61,22.64,22.67,40.73
2016-07-28 15:02:00-05:00,5.2273917,10.030821,576359,28.53,0.0,13.88,22.46,344.4,275.5,274.0,272.3,2.667,2.61,2.624,343.5,16.89,60.17,0.5450000166893005,1453303.0,344.8,5.554999828338623,4.517000198364258,0.0,0.0,0.0,0.0,0.0,0.0,0.0,0.0,22.14,22.18,11.16,10.01,11.14,10.98,60.0,59.9,74.7,0.0,274.0,273.0,275.0,0.206,-7.983,8.01,619.0,1443608.0,42652.0,133431.0,-0.032,0.979,0.748,0.921,0.249,0.405,0.48,0.4,0.43,0.401,0.357,0.081,0.134,0.159,0.132,0.142,0.132,0.119,53388.0,54195.0,53646.0,53480.0,54481.0,51842.0,47172.0,,0.0,0.0,,,2.0,-1.0,13.58,0.038,0.223,3.0,2.0,0.0,0.0,22.63,22.35,20.98,23.82,22.54,37.46,22.52,22.63,22.58,40.63
2016-07-28 15:03:00-05:00,6.6530433,11.82404,576360,28.41,0.0,16.19,22.09,344.0,275.7,274.1,272.3,3.011,2.947,2.963,343.8,19.47,60.15,0.6159999966621399,1453303.0,345.9,6.425000190734863,4.583000183105469,0.0,0.0,0.0,0.0,0.0,0.0,0.0,0.0,21.87,21.95,12.7,9.91,11.12,10.93,60.0,59.9,74.7,0.0,274.0,273.0,275.0,0.57,-7.855,7.923,619.0,1443608.0,42652.0,133431.0,-0.081,0.979,0.748,0.921,0.424,0.685,0.702,0.638,0.659,0.595,0.509,0.139,0.227,0.233,0.212,0.218,0.196,0.169,53388.0,54195.0,53646.0,53480.0,54481.0,51842.0,47172.0,,0.0,0.0,,,2.5,-1.0,13.58,0.038,0.222,3.0,2.0,0.0,0.0,22.44,22.17,20.93,23.73,22.42,36.91,22.45,22.55,22.55,40.53
2016-07-28 15:04:00-05:00,7.841087,13.056878,576361,28.29,0.0,17.14,22.17,344.3,275.9,274.6,272.8,3.27,3.199,3.217,343.8,21.43,60.14,0.6759999990463257,1453303.0,346.3,7.105000019073486,4.632999897003174,0.0,0.0,0.0,0.0,0.0,0.0,0.0,0.0,21.83,21.84,13.95,9.79,11.11,10.82,60.0,59.9,74.7,0.0,274.1,274.0,275.5,0.861,-7.752,7.866,619.0,1443608.0,42653.0,133431.0,-0.12,0.979,0.748,0.921,0.563,0.821,0.837,0.773,0.796,0.68,0.614,0.186,0.273,0.279,0.257,0.264,0.225,0.204,53388.0,54195.0,53646.0,53480.0,54481.0,51842.0,47172.0,,0.0,0.0,,,2.0,-0.967,13.58,0.038,0.223,3.0,2.0,0.0,0.0,22.31,21.99,20.83,23.56,22.29,34.8,22.33,22.45,22.36,40.4
2016-07-28 15:05:00-05:00,8.553913,13.729337,576362,28.17,0.0,17.78,22.22,344.0,275.8,274.5,272.7,3.356,3.318,3.371,343.3,22.74,60.14,0.722000002861023,1453303.0,345.1,7.53000020980835,4.650000095367432,0.0,0.0,0.0,0.0,0.0,0.0,0.0,0.0,21.94,21.86,14.57,9.76,11.11,10.79,60.0,59.9,74.7,0.0,274.0,273.7,275.2,0.954,-7.706,7.838,619.0,1443608.0,42653.0,133431.0,-0.133,0.979,0.748,0.921,0.711,0.822,0.797,0.816,0.805,0.771,0.695,0.235,0.273,0.265,0.272,0.267,0.255,0.231,53388.0,54195.0,53646.0,53480.0,54481.0,51842.0,47172.0,,0.0,0.0,,,2.0,-1.0,13.58,0.037,0.223,3.0,2.0,0.0,0.0,22.34,21.94,20.71,23.55,22.24,33.3,22.34,22.42,22.35,40.38
2016-07-28 15:06:00-05:00,8.553913,13.953488,576363,28.05,0.0,18.01,22.37,343.9,276.6,274.9,273.2,3.356,3.283,3.371,343.2,22.75,60.14,0.7160000205039978,1453303.0,345.6,7.5329999923706055,4.650000095367432,0.0,0.0,0.0,0.0,0.0,0.0,0.0,0.0,21.97,21.93,14.89,9.73,11.12,10.79,60.0,59.9,74.7,0.0,274.8,274.0,275.9,0.979,-7.707,7.845,619.0,1443608.0,42653.0,133431.0,-0.136,0.979,0.748,0.921,0.675,0.82,0.871,0.84,0.825,0.76,0.719,0.223,0.272,0.29,0.28,0.274,0.251,0.239,53388.0,54195.0,53646.0,53480.0,54481.0,51842.0,47172.0,,0.0,0.0,,,2.0,-1.0,13.58,0.037,0.222,3.0,2.0,0.0,0.0,22.34,21.96,20.7,23.56,22.21,32.75,22.35,22.37,22.38,40.28
2016-07-28 15:07:00-05:00,9.504348,14.289718,576364,27.93,0.0,18.55,22.33,347.8,276.7,275.0,273.2,3.047,3.363,3.345,346.4,21.19,60.15,0.8579999804496765,1453304.0,348.6,7.035999774932861,4.583000183105469,0.0,0.0,0.0,0.0,0.0,0.0,0.0,0.0,22.02,21.95,15.6,9.95,11.19,10.82,60.0,59.9,74.7,0.0,275.0,274.0,276.0,0.95,-7.81,7.965,619.0,1443608.0,42653.0,133431.0,-0.132,0.979,0.748,0.921,0.625,0.764,0.841,0.818,0.758,0.751,0.68,0.207,0.255,0.281,0.273,0.252,0.25,0.227,53388.0,54195.0,53646.0,53480.0,54481.0,51842.0,47172.0,0.917,241.5,31.89,2.6,3.51,2.0,-1.0,13.58,0.037,0.222,3.0,2.0,0.0,0.0,22.34,21.96,20.7,23.6,22.26,32.58,22.37,22.42,22.38,40.15
2016-07-28 15:08:00-05:00,11.286413,16.082937,576365,27.82,0.0,20.4,22.35,351.4,276.6,275.4,273.6,3.335,3.339,3.388,350.5,19.2,60.14,1.1610000133514404,1453304.0,352.2,6.396999835968018,4.517000198364258,0.0,0.0,0.0,0.0,0.0,0.0,0.0,0.0,21.98,21.98,17.25,10.16,11.29,10.9,60.0,59.9,74.7,0.0,275.0,274.2,276.0,1.048,-7.899,8.11,619.0,1443608.0,42653.0,133431.0,-0.144,0.979,0.748,0.921,0.636,0.741,0.854,0.844,0.823,0.765,0.696,0.211,0.248,0.287,0.283,0.275,0.255,0.233,53388.0,54195.0,53646.0,53480.0,54481.0,51842.0,47172.0,,0.0,0.0,,,2.0,-1.0,13.58,0.037,0.222,3.0,2.0,0.0,0.0,22.34,21.99,20.7,23.63,22.26,33.37,22.37,22.45,22.38,40.04
2016-07-28 15:09:00-05:00,13.662499,18.212385,576366,27.71,0.0,22.76,22.29,353.9,276.6,274.8,273.1,3.441,3.477,3.561,353.1,19.68,60.14,1.2740000486373901,1453304.0,355.7,6.607999801635742,4.517000198364258,0.0,0.0,0.0,0.0,0.0,0.0,0.0,0.0,21.99,22.01,19.39,10.19,11.35,10.91,60.0,59.9,74.7,0.0,274.6,274.1,275.9,1.209,-7.859,8.13,619.0,1443608.0,42653.0,133431.0,-0.164,0.979,0.748,0.921,0.685,0.84,0.902,0.906,0.912,0.802,0.754,0.228,0.283,0.305,0.306,0.307,0.269,0.254,53388.0,54195.0,53646.0,53480.0,54481.0,51842.0,47172.0,,0.0,0.0,,,2.0,-1.0,13.58,0.036,0.222,3.0,2.0,0.0,0.0,22.42,22.07,20.73,23.76,22.28,33.85,22.47,22.45,22.38,39.92
2016-07-28 15:10:00-05:00,16.870218,20.902214,576367,27.61,0.0,25.61,22.4,355.7,276.2,274.7,272.9,4.535,4.592,4.637,355.5,24.69,60.14,1.8140000104904175,1453304.0,357.3,8.510000228881836,4.632999897003174,0.0,0.0,0.0,0.0,0.0,0.0,0.0,0.0,22.05,22.03,21.94,10.05,11.42,10.82,60.0,59.9,74.7,0.0,274.6,274.0,275.8,1.894,-7.587,8.03,619.0,1443608.0,42653.0,133431.0,-0.25,0.979,0.748,0.921,1.065,1.19,1.196,1.199,1.215,1.121,1.046,0.367,0.412,0.414,0.414,0.42,0.387,0.361,53388.0,54195.0,53646.0,53480.0,54481.0,51842.0,47172.0,,0.0,0.0,,,2.5,-1.0,13.58,0.036,0.222,3.0,2.0,0.0,0.0,22.47,22.13,20.81,23.71,22.31,34.64,22.49,22.49,22.43,39.81
2016-07-28 15:11:00-05:00,20.077934,23.367891,576368,27.5,0.0,28.1,22.48,357.6,275.4,274.0,272.2,4.949,5.455,5.473,356.6,26.76,60.15,2.3420000076293945,1453304.0,359.3,9.260000228881836,4.650000095367432,0.0,0.0,0.0,0.0,0.0,0.0,0.0,0.0,22.16,22.1,24.02,10.23,11.63,10.86,60.0,59.9,74.7,0.0,273.7,273.3,275.2,2.473,-7.456,8.17,619.0,1443608.0,42654.0,133431.0,-0.315,0.979,0.748,0.921,1.341,1.382,1.44,1.446,1.443,1.356,1.24,0.465,0.48,0.501,0.503,0.501,0.471,0.431,53388.0,54195.0,53646.0,53480.0,54481.0,51842.0,47172.0,,0.0,0.0,,,2.0,-1.0,13.58,0.036,0.222,3.0,2.0,0.0,0.0,22.56,22.24,20.91,23.86,22.42,35.23,22.6,22.61,22.5,39.68
2016-07-28 15:12:00-05:00,21.741196,24.376577,576369,27.4,0.0,29.0,22.66,357.6,274.8,273.6,271.8,5.476,5.674,5.692,356.8,27.37,60.15,2.5959999561309814,1453304.0,358.6,9.470000267028809,4.650000095367432,0.0,0.0,0.0,0.0,0.0,0.0,0.0,0.0,22.4,22.2,25.1,10.33,11.77,10.94,60.0,59.9,74.7,0.0,273.0,272.9,274.5,2.696,-7.398,8.23,619.0,1443608.0,42654.0,133431.0,-0.339,0.979,0.748,0.921,1.404,1.51,1.539,1.514,1.479,1.452,1.304,0.486,0.525,0.535,0.526,0.512,0.504,0.453,53388.0,54195.0,53646.0,53480.0,54481.0,51842.0,47172.0,,0.0,0.0,,,2.0,-1.0,13.58,0.036,0.223,3.0,2.0,0.0,0.0,22.71,22.32,21.0,23.93,22.46,35.81,22.67,22.7,22.56,39.6
2016-07-28 15:13:00-05:00,22.097609,24.488651,576370,27.31,0.0,29.22,22.59,358.0,275.0,273.6,271.9,5.476,5.674,5.719,356.5,27.69,60.14,2.6050000190734863,1453304.0,359.1,9.569999694824219,4.650000095367432,0.0,0.0,0.0,0.0,0.0,0.0,0.0,0.0,22.41,22.32,25.22,10.31,11.76,10.93,60.0,59.9,74.7,0.0,273.6,273.0,274.9,2.569,-7.447,8.24,619.0,1443608.0,42654.0,133431.0,-0.334,0.979,0.748,0.921,1.365,1.453,1.491,1.474,1.485,1.415,1.255,0.472,0.504,0.518,0.512,0.515,0.49,0.435,53388.0,54195.0,53646.0,53480.0,54481.0,51842.0,47172.0,,0.0,0.0,,,2.5,-1.0,13.58,0.035,0.223,3.0,2.0,0.0,0.0,22.77,22.37,21.05,23.98,22.56,36.3,22.7,22.76,22.58,39.48
2016-07-28 15:14:00-05:00,21.978806,24.152424,576371,27.22,0.0,28.68,22.65,361.6,275.3,273.7,272.0,4.09,4.504,4.519,360.6,21.7,60.14,1.9889999628067017,1453304.0,362.8,7.50600004196167,4.517000198364258,0.0,0.0,0.0,0.0,0.0,0.0,0.0,0.0,22.39,22.38,24.89,10.49,11.67,11.0,60.0,59.9,74.7,0.0,273.9,273.0,275.0,2.021,-7.678,8.32,619.0,1443608.0,42654.0,133431.0,-0.256,0.979,0.748,0.921,1.067,1.193,1.225,1.214,1.192,1.132,1.017,0.368,0.415,0.427,0.422,0.414,0.393,0.353,53388.0,54195.0,53646.0,53480.0,54481.0,51842.0,47172.0,,0.0,0.0,,,2.0,-1.0,13.58,0.035,0.222,3.0,2.0,0.0,0.0,22.85,22.41,21.1,24.08,22.56,36.79,22.75,22.79,22.66,39.38
2016-07-28 15:15:00-05:00,21.265978,23.704119,576372,27.13,0.0,28.13,22.64,361.1,275.0,273.4,271.8,4.007,4.477,4.519,360.2,21.45,60.14,1.9550000429153442,1453304.0,362.4,7.414999961853027,4.517000198364258,0.0,0.0,0.0,0.0,0.0,0.0,0.0,0.0,22.43,22.45,24.41,10.47,11.64,10.99,60.0,59.9,74.7,0.0,273.2,272.7,274.5,1.945,-7.688,8.29,619.0,1443608.0,42654.0,133431.0,-0.249,0.979,0.748,0.921,1.063,1.188,1.174,1.179,1.154,1.072,0.99,0.368,0.413,0.409,0.409,0.401,0.371,0.343,53388.0,54195.0,53646.0,53480.0,54481.0,51842.0,47172.0,,0.0,0.0,,,2.0,-1.0,13.58,0.035,0.222,3.0,2.0,0.0,0.0,22.93,22.47,21.18,24.2,22.58,37.39,22.7,22.84,22.74,39.29
2016-07-28 15:16:00-05:00,20.553152,23.255814,576373,27.04,0.0,27.76,22.69,359.3,276.3,275.1,273.3,4.027,4.633,4.675,359.0,22.68,60.14,1.968000054359436,1453304.0,361.0,7.840000152587891,4.550000190734863,0.0,0.0,0.0,0.0,0.0,0.0,0.0,0.0,22.45,22.52,23.97,10.42,11.65,10.95,60.0,59.9,74.7,0.0,274.8,274.0,275.9,2.001,-7.698,8.28,619.0,1443608.0,42654.0,133431.0,-0.256,0.979,0.748,0.921,1.145,1.211,1.278,1.27,1.227,1.162,1.071,0.396,0.42,0.445,0.441,0.425,0.403,0.371,53388.0,54195.0,53646.0,53480.0,54481.0,51842.0,47172.0,0.73,96.3,21.98,1.1,3.512,2.0,-1.0,13.58,0.035,0.222,3.0,2.0,0.0,0.0,22.98,22.53,21.26,24.28,22.66,37.88,22.89,22.89,22.81,39.23
2016-07-28 15:17:00-05:00,19.721521,22.583357,576374,26.96,0.0,27.07,22.66,356.3,276.7,275.4,273.6,4.755,5.319,5.392,355.5,26.63,60.15,2.246000051498413,1453304.0,357.7,9.1899995803833,4.650000095367432,0.0,0.0,0.0,0.0,0.0,0.0,0.0,0.0,22.43,22.56,23.22,10.15,11.59,10.85,60.0,59.9,74.7,0.0,275.0,274.4,276.1,2.333,-7.516,8.16,619.0,1443608.0,42654.0,133431.0,-0.3,0.979,0.748,0.921,1.268,1.345,1.392,1.375,1.303,1.284,1.16,0.438,0.466,0.483,0.477,0.451,0.444,0.402,53388.0,54195.0,53646.0,53480.0,54481.0,51842.0,47172.0,,0.0,0.0,,,2.5,-1.0,13.58,0.035,0.222,3.0,2.0,0.0,0.0,23.03,22.56,21.29,24.31,22.66,37.75,22.87,22.94,22.94,39.19
2016-07-28 15:18:00-05:00,17.820652,20.67806,576375,26.88,0.0,25.07,22.62,355.2,276.6,275.3,273.6,4.727,4.637,4.655,354.4,25.67,60.14,1.840999960899353,1453304.0,356.2,8.84000015258789,4.650000095367432,0.0,0.0,0.0,0.0,0.0,0.0,0.0,0.0,22.33,22.58,21.42,9.99,11.43,10.8,60.0,59.9,74.7,0.0,275.0,274.3,276.1,1.99,-7.551,8.03,619.0,1443608.0,42654.0,133431.0,-0.263,0.979,0.748,0.921,1.119,1.21,1.24,1.253,1.225,1.155,1.065,0.386,0.418,0.429,0.433,0.423,0.399,0.368,53388.0,54195.0,53646.0,53480.0,54481.0,51842.0,47172.0,0.653,65.57,31.52,1.0,3.51,2.0,-1.0,13.58,0.035,0.222,3.0,2.0,0.0,0.0,23.03,22.68,21.37,24.41,22.74,38.32,22.94,22.95,22.99,39.04
2016-07-28 15:19:00-05:00,16.038586,18.772764,576376,26.8,0.0,22.95,22.61,351.2,277.4,275.3,273.6,4.375,4.498,4.516,350.6,24.35,60.15,1.6670000553131104,1453304.0,353.1,8.270000457763672,4.650000095367432,0.0,0.0,0.0,0.0,0.0,0.0,0.0,0.0,22.31,22.57,19.62,9.88,11.29,10.74,60.0,59.9,74.7,0.0,275.1,274.9,276.7,1.606,-7.616,7.947,619.0,1443608.0,42655.0,133431.0,-0.217,0.979,0.748,0.921,0.943,1.096,1.103,1.099,1.119,0.993,0.949,0.32,0.373,0.376,0.374,0.381,0.337,0.323,53388.0,54195.0,53646.0,53480.0,54481.0,51842.0,47172.0,,0.0,0.0,,,2.5,-1.0,13.57,0.036,0.222,3.0,2.0,0.0,0.0,23.03,22.65,21.39,24.41,22.72,38.15,22.98,22.95,22.99,38.99
2016-07-28 15:20:00-05:00,14.375325,17.2037,576377,26.71,0.0,21.22,22.79,349.6,277.0,275.7,274.0,3.66,3.898,3.984,348.1,22.06,60.14,1.312000036239624,1453304.0,350.3,7.363999843597412,4.599999904632568,0.0,0.0,0.0,0.0,0.0,0.0,0.0,0.0,22.41,22.55,18.15,9.94,11.25,10.8,60.0,59.9,74.7,0.0,275.6,274.9,276.9,1.259,-7.747,7.986,619.0,1443608.0,42655.0,133431.0,-0.172,0.979,0.748,0.921,0.77,0.94,0.919,0.918,0.913,0.859,0.769,0.257,0.315,0.309,0.308,0.306,0.287,0.257,53388.0,54195.0,53646.0,53480.0,54481.0,51842.0,47172.0,,0.0,0.0,,,2.0,-1.0,13.61,0.052,0.222,3.0,2.0,0.0,0.0,23.03,22.7,21.39,24.48,22.74,38.05,22.98,22.95,22.99,38.91
2016-07-28 15:21:00-05:00,12.949674,15.746708,576378,26.63,0.0,19.63,22.8,350.1,277.2,275.9,274.1,2.702,2.922,3.075,349.2,18.63,60.14,0.7839999794960022,1453304.0,351.9,6.189000129699707,4.517000198364258,0.0,0.0,0.0,0.0,0.0,0.0,0.0,0.0,22.47,22.58,16.76,10.1,11.24,10.87,60.0,59.9,74.7,0.0,275.8,275.0,277.0,0.833,-7.939,8.09,619.0,1443608.0,42655.0,133431.0,-0.117,0.979,0.748,0.921,0.618,0.703,0.721,0.748,0.702,0.697,0.597,0.205,0.235,0.241,0.25,0.234,0.232,0.199,53388.0,54195.0,53646.0,53480.0,54481.0,51842.0,47172.0,,0.0,0.0,,,3.0,-1.0,13.61,0.043,0.222,3.0,2.0,0.0,0.0,23.03,22.77,21.44,24.55,22.76,38.6,23.06,23.02,23.09,38.84
2016-07-28 15:22:00-05:00,11.880434,14.51387,576379,26.56,0.0,18.21,22.87,348.7,277.3,275.9,274.1,2.702,2.853,2.937,347.8,18.39,60.15,0.7260000109672546,1453304.0,349.8,6.093999862670898,4.517000198364258,0.0,0.0,0.0,0.0,0.0,0.0,0.0,0.0,22.52,22.56,15.53,10.09,11.21,10.88,60.0,59.9,74.7,0.0,275.8,275.0,277.0,0.776,-7.951,8.08,619.0,1443608.0,42655.0,133431.0,-0.11,0.979,0.748,0.921,0.635,0.691,0.656,0.724,0.664,0.691,0.632,0.21,0.23,0.219,0.241,0.22,0.229,0.21,53388.0,54195.0,53646.0,53480.0,54481.0,51842.0,47172.0,,0.0,0.0,,,2.0,-1.0,13.61,0.042,0.222,3.0,2.0,0.0,0.0,23.03,22.74,21.5,24.65,22.82,39.27,23.09,23.05,23.14,38.8
2016-07-28 15:23:00-05:00,10.692391,13.281031,576380,26.5,0.0,16.85,23.01,344.3,277.6,276.1,274.2,3.098,3.031,3.082,344.1,20.96,60.14,0.6620000004768372,1453304.0,345.9,6.940999984741211,4.599999904632568,0.0,0.0,0.0,0.0,0.0,0.0,0.0,0.0,22.62,22.6,14.33,9.89,11.19,10.86,60.0,59.9,74.7,0.0,276.0,275.1,277.0,0.802,-7.855,7.967,619.0,1443608.0,42655.0,133431.0,-0.112,0.979,0.748,0.921,0.702,0.758,0.683,0.805,0.776,0.732,0.717,0.232,0.252,0.228,0.268,0.257,0.243,0.238,53388.0,54195.0,53646.0,53480.0,54481.0,51842.0,47172.0,,0.0,0.0,,,2.0,-1.0,13.61,0.041,0.222,3.0,2.0,0.0,0.0,23.03,22.82,21.53,24.7,22.85,39.07,23.08,23.05,23.17,38.75
2016-07-28 15:24:00-05:00,9.504348,12.048194,576381,26.43,0.0,15.56,22.98,341.3,277.6,276.2,274.3,3.356,3.283,3.302,340.5,21.96,60.14,0.7089999914169312,1453304.0,342.9,7.230000019073486,4.650000095367432,0.0,0.0,0.0,0.0,0.0,0.0,0.0,0.0,22.61,22.62,13.19,9.72,11.07,10.82,60.0,59.9,74.7,0.0,276.0,275.0,277.0,0.734,-7.785,7.871,619.0,1443608.0,42655.0,133431.0,-0.103,0.979,0.748,0.921,0.659,0.771,0.683,0.775,0.786,0.66,0.691,0.217,0.255,0.226,0.256,0.259,0.218,0.228,53388.0,54195.0,53646.0,53480.0,54481.0,51842.0,47172.0,,0.0,0.0,,,2.0,-1.0,13.61,0.041,0.222,3.0,2.0,0.0,0.0,23.05,22.82,21.62,24.7,22.81,38.61,23.0,23.0,23.16,38.7
2016-07-28 15:25:00-05:00,8.197499,10.815354,576382,26.37,0.0,14.24,22.9,339.7,277.8,276.2,274.4,3.356,3.283,3.302,338.9,21.5,60.15,0.7099999785423279,1453305.0,340.9,7.047999858856201,4.650000095367432,0.0,0.0,0.0,0.0,0.0,0.0,0.0,0.0,22.55,22.57,12.1,9.67,11.06,10.85,60.0,59.9,74.7,0.0,276.0,275.3,277.0,0.473,-7.819,7.863,619.0,1443608.0,42655.0,133431.0,-0.068,0.979,0.748,0.921,0.486,0.644,0.588,0.623,0.625,0.552,0.525,0.159,0.212,0.194,0.205,0.206,0.181,0.173,53388.0,54195.0,53646.0,53480.0,54481.0,51842.0,47172.0,,0.0,0.0,,,2.0,-1.0,13.61,0.04,0.222,3.0,2.0,0.0,0.0,23.05,22.82,21.6,24.68,22.85,39.07,22.95,23.07,23.17,38.61
2016-07-28 15:26:00-05:00,7.009457,9.694593,576383,26.31,0.0,12.98,22.69,339.0,277.2,275.8,273.9,3.098,3.115,3.217,338.1,20.14,60.14,0.6320000290870667,1453305.0,340.7,6.60099983215332,4.650000095367432,0.0,0.0,0.0,0.0,0.0,0.0,0.0,0.0,22.37,22.53,11.05,9.68,11.04,10.91,60.0,59.9,74.7,0.0,275.7,275.0,277.0,0.206,-7.851,7.868,619.0,1443608.0,42655.0,133431.0,-0.031,0.979,0.748,0.921,0.403,0.443,0.454,0.476,0.471,0.411,0.407,0.132,0.146,0.15,0.157,0.155,0.135,0.134,53388.0,54195.0,53646.0,53480.0,54481.0,51842.0,47172.0,,0.0,0.0,,,2.0,-1.0,13.61,0.039,0.221,3.0,2.0,0.0,0.0,23.04,22.84,21.58,24.65,22.8,38.43,23.03,22.98,23.17,38.6
2016-07-28 15:27:00-05:00,5.702609,8.685906,576384,26.25,0.0,11.97,22.72,341.0,277.2,275.7,273.9,1.979,2.694,2.794,339.7,16.38,60.15,0.41499999165534973,1453305.0,341.8,5.355999946594238,4.550000190734863,0.0,0.0,0.0,0.0,0.0,0.0,0.0,0.0,22.32,22.44,10.15,9.94,11.12,11.01,60.0,59.9,74.7,0.0,275.7,275.0,276.9,0.006,-8.03,8.03,619.0,1443608.0,42656.0,133431.0,-0.005,0.979,0.748,0.921,0.341,0.354,0.395,0.377,0.335,0.367,0.254,0.111,0.117,0.13,0.124,0.11,0.12,0.083,53388.0,54195.0,53646.0,53480.0,54481.0,51842.0,47172.0,,0.0,0.0,,,2.0,-1.0,13.61,0.038,0.222,3.0,2.0,0.0,0.0,22.94,22.77,21.49,24.62,22.77,37.23,22.99,22.99,23.17,38.55
2016-07-28 15:28:00-05:00,4.870979,8.01345,576385,26.19,0.0,11.33,22.7,337.2,277.3,276.0,274.0,1.721,2.61,2.54,336.2,15.38,60.14,0.3610000014305115,1453305.0,338.4,4.920000076293945,4.5,0.0,0.0,0.0,0.0,0.0,0.0,0.0,0.0,22.3,22.43,9.58,10.04,11.13,11.05,60.0,59.9,74.7,0.0,276.0,275.0,277.0,-0.041,-8.09,8.1,619.0,1443608.0,42656.0,133431.0,0.001,0.979,0.748,0.921,0.288,0.326,0.349,0.338,0.317,0.298,0.279,0.092,0.105,0.113,0.109,0.102,0.095,0.09,53388.0,54195.0,53646.0,53480.0,54481.0,51842.0,47172.0,,0.0,0.0,,,2.5,-1.0,13.61,0.038,0.221,3.0,2.0,0.0,0.0,22.94,22.74,21.56,24.59,22.83,38.1,22.94,23.01,23.12,38.5
2016-07-28 15:29:00-05:00,4.514565,7.6772203,576386,26.13,0.0,10.98,22.71,335.3,277.5,275.8,274.0,1.893,2.357,2.54,334.8,15.43,60.15,0.3970000147819519,1453305.0,337.6,4.9070000648498535,4.5329999923706055,0.0,0.0,0.0,0.0,0.0,0.0,0.0,0.0,22.25,22.41,9.26,10.04,11.15,11.07,60.0,59.9,74.7,0.0,276.0,275.0,277.0,-0.045,-8.09,8.1,619.0,1443608.0,42656.0,133431.0,0.002,0.979,0.748,0.921,0.283,0.339,0.342,0.335,0.331,0.303,0.278,0.089,0.108,0.11,0.107,0.106,0.096,0.089,53388.0,54195.0,53646.0,53480.0,54481.0,51842.0,47172.0,,0.0,0.0,,,3.0,-1.0,13.61,0.038,0.221,3.0,2.0,0.0,0.0,22.94,22.74,21.66,24.63,22.89,39.46,22.97,23.02,23.07,38.44
2016-07-28 15:30:00-05:00,3.920544,7.565144,576387,26.07,0.0,10.93,22.7,332.1,277.0,275.6,273.8,1.893,2.61,2.709,331.2,18.36,60.14,0.3970000147819519,1453305.0,333.1,5.8420000076293945,4.617000102996826,0.0,0.0,0.0,0.0,0.0,0.0,0.0,0.0,22.24,22.39,9.11,9.82,11.07,11.04,60.0,59.9,74.7,0.0,275.3,275.0,276.6,-0.002,-7.964,7.971,619.0,1443608.0,42656.0,133431.0,-0.003,0.979,0.748,0.921,0.329,0.385,0.378,0.386,0.38,0.335,0.317,0.104,0.123,0.121,0.123,0.122,0.107,0.101,53388.0,54195.0,53646.0,53480.0,54481.0,51842.0,47172.0,,0.0,0.0,,,2.0,-1.0,13.61,0.038,0.221,3.0,2.0,0.0,0.0,22.94,22.72,21.69,24.67,22.96,39.83,22.97,23.08,23.1,38.4
2016-07-28 15:31:00-05:00,3.6829348,7.2289166,576388,26.02,0.0,10.58,22.78,331.5,277.0,275.6,273.9,1.979,2.694,2.709,330.5,18.38,60.14,0.3779999911785126,1453305.0,332.6,5.830999851226807,4.617000102996826,0.0,0.0,0.0,0.0,0.0,0.0,0.0,0.0,22.42,22.4,9.02,9.79,11.07,11.01,60.0,59.9,74.7,0.0,275.6,275.0,276.8,0.002,-7.952,7.959,619.0,1443608.0,42656.0,133431.0,-0.004,0.979,0.748,0.921,0.323,0.37,0.38,0.389,0.373,0.339,0.322,0.102,0.118,0.121,0.124,0.119,0.107,0.102,53388.0,54195.0,53646.0,53480.0,54481.0,51842.0,47172.0,,0.0,0.0,,,2.0,-1.0,13.61,0.037,0.221,3.0,2.0,0.0,0.0,22.94,22.76,21.69,24.73,22.93,39.11,22.99,23.12,23.11,38.4
2016-07-28 15:32:00-05:00,3.6829348,7.11684,576389,25.96,0.0,10.48,22.86,330.1,277.4,275.8,273.9,2.151,3.031,2.963,329.2,19.4,60.13,0.43299999833106995,1453305.0,331.0,6.144999980926514,4.650000095367432,0.0,0.0,0.0,0.0,0.0,0.0,0.0,0.0,22.41,22.47,8.97,9.7,11.03,10.98,60.0,59.9,74.7,0.0,275.7,275.0,276.9,0.036,-7.898,7.906,619.0,1443608.0,42656.0,133431.0,-0.008,0.979,0.748,0.921,0.35,0.394,0.405,0.393,0.383,0.367,0.344,0.111,0.125,0.129,0.125,0.122,0.116,0.11,53388.0,54195.0,53646.0,53480.0,54481.0,51842.0,47172.0,,0.0,0.0,,,2.5,-1.0,13.61,0.037,0.221,3.0,2.0,0.0,0.0,22.94,22.72,21.69,24.75,22.89,39.42,22.99,23.06,23.16,38.31
2016-07-28 15:33:00-05:00,3.0889137,7.11684,576390,25.91,0.0,10.48,22.82,329.7,277.3,275.8,274.0,2.237,3.199,3.217,329.0,19.49,60.19,0.4690000116825104,1453305.0,331.8,6.166999816894531,4.650000095367432,0.0,0.0,0.0,0.0,0.0,0.0,0.0,0.0,22.37,22.46,8.99,9.68,11.02,10.98,60.0,59.9,74.7,0.0,276.0,275.0,277.0,0.055,-7.886,7.895,619.0,1443608.0,42656.0,133431.0,-0.011,0.979,0.748,0.921,0.37,0.406,0.402,0.411,0.413,0.372,0.34,0.117,0.129,0.128,0.131,0.131,0.118,0.108,53388.0,54195.0,53646.0,53480.0,54481.0,51842.0,47172.0,,0.0,0.0,,,3.0,-1.0,13.61,0.037,0.222,3.0,2.0,0.0,0.0,22.94,22.72,21.65,24.73,22.86,40.57,22.98,23.06,23.15,38.31
2016-07-28 15:34:00-05:00,3.0889137,7.11684,576391,25.87,0.0,10.76,22.87,333.4,277.4,275.7,273.9,2.495,2.694,2.709,331.9,16.95,60.15,0.5049999952316284,1453305.0,333.7,5.361000061035156,4.550000190734863,0.0,0.0,0.0,0.0,0.0,0.0,0.0,0.0,22.43,22.45,9.07,9.91,11.1,11.01,60.0,59.9,74.7,0.0,275.8,275.0,277.0,0.017,-8.01,8.02,619.0,1443608.0,42657.0,133431.0,-0.006,0.979,0.748,0.921,0.299,0.36,0.374,0.366,0.352,0.326,0.315,0.094,0.114,0.119,0.117,0.112,0.103,0.1,53388.0,54195.0,53646.0,53480.0,54481.0,51842.0,47172.0,,0.0,0.0,,,2.0,-1.0,13.61,0.036,0.221,3.0,2.0,0.0,0.0,22.94,22.68,21.59,24.7,22.86,40.93,22.98,23.06,23.06,38.31
2016-07-28 15:35:00-05:00,3.6829348,7.340993,576392,25.81,0.0,10.98,22.93,335.4,277.4,276.0,274.2,2.065,2.61,2.624,334.4,15.43,60.14,0.4339999854564667,1453305.0,336.2,4.896999835968018,4.517000198364258,0.0,0.0,0.0,0.0,0.0,0.0,0.0,0.0,22.48,22.45,9.14,10.04,11.16,11.05,60.0,59.9,74.7,0.0,276.0,275.0,277.0,-0.038,-8.1,8.11,619.0,1443608.0,42657.0,133431.0,0.001,0.979,0.748,0.921,0.288,0.341,0.341,0.342,0.331,0.304,0.278,0.091,0.109,0.109,0.11,0.106,0.096,0.089,53388.0,54195.0,53646.0,53480.0,54481.0,51842.0,47172.0,,0.0,0.0,,,2.5,-1.0,13.61,0.036,0.222,3.0,2.0,0.0,0.0,22.94,22.64,21.59,24.69,22.85,41.47,22.96,23.01,23.07,38.21
2016-07-28 15:36:00-05:00,3.6829348,7.565144,576393,25.76,0.0,10.98,23.03,335.5,276.7,275.3,273.5,2.065,2.442,2.37,334.3,15.43,60.14,0.4129999876022339,1453305.0,336.8,4.89300012588501,4.517000198364258,0.0,0.0,0.0,0.0,0.0,0.0,0.0,0.0,22.62,22.53,9.31,10.02,11.15,11.06,60.0,59.9,74.7,0.0,275.1,274.2,276.1,-0.028,-8.07,8.08,619.0,1443608.0,42657.0,133431.0,0.0,0.979,0.748,0.921,0.289,0.321,0.336,0.348,0.33,0.306,0.279,0.092,0.102,0.107,0.112,0.105,0.097,0.089,53388.0,54195.0,53646.0,53480.0,54481.0,51842.0,47172.0,,0.0,0.0,,,2.0,-1.0,13.61,0.036,0.221,3.0,2.0,0.0,0.0,22.94,22.64,21.59,24.65,22.85,41.23,22.94,22.99,23.08,38.21
2016-07-28 15:37:00-05:00,3.6829348,7.6772203,576394,25.72,0.0,11.02,23.02,331.8,276.8,275.5,273.7,2.581,3.115,3.132,331.3,18.92,60.15,0.5220000147819519,1453305.0,333.3,6.026000022888184,4.650000095367432,0.0,0.0,0.0,0.0,0.0,0.0,0.0,0.0,22.59,22.52,9.47,9.77,11.07,11.01,60.0,59.9,74.7,0.0,275.0,274.6,276.2,0.046,-7.905,7.914,619.0,1443608.0,42657.0,133431.0,-0.01,0.979,0.748,0.921,0.372,0.404,0.417,0.418,0.395,0.382,0.35,0.119,0.129,0.134,0.134,0.126,0.122,0.112,53388.0,54195.0,53646.0,53480.0,54481.0,51842.0,47172.0,,0.0,0.0,,,2.0,-1.0,13.61,0.036,0.222,3.0,2.0,0.0,0.0,22.94,22.59,21.59,24.59,22.76,39.84,22.89,22.96,23.08,38.23
2016-07-28 15:38:00-05:00,3.6829348,7.9013734,576395,25.67,0.0,11.41,23.01,332.2,276.9,275.3,273.5,2.925,3.283,3.302,331.2,19.39,60.15,0.6119999885559082,1453305.0,333.7,6.184000015258789,4.650000095367432,0.0,0.0,0.0,0.0,0.0,0.0,0.0,0.0,22.47,22.5,9.63,9.75,11.08,11.03,60.0,59.9,74.7,0.0,275.0,274.4,276.0,0.084,-7.858,7.868,619.0,1443608.0,42657.0,133431.0,-0.015,0.979,0.748,0.921,0.379,0.421,0.423,0.433,0.409,0.394,0.351,0.121,0.135,0.136,0.139,0.131,0.126,0.112,53388.0,54195.0,53646.0,53480.0,54481.0,51842.0,47172.0,,0.0,0.0,,,2.5,-1.0,13.61,0.036,0.222,3.0,2.0,0.0,0.0,22.94,22.56,21.56,24.62,22.7,39.97,22.84,22.91,22.99,38.23
2016-07-28 15:39:00-05:00,4.276957,7.9013734,576396,25.63,0.0,11.51,22.97,334.0,277.4,275.5,273.7,2.753,3.199,3.217,333.3,18.82,60.14,0.5770000219345093,1453305.0,334.7,6.043000221252441,4.632999897003174,0.0,0.0,0.0,0.0,0.0,0.0,0.0,0.0,22.44,22.47,9.86,9.81,11.08,11.03,60.0,59.9,74.7,0.0,275.0,275.0,276.7,0.057,-7.891,7.9,619.0,1443608.0,42657.0,133431.0,-0.011,0.979,0.748,0.921,0.334,0.405,0.416,0.424,0.405,0.372,0.34,0.107,0.131,0.135,0.137,0.131,0.12,0.11,53388.0,54195.0,53646.0,53480.0,54481.0,51842.0,47172.0,,0.0,0.0,,,3.0,-1.0,13.61,0.035,0.222,3.0,2.0,0.0,0.0,22.93,22.55,21.5,24.55,22.67,40.03,22.81,22.89,22.99,38.21
2016-07-28 15:40:00-05:00,4.514565,8.125526,576397,25.59,0.0,11.56,22.98,334.2,277.2,275.7,273.8,2.839,3.283,3.302,333.2,19.25,60.14,0.5950000286102295,1453305.0,335.6,6.195000171661377,4.650000095367432,0.0,0.0,0.0,0.0,0.0,0.0,0.0,0.0,22.49,22.47,10.07,9.73,11.09,11.02,60.0,59.9,74.7,0.0,275.3,275.0,276.8,0.058,-7.861,7.869,619.0,1443608.0,42657.0,133431.0,-0.011,0.979,0.748,0.921,0.354,0.421,0.429,0.419,0.416,0.373,0.36,0.114,0.136,0.139,0.136,0.135,0.12,0.116,53388.0,54195.0,53646.0,53480.0,54481.0,51842.0,47172.0,,0.0,0.0,,,2.0,-1.0,13.61,0.035,0.222,3.0,2.0,0.0,0.0,22.89,22.54,21.5,24.55,22.67,40.17,22.85,22.88,22.99,38.14
2016-07-28 15:41:00-05:00,4.514565,8.237601,576398,25.54,0.0,11.69,22.93,339.2,277.2,275.9,274.0,2.409,2.694,2.709,337.7,15.78,60.14,0.5049999952316284,1453305.0,340.1,5.09499979019165,4.517000198364258,0.0,0.0,0.0,0.0,0.0,0.0,0.0,0.0,22.48,22.49,10.18,10.06,11.18,11.12,60.0,59.9,74.7,0.0,275.9,275.0,277.0,-0.043,-8.05,8.05,619.0,1443608.0,42657.0,133431.0,0.002,0.979,0.748,0.921,0.284,0.304,0.32,0.346,0.332,0.283,0.275,0.091,0.099,0.104,0.113,0.108,0.091,0.089,53388.0,54195.0,53646.0,53480.0,54481.0,51842.0,47172.0,,0.0,0.0,,,2.0,-1.0,13.61,0.035,0.222,3.0,2.0,0.0,0.0,22.94,22.59,21.59,24.63,22.67,41.07,22.81,22.89,22.9,38.11
2016-07-28 15:42:00-05:00,4.514565,8.349677,576399,25.51,0.0,11.93,22.91,338.9,277.2,276.0,274.1,2.237,2.61,2.624,338.1,15.3,60.14,0.4690000116825104,1453305.0,340.9,4.931000232696533,4.517000198364258,0.0,0.0,0.0,0.0,0.0,0.0,0.0,0.0,22.51,22.5,10.27,10.11,11.21,11.12,60.0,59.9,74.7,0.0,276.0,275.0,277.0,-0.013,-8.09,8.1,619.0,1443608.0,42658.0,133431.0,-0.002,0.979,0.748,0.921,0.313,0.328,0.356,0.36,0.327,0.325,0.297,0.1,0.106,0.116,0.117,0.106,0.105,0.096,53388.0,54195.0,53646.0,53480.0,54481.0,51842.0,47172.0,,0.0,0.0,,,2.5,-1.0,13.61,0.035,0.222,3.0,2.0,0.0,0.0,22.94,22.57,21.59,24.62,22.69,41.12,22.86,22.94,22.99,38.13
2016-07-28 15:43:00-05:00,4.7521744,8.685906,576400,25.47,0.0,12.03,22.94,340.1,277.0,275.9,274.0,2.581,2.778,2.794,339.9,16.33,60.14,0.5410000085830688,1453305.0,341.7,5.3420000076293945,4.566999912261963,0.0,0.0,0.0,0.0,0.0,0.0,0.0,0.0,22.48,22.51,10.55,10.04,11.21,11.07,60.0,59.9,74.7,0.0,275.7,275.0,276.9,0.05,-8.02,8.03,619.0,1443608.0,42658.0,133431.0,-0.011,0.979,0.748,0.921,0.386,0.403,0.412,0.429,0.396,0.392,0.352,0.126,0.132,0.136,0.141,0.13,0.129,0.116,53388.0,54195.0,53646.0,53480.0,54481.0,51842.0,47172.0,,0.0,0.0,,,2.0,-1.0,13.61,0.035,0.222,3.0,2.0,0.0,0.0,22.96,22.59,21.59,24.76,22.75,41.31,22.89,22.96,22.99,38.08
2016-07-28 15:44:00-05:00,5.3461957,8.685906,576401,25.43,0.0,12.24,22.98,338.4,277.1,276.0,274.0,3.011,3.199,3.217,337.4,18.82,60.15,0.6320000290870667,1453305.0,340.0,6.150000095367432,4.632999897003174,0.0,0.0,0.0,0.0,0.0,0.0,0.0,0.0,22.5,22.5,10.76,9.83,11.11,11.03,60.0,59.9,74.7,0.0,275.8,275.0,277.0,0.148,-7.906,7.919,619.0,1443608.0,42658.0,133431.0,-0.023,0.979,0.748,0.921,0.399,0.491,0.466,0.481,0.462,0.425,0.412,0.13,0.161,0.153,0.158,0.152,0.139,0.135,53388.0,54195.0,53646.0,53480.0,54481.0,51842.0,47172.0,,0.0,0.0,,,2.0,-1.0,13.61,0.035,0.222,3.0,2.0,0.0,0.0,22.94,22.59,21.61,24.79,22.76,40.55,22.88,22.96,22.93,38.12
2016-07-28 15:45:00-05:00,5.702609,8.91006,576402,25.4,0.0,12.55,22.98,337.9,277.4,275.8,274.0,3.098,3.283,3.302,337.1,19.39,60.15,0.6489999890327454,1453305.0,339.3,6.339000225067139,4.650000095367432,0.0,0.0,0.0,0.0,0.0,0.0,0.0,0.0,22.56,22.51,11.03,9.74,11.11,11.01,60.0,59.9,74.7,0.0,275.8,275.0,277.0,0.171,-7.861,7.875,619.0,1443608.0,42658.0,133431.0,-0.026,0.979,0.748,0.921,0.388,0.505,0.448,0.461,0.493,0.418,0.411,0.127,0.166,0.147,0.152,0.162,0.137,0.135,53388.0,54195.0,53646.0,53480.0,54481.0,51842.0,47172.0,,0.0,0.0,,,2.0,-1.0,13.61,0.035,0.222,3.0,2.0,0.0,0.0,23.03,22.63,21.71,24.81,22.78,41.2,22.93,22.99,23.07,38.12
2016-07-28 15:46:00-05:00,6.059022,9.358364,576403,25.36,0.0,12.72,23.07,338.9,276.9,275.6,273.7,3.098,3.199,3.217,338.1,19.02,60.14,0.6489999890327454,1453305.0,339.7,6.235000133514404,4.632999897003174,0.0,0.0,0.0,0.0,0.0,0.0,0.0,0.0,22.61,22.54,11.37,9.79,11.13,11.01,60.0,59.9,74.7,0.0,275.1,274.9,276.4,0.196,-7.868,7.885,619.0,1443608.0,42658.0,133431.0,-0.03,0.979,0.748,0.921,0.383,0.431,0.468,0.458,0.443,0.413,0.383,0.126,0.142,0.155,0.151,0.146,0.135,0.126,53388.0,54195.0,53646.0,53480.0,54481.0,51842.0,47172.0,,0.0,0.0,,,2.0,-1.0,13.61,0.035,0.222,3.0,2.0,0.0,0.0,22.98,22.63,21.71,24.86,22.76,41.31,22.91,22.96,23.08,38.12
2016-07-28 15:47:00-05:00,6.53424,9.47044,576404,25.33,0.0,13.08,23.17,339.9,277.2,275.6,273.7,3.184,3.115,3.132,339.5,18.55,60.14,0.6669999957084656,1453305.0,340.3,6.091000080108643,4.617000102996826,0.0,0.0,0.0,0.0,0.0,0.0,0.0,0.0,22.73,22.6,11.76,9.82,11.14,11.0,60.0,59.9,74.7,0.0,275.0,275.0,276.6,0.265,-7.876,7.899,619.0,1443608.0,42658.0,133431.0,-0.039,0.979,0.748,0.921,0.429,0.475,0.514,0.425,0.491,0.497,0.481,0.14,0.157,0.17,0.14,0.162,0.164,0.159,53388.0,54195.0,53646.0,53480.0,54481.0,51842.0,47172.0,,0.0,0.0,,,2.0,-1.0,13.61,0.035,0.222,3.0,2.0,0.0,0.0,23.08,22.67,21.69,24.84,22.76,41.98,22.96,23.01,23.08,38.09
2016-07-28 15:48:00-05:00,7.009457,10.030821,576405,25.29,0.0,13.54,23.21,343.5,277.0,275.4,273.6,2.667,2.61,2.624,342.9,15.67,60.14,0.5580000281333923,1453305.0,344.9,5.145999908447266,4.517000198364258,0.0,0.0,0.0,0.0,0.0,0.0,0.0,0.0,22.79,22.64,12.21,10.06,11.21,11.04,60.0,59.9,74.7,0.0,275.0,274.6,276.1,0.248,-7.997,8.03,619.0,1443608.0,42658.0,133431.0,-0.038,0.979,0.748,0.921,0.385,0.382,0.481,0.367,0.406,0.404,0.447,0.126,0.126,0.159,0.121,0.134,0.133,0.147,53388.0,54195.0,53646.0,53480.0,54481.0,51842.0,47172.0,,0.0,0.0,,,2.0,-1.0,13.61,0.035,0.222,3.0,2.0,0.0,0.0,23.13,22.66,21.69,24.91,22.83,42.61,23.01,23.06,23.1,38.03
2016-07-28 15:49:00-05:00,7.7222824,10.36705,576406,25.27,0.0,14.04,23.28,344.1,276.9,275.5,273.6,2.581,2.61,2.624,342.6,15.99,60.14,0.5410000085830688,1453305.0,345.2,5.232999801635742,4.517000198364258,0.0,0.0,0.0,0.0,0.0,0.0,0.0,0.0,22.84,22.68,12.7,10.07,11.21,11.04,60.0,59.9,74.7,0.0,275.0,274.8,276.2,0.294,-8.0,8.04,619.0,1443608.0,42658.0,133431.0,-0.045,0.979,0.748,0.921,0.387,0.446,0.49,0.414,0.453,0.438,0.449,0.127,0.147,0.162,0.137,0.15,0.144,0.148,53388.0,54195.0,53646.0,53480.0,54481.0,51842.0,47172.0,,0.0,0.0,,,2.5,-1.0,13.61,0.034,0.222,3.0,2.0,0.0,0.0,23.18,22.74,21.75,24.95,22.78,42.69,22.98,23.07,23.13,38.03
2016-07-28 15:50:00-05:00,8.316303,10.927431,576407,25.24,0.0,14.75,23.33,342.5,277.0,275.5,273.6,2.925,2.863,2.878,342.1,18.09,60.15,0.6129999756813049,1453305.0,344.3,5.938000202178955,4.583000183105469,0.0,0.0,0.0,0.0,0.0,0.0,0.0,0.0,22.83,22.72,13.33,9.99,11.19,10.99,60.0,59.9,74.7,0.0,275.0,274.8,276.0,0.409,-7.922,7.966,619.0,1443608.0,42659.0,133431.0,-0.059,0.979,0.748,0.921,0.473,0.509,0.555,0.513,0.51,0.49,0.471,0.155,0.168,0.184,0.17,0.168,0.161,0.155,53388.0,54195.0,53646.0,53480.0,54481.0,51842.0,47172.0,,0.0,0.0,,,2.0,-1.0,13.61,0.034,0.222,3.0,2.0,0.0,0.0,23.23,22.77,21.84,24.98,22.86,42.28,22.99,23.06,23.16,37.94
2016-07-28 15:51:00-05:00,9.147934,11.599888,576408,25.21,0.0,15.4,23.28,340.7,276.7,275.4,273.5,3.356,3.283,3.302,339.9,21.3,60.15,0.7009999752044678,1453306.0,342.1,6.991000175476074,4.650000095367432,0.0,0.0,0.0,0.0,0.0,0.0,0.0,0.0,22.76,22.75,14.04,9.79,11.13,10.88,60.0,59.9,74.7,0.0,275.0,274.2,276.0,0.616,-7.772,7.836,619.0,1443608.0,42659.0,133431.0,-0.087,0.979,0.748,0.921,0.606,0.645,0.396,0.557,0.653,0.578,0.339,0.199,0.212,0.123,0.18,0.215,0.189,0.104,53388.0,54195.0,53646.0,53480.0,54481.0,51842.0,47172.0,,0.0,0.0,,,2.0,-1.0,13.61,0.034,0.221,3.0,2.0,0.0,0.0,23.24,22.8,21.79,25.02,22.88,42.16,22.99,23.07,23.17,37.93
2016-07-28 15:52:00-05:00,9.979565,12.496497,576409,25.18,0.0,16.27,23.33,341.1,276.5,275.4,273.5,3.356,3.283,3.302,340.4,21.51,60.14,0.7020000219345093,1453306.0,342.3,7.065000057220459,4.650000095367432,0.0,0.0,0.0,0.0,0.0,0.0,0.0,0.0,22.81,22.77,14.89,9.79,11.11,10.86,60.0,59.9,74.7,0.0,275.0,274.3,276.0,0.793,-7.729,7.828,619.0,1443608.0,42659.0,133431.0,-0.112,0.979,0.748,0.921,0.655,0.709,0.773,0.506,0.709,0.737,0.595,0.215,0.234,0.255,0.159,0.233,0.242,0.196,53388.0,54195.0,53646.0,53480.0,54481.0,51842.0,47172.0,,0.0,0.0,,,2.0,-1.0,13.61,0.034,0.222,3.0,2.0,0.0,0.0,23.26,22.88,21.87,25.0,22.88,41.36,22.99,23.06,23.18,37.93
2016-07-28 15:53:00-05:00,11.286413,13.505184,576410,25.16,0.0,17.34,23.34,342.2,276.6,275.4,273.5,3.356,3.283,3.475,341.6,21.73,60.14,0.7490000128746033,1453306.0,343.7,7.160999774932861,4.650000095367432,0.0,0.0,0.0,0.0,0.0,0.0,0.0,0.0,22.77,22.78,15.94,9.82,11.15,10.82,60.0,59.9,74.7,0.0,275.0,274.4,276.0,1.036,-7.683,7.836,619.0,1443608.0,42659.0,133431.0,-0.145,0.979,0.748,0.921,0.737,0.904,0.941,0.897,0.874,0.822,0.696,0.243,0.299,0.312,0.297,0.289,0.271,0.23,53388.0,54195.0,53646.0,53480.0,54481.0,51842.0,47172.0,,0.0,0.0,,,2.0,-1.0,13.61,0.034,0.221,3.0,2.0,0.0,0.0,23.31,22.96,21.99,25.07,22.9,40.61,23.03,23.09,23.2,37.93
2016-07-28 15:54:00-05:00,12.59326,14.625945,576411,25.14,0.0,18.59,23.4,346.7,276.7,275.5,273.6,2.996,3.209,3.607,345.7,19.21,60.14,0.9319999814033508,1453306.0,347.8,6.3480000495910645,4.550000190734863,0.0,0.0,0.0,0.0,0.0,0.0,0.0,0.0,22.8,22.75,17.12,10.07,11.25,10.89,60.0,59.9,74.7,0.0,275.0,274.7,276.0,0.967,-7.829,7.998,619.0,1443608.0,42659.0,133431.0,-0.135,0.979,0.748,0.921,0.63,0.64,0.645,0.709,0.771,0.552,0.478,0.208,0.207,0.209,0.233,0.256,0.178,0.153,53388.0,54195.0,53646.0,53480.0,54481.0,51842.0,47172.0,,0.0,0.0,,,2.0,-1.0,13.61,0.033,0.222,3.0,2.0,0.0,0.0,23.28,22.94,21.97,25.05,22.92,40.61,23.01,23.14,23.2,37.93
2016-07-28 15:55:00-05:00,14.137718,15.858785,576412,25.11,0.0,19.97,23.42,349.8,276.7,275.2,273.3,3.054,3.304,3.388,348.9,18.15,60.15,1.069000005722046,1453306.0,350.8,6.0229997634887695,4.517000198364258,0.0,0.0,0.0,0.0,0.0,0.0,0.0,0.0,22.77,22.77,18.4,10.19,11.32,10.96,60.0,59.9,74.7,0.0,275.0,274.3,276.0,0.948,-7.892,8.08,619.0,1443608.0,42659.0,133431.0,-0.132,0.979,0.748,0.921,0.599,0.798,0.78,0.805,0.771,0.691,0.666,0.198,0.266,0.261,0.269,0.256,0.229,0.222,53388.0,54195.0,53646.0,53480.0,54481.0,51842.0,47172.0,,0.0,0.0,,,3.0,-1.0,13.61,0.033,0.222,3.0,2.0,0.0,0.0,23.31,22.96,21.99,25.12,22.98,40.83,23.07,23.17,23.26,37.83
2016-07-28 15:56:00-05:00,15.682174,17.2037,576413,25.09,0.0,21.35,23.43,351.3,276.7,275.2,273.3,3.23,3.408,3.457,350.4,18.4,60.15,1.1670000553131104,1453306.0,352.2,6.124000072479248,4.517000198364258,0.0,0.0,0.0,0.0,0.0,0.0,0.0,0.0,22.74,22.76,19.81,10.24,11.35,10.95,60.0,59.9,74.7,0.0,275.0,274.1,276.0,1.043,-7.885,8.1,619.0,1443608.0,42659.0,133431.0,-0.144,0.979,0.748,0.921,0.727,0.854,0.85,0.869,0.82,0.781,0.707,0.244,0.288,0.286,0.293,0.276,0.262,0.238,53388.0,54195.0,53646.0,53480.0,54481.0,51842.0,47172.0,,0.0,0.0,,,2.0,-1.0,13.61,0.033,0.222,3.0,2.0,0.0,0.0,23.31,22.97,22.06,25.16,23.07,38.01,23.08,23.19,23.28,37.83
2016-07-28 15:57:00-05:00,17.46424,18.66069,576414,25.07,0.0,22.93,23.46,348.9,276.5,275.2,273.2,4.254,4.205,4.362,348.5,22.93,60.14,1.555999994277954,1453306.0,350.8,7.689000129699707,4.650000095367432,0.0,0.0,0.0,0.0,0.0,0.0,0.0,0.0,22.77,22.8,21.42,10.06,11.38,10.84,60.0,59.9,74.7,0.0,275.0,274.1,276.0,1.612,-7.634,7.97,619.0,1443609.0,42660.0,133431.0,-0.217,0.979,0.748,0.921,1.007,1.123,1.146,1.127,1.087,1.113,0.926,0.339,0.379,0.388,0.381,0.367,0.375,0.313,53388.0,54195.0,53646.0,53480.0,54481.0,51842.0,47172.0,,0.0,0.0,,,2.0,-1.0,13.61,0.033,0.222,3.0,2.0,0.0,0.0,23.34,22.98,22.09,25.15,23.07,37.79,23.07,23.27,23.28,37.83
2016-07-28 15:58:00-05:00,19.602716,20.565985,576415,25.04,0.0,24.93,23.47,354.7,276.6,275.1,273.1,4.586,4.637,4.709,353.7,24.11,60.15,1.812999963760376,1453306.0,356.3,8.279999732971191,4.650000095367432,0.0,0.0,0.0,0.0,0.0,0.0,0.0,0.0,22.73,22.82,23.39,10.11,11.48,10.86,60.0,59.9,74.7,0.0,275.0,274.0,276.0,1.957,-7.568,8.03,619.0,1443609.0,42660.0,133431.0,-0.259,0.979,0.748,0.921,1.134,1.225,1.232,1.211,1.231,1.165,1.022,0.391,0.424,0.426,0.419,0.426,0.402,0.353,53388.0,54195.0,53646.0,53480.0,54481.0,51842.0,47172.0,,0.0,0.0,,,2.5,-1.0,13.61,0.033,0.222,3.0,2.0,0.0,0.0,23.34,23.04,22.09,25.21,23.05,35.41,23.07,23.33,23.31,37.83
2016-07-28 15:59:00-05:00,22.216412,22.919584,576416,25.03,0.0,27.48,23.51,356.1,276.9,275.3,273.3,5.088,5.346,5.473,355.2,25.76,60.15,2.367000102996826,1453306.0,357.2,8.880000114440918,4.650000095367432,0.0,0.0,0.0,0.0,0.0,0.0,0.0,0.0,22.75,22.83,25.86,10.35,11.69,10.94,60.0,59.9,74.7,0.0,275.0,274.8,276.0,2.48,-7.508,8.22,619.0,1443609.0,42660.0,133431.0,-0.315,0.979,0.748,0.921,1.343,1.459,1.438,1.428,1.465,1.364,1.196,0.465,0.506,0.499,0.495,0.508,0.472,0.415,53388.0,54195.0,53646.0,53480.0,54481.0,51842.0,47172.0,,0.0,0.0,,,2.0,-1.0,13.61,0.033,0.222,3.0,2.0,0.0,0.0,23.34,23.04,22.17,25.21,23.07,34.94,23.11,23.31,23.38,37.83
2016-07-28 16:00:00-05:00,25.542936,25.945644,576417,25.01,0.0,30.86,23.57,357.0,276.7,275.4,273.3,5.726,6.2,6.228,355.5,27.59,60.15,2.99399995803833,1453306.0,357.7,9.5,4.632999897003174,0.0,0.0,0.0,0.0,0.0,0.0,0.0,0.0,22.81,22.87,28.97,10.65,12.02,11.14,60.0,59.9,74.7,0.0,275.0,274.8,276.0,3.017,-7.455,8.49,619.0,1443609.0,42660.0,133431.0,-0.363,0.979,0.748,0.921,1.479,1.638,1.613,1.597,1.626,1.516,1.366,0.51,0.568,0.559,0.553,0.563,0.523,0.473,53388.0,54195.0,53646.0,53480.0,54481.0,51842.0,47172.0,,0.0,0.0,,,2.5,-1.0,13.61,0.033,0.222,3.0,2.0,0.0,0.0,23.34,23.06,22.25,25.31,23.12,37.37,23.24,23.42,23.39,37.73
2016-07-28 16:01:00-05:00,29.938696,29.64416,576418,24.98,0.0,35.06,23.63,357.5,276.8,275.3,273.2,6.619,7.182,7.126,357.2,29.79,60.14,3.7699999809265137,1453306.0,359.6,10.289999961853027,4.666999816894531,0.0,0.0,0.0,0.0,0.0,0.0,0.0,0.0,22.96,22.93,32.98,11.12,12.62,11.59,60.0,59.9,74.7,0.0,275.0,274.7,276.0,4.003,-7.283,8.94,619.0,1443609.0,42660.0,133431.0,-0.444,0.979,0.748,0.921,2.044,2.143,2.112,2.136,2.163,2.021,1.819,0.709,0.745,0.733,0.742,0.751,0.701,0.631,53388.0,54195.0,53646.0,53480.0,54481.0,51842.0,47172.0,,0.0,0.0,,,2.0,-1.0,13.61,0.033,0.222,3.0,2.0,0.0,0.0,23.44,23.1,22.32,25.44,23.2,38.42,23.36,23.51,23.49,37.73
2016-07-28 16:02:00-05:00,35.047283,34.239285,576419,24.97,0.0,40.03,23.72,344.9,276.8,275.5,273.5,11.53,12.59,12.31,344.2,49.51,60.15,6.980000019073486,1453306.0,346.2,17.040000915527344,5.0,0.0,0.0,0.0,0.0,0.0,0.0,0.0,0.0,23.09,23.02,37.56,11.8,14.08,12.42,60.0,59.9,74.7,0.0,275.0,275.0,276.0,7.427,-6.287,9.74,619.0,1443609.0,42660.0,133431.0,-0.762,0.979,0.748,0.921,3.561,3.644,3.633,3.628,3.648,3.575,3.117,1.228,1.257,1.253,1.251,1.258,1.233,1.075,53388.0,54195.0,53646.0,53480.0,54481.0,51842.0,47172.0,,0.0,0.0,,,2.0,-1.0,13.61,0.033,0.222,3.0,2.0,0.0,0.0,23.54,23.19,22.41,25.53,23.26,39.31,23.44,23.56,23.57,37.73
2016-07-28 16:03:00-05:00,40.15587,38.83441,576420,24.95,0.0,45.2,23.69,344.6,276.9,275.6,273.6,13.09,14.38,14.1,343.7,53.54,60.15,8.420000076293945,1453306.0,346.0,18.399999618530273,5.0,0.0,0.0,0.0,0.0,0.0,0.0,0.0,0.0,23.12,23.16,42.04,13.08,15.28,13.51,60.0,59.9,74.7,0.0,275.0,274.9,276.0,8.83,-6.103,10.74,619.0,1443609.0,42660.0,133431.0,-0.822,0.979,0.748,0.921,4.193,4.259,4.244,4.201,4.267,4.188,3.635,1.445,1.468,1.463,1.448,1.471,1.443,1.253,53388.0,54195.0,53646.0,53480.0,54481.0,51842.0,47172.0,,0.0,0.0,,,2.0,-1.0,13.61,0.033,0.222,3.0,2.0,0.0,0.0,23.67,23.3,22.54,25.64,23.36,40.12,23.55,23.65,23.64,37.72
2016-07-28 16:04:00-05:00,44.908043,43.20538,576421,24.93,0.0,49.89,23.68,344.7,276.9,275.7,273.7,14.72,16.0,15.76,343.5,57.08,60.14,9.800000190734863,1453307.0,347.4,19.610000610351562,5.0,0.0,0.0,0.0,0.0,0.0,0.0,0.0,0.0,23.13,23.23,45.74,14.29,16.5,14.62,60.0,59.9,74.7,0.0,275.0,275.0,276.1,10.12,-5.911,11.72,619.0,1443609.0,42660.0,133431.0,-0.863,0.979,0.748,0.921,4.718,4.847,4.792,4.765,4.823,4.759,4.116,1.626,1.671,1.652,1.642,1.662,1.64,1.419,53388.0,54195.0,53646.0,53480.0,54481.0,51842.0,47172.0,,0.0,0.0,,,2.5,-1.0,13.61,0.033,0.222,3.0,2.0,0.0,0.0,23.76,23.38,22.63,25.72,23.39,40.23,23.6,23.71,23.72,37.65
2016-07-28 16:05:00-05:00,49.185,46.79182,576422,24.92,0.0,53.81,23.64,344.6,277.0,275.7,273.7,16.1,17.51,17.1,343.8,60.47,60.13,10.979999542236328,1453307.0,347.3,20.790000915527344,5.0,0.0,0.0,0.0,0.0,0.0,0.0,0.0,0.0,23.15,23.34,49.21,15.32,17.59,15.62,60.0,59.9,74.7,0.0,275.1,275.0,276.1,11.18,-5.754,12.58,619.0,1443609.0,42660.0,133431.0,-0.889,0.979,0.748,0.921,5.155,5.268,5.228,5.221,5.28,5.159,4.485,1.777,1.815,1.801,1.799,1.819,1.778,1.545,53388.0,54195.0,53646.0,53480.0,54481.0,51842.0,47172.0,,0.0,0.0,,,2.0,-1.0,13.61,0.033,0.222,3.0,2.0,0.0,0.0,23.88,23.48,22.71,25.83,23.46,40.4,23.65,23.83,23.77,37.63
2016-07-28 16:06:00-05:00,52.273914,49.36957,576423,24.92,0.0,56.76,23.67,344.5,276.8,275.6,273.5,16.98,18.45,18.06,344.3,62.85,60.13,11.75,1453307.0,346.2,21.639999389648438,5.0,0.0,0.0,0.0,0.0,0.0,0.0,0.0,0.0,23.22,23.45,51.55,16.1,18.38,16.39,60.0,59.9,74.7,0.0,275.0,274.9,276.0,11.95,-5.64,13.21,619.0,1443610.0,42661.0,133431.0,-0.904,0.979,0.748,0.921,5.502,5.597,5.549,5.558,5.615,5.496,4.795,1.896,1.928,1.912,1.915,1.934,1.894,1.652,53388.0,54195.0,53646.0,53480.0,54481.0,51842.0,47172.0,,0.0,0.0,,,2.0,-1.0,13.61,0.032,0.222,3.0,2.0,0.0,0.0,23.99,23.54,22.77,25.88,23.54,40.26,23.78,23.91,23.83,37.62
2016-07-28 16:07:00-05:00,53.461956,50.378258,576424,24.91,0.0,57.96,23.68,344.6,277.5,275.6,273.6,17.44,18.9,18.39,344.0,64.28,60.14,12.100000381469727,1453307.0,344.6,22.110000610351562,5.0,0.0,0.0,0.0,0.0,0.0,0.0,0.0,0.0,23.3,23.53,52.6,16.4,18.7,16.69,60.0,59.9,74.7,0.0,275.0,275.0,276.1,12.28,-5.582,13.49,619.0,1443610.0,42661.0,133431.0,-0.91,0.979,0.748,0.921,5.603,5.708,5.717,5.702,5.703,5.644,4.939,1.931,1.967,1.97,1.965,1.965,1.945,1.702,53388.0,54195.0,53646.0,53480.0,54481.0,51842.0,47172.0,,0.0,0.0,,,2.5,-1.0,13.61,0.032,0.222,3.0,2.0,0.0,0.0,24.09,23.61,22.84,25.95,23.57,41.33,23.85,23.98,23.88,37.55
2016-07-28 16:08:00-05:00,53.461956,50.266186,576425,24.89,0.0,57.86,23.63,344.6,277.3,276.0,273.9,17.26,18.83,18.32,343.7,63.99,60.16,12.029999732971191,1453308.0,345.6,21.989999771118164,5.0,0.0,0.0,0.0,0.0,0.0,0.0,0.0,0.0,23.21,23.56,52.31,16.38,18.6,16.68,60.0,59.9,74.7,0.0,275.6,275.0,276.7,12.22,-5.652,13.46,619.0,1443610.0,42661.0,133431.0,-0.908,0.979,0.748,0.921,5.582,5.685,5.683,5.669,5.701,5.611,4.901,1.924,1.959,1.958,1.954,1.964,1.933,1.689,53388.0,54195.0,53646.0,53480.0,54481.0,51842.0,47172.0,,0.0,0.0,,,2.5,-1.0,13.61,0.032,0.222,3.0,2.0,0.0,0.0,24.12,23.68,22.87,26.06,23.65,41.99,23.9,24.04,23.96,37.54
2016-07-28 16:09:00-05:00,52.15511,49.257496,576426,24.89,0.0,56.37,23.55,344.6,277.5,275.8,273.6,16.99,18.38,17.99,344.1,62.05,60.15,11.729999542236328,1453308.0,345.9,21.350000381469727,5.0,0.0,0.0,0.0,0.0,0.0,0.0,0.0,0.0,23.17,23.57,51.33,16.12,18.26,16.38,60.0,59.9,74.7,0.0,275.3,275.0,276.3,11.89,-5.737,13.2,619.0,1443610.0,42661.0,133431.0,-0.901,0.979,0.748,0.921,5.439,5.547,5.529,5.541,5.566,5.467,4.78,1.874,1.911,1.905,1.909,1.918,1.884,1.647,53388.0,54195.0,53646.0,53480.0,54481.0,51842.0,47172.0,,0.0,0.0,,,2.0,-1.0,13.61,0.032,0.222,3.0,2.0,0.0,0.0,24.12,23.73,22.89,26.09,23.73,43.5,23.85,24.09,24.0,37.52
2016-07-28 16:10:00-05:00,50.254242,47.57635,576427,24.89,0.0,54.57,23.54,344.7,277.5,276.1,273.9,16.41,17.77,17.38,344.0,60.36,60.15,11.229999542236328,1453308.0,347.4,20.760000228881836,5.0,0.0,0.0,0.0,0.0,0.0,0.0,0.0,0.0,23.1,23.55,49.77,15.64,17.72,15.91,60.0,59.9,74.7,0.0,276.0,275.0,276.9,11.37,-5.879,12.8,619.0,1443610.0,42661.0,133431.0,-0.888,0.979,0.748,0.921,5.203,5.338,5.293,5.318,5.339,5.254,4.578,1.794,1.84,1.825,1.833,1.84,1.811,1.578,53388.0,54195.0,53646.0,53480.0,54481.0,51842.0,47172.0,,0.0,0.0,,,2.0,-1.0,13.61,0.032,0.222,3.0,2.0,0.0,0.0,24.12,23.76,22.94,26.14,23.75,42.7,23.93,24.14,24.06,37.44
2016-07-28 16:11:00-05:00,48.35337,46.007286,576428,24.89,0.0,52.77,23.54,344.7,277.3,276.1,274.0,15.76,16.99,16.71,344.0,57.68,60.14,10.649999618530273,1453308.0,347.8,19.84000015258789,5.0,0.0,0.0,0.0,0.0,0.0,0.0,0.0,0.0,23.06,23.54,48.29,15.19,17.2,15.44,60.0,59.9,74.7,0.0,275.8,275.0,276.9,10.86,-6.005,12.41,619.0,1443611.0,42661.0,133431.0,-0.875,0.979,0.748,0.921,5.013,5.093,5.062,5.088,5.136,5.015,4.378,1.728,1.756,1.745,1.754,1.77,1.729,1.509,53388.0,54195.0,53646.0,53480.0,54481.0,51842.0,47172.0,,0.0,0.0,,,2.0,-1.0,13.61,0.032,0.222,3.0,2.0,0.0,0.0,24.12,23.79,22.97,26.19,23.8,42.37,24.03,24.17,24.09,37.37
2016-07-28 16:12:00-05:00,46.571304,44.77445,576429,24.87,0.0,51.49,23.52,344.5,277.5,276.2,274.1,15.42,16.57,16.2,343.9,56.71,60.14,10.289999961853027,1453309.0,346.5,19.5,5.0,0.0,0.0,0.0,0.0,0.0,0.0,0.0,0.0,23.08,23.55,47.12,14.89,16.83,15.11,60.0,59.9,74.7,0.0,276.0,275.0,277.0,10.5,-6.076,12.14,619.0,1443611.0,42661.0,133431.0,-0.866,0.979,0.748,0.921,4.873,4.936,4.935,4.934,4.994,4.88,4.288,1.679,1.701,1.7,1.7,1.72,1.681,1.477,53388.0,54195.0,53646.0,53480.0,54481.0,51842.0,47172.0,,0.0,0.0,,,2.0,-1.0,13.61,0.032,0.222,3.0,2.0,0.0,0.0,24.12,23.82,23.03,26.28,23.85,42.32,24.09,24.2,24.16,37.34
2016-07-28 16:13:00-05:00,45.026848,43.989914,576430,24.87,0.0,50.73,23.52,344.4,277.2,276.3,274.2,15.23,16.23,16.08,343.9,56.26,60.14,10.109999656677246,1453309.0,345.1,19.350000381469727,5.0,0.0,0.0,0.0,0.0,0.0,0.0,0.0,0.0,23.1,23.59,46.44,14.73,16.64,14.95,60.0,59.9,74.7,0.0,276.0,275.0,277.0,10.32,-6.124,12.0,619.0,1443611.0,42661.0,133431.0,-0.86,0.979,0.748,0.921,4.766,4.86,4.854,4.832,4.905,4.792,4.217,1.642,1.674,1.672,1.664,1.689,1.651,1.453,53388.0,54195.0,53646.0,53480.0,54481.0,51842.0,47172.0,,0.0,0.0,,,2.0,-1.0,13.61,0.032,0.222,3.0,2.0,0.0,0.0,24.12,23.84,23.05,26.29,23.85,42.11,24.13,24.24,24.16,37.26
2016-07-28 16:14:00-05:00,44.076412,43.54161,576431,24.87,0.0,50.55,23.5,344.5,277.3,276.3,274.2,15.18,16.07,15.96,344.1,55.52,60.13,10.020000457763672,1453309.0,345.9,19.100000381469727,5.0,0.0,0.0,0.0,0.0,0.0,0.0,0.0,0.0,23.04,23.6,46.23,14.67,16.57,14.87,60.0,59.9,74.7,0.0,276.0,275.3,277.0,10.25,-6.149,11.96,619.0,1443611.0,42661.0,133431.0,-0.858,0.979,0.748,0.921,4.737,4.834,4.821,4.82,4.891,4.747,4.205,1.632,1.666,1.661,1.661,1.685,1.635,1.449,53388.0,54195.0,53646.0,53480.0,54481.0,51842.0,47172.0,,0.0,0.0,,,2.5,-1.0,13.61,0.032,0.222,3.0,2.0,0.0,0.0,24.12,23.84,23.07,26.39,23.86,42.02,24.11,24.24,24.18,37.18
2016-07-28 16:15:00-05:00,43.838802,44.10199,576432,24.87,0.0,51.16,23.55,344.2,277.2,276.0,273.9,15.39,16.42,16.08,344.0,55.82,60.16,10.199999809265137,1453309.0,345.4,19.200000762939453,5.0,0.0,0.0,0.0,0.0,0.0,0.0,0.0,0.0,23.05,23.59,46.95,14.8,16.73,15.03,60.0,59.9,74.7,0.0,275.7,275.0,276.8,10.4,-6.117,12.06,619.0,1443611.0,42661.0,133431.0,-0.862,0.979,0.748,0.921,4.775,4.911,4.899,4.908,4.959,4.799,4.262,1.644,1.69,1.686,1.689,1.707,1.652,1.467,53388.0,54195.0,53646.0,53480.0,54481.0,51842.0,47172.0,,0.0,0.0,,,2.0,-1.0,13.61,0.031,0.222,3.0,2.0,0.0,0.0,24.12,23.84,23.07,26.34,23.85,41.57,24.12,24.24,24.16,37.14
2016-07-28 16:16:00-05:00,44.195217,45.55898,576433,24.87,0.0,52.85,23.53,344.3,276.4,274.9,273.0,15.82,16.98,16.63,343.7,56.52,60.14,10.579999923706055,1453309.0,345.4,19.43000030517578,5.0,0.0,0.0,0.0,0.0,0.0,0.0,0.0,0.0,23.01,23.57,48.67,15.2,17.19,15.41,60.0,59.9,74.7,0.0,274.8,274.1,275.9,10.8,-6.013,12.36,619.0,1443611.0,42662.0,133431.0,-0.874,0.979,0.748,0.921,4.961,5.067,5.056,5.073,5.131,4.973,4.404,1.708,1.745,1.741,1.747,1.766,1.712,1.516,53388.0,54195.0,53646.0,53480.0,54481.0,51842.0,47172.0,0.972,230.7,14.0,1.5,3.51,2.0,-1.0,13.61,0.031,0.222,3.0,2.0,0.0,0.0,24.12,23.84,23.07,26.29,23.85,41.16,24.1,24.24,24.16,37.06
2016-07-28 16:17:00-05:00,46.4525,48.472965,576434,24.87,0.0,55.75,23.59,343.9,276.5,275.0,272.9,16.9,18.1,17.77,343.5,58.32,60.14,11.520000457763672,1453310.0,345.2,20.030000686645508,5.0,0.0,0.0,0.0,0.0,0.0,0.0,0.0,0.0,23.04,23.57,51.63,16.03,18.06,16.25,60.0,59.9,74.7,0.0,274.7,274.0,276.0,11.66,-5.865,13.06,619.0,1443612.0,42662.0,133431.0,-0.893,0.979,0.748,0.921,5.346,5.459,5.433,5.45,5.507,5.367,4.715,1.838,1.877,1.868,1.874,1.894,1.846,1.621,53388.0,54195.0,53646.0,53480.0,54481.0,51842.0,47172.0,,0.0,0.0,,,2.0,-1.0,13.61,0.031,0.222,3.0,2.0,0.0,0.0,24.12,23.84,23.07,26.29,23.85,40.71,24.07,24.24,24.16,37.03
2016-07-28 16:18:00-05:00,50.016632,52.843937,576435,24.86,0.0,60.32,23.59,343.4,276.5,275.2,273.1,18.52,19.72,19.34,343.2,62.18,60.15,12.869999885559082,1453310.0,345.2,21.34000015258789,5.0,0.0,0.0,0.0,0.0,0.0,0.0,0.0,0.0,23.06,23.61,56.04,17.3,19.37,17.48,60.0,59.9,74.7,0.0,275.0,274.0,276.0,12.95,-5.651,14.13,619.0,1443612.0,42662.0,133431.0,-0.916,0.979,0.748,0.921,5.904,6.024,6.001,6.015,6.086,5.899,5.21,2.028,2.069,2.061,2.066,2.09,2.026,1.789,53388.0,54195.0,53646.0,53480.0,54481.0,51842.0,47172.0,,0.0,0.0,,,2.5,-1.0,13.61,0.031,0.222,3.0,2.0,0.0,0.0,24.22,23.84,23.07,26.35,23.88,41.32,24.19,24.26,24.18,36.95
2016-07-28 16:19:00-05:00,55.83804,59.344357,576436,24.86,0.0,67.34,23.63,342.9,276.5,274.9,272.9,20.67,22.08,21.64,342.5,67.67,60.14,14.760000228881836,1453310.0,344.7,23.170000076293945,5.0,0.0,0.0,0.0,0.0,0.0,0.0,0.0,0.0,23.1,23.65,62.77,19.29,21.37,19.38,60.0,59.9,74.7,0.0,274.8,274.0,276.0,14.85,-5.344,15.78,619.0,1443612.0,42662.0,133431.0,-0.94,0.979,0.748,0.921,6.703,6.869,6.832,6.858,6.918,6.72,5.942,2.298,2.355,2.343,2.351,2.372,2.304,2.037,53388.0,54195.0,53646.0,53480.0,54481.0,51842.0,47172.0,,0.0,0.0,,,2.0,-1.0,13.61,0.031,0.222,3.0,2.0,0.0,0.0,24.24,23.87,23.12,26.41,23.94,41.02,24.28,24.34,24.28,36.88
2016-07-28 16:20:00-05:00,64.15435,68.0863,576437,24.84,0.0,76.86,23.57,342.7,276.3,275.0,273.0,23.73,25.18,24.74,342.2,75.5,60.15,17.34000015258789,1453311.0,344.1,25.829999923706055,5.0,0.0,0.0,0.0,0.0,0.0,0.0,0.0,0.0,23.07,23.75,71.39,22.04,24.11,22.0,60.0,59.9,74.7,0.0,274.5,274.0,275.9,17.36,-4.961,18.06,619.0,1443612.0,42662.0,133431.0,-0.961,0.979,0.748,0.921,7.771,7.959,7.904,7.924,8.06,7.79,6.882,2.663,2.727,2.709,2.716,2.762,2.67,2.358,53388.0,54195.0,53646.0,53480.0,54481.0,51842.0,47172.0,0.917,238.0,10.77,1.5,3.512,2.0,-1.0,13.61,0.031,0.222,3.0,2.0,0.0,0.0,24.33,23.97,23.16,26.49,23.96,40.35,24.35,24.37,24.32,36.85
2016-07-28 16:21:00-05:00,73.6587,77.5007,576438,24.84,0.0,86.8,23.56,342.1,276.7,275.0,272.9,26.88,28.35,27.89,341.1,83.6,60.14,19.989999771118164,1453311.0,343.3,28.530000686645508,5.0,0.0,0.0,0.0,0.0,0.0,0.0,0.0,0.0,23.07,23.81,80.8,25.0,27.1,24.9,60.0,59.9,74.7,0.0,274.9,274.0,275.9,20.02,-4.551,20.53,619.0,1443613.0,42662.0,133431.0,-0.975,0.979,0.748,0.921,8.91,9.09,9.08,9.07,9.19,8.92,7.901,3.049,3.112,3.108,3.104,3.145,3.051,2.703,53388.0,54195.0,53646.0,53480.0,54481.0,51842.0,47172.0,,0.0,0.0,,,2.0,-1.0,13.61,0.031,0.223,3.0,2.0,0.0,0.0,24.43,24.05,23.28,26.58,24.04,40.35,24.38,24.47,24.39,36.85
2016-07-28 16:22:00-05:00,82.80663,86.35473,576439,24.84,0.0,95.9,23.5,342.4,276.4,275.1,273.0,30.0,31.4,30.96,341.7,91.3,60.14,22.56999969482422,1453311.0,343.7,31.190000534057617,5.0,0.0,0.0,0.0,0.0,0.0,0.0,0.0,0.0,23.07,23.91,89.6,27.86,29.95,27.7,60.0,59.9,74.7,0.0,274.8,274.0,275.8,22.53,-4.168,22.92,619.0,1443613.0,42662.0,133431.0,-0.983,0.979,0.748,0.921,10.0,10.19,10.16,10.18,10.31,10.03,8.84,3.424,3.489,3.477,3.484,3.528,3.434,3.026,53388.0,54195.0,53646.0,53480.0,54481.0,51842.0,47172.0,,0.0,0.0,,,2.0,-1.0,13.61,0.03,0.223,3.0,2.0,0.0,0.0,24.53,24.12,23.37,26.68,24.11,40.15,24.4,24.6,24.48,36.85
2016-07-28 16:23:00-05:00,90.88532,93.975914,576440,24.84,0.0,103.7,23.51,342.2,276.5,275.1,273.0,32.54,34.03,33.6,341.7,97.6,60.14,24.75,1453312.0,343.7,33.33000183105469,5.0,0.0,0.0,0.0,0.0,0.0,0.0,0.0,0.0,23.11,23.99,96.5,30.33,32.39,30.1,60.0,59.9,74.7,0.0,274.5,274.0,275.8,24.65,-3.846,24.95,619.0,1443613.0,42662.0,133431.0,-0.988,0.979,0.748,0.921,10.9,11.09,11.09,11.1,11.21,10.95,9.63,3.73,3.797,3.796,3.798,3.837,3.746,3.296,53388.0,54195.0,53646.0,53480.0,54481.0,51842.0,47172.0,,0.0,0.0,,,2.0,-1.0,13.61,0.03,0.223,3.0,2.0,0.0,0.0,24.66,24.21,23.49,26.8,24.14,40.71,24.44,24.69,24.57,36.87
2016-07-28 16:24:00-05:00,97.18196,100.700485,576441,24.84,0.0,110.4,23.51,342.2,276.6,275.2,273.1,34.8,36.23,35.84,341.9,103.1,60.15,26.6299991607666,1453312.0,343.7,35.25,5.0,0.0,0.0,0.0,0.0,0.0,0.0,0.0,0.0,23.14,24.15,102.6,32.45,34.51,32.19,60.0,59.9,74.7,0.0,275.0,274.0,276.0,26.45,-3.58,26.7,619.0,1443614.0,42662.0,133431.0,-0.991,0.979,0.748,0.921,11.68,11.89,11.9,11.89,11.99,11.72,10.34,3.999,4.068,4.072,4.069,4.104,4.011,3.538,53388.0,54195.0,53646.0,53480.0,54481.0,51842.0,47172.0,0.502,179.5,34.52,0.9,3.51,2.0,-1.0,13.61,0.03,0.223,3.0,2.0,0.0,0.0,24.79,24.34,23.6,26.93,24.26,41.29,24.47,24.86,24.68,36.95
2016-07-28 16:25:00-05:00,103.953804,107.64921,576442,24.84,0.0,117.3,23.57,342.0,276.3,275.2,273.1,36.97,38.5,38.06,341.2,108.9,60.13,28.479999542236328,1453313.0,343.0,37.16999816894531,5.0,0.0,0.0,0.0,0.0,0.0,0.0,0.0,0.0,23.24,24.31,108.8,34.57,36.66,34.3,60.0,59.9,74.7,0.0,274.7,274.0,276.0,28.26,-3.3,28.46,619.0,1443614.0,42662.0,133431.0,-0.993,0.979,0.748,0.921,12.49,12.69,12.68,12.71,12.81,12.51,10.99,4.27,4.338,4.334,4.345,4.379,4.277,3.757,53388.0,54195.0,53646.0,53480.0,54481.0,51842.0,47172.0,,0.0,0.0,,,2.0,-1.0,13.61,0.03,0.223,3.0,2.0,0.0,0.0,24.95,24.54,23.77,27.09,24.42,42.21,24.7,25.04,24.81,36.95
2016-07-28 16:26:00-05:00,110.250435,113.925476,576443,24.84,0.0,123.7,23.56,342.4,276.9,275.8,273.7,38.9,40.44,40.01,341.8,113.9,60.14,30.18000030517578,1453313.0,344.0,38.91999816894531,5.0,0.0,0.0,0.0,0.0,0.0,0.0,0.0,0.0,23.24,24.52,114.2,36.42,38.52,36.16,60.0,59.9,74.7,0.0,275.0,274.9,276.0,29.91,-3.067,30.07,619.0,1443615.0,42662.0,133431.0,-0.995,0.979,0.748,0.921,13.17,13.36,13.39,13.42,13.47,13.17,11.6,4.511,4.573,4.584,4.593,4.611,4.51,3.972,53388.0,54195.0,53646.0,53480.0,54481.0,51842.0,47172.0,,0.0,0.0,,,2.0,-1.0,13.61,0.03,0.223,3.0,2.0,0.0,0.0,25.18,24.68,23.96,27.27,24.6,42.86,24.89,25.18,25.01,36.95
2016-07-28 16:27:00-05:00,113.339355,117.39984,576444,24.84,0.0,126.6,23.56,343.4,277.4,276.0,273.9,39.92,41.36,40.98,342.8,115.9,60.15,31.020000457763672,1453314.0,344.7,39.720001220703125,5.0,0.0,0.0,0.0,0.0,0.0,0.0,0.0,0.0,23.16,24.65,117.3,37.38,39.45,37.09,60.0,59.9,74.7,0.0,275.2,275.0,276.3,30.74,-2.944,30.88,619.0,1443615.0,42662.0,133431.0,-0.995,0.979,0.748,0.921,13.47,13.63,13.71,13.75,13.76,13.51,11.88,4.627,4.681,4.707,4.72,4.726,4.639,4.078,53388.0,54195.0,53646.0,53480.0,54481.0,51842.0,47172.0,,0.0,0.0,,,2.0,-1.0,13.61,0.03,0.223,3.0,2.0,0.0,0.0,25.29,24.85,24.09,27.5,24.74,43.41,25.1,25.36,25.19,37.0
2016-07-28 16:28:00-05:00,112.86413,116.72739,576445,24.84,0.0,125.3,23.55,344.9,277.7,276.2,274.1,39.42,40.9,40.56,344.1,114.9,60.15,30.670000076293945,1453314.0,346.3,39.529998779296875,5.0,0.0,0.0,0.0,0.0,0.0,0.0,0.0,0.0,23.07,24.69,117.0,36.97,39.02,36.68,60.0,59.9,74.7,0.0,275.9,275.0,276.9,30.4,-3.001,30.55,619.0,1443616.0,42662.0,133431.0,-0.995,0.979,0.748,0.921,13.29,13.42,13.52,13.53,13.53,13.31,11.72,4.582,4.628,4.661,4.665,4.666,4.59,4.04,53388.0,54195.0,53646.0,53480.0,54481.0,51842.0,47172.0,0.372,284.9,41.61,0.7,3.512,2.0,-1.0,13.61,0.03,0.223,3.0,2.0,0.0,0.0,25.29,25.0,24.24,27.63,24.82,41.82,25.25,25.46,25.35,37.05
2016-07-28 16:29:00-05:00,110.13163,114.03755,576446,24.86,0.0,122.3,23.53,345.1,277.8,276.1,274.0,38.41,39.91,39.58,344.3,112.5,60.14,29.81999969482422,1453315.0,346.6,38.75,5.0,0.0,0.0,0.0,0.0,0.0,0.0,0.0,0.0,23.06,24.77,114.8,35.97,38.02,35.72,60.0,59.9,74.7,0.0,275.8,275.0,276.7,29.56,-3.124,29.72,619.0,1443616.0,42662.0,133431.0,-0.994,0.979,0.748,0.921,12.91,13.08,13.12,13.13,13.19,12.9,11.36,4.456,4.515,4.527,4.532,4.551,4.452,3.921,53388.0,54195.0,53646.0,53480.0,54481.0,51842.0,47172.0,0.32,307.9,29.87,0.6,3.512,2.0,-1.0,13.61,0.03,0.223,3.0,2.0,0.0,0.0,25.36,25.13,24.34,27.77,24.91,41.63,25.45,25.51,25.54,37.05
2016-07-28 16:30:00-05:00,105.97348,110.22695,576447,24.86,0.0,118.2,23.52,344.8,277.3,276.1,274.0,37.05,38.53,38.18,344.0,109.3,60.14,28.649999618530273,1453315.0,346.1,37.59000015258789,5.0,0.0,0.0,0.0,0.0,0.0,0.0,0.0,0.0,23.01,24.86,111.2,34.66,36.72,34.42,60.0,59.9,74.7,0.0,275.3,275.0,276.1,28.44,-3.29,28.63,619.0,1443617.0,42662.0,133431.0,-0.993,0.979,0.748,0.921,12.44,12.64,12.66,12.66,12.73,12.43,10.96,4.287,4.358,4.364,4.364,4.389,4.287,3.779,53388.0,54195.0,53646.0,53480.0,54481.0,51842.0,47172.0,,0.0,0.0,,,2.5,-1.0,13.61,0.03,0.223,3.0,2.0,0.0,0.0,25.49,25.26,24.47,27.9,24.94,42.61,25.53,25.67,25.68,37.05
2016-07-28 16:31:00-05:00,102.40935,107.2009,576448,24.87,0.0,115.2,23.51,343.5,277.5,276.1,274.0,36.01,37.51,37.15,342.7,107.1,60.15,27.790000915527344,1453316.0,344.9,36.709999084472656,5.0,0.0,0.0,0.0,0.0,0.0,0.0,0.0,0.0,22.97,24.89,108.6,33.65,35.72,33.42,60.0,59.9,74.7,0.0,275.7,275.0,276.6,27.59,-3.42,27.8,619.0,1443617.0,42663.0,133431.0,-0.992,0.979,0.748,0.921,12.15,12.34,12.31,12.35,12.44,12.09,10.67,4.172,4.239,4.226,4.24,4.272,4.152,3.665,53388.0,54195.0,53646.0,53480.0,54481.0,51842.0,47172.0,,0.0,0.0,,,2.0,-1.0,13.61,0.03,0.223,3.0,2.0,0.0,0.0,25.55,25.32,24.58,27.95,24.84,43.35,25.51,25.7,25.78,37.11
2016-07-28 16:32:00-05:00,102.05294,106.752594,576449,24.87,0.0,114.6,23.63,342.6,277.8,276.1,274.0,35.8,37.34,36.94,342.0,106.9,60.15,27.6299991607666,1453316.0,344.0,36.560001373291016,5.0,0.0,0.0,0.0,0.0,0.0,0.0,0.0,0.0,23.12,24.94,108.2,33.45,35.53,33.22,60.0,59.9,74.7,0.0,276.0,275.0,277.0,27.43,-3.446,27.64,619.0,1443618.0,42663.0,133431.0,-0.992,0.979,0.748,0.921,12.08,12.3,12.29,12.31,12.38,12.08,10.65,4.136,4.215,4.209,4.216,4.24,4.139,3.647,53388.0,54195.0,53646.0,53480.0,54481.0,51842.0,47172.0,,0.0,0.0,,,2.0,-1.0,13.61,0.03,0.223,3.0,2.0,0.0,0.0,25.67,25.39,24.56,27.89,24.73,44.32,25.49,25.79,25.76,37.14
2016-07-28 16:33:00-05:00,105.141846,110.11488,576450,24.87,0.0,117.9,23.67,341.5,277.5,276.2,274.0,36.87,38.43,38.05,340.6,110.1,60.14,28.540000915527344,1453317.0,343.1,37.4900016784668,5.0,0.0,0.0,0.0,0.0,0.0,0.0,0.0,0.0,23.27,25.05,111.2,34.5,36.59,34.28,60.0,59.9,74.7,0.0,275.7,275.0,276.4,28.32,-3.306,28.51,619.0,1443618.0,42663.0,133431.0,-0.993,0.979,0.748,0.921,12.52,12.75,12.73,12.74,12.85,12.52,11.06,4.275,4.353,4.346,4.35,4.387,4.274,3.775,53388.0,54195.0,53646.0,53480.0,54481.0,51842.0,47172.0,,0.0,0.0,,,2.5,-1.0,13.61,0.03,0.223,3.0,2.0,0.0,0.0,25.73,25.4,24.65,27.98,24.84,44.3,25.57,25.82,25.84,37.14
2016-07-28 16:34:00-05:00,109.41881,114.37379,576451,24.88,0.0,122.3,23.74,341.5,277.3,276.2,274.0,38.36,39.88,39.51,340.7,113.8,60.14,29.770000457763672,1453317.0,342.8,38.779998779296875,5.0,0.0,0.0,0.0,0.0,0.0,0.0,0.0,0.0,23.35,25.15,115.2,35.86,37.97,35.64,60.0,59.9,74.7,0.0,275.7,275.0,276.5,29.49,-3.117,29.65,619.0,1443619.0,42663.0,133431.0,-0.994,0.979,0.748,0.921,13.02,13.24,13.23,13.25,13.36,12.99,11.48,4.445,4.521,4.518,4.524,4.563,4.436,3.921,53388.0,54195.0,53646.0,53480.0,54481.0,51842.0,47172.0,,0.0,0.0,,,2.0,-1.0,13.61,0.03,0.223,3.0,2.0,0.0,0.0,25.86,25.48,24.73,28.13,24.92,43.67,25.65,25.87,25.89,37.14
2016-07-28 16:35:00-05:00,112.388916,116.61531,576452,24.89,0.0,124.4,23.72,342.6,277.8,276.3,274.1,39.0,40.56,40.22,341.7,115.0,60.15,30.360000610351562,1453318.0,343.9,39.290000915527344,5.0,0.0,0.0,0.0,0.0,0.0,0.0,0.0,0.0,23.29,25.12,117.2,36.55,38.65,36.31,60.0,59.9,74.7,0.0,276.0,275.0,277.0,30.09,-3.019,30.24,619.0,1443619.0,42663.0,133431.0,-0.995,0.979,0.748,0.921,13.24,13.46,13.45,13.46,13.59,13.21,11.66,4.535,4.612,4.608,4.61,4.655,4.527,3.993,53388.0,54195.0,53646.0,53480.0,54481.0,51842.0,47172.0,,0.0,0.0,,,2.0,-1.0,13.61,0.03,0.223,3.0,2.0,0.0,0.0,25.85,25.53,24.77,28.2,24.9,42.54,25.65,25.8,25.94,37.14
2016-07-28 16:36:00-05:00,110.60685,114.2617,576453,24.89,0.0,121.8,23.83,344.2,277.0,275.3,273.1,38.24,39.8,39.42,343.3,112.8,60.14,29.600000381469727,1453319.0,345.7,38.720001220703125,5.0,0.0,0.0,0.0,0.0,0.0,0.0,0.0,0.0,23.42,25.18,114.4,35.81,37.91,35.59,60.0,59.9,74.7,0.0,275.1,274.2,275.9,29.37,-3.094,29.53,619.0,1443620.0,42663.0,133431.0,-0.994,0.979,0.748,0.921,12.87,13.06,13.05,13.1,13.16,12.82,11.31,4.431,4.495,4.493,4.509,4.53,4.413,3.891,53388.0,54195.0,53646.0,53480.0,54481.0,51842.0,47172.0,,0.0,0.0,,,2.5,-1.0,13.61,0.03,0.223,3.0,2.0,0.0,0.0,25.93,25.55,24.82,28.22,24.92,42.36,25.6,25.74,25.86,37.23
2016-07-28 16:37:00-05:00,101.34011,105.407684,576454,24.89,0.0,112.3,23.72,346.6,276.5,274.9,272.9,35.13,36.64,36.25,345.8,104.3,60.14,26.93000030517578,1453319.0,347.9,36.04999923706055,5.0,0.0,0.0,0.0,0.0,0.0,0.0,0.0,0.0,23.25,24.97,105.3,32.81,34.88,32.59,60.0,59.9,74.7,0.0,274.5,274.0,275.3,26.76,-3.5,26.99,619.0,1443620.0,42663.0,133431.0,-0.991,0.979,0.748,0.921,11.64,11.83,11.88,11.89,11.89,11.65,10.3,4.033,4.101,4.116,4.119,4.12,4.036,3.571,53388.0,54195.0,53646.0,53480.0,54481.0,51842.0,47172.0,,0.0,0.0,,,2.0,-1.0,13.61,0.03,0.223,3.0,2.0,0.0,0.0,25.78,25.5,24.82,28.23,24.86,43.68,25.64,25.7,25.77,37.24
2016-07-28 16:38:00-05:00,88.152824,92.743065,576455,24.91,0.0,99.0,23.91,347.1,276.4,274.7,272.7,30.72,32.28,31.87,346.2,93.5,60.15,23.239999771118164,1453319.0,348.3,32.369998931884766,5.0,0.0,0.0,0.0,0.0,0.0,0.0,0.0,0.0,23.43,24.89,92.8,28.64,30.69,28.49,60.0,59.9,74.7,0.0,274.0,274.0,275.0,23.16,-4.082,23.52,619.0,1443621.0,42663.0,133431.0,-0.985,0.979,0.748,0.921,10.1,10.27,10.3,10.32,10.35,10.1,8.94,3.504,3.563,3.575,3.582,3.593,3.505,3.103,53388.0,54195.0,53646.0,53480.0,54481.0,51842.0,47172.0,,0.0,0.0,,,2.0,-1.0,13.61,0.03,0.223,3.0,2.0,0.0,0.0,25.63,25.47,24.82,28.25,24.77,44.14,25.6,25.6,25.74,37.24
2016-07-28 16:39:00-05:00,75.203156,80.750916,576456,24.92,0.0,86.5,23.99,345.9,276.4,275.0,272.9,26.68,28.13,27.76,345.3,83.6,60.15,19.829999923706055,1453320.0,347.3,28.8799991607666,5.0,0.0,0.0,0.0,0.0,0.0,0.0,0.0,0.0,23.55,24.8,81.1,24.82,26.85,24.74,60.0,59.9,74.7,0.0,274.7,274.0,275.6,19.84,-4.613,20.37,619.0,1443621.0,42663.0,133431.0,-0.974,0.979,0.748,0.921,8.68,8.89,8.92,8.94,8.97,8.71,7.762,3.003,3.073,3.086,3.093,3.103,3.012,2.685,53388.0,54195.0,53646.0,53480.0,54481.0,51842.0,47172.0,,0.0,0.0,,,2.0,-1.0,13.61,0.03,0.222,3.0,2.0,0.0,0.0,25.54,25.4,24.74,28.11,24.76,43.15,25.51,25.44,25.61,37.24
2016-07-28 16:40:00-05:00,66.41164,72.90558,576457,24.92,0.0,78.55,24.1,343.8,276.4,275.0,272.9,24.16,25.63,25.24,343.3,77.46,60.14,17.729999542236328,1453320.0,345.1,26.59000015258789,5.0,0.0,0.0,0.0,0.0,0.0,0.0,0.0,0.0,23.65,24.72,73.83,22.48,24.51,22.45,60.0,59.9,74.7,0.0,274.8,274.0,275.5,17.74,-4.931,18.42,619.0,1443621.0,42663.0,133431.0,-0.963,0.979,0.748,0.921,7.855,8.06,8.08,8.1,8.17,7.869,7.043,2.7,2.77,2.776,2.783,2.81,2.705,2.421,53388.0,54195.0,53646.0,53480.0,54481.0,51842.0,47172.0,,0.0,0.0,,,2.0,-1.0,13.61,0.03,0.222,3.0,2.0,0.0,0.0,25.44,25.25,24.68,28.03,24.69,44.28,25.32,25.41,25.53,37.24
2016-07-28 16:41:00-05:00,62.49109,69.31914,576458,24.92,0.0,74.87,24.13,342.7,276.7,274.9,272.9,23.0,24.4,23.97,342.2,74.96,60.14,16.719999313354492,1453320.0,344.2,25.649999618530273,5.0,0.0,0.0,0.0,0.0,0.0,0.0,0.0,0.0,23.71,24.65,70.38,21.33,23.42,21.36,60.0,59.9,74.7,0.0,274.9,274.0,275.9,16.74,-5.087,17.49,619.0,1443621.0,42663.0,133431.0,-0.957,0.979,0.748,0.921,7.45,7.645,7.633,7.713,7.783,7.448,6.667,2.553,2.62,2.616,2.643,2.667,2.552,2.285,53388.0,54195.0,53646.0,53480.0,54481.0,51842.0,47172.0,1.477,7.384,9.25,1.9,3.512,2.0,-1.0,13.61,0.03,0.222,3.0,2.0,0.0,0.0,25.29,25.09,24.61,27.95,24.66,44.86,25.28,25.36,25.43,37.19
2016-07-28 16:42:00-05:00,60.590218,67.75008,576459,24.92,0.0,73.27,24.14,342.9,276.4,275.2,273.2,22.5,23.92,23.46,342.5,72.59,60.14,16.309999465942383,1453321.0,344.3,24.860000610351562,5.0,0.0,0.0,0.0,0.0,0.0,0.0,0.0,0.0,23.62,24.46,68.83,20.87,22.98,20.94,60.0,59.9,74.7,0.0,275.0,274.1,275.9,16.34,-5.142,17.13,619.0,1443622.0,42663.0,133431.0,-0.954,0.979,0.748,0.921,7.282,7.441,7.486,7.52,7.566,7.315,6.547,2.497,2.551,2.567,2.578,2.594,2.508,2.245,53388.0,54195.0,53646.0,53480.0,54481.0,51842.0,47172.0,,0.0,0.0,,,2.0,-1.0,13.61,0.03,0.222,3.0,2.0,0.0,0.0,25.11,25.01,24.53,27.9,24.69,43.71,25.22,25.25,25.33,37.14
2016-07-28 16:43:00-05:00,58.808155,65.62063,576460,24.93,0.0,71.21,24.22,343.5,276.6,275.3,273.3,21.82,23.28,22.84,342.9,71.02,60.15,15.770000457763672,1453321.0,345.0,24.350000381469727,5.0,0.0,0.0,0.0,0.0,0.0,0.0,0.0,0.0,23.72,24.43,67.07,20.29,22.42,20.39,60.0,59.9,74.7,0.0,275.0,274.2,276.0,15.82,-5.208,16.66,619.0,1443622.0,42663.0,133431.0,-0.95,0.979,0.748,0.921,7.062,7.245,7.229,7.257,7.367,7.063,6.319,2.426,2.488,2.483,2.493,2.53,2.426,2.17,53388.0,54195.0,53646.0,53480.0,54481.0,51842.0,47172.0,,0.0,0.0,,,2.0,-1.0,13.61,0.03,0.222,3.0,2.0,0.0,0.0,25.1,24.91,24.41,27.79,24.48,42.41,25.02,25.07,25.22,37.14
2016-07-28 16:44:00-05:00,57.97652,63.603252,576461,24.95,0.0,69.43,24.26,342.9,276.7,275.4,273.3,21.27,22.69,22.27,342.5,68.62,60.14,15.289999961853027,1453321.0,344.7,23.510000228881836,5.0,0.0,0.0,0.0,0.0,0.0,0.0,0.0,0.0,23.69,24.36,65.2,19.73,21.88,19.86,60.0,59.9,74.7,0.0,275.0,274.4,276.0,15.32,-5.272,16.21,619.0,1443622.0,42663.0,133431.0,-0.946,0.979,0.748,0.921,6.856,7.062,7.051,7.061,7.163,6.91,6.14,2.351,2.421,2.418,2.421,2.456,2.369,2.105,53388.0,54195.0,53646.0,53480.0,54481.0,51842.0,47172.0,,0.0,0.0,,,2.0,-1.0,13.61,0.03,0.222,3.0,2.0,0.0,0.0,25.0,24.81,24.34,27.67,24.36,42.95,24.98,24.95,25.12,37.14
2016-07-28 16:45:00-05:00,60.590218,65.39647,576462,24.95,0.0,71.2,24.18,342.9,276.7,275.0,273.0,21.88,23.25,22.79,342.5,70.52,60.14,15.75,1453322.0,344.1,24.149999618530273,5.0,0.0,0.0,0.0,0.0,0.0,0.0,0.0,0.0,23.66,24.33,66.32,20.22,22.41,20.37,60.0,59.9,74.7,0.0,275.0,274.1,276.0,15.79,-5.163,16.61,619.0,1443623.0,42663.0,133431.0,-0.95,0.979,0.748,0.921,7.054,7.202,7.264,7.3,7.321,7.12,6.327,2.418,2.469,2.491,2.503,2.51,2.441,2.169,53388.0,54195.0,53646.0,53480.0,54481.0,51842.0,47172.0,,0.0,0.0,,,2.0,-1.0,13.61,0.029,0.222,3.0,2.0,0.0,0.0,24.9,24.81,24.3,27.56,24.32,42.83,24.91,24.92,25.04,37.09
2016-07-28 16:46:00-05:00,60.233803,64.724014,576463,24.95,0.0,70.62,24.29,343.0,276.5,275.1,273.0,21.68,23.12,22.71,342.7,69.52,60.15,15.640000343322754,1453322.0,344.5,23.81999969482422,5.0,0.0,0.0,0.0,0.0,0.0,0.0,0.0,0.0,23.73,24.39,66.52,20.08,22.26,20.24,60.0,59.9,74.7,0.0,275.0,274.0,276.0,15.67,-5.178,16.5,619.0,1443623.0,42664.0,133431.0,-0.949,0.979,0.748,0.921,7.038,7.194,7.171,7.231,7.275,7.043,6.258,2.414,2.467,2.46,2.48,2.495,2.416,2.147,53388.0,54195.0,53646.0,53480.0,54481.0,51842.0,47172.0,,0.0,0.0,,,3.0,-1.0,13.61,0.029,0.222,3.0,2.0,0.0,0.0,24.97,24.81,24.25,27.56,24.34,43.07,24.91,24.92,25.04,37.05
2016-07-28 16:47:00-05:00,63.203915,67.301765,576464,24.95,0.0,73.45,24.19,342.4,276.4,274.9,273.0,22.58,24.06,23.57,342.2,72.24,60.14,16.389999389648438,1453322.0,343.9,24.719999313354492,5.0,0.0,0.0,0.0,0.0,0.0,0.0,0.0,0.0,23.58,24.42,69.75,20.88,23.11,21.03,60.0,59.9,74.7,0.0,275.0,274.0,275.9,16.42,-5.038,17.17,619.0,1443623.0,42664.0,133431.0,-0.956,0.979,0.748,0.921,7.415,7.555,7.534,7.529,7.603,7.394,6.506,2.539,2.587,2.58,2.578,2.603,2.532,2.228,53388.0,54195.0,53646.0,53480.0,54481.0,51842.0,47172.0,0.538,40.07,59.11,1.3,3.51,2.0,-1.0,13.61,0.029,0.222,3.0,2.0,0.0,0.0,25.0,24.81,24.24,27.49,24.22,42.02,24.85,24.86,25.04,37.05
2016-07-28 16:48:00-05:00,68.07489,72.3452,576465,24.96,0.0,79.06,24.17,342.2,276.5,275.0,273.0,24.47,25.83,25.42,341.8,76.6,60.14,17.93000030517578,1453323.0,343.7,26.18000030517578,5.0,0.0,0.0,0.0,0.0,0.0,0.0,0.0,0.0,23.56,24.38,75.5,22.54,24.78,22.62,60.0,59.9,74.7,0.0,275.0,274.0,276.0,17.94,-4.787,18.57,619.0,1443623.0,42664.0,133431.0,-0.966,0.979,0.748,0.921,8.06,8.24,8.19,8.19,8.29,8.02,7.067,2.757,2.821,2.802,2.801,2.835,2.744,2.418,53388.0,54195.0,53646.0,53480.0,54481.0,51842.0,47172.0,,0.0,0.0,,,2.0,-1.0,13.61,0.029,0.222,3.0,2.0,0.0,0.0,24.99,24.81,24.24,27.5,24.24,42.09,24.81,24.92,25.07,36.98
2016-07-28 16:49:00-05:00,75.08434,79.29392,576466,24.98,0.0,86.8,24.09,341.7,276.6,275.1,273.1,27.0,28.44,28.03,341.2,82.8,60.14,20.100000381469727,1453323.0,343.1,28.239999771118164,5.0,0.0,0.0,0.0,0.0,0.0,0.0,0.0,0.0,23.44,24.41,82.8,24.92,27.16,24.93,60.0,59.9,74.7,0.0,275.0,274.0,276.0,20.05,-4.471,20.55,619.0,1443624.0,42664.0,133431.0,-0.976,0.979,0.748,0.921,8.94,9.14,9.13,9.12,9.24,8.92,7.906,3.054,3.124,3.12,3.118,3.158,3.048,2.702,53388.0,54195.0,53646.0,53480.0,54481.0,51842.0,47172.0,,0.0,0.0,,,2.0,-1.0,13.61,0.029,0.222,3.0,2.0,0.0,0.0,25.03,24.81,24.21,27.51,24.19,38.78,24.79,24.9,25.14,36.95
2016-07-28 16:50:00-05:00,83.281845,87.69964,576467,24.98,0.0,95.8,24.1,341.5,276.8,275.2,273.2,29.83,31.38,30.96,341.1,90.3,60.15,22.540000915527344,1453323.0,343.1,30.780000686645508,5.0,0.0,0.0,0.0,0.0,0.0,0.0,0.0,0.0,23.36,24.37,91.3,27.65,29.91,27.6,60.0,59.9,74.7,0.0,275.0,274.2,276.0,22.45,-4.12,22.83,619.0,1443624.0,42664.0,133431.0,-0.983,0.979,0.748,0.921,9.97,10.19,10.16,10.16,10.31,9.97,8.83,3.405,3.481,3.469,3.47,3.521,3.404,3.017,53388.0,54195.0,53646.0,53480.0,54481.0,51842.0,47172.0,,0.0,0.0,,,3.0,-1.0,13.61,0.029,0.222,3.0,2.0,0.0,0.0,25.0,24.81,24.14,27.41,24.13,37.42,24.74,24.76,25.07,36.97
2016-07-28 16:51:00-05:00,93.736626,97.338196,576468,24.98,0.0,106.0,24.12,341.0,277.0,275.1,273.1,33.13,34.63,34.21,340.6,98.6,60.15,25.270000457763672,1453324.0,342.7,33.58000183105469,5.0,0.0,0.0,0.0,0.0,0.0,0.0,0.0,0.0,23.51,24.39,101.0,30.84,33.06,30.72,60.0,59.9,74.7,0.0,275.0,274.1,276.0,25.18,-3.718,25.45,619.0,1443624.0,42664.0,133431.0,-0.989,0.979,0.748,0.921,11.18,11.39,11.33,11.38,11.52,11.16,9.86,3.814,3.885,3.865,3.881,3.929,3.806,3.364,53388.0,54195.0,53646.0,53480.0,54481.0,51842.0,47172.0,,0.0,0.0,,,2.0,-1.0,13.61,0.029,0.223,3.0,2.0,0.0,0.0,25.02,24.78,24.14,27.37,24.25,36.23,24.78,24.73,25.04,37.03
2016-07-28 16:52:00-05:00,106.32989,108.545815,576469,24.98,0.0,117.9,24.12,341.0,277.0,275.4,273.3,37.04,38.49,38.17,340.4,108.3,60.15,28.559999465942383,1453324.0,342.5,36.849998474121094,5.0,0.0,0.0,0.0,0.0,0.0,0.0,0.0,0.0,23.45,24.46,112.7,34.57,36.77,34.41,60.0,59.9,74.7,0.0,275.0,274.8,276.0,28.37,-3.238,28.56,619.0,1443625.0,42664.0,133431.0,-0.993,0.979,0.748,0.921,12.55,12.76,12.73,12.78,12.9,12.52,11.07,4.28,4.351,4.341,4.358,4.399,4.271,3.774,53388.0,54195.0,53646.0,53480.0,54481.0,51842.0,47172.0,,0.0,0.0,,,2.0,-1.0,13.61,0.029,0.223,3.0,2.0,0.0,0.0,25.1,24.81,24.16,27.38,24.35,36.97,24.88,24.78,25.05,37.05
2016-07-28 16:53:00-05:00,118.92316,118.5206,576470,24.98,0.0,128.4,24.06,340.3,277.0,275.5,273.4,40.45,41.97,41.59,339.8,117.2,60.14,31.450000762939453,1453325.0,341.8,39.79999923706055,5.0,0.0,0.0,0.0,0.0,0.0,0.0,0.0,0.0,23.39,24.47,123.1,37.87,40.09,37.69,60.0,59.9,74.7,0.0,275.0,274.7,276.0,31.17,-2.832,31.3,619.0,1443625.0,42664.0,133431.0,-0.996,0.979,0.748,0.921,13.87,14.06,13.98,13.99,14.14,13.82,12.09,4.719,4.784,4.758,4.762,4.811,4.703,4.114,53388.0,54195.0,53646.0,53480.0,54481.0,51842.0,47172.0,,0.0,0.0,,,2.0,-1.0,13.61,0.029,0.223,3.0,2.0,0.0,0.0,25.15,24.81,24.35,27.5,24.47,37.11,24.95,24.92,25.09,37.08
2016-07-28 16:54:00-05:00,136.98143,134.5475,576471,25.01,0.0,145.2,24.09,339.4,277.1,275.7,273.5,45.76,47.3,46.96,338.8,130.6,60.15,35.95000076293945,1453326.0,340.7,44.22999954223633,5.0,0.0,0.0,0.0,0.0,0.0,0.0,0.0,0.0,23.51,24.6,138.4,43.01,45.28,42.85,60.0,59.9,74.7,0.0,275.0,274.9,276.0,35.55,-2.171,35.61,619.0,1443626.0,42664.0,133431.0,-0.998,0.979,0.748,0.921,15.83,15.97,15.97,15.95,16.03,15.81,13.78,5.372,5.421,5.418,5.411,5.439,5.365,4.675,53388.0,54195.0,53646.0,53480.0,54481.0,51842.0,47172.0,,0.0,0.0,,,2.0,-1.0,13.61,0.029,0.223,3.0,2.0,0.0,0.0,25.39,24.85,24.63,27.59,24.55,36.36,25.05,25.09,25.17,37.14
2016-07-28 16:55:00-05:00,149.45587,144.8585,576472,25.01,0.0,155.4,23.98,342.4,277.2,275.8,273.6,49.14,50.64,50.37,341.6,138.0,60.16,38.790000915527344,1453326.0,343.7,47.150001525878906,5.0,0.0,0.0,0.0,0.0,0.0,0.0,0.0,0.0,23.36,24.73,148.3,46.36,48.58,46.2,60.0,59.9,74.7,0.0,275.0,274.9,276.0,38.35,-1.769,38.39,619.0,1443627.0,42664.0,133431.0,-0.999,0.979,0.748,0.921,16.88,17.06,17.03,17.01,17.11,16.87,14.69,5.779,5.839,5.829,5.823,5.858,5.775,5.028,53388.0,54195.0,53646.0,53480.0,54481.0,51842.0,47172.0,,0.0,0.0,,,2.0,-1.0,13.61,0.029,0.223,3.0,2.0,0.0,0.0,25.65,24.98,24.74,27.82,24.6,36.54,25.14,25.39,25.32,37.14
2016-07-28 16:56:00-05:00,154.44566,147.54834,576473,25.01,0.0,157.8,23.92,345.3,276.9,275.1,272.9,50.01,51.41,51.17,344.7,138.9,60.14,39.380001068115234,1453327.0,347.3,47.869998931884766,5.0,0.0,0.0,0.0,0.0,0.0,0.0,0.0,0.0,23.38,24.89,150.6,47.11,49.33,46.96,60.0,59.9,74.7,0.0,274.9,274.1,275.1,38.89,-1.672,38.93,619.0,1443627.0,42664.0,133431.0,-0.999,0.979,0.748,0.921,17.03,17.1,17.1,17.15,17.16,16.9,14.73,5.881,5.904,5.906,5.923,5.926,5.835,5.087,53388.0,54195.0,53646.0,53480.0,54481.0,51842.0,47172.0,,0.0,0.0,,,2.5,-1.0,13.61,0.028,0.223,3.0,2.0,0.0,0.0,25.96,25.19,24.92,28.13,24.94,38.76,25.34,25.75,25.53,37.24
2016-07-28 16:57:00-05:00,154.68327,144.8585,576474,25.03,0.0,154.5,23.99,345.9,276.6,275.0,272.9,48.8,50.3,50.01,345.2,135.9,60.15,38.38999938964844,1453328.0,347.2,46.90999984741211,5.0,0.0,0.0,0.0,0.0,0.0,0.0,0.0,0.0,23.47,25.16,147.6,46.01,48.21,45.84,60.0,59.9,74.7,0.0,274.6,274.0,275.1,37.95,-1.812,37.99,619.0,1443628.0,42664.0,133431.0,-0.999,0.979,0.748,0.921,16.58,16.67,16.68,16.66,16.67,16.55,14.36,5.736,5.765,5.771,5.764,5.765,5.724,4.969,53388.0,54195.0,53646.0,53480.0,54481.0,51842.0,47172.0,,0.0,0.0,,,2.0,-1.0,13.61,0.028,0.223,3.0,2.0,0.0,0.0,26.31,25.44,25.21,28.41,25.12,37.83,25.58,25.95,25.69,37.27
2016-07-28 16:58:00-05:00,150.52512,139.92717,576475,25.04,0.0,148.8,23.98,345.9,276.7,275.2,273.0,46.81,48.31,47.98,345.2,131.6,60.15,36.72999954223633,1453328.0,347.0,45.41999816894531,5.0,0.0,0.0,0.0,0.0,0.0,0.0,0.0,0.0,23.41,25.45,142.4,44.06,46.23,43.9,60.0,59.9,74.7,0.0,275.0,274.0,275.4,36.34,-2.067,36.4,619.0,1443629.0,42664.0,133431.0,-0.998,0.979,0.748,0.921,15.89,15.99,16.02,16.0,15.97,15.84,13.78,5.495,5.532,5.54,5.535,5.523,5.478,4.766,53388.0,54195.0,53646.0,53480.0,54481.0,51842.0,47172.0,,0.0,0.0,,,2.0,-1.0,13.61,0.028,0.223,3.0,2.0,0.0,0.0,26.56,25.65,25.59,28.64,25.2,37.1,25.66,26.14,25.87,37.34
2016-07-28 16:59:00-05:00,149.09947,138.47018,576476,25.05,0.0,146.9,24.03,343.5,276.9,275.3,273.2,46.17,47.63,47.3,342.8,130.7,60.13,36.20000076293945,1453329.0,345.1,44.79999923706055,5.0,0.0,0.0,0.0,0.0,0.0,0.0,0.0,0.0,23.46,25.72,140.7,43.37,45.57,43.2,60.0,59.9,74.7,0.0,275.0,274.0,276.0,35.78,-2.161,35.84,619.0,1443629.0,42664.0,133431.0,-0.998,0.979,0.748,0.921,15.76,15.88,15.82,15.85,15.92,15.71,13.63,5.413,5.453,5.432,5.443,5.468,5.395,4.681,53388.0,54195.0,53646.0,53480.0,54481.0,51842.0,47172.0,,0.0,0.0,,,2.0,-1.0,13.61,0.028,0.223,3.0,2.0,0.0,0.0,26.81,25.89,25.82,28.83,25.28,36.09,25.76,26.31,26.02,37.37
2016-07-28 17:00:00-05:00,149.45587,139.47885,576477,25.07,0.0,147.2,24.11,342.7,277.0,275.3,273.2,46.07,47.6,47.25,341.9,130.9,60.14,36.15999984741211,1453329.0,344.1,44.7599983215332,5.0,0.0,0.0,0.0,0.0,0.0,0.0,0.0,0.0,23.51,25.94,140.8,43.34,45.56,43.18,60.0,59.9,74.7,0.0,275.0,274.2,276.0,35.77,-2.163,35.83,619.0,1443630.0,42664.0,133431.0,-0.998,0.979,0.748,0.921,15.81,15.92,15.86,15.9,15.99,15.75,13.67,5.418,5.457,5.435,5.448,5.481,5.397,4.684,53388.0,54195.0,53646.0,53480.0,54481.0,51842.0,47172.0,,0.0,0.0,,,2.5,-1.0,13.61,0.028,0.223,3.0,2.0,0.0,0.0,27.01,26.17,26.05,29.08,25.33,35.05,25.76,26.52,26.31,37.44
2016-07-28 17:01:00-05:00,144.7037,135.78033,576478,25.12,0.0,143.0,24.13,345.5,277.4,276.0,273.9,44.46,46.02,45.69,345.1,126.9,60.13,34.90999984741211,1453330.0,346.8,43.779998779296875,5.0,0.0,0.0,0.0,0.0,0.0,0.0,0.0,0.0,23.5,26.18,136.7,41.79,43.96,41.62,60.0,59.9,74.7,0.0,275.6,275.0,276.1,34.53,-2.377,34.62,619.0,1443630.0,42664.0,133431.0,-0.998,0.979,0.748,0.921,15.09,15.25,15.21,15.25,15.27,15.04,13.11,5.212,5.268,5.254,5.269,5.275,5.194,4.528,53388.0,54195.0,53646.0,53480.0,54481.0,51842.0,47172.0,,0.0,0.0,,,2.0,-1.0,13.61,0.028,0.223,3.0,2.0,0.0,0.0,27.28,26.38,26.34,29.27,25.25,34.45,26.04,26.75,26.56,37.5
2016-07-28 17:02:00-05:00,131.99164,124.79687,576479,25.14,0.0,131.4,24.06,346.3,277.5,276.1,273.9,40.61,42.08,41.8,345.4,117.2,60.14,31.65999984741211,1453331.0,347.2,40.470001220703125,5.0,0.0,0.0,0.0,0.0,0.0,0.0,0.0,0.0,23.38,26.32,125.6,38.06,40.16,37.88,60.0,59.9,74.7,0.0,275.9,275.0,276.4,31.37,-2.862,31.5,619.0,1443631.0,42664.0,133431.0,-0.996,0.979,0.748,0.921,13.7,13.78,13.82,13.9,13.86,13.64,11.93,4.744,4.77,4.787,4.813,4.799,4.725,4.131,53388.0,54195.0,53646.0,53480.0,54481.0,51842.0,47172.0,,0.0,0.0,,,2.0,-1.0,13.61,0.028,0.223,3.0,2.0,0.0,0.0,27.39,26.54,26.45,29.42,25.31,34.52,26.28,26.88,26.75,37.54
2016-07-28 17:03:00-05:00,115.596634,111.0115,576480,25.16,0.0,116.9,23.98,346.7,277.7,276.2,274.0,35.79,37.35,37.02,345.8,105.6,60.15,27.65999984741211,1453331.0,348.1,36.5099983215332,5.0,0.0,0.0,0.0,0.0,0.0,0.0,0.0,0.0,23.37,26.42,111.9,33.45,35.52,33.29,60.0,59.9,74.7,0.0,276.0,275.0,276.9,27.45,-3.468,27.67,619.0,1443631.0,42664.0,133431.0,-0.992,0.979,0.748,0.921,11.97,12.12,12.16,12.16,12.16,11.96,10.51,4.151,4.203,4.214,4.216,4.217,4.147,3.642,53388.0,54195.0,53646.0,53480.0,54481.0,51842.0,47172.0,,0.0,0.0,,,2.5,-1.0,13.61,0.028,0.223,3.0,2.0,0.0,0.0,27.46,26.67,26.63,29.52,25.48,35.14,26.38,26.96,26.9,37.54
2016-07-28 17:04:00-05:00,100.86489,98.57103,576481,25.19,0.0,104.2,24.02,345.2,277.5,276.1,274.0,31.78,33.31,32.93,344.5,96.1,60.14,24.25,1453332.0,346.6,33.099998474121094,5.0,0.0,0.0,0.0,0.0,0.0,0.0,0.0,0.0,23.39,26.48,99.9,29.57,31.62,29.43,60.0,59.9,74.7,0.0,275.8,275.0,276.6,24.09,-3.983,24.42,619.0,1443632.0,42664.0,133431.0,-0.986,0.979,0.748,0.921,10.58,10.76,10.77,10.78,10.83,10.58,9.33,3.652,3.715,3.718,3.723,3.739,3.652,3.22,53388.0,54195.0,53646.0,53480.0,54481.0,51842.0,47172.0,,0.0,0.0,,,2.0,-1.0,13.61,0.028,0.223,3.0,2.0,0.0,0.0,27.53,26.7,26.68,29.6,25.62,35.26,26.44,26.99,26.91,37.63
2016-07-28 17:05:00-05:00,89.45968,89.38078,576482,25.2,0.0,94.8,23.99,342.9,277.3,275.8,273.7,28.88,30.38,30.01,342.3,89.3,60.14,21.770000457763672,1453332.0,344.3,30.56999969482422,5.0,0.0,0.0,0.0,0.0,0.0,0.0,0.0,0.0,23.39,26.52,91.0,26.77,28.85,26.7,60.0,59.9,74.7,0.0,275.1,275.0,276.0,21.64,-4.352,22.08,619.0,1443632.0,42665.0,133431.0,-0.98,0.979,0.748,0.921,9.58,9.77,9.78,9.79,9.87,9.58,8.48,3.285,3.351,3.354,3.356,3.383,3.284,2.909,53388.0,54195.0,53646.0,53480.0,54481.0,51842.0,47172.0,,0.0,0.0,,,2.0,-1.0,13.61,0.028,0.223,3.0,2.0,0.0,0.0,27.52,26.77,26.6,29.61,25.51,33.56,26.49,26.94,26.96,37.63
2016-07-28 17:06:00-05:00,81.38098,83.104515,576483,25.22,0.0,88.6,24.0,341.1,276.7,275.5,273.4,26.93,28.44,28.0,340.6,84.5,60.14,20.09000015258789,1453332.0,342.8,28.790000915527344,5.0,0.0,0.0,0.0,0.0,0.0,0.0,0.0,0.0,23.4,26.52,85.2,24.95,27.07,24.94,60.0,59.9,74.7,0.0,275.0,274.7,276.0,20.03,-4.577,20.55,619.0,1443632.0,42665.0,133431.0,-0.975,0.979,0.748,0.921,8.94,9.12,9.11,9.17,9.23,8.89,7.917,3.05,3.11,3.106,3.129,3.147,3.033,2.7,53388.0,54195.0,53646.0,53480.0,54481.0,51842.0,47172.0,,0.0,0.0,,,3.0,-1.0,13.61,0.028,0.223,3.0,2.0,0.0,0.0,27.47,26.7,26.53,29.5,25.34,32.9,26.49,26.84,26.88,37.71
2016-07-28 17:07:00-05:00,76.747604,79.8543,576484,25.25,0.0,85.5,23.93,340.0,276.6,275.3,273.2,26.0,27.43,27.0,339.4,82.1,60.15,19.260000228881836,1453333.0,341.4,27.8700008392334,5.0,0.0,0.0,0.0,0.0,0.0,0.0,0.0,0.0,23.26,26.28,82.2,24.03,26.15,24.06,60.0,59.9,74.7,0.0,275.0,274.5,276.0,19.22,-4.691,19.78,619.0,1443633.0,42665.0,133431.0,-0.971,0.979,0.748,0.921,8.6,8.79,8.79,8.83,8.9,8.59,7.661,2.924,2.99,2.987,3.003,3.027,2.92,2.605,53388.0,54195.0,53646.0,53480.0,54481.0,51842.0,47172.0,,0.0,0.0,,,2.0,-1.0,13.61,0.028,0.222,3.0,2.0,0.0,0.0,27.31,26.56,26.39,29.42,25.13,32.89,26.43,26.66,26.73,37.71
2016-07-28 17:08:00-05:00,74.84674,79.06977,576485,25.26,0.0,85.1,23.87,339.9,276.7,274.9,272.9,25.87,27.35,26.9,339.4,81.1,60.15,19.15999984741211,1453333.0,341.5,27.520000457763672,5.0,0.0,0.0,0.0,0.0,0.0,0.0,0.0,0.0,23.27,26.08,81.9,23.94,26.1,23.96,60.0,59.9,74.7,0.0,275.0,274.0,276.0,19.13,-4.68,19.7,619.0,1443633.0,42665.0,133431.0,-0.971,0.979,0.748,0.921,8.61,8.76,8.76,8.8,8.87,8.54,7.639,2.925,2.978,2.978,2.99,3.015,2.902,2.596,53388.0,54195.0,53646.0,53480.0,54481.0,51842.0,47172.0,,0.0,0.0,,,2.0,-1.0,13.61,0.028,0.222,3.0,2.0,0.0,0.0,27.12,26.51,26.3,29.34,25.15,33.25,26.34,26.58,26.68,37.69
2016-07-28 17:09:00-05:00,74.37152,79.966385,576486,25.28,0.0,86.2,23.77,339.8,276.4,275.1,273.0,26.28,27.72,27.31,339.3,82.4,60.15,19.489999771118164,1453333.0,341.1,27.950000762939453,5.0,0.0,0.0,0.0,0.0,0.0,0.0,0.0,0.0,23.17,25.95,83.1,24.26,26.43,24.29,60.0,59.9,74.7,0.0,274.9,274.1,275.9,19.44,-4.614,19.98,619.0,1443633.0,42665.0,133431.0,-0.973,0.979,0.748,0.921,8.74,8.91,8.88,8.93,9.03,8.68,7.742,2.97,3.028,3.017,3.033,3.068,2.95,2.631,53388.0,54195.0,53646.0,53480.0,54481.0,51842.0,47172.0,,0.0,0.0,,,2.0,-1.0,13.61,0.028,0.223,3.0,2.0,0.0,0.0,26.99,26.41,26.29,29.3,25.26,35.24,26.27,26.61,26.57,37.69
2016-07-28 17:10:00-05:00,73.42108,79.518074,576487,25.28,0.0,85.9,23.82,340.4,276.2,274.9,272.8,26.13,27.53,27.17,340.0,81.2,60.15,19.34000015258789,1453334.0,341.9,27.600000381469727,5.0,0.0,0.0,0.0,0.0,0.0,0.0,0.0,0.0,23.13,25.68,82.8,24.14,26.34,24.18,60.0,59.9,74.7,0.0,274.4,274.0,275.2,19.33,-4.602,19.87,619.0,1443634.0,42665.0,133431.0,-0.973,0.979,0.748,0.921,8.65,8.84,8.83,8.85,8.95,8.62,7.695,2.945,3.011,3.006,3.012,3.048,2.935,2.62,53388.0,54195.0,53646.0,53480.0,54481.0,51842.0,47172.0,,0.0,0.0,,,2.0,-1.0,13.61,0.028,0.223,3.0,2.0,0.0,0.0,26.76,26.29,26.19,29.19,25.16,34.13,26.26,26.47,26.44,37.71
2016-07-28 17:11:00-05:00,69.97576,76.49202,576488,25.29,0.0,82.9,23.77,341.0,276.3,274.9,272.8,25.17,26.58,26.21,340.7,78.75,60.14,18.540000915527344,1453334.0,342.6,26.81999969482422,5.0,0.0,0.0,0.0,0.0,0.0,0.0,0.0,0.0,23.2,25.63,80.0,23.21,25.42,23.28,60.0,59.9,74.7,0.0,274.6,274.0,275.4,18.52,-4.706,19.11,619.0,1443634.0,42665.0,133431.0,-0.969,0.979,0.748,0.921,8.29,8.48,8.45,8.5,8.58,8.22,7.363,2.826,2.893,2.882,2.897,2.926,2.804,2.51,53388.0,54195.0,53646.0,53480.0,54481.0,51842.0,47172.0,,0.0,0.0,,,2.0,-1.0,13.61,0.027,0.222,3.0,2.0,0.0,0.0,26.64,26.23,26.06,29.08,25.08,31.35,26.14,26.34,26.39,37.71
2016-07-28 17:12:00-05:00,68.193695,75.595406,576489,25.31,0.0,82.1,23.78,340.1,276.2,274.8,272.6,24.92,26.39,25.98,339.8,77.82,60.15,18.34000015258789,1453335.0,341.6,26.440000534057617,5.0,0.0,0.0,0.0,0.0,0.0,0.0,0.0,0.0,23.29,25.65,79.55,22.97,25.19,23.06,60.0,59.9,74.7,0.0,274.3,274.0,275.0,18.3,-4.734,18.91,619.0,1443634.0,42665.0,133431.0,-0.968,0.979,0.748,0.921,8.22,8.38,8.4,8.42,8.53,8.16,7.336,2.794,2.852,2.856,2.864,2.9,2.775,2.495,53388.0,54195.0,53646.0,53480.0,54481.0,51842.0,47172.0,,0.0,0.0,,,2.0,-1.0,13.61,0.028,0.222,3.0,2.0,0.0,0.0,26.56,26.16,26.04,29.0,25.01,30.78,26.09,26.27,26.31,37.68
2016-07-28 17:13:00-05:00,72.23304,79.742226,576490,25.31,0.0,86.4,23.75,339.4,276.2,275.0,272.8,26.31,27.7,27.34,339.2,81.5,60.14,19.479999542236328,1453335.0,341.0,27.639999389648438,5.0,0.0,0.0,0.0,0.0,0.0,0.0,0.0,0.0,23.22,25.53,83.7,24.22,26.47,24.3,60.0,59.9,74.7,0.0,274.8,274.0,275.1,19.44,-4.539,19.97,619.0,1443635.0,42665.0,133431.0,-0.974,0.979,0.748,0.921,8.75,8.93,8.9,8.95,9.07,8.69,7.767,2.971,3.032,3.022,3.037,3.078,2.949,2.636,53388.0,54195.0,53646.0,53480.0,54481.0,51842.0,47172.0,,0.0,0.0,,,2.0,-1.0,13.61,0.027,0.222,3.0,2.0,0.0,0.0,26.48,26.02,25.92,28.83,24.71,29.99,25.94,26.1,26.26,37.62
2016-07-28 17:14:00-05:00,79.123695,86.24265,576491,25.31,0.0,92.8,23.76,339.4,276.3,274.9,272.7,28.4,29.89,29.46,339.4,86.2,60.12,21.260000228881836,1453335.0,340.9,29.280000686645508,5.0,0.0,0.0,0.0,0.0,0.0,0.0,0.0,0.0,23.26,25.52,89.6,26.16,28.51,26.19,60.0,59.9,74.7,0.0,274.6,274.0,275.1,21.18,-4.21,21.59,619.0,1443635.0,42665.0,133431.0,-0.981,0.979,0.748,0.921,9.51,9.68,9.61,9.66,9.82,9.45,8.37,3.228,3.287,3.262,3.279,3.333,3.208,2.842,53388.0,54195.0,53646.0,53480.0,54481.0,51842.0,47172.0,,0.0,0.0,,,2.0,-1.0,13.61,0.027,0.222,3.0,2.0,0.0,0.0,26.47,26.08,25.96,28.83,24.54,30.08,25.99,26.14,26.21,37.56
2016-07-28 17:15:00-05:00,84.94511,91.174,576492,25.31,0.0,97.7,23.74,339.9,276.6,274.9,272.7,30.04,31.45,31.06,339.0,90.4,60.12,22.600000381469727,1453336.0,341.3,30.649999618530273,5.0,0.0,0.0,0.0,0.0,0.0,0.0,0.0,0.0,23.18,25.47,93.9,27.75,30.06,27.71,60.0,59.9,74.7,0.0,274.6,274.0,275.2,22.54,-4.005,22.9,619.0,1443635.0,42665.0,133431.0,-0.985,0.979,0.748,0.921,10.07,10.24,10.22,10.28,10.4,10.01,8.88,3.424,3.48,3.473,3.493,3.534,3.402,3.017,53388.0,54195.0,53646.0,53480.0,54481.0,51842.0,47172.0,,0.0,0.0,,,2.0,-1.0,13.61,0.027,0.222,3.0,2.0,0.0,0.0,26.41,26.07,26.0,28.83,24.62,31.25,26.01,26.19,26.21,37.55
2016-07-28 17:16:00-05:00,88.628044,93.751755,576493,25.31,0.0,100.1,23.78,340.7,276.2,274.9,272.8,31.1,32.54,32.08,340.3,92.1,60.14,23.479999542236328,1453336.0,342.6,31.350000381469727,5.0,0.0,0.0,0.0,0.0,0.0,0.0,0.0,0.0,23.23,25.39,95.7,28.74,31.04,28.66,60.0,59.9,74.7,0.0,274.2,274.0,275.1,23.38,-3.874,23.7,619.0,1443636.0,42665.0,133431.0,-0.987,0.979,0.748,0.921,10.39,10.56,10.59,10.63,10.69,10.31,9.19,3.54,3.597,3.607,3.622,3.64,3.512,3.13,53388.0,54195.0,53646.0,53480.0,54481.0,51842.0,47172.0,,0.0,0.0,,,2.0,-1.0,13.61,0.027,0.223,3.0,2.0,0.0,0.0,26.27,26.04,25.85,28.7,24.59,30.18,25.9,25.92,26.13,37.48
2016-07-28 17:17:00-05:00,89.340866,93.41552,576494,25.31,0.0,99.4,23.7,341.7,276.4,274.8,272.7,31.02,32.45,32.04,341.1,92.1,60.14,23.43000030517578,1453337.0,343.2,31.40999984741211,5.0,0.0,0.0,0.0,0.0,0.0,0.0,0.0,0.0,23.25,25.24,94.9,28.72,30.95,28.64,60.0,59.9,74.7,0.0,274.5,274.0,275.1,23.34,-3.932,23.67,619.0,1443636.0,42665.0,133431.0,-0.986,0.979,0.748,0.921,10.34,10.51,10.54,10.57,10.62,10.32,9.17,3.531,3.591,3.601,3.611,3.628,3.525,3.133,53388.0,54195.0,53646.0,53480.0,54481.0,51842.0,47172.0,,0.0,0.0,,,2.5,-1.0,13.61,0.027,0.223,3.0,2.0,0.0,0.0,26.04,25.89,25.8,28.6,24.69,32.01,25.86,25.87,26.0,37.52
2016-07-28 17:18:00-05:00,86.48956,89.71701,576495,25.31,0.0,95.5,23.78,343.0,276.3,274.9,272.8,29.76,31.2,30.84,342.4,89.4,60.13,22.389999389648438,1453337.0,344.3,30.610000610351562,5.0,0.0,0.0,0.0,0.0,0.0,0.0,0.0,0.0,23.35,25.1,91.5,27.55,29.78,27.51,60.0,59.9,74.7,0.0,274.4,274.0,275.1,22.33,-4.097,22.7,619.0,1443637.0,42666.0,133431.0,-0.984,0.979,0.748,0.921,9.88,10.04,10.08,10.09,10.14,9.84,8.77,3.388,3.445,3.455,3.461,3.479,3.376,3.006,53388.0,54195.0,53646.0,53480.0,54481.0,51842.0,47172.0,,0.0,0.0,,,2.5,-1.0,13.61,0.027,0.223,3.0,2.0,0.0,0.0,25.81,25.68,25.8,28.52,24.77,32.91,25.83,25.79,25.9,37.46
2016-07-28 17:19:00-05:00,81.8562,85.34604,576496,25.29,0.0,91.1,23.8,343.2,276.1,275.0,272.9,28.32,29.74,29.37,342.5,85.8,60.14,21.18000030517578,1453337.0,344.6,29.389999389648438,5.0,0.0,0.0,0.0,0.0,0.0,0.0,0.0,0.0,23.45,25.05,87.6,26.19,28.42,26.19,60.0,59.9,74.7,0.0,274.8,274.0,275.3,21.15,-4.298,21.58,619.0,1443637.0,42666.0,133431.0,-0.98,0.979,0.748,0.921,9.34,9.54,9.56,9.57,9.63,9.33,8.33,3.206,3.274,3.28,3.285,3.303,3.202,2.858,53388.0,54195.0,53646.0,53480.0,54481.0,51842.0,47172.0,,0.0,0.0,,,2.0,-1.0,13.61,0.027,0.223,3.0,2.0,0.0,0.0,25.68,25.56,25.67,28.37,24.72,31.79,25.66,25.53,25.78,37.57
2016-07-28 17:20:00-05:00,77.698044,81.53545,576497,25.31,0.0,87.5,23.82,343.2,276.5,274.7,272.7,27.1,28.6,28.16,342.5,83.3,60.13,20.18000030517578,1453338.0,344.6,28.520000457763672,5.0,0.0,0.0,0.0,0.0,0.0,0.0,0.0,0.0,23.41,24.96,84.1,25.06,27.3,25.11,60.0,59.9,74.7,0.0,274.6,274.0,275.1,20.15,-4.464,20.64,619.0,1443637.0,42666.0,133431.0,-0.976,0.979,0.748,0.921,8.91,9.11,9.12,9.14,9.22,8.89,7.954,3.056,3.126,3.129,3.135,3.165,3.049,2.729,53388.0,54195.0,53646.0,53480.0,54481.0,51842.0,47172.0,,0.0,0.0,,,2.0,-1.0,13.61,0.027,0.223,3.0,2.0,0.0,0.0,25.62,25.37,25.46,28.21,24.5,31.34,25.55,25.41,25.59,37.6
2016-07-28 17:21:00-05:00,73.8963,78.17316,576498,25.32,0.0,84.4,23.8,343.1,276.8,274.8,272.9,26.08,27.51,27.07,342.4,80.5,60.14,19.309999465942383,1453338.0,344.5,27.559999465942383,5.0,0.0,0.0,0.0,0.0,0.0,0.0,0.0,0.0,23.43,24.85,81.1,24.07,26.29,24.12,60.0,59.9,74.7,0.0,275.0,274.0,276.0,19.28,-4.625,19.83,619.0,1443638.0,42666.0,133431.0,-0.972,0.979,0.748,0.921,8.55,8.73,8.73,8.78,8.86,8.49,7.621,2.932,2.995,2.993,3.012,3.041,2.913,2.614,53388.0,54195.0,53646.0,53480.0,54481.0,51842.0,47172.0,,0.0,0.0,,,2.5,-1.0,13.61,0.027,0.223,3.0,2.0,0.0,0.0,25.52,25.23,25.29,28.08,24.42,31.06,25.38,25.22,25.48,37.61
2016-07-28 17:22:00-05:00,69.38174,74.13841,576499,25.34,0.0,80.6,23.79,343.4,276.6,274.7,272.8,24.71,26.25,25.78,342.7,77.56,60.15,18.200000762939453,1453338.0,344.8,26.579999923706055,5.0,0.0,0.0,0.0,0.0,0.0,0.0,0.0,0.0,23.41,24.74,77.53,22.92,25.1,23.01,60.0,59.9,74.7,0.0,274.8,274.0,275.6,18.23,-4.798,18.85,619.0,1443638.0,42666.0,133431.0,-0.967,0.979,0.748,0.921,8.04,8.26,8.29,8.31,8.38,8.04,7.26,2.76,2.835,2.847,2.855,2.877,2.763,2.493,53388.0,54195.0,53646.0,53480.0,54481.0,51842.0,47172.0,,0.0,0.0,,,2.0,-1.0,13.61,0.027,0.222,3.0,2.0,0.0,0.0,25.36,25.1,25.29,27.93,24.26,30.59,25.26,25.1,25.33,37.68
2016-07-28 17:23:00-05:00,64.03554,68.98291,576500,25.31,0.0,75.47,23.81,344.2,276.5,275.0,273.0,23.06,24.49,24.03,343.4,73.84,60.15,16.770000457763672,1453339.0,345.7,25.360000610351562,5.0,0.0,0.0,0.0,0.0,0.0,0.0,0.0,0.0,23.37,24.59,72.75,21.4,23.55,21.52,60.0,59.9,74.7,0.0,275.0,274.0,276.0,16.86,-5.032,17.59,619.0,1443638.0,42666.0,133431.0,-0.958,0.979,0.748,0.921,7.431,7.642,7.681,7.685,7.752,7.429,6.734,2.557,2.63,2.643,2.645,2.668,2.557,2.318,53388.0,54195.0,53646.0,53480.0,54481.0,51842.0,47172.0,,0.0,0.0,,,2.0,-1.0,13.61,0.027,0.222,3.0,2.0,0.0,0.0,25.24,24.96,25.18,27.79,24.13,31.0,25.14,24.94,25.17,37.71
2016-07-28 17:24:00-05:00,58.09533,63.154945,576501,25.31,0.0,69.54,23.81,344.3,276.7,274.9,272.9,21.14,22.58,22.16,343.6,68.87,60.15,15.180000305175781,1453339.0,345.8,23.65999984741211,5.0,0.0,0.0,0.0,0.0,0.0,0.0,0.0,0.0,23.41,24.45,67.27,19.7,21.81,19.85,60.0,59.9,74.7,0.0,275.0,274.0,276.0,15.27,-5.289,16.16,619.0,1443638.0,42666.0,133431.0,-0.945,0.979,0.748,0.921,6.779,6.954,6.979,6.998,7.083,6.729,6.127,2.334,2.394,2.403,2.409,2.439,2.317,2.109,53388.0,54195.0,53646.0,53480.0,54481.0,51842.0,47172.0,,0.0,0.0,,,2.0,-1.0,13.61,0.027,0.222,3.0,2.0,0.0,0.0,25.11,24.83,25.05,27.66,24.05,30.01,24.92,24.8,25.01,37.72
2016-07-28 17:25:00-05:00,52.273914,57.663216,576502,25.31,0.0,63.88,23.85,344.2,276.5,275.0,273.0,19.29,20.68,20.27,343.5,64.37,60.15,13.600000381469727,1453339.0,345.5,22.110000610351562,5.0,0.0,0.0,0.0,0.0,0.0,0.0,0.0,0.0,23.43,24.39,62.08,18.07,20.16,18.32,60.0,59.9,74.7,0.0,275.0,274.0,276.0,13.72,-5.533,14.8,619.0,1443639.0,42666.0,133431.0,-0.927,0.979,0.748,0.921,6.097,6.3,6.318,6.326,6.412,6.079,5.57,2.098,2.168,2.174,2.177,2.207,2.092,1.917,53388.0,54195.0,53646.0,53480.0,54481.0,51842.0,47172.0,,0.0,0.0,,,2.0,-1.0,13.61,0.027,0.222,3.0,2.0,0.0,0.0,25.03,24.66,24.9,27.51,24.05,29.77,24.77,24.72,24.94,37.79
2016-07-28 17:26:00-05:00,46.92772,52.956013,576503,25.31,0.0,58.97,23.95,344.0,276.6,274.9,272.9,17.64,18.97,18.56,343.3,60.46,60.14,12.1899995803833,1453340.0,345.4,20.75,5.0,0.0,0.0,0.0,0.0,0.0,0.0,0.0,0.0,23.48,24.2,57.61,16.7,18.77,16.99,60.0,59.9,74.7,0.0,275.0,274.0,276.0,12.37,-5.752,13.65,619.0,1443639.0,42666.0,133431.0,-0.907,0.979,0.748,0.921,5.551,5.728,5.723,5.77,5.853,5.482,5.053,1.909,1.97,1.969,1.985,2.013,1.885,1.738,53388.0,54195.0,53646.0,53480.0,54481.0,51842.0,47172.0,,0.0,0.0,,,2.0,-1.0,13.61,0.027,0.222,3.0,2.0,0.0,0.0,24.84,24.58,24.82,27.46,24.0,29.58,24.74,24.68,24.86,37.79
2016-07-28 17:27:00-05:00,42.41315,49.48165,576504,25.3,0.0,55.42,23.98,344.1,276.5,275.0,272.9,16.51,17.79,17.45,343.4,57.22,60.14,11.229999542236328,1453340.0,345.4,19.649999618530273,5.0,0.0,0.0,0.0,0.0,0.0,0.0,0.0,0.0,23.48,24.09,54.43,15.73,17.78,16.05,60.0,59.9,74.7,0.0,275.0,274.0,276.0,11.4,-5.914,12.84,619.0,1443639.0,42666.0,133431.0,-0.887,0.979,0.748,0.921,5.125,5.292,5.311,5.356,5.438,5.072,4.702,1.763,1.821,1.827,1.843,1.871,1.745,1.617,53388.0,54195.0,53646.0,53480.0,54481.0,51842.0,47172.0,,0.0,0.0,,,2.5,-1.0,13.61,0.027,0.222,3.0,2.0,0.0,0.0,24.74,24.51,24.73,27.35,23.75,28.55,24.57,24.54,24.78,37.75
2016-07-28 17:28:00-05:00,40.037067,47.912582,576505,25.29,0.0,53.98,23.93,343.8,276.4,275.0,272.9,16.1,17.32,16.86,343.1,56.73,60.15,10.819999694824219,1453340.0,345.2,19.459999084472656,5.0,0.0,0.0,0.0,0.0,0.0,0.0,0.0,0.0,23.47,23.95,53.2,15.38,17.38,15.68,60.0,59.9,74.7,0.0,275.0,274.0,276.0,11.01,-5.978,12.53,619.0,1443639.0,42666.0,133431.0,-0.879,0.979,0.748,0.921,4.975,5.154,5.15,5.192,5.299,4.913,4.581,1.71,1.772,1.77,1.785,1.822,1.689,1.575,53388.0,54195.0,53646.0,53480.0,54481.0,51842.0,47172.0,1.103,352.6,24.67,2.0,3.51,2.0,-1.0,13.61,0.027,0.222,3.0,2.0,0.0,0.0,24.59,24.4,24.71,27.27,23.76,29.56,24.53,24.49,24.63,37.81
2016-07-28 17:29:00-05:00,40.274673,48.92127,576506,25.28,0.0,55.22,23.96,343.6,276.5,275.0,272.9,16.51,17.79,17.42,342.9,57.4,60.14,11.220000267028809,1453340.0,345.0,19.68000030517578,5.0,0.0,0.0,0.0,0.0,0.0,0.0,0.0,0.0,23.5,23.82,54.56,15.72,17.74,16.04,60.0,59.9,74.7,0.0,274.9,274.1,275.8,11.37,-5.92,12.82,619.0,1443639.0,42666.0,133431.0,-0.887,0.979,0.748,0.921,5.142,5.312,5.299,5.326,5.464,5.062,4.703,1.767,1.825,1.821,1.83,1.877,1.739,1.616,53388.0,54195.0,53646.0,53480.0,54481.0,51842.0,47172.0,1.113,344.7,16.48,1.8,3.509,2.0,-1.0,13.61,0.027,0.222,3.0,2.0,0.0,0.0,24.43,24.34,24.66,27.18,23.72,28.9,24.42,24.36,24.52,37.91
2016-07-28 17:30:00-05:00,43.48239,52.956013,576507,25.28,0.0,59.6,23.95,343.4,276.2,275.0,272.9,17.9,19.25,18.84,342.7,61.59,60.13,12.40999984741211,1453341.0,344.9,21.110000610351562,5.0,0.0,0.0,0.0,0.0,0.0,0.0,0.0,0.0,23.46,23.73,58.89,16.93,18.97,17.17,60.0,59.9,74.7,0.0,274.9,274.0,275.7,12.57,-5.728,13.81,619.0,1443640.0,42667.0,133431.0,-0.909,0.979,0.748,0.921,5.667,5.835,5.818,5.866,6.007,5.627,5.164,1.946,2.004,1.998,2.015,2.063,1.932,1.773,53388.0,54195.0,53646.0,53480.0,54481.0,51842.0,47172.0,,0.0,0.0,,,2.0,-1.0,13.61,0.027,0.222,3.0,2.0,0.0,0.0,24.33,24.28,24.53,27.07,23.64,29.23,24.37,24.24,24.42,37.93
2016-07-28 17:31:00-05:00,50.491848,60.353043,576508,25.28,0.0,67.74,23.93,342.6,276.5,275.1,273.0,20.52,21.94,21.55,341.9,68.03,60.14,14.65999984741211,1453341.0,344.0,23.260000228881836,5.0,0.0,0.0,0.0,0.0,0.0,0.0,0.0,0.0,23.49,23.61,66.71,19.21,21.26,19.36,60.0,59.9,74.7,0.0,275.0,274.3,275.9,14.77,-5.395,15.73,619.0,1443640.0,42667.0,133431.0,-0.939,0.979,0.748,0.921,6.627,6.822,6.78,6.835,6.978,6.587,5.992,2.27,2.337,2.322,2.341,2.39,2.256,2.052,53388.0,54195.0,53646.0,53480.0,54481.0,51842.0,47172.0,,0.0,0.0,,,2.5,-1.0,13.61,0.026,0.222,3.0,2.0,0.0,0.0,24.17,24.19,24.37,27.05,23.56,28.42,24.31,24.23,24.35,37.93
2016-07-28 17:32:00-05:00,61.18424,71.00028,576509,25.28,0.0,79.27,23.96,342.3,276.6,275.4,273.3,24.21,25.7,25.32,341.7,77.63,60.14,17.809999465942383,1453341.0,343.9,26.520000457763672,5.0,0.0,0.0,0.0,0.0,0.0,0.0,0.0,0.0,23.57,23.63,77.85,22.55,24.62,22.58,60.0,59.9,74.7,0.0,275.0,274.8,276.0,17.86,-4.926,18.53,619.0,1443640.0,42667.0,133431.0,-0.963,0.979,0.748,0.921,7.984,8.19,8.15,8.2,8.33,7.951,7.168,2.733,2.804,2.79,2.808,2.851,2.722,2.453,53388.0,54195.0,53646.0,53480.0,54481.0,51842.0,47172.0,1.295,10.21,16.81,1.8,3.512,2.0,-1.0,13.61,0.026,0.222,3.0,2.0,0.0,0.0,24.17,24.16,24.25,26.97,23.48,28.36,24.27,24.21,24.35,37.91
2016-07-28 17:33:00-05:00,73.302284,82.88036,576510,25.28,0.0,91.7,23.9,342.0,276.7,275.5,273.3,28.41,29.91,29.52,341.2,87.9,60.15,21.329999923706055,1453342.0,343.1,29.969999313354492,5.0,0.0,0.0,0.0,0.0,0.0,0.0,0.0,0.0,23.53,23.67,89.9,26.45,28.53,26.36,60.0,59.9,74.7,0.0,275.0,274.8,276.0,21.32,-4.396,21.77,619.0,1443640.0,42667.0,133431.0,-0.979,0.979,0.748,0.921,9.51,9.71,9.67,9.71,9.85,9.46,8.46,3.251,3.322,3.307,3.322,3.369,3.236,2.894,53388.0,54195.0,53646.0,53480.0,54481.0,51842.0,47172.0,,0.0,0.0,,,2.0,-1.0,13.61,0.026,0.223,3.0,2.0,0.0,0.0,24.22,24.2,24.27,26.97,23.51,28.53,24.28,24.23,24.35,37.93
2016-07-28 17:34:00-05:00,87.08359,95.8812,576511,25.28,0.0,105.6,23.88,341.5,277.2,275.6,273.4,33.0,34.54,34.1,341.2,99.1,60.14,25.209999084472656,1453342.0,342.0,33.79999923706055,5.0,0.0,0.0,0.0,0.0,0.0,0.0,0.0,0.0,23.54,23.75,102.8,30.71,32.83,30.58,60.0,59.9,74.7,0.0,275.0,274.9,276.0,25.05,-3.818,25.34,619.0,1443641.0,42667.0,133431.0,-0.988,0.979,0.748,0.921,11.13,11.34,11.29,11.35,11.48,11.08,9.86,3.8,3.874,3.856,3.875,3.922,3.785,3.368,53388.0,54195.0,53646.0,53480.0,54481.0,51842.0,47172.0,1.603,0.702,9.3,2.6,3.51,2.0,-1.0,13.61,0.026,0.223,3.0,2.0,0.0,0.0,24.35,24.21,24.38,27.06,23.66,29.13,24.39,24.24,24.4,37.93
2016-07-28 17:35:00-05:00,101.696526,108.99412,576512,25.28,0.0,119.2,23.87,341.4,276.5,275.1,273.0,37.55,39.13,38.72,340.5,110.4,60.22,29.0,1453342.0,342.9,37.61000061035156,5.0,0.0,0.0,0.0,0.0,0.0,0.0,0.0,0.0,23.52,23.82,115.6,35.08,37.23,34.92,60.0,59.9,74.7,0.0,275.0,274.0,275.6,28.75,-3.233,28.93,619.0,1443641.0,42667.0,133431.0,-0.994,0.979,0.748,0.921,12.71,12.95,12.89,12.93,13.11,12.69,11.25,4.341,4.421,4.402,4.414,4.474,4.331,3.839,53388.0,54195.0,53646.0,53480.0,54481.0,51842.0,47172.0,1.01,21.82,24.71,1.6,3.51,2.0,-1.0,13.61,0.026,0.223,3.0,2.0,0.0,0.0,24.43,24.31,24.55,27.14,23.79,29.44,24.56,24.36,24.5,37.93
2016-07-28 17:36:00-05:00,116.19065,121.210434,576513,25.27,0.0,131.7,23.89,341.1,277.3,275.7,273.6,41.65,43.24,42.86,340.6,120.9,60.19,32.540000915527344,1453343.0,343.3,41.16999816894531,5.0,0.0,0.0,0.0,0.0,0.0,0.0,0.0,0.0,23.56,24.0,127.7,39.03,41.21,38.87,60.0,59.9,74.7,0.0,275.2,274.9,276.0,32.19,-2.721,32.3,619.0,1443642.0,42667.0,133431.0,-0.996,0.979,0.748,0.921,14.24,14.45,14.39,14.47,14.62,14.16,12.53,4.858,4.927,4.907,4.934,4.987,4.83,4.275,53388.0,54195.0,53646.0,53480.0,54481.0,51842.0,47172.0,,0.0,0.0,,,2.0,-1.0,13.61,0.026,0.223,3.0,2.0,0.0,0.0,24.59,24.44,24.74,27.34,23.84,29.78,24.71,24.58,24.65,37.91
2016-07-28 17:37:00-05:00,129.02153,131.85768,576514,25.25,0.0,142.4,23.88,341.4,277.3,276.2,274.0,45.17,46.68,46.38,340.5,129.7,60.15,35.5,1453344.0,343.2,44.18000030517578,5.0,0.0,0.0,0.0,0.0,0.0,0.0,0.0,0.0,23.56,24.16,137.9,42.45,44.65,42.28,60.0,59.9,74.7,0.0,275.8,275.0,276.1,35.11,-2.283,35.18,619.0,1443642.0,42667.0,133431.0,-0.998,0.979,0.748,0.921,15.49,15.71,15.68,15.7,15.82,15.44,13.62,5.286,5.361,5.351,5.361,5.399,5.271,4.65,53388.0,54195.0,53646.0,53480.0,54481.0,51842.0,47172.0,,0.0,0.0,,,2.0,-1.0,13.61,0.026,0.223,3.0,2.0,0.0,0.0,24.78,24.6,24.91,27.56,24.05,30.76,24.98,24.76,24.81,37.93
2016-07-28 17:38:00-05:00,139.59512,139.92717,576515,25.25,0.0,150.2,23.94,342.7,277.5,276.2,273.9,47.86,49.37,49.08,341.9,135.6,60.14,37.779998779296875,1453344.0,344.2,46.36000061035156,5.0,0.0,0.0,0.0,0.0,0.0,0.0,0.0,0.0,23.66,24.41,145.1,45.06,47.26,44.9,60.0,59.9,74.7,0.0,276.0,275.0,276.1,37.31,-1.934,37.36,619.0,1443643.0,42667.0,133431.0,-0.999,0.979,0.748,0.921,16.39,16.57,16.59,16.63,16.7,16.32,14.38,5.619,5.679,5.685,5.698,5.723,5.594,4.929,53388.0,54195.0,53646.0,53480.0,54481.0,51842.0,47172.0,,0.0,0.0,,,2.0,-1.0,13.61,0.026,0.223,3.0,2.0,0.0,0.0,25.08,24.83,25.15,27.79,24.19,30.94,25.19,25.0,24.99,37.91
2016-07-28 17:39:00-05:00,145.17891,143.17737,576516,25.25,0.0,153.2,23.92,345.0,277.8,276.0,273.8,48.89,50.4,50.12,344.0,137.4,60.15,38.630001068115234,1453345.0,346.3,47.2400016784668,5.0,0.0,0.0,0.0,0.0,0.0,0.0,0.0,0.0,23.55,24.71,147.7,46.08,48.26,45.91,60.0,59.9,74.7,0.0,276.0,275.0,276.0,38.16,-1.817,38.2,619.0,1443644.0,42667.0,133431.0,-0.999,0.979,0.748,0.921,16.62,16.83,16.83,16.86,16.91,16.57,14.58,5.735,5.806,5.807,5.816,5.833,5.716,5.029,53388.0,54195.0,53646.0,53480.0,54481.0,51842.0,47172.0,,0.0,0.0,,,2.0,-1.0,13.61,0.026,0.223,3.0,2.0,0.0,0.0,25.39,25.03,25.28,27.92,24.23,29.44,25.21,25.06,25.17,37.93
2016-07-28 17:40:00-05:00,143.75327,139.703,576517,25.25,0.0,149.0,23.92,347.4,277.7,275.9,273.7,47.49,48.97,48.69,346.6,133.2,60.14,37.43000030517578,1453346.0,348.7,46.150001525878906,5.0,0.0,0.0,0.0,0.0,0.0,0.0,0.0,0.0,23.54,24.86,143.6,44.71,46.86,44.53,60.0,59.9,74.7,0.0,275.9,275.0,276.0,36.98,-2.003,37.04,619.0,1443644.0,42667.0,133431.0,-0.999,0.979,0.748,0.921,16.01,16.22,16.22,16.22,16.3,15.97,14.03,5.559,5.634,5.634,5.632,5.66,5.547,4.873,53388.0,54195.0,53646.0,53480.0,54481.0,51842.0,47172.0,,0.0,0.0,,,2.0,-1.0,13.61,0.026,0.223,3.0,2.0,0.0,0.0,25.54,25.17,25.41,28.08,24.25,30.1,25.38,25.22,25.3,37.81
2016-07-28 17:41:00-05:00,132.70447,128.15916,576518,25.25,0.0,136.4,23.97,350.1,277.3,275.9,273.8,43.17,44.63,44.34,349.0,121.9,60.14,33.779998779296875,1453346.0,350.6,42.529998779296875,5.0,0.0,0.0,0.0,0.0,0.0,0.0,0.0,0.0,23.65,24.88,131.5,40.52,42.63,40.31,60.0,59.9,74.7,0.0,275.5,275.0,276.0,33.43,-2.539,33.53,619.0,1443645.0,42667.0,133431.0,-0.997,0.979,0.748,0.921,14.37,14.54,14.53,14.58,14.65,14.3,12.56,5.031,5.09,5.085,5.104,5.126,5.004,4.396,53388.0,54195.0,53646.0,53480.0,54481.0,51842.0,47172.0,0.745,88.7,32.46,1.7,3.512,2.0,-1.0,13.61,0.026,0.223,3.0,2.0,0.0,0.0,25.59,25.22,25.53,28.18,24.36,30.59,25.48,25.31,25.38,37.79
2016-07-28 17:42:00-05:00,113.45815,109.89073,576519,25.26,0.0,117.3,24.01,351.9,277.2,275.7,273.6,36.63,38.11,37.78,351.5,105.3,60.14,28.260000228881836,1453347.0,352.4,37.0099983215332,5.0,0.0,0.0,0.0,0.0,0.0,0.0,0.0,0.0,23.67,25.03,113.5,34.2,36.29,33.99,60.0,59.9,74.7,0.0,275.1,275.0,276.0,28.05,-3.329,28.25,619.0,1443645.0,42667.0,133431.0,-0.993,0.979,0.748,0.921,12.02,12.17,12.22,12.23,12.25,11.98,10.56,4.229,4.28,4.298,4.304,4.311,4.215,3.716,53388.0,54195.0,53646.0,53480.0,54481.0,51842.0,47172.0,,0.0,0.0,,,2.0,-1.0,13.61,0.026,0.223,3.0,2.0,0.0,0.0,25.68,25.3,25.59,28.25,24.26,29.62,25.44,25.32,25.49,37.71
2016-07-28 17:43:00-05:00,93.38022,91.62231,576520,25.28,0.0,98.4,23.93,349.6,277.3,275.6,273.5,30.54,31.98,31.6,349.1,90.9,60.15,23.110000610351562,1453347.0,351.1,31.729999542236328,5.0,0.0,0.0,0.0,0.0,0.0,0.0,0.0,0.0,23.55,24.95,95.7,28.34,30.46,28.21,60.0,59.9,74.7,0.0,275.1,275.0,276.0,23.03,-4.081,23.39,619.0,1443646.0,42667.0,133431.0,-0.984,0.979,0.748,0.921,9.96,10.13,10.18,10.19,10.21,9.94,8.83,3.483,3.54,3.56,3.561,3.569,3.476,3.086,53388.0,54195.0,53646.0,53480.0,54481.0,51842.0,47172.0,,0.0,0.0,,,3.0,-1.0,13.61,0.026,0.223,3.0,2.0,0.0,0.0,25.62,25.28,25.51,28.25,24.24,29.91,25.42,25.2,25.43,37.66
2016-07-28 17:44:00-05:00,76.98522,77.27655,576521,25.28,0.0,83.8,23.95,346.7,277.0,275.8,273.7,25.88,27.29,26.89,345.7,79.86,60.16,19.190000534057617,1453348.0,348.3,27.610000610351562,5.0,0.0,0.0,0.0,0.0,0.0,0.0,0.0,0.0,23.64,24.81,81.4,23.93,26.07,23.93,60.0,59.9,74.7,0.0,275.3,275.0,276.0,19.17,-4.676,19.74,619.0,1443646.0,42667.0,133431.0,-0.971,0.979,0.748,0.921,8.42,8.61,8.6,8.6,8.68,8.42,7.483,2.918,2.984,2.981,2.982,3.008,2.918,2.594,53388.0,54195.0,53646.0,53480.0,54481.0,51842.0,47172.0,,0.0,0.0,,,2.0,-1.0,13.61,0.026,0.222,3.0,2.0,0.0,0.0,25.47,25.2,25.46,28.21,24.35,29.95,25.39,25.17,25.35,37.58
2016-07-28 17:45:00-05:00,63.322716,65.39647,576522,25.29,0.0,71.89,23.98,345.8,277.0,275.6,273.6,22.03,23.39,23.0,345.7,70.35,60.14,15.930000305175781,1453348.0,346.8,24.31999969482422,5.0,0.0,0.0,0.0,0.0,0.0,0.0,0.0,0.0,23.64,24.66,69.72,20.34,22.51,20.46,60.0,59.9,74.7,0.0,275.2,275.0,276.0,15.94,-5.148,16.75,619.0,1443646.0,42667.0,133431.0,-0.951,0.979,0.748,0.921,7.043,7.217,7.227,7.255,7.332,7.042,6.31,2.435,2.496,2.499,2.509,2.535,2.435,2.182,53388.0,54195.0,53646.0,53480.0,54481.0,51842.0,47172.0,,0.0,0.0,,,2.0,-1.0,13.61,0.025,0.222,3.0,2.0,0.0,0.0,25.29,25.09,25.33,28.1,24.26,29.12,25.22,25.07,25.25,37.52
2016-07-28 17:46:00-05:00,51.561085,55.309612,576523,25.31,0.0,61.36,24.0,345.1,277.0,275.7,273.5,18.58,19.83,19.45,345.0,61.52,60.12,12.979999542236328,1453348.0,346.5,21.219999313354492,5.0,0.0,0.0,0.0,0.0,0.0,0.0,0.0,0.0,23.6,24.5,59.5,17.3,19.47,17.58,60.0,59.9,74.7,0.0,275.3,275.0,276.0,13.09,-5.577,14.23,619.0,1443647.0,42668.0,133431.0,-0.919,0.979,0.748,0.921,5.864,6.022,5.991,6.061,6.135,5.813,5.243,2.023,2.078,2.067,2.091,2.117,2.006,1.809,53388.0,54195.0,53646.0,53480.0,54481.0,51842.0,47172.0,,0.0,0.0,,,2.0,-1.0,13.61,0.025,0.222,3.0,2.0,0.0,0.0,25.1,24.94,25.23,27.93,24.1,29.44,25.08,24.91,25.09,37.41
2016-07-28 17:47:00-05:00,42.65076,47.57635,576524,25.31,0.0,53.3,23.98,344.0,277.3,275.6,273.4,16.03,17.09,16.77,343.6,54.94,60.14,10.75,1453348.0,345.2,18.8700008392334,5.0,0.0,0.0,0.0,0.0,0.0,0.0,0.0,0.0,23.59,24.3,51.7,15.13,17.23,15.5,60.0,59.9,74.7,0.0,275.4,275.0,276.0,10.91,-5.921,12.42,619.0,1443647.0,42668.0,133431.0,-0.878,0.979,0.748,0.921,4.953,5.089,5.106,5.139,5.202,4.93,4.493,1.704,1.751,1.757,1.768,1.789,1.696,1.545,53388.0,54195.0,53646.0,53480.0,54481.0,51842.0,47172.0,,0.0,0.0,,,2.0,-1.0,13.61,0.025,0.222,3.0,2.0,0.0,0.0,24.9,24.78,25.11,27.82,23.98,29.18,24.91,24.8,24.97,37.37
2016-07-28 17:48:00-05:00,37.06696,43.31746,576525,25.31,0.0,48.66,23.97,343.5,277.0,275.7,273.6,14.47,15.38,15.23,343.2,51.39,60.14,9.40999984741211,1453349.0,345.0,17.639999389648438,5.0,0.0,0.0,0.0,0.0,0.0,0.0,0.0,0.0,23.62,24.19,47.23,13.93,15.96,14.34,60.0,59.9,74.7,0.0,275.6,275.0,276.0,9.65,-6.102,11.42,619.0,1443647.0,42668.0,133431.0,-0.845,0.979,0.748,0.921,4.437,4.563,4.574,4.594,4.693,4.425,4.061,1.524,1.567,1.571,1.578,1.612,1.52,1.395,53388.0,54195.0,53646.0,53480.0,54481.0,51842.0,47172.0,,0.0,0.0,,,2.0,-1.0,13.61,0.025,0.222,3.0,2.0,0.0,0.0,24.77,24.65,24.95,27.64,23.85,28.69,24.75,24.62,24.81,37.26
2016-07-28 17:49:00-05:00,34.809673,41.972546,576526,25.31,0.0,47.24,23.98,343.5,277.1,275.6,273.5,13.83,14.96,14.57,343.1,49.35,60.15,8.920000076293945,1453349.0,344.8,16.93000030517578,5.0,0.0,0.0,0.0,0.0,0.0,0.0,0.0,0.0,23.58,24.07,45.79,13.51,15.57,13.99,60.0,59.9,74.7,0.0,275.6,275.0,276.0,9.23,-6.166,11.1,619.0,1443647.0,42668.0,133431.0,-0.831,0.979,0.748,0.921,4.258,4.402,4.4,4.424,4.512,4.233,3.907,1.462,1.512,1.511,1.519,1.55,1.454,1.342,53388.0,54195.0,53646.0,53480.0,54481.0,51842.0,47172.0,,0.0,0.0,,,2.5,-1.0,13.61,0.025,0.222,3.0,2.0,0.0,0.0,24.66,24.57,24.84,27.53,23.84,28.72,24.66,24.58,24.69,37.18
2016-07-28 17:50:00-05:00,34.215652,41.972546,576527,25.29,0.0,47.18,23.98,343.8,277.4,275.8,273.6,13.81,14.81,14.56,343.4,49.13,60.15,8.880000114440918,1453349.0,345.7,16.8700008392334,5.0,0.0,0.0,0.0,0.0,0.0,0.0,0.0,0.0,23.67,23.95,45.55,13.49,15.51,13.96,60.0,59.9,74.7,0.0,276.0,275.0,276.1,9.2,-6.175,11.08,619.0,1443647.0,42668.0,133431.0,-0.83,0.979,0.748,0.921,4.238,4.383,4.356,4.386,4.519,4.192,3.874,1.457,1.507,1.498,1.508,1.554,1.441,1.332,53388.0,54195.0,53646.0,53480.0,54481.0,51842.0,47172.0,,0.0,0.0,,,2.0,-1.0,13.61,0.025,0.222,3.0,2.0,0.0,0.0,24.51,24.47,24.76,27.4,23.76,28.19,24.45,24.41,24.56,37.12
2016-07-28 17:51:00-05:00,33.740437,41.52424,576528,25.28,0.0,46.62,24.04,344.1,277.3,275.8,273.6,13.69,14.6,14.39,343.5,49.03,60.15,8.739999771118164,1453349.0,345.5,16.84000015258789,5.0,0.0,0.0,0.0,0.0,0.0,0.0,0.0,0.0,23.66,23.89,44.84,13.41,15.39,13.88,60.0,59.9,74.7,0.0,276.0,275.0,276.0,9.07,-6.217,11.0,619.0,1443647.0,42668.0,133431.0,-0.825,0.979,0.748,0.921,4.183,4.323,4.291,4.328,4.433,4.139,3.797,1.439,1.487,1.476,1.489,1.525,1.424,1.306,53388.0,54195.0,53646.0,53480.0,54481.0,51842.0,47172.0,,0.0,0.0,,,2.0,-1.0,13.61,0.025,0.222,3.0,2.0,0.0,0.0,24.49,24.32,24.58,27.22,23.51,27.55,24.26,24.21,24.42,37.05
2016-07-28 17:52:00-05:00,32.79,40.403477,576529,25.28,0.0,45.35,24.05,344.4,277.6,275.9,273.7,13.36,14.23,14.09,343.7,48.78,60.14,8.460000038146973,1453349.0,345.9,16.770000457763672,5.0,0.0,0.0,0.0,0.0,0.0,0.0,0.0,0.0,23.71,23.83,43.7,13.1,15.09,13.61,60.0,59.9,74.7,0.0,276.0,275.1,276.5,8.73,-6.295,10.76,619.0,1443648.0,42668.0,133431.0,-0.811,0.979,0.748,0.921,4.022,4.131,4.147,4.207,4.269,3.98,3.683,1.385,1.423,1.428,1.449,1.47,1.37,1.268,53388.0,54195.0,53646.0,53480.0,54481.0,51842.0,47172.0,0.807,44.23,29.27,1.4,3.512,2.0,-1.0,13.61,0.025,0.222,3.0,2.0,0.0,0.0,24.4,24.27,24.43,27.05,23.41,27.06,24.16,24.12,24.3,37.11
2016-07-28 17:53:00-05:00,31.364347,39.05856,576530,25.27,0.0,43.84,24.03,344.4,277.4,276.0,273.7,12.79,13.72,13.45,343.9,47.96,60.14,7.991000175476074,1453350.0,345.7,16.489999771118164,5.0,0.0,0.0,0.0,0.0,0.0,0.0,0.0,0.0,23.7,23.78,42.2,12.76,14.76,13.31,60.0,59.9,74.7,0.0,276.0,275.0,276.3,8.35,-6.353,10.49,619.0,1443648.0,42668.0,133431.0,-0.796,0.979,0.748,0.921,3.856,3.973,3.967,3.992,4.109,3.814,3.545,1.328,1.368,1.366,1.375,1.415,1.314,1.221,53388.0,54195.0,53646.0,53480.0,54481.0,51842.0,47172.0,0.89,16.94,42.21,1.7,3.51,2.0,-1.0,13.61,0.025,0.222,3.0,2.0,0.0,0.0,24.33,24.23,24.41,26.97,23.46,27.76,24.1,24.05,24.24,37.11
2016-07-28 17:54:00-05:00,30.176306,37.713646,576531,25.25,0.0,42.48,23.98,344.8,277.4,276.0,273.8,12.49,13.28,13.11,344.1,46.3,60.15,7.690000057220459,1453350.0,346.3,15.930000305175781,5.0,0.0,0.0,0.0,0.0,0.0,0.0,0.0,0.0,23.62,23.66,40.82,12.44,14.44,13.0,60.0,59.9,74.7,0.0,276.0,275.1,276.8,7.959,-6.431,10.23,619.0,1443648.0,42668.0,133431.0,-0.778,0.979,0.748,0.921,3.685,3.821,3.799,3.832,3.919,3.669,3.398,1.271,1.318,1.31,1.321,1.351,1.265,1.172,53388.0,54195.0,53646.0,53480.0,54481.0,51842.0,47172.0,,0.0,0.0,,,2.5,-1.0,13.61,0.025,0.222,3.0,2.0,0.0,0.0,24.23,24.11,24.34,26.97,23.46,28.0,24.13,24.05,24.16,37.14
2016-07-28 17:55:00-05:00,29.225868,36.817036,576532,25.22,0.0,41.39,24.0,344.5,277.4,275.9,273.7,12.03,12.94,12.56,343.8,45.37,60.14,7.304999828338623,1453350.0,345.8,15.600000381469727,5.0,0.0,0.0,0.0,0.0,0.0,0.0,0.0,0.0,23.7,23.63,39.78,12.2,14.22,12.82,60.0,59.9,74.7,0.0,276.0,275.0,276.4,7.69,-6.468,10.05,619.0,1443648.0,42668.0,133431.0,-0.765,0.979,0.748,0.921,3.58,3.728,3.704,3.715,3.825,3.562,3.3,1.233,1.284,1.276,1.28,1.318,1.227,1.137,53388.0,54195.0,53646.0,53480.0,54481.0,51842.0,47172.0,,0.0,0.0,,,2.0,-1.0,13.61,0.025,0.222,3.0,2.0,0.0,0.0,24.15,24.06,24.27,26.94,23.45,28.55,24.07,24.03,24.16,37.14
2016-07-28 17:56:00-05:00,29.107065,36.817036,576533,25.22,0.0,41.34,23.95,344.7,276.6,275.2,273.1,11.97,12.84,12.48,343.7,45.32,60.14,7.209000110626221,1453350.0,346.2,15.579999923706055,5.0,0.0,0.0,0.0,0.0,0.0,0.0,0.0,0.0,23.57,23.57,39.61,12.16,14.19,12.78,60.0,59.9,74.7,0.0,275.1,274.5,276.1,7.628,-6.465,10.0,619.0,1443648.0,42669.0,133431.0,-0.763,0.979,0.748,0.921,3.593,3.684,3.662,3.737,3.826,3.498,3.259,1.238,1.27,1.262,1.288,1.319,1.206,1.123,53388.0,54195.0,53646.0,53480.0,54481.0,51842.0,47172.0,1.25,53.49,21.31,2.0,3.512,2.0,-1.0,13.61,0.025,0.222,3.0,2.0,0.0,0.0,24.12,24.03,24.22,26.88,23.46,27.99,23.99,23.96,24.06,37.11
2016-07-28 17:57:00-05:00,30.057499,37.825726,576534,25.22,0.0,42.39,23.92,344.9,276.9,275.0,272.9,12.4,13.22,12.99,344.0,46.67,60.16,7.581999778747559,1453350.0,345.7,16.049999237060547,5.0,0.0,0.0,0.0,0.0,0.0,0.0,0.0,0.0,23.56,23.54,40.37,12.4,14.4,12.98,60.0,59.9,74.7,0.0,275.0,274.7,276.0,7.889,-6.436,10.18,619.0,1443648.0,42669.0,133431.0,-0.775,0.979,0.748,0.921,3.683,3.798,3.786,3.821,3.893,3.655,3.354,1.27,1.31,1.306,1.318,1.343,1.26,1.157,53388.0,54195.0,53646.0,53480.0,54481.0,51842.0,47172.0,,0.0,0.0,,,2.5,-1.0,13.61,0.025,0.222,3.0,2.0,0.0,0.0,24.09,24.0,24.14,26.83,23.45,27.75,23.95,23.9,24.01,37.19
2016-07-28 17:58:00-05:00,31.48315,39.28271,576535,25.21,0.0,43.53,23.89,344.4,276.6,275.1,273.0,12.62,13.5,13.37,343.5,48.34,60.14,7.828000068664551,1453350.0,346.0,16.600000381469727,5.0,0.0,0.0,0.0,0.0,0.0,0.0,0.0,0.0,23.54,23.52,41.26,12.74,14.68,13.27,60.0,59.9,74.7,0.0,275.0,274.4,275.9,8.24,-6.4,10.43,619.0,1443648.0,42669.0,133431.0,-0.79,0.979,0.748,0.921,3.808,3.946,3.942,3.935,4.048,3.807,3.509,1.312,1.359,1.358,1.355,1.394,1.311,1.209,53388.0,54195.0,53646.0,53480.0,54481.0,51842.0,47172.0,0.928,28.48,35.3,1.7,3.51,2.0,-1.0,13.61,0.025,0.222,3.0,2.0,0.0,0.0,24.07,23.92,24.14,26.78,23.47,27.65,23.95,23.85,23.96,37.21
2016-07-28 17:59:00-05:00,32.31478,39.95517,576536,25.19,0.0,44.09,23.9,344.8,276.7,275.1,273.0,12.63,13.72,13.38,343.9,48.64,60.15,7.8979997634887695,1453351.0,346.2,16.729999542236328,5.0,0.0,0.0,0.0,0.0,0.0,0.0,0.0,0.0,23.53,23.49,41.53,12.88,14.8,13.38,60.0,59.9,74.7,0.0,275.0,274.6,276.0,8.37,-6.386,10.53,619.0,1443648.0,42669.0,133431.0,-0.795,0.979,0.748,0.921,3.869,4.001,3.989,4.015,4.111,3.865,3.551,1.334,1.379,1.375,1.384,1.417,1.333,1.224,53388.0,54195.0,53646.0,53480.0,54481.0,51842.0,47172.0,,0.0,0.0,,,2.0,-1.0,13.61,0.025,0.222,3.0,2.0,0.0,0.0,24.02,23.84,24.12,26.78,23.44,27.75,23.92,23.84,23.96,37.24
2016-07-28 18:00:00-05:00,32.19598,39.506866,576537,25.19,0.0,43.21,23.94,345.1,276.8,275.3,273.2,12.49,13.39,13.19,344.2,48.05,60.15,7.7170000076293945,1453351.0,346.4,16.540000915527344,5.0,0.0,0.0,0.0,0.0,0.0,0.0,0.0,0.0,23.59,23.51,40.68,12.66,14.62,13.2,60.0,59.9,74.7,0.0,275.0,275.0,276.0,8.15,-6.428,10.38,619.0,1443649.0,42669.0,133431.0,-0.785,0.979,0.748,0.921,3.781,3.907,3.889,3.908,3.996,3.765,3.452,1.305,1.348,1.342,1.348,1.379,1.299,1.191,53388.0,54195.0,53646.0,53480.0,54481.0,51842.0,47172.0,0.933,42.86,33.93,1.9,3.51,2.0,-1.0,13.61,0.025,0.222,3.0,2.0,0.0,0.0,24.04,23.84,24.14,26.78,23.47,27.81,23.97,23.84,23.96,37.24
2016-07-28 18:01:00-05:00,30.770327,37.825726,576538,25.16,0.0,41.07,23.88,345.2,276.9,275.2,273.1,11.82,12.78,12.57,344.4,45.85,60.15,7.177000045776367,1453351.0,346.6,15.789999961853027,5.0,0.0,0.0,0.0,0.0,0.0,0.0,0.0,0.0,23.55,23.51,38.62,12.17,14.16,12.76,60.0,59.9,74.7,0.0,275.0,275.0,276.0,7.568,-6.511,9.99,619.0,1443649.0,42669.0,133431.0,-0.757,0.979,0.748,0.921,3.557,3.634,3.642,3.687,3.725,3.501,3.212,1.227,1.254,1.257,1.273,1.286,1.208,1.108,53388.0,54195.0,53646.0,53480.0,54481.0,51842.0,47172.0,,0.0,0.0,,,2.0,-1.0,13.61,0.025,0.222,3.0,2.0,0.0,0.0,24.02,23.84,24.28,26.78,23.48,28.0,23.94,23.89,23.96,37.22
2016-07-28 18:02:00-05:00,28.275436,35.02382,576539,25.16,0.0,37.98,23.94,345.3,276.7,275.4,273.3,10.77,11.66,11.5,344.6,43.89,60.14,6.2829999923706055,1453351.0,346.7,15.119999885559082,5.0,0.0,0.0,0.0,0.0,0.0,0.0,0.0,0.0,23.59,23.48,35.69,11.49,13.46,12.17,60.0,59.9,74.7,0.0,275.0,275.0,276.0,6.714,-6.639,9.45,619.0,1443649.0,42669.0,133431.0,-0.71,0.979,0.748,0.921,3.17,3.263,3.285,3.305,3.351,3.153,2.909,1.095,1.127,1.134,1.141,1.157,1.089,1.004,53388.0,54195.0,53646.0,53480.0,54481.0,51842.0,47172.0,,0.0,0.0,,,2.0,-1.0,13.61,0.025,0.222,3.0,2.0,0.0,0.0,24.02,23.84,24.24,26.76,23.45,28.48,23.89,23.84,23.96,37.24
2016-07-28 18:03:00-05:00,25.186523,31.661531,576540,25.16,0.0,34.42,23.97,345.4,276.6,275.3,273.2,9.84,10.37,10.32,344.8,40.94,60.14,5.326000213623047,1453351.0,346.8,14.109999656677246,5.0,0.0,0.0,0.0,0.0,0.0,0.0,0.0,0.0,23.63,23.47,32.33,10.86,12.74,11.58,60.0,59.9,74.7,0.0,275.0,274.9,276.0,5.767,-6.757,8.89,619.0,1443649.0,42669.0,133431.0,-0.649,0.979,0.748,0.921,2.777,2.874,2.894,2.922,2.958,2.764,2.553,0.959,0.992,1.0,1.009,1.021,0.955,0.882,53388.0,54195.0,53646.0,53480.0,54481.0,51842.0,47172.0,,0.0,0.0,,,2.0,-1.0,13.61,0.025,0.222,3.0,2.0,0.0,0.0,23.96,23.84,24.3,26.78,23.47,28.54,23.86,23.88,23.92,37.28
2016-07-28 18:04:00-05:00,22.572826,28.859625,576541,25.16,0.0,31.53,24.01,355.3,276.8,275.4,273.2,6.256,6.593,6.668,354.1,26.85,60.15,3.2130000591278076,1453351.0,356.0,9.25,4.699999809265137,0.0,0.0,0.0,0.0,0.0,0.0,0.0,0.0,23.65,23.45,29.49,10.75,12.05,11.24,60.0,59.9,74.7,0.0,275.0,275.0,276.0,3.36,-7.466,8.6,619.0,1443649.0,42669.0,133431.0,-0.396,0.979,0.748,0.921,1.64,1.761,1.798,1.807,1.803,1.643,1.587,0.565,0.608,0.622,0.625,0.623,0.566,0.549,53388.0,54195.0,53646.0,53480.0,54481.0,51842.0,47172.0,,0.0,0.0,,,2.0,-1.0,13.61,0.025,0.222,3.0,2.0,0.0,0.0,23.93,23.81,24.34,26.78,23.5,28.77,23.91,23.88,23.86,37.34
2016-07-28 18:05:00-05:00,20.671957,27.178484,576542,25.14,0.0,29.79,23.97,357.6,277.1,275.2,273.2,5.13,5.089,5.105,357.4,21.72,60.15,2.4149999618530273,1453351.0,359.3,7.491000175476074,4.583000183105469,0.0,0.0,0.0,0.0,0.0,0.0,0.0,0.0,23.58,23.41,27.78,10.73,11.84,11.15,60.0,59.9,74.7,0.0,275.1,275.0,276.0,2.498,-7.707,8.48,619.0,1443649.0,42670.0,133431.0,-0.304,0.979,0.748,0.921,1.282,1.437,1.453,1.45,1.477,1.305,1.271,0.441,0.497,0.503,0.502,0.511,0.45,0.44,53388.0,54195.0,53646.0,53480.0,54481.0,51842.0,47172.0,,0.0,0.0,,,2.0,-1.0,13.61,0.025,0.221,3.0,2.0,0.0,0.0,23.93,23.77,24.38,26.74,23.52,28.84,23.85,23.88,23.86,37.34
2016-07-28 18:06:00-05:00,19.365108,26.281872,576543,25.13,0.0,28.99,23.96,355.6,277.0,275.4,273.3,5.559,5.619,5.664,354.9,24.05,60.13,2.627000093460083,1453351.0,356.8,8.279999732971191,4.650000095367432,0.0,0.0,0.0,0.0,0.0,0.0,0.0,0.0,23.58,23.4,27.0,10.55,11.76,11.05,60.0,59.9,74.7,0.0,275.2,275.0,276.0,2.621,-7.61,8.38,619.0,1443649.0,42670.0,133431.0,-0.324,0.979,0.748,0.921,1.363,1.477,1.491,1.53,1.524,1.339,1.295,0.469,0.51,0.515,0.529,0.526,0.461,0.447,53388.0,54195.0,53646.0,53480.0,54481.0,51842.0,47172.0,0.653,60.62,33.71,1.2,3.51,2.0,-1.0,13.61,0.025,0.222,3.0,2.0,0.0,0.0,23.93,23.74,24.37,26.7,23.47,28.34,23.85,23.81,23.8,37.34
2016-07-28 18:07:00-05:00,18.53348,26.057718,576544,25.13,0.0,28.87,23.97,355.6,276.9,275.5,273.4,5.421,5.619,5.692,354.8,24.08,60.14,2.5980000495910645,1453351.0,357.0,8.289999961853027,4.650000095367432,0.0,0.0,0.0,0.0,0.0,0.0,0.0,0.0,23.6,23.41,26.77,10.52,11.75,11.04,60.0,59.9,74.7,0.0,275.3,275.0,276.0,2.581,-7.613,8.36,619.0,1443649.0,42670.0,133431.0,-0.32,0.979,0.748,0.921,1.335,1.432,1.475,1.492,1.508,1.333,1.271,0.459,0.494,0.51,0.516,0.521,0.459,0.439,53388.0,54195.0,53646.0,53480.0,54481.0,51842.0,47172.0,,0.0,0.0,,,2.0,-1.0,13.61,0.025,0.221,3.0,2.0,0.0,0.0,23.93,23.72,24.35,26.68,23.42,28.02,23.82,23.8,23.77,37.34
2016-07-28 18:08:00-05:00,18.177065,26.057718,576545,25.12,0.0,28.88,23.97,355.8,277.3,275.5,273.4,5.559,5.592,5.664,355.1,24.06,60.14,2.621000051498413,1453352.0,357.2,8.289999961853027,4.650000095367432,0.0,0.0,0.0,0.0,0.0,0.0,0.0,0.0,23.62,23.43,27.07,10.54,11.75,11.05,60.0,59.9,74.7,0.0,275.7,275.0,276.0,2.624,-7.614,8.39,619.0,1443649.0,42670.0,133431.0,-0.324,0.979,0.748,0.921,1.36,1.471,1.514,1.483,1.513,1.361,1.31,0.468,0.508,0.524,0.512,0.523,0.469,0.453,53388.0,54195.0,53646.0,53480.0,54481.0,51842.0,47172.0,0.878,7.461,38.7,1.8,3.512,2.0,-1.0,13.61,0.025,0.222,3.0,2.0,0.0,0.0,23.93,23.68,24.22,26.67,23.44,28.28,23.8,23.83,23.77,37.34
2016-07-28 18:09:00-05:00,18.177065,26.057718,576546,25.1,0.0,28.87,23.91,358.7,277.3,275.6,273.5,4.815,4.861,4.931,357.4,20.97,60.15,2.2730000019073486,1453352.0,359.4,7.214000225067139,4.550000190734863,0.0,0.0,0.0,0.0,0.0,0.0,0.0,0.0,23.52,23.4,27.08,10.68,11.74,11.11,60.0,59.9,74.7,0.0,275.9,275.0,276.0,2.178,-7.804,8.45,619.0,1443649.0,42670.0,133431.0,-0.269,0.979,0.748,0.921,1.117,1.253,1.298,1.27,1.298,1.11,1.113,0.383,0.433,0.449,0.439,0.449,0.381,0.384,53388.0,54195.0,53646.0,53480.0,54481.0,51842.0,47172.0,,0.0,0.0,,,2.5,-1.0,13.61,0.025,0.221,3.0,2.0,0.0,0.0,23.93,23.68,23.9,26.68,23.44,28.41,23.79,23.8,23.77,37.34
2016-07-28 18:10:00-05:00,17.345434,25.49734,576547,25.1,0.0,28.61,23.97,359.4,276.7,275.4,273.4,4.34,4.45,4.464,358.7,19.0,60.15,2.0510001182556152,1453352.0,360.7,6.5370001792907715,4.517000198364258,0.0,0.0,0.0,0.0,0.0,0.0,0.0,0.0,23.59,23.41,26.74,10.71,11.7,11.11,60.0,59.9,74.7,0.0,275.2,274.7,276.0,1.937,-7.877,8.46,619.0,1443649.0,42670.0,133431.0,-0.242,0.979,0.748,0.921,0.99,1.175,1.191,1.164,1.211,1.04,1.045,0.338,0.406,0.412,0.402,0.418,0.358,0.361,53388.0,54195.0,53646.0,53480.0,54481.0,51842.0,47172.0,,0.0,0.0,,,2.0,-1.0,13.61,0.025,0.221,3.0,2.0,0.0,0.0,23.93,23.68,23.87,26.67,23.52,28.47,23.79,23.82,23.77,37.34
2016-07-28 18:11:00-05:00,17.22663,25.273188,576548,25.1,0.0,28.1,23.92,359.4,276.5,274.9,272.9,4.201,4.422,4.464,358.6,18.95,60.14,1.9980000257492065,1453352.0,360.6,6.52400016784668,4.517000198364258,0.0,0.0,0.0,0.0,0.0,0.0,0.0,0.0,23.57,23.38,26.28,10.68,11.7,11.1,60.0,59.9,74.7,0.0,275.0,274.1,276.0,1.879,-7.87,8.42,619.0,1443649.0,42670.0,133431.0,-0.236,0.979,0.748,0.921,1.052,1.172,1.179,1.202,1.21,1.02,1.023,0.362,0.406,0.409,0.417,0.419,0.352,0.354,53388.0,54195.0,53646.0,53480.0,54481.0,51842.0,47172.0,,0.0,0.0,,,2.0,-1.0,13.61,0.025,0.221,3.0,2.0,0.0,0.0,23.93,23.66,23.71,26.68,23.5,28.24,23.75,23.73,23.75,37.34
2016-07-28 18:12:00-05:00,16.395,24.376577,576549,25.08,0.0,27.47,23.93,355.6,276.2,274.8,272.8,4.762,4.945,5.18,355.4,22.22,60.14,2.180000066757202,1453352.0,357.7,7.651000022888184,4.632999897003174,0.0,0.0,0.0,0.0,0.0,0.0,0.0,0.0,23.53,23.38,25.74,10.48,11.69,11.03,60.0,59.9,74.7,0.0,275.0,274.0,275.8,2.261,-7.662,8.27,619.0,1443649.0,42670.0,133431.0,-0.286,0.979,0.748,0.921,1.212,1.329,1.355,1.353,1.353,1.221,1.179,0.416,0.459,0.469,0.468,0.467,0.421,0.407,53388.0,54195.0,53646.0,53480.0,54481.0,51842.0,47172.0,,0.0,0.0,,,2.0,-1.0,13.61,0.025,0.221,3.0,2.0,0.0,0.0,23.93,23.62,23.56,26.63,23.47,28.36,23.7,23.7,23.77,37.34
2016-07-28 18:13:00-05:00,15.800979,23.816195,576550,25.07,0.0,26.86,23.95,354.8,276.2,274.9,272.8,4.782,4.937,5.282,354.0,22.82,60.14,2.1050000190734863,1453352.0,356.2,7.8460001945495605,4.650000095367432,0.0,0.0,0.0,0.0,0.0,0.0,0.0,0.0,23.54,23.35,25.19,10.38,11.59,10.99,60.0,59.9,74.7,0.0,275.0,274.0,275.9,2.239,-7.641,8.22,619.0,1443649.0,42671.0,133431.0,-0.286,0.979,0.748,0.921,1.227,1.307,1.342,1.345,1.345,1.22,1.178,0.422,0.451,0.464,0.465,0.464,0.42,0.406,53388.0,54195.0,53646.0,53480.0,54481.0,51842.0,47172.0,,0.0,0.0,,,2.0,-1.0,13.61,0.025,0.221,3.0,2.0,0.0,0.0,23.89,23.59,23.73,26.62,23.44,28.49,23.64,23.7,23.75,37.34
2016-07-28 18:14:00-05:00,15.682174,23.367891,576551,25.07,0.0,26.42,23.96,354.7,276.4,274.7,272.6,4.727,4.691,4.955,353.9,22.26,60.14,1.9290000200271606,1453352.0,356.2,7.6529998779296875,4.650000095367432,0.0,0.0,0.0,0.0,0.0,0.0,0.0,0.0,23.52,23.32,24.8,10.34,11.55,10.98,60.0,59.9,74.7,0.0,275.0,274.0,275.3,2.148,-7.649,8.19,619.0,1443649.0,42671.0,133431.0,-0.276,0.979,0.748,0.921,1.185,1.254,1.28,1.251,1.289,1.161,1.119,0.407,0.433,0.442,0.432,0.445,0.399,0.386,53388.0,54195.0,53646.0,53480.0,54481.0,51842.0,47172.0,1.115,51.42,39.05,2.4,3.51,2.0,-1.0,13.61,0.025,0.221,3.0,2.0,0.0,0.0,23.83,23.61,23.73,26.6,23.46,27.98,23.67,23.7,23.7,37.34
2016-07-28 18:15:00-05:00,14.969348,22.80751,576552,25.07,0.0,25.72,23.97,354.5,275.9,274.7,272.6,4.692,4.602,4.655,353.7,21.89,60.13,1.809000015258789,1453352.0,356.1,7.5269999504089355,4.650000095367432,0.0,0.0,0.0,0.0,0.0,0.0,0.0,0.0,23.58,23.3,24.06,10.3,11.49,10.94,60.0,59.9,74.7,0.0,274.7,274.0,275.1,1.985,-7.67,8.14,619.0,1443649.0,42671.0,133431.0,-0.258,0.979,0.748,0.921,1.019,1.135,1.151,1.156,1.182,1.026,1.027,0.35,0.392,0.398,0.399,0.408,0.353,0.355,53388.0,54195.0,53646.0,53480.0,54481.0,51842.0,47172.0,,0.0,0.0,,,2.0,-1.0,13.61,0.025,0.221,3.0,2.0,0.0,0.0,23.83,23.59,23.98,26.6,23.47,28.02,23.69,23.72,23.65,37.34
2016-07-28 18:16:00-05:00,14.49413,22.247128,576553,25.04,0.0,25.12,23.96,357.5,276.8,275.2,273.1,3.843,3.77,3.819,356.2,17.77,60.15,1.4900000095367432,1453352.0,358.1,6.098999977111816,4.517000198364258,0.0,0.0,0.0,0.0,0.0,0.0,0.0,0.0,23.55,23.31,23.46,10.49,11.47,11.04,60.0,59.9,74.7,0.0,275.0,274.9,275.9,1.379,-7.943,8.26,619.0,1443649.0,42671.0,133431.0,-0.182,0.979,0.748,0.921,0.778,0.911,0.934,0.942,0.933,0.767,0.798,0.266,0.315,0.323,0.326,0.322,0.263,0.275,53388.0,54195.0,53646.0,53480.0,54481.0,51842.0,47172.0,1.097,77.68,36.12,2.3,3.512,2.0,-1.0,13.61,0.025,0.222,3.0,2.0,0.0,0.0,23.83,23.59,23.64,26.58,23.5,27.89,23.54,23.63,23.67,37.34
2016-07-28 18:17:00-05:00,14.137718,21.9109,576554,25.04,0.0,24.8,23.97,357.1,276.9,275.4,273.3,3.652,3.616,3.63,356.3,17.11,60.15,1.3949999809265137,1453352.0,358.5,5.864999771118164,4.517000198364258,0.0,0.0,0.0,0.0,0.0,0.0,0.0,0.0,23.57,23.29,23.15,10.46,11.46,11.01,60.0,59.9,74.7,0.0,275.1,275.0,276.0,1.317,-7.958,8.26,619.0,1443649.0,42671.0,133431.0,-0.174,0.979,0.748,0.921,0.77,0.901,0.918,0.93,0.925,0.766,0.82,0.264,0.311,0.318,0.322,0.319,0.262,0.283,53388.0,54195.0,53646.0,53480.0,54481.0,51842.0,47172.0,,0.0,0.0,,,2.0,-1.0,13.61,0.025,0.222,3.0,2.0,0.0,0.0,23.88,23.58,23.74,26.54,23.46,27.89,23.61,23.63,23.6,37.34
2016-07-28 18:18:00-05:00,14.018913,21.57467,576555,25.04,0.0,24.62,23.94,355.8,277.0,275.4,273.3,3.773,3.77,3.819,355.6,17.73,60.14,1.4700000286102295,1453352.0,357.7,6.068999767303467,4.550000190734863,0.0,0.0,0.0,0.0,0.0,0.0,0.0,0.0,23.55,23.28,23.02,10.43,11.45,11.03,60.0,59.9,74.7,0.0,275.1,275.0,276.0,1.426,-7.905,8.22,619.0,1443650.0,42671.0,133431.0,-0.188,0.979,0.748,0.921,0.826,0.931,0.95,1.011,0.976,0.828,0.868,0.282,0.32,0.327,0.349,0.335,0.283,0.299,53388.0,54195.0,53646.0,53480.0,54481.0,51842.0,47172.0,0.222,354.6,63.94,0.5,3.512,2.0,-1.0,13.61,0.025,0.221,3.0,2.0,0.0,0.0,23.91,23.54,23.96,26.53,23.5,28.16,23.59,23.67,23.57,37.34
2016-07-28 18:19:00-05:00,13.4248905,21.462595,576556,25.04,0.0,24.33,23.96,352.6,276.8,275.4,273.4,4.656,4.602,4.655,352.1,21.47,60.15,1.809999942779541,1453352.0,354.2,7.34499979019165,4.650000095367432,0.0,0.0,0.0,0.0,0.0,0.0,0.0,0.0,23.54,23.25,22.87,10.18,11.42,10.91,60.0,59.9,74.7,0.0,275.0,275.0,276.0,1.737,-7.721,8.09,619.0,1443650.0,42671.0,133431.0,-0.229,0.979,0.748,0.921,1.005,1.109,1.128,1.135,1.139,1.005,1.014,0.344,0.381,0.388,0.39,0.392,0.344,0.349,53388.0,54195.0,53646.0,53480.0,54481.0,51842.0,47172.0,0.6,35.17,43.95,1.3,3.512,2.0,-1.0,13.61,0.024,0.221,3.0,2.0,0.0,0.0,23.93,23.5,24.02,26.53,23.46,27.95,23.52,23.72,23.57,37.34
2016-07-28 18:20:00-05:00,13.3060875,20.902214,576557,25.02,0.0,24.29,23.93,352.3,276.7,275.3,273.3,4.586,4.602,4.62,351.7,21.56,60.15,1.7799999713897705,1453352.0,353.7,7.363999843597412,4.650000095367432,0.0,0.0,0.0,0.0,0.0,0.0,0.0,0.0,23.5,23.26,22.71,10.19,11.39,10.9,60.0,59.9,74.7,0.0,275.0,275.0,276.0,1.688,-7.724,8.08,619.0,1443650.0,42672.0,133431.0,-0.223,0.979,0.748,0.921,0.936,1.075,1.119,1.11,1.14,0.96,1.005,0.32,0.369,0.385,0.381,0.391,0.328,0.345,53388.0,54195.0,53646.0,53480.0,54481.0,51842.0,47172.0,1.357,60.88,28.41,2.1,3.512,2.0,-1.0,13.61,0.025,0.222,3.0,2.0,0.0,0.0,23.93,23.48,23.77,26.5,23.46,28.03,23.6,23.73,23.57,37.34
2016-07-28 18:21:00-05:00,13.068479,20.790138,576558,25.01,0.0,23.84,23.9,351.2,276.9,275.5,273.5,4.395,4.414,4.535,350.3,21.05,60.15,1.7050000429153442,1453352.0,352.4,7.131999969482422,4.632999897003174,0.0,0.0,0.0,0.0,0.0,0.0,0.0,0.0,23.51,23.25,22.57,10.21,11.37,10.92,60.0,59.9,74.7,0.0,275.2,275.0,276.0,1.617,-7.764,8.1,619.0,1443650.0,42672.0,133431.0,-0.214,0.979,0.748,0.921,0.933,1.06,1.04,1.104,1.125,0.904,0.941,0.317,0.362,0.355,0.377,0.384,0.307,0.321,53388.0,54195.0,53646.0,53480.0,54481.0,51842.0,47172.0,0.578,17.53,67.28,1.4,3.51,2.0,-1.0,13.61,0.024,0.222,3.0,2.0,0.0,0.0,23.93,23.46,23.93,26.52,23.46,27.93,23.56,23.73,23.57,37.34
2016-07-28 18:22:00-05:00,12.474457,20.229757,576559,25.01,0.0,23.77,23.92,354.0,276.9,275.6,273.4,4.324,4.414,4.535,352.9,20.81,60.14,1.684999942779541,1453352.0,354.9,7.135000228881836,4.617000102996826,0.0,0.0,0.0,0.0,0.0,0.0,0.0,0.0,23.55,23.26,22.39,10.19,11.38,10.93,60.0,59.9,74.7,0.0,275.2,275.0,276.0,1.48,-7.806,8.1,619.0,1443650.0,42672.0,133431.0,-0.197,0.979,0.748,0.921,0.851,0.956,0.977,0.999,1.0,0.834,0.861,0.292,0.33,0.338,0.345,0.345,0.286,0.297,53388.0,54195.0,53646.0,53480.0,54481.0,51842.0,47172.0,0.588,67.13,41.81,1.4,3.51,2.0,-1.0,13.61,0.024,0.222,3.0,2.0,0.0,0.0,23.93,23.45,23.75,26.5,23.46,28.09,23.54,23.81,23.57,37.34
2016-07-28 18:23:00-05:00,11.76163,19.669374,576560,25.01,0.0,23.24,23.99,352.2,277.1,275.5,273.4,3.546,3.512,3.63,351.4,17.04,60.15,1.3370000123977661,1453352.0,353.3,5.697000026702881,4.517000198364258,0.0,0.0,0.0,0.0,0.0,0.0,0.0,0.0,23.57,23.3,21.99,10.42,11.43,11.02,60.0,59.9,74.7,0.0,275.2,275.0,276.0,1.273,-7.944,8.22,619.0,1443650.0,42672.0,133431.0,-0.173,0.979,0.748,0.921,0.751,0.829,0.904,0.862,0.889,0.777,0.773,0.251,0.279,0.305,0.291,0.3,0.26,0.261,53388.0,54195.0,53646.0,53480.0,54481.0,51842.0,47172.0,0.832,355.6,44.51,1.8,3.51,2.0,-1.0,13.61,0.024,0.222,3.0,2.0,0.0,0.0,23.98,23.46,23.99,26.52,23.46,28.5,23.52,23.8,23.57,37.34
2016-07-28 18:24:00-05:00,11.405217,19.221071,576561,24.99,0.0,22.79,23.96,351.9,277.1,275.4,273.4,3.581,3.547,3.596,351.1,17.0,60.15,1.3459999561309814,1453352.0,353.1,5.681000232696533,4.517000198364258,0.0,0.0,0.0,0.0,0.0,0.0,0.0,0.0,23.54,23.29,21.71,10.41,11.43,11.0,60.0,59.9,74.7,0.0,275.3,275.0,276.0,1.272,-7.952,8.23,619.0,1443650.0,42672.0,133431.0,-0.173,0.979,0.748,0.921,0.761,0.831,0.906,0.855,0.885,0.768,0.783,0.254,0.28,0.306,0.288,0.298,0.257,0.264,53388.0,54195.0,53646.0,53480.0,54481.0,51842.0,47172.0,1.193,22.86,28.12,2.1,3.512,2.0,-1.0,13.61,0.024,0.221,3.0,2.0,0.0,0.0,24.02,23.48,24.06,26.58,23.46,28.5,23.54,23.81,23.57,37.34
2016-07-28 18:25:00-05:00,10.929999,18.884842,576562,24.98,0.0,22.63,24.0,349.1,277.0,275.7,273.6,3.89,3.988,4.073,348.6,19.15,60.15,1.4789999723434448,1453353.0,350.7,6.396999835968018,4.599999904632568,0.0,0.0,0.0,0.0,0.0,0.0,0.0,0.0,23.53,23.34,21.48,10.3,11.41,10.98,60.0,59.9,74.7,0.0,275.9,275.0,276.1,1.348,-7.888,8.16,619.0,1443650.0,42672.0,133431.0,-0.186,0.979,0.748,0.921,0.839,0.971,1.002,0.999,1.066,0.876,0.888,0.282,0.328,0.339,0.338,0.36,0.295,0.3,53388.0,54195.0,53646.0,53480.0,54481.0,51842.0,47172.0,1.355,28.77,13.45,2.0,3.51,2.0,-1.0,13.61,0.024,0.221,3.0,2.0,0.0,0.0,24.02,23.49,23.96,26.63,23.46,28.59,23.56,23.86,23.57,37.34
2016-07-28 18:26:00-05:00,10.929999,18.548615,576563,24.98,0.0,22.27,24.0,347.7,277.1,275.6,273.6,4.043,4.205,4.258,346.8,20.48,60.15,1.4730000495910645,1453353.0,349.1,6.843999862670898,4.632999897003174,0.0,0.0,0.0,0.0,0.0,0.0,0.0,0.0,23.58,23.36,21.22,10.17,11.33,10.92,60.0,59.9,74.7,0.0,275.9,275.0,276.0,1.432,-7.802,8.08,619.0,1443650.0,42672.0,133431.0,-0.189,0.979,0.748,0.921,0.865,0.979,0.985,1.032,1.064,0.863,0.864,0.29,0.329,0.332,0.347,0.358,0.289,0.29,53388.0,54195.0,53646.0,53480.0,54481.0,51842.0,47172.0,,0.0,0.0,,,2.0,-1.0,13.61,0.024,0.222,3.0,2.0,0.0,0.0,24.01,23.5,23.85,26.63,23.46,28.35,23.54,23.86,23.57,37.34
2016-07-28 18:27:00-05:00,10.573587,18.548615,576564,24.98,0.0,22.27,24.0,346.9,277.1,275.6,273.5,4.129,4.151,4.308,346.1,20.9,60.14,1.4429999589920044,1453353.0,348.3,6.98199987411499,4.650000095367432,0.0,0.0,0.0,0.0,0.0,0.0,0.0,0.0,23.65,23.41,21.2,10.1,11.31,10.91,60.0,59.9,74.7,0.0,275.8,275.0,276.0,1.423,-7.774,8.04,619.0,1443650.0,42672.0,133431.0,-0.183,0.979,0.748,0.921,0.884,0.986,1.033,1.038,1.022,0.882,0.887,0.296,0.331,0.348,0.349,0.344,0.295,0.298,53388.0,54195.0,53646.0,53480.0,54481.0,51842.0,47172.0,0.615,358.7,47.69,1.1,3.509,2.0,-1.0,13.61,0.024,0.222,3.0,2.0,0.0,0.0,24.02,23.53,23.89,26.65,23.46,28.17,23.53,23.94,23.56,37.34
2016-07-28 18:28:00-05:00,10.098369,18.436537,576565,24.96,0.0,22.27,24.04,346.0,277.2,275.5,273.5,4.375,4.394,4.516,345.3,21.24,60.15,1.6369999647140503,1453353.0,347.4,7.066999912261963,4.650000095367432,0.0,0.0,0.0,0.0,0.0,0.0,0.0,0.0,23.66,23.43,21.09,10.11,11.33,10.9,60.0,59.9,74.7,0.0,275.9,275.0,276.0,1.572,-7.739,8.05,619.0,1443650.0,42673.0,133431.0,-0.202,0.979,0.748,0.921,0.985,1.063,1.108,1.126,1.081,1.015,0.936,0.328,0.355,0.371,0.377,0.361,0.338,0.314,53388.0,54195.0,53646.0,53480.0,54481.0,51842.0,47172.0,,0.0,0.0,,,2.0,-1.0,13.61,0.024,0.221,3.0,2.0,0.0,0.0,24.02,23.54,24.13,26.68,23.47,28.3,23.53,23.94,23.51,37.29
2016-07-28 18:29:00-05:00,10.098369,18.324461,576566,24.95,0.0,22.27,24.05,349.0,277.2,275.5,273.5,3.89,3.918,4.004,347.6,19.03,60.15,1.437999963760376,1453353.0,349.6,6.328999996185303,4.566999912261963,0.0,0.0,0.0,0.0,0.0,0.0,0.0,0.0,23.65,23.44,21.02,10.26,11.38,10.95,60.0,59.9,74.7,0.0,275.8,275.0,276.0,1.377,-7.859,8.14,619.0,1443650.0,42673.0,133431.0,-0.183,0.979,0.748,0.921,0.814,0.855,0.954,0.948,0.92,0.845,0.801,0.271,0.286,0.32,0.318,0.309,0.281,0.269,53388.0,54195.0,53646.0,53480.0,54481.0,51842.0,47172.0,,0.0,0.0,,,2.5,-1.0,13.61,0.024,0.221,3.0,2.0,0.0,0.0,24.02,23.58,24.2,26.71,23.52,28.31,23.53,23.94,23.52,37.24
2016-07-28 18:30:00-05:00,10.098369,17.988232,576567,24.95,0.0,22.05,24.08,350.9,277.1,275.5,273.4,3.406,3.477,3.526,350.2,16.85,60.15,1.2580000162124634,1453353.0,352.0,5.61299991607666,4.517000198364258,0.0,0.0,0.0,0.0,0.0,0.0,0.0,0.0,23.65,23.46,20.8,10.4,11.39,11.0,60.0,59.9,74.7,0.0,275.5,275.0,276.0,1.136,-7.98,8.22,619.0,1443650.0,42673.0,133431.0,-0.153,0.979,0.748,0.921,0.653,0.775,0.858,0.807,0.883,0.726,0.753,0.217,0.26,0.289,0.271,0.297,0.242,0.253,53388.0,54195.0,53646.0,53480.0,54481.0,51842.0,47172.0,,0.0,0.0,,,2.0,-1.0,13.61,0.024,0.221,3.0,2.0,0.0,0.0,24.02,23.61,24.26,26.73,23.5,28.71,23.49,23.94,23.57,37.24
2016-07-28 18:31:00-05:00,10.098369,17.76408,576568,24.95,0.0,21.77,24.03,350.6,276.6,275.0,272.9,3.37,3.443,3.561,349.9,16.74,60.15,1.246999979019165,1453353.0,351.7,5.567999839782715,4.517000198364258,0.0,0.0,0.0,0.0,0.0,0.0,0.0,0.0,23.63,23.45,20.52,10.37,11.39,11.0,60.0,59.9,74.7,0.0,274.8,274.6,275.6,1.093,-7.971,8.2,619.0,1443650.0,42673.0,133431.0,-0.148,0.979,0.748,0.921,0.659,0.759,0.838,0.846,0.831,0.695,0.742,0.219,0.255,0.281,0.284,0.279,0.231,0.249,53388.0,54195.0,53646.0,53480.0,54481.0,51842.0,47172.0,0.488,25.45,56.35,1.3,3.507,2.0,-1.0,13.61,0.024,0.221,3.0,2.0,0.0,0.0,23.97,23.61,24.18,26.73,23.52,28.75,23.49,23.91,23.57,37.24
2016-07-28 18:32:00-05:00,10.098369,17.76408,576569,24.93,0.0,21.92,24.02,347.4,275.8,274.5,272.4,3.887,4.052,4.069,347.1,19.83,60.14,1.3760000467300415,1453353.0,349.1,6.619999885559082,4.632999897003174,0.0,0.0,0.0,0.0,0.0,0.0,0.0,0.0,23.58,23.39,20.68,10.16,11.33,10.95,60.0,59.9,74.7,0.0,274.2,274.0,275.0,1.352,-7.777,8.03,619.0,1443650.0,42673.0,133431.0,-0.181,0.979,0.748,0.921,0.826,0.98,1.016,1.032,1.005,0.885,0.861,0.276,0.329,0.341,0.347,0.338,0.296,0.289,53388.0,54195.0,53646.0,53480.0,54481.0,51842.0,47172.0,1.052,1.678,15.5,1.7,3.51,2.0,-1.0,13.61,0.024,0.221,3.0,2.0,0.0,0.0,23.93,23.58,24.26,26.71,23.46,28.43,23.54,23.85,23.57,37.24
2016-07-28 18:33:00-05:00,9.266739,17.539928,576570,24.92,0.0,21.65,24.07,346.4,276.0,274.2,272.1,4.059,4.151,4.446,345.5,21.03,60.14,1.4450000524520874,1453353.0,347.5,7.011000156402588,4.650000095367432,0.0,0.0,0.0,0.0,0.0,0.0,0.0,0.0,23.7,23.37,20.29,10.09,11.3,10.91,60.0,59.9,74.7,0.0,274.0,274.0,275.0,1.467,-7.712,7.99,619.0,1443650.0,42673.0,133431.0,-0.197,0.979,0.748,0.921,0.893,0.919,1.066,0.975,0.987,0.955,0.887,0.297,0.307,0.358,0.327,0.331,0.318,0.297,53388.0,54195.0,53646.0,53480.0,54481.0,51842.0,47172.0,,0.0,0.0,,,2.0,-1.0,13.61,0.024,0.221,3.0,2.0,0.0,0.0,23.91,23.58,24.35,26.71,23.46,28.66,23.54,23.83,23.57,37.24
2016-07-28 18:34:00-05:00,9.266739,17.091621,576571,24.92,0.0,21.26,24.06,345.6,276.0,274.2,272.1,4.094,4.29,4.446,344.8,21.06,60.14,1.4930000305175781,1453353.0,347.0,6.999000072479248,4.650000095367432,0.0,0.0,0.0,0.0,0.0,0.0,0.0,0.0,23.65,23.36,20.05,10.07,11.32,10.88,60.0,59.9,74.7,0.0,274.0,274.0,275.0,1.486,-7.704,7.988,619.0,1443650.0,42673.0,133431.0,-0.199,0.979,0.748,0.921,0.916,1.017,1.086,0.998,1.009,0.968,0.917,0.304,0.339,0.363,0.334,0.337,0.322,0.306,53388.0,54195.0,53646.0,53480.0,54481.0,51842.0,47172.0,,0.0,0.0,,,2.0,-1.0,13.61,0.024,0.221,3.0,2.0,0.0,0.0,23.84,23.54,24.38,26.71,23.46,28.46,23.53,23.76,23.57,37.24
2016-07-28 18:35:00-05:00,8.791522,16.86747,576572,24.92,0.0,21.02,24.04,345.0,276.0,274.4,272.4,3.988,4.255,4.377,344.3,20.98,60.15,1.4390000104904175,1453353.0,346.3,6.958000183105469,4.650000095367432,0.0,0.0,0.0,0.0,0.0,0.0,0.0,0.0,23.59,23.34,19.65,10.07,11.31,10.91,60.0,59.9,74.7,0.0,274.2,274.0,275.0,1.462,-7.719,7.995,619.0,1443650.0,42673.0,133431.0,-0.196,0.979,0.748,0.921,0.865,1.011,0.981,1.018,1.023,0.851,0.887,0.287,0.337,0.327,0.34,0.341,0.282,0.296,53388.0,54195.0,53646.0,53480.0,54481.0,51842.0,47172.0,0.643,55.12,20.79,1.3,3.512,2.0,-1.0,13.61,0.024,0.221,3.0,2.0,0.0,0.0,23.83,23.5,24.34,26.7,23.37,28.44,23.52,23.75,23.52,37.22
2016-07-28 18:36:00-05:00,8.553913,16.307089,576573,24.92,0.0,20.62,24.02,349.7,276.5,275.1,273.0,3.07,3.319,3.438,348.3,16.84,60.14,1.0369999408721924,1453353.0,349.8,5.589000225067139,4.517000198364258,0.0,0.0,0.0,0.0,0.0,0.0,0.0,0.0,23.59,23.31,19.2,10.33,11.32,11.0,60.0,59.9,74.7,0.0,274.9,274.7,275.9,1.004,-7.966,8.15,619.0,1443650.0,42674.0,133431.0,-0.137,0.979,0.748,0.921,0.63,0.8,0.804,0.796,0.792,0.662,0.658,0.208,0.267,0.269,0.266,0.264,0.22,0.219,53388.0,54195.0,53646.0,53480.0,54481.0,51842.0,47172.0,0.658,45.43,55.89,1.4,3.51,2.0,-1.0,13.61,0.024,0.221,3.0,2.0,0.0,0.0,23.76,23.51,24.32,26.74,23.37,28.51,23.52,23.75,23.49,37.14
2016-07-28 18:37:00-05:00,8.553913,15.9708605,576574,24.91,0.0,20.15,23.99,349.2,276.7,275.1,273.1,2.913,3.061,3.353,348.3,16.15,60.15,0.953000009059906,1453353.0,350.5,5.3470001220703125,4.517000198364258,0.0,0.0,0.0,0.0,0.0,0.0,0.0,0.0,23.55,23.27,18.72,10.34,11.34,11.0,60.0,59.9,74.7,0.0,275.0,275.0,276.0,0.922,-8.0,8.17,619.0,1443650.0,42674.0,133431.0,-0.126,0.979,0.748,0.921,0.605,0.741,0.77,0.76,0.773,0.633,0.656,0.2,0.247,0.257,0.254,0.258,0.209,0.219,53388.0,54195.0,53646.0,53480.0,54481.0,51842.0,47172.0,0.803,54.1,25.82,1.5,3.51,2.0,-1.0,13.61,0.024,0.221,3.0,2.0,0.0,0.0,23.73,23.5,24.39,26.68,23.36,28.38,23.43,23.72,23.47,37.14
2016-07-28 18:38:00-05:00,8.197499,15.4104805,576575,24.89,0.0,19.49,23.95,347.8,276.9,275.0,272.9,3.07,3.215,3.368,347.5,16.48,60.15,0.9890000224113464,1453353.0,349.6,5.461999893188477,4.550000190734863,0.0,0.0,0.0,0.0,0.0,0.0,0.0,0.0,23.57,23.26,18.02,10.3,11.32,11.0,60.0,59.9,74.7,0.0,275.0,274.7,276.0,0.934,-7.963,8.13,619.0,1443650.0,42674.0,133431.0,-0.128,0.979,0.748,0.921,0.677,0.736,0.823,0.798,0.791,0.702,0.663,0.224,0.245,0.275,0.267,0.264,0.233,0.221,53388.0,54195.0,53646.0,53480.0,54481.0,51842.0,47172.0,0.503,62.75,28.1,0.9,3.51,2.0,-1.0,13.61,0.024,0.221,3.0,2.0,0.0,0.0,23.73,23.46,24.43,26.64,23.36,28.21,23.49,23.65,23.47,37.14
2016-07-28 18:39:00-05:00,7.603478,14.51387,576576,24.89,0.0,18.56,23.95,343.7,276.8,275.2,273.1,3.356,3.561,3.891,343.0,19.59,60.14,0.9390000104904175,1453353.0,345.3,6.489999771118164,4.650000095367432,0.0,0.0,0.0,0.0,0.0,0.0,0.0,0.0,23.48,23.24,17.12,10.04,11.23,10.91,60.0,59.9,74.7,0.0,275.0,275.0,276.0,1.091,-7.812,7.978,619.0,1443650.0,42674.0,133431.0,-0.148,0.979,0.748,0.921,0.749,0.841,0.922,0.9,0.886,0.801,0.769,0.248,0.28,0.307,0.299,0.295,0.266,0.256,53388.0,54195.0,53646.0,53480.0,54481.0,51842.0,47172.0,0.352,65.15,26.03,0.7,3.51,2.0,-1.0,13.61,0.024,0.221,3.0,2.0,0.0,0.0,23.73,23.43,24.43,26.56,23.34,28.08,23.47,23.63,23.44,37.14
2016-07-28 18:40:00-05:00,6.53424,13.281031,576577,24.88,0.0,17.24,23.92,341.8,276.6,275.2,273.1,3.356,3.283,3.475,341.5,19.28,60.12,0.7459999918937683,1453353.0,343.1,6.359000205993652,4.650000095367432,0.0,0.0,0.0,0.0,0.0,0.0,0.0,0.0,23.47,23.21,15.83,10.02,11.19,10.92,60.0,59.9,74.7,0.0,275.0,274.7,276.0,0.968,-7.826,7.96,619.0,1443650.0,42674.0,133431.0,-0.132,0.979,0.748,0.921,0.683,0.813,0.79,0.803,0.867,0.704,0.713,0.224,0.269,0.262,0.266,0.287,0.232,0.236,53388.0,54195.0,53646.0,53480.0,54481.0,51842.0,47172.0,0.332,51.47,68.33,0.8,3.51,2.0,-1.0,13.61,0.024,0.221,3.0,2.0,0.0,0.0,23.67,23.38,24.13,26.62,23.26,28.06,23.44,23.55,23.41,37.14
2016-07-28 18:41:00-05:00,5.2273917,11.711965,576578,24.87,0.0,15.57,23.92,340.1,276.7,275.2,273.2,3.356,3.283,3.302,339.3,18.91,60.15,0.6959999799728394,1453353.0,340.7,6.196000099182129,4.650000095367432,0.0,0.0,0.0,0.0,0.0,0.0,0.0,0.0,23.51,23.18,14.34,9.94,11.16,10.95,60.0,59.9,74.7,0.0,275.0,275.0,276.0,0.649,-7.867,7.936,619.0,1443650.0,42674.0,133431.0,-0.09,0.979,0.748,0.921,0.572,0.689,0.63,0.686,0.722,0.591,0.549,0.187,0.227,0.208,0.227,0.238,0.194,0.181,53388.0,54195.0,53646.0,53480.0,54481.0,51842.0,47172.0,,0.0,0.0,,,2.0,-1.0,13.61,0.024,0.221,3.0,2.0,0.0,0.0,23.63,23.38,23.8,26.57,23.26,28.19,23.41,23.55,23.38,37.14
2016-07-28 18:42:00-05:00,4.0393476,10.36705,576579,24.87,0.0,14.16,23.92,340.6,276.8,275.0,273.0,3.184,3.115,3.132,339.2,16.66,60.2,0.6600000262260437,1453353.0,341.9,5.453999996185303,4.599999904632568,0.0,0.0,0.0,0.0,0.0,0.0,0.0,0.0,23.52,23.2,13.01,10.0,11.17,11.06,60.0,59.9,74.7,0.0,275.0,274.8,276.0,0.331,-7.963,7.993,619.0,1443650.0,42674.0,133431.0,-0.048,0.979,0.748,0.921,0.42,0.511,0.486,0.51,0.516,0.398,0.399,0.137,0.168,0.161,0.168,0.17,0.13,0.131,53388.0,54195.0,53646.0,53480.0,54481.0,51842.0,47172.0,,0.0,0.0,,,2.0,-1.0,13.61,0.024,0.221,3.0,2.0,0.0,0.0,23.63,23.36,23.78,26.57,23.26,28.33,23.39,23.55,23.38,37.14
2016-07-28 18:43:00-05:00,2.970109,9.358364,576580,24.86,0.0,13.04,23.9,341.8,276.8,275.2,273.2,2.667,2.61,2.624,341.2,13.43,60.11,0.5559999942779541,1453353.0,344.3,4.394999980926514,4.517000198364258,0.0,0.0,0.0,0.0,0.0,0.0,0.0,0.0,23.48,23.17,11.98,10.28,11.25,11.13,60.0,59.9,74.7,0.0,275.0,275.0,276.0,0.131,-8.14,8.16,619.0,1443650.0,42675.0,133431.0,-0.021,0.979,0.748,0.921,0.338,0.317,0.399,0.37,0.393,0.343,0.391,0.11,0.104,0.132,0.122,0.13,0.112,0.129,53388.0,54195.0,53646.0,53480.0,54481.0,51842.0,47172.0,0.488,68.28,59.05,1.1,3.51,2.0,-1.0,13.61,0.024,0.221,3.0,2.0,0.0,0.0,23.63,23.35,23.57,26.64,23.3,28.58,23.4,23.55,23.38,37.13
2016-07-28 18:44:00-05:00,2.8513043,8.685906,576581,24.86,0.0,12.62,23.93,341.0,276.9,275.2,273.1,2.581,2.61,2.624,340.2,13.32,60.14,0.5370000004768372,1453353.0,342.5,4.34499979019165,4.517000198364258,0.0,0.0,0.0,0.0,0.0,0.0,0.0,0.0,23.48,23.16,11.49,10.24,11.24,11.15,60.0,59.9,74.7,0.0,275.0,275.0,276.0,0.066,-8.13,8.15,619.0,1443650.0,42675.0,133431.0,-0.013,0.979,0.748,0.921,0.317,0.321,0.375,0.339,0.386,0.321,0.379,0.103,0.106,0.124,0.111,0.127,0.104,0.125,53388.0,54195.0,53646.0,53480.0,54481.0,51842.0,47172.0,,0.0,0.0,,,2.0,-1.0,13.61,0.023,0.221,3.0,2.0,0.0,0.0,23.63,23.4,23.53,26.6,23.33,28.35,23.39,23.55,23.38,37.05
2016-07-28 18:45:00-05:00,2.8513043,8.685906,576582,24.84,0.0,12.62,23.92,338.6,276.8,275.3,273.2,3.011,2.947,2.963,338.4,15.03,60.14,0.6259999871253967,1453354.0,340.3,4.9079999923706055,4.599999904632568,0.0,0.0,0.0,0.0,0.0,0.0,0.0,0.0,23.49,23.15,11.41,10.1,11.17,11.12,60.0,59.9,74.7,0.0,275.0,275.0,276.0,0.116,-8.04,8.05,619.0,1443650.0,42675.0,133431.0,-0.019,0.979,0.748,0.921,0.342,0.399,0.395,0.408,0.493,0.348,0.433,0.112,0.131,0.13,0.134,0.162,0.114,0.142,53388.0,54195.0,53646.0,53480.0,54481.0,51842.0,47172.0,,0.0,0.0,,,2.0,-1.0,13.61,0.023,0.221,3.0,2.0,0.0,0.0,23.58,23.35,23.69,26.55,23.26,28.45,23.43,23.55,23.38,37.05
2016-07-28 18:46:00-05:00,2.8513043,8.685906,576583,24.84,0.0,12.62,23.94,336.9,277.0,275.3,273.2,3.184,3.283,3.302,336.1,16.74,60.15,0.6660000085830688,1453354.0,338.5,5.456999778747559,4.650000095367432,0.0,0.0,0.0,0.0,0.0,0.0,0.0,0.0,23.52,23.12,11.44,9.94,11.15,11.06,60.0,59.9,74.7,0.0,275.0,275.0,276.0,0.162,-7.965,7.978,619.0,1443650.0,42675.0,133431.0,-0.024,0.979,0.748,0.921,0.383,0.443,0.389,0.46,0.52,0.372,0.39,0.125,0.145,0.128,0.151,0.171,0.121,0.128,53388.0,54195.0,53646.0,53480.0,54481.0,51842.0,47172.0,,0.0,0.0,,,2.0,-1.0,13.61,0.023,0.221,3.0,2.0,0.0,0.0,23.55,23.32,23.81,26.55,23.26,28.55,23.41,23.55,23.38,37.05
2016-07-28 18:47:00-05:00,2.8513043,8.685906,576584,24.82,0.0,12.44,23.97,336.6,277.3,275.3,273.2,3.098,3.283,3.302,335.8,16.7,60.15,0.6480000019073486,1453354.0,337.8,5.439000129699707,4.650000095367432,0.0,0.0,0.0,0.0,0.0,0.0,0.0,0.0,23.56,23.14,11.23,9.92,11.13,11.06,60.0,59.9,74.7,0.0,275.1,275.0,276.0,0.114,-7.958,7.968,619.0,1443650.0,42675.0,133431.0,-0.018,0.979,0.748,0.921,0.319,0.418,0.432,0.428,0.442,0.347,0.357,0.104,0.137,0.142,0.14,0.145,0.113,0.117,53388.0,54195.0,53646.0,53480.0,54481.0,51842.0,47172.0,,0.0,0.0,,,2.0,-1.0,13.61,0.023,0.221,3.0,2.0,0.0,0.0,23.57,23.32,23.72,26.55,23.26,28.44,23.41,23.55,23.38,37.01
2016-07-28 18:48:00-05:00,2.2572832,8.125526,576585,24.81,0.0,11.8,23.95,334.4,276.9,275.4,273.2,3.011,3.283,3.302,333.4,16.68,60.14,0.6290000081062317,1453354.0,336.0,5.380000114440918,4.650000095367432,0.0,0.0,0.0,0.0,0.0,0.0,0.0,0.0,23.51,23.12,10.67,9.93,11.13,11.11,60.0,59.9,74.7,0.0,275.2,275.0,276.0,0.025,-7.974,7.98,619.0,1443650.0,42675.0,133431.0,-0.006,0.979,0.748,0.921,0.344,0.361,0.391,0.397,0.369,0.367,0.347,0.111,0.117,0.127,0.129,0.12,0.118,0.113,53388.0,54195.0,53646.0,53480.0,54481.0,51842.0,47172.0,,0.0,0.0,,,2.5,-1.0,13.61,0.023,0.221,3.0,2.0,0.0,0.0,23.54,23.3,23.7,26.59,23.26,28.5,23.41,23.55,23.38,36.98
2016-07-28 18:49:00-05:00,1.7820657,7.2289166,576586,24.81,0.0,10.89,23.96,333.3,276.7,275.5,273.3,2.753,2.863,2.878,331.9,14.5,60.15,0.5740000009536743,1453354.0,333.7,4.5929999351501465,4.550000190734863,0.0,0.0,0.0,0.0,0.0,0.0,0.0,0.0,23.5,23.11,9.85,10.14,11.19,11.15,60.0,59.9,74.7,0.0,275.2,275.0,276.0,-0.04,-8.1,8.1,619.0,1443650.0,42675.0,133431.0,0.002,0.979,0.748,0.921,0.247,0.304,0.318,0.316,0.306,0.268,0.273,0.078,0.097,0.102,0.101,0.098,0.085,0.087,53388.0,54195.0,53646.0,53480.0,54481.0,51842.0,47172.0,0.303,143.7,62.13,0.9,3.51,2.0,-1.0,13.61,0.023,0.221,3.0,2.0,0.0,0.0,23.54,23.3,23.81,26.57,23.26,28.34,23.43,23.55,23.38,36.95
2016-07-28 18:50:00-05:00,0.8316308,6.332306,576587,24.81,0.0,9.9,23.96,331.5,277.0,275.1,273.1,1.635,2.189,2.624,330.6,13.12,60.15,0.32199999690055847,1453354.0,332.6,4.117000102996826,4.517000198364258,0.0,0.0,0.0,0.0,0.0,0.0,0.0,0.0,23.49,23.09,8.95,10.26,11.23,11.19,60.0,59.9,74.7,0.0,275.0,275.0,276.0,-0.109,-8.17,8.17,619.0,1443650.0,42675.0,133431.0,0.011,0.979,0.748,0.921,0.223,0.281,0.302,0.297,0.287,0.233,0.261,0.07,0.089,0.096,0.094,0.091,0.073,0.083,53388.0,54195.0,53646.0,53480.0,54481.0,51842.0,47172.0,,0.0,0.0,,,2.0,-1.0,13.61,0.023,0.221,3.0,2.0,0.0,0.0,23.54,23.32,23.82,26.57,23.26,28.2,23.39,23.54,23.36,36.95
2016-07-28 18:51:00-05:00,0.0,5.659849,576588,24.8,0.0,8.93,23.96,325.1,276.8,275.4,273.3,1.721,2.273,2.37,324.8,13.09,60.15,0.3409999907016754,1453354.0,326.9,4.068999767303467,4.517000198364258,0.0,0.0,0.0,0.0,0.0,0.0,0.0,0.0,23.51,23.09,8.06,10.25,11.23,11.2,60.0,59.9,74.7,0.0,275.0,275.0,276.0,-0.147,-8.17,8.18,619.0,1443650.0,42676.0,133431.0,0.016,0.979,0.748,0.921,0.175,0.286,0.269,0.274,0.287,0.213,0.237,0.053,0.09,0.084,0.086,0.09,0.066,0.074,53388.0,54195.0,53646.0,53480.0,54481.0,51842.0,47172.0,,0.0,0.0,,,2.0,-1.0,13.61,0.023,0.221,3.0,2.0,0.0,0.0,23.54,23.4,23.85,26.56,23.26,28.36,23.39,23.55,23.36,36.95
2016-07-28 18:52:00-05:00,-0.7128258,4.7632394,576589,24.78,0.0,7.97,23.97,313.1,277.2,275.3,273.3,1.893,2.947,3.048,312.8,15.4,60.14,0.39500001072883606,1453354.0,315.0,4.607999801635742,4.617000102996826,0.0,0.0,0.0,0.0,0.0,0.0,0.0,0.0,23.52,23.09,7.171,10.06,11.16,11.09,60.0,59.9,74.7,0.0,275.4,275.0,276.0,0.007,-8.03,8.04,619.0,1443650.0,42676.0,133431.0,-0.004,0.979,0.748,0.921,0.311,0.354,0.377,0.383,0.415,0.335,0.347,0.092,0.106,0.114,0.116,0.126,0.101,0.105,53388.0,54195.0,53646.0,53480.0,54481.0,51842.0,47172.0,,0.0,0.0,,,2.0,-1.0,13.61,0.023,0.221,3.0,2.0,0.0,0.0,23.54,23.28,23.9,26.53,23.26,28.2,23.34,23.5,23.33,36.95
2016-07-28 18:53:00-05:00,-1.425652,3.8666294,576590,24.78,0.0,7.209,23.95,304.8,277.0,275.4,273.4,2.065,3.199,3.302,303.8,16.67,60.14,0.4320000112056732,1453354.0,306.0,4.9070000648498535,4.650000095367432,0.0,0.0,0.0,0.0,0.0,0.0,0.0,0.0,23.52,23.08,6.466,9.94,11.09,11.06,60.0,59.9,74.7,0.0,275.7,275.0,276.0,-0.017,-7.981,7.986,619.0,1443650.0,42676.0,133431.0,0.0,0.979,0.748,0.921,0.314,0.363,0.365,0.365,0.367,0.324,0.318,0.093,0.108,0.108,0.109,0.109,0.096,0.094,53388.0,54195.0,53646.0,53480.0,54481.0,51842.0,47172.0,,0.0,0.0,,,2.5,-1.0,13.61,0.023,0.221,3.0,2.0,0.0,0.0,23.54,23.2,23.88,26.5,23.26,28.25,23.37,23.52,23.28,36.93
2016-07-28 18:54:00-05:00,-1.5444566,3.7545533,576591,24.78,0.0,7.02,23.96,305.6,277.3,275.5,273.4,1.463,3.031,3.132,304.8,15.81,60.15,0.3059999942779541,1453354.0,306.6,4.659999847412109,4.617000102996826,0.0,0.0,0.0,0.0,0.0,0.0,0.0,0.0,23.47,23.04,6.294,10.03,11.12,11.07,60.0,59.9,74.7,0.0,276.0,275.0,276.0,-0.064,-8.03,8.04,619.0,1443650.0,42676.0,133431.0,0.005,0.979,0.748,0.921,0.287,0.333,0.34,0.337,0.34,0.3,0.293,0.085,0.099,0.101,0.1,0.101,0.089,0.087,53388.0,54195.0,53646.0,53480.0,54481.0,51842.0,47172.0,,0.0,0.0,,,2.5,-1.0,13.61,0.023,0.221,3.0,2.0,0.0,0.0,23.5,23.2,24.08,26.5,23.26,28.18,23.33,23.5,23.28,36.91
2016-07-28 18:55:00-05:00,-1.5444566,3.7545533,576592,24.78,0.0,7.046,23.95,304.9,277.5,275.7,273.6,1.377,3.283,3.302,303.8,16.66,60.14,0.2879999876022339,1453354.0,306.3,4.9039998054504395,4.650000095367432,0.0,0.0,0.0,0.0,0.0,0.0,0.0,0.0,23.46,23.05,6.388,9.94,11.08,11.04,60.0,59.9,74.7,0.0,276.0,275.0,276.3,-0.022,-7.984,7.989,619.0,1443650.0,42676.0,133431.0,0.0,0.979,0.748,0.921,0.314,0.357,0.366,0.363,0.359,0.319,0.318,0.093,0.106,0.109,0.108,0.106,0.094,0.094,53388.0,54195.0,53646.0,53480.0,54481.0,51842.0,47172.0,,0.0,0.0,,,2.0,-1.0,13.61,0.023,0.221,3.0,2.0,0.0,0.0,23.5,23.19,24.0,26.52,23.24,28.24,23.35,23.46,23.28,36.88
2016-07-28 18:56:00-05:00,-1.5444566,4.0907817,576593,24.75,0.0,7.396,23.94,307.4,277.4,275.7,273.6,1.635,2.863,2.963,306.0,14.98,60.14,0.34200000762939453,1453354.0,307.9,4.409999847412109,4.566999912261963,0.0,0.0,0.0,0.0,0.0,0.0,0.0,0.0,23.44,23.04,6.447,10.1,11.14,11.1,60.0,59.9,74.7,0.0,276.0,275.0,276.5,-0.048,-8.08,8.08,619.0,1443650.0,42676.0,133431.0,0.003,0.979,0.748,0.921,0.275,0.31,0.32,0.325,0.316,0.278,0.278,0.081,0.092,0.095,0.097,0.094,0.082,0.082,53388.0,54195.0,53646.0,53480.0,54481.0,51842.0,47172.0,0.627,68.94,63.67,1.5,3.509,2.0,-1.0,13.61,0.023,0.221,3.0,2.0,0.0,0.0,23.49,23.2,24.06,26.5,23.16,28.0,23.37,23.44,23.28,36.85
2016-07-28 18:57:00-05:00,-1.5444566,3.7545533,576594,24.75,0.0,7.069,23.89,308.5,277.5,275.7,273.7,1.033,2.61,2.624,307.5,13.24,60.14,0.2160000056028366,1453354.0,309.8,3.8980000019073486,4.517000198364258,0.0,0.0,0.0,0.0,0.0,0.0,0.0,0.0,23.42,23.02,6.298,10.23,11.19,11.13,60.0,59.9,74.7,0.0,276.0,275.0,276.8,-0.106,-8.16,8.17,619.0,1443650.0,42676.0,133431.0,0.01,0.979,0.748,0.921,0.243,0.277,0.295,0.3,0.296,0.253,0.258,0.072,0.082,0.088,0.089,0.088,0.075,0.077,53388.0,54195.0,53646.0,53480.0,54481.0,51842.0,47172.0,0.52,22.36,53.63,1.3,3.51,2.0,-1.0,13.61,0.023,0.221,3.0,2.0,0.0,0.0,23.45,23.22,24.09,26.49,23.16,27.73,23.33,23.44,23.26,36.85
2016-07-28 18:58:00-05:00,-1.5444566,3.7545533,576595,24.75,0.0,6.984,23.96,307.9,277.4,275.8,273.8,1.119,2.526,2.624,307.2,13.23,60.13,0.23399999737739563,1453354.0,309.0,3.9019999504089355,4.517000198364258,0.0,0.0,0.0,0.0,0.0,0.0,0.0,0.0,23.52,23.05,6.053,10.26,11.2,11.17,60.0,59.9,74.7,0.0,276.0,275.0,276.9,-0.132,-8.18,8.19,619.0,1443650.0,42677.0,133431.0,0.014,0.979,0.748,0.921,0.233,0.267,0.271,0.281,0.269,0.239,0.237,0.069,0.079,0.081,0.084,0.08,0.071,0.07,53388.0,54195.0,53646.0,53480.0,54481.0,51842.0,47172.0,,0.0,0.0,,,2.0,-1.0,13.61,0.023,0.221,3.0,2.0,0.0,0.0,23.46,23.2,24.12,26.5,23.16,27.86,23.36,23.46,23.28,36.85
2016-07-28 18:59:00-05:00,-1.425652,3.7545533,576596,24.74,0.0,7.01,23.9,306.1,277.4,275.9,273.8,1.205,2.863,2.878,305.9,15.22,60.2,0.25200000405311584,1453354.0,308.5,4.507999897003174,4.599999904632568,0.0,0.0,0.0,0.0,0.0,0.0,0.0,0.0,23.56,23.06,6.06,10.11,11.17,11.14,60.0,59.9,74.7,0.0,276.0,275.0,276.9,-0.088,-8.09,8.09,619.0,1443650.0,42677.0,133431.0,0.009,0.979,0.748,0.921,0.292,0.32,0.325,0.333,0.323,0.291,0.276,0.087,0.095,0.097,0.099,0.096,0.086,0.082,53388.0,54195.0,53646.0,53480.0,54481.0,51842.0,47172.0,,0.0,0.0,,,2.0,-1.0,13.61,0.023,0.221,3.0,2.0,0.0,0.0,23.46,23.22,24.2,26.53,23.18,28.1,23.35,23.46,23.33,36.85
2016-07-28 19:00:00-05:00,-1.1880432,3.7545533,576597,24.73,0.0,7.018,23.96,305.3,277.5,275.7,273.7,1.452,3.676,3.302,305.2,16.15,60.19,0.4959999918937683,1453354.0,307.4,4.78000020980835,4.632999897003174,0.0,0.0,0.0,0.0,0.0,0.0,0.0,0.0,23.54,23.06,6.058,9.97,11.09,11.07,60.0,59.9,74.7,0.0,276.0,275.0,276.6,-0.068,-8.01,8.01,619.0,1443650.0,42677.0,133431.0,0.006,0.979,0.748,0.921,0.296,0.325,0.332,0.331,0.328,0.304,0.292,0.087,0.096,0.099,0.098,0.097,0.09,0.086,53388.0,54195.0,53646.0,53480.0,54481.0,51842.0,47172.0,0.75,26.12,12.92,1.2,3.51,2.0,-1.0,13.61,0.023,0.221,3.0,2.0,0.0,0.0,23.47,23.2,24.19,26.54,23.25,28.13,23.37,23.46,23.33,36.85
2016-07-28 19:01:00-05:00,-1.425652,3.530401,576598,24.72,0.0,6.554,23.91,304.5,277.5,275.7,273.6,0.688,2.61,3.217,304.2,16.45,60.14,0.14399999380111694,1453354.0,306.5,4.86299991607666,4.650000095367432,0.0,0.0,0.0,0.0,0.0,0.0,0.0,0.0,23.48,23.07,5.81,9.93,11.07,11.07,60.0,59.9,74.7,0.0,276.0,275.0,276.3,-0.098,-7.986,7.989,619.0,1443650.0,42677.0,133431.0,0.01,0.979,0.748,0.921,0.29,0.313,0.32,0.33,0.325,0.293,0.276,0.086,0.093,0.095,0.098,0.096,0.087,0.082,53388.0,54195.0,53646.0,53480.0,54481.0,51842.0,47172.0,,0.0,0.0,,,2.0,-1.0,13.61,0.023,0.221,3.0,2.0,0.0,0.0,23.5,23.24,24.23,26.6,23.26,28.35,23.37,23.46,23.29,36.85
2016-07-28 19:02:00-05:00,-1.0692391,3.7545533,576599,24.72,0.0,6.535,23.9,304.6,277.6,275.9,273.8,1.341,2.81,3.896,304.0,16.46,60.15,0.5490000247955322,1453354.0,306.0,4.859000205993652,4.650000095367432,0.0,0.0,0.0,0.0,0.0,0.0,0.0,0.0,23.5,23.04,5.903,9.89,11.06,11.07,60.0,59.9,74.7,0.0,276.0,275.1,277.0,-0.093,-7.976,7.979,619.0,1443650.0,42677.0,133431.0,0.01,0.979,0.748,0.921,0.296,0.322,0.331,0.332,0.322,0.302,0.289,0.087,0.095,0.098,0.099,0.095,0.089,0.086,53388.0,54195.0,53646.0,53480.0,54481.0,51842.0,47172.0,,0.0,0.0,,,2.5,-1.0,13.61,0.023,0.221,3.0,2.0,0.0,0.0,23.47,23.28,24.22,26.62,23.26,28.2,23.35,23.46,23.29,36.83
2016-07-28 19:03:00-05:00,-0.83163035,3.7545533,576600,24.71,0.0,6.741,23.87,307.2,277.5,275.8,273.7,0.808,3.112,3.122,306.6,14.35,60.13,0.42899999022483826,1453354.0,308.3,4.239999771118164,4.566999912261963,0.0,0.0,0.0,0.0,0.0,0.0,0.0,0.0,23.47,23.06,5.977,10.08,11.12,11.08,60.0,59.9,74.7,0.0,276.0,275.0,276.6,-0.118,-8.08,8.08,619.0,1443650.0,42677.0,133431.0,0.012,0.979,0.748,0.921,0.25,0.281,0.287,0.292,0.278,0.257,0.239,0.074,0.084,0.085,0.087,0.083,0.076,0.071,53388.0,54195.0,53646.0,53480.0,54481.0,51842.0,47172.0,0.458,21.62,34.07,1.0,3.51,2.0,-1.0,13.61,0.023,0.221,3.0,2.0,0.0,0.0,23.51,23.27,24.14,26.65,23.26,28.21,23.37,23.46,23.3,36.75
2016-07-28 19:04:00-05:00,-1.425652,3.4183245,576601,24.69,0.0,6.514,23.91,307.8,277.6,275.9,273.8,0.602,2.105,2.659,307.0,13.01,60.12,0.16599999368190765,1453354.0,308.9,3.8359999656677246,4.517000198364258,0.0,0.0,0.0,0.0,0.0,0.0,0.0,0.0,23.53,23.06,5.792,10.21,11.17,11.14,60.0,59.9,74.7,0.0,276.0,275.1,276.9,-0.167,-8.17,8.17,619.0,1443650.0,42677.0,133431.0,0.018,0.979,0.748,0.921,0.22,0.253,0.258,0.269,0.252,0.233,0.217,0.065,0.075,0.077,0.08,0.075,0.069,0.065,53388.0,54195.0,53646.0,53480.0,54481.0,51842.0,47172.0,,0.0,0.0,,,2.5,-1.0,13.61,0.023,0.221,3.0,2.0,0.0,0.0,23.5,23.29,24.35,26.7,23.23,28.17,23.36,23.46,23.28,36.75
2016-07-28 19:05:00-05:00,-1.7820649,2.9700196,576602,24.69,0.0,6.113,23.91,307.1,277.5,275.9,273.8,0.637,1.129,2.659,306.1,12.62,60.13,0.15600000321865082,1453354.0,308.4,3.7179999351501465,4.517000198364258,0.0,0.0,0.0,0.0,0.0,0.0,0.0,0.0,23.49,23.05,5.418,10.23,11.18,11.17,60.0,59.9,74.7,0.0,276.0,275.0,277.0,-0.215,-8.18,8.19,619.0,1443650.0,42678.0,133431.0,0.025,0.979,0.748,0.921,0.206,0.231,0.243,0.25,0.237,0.214,0.206,0.061,0.069,0.073,0.075,0.071,0.063,0.061,53388.0,54195.0,53646.0,53480.0,54481.0,51842.0,47172.0,,0.0,0.0,,,2.5,-1.0,13.61,0.023,0.221,3.0,2.0,0.0,0.0,23.47,23.28,24.3,26.64,23.2,28.11,23.38,23.46,23.28,36.77
2016-07-28 19:06:00-05:00,-1.9008695,2.9700196,576603,24.69,0.0,6.005,23.9,304.0,277.4,276.0,273.8,0.665,1.157,3.286,303.0,15.78,60.14,0.19300000369548798,1453354.0,305.3,4.651000022888184,4.650000095367432,0.0,0.0,0.0,0.0,0.0,0.0,0.0,0.0,23.5,23.03,5.393,9.95,11.08,11.13,60.0,59.9,74.7,0.0,276.0,275.0,277.0,-0.172,-8.02,8.02,619.0,1443650.0,42678.0,133431.0,0.02,0.979,0.748,0.921,0.253,0.28,0.287,0.288,0.282,0.26,0.245,0.075,0.083,0.085,0.086,0.084,0.077,0.073,53388.0,54195.0,53646.0,53480.0,54481.0,51842.0,47172.0,,0.0,0.0,,,2.0,-1.0,13.61,0.023,0.221,3.0,2.0,0.0,0.0,23.44,23.22,24.41,26.62,23.16,28.08,23.37,23.46,23.28,36.75
2016-07-28 19:07:00-05:00,-2.2572823,2.8579435,576604,24.69,0.0,6.003,23.92,303.8,277.5,275.8,273.7,0.637,0.589,2.913,302.5,15.44,60.13,0.09099999815225601,1453354.0,304.8,4.544000148773193,4.650000095367432,0.0,0.0,0.0,0.0,0.0,0.0,0.0,0.0,23.48,23.04,5.267,9.93,11.09,11.1,60.0,59.9,74.7,0.0,276.0,275.0,276.7,-0.195,-8.0,8.01,619.0,1443650.0,42678.0,133431.0,0.023,0.979,0.748,0.921,0.242,0.268,0.276,0.28,0.273,0.248,0.235,0.071,0.08,0.082,0.083,0.081,0.074,0.07,53388.0,54195.0,53646.0,53480.0,54481.0,51842.0,47172.0,,0.0,0.0,,,2.0,-1.0,13.61,0.023,0.221,3.0,2.0,0.0,0.0,23.44,23.25,24.31,26.64,23.16,28.15,23.35,23.42,23.28,36.75
2016-07-28 19:08:00-05:00,-2.2572823,2.521715,576605,24.68,0.0,5.859,23.88,303.4,277.5,275.9,273.8,0.293,0.168,2.574,302.3,15.04,60.14,0.03700000047683716,1453354.0,304.4,4.429999828338623,4.650000095367432,0.0,0.0,0.0,0.0,0.0,0.0,0.0,0.0,23.47,23.03,5.035,9.91,11.09,11.12,60.0,59.9,74.7,0.0,276.0,275.0,277.0,-0.234,-8.01,8.01,619.0,1443650.0,42678.0,133431.0,0.028,0.979,0.748,0.921,0.223,0.253,0.255,0.255,0.255,0.233,0.221,0.066,0.075,0.076,0.076,0.076,0.069,0.066,53388.0,54195.0,53646.0,53480.0,54481.0,51842.0,47172.0,,0.0,0.0,,,2.0,-1.0,13.61,0.022,0.221,3.0,2.0,0.0,0.0,23.44,23.25,24.31,26.62,23.16,27.91,23.35,23.36,23.28,36.75
2016-07-28 19:09:00-05:00,-2.8513043,2.07341,576606,24.67,0.0,5.369,23.85,303.2,277.4,275.9,273.8,0.086,0.0,0.847,302.0,14.12,60.15,0.0,1453354.0,304.5,4.158999919891357,4.632999897003174,0.0,0.0,0.0,0.0,0.0,0.0,0.0,0.0,23.41,23.02,4.655,9.95,11.09,11.16,60.0,59.9,74.7,0.0,276.0,275.0,277.0,-0.306,-8.03,8.04,619.0,1443650.0,42678.0,133431.0,0.038,0.979,0.748,0.921,0.185,0.21,0.214,0.22,0.22,0.195,0.18,0.055,0.062,0.063,0.065,0.065,0.058,0.053,53388.0,54195.0,53646.0,53480.0,54481.0,51842.0,47172.0,0.497,81.7,30.2,0.8,3.51,2.0,-1.0,13.61,0.022,0.221,3.0,2.0,0.0,0.0,23.44,23.22,24.24,26.63,23.16,28.15,23.35,23.36,23.3,36.75
2016-07-28 19:10:00-05:00,-3.3265214,1.6251051,576607,24.66,0.0,4.812,23.86,312.4,277.3,275.9,273.8,0.0,0.0,0.0,311.6,0.0,60.15,0.0,1453354.0,313.8,0.0,4.0,0.0,0.0,0.0,0.0,0.0,0.0,0.0,0.0,23.44,22.98,4.144,11.44,11.62,11.41,60.0,59.9,74.7,0.0,276.0,275.0,276.9,-0.392,-8.89,8.9,619.0,1443650.0,42678.0,133431.0,0.044,0.979,0.748,0.921,-0.013,0.015,0.025,0.028,0.015,0.001,0.018,-0.004,0.005,0.008,0.009,0.005,0.0,0.005,53388.0,54195.0,53646.0,53480.0,54481.0,51842.0,47172.0,0.475,63.98,47.52,0.8,3.512,2.0,-1.0,13.61,0.022,0.221,3.0,2.0,0.0,0.0,23.44,23.27,24.18,26.68,23.16,28.38,23.3,23.36,23.3,36.75
2016-07-28 19:11:00-05:00,-3.9205434,0.84057164,576608,24.66,0.0,4.138,23.83,308.3,277.3,276.0,273.8,0.0,0.0,0.0,307.4,0.0,60.14,0.0,1453354.0,309.6,0.0,4.0,0.0,0.0,0.0,0.0,0.0,0.0,0.0,0.0,23.44,22.98,3.488,11.47,11.64,11.42,60.0,59.9,74.7,0.0,276.0,275.0,276.7,-0.392,-8.91,8.92,619.0,1443650.0,42678.0,133431.0,0.044,0.979,0.748,0.921,0.0,0.009,0.022,0.019,0.015,-0.005,0.016,0.0,0.003,0.007,0.006,0.005,-0.001,0.005,53388.0,54195.0,53646.0,53480.0,54481.0,51842.0,47172.0,,0.0,0.0,,,2.0,-1.0,13.61,0.022,0.221,3.0,2.0,0.0,0.0,23.42,23.25,24.15,26.68,23.16,28.44,23.35,23.37,23.3,36.75
2016-07-28 19:12:00-05:00,-4.6333694,0.504343,576609,24.66,0.0,3.578,23.86,304.4,277.1,275.8,273.7,0.0,0.0,0.0,303.4,0.0,60.15,0.0,1453354.0,305.6,0.0,4.0,0.0,0.0,0.0,0.0,0.0,0.0,0.0,0.0,23.39,22.99,2.972,11.47,11.64,11.42,60.0,59.9,74.7,0.0,276.0,275.0,276.0,-0.391,-8.9,8.91,619.0,1443650.0,42678.0,133431.0,0.044,0.979,0.748,0.921,-0.003,0.01,0.02,0.015,0.011,0.005,0.021,-0.001,0.003,0.006,0.004,0.003,0.002,0.006,53388.0,54195.0,53646.0,53480.0,54481.0,51842.0,47172.0,,0.0,0.0,,,2.0,-1.0,13.61,0.022,0.221,3.0,2.0,0.0,0.0,23.44,23.17,24.18,26.72,23.16,28.56,23.36,23.36,23.31,36.75
2016-07-28 19:13:00-05:00,-4.752174,-0.056038223,576610,24.65,0.0,3.146,23.86,300.5,277.1,275.7,273.7,0.0,0.0,0.0,299.5,0.0,60.14,0.0,1453354.0,301.7,0.0,4.0,0.0,0.0,0.0,0.0,0.0,0.0,0.0,0.0,23.43,22.97,2.547,11.49,11.65,11.42,60.0,59.9,74.7,0.0,276.0,275.0,276.0,-0.392,-8.9,8.91,619.0,1443650.0,42679.0,133431.0,0.044,0.979,0.748,0.921,-0.009,0.008,0.02,0.014,0.02,0.004,0.024,-0.003,0.003,0.006,0.004,0.006,0.001,0.007,53388.0,54195.0,53646.0,53480.0,54481.0,51842.0,47172.0,0.722,48.53,28.5,1.4,3.51,2.0,-1.0,13.61,0.022,0.221,3.0,2.0,0.0,0.0,23.44,23.15,24.09,26.7,23.16,28.35,23.4,23.36,23.31,36.75
2016-07-28 19:14:00-05:00,-5.4649997,-0.39226672,576611,24.63,0.0,2.701,23.83,295.7,277.5,275.6,273.6,0.0,0.0,0.0,294.7,0.0,60.14,0.0,1453354.0,297.0,0.0,4.0,0.0,0.0,0.0,0.0,0.0,0.0,0.0,0.0,23.41,22.96,2.144,11.48,11.65,11.44,60.0,59.9,74.7,0.0,276.0,275.0,276.1,-0.391,-8.91,8.92,619.0,1443650.0,42679.0,133431.0,0.044,0.979,0.748,0.921,-0.008,0.01,0.013,0.012,0.022,-0.006,0.011,-0.003,0.003,0.004,0.004,0.006,-0.002,0.003,53388.0,54195.0,53646.0,53480.0,54481.0,51842.0,47172.0,0.363,343.2,69.81,0.9,3.51,2.0,-1.0,13.61,0.022,0.221,3.0,2.0,0.0,0.0,23.34,23.15,24.12,26.7,23.16,28.0,23.4,23.36,23.3,36.75
2016-07-28 19:15:00-05:00,-5.583804,-0.7284954,576612,24.63,0.0,2.321,23.87,289.5,277.2,275.5,273.6,0.0,0.0,0.0,288.5,0.0,60.15,0.0,1453354.0,290.8,0.0,4.0,0.0,0.0,0.0,0.0,0.0,0.0,0.0,0.0,23.42,22.96,1.742,11.49,11.65,11.42,60.0,59.9,74.7,0.0,275.9,275.0,276.0,-0.389,-8.9,8.91,619.0,1443650.0,42679.0,133431.0,0.044,0.979,0.748,0.921,-0.004,0.012,0.012,0.016,0.026,0.002,0.009,-0.001,0.003,0.003,0.005,0.008,0.001,0.003,53388.0,54195.0,53646.0,53480.0,54481.0,51842.0,47172.0,0.493,44.81,58.18,0.9,3.512,2.0,-1.0,13.61,0.022,0.221,3.0,2.0,0.0,0.0,23.34,23.15,24.13,26.6,23.16,27.95,23.28,23.36,23.3,36.75
2016-07-28 19:16:00-05:00,-6.177826,-1.0647241,576613,24.63,0.0,1.933,23.89,282.4,277.1,275.3,273.3,0.0,0.0,0.0,281.4,0.0,60.15,0.0,1453354.0,281.6,0.0,3.4000000953674316,0.0,0.0,0.0,0.0,0.0,0.0,0.0,0.0,23.47,22.96,1.408,9.72,9.85,9.68,60.0,59.9,74.7,0.0,275.0,275.0,276.0,-0.328,-7.505,7.512,619.0,1443650.0,42679.0,133431.0,0.187,0.979,0.748,0.921,-0.002,0.007,0.013,0.015,0.017,-0.002,0.012,-0.001,0.002,0.004,0.004,0.005,-0.001,0.003,53388.0,54195.0,53646.0,53480.0,54481.0,51842.0,47172.0,,0.0,0.0,,,2.0,-1.0,13.61,0.022,0.221,3.0,2.0,0.0,0.0,23.34,23.15,24.1,26.6,23.16,28.03,23.33,23.36,23.28,36.75
2016-07-28 19:17:00-05:00,-6.2966304,-1.4009527,576614,24.63,0.0,1.624,23.85,275.4,276.8,275.0,273.1,0.0,0.0,0.0,274.3,0.0,60.15,0.0,1453354.0,182.3,0.0,0.0,0.0,0.0,0.0,0.0,0.0,0.0,0.0,0.0,23.47,22.97,1.114,0.0,0.0,0.0,60.0,59.9,74.7,0.0,275.0,275.0,276.0,0.0,0.0,0.0,619.0,1443650.0,42679.0,133431.0,1.0,0.979,0.748,0.921,-0.003,0.007,0.012,0.012,0.017,0.003,0.014,-0.001,0.002,0.003,0.003,0.005,0.001,0.004,53388.0,54195.0,53646.0,53480.0,54481.0,51842.0,47172.0,,0.0,0.0,,,2.0,-1.0,13.61,0.022,0.221,3.0,2.0,0.0,0.0,23.34,23.06,24.1,26.62,23.16,27.77,23.3,23.36,23.21,36.75
2016-07-28 19:18:00-05:00,-6.4154344,-1.513029,576615,24.63,0.0,1.424,23.87,268.2,276.5,274.9,272.9,0.0,0.0,0.0,267.3,0.0,60.14,0.0,1453354.0,88.8,0.0,0.0,0.0,0.0,0.0,0.0,0.0,0.0,0.0,0.0,23.43,22.96,0.941,0.0,0.0,0.0,60.0,59.9,74.7,0.0,275.0,274.9,276.0,0.0,0.0,0.0,619.0,1443650.0,42679.0,133431.0,1.0,0.979,0.748,0.921,-0.002,0.007,0.012,0.012,0.017,0.004,0.013,-0.001,0.002,0.003,0.003,0.005,0.001,0.004,53388.0,54195.0,53646.0,53480.0,54481.0,51842.0,47172.0,,0.0,0.0,,,2.0,-1.0,13.61,0.022,0.221,3.0,2.0,0.0,0.0,23.34,23.06,24.05,26.57,23.08,27.34,23.35,23.36,23.23,36.75
2016-07-28 19:19:00-05:00,-6.7718477,-1.513029,576616,24.62,0.0,1.414,23.88,260.7,276.2,274.7,272.7,0.0,0.0,0.0,259.9,0.0,60.14,0.0,1453354.0,41.66,0.0,0.0,0.0,0.0,0.0,0.0,0.0,0.0,0.0,0.0,23.47,22.98,0.758,0.0,0.0,0.0,60.0,59.9,74.7,0.0,275.0,274.0,275.9,0.0,0.0,0.0,619.0,1443650.0,42679.0,133431.0,1.0,0.979,0.748,0.921,-0.001,0.007,0.013,0.012,0.016,0.005,0.013,0.0,0.002,0.003,0.003,0.004,0.001,0.003,53388.0,54195.0,53646.0,53480.0,54481.0,51842.0,47172.0,,0.0,0.0,,,2.5,-1.0,13.61,0.022,0.221,3.0,2.0,0.0,0.0,23.34,23.06,24.06,26.51,23.07,27.39,23.35,23.34,23.24,36.75
2016-07-28 19:20:00-05:00,-7.0094566,-1.7371814,576617,24.6,0.0,1.06,23.91,254.0,276.3,274.6,272.6,0.0,0.0,0.0,253.2,0.0,60.14,0.0,1453354.0,22.56,0.0,0.0,0.0,0.0,0.0,0.0,0.0,0.0,0.0,0.0,23.48,22.97,0.674,0.0,0.0,0.0,60.0,59.9,74.7,0.0,275.0,274.0,275.8,0.0,0.0,0.0,619.0,1443650.0,42679.0,133431.0,1.0,0.979,0.748,0.921,0.0,0.007,0.012,0.011,0.014,0.005,0.014,0.0,0.002,0.003,0.003,0.004,0.001,0.003,53388.0,54195.0,53646.0,53480.0,54481.0,51842.0,47172.0,0.51,73.5,39.37,1.0,3.512,2.0,-1.0,13.61,0.022,0.221,3.0,2.0,0.0,0.0,23.34,23.06,24.06,26.51,23.07,27.4,23.35,23.36,23.25,36.73
2016-07-28 19:21:00-05:00,-7.1282606,-1.9613338,576618,24.6,0.0,0.916,23.91,245.5,276.2,274.6,272.7,0.0,0.0,0.0,244.8,0.0,60.15,0.0,1453354.0,21.52,0.0,0.0,0.0,0.0,0.0,0.0,0.0,0.0,0.0,0.0,23.46,22.95,0.568,0.0,0.0,0.0,60.0,59.9,74.7,0.0,275.0,274.0,276.0,0.0,0.0,0.0,619.0,1443650.0,42679.0,133431.0,1.0,0.979,0.748,0.921,0.001,0.006,0.013,0.01,0.015,0.006,0.014,0.0,0.002,0.003,0.003,0.004,0.002,0.003,53388.0,54195.0,53646.0,53480.0,54481.0,51842.0,47172.0,0.532,18.75,32.23,1.0,3.51,2.0,-1.0,13.61,0.022,0.221,3.0,2.0,0.0,0.0,23.34,23.06,24.15,26.52,23.07,27.09,23.28,23.29,23.23,36.73
2016-07-28 19:22:00-05:00,-7.1282606,-2.07341,576619,24.6,0.0,0.916,23.87,231.5,276.1,274.6,272.6,0.0,0.0,0.0,230.9,0.0,60.14,0.0,1453354.0,21.49,0.0,0.0,0.0,0.0,0.0,0.0,0.0,0.0,0.0,0.0,23.42,22.96,0.392,0.0,0.0,0.0,60.0,59.9,74.7,0.0,275.0,274.0,275.8,0.0,0.0,0.0,619.0,1443650.0,42679.0,133431.0,1.0,0.979,0.748,0.921,0.003,0.007,0.011,0.01,0.013,0.007,0.013,0.001,0.002,0.002,0.002,0.003,0.002,0.003,53388.0,54195.0,53646.0,53480.0,54481.0,51842.0,47172.0,0.605,335.6,28.85,1.0,3.51,2.0,-1.0,13.61,0.022,0.221,3.0,2.0,0.0,0.0,23.34,23.06,24.24,26.47,23.07,27.13,23.26,23.33,23.27,36.65
2016-07-28 19:23:00-05:00,-7.1282606,-2.2975626,576620,24.6,0.0,0.803,23.87,210.4,276.3,274.6,272.6,0.0,0.0,0.0,209.9,0.0,60.14,0.0,1453354.0,21.5,0.0,0.0,0.0,0.0,0.0,0.0,0.0,0.0,0.0,0.0,23.39,22.94,0.285,0.0,0.0,0.0,60.0,59.9,74.7,0.0,275.0,274.0,275.9,0.0,0.0,0.0,619.0,1443650.0,42679.0,133431.0,1.0,0.979,0.748,0.921,0.002,0.006,0.01,0.01,0.013,0.008,0.013,0.0,0.001,0.002,0.002,0.003,0.002,0.003,53388.0,54195.0,53646.0,53480.0,54481.0,51842.0,47172.0,,0.0,0.0,,,2.0,-1.0,13.61,0.022,0.221,3.0,2.0,0.0,0.0,23.34,23.06,24.25,26.41,23.07,26.86,23.24,23.3,23.27,36.65
2016-07-28 19:24:00-05:00,-7.1282606,-2.2975626,576621,24.6,0.0,0.447,23.89,184.7,276.2,274.6,272.6,0.0,0.0,0.0,184.3,0.0,60.15,0.0,1453354.0,21.54,0.0,0.0,0.0,0.0,0.0,0.0,0.0,0.0,0.0,0.0,23.43,22.95,0.195,0.0,0.0,0.0,60.0,59.9,74.7,0.0,275.0,274.0,275.8,0.0,0.0,0.0,619.0,1443650.0,42679.0,133431.0,1.0,0.979,0.748,0.921,0.004,0.006,0.01,0.01,0.012,0.008,0.012,0.001,0.001,0.002,0.002,0.002,0.001,0.002,53388.0,54195.0,53646.0,53480.0,54481.0,51842.0,47172.0,0.325,327.5,85.1,0.9,3.512,2.0,-1.0,13.61,0.022,0.221,3.0,2.0,0.0,0.0,23.37,23.01,24.16,26.35,23.07,26.57,23.21,23.31,23.24,36.65
2016-07-28 19:25:00-05:00,-7.1282606,-2.2975626,576622,24.6,0.0,0.407,23.94,155.2,276.1,274.6,272.6,0.0,0.0,0.0,154.9,0.0,60.15,0.0,1453354.0,21.57,0.0,0.0,0.0,0.0,0.0,0.0,0.0,0.0,0.0,0.0,23.51,22.99,0.064,0.0,0.0,0.0,60.0,59.9,74.7,0.0,275.0,274.0,276.0,0.0,0.0,0.0,619.0,1443650.0,42679.0,133431.0,1.0,0.979,0.748,0.921,0.004,0.006,0.01,0.009,0.014,0.009,0.012,0.001,0.001,0.002,0.001,0.002,0.001,0.002,53388.0,54195.0,53646.0,53480.0,54481.0,51842.0,47172.0,0.468,352.9,30.23,1.1,3.512,2.0,-1.0,13.61,0.022,0.221,3.0,2.0,0.0,0.0,23.42,22.96,24.24,26.31,23.08,26.39,23.19,23.34,23.22,36.64
2016-07-28 19:26:00-05:00,-7.1282606,-2.2975626,576623,24.57,0.0,0.407,23.93,130.8,276.5,275.3,273.3,0.0,0.0,0.0,130.4,0.0,60.15,0.0,1453354.0,21.53,0.0,0.0,0.0,0.0,0.0,0.0,0.0,0.0,0.0,0.0,23.46,22.99,0.038,0.0,0.0,0.0,60.0,59.9,74.7,0.0,275.1,274.9,276.0,0.0,0.0,0.0,619.0,1443650.0,42679.0,133431.0,1.0,0.979,0.748,0.921,0.003,0.006,0.008,0.009,0.013,0.009,0.012,0.0,0.001,0.001,0.001,0.002,0.001,0.002,53388.0,54195.0,53646.0,53480.0,54481.0,51842.0,47172.0,0.448,9.16,49.94,1.0,3.51,2.0,-1.0,13.61,0.022,0.221,3.0,2.0,0.0,0.0,23.41,22.96,24.23,26.33,23.16,26.19,23.19,23.36,23.26,36.56
2016-07-28 19:27:00-05:00,-7.1282606,-2.2975626,576624,24.57,0.0,0.407,23.97,119.4,276.8,275.3,273.3,0.0,0.0,0.0,118.8,0.0,60.14,0.0,1453354.0,21.63,0.0,0.0,0.0,0.0,0.0,0.0,0.0,0.0,0.0,0.0,23.48,22.96,0.038,0.0,0.0,0.0,60.0,59.9,74.7,0.0,275.6,275.0,276.0,0.0,0.0,0.0,619.0,1443650.0,42679.0,133431.0,1.0,0.979,0.748,0.921,0.004,0.006,0.008,0.009,0.013,0.009,0.012,0.0,0.001,0.001,0.001,0.002,0.001,0.001,53388.0,54195.0,53646.0,53480.0,54481.0,51842.0,47172.0,,0.0,0.0,,,2.0,-1.0,13.61,0.022,0.22,3.0,2.0,0.0,0.0,23.37,22.99,24.33,26.31,23.16,26.29,23.26,23.36,23.29,36.56
2016-07-28 19:28:00-05:00,-7.1282606,-2.2975626,576625,24.57,0.0,0.407,23.98,113.3,276.8,275.3,273.2,0.0,0.0,0.0,112.8,0.0,60.15,0.0,1453354.0,21.59,0.0,0.0,0.0,0.0,0.0,0.0,0.0,0.0,0.0,0.0,23.51,22.98,0.038,0.0,0.0,0.0,60.0,59.9,74.7,0.0,275.1,275.0,276.0,0.0,0.0,0.0,619.0,1443650.0,42679.0,133431.0,1.0,0.979,0.748,0.921,0.005,0.006,0.009,0.01,0.013,0.009,0.011,0.001,0.001,0.001,0.001,0.001,0.001,0.001,53388.0,54195.0,53646.0,53480.0,54481.0,51842.0,47172.0,,0.0,0.0,,,3.0,-1.0,13.61,0.022,0.221,3.0,2.0,0.0,0.0,23.44,23.06,24.28,26.35,23.16,26.02,23.26,23.36,23.27,36.54
2016-07-28 19:29:00-05:00,-7.1282606,-2.2975626,576626,24.57,0.0,0.407,23.95,105.7,277.0,275.4,273.3,0.0,0.0,0.0,105.4,0.0,60.13,0.0,1453354.0,21.41,0.0,0.0,0.0,0.0,0.0,0.0,0.0,0.0,0.0,0.0,23.47,22.97,0.036,0.0,0.0,0.0,60.0,59.9,74.7,0.0,276.0,275.0,276.0,0.0,0.0,0.0,619.0,1443650.0,42679.0,133431.0,1.0,0.979,0.748,0.921,0.005,0.006,0.008,0.009,0.013,0.01,0.012,0.001,0.001,0.001,0.001,0.001,0.001,0.001,53388.0,54195.0,53646.0,53480.0,54481.0,51842.0,47172.0,,0.0,0.0,,,2.0,-1.0,13.61,0.022,0.22,3.0,2.0,0.0,0.0,23.42,23.06,24.33,26.54,23.16,26.0,23.26,23.36,23.25,36.5
2016-07-28 19:30:00-05:00,-7.1282606,-2.2975626,576627,24.57,0.0,0.407,23.95,97.7,277.0,275.2,273.2,0.0,0.0,0.0,97.4,0.0,60.15,0.0,1453354.0,21.62,0.0,0.0,0.0,0.0,0.0,0.0,0.0,0.0,0.0,0.0,23.52,22.99,0.034,0.0,0.0,0.0,60.0,59.9,74.7,0.0,275.5,275.0,276.0,0.0,0.0,0.0,619.0,1443650.0,42679.0,133431.0,1.0,0.979,0.748,0.921,0.004,0.006,0.008,0.009,0.012,0.01,0.011,0.0,0.001,0.001,0.001,0.001,0.001,0.001,53388.0,54195.0,53646.0,53480.0,54481.0,51842.0,47172.0,1.093,323.1,20.3,1.8,3.512,2.0,-1.0,13.61,0.022,0.22,3.0,2.0,0.0,0.0,23.44,23.06,24.33,26.58,23.16,26.03,23.26,23.36,23.27,36.46
2016-07-28 19:31:00-05:00,-7.1282606,-2.2975626,576628,24.57,0.0,0.407,23.92,84.5,277.1,275.2,273.2,0.0,0.0,0.0,84.2,0.0,60.15,0.0,1453354.0,21.61,0.0,0.0,0.0,0.0,0.0,0.0,0.0,0.0,0.0,0.0,23.47,22.98,0.027,0.0,0.0,0.0,60.0,59.9,74.7,0.0,275.8,275.0,276.0,0.0,0.0,0.0,619.0,1443650.0,42679.0,133431.0,1.0,0.979,0.748,0.921,0.005,0.007,0.008,0.01,0.013,0.01,0.011,0.0,0.001,0.001,0.001,0.001,0.001,0.001,53388.0,54195.0,53646.0,53480.0,54481.0,51842.0,47172.0,0.648,331.5,32.75,1.0,3.512,2.0,-1.0,13.61,0.022,0.22,3.0,2.0,0.0,0.0,23.44,23.06,24.32,26.5,23.16,25.85,23.26,23.36,23.37,36.37
2016-07-28 19:32:00-05:00,-7.1282606,-2.2975626,576629,24.57,0.0,0.407,23.87,69.86,277.0,275.2,273.2,0.0,0.0,0.0,69.54,0.0,60.15,0.0,1453354.0,21.73,0.0,0.0,0.0,0.0,0.0,0.0,0.0,0.0,0.0,0.0,23.44,23.01,-0.005,0.0,0.0,0.0,60.0,59.9,74.7,0.0,275.9,275.0,276.0,0.0,0.0,0.0,619.0,1443650.0,42679.0,133431.0,1.0,0.979,0.748,0.921,0.005,0.006,0.008,0.01,0.012,0.01,0.011,0.0,0.0,0.001,0.001,0.001,0.001,0.001,53388.0,54195.0,53646.0,53480.0,54481.0,51842.0,47172.0,,0.0,0.0,,,2.5,-1.0,13.61,0.022,0.221,3.0,2.0,0.0,0.0,23.42,23.06,24.32,26.52,23.16,25.65,23.26,23.36,23.37,36.36
2016-07-28 19:33:00-05:00,-7.1282606,-2.2975626,576630,24.56,0.0,0.407,23.89,60.92,277.0,275.4,273.3,0.0,0.0,0.0,60.6,0.0,60.13,0.0,1453354.0,21.74,0.0,0.0,0.0,0.0,0.0,0.0,0.0,0.0,0.0,0.0,23.47,22.98,-0.009,0.0,0.0,0.0,60.0,59.9,74.7,0.0,275.9,275.0,276.0,0.0,0.0,0.0,619.0,1443650.0,42679.0,133431.0,1.0,0.979,0.748,0.921,0.005,0.006,0.008,0.01,0.013,0.01,0.011,0.0,0.0,0.001,0.001,0.001,0.001,0.001,53388.0,54195.0,53646.0,53480.0,54481.0,51842.0,47172.0,0.853,338.3,33.17,1.5,3.51,2.0,-1.0,13.61,0.022,0.22,3.0,2.0,0.0,0.0,23.38,23.06,24.36,26.54,23.16,25.54,23.26,23.37,23.39,36.31
2016-07-28 19:34:00-05:00,-7.1282606,-2.2975626,576631,24.54,0.0,0.407,23.88,51.75,277.1,275.5,273.5,0.0,0.0,0.0,51.41,0.0,60.14,0.0,1453354.0,21.55,0.0,0.0,0.0,0.0,0.0,0.0,0.0,0.0,0.0,0.0,23.47,23.0,-0.014,0.0,0.0,0.0,60.0,59.9,74.7,0.0,276.0,275.0,276.2,0.0,0.0,0.0,619.0,1443650.0,42679.0,133431.0,1.0,0.979,0.748,0.921,0.005,0.007,0.008,0.009,0.013,0.01,0.011,0.0,0.0,0.0,0.0,0.001,0.001,0.001,53388.0,54195.0,53646.0,53480.0,54481.0,51842.0,47172.0,,0.0,0.0,,,2.0,-1.0,13.61,0.022,0.22,3.0,2.0,0.0,0.0,23.41,23.06,24.36,26.56,23.16,25.42,23.26,23.42,23.37,36.26
2016-07-28 19:35:00-05:00,-7.1282606,-2.2975626,576632,24.54,0.0,0.407,23.91,44.21,277.4,275.5,273.5,0.0,0.0,0.0,43.82,0.0,60.15,0.0,1453354.0,21.65,0.0,0.0,0.0,0.0,0.0,0.0,0.0,0.0,0.0,0.0,23.52,22.99,-0.029,0.0,0.0,0.0,60.0,59.9,74.7,0.0,276.0,275.0,276.5,0.0,0.0,0.0,619.0,1443650.0,42679.0,133431.0,1.0,0.979,0.748,0.921,0.004,0.006,0.007,0.009,0.014,0.01,0.011,0.0,0.0,0.0,0.0,0.001,0.0,0.0,53388.0,54195.0,53646.0,53480.0,54481.0,51842.0,47172.0,1.368,321.3,7.366,1.7,3.51,2.0,-1.0,13.61,0.022,0.22,3.0,2.0,0.0,0.0,23.36,23.06,24.34,26.58,23.16,25.31,23.26,23.46,23.42,36.18
2016-07-28 19:36:00-05:00,-7.1282606,-2.2975626,576633,24.54,0.0,0.407,23.81,39.62,277.3,275.7,273.6,0.0,0.0,0.0,39.16,0.0,60.15,0.0,1453354.0,21.65,0.0,0.0,0.0,0.0,0.0,0.0,0.0,0.0,0.0,0.0,23.39,22.98,-0.032,0.0,0.0,0.0,60.0,59.9,74.7,0.0,276.0,275.0,276.9,0.0,0.0,0.0,619.0,1443650.0,42679.0,133431.0,1.0,0.979,0.748,0.921,0.005,0.006,0.008,0.009,0.013,0.009,0.011,0.0,0.0,0.0,0.0,0.001,0.0,0.0,53388.0,54195.0,53646.0,53480.0,54481.0,51842.0,47172.0,,0.0,0.0,,,2.0,-1.0,13.61,0.022,0.22,3.0,2.0,0.0,0.0,23.36,23.06,24.39,26.67,23.16,25.2,23.26,23.42,23.37,36.12
2016-07-28 19:37:00-05:00,-7.1282606,-2.2975626,576634,24.54,0.0,0.407,23.77,36.19,277.6,275.8,273.7,0.0,0.0,0.0,35.9,0.0,60.14,0.0,1453354.0,21.69,0.0,0.0,0.0,0.0,0.0,0.0,0.0,0.0,0.0,0.0,23.36,22.93,-0.029,0.0,0.0,0.0,60.0,59.9,74.7,0.0,276.0,275.6,277.0,0.0,0.0,0.0,619.0,1443650.0,42679.0,133431.0,1.0,0.979,0.748,0.921,0.005,0.006,0.008,0.009,0.014,0.01,0.011,0.0,0.0,0.0,0.0,0.001,0.0,0.0,53388.0,54195.0,53646.0,53480.0,54481.0,51842.0,47172.0,,0.0,0.0,,,2.0,-1.0,13.61,0.022,0.22,3.0,2.0,0.0,0.0,23.34,23.06,24.37,26.66,23.16,24.9,23.26,23.37,23.39,36.03
2016-07-28 19:38:00-05:00,-7.1282606,-2.2975626,576635,24.52,0.0,0.407,23.77,35.12,277.4,275.9,273.8,0.0,0.0,0.0,34.92,0.0,60.14,0.0,1453354.0,21.64,0.0,0.0,0.0,0.0,0.0,0.0,0.0,0.0,0.0,0.0,23.36,22.92,-0.034,0.0,0.0,0.0,60.0,59.9,74.7,0.0,276.0,275.6,277.0,0.0,0.0,0.0,619.0,1443650.0,42679.0,133431.0,1.0,0.979,0.748,0.921,0.005,0.005,0.007,0.009,0.014,0.009,0.011,0.0,0.0,0.0,0.0,0.0,0.0,0.0,53388.0,54195.0,53646.0,53480.0,54481.0,51842.0,47172.0,1.39,337.2,10.86,2.1,3.509,2.0,-1.0,13.61,0.022,0.22,3.0,2.0,0.0,0.0,23.34,23.06,24.36,26.57,23.07,24.84,23.26,23.36,23.39,35.97
2016-07-28 19:39:00-05:00,-7.1282606,-2.2975626,576636,24.51,0.0,0.407,23.78,35.52,277.6,276.0,273.9,0.0,0.0,0.0,35.39,0.0,60.15,0.0,1453354.0,21.65,0.0,0.0,0.0,0.0,0.0,0.0,0.0,0.0,0.0,0.0,23.4,22.92,-0.032,0.0,0.0,0.0,60.0,59.9,74.7,0.0,276.0,276.0,277.0,0.0,0.0,0.0,619.0,1443650.0,42679.0,133431.0,1.0,0.979,0.748,0.921,0.004,0.006,0.007,0.009,0.013,0.01,0.012,0.0,0.0,0.0,0.0,0.0,0.0,0.0,53388.0,54195.0,53646.0,53480.0,54481.0,51842.0,47172.0,,0.0,0.0,,,2.0,-1.0,13.61,0.022,0.221,3.0,2.0,0.0,0.0,23.32,23.07,24.31,26.59,23.07,24.99,23.26,23.36,23.39,35.88
2016-07-28 19:40:00-05:00,-7.1282606,-2.2975626,576637,24.51,0.0,0.407,23.87,34.87,277.6,275.7,273.7,0.0,0.0,0.0,34.69,0.0,60.14,0.0,1453354.0,21.68,0.0,0.0,0.0,0.0,0.0,0.0,0.0,0.0,0.0,0.0,23.49,22.96,-0.033,0.0,0.0,0.0,60.0,59.9,74.7,0.0,276.0,275.5,277.0,0.0,0.0,0.0,619.0,1443650.0,42679.0,133431.0,1.0,0.979,0.748,0.921,0.004,0.006,0.008,0.009,0.014,0.009,0.011,0.0,0.0,0.0,0.0,0.0,0.0,0.0,53388.0,54195.0,53646.0,53480.0,54481.0,51842.0,47172.0,,0.0,0.0,,,2.0,-1.0,13.61,0.022,0.22,3.0,2.0,0.0,0.0,23.34,23.12,24.41,26.69,23.16,25.3,23.26,23.36,23.44,35.79
2016-07-28 19:41:00-05:00,-7.1282606,-2.2975626,576638,24.51,0.0,0.407,23.84,38.0,277.7,276.0,273.9,0.0,0.0,0.0,37.53,0.0,60.15,0.0,1453354.0,21.68,0.0,0.0,0.0,0.0,0.0,0.0,0.0,0.0,0.0,0.0,23.48,22.95,-0.029,0.0,0.0,0.0,60.0,59.9,74.7,0.0,276.0,276.0,277.0,0.0,0.0,0.0,619.0,1443650.0,42679.0,133431.0,1.0,0.979,0.748,0.921,0.005,0.005,0.007,0.009,0.013,0.01,0.01,0.0,0.0,0.0,0.0,0.001,0.0,0.0,53388.0,54195.0,53646.0,53480.0,54481.0,51842.0,47172.0,,0.0,0.0,,,2.0,-1.0,13.61,0.022,0.221,3.0,2.0,0.0,0.0,23.34,23.15,24.44,26.67,23.16,25.13,23.26,23.36,23.48,35.71
2016-07-28 19:42:00-05:00,-7.1282606,-2.2975626,576639,24.48,0.0,0.407,23.84,42.2,277.7,276.1,274.0,0.0,0.0,0.0,41.73,0.0,60.15,0.0,1453354.0,21.66,0.0,0.0,0.0,0.0,0.0,0.0,0.0,0.0,0.0,0.0,23.49,22.98,-0.017,0.0,0.0,0.0,60.0,59.9,74.7,0.0,276.0,276.0,277.0,0.0,0.0,0.0,619.0,1443650.0,42679.0,133431.0,1.0,0.979,0.748,0.921,0.005,0.005,0.008,0.008,0.013,0.01,0.011,0.0,0.0,0.0,0.0,0.001,0.0,0.0,53388.0,54195.0,53646.0,53480.0,54481.0,51842.0,47172.0,,0.0,0.0,,,2.5,-1.0,13.61,0.022,0.221,3.0,2.0,0.0,0.0,23.34,23.22,24.44,26.79,23.16,25.36,23.26,23.36,23.48,35.61
2016-07-28 19:43:00-05:00,-7.1282606,-2.2975626,576640,24.48,0.0,0.407,23.83,45.29,277.9,276.3,274.2,0.0,0.0,0.0,44.76,0.0,60.14,0.0,1453354.0,21.72,0.0,0.0,0.0,0.0,0.0,0.0,0.0,0.0,0.0,0.0,23.44,22.99,-0.014,0.0,0.0,0.0,60.0,59.9,74.7,0.0,276.5,276.0,277.0,0.0,0.0,0.0,619.0,1443650.0,42679.0,133431.0,1.0,0.979,0.748,0.921,0.005,0.005,0.008,0.009,0.013,0.01,0.012,0.0,0.0,0.0,0.0,0.001,0.0,0.001,53388.0,54195.0,53646.0,53480.0,54481.0,51842.0,47172.0,,0.0,0.0,,,2.0,-1.0,13.61,0.022,0.221,3.0,2.0,0.0,0.0,23.34,23.25,24.44,26.79,23.16,25.4,23.26,23.36,23.4,35.54
2016-07-28 19:44:00-05:00,-7.1282606,-2.2975626,576641,24.48,0.0,0.407,23.79,47.56,277.9,276.4,274.3,0.0,0.0,0.0,47.07,0.0,60.15,0.0,1453354.0,21.69,0.0,0.0,0.0,0.0,0.0,0.0,0.0,0.0,0.0,0.0,23.43,22.98,-0.023,0.0,0.0,0.0,60.0,59.9,74.7,0.0,276.8,276.0,277.0,0.0,0.0,0.0,619.0,1443650.0,42679.0,133431.0,1.0,0.979,0.748,0.921,0.005,0.006,0.008,0.008,0.013,0.01,0.011,0.0,0.0,0.0,0.0,0.001,0.0,0.001,53388.0,54195.0,53646.0,53480.0,54481.0,51842.0,47172.0,1.388,26.98,19.66,2.2,3.507,2.0,-1.0,13.61,0.022,0.221,3.0,2.0,0.0,0.0,23.34,23.28,24.49,26.79,23.16,25.49,23.26,23.36,23.39,35.44
2016-07-28 19:45:00-05:00,-7.1282606,-2.2975626,576642,24.47,0.0,0.407,23.78,48.14,278.0,276.4,274.3,0.0,0.0,0.0,47.69,0.0,60.14,0.0,1453354.0,21.67,0.0,0.0,0.0,0.0,0.0,0.0,0.0,0.0,0.0,0.0,23.44,22.96,-0.024,0.0,0.0,0.0,60.0,59.9,74.7,0.0,277.0,276.0,277.0,0.0,0.0,0.0,619.0,1443650.0,42679.0,133431.0,1.0,0.979,0.748,0.921,0.004,0.006,0.008,0.008,0.013,0.01,0.012,0.0,0.0,0.0,0.0,0.001,0.0,0.001,53388.0,54195.0,53646.0,53480.0,54481.0,51842.0,47172.0,,0.0,0.0,,,2.0,-1.0,13.61,0.022,0.221,3.0,2.0,0.0,0.0,23.34,23.25,24.47,26.77,23.15,25.51,23.23,23.33,23.39,35.35
2016-07-28 19:46:00-05:00,-7.1282606,-2.2975626,576643,24.45,0.0,0.407,23.75,52.21,276.9,275.3,273.3,0.0,0.0,0.0,51.72,0.0,60.15,0.0,1453354.0,21.71,0.0,0.0,0.0,0.0,0.0,0.0,0.0,0.0,0.0,0.0,23.44,22.97,-0.02,0.0,0.0,0.0,60.0,59.9,74.7,0.0,275.5,274.7,276.3,0.0,0.0,0.0,619.0,1443650.0,42679.0,133431.0,1.0,0.979,0.748,0.921,0.005,0.006,0.009,0.009,0.013,0.01,0.011,0.0,0.0,0.0,0.0,0.001,0.001,0.001,53388.0,54195.0,53646.0,53480.0,54481.0,51842.0,47172.0,,0.0,0.0,,,2.0,-1.0,13.61,0.022,0.221,3.0,2.0,0.0,0.0,23.34,23.25,24.46,26.79,23.13,25.64,23.16,23.28,23.35,35.25
2016-07-28 19:47:00-05:00,-7.247065,-2.2975626,576644,24.45,0.0,0.407,23.72,51.87,276.7,274.7,272.7,0.0,0.0,0.0,51.53,0.0,60.15,0.0,1453354.0,21.69,0.0,0.0,0.0,0.0,0.0,0.0,0.0,0.0,0.0,0.0,23.41,22.94,-0.014,0.0,0.0,0.0,60.0,59.9,74.7,0.0,275.0,274.4,276.0,0.0,0.0,0.0,619.0,1443650.0,42679.0,133431.0,1.0,0.979,0.748,0.921,0.004,0.006,0.008,0.009,0.014,0.01,0.011,0.0,0.0,0.0,0.0,0.001,0.0,0.001,53388.0,54195.0,53646.0,53480.0,54481.0,51842.0,47172.0,0.593,43.01,49.58,1.5,3.51,2.0,-1.0,13.61,0.022,0.221,3.0,2.0,0.0,0.0,23.34,23.24,24.46,26.77,23.16,25.7,23.16,23.26,23.29,35.15
2016-07-28 19:48:00-05:00,-7.484674,-2.2975626,576645,24.45,0.0,0.407,23.64,44.93,276.4,274.8,272.7,0.0,0.0,0.0,44.63,0.0,60.14,0.0,1453354.0,21.72,0.0,0.0,0.0,0.0,0.0,0.0,0.0,0.0,0.0,0.0,23.29,22.92,-0.028,0.0,0.0,0.0,60.0,59.9,74.7,0.0,275.0,274.2,276.0,0.0,0.0,0.0,619.0,1443650.0,42679.0,133431.0,1.0,0.979,0.748,0.921,0.005,0.006,0.008,0.009,0.014,0.01,0.011,0.0,0.0,0.0,0.0,0.001,0.0,0.0,53388.0,54195.0,53646.0,53480.0,54481.0,51842.0,47172.0,,0.0,0.0,,,2.5,-1.0,13.61,0.022,0.221,3.0,2.0,0.0,0.0,23.28,23.17,24.46,26.69,23.08,25.59,23.16,23.26,23.29,35.03
2016-07-28 19:49:00-05:00,-7.484674,-2.2975626,576646,24.45,0.0,0.407,23.62,37.45,276.4,274.9,272.9,0.0,0.0,0.0,37.26,0.0,60.14,0.0,1453354.0,21.7,0.0,0.0,0.0,0.0,0.0,0.0,0.0,0.0,0.0,0.0,23.32,22.89,-0.036,0.0,0.0,0.0,60.0,59.9,74.7,0.0,275.0,274.7,276.0,0.0,0.0,0.0,619.0,1443650.0,42679.0,133431.0,1.0,0.979,0.748,0.921,0.006,0.006,0.008,0.009,0.013,0.01,0.011,0.0,0.0,0.0,0.0,0.0,0.0,0.0,53388.0,54195.0,53646.0,53480.0,54481.0,51842.0,47172.0,,0.0,0.0,,,2.0,-1.0,13.61,0.022,0.221,3.0,2.0,0.0,0.0,23.24,23.14,24.53,26.67,23.07,25.41,23.16,23.21,23.29,34.97
2016-07-28 19:50:00-05:00,-7.484674,-2.2975626,576647,24.45,0.0,0.407,23.62,30.81,276.6,274.9,272.9,0.0,0.0,0.0,30.84,0.0,60.15,0.0,1453354.0,21.71,0.0,0.0,0.0,0.0,0.0,0.0,0.0,0.0,0.0,0.0,23.31,22.88,-0.031,0.0,0.0,0.0,60.0,59.9,74.7,0.0,275.0,274.9,276.0,0.0,0.0,0.0,619.0,1443650.0,42679.0,133431.0,1.0,0.979,0.748,0.921,0.004,0.006,0.008,0.009,0.013,0.009,0.01,0.0,0.0,0.0,0.0,0.0,0.0,0.0,53388.0,54195.0,53646.0,53480.0,54481.0,51842.0,47172.0,0.545,126.6,80.1,1.3,3.51,2.0,-1.0,13.61,0.022,0.221,3.0,2.0,0.0,0.0,23.24,23.12,24.61,26.62,23.07,24.9,23.14,23.25,23.29,34.86
2016-07-28 19:51:00-05:00,-7.484674,-2.2975626,576648,24.42,0.0,0.407,23.59,25.44,276.6,275.0,273.0,0.0,0.0,0.0,25.45,0.0,60.15,0.0,1453354.0,21.68,0.0,0.0,0.0,0.0,0.0,0.0,0.0,0.0,0.0,0.0,23.3,22.87,-0.036,0.0,0.0,0.0,60.0,59.9,74.7,0.0,275.0,275.0,276.0,0.0,0.0,0.0,619.0,1443650.0,42679.0,133431.0,1.0,0.979,0.748,0.921,0.005,0.007,0.007,0.008,0.013,0.009,0.011,0.0,0.0,0.0,0.0,0.0,0.0,0.0,53388.0,54195.0,53646.0,53480.0,54481.0,51842.0,47172.0,,0.0,0.0,,,2.0,-1.0,13.61,0.022,0.221,3.0,2.0,0.0,0.0,23.24,23.12,24.64,26.61,23.07,25.04,23.15,23.2,23.25,34.76
2016-07-28 19:52:00-05:00,-7.484674,-2.2975626,576649,24.42,0.0,0.407,23.59,21.03,276.8,274.9,272.9,0.0,0.0,0.0,21.07,0.0,60.14,0.0,1453354.0,21.77,0.0,0.0,0.0,0.0,0.0,0.0,0.0,0.0,0.0,0.0,23.26,22.87,-0.036,0.0,0.0,0.0,60.0,59.9,74.7,0.0,275.0,275.0,276.0,0.0,0.0,0.0,619.0,1443650.0,42679.0,133431.0,1.0,0.979,0.748,0.921,0.005,0.006,0.008,0.009,0.013,0.011,0.012,0.0,0.0,0.0,0.0,0.0,0.0,0.0,53388.0,54195.0,53646.0,53480.0,54481.0,51842.0,47172.0,,0.0,0.0,,,2.0,-1.0,13.61,0.022,0.22,3.0,2.0,0.0,0.0,23.24,23.06,24.67,26.59,23.07,24.98,23.11,23.16,23.19,34.68
2016-07-28 19:53:00-05:00,-7.484674,-2.2975626,576650,24.42,0.0,0.407,23.6,17.46,276.7,274.9,272.8,0.0,0.0,0.0,17.52,0.0,60.14,0.0,1453354.0,21.71,0.0,0.0,0.0,0.0,0.0,0.0,0.0,0.0,0.0,0.0,23.28,22.85,-0.029,0.0,0.0,0.0,60.0,59.9,74.7,0.0,275.0,274.9,276.0,0.0,0.0,0.0,619.0,1443650.0,42679.0,133431.0,1.0,0.979,0.748,0.921,0.004,0.006,0.009,0.009,0.013,0.01,0.01,0.0,0.0,0.0,0.0,0.0,0.0,0.0,53388.0,54195.0,53646.0,53480.0,54481.0,51842.0,47172.0,,0.0,0.0,,,2.5,-1.0,13.61,0.022,0.22,3.0,2.0,0.0,0.0,23.24,23.06,24.72,26.59,23.07,24.97,23.07,23.16,23.19,34.56
2016-07-28 19:54:00-05:00,-7.484674,-2.2975626,576651,24.4,0.0,0.407,23.66,14.75,276.6,274.9,272.9,0.0,0.0,0.0,14.82,0.0,60.14,0.0,1453354.0,21.72,0.0,0.0,0.0,0.0,0.0,0.0,0.0,0.0,0.0,0.0,23.29,22.84,-0.036,0.0,0.0,0.0,60.0,59.9,74.7,0.0,275.0,274.9,276.0,0.0,0.0,0.0,619.0,1443650.0,42679.0,133431.0,1.0,0.979,0.748,0.921,0.004,0.006,0.007,0.008,0.013,0.011,0.011,0.0,0.0,0.0,0.0,0.0,0.0,0.0,53388.0,54195.0,53646.0,53480.0,54481.0,51842.0,47172.0,,0.0,0.0,,,2.0,-1.0,13.61,0.022,0.22,3.0,2.0,0.0,0.0,23.24,23.08,24.72,26.59,23.07,24.92,23.07,23.2,23.19,34.45
2016-07-28 19:55:00-05:00,-7.484674,-2.2975626,576652,24.39,0.0,0.407,23.63,12.87,276.8,274.9,272.9,0.0,0.0,0.0,12.98,0.0,60.14,0.0,1453354.0,21.74,0.0,0.0,0.0,0.0,0.0,0.0,0.0,0.0,0.0,0.0,23.3,22.85,-0.031,0.0,0.0,0.0,60.0,59.9,74.7,0.0,275.0,275.0,276.0,0.0,0.0,0.0,619.0,1443650.0,42679.0,133431.0,1.0,0.979,0.748,0.921,0.005,0.006,0.008,0.008,0.013,0.01,0.011,0.0,0.0,0.0,0.0,0.0,0.0,0.0,53388.0,54195.0,53646.0,53480.0,54481.0,51842.0,47172.0,,0.0,0.0,,,2.0,-1.0,13.61,0.021,0.22,3.0,2.0,0.0,0.0,23.23,23.06,24.74,26.59,23.07,24.91,23.08,23.18,23.19,34.38
2016-07-28 19:56:00-05:00,-7.484674,-2.2975626,576653,24.39,0.0,0.407,23.64,11.6,276.6,274.2,272.2,0.0,0.0,0.0,11.81,0.0,60.15,0.0,1453354.0,21.76,0.0,0.0,0.0,0.0,0.0,0.0,0.0,0.0,0.0,0.0,23.33,22.88,-0.037,0.0,0.0,0.0,60.0,59.9,74.7,0.0,275.0,274.2,275.2,0.0,0.0,0.0,619.0,1443650.0,42679.0,133431.0,1.0,0.979,0.748,0.921,0.005,0.006,0.009,0.009,0.013,0.01,0.012,0.0,0.0,0.0,0.0,0.0,0.0,0.0,53388.0,54195.0,53646.0,53480.0,54481.0,51842.0,47172.0,,0.0,0.0,,,2.0,-1.0,13.61,0.021,0.22,3.0,2.0,0.0,0.0,23.24,23.06,24.74,26.64,23.07,24.94,23.08,23.2,23.19,34.3
2016-07-28 19:57:00-05:00,-7.3658695,-2.2975626,576654,24.39,0.0,0.407,23.63,10.75,276.1,274.2,272.2,0.0,0.0,0.0,11.0,0.0,60.14,0.0,1453354.0,21.71,0.0,0.0,0.0,0.0,0.0,0.0,0.0,0.0,0.0,0.0,23.32,22.89,-0.038,0.0,0.0,0.0,60.0,59.9,74.7,0.0,275.0,274.0,275.0,0.0,0.0,0.0,619.0,1443650.0,42679.0,133431.0,1.0,0.979,0.748,0.921,0.005,0.006,0.008,0.009,0.013,0.01,0.011,0.0,0.0,0.0,0.0,0.0,0.0,0.0,53388.0,54195.0,53646.0,53480.0,54481.0,51842.0,47172.0,,0.0,0.0,,,2.0,-1.0,13.61,0.021,0.22,3.0,2.0,0.0,0.0,23.24,23.09,24.8,26.69,23.07,24.96,23.1,23.23,23.21,34.2
2016-07-28 19:58:00-05:00,-7.247065,-2.2975626,576655,24.39,0.0,0.407,23.62,10.21,276.2,274.1,272.1,0.0,0.0,0.0,10.4,0.0,60.15,0.0,1453354.0,21.72,0.0,0.0,0.0,0.0,0.0,0.0,0.0,0.0,0.0,0.0,23.32,22.88,-0.038,0.0,0.0,0.0,60.0,59.9,74.7,0.0,274.9,274.0,275.0,0.0,0.0,0.0,619.0,1443650.0,42679.0,133431.0,1.0,0.979,0.748,0.921,0.006,0.006,0.008,0.009,0.013,0.01,0.011,0.0,0.0,0.0,0.0,0.0,0.0,0.0,53388.0,54195.0,53646.0,53480.0,54481.0,51842.0,47172.0,0.772,155.1,20.12,1.4,3.512,2.0,-1.0,13.61,0.021,0.22,3.0,2.0,0.0,0.0,23.24,23.12,24.82,26.69,23.07,24.94,23.1,23.24,23.24,34.09
2016-07-28 19:59:00-05:00,-7.484674,-2.2975626,576656,24.37,0.0,0.407,23.58,9.88,276.1,274.3,272.3,0.0,0.0,0.0,10.04,0.0,60.15,0.0,1453354.0,21.75,0.0,0.0,0.0,0.0,0.0,0.0,0.0,0.0,0.0,0.0,23.3,22.88,-0.036,0.0,0.0,0.0,60.0,59.9,74.7,0.0,275.0,274.0,275.0,0.0,0.0,0.0,619.0,1443650.0,42679.0,133431.0,1.0,0.979,0.748,0.921,0.006,0.006,0.008,0.009,0.014,0.01,0.011,0.0,0.0,0.0,0.0,0.0,0.0,0.0,53388.0,54195.0,53646.0,53480.0,54481.0,51842.0,47172.0,,0.0,0.0,,,2.0,-1.0,13.61,0.021,0.22,3.0,2.0,0.0,0.0,23.24,23.14,24.74,26.69,23.07,24.92,23.07,23.23,23.21,34.01
2016-07-28 20:00:00-05:00,-7.484674,-2.2975626,576657,24.36,0.0,0.407,23.6,9.6,276.1,274.4,272.3,0.0,0.0,0.0,9.83,0.0,60.14,0.0,1453354.0,21.74,0.0,0.0,0.0,0.0,0.0,0.0,0.0,0.0,0.0,0.0,23.27,22.88,-0.038,0.0,0.0,0.0,60.0,59.9,74.7,0.0,275.0,274.0,275.0,0.0,0.0,0.0,619.0,1443650.0,42679.0,133431.0,1.0,0.979,0.748,0.921,0.005,0.007,0.008,0.009,0.014,0.01,0.011,0.0,0.0,0.0,0.0,0.0,0.0,0.0,53388.0,54195.0,53646.0,53480.0,54481.0,51842.0,47172.0,,0.0,0.0,,,2.0,-1.0,13.61,0.021,0.22,3.0,2.0,0.0,0.0,23.24,23.13,24.75,26.69,23.07,24.89,23.07,23.23,23.2,33.92
2016-07-28 20:01:00-05:00,-7.484674,-2.2975626,576658,24.36,0.0,0.407,23.58,9.35,276.2,274.4,272.4,0.0,0.0,0.0,9.51,0.0,60.15,0.0,1453354.0,21.73,0.0,0.0,0.0,0.0,0.0,0.0,0.0,0.0,0.0,0.0,23.27,22.88,-0.034,0.0,0.0,0.0,60.0,59.9,74.7,0.0,275.0,274.0,275.2,0.0,0.0,0.0,619.0,1443650.0,42679.0,133431.0,1.0,0.979,0.748,0.921,0.005,0.007,0.008,0.009,0.014,0.01,0.011,0.0,0.0,0.0,0.0,0.0,0.0,0.0,53388.0,54195.0,53646.0,53480.0,54481.0,51842.0,47172.0,,0.0,0.0,,,2.0,-1.0,13.61,0.021,0.22,3.0,2.0,0.0,0.0,23.24,23.19,24.78,26.69,23.07,24.82,23.07,23.18,23.21,33.86
2016-07-28 20:02:00-05:00,-7.247065,-2.2975626,576659,24.36,0.0,0.407,23.6,9.2,276.7,274.5,272.5,0.0,0.0,0.0,9.48,0.0,60.14,0.0,1453354.0,21.76,0.0,0.0,0.0,0.0,0.0,0.0,0.0,0.0,0.0,0.0,23.28,22.9,-0.036,0.0,0.0,0.0,60.0,59.9,74.7,0.0,275.0,274.0,275.9,0.0,0.0,0.0,619.0,1443650.0,42679.0,133431.0,1.0,0.979,0.748,0.921,0.005,0.006,0.007,0.009,0.015,0.01,0.011,0.0,0.0,0.0,0.0,0.0,0.0,0.0,53388.0,54195.0,53646.0,53480.0,54481.0,51842.0,47172.0,,0.0,0.0,,,2.0,-1.0,13.61,0.021,0.22,3.0,2.0,0.0,0.0,23.24,23.17,24.83,26.69,23.07,24.86,23.07,23.23,23.19,33.78
2016-07-28 20:03:00-05:00,-7.1282606,-2.2975626,576660,24.34,0.0,0.407,23.54,8.69,276.3,274.7,272.7,0.0,0.0,0.0,8.96,0.0,60.15,0.0,1453354.0,21.74,0.0,0.0,0.0,0.0,0.0,0.0,0.0,0.0,0.0,0.0,23.29,22.89,-0.036,0.0,0.0,0.0,60.0,59.9,74.7,0.0,275.0,274.0,276.0,0.0,0.0,0.0,619.0,1443650.0,42679.0,133431.0,1.0,0.979,0.748,0.921,0.005,0.007,0.008,0.01,0.014,0.009,0.012,0.0,0.0,0.0,0.0,0.0,0.0,0.0,53388.0,54195.0,53646.0,53480.0,54481.0,51842.0,47172.0,,0.0,0.0,,,2.0,-1.0,13.61,0.021,0.22,3.0,2.0,0.0,0.0,23.24,23.15,24.83,26.69,23.07,24.84,23.07,23.21,23.19,33.7
2016-07-28 20:04:00-05:00,-7.247065,-2.2975626,576661,24.33,0.0,0.407,23.55,8.37,276.6,274.8,272.8,0.0,0.0,0.0,8.67,0.0,60.14,0.0,1453354.0,21.73,0.0,0.0,0.0,0.0,0.0,0.0,0.0,0.0,0.0,0.0,23.24,22.88,-0.034,0.0,0.0,0.0,60.0,59.9,74.7,0.0,275.0,274.3,276.0,0.0,0.0,0.0,619.0,1443650.0,42679.0,133431.0,1.0,0.979,0.748,0.921,0.006,0.006,0.007,0.009,0.013,0.009,0.011,0.0,0.0,0.0,0.0,0.0,0.0,0.0,53388.0,54195.0,53646.0,53480.0,54481.0,51842.0,47172.0,,0.0,0.0,,,2.0,-1.0,13.61,0.021,0.22,3.0,2.0,0.0,0.0,23.24,23.17,24.83,26.69,23.07,24.88,23.07,23.21,23.19,33.62
2016-07-28 20:05:00-05:00,-7.484674,-2.2975626,576662,24.33,0.0,0.407,23.52,7.875,276.8,274.8,272.8,0.0,0.0,0.0,8.24,0.0,60.14,0.0,1453354.0,21.74,0.0,0.0,0.0,0.0,0.0,0.0,0.0,0.0,0.0,0.0,23.25,22.87,-0.037,0.0,0.0,0.0,60.0,59.9,74.7,0.0,275.0,274.8,276.0,0.0,0.0,0.0,619.0,1443650.0,42679.0,133431.0,1.0,0.979,0.748,0.921,0.005,0.006,0.008,0.01,0.014,0.011,0.011,0.0,0.0,0.0,0.0,0.0,0.0,0.0,53388.0,54195.0,53646.0,53480.0,54481.0,51842.0,47172.0,0.348,121.3,44.55,0.8,3.512,2.0,-1.0,13.61,0.021,0.22,3.0,2.0,0.0,0.0,23.24,23.15,24.83,26.69,23.07,24.86,23.07,23.16,23.19,33.57
2016-07-28 20:06:00-05:00,-7.484674,-2.2975626,576663,24.33,0.0,0.407,23.54,7.516,276.1,274.4,272.4,0.0,0.0,0.0,7.737,0.0,60.14,0.0,1453354.0,21.76,0.0,0.0,0.0,0.0,0.0,0.0,0.0,0.0,0.0,0.0,23.25,22.86,-0.034,0.0,0.0,0.0,60.0,59.9,74.7,0.0,275.0,274.1,275.1,0.0,0.0,0.0,619.0,1443650.0,42679.0,133431.0,1.0,0.979,0.748,0.921,0.005,0.007,0.008,0.009,0.013,0.01,0.011,0.0,0.0,0.0,0.0,0.0,0.0,0.0,53388.0,54195.0,53646.0,53480.0,54481.0,51842.0,47172.0,,0.0,0.0,,,2.0,-1.0,13.61,0.021,0.22,3.0,2.0,0.0,0.0,23.24,23.16,24.83,26.69,23.07,24.76,23.07,23.16,23.19,33.47
2016-07-28 20:07:00-05:00,-7.484674,-2.2975626,576664,24.33,0.0,0.407,23.54,7.244,276.0,274.3,272.4,0.0,0.0,0.0,7.695,0.0,60.14,0.0,1453354.0,21.78,0.0,0.0,0.0,0.0,0.0,0.0,0.0,0.0,0.0,0.0,23.24,22.84,-0.037,0.0,0.0,0.0,60.0,59.9,74.7,0.0,275.0,274.0,275.0,0.0,0.0,0.0,619.0,1443650.0,42679.0,133431.0,1.0,0.979,0.748,0.921,0.005,0.007,0.008,0.008,0.014,0.01,0.011,0.0,0.0,0.0,0.0,0.0,0.0,0.0,53388.0,54195.0,53646.0,53480.0,54481.0,51842.0,47172.0,,0.0,0.0,,,2.0,-1.0,13.61,0.021,0.22,3.0,2.0,0.0,0.0,23.24,23.14,24.83,26.71,23.07,24.78,23.07,23.16,23.19,33.4
2016-07-28 20:08:00-05:00,-7.484674,-2.4096386,576665,24.33,0.0,0.407,23.52,7.058,276.5,274.2,272.3,0.0,0.0,0.0,7.639,0.0,60.15,0.0,1453354.0,21.75,0.0,0.0,0.0,0.0,0.0,0.0,0.0,0.0,0.0,0.0,23.19,22.85,-0.038,0.0,0.0,0.0,60.0,59.9,74.7,0.0,275.0,274.0,275.0,0.0,0.0,0.0,619.0,1443650.0,42679.0,133431.0,1.0,0.979,0.748,0.921,0.005,0.007,0.007,0.009,0.012,0.01,0.011,0.0,0.0,0.0,0.0,0.0,0.0,0.0,53388.0,54195.0,53646.0,53480.0,54481.0,51842.0,47172.0,0.942,168.4,48.34,1.7,3.51,2.0,-1.0,13.61,0.021,0.22,3.0,2.0,0.0,0.0,23.23,23.11,24.82,26.69,23.05,24.75,23.05,23.16,23.19,33.3
2016-07-28 20:09:00-05:00,-7.484674,-2.2975626,576666,24.31,0.0,0.407,23.53,6.894,276.3,274.3,272.3,0.0,0.0,0.0,7.604,0.0,60.14,0.0,1453354.0,21.75,0.0,0.0,0.0,0.0,0.0,0.0,0.0,0.0,0.0,0.0,23.16,22.8,-0.038,0.0,0.0,0.0,60.0,59.9,74.7,0.0,275.0,274.0,275.0,0.0,0.0,0.0,619.0,1443650.0,42679.0,133431.0,1.0,0.979,0.748,0.921,0.006,0.006,0.008,0.009,0.013,0.01,0.011,0.0,0.0,0.0,0.0,0.0,0.0,0.0,53388.0,54195.0,53646.0,53480.0,54481.0,51842.0,47172.0,,0.0,0.0,,,2.5,-1.0,13.61,0.021,0.22,3.0,2.0,0.0,0.0,23.15,23.07,24.8,26.69,23.07,24.74,23.05,23.16,23.19,33.22
2016-07-28 20:10:00-05:00,-7.484674,-2.4096386,576667,24.3,0.0,0.407,23.53,6.885,276.2,274.5,272.4,0.0,0.0,0.0,7.492,0.0,60.14,0.0,1453354.0,21.76,0.0,0.0,0.0,0.0,0.0,0.0,0.0,0.0,0.0,0.0,23.17,22.82,-0.037,0.0,0.0,0.0,60.0,59.9,74.7,0.0,275.0,274.0,275.2,0.0,0.0,0.0,619.0,1443650.0,42679.0,133431.0,1.0,0.979,0.748,0.921,0.005,0.006,0.008,0.008,0.014,0.011,0.012,0.0,0.0,0.0,0.0,0.0,0.0,0.0,53388.0,54195.0,53646.0,53480.0,54481.0,51842.0,47172.0,,0.0,0.0,,,2.0,-1.0,13.61,0.021,0.22,3.0,2.0,0.0,0.0,23.15,23.08,24.75,26.69,22.98,24.75,23.01,23.16,23.17,33.14
2016-07-28 20:11:00-05:00,-7.484674,-2.6337912,576668,24.3,0.0,0.407,23.52,6.631,276.2,274.5,272.5,0.0,0.0,0.0,7.086,0.0,60.14,0.0,1453354.0,21.75,0.0,0.0,0.0,0.0,0.0,0.0,0.0,0.0,0.0,0.0,23.2,22.79,-0.036,0.0,0.0,0.0,60.0,59.9,74.7,0.0,275.0,274.0,275.3,0.0,0.0,0.0,619.0,1443650.0,42679.0,133431.0,1.0,0.979,0.748,0.921,0.005,0.006,0.008,0.009,0.014,0.01,0.011,0.0,0.0,0.0,0.0,0.0,0.0,0.0,53388.0,54195.0,53646.0,53480.0,54481.0,51842.0,47172.0,,0.0,0.0,,,2.0,-1.0,13.61,0.021,0.22,3.0,2.0,0.0,0.0,23.15,23.08,24.75,26.69,22.97,24.75,22.97,23.16,23.09,33.09
2016-07-28 20:12:00-05:00,-7.484674,-2.6337912,576669,24.3,0.0,0.407,23.49,6.369,276.4,274.7,272.6,0.0,0.0,0.0,6.905,0.0,60.14,0.0,1453354.0,21.76,0.0,0.0,0.0,0.0,0.0,0.0,0.0,0.0,0.0,0.0,23.15,22.8,-0.037,0.0,0.0,0.0,60.0,59.9,74.7,0.0,275.0,274.0,276.0,0.0,0.0,0.0,619.0,1443650.0,42679.0,133431.0,1.0,0.979,0.748,0.921,0.006,0.006,0.009,0.009,0.013,0.009,0.011,0.0,0.0,0.0,0.0,0.0,0.0,0.0,53388.0,54195.0,53646.0,53480.0,54481.0,51842.0,47172.0,,0.0,0.0,,,2.0,-1.0,13.61,0.021,0.22,3.0,2.0,0.0,0.0,23.15,23.06,24.74,26.69,22.97,24.74,22.97,23.16,23.09,33.03
2016-07-28 20:13:00-05:00,-7.484674,-2.6337912,576670,24.3,0.0,0.407,23.5,5.948,276.4,274.7,272.7,0.0,0.0,0.0,6.45,0.0,60.15,0.0,1453354.0,21.77,0.0,0.0,0.0,0.0,0.0,0.0,0.0,0.0,0.0,0.0,23.14,22.75,-0.038,0.0,0.0,0.0,60.0,59.9,74.7,0.0,275.0,274.0,276.0,0.0,0.0,0.0,619.0,1443650.0,42679.0,133431.0,1.0,0.979,0.748,0.921,0.005,0.007,0.007,0.009,0.014,0.009,0.011,0.0,0.0,0.0,0.0,0.0,0.0,0.0,53388.0,54195.0,53646.0,53480.0,54481.0,51842.0,47172.0,,0.0,0.0,,,2.0,-1.0,13.61,0.021,0.22,3.0,2.0,0.0,0.0,23.15,23.08,24.74,26.69,22.97,24.65,22.97,23.16,23.09,32.95
2016-07-28 20:14:00-05:00,-7.484674,-2.6337912,576671,24.28,0.0,0.407,23.52,5.614,276.5,274.7,272.6,0.0,0.0,0.0,6.24,0.0,60.14,0.0,1453354.0,21.78,0.0,0.0,0.0,0.0,0.0,0.0,0.0,0.0,0.0,0.0,23.15,22.77,-0.036,0.0,0.0,0.0,60.0,59.9,74.7,0.0,275.0,274.0,276.0,0.0,0.0,0.0,619.0,1443650.0,42679.0,133431.0,1.0,0.979,0.748,0.921,0.004,0.006,0.008,0.009,0.013,0.01,0.011,0.0,0.0,0.0,0.0,0.0,0.0,0.0,53388.0,54195.0,53646.0,53480.0,54481.0,51842.0,47172.0,,0.0,0.0,,,2.0,-1.0,13.61,0.021,0.22,3.0,2.0,0.0,0.0,23.15,23.06,24.74,26.69,22.97,24.66,22.97,23.12,23.09,32.85
2016-07-28 20:15:00-05:00,-7.484674,-2.521715,576672,24.28,0.0,0.407,23.49,4.725,276.6,274.7,272.7,0.0,0.0,0.0,5.429,0.0,60.14,0.0,1453354.0,21.73,0.0,0.0,0.0,0.0,0.0,0.0,0.0,0.0,0.0,0.0,23.16,22.76,-0.038,0.0,0.0,0.0,60.0,59.9,74.7,0.0,275.0,274.0,276.0,0.0,0.0,0.0,619.0,1443650.0,42679.0,133431.0,1.0,0.979,0.748,0.921,0.006,0.006,0.008,0.008,0.013,0.009,0.011,0.0,0.0,0.0,0.0,0.0,0.0,0.0,53388.0,54195.0,53646.0,53480.0,54481.0,51842.0,47172.0,,0.0,0.0,,,2.0,-1.0,13.61,0.021,0.22,3.0,2.0,0.0,0.0,23.15,23.06,24.74,26.69,22.97,24.68,22.97,23.13,23.09,32.81
2016-07-28 20:16:00-05:00,-7.484674,-2.6337912,576673,24.28,0.0,0.407,23.51,4.074,276.5,274.7,272.6,0.0,0.0,0.0,4.788,0.0,60.15,0.0,1453354.0,21.78,0.0,0.0,0.0,0.0,0.0,0.0,0.0,0.0,0.0,0.0,23.14,22.75,-0.036,0.0,0.0,0.0,60.0,59.9,74.7,0.0,275.0,274.0,276.0,0.0,0.0,0.0,619.0,1443650.0,42679.0,133431.0,1.0,0.979,0.748,0.921,0.005,0.007,0.009,0.01,0.013,0.01,0.012,0.0,0.0,0.0,0.0,0.0,0.0,0.0,53388.0,54195.0,53646.0,53480.0,54481.0,51842.0,47172.0,,0.0,0.0,,,2.0,-1.0,13.61,0.021,0.22,3.0,2.0,0.0,0.0,23.15,23.08,24.74,26.69,22.97,24.6,22.97,23.1,23.09,32.72
2016-07-28 20:17:00-05:00,-7.484674,-2.6337912,576674,24.27,0.0,0.407,23.5,3.795,276.6,274.8,272.7,0.0,0.0,0.0,4.639,0.0,60.14,0.0,1453354.0,21.74,0.0,0.0,0.0,0.0,0.0,0.0,0.0,0.0,0.0,0.0,23.13,22.74,-0.037,0.0,0.0,0.0,60.0,59.9,74.7,0.0,275.0,274.4,276.0,0.0,0.0,0.0,619.0,1443650.0,42679.0,133431.0,1.0,0.979,0.748,0.921,0.005,0.006,0.008,0.008,0.015,0.01,0.011,0.0,0.0,0.0,0.0,0.0,0.0,0.0,53388.0,54195.0,53646.0,53480.0,54481.0,51842.0,47172.0,,0.0,0.0,,,2.0,-1.0,13.61,0.021,0.22,3.0,2.0,0.0,0.0,23.1,23.03,24.74,26.68,22.97,24.54,22.95,23.07,23.09,32.67
2016-07-28 20:18:00-05:00,-7.7222824,-2.6337912,576675,24.25,0.0,0.407,23.53,3.595,276.4,274.7,272.7,0.0,0.0,0.0,4.325,0.0,60.15,0.0,1453354.0,21.75,0.0,0.0,0.0,0.0,0.0,0.0,0.0,0.0,0.0,0.0,23.15,22.72,-0.037,0.0,0.0,0.0,60.0,59.9,74.7,0.0,275.0,274.0,276.0,0.0,0.0,0.0,619.0,1443650.0,42679.0,133431.0,1.0,0.979,0.748,0.921,0.005,0.007,0.008,0.009,0.013,0.011,0.011,0.0,0.0,0.0,0.0,0.0,0.0,0.0,53388.0,54195.0,53646.0,53480.0,54481.0,51842.0,47172.0,,0.0,0.0,,,2.0,-1.0,13.61,0.021,0.22,3.0,2.0,0.0,0.0,23.05,22.98,24.74,26.64,22.95,24.47,22.87,23.07,23.04,32.6
2016-07-28 20:19:00-05:00,-7.841087,-2.6337912,576676,24.25,0.0,0.407,23.54,3.404,276.3,274.8,272.8,0.0,0.0,0.0,4.174,0.0,60.15,0.0,1453354.0,21.77,0.0,0.0,0.0,0.0,0.0,0.0,0.0,0.0,0.0,0.0,23.16,22.68,-0.038,0.0,0.0,0.0,60.0,59.9,74.7,0.0,275.0,274.0,276.0,0.0,0.0,0.0,619.0,1443650.0,42679.0,133431.0,1.0,0.979,0.748,0.921,0.005,0.007,0.008,0.009,0.013,0.01,0.011,0.0,0.0,0.0,0.0,0.0,0.0,0.0,53388.0,54195.0,53646.0,53480.0,54481.0,51842.0,47172.0,,0.0,0.0,,,2.0,-1.0,13.61,0.021,0.22,3.0,2.0,0.0,0.0,23.05,22.96,24.72,26.59,22.87,24.4,22.87,23.07,23.01,32.54
2016-07-28 20:20:00-05:00,-7.7222824,-2.6337912,576677,24.25,0.0,0.407,23.55,3.689,276.7,274.7,272.7,0.0,0.0,0.0,4.476,0.0,60.15,0.0,1453354.0,21.77,0.0,0.0,0.0,0.0,0.0,0.0,0.0,0.0,0.0,0.0,23.2,22.7,-0.038,0.0,0.0,0.0,60.0,59.9,74.7,0.0,275.0,274.2,276.0,0.0,0.0,0.0,619.0,1443650.0,42679.0,133431.0,1.0,0.979,0.748,0.921,0.005,0.008,0.008,0.009,0.014,0.01,0.011,0.0,0.0,0.0,0.0,0.0,0.0,0.0,53388.0,54195.0,53646.0,53480.0,54481.0,51842.0,47172.0,,0.0,0.0,,,2.0,-1.0,13.61,0.021,0.22,3.0,2.0,0.0,0.0,23.05,22.98,24.72,26.59,22.89,24.43,22.87,23.04,22.99,32.46
2016-07-28 20:21:00-05:00,-7.603478,-2.6337912,576678,24.22,0.0,0.407,23.55,4.612,276.5,274.6,272.7,0.0,0.0,0.0,5.249,0.0,60.13,0.0,1453354.0,21.77,0.0,0.0,0.0,0.0,0.0,0.0,0.0,0.0,0.0,0.0,23.17,22.71,-0.037,0.0,0.0,0.0,60.0,59.9,74.7,0.0,275.0,274.0,275.9,0.0,0.0,0.0,619.0,1443650.0,42679.0,133431.0,1.0,0.979,0.748,0.921,0.005,0.007,0.007,0.009,0.013,0.01,0.01,0.0,0.0,0.0,0.0,0.0,0.0,0.0,53388.0,54195.0,53646.0,53480.0,54481.0,51842.0,47172.0,,0.0,0.0,,,2.0,-1.0,13.61,0.021,0.22,3.0,2.0,0.0,0.0,23.05,23.0,24.72,26.61,22.87,24.37,22.87,23.07,22.99,32.44
2016-07-28 20:22:00-05:00,-7.484674,-2.6337912,576679,24.22,0.0,0.407,23.57,5.78,276.6,274.5,272.6,0.0,0.0,0.0,6.393,0.0,60.14,0.0,1453354.0,21.77,0.0,0.0,0.0,0.0,0.0,0.0,0.0,0.0,0.0,0.0,23.22,22.69,-0.037,0.0,0.0,0.0,60.0,59.9,74.7,0.0,275.0,274.0,276.0,0.0,0.0,0.0,619.0,1443650.0,42679.0,133431.0,1.0,0.979,0.748,0.921,0.006,0.007,0.007,0.008,0.014,0.009,0.01,0.0,0.0,0.0,0.0,0.0,0.0,0.0,53388.0,54195.0,53646.0,53480.0,54481.0,51842.0,47172.0,,0.0,0.0,,,2.0,-1.0,13.61,0.021,0.22,3.0,2.0,0.0,0.0,23.06,22.98,24.74,26.69,22.87,24.41,22.87,23.07,22.99,32.34
2016-07-28 20:23:00-05:00,-7.484674,-2.4096386,576680,24.22,0.0,0.407,23.58,6.687,276.5,274.6,272.6,0.0,0.0,0.0,7.372,0.0,60.14,0.0,1453354.0,21.77,0.0,0.0,0.0,0.0,0.0,0.0,0.0,0.0,0.0,0.0,23.19,22.74,-0.038,0.0,0.0,0.0,60.0,59.9,74.7,0.0,275.0,274.0,276.0,0.0,0.0,0.0,619.0,1443650.0,42679.0,133431.0,1.0,0.979,0.748,0.921,0.005,0.007,0.008,0.009,0.014,0.01,0.011,0.0,0.0,0.0,0.0,0.0,0.0,0.0,53388.0,54195.0,53646.0,53480.0,54481.0,51842.0,47172.0,,0.0,0.0,,,3.0,-1.0,13.61,0.021,0.22,3.0,2.0,0.0,0.0,23.05,22.97,24.74,26.69,22.87,24.51,22.92,23.07,23.09,32.34
2016-07-28 20:24:00-05:00,-7.484674,-2.2975626,576681,24.22,0.0,0.407,23.6,6.501,276.0,273.9,271.9,0.0,0.0,0.0,7.126,0.0,60.15,0.0,1453354.0,21.77,0.0,0.0,0.0,0.0,0.0,0.0,0.0,0.0,0.0,0.0,23.2,22.77,-0.036,0.0,0.0,0.0,60.0,59.9,74.7,0.0,274.5,273.5,275.1,0.0,0.0,0.0,619.0,1443650.0,42679.0,133431.0,1.0,0.979,0.748,0.921,0.006,0.006,0.008,0.009,0.013,0.01,0.011,0.0,0.0,0.0,0.0,0.0,0.0,0.0,53388.0,54195.0,53646.0,53480.0,54481.0,51842.0,47172.0,,0.0,0.0,,,2.0,-1.0,13.61,0.021,0.22,3.0,2.0,0.0,0.0,23.16,23.06,24.74,26.69,22.94,24.47,22.97,23.07,23.09,32.26
2016-07-28 20:25:00-05:00,-7.1282606,-2.2975626,576682,24.22,0.0,0.407,23.62,6.61,275.7,273.5,271.6,0.0,0.0,0.0,7.265,0.0,60.14,0.0,1453354.0,21.79,0.0,0.0,0.0,0.0,0.0,0.0,0.0,0.0,0.0,0.0,23.25,22.8,-0.037,0.0,0.0,0.0,60.0,59.9,74.7,0.0,274.0,273.0,275.0,0.0,0.0,0.0,619.0,1443650.0,42679.0,133431.0,1.0,0.979,0.748,0.921,0.006,0.006,0.008,0.009,0.013,0.01,0.012,0.0,0.0,0.0,0.0,0.0,0.0,0.0,53388.0,54195.0,53646.0,53480.0,54481.0,51842.0,47172.0,,0.0,0.0,,,2.0,-1.0,13.61,0.021,0.22,3.0,2.0,0.0,0.0,23.16,23.07,24.74,26.69,22.97,24.54,22.97,23.07,23.09,32.21
2016-07-28 20:26:00-05:00,-7.1282606,-2.2975626,576683,24.2,0.0,0.407,23.59,7.238,276.5,274.2,272.3,0.0,0.0,0.0,7.69,0.0,60.16,0.0,1453354.0,21.78,0.0,0.0,0.0,0.0,0.0,0.0,0.0,0.0,0.0,0.0,23.2,22.81,-0.034,0.0,0.0,0.0,60.0,59.9,74.7,0.0,274.9,273.9,275.6,0.0,0.0,0.0,619.0,1443650.0,42679.0,133431.0,1.0,0.979,0.748,0.921,0.005,0.007,0.007,0.008,0.013,0.009,0.011,0.0,0.0,0.0,0.0,0.0,0.0,0.0,53388.0,54195.0,53646.0,53480.0,54481.0,51842.0,47172.0,0.807,71.64,45.16,2.6,3.51,2.0,-1.0,13.61,0.02,0.22,3.0,2.0,0.0,0.0,23.16,23.09,24.76,26.69,22.97,24.52,22.97,23.07,23.09,32.15
2016-07-28 20:27:00-05:00,-7.1282606,-2.2975626,576684,24.19,0.0,0.407,23.59,6.885,276.1,274.4,272.4,0.0,0.0,0.0,7.639,0.0,60.23,0.0,1453354.0,21.77,0.0,0.0,0.0,0.0,0.0,0.0,0.0,0.0,0.0,0.0,23.19,22.81,-0.036,0.0,0.0,0.0,60.0,59.9,74.7,0.0,275.0,274.0,275.0,0.0,0.0,0.0,619.0,1443650.0,42679.0,133431.0,1.0,0.979,0.748,0.921,0.005,0.006,0.007,0.009,0.013,0.009,0.011,0.0,0.0,0.0,0.0,0.0,0.0,0.0,53388.0,54195.0,53646.0,53480.0,54481.0,51842.0,47172.0,,0.0,0.0,,,2.0,-1.0,13.61,0.02,0.22,3.0,2.0,0.0,0.0,23.2,23.13,24.82,26.72,22.97,24.57,22.97,23.07,23.09,32.1
2016-07-28 20:28:00-05:00,-7.1282606,-2.2975626,576685,24.19,0.0,0.407,23.62,6.745,275.7,274.3,272.4,0.0,0.0,0.0,7.471,0.0,60.17,0.0,1453354.0,21.78,0.0,0.0,0.0,0.0,0.0,0.0,0.0,0.0,0.0,0.0,23.24,22.82,-0.036,0.0,0.0,0.0,60.0,59.9,74.7,0.0,275.0,274.0,275.0,0.0,0.0,0.0,619.0,1443650.0,42679.0,133431.0,1.0,0.979,0.748,0.921,0.005,0.007,0.008,0.009,0.013,0.009,0.011,0.0,0.0,0.0,0.0,0.0,0.0,0.0,53388.0,54195.0,53646.0,53480.0,54481.0,51842.0,47172.0,,0.0,0.0,,,2.5,-1.0,13.61,0.02,0.22,3.0,2.0,0.0,0.0,23.16,23.13,24.83,26.79,22.97,24.55,22.97,23.07,23.09,32.05
2016-07-28 20:29:00-05:00,-7.1282606,-2.2975626,576686,24.19,0.0,0.407,23.58,6.133,276.1,274.2,272.2,0.0,0.0,0.0,6.835,0.0,60.14,0.0,1453354.0,21.77,0.0,0.0,0.0,0.0,0.0,0.0,0.0,0.0,0.0,0.0,23.21,22.81,-0.034,0.0,0.0,0.0,60.0,59.9,74.7,0.0,274.8,274.0,275.0,0.0,0.0,0.0,619.0,1443650.0,42679.0,133431.0,1.0,0.979,0.748,0.921,0.005,0.008,0.008,0.009,0.013,0.01,0.01,0.0,0.0,0.0,0.0,0.0,0.0,0.0,53388.0,54195.0,53646.0,53480.0,54481.0,51842.0,47172.0,,0.0,0.0,,,2.5,-1.0,13.61,0.02,0.22,3.0,2.0,0.0,0.0,23.16,23.11,24.83,26.77,22.97,24.52,22.97,23.07,23.09,32.05
2016-07-28 20:30:00-05:00,-7.1282606,-2.2975626,576687,24.19,0.0,0.407,23.57,4.853,276.2,274.3,272.4,0.0,0.0,0.0,5.655,0.0,60.14,0.0,1453354.0,21.78,0.0,0.0,0.0,0.0,0.0,0.0,0.0,0.0,0.0,0.0,23.19,22.79,-0.038,0.0,0.0,0.0,60.0,59.9,74.7,0.0,275.0,274.0,275.0,0.0,0.0,0.0,619.0,1443650.0,42679.0,133431.0,1.0,0.979,0.748,0.921,0.006,0.006,0.007,0.008,0.013,0.009,0.011,0.0,0.0,0.0,0.0,0.0,0.0,0.0,53388.0,54195.0,53646.0,53480.0,54481.0,51842.0,47172.0,,0.0,0.0,,,2.0,-1.0,13.61,0.02,0.22,3.0,2.0,0.0,0.0,23.15,23.15,24.83,26.77,22.97,24.54,22.97,23.07,23.09,31.97
2016-07-28 20:31:00-05:00,-7.1282606,-2.2975626,576688,24.17,0.0,0.407,23.59,3.544,276.3,274.3,272.3,0.0,0.0,0.0,4.428,0.0,60.15,0.0,1453354.0,21.78,0.0,0.0,0.0,0.0,0.0,0.0,0.0,0.0,0.0,0.0,23.19,22.79,-0.034,0.0,0.0,0.0,60.0,59.9,74.7,0.0,275.0,274.0,275.0,0.0,0.0,0.0,619.0,1443650.0,42679.0,133431.0,1.0,0.979,0.748,0.921,0.005,0.006,0.008,0.009,0.013,0.009,0.011,0.0,0.0,0.0,0.0,0.0,0.0,0.0,53388.0,54195.0,53646.0,53480.0,54481.0,51842.0,47172.0,,0.0,0.0,,,2.0,-1.0,13.61,0.02,0.22,3.0,2.0,0.0,0.0,23.16,23.09,24.83,26.79,22.97,24.44,22.97,23.07,23.09,31.95
2016-07-28 20:32:00-05:00,-7.484674,-2.2975626,576689,24.16,0.0,0.407,23.6,3.091,276.2,274.3,272.3,0.0,0.0,0.0,4.009,0.0,60.14,0.0,1453354.0,21.77,0.0,0.0,0.0,0.0,0.0,0.0,0.0,0.0,0.0,0.0,23.19,22.76,-0.038,0.0,0.0,0.0,60.0,59.9,74.7,0.0,275.0,274.0,275.0,0.0,0.0,0.0,619.0,1443650.0,42679.0,133431.0,1.0,0.979,0.748,0.921,0.005,0.007,0.008,0.008,0.014,0.01,0.01,0.0,0.0,0.0,0.0,0.0,0.0,0.0,53388.0,54195.0,53646.0,53480.0,54481.0,51842.0,47172.0,,0.0,0.0,,,2.5,-1.0,13.61,0.02,0.22,3.0,2.0,0.0,0.0,23.13,23.11,24.83,26.71,22.97,24.43,22.94,23.07,23.08,31.9
2016-07-28 20:33:00-05:00,-7.484674,-2.521715,576690,24.16,0.0,0.407,23.58,2.835,276.4,274.2,272.2,0.0,0.0,0.0,4.009,0.0,60.14,0.0,1453354.0,21.78,0.0,0.0,0.0,0.0,0.0,0.0,0.0,0.0,0.0,0.0,23.2,22.7,-0.038,0.0,0.0,0.0,60.0,59.9,74.7,0.0,275.0,274.0,275.0,0.0,0.0,0.0,619.0,1443650.0,42679.0,133431.0,1.0,0.979,0.748,0.921,0.005,0.007,0.008,0.008,0.013,0.009,0.01,0.0,0.0,0.0,0.0,0.0,0.0,0.0,53388.0,54195.0,53646.0,53480.0,54481.0,51842.0,47172.0,,0.0,0.0,,,2.0,-1.0,13.61,0.02,0.22,3.0,2.0,0.0,0.0,23.05,23.13,24.8,26.69,22.9,24.42,22.87,23.03,22.99,31.85
2016-07-28 20:34:00-05:00,-7.484674,-2.6337912,576691,24.16,0.0,0.407,23.6,2.836,276.2,274.4,272.5,0.0,0.0,0.0,4.008,0.0,60.16,0.0,1453354.0,21.76,0.0,0.0,0.0,0.0,0.0,0.0,0.0,0.0,0.0,0.0,23.21,22.67,-0.038,0.0,0.0,0.0,60.0,59.9,74.7,0.0,275.0,274.0,275.2,0.0,0.0,0.0,619.0,1443650.0,42679.0,133431.0,1.0,0.979,0.748,0.921,0.006,0.007,0.007,0.008,0.013,0.01,0.011,0.0,0.0,0.0,0.0,0.0,0.0,0.0,53388.0,54195.0,53646.0,53480.0,54481.0,51842.0,47172.0,,0.0,0.0,,,2.5,-1.0,13.61,0.02,0.22,3.0,2.0,0.0,0.0,23.08,23.01,24.74,26.69,22.87,24.34,22.87,22.97,22.99,31.82
2016-07-28 20:35:00-05:00,-7.484674,-2.6337912,576692,24.16,0.0,0.407,23.6,2.843,276.5,274.3,272.4,0.0,0.0,0.0,4.009,0.0,60.24,0.0,1453354.0,21.77,0.0,0.0,0.0,0.0,0.0,0.0,0.0,0.0,0.0,0.0,23.21,22.67,-0.038,0.0,0.0,0.0,60.0,59.9,74.7,0.0,275.0,274.0,275.3,0.0,0.0,0.0,619.0,1443650.0,42679.0,133431.0,1.0,0.979,0.748,0.921,0.006,0.006,0.008,0.01,0.013,0.01,0.01,0.0,0.0,0.0,0.0,0.0,0.0,0.0,53388.0,54195.0,53646.0,53480.0,54481.0,51842.0,47172.0,,0.0,0.0,,,2.0,-1.0,13.61,0.02,0.22,3.0,2.0,0.0,0.0,23.02,23.03,24.74,26.69,22.87,24.34,22.87,22.97,22.99,31.76
2016-07-28 20:36:00-05:00,-7.484674,-2.6337912,576693,24.15,0.0,0.407,23.61,3.027,276.2,274.3,272.4,0.0,0.0,0.0,4.009,0.0,60.18,0.0,1453354.0,21.78,0.0,0.0,0.0,0.0,0.0,0.0,0.0,0.0,0.0,0.0,23.25,22.66,-0.037,0.0,0.0,0.0,60.0,59.9,74.7,0.0,275.0,274.0,275.0,0.0,0.0,0.0,619.0,1443650.0,42679.0,133431.0,1.0,0.979,0.748,0.921,0.006,0.006,0.007,0.008,0.013,0.009,0.011,0.0,0.0,0.0,0.0,0.0,0.0,0.0,53388.0,54195.0,53646.0,53480.0,54481.0,51842.0,47172.0,,0.0,0.0,,,2.0,-1.0,13.61,0.02,0.22,3.0,2.0,0.0,0.0,23.0,22.99,24.74,26.69,22.87,24.34,22.87,22.97,22.96,31.72
2016-07-28 20:37:00-05:00,-7.484674,-2.6337912,576694,24.13,0.0,0.407,23.6,3.1,276.6,274.3,272.4,0.0,0.0,0.0,4.009,0.0,60.19,0.0,1453354.0,21.78,0.0,0.0,0.0,0.0,0.0,0.0,0.0,0.0,0.0,0.0,23.26,22.69,-0.037,0.0,0.0,0.0,60.0,59.9,74.7,0.0,275.0,274.0,275.6,0.0,0.0,0.0,619.0,1443650.0,42679.0,133431.0,1.0,0.979,0.748,0.921,0.004,0.006,0.007,0.009,0.013,0.009,0.01,0.0,0.0,0.0,0.0,0.0,0.0,0.0,53388.0,54195.0,53646.0,53480.0,54481.0,51842.0,47172.0,,0.0,0.0,,,2.0,-1.0,13.61,0.02,0.22,3.0,2.0,0.0,0.0,23.05,23.03,24.74,26.67,22.87,24.34,22.82,22.97,22.98,31.66
2016-07-28 20:38:00-05:00,-7.484674,-2.6337912,576695,24.13,0.0,0.407,23.59,3.122,276.5,274.6,272.6,0.0,0.0,0.0,4.009,0.0,60.22,0.0,1453354.0,21.78,0.0,0.0,0.0,0.0,0.0,0.0,0.0,0.0,0.0,0.0,23.22,22.7,-0.032,0.0,0.0,0.0,60.0,59.9,74.7,0.0,275.0,274.0,276.0,0.0,0.0,0.0,619.0,1443650.0,42679.0,133431.0,1.0,0.979,0.748,0.921,0.005,0.006,0.008,0.009,0.014,0.01,0.011,0.0,0.0,0.0,0.0,0.0,0.0,0.0,53388.0,54195.0,53646.0,53480.0,54481.0,51842.0,47172.0,1.615,43.3,14.69,2.2,3.512,2.0,-1.0,13.61,0.02,0.22,3.0,2.0,0.0,0.0,23.07,23.05,24.74,26.69,22.87,24.4,22.82,22.97,22.99,31.66
2016-07-28 20:39:00-05:00,-7.484674,-2.6337912,576696,24.13,0.0,0.407,23.63,3.343,276.5,274.5,272.6,0.0,0.0,0.0,4.165,0.0,60.18,0.0,1453354.0,21.78,0.0,0.0,0.0,0.0,0.0,0.0,0.0,0.0,0.0,0.0,23.24,22.69,-0.038,0.0,0.0,0.0,60.0,59.9,74.7,0.0,275.0,274.0,276.0,0.0,0.0,0.0,619.0,1443650.0,42679.0,133431.0,1.0,0.979,0.748,0.921,0.005,0.007,0.008,0.01,0.013,0.009,0.011,0.0,0.0,0.0,0.0,0.0,0.0,0.0,53388.0,54195.0,53646.0,53480.0,54481.0,51842.0,47172.0,0.977,14.39,26.97,1.9,3.512,2.0,-1.0,13.61,0.02,0.22,3.0,2.0,0.0,0.0,23.03,23.03,24.74,26.67,22.87,24.43,22.82,22.97,22.99,31.66
2016-07-28 20:40:00-05:00,-7.603478,-2.6337912,576697,24.13,0.0,0.407,23.65,3.105,276.4,274.6,272.6,0.0,0.0,0.0,4.012,0.0,60.14,0.0,1453354.0,21.77,0.0,0.0,0.0,0.0,0.0,0.0,0.0,0.0,0.0,0.0,23.22,22.69,-0.033,0.0,0.0,0.0,60.0,59.9,74.7,0.0,275.0,274.0,275.9,0.0,0.0,0.0,619.0,1443650.0,42679.0,133431.0,1.0,0.979,0.748,0.921,0.006,0.007,0.008,0.009,0.014,0.01,0.011,0.0,0.0,0.0,0.0,0.0,0.0,0.0,53388.0,54195.0,53646.0,53480.0,54481.0,51842.0,47172.0,,0.0,0.0,,,2.0,-1.0,13.61,0.02,0.22,3.0,2.0,0.0,0.0,23.0,23.07,24.74,26.66,22.87,24.42,22.77,22.97,22.98,31.58
2016-07-28 20:41:00-05:00,-7.603478,-2.6337912,576698,24.11,0.0,0.407,23.62,3.105,276.3,274.5,272.6,0.0,0.0,0.0,4.017,0.0,60.13,0.0,1453354.0,21.79,0.0,0.0,0.0,0.0,0.0,0.0,0.0,0.0,0.0,0.0,23.24,22.67,-0.038,0.0,0.0,0.0,60.0,59.9,74.7,0.0,275.0,274.0,275.9,0.0,0.0,0.0,619.0,1443650.0,42679.0,133431.0,1.0,0.979,0.748,0.921,0.005,0.006,0.008,0.009,0.013,0.01,0.011,0.0,0.0,0.0,0.0,0.0,0.0,0.0,53388.0,54195.0,53646.0,53480.0,54481.0,51842.0,47172.0,,0.0,0.0,,,2.0,-1.0,13.61,0.02,0.22,3.0,2.0,0.0,0.0,22.97,23.07,24.74,26.61,22.86,24.34,22.77,22.97,22.98,31.56
2016-07-28 20:42:00-05:00,-7.7222824,-2.6337912,576699,24.1,0.0,0.407,23.65,3.105,276.6,274.5,272.5,0.0,0.0,0.0,4.036,0.0,60.15,0.0,1453354.0,21.78,0.0,0.0,0.0,0.0,0.0,0.0,0.0,0.0,0.0,0.0,23.25,22.68,-0.037,0.0,0.0,0.0,60.0,59.9,74.7,0.0,275.0,274.0,276.0,0.0,0.0,0.0,619.0,1443650.0,42679.0,133431.0,1.0,0.979,0.748,0.921,0.006,0.007,0.008,0.009,0.012,0.01,0.011,0.0,0.0,0.0,0.0,0.0,0.0,0.0,53388.0,54195.0,53646.0,53480.0,54481.0,51842.0,47172.0,,0.0,0.0,,,2.0,-1.0,13.61,0.02,0.22,3.0,2.0,0.0,0.0,22.97,23.05,24.7,26.59,22.77,24.34,22.77,22.97,22.98,31.56
2016-07-28 20:43:00-05:00,-7.841087,-2.6337912,576700,24.1,0.0,0.407,23.64,3.28,276.7,274.4,272.4,0.0,0.0,0.0,4.182,0.0,60.15,0.0,1453354.0,21.79,0.0,0.0,0.0,0.0,0.0,0.0,0.0,0.0,0.0,0.0,23.22,22.65,-0.037,0.0,0.0,0.0,60.0,59.9,74.7,0.0,275.0,274.0,275.9,0.0,0.0,0.0,619.0,1443650.0,42679.0,133431.0,1.0,0.979,0.748,0.921,0.005,0.006,0.008,0.009,0.013,0.01,0.011,0.0,0.0,0.0,0.0,0.0,0.0,0.0,53388.0,54195.0,53646.0,53480.0,54481.0,51842.0,47172.0,,0.0,0.0,,,2.0,-1.0,13.61,0.02,0.22,3.0,2.0,0.0,0.0,22.97,23.05,24.64,26.59,22.77,24.34,22.77,22.91,22.99,31.56
2016-07-28 20:44:00-05:00,-7.841087,-2.6337912,576701,24.1,0.0,0.407,23.62,3.375,276.6,274.7,272.7,0.0,0.0,0.0,4.307,0.0,60.15,0.0,1453354.0,21.78,0.0,0.0,0.0,0.0,0.0,0.0,0.0,0.0,0.0,0.0,23.23,22.65,-0.038,0.0,0.0,0.0,60.0,59.9,74.7,0.0,275.0,274.0,276.0,0.0,0.0,0.0,619.0,1443650.0,42679.0,133431.0,1.0,0.979,0.748,0.921,0.004,0.006,0.007,0.009,0.013,0.008,0.011,0.0,0.0,0.0,0.0,0.0,0.0,0.0,53388.0,54195.0,53646.0,53480.0,54481.0,51842.0,47172.0,,0.0,0.0,,,2.0,-1.0,13.61,0.02,0.22,3.0,2.0,0.0,0.0,22.95,23.03,24.64,26.59,22.77,24.34,22.77,22.88,22.99,31.5
2016-07-28 20:45:00-05:00,-7.484674,-2.6337912,576702,24.1,0.0,0.407,23.65,3.909,276.8,274.5,272.5,0.0,0.0,0.0,4.864,0.0,60.14,0.0,1453354.0,21.78,0.0,0.0,0.0,0.0,0.0,0.0,0.0,0.0,0.0,0.0,23.23,22.66,-0.038,0.0,0.0,0.0,60.0,59.9,74.7,0.0,275.0,274.0,276.0,0.0,0.0,0.0,619.0,1443650.0,42679.0,133431.0,1.0,0.979,0.748,0.921,0.005,0.006,0.008,0.008,0.013,0.009,0.01,0.0,0.0,0.0,0.0,0.0,0.0,0.0,53388.0,54195.0,53646.0,53480.0,54481.0,51842.0,47172.0,,0.0,0.0,,,2.0,-1.0,13.61,0.02,0.22,3.0,2.0,0.0,0.0,22.95,23.02,24.7,26.59,22.79,24.36,22.77,22.94,22.99,31.46
2016-07-28 20:46:00-05:00,-7.484674,-2.6337912,576703,24.1,0.0,0.407,23.64,3.375,276.5,274.7,272.8,0.0,0.0,0.0,4.513,0.0,60.12,0.0,1453354.0,21.77,0.0,0.0,0.0,0.0,0.0,0.0,0.0,0.0,0.0,0.0,23.24,22.64,-0.037,0.0,0.0,0.0,60.0,59.9,74.7,0.0,275.0,274.0,276.0,0.0,0.0,0.0,619.0,1443650.0,42679.0,133431.0,1.0,0.979,0.748,0.921,0.004,0.007,0.008,0.009,0.014,0.009,0.01,0.0,0.0,0.0,0.0,0.0,0.0,0.0,53388.0,54195.0,53646.0,53480.0,54481.0,51842.0,47172.0,,0.0,0.0,,,2.5,-1.0,13.61,0.02,0.22,3.0,2.0,0.0,0.0,22.95,23.03,24.72,26.59,22.77,24.34,22.77,22.97,22.99,31.46
2016-07-28 20:47:00-05:00,-7.603478,-2.6337912,576704,24.08,0.0,0.407,23.65,3.375,276.5,274.8,272.9,0.0,0.0,0.0,4.491,0.0,60.15,0.0,1453354.0,21.78,0.0,0.0,0.0,0.0,0.0,0.0,0.0,0.0,0.0,0.0,23.24,22.62,-0.036,0.0,0.0,0.0,60.0,59.9,74.7,0.0,275.0,274.2,276.0,0.0,0.0,0.0,619.0,1443650.0,42679.0,133431.0,1.0,0.979,0.748,0.921,0.005,0.007,0.008,0.009,0.013,0.009,0.01,0.0,0.0,0.0,0.0,0.0,0.0,0.0,53388.0,54195.0,53646.0,53480.0,54481.0,51842.0,47172.0,,0.0,0.0,,,2.0,-1.0,13.61,0.02,0.22,3.0,2.0,0.0,0.0,22.97,23.03,24.72,26.59,22.77,24.34,22.77,22.92,22.93,31.46
2016-07-28 20:48:00-05:00,-7.484674,-2.6337912,576705,24.07,0.0,0.407,23.67,3.375,276.6,274.7,272.8,0.0,0.0,0.0,4.53,0.0,60.14,0.0,1453354.0,21.79,0.0,0.0,0.0,0.0,0.0,0.0,0.0,0.0,0.0,0.0,23.25,22.62,-0.036,0.0,0.0,0.0,60.0,59.9,74.7,0.0,275.0,274.1,276.0,0.0,0.0,0.0,619.0,1443650.0,42679.0,133431.0,1.0,0.979,0.748,0.921,0.006,0.007,0.008,0.008,0.013,0.009,0.01,0.0,0.0,0.0,0.0,0.0,0.0,0.0,53388.0,54195.0,53646.0,53480.0,54481.0,51842.0,47172.0,,0.0,0.0,,,2.0,-1.0,13.61,0.02,0.22,3.0,2.0,0.0,0.0,22.95,23.05,24.74,26.59,22.77,24.34,22.77,22.88,22.9,31.43
2016-07-28 20:49:00-05:00,-7.603478,-2.6337912,576706,24.07,0.0,0.407,23.66,3.375,276.5,274.8,272.8,0.0,0.0,0.0,4.474,0.0,60.15,0.0,1453354.0,21.78,0.0,0.0,0.0,0.0,0.0,0.0,0.0,0.0,0.0,0.0,23.21,22.61,-0.038,0.0,0.0,0.0,60.0,59.9,74.7,0.0,275.0,274.1,276.0,0.0,0.0,0.0,619.0,1443650.0,42679.0,133431.0,1.0,0.979,0.748,0.921,0.006,0.006,0.007,0.008,0.013,0.009,0.01,0.0,0.0,0.0,0.0,0.0,0.0,0.0,53388.0,54195.0,53646.0,53480.0,54481.0,51842.0,47172.0,,0.0,0.0,,,2.0,-1.0,13.61,0.02,0.22,3.0,2.0,0.0,0.0,22.95,23.01,24.68,26.59,22.77,24.33,22.77,22.87,22.9,31.36
2016-07-28 20:50:00-05:00,-7.959892,-2.6337912,576707,24.07,0.0,0.407,23.65,3.375,276.7,274.8,272.8,0.0,0.0,0.0,4.475,0.0,60.14,0.0,1453354.0,21.78,0.0,0.0,0.0,0.0,0.0,0.0,0.0,0.0,0.0,0.0,23.22,22.59,-0.038,0.0,0.0,0.0,60.0,59.9,74.7,0.0,275.0,274.3,276.0,0.0,0.0,0.0,619.0,1443650.0,42679.0,133431.0,1.0,0.979,0.748,0.921,0.005,0.007,0.007,0.009,0.013,0.009,0.01,0.0,0.0,0.0,0.0,0.0,0.0,0.0,53388.0,54195.0,53646.0,53480.0,54481.0,51842.0,47172.0,0.79,82.1,11.47,1.0,3.512,2.0,-1.0,13.61,0.02,0.22,3.0,2.0,0.0,0.0,22.97,22.97,24.7,26.59,22.77,24.33,22.76,22.87,22.88,31.36
2016-07-28 20:51:00-05:00,-7.959892,-2.6337912,576708,24.07,0.0,0.407,23.6,3.375,276.7,274.7,272.8,0.0,0.0,0.0,4.447,0.0,60.11,0.0,1453354.0,21.79,0.0,0.0,0.0,0.0,0.0,0.0,0.0,0.0,0.0,0.0,23.21,22.59,-0.036,0.0,0.0,0.0,60.0,59.9,74.7,0.0,275.0,274.2,276.0,0.0,0.0,0.0,619.0,1443650.0,42679.0,133431.0,1.0,0.979,0.748,0.921,0.005,0.007,0.008,0.009,0.013,0.009,0.01,0.0,0.0,0.0,0.0,0.0,0.0,0.0,53388.0,54195.0,53646.0,53480.0,54481.0,51842.0,47172.0,,0.0,0.0,,,2.0,-1.0,13.61,0.02,0.22,3.0,2.0,0.0,0.0,22.91,22.97,24.65,26.59,22.77,24.33,22.67,22.87,22.88,31.36
2016-07-28 20:52:00-05:00,-7.959892,-2.6337912,576709,24.06,0.0,0.407,23.58,3.375,276.2,274.6,272.6,0.0,0.0,0.0,4.4,0.0,60.14,0.0,1453354.0,21.78,0.0,0.0,0.0,0.0,0.0,0.0,0.0,0.0,0.0,0.0,23.18,22.57,-0.038,0.0,0.0,0.0,60.0,59.9,74.7,0.0,274.8,273.8,275.8,0.0,0.0,0.0,619.0,1443650.0,42679.0,133431.0,1.0,0.979,0.748,0.921,0.004,0.006,0.007,0.008,0.012,0.009,0.011,0.0,0.0,0.0,0.0,0.0,0.0,0.0,53388.0,54195.0,53646.0,53480.0,54481.0,51842.0,47172.0,,0.0,0.0,,,2.5,-1.0,13.61,0.02,0.22,3.0,2.0,0.0,0.0,22.92,22.97,24.64,26.59,22.77,24.33,22.67,22.87,22.88,31.36
2016-07-28 20:53:00-05:00,-7.959892,-2.6337912,576710,24.04,0.0,0.407,23.58,3.375,275.5,273.5,271.6,0.0,0.0,0.0,4.392,0.0,60.15,0.0,1453354.0,21.78,0.0,0.0,0.0,0.0,0.0,0.0,0.0,0.0,0.0,0.0,23.21,22.55,-0.037,0.0,0.0,0.0,60.0,59.9,74.7,0.0,274.0,273.0,275.0,0.0,0.0,0.0,619.0,1443650.0,42679.0,133431.0,1.0,0.979,0.748,0.921,0.005,0.006,0.008,0.009,0.013,0.008,0.011,0.0,0.0,0.0,0.0,0.0,0.0,0.0,53388.0,54195.0,53646.0,53480.0,54481.0,51842.0,47172.0,,0.0,0.0,,,2.0,-1.0,13.61,0.02,0.22,3.0,2.0,0.0,0.0,22.87,22.97,24.64,26.59,22.77,24.33,22.67,22.87,22.83,31.28
2016-07-28 20:54:00-05:00,-7.959892,-2.6337912,576711,24.04,0.0,0.407,23.56,3.375,275.7,273.6,271.7,0.0,0.0,0.0,4.486,0.0,60.13,0.0,1453354.0,21.77,0.0,0.0,0.0,0.0,0.0,0.0,0.0,0.0,0.0,0.0,23.19,22.55,-0.037,0.0,0.0,0.0,60.0,59.9,74.7,0.0,274.0,273.0,275.0,0.0,0.0,0.0,619.0,1443650.0,42679.0,133431.0,1.0,0.979,0.748,0.921,0.005,0.007,0.007,0.01,0.013,0.009,0.01,0.0,0.0,0.0,0.0,0.0,0.0,0.0,53388.0,54195.0,53646.0,53480.0,54481.0,51842.0,47172.0,,0.0,0.0,,,2.0,-1.0,13.61,0.02,0.22,3.0,2.0,0.0,0.0,22.85,22.9,24.64,26.59,22.76,24.34,22.67,22.84,22.8,31.27
2016-07-28 20:55:00-05:00,-7.959892,-2.6337912,576712,24.04,0.0,0.407,23.59,3.414,275.8,273.7,271.7,0.0,0.0,0.0,4.543,0.0,60.15,0.0,1453354.0,21.79,0.0,0.0,0.0,0.0,0.0,0.0,0.0,0.0,0.0,0.0,23.23,22.56,-0.033,0.0,0.0,0.0,60.0,59.9,74.7,0.0,274.0,273.1,275.0,0.0,0.0,0.0,619.0,1443650.0,42679.0,133431.0,1.0,0.979,0.748,0.921,0.004,0.006,0.007,0.01,0.012,0.009,0.01,0.0,0.0,0.0,0.0,0.0,0.0,0.0,53388.0,54195.0,53646.0,53480.0,54481.0,51842.0,47172.0,0.703,54.83,38.42,1.2,3.512,2.0,-1.0,13.61,0.02,0.22,3.0,2.0,0.0,0.0,22.85,22.87,24.65,26.59,22.74,24.33,22.67,22.87,22.8,31.27
2016-07-28 20:56:00-05:00,-7.959892,-2.6337912,576713,24.04,0.0,0.407,23.61,3.379,275.4,273.6,271.6,0.0,0.0,0.0,4.56,0.0,60.15,0.0,1453354.0,21.79,0.0,0.0,0.0,0.0,0.0,0.0,0.0,0.0,0.0,0.0,23.18,22.54,-0.033,0.0,0.0,0.0,60.0,59.9,74.7,0.0,274.2,273.3,274.4,0.0,0.0,0.0,619.0,1443650.0,42679.0,133431.0,1.0,0.979,0.748,0.921,0.005,0.006,0.008,0.008,0.013,0.009,0.011,0.0,0.0,0.0,0.0,0.0,0.0,0.0,53388.0,54195.0,53646.0,53480.0,54481.0,51842.0,47172.0,,0.0,0.0,,,2.0,-1.0,13.61,0.02,0.22,3.0,2.0,0.0,0.0,22.85,22.92,24.68,26.59,22.77,24.33,22.67,22.85,22.8,31.27
2016-07-28 20:57:00-05:00,-7.959892,-2.6337912,576714,24.02,0.0,0.407,23.62,3.624,275.1,273.6,271.6,0.0,0.0,0.0,4.602,0.0,60.11,0.0,1453354.0,21.79,0.0,0.0,0.0,0.0,0.0,0.0,0.0,0.0,0.0,0.0,23.19,22.54,-0.036,0.0,0.0,0.0,60.0,59.9,74.7,0.0,274.0,273.0,274.8,0.0,0.0,0.0,619.0,1443650.0,42679.0,133431.0,1.0,0.979,0.748,0.921,0.004,0.006,0.007,0.009,0.012,0.009,0.011,0.0,0.0,0.0,0.0,0.0,0.0,0.0,53388.0,54195.0,53646.0,53480.0,54481.0,51842.0,47172.0,,0.0,0.0,,,2.0,-1.0,13.61,0.02,0.22,3.0,2.0,0.0,0.0,22.85,22.88,24.68,26.59,22.71,24.26,22.67,22.77,22.8,31.27
2016-07-28 20:58:00-05:00,-7.959892,-2.6337912,576715,24.01,0.0,0.407,23.59,3.645,275.4,273.5,271.6,0.0,0.0,0.0,4.614,0.0,60.13,0.0,1453354.0,21.78,0.0,0.0,0.0,0.0,0.0,0.0,0.0,0.0,0.0,0.0,23.2,22.53,-0.037,0.0,0.0,0.0,60.0,59.9,74.7,0.0,274.0,273.0,274.9,0.0,0.0,0.0,619.0,1443650.0,42679.0,133431.0,1.0,0.979,0.748,0.921,0.005,0.006,0.007,0.008,0.013,0.009,0.01,0.0,0.0,0.0,0.0,0.0,0.0,0.0,53388.0,54195.0,53646.0,53480.0,54481.0,51842.0,47172.0,,0.0,0.0,,,2.0,-1.0,13.61,0.02,0.22,3.0,2.0,0.0,0.0,22.85,22.87,24.74,26.59,22.67,24.25,22.67,22.77,22.8,31.27
2016-07-28 20:59:00-05:00,-7.959892,-2.6337912,576716,24.01,0.0,0.407,23.59,3.645,275.2,273.3,271.5,0.0,0.0,0.0,4.618,0.0,60.15,0.0,1453354.0,21.78,0.0,0.0,0.0,0.0,0.0,0.0,0.0,0.0,0.0,0.0,23.18,22.53,-0.036,0.0,0.0,0.0,60.0,59.9,74.7,0.0,274.0,273.0,274.6,0.0,0.0,0.0,619.0,1443650.0,42679.0,133431.0,1.0,0.979,0.748,0.921,0.004,0.005,0.007,0.008,0.012,0.009,0.01,0.0,0.0,0.0,0.0,0.0,0.0,0.0,53388.0,54195.0,53646.0,53480.0,54481.0,51842.0,47172.0,,0.0,0.0,,,2.0,-1.0,13.61,0.02,0.22,3.0,2.0,0.0,0.0,22.85,22.87,24.74,26.59,22.69,24.25,22.67,22.77,22.77,31.27
2016-07-28 21:00:00-05:00,-7.959892,-2.6337912,576717,24.01,0.0,0.407,23.55,3.652,275.0,273.5,271.6,0.0,0.0,0.0,4.62,0.0,60.15,0.0,1453354.0,21.78,0.0,0.0,0.0,0.0,0.0,0.0,0.0,0.0,0.0,0.0,23.16,22.49,-0.036,0.0,0.0,0.0,60.0,59.9,74.7,0.0,274.0,273.0,274.7,0.0,0.0,0.0,619.0,1443650.0,42679.0,133431.0,1.0,0.979,0.748,0.921,0.005,0.006,0.007,0.008,0.013,0.008,0.01,0.0,0.0,0.0,0.0,0.0,0.0,0.0,53388.0,54195.0,53646.0,53480.0,54481.0,51842.0,47172.0,0.617,49.55,18.25,1.1,3.512,2.0,-1.0,13.61,0.02,0.22,3.0,2.0,0.0,0.0,22.85,22.87,24.7,26.59,22.67,24.23,22.67,22.77,22.72,31.25
2016-07-28 21:01:00-05:00,-7.959892,-2.6337912,576718,24.01,0.0,0.407,23.59,3.836,275.6,273.5,271.7,0.0,0.0,0.0,4.637,0.0,60.19,0.0,1453354.0,21.79,0.0,0.0,0.0,0.0,0.0,0.0,0.0,0.0,0.0,0.0,23.18,22.49,-0.034,0.0,0.0,0.0,60.0,59.9,74.7,0.0,274.0,273.0,275.0,0.0,0.0,0.0,619.0,1443650.0,42679.0,133431.0,1.0,0.979,0.748,0.921,0.005,0.006,0.008,0.009,0.013,0.008,0.011,0.0,0.0,0.0,0.0,0.0,0.0,0.0,53388.0,54195.0,53646.0,53480.0,54481.0,51842.0,47172.0,,0.0,0.0,,,2.0,-1.0,13.61,0.02,0.22,3.0,2.0,0.0,0.0,22.85,22.87,24.74,26.59,22.67,24.25,22.67,22.77,22.75,31.24
2016-07-28 21:02:00-05:00,-7.959892,-2.6337912,576719,23.99,0.0,0.407,23.61,3.915,275.9,273.8,271.9,0.0,0.0,0.0,4.665,0.0,60.22,0.0,1453354.0,21.79,0.0,0.0,0.0,0.0,0.0,0.0,0.0,0.0,0.0,0.0,23.16,22.52,-0.033,0.0,0.0,0.0,60.0,59.9,74.7,0.0,274.0,273.7,275.0,0.0,0.0,0.0,619.0,1443650.0,42679.0,133431.0,1.0,0.979,0.748,0.921,0.004,0.006,0.007,0.009,0.013,0.009,0.01,0.0,0.0,0.0,0.0,0.0,0.0,0.0,53388.0,54195.0,53646.0,53480.0,54481.0,51842.0,47172.0,,0.0,0.0,,,2.0,-1.0,13.61,0.02,0.22,3.0,2.0,0.0,0.0,22.85,22.87,24.75,26.59,22.71,24.25,22.67,22.79,22.76,31.17
2016-07-28 21:03:00-05:00,-7.841087,-2.6337912,576720,23.99,0.0,0.407,23.63,3.915,275.9,273.8,272.0,0.0,0.0,0.0,4.646,0.0,60.23,0.0,1453354.0,21.79,0.0,0.0,0.0,0.0,0.0,0.0,0.0,0.0,0.0,0.0,23.19,22.54,-0.036,0.0,0.0,0.0,60.0,59.9,74.7,0.0,274.1,273.9,275.0,0.0,0.0,0.0,619.0,1443650.0,42679.0,133431.0,1.0,0.979,0.748,0.921,0.004,0.006,0.006,0.009,0.012,0.008,0.01,0.0,0.0,0.0,0.0,0.0,0.0,0.0,53388.0,54195.0,53646.0,53480.0,54481.0,51842.0,47172.0,,0.0,0.0,,,2.0,-1.0,13.61,0.02,0.22,3.0,2.0,0.0,0.0,22.87,22.9,24.74,26.59,22.69,24.25,22.67,22.77,22.78,31.17
2016-07-28 21:04:00-05:00,-7.7222824,-2.6337912,576721,23.99,0.0,0.407,23.6,3.9,275.9,274.1,272.2,0.0,0.0,0.0,4.651,0.0,60.21,0.0,1453354.0,21.78,0.0,0.0,0.0,0.0,0.0,0.0,0.0,0.0,0.0,0.0,23.18,22.52,-0.036,0.0,0.0,0.0,60.0,59.9,74.7,0.0,275.0,274.0,275.0,0.0,0.0,0.0,619.0,1443650.0,42679.0,133431.0,1.0,0.979,0.748,0.921,0.004,0.005,0.007,0.008,0.012,0.008,0.01,0.0,0.0,0.0,0.0,0.0,0.0,0.0,53388.0,54195.0,53646.0,53480.0,54481.0,51842.0,47172.0,,0.0,0.0,,,2.0,-1.0,13.61,0.02,0.22,3.0,2.0,0.0,0.0,22.87,22.87,24.75,26.59,22.71,24.25,22.67,22.79,22.78,31.17
2016-07-28 21:05:00-05:00,-7.603478,-2.6337912,576722,23.99,0.0,0.407,23.56,3.665,276.4,274.2,272.3,0.0,0.0,0.0,4.627,0.0,60.21,0.0,1453354.0,21.79,0.0,0.0,0.0,0.0,0.0,0.0,0.0,0.0,0.0,0.0,23.19,22.52,-0.037,0.0,0.0,0.0,60.0,59.9,74.7,0.0,275.0,274.0,275.2,0.0,0.0,0.0,619.0,1443650.0,42679.0,133431.0,1.0,0.979,0.748,0.921,0.004,0.006,0.007,0.009,0.013,0.008,0.01,0.0,0.0,0.0,0.0,0.0,0.0,0.0,53388.0,54195.0,53646.0,53480.0,54481.0,51842.0,47172.0,0.652,136.4,16.46,1.0,3.508,2.0,-1.0,13.61,0.02,0.22,3.0,2.0,0.0,0.0,22.85,22.87,24.74,26.59,22.73,24.25,22.67,22.79,22.78,31.17
2016-07-28 21:06:00-05:00,-7.603478,-2.6337912,576723,23.99,0.0,0.407,23.55,3.645,276.9,275.0,273.1,0.0,0.0,0.0,4.624,0.0,60.22,0.0,1453354.0,21.78,0.0,0.0,0.0,0.0,0.0,0.0,0.0,0.0,0.0,0.0,23.17,22.53,-0.036,0.0,0.0,0.0,60.0,59.9,74.7,0.0,275.9,274.9,276.0,0.0,0.0,0.0,619.0,1443650.0,42679.0,133431.0,1.0,0.979,0.748,0.921,0.004,0.006,0.007,0.008,0.012,0.008,0.009,0.0,0.0,0.0,0.0,0.0,0.0,0.0,53388.0,54195.0,53646.0,53480.0,54481.0,51842.0,47172.0,,0.0,0.0,,,2.0,-1.0,13.61,0.02,0.22,3.0,2.0,0.0,0.0,22.85,22.87,24.76,26.59,22.77,24.25,22.67,22.79,22.72,31.17
2016-07-28 21:07:00-05:00,-7.603478,-2.6337912,576724,23.99,0.0,0.407,23.5,3.645,277.2,275.1,273.1,0.0,0.0,0.0,4.615,0.0,60.21,0.0,1453354.0,21.79,0.0,0.0,0.0,0.0,0.0,0.0,0.0,0.0,0.0,0.0,23.13,22.52,-0.037,0.0,0.0,0.0,60.0,59.9,74.7,0.0,276.0,275.0,276.0,0.0,0.0,0.0,619.0,1443650.0,42679.0,133431.0,1.0,0.979,0.748,0.921,0.004,0.006,0.007,0.008,0.012,0.009,0.01,0.0,0.0,0.0,0.0,0.0,0.0,0.0,53388.0,54195.0,53646.0,53480.0,54481.0,51842.0,47172.0,,0.0,0.0,,,2.0,-1.0,13.61,0.02,0.22,3.0,2.0,0.0,0.0,22.87,22.94,24.77,26.59,22.67,24.25,22.67,22.8,22.77,31.15
2016-07-28 21:08:00-05:00,-7.7222824,-2.6337912,576725,23.99,0.0,0.407,23.53,3.645,277.2,275.3,273.3,0.0,0.0,0.0,4.627,0.0,60.15,0.0,1453354.0,21.78,0.0,0.0,0.0,0.0,0.0,0.0,0.0,0.0,0.0,0.0,23.13,22.52,-0.034,0.0,0.0,0.0,60.0,59.9,74.7,0.0,276.0,275.0,276.0,0.0,0.0,0.0,619.0,1443650.0,42679.0,133431.0,1.0,0.979,0.748,0.921,0.005,0.006,0.007,0.008,0.012,0.009,0.009,0.0,0.0,0.0,0.0,0.0,0.0,0.0,53388.0,54195.0,53646.0,53480.0,54481.0,51842.0,47172.0,,0.0,0.0,,,2.0,-1.0,13.61,0.02,0.22,3.0,2.0,0.0,0.0,22.85,22.95,24.75,26.59,22.67,24.25,22.67,22.82,22.8,31.07
2016-07-28 21:09:00-05:00,-7.603478,-2.6337912,576726,23.98,0.0,0.407,23.52,3.645,277.1,275.2,273.2,0.0,0.0,0.0,4.617,0.0,60.12,0.0,1453354.0,21.78,0.0,0.0,0.0,0.0,0.0,0.0,0.0,0.0,0.0,0.0,23.15,22.51,-0.036,0.0,0.0,0.0,60.0,59.9,74.7,0.0,276.0,275.0,276.0,0.0,0.0,0.0,619.0,1443650.0,42679.0,133431.0,1.0,0.979,0.748,0.921,0.004,0.005,0.007,0.008,0.014,0.008,0.01,0.0,0.0,0.0,0.0,0.0,0.0,0.0,53388.0,54195.0,53646.0,53480.0,54481.0,51842.0,47172.0,,0.0,0.0,,,2.5,-1.0,13.61,0.02,0.22,3.0,2.0,0.0,0.0,22.85,22.95,24.79,26.61,22.69,24.23,22.67,22.77,22.8,31.07
2016-07-28 21:10:00-05:00,-7.603478,-2.6337912,576727,23.96,0.0,0.407,23.51,3.705,277.4,275.1,273.1,0.0,0.0,0.0,4.626,0.0,60.15,0.0,1453354.0,21.78,0.0,0.0,0.0,0.0,0.0,0.0,0.0,0.0,0.0,0.0,23.14,22.5,-0.037,0.0,0.0,0.0,60.0,59.9,74.7,0.0,276.0,275.0,276.0,0.0,0.0,0.0,619.0,1443650.0,42679.0,133431.0,1.0,0.979,0.748,0.921,0.004,0.006,0.006,0.008,0.012,0.01,0.01,0.0,0.0,0.0,0.0,0.0,0.0,0.0,53388.0,54195.0,53646.0,53480.0,54481.0,51842.0,47172.0,,0.0,0.0,,,2.0,-1.0,13.61,0.02,0.22,3.0,2.0,0.0,0.0,22.87,22.9,24.75,26.64,22.69,24.2,22.67,22.77,22.8,31.07
2016-07-28 21:11:00-05:00,-7.484674,-2.6337912,576728,23.96,0.0,0.407,23.48,3.909,277.2,275.3,273.4,0.0,0.0,0.0,4.632,0.0,60.15,0.0,1453354.0,21.79,0.0,0.0,0.0,0.0,0.0,0.0,0.0,0.0,0.0,0.0,23.1,22.5,-0.036,0.0,0.0,0.0,60.0,59.9,74.7,0.0,276.0,275.0,276.0,0.0,0.0,0.0,619.0,1443650.0,42679.0,133431.0,1.0,0.979,0.748,0.921,0.004,0.005,0.007,0.008,0.012,0.009,0.009,0.0,0.0,0.0,0.0,0.0,0.0,0.0,53388.0,54195.0,53646.0,53480.0,54481.0,51842.0,47172.0,,0.0,0.0,,,2.0,-1.0,13.61,0.02,0.22,3.0,2.0,0.0,0.0,22.87,22.97,24.75,26.67,22.71,24.15,22.73,22.86,22.8,31.07
2016-07-28 21:12:00-05:00,-7.603478,-2.6337912,576729,23.96,0.0,0.407,23.42,3.915,277.0,274.9,273.0,0.0,0.0,0.0,4.701,0.0,60.15,0.0,1453354.0,21.79,0.0,0.0,0.0,0.0,0.0,0.0,0.0,0.0,0.0,0.0,23.09,22.52,-0.037,0.0,0.0,0.0,60.0,59.9,74.7,0.0,275.4,275.0,276.0,0.0,0.0,0.0,619.0,1443650.0,42679.0,133431.0,1.0,0.979,0.748,0.921,0.005,0.005,0.008,0.008,0.011,0.009,0.01,0.0,0.0,0.0,0.0,0.0,0.0,0.0,53388.0,54195.0,53646.0,53480.0,54481.0,51842.0,47172.0,,0.0,0.0,,,2.0,-1.0,13.61,0.02,0.22,3.0,2.0,0.0,0.0,22.87,22.97,24.77,26.67,22.71,24.15,22.69,22.86,22.8,31.07
2016-07-28 21:13:00-05:00,-7.603478,-2.6337912,576730,23.96,0.0,0.407,23.39,3.915,276.7,274.9,273.0,0.0,0.0,0.0,4.741,0.0,60.14,0.0,1453354.0,21.78,0.0,0.0,0.0,0.0,0.0,0.0,0.0,0.0,0.0,0.0,23.07,22.52,-0.036,0.0,0.0,0.0,60.0,59.9,74.7,0.0,275.2,274.9,276.0,0.0,0.0,0.0,619.0,1443650.0,42679.0,133431.0,1.0,0.979,0.748,0.921,0.005,0.005,0.008,0.008,0.012,0.009,0.009,0.0,0.0,0.0,0.0,0.0,0.0,0.0,53388.0,54195.0,53646.0,53480.0,54481.0,51842.0,47172.0,0.262,156.3,68.25,0.6,3.512,2.0,-1.0,13.61,0.02,0.22,3.0,2.0,0.0,0.0,22.85,22.92,24.82,26.69,22.75,24.23,22.71,22.82,22.8,30.97
2016-07-28 21:14:00-05:00,-7.484674,-2.6337912,576731,23.96,0.0,0.407,23.37,3.915,276.9,275.0,273.0,0.0,0.0,0.0,4.723,0.0,60.15,0.0,1453354.0,21.79,0.0,0.0,0.0,0.0,0.0,0.0,0.0,0.0,0.0,0.0,23.06,22.53,-0.036,0.0,0.0,0.0,60.0,59.9,74.7,0.0,275.8,275.0,276.0,0.0,0.0,0.0,619.0,1443650.0,42679.0,133431.0,1.0,0.979,0.748,0.921,0.004,0.005,0.008,0.007,0.013,0.008,0.009,0.0,0.0,0.0,0.0,0.0,0.0,0.0,53388.0,54195.0,53646.0,53480.0,54481.0,51842.0,47172.0,,0.0,0.0,,,2.0,-1.0,13.61,0.02,0.22,3.0,2.0,0.0,0.0,22.87,22.97,24.83,26.68,22.79,24.26,22.75,22.89,22.8,30.97
2016-07-28 21:15:00-05:00,-7.603478,-2.6337912,576732,23.95,0.0,0.407,23.37,3.88,277.0,275.1,273.1,0.0,0.0,0.0,4.676,0.0,60.14,0.0,1453354.0,21.79,0.0,0.0,0.0,0.0,0.0,0.0,0.0,0.0,0.0,0.0,23.06,22.53,-0.038,0.0,0.0,0.0,60.0,59.9,74.7,0.0,276.0,275.0,276.0,0.0,0.0,0.0,619.0,1443650.0,42679.0,133431.0,1.0,0.979,0.748,0.921,0.004,0.005,0.006,0.007,0.012,0.008,0.009,0.0,0.0,0.0,0.0,0.0,0.0,0.0,53388.0,54195.0,53646.0,53480.0,54481.0,51842.0,47172.0,,0.0,0.0,,,2.5,-1.0,13.61,0.02,0.22,3.0,2.0,0.0,0.0,22.85,22.97,24.83,26.69,22.81,24.26,22.75,22.87,22.8,30.97
2016-07-28 21:16:00-05:00,-7.603478,-2.6337912,576733,23.95,0.0,0.407,23.39,3.663,277.3,275.2,273.2,0.0,0.0,0.0,4.625,0.0,60.22,0.0,1453354.0,21.79,0.0,0.0,0.0,0.0,0.0,0.0,0.0,0.0,0.0,0.0,23.05,22.52,-0.034,0.0,0.0,0.0,60.0,59.9,74.7,0.0,276.0,275.0,276.0,0.0,0.0,0.0,619.0,1443650.0,42679.0,133431.0,1.0,0.979,0.748,0.921,0.004,0.005,0.008,0.008,0.011,0.009,0.009,0.0,0.0,0.0,0.0,0.0,0.0,0.0,53388.0,54195.0,53646.0,53480.0,54481.0,51842.0,47172.0,,0.0,0.0,,,2.0,-1.0,13.61,0.019,0.22,3.0,2.0,0.0,0.0,22.87,22.97,24.85,26.69,22.79,24.25,22.72,22.87,22.8,30.89
2016-07-28 21:17:00-05:00,-7.603478,-2.6337912,576734,23.94,0.0,0.407,23.39,3.645,277.1,275.4,273.3,0.0,0.0,0.0,4.625,0.0,60.23,0.0,1453354.0,21.79,0.0,0.0,0.0,0.0,0.0,0.0,0.0,0.0,0.0,0.0,23.04,22.53,-0.037,0.0,0.0,0.0,60.0,59.9,74.7,0.0,276.0,275.0,276.0,0.0,0.0,0.0,619.0,1443650.0,42679.0,133431.0,1.0,0.979,0.748,0.921,0.004,0.006,0.007,0.008,0.012,0.008,0.01,0.0,0.0,0.0,0.0,0.0,0.0,0.0,53388.0,54195.0,53646.0,53480.0,54481.0,51842.0,47172.0,,0.0,0.0,,,2.0,-1.0,13.61,0.046,0.22,3.0,2.0,0.0,0.0,22.85,22.97,24.9,26.67,22.78,24.25,22.74,22.77,22.8,30.88
2016-07-28 21:18:00-05:00,-7.603478,-2.6337912,576735,23.93,0.0,0.407,23.42,3.645,277.0,275.3,273.3,0.0,0.0,0.0,4.614,0.0,60.22,0.0,1453354.0,21.79,0.0,0.0,0.0,0.0,0.0,0.0,0.0,0.0,0.0,0.0,23.01,22.54,-0.036,0.0,0.0,0.0,60.0,59.9,74.7,0.0,276.0,275.0,276.0,0.0,0.0,0.0,619.0,1443650.0,42679.0,133431.0,1.0,0.979,0.748,0.921,0.005,0.006,0.007,0.008,0.012,0.008,0.009,0.0,0.0,0.0,0.0,0.0,0.0,0.0,53388.0,54195.0,53646.0,53480.0,54481.0,51842.0,47172.0,,0.0,0.0,,,2.0,-1.0,13.65,0.039,0.22,3.0,2.0,0.0,0.0,22.87,22.97,24.88,26.69,22.82,24.25,22.74,22.83,22.8,30.88
2016-07-28 21:19:00-05:00,-7.484674,-2.6337912,576736,23.93,0.0,0.407,23.45,3.645,277.2,275.4,273.3,0.0,0.0,0.0,4.614,0.0,60.22,0.0,1453354.0,21.79,0.0,0.0,0.0,0.0,0.0,0.0,0.0,0.0,0.0,0.0,23.06,22.56,-0.036,0.0,0.0,0.0,60.0,59.9,74.7,0.0,276.0,275.0,276.0,0.0,0.0,0.0,619.0,1443650.0,42679.0,133431.0,1.0,0.979,0.748,0.921,0.004,0.006,0.007,0.008,0.011,0.008,0.009,0.0,0.0,0.0,0.0,0.0,0.0,0.0,53388.0,54195.0,53646.0,53480.0,54481.0,51842.0,47172.0,,0.0,0.0,,,2.0,-1.0,13.65,0.025,0.22,3.0,2.0,0.0,0.0,22.87,22.97,24.87,26.69,22.81,24.25,22.77,22.89,22.8,30.81
2016-07-28 21:20:00-05:00,-7.484674,-2.6337912,576737,23.93,0.0,0.407,23.42,3.626,277.2,275.3,273.2,0.0,0.0,0.0,4.689,0.0,60.22,0.0,1453354.0,21.79,0.0,0.0,0.0,0.0,0.0,0.0,0.0,0.0,0.0,0.0,23.07,22.55,-0.036,0.0,0.0,0.0,60.0,59.9,74.7,0.0,276.0,275.0,276.0,0.0,0.0,0.0,619.0,1443650.0,42679.0,133431.0,1.0,0.979,0.748,0.921,0.005,0.005,0.007,0.008,0.012,0.008,0.01,0.0,0.0,0.0,0.0,0.0,0.0,0.0,53388.0,54195.0,53646.0,53480.0,54481.0,51842.0,47172.0,,0.0,0.0,,,2.0,-1.0,13.65,0.023,0.22,3.0,2.0,0.0,0.0,22.85,22.97,24.89,26.69,22.81,24.25,22.77,22.87,22.8,30.78
2016-07-28 21:21:00-05:00,-7.484674,-2.6337912,576738,23.93,0.0,0.407,23.47,3.375,277.2,275.3,273.3,0.0,0.0,0.0,4.585,0.0,60.22,0.0,1453354.0,21.78,0.0,0.0,0.0,0.0,0.0,0.0,0.0,0.0,0.0,0.0,23.1,22.54,-0.038,0.0,0.0,0.0,60.0,59.9,74.7,0.0,276.0,275.0,276.0,0.0,0.0,0.0,619.0,1443650.0,42679.0,133431.0,1.0,0.979,0.748,0.921,0.005,0.006,0.007,0.007,0.012,0.009,0.01,0.0,0.0,0.0,0.0,0.0,0.0,0.0,53388.0,54195.0,53646.0,53480.0,54481.0,51842.0,47172.0,,0.0,0.0,,,2.0,-1.0,13.65,0.022,0.22,3.0,2.0,0.0,0.0,22.89,22.95,24.87,26.69,22.82,24.25,22.76,22.82,22.8,30.74
2016-07-28 21:22:00-05:00,-7.484674,-2.6337912,576739,23.93,0.0,0.407,23.46,3.375,277.4,275.2,273.2,0.0,0.0,0.0,4.554,0.0,60.25,0.0,1453354.0,21.78,0.0,0.0,0.0,0.0,0.0,0.0,0.0,0.0,0.0,0.0,23.09,22.56,-0.037,0.0,0.0,0.0,60.0,59.9,74.7,0.0,276.0,275.0,276.0,0.0,0.0,0.0,619.0,1443650.0,42679.0,133431.0,1.0,0.979,0.748,0.921,0.004,0.005,0.007,0.008,0.012,0.008,0.01,0.0,0.0,0.0,0.0,0.0,0.0,0.0,53388.0,54195.0,53646.0,53480.0,54481.0,51842.0,47172.0,,0.0,0.0,,,2.0,-1.0,13.65,0.022,0.22,3.0,2.0,0.0,0.0,22.92,22.89,24.92,26.69,22.83,24.25,22.71,22.82,22.8,30.71
2016-07-28 21:23:00-05:00,-7.484674,-2.6337912,576740,23.93,0.0,0.407,23.47,3.375,277.2,275.4,273.3,0.0,0.0,0.0,4.524,0.0,60.2,0.0,1453354.0,21.79,0.0,0.0,0.0,0.0,0.0,0.0,0.0,0.0,0.0,0.0,23.09,22.55,-0.036,0.0,0.0,0.0,60.0,59.9,74.7,0.0,276.0,275.0,276.0,0.0,0.0,0.0,619.0,1443650.0,42679.0,133431.0,1.0,0.979,0.748,0.921,0.004,0.005,0.006,0.008,0.012,0.009,0.008,0.0,0.0,0.0,0.0,0.0,0.0,0.0,53388.0,54195.0,53646.0,53480.0,54481.0,51842.0,47172.0,1.485,41.66,10.64,3.8,3.512,2.0,-1.0,13.65,0.022,0.22,3.0,2.0,0.0,0.0,22.89,22.97,24.88,26.69,22.75,24.25,22.67,22.79,22.8,30.68
2016-07-28 21:24:00-05:00,-7.484674,-2.6337912,576741,23.93,0.0,0.407,23.48,3.375,277.3,275.4,273.3,0.0,0.0,0.0,4.564,0.0,60.16,0.0,1453354.0,21.79,0.0,0.0,0.0,0.0,0.0,0.0,0.0,0.0,0.0,0.0,23.1,22.58,-0.036,0.0,0.0,0.0,60.0,59.9,74.7,0.0,276.0,275.0,276.0,0.0,0.0,0.0,619.0,1443650.0,42679.0,133431.0,1.0,0.979,0.748,0.921,0.004,0.005,0.006,0.008,0.013,0.007,0.008,0.0,0.0,0.0,0.0,0.0,0.0,0.0,53388.0,54195.0,53646.0,53480.0,54481.0,51842.0,47172.0,,0.0,0.0,,,2.0,-1.0,13.65,0.021,0.22,3.0,2.0,0.0,0.0,22.89,22.97,24.83,26.69,22.74,24.23,22.69,22.85,22.8,30.68
2016-07-28 21:25:00-05:00,-7.484674,-2.6337912,576742,23.92,0.0,0.407,23.48,3.375,277.5,275.4,273.3,0.0,0.0,0.0,4.6,0.0,60.23,0.0,1453354.0,21.79,0.0,0.0,0.0,0.0,0.0,0.0,0.0,0.0,0.0,0.0,23.07,22.59,-0.029,0.0,0.0,0.0,60.0,59.9,74.7,0.0,276.0,275.0,276.1,0.0,0.0,0.0,619.0,1443650.0,42679.0,133431.0,1.0,0.979,0.748,0.921,0.004,0.005,0.007,0.008,0.011,0.008,0.01,0.0,0.0,0.0,0.0,0.0,0.0,0.0,53388.0,54195.0,53646.0,53480.0,54481.0,51842.0,47172.0,,0.0,0.0,,,2.0,-1.0,13.65,0.021,0.22,3.0,2.0,0.0,0.0,22.87,22.97,24.9,26.69,22.79,24.25,22.67,22.82,22.8,30.6
2016-07-28 21:26:00-05:00,-7.484674,-2.6337912,576743,23.93,0.0,0.407,23.47,3.375,277.4,275.7,273.6,0.0,0.0,0.0,4.614,0.0,60.22,0.0,1453354.0,21.79,0.0,0.0,0.0,0.0,0.0,0.0,0.0,0.0,0.0,0.0,23.1,22.55,-0.037,0.0,0.0,0.0,60.0,59.9,74.7,0.0,276.0,275.0,276.9,0.0,0.0,0.0,619.0,1443650.0,42679.0,133431.0,1.0,0.979,0.748,0.921,0.004,0.005,0.007,0.007,0.012,0.008,0.01,0.0,0.0,0.0,0.0,0.0,0.0,0.0,53388.0,54195.0,53646.0,53480.0,54481.0,51842.0,47172.0,,0.0,0.0,,,2.0,-1.0,13.65,0.021,0.22,3.0,2.0,0.0,0.0,22.87,22.97,24.9,26.69,22.83,24.23,22.67,22.77,22.8,30.58
2016-07-28 21:27:00-05:00,-7.484674,-2.6337912,576744,23.91,0.0,0.407,23.48,3.375,277.5,275.6,273.5,0.0,0.0,0.0,4.614,0.0,60.22,0.0,1453354.0,21.79,0.0,0.0,0.0,0.0,0.0,0.0,0.0,0.0,0.0,0.0,23.11,22.55,-0.037,0.0,0.0,0.0,60.0,59.9,74.7,0.0,276.0,275.0,277.0,0.0,0.0,0.0,619.0,1443650.0,42679.0,133431.0,1.0,0.979,0.748,0.921,0.005,0.005,0.007,0.008,0.012,0.008,0.01,0.0,0.0,0.0,0.0,0.0,0.0,0.0,53388.0,54195.0,53646.0,53480.0,54481.0,51842.0,47172.0,1.058,159.7,83.0,2.8,3.512,2.0,-1.0,13.65,0.021,0.22,3.0,2.0,0.0,0.0,22.85,22.97,24.9,26.69,22.78,24.22,22.67,22.81,22.8,30.53
2016-07-28 21:28:00-05:00,-7.7222824,-2.6337912,576745,23.9,0.0,0.407,23.42,3.375,277.7,275.5,273.5,0.0,0.0,0.0,4.612,0.0,60.22,0.0,1453354.0,21.79,0.0,0.0,0.0,0.0,0.0,0.0,0.0,0.0,0.0,0.0,23.06,22.54,-0.038,0.0,0.0,0.0,60.0,59.9,74.7,0.0,276.0,275.0,277.0,0.0,0.0,0.0,619.0,1443650.0,42679.0,133431.0,1.0,0.979,0.748,0.921,0.005,0.005,0.007,0.007,0.012,0.009,0.01,0.0,0.0,0.0,0.0,0.0,0.0,0.0,53388.0,54195.0,53646.0,53480.0,54481.0,51842.0,47172.0,,0.0,0.0,,,2.0,-1.0,13.65,0.021,0.22,3.0,2.0,0.0,0.0,22.85,22.97,24.94,26.69,22.78,24.25,22.67,22.77,22.8,30.48
2016-07-28 21:29:00-05:00,-7.959892,-2.6337912,576746,23.9,0.0,0.407,23.43,3.375,277.5,275.7,273.6,0.0,0.0,0.0,4.608,0.0,60.22,0.0,1453354.0,21.78,0.0,0.0,0.0,0.0,0.0,0.0,0.0,0.0,0.0,0.0,23.06,22.52,-0.037,0.0,0.0,0.0,60.0,59.9,74.7,0.0,276.0,275.2,277.0,0.0,0.0,0.0,619.0,1443650.0,42679.0,133431.0,1.0,0.979,0.748,0.921,0.003,0.005,0.006,0.008,0.012,0.009,0.008,0.0,0.0,0.0,0.0,0.0,0.0,0.0,53388.0,54195.0,53646.0,53480.0,54481.0,51842.0,47172.0,0.982,137.6,49.41,2.6,3.512,2.5,-1.0,13.65,0.021,0.22,3.0,2.0,0.0,0.0,22.89,22.97,24.92,26.69,22.77,24.21,22.66,22.77,22.73,30.48
2016-07-28 21:30:00-05:00,-7.841087,-2.6337912,576747,23.9,0.0,0.407,23.43,3.499,277.7,275.7,273.7,0.0,0.0,0.0,4.613,0.0,60.21,0.0,1453354.0,21.79,0.0,0.0,0.0,0.0,0.0,0.0,0.0,0.0,0.0,0.0,23.07,22.49,-0.037,0.0,0.0,0.0,60.0,59.9,74.7,0.0,276.0,275.2,277.0,0.0,0.0,0.0,619.0,1443650.0,42679.0,133431.0,1.0,0.979,0.748,0.921,0.004,0.005,0.006,0.008,0.012,0.008,0.009,0.0,0.0,0.0,0.0,0.0,0.0,0.0,53388.0,54195.0,53646.0,53480.0,54481.0,51842.0,47172.0,1.028,155.9,47.66,2.7,3.51,2.0,-1.0,13.65,0.021,0.22,3.0,2.0,0.0,0.0,22.87,22.92,24.94,26.67,22.76,24.16,22.67,22.77,22.7,30.48
2016-07-28 21:31:00-05:00,-7.7222824,-2.6337912,576748,23.9,0.0,0.407,23.41,3.644,277.6,275.9,273.8,0.0,0.0,0.0,4.614,0.0,60.21,0.0,1453354.0,21.79,0.0,0.0,0.0,0.0,0.0,0.0,0.0,0.0,0.0,0.0,23.07,22.48,-0.037,0.0,0.0,0.0,60.0,59.9,74.7,0.0,276.0,275.6,277.0,0.0,0.0,0.0,619.0,1443650.0,42679.0,133431.0,1.0,0.979,0.748,0.921,0.004,0.005,0.006,0.008,0.012,0.008,0.009,0.0,0.0,0.0,0.0,0.0,0.0,0.0,53388.0,54195.0,53646.0,53480.0,54481.0,51842.0,47172.0,0.767,138.9,33.44,2.5,3.51,2.0,-1.0,13.65,0.021,0.22,3.0,2.0,0.0,0.0,22.87,22.9,24.9,26.69,22.71,24.15,22.67,22.79,22.7,30.45
2016-07-28 21:32:00-05:00,-7.841087,-2.6337912,576749,23.9,0.0,0.407,23.37,3.645,277.8,276.0,273.9,0.0,0.0,0.0,4.611,0.0,60.21,0.0,1453354.0,21.79,0.0,0.0,0.0,0.0,0.0,0.0,0.0,0.0,0.0,0.0,23.04,22.47,-0.037,0.0,0.0,0.0,60.0,59.9,74.7,0.0,276.2,276.0,277.0,0.0,0.0,0.0,619.0,1443650.0,42679.0,133431.0,1.0,0.979,0.748,0.921,0.003,0.006,0.006,0.007,0.012,0.008,0.009,0.0,0.0,0.0,0.0,0.0,0.0,0.0,53388.0,54195.0,53646.0,53480.0,54481.0,51842.0,47172.0,0.592,145.4,32.75,1.9,3.512,2.0,-1.0,13.65,0.021,0.22,3.0,2.0,0.0,0.0,22.84,22.94,24.94,26.69,22.77,24.15,22.69,22.81,22.7,30.39
2016-07-28 21:33:00-05:00,-7.959892,-2.6337912,576750,23.88,0.0,0.407,23.37,3.645,277.9,275.9,273.9,0.0,0.0,0.0,4.614,0.0,60.22,0.0,1453354.0,21.79,0.0,0.0,0.0,0.0,0.0,0.0,0.0,0.0,0.0,0.0,23.04,22.45,-0.037,0.0,0.0,0.0,60.0,59.9,74.7,0.0,276.1,276.0,277.0,0.0,0.0,0.0,619.0,1443650.0,42679.0,133431.0,1.0,0.979,0.748,0.921,0.004,0.006,0.007,0.008,0.012,0.008,0.009,0.0,0.0,0.0,0.0,0.0,0.0,0.0,53388.0,54195.0,53646.0,53480.0,54481.0,51842.0,47172.0,0.687,200.1,81.5,2.8,3.512,2.0,-1.0,13.65,0.021,0.22,3.0,2.0,0.0,0.0,22.81,22.87,24.92,26.69,22.73,24.15,22.67,22.79,22.7,30.39
2016-07-28 21:34:00-05:00,-7.959892,-2.6337912,576751,23.87,0.0,0.407,23.35,3.645,278.1,276.0,274.0,0.0,0.0,0.0,4.608,0.0,60.21,0.0,1453354.0,21.79,0.0,0.0,0.0,0.0,0.0,0.0,0.0,0.0,0.0,0.0,23.01,22.43,-0.038,0.0,0.0,0.0,60.0,59.9,74.7,0.0,276.8,276.0,277.0,0.0,0.0,0.0,619.0,1443650.0,42679.0,133431.0,1.0,0.979,0.748,0.921,0.004,0.005,0.006,0.008,0.012,0.008,0.01,0.0,0.0,0.0,0.0,0.0,0.0,0.0,53388.0,54195.0,53646.0,53480.0,54481.0,51842.0,47172.0,,0.0,0.0,,,2.0,-1.0,13.65,0.021,0.22,3.0,2.0,0.0,0.0,22.81,22.87,24.92,26.69,22.73,24.13,22.67,22.77,22.7,30.37
2016-07-28 21:35:00-05:00,-7.959892,-2.6337912,576752,23.87,0.0,0.407,23.35,3.645,277.6,276.0,274.0,0.0,0.0,0.0,4.607,0.0,60.22,0.0,1453354.0,21.79,0.0,0.0,0.0,0.0,0.0,0.0,0.0,0.0,0.0,0.0,23.02,22.42,-0.038,0.0,0.0,0.0,60.0,59.9,74.7,0.0,276.0,276.0,277.0,0.0,0.0,0.0,619.0,1443650.0,42679.0,133431.0,1.0,0.979,0.748,0.921,0.003,0.005,0.006,0.007,0.012,0.009,0.01,0.0,0.0,0.0,0.0,0.0,0.0,0.0,53388.0,54195.0,53646.0,53480.0,54481.0,51842.0,47172.0,0.583,170.0,64.57,1.7,3.512,2.0,-1.0,13.65,0.021,0.22,3.0,2.0,0.0,0.0,22.85,22.87,24.92,26.69,22.78,24.15,22.68,22.81,22.7,30.29
2016-07-28 21:36:00-05:00,-7.959892,-2.6337912,576753,23.87,0.0,0.407,23.31,3.645,276.8,274.7,272.7,0.0,0.0,0.0,4.608,0.0,60.19,0.0,1453354.0,21.78,0.0,0.0,0.0,0.0,0.0,0.0,0.0,0.0,0.0,0.0,22.97,22.4,-0.038,0.0,0.0,0.0,60.0,59.9,74.7,0.0,275.1,274.2,276.1,0.0,0.0,0.0,619.0,1443650.0,42679.0,133431.0,1.0,0.979,0.748,0.921,0.004,0.004,0.006,0.007,0.012,0.009,0.009,0.0,0.0,0.0,0.0,0.0,0.0,0.0,53388.0,54195.0,53646.0,53480.0,54481.0,51842.0,47172.0,0.738,178.1,31.08,2.0,3.51,2.0,-1.0,13.65,0.021,0.22,3.0,2.0,0.0,0.0,22.83,22.87,24.9,26.67,22.7,24.15,22.6,22.79,22.7,30.29
2016-07-28 21:37:00-05:00,-7.959892,-2.6337912,576754,23.87,0.0,0.407,23.33,3.645,276.6,274.4,272.4,0.0,0.0,0.0,4.612,0.0,60.15,0.0,1453354.0,21.79,0.0,0.0,0.0,0.0,0.0,0.0,0.0,0.0,0.0,0.0,22.98,22.41,-0.036,0.0,0.0,0.0,60.0,59.9,74.7,0.0,275.0,274.0,275.8,0.0,0.0,0.0,619.0,1443650.0,42679.0,133431.0,1.0,0.979,0.748,0.921,0.004,0.005,0.007,0.008,0.011,0.008,0.009,0.0,0.0,0.0,0.0,0.0,0.0,0.0,53388.0,54195.0,53646.0,53480.0,54481.0,51842.0,47172.0,1.595,86.3,38.28,3.5,3.512,2.0,-1.0,13.65,0.021,0.22,3.0,2.0,0.0,0.0,22.82,22.87,24.88,26.67,22.73,24.15,22.65,22.81,22.7,30.27
2016-07-28 21:38:00-05:00,-7.959892,-2.6337912,576755,23.87,0.0,0.407,23.34,3.662,276.6,274.6,272.6,0.0,0.0,0.0,4.621,0.0,60.15,0.0,1453354.0,21.78,0.0,0.0,0.0,0.0,0.0,0.0,0.0,0.0,0.0,0.0,22.98,22.42,-0.037,0.0,0.0,0.0,60.0,59.9,74.7,0.0,275.0,274.0,276.0,0.0,0.0,0.0,619.0,1443650.0,42679.0,133431.0,1.0,0.979,0.748,0.921,0.004,0.005,0.007,0.008,0.011,0.008,0.009,0.0,0.0,0.0,0.0,0.0,0.0,0.0,53388.0,54195.0,53646.0,53480.0,54481.0,51842.0,47172.0,,0.0,0.0,,,2.0,-1.0,13.65,0.021,0.22,3.0,2.0,0.0,0.0,22.83,22.87,24.92,26.69,22.7,24.15,22.59,22.81,22.7,30.22
2016-07-28 21:39:00-05:00,-7.959892,-2.6337912,576756,23.87,0.0,0.407,23.37,3.907,276.6,274.6,272.8,0.0,0.0,0.0,4.647,0.0,60.15,0.0,1453354.0,21.79,0.0,0.0,0.0,0.0,0.0,0.0,0.0,0.0,0.0,0.0,22.97,22.4,-0.037,0.0,0.0,0.0,60.0,59.9,74.7,0.0,275.0,274.0,276.0,0.0,0.0,0.0,619.0,1443650.0,42679.0,133431.0,1.0,0.979,0.748,0.921,0.003,0.006,0.006,0.008,0.012,0.008,0.009,0.0,0.0,0.0,0.0,0.0,0.0,0.0,53388.0,54195.0,53646.0,53480.0,54481.0,51842.0,47172.0,0.892,139.1,44.06,2.3,3.512,2.0,-1.0,13.65,0.02,0.22,3.0,2.0,0.0,0.0,22.84,22.87,24.94,26.69,22.68,24.15,22.59,22.82,22.7,30.19
2016-07-28 21:40:00-05:00,-7.959892,-2.6337912,576757,23.87,0.0,0.407,23.34,3.915,276.7,274.8,273.0,0.0,0.0,0.0,4.697,0.0,60.22,0.0,1453354.0,21.79,0.0,0.0,0.0,0.0,0.0,0.0,0.0,0.0,0.0,0.0,22.95,22.41,-0.038,0.0,0.0,0.0,60.0,59.9,74.7,0.0,275.2,274.6,276.0,0.0,0.0,0.0,619.0,1443650.0,42679.0,133431.0,1.0,0.979,0.748,0.921,0.004,0.005,0.007,0.008,0.012,0.008,0.009,0.0,0.0,0.0,0.0,0.0,0.0,0.0,53388.0,54195.0,53646.0,53480.0,54481.0,51842.0,47172.0,,0.0,0.0,,,2.0,-1.0,13.65,0.021,0.22,3.0,2.0,0.0,0.0,22.83,22.87,24.92,26.69,22.68,24.15,22.61,22.81,22.7,30.19
2016-07-28 21:41:00-05:00,-7.959892,-2.6337912,576758,23.87,0.0,0.407,23.31,3.915,277.1,274.8,272.9,0.0,0.0,0.0,4.737,0.0,60.21,0.0,1453354.0,21.79,0.0,0.0,0.0,0.0,0.0,0.0,0.0,0.0,0.0,0.0,22.96,22.39,-0.038,0.0,0.0,0.0,60.0,59.9,74.7,0.0,275.8,274.9,276.0,0.0,0.0,0.0,619.0,1443650.0,42679.0,133431.0,1.0,0.979,0.748,0.921,0.004,0.005,0.007,0.007,0.012,0.007,0.009,0.0,0.0,0.0,0.0,0.0,0.0,0.0,53388.0,54195.0,53646.0,53480.0,54481.0,51842.0,47172.0,0.612,168.4,21.97,1.4,3.512,2.0,-1.0,13.65,0.02,0.22,3.0,2.0,0.0,0.0,22.84,22.87,24.9,26.69,22.68,24.15,22.58,22.79,22.7,30.15
2016-07-28 21:42:00-05:00,-7.959892,-2.6337912,576759,23.85,0.0,0.407,23.33,3.915,276.8,274.9,273.0,0.0,0.0,0.0,4.703,0.0,60.22,0.0,1453354.0,21.79,0.0,0.0,0.0,0.0,0.0,0.0,0.0,0.0,0.0,0.0,22.97,22.4,-0.036,0.0,0.0,0.0,60.0,59.9,74.7,0.0,275.7,274.8,276.0,0.0,0.0,0.0,619.0,1443650.0,42679.0,133431.0,1.0,0.979,0.748,0.921,0.003,0.005,0.006,0.007,0.012,0.008,0.009,0.0,0.0,0.0,0.0,0.0,0.0,0.0,53388.0,54195.0,53646.0,53480.0,54481.0,51842.0,47172.0,0.845,124.6,32.01,2.2,3.512,2.0,-1.0,13.65,0.02,0.22,3.0,2.0,0.0,0.0,22.79,22.87,24.9,26.69,22.68,24.15,22.62,22.79,22.7,30.09
2016-07-28 21:43:00-05:00,-7.959892,-2.6337912,576760,23.84,0.0,0.407,23.35,3.915,277.1,274.9,273.0,0.0,0.0,0.0,4.639,0.0,60.23,0.0,1453354.0,21.79,0.0,0.0,0.0,0.0,0.0,0.0,0.0,0.0,0.0,0.0,23.0,22.4,-0.037,0.0,0.0,0.0,60.0,59.9,74.7,0.0,276.0,275.0,276.0,0.0,0.0,0.0,619.0,1443650.0,42679.0,133431.0,1.0,0.979,0.748,0.921,0.003,0.005,0.006,0.008,0.012,0.008,0.009,0.0,0.0,0.0,0.0,0.0,0.0,0.0,53388.0,54195.0,53646.0,53480.0,54481.0,51842.0,47172.0,,0.0,0.0,,,2.0,-1.0,13.65,0.02,0.22,3.0,2.0,0.0,0.0,22.85,22.87,24.92,26.69,22.68,24.15,22.63,22.79,22.7,30.09
2016-07-28 21:44:00-05:00,-7.841087,-2.6337912,576761,23.84,0.0,0.407,23.32,3.786,276.9,275.0,273.1,0.0,0.0,0.0,4.626,0.0,60.22,0.0,1453354.0,21.79,0.0,0.0,0.0,0.0,0.0,0.0,0.0,0.0,0.0,0.0,23.01,22.44,-0.038,0.0,0.0,0.0,60.0,59.9,74.7,0.0,276.0,275.0,276.0,0.0,0.0,0.0,619.0,1443650.0,42679.0,133431.0,1.0,0.979,0.748,0.921,0.004,0.005,0.005,0.007,0.011,0.008,0.01,0.0,0.0,0.0,0.0,0.0,0.0,0.0,53388.0,54195.0,53646.0,53480.0,54481.0,51842.0,47172.0,0.488,135.2,24.74,0.7,3.512,2.0,-1.0,13.65,0.02,0.22,3.0,2.0,0.0,0.0,22.82,22.87,24.94,26.69,22.67,24.15,22.61,22.79,22.7,30.09
2016-07-28 21:45:00-05:00,-7.7222824,-2.6337912,576762,23.84,0.0,0.407,23.35,3.657,277.0,275.0,273.0,0.0,0.0,0.0,4.614,0.0,60.17,0.0,1453354.0,21.78,0.0,0.0,0.0,0.0,0.0,0.0,0.0,0.0,0.0,0.0,23.02,22.44,-0.036,0.0,0.0,0.0,60.0,59.9,74.7,0.0,276.0,275.0,276.0,0.0,0.0,0.0,619.0,1443650.0,42679.0,133431.0,1.0,0.979,0.748,0.921,0.004,0.005,0.006,0.007,0.011,0.008,0.009,0.0,0.0,0.0,0.0,0.0,0.0,0.0,53388.0,54195.0,53646.0,53480.0,54481.0,51842.0,47172.0,0.412,167.8,15.95,0.6,3.512,2.0,-1.0,13.65,0.02,0.22,3.0,2.0,0.0,0.0,22.84,22.87,24.94,26.69,22.68,24.15,22.66,22.84,22.7,30.09
2016-07-28 21:46:00-05:00,-7.603478,-2.6337912,576763,23.84,0.0,0.407,23.36,3.645,276.4,274.5,272.6,0.0,0.0,0.0,4.617,0.0,60.16,0.0,1453354.0,21.78,0.0,0.0,0.0,0.0,0.0,0.0,0.0,0.0,0.0,0.0,23.0,22.46,-0.037,0.0,0.0,0.0,60.0,59.9,74.7,0.0,275.1,274.1,275.6,0.0,0.0,0.0,619.0,1443650.0,42679.0,133431.0,1.0,0.979,0.748,0.921,0.003,0.005,0.007,0.008,0.011,0.008,0.009,0.0,0.0,0.0,0.0,0.0,0.0,0.0,53388.0,54195.0,53646.0,53480.0,54481.0,51842.0,47172.0,0.345,148.5,45.6,0.6,3.51,2.0,-1.0,13.65,0.02,0.22,3.0,2.0,0.0,0.0,22.85,22.88,24.94,26.74,22.78,24.18,22.68,22.83,22.7,30.04
2016-07-28 21:47:00-05:00,-7.484674,-2.6337912,576764,23.84,0.0,0.407,23.34,3.645,276.5,274.5,272.6,0.0,0.0,0.0,4.615,0.0,60.15,0.0,1453354.0,21.79,0.0,0.0,0.0,0.0,0.0,0.0,0.0,0.0,0.0,0.0,22.98,22.46,-0.037,0.0,0.0,0.0,60.0,59.9,74.7,0.0,275.0,274.0,275.9,0.0,0.0,0.0,619.0,1443650.0,42679.0,133431.0,1.0,0.979,0.748,0.921,0.004,0.005,0.006,0.007,0.012,0.008,0.009,0.0,0.0,0.0,0.0,0.0,0.0,0.0,53388.0,54195.0,53646.0,53480.0,54481.0,51842.0,47172.0,0.272,234.8,34.62,0.4,3.51,2.0,-1.0,13.65,0.02,0.22,3.0,2.0,0.0,0.0,22.86,22.89,24.98,26.79,22.77,24.15,22.73,22.81,22.7,29.99
2016-07-28 21:48:00-05:00,-7.484674,-2.6337912,576765,23.84,0.0,0.407,23.31,3.645,277.1,274.4,272.6,0.0,0.0,0.0,4.614,0.0,60.17,0.0,1453354.0,21.79,0.0,0.0,0.0,0.0,0.0,0.0,0.0,0.0,0.0,0.0,22.98,22.45,-0.037,0.0,0.0,0.0,60.0,59.9,74.7,0.0,275.0,274.0,276.0,0.0,0.0,0.0,619.0,1443650.0,42679.0,133431.0,1.0,0.979,0.748,0.921,0.004,0.005,0.006,0.007,0.011,0.008,0.008,0.0,0.0,0.0,0.0,0.0,0.0,0.0,53388.0,54195.0,53646.0,53480.0,54481.0,51842.0,47172.0,,0.0,0.0,,,2.0,-1.0,13.65,0.02,0.22,3.0,2.0,0.0,0.0,22.91,22.89,24.98,26.79,22.78,24.15,22.71,22.83,22.7,29.99
2016-07-28 21:49:00-05:00,-7.484674,-2.6337912,576766,23.84,0.0,0.407,23.36,3.645,276.4,274.5,272.6,0.0,0.0,0.0,4.615,0.0,60.22,0.0,1453354.0,21.78,0.0,0.0,0.0,0.0,0.0,0.0,0.0,0.0,0.0,0.0,22.96,22.45,-0.037,0.0,0.0,0.0,60.0,59.9,74.7,0.0,275.0,274.0,276.0,0.0,0.0,0.0,619.0,1443650.0,42679.0,133431.0,1.0,0.979,0.748,0.921,0.004,0.006,0.006,0.007,0.011,0.008,0.009,0.0,0.0,0.0,0.0,0.0,0.0,0.0,53388.0,54195.0,53646.0,53480.0,54481.0,51842.0,47172.0,0.313,303.2,26.98,0.5,3.51,2.0,-1.0,13.65,0.02,0.22,3.0,2.0,0.0,0.0,22.88,22.95,24.98,26.79,22.77,24.15,22.7,22.83,22.7,29.99
2016-07-28 21:50:00-05:00,-7.484674,-2.6337912,576767,23.84,0.0,0.407,23.35,3.658,276.4,274.4,272.5,0.0,0.0,0.0,4.619,0.0,60.22,0.0,1453354.0,21.79,0.0,0.0,0.0,0.0,0.0,0.0,0.0,0.0,0.0,0.0,22.95,22.44,-0.038,0.0,0.0,0.0,60.0,59.9,74.7,0.0,275.0,274.0,275.7,0.0,0.0,0.0,619.0,1443650.0,42679.0,133431.0,1.0,0.979,0.748,0.921,0.003,0.005,0.006,0.008,0.011,0.008,0.008,0.0,0.0,0.0,0.0,0.0,0.0,0.0,53388.0,54195.0,53646.0,53480.0,54481.0,51842.0,47172.0,,0.0,0.0,,,2.0,-1.0,13.65,0.02,0.22,3.0,2.0,0.0,0.0,22.91,22.97,25.0,26.77,22.77,24.15,22.68,22.88,22.7,29.99
2016-07-28 21:51:00-05:00,-7.484674,-2.6337912,576768,23.84,0.0,0.407,23.38,3.885,276.8,274.3,272.4,0.0,0.0,0.0,4.69,0.0,60.21,0.0,1453354.0,21.79,0.0,0.0,0.0,0.0,0.0,0.0,0.0,0.0,0.0,0.0,22.94,22.46,-0.036,0.0,0.0,0.0,60.0,59.9,74.7,0.0,275.0,274.0,275.8,0.0,0.0,0.0,619.0,1443650.0,42679.0,133431.0,1.0,0.979,0.748,0.921,0.003,0.005,0.006,0.008,0.011,0.008,0.008,0.0,0.0,0.0,0.0,0.0,0.0,0.0,53388.0,54195.0,53646.0,53480.0,54481.0,51842.0,47172.0,,0.0,0.0,,,2.0,-1.0,13.65,0.02,0.22,3.0,2.0,0.0,0.0,22.93,22.97,25.04,26.79,22.78,24.23,22.73,22.85,22.7,29.93
2016-07-28 21:52:00-05:00,-7.484674,-2.6337912,576769,23.83,0.0,0.407,23.39,3.915,276.5,274.5,272.6,0.0,0.0,0.0,4.816,0.0,60.22,0.0,1453354.0,21.79,0.0,0.0,0.0,0.0,0.0,0.0,0.0,0.0,0.0,0.0,22.91,22.47,-0.038,0.0,0.0,0.0,60.0,59.9,74.7,0.0,275.0,274.0,276.0,0.0,0.0,0.0,619.0,1443650.0,42679.0,133431.0,1.0,0.979,0.748,0.921,0.003,0.005,0.006,0.007,0.011,0.008,0.008,0.0,0.0,0.0,0.0,0.0,0.0,0.0,53388.0,54195.0,53646.0,53480.0,54481.0,51842.0,47172.0,,0.0,0.0,,,2.5,-1.0,13.65,0.02,0.219,3.0,2.0,0.0,0.0,22.94,22.93,25.04,26.79,22.76,24.25,22.71,22.86,22.7,29.9
2016-07-28 21:53:00-05:00,-7.484674,-2.521715,576770,23.83,0.0,0.407,23.47,4.139,276.7,274.4,272.4,0.0,0.0,0.0,5.123,0.0,60.22,0.0,1453354.0,21.79,0.0,0.0,0.0,0.0,0.0,0.0,0.0,0.0,0.0,0.0,23.03,22.52,-0.037,0.0,0.0,0.0,60.0,59.9,74.7,0.0,275.0,274.0,276.0,0.0,0.0,0.0,619.0,1443650.0,42679.0,133431.0,1.0,0.979,0.748,0.921,0.004,0.005,0.006,0.007,0.011,0.009,0.009,0.0,0.0,0.0,0.0,0.0,0.0,0.0,53388.0,54195.0,53646.0,53480.0,54481.0,51842.0,47172.0,,0.0,0.0,,,2.0,-1.0,13.65,0.02,0.219,3.0,2.0,0.0,0.0,22.99,22.97,25.04,26.79,22.78,24.25,22.75,22.83,22.7,29.9
2016-07-28 21:54:00-05:00,-7.484674,-2.2975626,576771,23.81,0.0,0.407,23.49,4.287,276.6,274.4,272.4,0.0,0.0,0.0,5.219,0.0,60.18,0.0,1453354.0,21.79,0.0,0.0,0.0,0.0,0.0,0.0,0.0,0.0,0.0,0.0,23.01,22.56,-0.038,0.0,0.0,0.0,60.0,59.9,74.7,0.0,275.0,274.0,275.4,0.0,0.0,0.0,619.0,1443650.0,42679.0,133431.0,1.0,0.979,0.748,0.921,0.003,0.005,0.006,0.008,0.01,0.008,0.009,0.0,0.0,0.0,0.0,0.0,0.0,0.0,53388.0,54195.0,53646.0,53480.0,54481.0,51842.0,47172.0,,0.0,0.0,,,2.0,-1.0,13.65,0.02,0.22,3.0,2.0,0.0,0.0,23.06,22.97,25.1,26.79,22.78,24.25,22.71,22.86,22.72,29.9
2016-07-28 21:55:00-05:00,-7.1282606,-2.2975626,576772,23.81,0.0,0.407,23.5,4.449,276.3,274.3,272.3,0.0,0.0,0.0,5.22,0.0,60.14,0.0,1453354.0,21.79,0.0,0.0,0.0,0.0,0.0,0.0,0.0,0.0,0.0,0.0,22.98,22.56,-0.038,0.0,0.0,0.0,60.0,59.9,74.7,0.0,275.0,274.0,275.1,0.0,0.0,0.0,619.0,1443650.0,42679.0,133431.0,1.0,0.979,0.748,0.921,0.004,0.005,0.006,0.007,0.011,0.008,0.008,0.0,0.0,0.0,0.0,0.0,0.0,0.0,53388.0,54195.0,53646.0,53480.0,54481.0,51842.0,47172.0,,0.0,0.0,,,2.0,-1.0,13.65,0.02,0.219,3.0,2.0,0.0,0.0,23.04,22.97,25.14,26.85,22.76,24.3,22.78,22.9,22.8,29.9
2016-07-28 21:56:00-05:00,-7.1282606,-2.2975626,576773,23.81,0.0,0.407,23.49,4.455,276.4,274.4,272.4,0.0,0.0,0.0,5.221,0.0,60.13,0.0,1453354.0,21.79,0.0,0.0,0.0,0.0,0.0,0.0,0.0,0.0,0.0,0.0,22.97,22.55,-0.037,0.0,0.0,0.0,60.0,59.9,74.7,0.0,275.0,274.0,275.1,0.0,0.0,0.0,619.0,1443650.0,42679.0,133431.0,1.0,0.979,0.748,0.921,0.004,0.005,0.006,0.007,0.011,0.008,0.009,0.0,0.0,0.0,0.0,0.0,0.0,0.0,53388.0,54195.0,53646.0,53480.0,54481.0,51842.0,47172.0,0.532,242.8,23.34,0.8,3.51,2.0,-1.0,13.65,0.02,0.219,3.0,2.0,0.0,0.0,23.06,23.02,25.15,26.89,22.83,24.31,22.81,22.96,22.8,29.9
2016-07-28 21:57:00-05:00,-7.1282606,-2.2975626,576774,23.81,0.0,0.407,23.5,4.456,276.1,274.5,272.5,0.0,0.0,0.0,5.239,0.0,60.14,0.0,1453354.0,21.79,0.0,0.0,0.0,0.0,0.0,0.0,0.0,0.0,0.0,0.0,23.0,22.57,-0.038,0.0,0.0,0.0,60.0,59.9,74.7,0.0,275.0,274.0,275.3,0.0,0.0,0.0,619.0,1443650.0,42679.0,133431.0,1.0,0.979,0.748,0.921,0.004,0.004,0.006,0.007,0.011,0.007,0.009,0.0,0.0,0.0,0.0,0.0,0.0,0.0,53388.0,54195.0,53646.0,53480.0,54481.0,51842.0,47172.0,,0.0,0.0,,,2.0,-1.0,13.65,0.02,0.219,3.0,2.0,0.0,0.0,23.04,23.07,25.18,26.89,22.86,24.34,22.84,22.96,22.8,29.85
2016-07-28 21:58:00-05:00,-7.1282606,-2.2975626,576775,23.81,0.0,0.407,23.52,4.617,276.6,274.3,272.4,0.0,0.0,0.0,5.385,0.0,60.15,0.0,1453354.0,21.79,0.0,0.0,0.0,0.0,0.0,0.0,0.0,0.0,0.0,0.0,23.04,22.58,-0.038,0.0,0.0,0.0,60.0,59.9,74.7,0.0,275.0,274.0,275.5,0.0,0.0,0.0,619.0,1443650.0,42679.0,133431.0,1.0,0.979,0.748,0.921,0.004,0.005,0.005,0.006,0.011,0.007,0.009,0.0,0.0,0.0,0.0,0.0,0.0,0.0,53388.0,54195.0,53646.0,53480.0,54481.0,51842.0,47172.0,,0.0,0.0,,,2.0,-1.0,13.65,0.02,0.219,3.0,2.0,0.0,0.0,23.06,23.07,25.18,26.92,22.83,24.34,22.85,22.98,22.8,29.83
2016-07-28 21:59:00-05:00,-7.1282606,-2.2975626,576776,23.81,0.0,0.407,23.52,4.725,276.7,274.4,272.5,0.0,0.0,0.0,5.545,0.0,60.15,0.0,1453354.0,21.79,0.0,0.0,0.0,0.0,0.0,0.0,0.0,0.0,0.0,0.0,23.01,22.6,-0.038,0.0,0.0,0.0,60.0,59.9,74.7,0.0,275.0,274.0,276.0,0.0,0.0,0.0,619.0,1443650.0,42679.0,133431.0,1.0,0.979,0.748,0.921,0.003,0.004,0.006,0.007,0.011,0.007,0.008,0.0,0.0,0.0,0.0,0.0,0.0,0.0,53388.0,54195.0,53646.0,53480.0,54481.0,51842.0,47172.0,,0.0,0.0,,,2.0,-1.0,13.65,0.02,0.219,3.0,2.0,0.0,0.0,23.06,23.07,25.23,26.97,22.88,24.34,22.77,22.92,22.8,29.8
2016-07-28 22:00:00-05:00,-7.1282606,-2.2975626,576777,23.81,0.0,0.407,23.47,4.725,276.6,274.5,272.6,0.0,0.0,0.0,5.644,0.0,60.15,0.0,1453354.0,21.79,0.0,0.0,0.0,0.0,0.0,0.0,0.0,0.0,0.0,0.0,22.98,22.6,-0.037,0.0,0.0,0.0,60.0,59.9,74.7,0.0,275.0,274.0,276.0,0.0,0.0,0.0,619.0,1443650.0,42679.0,133431.0,1.0,0.979,0.748,0.921,0.004,0.005,0.007,0.007,0.011,0.007,0.009,0.0,0.0,0.0,0.0,0.0,0.0,0.0,53388.0,54195.0,53646.0,53480.0,54481.0,51842.0,47172.0,,0.0,0.0,,,2.0,-1.0,13.65,0.02,0.219,3.0,2.0,0.0,0.0,23.06,23.07,25.25,26.98,22.88,24.34,22.85,23.02,22.85,29.8
2016-07-28 22:01:00-05:00,-7.1282606,-2.2975626,576778,23.81,0.0,0.407,23.46,4.62,276.8,274.6,272.8,0.0,0.0,0.0,5.344,0.0,60.17,0.0,1453354.0,21.79,0.0,0.0,0.0,0.0,0.0,0.0,0.0,0.0,0.0,0.0,22.98,22.59,-0.037,0.0,0.0,0.0,60.0,59.9,74.7,0.0,275.1,274.0,276.0,0.0,0.0,0.0,619.0,1443650.0,42679.0,133431.0,1.0,0.979,0.748,0.921,0.003,0.006,0.006,0.007,0.011,0.007,0.008,0.0,0.0,0.0,0.0,0.0,0.0,0.0,53388.0,54195.0,53646.0,53480.0,54481.0,51842.0,47172.0,0.478,64.43,56.53,0.9,3.512,2.0,-1.0,13.65,0.02,0.219,3.0,2.0,0.0,0.0,23.06,23.15,25.3,26.98,22.88,24.34,22.84,23.01,22.9,29.8
2016-07-28 22:02:00-05:00,-7.1282606,-2.2975626,576779,23.81,0.0,0.407,23.49,4.687,276.8,274.9,273.0,0.0,0.0,0.0,5.386,0.0,60.22,0.0,1453354.0,21.79,0.0,0.0,0.0,0.0,0.0,0.0,0.0,0.0,0.0,0.0,23.03,22.6,-0.037,0.0,0.0,0.0,60.0,59.9,74.7,0.0,275.9,274.6,276.0,0.0,0.0,0.0,619.0,1443650.0,42679.0,133431.0,1.0,0.979,0.748,0.921,0.004,0.005,0.007,0.007,0.011,0.008,0.009,0.0,0.0,0.0,0.0,0.0,0.0,0.0,53388.0,54195.0,53646.0,53480.0,54481.0,51842.0,47172.0,,0.0,0.0,,,2.0,-1.0,13.65,0.02,0.219,3.0,2.0,0.0,0.0,23.04,23.16,25.3,26.98,22.88,24.34,22.86,23.04,22.9,29.8
2016-07-28 22:03:00-05:00,-7.1282606,-2.2975626,576780,23.81,0.0,0.407,23.49,4.84,277.4,274.7,272.8,0.0,0.0,0.0,5.727,0.0,60.21,0.0,1453354.0,21.79,0.0,0.0,0.0,0.0,0.0,0.0,0.0,0.0,0.0,0.0,23.04,22.6,-0.038,0.0,0.0,0.0,60.0,59.9,74.7,0.0,276.0,275.0,276.0,0.0,0.0,0.0,619.0,1443650.0,42679.0,133431.0,1.0,0.979,0.748,0.921,0.003,0.004,0.006,0.007,0.011,0.008,0.009,0.0,0.0,0.0,0.0,0.0,0.0,0.0,53388.0,54195.0,53646.0,53480.0,54481.0,51842.0,47172.0,0.497,67.29,12.92,0.7,3.512,2.0,-1.0,13.65,0.02,0.219,3.0,2.0,0.0,0.0,23.06,23.15,25.33,27.0,22.88,24.34,22.86,23.02,22.9,29.8
2016-07-28 22:04:00-05:00,-7.1282606,-2.2975626,576781,23.81,0.0,0.407,23.53,5.133,277.4,274.9,273.0,0.0,0.0,0.0,5.918,0.0,60.22,0.0,1453354.0,21.79,0.0,0.0,0.0,0.0,0.0,0.0,0.0,0.0,0.0,0.0,23.05,22.61,-0.038,0.0,0.0,0.0,60.0,59.9,74.7,0.0,276.0,275.0,276.0,0.0,0.0,0.0,619.0,1443650.0,42679.0,133431.0,1.0,0.979,0.748,0.921,0.003,0.004,0.006,0.007,0.011,0.007,0.008,0.0,0.0,0.0,0.0,0.0,0.0,0.0,53388.0,54195.0,53646.0,53480.0,54481.0,51842.0,47172.0,,0.0,0.0,,,2.0,-1.0,13.65,0.02,0.219,3.0,2.0,0.0,0.0,23.04,23.16,25.33,27.03,22.88,24.34,22.86,23.05,22.9,29.8
2016-07-28 22:05:00-05:00,-7.1282606,-2.2975626,576782,23.81,0.0,0.407,23.5,5.545,277.2,275.2,273.2,0.0,0.0,0.0,6.388,0.0,60.22,0.0,1453354.0,21.79,0.0,0.0,0.0,0.0,0.0,0.0,0.0,0.0,0.0,0.0,23.08,22.64,-0.038,0.0,0.0,0.0,60.0,59.9,74.7,0.0,276.0,275.0,276.0,0.0,0.0,0.0,619.0,1443650.0,42679.0,133431.0,1.0,0.979,0.748,0.921,0.003,0.004,0.006,0.007,0.011,0.008,0.008,0.0,0.0,0.0,0.0,0.0,0.0,0.0,53388.0,54195.0,53646.0,53480.0,54481.0,51842.0,47172.0,0.245,54.91,22.01,0.6,3.51,2.0,-1.0,13.65,0.02,0.219,3.0,2.0,0.0,0.0,23.04,23.16,25.33,27.05,22.89,24.38,22.87,23.02,22.9,29.8
2016-07-28 22:06:00-05:00,-7.1282606,-2.2975626,576783,23.81,0.0,0.407,23.54,5.649,277.8,275.1,273.2,0.0,0.0,0.0,6.432,0.0,60.21,0.0,1453354.0,21.79,0.0,0.0,0.0,0.0,0.0,0.0,0.0,0.0,0.0,0.0,23.09,22.64,-0.038,0.0,0.0,0.0,60.0,59.9,74.7,0.0,276.0,275.0,276.0,0.0,0.0,0.0,619.0,1443650.0,42679.0,133431.0,1.0,0.979,0.748,0.921,0.003,0.004,0.006,0.007,0.011,0.007,0.008,0.0,0.0,0.0,0.0,0.0,0.0,0.0,53388.0,54195.0,53646.0,53480.0,54481.0,51842.0,47172.0,0.257,169.4,38.14,0.4,3.51,2.0,-1.0,13.65,0.02,0.219,3.0,2.0,0.0,0.0,23.06,23.16,25.33,27.08,22.98,24.39,22.94,23.02,22.9,29.8
2016-07-28 22:07:00-05:00,-7.1282606,-2.2975626,576784,23.81,0.0,0.407,23.45,5.851,277.4,275.4,273.4,0.0,0.0,0.0,6.669,0.0,60.22,0.0,1453354.0,21.79,0.0,0.0,0.0,0.0,0.0,0.0,0.0,0.0,0.0,0.0,23.1,22.66,-0.037,0.0,0.0,0.0,60.0,59.9,74.7,0.0,276.0,275.0,276.4,0.0,0.0,0.0,619.0,1443650.0,42679.0,133431.0,1.0,0.979,0.748,0.921,0.004,0.004,0.006,0.007,0.011,0.007,0.008,0.0,0.0,0.0,0.0,0.0,0.0,0.0,53388.0,54195.0,53646.0,53480.0,54481.0,51842.0,47172.0,0.175,128.5,35.13,0.4,3.512,2.0,-1.0,13.65,0.02,0.219,3.0,2.0,0.0,0.0,23.07,23.16,25.33,27.08,22.98,24.38,22.94,23.06,22.9,29.72
2016-07-28 22:08:00-05:00,-7.1282606,-2.2975626,576785,23.81,0.0,0.407,23.46,5.661,277.3,275.5,273.5,0.0,0.0,0.0,6.515,0.0,60.22,0.0,1453354.0,21.79,0.0,0.0,0.0,0.0,0.0,0.0,0.0,0.0,0.0,0.0,23.03,22.65,-0.036,0.0,0.0,0.0,60.0,59.9,74.7,0.0,276.0,275.0,276.5,0.0,0.0,0.0,619.0,1443650.0,42679.0,133431.0,1.0,0.979,0.748,0.921,0.003,0.005,0.005,0.007,0.011,0.007,0.009,0.0,0.0,0.0,0.0,0.0,0.0,0.0,53388.0,54195.0,53646.0,53480.0,54481.0,51842.0,47172.0,,0.0,0.0,,,2.0,-1.0,13.65,0.02,0.219,3.0,2.0,0.0,0.0,23.06,23.16,25.39,27.11,22.98,24.41,22.96,23.06,22.9,29.7
2016-07-28 22:09:00-05:00,-7.1282606,-2.2975626,576786,23.81,0.0,0.407,23.45,5.806,275.9,273.8,271.9,0.0,0.0,0.0,6.491,0.0,60.14,0.0,1453354.0,21.79,0.0,0.0,0.0,0.0,0.0,0.0,0.0,0.0,0.0,0.0,23.0,22.66,-0.037,0.0,0.0,0.0,60.0,59.9,74.7,0.0,274.5,273.4,274.7,0.0,0.0,0.0,619.0,1443650.0,42679.0,133431.0,1.0,0.979,0.748,0.921,0.003,0.004,0.006,0.008,0.011,0.008,0.008,0.0,0.0,0.0,0.0,0.0,0.0,0.0,53388.0,54195.0,53646.0,53480.0,54481.0,51842.0,47172.0,0.163,100.8,69.0,0.5,3.51,2.0,-1.0,13.65,0.02,0.219,3.0,2.0,0.0,0.0,23.07,23.18,25.43,27.18,22.96,24.44,22.96,23.05,22.9,29.7
2016-07-28 22:10:00-05:00,-7.1282606,-2.2975626,576787,23.81,0.0,0.407,23.48,5.997,272.6,270.5,268.7,0.0,0.0,0.0,6.818,0.0,60.15,0.0,1453354.0,21.79,0.0,0.0,0.0,0.0,0.0,0.0,0.0,0.0,0.0,0.0,22.97,22.65,-0.038,0.0,0.0,0.0,60.0,59.9,74.7,0.0,271.0,270.0,272.0,0.0,0.0,0.0,619.0,1443650.0,42679.0,133431.0,1.0,0.979,0.748,0.921,0.003,0.005,0.006,0.008,0.011,0.008,0.008,0.0,0.0,0.0,0.0,0.0,0.0,0.0,53388.0,54195.0,53646.0,53480.0,54481.0,51842.0,47172.0,0.18,75.45,27.78,0.5,3.512,2.0,-1.0,13.65,0.02,0.219,3.0,2.0,0.0,0.0,23.06,23.16,25.43,27.18,22.98,24.43,22.98,23.05,22.9,29.7
2016-07-28 22:11:00-05:00,-7.1282606,-2.2975626,576788,23.81,0.0,0.407,23.51,6.306,272.8,270.1,268.4,0.0,0.0,0.0,7.122,0.0,60.15,0.0,1453354.0,21.79,0.0,0.0,0.0,0.0,0.0,0.0,0.0,0.0,0.0,0.0,23.02,22.65,-0.037,0.0,0.0,0.0,60.0,59.9,74.7,0.0,271.0,270.0,271.5,0.0,0.0,0.0,619.0,1443650.0,42679.0,133431.0,1.0,0.979,0.748,0.921,0.003,0.004,0.006,0.007,0.012,0.007,0.008,0.0,0.0,0.0,0.0,0.0,0.0,0.0,53388.0,54195.0,53646.0,53480.0,54481.0,51842.0,47172.0,0.52,29.16,20.93,1.0,3.51,2.0,-1.0,13.65,0.02,0.219,3.0,2.0,0.0,0.0,23.04,23.16,25.43,27.18,22.98,24.44,22.94,23.05,22.9,29.7
2016-07-28 22:12:00-05:00,-7.1282606,-2.2975626,576789,23.81,0.0,0.407,23.58,6.345,272.2,269.8,268.1,0.0,0.0,0.0,7.229,0.0,60.22,0.0,1453354.0,21.79,0.0,0.0,0.0,0.0,0.0,0.0,0.0,0.0,0.0,0.0,23.05,22.65,-0.038,0.0,0.0,0.0,60.0,59.9,74.7,0.0,271.0,270.0,271.0,0.0,0.0,0.0,619.0,1443650.0,42679.0,133431.0,1.0,0.979,0.748,0.921,0.003,0.004,0.005,0.007,0.01,0.007,0.008,0.0,0.0,0.0,0.0,0.0,0.0,0.0,53388.0,54195.0,53646.0,53480.0,54481.0,51842.0,47172.0,0.305,63.98,40.38,0.9,3.512,2.0,-1.0,13.65,0.02,0.219,3.0,2.0,0.0,0.0,23.06,23.16,25.43,27.18,22.98,24.44,22.92,23.06,22.95,29.7
2016-07-28 22:13:00-05:00,-7.1282606,-2.2975626,576790,23.81,0.0,0.407,23.55,6.371,272.0,270.0,268.2,0.0,0.0,0.0,7.181,0.0,60.21,0.0,1453354.0,21.79,0.0,0.0,0.0,0.0,0.0,0.0,0.0,0.0,0.0,0.0,22.97,22.65,-0.037,0.0,0.0,0.0,60.0,59.9,74.7,0.0,271.0,270.0,271.0,0.0,0.0,0.0,619.0,1443650.0,42679.0,133431.0,1.0,0.979,0.748,0.921,0.004,0.004,0.006,0.007,0.011,0.007,0.007,0.0,0.0,0.0,0.0,0.0,0.0,0.0,53388.0,54195.0,53646.0,53480.0,54481.0,51842.0,47172.0,,0.0,0.0,,,2.5,-1.0,13.65,0.02,0.219,3.0,2.0,0.0,0.0,23.06,23.25,25.43,27.18,22.98,24.44,22.96,23.11,22.99,29.7
2016-07-28 22:14:00-05:00,-7.1282606,-2.2975626,576791,23.81,0.0,0.407,23.43,6.615,272.2,270.0,268.2,0.0,0.0,0.0,7.475,0.0,60.21,0.0,1453354.0,21.79,0.0,0.0,0.0,0.0,0.0,0.0,0.0,0.0,0.0,0.0,22.87,22.58,-0.038,0.0,0.0,0.0,60.0,59.9,74.7,0.0,271.0,270.0,271.0,0.0,0.0,0.0,619.0,1443650.0,42679.0,133431.0,1.0,0.979,0.748,0.921,0.004,0.003,0.006,0.007,0.011,0.007,0.008,0.0,0.0,0.0,0.0,0.0,0.0,0.0,53388.0,54195.0,53646.0,53480.0,54481.0,51842.0,47172.0,0.612,277.9,14.26,0.9,3.512,2.0,-1.0,13.65,0.02,0.219,3.0,2.0,0.0,0.0,23.04,23.16,25.43,27.18,22.98,24.44,22.98,23.1,22.98,29.7
2016-07-28 22:15:00-05:00,-7.1282606,-2.2975626,576792,23.81,0.0,0.407,23.45,6.597,272.2,270.0,268.2,0.0,0.0,0.0,7.484,0.0,60.21,0.0,1453354.0,21.79,0.0,0.0,0.0,0.0,0.0,0.0,0.0,0.0,0.0,0.0,22.87,22.54,-0.038,0.0,0.0,0.0,60.0,59.9,74.7,0.0,271.0,270.0,271.0,0.0,0.0,0.0,619.0,1443650.0,42679.0,133431.0,1.0,0.979,0.748,0.921,0.003,0.005,0.006,0.006,0.011,0.008,0.008,0.0,0.0,0.0,0.0,0.0,0.0,0.0,53388.0,54195.0,53646.0,53480.0,54481.0,51842.0,47172.0,0.538,239.4,12.32,0.8,3.512,2.0,-1.0,13.65,0.02,0.219,3.0,2.0,0.0,0.0,23.04,23.16,25.43,27.18,22.96,24.44,22.92,23.04,22.99,29.7
2016-07-28 22:16:00-05:00,-7.247065,-2.2975626,576793,23.81,0.0,0.407,23.41,6.407,274.3,271.5,269.7,0.0,0.0,0.0,7.256,0.0,60.21,0.0,1453354.0,21.79,0.0,0.0,0.0,0.0,0.0,0.0,0.0,0.0,0.0,0.0,22.86,22.55,-0.038,0.0,0.0,0.0,60.0,59.9,74.7,0.0,272.7,271.7,272.8,0.0,0.0,0.0,619.0,1443650.0,42679.0,133431.0,1.0,0.979,0.748,0.921,0.003,0.004,0.005,0.007,0.011,0.007,0.007,0.0,0.0,0.0,0.0,0.0,0.0,0.0,53388.0,54195.0,53646.0,53480.0,54481.0,51842.0,47172.0,0.54,228.9,11.23,0.7,3.512,2.0,-1.0,13.65,0.02,0.219,3.0,2.0,0.0,0.0,22.96,23.16,25.38,27.16,22.98,24.44,22.96,23.04,22.95,29.65
2016-07-28 22:17:00-05:00,-7.484674,-2.2975626,576794,23.81,0.0,0.407,23.41,6.069,275.6,273.5,271.6,0.0,0.0,0.0,6.964,0.0,60.2,0.0,1453354.0,21.79,0.0,0.0,0.0,0.0,0.0,0.0,0.0,0.0,0.0,0.0,22.85,22.53,-0.036,0.0,0.0,0.0,60.0,59.9,74.7,0.0,274.0,272.9,274.8,0.0,0.0,0.0,619.0,1443650.0,42679.0,133431.0,1.0,0.979,0.748,0.921,0.003,0.004,0.006,0.007,0.011,0.008,0.008,0.0,0.0,0.0,0.0,0.0,0.0,0.0,53388.0,54195.0,53646.0,53480.0,54481.0,51842.0,47172.0,0.42,245.2,15.88,0.6,3.51,2.0,-1.0,13.65,0.02,0.219,3.0,2.0,0.0,0.0,22.92,23.16,25.36,27.14,22.96,24.38,22.98,23.02,22.9,29.6
2016-07-28 22:18:00-05:00,-7.484674,-2.2975626,576795,23.81,0.0,0.407,23.38,5.705,275.8,273.7,271.7,0.0,0.0,0.0,6.51,0.0,60.15,0.0,1453354.0,21.79,0.0,0.0,0.0,0.0,0.0,0.0,0.0,0.0,0.0,0.0,22.88,22.51,-0.036,0.0,0.0,0.0,60.0,59.9,74.7,0.0,274.2,273.0,275.0,0.0,0.0,0.0,619.0,1443650.0,42679.0,133431.0,1.0,0.979,0.748,0.921,0.003,0.004,0.005,0.007,0.01,0.007,0.007,0.0,0.0,0.0,0.0,0.0,0.0,0.0,53388.0,54195.0,53646.0,53480.0,54481.0,51842.0,47172.0,,0.0,0.0,,,2.0,-1.0,13.65,0.02,0.219,3.0,2.0,0.0,0.0,22.98,23.16,25.35,27.13,22.94,24.34,22.92,23.06,22.9,29.6
2016-07-28 22:19:00-05:00,-7.484674,-2.2975626,576796,23.81,0.0,0.407,23.42,5.366,275.6,273.7,271.8,0.0,0.0,0.0,6.386,0.0,60.14,0.0,1453354.0,21.79,0.0,0.0,0.0,0.0,0.0,0.0,0.0,0.0,0.0,0.0,22.91,22.52,-0.036,0.0,0.0,0.0,60.0,59.9,74.7,0.0,274.0,273.0,275.0,0.0,0.0,0.0,619.0,1443650.0,42679.0,133431.0,1.0,0.979,0.748,0.921,0.002,0.004,0.005,0.006,0.011,0.007,0.007,0.0,0.0,0.0,0.0,0.0,0.0,0.0,53388.0,54195.0,53646.0,53480.0,54481.0,51842.0,47172.0,,0.0,0.0,,,2.0,-1.0,13.65,0.02,0.219,3.0,2.0,0.0,0.0,23.01,23.16,25.35,27.11,22.88,24.34,22.96,23.02,22.9,29.6
2016-07-28 22:20:00-05:00,-7.484674,-2.2975626,576797,23.81,0.0,0.407,23.38,5.265,276.0,273.5,271.6,0.0,0.0,0.0,6.316,0.0,60.12,0.0,1453354.0,21.79,0.0,0.0,0.0,0.0,0.0,0.0,0.0,0.0,0.0,0.0,22.91,22.53,-0.033,0.0,0.0,0.0,60.0,59.9,74.7,0.0,274.0,273.0,275.0,0.0,0.0,0.0,619.0,1443650.0,42679.0,133431.0,1.0,0.979,0.748,0.921,0.004,0.004,0.006,0.007,0.011,0.008,0.008,0.0,0.0,0.0,0.0,0.0,0.0,0.0,53388.0,54195.0,53646.0,53480.0,54481.0,51842.0,47172.0,,0.0,0.0,,,2.0,-1.0,13.65,0.02,0.219,3.0,2.0,0.0,0.0,23.04,23.16,25.38,27.1,22.88,24.34,22.96,23.06,22.9,29.6
2016-07-28 22:21:00-05:00,-7.484674,-2.2975626,576798,23.81,0.0,0.407,23.41,5.246,275.7,273.8,271.9,0.0,0.0,0.0,6.085,0.0,60.22,0.0,1453354.0,21.79,0.0,0.0,0.0,0.0,0.0,0.0,0.0,0.0,0.0,0.0,22.91,22.52,-0.034,0.0,0.0,0.0,60.0,59.9,74.7,0.0,274.5,273.1,275.0,0.0,0.0,0.0,619.0,1443650.0,42679.0,133431.0,1.0,0.979,0.748,0.921,0.004,0.004,0.006,0.007,0.011,0.007,0.007,0.0,0.0,0.0,0.0,0.0,0.0,0.0,53388.0,54195.0,53646.0,53480.0,54481.0,51842.0,47172.0,0.168,273.1,36.06,0.3,3.512,2.0,-1.0,13.65,0.02,0.219,3.0,2.0,0.0,0.0,22.98,23.16,25.36,27.08,22.88,24.34,22.89,23.05,22.9,29.6
2016-07-28 22:22:00-05:00,-7.484674,-2.2975626,576799,23.81,0.0,0.407,23.4,4.995,275.9,273.9,272.0,0.0,0.0,0.0,5.867,0.0,60.22,0.0,1453354.0,21.79,0.0,0.0,0.0,0.0,0.0,0.0,0.0,0.0,0.0,0.0,22.88,22.49,-0.038,0.0,0.0,0.0,60.0,59.9,74.7,0.0,275.0,274.0,275.0,0.0,0.0,0.0,619.0,1443650.0,42679.0,133431.0,1.0,0.979,0.748,0.921,0.003,0.003,0.006,0.007,0.01,0.007,0.008,0.0,0.0,0.0,0.0,0.0,0.0,0.0,53388.0,54195.0,53646.0,53480.0,54481.0,51842.0,47172.0,0.367,325.4,25.8,0.6,3.512,2.0,-1.0,13.65,0.02,0.219,3.0,2.0,0.0,0.0,22.94,23.16,25.35,27.08,22.88,24.34,22.89,23.02,22.9,29.6
2016-07-28 22:23:00-05:00,-7.484674,-2.2975626,576800,23.8,0.0,0.407,23.38,4.995,276.1,273.9,272.0,0.0,0.0,0.0,5.832,0.0,60.22,0.0,1453354.0,21.79,0.0,0.0,0.0,0.0,0.0,0.0,0.0,0.0,0.0,0.0,22.89,22.49,-0.038,0.0,0.0,0.0,60.0,59.9,74.7,0.0,275.0,274.0,275.0,0.0,0.0,0.0,619.0,1443650.0,42679.0,133431.0,1.0,0.979,0.748,0.921,0.003,0.004,0.006,0.007,0.01,0.007,0.008,0.0,0.0,0.0,0.0,0.0,0.0,0.0,53388.0,54195.0,53646.0,53480.0,54481.0,51842.0,47172.0,0.48,358.3,25.29,0.8,3.512,2.0,-1.0,13.65,0.02,0.219,3.0,2.0,0.0,0.0,22.96,23.16,25.36,27.08,22.88,24.34,22.89,23.07,22.9,29.59
2016-07-28 22:24:00-05:00,-7.484674,-2.2975626,576801,23.8,0.0,0.407,23.38,5.212,276.2,273.9,272.0,0.0,0.0,0.0,6.097,0.0,60.19,0.0,1453354.0,21.79,0.0,0.0,0.0,0.0,0.0,0.0,0.0,0.0,0.0,0.0,22.88,22.49,-0.038,0.0,0.0,0.0,60.0,59.9,74.7,0.0,275.0,274.0,275.0,0.0,0.0,0.0,619.0,1443650.0,42679.0,133431.0,1.0,0.979,0.748,0.921,0.003,0.004,0.006,0.006,0.01,0.007,0.008,0.0,0.0,0.0,0.0,0.0,0.0,0.0,53388.0,54195.0,53646.0,53480.0,54481.0,51842.0,47172.0,0.473,22.26,19.71,0.9,3.51,2.0,-1.0,13.65,0.02,0.219,3.0,2.0,0.0,0.0,22.96,23.13,25.39,27.11,22.88,24.34,22.89,23.05,22.9,29.52
2016-07-28 22:25:00-05:00,-7.1282606,-2.2975626,576802,23.8,0.0,0.407,23.41,5.373,276.3,274.0,272.1,0.0,0.0,0.0,6.407,0.0,60.18,0.0,1453354.0,21.79,0.0,0.0,0.0,0.0,0.0,0.0,0.0,0.0,0.0,0.0,22.96,22.49,-0.038,0.0,0.0,0.0,60.0,59.9,74.7,0.0,275.0,274.0,275.0,0.0,0.0,0.0,619.0,1443650.0,42679.0,133431.0,1.0,0.979,0.748,0.921,0.003,0.005,0.006,0.007,0.01,0.006,0.008,0.0,0.0,0.0,0.0,0.0,0.0,0.0,53388.0,54195.0,53646.0,53480.0,54481.0,51842.0,47172.0,0.598,41.77,25.0,0.9,3.51,2.0,-1.0,13.65,0.02,0.219,3.0,2.0,0.0,0.0,22.96,23.07,25.43,27.18,22.9,24.38,22.94,23.04,22.9,29.51
2016-07-28 22:26:00-05:00,-7.1282606,-2.2975626,576803,23.79,0.0,0.407,23.47,5.625,276.1,274.2,272.3,0.0,0.0,0.0,6.439,0.0,60.19,0.0,1453354.0,21.79,0.0,0.0,0.0,0.0,0.0,0.0,0.0,0.0,0.0,0.0,23.07,22.54,-0.036,0.0,0.0,0.0,60.0,59.9,74.7,0.0,275.0,274.0,275.0,0.0,0.0,0.0,619.0,1443650.0,42679.0,133431.0,1.0,0.979,0.748,0.921,0.003,0.004,0.005,0.006,0.011,0.007,0.007,0.0,0.0,0.0,0.0,0.0,0.0,0.0,53388.0,54195.0,53646.0,53480.0,54481.0,51842.0,47172.0,0.623,46.31,21.26,0.9,3.512,2.0,-1.0,13.65,0.02,0.219,3.0,2.0,0.0,0.0,23.02,23.15,25.43,27.18,22.98,24.44,22.96,23.07,22.96,29.51
2016-07-28 22:27:00-05:00,-7.1282606,-2.2975626,576804,23.79,0.0,0.407,23.5,5.775,276.4,274.0,272.1,0.0,0.0,0.0,6.47,0.0,60.22,0.0,1453354.0,21.79,0.0,0.0,0.0,0.0,0.0,0.0,0.0,0.0,0.0,0.0,23.14,22.59,-0.038,0.0,0.0,0.0,60.0,59.9,74.7,0.0,275.0,274.0,275.0,0.0,0.0,0.0,619.0,1443650.0,42679.0,133431.0,1.0,0.979,0.748,0.921,0.003,0.004,0.005,0.007,0.01,0.007,0.008,0.0,0.0,0.0,0.0,0.0,0.0,0.0,53388.0,54195.0,53646.0,53480.0,54481.0,51842.0,47172.0,0.693,62.16,11.56,1.1,3.512,2.0,-1.0,13.65,0.02,0.219,3.0,2.0,0.0,0.0,23.06,23.16,25.43,27.18,22.98,24.44,22.98,23.04,22.99,29.51
2016-07-28 22:28:00-05:00,-7.1282606,-2.2975626,576805,23.78,0.0,0.407,23.49,5.535,276.3,273.9,272.1,0.0,0.0,0.0,6.43,0.0,60.21,0.0,1453354.0,21.8,0.0,0.0,0.0,0.0,0.0,0.0,0.0,0.0,0.0,0.0,23.12,22.63,-0.038,0.0,0.0,0.0,60.0,59.9,74.7,0.0,275.0,274.0,275.0,0.0,0.0,0.0,619.0,1443650.0,42679.0,133431.0,1.0,0.979,0.748,0.921,0.003,0.004,0.006,0.006,0.01,0.007,0.007,0.0,0.0,0.0,0.0,0.0,0.0,0.0,53388.0,54195.0,53646.0,53480.0,54481.0,51842.0,47172.0,0.392,56.81,21.59,0.7,3.512,2.0,-1.0,13.65,0.02,0.219,3.0,2.0,0.0,0.0,23.06,23.16,25.44,27.21,22.98,24.44,22.98,23.04,22.99,29.51
2016-07-28 22:29:00-05:00,-7.1282606,-2.2975626,576806,23.78,0.0,0.407,23.41,5.564,276.2,274.1,272.2,0.0,0.0,0.0,6.43,0.0,60.21,0.0,1453354.0,21.8,0.0,0.0,0.0,0.0,0.0,0.0,0.0,0.0,0.0,0.0,23.08,22.67,-0.037,0.0,0.0,0.0,60.0,59.9,74.7,0.0,275.0,274.0,275.0,0.0,0.0,0.0,619.0,1443650.0,42679.0,133431.0,1.0,0.979,0.748,0.921,0.003,0.004,0.005,0.007,0.01,0.006,0.008,0.0,0.0,0.0,0.0,0.0,0.0,0.0,53388.0,54195.0,53646.0,53480.0,54481.0,51842.0,47172.0,,0.0,0.0,,,2.5,-1.0,13.65,0.02,0.219,3.0,2.0,0.0,0.0,23.04,23.16,25.53,27.18,22.98,24.44,22.96,23.14,22.99,29.51
2016-07-28 22:30:00-05:00,-7.1282606,-2.2975626,576807,23.78,0.0,0.407,23.4,5.616,276.2,274.2,272.4,0.0,0.0,0.0,6.439,0.0,60.21,0.0,1453354.0,21.79,0.0,0.0,0.0,0.0,0.0,0.0,0.0,0.0,0.0,0.0,23.08,22.67,-0.037,0.0,0.0,0.0,60.0,59.9,74.7,0.0,275.0,274.0,275.0,0.0,0.0,0.0,619.0,1443650.0,42679.0,133431.0,1.0,0.979,0.748,0.921,0.003,0.004,0.005,0.007,0.01,0.007,0.008,0.0,0.0,0.0,0.0,0.0,0.0,0.0,53388.0,54195.0,53646.0,53480.0,54481.0,51842.0,47172.0,0.327,49.9,25.93,0.7,3.51,2.0,-1.0,13.65,0.02,0.219,3.0,2.0,0.0,0.0,23.08,23.16,25.53,27.18,22.98,24.44,22.96,23.14,22.99,29.51
2016-07-28 22:31:00-05:00,-7.1282606,-2.2975626,576808,23.78,0.0,0.407,23.4,5.481,276.5,274.2,272.4,0.0,0.0,0.0,6.417,0.0,60.21,0.0,1453354.0,21.79,0.0,0.0,0.0,0.0,0.0,0.0,0.0,0.0,0.0,0.0,23.08,22.68,-0.037,0.0,0.0,0.0,60.0,59.9,74.7,0.0,275.0,274.0,275.2,0.0,0.0,0.0,619.0,1443650.0,42679.0,133431.0,1.0,0.979,0.748,0.921,0.002,0.003,0.006,0.006,0.011,0.007,0.007,0.0,0.0,0.0,0.0,0.0,0.0,0.0,53388.0,54195.0,53646.0,53480.0,54481.0,51842.0,47172.0,0.498,70.44,8.97,0.7,3.512,2.0,-1.0,13.65,0.02,0.22,3.0,2.0,0.0,0.0,23.15,23.16,25.53,27.18,22.98,24.44,22.98,23.11,22.99,29.51
2016-07-28 22:32:00-05:00,-7.1282606,-2.2975626,576809,23.78,0.0,0.407,23.41,4.957,276.6,274.4,272.5,0.0,0.0,0.0,5.924,0.0,60.22,0.0,1453354.0,21.79,0.0,0.0,0.0,0.0,0.0,0.0,0.0,0.0,0.0,0.0,23.06,22.69,-0.038,0.0,0.0,0.0,60.0,59.9,74.7,0.0,275.0,274.0,275.9,0.0,0.0,0.0,619.0,1443650.0,42679.0,133431.0,1.0,0.979,0.748,0.921,0.003,0.004,0.005,0.006,0.01,0.007,0.007,0.0,0.0,0.0,0.0,0.0,0.0,0.0,53388.0,54195.0,53646.0,53480.0,54481.0,51842.0,47172.0,,0.0,0.0,,,2.0,-1.0,13.65,0.02,0.219,3.0,2.0,0.0,0.0,23.15,23.16,25.53,27.18,22.98,24.41,22.91,23.12,22.99,29.51
2016-07-28 22:33:00-05:00,-7.1282606,-2.2975626,576810,23.78,0.0,0.407,23.41,4.48,276.6,274.4,272.5,0.0,0.0,0.0,5.484,0.0,60.22,0.0,1453354.0,21.8,0.0,0.0,0.0,0.0,0.0,0.0,0.0,0.0,0.0,0.0,23.11,22.7,-0.037,0.0,0.0,0.0,60.0,59.9,74.7,0.0,275.0,274.0,275.9,0.0,0.0,0.0,619.0,1443650.0,42679.0,133431.0,1.0,0.979,0.748,0.921,0.003,0.004,0.005,0.007,0.011,0.006,0.008,0.0,0.0,0.0,0.0,0.0,0.0,0.0,53388.0,54195.0,53646.0,53480.0,54481.0,51842.0,47172.0,,0.0,0.0,,,2.0,-1.0,13.65,0.02,0.219,3.0,2.0,0.0,0.0,23.15,23.16,25.53,27.2,22.98,24.34,22.96,23.09,22.99,29.41
2016-07-28 22:34:00-05:00,-7.247065,-2.2975626,576811,23.78,0.0,0.407,23.41,4.455,276.6,274.5,272.5,0.0,0.0,0.0,5.318,0.0,60.22,0.0,1453354.0,21.79,0.0,0.0,0.0,0.0,0.0,0.0,0.0,0.0,0.0,0.0,23.05,22.7,-0.038,0.0,0.0,0.0,60.03,59.9,74.7,0.0,275.0,274.0,276.0,0.0,0.0,0.0,619.0,1443650.0,42679.0,133431.0,1.0,0.979,0.748,0.921,0.003,0.004,0.005,0.007,0.01,0.006,0.007,0.0,0.0,0.0,0.0,0.0,0.0,0.0,53388.0,54195.0,53646.0,53480.0,54481.0,51842.0,47172.0,0.217,105.5,86.2,0.4,3.512,2.0,-1.0,13.65,0.02,0.219,3.0,2.0,0.0,0.0,23.15,23.16,25.53,27.22,22.98,24.31,22.96,23.07,22.99,29.41
2016-07-28 22:35:00-05:00,-7.484674,-2.2975626,576812,23.78,0.0,0.407,23.35,4.556,276.5,274.4,272.4,0.0,0.0,0.0,5.483,0.0,60.22,0.0,1453354.0,21.79,0.0,0.0,0.0,0.0,0.0,0.0,0.0,0.0,0.0,0.0,23.0,22.67,-0.037,0.0,0.0,0.0,60.02,59.9,74.7,0.0,275.0,274.0,275.7,0.0,0.0,0.0,619.0,1443650.0,42679.0,133431.0,1.0,0.979,0.748,0.921,0.003,0.004,0.006,0.007,0.011,0.007,0.008,0.0,0.0,0.0,0.0,0.0,0.0,0.0,53388.0,54195.0,53646.0,53480.0,54481.0,51842.0,47172.0,0.21,177.5,19.82,0.4,3.512,2.0,-1.0,13.65,0.02,0.219,3.0,2.0,0.0,0.0,23.07,23.16,25.53,27.2,22.98,24.25,22.94,23.04,22.99,29.41
2016-07-28 22:36:00-05:00,-7.484674,-2.2975626,576813,23.78,0.0,0.407,23.41,4.725,276.5,274.3,272.3,0.0,0.0,0.0,5.803,0.0,60.22,0.0,1453354.0,21.79,0.0,0.0,0.0,0.0,0.0,0.0,0.0,0.0,0.0,0.0,23.03,22.66,-0.037,0.0,0.0,0.0,60.0,59.9,74.7,0.0,275.0,274.0,275.1,0.0,0.0,0.0,619.0,1443650.0,42679.0,133431.0,1.0,0.979,0.748,0.921,0.003,0.004,0.006,0.006,0.01,0.007,0.007,0.0,0.0,0.0,0.0,0.0,0.0,0.0,53388.0,54195.0,53646.0,53480.0,54481.0,51842.0,47172.0,0.188,250.6,72.82,0.4,3.512,2.0,-1.0,13.65,0.02,0.219,3.0,2.0,0.0,0.0,23.04,23.16,25.47,27.2,22.98,24.25,22.93,23.05,22.94,29.41
2016-07-28 22:37:00-05:00,-7.484674,-2.2975626,576814,23.78,0.0,0.407,23.38,4.725,276.4,274.2,272.2,0.0,0.0,0.0,5.795,0.0,60.21,0.0,1453354.0,21.79,0.0,0.0,0.0,0.0,0.0,0.0,0.0,0.0,0.0,0.0,23.05,22.65,-0.032,0.0,0.0,0.0,60.0,59.9,74.7,0.0,275.0,274.0,275.0,0.0,0.0,0.0,619.0,1443650.0,42679.0,133431.0,1.0,0.979,0.748,0.921,0.003,0.004,0.005,0.006,0.011,0.006,0.008,0.0,0.0,0.0,0.0,0.0,0.0,0.0,53388.0,54195.0,53646.0,53480.0,54481.0,51842.0,47172.0,0.403,288.1,44.76,0.9,3.51,2.0,-1.0,13.65,0.02,0.219,3.0,2.0,0.0,0.0,23.04,23.16,25.51,27.18,22.98,24.25,22.94,23.06,22.93,29.38
2016-07-28 22:38:00-05:00,-7.484674,-2.2975626,576815,23.78,0.0,0.407,23.38,4.68,276.4,274.1,272.1,0.0,0.0,0.0,5.714,0.0,60.16,0.0,1453354.0,21.8,0.0,0.0,0.0,0.0,0.0,0.0,0.0,0.0,0.0,0.0,23.04,22.66,-0.038,0.0,0.0,0.0,60.0,59.9,74.7,0.0,275.0,274.0,275.0,0.0,0.0,0.0,619.0,1443650.0,42679.0,133431.0,1.0,0.979,0.748,0.921,0.002,0.003,0.005,0.007,0.01,0.007,0.006,0.0,0.0,0.0,0.0,0.0,0.0,0.0,53388.0,54195.0,53646.0,53480.0,54481.0,51842.0,47172.0,0.45,258.6,29.8,0.6,3.512,2.0,-1.0,13.65,0.02,0.219,3.0,2.0,0.0,0.0,23.04,23.16,25.53,27.18,22.98,24.25,22.94,23.05,22.93,29.34
2016-07-28 22:39:00-05:00,-7.247065,-2.2975626,576816,23.78,0.0,0.407,23.42,4.477,276.7,274.1,272.1,0.0,0.0,0.0,5.565,0.0,60.15,0.0,1453354.0,21.79,0.0,0.0,0.0,0.0,0.0,0.0,0.0,0.0,0.0,0.0,23.1,22.67,-0.037,0.0,0.0,0.0,60.0,59.9,74.7,0.0,275.0,274.0,275.0,0.0,0.0,0.0,619.0,1443650.0,42679.0,133431.0,1.0,0.979,0.748,0.921,0.003,0.003,0.005,0.007,0.01,0.006,0.007,0.0,0.0,0.0,0.0,0.0,0.0,0.0,53388.0,54195.0,53646.0,53480.0,54481.0,51842.0,47172.0,0.155,271.1,58.64,0.3,3.512,2.0,-1.0,13.65,0.02,0.219,3.0,2.0,0.0,0.0,23.07,23.16,25.53,27.18,22.98,24.25,22.94,23.04,22.9,29.31
2016-07-28 22:40:00-05:00,-7.1282606,-2.2975626,576817,23.78,0.0,0.407,23.46,4.664,276.5,274.3,272.4,0.0,0.0,0.0,5.69,0.0,60.13,0.0,1453354.0,21.79,0.0,0.0,0.0,0.0,0.0,0.0,0.0,0.0,0.0,0.0,23.1,22.67,-0.036,0.0,0.0,0.0,60.0,59.9,74.7,0.0,275.0,274.0,275.1,0.0,0.0,0.0,619.0,1443650.0,42679.0,133431.0,1.0,0.979,0.748,0.921,0.003,0.004,0.005,0.006,0.01,0.006,0.007,0.0,0.0,0.0,0.0,0.0,0.0,0.0,53388.0,54195.0,53646.0,53480.0,54481.0,51842.0,47172.0,0.168,100.5,50.08,0.3,3.512,2.0,-1.0,13.65,0.02,0.219,3.0,2.0,0.0,0.0,23.14,23.16,25.53,27.21,22.98,24.3,22.93,23.04,22.9,29.31
2016-07-28 22:41:00-05:00,-7.1282606,-2.2975626,576818,23.78,0.0,0.407,23.46,4.993,276.4,274.6,272.6,0.0,0.0,0.0,5.918,0.0,60.14,0.0,1453354.0,21.79,0.0,0.0,0.0,0.0,0.0,0.0,0.0,0.0,0.0,0.0,23.09,22.67,-0.036,0.0,0.0,0.0,60.0,59.9,74.7,0.0,275.0,274.0,275.9,0.0,0.0,0.0,619.0,1443650.0,42679.0,133431.0,1.0,0.979,0.748,0.921,0.003,0.004,0.006,0.007,0.01,0.005,0.007,0.0,0.0,0.0,0.0,0.0,0.0,0.0,53388.0,54195.0,53646.0,53480.0,54481.0,51842.0,47172.0,0.57,32.18,21.13,0.8,3.512,2.0,-1.0,13.65,0.02,0.219,3.0,2.0,0.0,0.0,23.12,23.16,25.53,27.26,22.98,24.34,22.94,23.04,22.91,29.31
2016-07-28 22:42:00-05:00,-7.1282606,-2.2975626,576819,23.78,0.0,0.407,23.49,5.231,277.0,274.6,272.7,0.0,0.0,0.0,6.248,0.0,60.14,0.0,1453354.0,21.8,0.0,0.0,0.0,0.0,0.0,0.0,0.0,0.0,0.0,0.0,23.12,22.69,-0.036,0.0,0.0,0.0,60.0,59.9,74.7,0.0,275.5,274.1,276.0,0.0,0.0,0.0,619.0,1443650.0,42679.0,133431.0,1.0,0.979,0.748,0.921,0.003,0.003,0.004,0.006,0.01,0.006,0.007,0.0,0.0,0.0,0.0,0.0,0.0,0.0,53388.0,54195.0,53646.0,53480.0,54481.0,51842.0,47172.0,0.707,11.31,14.41,1.0,3.51,2.0,-1.0,13.65,0.02,0.219,3.0,2.0,0.0,0.0,23.15,23.16,25.54,27.28,22.98,24.34,22.96,23.09,22.98,29.31
2016-07-28 22:43:00-05:00,-7.1282606,-2.2975626,576820,23.79,0.0,0.407,23.5,5.325,277.0,274.8,272.9,0.0,0.0,0.0,6.429,0.0,60.22,0.0,1453354.0,21.79,0.0,0.0,0.0,0.0,0.0,0.0,0.0,0.0,0.0,0.0,23.14,22.72,-0.038,0.0,0.0,0.0,60.0,59.9,74.7,0.0,276.0,274.9,276.0,0.0,0.0,0.0,619.0,1443650.0,42679.0,133431.0,1.0,0.979,0.748,0.921,0.003,0.004,0.005,0.007,0.01,0.006,0.007,0.0,0.0,0.0,0.0,0.0,0.0,0.0,53388.0,54195.0,53646.0,53480.0,54481.0,51842.0,47172.0,0.717,350.7,10.43,1.1,3.51,2.0,-1.0,13.65,0.02,0.219,3.0,2.0,0.0,0.0,23.15,23.21,25.53,27.28,22.96,24.34,22.94,23.05,22.98,29.31
2016-07-28 22:44:00-05:00,-7.1282606,-2.2975626,576821,23.79,0.0,0.407,23.49,5.535,277.0,274.8,272.9,0.0,0.0,0.0,6.43,0.0,60.22,0.0,1453354.0,21.79,0.0,0.0,0.0,0.0,0.0,0.0,0.0,0.0,0.0,0.0,23.11,22.72,-0.038,0.0,0.0,0.0,60.0,59.9,74.7,0.0,276.0,274.8,276.0,0.0,0.0,0.0,619.0,1443650.0,42679.0,133431.0,1.0,0.979,0.748,0.921,0.002,0.003,0.006,0.007,0.01,0.006,0.007,0.0,0.0,0.0,0.0,0.0,0.0,0.0,53388.0,54195.0,53646.0,53480.0,54481.0,51842.0,47172.0,,0.0,0.0,,,2.0,-1.0,13.65,0.02,0.219,3.0,2.0,0.0,0.0,23.15,23.26,25.53,27.31,22.98,24.34,22.94,23.17,22.99,29.29
2016-07-28 22:45:00-05:00,-7.1282606,-2.2975626,576822,23.79,0.0,0.407,23.5,5.735,277.3,274.9,272.9,0.0,0.0,0.0,6.633,0.0,60.21,0.0,1453354.0,21.79,0.0,0.0,0.0,0.0,0.0,0.0,0.0,0.0,0.0,0.0,23.04,22.73,-0.037,0.0,0.0,0.0,60.0,59.9,74.7,0.0,276.0,275.0,276.0,0.0,0.0,0.0,619.0,1443650.0,42679.0,133431.0,1.0,0.979,0.748,0.921,0.003,0.004,0.005,0.007,0.011,0.006,0.008,0.0,0.0,0.0,0.0,0.0,0.0,0.0,53388.0,54195.0,53646.0,53480.0,54481.0,51842.0,47172.0,0.8,347.8,13.72,1.1,3.51,2.0,-1.0,13.65,0.02,0.219,3.0,2.0,0.0,0.0,23.15,23.26,25.53,27.28,22.98,24.34,22.96,23.05,22.99,29.25
2016-07-28 22:46:00-05:00,-7.1282606,-2.2975626,576823,23.8,0.0,0.407,23.54,6.063,277.4,274.9,272.9,0.0,0.0,0.0,7.013,0.0,60.2,0.0,1453354.0,21.79,0.0,0.0,0.0,0.0,0.0,0.0,0.0,0.0,0.0,0.0,23.09,22.68,-0.038,0.0,0.0,0.0,60.0,59.9,74.7,0.0,276.0,275.0,276.0,0.0,0.0,0.0,619.0,1443650.0,42679.0,133431.0,1.0,0.979,0.748,0.921,0.003,0.003,0.004,0.007,0.01,0.007,0.007,0.0,0.0,0.0,0.0,0.0,0.0,0.0,53388.0,54195.0,53646.0,53480.0,54481.0,51842.0,47172.0,0.987,347.6,20.79,1.3,3.51,2.0,-1.0,13.65,0.02,0.219,3.0,2.0,0.0,0.0,23.15,23.26,25.53,27.31,22.98,24.34,22.96,23.05,22.99,29.21
2016-07-28 22:47:00-05:00,-7.1282606,-2.2975626,576824,23.8,0.0,0.407,23.54,6.075,276.9,275.0,273.0,0.0,0.0,0.0,7.041,0.0,60.22,0.0,1453354.0,21.79,0.0,0.0,0.0,0.0,0.0,0.0,0.0,0.0,0.0,0.0,23.13,22.7,-0.033,0.0,0.0,0.0,60.0,59.9,74.7,0.0,276.0,275.0,276.0,0.0,0.0,0.0,619.0,1443650.0,42679.0,133431.0,1.0,0.979,0.748,0.921,0.003,0.004,0.003,0.007,0.01,0.007,0.008,0.0,0.0,0.0,0.0,0.0,0.0,0.0,53388.0,54195.0,53646.0,53480.0,54481.0,51842.0,47172.0,0.88,322.4,16.88,1.3,3.512,2.0,-1.0,13.65,0.02,0.219,3.0,2.0,0.0,0.0,23.15,23.16,25.53,27.28,22.98,24.34,22.92,23.07,22.99,29.21
2016-07-28 22:48:00-05:00,-7.1282606,-2.2975626,576825,23.8,0.0,0.407,23.52,6.07,277.0,275.0,273.0,0.0,0.0,0.0,7.025,0.0,60.19,0.0,1453354.0,21.79,0.0,0.0,0.0,0.0,0.0,0.0,0.0,0.0,0.0,0.0,23.1,22.68,-0.034,0.0,0.0,0.0,60.0,59.9,74.7,0.0,276.0,275.0,276.0,0.0,0.0,0.0,619.0,1443650.0,42679.0,133431.0,1.0,0.979,0.748,0.921,0.003,0.004,0.005,0.006,0.01,0.006,0.007,0.0,0.0,0.0,0.0,0.0,0.0,0.0,53388.0,54195.0,53646.0,53480.0,54481.0,51842.0,47172.0,0.868,328.4,12.28,1.2,3.512,2.0,-1.0,13.65,0.02,0.219,3.0,2.0,0.0,0.0,23.15,23.16,25.53,27.3,22.96,24.34,22.94,23.04,22.99,29.21
2016-07-28 22:49:00-05:00,-7.1282606,-2.2975626,576826,23.8,0.0,0.407,23.52,5.824,277.2,275.0,273.0,0.0,0.0,0.0,6.786,0.0,60.13,0.0,1453354.0,21.8,0.0,0.0,0.0,0.0,0.0,0.0,0.0,0.0,0.0,0.0,23.06,22.67,-0.037,0.0,0.0,0.0,60.0,59.9,74.7,0.0,276.0,275.0,276.0,0.0,0.0,0.0,619.0,1443650.0,42679.0,133431.0,1.0,0.979,0.748,0.921,0.003,0.004,0.004,0.006,0.011,0.006,0.007,0.0,0.0,0.0,0.0,0.0,0.0,0.0,53388.0,54195.0,53646.0,53480.0,54481.0,51842.0,47172.0,0.905,330.8,13.37,1.3,3.512,2.0,-1.0,13.65,0.02,0.219,3.0,2.0,0.0,0.0,23.15,23.16,25.54,27.28,22.98,24.34,22.94,23.06,22.99,29.21
2016-07-28 22:50:00-05:00,-7.1282606,-2.2975626,576827,23.8,0.0,0.407,23.5,5.805,277.8,275.1,273.1,0.0,0.0,0.0,6.59,0.0,60.2,0.0,1453354.0,21.79,0.0,0.0,0.0,0.0,0.0,0.0,0.0,0.0,0.0,0.0,23.03,22.63,-0.036,0.0,0.0,0.0,60.0,59.9,74.7,0.0,276.0,275.0,276.0,0.0,0.0,0.0,619.0,1443650.0,42679.0,133431.0,1.0,0.979,0.748,0.921,0.003,0.003,0.005,0.006,0.01,0.006,0.007,0.0,0.0,0.0,0.0,0.0,0.0,0.0,53388.0,54195.0,53646.0,53480.0,54481.0,51842.0,47172.0,0.688,332.0,13.8,1.0,3.512,2.0,-1.0,13.65,0.02,0.219,3.0,2.0,0.0,0.0,23.14,23.16,25.56,27.3,22.98,24.28,22.96,23.09,22.99,29.21
2016-07-28 22:51:00-05:00,-7.1282606,-2.2975626,576828,23.8,0.0,0.407,23.51,5.625,277.3,275.3,273.3,0.0,0.0,0.0,6.439,0.0,60.22,0.0,1453354.0,21.79,0.0,0.0,0.0,0.0,0.0,0.0,0.0,0.0,0.0,0.0,23.1,22.64,-0.037,0.0,0.0,0.0,60.0,59.9,74.7,0.0,276.0,275.0,276.0,0.0,0.0,0.0,619.0,1443650.0,42679.0,133431.0,1.0,0.979,0.748,0.921,0.003,0.004,0.006,0.006,0.01,0.006,0.007,0.0,0.0,0.0,0.0,0.0,0.0,0.0,53388.0,54195.0,53646.0,53480.0,54481.0,51842.0,47172.0,0.715,338.0,20.39,1.1,3.512,2.0,-1.0,13.65,0.02,0.219,3.0,2.0,0.0,0.0,23.15,23.16,25.56,27.28,22.98,24.25,22.94,23.09,22.99,29.15
2016-07-28 22:52:00-05:00,-7.1282606,-2.2975626,576829,23.8,0.0,0.407,23.55,5.526,277.7,275.4,273.3,0.0,0.0,0.0,6.43,0.0,60.15,0.0,1453354.0,21.79,0.0,0.0,0.0,0.0,0.0,0.0,0.0,0.0,0.0,0.0,23.12,22.66,-0.037,0.0,0.0,0.0,60.0,59.9,74.7,0.0,276.0,275.0,276.1,0.0,0.0,0.0,619.0,1443650.0,42679.0,133431.0,1.0,0.979,0.748,0.921,0.002,0.004,0.005,0.007,0.01,0.006,0.007,0.0,0.0,0.0,0.0,0.0,0.0,0.0,53388.0,54195.0,53646.0,53480.0,54481.0,51842.0,47172.0,0.708,344.6,24.26,1.2,3.512,2.0,-1.0,13.65,0.02,0.219,3.0,2.0,0.0,0.0,23.15,23.16,25.61,27.31,22.98,24.25,22.94,23.12,23.09,29.11
2016-07-28 22:53:00-05:00,-7.1282606,-2.2975626,576830,23.8,0.0,0.407,23.5,5.284,277.8,275.5,273.5,0.0,0.0,0.0,6.425,0.0,60.15,0.0,1453354.0,21.79,0.0,0.0,0.0,0.0,0.0,0.0,0.0,0.0,0.0,0.0,23.07,22.65,-0.038,0.0,0.0,0.0,60.0,59.9,74.7,0.0,276.0,275.0,277.0,0.0,0.0,0.0,619.0,1443650.0,42679.0,133431.0,1.0,0.979,0.748,0.921,0.002,0.005,0.005,0.007,0.01,0.006,0.007,0.0,0.0,0.0,0.0,0.0,0.0,0.0,53388.0,54195.0,53646.0,53480.0,54481.0,51842.0,47172.0,,0.0,0.0,,,2.0,-1.0,13.65,0.02,0.219,3.0,2.0,0.0,0.0,23.15,23.16,25.63,27.38,23.04,24.26,22.99,23.11,23.09,29.11
2016-07-28 22:54:00-05:00,-7.1282606,-2.2975626,576831,23.8,0.0,0.407,23.53,5.39,278.0,275.8,273.6,0.0,0.0,0.0,6.43,0.0,60.14,0.0,1453354.0,21.79,0.0,0.0,0.0,0.0,0.0,0.0,0.0,0.0,0.0,0.0,23.11,22.65,-0.037,0.0,0.0,0.0,60.0,59.9,74.7,0.0,276.4,275.4,277.0,0.0,0.0,0.0,619.0,1443650.0,42679.0,133431.0,1.0,0.979,0.748,0.921,0.003,0.003,0.005,0.007,0.01,0.007,0.006,0.0,0.0,0.0,0.0,0.0,0.0,0.0,53388.0,54195.0,53646.0,53480.0,54481.0,51842.0,47172.0,0.295,10.53,78.05,0.7,3.51,2.0,-1.0,13.65,0.02,0.219,3.0,2.0,0.0,0.0,23.15,23.18,25.63,27.4,22.99,24.25,22.99,23.17,23.09,29.11
2016-07-28 22:55:00-05:00,-7.1282606,-2.2975626,576832,23.79,0.0,0.407,23.51,5.535,278.3,275.9,273.8,0.0,0.0,0.0,6.433,0.0,60.22,0.0,1453354.0,21.79,0.0,0.0,0.0,0.0,0.0,0.0,0.0,0.0,0.0,0.0,23.05,22.63,-0.036,0.0,0.0,0.0,60.0,59.9,74.7,0.0,277.0,275.9,277.0,0.0,0.0,0.0,619.0,1443650.0,42679.0,133431.0,1.0,0.979,0.748,0.921,0.003,0.004,0.006,0.007,0.01,0.006,0.006,0.0,0.0,0.0,0.0,0.0,0.0,0.0,53388.0,54195.0,53646.0,53480.0,54481.0,51842.0,47172.0,,0.0,0.0,,,2.0,-1.0,13.65,0.02,0.219,3.0,2.0,0.0,0.0,23.12,23.23,25.63,27.38,22.99,24.25,23.03,23.17,23.11,29.11
2016-07-28 22:56:00-05:00,-7.1282606,-2.2975626,576833,23.79,0.0,0.407,23.49,5.535,278.0,275.9,273.8,0.0,0.0,0.0,6.455,0.0,60.21,0.0,1453354.0,21.79,0.0,0.0,0.0,0.0,0.0,0.0,0.0,0.0,0.0,0.0,23.01,22.59,-0.037,0.0,0.0,0.0,60.0,59.9,74.7,0.0,277.0,275.9,277.0,0.0,0.0,0.0,619.0,1443650.0,42679.0,133431.0,1.0,0.979,0.748,0.921,0.002,0.004,0.004,0.007,0.01,0.006,0.007,0.0,0.0,0.0,0.0,0.0,0.0,0.0,53388.0,54195.0,53646.0,53480.0,54481.0,51842.0,47172.0,,0.0,0.0,,,2.0,-1.0,13.65,0.02,0.219,3.0,2.0,0.0,0.0,23.06,23.24,25.63,27.39,23.02,24.25,23.04,23.15,23.09,29.08
2016-07-28 22:57:00-05:00,-7.1282606,-2.2975626,576834,23.78,0.0,0.407,23.49,5.601,278.2,275.9,273.9,0.0,0.0,0.0,6.489,0.0,60.21,0.0,1453354.0,21.79,0.0,0.0,0.0,0.0,0.0,0.0,0.0,0.0,0.0,0.0,23.01,22.59,-0.036,0.0,0.0,0.0,60.0,59.9,74.7,0.0,277.0,276.0,277.0,0.0,0.0,0.0,619.0,1443650.0,42679.0,133431.0,1.0,0.979,0.748,0.921,0.003,0.004,0.005,0.006,0.01,0.006,0.007,0.0,0.0,0.0,0.0,0.0,0.0,0.0,53388.0,54195.0,53646.0,53480.0,54481.0,51842.0,47172.0,0.728,305.8,10.2,1.1,3.512,2.0,-1.0,13.65,0.02,0.219,3.0,2.0,0.0,0.0,23.06,23.16,25.63,27.38,22.98,24.25,22.99,23.16,23.08,29.02
2016-07-28 22:58:00-05:00,-7.247065,-2.2975626,576835,23.78,0.0,0.407,23.49,5.725,278.1,276.0,273.9,0.0,0.0,0.0,6.575,0.0,60.22,0.0,1453354.0,21.79,0.0,0.0,0.0,0.0,0.0,0.0,0.0,0.0,0.0,0.0,22.99,22.59,-0.037,0.0,0.0,0.0,60.0,59.9,74.7,0.0,277.0,276.0,277.0,0.0,0.0,0.0,619.0,1443650.0,42679.0,133431.0,1.0,0.979,0.748,0.921,0.002,0.004,0.005,0.007,0.01,0.007,0.007,0.0,0.0,0.0,0.0,0.0,0.0,0.0,53388.0,54195.0,53646.0,53480.0,54481.0,51842.0,47172.0,0.803,324.5,17.06,1.2,3.512,2.0,-1.0,13.65,0.02,0.219,3.0,2.0,0.0,0.0,23.06,23.16,25.59,27.36,22.98,24.25,22.96,23.07,23.07,29.02
2016-07-28 22:59:00-05:00,-7.484674,-2.2975626,576836,23.78,0.0,0.407,23.49,5.805,278.1,276.1,274.0,0.0,0.0,0.0,6.712,0.0,60.22,0.0,1453354.0,21.79,0.0,0.0,0.0,0.0,0.0,0.0,0.0,0.0,0.0,0.0,23.02,22.56,-0.033,0.0,0.0,0.0,60.0,59.9,74.7,0.0,277.0,276.0,277.0,0.0,0.0,0.0,619.0,1443650.0,42679.0,133431.0,1.0,0.979,0.748,0.921,0.003,0.003,0.005,0.007,0.01,0.006,0.006,0.0,0.0,0.0,0.0,0.0,0.0,0.0,53388.0,54195.0,53646.0,53480.0,54481.0,51842.0,47172.0,0.728,325.1,9.83,1.0,3.512,2.0,-1.0,13.65,0.02,0.219,3.0,2.0,0.0,0.0,23.06,23.16,25.56,27.3,22.94,24.25,22.96,23.07,23.01,29.02
2016-07-28 23:00:00-05:00,-7.3658695,-2.2975626,576837,23.78,0.0,0.407,23.52,5.992,278.3,276.2,274.0,0.0,0.0,0.0,6.951,0.0,60.22,0.0,1453354.0,21.79,0.0,0.0,0.0,0.0,0.0,0.0,0.0,0.0,0.0,0.0,23.07,22.57,-0.037,0.0,0.0,0.0,60.0,59.9,74.7,0.0,277.0,276.0,277.0,0.0,0.0,0.0,619.0,1443650.0,42679.0,133431.0,1.0,0.979,0.748,0.921,0.003,0.004,0.005,0.006,0.009,0.007,0.007,0.0,0.0,0.0,0.0,0.0,0.0,0.0,53388.0,54195.0,53646.0,53480.0,54481.0,51842.0,47172.0,0.723,319.1,18.83,1.2,3.512,2.0,-1.0,13.65,0.02,0.219,3.0,2.0,0.0,0.0,23.06,23.16,25.56,27.3,22.98,24.25,22.94,23.07,23.02,28.98
2016-07-28 23:01:00-05:00,-7.3658695,-2.2975626,576838,23.78,0.0,0.407,23.57,6.075,278.2,276.1,273.9,0.0,0.0,0.0,7.027,0.0,60.15,0.0,1453354.0,21.79,0.0,0.0,0.0,0.0,0.0,0.0,0.0,0.0,0.0,0.0,23.1,22.57,-0.038,0.0,0.0,0.0,60.0,59.9,74.7,0.0,277.0,276.0,277.0,0.0,0.0,0.0,619.0,1443650.0,42679.0,133431.0,1.0,0.979,0.748,0.921,0.003,0.003,0.004,0.006,0.01,0.007,0.006,0.0,0.0,0.0,0.0,0.0,0.0,0.0,53388.0,54195.0,53646.0,53480.0,54481.0,51842.0,47172.0,0.992,313.6,16.31,1.5,3.51,2.0,-1.0,13.65,0.02,0.219,3.0,2.0,0.0,0.0,23.06,23.16,25.54,27.33,22.88,24.25,22.96,23.07,23.03,28.92
2016-07-28 23:02:00-05:00,-7.3658695,-2.2975626,576839,23.78,0.0,0.407,23.55,6.075,278.4,276.0,273.9,0.0,0.0,0.0,7.041,0.0,60.11,0.0,1453354.0,21.79,0.0,0.0,0.0,0.0,0.0,0.0,0.0,0.0,0.0,0.0,23.1,22.6,-0.037,0.0,0.0,0.0,60.0,59.9,74.7,0.0,277.0,276.0,277.0,0.0,0.0,0.0,619.0,1443650.0,42679.0,133431.0,1.0,0.979,0.748,0.921,0.003,0.004,0.005,0.006,0.01,0.006,0.006,0.0,0.0,0.0,0.0,0.0,0.0,0.0,53388.0,54195.0,53646.0,53480.0,54481.0,51842.0,47172.0,0.912,328.8,22.79,1.4,3.512,2.0,-1.0,13.65,0.02,0.219,3.0,2.0,0.0,0.0,23.06,23.16,25.53,27.28,22.88,24.23,22.94,23.07,22.99,28.92
2016-07-28 23:03:00-05:00,-7.1282606,-2.2975626,576840,23.78,0.0,0.407,23.53,6.075,278.3,276.1,273.9,0.0,0.0,0.0,7.041,0.0,60.14,0.0,1453354.0,21.79,0.0,0.0,0.0,0.0,0.0,0.0,0.0,0.0,0.0,0.0,23.1,22.6,-0.031,0.0,0.0,0.0,60.0,59.9,74.7,0.0,277.0,276.0,277.0,0.0,0.0,0.0,619.0,1443650.0,42679.0,133431.0,1.0,0.979,0.748,0.921,0.002,0.003,0.005,0.006,0.009,0.007,0.006,0.0,0.0,0.0,0.0,0.0,0.0,0.0,53388.0,54195.0,53646.0,53480.0,54481.0,51842.0,47172.0,1.212,315.2,7.792,1.5,3.51,2.0,-1.0,13.65,0.02,0.219,3.0,2.0,0.0,0.0,23.12,23.16,25.53,27.28,22.88,24.25,22.86,23.07,22.99,28.92
2016-07-28 23:04:00-05:00,-7.1282606,-2.2975626,576841,23.76,0.0,0.407,23.52,6.075,278.4,276.1,273.9,0.0,0.0,0.0,7.032,0.0,60.14,0.0,1453354.0,21.79,0.0,0.0,0.0,0.0,0.0,0.0,0.0,0.0,0.0,0.0,23.12,22.6,-0.025,0.0,0.0,0.0,60.0,59.9,74.7,0.0,277.0,276.0,277.0,0.0,0.0,0.0,619.0,1443650.0,42679.0,133431.0,1.0,0.979,0.748,0.921,0.003,0.004,0.005,0.006,0.01,0.006,0.007,0.0,0.0,0.0,0.0,0.0,0.0,0.0,53388.0,54195.0,53646.0,53480.0,54481.0,51842.0,47172.0,1.093,316.8,13.13,1.6,3.512,2.0,-1.0,13.65,0.02,0.219,3.0,2.0,0.0,0.0,23.15,23.16,25.53,27.29,22.88,24.25,22.86,23.07,23.04,28.92
2016-07-28 23:05:00-05:00,-7.1282606,-2.2975626,576842,23.75,0.0,0.407,23.52,6.075,278.3,276.2,274.0,0.0,0.0,0.0,7.033,0.0,60.14,0.0,1453354.0,21.79,0.0,0.0,0.0,0.0,0.0,0.0,0.0,0.0,0.0,0.0,23.11,22.6,-0.034,0.0,0.0,0.0,60.0,59.9,74.7,0.0,277.0,276.0,277.0,0.0,0.0,0.0,619.0,1443650.0,42679.0,133431.0,1.0,0.979,0.748,0.921,0.003,0.004,0.005,0.006,0.01,0.006,0.007,0.0,0.0,0.0,0.0,0.0,0.0,0.0,53388.0,54195.0,53646.0,53480.0,54481.0,51842.0,47172.0,0.723,310.7,23.69,1.0,3.512,2.0,-1.0,13.65,0.02,0.219,3.0,2.0,0.0,0.0,23.14,23.16,25.53,27.31,22.88,24.25,22.88,23.06,23.09,28.9
2016-07-28 23:06:00-05:00,-7.1282606,-2.2975626,576843,23.75,0.0,0.407,23.52,5.95,277.6,275.6,273.4,0.0,0.0,0.0,7.007,0.0,60.15,0.0,1453354.0,21.79,0.0,0.0,0.0,0.0,0.0,0.0,0.0,0.0,0.0,0.0,23.12,22.61,-0.036,0.0,0.0,0.0,60.0,59.9,74.7,0.0,276.2,275.2,276.2,0.0,0.0,0.0,619.0,1443650.0,42679.0,133431.0,1.0,0.979,0.748,0.921,0.002,0.003,0.005,0.006,0.01,0.006,0.007,0.0,0.0,0.0,0.0,0.0,0.0,0.0,53388.0,54195.0,53646.0,53480.0,54481.0,51842.0,47172.0,0.923,318.5,22.02,1.4,3.51,2.0,-1.0,13.65,0.02,0.219,3.0,2.0,0.0,0.0,23.15,23.16,25.53,27.31,22.88,24.25,22.86,23.07,23.08,28.89
2016-07-28 23:07:00-05:00,-7.1282606,-2.2975626,576844,23.75,0.0,0.407,23.49,5.734,277.6,275.4,273.2,0.0,0.0,0.0,6.626,0.0,60.14,0.0,1453354.0,21.8,0.0,0.0,0.0,0.0,0.0,0.0,0.0,0.0,0.0,0.0,23.12,22.62,-0.038,0.0,0.0,0.0,60.0,59.9,74.7,0.0,276.0,275.0,276.0,0.0,0.0,0.0,619.0,1443650.0,42679.0,133431.0,1.0,0.979,0.748,0.921,0.003,0.004,0.005,0.006,0.01,0.006,0.007,0.0,0.0,0.0,0.0,0.0,0.0,0.0,53388.0,54195.0,53646.0,53480.0,54481.0,51842.0,47172.0,1.23,309.7,8.28,1.5,3.51,2.0,-1.0,13.65,0.02,0.219,3.0,2.0,0.0,0.0,23.15,23.16,25.53,27.33,22.88,24.25,22.86,23.07,23.09,28.82
2016-07-28 23:08:00-05:00,-7.1282606,-2.2975626,576845,23.75,0.0,0.407,23.55,5.535,277.9,275.4,273.2,0.0,0.0,0.0,6.437,0.0,60.15,0.0,1453354.0,21.8,0.0,0.0,0.0,0.0,0.0,0.0,0.0,0.0,0.0,0.0,23.14,22.64,-0.034,0.0,0.0,0.0,60.0,59.9,74.7,0.0,276.0,275.0,276.2,0.0,0.0,0.0,619.0,1443650.0,42679.0,133431.0,1.0,0.979,0.748,0.921,0.002,0.003,0.005,0.007,0.009,0.006,0.007,0.0,0.0,0.0,0.0,0.0,0.0,0.0,53388.0,54195.0,53646.0,53480.0,54481.0,51842.0,47172.0,,0.0,0.0,,,2.0,-1.0,13.65,0.02,0.219,3.0,2.0,0.0,0.0,23.15,23.16,25.53,27.31,22.88,24.25,22.86,23.06,23.09,28.82
2016-07-28 23:09:00-05:00,-7.1282606,-2.2975626,576846,23.75,0.0,0.407,23.53,5.338,277.7,275.7,273.6,0.0,0.0,0.0,6.43,0.0,60.14,0.0,1453354.0,21.79,0.0,0.0,0.0,0.0,0.0,0.0,0.0,0.0,0.0,0.0,23.17,22.66,-0.036,0.0,0.0,0.0,60.0,59.9,74.7,0.0,276.0,275.0,277.0,0.0,0.0,0.0,619.0,1443650.0,42679.0,133431.0,1.0,0.979,0.748,0.921,0.002,0.004,0.005,0.006,0.01,0.006,0.007,0.0,0.0,0.0,0.0,0.0,0.0,0.0,53388.0,54195.0,53646.0,53480.0,54481.0,51842.0,47172.0,1.45,299.5,6.724,1.8,3.507,2.0,-1.0,13.65,0.02,0.219,3.0,2.0,0.0,0.0,23.15,23.16,25.53,27.28,22.88,24.25,22.88,23.07,23.08,28.82
2016-07-28 23:10:00-05:00,-7.1282606,-2.2975626,576847,23.75,0.0,0.407,23.51,5.152,277.9,275.8,273.7,0.0,0.0,0.0,6.225,0.0,60.14,0.0,1453354.0,21.8,0.0,0.0,0.0,0.0,0.0,0.0,0.0,0.0,0.0,0.0,23.15,22.68,-0.037,0.0,0.0,0.0,60.0,59.9,74.7,0.0,276.7,275.7,277.0,0.0,0.0,0.0,619.0,1443650.0,42679.0,133431.0,1.0,0.979,0.748,0.921,0.002,0.004,0.005,0.006,0.01,0.005,0.007,0.0,0.0,0.0,0.0,0.0,0.0,0.0,53388.0,54195.0,53646.0,53480.0,54481.0,51842.0,47172.0,1.632,296.9,7.69,2.2,3.51,2.0,-1.0,13.65,0.02,0.219,3.0,2.0,0.0,0.0,23.15,23.16,25.53,27.39,22.88,24.23,22.88,23.07,23.08,28.77
2016-07-28 23:11:00-05:00,-7.1282606,-2.2975626,576848,23.75,0.0,0.407,23.5,4.767,277.9,276.0,273.8,0.0,0.0,0.0,5.825,0.0,60.19,0.0,1453354.0,21.79,0.0,0.0,0.0,0.0,0.0,0.0,0.0,0.0,0.0,0.0,23.11,22.67,-0.037,0.0,0.0,0.0,60.0,59.9,74.7,0.0,277.0,276.0,277.0,0.0,0.0,0.0,619.0,1443650.0,42679.0,133431.0,1.0,0.979,0.748,0.921,0.002,0.004,0.005,0.006,0.01,0.006,0.007,0.0,0.0,0.0,0.0,0.0,0.0,0.0,53388.0,54195.0,53646.0,53480.0,54481.0,51842.0,47172.0,1.353,310.6,15.27,2.2,3.512,2.0,-1.0,13.65,0.019,0.219,3.0,2.0,0.0,0.0,23.15,23.16,25.53,27.34,22.88,24.21,22.88,23.07,22.99,28.72
2016-07-28 23:12:00-05:00,-7.1282606,-2.2975626,576849,23.75,0.0,0.407,23.48,4.471,278.3,275.8,273.6,0.0,0.0,0.0,5.586,0.0,60.23,0.0,1453354.0,21.8,0.0,0.0,0.0,0.0,0.0,0.0,0.0,0.0,0.0,0.0,23.14,22.69,-0.037,0.0,0.0,0.0,60.0,59.9,74.7,0.0,277.0,276.0,277.0,0.0,0.0,0.0,619.0,1443650.0,42679.0,133431.0,1.0,0.979,0.748,0.921,0.003,0.004,0.005,0.006,0.009,0.006,0.007,0.0,0.0,0.0,0.0,0.0,0.0,0.0,53388.0,54195.0,53646.0,53480.0,54481.0,51842.0,47172.0,1.315,320.3,16.66,1.9,3.512,2.0,-1.0,13.65,0.019,0.219,3.0,2.0,0.0,0.0,23.15,23.16,25.53,27.25,22.88,24.15,22.86,22.99,22.99,28.72
2016-07-28 23:13:00-05:00,-7.1282606,-2.2975626,576850,23.75,0.0,0.407,23.49,4.44,278.0,275.9,273.8,0.0,0.0,0.0,5.332,0.0,60.22,0.0,1453354.0,21.79,0.0,0.0,0.0,0.0,0.0,0.0,0.0,0.0,0.0,0.0,23.11,22.68,-0.037,0.0,0.0,0.0,60.0,59.9,74.7,0.0,277.0,276.0,277.0,0.0,0.0,0.0,619.0,1443650.0,42679.0,133431.0,1.0,0.979,0.748,0.921,0.002,0.003,0.005,0.006,0.01,0.006,0.007,0.0,0.0,0.0,0.0,0.0,0.0,0.0,53388.0,54195.0,53646.0,53480.0,54481.0,51842.0,47172.0,,0.0,0.0,,,2.0,-1.0,13.65,0.019,0.219,3.0,2.0,0.0,0.0,23.15,23.16,25.53,27.2,22.86,24.15,22.84,22.97,23.04,28.72
2016-07-28 23:14:00-05:00,-7.1282606,-2.2975626,576851,23.75,0.0,0.407,23.47,4.455,278.2,275.8,273.7,0.0,0.0,0.0,5.421,0.0,60.22,0.0,1453354.0,21.8,0.0,0.0,0.0,0.0,0.0,0.0,0.0,0.0,0.0,0.0,23.09,22.66,-0.038,0.0,0.0,0.0,60.0,59.9,74.7,0.0,277.0,276.0,277.0,0.0,0.0,0.0,619.0,1443650.0,42679.0,133431.0,1.0,0.979,0.748,0.921,0.002,0.004,0.005,0.006,0.009,0.006,0.007,0.0,0.0,0.0,0.0,0.0,0.0,0.0,53388.0,54195.0,53646.0,53480.0,54481.0,51842.0,47172.0,1.022,340.4,14.06,1.5,3.512,2.0,-1.0,13.65,0.019,0.219,3.0,2.0,0.0,0.0,23.14,23.16,25.53,27.22,22.88,24.15,22.86,22.96,23.09,28.72
2016-07-28 23:15:00-05:00,-7.1282606,-2.2975626,576852,23.75,0.0,0.407,23.45,4.216,278.1,276.0,273.8,0.0,0.0,0.0,5.228,0.0,60.21,0.0,1453354.0,21.79,0.0,0.0,0.0,0.0,0.0,0.0,0.0,0.0,0.0,0.0,23.09,22.65,-0.037,0.0,0.0,0.0,60.0,59.9,74.7,0.0,277.0,276.0,277.0,0.0,0.0,0.0,619.0,1443650.0,42679.0,133431.0,1.0,0.979,0.748,0.921,0.003,0.003,0.004,0.006,0.01,0.005,0.007,0.0,0.0,0.0,0.0,0.0,0.0,0.0,53388.0,54195.0,53646.0,53480.0,54481.0,51842.0,47172.0,,0.0,0.0,,,2.0,-1.0,13.65,0.019,0.219,3.0,2.0,0.0,0.0,23.07,23.16,25.54,27.3,22.88,24.15,22.88,23.02,23.09,28.72
2016-07-28 23:16:00-05:00,-7.1282606,-2.2975626,576853,23.75,0.0,0.407,23.44,3.997,277.7,275.5,273.4,0.0,0.0,0.0,5.217,0.0,60.22,0.0,1453354.0,21.8,0.0,0.0,0.0,0.0,0.0,0.0,0.0,0.0,0.0,0.0,23.11,22.65,-0.038,0.0,0.0,0.0,60.0,59.9,74.7,0.0,276.2,275.2,276.2,0.0,0.0,0.0,619.0,1443650.0,42679.0,133431.0,1.0,0.979,0.748,0.921,0.003,0.004,0.005,0.006,0.01,0.007,0.007,0.0,0.0,0.0,0.0,0.0,0.0,0.0,53388.0,54195.0,53646.0,53480.0,54481.0,51842.0,47172.0,0.915,329.8,21.1,1.4,3.51,2.0,-1.0,13.65,0.019,0.219,3.0,2.0,0.0,0.0,23.09,23.16,25.61,27.31,22.86,24.21,22.88,23.07,23.09,28.67
2016-07-28 23:17:00-05:00,-7.1282606,-2.2975626,576854,23.75,0.0,0.407,23.49,3.959,277.6,275.3,273.1,0.0,0.0,0.0,5.217,0.0,60.17,0.0,1453354.0,21.8,0.0,0.0,0.0,0.0,0.0,0.0,0.0,0.0,0.0,0.0,23.14,22.66,-0.037,0.0,0.0,0.0,60.0,59.9,74.7,0.0,276.0,275.0,276.0,0.0,0.0,0.0,619.0,1443650.0,42679.0,133431.0,1.0,0.979,0.748,0.921,0.002,0.003,0.005,0.006,0.01,0.006,0.007,0.0,0.0,0.0,0.0,0.0,0.0,0.0,53388.0,54195.0,53646.0,53480.0,54481.0,51842.0,47172.0,,0.0,0.0,,,2.0,-1.0,13.65,0.02,0.219,3.0,2.0,0.0,0.0,23.11,23.16,25.63,27.35,22.88,24.25,22.88,23.07,23.09,28.72
2016-07-28 23:18:00-05:00,-7.1282606,-2.2975626,576855,23.75,0.0,0.407,23.53,4.185,277.3,275.4,273.1,0.0,0.0,0.0,5.22,0.0,60.15,0.0,1453354.0,21.8,0.0,0.0,0.0,0.0,0.0,0.0,0.0,0.0,0.0,0.0,23.2,22.69,-0.038,0.0,0.0,0.0,60.0,59.9,74.7,0.0,276.0,275.0,276.0,0.0,0.0,0.0,619.0,1443650.0,42679.0,133431.0,1.0,0.979,0.748,0.921,0.003,0.004,0.005,0.006,0.009,0.006,0.007,0.0,0.0,0.0,0.0,0.0,0.0,0.0,53388.0,54195.0,53646.0,53480.0,54481.0,51842.0,47172.0,,0.0,0.0,,,2.0,-1.0,13.65,0.019,0.219,3.0,2.0,0.0,0.0,23.14,23.16,25.67,27.48,22.88,24.25,22.94,23.16,23.09,28.64
2016-07-28 23:19:00-05:00,-7.1282606,-2.2975626,576856,23.75,0.0,0.407,23.54,4.24,277.4,275.2,273.0,0.0,0.0,0.0,5.258,0.0,60.15,0.0,1453354.0,21.8,0.0,0.0,0.0,0.0,0.0,0.0,0.0,0.0,0.0,0.0,23.25,22.75,-0.036,0.0,0.0,0.0,60.0,59.9,74.7,0.0,276.0,275.0,276.0,0.0,0.0,0.0,619.0,1443650.0,42679.0,133431.0,1.0,0.979,0.748,0.921,0.004,0.004,0.004,0.005,0.01,0.006,0.007,0.0,0.0,0.0,0.0,0.0,0.0,0.0,53388.0,54195.0,53646.0,53480.0,54481.0,51842.0,47172.0,1.005,8.82,27.59,1.6,3.51,2.0,-1.0,13.65,0.019,0.219,3.0,2.0,0.0,0.0,23.15,23.21,25.72,27.47,22.98,24.25,22.98,23.17,23.13,28.63
2016-07-28 23:20:00-05:00,-7.1282606,-2.2975626,576857,23.75,0.0,0.407,23.57,4.615,277.6,275.3,273.1,0.0,0.0,0.0,5.719,0.0,60.15,0.0,1453354.0,21.8,0.0,0.0,0.0,0.0,0.0,0.0,0.0,0.0,0.0,0.0,23.26,22.79,-0.037,0.0,0.0,0.0,60.0,59.9,74.7,0.0,276.0,275.0,276.0,0.0,0.0,0.0,619.0,1443650.0,42679.0,133431.0,1.0,0.979,0.748,0.921,0.003,0.004,0.004,0.005,0.009,0.006,0.007,0.0,0.0,0.0,0.0,0.0,0.0,0.0,53388.0,54195.0,53646.0,53480.0,54481.0,51842.0,47172.0,1.138,10.6,27.15,1.6,3.51,2.0,-1.0,13.65,0.019,0.219,3.0,2.0,0.0,0.0,23.22,23.26,25.72,27.52,22.98,24.34,22.98,23.17,23.11,28.63
2016-07-28 23:21:00-05:00,-7.1282606,-2.2975626,576858,23.75,0.0,0.407,23.58,5.239,277.3,275.5,273.2,0.0,0.0,0.0,6.344,0.0,60.14,0.0,1453354.0,21.79,0.0,0.0,0.0,0.0,0.0,0.0,0.0,0.0,0.0,0.0,23.27,22.8,-0.037,0.0,0.0,0.0,60.0,59.9,74.7,0.0,275.9,274.9,275.9,0.0,0.0,0.0,619.0,1443650.0,42679.0,133431.0,1.0,0.979,0.748,0.921,0.003,0.003,0.005,0.006,0.01,0.006,0.007,0.0,0.0,0.0,0.0,0.0,0.0,0.0,53388.0,54195.0,53646.0,53480.0,54481.0,51842.0,47172.0,1.478,359.2,21.07,1.9,3.51,2.0,-1.0,13.65,0.019,0.219,3.0,2.0,0.0,0.0,23.25,23.26,25.74,27.58,22.98,24.34,23.02,23.17,23.09,28.63
2016-07-28 23:22:00-05:00,-7.1282606,-2.2975626,576859,23.75,0.0,0.407,23.5,5.419,276.1,274.1,271.9,0.0,0.0,0.0,6.43,0.0,60.18,0.0,1453354.0,21.79,0.0,0.0,0.0,0.0,0.0,0.0,0.0,0.0,0.0,0.0,23.18,22.83,-0.038,0.0,0.0,0.0,60.0,59.9,74.7,0.0,275.0,274.0,275.0,0.0,0.0,0.0,619.0,1443650.0,42679.0,133431.0,1.0,0.979,0.748,0.921,0.003,0.003,0.004,0.005,0.01,0.006,0.007,0.0,0.0,0.0,0.0,0.0,0.0,0.0,53388.0,54195.0,53646.0,53480.0,54481.0,51842.0,47172.0,1.215,337.6,10.3,1.8,3.51,2.0,-1.0,13.65,0.019,0.219,3.0,2.0,0.0,0.0,23.25,23.28,25.78,27.53,23.01,24.34,23.07,23.17,23.14,28.63
2016-07-28 23:23:00-05:00,-7.1282606,-2.2975626,576860,23.75,0.0,0.407,23.55,5.094,276.5,274.0,271.9,0.0,0.0,0.0,6.205,0.0,60.21,0.0,1453354.0,21.8,0.0,0.0,0.0,0.0,0.0,0.0,0.0,0.0,0.0,0.0,23.16,22.79,-0.038,0.0,0.0,0.0,60.0,59.9,74.7,0.0,275.0,274.0,275.0,0.0,0.0,0.0,619.0,1443650.0,42679.0,133431.0,1.0,0.979,0.748,0.921,0.003,0.004,0.005,0.006,0.01,0.006,0.007,0.0,0.0,0.0,0.0,0.0,0.0,0.0,53388.0,54195.0,53646.0,53480.0,54481.0,51842.0,47172.0,0.908,9.95,33.7,1.6,3.51,2.0,-1.0,13.65,0.019,0.219,3.0,2.0,0.0,0.0,23.25,23.34,25.82,27.56,23.06,24.38,23.06,23.17,23.16,28.63
2016-07-28 23:24:00-05:00,-7.1282606,-2.2975626,576861,23.75,0.0,0.407,23.57,4.759,276.4,274.2,272.0,0.0,0.0,0.0,5.832,0.0,60.15,0.0,1453354.0,21.8,0.0,0.0,0.0,0.0,0.0,0.0,0.0,0.0,0.0,0.0,23.25,22.8,-0.036,0.0,0.0,0.0,60.0,59.9,74.7,0.0,275.0,274.0,275.0,0.0,0.0,0.0,619.0,1443650.0,42679.0,133431.0,1.0,0.979,0.748,0.921,0.002,0.003,0.004,0.006,0.011,0.006,0.007,0.0,0.0,0.0,0.0,0.0,0.0,0.0,53388.0,54195.0,53646.0,53480.0,54481.0,51842.0,47172.0,1.15,15.09,14.87,1.6,3.51,2.0,-1.0,13.65,0.019,0.219,3.0,2.0,0.0,0.0,23.25,23.36,25.82,27.59,23.07,24.34,23.07,23.17,23.09,28.63
2016-07-28 23:25:00-05:00,-7.1282606,-2.2975626,576862,23.75,0.0,0.407,23.54,4.669,276.5,274.2,272.0,0.0,0.0,0.0,5.818,0.0,60.14,0.0,1453354.0,21.8,0.0,0.0,0.0,0.0,0.0,0.0,0.0,0.0,0.0,0.0,23.21,22.79,-0.038,0.0,0.0,0.0,60.0,59.9,74.7,0.0,275.0,274.0,275.0,0.0,0.0,0.0,619.0,1443650.0,42679.0,133431.0,1.0,0.979,0.748,0.921,0.003,0.004,0.005,0.006,0.009,0.007,0.006,0.0,0.0,0.0,0.0,0.0,0.0,0.0,53388.0,54195.0,53646.0,53480.0,54481.0,51842.0,47172.0,1.088,11.41,13.5,1.8,3.51,2.0,-1.0,13.65,0.019,0.219,3.0,2.0,0.0,0.0,23.25,23.36,25.82,27.56,23.07,24.34,23.07,23.17,23.09,28.56
2016-07-28 23:26:00-05:00,-7.1282606,-2.2975626,576863,23.75,0.0,0.407,23.51,4.455,276.3,274.3,272.1,0.0,0.0,0.0,5.764,0.0,60.13,0.0,1453354.0,21.79,0.0,0.0,0.0,0.0,0.0,0.0,0.0,0.0,0.0,0.0,23.17,22.79,-0.038,0.0,0.0,0.0,60.0,59.9,74.7,0.0,275.0,274.0,275.0,0.0,0.0,0.0,619.0,1443650.0,42679.0,133431.0,1.0,0.979,0.748,0.921,0.002,0.004,0.004,0.006,0.01,0.006,0.007,0.0,0.0,0.0,0.0,0.0,0.0,0.0,53388.0,54195.0,53646.0,53480.0,54481.0,51842.0,47172.0,1.067,22.68,21.12,1.6,3.51,2.0,-1.0,13.65,0.019,0.219,3.0,2.0,0.0,0.0,23.25,23.28,25.82,27.56,23.04,24.31,23.07,23.17,23.09,28.53
2016-07-28 23:27:00-05:00,-7.1282606,-2.2975626,576864,23.75,0.0,0.407,23.51,4.455,276.4,274.3,272.0,0.0,0.0,0.0,5.693,0.0,60.14,0.0,1453354.0,21.8,0.0,0.0,0.0,0.0,0.0,0.0,0.0,0.0,0.0,0.0,23.22,22.78,-0.037,0.0,0.0,0.0,60.0,59.9,74.7,0.0,275.0,274.0,275.0,0.0,0.0,0.0,619.0,1443650.0,42679.0,133431.0,1.0,0.979,0.748,0.921,0.003,0.004,0.005,0.006,0.009,0.006,0.006,0.0,0.0,0.0,0.0,0.0,0.0,0.0,53388.0,54195.0,53646.0,53480.0,54481.0,51842.0,47172.0,0.922,352.3,35.56,1.8,3.512,2.0,-1.0,13.65,0.019,0.219,3.0,2.0,0.0,0.0,23.23,23.26,25.82,27.56,23.01,24.31,23.04,23.17,23.09,28.53
2016-07-28 23:28:00-05:00,-7.1282606,-2.2975626,576865,23.75,0.0,0.407,23.52,4.327,276.0,274.3,272.0,0.0,0.0,0.0,5.403,0.0,60.15,0.0,1453354.0,21.8,0.0,0.0,0.0,0.0,0.0,0.0,0.0,0.0,0.0,0.0,23.13,22.79,-0.038,0.0,0.0,0.0,60.0,59.9,74.7,0.0,275.0,274.0,275.0,0.0,0.0,0.0,619.0,1443650.0,42679.0,133431.0,1.0,0.979,0.748,0.921,0.002,0.003,0.005,0.006,0.01,0.007,0.006,0.0,0.0,0.0,0.0,0.0,0.0,0.0,53388.0,54195.0,53646.0,53480.0,54481.0,51842.0,47172.0,1.52,29.75,22.74,2.6,3.512,2.0,-1.0,13.65,0.019,0.219,3.0,2.0,0.0,0.0,23.2,23.26,25.78,27.64,22.98,24.25,23.02,23.17,23.09,28.53
2016-07-28 23:29:00-05:00,-7.3658695,-2.2975626,576866,23.75,0.0,0.407,23.53,4.218,276.3,274.1,271.9,0.0,0.0,0.0,5.261,0.0,60.14,0.0,1453354.0,21.79,0.0,0.0,0.0,0.0,0.0,0.0,0.0,0.0,0.0,0.0,23.2,22.78,-0.038,0.0,0.0,0.0,60.0,59.9,74.7,0.0,275.0,274.0,275.0,0.0,0.0,0.0,619.0,1443650.0,42679.0,133431.0,1.0,0.979,0.748,0.921,0.003,0.003,0.004,0.006,0.01,0.006,0.007,0.0,0.0,0.0,0.0,0.0,0.0,0.0,53388.0,54195.0,53646.0,53480.0,54481.0,51842.0,47172.0,1.365,32.42,28.33,2.3,3.51,2.0,-1.0,13.65,0.019,0.219,3.0,2.0,0.0,0.0,23.17,23.26,25.74,27.48,22.98,24.23,22.98,23.05,23.03,28.53
2016-07-28 23:30:00-05:00,-7.484674,-2.2975626,576867,23.75,0.0,0.407,23.51,3.993,276.4,274.4,272.1,0.0,0.0,0.0,5.22,0.0,60.19,0.0,1453354.0,21.79,0.0,0.0,0.0,0.0,0.0,0.0,0.0,0.0,0.0,0.0,23.11,22.75,-0.038,0.0,0.0,0.0,60.0,59.9,74.7,0.0,275.0,274.0,275.0,0.0,0.0,0.0,619.0,1443650.0,42679.0,133431.0,1.0,0.979,0.748,0.921,0.002,0.003,0.004,0.006,0.01,0.006,0.007,0.0,0.0,0.0,0.0,0.0,0.0,0.0,53388.0,54195.0,53646.0,53480.0,54481.0,51842.0,47172.0,,0.0,0.0,,,2.0,-1.0,13.65,0.019,0.219,3.0,2.0,0.0,0.0,23.15,23.23,25.72,27.41,22.96,24.2,22.98,23.07,22.99,28.53
2016-07-28 23:31:00-05:00,-7.484674,-2.2975626,576868,23.75,0.0,0.407,23.54,3.972,276.6,274.4,272.2,0.0,0.0,0.0,5.239,0.0,60.21,0.0,1453354.0,21.79,0.0,0.0,0.0,0.0,0.0,0.0,0.0,0.0,0.0,0.0,23.16,22.72,-0.034,0.0,0.0,0.0,60.0,59.9,74.7,0.0,275.0,274.0,275.0,0.0,0.0,0.0,619.0,1443650.0,42679.0,133431.0,1.0,0.979,0.748,0.921,0.002,0.003,0.004,0.006,0.01,0.007,0.007,0.0,0.0,0.0,0.0,0.0,0.0,0.0,53388.0,54195.0,53646.0,53480.0,54481.0,51842.0,47172.0,1.287,358.5,27.91,2.2,3.512,2.0,-1.0,13.65,0.019,0.219,3.0,2.0,0.0,0.0,23.15,23.26,25.72,27.31,22.89,24.15,22.94,23.07,22.99,28.53
2016-07-28 23:32:00-05:00,-7.484674,-2.2975626,576869,23.75,0.0,0.407,23.53,3.737,276.5,274.4,272.3,0.0,0.0,0.0,5.126,0.0,60.18,0.0,1453354.0,21.8,0.0,0.0,0.0,0.0,0.0,0.0,0.0,0.0,0.0,0.0,23.14,22.7,-0.038,0.0,0.0,0.0,60.0,59.9,74.7,0.0,275.0,274.0,275.0,0.0,0.0,0.0,619.0,1443650.0,42679.0,133431.0,1.0,0.979,0.748,0.921,0.002,0.003,0.005,0.006,0.009,0.006,0.006,0.0,0.0,0.0,0.0,0.0,0.0,0.0,53388.0,54195.0,53646.0,53480.0,54481.0,51842.0,47172.0,,0.0,0.0,,,2.0,-1.0,13.65,0.019,0.219,3.0,2.0,0.0,0.0,23.1,23.21,25.7,27.33,22.88,24.13,22.86,23.07,22.99,28.53
2016-07-28 23:33:00-05:00,-7.484674,-2.2975626,576870,23.75,0.0,0.407,23.5,3.648,276.8,274.5,272.3,0.0,0.0,0.0,5.103,0.0,60.22,0.0,1453354.0,21.8,0.0,0.0,0.0,0.0,0.0,0.0,0.0,0.0,0.0,0.0,23.13,22.68,-0.038,0.0,0.0,0.0,60.0,59.9,74.7,0.0,275.0,274.0,275.0,0.0,0.0,0.0,619.0,1443650.0,42679.0,133431.0,1.0,0.979,0.748,0.921,0.001,0.003,0.004,0.005,0.009,0.006,0.007,0.0,0.0,0.0,0.0,0.0,0.0,0.0,53388.0,54195.0,53646.0,53480.0,54481.0,51842.0,47172.0,1.24,30.97,42.05,2.4,3.512,2.0,-1.0,13.65,0.019,0.219,3.0,2.0,0.0,0.0,23.06,23.16,25.67,27.35,22.88,24.08,22.86,23.06,22.99,28.53
2016-07-28 23:34:00-05:00,-7.484674,-2.2975626,576871,23.75,0.0,0.407,23.48,3.738,277.1,274.5,272.3,0.0,0.0,0.0,5.154,0.0,60.22,0.0,1453354.0,21.8,0.0,0.0,0.0,0.0,0.0,0.0,0.0,0.0,0.0,0.0,23.15,22.67,-0.038,0.0,0.0,0.0,60.0,59.9,74.7,0.0,275.0,274.0,275.4,0.0,0.0,0.0,619.0,1443650.0,42679.0,133431.0,1.0,0.979,0.748,0.921,0.001,0.004,0.004,0.005,0.01,0.005,0.006,0.0,0.0,0.0,0.0,0.0,0.0,0.0,53388.0,54195.0,53646.0,53480.0,54481.0,51842.0,47172.0,1.255,13.34,19.24,2.0,3.512,2.0,-1.0,13.65,0.019,0.219,3.0,2.0,0.0,0.0,23.06,23.16,25.65,27.25,22.88,24.05,22.88,22.99,22.91,28.53
2016-07-28 23:35:00-05:00,-7.484674,-2.4096386,576872,23.75,0.0,0.407,23.5,3.91,276.9,274.7,272.4,0.0,0.0,0.0,5.194,0.0,60.22,0.0,1453354.0,21.8,0.0,0.0,0.0,0.0,0.0,0.0,0.0,0.0,0.0,0.0,23.11,22.66,-0.038,0.0,0.0,0.0,60.0,59.9,74.7,0.0,275.5,274.0,275.7,0.0,0.0,0.0,619.0,1443650.0,42679.0,133431.0,1.0,0.979,0.748,0.921,0.002,0.003,0.005,0.007,0.009,0.006,0.006,0.0,0.0,0.0,0.0,0.0,0.0,0.0,53388.0,54195.0,53646.0,53480.0,54481.0,51842.0,47172.0,1.097,17.53,36.05,1.8,3.512,2.0,-1.0,13.65,0.019,0.219,3.0,2.0,0.0,0.0,23.06,23.16,25.63,27.24,22.88,24.05,22.88,22.98,22.9,28.53
2016-07-28 23:36:00-05:00,-7.484674,-2.521715,576873,23.75,0.0,0.407,23.5,3.919,278.1,275.8,273.6,0.0,0.0,0.0,5.22,0.0,60.22,0.0,1453354.0,21.81,0.0,0.0,0.0,0.0,0.0,0.0,0.0,0.0,0.0,0.0,23.16,22.63,-0.038,0.0,0.0,0.0,60.0,59.9,74.7,0.0,276.7,275.7,276.8,0.0,0.0,0.0,619.0,1443650.0,42679.0,133431.0,1.0,0.979,0.748,0.921,0.002,0.003,0.004,0.005,0.009,0.006,0.007,0.0,0.0,0.0,0.0,0.0,0.0,0.0,53388.0,54195.0,53646.0,53480.0,54481.0,51842.0,47172.0,1.028,23.95,19.85,2.5,3.51,2.0,-1.0,13.65,0.019,0.219,3.0,2.0,0.0,0.0,23.06,23.16,25.63,27.23,22.88,24.05,22.86,22.98,22.9,28.53
2016-07-28 23:37:00-05:00,-7.484674,-2.4096386,576874,23.75,0.0,0.407,23.46,4.175,278.3,276.1,273.9,0.0,0.0,0.0,5.234,0.0,60.18,0.0,1453354.0,21.79,0.0,0.0,0.0,0.0,0.0,0.0,0.0,0.0,0.0,0.0,23.09,22.64,-0.038,0.0,0.0,0.0,60.0,59.9,74.7,0.0,277.0,276.0,277.0,0.0,0.0,0.0,619.0,1443650.0,42679.0,133431.0,1.0,0.979,0.748,0.921,0.002,0.003,0.005,0.006,0.009,0.006,0.007,0.0,0.0,0.0,0.0,0.0,0.0,0.0,53388.0,54195.0,53646.0,53480.0,54481.0,51842.0,47172.0,,0.0,0.0,,,2.0,-1.0,13.65,0.019,0.219,3.0,2.0,0.0,0.0,23.06,23.13,25.63,27.23,22.86,24.05,22.86,22.98,22.92,28.53
2016-07-28 23:38:00-05:00,-7.484674,-2.2975626,576875,23.75,0.0,0.407,23.46,4.185,278.2,276.0,273.8,0.0,0.0,0.0,5.276,0.0,60.15,0.0,1453354.0,21.8,0.0,0.0,0.0,0.0,0.0,0.0,0.0,0.0,0.0,0.0,23.1,22.6,-0.037,0.0,0.0,0.0,60.0,59.9,74.7,0.0,277.0,276.0,277.0,0.0,0.0,0.0,619.0,1443650.0,42679.0,133431.0,1.0,0.979,0.748,0.921,0.002,0.003,0.005,0.005,0.009,0.005,0.006,0.0,0.0,0.0,0.0,0.0,0.0,0.0,53388.0,54195.0,53646.0,53480.0,54481.0,51842.0,47172.0,1.233,19.5,34.09,2.4,3.512,2.0,-1.0,13.65,0.019,0.219,3.0,2.0,0.0,0.0,23.06,23.12,25.63,27.22,22.88,24.05,22.86,22.96,22.9,28.53
2016-07-28 23:39:00-05:00,-7.484674,-2.2975626,576876,23.75,0.0,0.407,23.5,4.185,278.1,275.9,273.8,0.0,0.0,0.0,5.28,0.0,60.15,0.0,1453354.0,21.8,0.0,0.0,0.0,0.0,0.0,0.0,0.0,0.0,0.0,0.0,23.16,22.65,-0.038,0.0,0.0,0.0,60.0,59.9,74.7,0.0,277.0,276.0,277.0,0.0,0.0,0.0,619.0,1443650.0,42679.0,133431.0,1.0,0.979,0.748,0.921,0.002,0.002,0.005,0.005,0.009,0.005,0.006,0.0,0.0,0.0,0.0,0.0,0.0,0.0,53388.0,54195.0,53646.0,53480.0,54481.0,51842.0,47172.0,1.215,10.26,31.56,1.8,3.512,2.0,-1.0,13.65,0.019,0.219,3.0,2.0,0.0,0.0,23.06,23.16,25.63,27.24,22.88,24.05,22.86,22.98,22.92,28.53
2016-07-28 23:40:00-05:00,-7.484674,-2.2975626,576877,23.75,0.0,0.407,23.5,4.186,278.3,276.1,273.9,0.0,0.0,0.0,5.299,0.0,60.15,0.0,1453354.0,21.8,0.0,0.0,0.0,0.0,0.0,0.0,0.0,0.0,0.0,0.0,23.2,22.66,-0.038,0.0,0.0,0.0,60.0,59.9,74.7,0.0,277.0,276.0,277.0,0.0,0.0,0.0,619.0,1443650.0,42679.0,133431.0,1.0,0.979,0.748,0.921,0.002,0.003,0.005,0.006,0.009,0.006,0.007,0.0,0.0,0.0,0.0,0.0,0.0,0.0,53388.0,54195.0,53646.0,53480.0,54481.0,51842.0,47172.0,0.882,37.06,34.29,1.5,3.51,2.0,-1.0,13.65,0.019,0.219,3.0,2.0,0.0,0.0,23.06,23.16,25.63,27.24,22.86,24.05,22.88,22.98,22.88,28.53
2016-07-28 23:41:00-05:00,-7.484674,-2.2975626,576878,23.75,0.0,0.407,23.53,4.417,278.3,276.4,274.1,0.0,0.0,0.0,5.459,0.0,60.13,0.0,1453354.0,21.8,0.0,0.0,0.0,0.0,0.0,0.0,0.0,0.0,0.0,0.0,23.23,22.71,-0.038,0.0,0.0,0.0,60.0,59.9,74.7,0.0,277.0,276.0,277.0,0.0,0.0,0.0,619.0,1443650.0,42679.0,133431.0,1.0,0.979,0.748,0.921,0.002,0.002,0.005,0.005,0.008,0.005,0.007,0.0,0.0,0.0,0.0,0.0,0.0,0.0,53388.0,54195.0,53646.0,53480.0,54481.0,51842.0,47172.0,1.37,19.54,29.47,2.6,3.512,2.0,-1.0,13.65,0.019,0.219,3.0,2.0,0.0,0.0,23.06,23.16,25.61,27.24,22.81,24.05,22.81,22.98,22.92,28.53
2016-07-28 23:42:00-05:00,-7.484674,-2.2975626,576879,23.75,0.0,0.407,23.55,4.455,278.3,276.3,274.0,0.0,0.0,0.0,5.715,0.0,60.16,0.0,1453354.0,21.79,0.0,0.0,0.0,0.0,0.0,0.0,0.0,0.0,0.0,0.0,23.17,22.7,-0.037,0.0,0.0,0.0,60.0,59.9,74.7,0.0,277.0,276.0,277.0,0.0,0.0,0.0,619.0,1443650.0,42679.0,133431.0,1.0,0.979,0.748,0.921,0.002,0.003,0.005,0.006,0.009,0.005,0.006,0.0,0.0,0.0,0.0,0.0,0.0,0.0,53388.0,54195.0,53646.0,53480.0,54481.0,51842.0,47172.0,,0.0,0.0,,,2.0,-1.0,13.65,0.019,0.219,3.0,2.0,0.0,0.0,23.06,23.16,25.63,27.21,22.86,24.05,22.86,22.94,22.9,28.53
2016-07-28 23:43:00-05:00,-7.484674,-2.2975626,576880,23.75,0.0,0.407,23.52,4.499,278.5,276.3,274.0,0.0,0.0,0.0,5.789,0.0,60.23,0.0,1453354.0,21.8,0.0,0.0,0.0,0.0,0.0,0.0,0.0,0.0,0.0,0.0,23.15,22.69,-0.037,0.0,0.0,0.0,60.0,59.9,74.7,0.0,277.0,276.0,277.0,0.0,0.0,0.0,619.0,1443650.0,42679.0,133431.0,1.0,0.979,0.748,0.921,0.001,0.003,0.004,0.005,0.009,0.005,0.006,0.0,0.0,0.0,0.0,0.0,0.0,0.0,53388.0,54195.0,53646.0,53480.0,54481.0,51842.0,47172.0,1.297,13.27,16.02,2.4,3.51,2.0,-1.0,13.65,0.019,0.219,3.0,2.0,0.0,0.0,23.06,23.16,25.63,27.22,22.85,24.05,22.86,22.98,22.9,28.53
2016-07-28 23:44:00-05:00,-7.484674,-2.2975626,576881,23.75,0.0,0.407,23.56,4.567,278.5,276.5,274.2,0.0,0.0,0.0,5.809,0.0,60.22,0.0,1453354.0,21.8,0.0,0.0,0.0,0.0,0.0,0.0,0.0,0.0,0.0,0.0,23.16,22.68,-0.036,0.0,0.0,0.0,60.0,59.9,74.7,0.0,277.0,276.0,277.0,0.0,0.0,0.0,619.0,1443650.0,42679.0,133431.0,1.0,0.979,0.748,0.921,0.002,0.003,0.004,0.005,0.009,0.005,0.007,0.0,0.0,0.0,0.0,0.0,0.0,0.0,53388.0,54195.0,53646.0,53480.0,54481.0,51842.0,47172.0,0.793,18.18,16.99,1.3,3.512,2.0,-1.0,13.65,0.019,0.219,3.0,2.0,0.0,0.0,23.06,23.16,25.63,27.23,22.86,24.05,22.86,22.98,22.9,28.53
2016-07-28 23:45:00-05:00,-7.484674,-2.2975626,576882,23.75,0.0,0.407,23.57,4.4,278.6,276.5,274.2,0.0,0.0,0.0,5.584,0.0,60.22,0.0,1453354.0,21.8,0.0,0.0,0.0,0.0,0.0,0.0,0.0,0.0,0.0,0.0,23.2,22.7,-0.038,0.0,0.0,0.0,60.0,59.9,74.7,0.0,277.0,276.0,277.0,0.0,0.0,0.0,619.0,1443650.0,42679.0,133431.0,1.0,0.979,0.748,0.921,0.002,0.003,0.004,0.005,0.008,0.005,0.006,0.0,0.0,0.0,0.0,0.0,0.0,0.0,53388.0,54195.0,53646.0,53480.0,54481.0,51842.0,47172.0,1.315,346.1,17.7,2.5,3.512,2.0,-1.0,13.65,0.019,0.219,3.0,2.0,0.0,0.0,23.06,23.16,25.63,27.26,22.88,24.05,22.86,22.98,22.9,28.53
2016-07-28 23:46:00-05:00,-7.484674,-2.2975626,576883,23.75,0.0,0.407,23.56,4.047,278.3,276.0,273.6,0.0,0.0,0.0,5.22,0.0,60.22,0.0,1453354.0,21.8,0.0,0.0,0.0,0.0,0.0,0.0,0.0,0.0,0.0,0.0,23.22,22.7,-0.038,0.0,0.0,0.0,60.0,59.9,74.7,0.0,277.0,276.0,277.0,0.0,0.0,0.0,619.0,1443650.0,42679.0,133431.0,1.0,0.979,0.748,0.921,0.003,0.003,0.004,0.006,0.01,0.006,0.006,0.0,0.0,0.0,0.0,0.0,0.0,0.0,53388.0,54195.0,53646.0,53480.0,54481.0,51842.0,47172.0,1.562,4.719,14.64,2.5,3.512,2.0,-1.0,13.65,0.019,0.219,3.0,2.0,0.0,0.0,23.07,23.16,25.64,27.27,22.88,24.05,22.86,22.98,22.9,28.53
2016-07-28 23:47:00-05:00,-7.484674,-2.2975626,576884,23.75,0.0,0.407,23.55,3.915,278.0,275.9,273.6,0.0,0.0,0.0,5.212,0.0,60.16,0.0,1453354.0,21.81,0.0,0.0,0.0,0.0,0.0,0.0,0.0,0.0,0.0,0.0,23.14,22.7,-0.037,0.0,0.0,0.0,60.0,59.9,74.7,0.0,277.0,276.0,277.0,0.0,0.0,0.0,619.0,1443650.0,42679.0,133431.0,1.0,0.979,0.748,0.921,0.002,0.002,0.004,0.006,0.009,0.005,0.006,0.0,0.0,0.0,0.0,0.0,0.0,0.0,53388.0,54195.0,53646.0,53480.0,54481.0,51842.0,47172.0,1.478,358.4,19.27,2.4,3.512,2.0,-1.0,13.65,0.019,0.219,3.0,2.0,0.0,0.0,23.06,23.16,25.67,27.23,22.88,24.05,22.86,22.98,22.9,28.51
2016-07-28 23:48:00-05:00,-7.484674,-2.2975626,576885,23.75,0.0,0.407,23.52,3.915,277.9,275.8,273.4,0.0,0.0,0.0,5.21,0.0,60.14,0.0,1453354.0,21.8,0.0,0.0,0.0,0.0,0.0,0.0,0.0,0.0,0.0,0.0,23.17,22.67,-0.037,0.0,0.0,0.0,60.0,59.9,74.7,0.0,276.9,276.0,276.9,0.0,0.0,0.0,619.0,1443650.0,42679.0,133431.0,1.0,0.979,0.748,0.921,0.002,0.004,0.003,0.006,0.009,0.006,0.007,0.0,0.0,0.0,0.0,0.0,0.0,0.0,53388.0,54195.0,53646.0,53480.0,54481.0,51842.0,47172.0,1.217,30.23,22.61,1.9,3.51,2.0,-1.0,13.65,0.019,0.219,3.0,2.0,0.0,0.0,23.06,23.16,25.67,27.23,22.86,24.03,22.88,22.98,22.9,28.5
2016-07-28 23:49:00-05:00,-7.484674,-2.2975626,576886,23.75,0.0,0.407,23.49,3.919,277.8,275.9,273.5,0.0,0.0,0.0,5.22,0.0,60.14,0.0,1453354.0,21.8,0.0,0.0,0.0,0.0,0.0,0.0,0.0,0.0,0.0,0.0,23.16,22.66,-0.038,0.0,0.0,0.0,60.0,59.9,74.7,0.0,276.5,275.7,276.8,0.0,0.0,0.0,619.0,1443650.0,42679.0,133431.0,1.0,0.979,0.748,0.921,0.002,0.002,0.004,0.006,0.009,0.005,0.007,0.0,0.0,0.0,0.0,0.0,0.0,0.0,53388.0,54195.0,53646.0,53480.0,54481.0,51842.0,47172.0,1.268,21.01,13.89,1.8,3.51,2.0,-1.0,13.65,0.019,0.219,3.0,2.0,0.0,0.0,23.06,23.16,25.63,27.25,22.86,23.97,22.81,22.98,22.9,28.43
2016-07-28 23:50:00-05:00,-7.484674,-2.4096386,576887,23.75,0.0,0.407,23.5,4.201,277.9,275.9,273.6,0.0,0.0,0.0,5.283,0.0,60.14,0.0,1453354.0,21.8,0.0,0.0,0.0,0.0,0.0,0.0,0.0,0.0,0.0,0.0,23.15,22.65,-0.037,0.0,0.0,0.0,60.0,59.9,74.7,0.0,277.0,276.0,277.0,0.0,0.0,0.0,619.0,1443650.0,42679.0,133431.0,1.0,0.979,0.748,0.921,0.002,0.003,0.004,0.006,0.009,0.005,0.006,0.0,0.0,0.0,0.0,0.0,0.0,0.0,53388.0,54195.0,53646.0,53480.0,54481.0,51842.0,47172.0,1.702,23.15,22.29,3.1,3.512,2.0,-1.0,13.65,0.019,0.219,3.0,2.0,0.0,0.0,23.06,23.16,25.63,27.27,22.85,23.97,22.76,22.9,22.86,28.43
2016-07-28 23:51:00-05:00,-7.484674,-2.2975626,576888,23.75,0.0,0.407,23.46,4.3,278.2,275.9,273.6,0.0,0.0,0.0,5.41,0.0,60.15,0.0,1453354.0,21.8,0.0,0.0,0.0,0.0,0.0,0.0,0.0,0.0,0.0,0.0,23.07,22.61,-0.036,0.0,0.0,0.0,60.0,59.9,74.7,0.0,277.0,276.0,277.0,0.0,0.0,0.0,619.0,1443650.0,42679.0,133431.0,1.0,0.979,0.748,0.921,0.002,0.003,0.004,0.005,0.01,0.006,0.006,0.0,0.0,0.0,0.0,0.0,0.0,0.0,53388.0,54195.0,53646.0,53480.0,54481.0,51842.0,47172.0,1.058,352.3,25.34,1.7,3.51,2.0,-1.0,13.65,0.019,0.219,3.0,2.0,0.0,0.0,23.06,23.13,25.63,27.23,22.78,23.97,22.78,22.88,22.83,28.43
2016-07-28 23:52:00-05:00,-7.484674,-2.2975626,576889,23.75,0.0,0.407,23.46,4.434,278.1,276.0,273.7,0.0,0.0,0.0,5.601,0.0,60.18,0.0,1453354.0,21.81,0.0,0.0,0.0,0.0,0.0,0.0,0.0,0.0,0.0,0.0,23.08,22.6,-0.037,0.0,0.0,0.0,60.0,59.9,74.7,0.0,277.0,276.0,277.0,0.0,0.0,0.0,619.0,1443650.0,42679.0,133431.0,1.0,0.979,0.748,0.921,0.001,0.004,0.003,0.007,0.009,0.006,0.007,0.0,0.0,0.0,0.0,0.0,0.0,0.0,53388.0,54195.0,53646.0,53480.0,54481.0,51842.0,47172.0,0.728,6.796,25.71,1.3,3.51,2.0,-1.0,13.65,0.019,0.219,3.0,2.0,0.0,0.0,23.04,23.08,25.63,27.23,22.78,23.95,22.77,22.88,22.8,28.43
2016-07-28 23:53:00-05:00,-7.484674,-2.2975626,576890,23.75,0.0,0.407,23.45,4.465,278.5,276.0,273.7,0.0,0.0,0.0,5.807,0.0,60.14,0.0,1453354.0,21.8,0.0,0.0,0.0,0.0,0.0,0.0,0.0,0.0,0.0,0.0,23.08,22.59,-0.037,0.0,0.0,0.0,60.0,59.9,74.7,0.0,277.0,276.0,277.0,0.0,0.0,0.0,619.0,1443650.0,42679.0,133431.0,1.0,0.979,0.748,0.921,0.002,0.003,0.004,0.005,0.009,0.005,0.006,0.0,0.0,0.0,0.0,0.0,0.0,0.0,53388.0,54195.0,53646.0,53480.0,54481.0,51842.0,47172.0,,0.0,0.0,,,2.0,-1.0,13.65,0.019,0.219,3.0,2.0,0.0,0.0,23.06,23.08,25.63,27.22,22.81,23.97,22.78,22.94,22.85,28.43
2016-07-28 23:54:00-05:00,-7.484674,-2.2975626,576891,23.75,0.0,0.407,23.5,4.455,278.0,276.1,273.8,0.0,0.0,0.0,5.753,0.0,60.14,0.0,1453354.0,21.82,0.0,0.0,0.0,0.0,0.0,0.0,0.0,0.0,0.0,0.0,23.15,22.61,-0.034,0.0,0.0,0.0,60.0,59.9,74.7,0.0,277.0,276.0,277.0,0.0,0.0,0.0,619.0,1443650.0,42679.0,133431.0,1.0,0.979,0.748,0.921,0.002,0.003,0.004,0.005,0.01,0.005,0.006,0.0,0.0,0.0,0.0,0.0,0.0,0.0,53388.0,54195.0,53646.0,53480.0,54481.0,51842.0,47172.0,,0.0,0.0,,,2.0,-1.0,13.65,0.019,0.219,3.0,2.0,0.0,0.0,23.06,23.1,25.67,27.23,22.88,24.05,22.78,22.98,22.88,28.43
2016-07-28 23:55:00-05:00,-7.484674,-2.2975626,576892,23.75,0.0,0.407,23.47,4.31,278.3,276.1,273.7,0.0,0.0,0.0,5.429,0.0,60.14,0.0,1453354.0,21.79,0.0,0.0,0.0,0.0,0.0,0.0,0.0,0.0,0.0,0.0,23.15,22.63,-0.037,0.0,0.0,0.0,60.0,59.9,74.7,0.0,277.0,276.0,277.0,0.0,0.0,0.0,619.0,1443650.0,42679.0,133431.0,1.0,0.979,0.748,0.921,0.002,0.002,0.005,0.005,0.009,0.005,0.006,0.0,0.0,0.0,0.0,0.0,0.0,0.0,53388.0,54195.0,53646.0,53480.0,54481.0,51842.0,47172.0,0.573,33.53,38.51,1.0,3.509,2.0,-1.0,13.65,0.019,0.219,3.0,2.0,0.0,0.0,23.06,23.12,25.67,27.23,22.85,23.95,22.73,22.9,22.85,28.43
2016-07-28 23:56:00-05:00,-7.484674,-2.2975626,576893,23.75,0.0,0.407,23.44,3.891,278.3,276.2,273.8,0.0,0.0,0.0,5.205,0.0,60.18,0.0,1453354.0,21.79,0.0,0.0,0.0,0.0,0.0,0.0,0.0,0.0,0.0,0.0,23.09,22.64,-0.037,0.0,0.0,0.0,60.0,59.9,74.7,0.0,277.0,276.0,277.0,0.0,0.0,0.0,619.0,1443650.0,42679.0,133431.0,1.0,0.979,0.748,0.921,0.002,0.004,0.004,0.007,0.009,0.006,0.006,0.0,0.0,0.0,0.0,0.0,0.0,0.0,53388.0,54195.0,53646.0,53480.0,54481.0,51842.0,47172.0,,0.0,0.0,,,2.0,-1.0,13.65,0.019,0.219,3.0,2.0,0.0,0.0,23.06,23.16,25.69,27.27,22.78,23.95,22.78,22.88,22.88,28.43
2016-07-28 23:57:00-05:00,-7.484674,-2.2975626,576894,23.75,0.0,0.407,23.43,4.364,278.7,276.0,273.7,0.0,0.0,0.0,5.588,0.0,60.15,0.0,1453354.0,21.82,0.0,0.0,0.0,0.0,0.0,0.0,0.0,0.0,0.0,0.0,23.06,22.61,-0.037,0.0,0.0,0.0,60.0,59.9,74.7,0.0,277.0,276.0,277.0,0.0,0.0,0.0,619.0,1443650.0,42679.0,133431.0,1.0,0.979,0.748,0.921,0.002,0.003,0.004,0.006,0.009,0.005,0.006,0.0,0.0,0.0,0.0,0.0,0.0,0.0,53388.0,54195.0,53646.0,53480.0,54481.0,51842.0,47172.0,1.313,40.23,14.72,2.1,3.51,2.0,-1.0,13.65,0.019,0.219,3.0,2.0,0.0,0.0,23.06,23.15,25.72,27.2,22.78,23.95,22.78,22.9,22.88,28.43
2016-07-28 23:58:00-05:00,-7.484674,-2.2975626,576895,23.75,0.0,0.407,23.41,3.55,278.5,276.2,273.9,0.0,0.0,0.0,4.947,0.0,60.22,0.0,1453354.0,21.8,0.0,0.0,0.0,0.0,0.0,0.0,0.0,0.0,0.0,0.0,23.04,22.6,-0.036,0.0,0.0,0.0,60.0,59.9,74.7,0.0,277.0,276.0,277.0,0.0,0.0,0.0,619.0,1443650.0,42679.0,133431.0,1.0,0.979,0.748,0.921,0.002,0.003,0.004,0.005,0.009,0.005,0.006,0.0,0.0,0.0,0.0,0.0,0.0,0.0,53388.0,54195.0,53646.0,53480.0,54481.0,51842.0,47172.0,1.09,41.97,18.65,1.7,3.51,2.0,-1.0,13.65,0.019,0.219,3.0,2.0,0.0,0.0,23.06,23.15,25.71,27.22,22.78,23.98,22.78,22.88,22.8,28.43
2016-07-28 23:59:00-05:00,-7.484674,-2.2975626,576896,23.75,0.0,0.407,23.4,2.942,278.4,276.3,274.0,0.0,0.0,0.0,4.489,0.0,60.22,0.0,1453354.0,21.79,0.0,0.0,0.0,0.0,0.0,0.0,0.0,0.0,0.0,0.0,23.05,22.59,-0.036,0.0,0.0,0.0,60.0,59.9,74.7,0.0,277.0,276.0,277.0,0.0,0.0,0.0,619.0,1443650.0,42679.0,133431.0,1.0,0.979,0.748,0.921,0.001,0.003,0.004,0.006,0.01,0.005,0.006,0.0,0.0,0.0,0.0,0.0,0.0,0.0,53388.0,54195.0,53646.0,53480.0,54481.0,51842.0,47172.0,0.615,355.6,21.76,1.0,3.51,2.0,-1.0,13.65,0.019,0.219,3.0,2.0,0.0,0.0,22.96,23.13,25.67,27.29,22.78,23.95,22.78,22.88,22.8,28.43
