timestamp,day,day_id,month,hour,logPR,PR,x_T,z_wind,T_module_C,wind_ms,G_POA_Wm2,P_DC_kW,expected_P_DC_kW,power_ratio
2016-06-01 10:00:00,2016-06-01 00:00:00,1,6,10,-0.12871320213123,0.879226089558193,3.322,-0.649259701224039,58.22,1.275,925,220.4,250.675,0.879226089558193
2016-06-01 10:07:00,2016-06-01 00:00:00,1,6,10.1166666666667,-0.141172155648854,0.868339809225907,3.418,-1.08054427908972,59.18,0.87,906,213.2,245.526,0.868339809225907
2016-06-01 10:12:00,2016-06-01 00:00:00,1,6,10.2,-0.134383302373618,0.874254896395118,3.536,-1.14443829062538,60.36,0.81,910,215.6,246.61,0.874254896395118
2016-06-01 10:21:00,2016-06-01 00:00:00,1,6,10.35,-0.129892610426037,0.878189734278295,3.359,0.135571740472274,58.59,2.012,945,224.9,256.095,0.878189734278295
2016-06-01 10:29:00,2016-06-01 00:00:00,1,6,10.4833333333333,-0.13894310455319,0.870277541879288,3.58,-0.508692875845595,60.8,1.407,982,231.6,266.122,0.870277541879288
2016-06-01 10:37:00,2016-06-01 00:00:00,1,6,10.6166666666667,-0.15667538944137,0.854981549815498,3.298,-0.500173674307507,57.98,1.415,1000,231.7,271,0.854981549815498
2016-06-01 10:50:00,2016-06-01 00:00:00,1,6,10.8333333333333,-0.162684383435416,0.84985937578674,3.752,-0.947431755057102,62.52,0.995,1026,236.3,278.046,0.84985937578674
2016-06-01 11:04:00,2016-06-01 00:00:00,1,6,11.0666666666667,-0.154734669541678,0.856642440663757,3.711,-0.386229353735587,62.11,1.522,986,228.9,267.206,0.856642440663757
2016-06-01 11:23:00,2016-06-01 00:00:00,1,6,11.3833333333333,-0.163878791930444,0.848844902497084,2.522,-0.817513931601268,50.22,1.117,1082,248.9,293.222,0.848844902497084
2016-06-01 11:28:00,2016-06-01 00:00:00,1,6,11.4666666666667,-0.152909260068002,0.85820759197691,3.236,-0.319140641623148,57.36,1.585,1010,234.9,273.71,0.85820759197691
2016-06-01 13:15:00,2016-06-01 00:00:00,1,6,13.25,-0.161363520890938,0.850982664896232,3.591,-1.1465680910099,60.91,0.808,1006,232,272.626,0.850982664896232
2016-06-01 13:53:00,2016-06-01 00:00:00,1,6,13.8833333333333,-0.106851123894386,0.898659451951293,2.321,-1.1955534998539,48.21,0.762,967,235.5,262.057,0.898659451951293
2016-06-01 14:56:00,2016-06-01 00:00:00,1,6,14.9333333333333,-0.153729367574385,0.857504058014868,1.882,-1.00813106601598,43.82,0.938,719.5,167.2,194.9845,0.857504058014868
2016-06-02 11:17:00,2016-06-02 00:00:00,2,6,11.2833333333333,0.00914700138247438,1.00918896304316,1.863,-0.824968232947094,43.63,1.11,607.7,166.2,164.6867,1.00918896304316
2016-06-02 11:38:00,2016-06-02 00:00:00,2,6,11.6333333333333,-0.156184076632625,0.855401716410326,3.121,-1.09864758235816,56.21,0.853,1053,244.1,285.363,0.855401716410326
2016-06-02 11:44:00,2016-06-02 00:00:00,2,6,11.7333333333333,-0.108759935538149,0.896945716445116,3.294,-1.04327277236059,57.94,0.905,996,242.1,269.916,0.896945716445116
2016-06-02 11:59:00,2016-06-02 00:00:00,2,6,11.9833333333333,-0.14745538394097,0.862900936701675,3.369,-0.40113795642724,58.69,1.508,1040,243.2,281.84,0.862900936701675
2016-06-02 12:11:00,2016-06-02 00:00:00,2,6,12.1833333333333,-0.20452738473024,0.815032422168882,3.225,-1.2583826111973,57.25,0.703,1030,227.5,279.13,0.815032422168882
2016-06-02 12:16:00,2016-06-02 00:00:00,2,6,12.2666666666667,-0.160700610690991,0.851546977008232,3.419,-0.205196321051227,59.19,1.692,1092,252,295.932,0.851546977008232
2016-06-02 12:34:00,2016-06-02 00:00:00,2,6,12.5666666666667,-0.141033911979324,0.868459860005472,3.11,-1.27968061504252,56.1,0.683,1106,260.3,299.726,0.868459860005472
2016-06-02 12:39:00,2016-06-02 00:00:00,2,6,12.65,-0.137860215977233,0.871220465936003,3.443,0.362395481423854,59.43,2.225,1072,253.1,290.512,0.871220465936003
2016-06-02 12:56:00,2016-06-02 00:00:00,2,6,12.9333333333333,-0.0962485604029712,0.908238235947949,2.813,-1.26903161311991,53.13,0.693,795.1,195.7,215.4721,0.908238235947949
2016-06-02 13:06:00,2016-06-02 00:00:00,2,6,13.1,-0.518361261954482,0.595495610128515,3.137,-0.944237054480319,56.37,0.998,1015,163.8,275.065,0.595495610128515
2016-06-02 13:13:00,2016-06-02 00:00:00,2,6,13.2166666666667,-0.120565478753348,0.886419043831157,3.125,-0.434149862387329,56.25,1.477,1002,240.7,271.542,0.886419043831157
2016-06-02 13:18:00,2016-06-02 00:00:00,2,6,13.3,-0.126337644772494,0.881317224387197,3.32,-1.07521977812841,58.2,0.875,963,230,260.973,0.881317224387197
2016-06-02 13:23:00,2016-06-02 00:00:00,2,6,13.3833333333333,-0.108020004729025,0.897609639813212,3.279,-1.35954812946209,57.79,0.608,904,219.9,244.984,0.897609639813212
2016-06-02 13:28:00,2016-06-02 00:00:00,2,6,13.4666666666667,-0.122962865489515,0.884296499868764,3.389,-0.420306159887937,58.89,1.49,956,229.1,259.076,0.884296499868764
2016-06-02 13:33:00,2016-06-02 00:00:00,2,6,13.55,-0.115577496747014,0.890851531466134,3.203,0.0141731185545266,57.03,1.898,915,220.9,247.965,0.890851531466134
2016-06-02 13:40:00,2016-06-02 00:00:00,2,6,13.6666666666667,-0.221908918500941,0.800988316228895,3.235,-0.567262386419947,57.35,1.352,914,198.4,247.694,0.800988316228895
2016-06-02 13:45:00,2016-06-02 00:00:00,2,6,13.75,-0.154472384616876,0.856867154530131,3.437,-0.939977453711276,59.37,1.002,891,206.9,241.461,0.856867154530131
2016-06-02 13:54:00,2016-06-02 00:00:00,2,6,13.9,-0.146102735847849,0.864068927770617,3.093,-0.954886056402929,55.93,0.988,1045,244.7,283.195,0.864068927770617
2016-06-02 14:02:00,2016-06-02 00:00:00,2,6,14.0333333333333,-0.12147989753771,0.885608856088561,3.165,-1.32334152292521,56.65,0.642,985,236.4,266.935,0.885608856088561
2016-06-02 14:07:00,2016-06-02 00:00:00,2,6,14.1166666666667,-0.13227414266859,0.876100785547733,3.357,-0.0827327989412189,58.57,1.807,978,232.2,265.038,0.876100785547733
2016-06-02 14:20:00,2016-06-02 00:00:00,2,6,14.3333333333333,-0.114005223121004,0.892253295523309,2.965,-0.812189430639963,54.65,1.122,933,225.6,252.843,0.892253295523309
2016-06-02 14:27:00,2016-06-02 00:00:00,2,6,14.45,-0.0891786336020988,0.914682166009756,2.955,0.354941180078027,54.55,2.218,766.1,189.9,207.6131,0.914682166009756
2016-06-02 14:32:00,2016-06-02 00:00:00,2,6,14.5333333333333,-0.0874441627018135,0.91627003226554,2.972,0.0194976195158314,54.72,1.903,828,205.6,224.388,0.91627003226554
2016-06-02 14:37:00,2016-06-02 00:00:00,2,6,14.6166666666667,-0.0961257530042978,0.90834978117223,3.097,0.136636640664535,55.97,2.013,860,211.7,233.06,0.90834978117223
2016-06-02 14:50:00,2016-06-02 00:00:00,2,6,14.8333333333333,-0.0745294365848175,0.928180151203093,2.484,-0.00180038432938742,49.84,1.883,797.1,200.5,216.0141,0.928180151203093
2016-06-03 10:01:00,2016-06-03 00:00:00,3,6,10.0166666666667,-0.116794647477704,0.88976789048466,1.75,-1.01984496813085,42.5,0.927,834,201.1,226.014,0.88976789048466
2016-06-03 10:22:00,2016-06-03 00:00:00,3,6,10.3666666666667,0.00318216615820187,1.00318723462374,2.287,-0.560872985266381,47.87,1.358,610.6,166,165.4726,1.00318723462374
2016-06-03 11:55:00,2016-06-03 00:00:00,3,6,11.9166666666667,-0.0593364907091817,0.942389610451267,1.735,-0.351087647390976,42.35,1.555,621.8,158.8,168.5078,0.942389610451267
2016-06-03 12:28:00,2016-06-03 00:00:00,3,6,12.4666666666667,-0.196727368097022,0.821414546599292,2.682,0.247386260659673,51.82,2.117,1137,253.1,308.127,0.821414546599292
2016-06-03 13:16:00,2016-06-03 00:00:00,3,6,13.2666666666667,-0.0369657479226595,0.963709143823874,1.9,-1.15508729254799,44,0.8,750.1,195.9,203.2771,0.963709143823874
2016-06-03 13:39:00,2016-06-03 00:00:00,3,6,13.65,-0.00486703123739238,0.995144793567464,2.431,-0.75255501987335,49.31,1.178,737.9,199,199.9709,0.995144793567464
2016-06-03 14:01:00,2016-06-03 00:00:00,3,6,14.0166666666667,-0.0905101994604661,0.913465017003111,2.282,-0.961275457556494,47.82,0.982,612,151.5,165.852,0.913465017003111
2016-06-03 14:13:00,2016-06-03 00:00:00,3,6,14.2166666666667,-0.0941100477252434,0.910182593205242,2.895,-0.617312695456211,53.95,1.305,928,228.9,251.488,0.910182593205242
2016-06-03 14:22:00,2016-06-03 00:00:00,3,6,14.3666666666667,-0.182220756710958,0.833417337636247,2.846,-0.986833062170757,53.46,0.958,779.7,176.1,211.2987,0.833417337636247
2016-06-03 14:28:00,2016-06-03 00:00:00,3,6,14.4666666666667,-0.0992312619605877,0.905533268407745,2.932,-0.524666378729509,54.32,1.392,826,202.7,223.846,0.905533268407745
2016-06-04 11:45:00,2016-06-04 00:00:00,4,6,11.75,-0.0649487379130894,0.937115500642387,1.474,-0.370255850851673,39.74,1.537,637.9,162,172.8709,0.937115500642387
2016-06-04 12:35:00,2016-06-04 00:00:00,4,6,12.5833333333333,-0.036748410401886,0.963918616742277,1.975,-0.217975123358358,44.75,1.68,802,209.5,217.342,0.963918616742277
2016-06-04 13:07:00,2016-06-04 00:00:00,4,6,13.1166666666667,-0.14751287951588,0.862851325142465,2.394,-0.670557705069258,48.94,1.255,801,187.3,217.071,0.862851325142465
2016-06-04 14:06:00,2016-06-04 00:00:00,4,6,14.1,-0.0338657415106955,0.966701283779305,1.952,-0.364931349890368,44.52,1.542,668,175,181.028,0.966701283779305
2016-06-04 14:17:00,2016-06-04 00:00:00,4,6,14.2833333333333,-0.106824386708011,0.898683479897766,2.631,-0.292518136816624,51.31,1.61,937,228.2,253.927,0.898683479897766
2016-06-04 14:52:00,2016-06-04 00:00:00,4,6,14.8666666666667,-0.136465295481117,0.872436597226608,1.749,-0.646065000647256,42.49,1.278,818,193.4,221.678,0.872436597226608
2016-06-05 10:09:00,2016-06-05 00:00:00,5,6,10.15,-0.0908794570889926,0.91312777534555,1.211,0.360265681039332,37.11,2.223,944,233.6,255.824,0.91312777534555
2016-06-05 10:26:00,2016-06-05 00:00:00,5,6,10.4333333333333,-0.0659593669915251,0.936168902877767,1.99,0.0823267308592268,44.9,1.962,959,243.3,259.889,0.936168902877767
2016-06-05 10:51:00,2016-06-05 00:00:00,5,6,10.85,-0.0348695579912858,0.965731379982991,1.439,0.375174283730985,39.39,2.237,633.9,165.9,171.7869,0.965731379982991
2016-06-05 11:47:00,2016-06-05 00:00:00,5,6,11.7833333333333,-0.0859103224460642,0.917676522516098,1.346,0.767057554483011,38.46,2.605,687.2,170.9,186.2312,0.917676522516098
2016-06-05 12:31:00,2016-06-05 00:00:00,5,6,12.5166666666667,-0.0530542669878259,0.948328548152126,1.518,0.202660452584713,40.18,2.075,607.4,156.1,164.6054,0.948328548152126
2016-06-05 13:32:00,2016-06-05 00:00:00,5,6,13.5333333333333,-0.602572891005294,0.547401418517921,1.887,0.335772976617331,43.87,2.2,937,139,253.927,0.547401418517921
2016-06-05 13:52:00,2016-06-05 00:00:00,5,6,13.8666666666667,-0.0212060980502639,0.979017170245503,2.153,0.653113233911091,46.53,2.498,813,215.7,220.323,0.979017170245503
2016-06-05 14:09:00,2016-06-05 00:00:00,5,6,14.15,-0.0882377985402237,0.915543136013884,2.159,1.29098844907539,46.59,3.097,927,230,251.217,0.915543136013884
2016-06-05 14:28:00,2016-06-05 00:00:00,5,6,14.4666666666667,-0.0456147263049898,0.9554099856267,1.986,1.02795810158694,44.86,2.85,787.9,204,213.5209,0.9554099856267
2016-06-05 14:51:00,2016-06-05 00:00:00,5,6,14.85,-0.0208728797695943,0.979343451022059,1.384,1.21751033580939,38.84,3.028,616.8,163.7,167.1528,0.979343451022059
2016-06-06 10:50:00,2016-06-06 00:00:00,6,6,10.8333333333333,-0.0528926232982574,0.948481851867528,1.638,1.49651418618176,41.38,3.29,959,246.5,259.889,0.948481851867528
2016-06-06 11:00:00,2016-06-06 00:00:00,6,6,11,-0.0835666937656863,0.919829737716464,2.267,1.17491432811895,47.67,2.988,964,240.3,261.244,0.919829737716464
2016-06-06 11:07:00,2016-06-06 00:00:00,6,6,11.1166666666667,-0.0966972276790416,0.907830830574167,2.033,0.769187354867533,45.33,2.607,993,244.3,269.103,0.907830830574167
2016-06-06 11:20:00,2016-06-06 00:00:00,6,6,11.3333333333333,-0.104338245432003,0.900920513629915,2.395,0.509351707955864,48.95,2.363,1017,248.3,275.607,0.900920513629915
2016-06-06 11:44:00,2016-06-06 00:00:00,6,6,11.7333333333333,-0.0998038544768138,0.905014915251792,2.289,1.36127186176462,47.89,3.163,1023,250.9,277.233,0.905014915251792
2016-06-06 12:10:00,2016-06-06 00:00:00,6,6,12.1666666666667,-0.130648787763405,0.877525918116324,2.914,0.330448475656026,54.14,2.195,1050,249.7,284.55,0.877525918116324
2016-06-06 12:52:00,2016-06-06 00:00:00,6,6,12.8666666666667,-0.127910787868,0.879931876241839,2.617,0.227153157006715,51.17,2.098,1105,263.5,299.455,0.879931876241839
2016-06-06 13:22:00,2016-06-06 00:00:00,6,6,13.3666666666667,-0.206280149384168,0.813605113381109,3.079,-0.0177738872133014,55.79,1.868,1191,262.6,322.761,0.813605113381109
2016-06-06 13:38:00,2016-06-06 00:00:00,6,6,13.6333333333333,-0.10244436993461,0.902628361631048,2.365,1.01517929927981,48.65,2.838,993,242.9,269.103,0.902628361631048
2016-06-06 13:44:00,2016-06-06 00:00:00,6,6,13.7333333333333,-0.109645439890707,0.896151818661044,2.516,0.205855153161496,50.16,2.078,994,241.4,269.374,0.896151818661044
2016-06-06 13:55:00,2016-06-06 00:00:00,6,6,13.9166666666667,-0.128285952006709,0.879601819274007,2.804,0.843730368325799,53.04,2.677,1032,246,279.672,0.879601819274007
2016-06-06 14:08:00,2016-06-06 00:00:00,6,6,14.1333333333333,-0.0766922666241076,0.926174824662154,2.342,-0.532120680075336,48.42,1.385,906,227.4,245.526,0.926174824662154
2016-06-06 14:14:00,2016-06-06 00:00:00,6,6,14.2333333333333,-0.0924105443420554,0.911730766792204,2.433,0.937441585244762,49.33,2.765,873,215.7,236.583,0.911730766792204
2016-06-06 14:19:00,2016-06-06 00:00:00,6,6,14.3166666666667,-0.0804272491126144,0.922722029988466,2.29,1.37724536464853,47.9,3.178,867,216.8,234.957,0.922722029988466
2016-06-06 14:24:00,2016-06-06 00:00:00,6,6,14.4,-0.0869057539558174,0.916763492894445,2.663,0.615841727181958,51.63,2.463,867,215.4,234.957,0.916763492894445
2016-06-06 14:32:00,2016-06-06 00:00:00,6,6,14.5333333333333,-0.107549140400462,0.898032391695154,2.75,-0.290388336432102,52.5,1.612,897,218.3,243.087,0.898032391695154
2016-06-06 14:40:00,2016-06-06 00:00:00,6,6,14.6666666666667,-0.0811104941091358,0.922091800103521,2.53,-0.511887576422378,50.3,1.404,884,220.9,239.564,0.922091800103521
2016-06-06 14:46:00,2016-06-06 00:00:00,6,6,14.7666666666667,-0.0836326201341972,0.919769098681086,2.704,0.48272920314934,52.04,2.338,808,201.4,218.968,0.919769098681086
2016-06-06 14:53:00,2016-06-06 00:00:00,6,6,14.8833333333333,-0.066228743782418,0.935916754665939,2.394,0.838405867364494,48.94,2.672,777.5,197.2,210.7025,0.935916754665939
2016-06-06 14:58:00,2016-06-06 00:00:00,6,6,14.9666666666667,-0.0635392663059888,0.938437269612213,2.309,-0.837747035254225,48.09,1.098,770.3,195.9,208.7513,0.938437269612213
2016-06-07 10:04:00,2016-06-07 00:00:00,7,6,10.0666666666667,-0.0354430018627117,0.965177745995875,1.236,1.90863056058674,37.36,3.677,934,244.3,253.114,0.965177745995875
2016-06-07 10:13:00,2016-06-07 00:00:00,7,6,10.2166666666667,-0.0793684121875827,0.923699559576241,1.965,0.78835555832823,44.65,2.625,930,232.8,252.03,0.923699559576241
2016-06-07 10:18:00,2016-06-07 00:00:00,7,6,10.3,-0.103574749464206,0.901608625461255,2.178,0.410315990075596,46.78,2.27,1024,250.2,277.504,0.901608625461255
2016-06-07 10:28:00,2016-06-07 00:00:00,7,6,10.4666666666667,-0.0995123965137978,0.905278727498713,2.156,0.34642197853994,46.56,2.21,953,233.8,258.263,0.905278727498713
2016-06-07 10:33:00,2016-06-07 00:00:00,7,6,10.55,-0.113012446438611,0.893139543640334,2.509,0.397537187768465,50.09,2.258,980,237.2,265.58,0.893139543640334
2016-06-07 10:38:00,2016-06-07 00:00:00,7,6,10.6333333333333,-0.121971177331428,0.88517388120836,2.7,0.513611308724908,52,2.367,1018,244.2,275.878,0.88517388120836
2016-06-07 10:53:00,2016-06-07 00:00:00,7,6,10.8833333333333,-0.145057061044215,0.86497293544364,2.345,0.160064444894276,48.45,2.035,1148,269.1,311.108,0.86497293544364
2016-06-07 11:09:00,2016-06-07 00:00:00,7,6,11.15,-0.111092212711255,0.894856228005383,2.49,0.687190040063441,49.9,2.53,703.9,170.7,190.7569,0.894856228005383
2016-06-07 11:26:00,2016-06-07 00:00:00,7,6,11.4333333333333,-0.667008264227276,0.513241766948783,1.942,1.46456718041393,44.42,3.26,1141,158.7,309.211,0.513241766948783
2016-06-07 11:35:00,2016-06-07 00:00:00,7,6,11.5833333333333,-0.127879530542062,0.879959380989159,2.49,-0.157275812399485,49.9,1.737,1032,246.1,279.672,0.879959380989159
2016-06-07 11:42:00,2016-06-07 00:00:00,7,6,11.7,-0.130607875064019,0.877561820804849,2.696,-0.31062144008506,51.96,1.593,1018,242.1,275.878,0.877561820804849
2016-06-07 11:48:00,2016-06-07 00:00:00,7,6,11.8,-0.125037589620187,0.882463730484678,2.552,0.56153181737665,50.52,2.412,1009,241.3,273.439,0.882463730484678
2016-06-07 11:53:00,2016-06-07 00:00:00,7,6,11.8833333333333,-0.123294929799043,0.884002905310952,2.478,0.892715777169802,49.78,2.723,1011,242.2,273.981,0.884002905310952
2016-06-07 11:58:00,2016-06-07 00:00:00,7,6,11.9666666666667,-0.211514305192674,0.809357702952029,2.391,1.46137247983714,48.91,3.257,1024,224.6,277.504,0.809357702952029
2016-06-07 12:05:00,2016-06-07 00:00:00,7,6,12.0833333333333,-0.12486399552195,0.882616934277451,1.966,1.55508369675611,44.66,3.345,1036,247.8,280.756,0.882616934277451
2016-06-07 12:16:00,2016-06-07 00:00:00,7,6,12.2666666666667,-0.126806459402138,0.880904146815017,2.638,-0.1295884074007,51.38,1.763,1051,250.9,284.821,0.880904146815017
2016-06-07 12:21:00,2016-06-07 00:00:00,7,6,12.35,-0.140992711761291,0.868495641478154,3.17,-1.06989527716711,56.7,0.88,1035,243.6,280.485,0.868495641478154
2016-06-07 12:26:00,2016-06-07 00:00:00,7,6,12.4333333333333,-0.135580190607464,0.873209136949669,2.932,0.301696170464981,54.32,2.168,988,233.8,267.748,0.873209136949669
2016-06-07 12:41:00,2016-06-07 00:00:00,7,6,12.6833333333333,-0.304681348801104,0.73735829706582,2.359,0.226088256814454,48.59,2.097,1137,227.2,308.127,0.73735829706582
2016-06-07 12:56:00,2016-06-07 00:00:00,7,6,12.9333333333333,-0.125267628221678,0.882260753109462,2.391,0.343227277963157,48.91,2.207,1036,247.7,280.756,0.882260753109462
2016-06-07 13:01:00,2016-06-07 00:00:00,7,6,13.0166666666667,-0.122285374826527,0.884895805479794,2.718,0.279333266427501,52.18,2.147,1035,248.2,280.485,0.884895805479794
2016-06-07 13:07:00,2016-06-07 00:00:00,7,6,13.1166666666667,-0.116907035692576,0.889667896678967,2.336,1.79149153943804,48.36,3.567,1000,241.1,271,0.889667896678967
2016-06-07 13:30:00,2016-06-07 00:00:00,7,6,13.5,-0.0880928815049726,0.915675823424901,1.921,1.49118968522045,44.21,3.285,945,234.5,256.095,0.915675823424901
2016-06-07 15:00:00,2016-06-07 00:00:00,7,6,15,-0.0197942976764684,0.980400323190591,0.745,0.0354711223997454,32.45,1.918,886,235.4,240.106,0.980400323190591
2016-06-08 10:17:00,2016-06-08 00:00:00,8,6,10.2833333333333,0.0121730830254392,1.01224747656037,-0.322,4.99790601833573,21.78,6.578,1028,282,278.588,1.01224747656037
2016-06-08 10:22:00,2016-06-08 00:00:00,8,6,10.3666666666667,0.00958897483032365,1.00963509635096,0.145,2.30051383133876,26.45,4.045,936,256.1,253.656,1.00963509635096
2016-06-08 10:27:00,2016-06-08 00:00:00,8,6,10.45,-0.00301934157961839,0.99698521204803,0.299,2.25791782364833,27.99,4.005,929,251,251.759,0.99698521204803
2016-06-08 10:32:00,2016-06-08 00:00:00,8,6,10.5333333333333,-0.00606372689159244,0.993954620397268,0.27,2.83828842843054,27.7,4.55,940,253.2,254.74,0.993954620397268
2016-06-08 10:37:00,2016-06-08 00:00:00,8,6,10.6166666666667,-0.00877797502151555,0.991260438920179,0.299,5.45581310100793,27.99,7.008,950,255.2,257.45,0.991260438920179
2016-06-08 10:42:00,2016-06-08 00:00:00,8,6,10.7,-0.00454954206166619,0.995460791427998,0.18,3.96708263222714,26.8,5.61,956,257.9,259.076,0.995460791427998
2016-06-08 10:47:00,2016-06-08 00:00:00,8,6,10.7833333333333,-0.00812037135420631,0.991912509798673,0.225,4.39091290874699,27.25,6.008,965,259.4,261.515,0.991912509798673
2016-06-08 10:52:00,2016-06-08 00:00:00,8,6,10.8666666666667,-0.0194142777767357,0.980772965624393,0.379,4.23011297971559,28.79,5.857,988,262.6,267.748,0.980772965624393
2016-06-08 10:59:00,2016-06-08 00:00:00,8,6,10.9833333333333,-0.0208101693971881,0.979404867940305,0.462,5.12569404140704,29.62,6.698,1015,269.4,275.065,0.979404867940305
2016-06-08 11:05:00,2016-06-08 00:00:00,8,6,11.0833333333333,-0.0421530095081959,0.958723075602849,0.465,4.85094979180372,29.65,6.44,1075,279.3,291.325,0.958723075602849
2016-06-08 12:20:00,2016-06-08 00:00:00,8,6,12.3333333333333,-0.125077684009675,0.882428349349456,0.737,1.14190242215886,32.37,2.957,1137,271.9,308.127,0.882428349349456
2016-06-08 12:50:00,2016-06-08 00:00:00,8,6,12.8333333333333,-0.0482855544811292,0.952861654309704,0.862,4.70931806623301,33.62,6.307,1082,279.4,293.222,0.952861654309704
2016-06-08 13:05:00,2016-06-08 00:00:00,8,6,13.0833333333333,-0.0532087871791678,0.948182023564206,0.95,2.88407913669776,34.5,4.593,1078,277,292.138,0.948182023564206
2016-06-08 13:57:00,2016-06-08 00:00:00,8,6,13.95,-0.0168960809480557,0.983245857303293,0.481,2.19721851268945,29.81,3.948,966,257.4,261.786,0.983245857303293
2016-06-08 14:11:00,2016-06-08 00:00:00,8,6,14.1833333333333,-0.00774768679082583,0.992282249173098,0.553,2.36440784287442,30.53,4.105,907,243.9,245.797,0.992282249173098
2016-06-08 14:18:00,2016-06-08 00:00:00,8,6,14.3,-0.0133237412556157,0.986764626884791,0.686,3.54644705628406,31.86,5.215,893,238.8,242.003,0.986764626884791
2016-06-08 14:24:00,2016-06-08 00:00:00,8,6,14.4,-0.0123001538128879,0.987775183874288,0.693,3.74664829242912,31.93,5.403,882,236.1,239.022,0.987775183874288
2016-06-08 14:29:00,2016-06-08 00:00:00,8,6,14.4833333333333,-0.00777280874487908,0.992257321417145,0.515,4.38026390682438,30.15,5.998,865,232.6,234.415,0.992257321417145
2016-06-08 14:35:00,2016-06-08 00:00:00,8,6,14.5833333333333,-0.00928746345402356,0.99075553182603,0.546,2.29305952999294,30.46,4.038,857,230.1,232.247,0.99075553182603
2016-06-08 14:40:00,2016-06-08 00:00:00,8,6,14.6666666666667,-0.0046555348180546,0.995355285386375,0.337,5.37275088601158,28.37,6.93,889,239.8,240.919,0.995355285386375
2016-06-08 14:45:00,2016-06-08 00:00:00,8,6,14.75,0.00322358096324751,1.00322878228782,0.342,4.9276226056465,28.42,6.512,832,226.2,225.472,1.00322878228782
2016-06-08 14:51:00,2016-06-08 00:00:00,8,6,14.85,0.000816204604907565,1.00081653779053,0.256,2.21532181595789,27.56,3.965,827,224.3,224.117,1.00081653779053
2016-06-09 10:00:00,2016-06-09 00:00:00,9,6,10,-0.0216644128687374,0.978568574975622,0.874,2.28986482941616,33.74,4.035,859,227.8,232.789,0.978568574975622
2016-06-09 10:24:00,2016-06-09 00:00:00,9,6,10.4,-0.0285728429511699,0.971831500493223,0.767,3.45060603898058,32.67,5.125,909,239.4,246.339,0.971831500493223
2016-06-09 10:58:00,2016-06-09 00:00:00,9,6,10.9666666666667,-0.0509882075307072,0.950289876730543,1.23,3.54857685666859,37.3,5.217,963,248,260.973,0.950289876730543
2016-06-09 11:17:00,2016-06-09 00:00:00,9,6,11.2833333333333,-0.0581489141235318,0.943509435094351,1.298,3.62950927128042,37.98,5.293,984,251.6,266.664,0.943509435094351
2016-06-09 11:40:00,2016-06-09 00:00:00,9,6,11.6666666666667,-0.0585488303368942,0.943132185812876,1.237,3.20567899476056,37.37,4.895,1002,256.1,271.542,0.943132185812876
2016-06-09 11:54:00,2016-06-09 00:00:00,9,6,11.9,-0.068014510571837,0.934246917021854,1.205,2.17485560865197,37.05,3.927,1006,254.7,272.626,0.934246917021854
2016-06-09 12:21:00,2016-06-09 00:00:00,9,6,12.35,-0.0730866375211363,0.929520295202952,1.427,4.25141098356081,39.27,5.877,1000,251.9,271,0.929520295202952
2016-06-09 12:35:00,2016-06-09 00:00:00,9,6,12.5833333333333,-0.0685437642051549,0.933752594269199,1.446,2.42084755306425,39.46,4.158,1001,253.3,271.271,0.933752594269199
2016-06-09 14:03:00,2016-06-09 00:00:00,9,6,14.05,-0.0513525959801463,0.949943665157423,1.713,0.179232648354972,42.13,2.053,881,226.8,238.751,0.949943665157423
2016-06-09 14:09:00,2016-06-09 00:00:00,9,6,14.15,-0.0415259170724297,0.959324472137455,1.313,1.6562492150209,38.13,3.44,867,225.4,234.957,0.959324472137455
2016-06-09 14:15:00,2016-06-09 00:00:00,9,6,14.25,-0.0360535967807006,0.964588593254354,1.212,2.05345698673423,37.12,3.813,855,223.5,231.705,0.964588593254354
2016-06-09 14:20:00,2016-06-09 00:00:00,9,6,14.3333333333333,-0.038335846504515,0.962389671402652,1.379,1.07587861023868,38.79,2.895,842,219.6,228.182,0.962389671402652
2016-06-09 14:25:00,2016-06-09 00:00:00,9,6,14.4166666666667,-0.0382796835261445,0.962443723590803,1.556,0.710617844293182,40.56,2.552,827,215.7,224.117,0.962443723590803
2016-06-09 14:34:00,2016-06-09 00:00:00,9,6,14.5666666666667,-0.039527881408253,0.961243152804199,1.76,2.30370853191555,42.6,4.048,805,209.7,218.155,0.961243152804199
2016-06-09 14:44:00,2016-06-09 00:00:00,9,6,14.7333333333333,-0.0363880744050959,0.964266013903958,1.678,2.18337481019006,41.78,3.935,788.7,206.1,213.7377,0.964266013903958
2016-06-09 14:53:00,2016-06-09 00:00:00,9,6,14.8833333333333,-0.0244755182736427,0.975821578422834,1.174,2.03428878327353,36.74,3.795,763.1,201.8,206.8001,0.975821578422834
2016-06-09 14:59:00,2016-06-09 00:00:00,9,6,14.9833333333333,-0.0183222125596824,0.981844618717006,1.155,1.80746504232195,36.55,3.582,738.5,196.5,200.1335,0.981844618717006
2016-06-10 10:03:00,2016-06-10 00:00:00,10,6,10.05,-0.0319757243780664,0.9685300934642,0.604,0.785160857751447,31.04,2.622,882,231.5,239.022,0.9685300934642
2016-06-10 10:21:00,2016-06-10 00:00:00,10,6,10.35,-0.047902729628815,0.953226503263959,1.004,1.57318700002454,35.04,3.362,931,240.5,252.301,0.953226503263959
2016-06-10 10:41:00,2016-06-10 00:00:00,10,6,10.6833333333333,-0.0569413764001385,0.944649446494465,1.01,1.82982794635943,35.1,3.603,950,243.2,257.45,0.944649446494465
2016-06-10 11:05:00,2016-06-10 00:00:00,10,6,11.0833333333333,-0.0855379452357557,0.918018307972126,1.542,1.1898229308106,40.42,3.002,986,245.3,267.206,0.918018307972126
2016-06-10 11:18:00,2016-06-10 00:00:00,10,6,11.3,-0.0693930629543135,0.932959896025325,1.338,0.774511855828838,38.38,2.612,971,245.5,263.141,0.932959896025325
2016-06-10 11:33:00,2016-06-10 00:00:00,10,6,11.55,-0.0774693789928273,0.925455362338055,1.312,1.66370351636672,38.12,3.447,1002,251.3,271.542,0.925455362338055
2016-06-10 12:05:00,2016-06-10 00:00:00,10,6,12.0833333333333,-0.100798956153259,0.904114781329082,1.855,-0.0933818008638283,43.55,1.797,993,243.3,269.103,0.904114781329082
2016-06-10 12:16:00,2016-06-10 00:00:00,10,6,12.2666666666667,-0.104765471173951,0.900535699402168,1.757,0.314474972772112,42.57,2.18,974,237.7,263.954,0.900535699402168
2016-06-10 12:25:00,2016-06-10 00:00:00,10,6,12.4166666666667,-0.103590930982001,0.901594036183277,1.916,0.605192725259348,44.16,2.453,988,241.4,267.748,0.901594036183277
2016-06-10 12:33:00,2016-06-10 00:00:00,10,6,12.55,-0.0848879425608427,0.918615216302917,1.288,1.29205334926765,37.88,3.098,995,247.7,269.645,0.918615216302917
2016-06-10 12:43:00,2016-06-10 00:00:00,10,6,12.7166666666667,-0.083830830058032,0.919586809384461,1.564,1.46989168137523,40.64,3.265,947,236,256.637,0.919586809384461
2016-06-10 13:00:00,2016-06-10 00:00:00,10,6,13,-0.0611492266335894,0.940682854366017,1.473,2.6838779005527,39.73,4.405,934,238.1,253.114,0.940682854366017
2016-06-10 13:24:00,2016-06-10 00:00:00,10,6,13.4,-0.0810612101412918,0.922137245566004,1.365,1.88307295597248,38.65,3.653,992,247.9,268.832,0.922137245566004
2016-06-10 13:53:00,2016-06-10 00:00:00,10,6,13.8833333333333,-0.0732933247552462,0.929328195077093,1.572,0.508286807763603,40.72,2.362,947,238.5,256.637,0.929328195077093
2016-06-10 14:05:00,2016-06-10 00:00:00,10,6,14.0833333333333,-0.0654596973547966,0.936636794939378,1.776,0.932117084283457,42.76,2.76,875,222.1,237.125,0.936636794939378
2016-06-10 14:10:00,2016-06-10 00:00:00,10,6,14.1666666666667,-0.0717886652766748,0.930727570081937,1.723,1.70097502309586,42.23,3.482,898,226.5,243.358,0.930727570081937
2016-06-10 14:15:00,2016-06-10 00:00:00,10,6,14.25,-0.0583628407475159,0.943307614894331,1.54,0.875677374093627,40.4,2.707,825,210.9,223.575,0.943307614894331
2016-06-10 14:20:00,2016-06-10 00:00:00,10,6,14.3333333333333,-0.0584271261615897,0.94324697592283,1.367,-0.0294877893281719,38.67,1.857,863,220.6,233.873,0.94324697592283
2016-06-10 14:27:00,2016-06-10 00:00:00,10,6,14.45,-0.0639201512687276,0.938079901030224,1.561,0.415640491036901,40.61,2.275,865,219.9,234.415,0.938079901030224
2016-06-10 14:32:00,2016-06-10 00:00:00,10,6,14.5333333333333,-0.0629791868486604,0.938963016265121,1.654,0.449717297189251,41.54,2.307,841,214,227.911,0.938963016265121
2016-06-10 14:37:00,2016-06-10 00:00:00,10,6,14.6166666666667,-0.0563188347121869,0.945237713246698,1.35,1.13977262177434,38.5,2.955,828,212.1,224.388,0.945237713246698
2016-06-10 14:42:00,2016-06-10 00:00:00,10,6,14.7,-0.0522837946711337,0.949059490594906,1.48,0.124922738549664,39.8,2.002,820,210.9,222.22,0.949059490594906
2016-06-10 14:47:00,2016-06-10 00:00:00,10,6,14.7833333333333,-0.0510387998743932,0.950241800554652,1.333,0.333643176232809,38.33,2.198,805,207.3,218.155,0.950241800554652
2016-06-10 14:52:00,2016-06-10 00:00:00,10,6,14.8666666666667,-0.0482703813625399,0.95287611230227,1.23,2.12480529961571,37.3,3.88,802,207.1,217.342,0.95287611230227
2016-06-10 14:57:00,2016-06-10 00:00:00,10,6,14.95,-0.0326573898168943,0.967870104944259,0.989,1.68819622078872,34.89,3.47,717.9,188.3,194.5509,0.967870104944259
2016-06-11 10:08:00,2016-06-11 00:00:00,11,6,10.1333333333333,-0.0507015926089674,0.950562283025182,1.64,0.524260310647517,41.4,2.377,739.9,190.6,200.5129,0.950562283025182
2016-06-11 10:15:00,2016-06-11 00:00:00,11,6,10.25,-0.0673781869677356,0.934841589569238,1.906,0.418835191613684,44.06,2.278,763,193.3,206.773,0.934841589569238
2016-06-11 10:22:00,2016-06-11 00:00:00,11,6,10.3666666666667,-0.0845045547666294,0.918967469684935,1.96,0.327253775079243,44.6,2.192,781.4,194.6,211.7594,0.918967469684935
2016-06-11 10:27:00,2016-06-11 00:00:00,11,6,10.45,-0.105607222065403,0.899777991619752,2.216,0.722331746408052,47.16,2.563,974,237.5,263.954,0.899777991619752
2016-06-11 10:33:00,2016-06-11 00:00:00,11,6,10.55,-0.0914741343266111,0.912584920470232,2.24,0.833081366403189,47.4,2.667,818,202.3,221.678,0.912584920470232
2016-06-11 10:38:00,2016-06-11 00:00:00,11,6,10.6333333333333,-0.093988369321115,0.910293349508838,2.193,0.76492775409849,46.93,2.603,876,216.1,237.396,0.910293349508838
2016-06-11 10:43:00,2016-06-11 00:00:00,11,6,10.7166666666667,-0.11033624281955,0.895532968136512,2.389,0.311280272195329,48.89,2.177,937,227.4,253.927,0.895532968136512
2016-06-11 10:49:00,2016-06-11 00:00:00,11,6,10.8166666666667,-0.115151608670469,0.891231015314445,2.525,0.370914682961942,50.25,2.233,932,225.1,252.572,0.891231015314445
2016-06-11 10:55:00,2016-06-11 00:00:00,11,6,10.9166666666667,-0.123451047714512,0.883864907392361,2.718,0.322994174310199,52.18,2.188,931,223,252.301,0.883864907392361
2016-06-11 11:05:00,2016-06-11 00:00:00,11,6,11.0833333333333,-0.119003335153916,0.887804839791225,2.752,-0.31062144008506,52.52,1.593,941,226.4,255.011,0.887804839791225
2016-06-11 11:11:00,2016-06-11 00:00:00,11,6,11.1833333333333,-0.125303313923518,0.882229269577041,2.927,-0.0561102941346953,54.27,1.832,939,224.5,254.469,0.882229269577041
2016-06-11 11:17:00,2016-06-11 00:00:00,11,6,11.2833333333333,-0.126784949767403,0.880923094945235,2.844,1.07587861023868,53.44,2.895,945,225.6,256.095,0.880923094945235
2016-06-11 11:24:00,2016-06-11 00:00:00,11,6,11.4,-0.129909873698169,0.878174573980787,2.918,-0.244597628164882,54.18,1.655,953,226.8,258.263,0.878174573980787
2016-06-11 11:32:00,2016-06-11 00:00:00,11,6,11.5333333333333,-0.128346802699411,0.879548296522466,2.726,1.28140434734505,52.26,3.088,962,229.3,260.702,0.879548296522466
2016-06-11 11:38:00,2016-06-11 00:00:00,11,6,11.6333333333333,-0.131347680529363,0.876912835864542,2.841,0.186686949700799,53.41,2.06,959,227.9,259.889,0.876912835864542
2016-06-11 11:43:00,2016-06-11 00:00:00,11,6,11.7166666666667,-0.132336246503522,0.876046378018639,2.918,0.615841727181958,54.18,2.463,957,227.2,259.347,0.876046378018639
2016-06-11 11:48:00,2016-06-11 00:00:00,11,6,11.8,-0.138811353889349,0.87039220907673,3.114,-0.439474363348634,56.14,1.472,970,228.8,262.87,0.87039220907673
2016-06-11 11:53:00,2016-06-11 00:00:00,11,6,11.8833333333333,-0.146151208378142,0.864027045178427,3.14,1.36127186176462,56.4,3.163,978,229,265.038,0.864027045178427
2016-06-11 12:01:00,2016-06-11 00:00:00,11,6,12.0166666666667,-0.145278227091797,0.864781653951509,3.146,0.785160857751447,56.46,2.622,978,229.2,265.038,0.864781653951509
2016-06-11 12:06:00,2016-06-11 00:00:00,11,6,12.1,-0.142663846517726,0.867045480270754,3.105,0.820302564096058,56.05,2.655,978,229.8,265.038,0.867045480270754
2016-06-11 12:11:00,2016-06-11 00:00:00,11,6,12.1833333333333,-0.137410719609904,0.871612164397506,2.968,0.43693849488212,54.68,2.295,986,232.9,267.206,0.871612164397506
2016-06-11 12:17:00,2016-06-11 00:00:00,11,6,12.2833333333333,-0.140770885017151,0.868688318408261,3.116,0.367719982385159,56.16,2.23,977,230,264.767,0.868688318408261
2016-06-11 12:25:00,2016-06-11 00:00:00,11,6,12.4166666666667,-0.13731136275439,0.871698769343714,3.003,-0.00712488529069225,55.03,1.878,955,225.6,258.805,0.871698769343714
2016-06-11 12:30:00,2016-06-11 00:00:00,11,6,12.5,-0.13842440444075,0.870729072032362,3.03,0.300631270272719,55.3,2.167,987,232.9,267.477,0.870729072032362
2016-06-11 12:36:00,2016-06-11 00:00:00,11,6,12.6,-0.143048195616736,0.86671229615522,2.946,1.29205334926765,54.46,3.098,992,233,268.832,0.86671229615522
2016-06-11 12:41:00,2016-06-11 00:00:00,11,6,12.6833333333333,-0.143231143470072,0.866553747504688,3.044,1.03541240293277,55.44,2.857,976,229.2,264.496,0.866553747504688
2016-06-11 12:49:00,2016-06-11 00:00:00,11,6,12.8166666666667,-0.130908987826561,0.877297615520472,2.833,0.633945030450394,53.33,2.48,959,228,259.889,0.877297615520472
2016-06-11 12:55:00,2016-06-11 00:00:00,11,6,12.9166666666667,-0.12503414686905,0.88246676859292,2.75,1.43049037426158,52.5,3.228,963,230.3,260.973,0.88246676859292
2016-06-11 13:08:00,2016-06-11 00:00:00,11,6,13.1333333333333,-0.134336539531363,0.874295779994837,2.925,-0.329789643545757,54.25,1.575,972,230.3,263.412,0.874295779994837
2016-06-11 13:15:00,2016-06-11 00:00:00,11,6,13.25,-0.0889073243353864,0.914930361424826,2.769,1.26223614388435,52.69,3.07,742.5,184.1,201.2175,0.914930361424826
2016-06-11 13:26:00,2016-06-11 00:00:00,11,6,13.4333333333333,-0.0975079315014066,0.907095146900836,2.645,1.82450344539812,51.45,3.598,790,194.2,214.09,0.907095146900836
2016-06-11 13:36:00,2016-06-11 00:00:00,11,6,13.6,-0.0582841437350839,0.94338185330656,2.242,0.13131213970323,47.42,2.008,605.5,154.8,164.0905,0.94338185330656
2016-06-11 13:58:00,2016-06-11 00:00:00,11,6,13.9666666666667,-0.0853778223499384,0.918165315482151,2.156,0.628620529489089,46.56,2.475,807,200.8,218.697,0.918165315482151
2016-06-11 14:41:00,2016-06-11 00:00:00,11,6,14.6833333333333,-0.0753424617710298,0.927425824047862,2.259,1.08120311119999,47.59,2.9,713,179.2,193.223,0.927425824047862
2016-06-11 14:48:00,2016-06-11 00:00:00,11,6,14.8,-0.0766733048380753,0.926192386757511,2.287,2.95542744957924,47.87,4.66,751.4,188.6,203.6294,0.926192386757511
2016-06-12 10:00:00,2016-06-12 00:00:00,12,6,10,-0.0764611143908411,0.926388936786564,1.857,1.87774845501117,43.57,3.648,856,214.9,231.976,0.926388936786564
2016-06-12 10:16:00,2016-06-12 00:00:00,12,6,10.2666666666667,-0.0900637013043306,0.913872968516919,1.898,4.30039639240481,43.98,5.923,940,232.8,254.74,0.913872968516919
2016-06-12 10:24:00,2016-06-12 00:00:00,12,6,10.4,-0.0909451776233973,0.913067766072117,1.92,3.10983797745708,44.2,4.805,938,232.1,254.198,0.913067766072117
2016-06-12 11:00:00,2016-06-12 00:00:00,12,6,11,-0.115271741673137,0.891123955487342,1.936,3.86804691434687,44.36,5.517,1017,245.6,275.607,0.891123955487342
2016-06-12 11:23:00,2016-06-12 00:00:00,12,6,11.3833333333333,-0.123523843062784,0.883800568480417,1.47,2.88940363765906,39.7,4.598,653,156.4,176.963,0.883800568480417
2016-06-12 11:39:00,2016-06-12 00:00:00,12,6,11.65,-0.0993723651836678,0.90540550375918,2.009,2.96394665111733,45.09,4.668,1014,248.8,274.794,0.90540550375918
2016-06-12 11:55:00,2016-06-12 00:00:00,12,6,11.9166666666667,-0.110984556855979,0.894952569703739,2.306,3.09386447457317,48.06,4.79,1011,245.2,273.981,0.894952569703739
2016-06-12 14:11:00,2016-06-12 00:00:00,12,6,14.1833333333333,-0.0740572189861024,0.928618557708756,1.8,2.24939862211024,43,3.997,906,228,245.526,0.928618557708756
2016-06-13 10:06:00,2016-06-13 00:00:00,13,6,10.1,-0.0248718590177847,0.975434897206115,0.903,0.644594032373003,34.03,2.49,875,231.3,237.125,0.975434897206115
2016-06-13 11:01:00,2016-06-13 00:00:00,13,6,11.0166666666667,-0.0597435468685843,0.942006083019673,1.163,2.27176152614772,36.63,4.018,899,229.5,243.629,0.942006083019673
2016-06-13 11:44:00,2016-06-13 00:00:00,13,6,11.7333333333333,-0.0579511563913206,0.943696039831212,1.135,0.820302564096058,36.35,2.655,836,213.8,226.556,0.943696039831212
2016-06-13 12:16:00,2016-06-13 00:00:00,13,6,12.2666666666667,-0.0821595658546123,0.921124966876678,1.623,-1.42450704119,41.23,0.547,933,232.9,252.843,0.921124966876678
2016-06-13 12:55:00,2016-06-13 00:00:00,13,6,12.9166666666667,-0.0851725833719811,0.918353778132376,1.435,0.774511855828838,39.35,2.612,888,221,240.648,0.918353778132376
2016-06-13 13:40:00,2016-06-13 00:00:00,13,6,13.6666666666667,-0.0714694769630483,0.931024694862333,1.623,0.413510690652379,41.23,2.273,845,213.2,228.995,0.931024694862333
2016-06-13 13:46:00,2016-06-13 00:00:00,13,6,13.7666666666667,-0.055071182538114,0.946417777136207,1.381,0.305955771234024,38.81,2.172,818,209.8,221.678,0.946417777136207
2016-06-13 13:57:00,2016-06-13 00:00:00,13,6,13.95,-0.0819407768303437,0.921326520957517,1.777,-0.380904852774282,42.77,1.527,936,233.7,253.656,0.921326520957517
2016-06-13 14:04:00,2016-06-13 00:00:00,13,6,14.0666666666667,-0.0754540751424274,0.927322316701428,1.766,1.26543084446113,42.66,3.073,805,202.3,218.155,0.927322316701428
2016-06-13 14:11:00,2016-06-13 00:00:00,13,6,14.1833333333333,-0.0659902749452014,0.936139968259841,1.757,0.195206151238887,42.57,2.068,758,192.3,205.418,0.936139968259841
2016-06-13 14:16:00,2016-06-13 00:00:00,13,6,14.2666666666667,-0.0638677591714701,0.938129050291139,1.596,0.570051018914737,40.96,2.42,785.5,199.7,212.8705,0.938129050291139
2016-06-13 14:21:00,2016-06-13 00:00:00,13,6,14.35,-0.0589356895772918,0.942767396977394,1.379,0.807523761788927,38.79,2.643,847,216.4,229.537,0.942767396977394
2016-06-13 14:26:00,2016-06-13 00:00:00,13,6,14.4333333333333,-0.0634465857821519,0.938524248500511,1.453,0.170713446816885,39.53,2.045,841,213.9,227.911,0.938524248500511
2016-06-13 14:31:00,2016-06-13 00:00:00,13,6,14.5166666666667,-0.0619125445422278,0.939965088273637,1.602,1.28885864869087,41.02,3.095,835,212.7,226.285,0.939965088273637
2016-06-13 14:36:00,2016-06-13 00:00:00,13,6,14.6,-0.059202968016195,0.942515449250878,1.641,1.67222271790481,41.41,3.455,830,212,224.93,0.942515449250878
2016-06-13 14:41:00,2016-06-13 00:00:00,13,6,14.6833333333333,-0.0481631670013066,0.952978279782798,1.271,1.64879491367507,37.71,3.433,787.2,203.3,213.3312,0.952978279782798
2016-06-13 14:46:00,2016-06-13 00:00:00,13,6,14.7666666666667,-0.0442214144005782,0.956742097541457,1.146,0.999205796395896,36.46,2.823,830,215.2,224.93,0.956742097541457
2016-06-13 14:51:00,2016-06-13 00:00:00,13,6,14.85,-0.0521703152338762,0.94916719544285,1.222,2.67535869901462,37.22,4.397,771.7,198.5,209.1307,0.94916719544285
2016-06-13 14:56:00,2016-06-13 00:00:00,13,6,14.9333333333333,-0.037295290696838,0.963391612762024,0.982,0.84479526851806,34.82,2.678,746.9,195,202.4099,0.963391612762024
2016-06-14 10:00:00,2016-06-14 00:00:00,14,6,10,-0.0382909358941654,0.962432893880756,0.931,-0.108290403555482,34.31,1.783,778.7,203.1,211.0277,0.962432893880756
2016-06-14 10:07:00,2016-06-14 00:00:00,14,6,10.1166666666667,-0.0556281549516191,0.945890795313483,1.18,-0.15195131143818,36.8,1.742,868,222.5,235.228,0.945890795313483
2016-06-14 10:27:00,2016-06-14 00:00:00,14,6,10.45,-0.0760175234609522,0.926799965674075,1.525,-0.390488954504631,40.25,1.518,946,237.6,256.366,0.926799965674075
2016-06-14 11:06:00,2016-06-14 00:00:00,14,6,11.1,-0.176801763570357,0.837945879458795,2.434,0.282527967004283,49.34,2.15,960,218,260.16,0.837945879458795
2016-06-14 11:16:00,2016-06-14 00:00:00,14,6,11.2666666666667,-0.0952239868839937,0.909169269668225,2.289,-0.370255850851673,47.89,1.537,899,221.5,243.629,0.909169269668225
2016-06-14 11:39:00,2016-06-14 00:00:00,14,6,11.65,-0.128825031851958,0.879127771447686,2.435,0.154739943932971,49.35,2.03,1059,252.3,286.989,0.879127771447686
2016-06-14 11:57:00,2016-06-14 00:00:00,14,6,11.95,-0.098686888009153,0.906026351329796,1.639,0.743629750253271,41.39,2.583,1041,255.6,282.111,0.906026351329796
2016-06-14 12:11:00,2016-06-14 00:00:00,14,6,12.1833333333333,-0.125522974128993,0.882035500196899,2.833,-1.04540257274511,53.33,0.903,1012,241.9,274.252,0.882035500196899
2016-06-14 12:50:00,2016-06-14 00:00:00,14,6,12.8333333333333,-0.140218734423957,0.86916809762157,3.239,-0.881407943136924,57.39,1.057,1010,237.9,273.71,0.86916809762157
2016-06-14 13:00:00,2016-06-14 00:00:00,14,6,13,-0.134480709714961,0.874169741697417,3.002,-0.315945941046365,55.02,1.588,1000,236.9,271,0.874169741697417
2016-06-14 13:14:00,2016-06-14 00:00:00,14,6,13.2333333333333,-0.125625594917416,0.881944989662663,2.677,-0.265895632010101,51.77,1.635,987,235.9,267.477,0.881944989662663
2016-06-14 13:19:00,2016-06-14 00:00:00,14,6,13.3166666666667,-0.121309670283915,0.885759623684081,2.874,-1.18170979735451,53.74,0.775,979,235,265.309,0.885759623684081
2016-06-14 13:28:00,2016-06-14 00:00:00,14,6,13.4666666666667,-0.114701955584007,0.8916318502028,2.556,-0.258441330664274,50.56,1.642,968,233.9,262.328,0.8916318502028
2016-06-14 14:00:00,2016-06-14 00:00:00,14,6,14,-0.107641366426863,0.897949573555141,2.951,-0.915484749289274,54.51,1.025,909,221.2,246.339,0.897949573555141
2016-06-14 14:57:00,2016-06-14 00:00:00,14,6,14.95,-0.0617846062661589,0.940085353479693,1.55,0.509351707955864,40.5,2.363,776.8,197.9,210.5128,0.940085353479693
2016-06-15 10:51:00,2016-06-15 00:00:00,15,6,10.85,-0.0509813000461023,0.950296440865908,1.318,0.0993651339354018,38.18,1.978,700.5,180.4,189.8355,0.950296440865908
2016-06-15 12:24:00,2016-06-15 00:00:00,15,6,12.4,-0.0872893899257977,0.916411856897027,1.915,-0.108290403555482,44.15,1.783,817,202.9,221.407,0.916411856897027
2016-06-15 12:36:00,2016-06-15 00:00:00,15,6,12.6,-0.0815364722612908,0.921699092790702,2.761,0.269749164697152,52.61,2.138,797.1,199.1,216.0141,0.921699092790702
2016-06-15 13:22:00,2016-06-15 00:00:00,15,6,13.3666666666667,-0.103182946850633,0.901961947288819,3,1.0726839096619,55,2.892,871,212.9,236.041,0.901961947288819
2016-06-15 13:31:00,2016-06-15 00:00:00,15,6,13.5166666666667,-0.102350727628714,0.902712889789842,2.529,0.865028372171018,50.29,2.697,932,228,252.572,0.902712889789842
2016-06-15 13:36:00,2016-06-15 00:00:00,15,6,13.6,-0.10920655465215,0.896545212786883,2.722,-0.0507857931733907,52.22,1.837,938,227.9,254.198,0.896545212786883
2016-06-15 13:42:00,2016-06-15 00:00:00,15,6,13.7,-0.114229003624424,0.892053648970994,2.823,0.423094792382728,53.23,2.282,939,227,254.469,0.892053648970994
2016-06-15 13:47:00,2016-06-15 00:00:00,15,6,13.7833333333333,-0.120713320267514,0.886288003984334,2.868,-0.0710188968263485,53.68,1.818,978,234.9,265.038,0.886288003984334
2016-06-15 14:09:00,2016-06-15 00:00:00,15,6,14.15,-0.0400761221036835,0.96071630462263,2.049,0.259100162774543,45.49,2.128,649.5,169.1,176.0145,0.96071630462263
2016-06-16 10:51:00,2016-06-16 00:00:00,16,6,10.85,-0.480293262983554,0.618601952148554,1.335,-0.159405612784006,38.35,1.735,992,166.3,268.832,0.618601952148554
2016-06-16 12:09:00,2016-06-16 00:00:00,16,6,12.15,-0.156203603807978,0.855385012994099,3.232,-0.915484749289274,57.32,1.025,1028,238.3,278.588,0.855385012994099
2016-06-16 12:35:00,2016-06-16 00:00:00,16,6,12.5833333333333,-0.152795431183878,0.858305286349567,3.063,0.19946575200793,55.63,2.072,1092,254,295.932,0.858305286349567
2016-06-16 13:00:00,2016-06-16 00:00:00,16,6,13,-0.227155908665225,0.79679654511976,3.23,-0.992157563132062,57.3,0.953,998,215.5,270.458,0.79679654511976
2016-06-16 13:49:00,2016-06-16 00:00:00,16,6,13.8166666666667,-0.112003456799262,0.89404116697417,2.339,1.16639512658086,48.39,2.98,1024,248.1,277.504,0.89404116697417
2016-06-17 10:00:00,2016-06-17 00:00:00,17,6,10,-0.0670213280679091,0.935175255642717,1.794,0.210114753930539,42.94,2.082,874,221.5,236.854,0.935175255642717
2016-06-17 10:12:00,2016-06-17 00:00:00,17,6,10.2,-0.077863103821107,0.925091059306718,1.766,0.881001875054932,42.66,2.712,929,232.9,251.759,0.925091059306718
2016-06-17 10:17:00,2016-06-17 00:00:00,17,6,10.2833333333333,-0.0707075721642863,0.931734317343173,1.706,0.0461201243223548,42.06,1.928,880,222.2,238.48,0.931734317343173
2016-06-17 10:24:00,2016-06-17 00:00:00,17,6,10.4,-0.0843730775693179,0.91908830089537,1.896,0.394342487191682,43.96,2.255,809,201.5,219.239,0.91908830089537
2016-06-17 10:34:00,2016-06-17 00:00:00,17,6,10.5666666666667,-0.101911246523252,0.903109702237962,2.063,-0.542769681997945,45.63,1.375,894,218.8,242.274,0.903109702237962
2016-06-17 10:57:00,2016-06-17 00:00:00,17,6,10.95,-0.106027512395213,0.89939990308994,2.267,0.902299878900151,47.67,2.732,990,241.3,268.29,0.89939990308994
2016-06-17 12:08:00,2016-06-17 00:00:00,17,6,12.1333333333333,-0.151071834854391,0.859785933843434,2.206,1.22176993657843,47.06,3.032,1006,234.4,272.626,0.859785933843434
2016-06-17 12:29:00,2016-06-17 00:00:00,17,6,12.4833333333333,-0.137982969636724,0.871113526999293,2.87,-0.800475528525092,53.7,1.133,1059,250,286.989,0.871113526999293
2016-06-17 12:50:00,2016-06-17 00:00:00,17,6,12.8333333333333,-0.0470030669416184,0.954084471464511,1.675,-0.968729758902321,41.75,0.975,648.6,167.7,175.7706,0.954084471464511
2016-06-17 13:11:00,2016-06-17 00:00:00,17,6,13.1833333333333,-0.149507641318733,0.861131857811564,2.485,0.87887207467041,49.85,2.71,998,232.9,270.458,0.861131857811564
2016-06-17 13:16:00,2016-06-17 00:00:00,17,6,13.2666666666667,-0.632169364996049,0.53143766731785,2.443,-0.942107254095797,49.43,1,1020,146.9,276.42,0.53143766731785
2016-06-17 13:21:00,2016-06-17 00:00:00,17,6,13.35,-0.126166883017833,0.881467732512996,2.68,-1.55442486464584,51.8,0.425,998,238.4,270.458,0.881467732512996
2016-06-17 13:26:00,2016-06-17 00:00:00,17,6,13.4333333333333,-0.122334963857443,0.884851925442331,2.941,-0.828162933523877,54.41,1.107,975,233.8,264.225,0.884851925442331
2016-06-17 13:31:00,2016-06-17 00:00:00,17,6,13.5166666666667,-0.120437687959266,0.886532327262793,2.791,1.24413284061591,52.91,3.053,959,230.4,259.889,0.886532327262793
2016-06-17 13:36:00,2016-06-17 00:00:00,17,6,13.6,-0.105002474915192,0.900322294362184,2.329,0.0833916310514878,48.29,1.963,948,231.3,256.908,0.900322294362184
2016-06-17 13:41:00,2016-06-17 00:00:00,17,6,13.6833333333333,-0.109708287516658,0.896095499416533,2.542,-0.897381446020838,50.42,1.042,936,227.3,253.656,0.896095499416533
2016-06-17 13:46:00,2016-06-17 00:00:00,17,6,13.7666666666667,-0.117180389473622,0.889424735831517,2.445,-1.35741832907756,49.45,0.61,909,219.1,246.339,0.889424735831517
2016-06-17 13:51:00,2016-06-17 00:00:00,17,6,13.85,-0.0949990202881122,0.909373825392142,2.267,0.13131213970323,47.67,2.008,913,225,247.423,0.909373825392142
2016-06-17 13:56:00,2016-06-17 00:00:00,17,6,13.9333333333333,-0.100973368975224,0.903957105869401,2.412,-0.23181882585775,49.12,1.667,905,221.7,245.255,0.903957105869401
2016-06-17 14:01:00,2016-06-17 00:00:00,17,6,14.0166666666667,-0.0914542292076774,0.912603085762401,2.323,-0.532120680075336,48.23,1.385,894,221.1,242.274,0.912603085762401
2016-06-17 14:06:00,2016-06-17 00:00:00,17,6,14.1,-0.083859369278057,0.919560565468668,2.395,-0.470356468924201,48.95,1.443,876,218.3,237.396,0.919560565468668
2016-06-17 14:11:00,2016-06-17 00:00:00,17,6,14.1833333333333,-0.0945470151781216,0.909784959918565,2.679,-0.340438645468366,51.79,1.565,870,214.5,235.77,0.909784959918565
2016-06-17 14:19:00,2016-06-17 00:00:00,17,6,14.3166666666667,-0.0869937214665403,0.916682851039037,2.307,-0.14023740932331,48.07,1.753,855,212.4,231.705,0.916682851039037
2016-06-17 14:32:00,2016-06-17 00:00:00,17,6,14.5333333333333,-0.0862628890571075,0.91735303744289,2.502,-0.305296939123755,50.02,1.598,823,204.6,223.033,0.91735303744289
2016-06-17 14:37:00,2016-06-17 00:00:00,17,6,14.6166666666667,-0.0813980041983938,0.921826727515117,2.149,-0.221169823935141,46.49,1.677,811,202.6,219.781,0.921826727515117
2016-06-17 14:44:00,2016-06-17 00:00:00,17,6,14.7333333333333,-0.0819140267851812,0.9213511668132,2.254,0.0429254237455721,47.54,1.925,796.6,198.9,215.8786,0.9213511668132
2016-06-17 14:49:00,2016-06-17 00:00:00,17,6,14.8166666666667,-0.0671068800981395,0.935095252923221,2.091,0.449717297189251,45.91,2.307,791.6,200.6,214.5236,0.935095252923221
2016-06-17 14:55:00,2016-06-17 00:00:00,17,6,14.9166666666667,-0.0632437254507939,0.938714657153078,2.06,-0.0156440868287795,45.6,1.87,768.5,195.5,208.2635,0.938714657153078
2016-06-17 15:00:00,2016-06-17 00:00:00,17,6,15,-0.0603700249858336,0.941416121640588,2.098,-0.212650622397054,45.98,1.685,751.4,191.7,203.6294,0.941416121640588
2016-06-18 10:01:00,2016-06-18 00:00:00,18,6,10.0166666666667,-0.085397248381351,0.918147479347134,2.838,-0.902705946982143,53.38,1.037,846,210.5,229.266,0.918147479347134
2016-06-18 10:09:00,2016-06-18 00:00:00,18,6,10.15,-0.0978556310806091,0.90677980512524,2.8,-0.611988194494906,53,1.31,868,213.3,235.228,0.90677980512524
2016-06-18 10:14:00,2016-06-18 00:00:00,18,6,10.2333333333333,-0.102302772897971,0.902756180181392,2.844,-0.880343042944663,53.44,1.058,878,214.8,237.938,0.902756180181392
2016-06-18 10:20:00,2016-06-18 00:00:00,18,6,10.3333333333333,-0.101596310202625,0.903394169076826,2.83,-1.19235879927712,53.3,0.765,888,217.4,240.648,0.903394169076826
2016-06-18 10:26:00,2016-06-18 00:00:00,18,6,10.4333333333333,-0.0997918576039984,0.905025772665753,3.038,-1.34357462657817,55.38,0.623,897,220,243.087,0.905025772665753
2016-06-18 10:31:00,2016-06-18 00:00:00,18,6,10.5166666666667,-0.10464201803579,0.900646880222955,3.202,-0.460772367193853,57.02,1.452,903,220.4,244.713,0.900646880222955
2016-06-18 10:36:00,2016-06-18 00:00:00,18,6,10.6,-0.107189389018039,0.898355518208647,3.323,-1.48201165157209,58.23,0.493,909,221.3,246.339,0.898355518208647
2016-06-18 10:43:00,2016-06-18 00:00:00,18,6,10.7166666666667,-0.117272757106693,0.889342585567944,2.858,-1.24027930792886,53.58,0.72,929,223.9,251.759,0.889342585567944
2016-06-18 10:49:00,2016-06-18 00:00:00,18,6,10.8166666666667,-0.122371560548191,0.8848195433826,2.936,-1.34889912753948,54.36,0.618,935,224.2,253.385,0.8848195433826
2016-06-18 10:54:00,2016-06-18 00:00:00,18,6,10.9,-0.122452445247097,0.884747977914562,3.225,-0.454382966040287,57.25,1.458,943,226.1,255.553,0.884747977914562
2016-06-18 11:00:00,2016-06-18 00:00:00,18,6,11,-0.128316632029415,0.879574833484184,3.151,-0.386229353735587,56.51,1.522,954,227.4,258.534,0.879574833484184
2016-06-18 11:05:00,2016-06-18 00:00:00,18,6,11.0833333333333,-0.134308977798162,0.874319877433946,3.293,-1.05605157466772,57.93,0.893,961,227.7,260.431,0.874319877433946
2016-06-18 11:11:00,2016-06-18 00:00:00,18,6,11.1833333333333,-0.133530847486999,0.875000476995463,3.341,-0.795151027563788,58.41,1.138,967,229.3,262.057,0.875000476995463
2016-06-18 11:16:00,2016-06-18 00:00:00,18,6,11.2666666666667,-0.135915900493836,0.872916041209846,3.473,-1.52567255945479,59.73,0.452,971,229.7,263.141,0.872916041209846
2016-06-18 11:21:00,2016-06-18 00:00:00,18,6,11.35,-0.14074365567624,0.86871197254067,3.496,-0.954886056402929,59.96,0.988,974,229.3,263.954,0.86871197254067
2016-06-18 11:26:00,2016-06-18 00:00:00,18,6,11.4333333333333,-0.132595873477617,0.875818962271255,3.372,-0.391553854696892,58.72,1.517,980,232.6,265.58,0.875818962271255
2016-06-18 11:32:00,2016-06-18 00:00:00,18,6,11.5333333333333,-0.134950985384117,0.873758737587376,3.312,-1.37339183196148,58.12,0.595,984,233,266.664,0.873758737587376
2016-06-18 11:37:00,2016-06-18 00:00:00,18,6,11.6166666666667,-0.137529413972061,0.871508715087151,3.532,-1.20513760158425,60.32,0.753,984,232.4,266.664,0.871508715087151
2016-06-18 11:42:00,2016-06-18 00:00:00,18,6,11.7,-0.138030243481387,0.871072347087107,3.391,-0.906965547751187,58.91,1.033,990,233.7,268.29,0.871072347087107
2016-06-18 11:47:00,2016-06-18 00:00:00,18,6,11.7833333333333,-0.140628156904768,0.868812313500778,3.319,-0.8547854383304,58.19,1.082,993,233.8,269.103,0.868812313500778
2016-06-18 11:52:00,2016-06-18 00:00:00,18,6,11.8666666666667,-0.140077221353299,0.869291104971351,3.428,-0.75255501987335,59.28,1.178,995,234.4,269.645,0.869291104971351
2016-06-18 11:59:00,2016-06-18 00:00:00,18,6,11.9833333333333,-0.145209824579819,0.864840809212112,3.665,-0.679076906607345,61.65,1.247,995,233.2,269.645,0.864840809212112
2016-06-18 12:04:00,2016-06-18 00:00:00,18,6,12.0666666666667,-0.145062294988437,0.86496840823539,3.691,-0.406462457388545,61.91,1.503,994,233,269.374,0.86496840823539
2016-06-18 12:09:00,2016-06-18 00:00:00,18,6,12.15,-0.140779633196436,0.868680719000349,3.587,-1.06670057659033,60.87,0.883,994,234,269.374,0.868680719000349
2016-06-18 12:14:00,2016-06-18 00:00:00,18,6,12.2333333333333,-0.145516475365951,0.864575645756458,3.551,-0.512952476614639,60.51,1.403,1000,234.3,271,0.864575645756458
2016-06-18 12:19:00,2016-06-18 00:00:00,18,6,12.3166666666667,-0.146265244398097,0.863928520590844,3.065,-1.04646747293737,55.65,0.902,1011,236.7,273.981,0.863928520590844
2016-06-18 12:24:00,2016-06-18 00:00:00,18,6,12.4,-0.152336478288502,0.858699298455435,3.462,-1.58956657099045,59.62,0.392,1012,235.5,274.252,0.858699298455435
2016-06-18 12:30:00,2016-06-18 00:00:00,18,6,12.5,-0.156705975209815,0.8549553999477,3.684,-1.16573629447059,61.84,0.79,1016,235.4,275.336,0.8549553999477
2016-06-18 12:35:00,2016-06-18 00:00:00,18,6,12.5833333333333,-0.153748851320071,0.857487350786637,3.573,-1.21578660350686,60.73,0.743,1013,235.4,274.523,0.857487350786637
2016-06-18 12:40:00,2016-06-18 00:00:00,18,6,12.6666666666667,-0.149225694795561,0.861374685175423,3.713,-0.116809605093569,62.13,1.775,1008,235.3,273.168,0.861374685175423
2016-06-18 12:45:00,2016-06-18 00:00:00,18,6,12.75,-0.146966967540007,0.863322494611085,3.815,-0.8547854383304,63.15,1.082,1010,236.3,273.71,0.863322494611085
2016-06-18 12:51:00,2016-06-18 00:00:00,18,6,12.85,-0.150782956906693,0.860034342917687,3.748,-0.729127215643609,62.48,1.2,1010,235.4,273.71,0.860034342917687
2016-06-18 12:57:00,2016-06-18 00:00:00,18,6,12.95,-0.157810579280888,0.854011534127317,3.747,-0.711023912375173,62.47,1.217,1002,231.9,271.542,0.854011534127317
2016-06-18 13:03:00,2016-06-18 00:00:00,18,6,13.05,-0.158106575513944,0.853758787338123,3.779,-1.24240910831338,62.79,0.718,1001,231.6,271.271,0.853758787338123
2016-06-18 13:08:00,2016-06-18 00:00:00,18,6,13.1333333333333,-0.150772951645593,0.860042947828889,3.604,-0.924003950827362,61.04,1.017,1019,237.5,276.149,0.860042947828889
2016-06-18 13:16:00,2016-06-18 00:00:00,18,6,13.2666666666667,-0.143241389319222,0.866544868971195,3.019,-1.20513760158425,55.19,0.753,1022,240,276.962,0.866544868971195
2016-06-18 13:28:00,2016-06-18 00:00:00,18,6,13.4666666666667,-0.1561654555256,0.855417645085542,3.447,-0.290388336432102,59.47,1.612,1034,239.7,280.214,0.855417645085542
2016-06-18 14:00:00,2016-06-18 00:00:00,18,6,14,-0.101592645017304,0.903397480189941,2.74,-0.918679449866057,52.4,1.022,1004,245.8,272.084,0.903397480189941
2016-06-18 14:05:00,2016-06-18 00:00:00,18,6,14.0833333333333,-0.125593436863502,0.881973351753222,3.221,-0.949561555441624,57.21,0.993,1015,242.6,275.065,0.881973351753222
2016-06-18 14:45:00,2016-06-18 00:00:00,18,6,14.75,-0.0781294566640958,0.92484469148489,2.389,-1.10716678389624,48.89,0.845,869,217.8,235.499,0.92484469148489
2016-06-18 14:52:00,2016-06-18 00:00:00,18,6,14.8666666666667,-0.0915921693130193,0.912477209878482,2.867,-1.02729926947667,53.67,0.92,846,209.2,229.266,0.912477209878482
2016-06-19 10:00:00,2016-06-19 00:00:00,19,6,10,-0.0688288296896988,0.933486451569321,1.597,1.96826497135335,40.97,3.733,874,221.1,236.854,0.933486451569321
2016-06-19 10:06:00,2016-06-19 00:00:00,19,6,10.1,-0.0770526715324938,0.925841086853307,1.881,1.26969044523017,43.81,3.077,886,222.3,240.106,0.925841086853307
2016-06-19 10:12:00,2016-06-19 00:00:00,19,6,10.2,-0.0864395513221281,0.917190990091719,1.864,3.71470128666129,43.64,5.373,902,224.2,244.442,0.917190990091719
2016-06-19 10:21:00,2016-06-19 00:00:00,19,6,10.35,-0.0837395695548625,0.91967073516889,1.618,3.06724196976664,41.18,4.765,910,226.8,246.61,0.91967073516889
2016-06-19 10:29:00,2016-06-19 00:00:00,19,6,10.4833333333333,-0.0891445168947732,0.914713372485838,1.76,3.0438141655369,42.6,4.743,923,228.8,250.133,0.914713372485838
2016-06-19 10:38:00,2016-06-19 00:00:00,19,6,10.6333333333333,-0.0883634205955425,0.91542813082715,1.708,2.62743819036287,42.08,4.352,938,232.7,254.198,0.91542813082715
2016-06-19 10:45:00,2016-06-19 00:00:00,19,6,10.75,-0.0946798026077735,0.909664159932738,2.147,1.16639512658086,46.47,2.98,948,233.7,256.908,0.909664159932738
2016-06-19 10:51:00,2016-06-19 00:00:00,19,6,10.85,-0.102795886715787,0.902311128374442,2.221,1.47734598272106,47.21,3.272,950,232.3,257.45,0.902311128374442
2016-06-19 10:59:00,2016-06-19 00:00:00,19,6,10.9833333333333,-0.121999243173896,0.885149038406272,2.671,-1.50117985503279,51.71,0.475,963,231,260.973,0.885149038406272
2016-06-19 11:06:00,2016-06-19 00:00:00,19,6,11.1,-0.127844415452351,0.879990281384295,2.843,0.60732252564387,53.43,2.455,972,231.8,263.412,0.879990281384295
2016-06-19 11:11:00,2016-06-19 00:00:00,19,6,11.1833333333333,-0.125668116831395,0.881907488470995,2.831,0.00884861759322199,53.31,1.893,977,233.5,264.767,0.881907488470995
2016-06-19 11:17:00,2016-06-19 00:00:00,19,6,11.2833333333333,-0.127583680475728,0.880219755544411,2.79,3.07469627111247,52.9,4.772,986,235.2,267.206,0.880219755544411
2016-06-19 11:22:00,2016-06-19 00:00:00,19,6,11.3666666666667,-0.123752912785834,0.883598139715,2.584,1.55508369675611,50.84,3.345,991,237.3,268.561,0.883598139715
2016-06-19 11:27:00,2016-06-19 00:00:00,19,6,11.45,-0.123340992736937,0.883962186477848,2.5,0.646723832757525,50,2.492,986,236.2,267.206,0.883962186477848
2016-06-19 11:32:00,2016-06-19 00:00:00,19,6,11.5333333333333,-0.130575463022195,0.87759026483625,2.759,-0.723802714682305,52.59,1.205,994,236.4,269.374,0.87759026483625
2016-06-19 11:37:00,2016-06-19 00:00:00,19,6,11.6166666666667,-0.12807176921061,0.879790235028099,2.303,1.54762939541028,48.03,3.338,1002,238.9,271.542,0.879790235028099
2016-06-19 11:44:00,2016-06-19 00:00:00,19,6,11.7333333333333,-0.128295649963834,0.879593288974639,2.392,0.518935809686212,48.92,2.372,1006,239.8,272.626,0.879593288974639
2016-06-19 11:51:00,2016-06-19 00:00:00,19,6,11.85,-0.135871028906388,0.872955211217127,2.575,0.167518746240102,50.75,2.042,1009,238.7,273.439,0.872955211217127
2016-06-19 11:56:00,2016-06-19 00:00:00,19,6,11.9333333333333,-0.143440451086433,0.866372390185745,2.83,0.128117439126447,53.3,2.005,1009,236.9,273.439,0.866372390185745
2016-06-19 12:02:00,2016-06-19 00:00:00,19,6,12.0333333333333,-0.13910882572684,0.870133330413423,2.898,0.319799473733416,53.98,2.185,1011,238.4,273.981,0.870133330413423
2016-06-19 12:08:00,2016-06-19 00:00:00,19,6,12.1333333333333,-0.138689450589639,0.870498319226516,3.059,0.0322764218229627,55.59,1.915,1011,238.5,273.981,0.870498319226516
2016-06-19 12:16:00,2016-06-19 00:00:00,19,6,12.2666666666667,-0.137165517280696,0.871825911935009,2.818,0.183492249124016,53.18,2.057,1012,239.1,274.252,0.871825911935009
2016-06-19 12:21:00,2016-06-19 00:00:00,19,6,12.35,-0.146543866200926,0.86368784479924,2.972,-0.100836102209655,54.72,1.79,1010,236.4,273.71,0.86368784479924
2016-06-19 12:27:00,2016-06-19 00:00:00,19,6,12.45,-0.138119216541674,0.870994848562347,2.776,0.0727426291288784,52.76,1.953,1010,238.4,273.71,0.870994848562347
2016-06-19 12:32:00,2016-06-19 00:00:00,19,6,12.5333333333333,-0.138387808758356,0.87076093754,2.916,0.207984953546018,54.16,2.08,1009,238.1,273.439,0.87076093754
2016-06-19 12:37:00,2016-06-19 00:00:00,19,6,12.6166666666667,-0.133886901271342,0.87468898522153,2.88,0.722331746408052,53.8,2.563,1007,238.7,272.897,0.87468898522153
2016-06-19 12:43:00,2016-06-19 00:00:00,19,6,12.7166666666667,-0.136900920532523,0.872056624757864,2.899,0.508286807763603,53.99,2.362,1002,236.8,271.542,0.872056624757864
2016-06-19 12:48:00,2016-06-19 00:00:00,19,6,12.8,-0.137286515520507,0.871720428916001,3.024,-0.132783107977483,55.24,1.76,999,236,270.729,0.871720428916001
2016-06-19 12:54:00,2016-06-19 00:00:00,19,6,12.9,-0.144055752377036,0.865839474104711,3.241,-1.25412301042825,57.41,0.707,993,233,269.103,0.865839474104711
2016-06-19 12:59:00,2016-06-19 00:00:00,19,6,12.9833333333333,-0.147342304282882,0.86299851876173,3.146,-1.13165948831824,56.46,0.822,989,231.3,268.019,0.86299851876173
2016-06-19 13:04:00,2016-06-19 00:00:00,19,6,13.0666666666667,-0.139836869789261,0.869500065559031,3.109,-0.484200171423593,56.09,1.43,985,232.1,266.935,0.869500065559031
2016-06-19 13:09:00,2016-06-19 00:00:00,19,6,13.15,-0.144721799608027,0.865262976129253,3.049,0.364525281808376,55.49,2.227,983,230.5,266.393,0.865262976129253
2016-06-19 13:16:00,2016-06-19 00:00:00,19,6,13.2666666666667,-0.135725397172805,0.873082350455406,2.885,0.266554464120369,53.85,2.135,978,231.4,265.038,0.873082350455406
2016-06-19 13:21:00,2016-06-19 00:00:00,19,6,13.35,-0.14378307393725,0.866075602053652,3.302,-1.20300780119973,58.02,0.755,971,227.9,263.141,0.866075602053652
2016-06-19 13:29:00,2016-06-19 00:00:00,19,6,13.4833333333333,-0.144049367080003,0.865845002764587,3.637,-0.89951124640536,61.37,1.04,941,220.8,255.011,0.865845002764587
2016-06-19 13:37:00,2016-06-19 00:00:00,19,6,13.6166666666667,-0.136144075665041,0.872716886164677,3.154,0.410315990075596,56.54,2.27,956,226.1,259.076,0.872716886164677
2016-06-19 13:42:00,2016-06-19 00:00:00,19,6,13.7,-0.127806172590587,0.880023935374489,3.201,0.0567691262449642,57.01,1.938,925,220.6,250.675,0.880023935374489
2016-06-19 13:52:00,2016-06-19 00:00:00,19,6,13.8666666666667,-0.127631536260489,0.880177632945161,3.115,-0.271220132971405,56.15,1.63,924,220.4,250.404,0.880177632945161
2016-06-19 14:09:00,2016-06-19 00:00:00,19,6,14.15,-0.128887686113102,0.879072692072212,2.986,-0.494849173346203,54.86,1.42,892,212.5,241.732,0.879072692072212
2016-06-19 14:19:00,2016-06-19 00:00:00,19,6,14.3166666666667,-0.111128919596347,0.894823381223503,2.872,0.200530652200191,53.72,2.073,873,211.7,236.583,0.894823381223503
2016-06-19 14:25:00,2016-06-19 00:00:00,19,6,14.4166666666667,-0.106756655984816,0.898744350441163,2.848,0.0557042260527034,53.48,1.937,854,208,231.434,0.898744350441163
2016-06-19 14:35:00,2016-06-19 00:00:00,19,6,14.5833333333333,-0.112383532660443,0.893701428075067,3.154,-0.452253165655765,56.54,1.46,839,203.2,227.369,0.893701428075067
2016-06-19 14:40:00,2016-06-19 00:00:00,19,6,14.6666666666667,-0.111852867710545,0.894175809956407,3.01,-0.294647937201146,55.1,1.608,827,200.4,224.117,0.894175809956407
2016-06-19 14:45:00,2016-06-19 00:00:00,19,6,14.75,-0.103744444068276,0.901455640323274,2.876,-0.252051929510708,53.76,1.648,815,199.1,220.865,0.901455640323274
2016-06-19 14:50:00,2016-06-19 00:00:00,19,6,14.8333333333333,-0.101318753843713,0.903644946673906,2.885,1.66370351636672,53.85,3.447,802,196.4,217.342,0.903644946673906
2016-06-19 14:55:00,2016-06-19 00:00:00,19,6,14.9166666666667,-0.100440440108613,0.904438979095969,2.896,0.192011450662104,53.96,2.065,796.4,195.2,215.8244,0.904438979095969
2016-06-20 10:00:00,2016-06-20 00:00:00,20,6,10,-0.0878608153115126,0.915888345486326,2.509,-0.162600313360789,50.09,1.732,836,207.5,226.556,0.915888345486326
2016-06-20 10:06:00,2016-06-20 00:00:00,20,6,10.1,-0.0886900747147187,0.915129151291513,2.288,-0.127458607016178,47.88,1.765,850,210.8,230.35,0.915129151291513
2016-06-20 10:12:00,2016-06-20 00:00:00,20,6,10.2,-0.097935941992409,0.906706983736504,2.533,-0.146626810476875,50.33,1.747,864,212.3,234.144,0.906706983736504
2016-06-20 10:19:00,2016-06-20 00:00:00,20,6,10.3166666666667,-0.101230057092663,0.903725100599422,2.467,0.0887161320127924,49.67,1.968,884,216.5,239.564,0.903725100599422
2016-06-20 10:26:00,2016-06-20 00:00:00,20,6,10.4333333333333,-0.100275117040161,0.904588516083836,2.331,-0.33298434412254,48.31,1.572,906,222.1,245.526,0.904588516083836
2016-06-20 10:31:00,2016-06-20 00:00:00,20,6,10.5166666666667,-0.104750028528054,0.90054960616347,2.413,-0.851590737753618,49.13,1.085,899,219.4,243.629,0.90054960616347
2016-06-20 10:36:00,2016-06-20 00:00:00,20,6,10.6,-0.0928531761112727,0.911327295091133,2.192,0.252710761620977,46.92,2.122,858,211.9,232.518,0.911327295091133
2016-06-20 10:43:00,2016-06-20 00:00:00,20,6,10.7166666666667,-0.0931460576281496,0.911060423253397,2.21,0.719137045831269,47.1,2.56,838,206.9,227.098,0.911060423253397
2016-06-20 10:50:00,2016-06-20 00:00:00,20,6,10.8333333333333,-0.0903824529094493,0.913581716462326,2.004,1.39002416695566,45.04,3.19,868,214.9,235.228,0.913581716462326
2016-06-20 10:57:00,2016-06-20 00:00:00,20,6,10.95,-0.123899578782808,0.883468555415952,2.828,0.892715777169802,53.28,2.723,931,222.9,252.301,0.883468555415952
2016-06-20 11:03:00,2016-06-20 00:00:00,20,6,11.05,-0.135293338406092,0.873459654841947,2.873,-0.720608014105522,53.73,1.208,978,231.5,265.038,0.873459654841947
2016-06-20 11:08:00,2016-06-20 00:00:00,20,6,11.1333333333333,-0.128340033832525,0.879554250087955,3.089,-0.971924459479104,55.89,0.972,902,215,244.442,0.879554250087955
2016-06-20 11:13:00,2016-06-20 00:00:00,20,6,11.2166666666667,-0.12744387217115,0.880342826179037,2.646,-0.191352618551835,51.46,1.705,967,230.7,262.057,0.880342826179037
2016-06-20 11:18:00,2016-06-20 00:00:00,20,6,11.3,-0.129789148417684,0.878280598252322,2.378,1.32825995580453,48.78,3.132,997,237.3,270.187,0.878280598252322
2016-06-20 11:23:00,2016-06-20 00:00:00,20,6,11.3833333333333,-0.124133268415997,0.883262122094905,2.924,-0.263765831625579,54.24,1.637,912,218.3,247.152,0.883262122094905
2016-06-20 11:29:00,2016-06-20 00:00:00,20,6,11.4833333333333,-0.133836630226615,0.874732957855894,3.033,-0.308491639700538,55.33,1.595,950,225.2,257.45,0.874732957855894
2016-06-20 11:36:00,2016-06-20 00:00:00,20,6,11.6,-0.147072345916461,0.863231523881504,3.154,-1.27542101427347,56.54,0.687,996,233,269.916,0.863231523881504
2016-06-20 11:43:00,2016-06-20 00:00:00,20,6,11.7166666666667,-0.144531309398215,0.865427815954806,3.068,0.434808694497598,55.68,2.293,1002,235,271.542,0.865427815954806
2016-06-20 11:49:00,2016-06-20 00:00:00,20,6,11.8166666666667,-0.154089181103337,0.85719557195572,3.34,-0.369190950659412,58.4,1.538,1000,232.3,271,0.85719557195572
2016-06-20 11:56:00,2016-06-20 00:00:00,20,6,11.9333333333333,-0.135259902309473,0.873488860411617,3.105,2.32500653576077,56.05,4.068,956,226.3,259.076,0.873488860411617
2016-06-20 12:02:00,2016-06-20 00:00:00,20,6,12.0333333333333,-0.146848082086832,0.863425137198327,3.021,1.31335135311287,55.21,3.118,1018,238.2,275.878,0.863425137198327
2016-06-20 12:09:00,2016-06-20 00:00:00,20,6,12.15,-0.148658218591654,0.861863633532065,3.132,-0.609858394110384,56.32,1.312,1007,235.2,272.897,0.861863633532065
2016-06-20 12:15:00,2016-06-20 00:00:00,20,6,12.25,-0.138269379014259,0.870864067641717,2.796,1.43581487522288,52.96,3.233,961,226.8,260.431,0.870864067641717
2016-06-20 12:21:00,2016-06-20 00:00:00,20,6,12.35,-0.145012351682544,0.865011608695969,2.966,-0.246727428549404,54.66,1.653,1014,237.7,274.794,0.865011608695969
2016-06-20 12:27:00,2016-06-20 00:00:00,20,6,12.45,-0.151918670586306,0.859058144595321,2.942,0.545558314492736,54.42,2.397,1009,234.9,273.439,0.859058144595321
2016-06-20 12:32:00,2016-06-20 00:00:00,20,6,12.5333333333333,-0.147239596823931,0.863087159698635,2.922,0.61797152756648,54.22,2.465,1006,235.3,272.626,0.863087159698635
2016-06-20 12:41:00,2016-06-20 00:00:00,20,6,12.6833333333333,-0.158891383139483,0.853089013787522,3.426,-1.44261034445844,59.26,0.53,994,229.8,269.374,0.853089013787522
2016-06-20 12:48:00,2016-06-20 00:00:00,20,6,12.8,-0.136198629796617,0.872669277151487,2.51,-0.299972438162451,50.1,1.603,981,232,265.851,0.872669277151487
2016-06-20 12:53:00,2016-06-20 00:00:00,20,6,12.8833333333333,-0.149359865411445,0.861259121756187,3.234,-1.60554007387436,57.34,0.377,982,229.2,266.122,0.861259121756187
2016-06-20 12:58:00,2016-06-20 00:00:00,20,6,12.9666666666667,-0.151668938660643,0.859272705630282,3.133,-0.912290048712491,56.33,1.028,992,231,268.832,0.859272705630282
2016-06-20 13:03:00,2016-06-20 00:00:00,20,6,13.05,-0.142467572760914,0.867215675246351,3.268,0.0929757327818362,57.68,1.972,971,228.2,263.141,0.867215675246351
2016-06-20 13:09:00,2016-06-20 00:00:00,20,6,13.15,-0.142709891585021,0.867005558022385,3.286,-0.342568445852888,57.86,1.563,964,226.5,261.244,0.867005558022385
2016-06-20 13:15:00,2016-06-20 00:00:00,20,6,13.25,-0.137222805493619,0.871775968017147,2.501,0.92466278293763,50.01,2.753,971,229.4,263.141,0.871775968017147
2016-06-20 13:21:00,2016-06-20 00:00:00,20,6,13.35,-0.14046234845,0.868956381871511,2.818,0.277203466042979,53.18,2.145,975,229.6,264.225,0.868956381871511
2016-06-20 13:28:00,2016-06-20 00:00:00,20,6,13.4666666666667,-0.138531420729439,0.870635894824448,3.091,-1.14976279158668,55.91,0.805,971,229.1,263.141,0.870635894824448
2016-06-20 13:34:00,2016-06-20 00:00:00,20,6,13.5666666666667,-0.138195895529639,0.870928064119351,3.345,-0.689725908529955,58.45,1.237,930,219.5,252.03,0.870928064119351
2016-06-20 13:39:00,2016-06-20 00:00:00,20,6,13.65,-0.147209143503529,0.863113443968664,3.563,-0.89951124640536,60.63,1.04,935,218.7,253.385,0.863113443968664
2016-06-20 13:46:00,2016-06-20 00:00:00,20,6,13.7666666666667,-0.138232518456328,0.870896168768762,3.26,-0.524666378729509,57.6,1.392,933,220.2,252.843,0.870896168768762
2016-06-20 13:51:00,2016-06-20 00:00:00,20,6,13.85,-0.138121940331665,0.870992476158528,3.203,-0.695050409491259,57.03,1.232,924,218.1,250.404,0.870992476158528
2016-06-20 13:56:00,2016-06-20 00:00:00,20,6,13.9333333333333,-0.132929530288839,0.875526788054766,3.389,-0.215845322973836,58.89,1.682,915,217.1,247.965,0.875526788054766
2016-06-20 14:03:00,2016-06-20 00:00:00,20,6,14.05,-0.119916175561527,0.886994785440812,3.107,1.30696195195931,56.07,3.112,852,204.8,230.892,0.886994785440812
2016-06-20 14:16:00,2016-06-20 00:00:00,20,6,14.2666666666667,-0.119797811354725,0.88709978008871,2.942,0.024822120477136,54.42,1.908,891,214.2,241.461,0.88709978008871
2016-06-20 14:36:00,2016-06-20 00:00:00,20,6,14.6,-0.117836906259209,0.888841005198373,3.174,0.0727426291288784,56.74,1.953,822,198,222.762,0.888841005198373
2016-06-20 14:42:00,2016-06-20 00:00:00,20,6,14.7,-0.104647059387477,0.900642339756731,2.862,-0.433084962195068,53.62,1.478,810,197.7,219.51,0.900642339756731
2016-06-20 14:56:00,2016-06-20 00:00:00,20,6,14.9333333333333,-0.103836895924166,0.901372302928732,2.936,-0.5821709891116,54.36,1.338,785.6,191.9,212.8976,0.901372302928732
2016-06-21 10:00:00,2016-06-21 00:00:00,21,6,10,-0.105887802777873,0.899525566684238,2.309,0.472080201226731,48.09,2.328,875,213.3,237.125,0.899525566684238
2016-06-21 10:10:00,2016-06-21 00:00:00,21,6,10.1666666666667,-0.129401878877139,0.87862079544583,2.16,1.05990510735477,46.6,2.88,866,206.2,234.686,0.87862079544583
2016-06-21 10:17:00,2016-06-21 00:00:00,21,6,10.2833333333333,-0.137207175025668,0.871789594389968,2.599,1.76806373520829,50.99,3.545,1004,237.2,272.084,0.871789594389968
2016-06-21 10:39:00,2016-06-21 00:00:00,21,6,10.65,-0.0762526095495382,0.926582113503254,2.574,-0.369190950659412,50.74,1.538,906,227.5,245.526,0.926582113503254
2016-06-21 10:45:00,2016-06-21 00:00:00,21,6,10.75,-0.11253743235019,0.893563898285728,2.27,1.05777530697025,47.7,2.878,937,226.9,253.927,0.893563898285728
2016-06-21 10:50:00,2016-06-21 00:00:00,21,6,10.8333333333333,-0.112699265905684,0.89341930136364,2.496,0.636074830834916,49.96,2.482,926,224.2,250.946,0.89341930136364
2016-06-21 10:55:00,2016-06-21 00:00:00,21,6,10.9166666666667,-0.1201649729564,0.886774130899204,2.529,1.02050380024111,50.29,2.843,950,228.3,257.45,0.886774130899204
2016-06-21 11:18:00,2016-06-21 00:00:00,21,6,11.3,-0.109004358189117,0.896726509386006,2.202,0.48166430295708,47.02,2.337,1009,245.2,273.439,0.896726509386006
2016-06-21 11:26:00,2016-06-21 00:00:00,21,6,11.4333333333333,-0.145785620454778,0.864342980779205,3.038,-0.603468992956818,55.38,1.318,996,233.3,269.916,0.864342980779205
2016-06-21 11:31:00,2016-06-21 00:00:00,21,6,11.5166666666667,-0.160048507635603,0.852102454488341,3.136,0.305955771234024,56.36,2.172,1022,236,276.962,0.852102454488341
2016-06-21 11:36:00,2016-06-21 00:00:00,21,6,11.6,-0.168269237170999,0.845126264646247,3.185,0.183492249124016,56.85,2.057,1061,243,287.531,0.845126264646247
2016-06-21 11:42:00,2016-06-21 00:00:00,21,6,11.7,-0.181970030030771,0.833626323796631,3.235,0.442262995843424,57.35,2.3,1123,253.7,304.333,0.833626323796631
2016-07-27 13:00:00,2016-07-27 00:00:00,22,7,13,-0.101616105009168,0.903376286741006,2.914,0.125987638741926,54.14,2.003,737.7,180.600006103516,199.9167,0.903376286741006
2016-07-27 13:05:00,2016-07-27 00:00:00,22,7,13.0833333333333,-0.16084493556162,0.851424086469235,2.869,0.303825970849502,53.69,2.17,924,213.199996948242,250.404,0.851424086469235
2016-07-27 13:20:00,2016-07-27 00:00:00,22,7,13.3333333333333,-0.140476367261771,0.868944200220942,2.61,-1.42344214099774,51.1,0.548,837,197.100006103516,226.827,0.868944200220942
2016-07-27 13:29:00,2016-07-27 00:00:00,22,7,13.4833333333333,-0.153998621687745,0.857273202600804,3.028,-0.396878355658196,55.28,1.512,922,214.199996948242,249.862,0.857273202600804
2016-07-27 13:35:00,2016-07-27 00:00:00,22,7,13.5833333333333,-0.160446496047556,0.851763395060996,3.392,-1.14763299120216,58.92,0.807,918,211.899993896484,248.778,0.851763395060996
2016-07-27 13:43:00,2016-07-27 00:00:00,22,7,13.7166666666667,-0.162591271058685,0.849938511897326,3.356,-0.886732444098228,58.56,1.052,900,207.300003051758,243.9,0.849938511897326
2016-07-27 13:51:00,2016-07-27 00:00:00,22,7,13.85,-0.148321223285096,0.862154126476089,2.869,-0.686531207953172,53.69,1.24,859,200.699996948242,232.789,0.862154126476089
2016-07-27 13:57:00,2016-07-27 00:00:00,22,7,13.95,-0.150823779815875,0.85999923453043,3.03,-0.290388336432102,55.3,1.612,853,198.800003051758,231.163,0.85999923453043
2016-07-27 14:04:00,2016-07-27 00:00:00,22,7,14.0666666666667,-0.138368911897991,0.870777392343319,3.32,-1.46603814868818,58.2,0.508,745.4,175.899993896484,202.0034,0.870777392343319
2016-07-27 14:10:00,2016-07-27 00:00:00,22,7,14.1666666666667,-0.149476753957723,0.86115845631291,3.573,-1.16786609485512,60.73,0.788,821,191.600006103516,222.491,0.86115845631291
2016-07-27 14:15:00,2016-07-27 00:00:00,22,7,14.25,-0.139877262677426,0.869464944649446,3.166,-1.01984496813085,56.66,0.927,800,188.5,216.8,0.869464944649446
2016-07-27 14:20:00,2016-07-27 00:00:00,22,7,14.3333333333333,-0.136078729015142,0.87277391715287,2.956,-0.787696726217961,54.56,1.145,805,190.399993896484,218.155,0.87277391715287
2016-07-27 14:25:00,2016-07-27 00:00:00,22,7,14.4166666666667,-0.150230664920134,0.860509464184202,3.249,-0.846266236792313,57.49,1.09,788.6,183.899993896484,213.7106,0.860509464184202
2016-07-27 14:34:00,2016-07-27 00:00:00,22,7,14.5666666666667,-0.127427605780839,0.880357146295524,2.941,-0.15195131143818,54.41,1.742,801,191.100006103516,217.071,0.880357146295524
2016-07-27 14:40:00,2016-07-27 00:00:00,22,7,14.6666666666667,-0.121948765232568,0.885193720035208,2.724,0.594543723336739,52.24,2.443,746.6,179.100006103516,202.3286,0.885193720035208
2016-07-27 14:54:00,2016-07-27 00:00:00,22,7,14.9,-0.101289592848882,0.903671298243742,2.479,-0.308491639700538,49.79,1.595,670.9,164.300003051758,181.8139,0.903671298243742
2016-07-29 10:13:00,2016-07-29 00:00:00,23,7,10.2166666666667,-0.245619498948928,0.782219803764858,1.453,-0.268025432394622,39.53,1.633,868,184,235.228,0.782219803764858
2016-07-29 10:56:00,2016-07-29 00:00:00,23,7,10.9333333333333,-0.0915732344677863,0.912494487656805,2.192,-1.1518925919712,46.92,0.803,958,236.899993896484,259.618,0.912494487656805
2016-07-29 11:14:00,2016-07-29 00:00:00,23,7,11.2333333333333,-0.303296051753169,0.738380465177784,2.2,-0.113614904516786,47,1.778,989,197.899993896484,268.019,0.738380465177784
2016-07-29 11:30:00,2016-07-29 00:00:00,23,7,11.5,-0.106674373061794,0.898818304795915,2.527,-0.544899482382467,50.27,1.373,1028,250.399993896484,278.588,0.898818304795915
2016-07-29 11:43:00,2016-07-29 00:00:00,23,7,11.7166666666667,-0.263618641680406,0.768266468607178,2.404,1.29205334926765,49.04,3.098,939,195.5,254.469,0.768266468607178
2016-07-29 12:04:00,2016-07-29 00:00:00,23,7,12.0666666666667,-0.479046417083494,0.619373734503206,2.438,-0.223299624319663,49.38,1.675,1042,174.899993896484,282.382,0.619373734503206
2016-07-29 12:55:00,2016-07-29 00:00:00,23,7,12.9166666666667,-0.123167267084878,0.884115766725118,2.826,0.82243236448058,53.26,2.657,1038,248.699996948242,281.298,0.884115766725118
2016-07-29 13:18:00,2016-07-29 00:00:00,23,7,13.3,-0.639035456393432,0.5278012659401,1.535,0.0588989266294861,40.35,1.94,726.4,103.900001525879,196.8544,0.5278012659401
2016-07-29 13:49:00,2016-07-29 00:00:00,23,7,13.8166666666667,-0.107494874432717,0.898081125614241,3.106,-0.704634511221608,56.06,1.223,929,226.100006103516,251.759,0.898081125614241
2016-07-29 13:55:00,2016-07-29 00:00:00,23,7,13.9166666666667,-0.111359575331518,0.894617008880055,3.229,0.399666988152987,57.29,2.26,893,216.5,242.003,0.894617008880055
2016-07-29 14:01:00,2016-07-29 00:00:00,23,7,14.0166666666667,-0.105722956231881,0.899673862589636,2.905,0.759603253137185,54.05,2.598,913,222.600006103516,247.423,0.899673862589636
2016-07-29 14:07:00,2016-07-29 00:00:00,23,7,14.1166666666667,-0.103919882739945,0.901297504015185,2.707,-0.0774082979799141,52.07,1.812,922,225.199996948242,249.862,0.901297504015185
2016-07-29 14:31:00,2016-07-29 00:00:00,23,7,14.5166666666667,-0.123131394049759,0.884147483209947,2.081,-0.24246782778036,45.81,1.657,808,193.600006103516,218.968,0.884147483209947
2016-07-30 10:12:00,2016-07-30 00:00:00,24,7,10.2,-0.158670194408464,0.853277728333924,1.771,0.508286807763603,42.71,2.362,639.6,147.899993896484,173.3316,0.853277728333924
2016-07-30 10:36:00,2016-07-30 00:00:00,24,7,10.6,-0.0333559925510147,0.967194184370142,2.122,0.0301466214384408,46.22,1.913,627.6,164.5,170.0796,0.967194184370142
2016-07-30 12:28:00,2016-07-30 00:00:00,24,7,12.4666666666667,-0.120329796538774,0.886627981654945,2.345,-0.141302309515571,48.45,1.752,869,208.800003051758,235.499,0.886627981654945
2016-07-30 12:50:00,2016-07-30 00:00:00,24,7,12.8333333333333,-0.121664908416233,0.885445023971898,2.644,0.259100162774543,51.44,2.128,901,216.199996948242,244.171,0.885445023971898
2016-07-30 13:37:00,2016-07-30 00:00:00,24,7,13.6166666666667,-0.0660655457900277,0.936069506865432,2.558,1.35594736080331,50.58,3.158,898,227.800003051758,243.358,0.936069506865432
2016-07-30 13:52:00,2016-07-30 00:00:00,24,7,13.8666666666667,-0.403829860451186,0.667757723602341,2.58,0.599868224298044,50.8,2.448,956,173,259.076,0.667757723602341
2016-07-31 10:01:00,2016-07-31 00:00:00,25,7,10.0166666666667,-0.0687388107802442,0.933570486784004,2.488,-0.878213242560141,49.88,1.06,834,211,226.014,0.933570486784004
2016-07-31 10:08:00,2016-07-31 00:00:00,25,7,10.1333333333333,-0.0797149658911007,0.923379503534438,2.64,-1.18490449793129,51.4,0.772,848,212.199996948242,229.808,0.923379503534438
2016-07-31 10:15:00,2016-07-31 00:00:00,25,7,10.25,-0.115458064523896,0.890957934198837,2.762,-0.40113795642724,52.62,1.508,883,213.199996948242,239.293,0.890957934198837
2016-07-31 10:43:00,2016-07-31 00:00:00,25,7,10.7166666666667,-0.0913818389612229,0.912669151715931,2.956,-0.926133751211883,54.56,1.015,900,222.600006103516,243.9,0.912669151715931
2016-07-31 10:53:00,2016-07-31 00:00:00,25,7,10.8833333333333,-0.113898785839072,0.892348269593181,2.413,0.0535744256681815,49.13,1.935,887,214.5,240.377,0.892348269593181
2016-07-31 11:00:00,2016-07-31 00:00:00,25,7,11,-0.226860564126006,0.797031909383294,2.372,0.681865539102136,48.72,2.525,919,198.5,249.049,0.797031909383294
2016-07-31 11:09:00,2016-07-31 00:00:00,25,7,11.15,-0.0738186290824794,0.928840143153916,2.615,0.502962306802298,51.15,2.357,816,205.399993896484,221.136,0.928840143153916
2016-07-31 11:19:00,2016-07-31 00:00:00,25,7,11.3166666666667,-0.0961621160443733,0.90831675141327,2.693,-0.652454401800822,51.93,1.272,936,230.399993896484,253.656,0.90831675141327
2016-07-31 11:36:00,2016-07-31 00:00:00,25,7,11.6,-0.0767440301872716,0.926126883793922,2.32,0.269749164697152,48.2,2.138,918,230.399993896484,248.778,0.926126883793922
2016-07-31 11:45:00,2016-07-31 00:00:00,25,7,11.75,-0.102551914143144,0.902531294397899,2.633,-0.380904852774282,51.33,1.527,942,230.399993896484,255.282,0.902531294397899
2016-07-31 11:52:00,2016-07-31 00:00:00,25,7,11.8666666666667,-0.110784581366371,0.895131556177898,3.151,0.0141731185545266,56.51,1.898,930,225.600006103516,252.03,0.895131556177898
2016-07-31 12:02:00,2016-07-31 00:00:00,25,7,12.0333333333333,-0.125906969798959,0.881696867404991,3.105,-1.6236433771428,56.05,0.36,981,234.399993896484,265.851,0.881696867404991
2016-07-31 12:42:00,2016-07-31 00:00:00,25,7,12.7,-0.132329913561775,0.876051925986886,2.591,-0.63861069930143,50.91,1.285,973,231,263.683,0.876051925986886
2016-07-31 13:13:00,2016-07-31 00:00:00,25,7,13.2166666666667,-0.123313065893108,0.883986873096489,3.532,-0.0720837970186095,60.32,1.817,1001,239.800003051758,271.271,0.883986873096489
2016-07-31 13:22:00,2016-07-31 00:00:00,25,7,13.3666666666667,-0.132940575583804,0.875517117656548,3.621,-0.862239739676227,61.21,1.075,958,227.300003051758,259.618,0.875517117656548
2016-07-31 13:33:00,2016-07-31 00:00:00,25,7,13.55,-0.132382710043486,0.87600567474836,3.379,-0.175379115667921,58.79,1.72,976,231.699996948242,264.496,0.87600567474836
2016-07-31 14:08:00,2016-07-31 00:00:00,25,7,14.1333333333333,-0.140118415206626,0.869255296258629,2.935,-0.122134106054874,54.35,1.77,880,207.300003051758,238.48,0.869255296258629
2016-07-31 14:16:00,2016-07-31 00:00:00,25,7,14.2666666666667,-0.105857527729178,0.899552800276819,3.34,0.420964991998206,58.4,2.28,868,211.600006103516,235.228,0.899552800276819
2016-07-31 14:33:00,2016-07-31 00:00:00,25,7,14.55,-0.0766327710706836,0.926229929585147,3.033,-0.885667543905968,55.33,1.053,843,211.600006103516,228.453,0.926229929585147
2016-07-31 14:40:00,2016-07-31 00:00:00,25,7,14.6666666666667,-0.0854735095401653,0.918077463026193,3.11,-0.695050409491259,56.1,1.232,791,196.800003051758,214.361,0.918077463026193
2016-07-31 14:51:00,2016-07-31 00:00:00,25,7,14.85,-0.0647248811226418,0.937325303792693,2.561,-0.489524672384898,50.61,1.425,778.3,197.699996948242,210.9193,0.937325303792693
2016-07-31 14:56:00,2016-07-31 00:00:00,25,7,14.9333333333333,-0.0659325285657698,0.936194028514526,2.714,-0.462902167578374,52.14,1.45,721.3,183,195.4723,0.936194028514526
2016-08-01 10:00:00,2016-08-01 00:00:00,26,8,10,-0.080907622084803,0.922278885710205,3.008,-0.840941735831008,55.08,1.095,801,200.2,217.071,0.922278885710205
2016-08-01 10:30:00,2016-08-01 00:00:00,26,8,10.5,-0.112209277348182,0.893857173865856,2.165,-1.09864758235816,46.65,0.853,850,205.9,230.35,0.893857173865856
2016-08-01 10:54:00,2016-08-01 00:00:00,26,8,10.9,-0.0553560111235364,0.946148248686052,1.656,-0.470356468924201,41.56,1.443,628.3,161.1,170.2693,0.946148248686052
2016-08-01 11:28:00,2016-08-01 00:00:00,26,8,11.4666666666667,-0.0797345419176857,0.923361427609657,2.59,-1.56294406618393,50.9,0.417,866,216.7,234.686,0.923361427609657
2016-08-01 11:45:00,2016-08-01 00:00:00,26,8,11.75,-0.0833521121011459,0.920027137491106,3.2,-0.462902167578374,57,1.45,892,222.4,241.732,0.920027137491106
2016-08-01 12:29:00,2016-08-01 00:00:00,26,8,12.4833333333333,-0.0717078465164395,0.930802793369953,2.712,-0.417111459311154,52.12,1.493,767.5,193.6,207.9925,0.930802793369953
2016-08-01 13:09:00,2016-08-01 00:00:00,26,8,13.15,-0.0616535879037187,0.940208529992277,2.453,-0.0507857931733907,49.53,1.837,688,175.3,186.448,0.940208529992277
2016-08-01 13:25:00,2016-08-01 00:00:00,26,8,13.4166666666667,-0.0712302237618954,0.931247472149958,2.47,-0.880343042944663,49.7,1.058,739,186.5,200.269,0.931247472149958
2016-08-01 14:08:00,2016-08-01 00:00:00,26,8,14.1333333333333,-0.166288636407957,0.84680178108772,2.92,-0.00180038432938742,54.2,1.883,987,226.5,267.477,0.84680178108772
2016-08-02 10:00:00,2016-08-02 00:00:00,27,8,10,-0.0690450221848873,0.933284660617762,2.38,-0.484200171423593,48.8,1.43,839,212.2,227.369,0.933284660617762
2016-08-02 10:09:00,2016-08-02 00:00:00,27,8,10.15,-0.0827313975974646,0.920598388952819,2.591,-0.42350086046472,50.91,1.487,869,216.8,235.499,0.920598388952819
2016-08-02 10:17:00,2016-08-02 00:00:00,27,8,10.2833333333333,-0.0775857039804843,0.925347715015612,2.697,-1.14124359004859,51.97,0.813,845,211.9,228.995,0.925347715015612
2016-08-02 10:28:00,2016-08-02 00:00:00,27,8,10.4666666666667,-0.0887806913610587,0.915046229113976,2.745,-1.39788453638348,52.45,0.572,890,220.7,241.19,0.915046229113976
2016-08-02 10:33:00,2016-08-02 00:00:00,27,8,10.55,-0.119763158918655,0.887130520789744,2.955,-1.18703429831581,54.55,0.77,970,233.2,262.87,0.887130520789744
2016-08-02 10:40:00,2016-08-02 00:00:00,27,8,10.6666666666667,-0.13775696086985,0.871310428543236,3.544,-0.787696726217961,60.44,1.145,991,234,268.561,0.871310428543236
2016-08-02 11:01:00,2016-08-02 00:00:00,27,8,11.0166666666667,-0.129100123632101,0.878885963885227,3.405,-0.460772367193853,59.05,1.452,977,232.7,264.767,0.878885963885227
2016-08-02 11:30:00,2016-08-02 00:00:00,27,8,11.5,-0.134856366495413,0.87384141557951,3.053,0.231412757775758,55.53,2.102,1016,240.6,275.336,0.87384141557951
2016-08-02 11:40:00,2016-08-02 00:00:00,27,8,11.6666666666667,-0.149650774504406,0.861008610086101,2.699,-0.145561910284614,51.99,1.748,1053,245.7,285.363,0.861008610086101
2016-08-02 12:11:00,2016-08-02 00:00:00,27,8,12.1833333333333,-0.605342122762905,0.545887634102927,2.941,-0.603468992956818,54.41,1.318,993,146.9,269.103,0.545887634102927
2016-08-02 12:57:00,2016-08-02 00:00:00,27,8,12.95,-0.119172500026349,0.887654667101086,3.03,-0.643935200262734,55.3,1.28,974,234.3,263.954,0.887654667101086
2016-08-02 13:26:00,2016-08-02 00:00:00,27,8,13.4333333333333,-0.099879737279382,0.904946242789219,2.625,-0.380904852774282,51.25,1.527,1019,249.9,276.149,0.904946242789219
2016-08-02 13:36:00,2016-08-02 00:00:00,27,8,13.6,-0.117194412159161,0.889412263795581,2.974,-1.2881998165806,54.74,0.675,1009,243.2,273.439,0.889412263795581
2016-08-02 13:49:00,2016-08-02 00:00:00,27,8,13.8166666666667,-0.108956583677852,0.896769351080092,2.807,-0.982573461401713,53.07,0.962,939,228.2,254.469,0.896769351080092
2016-08-02 14:20:00,2016-08-02 00:00:00,27,8,14.3333333333333,-0.0930037388397538,0.911190093496027,2.728,0.0535744256681815,52.28,1.935,978,241.5,265.038,0.911190093496027
2016-08-02 14:30:00,2016-08-02 00:00:00,27,8,14.5,-0.0739837959297613,0.928686742224565,2.346,-0.0710188968263485,48.46,1.818,896,225.5,242.816,0.928686742224565
2016-08-02 14:35:00,2016-08-02 00:00:00,27,8,14.5833333333333,-0.0921522824431897,0.911966262519768,2.704,-0.986833062170757,52.04,0.958,910,224.9,246.61,0.911966262519768
2016-08-04 10:01:00,2016-08-04 00:00:00,28,8,10.0166666666667,-0.0591138734527387,0.94259942599426,2.581,0.277203466042979,50.81,2.145,900,229.9,243.9,0.94259942599426
2016-08-04 10:06:00,2016-08-04 00:00:00,28,8,10.1,-0.165409496261285,0.847546565866877,2.638,-1.15295749216346,51.38,0.802,787.6,180.9,213.4396,0.847546565866877
2016-08-04 10:11:00,2016-08-04 00:00:00,28,8,10.1833333333333,-0.0653172378399729,0.93677023726759,2.781,-0.878213242560141,52.81,1.06,828,210.2,224.388,0.93677023726759
2016-08-04 10:16:00,2016-08-04 00:00:00,28,8,10.2666666666667,-0.0731213623992157,0.929488018284438,2.86,-0.343633346045149,53.6,1.562,846,213.1,229.266,0.929488018284438
2016-08-04 10:21:00,2016-08-04 00:00:00,28,8,10.35,-0.0727637361804183,0.929820487016059,2.711,-0.386229353735587,52.11,1.522,858,216.2,232.518,0.929820487016059
2016-08-04 10:31:00,2016-08-04 00:00:00,28,8,10.5166666666667,-0.644476056923955,0.524937507439591,2.676,-1.34889912753948,51.76,0.618,930,132.3,252.03,0.524937507439591
2016-08-04 10:37:00,2016-08-04 00:00:00,28,8,10.6166666666667,-0.0843725363721735,0.919088798303468,2.971,-0.519341877768204,54.71,1.397,917,228.4,248.507,0.919088798303468
2016-08-04 10:44:00,2016-08-04 00:00:00,28,8,10.7333333333333,-0.0866293904070245,0.917016887919706,2.944,-0.0582400945192172,54.44,1.83,907,225.4,245.797,0.917016887919706
2016-08-04 10:52:00,2016-08-04 00:00:00,28,8,10.8666666666667,-0.167582289445505,0.845707021663518,2.595,0.445457696420207,50.95,2.303,836,191.6,226.556,0.845707021663518
2016-08-04 10:58:00,2016-08-04 00:00:00,28,8,10.9666666666667,-0.111442277940034,0.89454302477918,2.97,-0.890992044867272,54.7,1.048,983,238.3,266.393,0.89454302477918
2016-08-04 11:03:00,2016-08-04 00:00:00,28,8,11.05,-0.114456526382613,0.891850709551872,3.173,-0.711023912375173,56.73,1.217,1005,242.9,272.355,0.891850709551872
2016-08-04 11:10:00,2016-08-04 00:00:00,28,8,11.1666666666667,-0.138771841600015,0.870426600944976,3.253,-1.1518925919712,57.53,0.803,1084,255.7,293.764,0.870426600944976
2016-08-04 11:20:00,2016-08-04 00:00:00,28,8,11.3333333333333,-0.149124250864494,0.861462070841907,3.572,-1.01878006793858,60.72,0.928,1085,253.3,294.035,0.861462070841907
2016-08-04 11:38:00,2016-08-04 00:00:00,28,8,11.6333333333333,-0.126772915566203,0.88093369621479,3.154,-0.450123365271243,56.54,1.462,1105,263.8,299.455,0.88093369621479
2016-08-04 11:47:00,2016-08-04 00:00:00,28,8,11.7833333333333,-0.152302240992159,0.858728698501072,3.641,-0.699310010260303,61.41,1.228,1079,251.1,292.409,0.858728698501072
2016-08-04 11:54:00,2016-08-04 00:00:00,28,8,11.9,-0.159897333276121,0.852231280268444,3.707,-1.58104736945236,62.07,0.4,1037,239.5,281.027,0.852231280268444
2016-08-04 12:30:00,2016-08-04 00:00:00,28,8,12.5,-0.579312240172539,0.560283574619515,2.232,-0.908030447943447,47.32,1.032,715.9,108.7,194.0089,0.560283574619515
2016-08-04 13:50:00,2016-08-04 00:00:00,28,8,13.8333333333333,-0.399300616466704,0.670789020815378,1.788,-0.777047724295352,42.88,1.155,793.8,144.3,215.1198,0.670789020815378
2016-08-04 14:50:00,2016-08-04 00:00:00,28,8,14.8333333333333,-0.0640915962371095,0.937919085737133,2.451,-1.20087800081521,49.51,0.757,886,225.2,240.106,0.937919085737133
2016-08-06 10:02:00,2016-08-06 00:00:00,29,8,10.0333333333333,-0.240465579159854,0.786261708770934,2.251,-0.516147177191422,47.51,1.4,910,193.9,246.61,0.786261708770934
2016-08-06 10:56:00,2016-08-06 00:00:00,29,8,10.9333333333333,-0.0659847845445787,0.936145108057415,1.873,0.245256460275151,43.73,2.115,663,168.2,179.673,0.936145108057415
2016-08-06 11:47:00,2016-08-06 00:00:00,29,8,11.7833333333333,-0.103173280396042,0.901970666105164,2.487,-0.785566925833439,49.87,1.147,1069,261.3,289.699,0.901970666105164
2016-08-06 12:17:00,2016-08-06 00:00:00,29,8,12.2833333333333,-0.257012368333248,0.773358648548811,2.022,-0.294647937201146,45.22,1.608,929,194.7,251.759,0.773358648548811
2016-08-06 14:21:00,2016-08-06 00:00:00,29,8,14.35,-0.0446828005591765,0.956300771798927,1.752,-0.411786958349849,42.52,1.498,655.2,169.8,177.5592,0.956300771798927
2016-08-06 14:42:00,2016-08-06 00:00:00,29,8,14.7,-0.0660234954990167,0.936108869688206,2.42,0.112143936242533,49.2,1.99,814,206.5,220.594,0.936108869688206
2016-08-06 14:47:00,2016-08-06 00:00:00,29,8,14.7833333333333,-0.0760686338338136,0.926752597792767,2.604,-0.379839952582021,51.04,1.528,760.9,191.1,206.2039,0.926752597792767
2016-08-06 14:55:00,2016-08-06 00:00:00,29,8,14.9166666666667,-0.0687966324841769,0.933516507708313,2.693,-0.32233534219993,51.93,1.582,745.9,188.7,202.1389,0.933516507708313
2016-08-07 10:00:00,2016-08-07 00:00:00,30,8,10,-0.0592145862638148,0.942504498936615,1.973,-0.374515451620717,44.73,1.533,812,207.4,220.052,0.942504498936615
2016-08-07 10:06:00,2016-08-07 00:00:00,30,8,10.1,-0.0645071361400457,0.937529423896912,2.128,-0.473551169500984,46.28,1.44,823,209.1,223.033,0.937529423896912
2016-08-07 10:11:00,2016-08-07 00:00:00,30,8,10.1833333333333,-0.071134021506199,0.931337064566818,2.354,-0.62796169737882,48.54,1.295,836,211,226.556,0.931337064566818
2016-08-07 10:16:00,2016-08-07 00:00:00,30,8,10.2666666666667,-0.0700882215277667,0.932311566326997,2.29,-0.154081111822702,47.9,1.74,847,214,229.537,0.932311566326997
2016-08-07 10:21:00,2016-08-07 00:00:00,30,8,10.35,-0.069123749772168,0.933211188260374,2.136,-1.33292562465556,46.36,0.633,862,218,233.602,0.933211188260374
2016-08-07 10:26:00,2016-08-07 00:00:00,30,8,10.4333333333333,-0.0792858470052731,0.923775828147298,2.446,-1.07308997774389,49.46,0.877,874,218.8,236.854,0.923775828147298
2016-08-07 10:31:00,2016-08-07 00:00:00,30,8,10.5166666666667,-0.0917567960855034,0.912327004064743,2.973,-1.13378928870277,54.73,0.82,906,224,245.526,0.912327004064743
2016-08-07 10:36:00,2016-08-07 00:00:00,30,8,10.6,-0.1101445975725,0.895704609220005,3.321,-1.16254159389381,58.21,0.793,943,228.9,255.553,0.895704609220005
2016-08-07 10:41:00,2016-08-07 00:00:00,30,8,10.6833333333333,-0.106845276273929,0.898664706986053,2.673,-0.108290403555482,51.73,1.783,944,229.9,255.824,0.898664706986053
2016-08-07 10:46:00,2016-08-07 00:00:00,30,8,10.7666666666667,-0.106901611778657,0.898614081682218,2.684,-0.753619920065611,51.84,1.177,942,229.4,255.282,0.898614081682218
2016-08-07 11:00:00,2016-08-07 00:00:00,30,8,11,-0.0896660292925122,0.914236462489755,2.775,-0.739776217566219,52.75,1.19,959,237.6,259.889,0.914236462489755
2016-08-07 11:05:00,2016-08-07 00:00:00,30,8,11.0833333333333,-0.0956456939829461,0.908785947363606,2.596,-0.331919443930279,50.96,1.573,968,238.4,262.328,0.908785947363606
2016-08-07 11:10:00,2016-08-07 00:00:00,30,8,11.1666666666667,-0.106579520268872,0.89890356426594,2.683,-0.683336507376389,51.83,1.243,977,238,264.767,0.89890356426594
2016-08-07 11:15:00,2016-08-07 00:00:00,30,8,11.25,-0.126393912340139,0.881267636205774,3.021,-1.11994558620337,55.21,0.833,1020,243.6,276.42,0.881267636205774
2016-08-07 11:25:00,2016-08-07 00:00:00,30,8,11.4166666666667,-0.120414192637077,0.886553156870151,3.122,-1.72267909502307,56.22,0.267,1016,244.1,275.336,0.886553156870151
2016-08-07 11:30:00,2016-08-07 00:00:00,30,8,11.5,-0.118866371058232,0.887926445505868,2.919,-0.700374910452564,54.19,1.227,1019,245.2,276.149,0.887926445505868
2016-08-07 11:35:00,2016-08-07 00:00:00,30,8,11.5833333333333,-0.120083765417532,0.886846146567975,3.144,-1.19235879927712,56.44,0.765,1014,243.7,274.794,0.886846146567975
2016-08-07 11:40:00,2016-08-07 00:00:00,30,8,11.6666666666667,-0.118490358689343,0.888260379609784,3.149,0.13131213970323,56.49,2.008,1002,241.2,271.542,0.888260379609784
2016-08-07 11:45:00,2016-08-07 00:00:00,30,8,11.75,-0.126189287825408,0.881447983619302,3.454,-0.915484749289274,59.54,1.025,1011,241.5,273.981,0.881447983619302
2016-08-07 11:50:00,2016-08-07 00:00:00,30,8,11.8333333333333,-0.145347378944353,0.864721854765718,3.628,-1.34996402773174,61.28,0.617,1060,248.4,287.26,0.864721854765718
2016-08-07 12:17:00,2016-08-07 00:00:00,30,8,12.2833333333333,-0.0885474902926174,0.915259643755573,2.467,-1.12633498735694,49.67,0.827,1018,252.5,275.878,0.915259643755573
2016-08-07 12:25:00,2016-08-07 00:00:00,30,8,12.4166666666667,-0.130178671091586,0.877938554666446,3.166,-1.37871633292278,56.66,0.59,1068,254.1,289.428,0.877938554666446
2016-08-07 12:30:00,2016-08-07 00:00:00,30,8,12.5,-0.134310616509775,0.874318444676984,2.556,1.62217240886855,50.56,3.408,1072,254,290.512,0.874318444676984
2016-08-07 12:35:00,2016-08-07 00:00:00,30,8,12.5833333333333,-0.131803780879345,0.87651296681034,2.51,-0.0720837970186095,50.1,1.817,1071,254.4,290.241,0.87651296681034
2016-08-07 12:40:00,2016-08-07 00:00:00,30,8,12.6666666666667,-0.141819049334437,0.867778267334912,3.091,-0.436279662771851,55.91,1.475,1072,252.1,290.512,0.867778267334912
2016-08-07 12:45:00,2016-08-07 00:00:00,30,8,12.75,-0.142719779195136,0.866996985451841,2.966,0.685060239678919,54.66,2.528,1027,241.3,278.317,0.866996985451841
2016-08-07 12:50:00,2016-08-07 00:00:00,30,8,12.8333333333333,-0.139587796505785,0.869716661768387,3.173,-1.54058116214645,56.73,0.438,1017,239.7,275.607,0.869716661768387
2016-08-07 12:55:00,2016-08-07 00:00:00,30,8,12.9166666666667,-0.14856085614038,0.861947550773218,2.896,-0.406462457388545,53.96,1.503,1048,244.8,284.008,0.861947550773218
2016-08-07 13:00:00,2016-08-07 00:00:00,30,8,13,-0.135094476730198,0.873633369764783,2.543,0.458236498727339,50.43,2.315,1023,242.2,277.233,0.873633369764783
2016-08-07 13:07:00,2016-08-07 00:00:00,30,8,13.1166666666667,-0.126189287825408,0.881447983619302,2.757,-0.526796179114031,52.57,1.39,1011,241.5,273.981,0.881447983619302
2016-08-07 13:12:00,2016-08-07 00:00:00,30,8,13.2,-0.118694733058481,0.888078860504629,2.662,0.22182865604541,51.62,2.093,986,237.3,267.206,0.888078860504629
2016-08-07 13:17:00,2016-08-07 00:00:00,30,8,13.2833333333333,-0.102568012653199,0.902516765105732,2.102,1.3208056544587,46.02,3.125,969,237,262.599,0.902516765105732
2016-08-07 13:23:00,2016-08-07 00:00:00,30,8,13.3833333333333,-0.106403152769313,0.899062115621156,2.576,-0.649259701224039,50.76,1.275,960,233.9,260.16,0.899062115621156
2016-08-07 13:28:00,2016-08-07 00:00:00,30,8,13.4666666666667,-0.103559667304139,0.901622223769407,2.296,0.609452326028392,47.96,2.457,954,233.1,258.534,0.901622223769407
2016-08-07 13:33:00,2016-08-07 00:00:00,30,8,13.55,-0.109148638042322,0.89659713914985,2.45,-0.257376430472013,49.5,1.643,947,230.1,256.637,0.89659713914985
2016-08-07 13:38:00,2016-08-07 00:00:00,30,8,13.6333333333333,-0.0985328270946658,0.906165945330745,2.289,1.28353414772957,47.89,3.09,937,230.1,253.927,0.906165945330745
2016-08-07 13:47:00,2016-08-07 00:00:00,30,8,13.7833333333333,-0.105022341891595,0.900304407858083,2.575,-0.204131420858966,50.75,1.693,914,223,247.694,0.900304407858083
2016-08-07 13:54:00,2016-08-07 00:00:00,30,8,13.9,-0.0911222086794489,0.912906139028168,2.248,0.328318675271504,47.48,2.193,903,223.4,244.713,0.912906139028168
2016-08-07 14:01:00,2016-08-07 00:00:00,30,8,14.0166666666667,-0.0947522486318948,0.909598260768161,2.698,-0.617312695456211,51.98,1.305,886,218.4,240.106,0.909598260768161
2016-08-07 14:08:00,2016-08-07 00:00:00,30,8,14.1333333333333,-0.0721978091146911,0.930346846522426,2.115,1.33358445676583,46.15,3.137,871,219.6,236.041,0.930346846522426
2016-08-07 14:18:00,2016-08-07 00:00:00,30,8,14.3,-0.082312163113481,0.920984416455735,2.821,0.295306769311415,53.21,2.162,847,211.4,229.537,0.920984416455735
2016-08-07 14:26:00,2016-08-07 00:00:00,30,8,14.4333333333333,-0.0736858829497037,0.928963451275044,2.708,-0.849460937369096,52.08,1.087,829,208.7,224.659,0.928963451275044
2016-08-07 14:32:00,2016-08-07 00:00:00,30,8,14.5333333333333,-0.0786990385321215,0.924318066710079,2.718,-0.800475528525092,52.18,1.133,816,204.4,221.136,0.924318066710079
2016-08-07 14:37:00,2016-08-07 00:00:00,30,8,14.6166666666667,-0.0724723184310151,0.930091492695749,2.476,0.103624734704446,49.76,1.982,803,202.4,217.613,0.930091492695749
2016-08-07 14:42:00,2016-08-07 00:00:00,30,8,14.7,-0.0627924768867293,0.939138346381573,2.14,-0.194547319128618,46.4,1.702,793.3,201.9,214.9843,0.939138346381573
2016-08-07 14:47:00,2016-08-07 00:00:00,30,8,14.7833333333333,-0.0668927098847128,0.935295543920531,2.344,-0.789826526602483,48.44,1.143,779.2,197.5,211.1632,0.935295543920531
2016-08-07 14:52:00,2016-08-07 00:00:00,30,8,14.8666666666667,-0.0767020502227142,0.926165763383756,2.567,-1.3701971313847,50.67,0.598,782.1,196.3,211.9491,0.926165763383756
2016-08-07 14:57:00,2016-08-07 00:00:00,30,8,14.95,-0.0662465439458722,0.935900095342996,2.36,-0.63861069930143,48.6,1.285,757.8,192.2,205.3638,0.935900095342996
2016-08-08 10:00:00,2016-08-08 00:00:00,31,8,10,-0.0369264706822329,0.963746996402985,1.535,-0.329789643545757,40.35,1.575,682.3,178.2,184.9033,0.963746996402985
2016-08-08 10:12:00,2016-08-08 00:00:00,31,8,10.2,-0.0445751185551004,0.956403753727084,1.412,0.314474972772112,39.12,2.18,702.2,182,190.2962,0.956403753727084
2016-08-08 10:26:00,2016-08-08 00:00:00,31,8,10.4333333333333,-0.0259889104282769,0.974345894627519,1.566,-0.94530195467258,40.66,0.997,603.3,159.3,163.4943,0.974345894627519
2016-08-08 10:34:00,2016-08-08 00:00:00,31,8,10.5666666666667,-0.07693651695753,0.925948633777147,2.205,-0.443733964117678,47.05,1.468,616.9,154.8,167.1799,0.925948633777147
2016-08-08 10:45:00,2016-08-08 00:00:00,31,8,10.75,-0.084660576807112,0.918824101689752,2.617,-0.970859559286843,51.17,0.973,675.9,168.3,183.1689,0.918824101689752
2016-08-08 10:53:00,2016-08-08 00:00:00,31,8,10.8833333333333,-0.0862196526156388,0.917392701381257,1.984,-0.619442495840733,44.84,1.303,721.2,179.3,195.4452,0.917392701381257
2016-08-08 11:05:00,2016-08-08 00:00:00,31,8,11.0833333333333,-0.0675229199750413,0.934706296925517,2.221,-1.35528852869304,47.21,0.612,763.9,193.5,207.0169,0.934706296925517
2016-08-08 11:15:00,2016-08-08 00:00:00,31,8,11.25,-0.0742306068940214,0.928457560437673,2.62,-1.30417331946452,51.2,0.66,713.4,179.5,193.3314,0.928457560437673
2016-08-08 11:32:00,2016-08-08 00:00:00,31,8,11.5333333333333,-0.0751337537596967,0.92761940544755,2.248,-1.1955534998539,47.48,0.762,758.2,190.6,205.4722,0.92761940544755
2016-08-08 11:39:00,2016-08-08 00:00:00,31,8,11.65,-0.0615193455215955,0.940334754297172,2.449,-0.704634511221608,49.49,1.223,605.5,154.3,164.0905,0.940334754297172
2016-08-08 11:55:00,2016-08-08 00:00:00,31,8,11.9166666666667,-0.0912882233192108,0.912754595823904,2.211,-0.939977453711276,47.11,1.002,794.4,196.5,215.2824,0.912754595823904
2016-08-08 12:38:00,2016-08-08 00:00:00,31,8,12.6333333333333,-0.0356904416456709,0.964938952168654,1.235,-0.670557705069258,37.35,1.255,615.3,160.9,166.7463,0.964938952168654
2016-08-10 10:43:00,2016-08-10 00:00:00,32,8,10.7166666666667,-0.0572394881000922,0.944367877413714,1.881,0.154739943932971,43.81,2.03,996,254.9,269.916,0.944367877413714
2016-08-10 10:48:00,2016-08-10 00:00:00,32,8,10.8,-0.0766570085940876,0.92620748033761,2.556,0.518935809686212,50.56,2.372,898,225.4,243.358,0.92620748033761
2016-08-10 10:53:00,2016-08-10 00:00:00,32,8,10.8833333333333,-0.108079646135089,0.897556106708608,2.703,-0.225429424704185,52.03,1.673,976,237.4,264.496,0.897556106708608
2016-08-10 11:01:00,2016-08-10 00:00:00,32,8,11.0166666666667,-0.0739256842420766,0.928740711346589,2.667,-0.1295884074007,51.67,1.763,740.2,186.3,200.5942,0.928740711346589
2016-08-10 11:14:00,2016-08-10 00:00:00,32,8,11.2333333333333,-0.100443307641708,0.904436385590982,2.728,1.10995541639103,52.28,2.927,929,227.7,251.759,0.904436385590982
2016-08-10 11:19:00,2016-08-10 00:00:00,32,8,11.3166666666667,-0.0965917351024564,0.907926605039246,2.716,0.106819435281229,52.16,1.985,873,214.8,236.583,0.907926605039246
2016-08-10 11:32:00,2016-08-10 00:00:00,32,8,11.5333333333333,-0.101732441133381,0.903271197558053,2.802,0.327253775079243,53.02,2.192,1007,246.5,272.897,0.903271197558053
2016-08-10 11:37:00,2016-08-10 00:00:00,32,8,11.6166666666667,-0.148747023878049,0.861787098883647,3.143,0.884196575631714,56.43,2.715,1106,258.3,299.726,0.861787098883647
2016-08-10 11:48:00,2016-08-10 00:00:00,32,8,11.8,-0.0615799201662547,0.940277795578714,2.369,0.259100162774543,48.69,2.128,633.4,161.4,171.6514,0.940277795578714
2016-08-10 11:55:00,2016-08-10 00:00:00,32,8,11.9166666666667,-0.0384405785215624,0.962288883669124,2.261,0.183492249124016,47.61,2.057,633.1,165.1,171.5701,0.962288883669124
2016-08-10 13:15:00,2016-08-10 00:00:00,32,8,13.25,-0.274451260012288,0.759989045202952,2.72,-0.646065000647256,52.2,1.278,1024,210.9,277.504,0.759989045202952
2016-08-10 13:39:00,2016-08-10 00:00:00,32,8,13.65,-0.228004088750921,0.796121004688308,2.379,0.316604773156634,48.79,2.182,1035,223.3,280.485,0.796121004688308
2016-08-10 13:54:00,2016-08-10 00:00:00,32,8,13.9,-0.13757484178853,0.871469125248437,2.416,0.886326376016237,49.16,2.717,1023,241.6,277.233,0.871469125248437
2016-08-10 14:12:00,2016-08-10 00:00:00,32,8,14.2,-0.113036710627096,0.89311787259702,2.8,-0.217975123358358,53,1.68,973,235.5,263.683,0.89311787259702
2016-08-10 14:34:00,2016-08-10 00:00:00,32,8,14.5666666666667,-0.0602420086924122,0.941536645957421,2.179,0.277203466042979,46.79,2.145,863,220.2,233.873,0.941536645957421
2016-08-10 14:41:00,2016-08-10 00:00:00,32,8,14.6833333333333,-0.0715462226661987,0.930953245459228,2.432,0.665892036218222,49.32,2.51,874,220.5,236.854,0.930953245459228
2016-08-10 14:49:00,2016-08-10 00:00:00,32,8,14.8166666666667,-0.153095031006359,0.858048176755059,2.461,1.41877647214671,49.61,3.217,772.8,179.7,209.4288,0.858048176755059
2016-08-10 14:54:00,2016-08-10 00:00:00,32,8,14.9,-0.0791701764846834,0.923882687958393,2.345,1.50183868714306,48.45,3.295,806,201.8,218.426,0.923882687958393
2016-08-11 10:00:00,2016-08-11 00:00:00,33,8,10,-0.0920325543800005,0.912075457010765,2.923,-0.188157917975052,54.23,1.708,786.9,194.5,213.2499,0.912075457010765
2016-08-11 10:05:00,2016-08-11 00:00:00,33,8,10.0833333333333,-0.108444238545073,0.897228924212319,3.148,-0.780242424872135,56.48,1.152,832,202.3,225.472,0.897228924212319
2016-08-11 10:10:00,2016-08-11 00:00:00,33,8,10.1666666666667,-0.0969227596411951,0.907626108792164,3.123,0.344292178155418,56.23,2.208,756.2,186,204.9302,0.907626108792164
2016-08-11 10:15:00,2016-08-11 00:00:00,33,8,10.25,-0.113836301714773,0.892404028935394,3.159,-0.758944421026916,56.59,1.172,858,207.5,232.518,0.892404028935394
2016-08-11 10:20:00,2016-08-11 00:00:00,33,8,10.3333333333333,-0.11711846083361,0.889479818401377,3.068,-0.303167138739233,55.68,1.6,877,211.4,237.667,0.889479818401377
2016-08-11 10:25:00,2016-08-11 00:00:00,33,8,10.4166666666667,-0.11568494721487,0.890755814194812,3.033,0.692514541024746,55.33,2.535,889,214.6,240.919,0.890755814194812
2016-08-11 10:30:00,2016-08-11 00:00:00,33,8,10.5,-0.125989488043685,0.881624114328882,3.22,-0.239273127203577,57.2,1.66,889,212.4,240.919,0.881624114328882
2016-08-11 10:35:00,2016-08-11 00:00:00,33,8,10.5833333333333,-0.13253486636455,0.875872395087587,3.416,-1.36593753061565,59.16,0.602,902,214.1,244.442,0.875872395087587
2016-08-11 10:40:00,2016-08-11 00:00:00,33,8,10.6666666666667,-0.136959652344906,0.87200540879581,3.374,-0.0507857931733907,58.74,1.837,906,214.1,245.526,0.87200540879581
2016-08-11 10:45:00,2016-08-11 00:00:00,33,8,10.75,-0.140223303398337,0.869164126423873,3.535,-1.15721709293251,60.35,0.798,920,216.7,249.32,0.869164126423873
2016-08-11 10:50:00,2016-08-11 00:00:00,33,8,10.8333333333333,-0.137816316857403,0.871258712587126,3.577,0.0993651339354018,60.77,1.978,936,221,253.656,0.871258712587126
2016-08-11 10:55:00,2016-08-11 00:00:00,33,8,10.9166666666667,-0.141439934913706,0.868107316959843,3.483,0.0131082183622657,59.83,1.897,953,224.2,258.263,0.868107316959843
2016-08-11 11:00:00,2016-08-11 00:00:00,33,8,11,-0.14109457257321,0.868407180312405,3.438,-0.15195131143818,59.38,1.742,931,219.1,252.301,0.868407180312405
2016-08-11 11:06:00,2016-08-11 00:00:00,33,8,11.1,-0.147697795591769,0.862691784812585,3.558,0.282527967004283,60.58,2.15,950,222.1,257.45,0.862691784812585
2016-08-11 11:11:00,2016-08-11 00:00:00,33,8,11.1833333333333,-0.165284975838001,0.847652109295032,3.659,-0.76320402179596,61.59,1.168,1013,232.7,274.523,0.847652109295032
2016-08-11 11:28:00,2016-08-11 00:00:00,33,8,11.4666666666667,-0.0729457825311156,0.929651231996191,2.572,-0.0901871002870454,50.72,1.8,620,156.2,168.02,0.929651231996191
2016-08-11 11:41:00,2016-08-11 00:00:00,33,8,11.6833333333333,-0.0714146251911011,0.931075764617193,2.518,-0.297842637777929,50.18,1.605,689.2,173.9,186.7732,0.931075764617193
2016-08-11 11:47:00,2016-08-11 00:00:00,33,8,11.7833333333333,-0.118622381630463,0.888143116602862,2.993,-0.0603698949037391,54.93,1.828,961,231.3,260.431,0.888143116602862
2016-08-11 11:52:00,2016-08-11 00:00:00,33,8,11.8666666666667,-0.115551971200759,0.890874271228328,3.205,0.0269519208616579,57.05,1.91,869,209.8,235.499,0.890874271228328
2016-08-11 11:57:00,2016-08-11 00:00:00,33,8,11.95,-0.106164889348564,0.899276354757951,3.146,-0.143432109900092,56.46,1.75,786.2,191.6,213.0602,0.899276354757951
2016-08-11 12:02:00,2016-08-11 00:00:00,33,8,12.0333333333333,-0.110089577861284,0.895753891984689,2.933,0.078067130090183,54.33,1.958,755.1,183.3,204.6321,0.895753891984689
2016-08-11 12:07:00,2016-08-11 00:00:00,33,8,12.1166666666667,-0.112399244901963,0.893687386132698,3.211,-0.700374910452564,57.11,1.227,877,212.4,237.667,0.893687386132698
2016-08-11 12:12:00,2016-08-11 00:00:00,33,8,12.2,-0.123964845772355,0.88341089596463,3.314,0.172843247201407,58.14,2.047,873,209,236.583,0.88341089596463
2016-08-11 12:17:00,2016-08-11 00:00:00,33,8,12.2833333333333,-0.122427315893749,0.884770211338477,3.35,-0.327659843161235,58.5,1.577,880,211,238.48,0.884770211338477
2016-08-11 12:22:00,2016-08-11 00:00:00,33,8,12.3666666666667,-0.128818344244162,0.879133650729083,3.477,-0.436279662771851,59.77,1.475,889,211.8,240.919,0.879133650729083
2016-08-11 12:27:00,2016-08-11 00:00:00,33,8,12.45,-0.105006932027741,0.900318281533331,3.372,-0.0720837970186095,58.72,1.817,785.7,191.7,212.9247,0.900318281533331
2016-08-11 12:32:00,2016-08-11 00:00:00,33,8,12.5333333333333,-0.110577306199494,0.895317113950677,3.112,0.582829821221869,56.12,2.432,821,199.2,222.491,0.895317113950677
2016-08-11 12:38:00,2016-08-11 00:00:00,33,8,12.6333333333333,-0.139341404845545,0.869930979102537,3.412,0.0354711223997454,59.12,1.918,965,227.5,261.515,0.869930979102537
2016-08-11 12:43:00,2016-08-11 00:00:00,33,8,12.7166666666667,-0.14394676624417,0.865933843743074,3.52,-0.134912908362005,60.2,1.758,949,222.7,257.179,0.865933843743074
2016-08-11 12:48:00,2016-08-11 00:00:00,33,8,12.8,-0.13791862388087,0.87116958126103,3.504,0.660567535256917,60.04,2.505,920,217.2,249.32,0.87116958126103
2016-08-11 12:53:00,2016-08-11 00:00:00,33,8,12.8833333333333,-0.143419277783624,0.86639073434491,3.416,0.061028727014008,59.16,1.942,937,220,253.927,0.86639073434491
2016-08-11 12:58:00,2016-08-11 00:00:00,33,8,12.9666666666667,-0.136209301320838,0.872659964489849,3.364,0.415640491036901,58.64,2.275,929,219.7,251.759,0.872659964489849
2016-08-11 13:04:00,2016-08-11 00:00:00,33,8,13.0666666666667,-0.127032685916633,0.880704885480227,3.141,0.322994174310199,56.41,2.188,918,219.1,248.778,0.880704885480227
2016-08-11 13:09:00,2016-08-11 00:00:00,33,8,13.15,-0.14180295159557,0.867792236715291,3.259,-0.512952476614639,57.59,1.403,961,226,260.431,0.867792236715291
2016-08-11 13:14:00,2016-08-11 00:00:00,33,8,13.2333333333333,-0.130812634148684,0.877382150444881,3.062,0.178167748162711,55.62,2.052,924,219.7,250.404,0.877382150444881
2016-08-11 13:23:00,2016-08-11 00:00:00,33,8,13.3833333333333,-0.127570211609684,0.880231611186228,2.847,0.530649711801083,53.47,2.383,947,225.9,256.637,0.880231611186228
2016-08-11 13:49:00,2016-08-11 00:00:00,33,8,13.8166666666667,-0.111375156200122,0.894603070078579,2.615,0.671216537179527,51.15,2.515,919,222.8,249.049,0.894603070078579
2016-08-11 13:59:00,2016-08-11 00:00:00,33,8,13.9833333333333,-0.098002016475427,0.906647075520529,2.686,0.554077516030823,51.86,2.405,884,217.2,239.564,0.906647075520529
2016-08-11 14:04:00,2016-08-11 00:00:00,33,8,14.0666666666667,-0.0993938140749244,0.905386084023253,2.593,1.44859367753001,50.93,3.245,862,211.5,233.602,0.905386084023253
2016-08-11 14:11:00,2016-08-11 00:00:00,33,8,14.1833333333333,-0.0915921693130193,0.912477209878482,2.693,2.38890054729642,51.93,4.128,846,209.2,229.266,0.912477209878482
2016-08-11 14:16:00,2016-08-11 00:00:00,33,8,14.2666666666667,-0.0876450414301324,0.916085991592209,2.593,0.540233813531431,50.93,2.392,833,206.8,225.743,0.916085991592209
2016-08-11 14:21:00,2016-08-11 00:00:00,33,8,14.35,-0.0866310417324194,0.917015373627682,2.746,0.234607458352541,52.46,2.105,806,200.3,218.426,0.917015373627682
2016-08-11 14:26:00,2016-08-11 00:00:00,33,8,14.4333333333333,-0.0912882233192108,0.912754595823904,2.728,0.524260310647517,52.28,2.377,794.4,196.5,215.2824,0.912754595823904
2016-08-11 14:31:00,2016-08-11 00:00:00,33,8,14.5166666666667,-0.0838529980737494,0.919566424195568,2.529,0.218633955468627,50.29,2.09,783.7,195.3,212.3827,0.919566424195568
2016-08-11 14:36:00,2016-08-11 00:00:00,33,8,14.6,-0.0845124625888363,0.918960202682304,2.603,-0.00180038432938742,51.03,1.883,779.8,194.2,211.3258,0.918960202682304
2016-08-11 14:41:00,2016-08-11 00:00:00,33,8,14.6833333333333,-0.0868005087525427,0.916859982932077,2.608,0.39221268680716,51.08,2.253,767.5,190.7,207.9925,0.916859982932077
2016-08-11 14:46:00,2016-08-11 00:00:00,33,8,14.7666666666667,-0.0834599596910366,0.919927920131966,2.648,0.271878965081674,51.48,2.14,750.5,187.1,203.3855,0.919927920131966
2016-08-11 14:51:00,2016-08-11 00:00:00,33,8,14.85,-0.0931628509629367,0.911045123639164,2.605,0.328318675271504,51.05,2.193,788.6,194.7,213.7106,0.911045123639164
2016-08-11 14:56:00,2016-08-11 00:00:00,33,8,14.9333333333333,-0.0879070286255764,0.915846020228571,2.61,0.253775661813238,51.1,2.123,803,199.3,217.613,0.915846020228571
2016-08-12 10:00:00,2016-08-12 00:00:00,34,8,10,-0.0788237612743974,0.924202790415001,2.714,-0.966599958517799,52.14,0.977,762.6,191,206.6646,0.924202790415001
2016-08-12 10:05:00,2016-08-12 00:00:00,34,8,10.0833333333333,-0.084790140302365,0.918705063339293,2.772,-0.180703616629225,52.72,1.715,776,193.2,210.296,0.918705063339293
2016-08-12 10:11:00,2016-08-12 00:00:00,34,8,10.1833333333333,-0.0925529080125019,0.911600978692559,2.888,-0.324465142584452,53.88,1.58,786.5,194.3,213.1415,0.911600978692559
2016-08-12 10:16:00,2016-08-12 00:00:00,34,8,10.2666666666667,-0.094192990426952,0.910107103332624,2.966,-0.31062144008506,54.66,1.593,795.9,196.3,215.6889,0.910107103332624
2016-08-12 10:21:00,2016-08-12 00:00:00,34,8,10.35,-0.097632848807587,0.906981842095649,3.034,-0.116809605093569,55.34,1.775,808,198.6,218.968,0.906981842095649
2016-08-12 10:26:00,2016-08-12 00:00:00,34,8,10.4333333333333,-0.103630384160946,0.901558466134112,3.187,-0.0763433977876533,56.87,1.813,819,200.1,221.949,0.901558466134112
2016-08-12 10:31:00,2016-08-12 00:00:00,34,8,10.5166666666667,-0.104176870458376,0.901065911385506,3.24,-0.0976414016328721,57.4,1.793,826,201.7,223.846,0.901065911385506
2016-08-12 10:37:00,2016-08-12 00:00:00,34,8,10.6166666666667,-0.10992592513201,0.895900496549662,3.191,-0.587495490072904,56.91,1.333,839,203.7,227.369,0.895900496549662
2016-08-12 10:42:00,2016-08-12 00:00:00,34,8,10.7,-0.113746512611132,0.892484160690663,3.188,-0.236078426626794,56.88,1.663,848,205.1,229.808,0.892484160690663
2016-08-12 10:50:00,2016-08-12 00:00:00,34,8,10.8333333333333,-0.126416745084578,0.881247514676769,3.453,-1.08054427908972,59.53,0.87,863,206.1,233.873,0.881247514676769
2016-08-12 10:55:00,2016-08-12 00:00:00,34,8,10.9166666666667,-0.12953981451481,0.87849961068418,3.562,-0.157275812399485,60.62,1.737,872,207.6,236.312,0.87849961068418
2016-08-12 11:01:00,2016-08-12 00:00:00,34,8,11.0166666666667,-0.122335451561093,0.884851493896923,3.498,0.455041798150556,59.98,2.312,877,210.3,237.667,0.884851493896923
2016-08-12 11:07:00,2016-08-12 00:00:00,34,8,11.1166666666667,-0.128456450771006,0.879451861034958,3.564,-0.787696726217961,60.64,1.145,887,211.4,240.377,0.879451861034958
2016-08-12 11:12:00,2016-08-12 00:00:00,34,8,11.2,-0.125313290105384,0.882220468341302,3.603,-0.207326121435749,61.03,1.69,893,213.5,242.003,0.882220468341302
2016-08-12 11:18:00,2016-08-12 00:00:00,34,8,11.3,-0.136361542385723,0.872527119920029,3.588,-0.36706115027489,60.88,1.54,897,212.1,243.087,0.872527119920029
2016-08-12 11:24:00,2016-08-12 00:00:00,34,8,11.4,-0.136492689926895,0.87241269763691,3.498,0.0184327193235703,59.98,1.902,906,214.2,245.526,0.87241269763691
2016-08-12 11:30:00,2016-08-12 00:00:00,34,8,11.5,-0.13916472490322,0.870084692036348,3.579,-0.904835747366665,60.79,1.035,908,214.1,246.068,0.870084692036348
2016-08-12 11:35:00,2016-08-12 00:00:00,34,8,11.5833333333333,-0.140732621053191,0.868721558502714,3.34,-0.0901871002870454,58.4,1.8,909,214,246.339,0.868721558502714
2016-08-12 11:40:00,2016-08-12 00:00:00,34,8,11.6666666666667,-0.138638643058854,0.870542548220242,3.312,0.375174283730985,58.12,2.237,916,216.1,248.236,0.870542548220242
2016-08-12 11:46:00,2016-08-12 00:00:00,34,8,11.7666666666667,-0.143639195706419,0.866200220443763,3.382,-0.518276977575943,58.82,1.398,924,216.9,250.404,0.866200220443763
2016-08-12 11:51:00,2016-08-12 00:00:00,34,8,11.85,-0.150415008397162,0.8603508494978,3.397,-0.603468992956818,58.97,1.318,935,218,253.385,0.8603508494978
2016-08-12 11:56:00,2016-08-12 00:00:00,34,8,11.9333333333333,-0.147400042066527,0.862948692578408,3.367,0.245256460275151,58.67,2.115,951,222.4,257.721,0.862948692578408
2016-08-12 12:01:00,2016-08-12 00:00:00,34,8,12.0166666666667,-0.169775624119813,0.843854135870736,3.626,-0.66203850353117,61.26,1.263,1011,231.2,273.981,0.843854135870736
2016-08-12 12:08:00,2016-08-12 00:00:00,34,8,12.1333333333333,-0.18622690402994,0.830085223929162,3.844,-0.143432109900092,63.44,1.75,1066,239.8,288.886,0.830085223929162
2016-08-12 12:20:00,2016-08-12 00:00:00,34,8,12.3333333333333,-0.167634382692429,0.845662967186294,3.734,0.514676208917168,62.34,2.368,1042,238.8,282.382,0.845662967186294
2016-08-12 12:32:00,2016-08-12 00:00:00,34,8,12.5333333333333,-0.116706618785052,0.889846219036353,3.574,-0.116809605093569,60.74,1.775,836,201.6,226.556,0.889846219036353
2016-08-12 13:58:00,2016-08-12 00:00:00,34,8,13.9666666666667,-0.42587796798142,0.653196048089513,2.79,-0.992157563132062,52.9,0.953,992,175.6,268.832,0.653196048089513
2016-08-12 14:43:00,2016-08-12 00:00:00,34,8,14.7166666666667,-0.0761635134296152,0.926664672052126,2.913,-0.528925979498553,54.13,1.388,799.2,200.7,216.5832,0.926664672052126
2016-08-12 14:56:00,2016-08-12 00:00:00,34,8,14.9333333333333,-0.0922009322991292,0.911921896571682,3.341,-0.651389501608561,58.41,1.273,784.2,193.8,212.5182,0.911921896571682
2016-08-13 10:03:00,2016-08-13 00:00:00,35,8,10.05,-0.0870277653095225,0.916651644163195,3.302,-0.207326121435749,58.02,1.69,771.7,191.7,209.1307,0.916651644163195
2016-08-13 10:08:00,2016-08-13 00:00:00,35,8,10.1333333333333,-0.0907212055918669,0.913272290617643,3.433,-0.567262386419947,59.33,1.352,779,192.8,211.109,0.913272290617643
2016-08-13 10:13:00,2016-08-13 00:00:00,35,8,10.2166666666667,-0.0980116388545462,0.906638351460614,3.563,-1.57359306810653,60.63,0.407,784.7,192.8,212.6537,0.906638351460614
2016-08-13 10:18:00,2016-08-13 00:00:00,35,8,10.3,-0.0996290044157874,0.905173171000064,3.521,0.0429254237455721,60.21,1.925,798.2,195.8,216.3122,0.905173171000064
2016-08-13 10:24:00,2016-08-13 00:00:00,35,8,10.4,-0.101564587836768,0.903422827331722,3.44,-0.257376430472013,59.4,1.643,812,198.8,220.052,0.903422827331722
2016-08-13 10:32:00,2016-08-13 00:00:00,35,8,10.5333333333333,-0.105326390446488,0.900030713214249,3.505,-1.57039836752975,60.05,0.41,829,202.2,224.659,0.900030713214249
2016-08-13 10:38:00,2016-08-13 00:00:00,35,8,10.6333333333333,-0.102642119719795,0.902449884713901,3.333,0.243126659890629,58.33,2.113,837,204.7,226.827,0.902449884713901
2016-08-13 10:43:00,2016-08-13 00:00:00,35,8,10.7166666666667,-0.109645439890707,0.896151818661044,3.383,-0.23075392566549,58.83,1.668,847,205.7,229.537,0.896151818661044
2016-08-13 10:48:00,2016-08-13 00:00:00,35,8,10.8,-0.116133590757118,0.890356271983772,3.588,-0.496978973730725,60.88,1.418,855,206.3,231.705,0.890356271983772
2016-08-13 10:53:00,2016-08-13 00:00:00,35,8,10.8833333333333,-0.119841579819553,0.887060953942873,3.587,-1.22643560542947,60.87,0.733,864,207.7,234.144,0.887060953942873
2016-08-13 10:58:00,2016-08-13 00:00:00,35,8,10.9666666666667,-0.123586976183395,0.883744773153816,3.583,-0.0188387874055625,60.83,1.867,871,208.6,236.041,0.883744773153816
2016-08-13 11:03:00,2016-08-13 00:00:00,35,8,11.05,-0.120533375933679,0.886447500838645,3.466,0.0322764218229627,59.66,1.915,880,211.4,238.48,0.886447500838645
2016-08-13 11:08:00,2016-08-13 00:00:00,35,8,11.1333333333333,-0.11978832679322,0.887108193881036,3.474,-0.239273127203577,59.74,1.66,886,213,240.106,0.887108193881036
2016-08-13 11:13:00,2016-08-13 00:00:00,35,8,11.2166666666667,-0.125415803658948,0.882130033421546,3.566,-0.59388489122647,60.66,1.327,891,213,241.461,0.882130033421546
2016-08-13 11:19:00,2016-08-13 00:00:00,35,8,11.3166666666667,-0.128667122203815,0.879266605166052,3.652,-1.12633498735694,61.52,0.827,896,213.5,242.816,0.879266605166052
2016-08-13 11:24:00,2016-08-13 00:00:00,35,8,11.4,-0.124988997084633,0.882506612676746,3.508,-0.545964382574728,60.08,1.372,904,216.2,244.984,0.882506612676746
2016-08-13 11:29:00,2016-08-13 00:00:00,35,8,11.4833333333333,-0.128941587539844,0.879025310076889,3.697,0.300631270272719,61.97,2.167,908,216.3,246.068,0.879025310076889
2016-08-13 11:34:00,2016-08-13 00:00:00,35,8,11.5666666666667,-0.125967290021321,0.881643684857901,3.577,-0.321270442007669,60.77,1.583,912,217.9,247.152,0.881643684857901
2016-08-13 11:39:00,2016-08-13 00:00:00,35,8,11.65,-0.127136330829256,0.880613609629546,3.549,0.250580961236455,60.49,2.12,916,218.6,248.236,0.880613609629546
2016-08-13 11:44:00,2016-08-13 00:00:00,35,8,11.7333333333333,-0.126474232550085,0.881196855446815,3.453,0.546623214684997,59.53,2.398,920,219.7,249.32,0.881196855446815
2016-08-13 11:49:00,2016-08-13 00:00:00,35,8,11.8166666666667,-0.123912659921478,0.883456998716855,3.358,0.78835555832823,58.58,2.625,926,221.7,250.946,0.883456998716855
2016-08-13 11:54:00,2016-08-13 00:00:00,35,8,11.9,-0.127702019600019,0.880115597272477,3.423,-0.00286528452164848,59.23,1.882,927,221.1,251.217,0.880115597272477
2016-08-13 11:59:00,2016-08-13 00:00:00,35,8,11.9833333333333,-0.129577107770329,0.878466849184621,3.437,-0.148756610861397,59.37,1.745,930,221.4,252.03,0.878466849184621
2016-08-13 12:04:00,2016-08-13 00:00:00,35,8,12.0666666666667,-0.133701473096728,0.874851192241826,3.549,-0.33298434412254,60.49,1.572,933,221.2,252.843,0.874851192241826
2016-08-13 12:09:00,2016-08-13 00:00:00,35,8,12.15,-0.126393912340139,0.881267636205774,3.373,0.168583646432363,58.73,2.043,935,223.3,253.385,0.881267636205774
2016-08-13 12:14:00,2016-08-13 00:00:00,35,8,12.2333333333333,-0.130262102920877,0.877865309702348,3.558,0.226088256814454,60.58,2.097,934,222.2,253.114,0.877865309702348
2016-08-13 12:19:00,2016-08-13 00:00:00,35,8,12.3166666666667,-0.135105063502027,0.873624120856593,3.775,0.431613993920815,62.75,2.29,936,221.6,253.656,0.873624120856593
2016-08-13 12:24:00,2016-08-13 00:00:00,35,8,12.4,-0.131162598254127,0.877075151907836,3.52,1.46137247983714,60.2,3.257,934,222,253.114,0.877075151907836
2016-08-13 12:29:00,2016-08-13 00:00:00,35,8,12.4833333333333,-0.134844734359041,0.873851580281142,3.661,-0.0816678987489579,61.61,1.808,929,220,251.759,0.873851580281142
2016-08-13 12:34:00,2016-08-13 00:00:00,35,8,12.5666666666667,-0.145498519403639,0.864591170183546,3.969,-0.880343042944663,64.69,1.058,927,217.2,251.217,0.864591170183546
2016-08-13 12:39:00,2016-08-13 00:00:00,35,8,12.65,-0.138359839784066,0.870785292170859,3.757,0.449717297189251,62.57,2.307,931,219.7,252.301,0.870785292170859
2016-08-13 12:44:00,2016-08-13 00:00:00,35,8,12.7333333333333,-0.137079705995917,0.871900727646585,3.694,-0.460772367193853,61.94,1.452,926,218.8,250.946,0.871900727646585
2016-08-13 12:49:00,2016-08-13 00:00:00,35,8,12.8166666666667,-0.137624727624132,0.871425652367273,3.726,-0.271220132971405,62.26,1.63,921,217.5,249.591,0.871425652367273
2016-08-13 12:56:00,2016-08-13 00:00:00,35,8,12.9333333333333,-0.14068487737376,0.868763035456442,3.888,0.207984953546018,63.88,2.08,920,216.6,249.32,0.868763035456442
2016-08-13 13:01:00,2016-08-13 00:00:00,35,8,13.0166666666667,-0.133144209902704,0.875338850475883,3.581,0.951285287744154,60.81,2.778,927,219.9,251.217,0.875338850475883
2016-08-13 13:06:00,2016-08-13 00:00:00,35,8,13.1,-0.12493162228373,0.882557247770519,3.481,-0.0688890964418266,59.81,1.82,919,219.8,249.049,0.882557247770519
2016-08-13 13:12:00,2016-08-13 00:00:00,35,8,13.2,-0.129184943912115,0.878811419693144,3.625,-1.1518925919712,61.25,0.803,912,217.2,247.152,0.878811419693144
2016-08-13 13:17:00,2016-08-13 00:00:00,35,8,13.2833333333333,-0.133522655400892,0.875007645104075,3.685,-0.175379115667921,61.85,1.72,905,214.6,245.255,0.875007645104075
2016-08-13 13:22:00,2016-08-13 00:00:00,35,8,13.3666666666667,-0.119442671164076,0.887414880822891,3.365,0.34642197853994,58.65,2.21,899,216.2,243.629,0.887414880822891
2016-08-13 13:27:00,2016-08-13 00:00:00,35,8,13.45,-0.127272218242214,0.880493953454386,3.391,0.570051018914737,58.91,2.42,909,216.9,246.339,0.880493953454386
2016-08-13 13:34:00,2016-08-13 00:00:00,35,8,13.5666666666667,-0.118363306263107,0.888373242415739,3.377,0.22182865604541,58.77,2.093,881,212.1,238.751,0.888373242415739
2016-08-13 13:39:00,2016-08-13 00:00:00,35,8,13.65,-0.113846272682639,0.89239513084786,3.432,0.307020671426285,59.32,2.173,870,210.4,235.77,0.89239513084786
2016-08-13 13:44:00,2016-08-13 00:00:00,35,8,13.7333333333333,-0.109985518111974,0.895847108760105,3.321,-0.0348122902894765,58.21,1.852,865,210,234.415,0.895847108760105
2016-08-13 13:50:00,2016-08-13 00:00:00,35,8,13.8333333333333,-0.103986740090192,0.901237247666594,3.274,-0.274414833548188,57.74,1.627,850,207.6,230.35,0.901237247666594
2016-08-13 13:56:00,2016-08-13 00:00:00,35,8,13.9333333333333,-0.102700002886113,0.902397649568913,3.358,0.135571740472274,58.58,2.012,844,206.4,228.724,0.902397649568913
2016-08-13 14:01:00,2016-08-13 00:00:00,35,8,14.0166666666667,-0.0998778563877831,0.904947944896605,3.217,-0.207326121435749,57.17,1.69,851,208.7,230.621,0.904947944896605
2016-08-13 14:06:00,2016-08-13 00:00:00,35,8,14.1,-0.0950291161326306,0.909346457430717,3.049,0.905494579476933,55.49,2.735,827,203.8,224.117,0.909346457430717
2016-08-13 14:11:00,2016-08-13 00:00:00,35,8,14.1833333333333,-0.0927553224926807,0.911416476127952,2.904,0.572180819299259,54.04,2.422,815,201.3,220.865,0.911416476127952
2016-08-13 14:16:00,2016-08-13 00:00:00,35,8,14.2666666666667,-0.0933906901219747,0.91083757552904,3.005,0.378368984307768,55.05,2.24,822,202.9,222.762,0.91083757552904
2016-08-13 14:21:00,2016-08-13 00:00:00,35,8,14.35,-0.0965076652283315,0.908002937523233,3.07,1.22176993657843,55.7,3.032,814,200.3,220.594,0.908002937523233
2016-08-13 14:26:00,2016-08-13 00:00:00,35,8,14.4333333333333,-0.0918173492663529,0.912271761435247,3.11,1.27607984638374,56.1,3.083,811,200.5,219.781,0.912271761435247
2016-08-13 14:31:00,2016-08-13 00:00:00,35,8,14.5166666666667,-0.0816936358909865,0.921554246598367,2.975,1.42729567368479,54.75,3.225,772.8,193,209.4288,0.921554246598367
2016-08-13 14:36:00,2016-08-13 00:00:00,35,8,14.6,-0.0785917865799825,0.924417206943528,2.802,0.687190040063441,53.02,2.53,773.6,193.8,209.6456,0.924417206943528
2016-08-13 14:41:00,2016-08-13 00:00:00,35,8,14.6833333333333,-0.0850501074689618,0.918466261228738,2.926,0.124922738549664,54.26,2.002,775.8,193.1,210.2418,0.918466261228738
2016-08-13 14:46:00,2016-08-13 00:00:00,35,8,14.7666666666667,-0.0881851752702015,0.915591316155235,2.979,0.337902777001852,54.79,2.202,760.1,188.6,205.9871,0.915591316155235
2016-08-13 14:51:00,2016-08-13 00:00:00,35,8,14.85,-0.0743000865387626,0.928393053777193,2.779,0.614776826989697,52.79,2.462,736.9,185.4,199.6999,0.928393053777193
2016-08-13 14:56:00,2016-08-13 00:00:00,35,8,14.9333333333333,-0.0736777884525698,0.928970970797471,2.743,0.245256460275151,52.43,2.115,728.1,183.3,197.3151,0.928970970797471
2016-08-14 10:00:00,2016-08-14 00:00:00,36,8,10,-0.0586061522717171,0.943078125200636,2.218,-0.244597628164882,47.18,1.655,775.9,198.3,210.2689,0.943078125200636
2016-08-14 10:06:00,2016-08-14 00:00:00,36,8,10.1,-0.0787688526477499,0.924253538514208,2.849,-0.109355303747742,53.49,1.782,793.3,198.7,214.9843,0.924253538514208
2016-08-14 10:11:00,2016-08-14 00:00:00,36,8,10.1833333333333,-0.155234456783237,0.85621440867271,2.705,-0.0337473900972157,52.05,1.853,821,190.5,222.491,0.85621440867271
2016-08-14 10:18:00,2016-08-14 00:00:00,36,8,10.3,-0.0882516746771997,0.915530431900064,2.922,-0.566197486227686,54.22,1.353,846,209.9,229.266,0.915530431900064
2016-08-14 10:25:00,2016-08-14 00:00:00,36,8,10.4166666666667,-0.105467208530533,0.899903981536898,3.187,-0.750425219488828,56.87,1.18,857,209,232.247,0.899903981536898
2016-08-14 10:30:00,2016-08-14 00:00:00,36,8,10.5,-0.11536706938947,0.891039010724555,3.07,-0.59388489122647,55.7,1.327,897,216.6,243.087,0.891039010724555
2016-08-14 10:37:00,2016-08-14 00:00:00,36,8,10.6166666666667,-0.107368053345028,0.898195028461913,3.03,0.673346337564048,55.3,2.517,903,219.8,244.713,0.898195028461913
2016-08-14 10:45:00,2016-08-14 00:00:00,36,8,10.75,-0.186489339333854,0.82986740884358,2.921,1.26756064484565,54.21,3.075,944,212.3,255.824,0.82986740884358
2016-08-14 10:58:00,2016-08-14 00:00:00,36,8,10.9666666666667,-0.517375554629723,0.596082883905762,3.009,-0.253116829702969,55.09,1.647,1014,163.8,274.794,0.596082883905762
2016-08-14 11:39:00,2016-08-14 00:00:00,36,8,11.65,-0.081479595750622,0.921751517309834,2.386,0.194141251046626,48.86,2.067,974,243.3,263.954,0.921751517309834
2016-08-14 11:44:00,2016-08-14 00:00:00,36,8,11.7333333333333,-0.104880540593301,0.900432081243889,2.681,0.114273736627055,51.81,1.992,936,228.4,253.656,0.900432081243889
2016-08-14 11:50:00,2016-08-14 00:00:00,36,8,11.8333333333333,-0.121214258008986,0.885844140056703,3.009,-0.5821709891116,55.09,1.338,941,225.9,255.011,0.885844140056703
2016-08-14 11:55:00,2016-08-14 00:00:00,36,8,11.9166666666667,-0.144123608298542,0.865780723762621,3.329,-0.434149862387329,58.29,1.477,1031,241.9,279.401,0.865780723762621
2016-08-14 12:02:00,2016-08-14 00:00:00,36,8,12.0333333333333,-0.151592522687316,0.859338370299319,3.143,0.551947715646301,56.43,2.403,1031,240.1,279.401,0.859338370299319
2016-08-14 12:25:00,2016-08-14 00:00:00,36,8,12.4166666666667,-0.120517475660194,0.886461595708394,2.994,-0.262700931433318,54.94,1.638,952,228.7,257.992,0.886461595708394
2016-08-14 12:30:00,2016-08-14 00:00:00,36,8,12.5,-0.121920911877823,0.885218375993284,2.93,0.732980748330661,54.3,2.573,945,226.7,256.095,0.885218375993284
2016-08-14 12:35:00,2016-08-14 00:00:00,36,8,12.5833333333333,-0.129786033477966,0.878283334047702,3.074,-0.23075392566549,55.74,1.668,947,225.4,256.637,0.878283334047702
2016-08-14 12:40:00,2016-08-14 00:00:00,36,8,12.6666666666667,-0.124666304907118,0.882791436610018,3.057,0.147285642587144,55.57,2.023,943,225.6,255.553,0.882791436610018
2016-08-14 12:45:00,2016-08-14 00:00:00,36,8,12.75,-0.115582771791426,0.890846832197136,2.713,1.23241893850104,52.13,3.042,944,227.9,255.824,0.890846832197136
2016-08-14 12:50:00,2016-08-14 00:00:00,36,8,12.8333333333333,-0.121567805761581,0.885531007208806,2.861,1.07374880985416,53.61,2.893,948,227.5,256.908,0.885531007208806
2016-08-14 12:55:00,2016-08-14 00:00:00,36,8,12.9166666666667,-0.137010839568586,0.871960774402265,2.792,0.683995339486658,52.92,2.527,1022,241.5,276.962,0.871960774402265
2016-08-14 13:08:00,2016-08-14 00:00:00,36,8,13.1333333333333,-0.126145256798204,0.881486795533906,3.184,0.644594032373003,56.84,2.49,931,222.4,252.301,0.881486795533906
2016-08-14 13:30:00,2016-08-14 00:00:00,36,8,13.5,-0.225725006287255,0.797937499293277,2.812,-0.0667592960573047,53.12,1.822,979,211.7,265.309,0.797937499293277
2016-08-14 13:35:00,2016-08-14 00:00:00,36,8,13.5833333333333,-0.121918590240512,0.88522043115168,3.166,0.472080201226731,56.66,2.328,950,227.9,257.45,0.88522043115168
2016-08-14 13:40:00,2016-08-14 00:00:00,36,8,13.6666666666667,-0.124078748081555,0.88331027915396,3.174,1.19834213234869,56.74,3.01,899,215.2,243.629,0.88331027915396
2016-08-14 13:54:00,2016-08-14 00:00:00,36,8,13.9,-0.10161021903026,0.903381604010425,2.713,-0.143432109900092,52.13,1.75,926,226.7,250.946,0.903381604010425
2016-08-14 14:05:00,2016-08-14 00:00:00,36,8,14.0833333333333,-0.107842253774179,0.897769204964777,3.185,-0.699310010260303,56.85,1.228,880,214.1,238.48,0.897769204964777
2016-08-14 14:14:00,2016-08-14 00:00:00,36,8,14.2333333333333,-0.104795769861896,0.900508414765375,3.093,0.204790252969235,55.93,2.077,847,206.7,229.537,0.900508414765375
2016-08-14 14:19:00,2016-08-14 00:00:00,36,8,14.3166666666667,-0.114767454361086,0.891573451319555,3.422,-0.221169823935141,59.22,1.677,829,200.3,224.659,0.891573451319555
2016-08-14 14:24:00,2016-08-14 00:00:00,36,8,14.4,-0.107604551044093,0.897982632520936,2.861,1.56253799810193,53.61,3.352,835,203.2,226.285,0.897982632520936
2016-08-14 14:29:00,2016-08-14 00:00:00,36,8,14.4833333333333,-0.108218702596326,0.897431304410132,3.049,1.28566394811409,55.49,3.092,824,200.4,223.304,0.897431304410132
2016-08-14 14:34:00,2016-08-14 00:00:00,36,8,14.5666666666667,-0.0991579167613748,0.905599687361436,3.198,-1.40214413715252,56.98,0.568,785.6,192.8,212.8976,0.905599687361436
2016-08-14 14:39:00,2016-08-14 00:00:00,36,8,14.65,-0.101735815312888,0.903268149764031,3.206,0.00352411663191716,57.06,1.888,781.5,191.3,211.7865,0.903268149764031
2016-08-14 14:44:00,2016-08-14 00:00:00,36,8,14.7333333333333,-0.0976993688723062,0.906921511611429,3.031,0.896975377938846,55.31,2.727,781.2,192,211.7052,0.906921511611429
2016-08-15 10:00:00,2016-08-15 00:00:00,37,8,10,-0.0657737869164727,0.936342653294834,2.572,-0.45757766661707,50.72,1.455,766.9,194.6,207.8299,0.936342653294834
2016-08-15 10:05:00,2016-08-15 00:00:00,37,8,10.0833333333333,-0.0729024766942581,0.929691492192522,2.789,-0.773853023718569,52.89,1.158,783.5,197.4,212.3285,0.929691492192522
2016-08-15 10:10:00,2016-08-15 00:00:00,37,8,10.1666666666667,-0.0735038091222772,0.929132606605068,2.439,-0.0454612922120859,49.39,1.842,793.9,199.9,215.1469,0.929132606605068
2016-08-15 10:15:00,2016-08-15 00:00:00,37,8,10.25,-0.0724519636471312,0.930110424699753,2.519,-0.835617234869703,50.19,1.1,801,201.9,217.071,0.930110424699753
2016-08-15 10:20:00,2016-08-15 00:00:00,37,8,10.3333333333333,-0.083610661068335,0.91978929617306,2.928,-0.534250480459857,54.28,1.383,814,202.9,220.594,0.91978929617306
2016-08-15 10:25:00,2016-08-15 00:00:00,37,8,10.4166666666667,-0.0806579030174544,0.922509225092251,2.581,-1.30417331946452,50.81,0.66,822,205.5,222.762,0.922509225092251
2016-08-15 10:30:00,2016-08-15 00:00:00,37,8,10.5,-0.0917503726734512,0.912332864335837,3.053,-1.36274283003887,55.53,0.605,834,206.2,226.014,0.912332864335837
2016-08-15 10:35:00,2016-08-15 00:00:00,37,8,10.5833333333333,-0.0981287314978809,0.906532196994568,3.187,-0.997482064093366,56.87,0.948,843,207.1,228.453,0.906532196994568
2016-08-15 10:40:00,2016-08-15 00:00:00,37,8,10.6666666666667,-0.0982230353734423,0.906446711525939,3.209,-1.26477201235086,57.09,0.697,850,208.8,230.35,0.906446711525939
2016-08-15 10:45:00,2016-08-15 00:00:00,37,8,10.75,-0.0987483763970903,0.905970642942751,3.011,-0.255246630087491,55.11,1.645,859,210.9,232.789,0.905970642942751
2016-08-15 10:50:00,2016-08-15 00:00:00,37,8,10.8333333333333,-0.0985799467786719,0.906123248083692,2.827,-0.374515451620717,53.27,1.533,867,212.9,234.957,0.906123248083692
2016-08-15 10:55:00,2016-08-15 00:00:00,37,8,10.9166666666667,-0.0946873805411346,0.909657266584472,2.81,-0.473551169500984,53.1,1.44,847,208.8,229.537,0.909657266584472
2016-08-15 11:00:00,2016-08-15 00:00:00,37,8,11,-0.0960551967489852,0.908413873192324,2.629,-0.619442495840733,51.29,1.303,877,215.9,237.667,0.908413873192324
2016-08-15 11:05:00,2016-08-15 00:00:00,37,8,11.0833333333333,-0.107191939107534,0.898353227324598,3.139,-1.27222631369669,56.39,0.69,886,215.7,240.106,0.898353227324598
2016-08-15 11:10:00,2016-08-15 00:00:00,37,8,11.1666666666667,-0.107211148086954,0.898335971041681,3.276,-0.691855708914476,57.76,1.235,893,217.4,242.003,0.898335971041681
2016-08-15 11:15:00,2016-08-15 00:00:00,37,8,11.25,-0.11161033441861,0.894392703660073,3.424,-1.29352431754191,59.24,0.67,899,217.9,243.629,0.894392703660073
2016-08-15 11:20:00,2016-08-15 00:00:00,37,8,11.3333333333333,-0.1242461510306,0.883162422784449,3.71,-0.693985509298998,62.1,1.233,905,216.6,245.255,0.883162422784449
2016-08-15 11:25:00,2016-08-15 00:00:00,37,8,11.4166666666667,-0.127377445040374,0.880401306769407,3.874,-1.07521977812841,63.74,0.875,907,216.4,245.797,0.880401306769407
2016-08-15 11:30:00,2016-08-15 00:00:00,37,8,11.5,-0.11846578373368,0.888282208837456,3.284,-0.585365689688383,57.84,1.335,911,219.3,246.881,0.888282208837456
2016-08-15 11:35:00,2016-08-15 00:00:00,37,8,11.5833333333333,-0.120209825698652,0.886734357539654,3.527,-0.971924459479104,60.27,0.972,918,220.6,248.778,0.886734357539654
2016-08-15 11:40:00,2016-08-15 00:00:00,37,8,11.6666666666667,-0.13064054388519,0.877533152362943,3.761,-0.0656943958650439,62.61,1.823,923,219.5,250.133,0.877533152362943
2016-08-15 11:45:00,2016-08-15 00:00:00,37,8,11.75,-0.131447940201999,0.876824921277906,3.716,-1.02729926947667,62.16,0.92,941,223.6,255.011,0.876824921277906
2016-08-15 11:50:00,2016-08-15 00:00:00,37,8,11.8333333333333,-0.128057927835159,0.879802412619337,3.674,-0.631156397955603,61.74,1.292,877,209.1,237.667,0.879802412619337
2016-08-15 11:55:00,2016-08-15 00:00:00,37,8,11.9166666666667,-0.135032173429814,0.873687801702672,3.825,-1.10503698351172,63.25,0.847,941,222.8,255.011,0.873687801702672
2016-08-15 12:00:00,2016-08-15 00:00:00,37,8,12,-0.139913599226548,0.869433351867765,3.62,-1.03794827139928,61.2,0.91,949,223.6,257.179,0.869433351867765
2016-08-15 12:05:00,2016-08-15 00:00:00,37,8,12.0833333333333,-0.134866978320169,0.873832142576745,3.662,-1.29352431754191,61.62,0.67,940,222.6,254.74,0.873832142576745
2016-08-15 12:10:00,2016-08-15 00:00:00,37,8,12.1666666666667,-0.13207001163909,0.876279643157605,3.501,0.465690800073165,60.01,2.322,886,210.4,240.106,0.876279643157605
2016-08-15 12:15:00,2016-08-15 00:00:00,37,8,12.25,-0.117871499357889,0.888810257965593,2.979,0.518935809686212,54.79,2.372,876,211,237.396,0.888810257965593
2016-08-15 12:20:00,2016-08-15 00:00:00,37,8,12.3333333333333,-0.10323759076962,0.901912661899827,2.939,-1.13911378966407,54.39,0.815,851,208,230.621,0.901912661899827
2016-08-15 12:25:00,2016-08-15 00:00:00,37,8,12.4166666666667,-0.0869948852376475,0.916681784230641,3.026,-1.21578660350686,55.26,0.743,728.2,180.9,197.3422,0.916681784230641
2016-08-15 12:31:00,2016-08-15 00:00:00,37,8,12.5166666666667,-0.100460530313634,0.904420808913971,3.124,0.0216274199003533,56.24,1.905,693.6,170,187.9656,0.904420808913971
2016-08-15 12:37:00,2016-08-15 00:00:00,37,8,12.6166666666667,-0.112435022938142,0.893655412325048,3.522,-1.34357462657817,60.22,0.623,908,219.9,246.068,0.893655412325048
2016-08-15 12:42:00,2016-08-15 00:00:00,37,8,12.7,-0.136043042168538,0.872805064257539,3.861,-1.55974936560714,63.61,0.42,928,219.5,251.488,0.872805064257539
2016-08-15 12:47:00,2016-08-15 00:00:00,37,8,12.7833333333333,-0.141872194903778,0.86773214999031,3.702,-1.01345556697728,62.02,0.933,933,219.4,252.843,0.86773214999031
2016-08-15 12:52:00,2016-08-15 00:00:00,37,8,12.8666666666667,-0.137199960760179,0.871795883734238,3.4,0.213309454507322,59,2.085,935,220.9,253.385,0.871795883734238
2016-08-15 13:01:00,2016-08-15 00:00:00,37,8,13.0166666666667,-0.123036175601624,0.884231674369433,3.294,-1.62044867656602,57.94,0.363,911,218.3,246.881,0.884231674369433
2016-08-15 13:13:00,2016-08-15 00:00:00,37,8,13.2166666666667,-0.114044919050191,0.892217877402655,3.063,-0.580041188727078,55.63,1.34,938,226.8,254.198,0.892217877402655
2016-08-15 13:18:00,2016-08-15 00:00:00,37,8,13.3,-0.123098406007368,0.884176649985678,3.528,-0.519341877768204,60.28,1.397,876,209.9,237.396,0.884176649985678
2016-08-15 13:23:00,2016-08-15 00:00:00,37,8,13.3833333333333,-0.136578692937053,0.872337670745129,3.82,-0.878213242560141,63.2,1.06,912,215.6,247.152,0.872337670745129
2016-08-15 13:29:00,2016-08-15 00:00:00,37,8,13.4833333333333,-0.136122512844518,0.87273570460515,4.078,-0.699310010260303,65.78,1.228,923,218.3,250.133,0.87273570460515
2016-08-15 13:34:00,2016-08-15 00:00:00,37,8,13.5666666666667,-0.122066235871717,0.885089741870455,4.087,-1.32866602388652,65.87,0.637,853,204.6,231.163,0.885089741870455
2016-08-15 13:40:00,2016-08-15 00:00:00,37,8,13.6666666666667,-0.102408636910623,0.902660615848212,3.823,0.250580961236455,63.23,2.12,818,200.1,221.678,0.902660615848212
2016-08-15 13:45:00,2016-08-15 00:00:00,37,8,13.75,-0.089669360765773,0.9142334167405,3.477,-0.510822676230117,59.77,1.405,758,187.8,205.418,0.9142334167405
2016-08-15 13:50:00,2016-08-15 00:00:00,37,8,13.8333333333333,-0.0975054735900659,0.907097376463025,3.423,-1.0347535708225,59.23,0.913,838,206,227.098,0.907097376463025
2016-08-15 14:01:00,2016-08-15 00:00:00,37,8,14.0166666666667,-0.0635589726790001,0.938418776599546,2.641,-0.793021227179266,51.41,1.14,753.8,191.7,204.2798,0.938418776599546
2016-08-15 14:06:00,2016-08-15 00:00:00,37,8,14.1,-0.0767734297413126,0.926099656476791,2.858,-1.11781578581885,53.58,0.835,796.5,199.9,215.8515,0.926099656476791
2016-08-15 14:11:00,2016-08-15 00:00:00,37,8,14.1833333333333,-0.093403055701501,0.910826312564201,3.211,-0.630091497763342,57.11,1.293,837,206.6,226.827,0.910826312564201
2016-08-15 14:16:00,2016-08-15 00:00:00,37,8,14.2666666666667,-0.107111972823006,0.898425068166766,3.475,-0.444798864309938,59.75,1.467,858,208.9,232.518,0.898425068166766
2016-08-15 14:21:00,2016-08-15 00:00:00,37,8,14.35,-0.103021499104313,0.902107578768095,3.378,-0.0614347950960001,58.78,1.827,832,203.4,225.472,0.902107578768095
2016-08-15 14:26:00,2016-08-15 00:00:00,37,8,14.4333333333333,-0.10168527020953,0.903313806699878,3.431,-0.182833417013747,59.31,1.713,817,200,221.407,0.903313806699878
2016-08-15 14:31:00,2016-08-15 00:00:00,37,8,14.5166666666667,-0.108138280600135,0.897503480529311,3.645,-0.364931349890368,61.45,1.542,819,199.2,221.949,0.897503480529311
2016-08-15 14:36:00,2016-08-15 00:00:00,37,8,14.6,-0.1104891438007,0.895396050734701,3.703,-0.154081111822702,62.03,1.74,837,203.1,226.827,0.895396050734701
2016-08-16 10:00:00,2016-08-16 00:00:00,38,8,10,-0.0397451854612242,0.961034293465016,2.242,0.612647026605175,47.42,2.46,749.5,195.2,203.1145,0.961034293465016
2016-08-16 10:05:00,2016-08-16 00:00:00,38,8,10.0833333333333,-0.048651106882368,0.95251339710093,2.296,-0.0529155935579126,47.96,1.835,774.8,200,209.9708,0.95251339710093
2016-08-16 10:10:00,2016-08-16 00:00:00,38,8,10.1666666666667,-0.0520033707453044,0.949325666902462,2.447,-0.633286198340125,49.47,1.29,780.9,200.9,211.6239,0.949325666902462
2016-08-16 10:15:00,2016-08-16 00:00:00,38,8,10.25,-0.073240683771636,0.92937711711502,2.669,0.279333266427501,51.69,2.147,792.5,199.6,214.7675,0.92937711711502
2016-08-16 10:20:00,2016-08-16 00:00:00,38,8,10.3333333333333,-0.059782393453304,0.941969490011324,2.683,0.307020671426285,51.83,2.173,796.4,203.3,215.8244,0.941969490011324
2016-08-16 10:26:00,2016-08-16 00:00:00,38,8,10.4333333333333,-0.0640883231486068,0.937922155634333,2.594,-0.0869923997102627,50.94,1.803,814,206.9,220.594,0.937922155634333
2016-08-16 10:31:00,2016-08-16 00:00:00,38,8,10.5166666666667,-0.0632071451007222,0.938748996291919,2.648,-0.265895632010101,51.48,1.635,818,208.1,221.678,0.938748996291919
2016-08-16 10:36:00,2016-08-16 00:00:00,38,8,10.6,-0.0698858060355433,0.932500299732239,2.795,0.468885500649948,52.95,2.325,831,210,225.201,0.932500299732239
2016-08-16 10:41:00,2016-08-16 00:00:00,38,8,10.6833333333333,-0.0695163867941333,0.932844846922843,2.901,-0.615182895071689,54.01,1.307,839,212.1,227.369,0.932844846922843
2016-08-16 10:46:00,2016-08-16 00:00:00,38,8,10.7666666666667,-0.0783077256725008,0.924679835033644,3.029,-0.265895632010101,55.29,1.635,850,213,230.35,0.924679835033644
2016-08-16 10:51:00,2016-08-16 00:00:00,38,8,10.85,-0.0794889958124727,0.923588183250253,2.961,-0.548094182959249,54.61,1.37,855,214,231.705,0.923588183250253
2016-08-16 10:56:00,2016-08-16 00:00:00,38,8,10.9333333333333,-0.0850504658540713,0.918465932064165,3.089,-0.476745870077767,55.89,1.437,867,215.8,234.957,0.918465932064165
2016-08-16 11:01:00,2016-08-16 00:00:00,38,8,11.0166666666667,-0.093988369321115,0.910293349508838,3.306,-1.11568598543433,58.06,0.837,876,216.1,237.396,0.910293349508838
2016-08-16 11:06:00,2016-08-16 00:00:00,38,8,11.1,-0.0926259808359572,0.911534367868931,3.176,0.417770291421423,56.76,2.277,891,220.1,241.461,0.911534367868931
2016-08-16 11:11:00,2016-08-16 00:00:00,38,8,11.1833333333333,-0.103080367073287,0.902054475090205,3.243,-0.755749720450133,57.43,1.175,902,220.5,244.442,0.902054475090205
2016-08-16 11:16:00,2016-08-16 00:00:00,38,8,11.2666666666667,-0.10423026420293,0.901017801386805,3.224,0.147285642587144,57.24,2.023,910,222.2,246.61,0.901017801386805
2016-08-16 11:22:00,2016-08-16 00:00:00,38,8,11.3666666666667,-0.100246506395644,0.904614397314542,3.328,-0.204131420858966,58.28,1.693,897,219.9,243.087,0.904614397314542
2016-08-16 11:27:00,2016-08-16 00:00:00,38,8,11.45,-0.117146196280591,0.889455148623147,3.451,-0.252051929510708,59.51,1.648,921,222,249.591,0.889455148623147
2016-08-16 11:32:00,2016-08-16 00:00:00,38,8,11.5333333333333,-0.10555728344637,0.899822926412072,3.212,-0.319140641623148,57.12,1.585,919,224.1,249.049,0.899822926412072
2016-08-16 11:37:00,2016-08-16 00:00:00,38,8,11.6166666666667,-0.111161357310869,0.894794355668879,3.205,0.0674181281675736,57.05,1.948,932,226,252.572,0.894794355668879
2016-08-16 11:43:00,2016-08-16 00:00:00,38,8,11.7166666666667,-0.116563686518703,0.889973415863191,3.391,-0.540639881613423,58.91,1.377,930,224.3,252.03,0.889973415863191
2016-08-16 11:48:00,2016-08-16 00:00:00,38,8,11.8,-0.113145395736862,0.893020809257769,3.283,0.231412757775758,57.83,2.102,926,224.1,250.946,0.893020809257769
2016-08-16 11:53:00,2016-08-16 00:00:00,38,8,11.8833333333333,-0.116040497617885,0.890439161902349,3.242,-0.833487434485181,57.42,1.102,932,224.9,252.572,0.890439161902349
2016-08-16 11:58:00,2016-08-16 00:00:00,38,8,11.9666666666667,-0.111791363460984,0.894230807259841,3.36,-0.411786958349849,58.6,1.498,933,226.1,252.843,0.894230807259841
2016-08-16 12:03:00,2016-08-16 00:00:00,38,8,12.05,-0.120764077893687,0.886243019250816,3.604,-0.587495490072904,61.04,1.333,931,223.6,252.301,0.886243019250816
2016-08-16 12:08:00,2016-08-16 00:00:00,38,8,12.1333333333333,-0.119423295569922,0.887432075180043,3.359,-0.0710188968263485,58.59,1.818,931,223.9,252.301,0.887432075180043
2016-08-16 12:13:00,2016-08-16 00:00:00,38,8,12.2166666666667,-0.117921174920716,0.888766106912406,3.348,-0.630091497763342,58.48,1.293,935,225.2,253.385,0.888766106912406
2016-08-16 12:18:00,2016-08-16 00:00:00,38,8,12.3,-0.119266037877689,0.887571641673863,3.341,0.282527967004283,58.41,2.15,940,226.1,254.74,0.887571641673863
2016-08-16 12:23:00,2016-08-16 00:00:00,38,8,12.3833333333333,-0.123886637568275,0.88347998864604,3.546,-0.783437125448917,60.46,1.149,936,224.1,253.656,0.88347998864604
2016-08-16 12:28:00,2016-08-16 00:00:00,38,8,12.4666666666667,-0.117397172420424,0.889231944614003,3.484,0.110014135858011,59.84,1.988,937,225.8,253.927,0.889231944614003
2016-08-16 12:37:00,2016-08-16 00:00:00,38,8,12.6166666666667,-0.147838358965235,0.862570530467209,3.351,-0.795151027563788,58.51,1.138,945,220.9,256.095,0.862570530467209
2016-08-16 12:42:00,2016-08-16 00:00:00,38,8,12.7,-0.0961620895534198,0.908316775475447,3.533,-0.233948626242272,60.33,1.665,923,227.2,250.133,0.908316775475447
2016-08-16 12:48:00,2016-08-16 00:00:00,38,8,12.8,-0.107223304122802,0.898325050903786,3.371,0.0567691262449642,58.71,1.938,946,230.3,256.366,0.898325050903786
2016-08-16 12:53:00,2016-08-16 00:00:00,38,8,12.8833333333333,-0.103927651032414,0.901290502499768,3.339,-0.363866449698107,58.39,1.543,913,223,247.423,0.901290502499768
2016-08-16 12:58:00,2016-08-16 00:00:00,38,8,12.9666666666667,-0.0970190904457325,0.907538680649964,3.377,-0.0337473900972157,58.77,1.853,912,224.3,247.152,0.907538680649964
2016-08-16 13:03:00,2016-08-16 00:00:00,38,8,13.05,-0.0951267141373712,0.909257711361644,3.341,0.35707098046255,58.41,2.22,905,223,245.255,0.909257711361644
2016-08-16 13:08:00,2016-08-16 00:00:00,38,8,13.1333333333333,-0.0907420220840805,0.913253279689988,3.174,0.594543723336739,56.74,2.443,897,222,243.087,0.913253279689988
2016-08-16 13:13:00,2016-08-16 00:00:00,38,8,13.2166666666667,-0.091881365387304,0.912213363205061,2.928,0.314474972772112,54.28,2.18,896,221.5,242.816,0.912213363205061
2016-08-16 13:18:00,2016-08-16 00:00:00,38,8,13.3,-0.0905500700140739,0.913428597373222,2.953,0.429484193536293,54.53,2.288,894,221.3,242.274,0.913428597373222
2016-08-16 13:23:00,2016-08-16 00:00:00,38,8,13.3833333333333,-0.0865442682140653,0.917094949730536,2.911,1.28672884830635,54.11,3.093,886,220.2,240.106,0.917094949730536
2016-08-16 13:29:00,2016-08-16 00:00:00,38,8,13.4833333333333,-0.0788330849928253,0.924194173448584,2.868,1.0673594087006,53.68,2.887,876,219.4,237.396,0.924194173448584
2016-08-16 13:34:00,2016-08-16 00:00:00,38,8,13.5666666666667,-0.0797408924075731,0.923355563830868,2.915,0.87887207467041,54.15,2.71,872,218.2,236.312,0.923355563830868
2016-08-16 13:39:00,2016-08-16 00:00:00,38,8,13.65,-0.0818146411452781,0.921442740438965,2.829,0.383693485269073,53.29,2.245,865,216,234.415,0.921442740438965
2016-08-16 13:44:00,2016-08-16 00:00:00,38,8,13.7333333333333,-0.0778710921102752,0.925083669441346,2.833,0.197335951623408,53.33,2.07,860,215.6,233.06,0.925083669441346
2016-08-16 13:49:00,2016-08-16 00:00:00,38,8,13.8166666666667,-0.0768914202219775,0.925990391979392,2.863,0.777706556405621,53.63,2.615,848,212.8,229.808,0.925990391979392
2016-08-16 13:54:00,2016-08-16 00:00:00,38,8,13.9,-0.0701616234461673,0.932243135380994,2.991,0.621166228143262,54.91,2.468,834,210.7,226.014,0.932243135380994
2016-08-16 13:59:00,2016-08-16 00:00:00,38,8,13.9833333333333,-0.0703373985964223,0.932079284604668,2.945,0.942766086206066,54.45,2.77,829,209.4,224.659,0.932079284604668
2016-08-16 14:04:00,2016-08-16 00:00:00,38,8,14.0666666666667,-0.0688205863937651,0.933494146606108,2.955,0.0855214314360097,54.55,1.965,823,208.2,223.033,0.933494146606108
2016-08-16 14:09:00,2016-08-16 00:00:00,38,8,14.15,-0.0716848829484536,0.9308241681686,2.944,0.152610143548449,54.44,2.028,821,207.1,222.491,0.9308241681686
2016-08-16 14:14:00,2016-08-16 00:00:00,38,8,14.2333333333333,-0.0642299253750456,0.937789353171653,2.784,0.000329416055134458,52.84,1.885,809,205.6,219.239,0.937789353171653
2016-08-16 14:19:00,2016-08-16 00:00:00,38,8,14.3166666666667,-0.0665609711679578,0.935605869134656,2.705,0.253775661813238,52.05,2.123,803,203.6,217.613,0.935605869134656
2016-08-16 14:24:00,2016-08-16 00:00:00,38,8,14.4,-0.0632401947099979,0.938717971517065,2.654,0.245256460275151,51.54,2.115,796.8,202.7,215.9328,0.938717971517065
2016-08-16 14:29:00,2016-08-16 00:00:00,38,8,14.4833333333333,-0.0593857677419147,0.942343173431734,2.738,0.0557042260527034,52.38,1.937,800,204.3,216.8,0.942343173431734
2016-08-16 14:36:00,2016-08-16 00:00:00,38,8,14.6,-0.0758386165815056,0.926965791397044,2.5,0.751084051599097,50,2.59,828,208,224.388,0.926965791397044
2016-08-16 14:42:00,2016-08-16 00:00:00,38,8,14.7,-0.00948824903298777,0.990556622372703,2.778,-0.327659843161235,52.78,1.577,691.4,185.6,187.3694,0.990556622372703
2016-08-17 10:00:00,2016-08-17 00:00:00,39,8,10,-0.0504520609603886,0.95079950799508,1.711,1.95442126885396,42.11,3.72,900,231.9,243.9,0.95079950799508
2016-08-17 10:05:00,2016-08-17 00:00:00,39,8,10.0833333333333,-0.0480631298352153,0.953073617797847,1.792,0.567921218530216,42.92,2.418,827,213.6,224.117,0.953073617797847
2016-08-17 10:13:00,2016-08-17 00:00:00,39,8,10.2166666666667,-0.207385880204997,0.812705982321331,2.091,-0.244597628164882,45.91,1.655,797.3,175.6,216.0683,0.812705982321331
2016-08-17 10:24:00,2016-08-17 00:00:00,39,8,10.4,-0.0604464141797659,0.941344210368558,1.756,1.39747846830149,42.56,3.197,911,232.4,246.881,0.941344210368558
2016-08-17 10:48:00,2016-08-17 00:00:00,39,8,10.8,-0.558454277215343,0.572092677448514,2.426,0.389017986230378,49.26,2.25,943,146.2,255.553,0.572092677448514
2016-08-17 11:12:00,2016-08-17 00:00:00,39,8,11.2,-0.0878839481091942,0.915867158671587,2.398,0.64139933179622,48.98,2.487,1000,248.2,271,0.915867158671587
2016-08-17 11:25:00,2016-08-17 00:00:00,39,8,11.4166666666667,-0.0612652046367122,0.940573762173265,1.967,0.817107863519276,44.67,2.652,909,231.7,246.339,0.940573762173265
2016-08-17 11:30:00,2016-08-17 00:00:00,39,8,11.5,-0.0719998402743399,0.930531044440879,2.182,0.128117439126447,46.82,2.005,897,226.2,243.087,0.930531044440879
2016-08-17 11:35:00,2016-08-17 00:00:00,39,8,11.5833333333333,-0.105380788518114,0.899981754610684,2.545,-0.255246630087491,50.45,1.645,991,241.7,268.561,0.899981754610684
2016-08-17 11:44:00,2016-08-17 00:00:00,39,8,11.7333333333333,-0.12271752145806,0.884513483353757,2.94,0.300631270272719,54.4,2.167,1078,258.4,292.138,0.884513483353757
2016-08-17 11:52:00,2016-08-17 00:00:00,39,8,11.8666666666667,-0.116900005790889,0.889674150978798,2.949,0.522130510262995,54.49,2.375,944,227.6,255.824,0.889674150978798
2016-08-17 11:57:00,2016-08-17 00:00:00,39,8,11.95,-0.0979232114907635,0.906718526644726,2.721,-0.725932515066827,52.21,1.203,888,218.2,240.648,0.906718526644726
2016-08-17 12:12:00,2016-08-17 00:00:00,39,8,12.2,-0.236398548730411,0.789465970564384,2.458,-0.289323436239841,49.58,1.613,1133,242.4,307.043,0.789465970564384
2016-08-17 12:23:00,2016-08-17 00:00:00,39,8,12.3833333333333,-0.643507461109858,0.525446206033853,2.831,0.045055224130094,53.31,1.927,1177,167.6,318.967,0.525446206033853
2016-08-17 12:38:00,2016-08-17 00:00:00,39,8,12.6333333333333,-0.13802902207676,0.871073411019552,3.071,-0.0667592960573047,55.71,1.822,1051,248.1,284.821,0.871073411019552
2016-08-17 12:49:00,2016-08-17 00:00:00,39,8,12.8166666666667,-0.213738409111867,0.807559607629502,2.785,-0.609858394110384,52.85,1.312,1077,235.7,291.867,0.807559607629502
2016-08-17 13:01:00,2016-08-17 00:00:00,39,8,13.0166666666667,-0.226071190493989,0.797661313741357,2.78,-0.428825361426024,52.8,1.482,702.7,151.9,190.4317,0.797661313741357
2016-08-17 13:12:00,2016-08-17 00:00:00,39,8,13.2,-0.0915394032049886,0.912525359019824,2.478,-1.36274283003887,49.78,0.605,924,228.5,250.404,0.912525359019824
2016-08-17 13:17:00,2016-08-17 00:00:00,39,8,13.2833333333333,-0.107148092023494,0.89839261835764,2.82,-0.0156440868287795,53.2,1.87,941,229.1,255.011,0.89839261835764
2016-08-17 13:23:00,2016-08-17 00:00:00,39,8,13.3833333333333,-0.110917747291051,0.895012363092914,2.731,-0.670557705069258,52.31,1.255,879,213.2,238.209,0.895012363092914
2016-08-17 13:28:00,2016-08-17 00:00:00,39,8,13.4666666666667,-0.110159876272703,0.895690924122356,2.915,0.424159692574988,54.15,2.283,915,222.1,247.965,0.895690924122356
2016-08-17 13:33:00,2016-08-17 00:00:00,39,8,13.55,-0.107984416062825,0.897641585111503,2.951,0.138766441049057,54.51,2.015,920,223.8,249.32,0.897641585111503
2016-08-17 13:39:00,2016-08-17 00:00:00,39,8,13.65,-0.117000606733664,0.889584653422292,3.133,1.25158714196174,56.33,3.06,891,214.8,241.461,0.889584653422292
2016-08-17 13:49:00,2016-08-17 00:00:00,39,8,13.8166666666667,-0.0883884771323096,0.915405193655897,2.262,-0.0529155935579126,47.62,1.835,909,225.5,246.339,0.915405193655897
2016-08-17 13:56:00,2016-08-17 00:00:00,39,8,13.9333333333333,-0.0888921672921788,0.914944229168943,2.538,-0.178573816244703,50.38,1.717,878,217.7,237.938,0.914944229168943
2016-08-17 14:04:00,2016-08-17 00:00:00,39,8,14.0666666666667,-0.0969072592914301,0.907640177423341,2.86,0.103624734704446,53.6,1.982,881,216.7,238.751,0.907640177423341
2016-08-17 14:12:00,2016-08-17 00:00:00,39,8,14.2,-0.0954942603444636,0.908923578546949,2.986,-0.473551169500984,54.86,1.44,842,207.4,228.182,0.908923578546949
2016-08-17 14:20:00,2016-08-17 00:00:00,39,8,14.3333333333333,-0.0569220057524802,0.944667745143281,2.769,0.250580961236455,52.69,2.12,645.3,165.2,174.8763,0.944667745143281
2016-08-17 14:27:00,2016-08-17 00:00:00,39,8,14.45,-0.0506671893337721,0.950594986043537,1.918,1.16958982715765,44.18,2.983,683.2,176,185.1472,0.950594986043537
2016-08-17 14:32:00,2016-08-17 00:00:00,39,8,14.5333333333333,-0.0802055166718067,0.92292665008098,2.317,0.428419293344032,48.17,2.287,884,221.1,239.564,0.92292665008098
2016-08-17 14:37:00,2016-08-17 00:00:00,39,8,14.6166666666667,-0.0830247680277206,0.920328352219692,2.378,0.492313304879689,48.78,2.347,846,211,229.266,0.920328352219692
2016-08-17 14:42:00,2016-08-17 00:00:00,39,8,14.7,-0.0681638821368774,0.934107377519601,2.281,0.802199260827622,47.81,2.638,707.9,179.2,191.8409,0.934107377519601
2016-08-17 14:56:00,2016-08-17 00:00:00,39,8,14.9333333333333,-0.0320336223765289,0.968474019133649,1.823,0.0184327193235703,43.23,1.902,660.3,173.3,178.9413,0.968474019133649
2016-08-18 10:00:00,2016-08-18 00:00:00,40,8,10,-0.0389340596460547,0.96181412941949,1.635,0.882066775247193,41.35,2.713,798,208,216.258,0.96181412941949
2016-08-18 10:05:00,2016-08-18 00:00:00,40,8,10.0833333333333,-0.044766562737461,0.956220673317844,1.723,1.03541240293277,42.23,2.857,810,209.9,219.51,0.956220673317844
2016-08-18 10:10:00,2016-08-18 00:00:00,40,8,10.1666666666667,-0.0495176622817313,0.951688349000278,1.795,0.429484193536293,42.95,2.288,822,212,222.762,0.951688349000278
2016-08-18 10:15:00,2016-08-18 00:00:00,40,8,10.25,-0.0467402678362118,0.954335236959125,1.829,1.885202756357,43.29,3.655,829,214.4,224.659,0.954335236959125
2016-08-18 10:21:00,2016-08-18 00:00:00,40,8,10.35,-0.0461877926227709,0.954862629195012,1.653,0.843730368325799,41.53,2.677,844,218.4,228.724,0.954862629195012
2016-08-18 10:26:00,2016-08-18 00:00:00,40,8,10.4333333333333,-0.0521606659421208,0.949176354278231,1.735,1.17384942792669,42.35,2.987,851,218.9,230.621,0.949176354278231
2016-08-18 10:31:00,2016-08-18 00:00:00,40,8,10.5166666666667,-0.0474904224234431,0.953619606453676,1.787,0.637139731027177,42.87,2.483,854,220.7,231.434,0.953619606453676
2016-08-18 10:36:00,2016-08-18 00:00:00,40,8,10.6,-0.0586789962986792,0.943009430094301,1.867,0.445457696420207,43.67,2.303,873,223.1,236.583,0.943009430094301
2016-08-18 10:41:00,2016-08-18 00:00:00,40,8,10.6833333333333,-0.0621930685629347,0.93970144246897,1.975,-0.50336837488429,44.75,1.412,880,224.1,238.48,0.93970144246897
2016-08-18 10:46:00,2016-08-18 00:00:00,40,8,10.7666666666667,-0.0672966265980451,0.934917838704297,2.025,0.0887161320127924,45.25,1.968,907,229.8,245.797,0.934917838704297
2016-08-18 10:51:00,2016-08-18 00:00:00,40,8,10.85,-0.0839898511229317,0.919440587337266,2.075,0.369849782769681,45.75,2.232,962,239.7,260.702,0.919440587337266
2016-08-18 11:07:00,2016-08-18 00:00:00,40,8,11.1166666666667,-0.0528896835959609,0.948484640125904,2.021,0.250580961236455,45.21,2.12,966,248.3,261.786,0.948484640125904
2016-08-18 11:27:00,2016-08-18 00:00:00,40,8,11.45,-0.0839352513012207,0.919490789999925,1.916,0.322994174310199,44.16,2.188,978,243.7,265.038,0.919490789999925
2016-08-18 11:32:00,2016-08-18 00:00:00,40,8,11.5333333333333,-0.0930956206998848,0.911106375501445,2.061,-0.315945941046365,45.61,1.588,987,243.7,267.477,0.911106375501445
2016-08-18 11:46:00,2016-08-18 00:00:00,40,8,11.7666666666667,-0.0910993837378734,0.912926976295259,1.979,-0.202001620474444,44.79,1.695,1059,262,286.989,0.912926976295259
2016-08-18 12:08:00,2016-08-18 00:00:00,40,8,12.1333333333333,-0.115202996770819,0.891185217822327,2.356,-0.811124530447702,48.56,1.123,1072,258.9,290.512,0.891185217822327
2016-08-18 12:13:00,2016-08-18 00:00:00,40,8,12.2166666666667,-0.117970562304293,0.888722214163656,2.496,1.87242395404987,49.96,3.643,1043,251.2,282.653,0.888722214163656
2016-08-18 12:27:00,2016-08-18 00:00:00,40,8,12.45,-0.109129577098766,0.896614229300188,2.418,0.745759550637792,49.18,2.585,1026,249.3,278.046,0.896614229300188
2016-08-18 12:33:00,2016-08-18 00:00:00,40,8,12.55,-0.11452507566434,0.891789575921682,2.655,0.928922383706674,51.55,2.757,1003,242.4,271.813,0.891789575921682
2016-08-18 12:38:00,2016-08-18 00:00:00,40,8,12.6333333333333,-0.113012446438611,0.893139543640334,2.69,0.65204833371883,51.9,2.497,980,237.2,265.58,0.893139543640334
2016-08-18 12:44:00,2016-08-18 00:00:00,40,8,12.7333333333333,-0.116912520909599,0.889663016670859,2.685,1.26223614388435,51.85,3.07,983,237,266.393,0.889663016670859
2016-08-18 12:49:00,2016-08-18 00:00:00,40,8,12.8166666666667,-0.109004358189117,0.896726509386006,2.293,0.786225757943708,47.93,2.623,1009,245.2,273.439,0.896726509386006
2016-08-18 12:59:00,2016-08-18 00:00:00,40,8,12.9833333333333,-0.0884253894050987,0.915371404593296,2.525,0.000329416055134458,50.25,1.885,853,211.6,231.163,0.915371404593296
2016-08-18 13:07:00,2016-08-18 00:00:00,40,8,13.1166666666667,-0.0726337877474065,0.92994132358242,2.376,-0.141302309515571,48.76,1.752,794.4,200.2,215.2824,0.92994132358242
2016-08-18 13:12:00,2016-08-18 00:00:00,40,8,13.2,-0.0776772748793166,0.925262983973123,2.24,0.748954251214575,47.4,2.588,871,218.4,236.041,0.925262983973123
2016-08-18 13:33:00,2016-08-18 00:00:00,40,8,13.55,-0.0593957702732008,0.942333747661801,2.104,-0.177508916052443,46.04,1.718,758.5,193.7,205.5535,0.942333747661801
2016-08-18 13:51:00,2016-08-18 00:00:00,40,8,13.85,-0.0678664997378958,0.934385205921025,2.137,-0.210520822012532,46.37,1.687,870,220.3,235.77,0.934385205921025
2016-08-18 13:58:00,2016-08-18 00:00:00,40,8,13.9666666666667,-0.0615919918426334,0.94026644491797,2.103,0.428419293344032,46.03,2.287,852,217.1,230.892,0.94026644491797
2016-08-18 14:05:00,2016-08-18 00:00:00,40,8,14.0833333333333,-0.0793284102446258,0.923736510092374,2.217,-0.0976414016328721,47.17,1.793,902,225.8,244.442,0.923736510092374
2016-08-18 14:10:00,2016-08-18 00:00:00,40,8,14.1666666666667,-0.0735141357232955,0.929123011872887,2.396,-0.157275812399485,48.96,1.737,809,203.7,219.239,0.929123011872887
2016-08-18 14:17:00,2016-08-18 00:00:00,40,8,14.2833333333333,-0.07375338767091,0.928900743972798,2.266,-0.913354948904752,47.66,1.027,866,218,234.686,0.928900743972798
2016-08-18 14:22:00,2016-08-18 00:00:00,40,8,14.3666666666667,-0.0767912959768079,0.926083110710042,2.39,1.61365320733046,48.9,3.4,826,207.3,223.846,0.926083110710042
2016-08-18 14:27:00,2016-08-18 00:00:00,40,8,14.45,-0.0689217625088466,0.933399704072648,2.504,-0.430955161810546,50.04,1.48,753.9,190.7,204.3069,0.933399704072648
2016-08-18 14:35:00,2016-08-18 00:00:00,40,8,14.5833333333333,-0.0897467003353343,0.914162713055702,2.496,-0.654584202185344,49.96,1.27,840,208.1,227.64,0.914162713055702
2016-08-18 14:48:00,2016-08-18 00:00:00,40,8,14.8,-0.0614585419954414,0.940391931704274,2.302,-0.53744518103664,48.02,1.38,773.8,197.2,209.6998,0.940391931704274
2016-08-18 14:53:00,2016-08-18 00:00:00,40,8,14.8833333333333,-0.0669679048896926,0.935225217011598,2.657,-0.0976414016328721,51.57,1.793,769,194.9,208.399,0.935225217011598
2016-08-18 14:58:00,2016-08-18 00:00:00,40,8,14.9666666666667,-0.0604660741926112,0.941325703711212,2.452,-0.0316175897126938,49.52,1.855,735.4,187.6,199.2934,0.941325703711212
2016-08-19 10:00:00,2016-08-19 00:00:00,41,8,10,-0.0334413032954528,0.96711167583374,1.545,-0.523601478537248,40.45,1.393,678.4,177.8,183.8464,0.96711167583374
2016-08-19 10:07:00,2016-08-19 00:00:00,41,8,10.1166666666667,-0.0508388542678308,0.950431816223611,1.788,-0.0497208929811297,42.88,1.838,693.8,178.7,188.0198,0.950431816223611
2016-08-19 10:23:00,2016-08-19 00:00:00,41,8,10.3833333333333,-0.0491865496973512,0.952003517164233,1.756,-0.620507396032994,42.56,1.302,766.3,197.7,207.6673,0.952003517164233
2016-08-19 10:32:00,2016-08-19 00:00:00,41,8,10.5333333333333,-0.0555858254681153,0.945930835229728,1.998,-0.833487434485181,44.98,1.102,732.6,187.8,198.5346,0.945930835229728
2016-08-19 10:38:00,2016-08-19 00:00:00,41,8,10.6333333333333,-0.0528150515541167,0.948555430112823,1.877,-0.519341877768204,43.77,1.397,779.2,200.3,211.1632,0.948555430112823
2016-08-19 10:46:00,2016-08-19 00:00:00,41,8,10.7666666666667,-0.143193657761494,0.866586231494773,1.876,0.303825970849502,43.76,2.17,838,196.8,227.098,0.866586231494773
2016-08-19 11:12:00,2016-08-19 00:00:00,41,8,11.2,-0.0545808060872559,0.946881991937489,1.302,-0.00712488529069225,38.02,1.878,605.6,155.4,164.1176,0.946881991937489
2016-08-19 11:27:00,2016-08-19 00:00:00,41,8,11.45,-0.0421288148261024,0.958746271883491,1.957,-1.60234537329758,44.57,0.38,600.8,156.1,162.8168,0.958746271883491
2016-08-19 11:40:00,2016-08-19 00:00:00,41,8,11.6666666666667,-0.270891720242866,0.762699076804894,2.595,-0.870758941214315,50.95,1.067,1076,222.4,291.596,0.762699076804894
2016-08-19 11:47:00,2016-08-19 00:00:00,41,8,11.7833333333333,-0.0873391857910535,0.916366224511843,2.323,0.0961704333586191,48.23,1.975,871,216.3,236.041,0.916366224511843
2016-08-19 11:52:00,2016-08-19 00:00:00,41,8,11.8666666666667,-0.0867511958331145,0.916905197089354,2.262,-0.742970918143002,47.62,1.187,856,212.7,231.976,0.916905197089354
2016-08-19 11:57:00,2016-08-19 00:00:00,41,8,11.95,-0.0914260545335934,0.912628798419132,2.228,0.280398166619762,47.28,2.148,915,226.3,247.965,0.912628798419132
2016-08-19 12:02:00,2016-08-19 00:00:00,41,8,12.0333333333333,-0.119936290336433,0.8869769439198,2.835,-1.01452046716954,53.35,0.932,971,233.4,263.141,0.8869769439198
2016-08-19 12:07:00,2016-08-19 00:00:00,41,8,12.1166666666667,-0.121731438225742,0.885386117442663,2.874,-0.8547854383304,53.74,1.082,994,238.5,269.374,0.885386117442663
2016-08-19 12:12:00,2016-08-19 00:00:00,41,8,12.2,-0.129693496075098,0.878364611866978,2.594,0.192011450662104,50.94,2.065,978,232.8,265.038,0.878364611866978
2016-08-19 12:18:00,2016-08-19 00:00:00,41,8,12.3,-0.111767456602105,0.894252185765101,2.667,-0.134912908362005,51.67,1.758,888,215.2,240.648,0.894252185765101
2016-08-19 12:23:00,2016-08-19 00:00:00,41,8,12.3833333333333,-0.116196201763273,0.890300527626871,2.653,-0.608793493918123,51.53,1.313,991,239.1,268.561,0.890300527626871
2016-08-19 12:28:00,2016-08-19 00:00:00,41,8,12.4666666666667,-0.131794412539649,0.876521178320026,3.323,-1.14443829062538,58.23,0.81,1007,239.2,272.897,0.876521178320026
2016-08-19 12:33:00,2016-08-19 00:00:00,41,8,12.55,-0.124761485740719,0.882707415783835,3.128,-0.588560390265165,56.28,1.332,992,237.3,268.832,0.882707415783835
2016-08-19 12:38:00,2016-08-19 00:00:00,41,8,12.6333333333333,-0.124278525493345,0.883133831338313,3.148,-0.885667543905968,56.48,1.053,984,235.5,266.664,0.883133831338313
2016-08-19 12:43:00,2016-08-19 00:00:00,41,8,12.7166666666667,-0.123173378044043,0.884110363946279,3.19,-0.646065000647256,56.9,1.278,985,236,266.935,0.884110363946279
2016-08-19 12:48:00,2016-08-19 00:00:00,41,8,12.8,-0.121993904231113,0.885153764178957,2.977,-0.0550453939424345,54.77,1.833,973,233.4,263.683,0.885153764178957
2016-08-19 12:53:00,2016-08-19 00:00:00,41,8,12.8833333333333,-0.116736410925292,0.889819709007901,2.96,0.0961704333586191,54.6,1.975,999,240.9,270.729,0.889819709007901
2016-08-19 12:58:00,2016-08-19 00:00:00,41,8,12.9666666666667,-0.124369336107871,0.883053637053682,3.007,-1.4926606534947,55.07,0.483,982,235,266.122,0.883053637053682
2016-08-19 13:04:00,2016-08-19 00:00:00,41,8,13.0666666666667,-0.103883600883539,0.901330205355034,2.593,-0.215845322973836,50.93,1.682,906,221.3,245.526,0.901330205355034
2016-08-19 13:09:00,2016-08-19 00:00:00,41,8,13.15,-0.132893359212464,0.875558457373838,3.204,-1.09332308139685,57.04,0.858,1006,238.7,272.626,0.875558457373838
2016-08-19 13:14:00,2016-08-19 00:00:00,41,8,13.2333333333333,-0.118093154688716,0.888613270266314,2.764,-0.215845322973836,52.64,1.682,958,230.7,259.618,0.888613270266314
2016-08-19 13:20:00,2016-08-19 00:00:00,41,8,13.3333333333333,-0.12147989753771,0.885608856088561,2.66,0.170713446816885,51.6,2.045,975,234,264.225,0.885608856088561
2016-08-19 13:44:00,2016-08-19 00:00:00,41,8,13.7333333333333,-0.0933112944584853,0.910909894953567,2.255,-0.846266236792313,47.55,1.09,1018,251.3,275.878,0.910909894953567
2016-08-19 14:09:00,2016-08-19 00:00:00,41,8,14.15,-0.0381215760944388,0.9625959051263,1.869,-0.920809250250579,43.69,1.02,715.7,186.7,193.9547,0.9625959051263
2016-08-19 14:14:00,2016-08-19 00:00:00,41,8,14.2333333333333,-0.0754314102839118,0.927343334568717,2.65,-0.40113795642724,51.5,1.508,916,230.2,248.236,0.927343334568717
2016-08-19 14:38:00,2016-08-19 00:00:00,41,8,14.6333333333333,-0.0538705870538047,0.947554724416022,2.158,-0.702504710837086,46.58,1.225,795.6,204.3,215.6076,0.947554724416022
2016-08-20 10:00:00,2016-08-20 00:00:00,42,8,10,-0.0660421089807622,0.93609144560501,2.873,-1.09864758235816,53.73,0.853,767.5,194.7,207.9925,0.93609144560501
2016-08-20 10:05:00,2016-08-20 00:00:00,42,8,10.0833333333333,-0.0694959403520842,0.932863920475939,2.938,-0.747230518912045,54.38,1.183,784,198.2,212.464,0.932863920475939
2016-08-20 10:10:00,2016-08-20 00:00:00,42,8,10.1666666666667,-0.0770061958807476,0.925884116921149,3.142,-1.05711647485998,56.42,0.892,792.7,198.9,214.8217,0.925884116921149
2016-08-20 10:15:00,2016-08-20 00:00:00,42,8,10.25,-0.0810341493378144,0.922162199678423,3.157,-1.20620250177651,56.57,0.752,797.5,199.3,216.1225,0.922162199678423
2016-08-20 10:20:00,2016-08-20 00:00:00,42,8,10.3333333333333,-0.0670556467492014,0.935143162211871,3.307,-1.44793484541974,58.07,0.525,795.9,201.7,215.6889,0.935143162211871
2016-08-20 10:25:00,2016-08-20 00:00:00,42,8,10.4166666666667,-0.0879056936614255,0.915847242850992,3.321,-0.23181882585775,58.21,1.667,789.3,195.9,213.9003,0.915847242850992
2016-08-20 10:30:00,2016-08-20 00:00:00,42,8,10.5,-0.0674126762674338,0.934809348093481,3.222,-1.02197476851537,57.22,0.925,825,209,223.575,0.934809348093481
2016-08-20 10:35:00,2016-08-20 00:00:00,42,8,10.5833333333333,-0.0685163421264083,0.93377820005745,3.175,-0.00286528452164848,56.75,1.882,835,211.3,226.285,0.93377820005745
2016-08-20 10:40:00,2016-08-20 00:00:00,42,8,10.6666666666667,-0.0716509684606696,0.9308557371288,3.339,-0.27654463393271,58.39,1.625,840,211.9,227.64,0.9308557371288
2016-08-20 10:45:00,2016-08-20 00:00:00,42,8,10.75,-0.0680024728047316,0.93425816333635,3.335,0.0290817212461797,58.35,1.912,848,214.7,229.808,0.93425816333635
2016-08-20 10:50:00,2016-08-20 00:00:00,42,8,10.8333333333333,-0.0743619745606398,0.928335599145465,3.357,-0.390488954504631,58.57,1.518,855,215.1,231.705,0.928335599145465
2016-08-20 10:55:00,2016-08-20 00:00:00,42,8,10.9166666666667,-0.07603895716116,0.926780101134345,3.318,-0.886732444098228,58.18,1.052,864,217,234.144,0.926780101134345
2016-08-20 11:00:00,2016-08-20 00:00:00,42,8,11,-0.0741973360145104,0.928488451551182,3.368,-0.390488954504631,58.68,1.518,864,217.4,234.144,0.928488451551182
2016-08-20 11:08:00,2016-08-20 00:00:00,42,8,11.1333333333333,-0.0716284962980602,0.930876655705333,3.245,-0.348957847006454,57.45,1.557,882,222.5,239.022,0.930876655705333
2016-08-20 11:13:00,2016-08-20 00:00:00,42,8,11.2166666666667,-0.079145533711149,0.923905455270769,3.406,-0.351087647390976,59.06,1.555,925,231.6,250.675,0.923905455270769
2016-08-20 11:18:00,2016-08-20 00:00:00,42,8,11.3,-0.0835034778827429,0.919887887403464,3.282,0.104689634896707,57.82,1.983,915,228.1,247.965,0.919887887403464
2016-08-20 11:37:00,2016-08-20 00:00:00,42,8,11.6166666666667,-0.1697578978035,0.843869094428649,2.8,0.775576756021099,53,2.613,976,223.2,264.496,0.843869094428649
2016-08-20 11:47:00,2016-08-20 00:00:00,42,8,11.7833333333333,-0.0972010506858388,0.907373559716906,2.88,0.147285642587144,53.8,2.023,963,236.8,260.973,0.907373559716906
2016-08-20 11:52:00,2016-08-20 00:00:00,42,8,11.8666666666667,-0.0958439120713375,0.90860582740247,3.098,-0.0923169006715673,55.98,1.798,982,241.8,266.122,0.90860582740247
2016-08-20 12:02:00,2016-08-20 00:00:00,42,8,12.0333333333333,-0.219511167456395,0.802911191167248,2.981,0.268684264504891,54.81,2.137,1012,220.2,274.252,0.802911191167248
2016-08-20 12:07:00,2016-08-20 00:00:00,42,8,12.1166666666667,-0.0978785007691248,0.906759067590676,3.384,0.871417773324583,58.84,2.703,984,241.8,266.664,0.906759067590676
2016-08-20 12:12:00,2016-08-20 00:00:00,42,8,12.2,-0.0970413822679787,0.907518450184502,3.539,-1.42983154215131,60.39,0.542,960,236.1,260.16,0.907518450184502
2016-08-20 12:17:00,2016-08-20 00:00:00,42,8,12.2833333333333,-0.114838706300647,0.891509927245021,3.562,-0.471421369116462,60.62,1.442,988,238.7,267.748,0.891509927245021
2016-08-20 12:22:00,2016-08-20 00:00:00,42,8,12.3666666666667,-0.114776350909147,0.891565519428779,3.814,-1.15721709293251,63.14,0.798,954,230.5,258.534,0.891565519428779
2016-08-20 12:27:00,2016-08-20 00:00:00,42,8,12.45,-0.112453401691738,0.893638988203354,3.763,0.305955771234024,62.63,2.172,965,233.7,261.515,0.893638988203354
2016-08-20 12:37:00,2016-08-20 00:00:00,42,8,12.6166666666667,-0.100016632887003,0.904822368102591,3.475,-0.306361839316016,59.75,1.597,991,243,268.561,0.904822368102591
2016-08-20 12:42:00,2016-08-20 00:00:00,42,8,12.7,-0.106654828175553,0.89883587226911,3.757,0.514676208917168,62.57,2.368,982,239.2,266.122,0.89883587226911
2016-08-20 12:53:00,2016-08-20 00:00:00,42,8,12.8833333333333,-0.0779003672933387,0.925056587843985,3.297,-0.588560390265165,57.97,1.332,1014,254.2,274.794,0.925056587843985
2016-08-20 12:58:00,2016-08-20 00:00:00,42,8,12.9666666666667,-0.105651824359237,0.899737860352365,3.714,-0.342568445852888,62.14,1.563,1029,250.9,278.859,0.899737860352365
2016-08-20 13:16:00,2016-08-20 00:00:00,42,8,13.2666666666667,-0.0644753502957244,0.937559224534844,2.879,0.231412757775758,53.79,2.102,993,252.3,269.103,0.937559224534844
2016-08-20 13:31:00,2016-08-20 00:00:00,42,8,13.5166666666667,-0.220419845392613,0.802181934862827,2.526,0.115338636819316,50.26,1.993,920,200,249.32,0.802181934862827
2016-08-20 13:36:00,2016-08-20 00:00:00,42,8,13.6,-0.0605338873206296,0.94126187163511,2.995,0.0876512318205316,54.95,1.967,915,233.4,247.965,0.94126187163511
2016-08-20 13:43:00,2016-08-20 00:00:00,42,8,13.7166666666667,-0.077058872986735,0.925835345309975,3.503,0.502962306802298,60.03,2.357,943,236.6,255.553,0.925835345309975
2016-08-20 13:52:00,2016-08-20 00:00:00,42,8,13.8666666666667,-0.0697237473214839,0.932651431777476,2.83,0.474210001611253,53.3,2.33,855,216.1,231.705,0.932651431777476
2016-08-20 14:00:00,2016-08-20 00:00:00,42,8,14,-0.0531905083168437,0.948199355411276,2.983,0.497637805840993,54.83,2.352,869,223.3,235.499,0.948199355411276
2016-08-20 14:05:00,2016-08-20 00:00:00,42,8,14.0833333333333,-0.0636217158648866,0.938359899062908,3.174,0.461431199304122,56.74,2.318,873,222,236.583,0.938359899062908
2016-08-20 14:13:00,2016-08-20 00:00:00,42,8,14.2166666666667,-0.0500729647222452,0.951160020842004,3.173,0.210114753930539,56.73,2.082,795.3,205,215.5263,0.951160020842004
2016-08-20 14:25:00,2016-08-20 00:00:00,42,8,14.4166666666667,-0.0254621152072537,0.974859310609102,2.784,1.10569581562199,52.84,2.923,787.7,208.1,213.4667,0.974859310609102
2016-08-20 14:30:00,2016-08-20 00:00:00,42,8,14.5,-0.0310937450013336,0.969384693846938,2.9,0.463560999688643,54,2.32,787.2,206.8,213.3312,0.969384693846938
2016-08-20 14:35:00,2016-08-20 00:00:00,42,8,14.5833333333333,-0.0428353061556682,0.958069165168327,2.755,0.509351707955864,52.55,2.363,765.3,198.7,207.3963,0.958069165168327
2016-08-20 14:44:00,2016-08-20 00:00:00,42,8,14.7333333333333,-0.0308062901017106,0.969663388280925,2.534,-0.348957847006454,50.34,1.557,721.9,189.7,195.6349,0.969663388280925
2016-08-20 14:49:00,2016-08-20 00:00:00,42,8,14.8166666666667,-0.0283689782583722,0.972029642819948,2.783,-0.393683655081413,52.83,1.515,722.8,190.4,195.8788,0.972029642819948
2016-08-20 14:54:00,2016-08-20 00:00:00,42,8,14.9,-0.0193938354734327,0.980793015087756,2.798,0.136636640664535,52.98,2.013,726.5,193.1,196.8815,0.980793015087756
2016-08-21 10:38:00,2016-08-21 00:00:00,43,8,10.6333333333333,-0.110874708243754,0.895050884401296,1.641,0.024822120477136,41.41,1.908,608.1,147.5,164.7951,0.895050884401296
2016-08-21 11:33:00,2016-08-21 00:00:00,43,8,11.55,-0.118976767319591,0.887828427156452,2.555,0.447587496804729,50.55,2.305,1064,256,288.344,0.887828427156452
2016-08-21 11:38:00,2016-08-21 00:00:00,43,8,11.6333333333333,-0.142364310105684,0.86730523086343,2.597,2.28454032845485,50.97,4.03,1133,266.3,307.043,0.86730523086343
2016-08-21 11:54:00,2016-08-21 00:00:00,43,8,11.9,-0.239722597647142,0.786846103755155,2.986,0.747889351022315,54.86,2.587,1156,246.5,313.276,0.786846103755155
2016-08-21 12:25:00,2016-08-21 00:00:00,43,8,12.4166666666667,-0.0961043811539461,0.908369194495269,2.765,0.532779512185604,52.65,2.385,1083,266.6,293.493,0.908369194495269
2016-08-22 10:00:00,2016-08-22 00:00:00,44,8,10,-0.0129310393930282,0.987152207288496,1.037,2.04174308461936,35.37,3.802,822,219.9,222.762,0.987152207288496
2016-08-22 10:05:00,2016-08-22 00:00:00,44,8,10.0833333333333,-0.0123704084554506,0.987705790519444,0.908,2.52946737267487,34.08,4.26,832,222.7,225.472,0.987705790519444
2016-08-22 10:10:00,2016-08-22 00:00:00,44,8,10.1666666666667,-0.0140505175391761,0.986047730299788,0.916,2.92561024419594,34.16,4.632,845,225.8,228.995,0.986047730299788
2016-08-22 10:15:00,2016-08-22 00:00:00,44,8,10.25,-0.0197724874256498,0.980421706200726,1.028,1.36659636272592,35.28,3.168,857,227.7,232.247,0.980421706200726
2016-08-22 10:20:00,2016-08-22 00:00:00,44,8,10.3333333333333,-0.0210220593279972,0.979197363895388,1.043,0.662697335641439,35.43,2.507,869,230.6,235.499,0.979197363895388
2016-08-22 10:25:00,2016-08-22 00:00:00,44,8,10.4166666666667,-0.0195381886286689,0.980651444739703,1.251,-0.0294877893281719,37.51,1.857,879,233.6,238.209,0.980651444739703
2016-08-22 10:30:00,2016-08-22 00:00:00,44,8,10.5,-0.0266970138223494,0.973656201208477,1.176,0.791550258905013,36.76,2.628,891,235.1,241.461,0.973656201208477
2016-08-22 10:35:00,2016-08-22 00:00:00,44,8,10.5833333333333,-0.0271276446512755,0.973237005097324,1.169,2.27602112691676,36.69,4.022,902,237.9,244.442,0.973237005097324
2016-08-22 10:40:00,2016-08-22 00:00:00,44,8,10.6666666666667,-0.0314501151209253,0.969039295656114,1.177,1.75741473328569,36.77,3.535,912,239.5,247.152,0.969039295656114
2016-08-22 10:45:00,2016-08-22 00:00:00,44,8,10.75,-0.0350266446622157,0.965579688370174,1.236,1.00133559678042,37.36,2.825,921,241,249.591,0.965579688370174
2016-08-22 10:50:00,2016-08-22 00:00:00,44,8,10.8333333333333,-0.0450328462673266,0.955966081399944,1.311,0.407121289498813,38.11,2.267,943,244.3,255.553,0.955966081399944
2016-08-22 10:55:00,2016-08-22 00:00:00,44,8,10.9166666666667,-0.0494805687503878,0.951723651136618,1.202,1.34742815926522,37.02,3.15,941,242.7,255.011,0.951723651136618
2016-08-22 11:02:00,2016-08-22 00:00:00,44,8,11.0333333333333,-0.0552979906564084,0.946203146241989,1.388,0.775576756021099,38.88,2.613,950,243.6,257.45,0.946203146241989
2016-08-22 11:07:00,2016-08-22 00:00:00,44,8,11.1166666666667,-0.144061045025619,0.865834891532772,1.43,1.29950765061348,39.3,3.105,892,209.3,241.732,0.865834891532772
2016-08-22 11:18:00,2016-08-22 00:00:00,44,8,11.3,-0.0723426699941775,0.930212085421053,1.426,1.33464935695809,39.26,3.138,1006,253.6,272.626,0.930212085421053
2016-08-22 11:29:00,2016-08-22 00:00:00,44,8,11.4833333333333,-0.326612440978116,0.721363259697856,1.628,-0.274414833548188,41.28,1.627,1042,203.7,282.382,0.721363259697856
2016-08-22 11:41:00,2016-08-22 00:00:00,44,8,11.6833333333333,-0.0802799026349532,0.922857999846539,1.559,1.23241893850104,40.59,3.042,1058,264.6,286.718,0.922857999846539
2016-08-22 11:46:00,2016-08-22 00:00:00,44,8,11.7666666666667,-0.106642830107242,0.898846656628001,1.711,1.68819622078872,42.11,3.47,1115,271.6,302.165,0.898846656628001
2016-08-22 12:05:00,2016-08-22 00:00:00,44,8,12.0833333333333,-0.0905190317832345,0.913456949020873,1.502,0.987491894281026,40.02,2.812,1121,277.5,303.791,0.913456949020873
2016-08-22 12:15:00,2016-08-22 00:00:00,44,8,12.25,-0.0402745680212542,0.960525673309663,1.435,1.38789436657114,39.35,3.188,1058,275.4,286.718,0.960525673309663
2016-08-22 12:33:00,2016-08-22 00:00:00,44,8,12.55,-0.0672398858247838,0.93497088817042,1.328,1.71801342617203,38.28,3.498,1066,270.1,288.886,0.93497088817042
2016-08-22 12:49:00,2016-08-22 00:00:00,44,8,12.8166666666667,-0.392548297233506,0.675333728814127,1.628,-0.718478213721,41.28,1.21,660.6,120.9,179.0226,0.675333728814127
2016-08-22 13:06:00,2016-08-22 00:00:00,44,8,13.1,-0.103846834804157,0.901363344342105,1.668,0.399666988152987,41.68,2.26,1143,279.2,309.753,0.901363344342105
2016-08-22 13:13:00,2016-08-22 00:00:00,44,8,13.2166666666667,-0.39495971707137,0.67370717760041,1.336,2.16527150692163,38.36,3.918,612.9,111.9,166.0959,0.67370717760041
2016-08-22 13:31:00,2016-08-22 00:00:00,44,8,13.5166666666667,-0.0634982827346281,0.938475730911155,1.579,0.955544888513198,40.79,2.782,1040,264.5,281.84,0.938475730911155
2016-08-22 13:36:00,2016-08-22 00:00:00,44,8,13.6,-0.0875105974794949,0.916209162091621,1.969,1.10569581562199,44.69,2.923,1025,254.5,277.775,0.916209162091621
2016-08-22 13:51:00,2016-08-22 00:00:00,44,8,13.85,-0.0443046308958187,0.956662484129871,1.414,1.81598424386004,39.14,3.59,994,257.7,269.374,0.956662484129871
2016-08-22 14:04:00,2016-08-22 00:00:00,44,8,14.0666666666667,-0.247881573420751,0.780452364109133,1.487,0.0269519208616579,39.87,1.91,965,204.1,261.515,0.780452364109133
2016-08-22 14:28:00,2016-08-22 00:00:00,44,8,14.4666666666667,-0.0404408430530882,0.960365975150032,1.326,1.65305451444411,38.26,3.437,926,241,250.946,0.960365975150032
2016-08-23 10:00:00,2016-08-23 00:00:00,45,8,10,-0.0660936323828636,0.936043216231535,2.506,-0.822838432562572,50.06,1.112,797.5,202.3,216.1225,0.936043216231535
2016-08-23 10:05:00,2016-08-23 00:00:00,45,8,10.0833333333333,-0.0728262428217692,0.92976236887676,2.661,-0.862239739676227,51.61,1.075,814,205.1,220.594,0.92976236887676
2016-08-23 10:10:00,2016-08-23 00:00:00,45,8,10.1666666666667,-0.0796898487308194,0.923402696496699,2.726,-1.00813106601598,52.26,0.938,826,206.7,223.846,0.923402696496699
2016-08-23 10:15:00,2016-08-23 00:00:00,45,8,10.25,-0.0813750059524513,0.921847928156701,2.794,-0.689725908529955,52.94,1.237,837,209.1,226.827,0.921847928156701
2016-08-23 10:20:00,2016-08-23 00:00:00,45,8,10.3333333333333,-0.0881979952907423,0.915579578330995,2.758,-0.191352618551835,52.58,1.705,852,211.4,230.892,0.915579578330995
2016-08-23 10:25:00,2016-08-23 00:00:00,45,8,10.4166666666667,-0.0874170477343496,0.916294877234487,2.726,-0.111485104132264,52.26,1.78,861,213.8,233.331,0.916294877234487
2016-08-23 10:30:00,2016-08-23 00:00:00,45,8,10.5,-0.0741973360145104,0.928488451551182,2.832,-0.609858394110384,53.32,1.312,864,217.4,234.144,0.928488451551182
2016-08-23 10:35:00,2016-08-23 00:00:00,45,8,10.5833333333333,-0.0767619430076285,0.926110294398007,2.791,-1.22963030600625,52.91,0.73,871,218.6,236.041,0.926110294398007
2016-08-23 10:40:00,2016-08-23 00:00:00,45,8,10.6666666666667,-0.0808849435451638,0.922299801885647,2.798,-0.292518136816624,52.98,1.61,881,220.2,238.751,0.922299801885647
2016-08-23 10:45:00,2016-08-23 00:00:00,45,8,10.75,-0.0881096705920664,0.915660450192803,3.03,-0.599209392187775,55.3,1.322,889,220.6,240.919,0.915660450192803
2016-08-23 10:50:00,2016-08-23 00:00:00,45,8,10.8333333333333,-0.0996635058293589,0.905141941784866,2.946,-0.359606848929063,54.46,1.547,903,221.5,244.713,0.905141941784866
2016-08-23 10:55:00,2016-08-23 00:00:00,45,8,10.9166666666667,-0.0996556027136543,0.905149095254629,2.673,-1.25305811023599,51.73,0.708,914,224.2,247.694,0.905149095254629
2016-08-23 11:00:00,2016-08-23 00:00:00,45,8,11,-0.102834681887335,0.902276123738436,2.761,-1.34463952677043,52.61,0.622,921,225.2,249.591,0.902276123738436
2016-08-23 11:05:00,2016-08-23 00:00:00,45,8,11.0833333333333,-0.0978865485514916,0.906751770220405,2.977,0.195206151238887,54.77,2.068,925,227.3,250.675,0.906751770220405
2016-08-23 11:10:00,2016-08-23 00:00:00,45,8,11.1666666666667,-0.10352226323,0.901655948744633,3.089,-0.76426892198822,55.89,1.167,929,227,251.759,0.901655948744633
2016-08-23 11:15:00,2016-08-23 00:00:00,45,8,11.25,-0.105648432321029,0.89974091230274,3.132,-0.164730113745311,56.32,1.73,940,229.2,254.74,0.89974091230274
2016-08-23 11:20:00,2016-08-23 00:00:00,45,8,11.3333333333333,-0.111574921085583,0.894424377647582,3.271,-1.11781578581885,57.71,0.835,946,229.3,256.366,0.894424377647582
2016-08-23 11:25:00,2016-08-23 00:00:00,45,8,11.4166666666667,-0.118495606724611,0.888255718000218,3.324,-1.20300780119973,58.24,0.755,948,228.2,256.908,0.888255718000218
2016-08-23 11:31:00,2016-08-23 00:00:00,45,8,11.5166666666667,-0.120269138936113,0.886681764013902,2.952,0.237802158929324,54.52,2.108,963,231.4,260.973,0.886681764013902
2016-08-23 11:36:00,2016-08-23 00:00:00,45,8,11.6,-0.124460525675847,0.88297311544544,3.089,-1.70564069194689,55.89,0.283,980,234.5,265.58,0.88297311544544
2016-08-23 11:41:00,2016-08-23 00:00:00,45,8,11.6833333333333,-0.122749738978185,0.88448498698185,3.251,0.317669673348894,57.51,2.183,985,236.1,266.935,0.88448498698185
2016-08-23 11:46:00,2016-08-23 00:00:00,45,8,11.7666666666667,-0.118787199848801,0.887996746499315,3.49,-0.540639881613423,59.9,1.377,989,238,268.019,0.887996746499315
2016-08-23 11:51:00,2016-08-23 00:00:00,45,8,11.85,-0.125604656111077,0.881963456731341,3.201,0.61797152756648,57.01,2.465,992,237.1,268.832,0.881963456731341
2016-08-23 11:56:00,2016-08-23 00:00:00,45,8,11.9333333333333,-0.151638846729792,0.859298563194172,3.33,-1.57359306810653,58.3,0.407,1007,234.5,272.897,0.859298563194172
2016-08-23 12:01:00,2016-08-23 00:00:00,45,8,12.0166666666667,-0.141257943031796,0.86826531982134,3.154,-0.0827327989412189,56.54,1.807,1017,239.3,275.607,0.86826531982134
2016-08-23 12:06:00,2016-08-23 00:00:00,45,8,12.1,-0.139103356313378,0.870138089545389,3.36,-0.761074221411438,58.6,1.17,997,235.1,270.187,0.870138089545389
2016-08-23 12:11:00,2016-08-23 00:00:00,45,8,12.1833333333333,-0.144446458657758,0.865501251261279,3.42,-0.902705946982143,59.2,1.037,1013,237.6,274.523,0.865501251261279
2016-08-23 12:16:00,2016-08-23 00:00:00,45,8,12.2666666666667,-0.142950581934586,0.86679690326315,3.516,-0.567262386419947,60.16,1.352,1020,239.6,276.42,0.86679690326315
2016-08-23 12:21:00,2016-08-23 00:00:00,45,8,12.35,-0.147423292029734,0.862928629286293,3.593,-1.5309970604161,60.93,0.447,1025,239.7,277.775,0.862928629286293
2016-08-23 12:26:00,2016-08-23 00:00:00,45,8,12.4333333333333,-0.142452101652059,0.86722909213825,2.89,-0.353217447775498,53.9,1.553,1048,246.3,284.008,0.86722909213825
2016-08-23 12:39:00,2016-08-23 00:00:00,45,8,12.65,-0.279867144072609,0.755884158475954,2.651,-0.942107254095797,51.51,1,1094,224.1,296.474,0.755884158475954
2016-08-23 12:44:00,2016-08-23 00:00:00,45,8,12.7333333333333,-0.126603061452598,0.881083339135278,3.034,-0.0742135974031314,55.34,1.815,1060,253.1,287.26,0.881083339135278
2016-08-23 12:49:00,2016-08-23 00:00:00,45,8,12.8166666666667,-0.131241582088087,0.877005879885388,3.048,-0.289323436239841,55.48,1.613,1038,246.7,281.298,0.877005879885388
2016-08-23 12:54:00,2016-08-23 00:00:00,45,8,12.9,-0.137664450359445,0.871391037644239,3.264,-0.104030802786438,57.64,1.787,1007,237.8,272.897,0.871391037644239
2016-08-23 12:59:00,2016-08-23 00:00:00,45,8,12.9833333333333,-0.142174895127603,0.867469527024309,3.393,-0.0156440868287795,58.93,1.87,1009,237.2,273.439,0.867469527024309
2016-08-23 13:04:00,2016-08-23 00:00:00,45,8,13.0666666666667,-0.138853865473762,0.870355208111352,3.577,0.213309454507322,60.77,2.085,987,232.8,267.477,0.870355208111352
2016-08-23 13:09:00,2016-08-23 00:00:00,45,8,13.15,-0.135767688182536,0.873045427701983,3.208,-0.974054259863626,57.08,0.97,981,232.1,265.851,0.873045427701983
2016-08-23 13:15:00,2016-08-23 00:00:00,45,8,13.25,-0.130859851667525,0.877340723614705,3.254,-0.0316175897126938,57.54,1.855,964,229.2,261.244,0.877340723614705
2016-08-23 13:20:00,2016-08-23 00:00:00,45,8,13.3333333333333,-0.12348050708595,0.883838869671283,2.956,1.31867585407418,54.56,3.123,959,229.7,259.889,0.883838869671283
2016-08-23 13:25:00,2016-08-23 00:00:00,45,8,13.4166666666667,-0.117759457423807,0.888909847564929,3.006,-0.725932515066827,55.06,1.203,939,226.2,254.469,0.888909847564929
2016-08-23 13:30:00,2016-08-23 00:00:00,45,8,13.5,-0.11853043836775,0.888224779132861,3.138,0.0588989266294861,56.38,1.94,931,224.1,252.301,0.888224779132861
2016-08-23 13:35:00,2016-08-23 00:00:00,45,8,13.5833333333333,-0.075049363357845,0.927697690925166,3.161,-0.0443963920198251,56.61,1.843,889,223.5,240.919,0.927697690925166
2016-08-23 13:40:00,2016-08-23 00:00:00,45,8,13.6666666666667,-0.108166292381563,0.897478340210098,3.209,-0.0529155935579126,57.09,1.835,914,222.3,247.694,0.897478340210098
2016-08-23 13:46:00,2016-08-23 00:00:00,45,8,13.7666666666667,-0.111511532256818,0.894481075958301,2.966,-0.460772367193853,54.66,1.452,915,221.8,247.965,0.894481075958301
2016-08-23 13:51:00,2016-08-23 00:00:00,45,8,13.85,-0.110424003480285,0.895454379020086,3.326,-0.729127215643609,58.26,1.2,907,220.1,245.797,0.895454379020086
2016-08-23 13:56:00,2016-08-23 00:00:00,45,8,13.9333333333333,-0.114180595056098,0.892096833056243,3.23,-0.411786958349849,57.3,1.498,910,220,246.61,0.892096833056243
2016-08-23 14:14:00,2016-08-23 00:00:00,45,8,14.2333333333333,-0.19547922717951,0.822440427794108,1.875,-1.55974936560714,43.75,0.42,944,210.4,255.824,0.822440427794108
2016-08-23 14:23:00,2016-08-23 00:00:00,45,8,14.3833333333333,-0.0365313624659686,0.964127855995086,2.471,-0.427760461233763,49.71,1.483,829,216.6,224.659,0.964127855995086
2016-08-23 14:33:00,2016-08-23 00:00:00,45,8,14.55,-0.1568744240062,0.854811395868614,2.162,-0.828162933523877,46.62,1.107,913,211.5,247.423,0.854811395868614
2016-08-23 14:55:00,2016-08-23 00:00:00,45,8,14.9166666666667,-0.0650500053514635,0.937020606161118,2.241,-0.5821709891116,47.41,1.338,801,203.4,217.071,0.937020606161118
2016-08-23 15:00:00,2016-08-23 00:00:00,45,8,15,-0.0614879869097343,0.940364242352101,2.337,-0.652454401800822,48.37,1.272,744,189.6,201.624,0.940364242352101
2016-08-24 10:00:00,2016-08-24 00:00:00,46,8,10,-0.0528338749321793,0.948537575263393,2.205,-0.404332657004023,47.05,1.505,801,205.9,217.071,0.948537575263393
2016-08-24 10:05:00,2016-08-24 00:00:00,46,8,10.0833333333333,-0.0577691511771751,0.943867813062367,2.332,0.170713446816885,48.32,2.045,812,207.7,220.052,0.943867813062367
2016-08-24 10:10:00,2016-08-24 00:00:00,46,8,10.1666666666667,-0.0662345760563495,0.935911296158966,2.414,-1.09438798158911,49.14,0.857,826,209.5,223.846,0.935911296158966
2016-08-24 10:15:00,2016-08-24 00:00:00,46,8,10.25,-0.0623393224937698,0.939564017488914,2.292,-0.260571131048796,47.92,1.64,833,212.1,225.743,0.939564017488914
2016-08-24 10:20:00,2016-08-24 00:00:00,46,8,10.3333333333333,-0.0707777944177473,0.931668891156997,2.294,-0.393683655081413,47.94,1.515,846,213.6,229.266,0.931668891156997
2016-08-24 10:25:00,2016-08-24 00:00:00,46,8,10.4166666666667,-0.0711791590629108,0.931295027235987,2.414,-0.167924814322094,49.14,1.727,819,206.7,221.949,0.931295027235987
2016-08-24 10:30:00,2016-08-24 00:00:00,46,8,10.5,-0.0780820907982981,0.924888498591903,2.448,-0.246727428549404,49.48,1.653,853,213.8,231.163,0.924888498591903
2016-08-24 10:35:00,2016-08-24 00:00:00,46,8,10.5833333333333,-0.0811135876915505,0.922088947540956,2.386,0.160064444894276,48.86,2.035,878,219.4,237.938,0.922088947540956
2016-08-24 10:40:00,2016-08-24 00:00:00,46,8,10.6666666666667,-0.0829126954045435,0.920431501612313,2.438,0.274008765466196,49.38,2.142,888,221.5,240.648,0.920431501612313
2016-08-24 10:45:00,2016-08-24 00:00:00,46,8,10.75,-0.0824613300166051,0.920847046308301,2.571,0.0301466214384408,50.71,1.913,888,221.6,240.648,0.920847046308301
2016-08-24 10:50:00,2016-08-24 00:00:00,46,8,10.8333333333333,-0.081107442247322,0.922094614204569,2.609,-0.189222818167313,51.09,1.707,890,222.4,241.19,0.922094614204569
2016-08-24 10:55:00,2016-08-24 00:00:00,46,8,10.9166666666667,-0.0866426266322199,0.917004750157999,2.41,-0.141302309515571,49.1,1.752,905,224.9,245.255,0.917004750157999
2016-08-24 11:00:00,2016-08-24 00:00:00,46,8,11,-0.0907968481484052,0.913203210979478,2.593,-0.337243944891583,50.93,1.568,912,225.7,247.152,0.913203210979478
2016-08-24 11:05:00,2016-08-24 00:00:00,46,8,11.0833333333333,-0.0868718599853976,0.91679456617575,2.397,-0.0774082979799141,48.97,1.812,904,224.6,244.984,0.91679456617575
2016-08-24 11:10:00,2016-08-24 00:00:00,46,8,11.1666666666667,-0.0833222029949175,0.920054655092005,2.555,0.138766441049057,50.55,2.015,902,224.9,244.442,0.920054655092005
2016-08-24 11:15:00,2016-08-24 00:00:00,46,8,11.25,-0.0828678486682573,0.920472780886749,2.286,0.695709241601528,47.86,2.538,906,226,245.526,0.920472780886749
2016-08-24 11:20:00,2016-08-24 00:00:00,46,8,11.3333333333333,-0.0821725630495394,0.921112994913733,2.341,0.726591347177096,48.41,2.567,925,230.9,250.675,0.921112994913733
2016-08-24 11:25:00,2016-08-24 00:00:00,46,8,11.4166666666667,-0.091914260586777,0.912183356258061,2.439,0.605192725259348,49.39,2.453,947,234.1,256.637,0.912183356258061
2016-08-24 11:30:00,2016-08-24 00:00:00,46,8,11.5,-0.100368194597694,0.904504323112486,2.432,0.676541038140831,49.32,2.52,953,233.6,258.263,0.904504323112486
2016-08-24 11:35:00,2016-08-24 00:00:00,46,8,11.5833333333333,-0.101302990346612,0.903659191390676,2.406,1.03541240293277,49.06,2.857,969,237.3,262.599,0.903659191390676
2016-08-24 11:40:00,2016-08-24 00:00:00,46,8,11.6666666666667,-0.102802112654202,0.902305510658412,2.602,0.367719982385159,51.02,2.23,968,236.7,262.328,0.902305510658412
2016-08-24 11:45:00,2016-08-24 00:00:00,46,8,11.75,-0.102573189855905,0.902512092605589,2.538,0.195206151238887,50.38,2.068,978,239.2,265.038,0.902512092605589
2016-08-24 11:50:00,2016-08-24 00:00:00,46,8,11.8333333333333,-0.114069961309005,0.89219553453141,2.721,0.439068295266642,52.21,2.297,986,238.4,267.206,0.89219553453141
2016-08-24 11:55:00,2016-08-24 00:00:00,46,8,11.9166666666667,-0.117491856359754,0.889147752616387,2.964,0.370914682961942,54.64,2.233,1001,241.2,271.271,0.889147752616387
2016-08-24 12:00:00,2016-08-24 00:00:00,46,8,12,-0.117810168648747,0.888864771000651,2.928,-0.0422665916353032,54.28,1.845,1020,245.7,276.42,0.888864771000651
2016-08-24 12:08:00,2016-08-24 00:00:00,46,8,12.1333333333333,-0.125444464403761,0.882104751280071,2.804,1.08333291158451,53.04,2.902,1032,246.7,279.672,0.882104751280071
2016-08-24 12:15:00,2016-08-24 00:00:00,46,8,12.25,-0.113091000574569,0.893069386590793,2.578,0.5274550112243,50.78,2.38,1009,244.2,273.439,0.893069386590793
2016-08-24 12:20:00,2016-08-24 00:00:00,46,8,12.3333333333333,-0.254414508176517,0.775370338081394,2.855,0.154739943932971,53.55,2.03,1037,217.9,281.027,0.775370338081394
2016-08-24 12:29:00,2016-08-24 00:00:00,46,8,12.4833333333333,-0.149379735066509,0.86124200900453,2.536,-0.862239739676227,50.36,1.075,1054,246,285.634,0.86124200900453
2016-08-24 12:38:00,2016-08-24 00:00:00,46,8,12.6333333333333,-0.175968082821779,0.838644750083864,2.88,1.18556333004156,53.8,2.998,1023,232.5,277.233,0.838644750083864
2016-08-24 12:43:00,2016-08-24 00:00:00,46,8,12.7166666666667,-0.115288963349323,0.891108608971286,3.087,-0.388359154120109,55.87,1.52,993,239.8,269.103,0.891108608971286
2016-08-24 12:56:00,2016-08-24 00:00:00,46,8,12.9333333333333,-0.106275067387755,0.89917727971054,2.635,-0.120004305670352,51.35,1.772,1028,250.5,278.588,0.89917727971054
2016-08-24 13:01:00,2016-08-24 00:00:00,46,8,13.0166666666667,-0.127444290168704,0.880342458197967,2.752,0.823497264672841,52.52,2.658,1037,247.4,281.027,0.880342458197967
2016-08-24 13:06:00,2016-08-24 00:00:00,46,8,13.1,-0.130563058059713,0.877601151378083,2.862,0.567921218530216,53.62,2.418,1023,243.3,277.233,0.877601151378083
2016-08-24 13:11:00,2016-08-24 00:00:00,46,8,13.1833333333333,-0.133137528943238,0.875344698598798,3.008,0.293176968926893,55.08,2.16,1021,242.2,276.691,0.875344698598798
2016-08-24 13:16:00,2016-08-24 00:00:00,46,8,13.2666666666667,-0.133420088656421,0.875097396392291,3.129,-0.273349933355927,56.29,1.628,1004,238.1,272.084,0.875097396392291
2016-08-24 13:21:00,2016-08-24 00:00:00,46,8,13.35,-0.131362411090658,0.876899918541403,2.965,-0.170054614706616,54.65,1.725,983,233.6,266.393,0.876899918541403
2016-08-24 13:26:00,2016-08-24 00:00:00,46,8,13.4333333333333,-0.126120277094212,0.881508815088151,2.758,0.49337820507195,52.58,2.348,990,236.5,268.29,0.881508815088151
2016-08-24 13:31:00,2016-08-24 00:00:00,46,8,13.5166666666667,-0.122147454304823,0.885017859187601,3.061,0.492313304879689,55.61,2.347,999,239.6,270.729,0.885017859187601
2016-08-24 13:45:00,2016-08-24 00:00:00,46,8,13.75,-0.0812734770596691,0.921941527107579,2.692,-0.130653307592961,51.92,1.762,975,243.6,264.225,0.921941527107579
2016-08-24 14:01:00,2016-08-24 00:00:00,46,8,14.0166666666667,-0.335223045253972,0.715178551379834,2.149,-1.06457077620581,46.49,0.885,986,191.1,267.206,0.715178551379834
2016-08-24 14:06:00,2016-08-24 00:00:00,46,8,14.1,-0.0965902633985396,0.90792794123937,2.508,0.426289492959511,50.08,2.285,949,233.5,257.179,0.90792794123937
2016-08-24 14:11:00,2016-08-24 00:00:00,46,8,14.1833333333333,-0.104391487349549,0.900872548171111,2.712,0.328318675271504,52.12,2.193,938,229,254.198,0.900872548171111
2016-08-24 14:26:00,2016-08-24 00:00:00,46,8,14.4333333333333,-0.146636095505629,0.863608191143091,2.282,0.882066775247193,47.82,2.713,899,210.4,243.629,0.863608191143091
2016-08-24 14:31:00,2016-08-24 00:00:00,46,8,14.5166666666667,-0.0499589161286479,0.95126850549081,2.705,0.35707098046255,52.05,2.22,834,215,226.014,0.95126850549081
2016-08-24 14:36:00,2016-08-24 00:00:00,46,8,14.6,-0.0816339889905099,0.921609216092161,2.616,-0.716348413336478,51.16,1.212,820,204.8,222.22,0.921609216092161
2016-08-25 10:00:00,2016-08-25 00:00:00,47,8,10,-0.0484955542316194,0.952661574609126,1.869,-0.805800029486397,43.69,1.128,725.1,187.2,196.5021,0.952661574609126
2016-08-25 10:14:00,2016-08-25 00:00:00,47,8,10.2333333333333,-0.0412946618928176,0.95954634654438,1.838,-0.32233534219993,43.38,1.582,647.6,168.4,175.4996,0.95954634654438
2016-08-25 10:37:00,2016-08-25 00:00:00,47,8,10.6166666666667,-0.086112080582817,0.917491392487147,2.079,-0.14023740932331,45.79,1.753,956,237.7,259.076,0.917491392487147
2016-08-25 10:54:00,2016-08-25 00:00:00,47,8,10.9,-0.0736073450207876,0.92903641300564,2.017,-0.846266236792313,45.17,1.09,848,213.5,229.808,0.92903641300564
2016-08-25 10:59:00,2016-08-25 00:00:00,47,8,10.9833333333333,-0.0898322792934957,0.914084483310587,2.492,-0.789826526602483,49.92,1.143,876,217,237.396,0.914084483310587
2016-08-25 11:04:00,2016-08-25 00:00:00,47,8,11.0666666666667,-0.105837120467256,0.899571157873741,2.816,-0.716348413336478,53.16,1.212,925,225.5,250.675,0.899571157873741
2016-08-25 11:09:00,2016-08-25 00:00:00,47,8,11.15,-0.096199740864631,0.908282576801672,3.019,-0.86543444025301,55.19,1.072,830,204.3,224.93,0.908282576801672
2016-08-25 11:14:00,2016-08-25 00:00:00,47,8,11.2333333333333,-0.0934219447425521,0.910809108091081,2.803,-0.811124530447702,53.03,1.123,820,202.4,222.22,0.910809108091081
2016-08-25 11:26:00,2016-08-25 00:00:00,47,8,11.4333333333333,-0.037253693953857,0.963431687548815,2.098,-0.482070371039071,45.98,1.432,631.2,164.8,171.0552,0.963431687548815
2016-08-25 11:31:00,2016-08-25 00:00:00,47,8,11.5166666666667,-0.0616735249348574,0.940189785212396,2.174,-0.422435960272459,46.74,1.488,709.6,180.8,192.3016,0.940189785212396
2016-08-25 11:36:00,2016-08-25 00:00:00,47,8,11.6,-0.0450931492951699,0.955908435488849,2.22,-0.111485104132264,47.2,1.78,640.8,166,173.6568,0.955908435488849
2016-08-25 11:46:00,2016-08-25 00:00:00,47,8,11.7666666666667,-0.432459470996369,0.648911152323958,2.53,-0.0156440868287795,50.3,1.87,965,169.7,261.515,0.648911152323958
2016-08-25 11:51:00,2016-08-25 00:00:00,47,8,11.85,-0.117859424688131,0.888820990120729,2.964,-0.768528522757264,54.64,1.163,942,226.9,255.282,0.888820990120729
2016-08-25 11:56:00,2016-08-25 00:00:00,47,8,11.9333333333333,-0.133357135018305,0.875152488691211,3.178,-0.138107608938788,56.78,1.755,974,231,263.954,0.875152488691211
2016-08-25 12:01:00,2016-08-25 00:00:00,47,8,12.0166666666667,-0.128911021339182,0.879052178951542,3.298,-0.0923169006715673,57.98,1.798,968,230.6,262.328,0.879052178951542
2016-08-25 12:09:00,2016-08-25 00:00:00,47,8,12.15,-0.129899914634448,0.878183319820878,3.144,-0.534250480459857,56.44,1.383,974,231.8,263.954,0.878183319820878
2016-08-25 12:14:00,2016-08-25 00:00:00,47,8,12.2333333333333,-0.145420649753295,0.86465849821703,3.338,-0.19667711951314,58.38,1.7,1011,236.9,273.981,0.86465849821703
2016-08-25 12:24:00,2016-08-25 00:00:00,47,8,12.4,-0.0857585091450423,0.91781584859376,2.706,0.103624734704446,52.06,1.982,707.6,176,191.7596,0.91781584859376
2016-08-25 12:30:00,2016-08-25 00:00:00,47,8,12.5,-0.106875801071513,0.898637275846443,2.959,-0.454382966040287,54.59,1.458,912,222.1,247.152,0.898637275846443
2016-08-25 12:35:00,2016-08-25 00:00:00,47,8,12.5833333333333,-0.129207132358592,0.878791920449325,3.276,0.298501469888198,57.76,2.165,996,237.2,269.916,0.878791920449325
2016-08-25 12:40:00,2016-08-25 00:00:00,47,8,12.6666666666667,-0.142279037123628,0.867379191720204,3.41,-0.897381446020838,59.1,1.042,1004,236,272.084,0.867379191720204
2016-08-25 13:00:00,2016-08-25 00:00:00,47,8,13,-0.049024542739564,0.95215776085179,2.253,-0.337243944891583,47.53,1.568,650.3,167.8,176.2313,0.95215776085179
2016-08-25 14:16:00,2016-08-25 00:00:00,47,8,14.2666666666667,-0.0847391029685441,0.91875195279284,2.564,-0.878213242560141,50.64,1.06,933,232.3,252.843,0.91875195279284
2016-08-25 14:21:00,2016-08-25 00:00:00,47,8,14.35,-0.0925204383272745,0.911630578569937,2.779,-0.0656943958650439,52.79,1.823,848,209.5,229.808,0.911630578569937
2016-08-25 14:26:00,2016-08-25 00:00:00,47,8,14.4333333333333,-0.113433201617673,0.89276382959908,2.865,0.605192725259348,53.65,2.453,918,222.1,248.778,0.89276382959908
2016-08-25 15:00:00,2016-08-25 00:00:00,47,8,15,-0.0944582106583528,0.909865756522522,1.936,-0.377710152197499,44.36,1.53,795.3,196.1,215.5263,0.909865756522522
2016-08-26 10:02:00,2016-08-26 00:00:00,48,8,10.0333333333333,-0.0365753904472656,0.964085408326324,1.765,0.110014135858011,42.65,1.988,765.5,200,207.4505,0.964085408326324
2016-08-26 10:07:00,2016-08-26 00:00:00,48,8,10.1166666666667,-0.0573047690850962,0.944306230160689,2.153,0.188816750085321,46.53,2.062,799.9,204.7,216.7729,0.944306230160689
2016-08-26 10:12:00,2016-08-26 00:00:00,48,8,10.2,-0.0781434435583761,0.924831755870429,2.231,1.79468624001482,47.31,3.57,794.4,199.1,215.2824,0.924831755870429
2016-08-26 10:17:00,2016-08-26 00:00:00,48,8,10.2833333333333,-0.0612398171603529,0.94059764127053,1.931,-0.306361839316016,44.31,1.597,816,208,221.136,0.94059764127053
2016-08-26 10:22:00,2016-08-26 00:00:00,48,8,10.3666666666667,-0.068043193312282,0.93422012064432,2.021,0.956609788705459,45.21,2.783,835,211.4,226.285,0.93422012064432
2016-08-26 10:27:00,2016-08-26 00:00:00,48,8,10.45,-0.0704839125027281,0.931942732031363,1.952,0.770252255059794,44.52,2.608,841,212.4,227.911,0.931942732031363
2016-08-26 10:32:00,2016-08-26 00:00:00,48,8,10.5333333333333,-0.0696345467260107,0.932734628551105,2.037,-0.111485104132264,45.37,1.78,830,209.8,224.93,0.932734628551105
2016-08-26 10:37:00,2016-08-26 00:00:00,48,8,10.6166666666667,-0.0739596449212114,0.928709171216857,1.921,0.999205796395896,44.21,2.823,863,217.2,233.873,0.928709171216857
2016-08-26 10:51:00,2016-08-26 00:00:00,48,8,10.85,-0.0928092213093605,0.911367353182232,2.2,0.953415088128676,47,2.78,977,241.3,264.767,0.911367353182232
2016-08-26 11:04:00,2016-08-26 00:00:00,48,8,11.0666666666667,-0.0962967969019093,0.908194426771854,2.148,1.59448500386976,46.48,3.382,928,228.4,251.488,0.908194426771854
2016-08-26 11:09:00,2016-08-26 00:00:00,48,8,11.15,-0.0856432823686689,0.917921611648549,2.065,0.660567535256917,45.65,2.505,925,230.1,250.675,0.917921611648549
2016-08-26 11:14:00,2016-08-26 00:00:00,48,8,11.2333333333333,-0.0946894338217122,0.909655398804792,2.07,1.07907331081547,45.7,2.898,933,230,252.843,0.909655398804792
2016-08-26 11:19:00,2016-08-26 00:00:00,48,8,11.3166666666667,-0.175003175986275,0.839454354669465,2.39,0.620101327951002,48.9,2.467,953,216.8,258.263,0.839454354669465
2016-08-26 11:29:00,2016-08-26 00:00:00,48,8,11.4833333333333,-0.100051428203557,0.904790885069602,2.29,1.00985479831851,47.9,2.833,958,234.9,259.618,0.904790885069602
2016-08-26 11:34:00,2016-08-26 00:00:00,48,8,11.5666666666667,-0.115480783519121,0.890937692759717,2.122,1.48267048368236,46.22,3.277,1011,244.1,273.981,0.890937692759717
2016-08-26 11:49:00,2016-08-26 00:00:00,48,8,11.8166666666667,-0.197990589645736,0.820377573145101,2.472,0.777706556405621,49.72,2.615,999,222.1,270.729,0.820377573145101
2016-08-26 11:57:00,2016-08-26 00:00:00,48,8,11.95,-0.149382029541756,0.861240032908325,2.675,1.85538555097369,51.75,3.627,1063,248.1,288.073,0.861240032908325
2016-08-26 12:09:00,2016-08-26 00:00:00,48,8,12.15,-0.133276448537685,0.875223104514363,2.671,0.215439254891845,51.71,2.087,1073,254.5,290.783,0.875223104514363
2016-08-26 12:23:00,2016-08-26 00:00:00,48,8,12.3833333333333,-0.19025256129448,0.826750302446498,2.139,1.21751033580939,46.39,3.028,973,218,263.683,0.826750302446498
2016-08-26 12:36:00,2016-08-26 00:00:00,48,8,12.6,-0.129084496922929,0.87889969808789,2.507,-0.908030447943447,50.07,1.032,935,222.7,253.385,0.87889969808789
2016-08-26 12:55:00,2016-08-26 00:00:00,48,8,12.9166666666667,-0.109166340588214,0.896581267238334,2.54,-0.544899482382467,50.4,1.373,982,238.6,266.122,0.896581267238334
2016-08-26 13:00:00,2016-08-26 00:00:00,48,8,13,-0.10920655465215,0.896545212786883,2.317,1.12379911889043,48.17,2.94,938,227.9,254.198,0.896545212786883
2016-08-26 13:05:00,2016-08-26 00:00:00,48,8,13.0833333333333,-0.107599878972878,0.897986827969545,2.431,1.73398692905594,49.31,3.513,948,230.7,256.908,0.897986827969545
2016-08-26 13:10:00,2016-08-26 00:00:00,48,8,13.1666666666667,-0.107542389693928,0.898038454068751,2.322,0.894845577554324,48.22,2.725,950,231.2,257.45,0.898038454068751
2016-08-26 13:15:00,2016-08-26 00:00:00,48,8,13.25,-0.108535014113435,0.897147481443335,2.383,-0.0710188968263485,48.83,1.818,953,231.7,258.263,0.897147481443335
2016-08-26 13:20:00,2016-08-26 00:00:00,48,8,13.3333333333333,-0.0982498432834271,0.906422411909803,2.387,0.317669673348894,48.87,2.183,929,228.2,251.759,0.906422411909803
2016-08-26 13:25:00,2016-08-26 00:00:00,48,8,13.4166666666667,-0.0971052716400033,0.907460471252757,2.638,-0.00180038432938742,51.38,1.883,895,220.1,242.545,0.907460471252757
2016-08-26 13:35:00,2016-08-26 00:00:00,48,8,13.5833333333333,-0.0738304345844081,0.92882917779454,2.129,0.391147786614899,46.29,2.252,905,227.8,245.255,0.92882917779454
2016-08-26 13:41:00,2016-08-26 00:00:00,48,8,13.6833333333333,-0.0820706652020433,0.921206859127415,2.208,0.22182865604541,47.08,2.093,850,212.2,230.35,0.921206859127415
2016-08-26 13:46:00,2016-08-26 00:00:00,48,8,13.7666666666667,-0.0902733617168965,0.913681385617684,2.574,0.514676208917168,50.74,2.368,836,207,226.556,0.913681385617684
2016-08-26 13:51:00,2016-08-26 00:00:00,48,8,13.85,-0.0880573877873569,0.915708324740798,2.364,1.6807419194429,48.64,3.463,841,208.7,227.911,0.915708324740798
2016-08-26 13:56:00,2016-08-26 00:00:00,48,8,13.9333333333333,-0.0792471339144366,0.923811591057087,2.108,0.919338281976326,46.08,2.748,850,212.8,230.35,0.923811591057087
2016-08-26 14:02:00,2016-08-26 00:00:00,48,8,14.0333333333333,-0.0842145161323015,0.91923404441145,2.292,0.391147786614899,47.92,2.252,845,210.5,228.995,0.91923404441145
2016-08-26 14:07:00,2016-08-26 00:00:00,48,8,14.1166666666667,-0.0804189829350851,0.922729657404101,2.2,1.37192086368723,47,3.173,837,209.3,226.827,0.922729657404101
2016-08-26 14:12:00,2016-08-26 00:00:00,48,8,14.2,-0.0857005358663528,0.91786905893011,2.316,0.756408552560402,48.16,2.595,835,207.7,226.285,0.91786905893011
2016-08-26 14:17:00,2016-08-26 00:00:00,48,8,14.2833333333333,-0.0808963104568958,0.922289318244791,2.234,1.31015665253609,47.34,3.115,839,209.7,227.369,0.922289318244791
2016-08-26 14:22:00,2016-08-26 00:00:00,48,8,14.3666666666667,-0.0816484924991505,0.921595849621863,2.381,-0.675882206030562,48.81,1.25,808,201.8,218.968,0.921595849621863
2016-08-26 14:27:00,2016-08-26 00:00:00,48,8,14.45,-0.0826956011244698,0.920631343718017,2.508,-1.12846478774146,50.08,0.825,786,196.1,213.006,0.920631343718017
2016-08-26 14:32:00,2016-08-26 00:00:00,48,8,14.5333333333333,-0.0768786582769196,0.926002209493305,2.401,0.472080201226731,49.01,2.328,765.9,192.2,207.5589,0.926002209493305
2016-08-26 14:37:00,2016-08-26 00:00:00,48,8,14.6166666666667,-0.0767643224983223,0.926108090729802,2.465,-0.0188387874055625,49.65,1.867,692.1,173.7,187.5591,0.926108090729802
2016-08-26 14:45:00,2016-08-26 00:00:00,48,8,14.75,-0.0841185746464352,0.919322241322334,2.134,1.14296732235112,46.34,2.958,752.6,187.5,203.9546,0.919322241322334
2016-08-26 14:50:00,2016-08-26 00:00:00,48,8,14.8333333333333,-0.0649270851395633,0.937135792011772,2.044,-0.173249315283399,45.44,1.722,712.7,181,193.1417,0.937135792011772
2016-08-26 14:59:00,2016-08-26 00:00:00,48,8,14.9833333333333,-0.0419938530802699,0.958875674686173,1.906,0.626490729104567,44.06,2.473,677.3,176,183.5483,0.958875674686173
2016-08-27 10:00:00,2016-08-27 00:00:00,49,8,10,-0.0737903671180954,0.928866394371914,2.872,-0.917614549673796,53.72,1.023,769.1,193.6,208.4261,0.928866394371914
2016-08-27 10:05:00,2016-08-27 00:00:00,49,8,10.0833333333333,-0.0773343667867547,0.925580318543262,2.874,-1.37339183196148,53.74,0.595,781,195.9,211.651,0.925580318543262
2016-08-27 10:10:00,2016-08-27 00:00:00,49,8,10.1666666666667,-0.0802807580007268,0.92285721046573,2.868,-0.519341877768204,53.68,1.397,795.3,198.9,215.5263,0.92285721046573
2016-08-27 10:15:00,2016-08-27 00:00:00,49,8,10.25,-0.0781795870029874,0.924798329869155,2.899,-0.193482418936357,53.99,1.703,806,202,218.426,0.924798329869155
2016-08-27 10:20:00,2016-08-27 00:00:00,49,8,10.3333333333333,-0.05465979718766,0.946807199640994,2.951,-0.544899482382467,54.51,1.373,793.5,203.6,215.0385,0.946807199640994
2016-08-27 10:25:00,2016-08-27 00:00:00,49,8,10.4166666666667,-0.0622411762312233,0.939656236711066,2.895,-0.606663693533601,53.95,1.315,807,205.5,218.697,0.939656236711066
2016-08-27 10:30:00,2016-08-27 00:00:00,49,8,10.5,-0.033902703938392,0.966665552813355,3.036,-0.785566925833439,55.36,1.147,773,202.5,209.483,0.966665552813355
2016-08-27 10:35:00,2016-08-27 00:00:00,49,8,10.5833333333333,-0.0654652559830383,0.936631588538108,2.98,-0.806864929678658,54.8,1.127,810,205.6,219.51,0.936631588538108
2016-08-27 10:40:00,2016-08-27 00:00:00,49,8,10.6666666666667,-0.0629883158714214,0.9389544444895,2.961,-0.188157917975052,54.61,1.708,819,208.4,221.949,0.9389544444895
2016-08-27 10:45:00,2016-08-27 00:00:00,49,8,10.75,-0.0599989890983814,0.941765485616021,3.026,-0.856915238714922,55.26,1.08,824,210.3,223.304,0.941765485616021
2016-08-27 10:50:00,2016-08-27 00:00:00,49,8,10.8333333333333,-0.065539351214566,0.936562191174737,2.947,-1.22111110446816,54.47,0.738,814,206.6,220.594,0.936562191174737
2016-08-27 10:55:00,2016-08-27 00:00:00,49,8,10.9166666666667,-0.0696468980123131,0.932723108149809,3.159,-1.43196134253583,56.59,0.54,849,214.6,230.079,0.932723108149809
2016-08-27 11:00:00,2016-08-27 00:00:00,49,8,11,-0.0722623313158162,0.930286820432607,3.334,-0.249922129126187,58.34,1.65,854,215.3,231.434,0.930286820432607
2016-08-27 11:05:00,2016-08-27 00:00:00,49,8,11.0833333333333,-0.0722818652152716,0.930268648480877,3.384,0.0461201243223548,58.84,1.928,856,215.8,231.976,0.930268648480877
2016-08-27 11:10:00,2016-08-27 00:00:00,49,8,11.1666666666667,-0.0700660471457213,0.932332239989067,3.059,0.189881650277582,55.59,2.063,864,218.3,234.144,0.932332239989067
2016-08-27 11:15:00,2016-08-27 00:00:00,49,8,11.25,-0.0815674074002949,0.921670580342167,3.436,-0.561937885458642,59.36,1.357,880,219.8,238.48,0.921670580342167
2016-08-27 11:20:00,2016-08-27 00:00:00,49,8,11.3333333333333,-0.0753784232922058,0.927392473004132,3.375,-1.20300780119973,58.75,0.755,869,218.4,235.499,0.927392473004132
2016-08-27 11:25:00,2016-08-27 00:00:00,49,8,11.4166666666667,-0.0806579030174544,0.922509225092251,3.211,-0.647129900839517,57.11,1.277,878,219.5,237.938,0.922509225092251
2016-08-27 11:30:00,2016-08-27 00:00:00,49,8,11.5,-0.0835868225383397,0.919811222859135,3.207,-0.88886224448275,57.07,1.05,889,221.6,240.919,0.919811222859135
2016-08-27 11:35:00,2016-08-27 00:00:00,49,8,11.5833333333333,-0.0887806913610587,0.915046229113976,3.413,-1.00813106601598,59.13,0.938,890,220.7,241.19,0.915046229113976
2016-08-27 11:40:00,2016-08-27 00:00:00,49,8,11.6666666666667,-0.0905723600746329,0.913408237221386,3.547,-1.20833230216103,60.47,0.75,892,220.8,241.732,0.913408237221386
2016-08-27 11:45:00,2016-08-27 00:00:00,49,8,11.75,-0.0928669626542283,0.911314731124839,3.66,-1.23708460735208,61.6,0.723,890,219.8,241.19,0.911314731124839
2016-08-27 11:50:00,2016-08-27 00:00:00,49,8,11.8333333333333,-0.0914058792993817,0.912647211104628,3.405,-0.528925979498553,59.05,1.388,898,222.1,243.358,0.912647211104628
2016-08-27 11:55:00,2016-08-27 00:00:00,49,8,11.9166666666667,-0.0898210021058621,0.914094791670942,3.327,-1.00600126563145,58.27,0.94,899,222.7,243.629,0.914094791670942
2016-08-27 12:00:00,2016-08-27 00:00:00,49,8,12,-0.0925454490832312,0.911607778285141,3.522,-1.30097861888773,60.22,0.663,897,221.6,243.087,0.911607778285141
2016-08-27 12:05:00,2016-08-27 00:00:00,49,8,12.0833333333333,-0.0909327309585527,0.913079130791308,3.418,-1.20833230216103,59.18,0.75,900,222.7,243.9,0.913079130791308
2016-08-27 12:10:00,2016-08-27 00:00:00,49,8,12.1666666666667,-0.0877627286411991,0.915978186330536,3.633,-0.414981658926632,61.33,1.495,904,224.4,244.984,0.915978186330536
2016-08-27 12:15:00,2016-08-27 00:00:00,49,8,12.25,-0.08888657170984,0.914949348829037,3.669,-0.620507396032994,61.69,1.302,903,223.9,244.713,0.914949348829037
2016-08-27 12:20:00,2016-08-27 00:00:00,49,8,12.3333333333333,-0.0888683119489487,0.914966055737905,3.625,-0.00180038432938742,61.25,1.883,905,224.4,245.255,0.914966055737905
2016-08-27 12:25:00,2016-08-27 00:00:00,49,8,12.4166666666667,-0.0950625842200028,0.909316023853308,3.469,-0.673752405646041,59.69,1.252,909,224,246.339,0.909316023853308
2016-08-27 12:30:00,2016-08-27 00:00:00,49,8,12.5,-0.0909327309585527,0.913079130791308,3.65,-1.29352431754191,61.5,0.67,900,222.7,243.9,0.913079130791308
2016-08-27 12:35:00,2016-08-27 00:00:00,49,8,12.5833333333333,-0.0877785383554783,0.915963705091596,3.545,0.450782197381512,60.45,2.308,902,223.9,244.442,0.915963705091596
2016-08-27 12:40:00,2016-08-27 00:00:00,49,8,12.6666666666667,-0.0882252660823626,0.915554610091555,3.718,-0.476745870077767,62.18,1.437,902,223.8,244.442,0.915554610091555
2016-08-27 12:45:00,2016-08-27 00:00:00,49,8,12.75,-0.0921717450797937,0.911948513424528,3.675,-0.194547319128618,61.75,1.702,891,220.2,241.461,0.911948513424528
2016-08-27 12:50:00,2016-08-27 00:00:00,49,8,12.8333333333333,-0.0861273788219898,0.917477356591748,3.62,-0.915484749289274,61.2,1.025,880,218.8,238.48,0.917477356591748
2016-08-27 12:55:00,2016-08-27 00:00:00,49,8,12.9166666666667,-0.0840689353185173,0.919367876993185,3.56,-0.734451716604914,60.6,1.195,881,219.5,238.751,0.919367876993185
2016-08-27 13:00:00,2016-08-27 00:00:00,49,8,13,-0.0829436182983104,0.920403039646835,3.531,-1.23708460735208,60.31,0.723,876,218.5,237.396,0.920403039646835
2016-08-27 13:05:00,2016-08-27 00:00:00,49,8,13.0833333333333,-0.0836474418658205,0.919755466211378,3.779,0.110014135858011,62.79,1.988,871,217.1,236.041,0.919755466211378
2016-08-27 13:10:00,2016-08-27 00:00:00,49,8,13.1666666666667,-0.0792827022506453,0.923778733200176,3.754,-0.864369540060749,62.54,1.073,872,218.3,236.312,0.923778733200176
2016-08-27 13:15:00,2016-08-27 00:00:00,49,8,13.25,-0.0811146283051379,0.922087988003168,3.636,-0.97937876082493,61.36,0.965,876,218.9,237.396,0.922087988003168
2016-08-27 13:20:00,2016-08-27 00:00:00,49,8,13.3333333333333,-0.0788247219357935,0.924201902569484,3.468,-1.19235879927712,59.68,0.765,872,218.4,236.312,0.924201902569484
2016-08-27 13:25:00,2016-08-27 00:00:00,49,8,13.4166666666667,-0.0808902180376653,0.922294937235087,3.636,-0.337243944891583,61.36,1.568,861,215.2,233.331,0.922294937235087
2016-08-27 13:31:00,2016-08-27 00:00:00,49,8,13.5166666666667,-0.0708470324531952,0.9316043864664,3.755,-0.455447866232548,62.55,1.457,852,215.1,230.892,0.9316043864664
2016-08-27 13:36:00,2016-08-27 00:00:00,49,8,13.6,-0.0754947842958862,0.927284566963317,3.705,-0.704634511221608,62.05,1.223,850,213.6,230.35,0.927284566963317
2016-08-27 13:45:00,2016-08-27 00:00:00,49,8,13.75,-0.0562866506600593,0.945268135316084,3.349,-0.635415998724647,58.49,1.288,835,213.9,226.285,0.945268135316084
2016-08-27 13:50:00,2016-08-27 00:00:00,49,8,13.8333333333333,-0.0628561338991614,0.939078565542937,3.446,-0.35641214835228,59.46,1.55,824,209.7,223.304,0.939078565542937
2016-08-27 14:12:00,2016-08-27 00:00:00,49,8,14.2,-0.0318677388480225,0.968634686346863,2.557,-1.44580504503522,50.57,0.527,808,212.1,218.968,0.968634686346863
2016-08-27 14:17:00,2016-08-27 00:00:00,49,8,14.2833333333333,-0.034355041408479,0.966228392642192,2.885,-1.08586878005102,53.85,0.865,795.5,208.3,215.5805,0.966228392642192
2016-08-27 14:30:00,2016-08-27 00:00:00,49,8,14.5,-0.0162535110464716,0.983877864529718,2.724,-1.30417331946452,52.24,0.66,745.6,198.8,202.0576,0.983877864529718
2016-08-27 14:40:00,2016-08-27 00:00:00,49,8,14.6666666666667,-0.0125658090014797,0.987512811123414,2.818,-1.28607001619608,53.18,0.677,681.2,182.3,184.6052,0.987512811123414
2016-08-27 14:45:00,2016-08-27 00:00:00,49,8,14.75,-0.026916902482882,0.973442128787485,2.593,-0.683336507376389,50.93,1.243,710,187.3,192.41,0.973442128787485
2016-08-27 14:50:00,2016-08-27 00:00:00,49,8,14.8333333333333,-0.0309556536568469,0.969518566725767,2.918,-0.577911388342556,54.18,1.342,704.5,185.1,190.9195,0.969518566725767
2016-08-27 14:55:00,2016-08-27 00:00:00,49,8,14.9166666666667,-0.0344264460341095,0.966159401928699,2.887,-0.0763433977876533,53.87,1.813,693.2,181.5,187.8572,0.966159401928699
2016-08-27 15:00:00,2016-08-27 00:00:00,49,8,15,-0.0445611740205284,0.95641709042528,3.125,-1.23814950754434,56.25,0.722,685.6,177.7,185.7976,0.95641709042528
2016-08-28 10:00:00,2016-08-28 00:00:00,50,8,10,-0.0910860319545239,0.912939165579834,3.092,-1.30417331946452,55.92,0.66,829,205.1,224.659,0.912939165579834
2016-08-28 10:07:00,2016-08-28 00:00:00,50,8,10.1166666666667,-0.064991786273055,0.937075160225286,2.982,-0.615182895071689,54.82,1.307,836,212.3,226.556,0.937075160225286
2016-08-28 10:13:00,2016-08-28 00:00:00,50,8,10.2166666666667,-0.0984004262195031,0.90628593043784,3.136,-0.214780422781575,56.36,1.683,665.3,163.4,180.2963,0.90628593043784
2016-08-28 10:27:00,2016-08-28 00:00:00,50,8,10.45,-0.0486390477969448,0.952524883610611,2.879,-1.5118288569554,53.79,0.465,879,226.9,238.209,0.952524883610611
2016-08-28 10:43:00,2016-08-28 00:00:00,50,8,10.7166666666667,-0.0591273262770472,0.942586745455083,3.081,-0.247792328741665,55.81,1.652,873,223,236.583,0.942586745455083
2016-08-28 10:49:00,2016-08-28 00:00:00,50,8,10.8166666666667,0.106635507151489,1.11252867182318,2.764,-0.897381446020838,52.64,1.042,655.4,197.6,177.6134,1.11252867182318
2016-08-28 10:55:00,2016-08-28 00:00:00,50,8,10.9166666666667,-0.0688288296896988,0.933486451569321,3.26,-0.878213242560141,57.6,1.06,874,221.1,236.854,0.933486451569321
2016-08-28 11:00:00,2016-08-28 00:00:00,50,8,11,-0.070162711998246,0.932242120586343,3.451,-0.890992044867272,59.51,1.048,872,220.3,236.312,0.932242120586343
2016-08-28 11:05:00,2016-08-28 00:00:00,50,8,11.0833333333333,-0.0728183424611177,0.92976971436381,3.489,-1.20833230216103,59.89,0.75,864,217.7,234.144,0.92976971436381
2016-08-28 11:10:00,2016-08-28 00:00:00,50,8,11.1666666666667,-0.0772814226008485,0.925629323936982,3.412,-0.75255501987335,59.12,1.178,887,222.5,240.377,0.925629323936982
2016-08-28 11:15:00,2016-08-28 00:00:00,50,8,11.25,-0.0753031378797946,0.927462294757176,3.474,-1.13165948831824,59.74,0.822,894,224.7,242.274,0.927462294757176
2016-08-28 11:25:00,2016-08-28 00:00:00,50,8,11.4166666666667,-0.0538212490638949,0.94760147601476,3.166,-0.274414833548188,56.66,1.627,875,224.7,237.125,0.94760147601476
2016-08-28 11:30:00,2016-08-28 00:00:00,50,8,11.5,-0.0639795808737321,0.938024152968802,3.321,-0.53744518103664,58.21,1.38,880,223.7,238.48,0.938024152968802
2016-08-28 11:35:00,2016-08-28 00:00:00,50,8,11.5833333333333,-0.0669050089876312,0.935284040695118,3.415,-0.260571131048796,59.15,1.64,881,223.3,238.751,0.935284040695118
2016-08-28 11:40:00,2016-08-28 00:00:00,50,8,11.6666666666667,-0.0694091904815837,0.932944849810489,3.456,-1.16360649408607,59.56,0.792,884,223.5,239.564,0.932944849810489
2016-08-28 11:45:00,2016-08-28 00:00:00,50,8,11.75,-0.0736923653610311,0.928957429371362,3.494,-1.32760112369426,59.94,0.638,887,223.3,240.377,0.928957429371362
2016-08-28 11:50:00,2016-08-28 00:00:00,50,8,11.8333333333333,-0.0741402936999876,0.928541416192065,3.532,-0.338308845083845,60.32,1.567,887,223.2,240.377,0.928541416192065
2016-08-28 11:55:00,2016-08-28 00:00:00,50,8,11.9166666666667,-0.075715183451247,0.927080216748113,3.513,-0.478875670462289,60.13,1.435,888,223.1,240.648,0.927080216748113
2016-08-28 12:00:00,2016-08-28 00:00:00,50,8,12,-0.0772965553147497,0.925615316759228,3.493,-1.1763852963932,59.93,0.78,891,223.5,241.461,0.925615316759228
2016-08-28 12:05:00,2016-08-28 00:00:00,50,8,12.0833333333333,-0.0781973268962379,0.924781924191023,3.565,-0.411786958349849,60.65,1.498,893,223.8,242.003,0.924781924191023
2016-08-28 12:10:00,2016-08-28 00:00:00,50,8,12.1666666666667,-0.0754852838153201,0.927293376654172,3.67,-0.548094182959249,61.7,1.37,887,222.9,240.377,0.927293376654172
2016-08-28 12:15:00,2016-08-28 00:00:00,50,8,12.25,-0.075473624529066,0.92730418829612,3.77,0.353876279885767,62.7,2.217,885,222.4,239.835,0.92730418829612
2016-08-28 12:20:00,2016-08-28 00:00:00,50,8,12.3333333333333,-0.0779649031852626,0.924996890418342,3.712,-0.556613384497337,62.12,1.362,890,223.1,241.19,0.924996890418342
2016-08-28 12:25:00,2016-08-28 00:00:00,50,8,12.4166666666667,-0.0775026152971152,0.925424604133175,3.742,-0.97937876082493,62.42,0.965,886,222.2,240.106,0.925424604133175
2016-08-28 12:30:00,2016-08-28 00:00:00,50,8,12.5,-0.0862980758937156,0.917320759259336,3.772,-1.39788453638348,62.72,0.572,889,221,240.919,0.917320759259336
2016-08-28 12:35:00,2016-08-28 00:00:00,50,8,12.5833333333333,-0.0792951955615185,0.923767192217377,3.784,-0.986833062170757,62.84,0.958,880,220.3,238.48,0.923767192217377
2016-08-28 12:40:00,2016-08-28 00:00:00,50,8,12.6666666666667,-0.0736291925257369,0.929016116099728,3.537,-0.872888741598836,60.37,1.065,879,221.3,238.209,0.929016116099728
2016-08-28 12:45:00,2016-08-28 00:00:00,50,8,12.75,-0.0785981700544439,0.92441130596873,3.651,-0.745100718527523,61.51,1.185,873,218.7,236.583,0.92441130596873
2016-08-28 12:50:00,2016-08-28 00:00:00,50,8,12.8333333333333,-0.0738163712007378,0.928842240367484,3.714,-1.39149513522991,62.14,0.578,874,220,236.854,0.928842240367484
2016-08-28 12:55:00,2016-08-28 00:00:00,50,8,12.9166666666667,-0.0719402520290968,0.93058649480504,3.712,-0.993222463324323,62.12,0.952,868,218.9,235.228,0.93058649480504
2016-08-28 13:00:00,2016-08-28 00:00:00,50,8,13,-0.071920206589249,0.93060514900761,3.744,-1.01665026755406,62.44,0.93,866,218.4,234.686,0.93060514900761
2016-08-28 13:05:00,2016-08-28 00:00:00,50,8,13.0833333333333,-0.0689079694250935,0.933412578621731,3.747,-0.193482418936357,62.47,1.703,863,218.3,233.873,0.933412578621731
2016-08-28 13:10:00,2016-08-28 00:00:00,50,8,13.1666666666667,-0.0739285586767114,0.928738041745959,3.789,-0.785566925833439,62.89,1.147,859,216.2,232.789,0.928738041745959
2016-08-28 13:15:00,2016-08-28 00:00:00,50,8,13.25,-0.0662895013084744,0.935859892406753,3.825,0.316604773156634,63.25,2.182,843,213.8,228.453,0.935859892406753
2016-08-28 13:20:00,2016-08-28 00:00:00,50,8,13.3333333333333,-0.0515187476161277,0.949785843574887,3.769,-1.04859727332189,62.69,0.9,791.4,203.7,214.4694,0.949785843574887
2016-08-28 13:25:00,2016-08-28 00:00:00,50,8,13.4166666666667,-0.0603885312553917,0.941398699701283,3.504,-0.670557705069258,60.04,1.255,840,214.3,227.64,0.941398699701283
2016-08-28 13:30:00,2016-08-28 00:00:00,50,8,13.5,-0.0633239773806356,0.938639326513026,3.547,0.0184327193235703,60.47,1.902,835,212.4,226.285,0.938639326513026
2016-08-28 13:35:00,2016-08-28 00:00:00,50,8,13.5833333333333,-0.0547819983708983,0.946691505750009,3.515,-1.07308997774389,60.15,0.877,824,211.4,223.304,0.946691505750009
2016-08-28 13:40:00,2016-08-28 00:00:00,50,8,13.6666666666667,-0.0471970849254605,0.953899379875072,3.487,-0.263765831625579,59.87,1.637,817,211.2,221.407,0.953899379875072
2016-08-28 13:45:00,2016-08-28 00:00:00,50,8,13.75,-0.0473498525214676,0.953753666090431,3.445,-1.35209382811626,59.45,0.615,809,209.1,219.239,0.953753666090431
2016-08-28 13:50:00,2016-08-28 00:00:00,50,8,13.8333333333333,-0.0491592359580835,0.952029520295203,3.536,-0.675882206030562,60.36,1.25,800,206.4,216.8,0.952029520295203
2016-08-28 13:55:00,2016-08-28 00:00:00,50,8,13.9166666666667,-0.0481660922926944,0.952975492047721,3.58,-1.24347400850564,60.8,0.717,790.3,204.1,214.1713,0.952975492047721
2016-08-28 14:00:00,2016-08-28 00:00:00,50,8,14,-0.0451125596905467,0.955889881108247,3.58,-0.588560390265165,60.8,1.332,782.1,202.6,211.9491,0.955889881108247
2016-08-28 14:05:00,2016-08-28 00:00:00,50,8,14.0833333333333,-0.0414670401649172,0.959380955858453,3.478,-0.558743184881859,59.78,1.36,773.1,201,209.5101,0.959380955858453
2016-08-28 14:10:00,2016-08-28 00:00:00,50,8,14.1666666666667,-0.034495861254292,0.966092338088735,3.212,-0.319140641623148,57.12,1.585,762,199.5,206.502,0.966092338088735
2016-08-28 14:15:00,2016-08-28 00:00:00,50,8,14.25,-0.0350922300156519,0.965516362561686,3.275,-0.929328451788666,57.75,1.012,752.9,197,204.0359,0.965516362561686
2016-08-28 14:20:00,2016-08-28 00:00:00,50,8,14.3333333333333,-0.0313090311820838,0.969176021181499,3.285,-0.753619920065611,57.85,1.177,741.3,194.7,200.8923,0.969176021181499
2016-08-28 14:25:00,2016-08-28 00:00:00,50,8,14.4166666666667,-0.0229074363308823,0.977352946961204,2.902,-1.63429237906541,54.02,0.35,731.7,193.8,198.2907,0.977352946961204
2016-08-28 14:30:00,2016-08-28 00:00:00,50,8,14.5,-0.026649098080402,0.973702855785495,3.094,-1.23708460735208,55.94,0.723,720.8,190.2,195.3368,0.973702855785495
2016-08-28 14:35:00,2016-08-28 00:00:00,50,8,14.5833333333333,-0.0240480656353906,0.976238785092688,3.09,-1.25305811023599,55.9,0.708,709.1,187.6,192.1661,0.976238785092688
2016-08-28 14:40:00,2016-08-28 00:00:00,50,8,14.6666666666667,-0.0225874526328264,0.977665734012188,3.132,-1.06670057659033,56.32,0.883,694.1,183.9,188.1011,0.977665734012188
2016-08-28 14:45:00,2016-08-28 00:00:00,50,8,14.75,-0.0187532727792204,0.981421475766709,3.116,-0.221169823935141,56.16,1.677,684.3,182,185.4453,0.981421475766709
2016-08-28 14:50:00,2016-08-28 00:00:00,50,8,14.8333333333333,-0.0126985411824612,0.987381745092779,3.174,-1.23176010639077,56.74,0.728,671.2,179.6,181.8952,0.987381745092779
2016-08-28 14:55:00,2016-08-28 00:00:00,50,8,14.9166666666667,-0.005421262572358,0.994593405952302,2.888,-1.17851509677773,53.88,0.778,657.8,177.3,178.2638,0.994593405952302
2016-08-28 15:00:00,2016-08-28 00:00:00,50,8,15,-0.00603993606349512,0.993978267682071,2.925,-0.926133751211883,54.25,1.015,644.1,173.5,174.5511,0.993978267682071
2016-08-29 10:00:00,2016-08-29 00:00:00,51,8,10,-0.0668344744588998,0.935350012840788,1.825,1.2334838386933,43.25,3.043,819,207.6,221.949,0.935350012840788
2016-08-29 10:05:00,2016-08-29 00:00:00,51,8,10.0833333333333,-0.063109432776074,0.9388407281202,1.761,-0.819643731985789,42.61,1.115,836,212.7,226.556,0.9388407281202
2016-08-29 10:10:00,2016-08-29 00:00:00,51,8,10.1666666666667,-0.0676425349053844,0.934594498783416,1.784,0.258035262582282,42.84,2.127,778.6,197.2,211.0006,0.934594498783416
2016-08-29 10:15:00,2016-08-29 00:00:00,51,8,10.25,-0.0693209842404568,0.933027144998291,2.013,-0.265895632010101,45.13,1.635,842,212.9,228.182,0.933027144998291
2016-08-29 10:20:00,2016-08-29 00:00:00,51,8,10.3333333333333,-0.0730607582800217,0.929544350794062,2.348,-1.38404083388409,48.48,0.585,813,204.8,220.323,0.929544350794062
2016-08-29 10:25:00,2016-08-29 00:00:00,51,8,10.4166666666667,-0.0793893502658343,0.923680219285057,2.58,-0.315945941046365,50.8,1.588,787.8,197.2,213.4938,0.923680219285057
2016-08-29 10:30:00,2016-08-29 00:00:00,51,8,10.5,-0.0865368147172306,0.917101785320315,2.58,-1.42344214099774,50.8,0.548,853,212,231.163,0.917101785320315
2016-08-29 10:35:00,2016-08-29 00:00:00,51,8,10.5833333333333,-0.0988243849428262,0.905901784048667,2.841,-1.5065043559941,53.41,0.47,811,199.1,219.781,0.905901784048667
2016-08-29 10:40:00,2016-08-29 00:00:00,51,8,10.6666666666667,-0.103454331109838,0.901717202225403,2.565,-0.702504710837086,50.65,1.225,843,206,228.453,0.901717202225403
2016-08-29 10:45:00,2016-08-29 00:00:00,51,8,10.75,-0.0905268000606968,0.913449853061405,2.461,-0.80899473006318,49.61,1.125,835,206.7,226.285,0.913449853061405
2016-08-29 10:50:00,2016-08-29 00:00:00,51,8,10.8333333333333,-0.0855240926686274,0.918031024970444,2.884,-0.897381446020838,53.84,1.042,824,205,223.304,0.918031024970444
2016-08-29 10:56:00,2016-08-29 00:00:00,51,8,10.9333333333333,-0.0897684910879134,0.914142792979242,2.668,-0.157275812399485,51.68,1.737,838,207.6,227.098,0.914142792979242
2016-08-29 11:01:00,2016-08-29 00:00:00,51,8,11.0166666666667,-0.0962331148029257,0.908252264340825,2.544,0.211179654122801,50.44,2.083,880,216.6,238.48,0.908252264340825
2016-08-29 11:07:00,2016-08-29 00:00:00,51,8,11.1166666666667,-0.0868117685918328,0.916849659294139,2.599,-0.558743184881859,50.99,1.36,815,202.5,220.865,0.916849659294139
2016-08-29 11:13:00,2016-08-29 00:00:00,51,8,11.2166666666667,-0.120323159409886,0.886633866338663,2.663,-1.50437455560957,51.63,0.472,936,224.9,253.656,0.886633866338663
2016-08-29 11:18:00,2016-08-29 00:00:00,51,8,11.3,-0.124118781638803,0.883274917809156,3.044,-1.01452046716954,55.44,0.932,917,219.5,248.507,0.883274917809156
2016-08-29 11:23:00,2016-08-29 00:00:00,51,8,11.3833333333333,-0.107701195181545,0.897895851957452,2.893,0.0588989266294861,53.93,1.94,937,228,253.927,0.897895851957452
2016-08-29 11:28:00,2016-08-29 00:00:00,51,8,11.4666666666667,-0.119886672597952,0.887020954801693,2.805,-0.635415998724647,53.05,1.288,993,238.7,269.103,0.887020954801693
2016-08-29 11:33:00,2016-08-29 00:00:00,51,8,11.55,-0.114012259057047,0.892247017708272,2.918,-1.29884881850321,54.18,0.665,945,228.5,256.095,0.892247017708272
2016-08-29 11:38:00,2016-08-29 00:00:00,51,8,11.6333333333333,-0.126612212871377,0.881075276009558,2.882,-0.926133751211883,53.82,1.015,993,237.1,269.103,0.881075276009558
2016-08-29 11:43:00,2016-08-29 00:00:00,51,8,11.7166666666667,-0.128606110272752,0.879320252556101,2.646,-0.10616060317096,51.46,1.785,1021,243.3,276.691,0.879320252556101
2016-08-29 11:48:00,2016-08-29 00:00:00,51,8,11.8,-0.119655533485807,0.887226003734141,2.574,-0.532120680075336,50.74,1.385,1004,241.4,272.084,0.887226003734141
2016-08-29 11:53:00,2016-08-29 00:00:00,51,8,11.8833333333333,-0.115348352786907,0.891055688103659,2.354,0.506157007379081,48.54,2.36,962,232.3,260.702,0.891055688103659
2016-08-29 11:58:00,2016-08-29 00:00:00,51,8,11.9666666666667,-0.108906569097903,0.896814203744132,2.208,0.252710761620977,47.08,2.122,955,232.1,258.805,0.896814203744132
2016-08-29 12:03:00,2016-08-29 00:00:00,51,8,12.05,-0.103594688360553,0.901590648559547,2.472,-1.23282500658303,49.72,0.727,882,215.5,239.022,0.901590648559547
2016-08-29 12:08:00,2016-08-29 00:00:00,51,8,12.1333333333333,-0.106913197753834,0.898603670422086,2.332,-0.492719372961681,48.32,1.422,903,219.9,244.713,0.898603670422086
2016-08-29 12:13:00,2016-08-29 00:00:00,51,8,12.2166666666667,-0.131362411090658,0.876899918541403,2.621,-1.01452046716954,51.21,0.932,983,233.6,266.393,0.876899918541403
2016-08-29 12:18:00,2016-08-29 00:00:00,51,8,12.3,-0.134814553727962,0.873877954071291,2.766,-0.425630660849241,52.66,1.485,994,235.4,269.374,0.873877954071291
2016-08-29 12:25:00,2016-08-29 00:00:00,51,8,12.4166666666667,-0.126168627148615,0.881466195119332,2.464,-0.166859914129833,49.64,1.728,962,229.8,260.702,0.881466195119332
2016-08-29 12:32:00,2016-08-29 00:00:00,51,8,12.5333333333333,-0.120376191520842,0.886586847519851,2.329,-0.145561910284614,48.29,1.748,981,235.7,265.851,0.886586847519851
2016-08-29 12:37:00,2016-08-29 00:00:00,51,8,12.6166666666667,-0.128632073669557,0.879297422711836,2.325,1.05245080600894,48.25,2.873,1029,245.2,278.859,0.879297422711836
2016-08-29 12:42:00,2016-08-29 00:00:00,51,8,12.7,-0.128707600659163,0.879231014532368,2.575,0.711682744485442,50.75,2.553,972,231.6,263.412,0.879231014532368
2016-08-29 13:03:00,2016-08-29 00:00:00,51,8,13.05,-0.118800726477661,0.887984734978134,2.696,-0.31062144008506,51.96,1.593,994,239.2,269.374,0.887984734978134
2016-08-29 13:08:00,2016-08-29 00:00:00,51,8,13.1333333333333,-0.137179615190681,0.871813621098417,3.294,-1.40746863811383,57.94,0.563,979,231.3,265.309,0.871813621098417
2016-08-29 13:13:00,2016-08-29 00:00:00,51,8,13.2166666666667,-0.146876442579636,0.863400650383167,3.547,-0.625831896994298,60.47,1.297,977,228.6,264.767,0.863400650383167
2016-08-29 13:19:00,2016-08-29 00:00:00,51,8,13.3166666666667,-0.127598325838274,0.880206864501368,2.938,-0.465031967962896,54.38,1.448,929,221.6,251.759,0.880206864501368
2016-08-29 13:24:00,2016-08-29 00:00:00,51,8,13.4,-0.119861337702299,0.887043427669698,2.686,0.303825970849502,51.86,2.17,926,222.6,250.946,0.887043427669698
2016-08-29 13:29:00,2016-08-29 00:00:00,51,8,13.4833333333333,-0.111388444108495,0.894591182753933,2.447,-0.23075392566549,49.47,1.668,912,221.1,247.152,0.894591182753933
2016-08-29 13:34:00,2016-08-29 00:00:00,51,8,13.5666666666667,-0.107641366426863,0.897949573555141,2.46,-0.210520822012532,49.6,1.687,909,221.2,246.339,0.897949573555141
2016-08-29 13:39:00,2016-08-29 00:00:00,51,8,13.65,-0.106260019990667,0.899190810089919,2.394,0.881001875054932,48.94,2.712,902,219.8,244.442,0.899190810089919
2016-08-29 13:44:00,2016-08-29 00:00:00,51,8,13.7333333333333,-0.113565988561217,0.892645290089264,2.766,-0.950626455633885,52.66,0.992,902,218.2,244.442,0.892645290089264
2016-08-29 13:49:00,2016-08-29 00:00:00,51,8,13.8166666666667,-0.113941121082463,0.892310492611653,2.46,-0.0529155935579126,49.6,1.835,892,215.7,241.732,0.892310492611653
2016-08-29 13:54:00,2016-08-29 00:00:00,51,8,13.9,-0.0990497612106162,0.905697638291262,2.243,0.140896241433578,47.43,2.017,867,212.8,234.957,0.905697638291262
2016-08-29 13:59:00,2016-08-29 00:00:00,51,8,13.9833333333333,-0.0954588416295537,0.908955772022175,2.489,-1.20087800081521,49.89,0.757,844,207.9,228.724,0.908955772022175
2016-08-29 14:04:00,2016-08-29 00:00:00,51,8,14.0666666666667,-0.0997714473974602,0.905044244617203,2.972,-0.681206706991867,54.72,1.245,824,202.1,223.304,0.905044244617203
2016-08-29 14:09:00,2016-08-29 00:00:00,51,8,14.15,-0.0943823854430202,0.90993474990512,2.982,-1.07521977812841,54.82,0.875,807,199,218.697,0.90993474990512
2016-08-29 14:14:00,2016-08-29 00:00:00,51,8,14.2333333333333,-0.102121167668161,0.902920140312514,3.274,-0.59388489122647,57.74,1.327,810,198.2,219.51,0.902920140312514
2016-08-29 14:19:00,2016-08-29 00:00:00,51,8,14.3166666666667,-0.0701182822415694,0.932283540797063,3.569,-1.57039836752975,60.69,0.41,792.8,200.3,214.8488,0.932283540797063
2016-08-29 14:24:00,2016-08-29 00:00:00,51,8,14.4,-0.0700575325871032,0.932340178420372,2.952,0.678670838525353,54.52,2.522,807,203.9,218.697,0.932340178420372
2016-08-29 14:29:00,2016-08-29 00:00:00,51,8,14.4833333333333,-0.0816268953413358,0.921615753687803,2.627,0.261229963159065,51.27,2.13,826,206.3,223.846,0.921615753687803
2016-08-29 14:34:00,2016-08-29 00:00:00,51,8,14.5666666666667,-0.0931290268703068,0.911075939434972,2.216,0.49337820507195,47.16,2.348,823,203.2,223.033,0.911075939434972
2016-08-29 14:39:00,2016-08-29 00:00:00,51,8,14.65,-0.0764909672577211,0.926361281833747,2.493,0.202660452584713,49.93,2.075,790.3,198.4,214.1713,0.926361281833747
2016-08-29 14:47:00,2016-08-29 00:00:00,51,8,14.7833333333333,-0.0518129444613644,0.949506460674856,2.378,-0.399008156042718,48.78,1.51,741.5,190.8,200.9465,0.949506460674856
2016-08-29 14:54:00,2016-08-29 00:00:00,51,8,14.9,-0.0568858489642316,0.944701901912404,2.321,-1.08799858043555,48.21,0.863,731.6,187.3,198.2636,0.944701901912404
2016-08-30 10:00:00,2016-08-30 00:00:00,52,8,10,-0.0685853217831852,0.933713790579201,2.516,-1.14124359004859,50.16,0.813,790.4,200,214.1984,0.933713790579201
2016-08-30 10:05:00,2016-08-30 00:00:00,52,8,10.0833333333333,-0.0740473394993747,0.928627732028791,2.799,-1.39149513522991,52.99,0.578,799.1,201.1,216.5561,0.928627732028791
2016-08-30 10:10:00,2016-08-30 00:00:00,52,8,10.1666666666667,-0.0769564799142682,0.925930149289132,2.713,-1.15828199312477,52.13,0.797,809,203,219.239,0.925930149289132
2016-08-30 10:15:00,2016-08-30 00:00:00,52,8,10.25,-0.0770281349668757,0.925863804092586,2.613,-0.892056945059533,51.13,1.047,825,207,223.575,0.925863804092586
2016-08-30 10:20:00,2016-08-30 00:00:00,52,8,10.3333333333333,-0.0821012518367059,0.921178682940676,2.963,-1.27755081465799,54.63,0.685,832,207.7,225.472,0.921178682940676
2016-08-30 10:25:00,2016-08-30 00:00:00,52,8,10.4166666666667,-0.0863885777264393,0.91723774380601,3.088,-0.561937885458642,55.88,1.357,840,208.8,227.64,0.91723774380601
2016-08-30 10:30:00,2016-08-30 00:00:00,52,8,10.5,-0.0510635382659043,0.950218293391725,3.208,-0.844136436407791,57.08,1.092,819,210.9,221.949,0.950218293391725
2016-08-30 10:35:00,2016-08-30 00:00:00,52,8,10.5833333333333,-0.0542937112757071,0.947153875870889,2.82,-1.0539217742832,53.2,0.895,831,213.3,225.201,0.947153875870889
2016-08-30 10:40:00,2016-08-30 00:00:00,52,8,10.6666666666667,-0.060370393642021,0.941415774581774,2.729,-0.0422665916353032,52.29,1.845,849,216.6,230.079,0.941415774581774
2016-08-30 10:45:00,2016-08-30 00:00:00,52,8,10.75,-0.0719000687510453,0.930623889572229,2.764,-0.379839952582021,52.64,1.528,864,217.9,234.144,0.930623889572229
2016-08-30 10:50:00,2016-08-30 00:00:00,52,8,10.8333333333333,-0.0726532862348406,0.929923191309984,2.745,-0.840941735831008,52.45,1.095,871,219.5,236.041,0.929923191309984
2016-08-30 10:55:00,2016-08-30 00:00:00,52,8,10.9166666666667,-0.0774811361071253,0.925444481717544,2.746,-0.358541948736802,52.46,1.548,880,220.7,238.48,0.925444481717544
2016-08-30 11:00:00,2016-08-30 00:00:00,52,8,11,-0.0883276902208091,0.915460840001659,2.632,-0.931458252173188,51.32,1.01,890,220.8,241.19,0.915460840001659
2016-08-30 11:05:00,2016-08-30 00:00:00,52,8,11.0833333333333,-0.0968234997736919,0.907716204110816,2.738,-0.851590737753618,52.38,1.085,898,220.9,243.358,0.907716204110816
2016-08-30 11:10:00,2016-08-30 00:00:00,52,8,11.1666666666667,-0.0968234997736919,0.907716204110816,2.984,-1.12846478774146,54.84,0.825,898,220.9,243.358,0.907716204110816
2016-08-30 11:15:00,2016-08-30 00:00:00,52,8,11.25,-0.0925454490832312,0.911607778285141,3.108,-0.950626455633885,56.08,0.992,897,221.6,243.087,0.911607778285141
2016-08-30 11:20:00,2016-08-30 00:00:00,52,8,11.3333333333333,-0.0855262463348673,0.918029047840147,2.862,-0.145561910284614,53.62,1.748,906,225.4,245.526,0.918029047840147
2016-08-30 11:25:00,2016-08-30 00:00:00,52,8,11.4166666666667,-0.0914260545335934,0.912628798419132,2.857,-0.715283513144217,53.57,1.213,915,226.3,247.965,0.912628798419132
2016-08-30 11:30:00,2016-08-30 00:00:00,52,8,11.5,-0.0859817842702044,0.917610946020965,3.133,-0.539574981421162,56.33,1.378,904,224.8,244.984,0.917610946020965
2016-08-30 11:35:00,2016-08-30 00:00:00,52,8,11.5833333333333,-0.0996137273804106,0.905186999468248,3.023,-1.05605157466772,55.23,0.893,916,224.7,248.236,0.905186999468248
2016-08-30 11:40:00,2016-08-30 00:00:00,52,8,11.6666666666667,-0.0938449072994082,0.910423951401086,3.128,-1.06776547678259,56.28,0.882,916,226,248.236,0.910423951401086
2016-08-30 11:45:00,2016-08-30 00:00:00,52,8,11.75,-0.0965675771578133,0.907948538944849,2.968,-0.246727428549404,54.68,1.653,925,227.6,250.675,0.907948538944849
2016-08-30 11:50:00,2016-08-30 00:00:00,52,8,11.8333333333333,-0.0911018621785378,0.912924713662721,3.061,-1.25092830985147,55.61,0.71,924,228.6,250.404,0.912924713662721
2016-08-30 11:55:00,2016-08-30 00:00:00,52,8,11.9166666666667,-0.0944030741482402,0.909915924728045,3.17,-1.34889912753948,56.7,0.618,923,227.6,250.133,0.909915924728045
2016-08-30 12:00:00,2016-08-30 00:00:00,52,8,12,-0.0848195561600033,0.918678039239409,3.536,-0.670557705069258,60.36,1.255,915,227.8,247.965,0.918678039239409
2016-08-30 12:05:00,2016-08-30 00:00:00,52,8,12.0833333333333,-0.0928329288927336,0.911345747120838,3.72,-0.695050409491259,62.2,1.232,909,224.5,246.339,0.911345747120838
2016-08-30 12:10:00,2016-08-30 00:00:00,52,8,12.1666666666667,-0.0909390829368153,0.913073330950937,3.52,-0.319140641623148,60.2,1.585,919,227.4,249.049,0.913073330950937
2016-08-30 12:15:00,2016-08-30 00:00:00,52,8,12.25,-0.0902273540336051,0.913723422948515,3.677,-0.496978973730725,61.77,1.418,924,228.8,250.404,0.913723422948515
2016-08-30 12:20:00,2016-08-30 00:00:00,52,8,12.3333333333333,-0.0925970233889235,0.911560763959288,3.808,-0.886732444098228,63.08,1.052,910,224.8,246.61,0.911560763959288
2016-08-30 12:25:00,2016-08-30 00:00:00,52,8,12.4166666666667,-0.09372419454888,0.910533857813826,3.731,-0.929328451788666,62.31,1.012,909,224.3,246.339,0.910533857813826
2016-08-30 12:30:00,2016-08-30 00:00:00,52,8,12.5,-0.0817936214813818,0.921462109059229,3.003,-0.828162933523877,55.03,1.107,881,220,238.751,0.921462109059229
2016-08-30 12:35:00,2016-08-30 00:00:00,52,8,12.5833333333333,-0.104106654330979,0.901129182965649,3.216,-0.993222463324323,57.16,0.952,932,227.6,252.572,0.901129182965649
2016-08-30 12:40:00,2016-08-30 00:00:00,52,8,12.6666666666667,-0.116087664675139,0.890397163497897,3.456,-1.46390834830366,59.56,0.51,971,234.3,263.141,0.890397163497897
2016-08-30 12:52:00,2016-08-30 00:00:00,52,8,12.8666666666667,-0.104815679234433,0.900490486386345,3.618,-0.0177738872133014,61.18,1.868,972,237.2,263.412,0.900490486386345
2016-08-30 12:57:00,2016-08-30 00:00:00,52,8,12.95,-0.116325879501924,0.890185082953192,4.058,-0.755749720450133,65.58,1.175,1016,245.1,275.336,0.890185082953192
2016-08-30 13:12:00,2016-08-30 00:00:00,52,8,13.2,-0.251966434782507,0.777270826895461,2.691,-0.881407943136924,51.91,1.057,1015,213.8,275.065,0.777270826895461
2016-08-30 13:17:00,2016-08-30 00:00:00,52,8,13.2833333333333,-0.0915443204840616,0.912520871889005,2.892,0.22182865604541,53.92,2.093,979,242.1,265.309,0.912520871889005
2016-08-30 13:22:00,2016-08-30 00:00:00,52,8,13.3666666666667,-0.104916725410879,0.900399499862767,2.918,-0.385164453543326,54.18,1.523,968,236.2,262.328,0.900399499862767
2016-08-30 13:27:00,2016-08-30 00:00:00,52,8,13.45,-0.106708580217397,0.898787559304164,3.278,-0.383034653158804,57.78,1.525,980,238.7,265.58,0.898787559304164
2016-08-30 13:32:00,2016-08-30 00:00:00,52,8,13.5333333333333,-0.1150394492167,0.891330980904243,3.574,-0.798345728140571,60.74,1.135,1006,243,272.626,0.891330980904243
2016-08-30 13:37:00,2016-08-30 00:00:00,52,8,13.6166666666667,-0.119967419306352,0.886949333670935,3.911,-0.439474363348634,64.11,1.472,991,238.2,268.561,0.886949333670935
2016-08-30 13:42:00,2016-08-30 00:00:00,52,8,13.7,-0.113727583115063,0.892501055125976,3.98,-1.01984496813085,64.8,0.927,953,230.5,258.263,0.892501055125976
2016-08-30 13:47:00,2016-08-30 00:00:00,52,8,13.7833333333333,-0.0996813906669566,0.905125753612997,3.581,0.242061759698368,60.81,2.112,934,229.1,253.114,0.905125753612997
2016-08-30 13:52:00,2016-08-30 00:00:00,52,8,13.8666666666667,-0.139866523788149,0.869474281787352,3.501,-1.19448859966164,60.01,0.763,988,232.8,267.748,0.869474281787352
2016-08-30 14:14:00,2016-08-30 00:00:00,52,8,14.2333333333333,-0.0334823645796713,0.967071965801625,2.376,-0.659908703146649,48.76,1.265,915,239.8,247.965,0.967071965801625
2016-08-30 14:19:00,2016-08-30 00:00:00,52,8,14.3166666666667,-0.0599585870043043,0.941803535682416,2.828,-1.02516946909215,53.28,0.922,918,234.3,248.778,0.941803535682416
2016-08-30 14:24:00,2016-08-30 00:00:00,52,8,14.4,-0.0819745589022013,0.921295397164498,3.215,-1.13911378966407,57.15,0.815,912,227.7,247.152,0.921295397164498
2016-08-31 10:00:00,2016-08-31 00:00:00,53,8,10,-0.101547659486012,0.903438120919671,2.074,0.258035262582282,45.74,2.127,832,203.7,225.472,0.903438120919671
2016-08-31 10:43:00,2016-08-31 00:00:00,53,8,10.7166666666667,-0.0497943283618498,0.951425085534981,2.094,0.0429254237455721,45.94,1.925,791.2,204,214.4152,0.951425085534981
2016-08-31 10:48:00,2016-08-31 00:00:00,53,8,10.8,-0.0746435429957657,0.928074245939675,2.531,0.0503797250913986,50.31,1.932,862,216.8,233.602,0.928074245939675
2016-08-31 10:53:00,2016-08-31 00:00:00,53,8,10.8833333333333,-0.106483024786194,0.898990308584404,2.586,-0.452253165655765,50.86,1.46,910,221.7,246.61,0.898990308584404
2016-08-31 10:58:00,2016-08-31 00:00:00,53,8,10.9666666666667,-0.125427383999005,0.882119818114933,2.711,0.0727426291288784,52.11,1.953,973,232.6,263.683,0.882119818114933
2016-08-31 11:16:00,2016-08-31 00:00:00,53,8,11.2666666666667,-0.222093071079676,0.800840825745719,1.947,-0.0869923997102627,44.47,1.803,969,210.3,262.599,0.800840825745719
2016-08-31 11:21:00,2016-08-31 00:00:00,53,8,11.35,-0.0801928948714329,0.922938299150433,2.346,-0.0816678987489579,48.46,1.808,860,215.1,233.06,0.922938299150433
2016-08-31 11:26:00,2016-08-31 00:00:00,53,8,11.4333333333333,-0.109896585744981,0.895926782106668,2.69,-0.329789643545757,51.9,1.575,937,227.5,253.927,0.895926782106668
2016-08-31 11:31:00,2016-08-31 00:00:00,53,8,11.5166666666667,-0.116011238967335,0.890465215331765,2.764,0.450782197381512,52.64,2.308,927,223.7,251.217,0.890465215331765
2016-08-31 11:36:00,2016-08-31 00:00:00,53,8,11.6,-0.119939553827179,0.886974049283474,2.917,-0.18602811759053,54.17,1.71,919,220.9,249.049,0.886974049283474
2016-08-31 11:41:00,2016-08-31 00:00:00,53,8,11.6833333333333,-0.116117954396324,0.890370194024521,2.854,-0.0827327989412189,53.54,1.807,930,224.4,252.03,0.890370194024521
2016-08-31 11:46:00,2016-08-31 00:00:00,53,8,11.7666666666667,-0.097859265376001,0.906776509625561,3.078,-0.0710188968263485,55.78,1.818,903,221.9,244.713,0.906776509625561
2016-08-31 11:57:00,2016-08-31 00:00:00,53,8,11.95,-0.133481085147399,0.875044020149745,2.615,-0.0475910925966078,51.15,1.84,964,228.6,261.244,0.875044020149745
2016-08-31 12:04:00,2016-08-31 00:00:00,53,8,12.0666666666667,-0.113727583115063,0.892501055125976,3.137,-0.166859914129833,56.37,1.728,953,230.5,258.263,0.892501055125976
2016-08-31 12:11:00,2016-08-31 00:00:00,53,8,12.1833333333333,-0.118607457907645,0.88815637110346,3.029,0.353876279885767,55.29,2.217,956,230.1,259.076,0.88815637110346
2016-08-31 12:18:00,2016-08-31 00:00:00,53,8,12.3,-0.121394167330619,0.885684782773754,3.096,0.176037947778189,55.96,2.05,972,233.3,263.412,0.885684782773754
2016-08-31 12:23:00,2016-08-31 00:00:00,53,8,12.3833333333333,-0.13276963968231,0.875666787755961,3.107,0.242061759698368,56.07,2.112,965,229,261.515,0.875666787755961
2016-08-31 12:47:00,2016-08-31 00:00:00,53,8,12.7833333333333,-0.0697641095869013,0.932613788612531,2.443,0.604127825067087,49.43,2.452,986,249.2,267.206,0.932613788612531
2016-08-31 12:53:00,2016-08-31 00:00:00,53,8,12.8833333333333,-0.0983727754311361,0.906310990304764,3.144,-0.10616060317096,56.44,1.785,934,229.4,253.114,0.906310990304764
2016-08-31 12:58:00,2016-08-31 00:00:00,53,8,12.9666666666667,-0.120957567935863,0.886071556640331,3.177,-0.295712837393407,56.77,1.607,957,229.8,259.347,0.886071556640331
2016-08-31 13:06:00,2016-08-31 00:00:00,53,8,13.1,-0.0808907589970839,0.922294438311089,3.184,-0.228624125280968,56.84,1.67,859,214.7,232.789,0.922294438311089
2016-08-31 13:12:00,2016-08-31 00:00:00,53,8,13.2,-0.117434039018166,0.889199162261893,3.34,-0.364931349890368,58.4,1.542,925,222.9,250.675,0.889199162261893
2016-08-31 13:17:00,2016-08-31 00:00:00,53,8,13.2833333333333,-0.125836395135584,0.881759095060429,3.371,-0.878213242560141,58.71,1.06,901,215.3,244.171,0.881759095060429
2016-08-31 13:22:00,2016-08-31 00:00:00,53,8,13.3666666666667,-0.115890987483883,0.890572301533379,3.033,0.0557042260527034,55.33,1.937,907,218.9,245.797,0.890572301533379
2016-08-31 13:27:00,2016-08-31 00:00:00,53,8,13.45,-0.118365323273564,0.888371450559425,3.324,1.2334838386933,58.24,3.043,935,225.1,253.385,0.888371450559425
2016-08-31 13:34:00,2016-08-31 00:00:00,53,8,13.5666666666667,-0.0921717450797937,0.911948513424528,3.52,0.268684264504891,60.2,2.137,891,220.2,241.461,0.911948513424528
2016-08-31 13:43:00,2016-08-31 00:00:00,53,8,13.7166666666667,-0.108249908766828,0.897403299452798,2.727,0.271878965081674,52.27,2.14,690.8,168,187.2068,0.897403299452798
2016-08-31 13:49:00,2016-08-31 00:00:00,53,8,13.8166666666667,-0.0704407004707996,0.931983004040567,2.886,-0.108290403555482,53.86,1.783,623.2,157.4,168.8872,0.931983004040567
2016-08-31 14:06:00,2016-08-31 00:00:00,53,8,14.1,-0.114002007681751,0.892256164514192,2.794,-0.821773532370311,52.94,1.113,661.7,160,179.3207,0.892256164514192
2016-08-31 14:16:00,2016-08-31 00:00:00,53,8,14.2666666666667,-0.0641895450891778,0.937827222138392,2.595,-0.236078426626794,50.95,1.663,807,205.1,218.697,0.937827222138392
2016-08-31 14:26:00,2016-08-31 00:00:00,53,8,14.4333333333333,-0.106202648481443,0.899242399503641,2.593,0.862898571786496,50.93,2.695,904,220.3,244.984,0.899242399503641
